"points","Image","X","Y"
1,"206_fs1-00001.jpg",492,169.5
2,"206_fs1-00001.jpg",491.478092056002,169.529141089975
3,"206_fs1-00001.jpg",490.956254089083,169.555745297464
4,"206_fs1-00001.jpg",490.434485553703,169.579848008801
5,"206_fs1-00001.jpg",489.912785904325,169.601484610324
6,"206_fs1-00001.jpg",489.39115459541,169.620690488368
7,"206_fs1-00001.jpg",488.86959108142,169.637501029272
8,"206_fs1-00001.jpg",488.348094816817,169.65195161937
9,"206_fs1-00001.jpg",487.826665256061,169.664077645
10,"206_fs1-00001.jpg",487.305301853614,169.673914492498
11,"206_fs1-00001.jpg",486.784004063939,169.6814975482
12,"206_fs1-00001.jpg",486.262771341496,169.686862198444
13,"206_fs1-00001.jpg",485.741603140747,169.690043829565
14,"206_fs1-00001.jpg",485.220498916154,169.6910778279
15,"206_fs1-00001.jpg",484.699458122178,169.689999579785
16,"206_fs1-00001.jpg",484.178480213281,169.686844471557
17,"206_fs1-00001.jpg",483.657564643925,169.681647889553
18,"206_fs1-00001.jpg",483.13671086857,169.674445220109
19,"206_fs1-00001.jpg",482.61591834168,169.665271849562
20,"206_fs1-00001.jpg",482.095186517714,169.654163164247
21,"206_fs1-00001.jpg",481.574514851135,169.641154550502
22,"206_fs1-00001.jpg",481.053902796404,169.626281394663
23,"206_fs1-00001.jpg",480.533349807984,169.609579083066
24,"206_fs1-00001.jpg",480.012855340335,169.591083002048
25,"206_fs1-00001.jpg",479.492418847919,169.570828537946
26,"206_fs1-00001.jpg",478.972039785197,169.548851077095
27,"206_fs1-00001.jpg",478.451717606632,169.525186005834
28,"206_fs1-00001.jpg",477.93145176471,169.499868710497
29,"206_fs1-00001.jpg",477.411167017012,169.472934577421
30,"206_fs1-00001.jpg",476.890806624794,169.444418992943
31,"206_fs1-00001.jpg",476.37039544977,169.4143573434
32,"206_fs1-00001.jpg",475.849958353651,169.382785015128
33,"206_fs1-00001.jpg",475.32952019815,169.349737394463
34,"206_fs1-00001.jpg",474.809105844979,169.315249867742
35,"206_fs1-00001.jpg",474.288740155852,169.279357821301
36,"206_fs1-00001.jpg",473.76844799248,169.242096641478
37,"206_fs1-00001.jpg",473.248254216577,169.203501714607
38,"206_fs1-00001.jpg",472.728183689853,169.163608427027
39,"206_fs1-00001.jpg",472.208261274023,169.122452165073
40,"206_fs1-00001.jpg",471.688511830799,169.080068315082
41,"206_fs1-00001.jpg",471.168960221892,169.03649226339
42,"206_fs1-00001.jpg",470.649631309016,168.991759396334
43,"206_fs1-00001.jpg",470.130549953883,168.945905100251
44,"206_fs1-00001.jpg",469.611741018205,168.898964761476
45,"206_fs1-00001.jpg",469.093229363696,168.850973766347
46,"206_fs1-00001.jpg",468.575039852067,168.801967501199
47,"206_fs1-00001.jpg",468.057197345031,168.75198135237
48,"206_fs1-00001.jpg",467.5397267043,168.701050706196
49,"206_fs1-00001.jpg",467.022638443113,168.649210625369
50,"206_fs1-00001.jpg",466.505385492905,168.59640222737
51,"206_fs1-00001.jpg",465.987758460924,168.542342959607
52,"206_fs1-00001.jpg",465.469868096228,168.486717698165
53,"206_fs1-00001.jpg",464.951825147879,168.42921131913
54,"206_fs1-00001.jpg",464.433740364937,168.369508698587
55,"206_fs1-00001.jpg",463.915724496462,168.307294712621
56,"206_fs1-00001.jpg",463.397888291513,168.242254237316
57,"206_fs1-00001.jpg",462.880342499152,168.174072148758
58,"206_fs1-00001.jpg",462.363197868439,168.102433323032
59,"206_fs1-00001.jpg",461.846565148434,168.027022636224
60,"206_fs1-00001.jpg",461.330555088196,167.947524964417
61,"206_fs1-00001.jpg",460.815278436787,167.863625183698
62,"206_fs1-00001.jpg",460.300845943267,167.77500817015
63,"206_fs1-00001.jpg",459.787368356695,167.681358799861
64,"206_fs1-00001.jpg",459.274956426132,167.582361948913
65,"206_fs1-00001.jpg",458.763720900638,167.477702493393
66,"206_fs1-00001.jpg",458.253772529273,167.367065309385
67,"206_fs1-00001.jpg",457.745222061099,167.250135272975
68,"206_fs1-00001.jpg",457.238180245173,167.126597260248
69,"206_fs1-00001.jpg",456.732757830558,166.996136147288
70,"206_fs1-00001.jpg",456.229298255581,166.858539725296
71,"206_fs1-00001.jpg",455.728120853207,166.71425431938
72,"206_fs1-00001.jpg",455.228989840417,166.563985721097
73,"206_fs1-00001.jpg",454.731660252223,166.408440349646
74,"206_fs1-00001.jpg",454.235887123638,166.248324624226
75,"206_fs1-00001.jpg",453.741425489674,166.084344964033
76,"206_fs1-00001.jpg",453.248030385342,165.917207788267
77,"206_fs1-00001.jpg",452.755456845656,165.747619516126
78,"206_fs1-00001.jpg",452.263459905628,165.576286566807
79,"206_fs1-00001.jpg",451.771794600269,165.403915359511
80,"206_fs1-00001.jpg",451.280215964593,165.231212313433
81,"206_fs1-00001.jpg",450.788479033612,165.058883847774
82,"206_fs1-00001.jpg",450.296338842337,164.88763638173
83,"206_fs1-00001.jpg",449.803550425781,164.718176334501
84,"206_fs1-00001.jpg",449.309868818957,164.551210125285
85,"206_fs1-00001.jpg",448.815049056876,164.387444173279
86,"206_fs1-00001.jpg",448.318846174552,164.227584897682
87,"206_fs1-00001.jpg",447.821021377889,164.072338373245
88,"206_fs1-00001.jpg",447.321955692166,163.922102408834
89,"206_fs1-00001.jpg",446.822057683712,163.776399573156
90,"206_fs1-00001.jpg",446.321418487949,163.634598156335
91,"206_fs1-00001.jpg",445.820129240296,163.496066448493
92,"206_fs1-00001.jpg",445.318281076175,163.360172739752
93,"206_fs1-00001.jpg",444.815965131004,163.226285320236
94,"206_fs1-00001.jpg",444.313272540204,163.093772480067
95,"206_fs1-00001.jpg",443.810294439197,162.962002509367
96,"206_fs1-00001.jpg",443.307121963401,162.83034369826
97,"206_fs1-00001.jpg",442.803846248237,162.698164336867
98,"206_fs1-00001.jpg",442.300558429126,162.564832715313
99,"206_fs1-00001.jpg",441.797349641487,162.429717123718
100,"206_fs1-00001.jpg",441.294311020741,162.292185852207
101,"206_fs1-00001.jpg",440.791533702308,162.151607190901
102,"206_fs1-00001.jpg",440.289108821609,162.007349429923
103,"206_fs1-00001.jpg",439.787127514063,161.858780859396
104,"206_fs1-00001.jpg",439.285680915091,161.705269769442
105,"206_fs1-00001.jpg",438.785268149898,161.546473826839
106,"206_fs1-00001.jpg",438.286317218185,161.383744202119
107,"206_fs1-00001.jpg",437.788392488229,161.219046284077
108,"206_fs1-00001.jpg",437.291048481981,161.054346321465
109,"206_fs1-00001.jpg",436.793839721392,160.89161056304
110,"206_fs1-00001.jpg",436.296320728413,160.732805257555
111,"206_fs1-00001.jpg",435.798046024995,160.579896653766
112,"206_fs1-00001.jpg",435.29857013309,160.434851000426
113,"206_fs1-00001.jpg",434.797447574648,160.29963454629
114,"206_fs1-00001.jpg",434.294232871621,160.176213540112
115,"206_fs1-00001.jpg",433.788480545959,160.066554230648
116,"206_fs1-00001.jpg",433.279781823399,159.972597885558
117,"206_fs1-00001.jpg",432.76836769027,159.894835923093
118,"206_fs1-00001.jpg",432.254590189231,159.83154023508
119,"206_fs1-00001.jpg",431.738712297178,159.780794992121
120,"206_fs1-00001.jpg",431.220996991008,159.740684364819
121,"206_fs1-00001.jpg",430.701707247615,159.709292523778
122,"206_fs1-00001.jpg",430.181106043895,159.684703639599
123,"206_fs1-00001.jpg",429.659456356744,159.665001882886
124,"206_fs1-00001.jpg",429.137021163057,159.648271424243
125,"206_fs1-00001.jpg",428.61406343973,159.63259643427
126,"206_fs1-00001.jpg",428.090846163658,159.616061083573
127,"206_fs1-00001.jpg",427.567632311738,159.596749542753
128,"206_fs1-00001.jpg",427.044684860865,159.572745982413
129,"206_fs1-00001.jpg",426.522266787933,159.542134573157
130,"206_fs1-00001.jpg",426.00064106984,159.502999485587
131,"206_fs1-00001.jpg",425.48007068348,159.453424890305
132,"206_fs1-00001.jpg",424.960797821886,159.391498296306
133,"206_fs1-00001.jpg",424.44184536748,159.316908392251
134,"206_fs1-00001.jpg",423.922677327474,159.233507654044
135,"206_fs1-00001.jpg",423.403456685249,159.145816704193
136,"206_fs1-00001.jpg",422.88434642419,159.058356165206
137,"206_fs1-00001.jpg",422.365509527678,158.97564665959
138,"206_fs1-00001.jpg",421.847108979095,158.902208809854
139,"206_fs1-00001.jpg",421.329307761826,158.842563238505
140,"206_fs1-00001.jpg",420.812268859251,158.801230568051
141,"206_fs1-00001.jpg",420.296155254754,158.782731421
142,"206_fs1-00001.jpg",419.781129931718,158.791586419861
143,"206_fs1-00001.jpg",419.267563969111,158.83172687129
144,"206_fs1-00001.jpg",418.755907560653,158.900987882303
145,"206_fs1-00001.jpg",418.245713383782,158.993602510958
146,"206_fs1-00001.jpg",417.736485765198,159.103757041184
147,"206_fs1-00001.jpg",417.227729031606,159.225637756909
148,"206_fs1-00001.jpg",416.718947509708,159.353430942059
149,"206_fs1-00001.jpg",416.209645526206,159.481322880562
150,"206_fs1-00001.jpg",415.699327407803,159.603499856346
151,"206_fs1-00001.jpg",415.187497481202,159.714148153337
152,"206_fs1-00001.jpg",414.673472047334,159.807669016491
153,"206_fs1-00001.jpg",414.156193061134,159.883102989256
154,"206_fs1-00001.jpg",413.636269148438,159.943966641525
155,"206_fs1-00001.jpg",413.114529609283,159.99395883667
156,"206_fs1-00001.jpg",412.591803743708,160.036778438063
157,"206_fs1-00001.jpg",412.068920851752,160.076124309074
158,"206_fs1-00001.jpg",411.546710233452,160.115695313075
159,"206_fs1-00001.jpg",411.026001188848,160.159190313439
160,"206_fs1-00001.jpg",410.507623017979,160.210308173536
161,"206_fs1-00001.jpg",409.992405020881,160.272747756739
162,"206_fs1-00001.jpg",409.481176497595,160.350207926419
163,"206_fs1-00001.jpg",408.974766748158,160.446387545947
164,"206_fs1-00001.jpg",408.473762562461,160.564664937971
165,"206_fs1-00001.jpg",407.977483872052,160.704676858725
166,"206_fs1-00001.jpg",407.485174431918,160.86363887498
167,"206_fs1-00001.jpg",406.996110283218,161.038725872213
168,"206_fs1-00001.jpg",406.509567467111,161.2271127359
169,"206_fs1-00001.jpg",406.024822024758,161.425974351516
170,"206_fs1-00001.jpg",405.541149997319,161.632485604538
171,"206_fs1-00001.jpg",405.057827425953,161.843821380443
172,"206_fs1-00001.jpg",404.574135667015,162.057156619204
173,"206_fs1-00001.jpg",404.091603123784,162.270141097132
174,"206_fs1-00001.jpg",403.611419595588,162.482054813786
175,"206_fs1-00001.jpg",403.132953857245,162.692527348262
176,"206_fs1-00001.jpg",402.655574683576,162.901188279659
177,"206_fs1-00001.jpg",402.178650849402,163.107667187074
178,"206_fs1-00001.jpg",401.701551129543,163.311593649604
179,"206_fs1-00001.jpg",401.22364429882,163.512597246348
180,"206_fs1-00001.jpg",400.744299132053,163.710307556404
181,"206_fs1-00001.jpg",400.262884404062,163.904354158869
182,"206_fs1-00001.jpg",399.778769188276,164.0943666343
183,"206_fs1-00001.jpg",399.292068060062,164.280101339525
184,"206_fs1-00001.jpg",398.803459911069,164.461787802447
185,"206_fs1-00001.jpg",398.313236449145,164.639765920824
186,"206_fs1-00001.jpg",397.821689382143,164.814375592412
187,"206_fs1-00001.jpg",397.329110417913,164.98595671497
188,"206_fs1-00001.jpg",396.835791264305,165.154849186257
189,"206_fs1-00001.jpg",396.34202362917,165.321392904029
190,"206_fs1-00001.jpg",395.84809922036,165.485927766045
191,"206_fs1-00001.jpg",395.354309745724,165.648793670062
192,"206_fs1-00001.jpg",394.860479808318,165.810330513839
193,"206_fs1-00001.jpg",394.366196157369,165.970878195133
194,"206_fs1-00001.jpg",393.871459536301,166.130776611702
195,"206_fs1-00001.jpg",393.376270973864,166.290365661304
196,"206_fs1-00001.jpg",392.880631498808,166.449985241697
197,"206_fs1-00001.jpg",392.384542139887,166.609975250639
198,"206_fs1-00001.jpg",391.888003925849,166.770675585887
199,"206_fs1-00001.jpg",391.391017885447,166.9324261452
200,"206_fs1-00001.jpg",390.893585047431,167.095566826336
1,"206_fs1-00002.jpg",493.25,168.25
2,"206_fs1-00002.jpg",492.72394957339,168.261224114148
3,"206_fs1-00002.jpg",492.197916194748,168.26779413432
4,"206_fs1-00002.jpg",491.671899697919,168.269934194296
5,"206_fs1-00002.jpg",491.14589991675,168.267868427855
6,"206_fs1-00002.jpg",490.619916685085,168.261820968777
7,"206_fs1-00002.jpg",490.093949836769,168.252015950841
8,"206_fs1-00002.jpg",489.567999205648,168.238677507826
9,"206_fs1-00002.jpg",489.042064625567,168.222029773513
10,"206_fs1-00002.jpg",488.516145930372,168.202296881681
11,"206_fs1-00002.jpg",487.990242953908,168.179702966109
12,"206_fs1-00002.jpg",487.46435553002,168.154472160577
13,"206_fs1-00002.jpg",486.938483492554,168.126828598864
14,"206_fs1-00002.jpg",486.412626675354,168.096996414751
15,"206_fs1-00002.jpg",485.886784912267,168.065199742015
16,"206_fs1-00002.jpg",485.360958037138,168.031662714438
17,"206_fs1-00002.jpg",484.835145883811,167.996609465798
18,"206_fs1-00002.jpg",484.309348286133,167.960264129875
19,"206_fs1-00002.jpg",483.783565077949,167.922850840449
20,"206_fs1-00002.jpg",483.257796093103,167.884593731299
21,"206_fs1-00002.jpg",482.732041165442,167.845716936204
22,"206_fs1-00002.jpg",482.20630012881,167.806444588945
23,"206_fs1-00002.jpg",481.680572908049,167.7670008233
24,"206_fs1-00002.jpg",481.154892370873,167.727609773049
25,"206_fs1-00002.jpg",480.629277931138,167.688495571972
26,"206_fs1-00002.jpg",480.10371901468,167.649882353849
27,"206_fs1-00002.jpg",479.578205047337,167.611994252458
28,"206_fs1-00002.jpg",479.052725454943,167.575055401579
29,"206_fs1-00002.jpg",478.527269663335,167.539289934992
30,"206_fs1-00002.jpg",478.001827098348,167.504921986476
31,"206_fs1-00002.jpg",477.476387185819,167.472175689812
32,"206_fs1-00002.jpg",476.950939351584,167.441275178777
33,"206_fs1-00002.jpg",476.425473021479,167.412444587153
34,"206_fs1-00002.jpg",475.899977621339,167.385908048718
35,"206_fs1-00002.jpg",475.374442577001,167.361889697252
36,"206_fs1-00002.jpg",474.8488573143,167.340613666534
37,"206_fs1-00002.jpg",474.323211259073,167.322304090345
38,"206_fs1-00002.jpg",473.797493837156,167.307185102463
39,"206_fs1-00002.jpg",473.271694474385,167.295480836668
40,"206_fs1-00002.jpg",472.745799148471,167.287415159126
41,"206_fs1-00002.jpg",472.219552232561,167.283023903885
42,"206_fs1-00002.jpg",471.692853588203,167.281825625258
43,"206_fs1-00002.jpg",471.165778491816,167.283250697583
44,"206_fs1-00002.jpg",470.638402219816,167.2867294952
45,"206_fs1-00002.jpg",470.110800048618,167.291692392445
46,"206_fs1-00002.jpg",469.583047254642,167.297569763658
47,"206_fs1-00002.jpg",469.055219114302,167.303791983176
48,"206_fs1-00002.jpg",468.527390904016,167.309789425337
49,"206_fs1-00002.jpg",467.999637900201,167.314992464481
50,"206_fs1-00002.jpg",467.472035379273,167.318831474944
51,"206_fs1-00002.jpg",466.94465861765,167.320736831065
52,"206_fs1-00002.jpg",466.417582891747,167.320138907183
53,"206_fs1-00002.jpg",465.890883477982,167.316468077636
54,"206_fs1-00002.jpg",465.364635652772,167.309154716761
55,"206_fs1-00002.jpg",464.838914692534,167.297629198898
56,"206_fs1-00002.jpg",464.313795873683,167.281321898383
57,"206_fs1-00002.jpg",463.789354472638,167.259663189556
58,"206_fs1-00002.jpg",463.265665765814,167.232083446755
59,"206_fs1-00002.jpg",462.742805029629,167.198013044317
60,"206_fs1-00002.jpg",462.220825856445,167.156884632562
61,"206_fs1-00002.jpg",461.699326251757,167.108397133612
62,"206_fs1-00002.jpg",461.178152171632,167.052761773971
63,"206_fs1-00002.jpg",460.657333551614,166.990247971424
64,"206_fs1-00002.jpg",460.136900327244,166.921125143755
65,"206_fs1-00002.jpg",459.616882434066,166.845662708747
66,"206_fs1-00002.jpg",459.097309807621,166.764130084185
67,"206_fs1-00002.jpg",458.578212383454,166.676796687853
68,"206_fs1-00002.jpg",458.059620097105,166.583931937533
69,"206_fs1-00002.jpg",457.541562884119,166.485805251011
70,"206_fs1-00002.jpg",457.024070680038,166.382686046069
71,"206_fs1-00002.jpg",456.507173420404,166.274843740492
72,"206_fs1-00002.jpg",455.99090104076,166.162547752064
73,"206_fs1-00002.jpg",455.47528347665,166.046067498568
74,"206_fs1-00002.jpg",454.960350663614,165.925672397789
75,"206_fs1-00002.jpg",454.446132537197,165.80163186751
76,"206_fs1-00002.jpg",453.932659032941,165.674215325515
77,"206_fs1-00002.jpg",453.419960086389,165.543692189588
78,"206_fs1-00002.jpg",452.908065633082,165.410331877513
79,"206_fs1-00002.jpg",452.397067869778,165.274397625436
80,"206_fs1-00002.jpg",451.887157542761,165.136079612924
81,"206_fs1-00002.jpg",451.378285478402,164.995520312541
82,"206_fs1-00002.jpg",450.870384443201,164.852861375558
83,"206_fs1-00002.jpg",450.363387203654,164.708244453244
84,"206_fs1-00002.jpg",449.857226526259,164.561811196869
85,"206_fs1-00002.jpg",449.351835177516,164.413703257701
86,"206_fs1-00002.jpg",448.847145923921,164.264062287012
87,"206_fs1-00002.jpg",448.343091531972,164.113029936071
88,"206_fs1-00002.jpg",447.839604768167,163.960747856147
89,"206_fs1-00002.jpg",447.336618399005,163.807357698509
90,"206_fs1-00002.jpg",446.834065190984,163.653001114429
91,"206_fs1-00002.jpg",446.3318779106,163.497819755175
92,"206_fs1-00002.jpg",445.829989324352,163.341955272017
93,"206_fs1-00002.jpg",445.328332198739,163.185549316225
94,"206_fs1-00002.jpg",444.826839300257,163.028743539069
95,"206_fs1-00002.jpg",444.325443395405,162.871679591817
96,"206_fs1-00002.jpg",443.824077250681,162.71449912574
97,"206_fs1-00002.jpg",443.322673632583,162.557343792108
98,"206_fs1-00002.jpg",442.821165307608,162.40035524219
99,"206_fs1-00002.jpg",442.319485042255,162.243675127256
100,"206_fs1-00002.jpg",441.817565603021,162.087445098575
101,"206_fs1-00002.jpg",441.315339756405,161.931806807418
102,"206_fs1-00002.jpg",440.812740268904,161.776901905053
103,"206_fs1-00002.jpg",440.309699907017,161.622872042751
104,"206_fs1-00002.jpg",439.80615143724,161.469858871781
105,"206_fs1-00002.jpg",439.302027626073,161.318004043413
106,"206_fs1-00002.jpg",438.797261240013,161.167449208917
107,"206_fs1-00002.jpg",438.291785045557,161.018336019562
108,"206_fs1-00002.jpg",437.785531809205,160.870806126618
109,"206_fs1-00002.jpg",437.278434297453,160.725001181354
110,"206_fs1-00002.jpg",436.770582237249,160.581056729282
111,"206_fs1-00002.jpg",436.26244971278,160.439035940393
112,"206_fs1-00002.jpg",435.754056822546,160.298954619224
113,"206_fs1-00002.jpg",435.245383396769,160.160827750157
114,"206_fs1-00002.jpg",434.736409265671,160.024670317578
115,"206_fs1-00002.jpg",434.227114259472,159.89049730587
116,"206_fs1-00002.jpg",433.717478208395,159.758323699418
117,"206_fs1-00002.jpg",433.20748094266,159.628164482604
118,"206_fs1-00002.jpg",432.69710229249,159.500034639813
119,"206_fs1-00002.jpg",432.186322088105,159.37394915543
120,"206_fs1-00002.jpg",431.675120159728,159.249923013837
121,"206_fs1-00002.jpg",431.16347633758,159.12797119942
122,"206_fs1-00002.jpg",430.651370451882,159.008108696561
123,"206_fs1-00002.jpg",430.138782332856,158.890350489645
124,"206_fs1-00002.jpg",429.625691810723,158.774711563056
125,"206_fs1-00002.jpg",429.112078715705,158.661206901178
126,"206_fs1-00002.jpg",428.597922878024,158.549851488395
127,"206_fs1-00002.jpg",428.0832041279,158.44066030909
128,"206_fs1-00002.jpg",427.567900472945,158.333651253487
129,"206_fs1-00002.jpg",427.051996851891,158.228896515122
130,"206_fs1-00002.jpg",426.535506367122,158.12651642545
131,"206_fs1-00002.jpg",426.018444606919,158.026632983071
132,"206_fs1-00002.jpg",425.500827159563,157.929368186579
133,"206_fs1-00002.jpg",424.982669613337,157.834844034574
134,"206_fs1-00002.jpg",424.46398755652,157.743182525653
135,"206_fs1-00002.jpg",423.944796577394,157.654505658412
136,"206_fs1-00002.jpg",423.425112264241,157.568935431449
137,"206_fs1-00002.jpg",422.90495020534,157.486593843362
138,"206_fs1-00002.jpg",422.384325988975,157.407602892748
139,"206_fs1-00002.jpg",421.863255203425,157.332084578205
140,"206_fs1-00002.jpg",421.341753436972,157.260160898329
141,"206_fs1-00002.jpg",420.819836277897,157.191953851718
142,"206_fs1-00002.jpg",420.297519314482,157.12758543697
143,"206_fs1-00002.jpg",419.774816222297,157.067177658831
144,"206_fs1-00002.jpg",419.250396608004,157.010980053856
145,"206_fs1-00002.jpg",418.723469711511,156.959697721351
146,"206_fs1-00002.jpg",418.194565686877,156.914137441588
147,"206_fs1-00002.jpg",417.664214688164,156.875105994839
148,"206_fs1-00002.jpg",417.132946869431,156.843410161373
149,"206_fs1-00002.jpg",416.60129238474,156.819856721463
150,"206_fs1-00002.jpg",416.06978138815,156.805252455379
151,"206_fs1-00002.jpg",415.538944033721,156.800404143394
152,"206_fs1-00002.jpg",415.009310475515,156.806118565777
153,"206_fs1-00002.jpg",414.48141086759,156.8232025028
154,"206_fs1-00002.jpg",413.955775364009,156.852462734734
155,"206_fs1-00002.jpg",413.43293411883,156.894706041851
156,"206_fs1-00002.jpg",412.913417286115,156.950739204421
157,"206_fs1-00002.jpg",412.397755019923,157.021369002716
158,"206_fs1-00002.jpg",411.886152332774,157.107383565428
159,"206_fs1-00002.jpg",411.376288741227,157.208922908926
160,"206_fs1-00002.jpg",410.86778239974,157.325327131984
161,"206_fs1-00002.jpg",410.360856953927,157.455886898618
162,"206_fs1-00002.jpg",409.855736049398,157.599892872845
163,"206_fs1-00002.jpg",409.352643331766,157.756635718681
164,"206_fs1-00002.jpg",408.851802446642,157.925406100144
165,"206_fs1-00002.jpg",408.353437039639,158.105494681249
166,"206_fs1-00002.jpg",407.857770756367,158.296192126013
167,"206_fs1-00002.jpg",407.365027242439,158.496789098454
168,"206_fs1-00002.jpg",406.875430143467,158.706576262586
169,"206_fs1-00002.jpg",406.389203105062,158.924844282428
170,"206_fs1-00002.jpg",405.906569772837,159.150883821995
171,"206_fs1-00002.jpg",405.427753792402,159.383985545305
172,"206_fs1-00002.jpg",404.953630538279,159.623446882027
173,"206_fs1-00002.jpg",404.486234662151,159.868658216285
174,"206_fs1-00002.jpg",404.024546241905,160.119077477216
175,"206_fs1-00002.jpg",403.567268180596,160.374164114732
176,"206_fs1-00002.jpg",403.113103381278,160.633377578745
177,"206_fs1-00002.jpg",402.660754747008,160.896177319168
178,"206_fs1-00002.jpg",402.208925180839,161.162022785914
179,"206_fs1-00002.jpg",401.756317585828,161.430373428896
180,"206_fs1-00002.jpg",401.301634865029,161.700688698025
181,"206_fs1-00002.jpg",400.843579921497,161.972428043215
182,"206_fs1-00002.jpg",400.382846970374,162.245050914378
183,"206_fs1-00002.jpg",399.921772104435,162.518016761427
184,"206_fs1-00002.jpg",399.460364356546,162.790785034274
185,"206_fs1-00002.jpg",398.998612446001,163.062815182833
186,"206_fs1-00002.jpg",398.536505092093,163.333566657015
187,"206_fs1-00002.jpg",398.074031014117,163.602498906733
188,"206_fs1-00002.jpg",397.611178931365,163.8690713819
189,"206_fs1-00002.jpg",397.147937563132,164.132743532429
190,"206_fs1-00002.jpg",396.684295628711,164.392974808232
191,"206_fs1-00002.jpg",396.220241847395,164.649224659222
192,"206_fs1-00002.jpg",395.755764938478,164.900952535311
193,"206_fs1-00002.jpg",395.290853621254,165.147617886413
194,"206_fs1-00002.jpg",394.825496615017,165.388680162439
195,"206_fs1-00002.jpg",394.359682639059,165.623598813302
196,"206_fs1-00002.jpg",393.893400412675,165.851833288915
197,"206_fs1-00002.jpg",393.426638655158,166.072843039191
198,"206_fs1-00002.jpg",392.959386085803,166.286087514041
199,"206_fs1-00002.jpg",392.491631423901,166.49102616338
200,"206_fs1-00002.jpg",392.023363388748,166.687118437118
1,"206_fs1-00003.jpg",488.25,149.25
2,"206_fs1-00003.jpg",487.947156278214,149.562226864228
3,"206_fs1-00003.jpg",487.643800466574,149.880472975828
4,"206_fs1-00003.jpg",487.339938815838,150.204420951275
5,"206_fs1-00003.jpg",487.035577576764,150.533753407046
6,"206_fs1-00003.jpg",486.730723000108,150.868152959614
7,"206_fs1-00003.jpg",486.425381336628,151.207302225457
8,"206_fs1-00003.jpg",486.119558837081,151.550883821048
9,"206_fs1-00003.jpg",485.813261752225,151.898580362864
10,"206_fs1-00003.jpg",485.506496332818,152.250074467379
11,"206_fs1-00003.jpg",485.199268829616,152.60504875107
12,"206_fs1-00003.jpg",484.891585493377,152.96318583041
13,"206_fs1-00003.jpg",484.583452574859,153.324168321877
14,"206_fs1-00003.jpg",484.274876324818,153.687678841944
15,"206_fs1-00003.jpg",483.965862994013,154.053400007088
16,"206_fs1-00003.jpg",483.6564188332,154.421014433784
17,"206_fs1-00003.jpg",483.346550093138,154.790204738507
18,"206_fs1-00003.jpg",483.036263024583,155.160653537732
19,"206_fs1-00003.jpg",482.725563878292,155.532043447935
20,"206_fs1-00003.jpg",482.414458905025,155.904057085592
21,"206_fs1-00003.jpg",482.102954355537,156.276377067176
22,"206_fs1-00003.jpg",481.791056480585,156.648686009165
23,"206_fs1-00003.jpg",481.478771530929,157.020666528033
24,"206_fs1-00003.jpg",481.166105757324,157.392001240255
25,"206_fs1-00003.jpg",480.853584311003,157.762372762308
26,"206_fs1-00003.jpg",480.543207688299,158.131463710665
27,"206_fs1-00003.jpg",480.23467003762,158.498956701803
28,"206_fs1-00003.jpg",479.927390799116,158.864534352198
29,"206_fs1-00003.jpg",479.620789412935,159.227879278323
30,"206_fs1-00003.jpg",479.314285319228,159.588674096655
31,"206_fs1-00003.jpg",479.007297958143,159.946601423669
32,"206_fs1-00003.jpg",478.69924676983,160.301343875841
33,"206_fs1-00003.jpg",478.389551194438,160.652584069645
34,"206_fs1-00003.jpg",478.077630672116,161.000004621557
35,"206_fs1-00003.jpg",477.762904643013,161.343288148053
36,"206_fs1-00003.jpg",477.444792547279,161.682117265607
37,"206_fs1-00003.jpg",477.122713825064,162.016174590695
38,"206_fs1-00003.jpg",476.796087916515,162.345142739793
39,"206_fs1-00003.jpg",476.464334261783,162.668704329376
40,"206_fs1-00003.jpg",476.126872301017,162.986541975919
41,"206_fs1-00003.jpg",475.783121474366,163.298338295897
42,"206_fs1-00003.jpg",475.432344062235,163.603789343994
43,"206_fs1-00003.jpg",475.073683458314,163.902836701032
44,"206_fs1-00003.jpg",474.707651288894,164.195636628559
45,"206_fs1-00003.jpg",474.334904690874,164.482352622377
46,"206_fs1-00003.jpg",473.956100801153,164.763148178288
47,"206_fs1-00003.jpg",473.57189675663,165.038186792091
48,"206_fs1-00003.jpg",473.182949694205,165.307631959588
49,"206_fs1-00003.jpg",472.789916750775,165.57164717658
50,"206_fs1-00003.jpg",472.393455063241,165.830395938868
51,"206_fs1-00003.jpg",471.9942217685,166.084041742252
52,"206_fs1-00003.jpg",471.592874003453,166.332748082534
53,"206_fs1-00003.jpg",471.190068904998,166.576678455514
54,"206_fs1-00003.jpg",470.786463610034,166.815996356994
55,"206_fs1-00003.jpg",470.38271525546,167.050865282774
56,"206_fs1-00003.jpg",469.979480978176,167.281448728655
57,"206_fs1-00003.jpg",469.574821688971,167.507952575907
58,"206_fs1-00003.jpg",469.166534957525,167.730756302766
59,"206_fs1-00003.jpg",468.755004546421,167.950283824611
60,"206_fs1-00003.jpg",468.340614379135,168.166959056845
61,"206_fs1-00003.jpg",467.923748379141,168.381205914868
62,"206_fs1-00003.jpg",467.504790469915,168.593448314082
63,"206_fs1-00003.jpg",467.084124574933,168.804110169888
64,"206_fs1-00003.jpg",466.662134617669,169.013615397688
65,"206_fs1-00003.jpg",466.239204521601,169.222387912884
66,"206_fs1-00003.jpg",465.815718210203,169.430851630877
67,"206_fs1-00003.jpg",465.39205960695,169.639430467067
68,"206_fs1-00003.jpg",464.968612635318,169.848548336858
69,"206_fs1-00003.jpg",464.545761218783,170.058629155649
70,"206_fs1-00003.jpg",464.123896534544,170.270077411852
71,"206_fs1-00003.jpg",463.703180829333,170.48280382807
72,"206_fs1-00003.jpg",463.283302165797,170.696197780426
73,"206_fs1-00003.jpg",462.863906680317,170.909623696803
74,"206_fs1-00003.jpg",462.444640509275,171.122446005088
75,"206_fs1-00003.jpg",462.025149789052,171.334029133165
76,"206_fs1-00003.jpg",461.605080656028,171.54373750892
77,"206_fs1-00003.jpg",461.184079246586,171.750935560237
78,"206_fs1-00003.jpg",460.761791697107,171.954987715002
79,"206_fs1-00003.jpg",460.337864143971,172.155258401101
80,"206_fs1-00003.jpg",459.911942723561,172.351112046417
81,"206_fs1-00003.jpg",459.483673572257,172.541913078837
82,"206_fs1-00003.jpg",459.052702826441,172.727025926246
83,"206_fs1-00003.jpg",458.618676622494,172.905815016528
84,"206_fs1-00003.jpg",458.181241096797,173.077644777569
85,"206_fs1-00003.jpg",457.740042385732,173.241879637254
86,"206_fs1-00003.jpg",457.294116527802,173.397899618764
87,"206_fs1-00003.jpg",456.841579608895,173.54526398678
88,"206_fs1-00003.jpg",456.382840770205,173.683646677846
89,"206_fs1-00003.jpg",455.918474275149,173.81272349669
90,"206_fs1-00003.jpg",455.449054387142,173.932170248037
91,"206_fs1-00003.jpg",454.975155369602,174.041662736614
92,"206_fs1-00003.jpg",454.497351485946,174.14087676715
93,"206_fs1-00003.jpg",454.016216999589,174.229488144369
94,"206_fs1-00003.jpg",453.53232617395,174.307172673
95,"206_fs1-00003.jpg",453.046253272444,174.373606157769
96,"206_fs1-00003.jpg",452.558572558489,174.428464403403
97,"206_fs1-00003.jpg",452.069858295501,174.471423214629
98,"206_fs1-00003.jpg",451.580684746896,174.502158396173
99,"206_fs1-00003.jpg",451.091626176092,174.520345752763
100,"206_fs1-00003.jpg",450.603256846506,174.525661089125
101,"206_fs1-00003.jpg",450.116151021553,174.517780209986
102,"206_fs1-00003.jpg",449.630882964651,174.496378920073
103,"206_fs1-00003.jpg",449.148026939217,174.461133024113
104,"206_fs1-00003.jpg",448.668157208666,174.411718326833
105,"206_fs1-00003.jpg",448.191848036417,174.347810632959
106,"206_fs1-00003.jpg",447.719673685885,174.269085747218
107,"206_fs1-00003.jpg",447.252208420487,174.175219474338
108,"206_fs1-00003.jpg",446.790026503641,174.065887619044
109,"206_fs1-00003.jpg",446.333702198762,173.940765986065
110,"206_fs1-00003.jpg",445.883809769267,173.799530380126
111,"206_fs1-00003.jpg",445.440923478574,173.641856605954
112,"206_fs1-00003.jpg",445.005617590099,173.467420468277
113,"206_fs1-00003.jpg",444.578466367258,173.275897771822
114,"206_fs1-00003.jpg",444.160154466114,173.067012848931
115,"206_fs1-00003.jpg",443.75123534338,172.841594156345
116,"206_fs1-00003.jpg",443.350665939231,172.601567643477
117,"206_fs1-00003.jpg",442.957220513022,172.348906460993
118,"206_fs1-00003.jpg",442.569673324107,172.085583759561
119,"206_fs1-00003.jpg",442.186798631839,171.813572689849
120,"206_fs1-00003.jpg",441.807370695573,171.534846402525
121,"206_fs1-00003.jpg",441.430163774662,171.251378048257
122,"206_fs1-00003.jpg",441.053952128461,170.965140777712
123,"206_fs1-00003.jpg",440.677510016323,170.678107741558
124,"206_fs1-00003.jpg",440.299611697602,170.392252090464
125,"206_fs1-00003.jpg",439.919323323967,170.109441685232
126,"206_fs1-00003.jpg",439.537162163039,169.830171816566
127,"206_fs1-00003.jpg",439.153502976254,169.553976176903
128,"206_fs1-00003.jpg",438.768658690934,169.280368639775
129,"206_fs1-00003.jpg",438.382942234399,169.008863078716
130,"206_fs1-00003.jpg",437.996666533973,168.738973367261
131,"206_fs1-00003.jpg",437.610144516975,168.470213378943
132,"206_fs1-00003.jpg",437.223689110728,168.202096987294
133,"206_fs1-00003.jpg",436.837613242553,167.93413806585
134,"206_fs1-00003.jpg",436.45222983977,167.665850488142
135,"206_fs1-00003.jpg",436.067851829703,167.396748127706
136,"206_fs1-00003.jpg",435.684792139671,167.126344858075
137,"206_fs1-00003.jpg",435.303363696997,166.854154552781
138,"206_fs1-00003.jpg",434.923879429002,166.57969108536
139,"206_fs1-00003.jpg",434.546652263007,166.302468329344
140,"206_fs1-00003.jpg",434.171995126334,166.022000158266
141,"206_fs1-00003.jpg",433.800220946304,165.737800445662
142,"206_fs1-00003.jpg",433.431642650238,165.449383065063
143,"206_fs1-00003.jpg",433.066573165459,165.156261890004
144,"206_fs1-00003.jpg",432.705325419287,164.857950794019
145,"206_fs1-00003.jpg",432.348212339043,164.55396365064
146,"206_fs1-00003.jpg",431.99554685205,164.243814333402
147,"206_fs1-00003.jpg",431.647641885629,163.927016715838
148,"206_fs1-00003.jpg",431.304810367101,163.603084671482
149,"206_fs1-00003.jpg",430.967365223787,163.271532073867
150,"206_fs1-00003.jpg",430.63561938301,162.931872796527
151,"206_fs1-00003.jpg",430.312352893052,162.583748653765
152,"206_fs1-00003.jpg",430.002929751552,162.22803636482
153,"206_fs1-00003.jpg",429.70475310578,161.866303876946
154,"206_fs1-00003.jpg",429.414807149992,161.500126727542
155,"206_fs1-00003.jpg",429.130076078444,161.131080454008
156,"206_fs1-00003.jpg",428.847544085392,160.76074059374
157,"206_fs1-00003.jpg",428.564195365091,160.390682684138
158,"206_fs1-00003.jpg",428.277014111797,160.0224822626
159,"206_fs1-00003.jpg",427.982984519766,159.657714866526
160,"206_fs1-00003.jpg",427.679090783253,159.297956033313
161,"206_fs1-00003.jpg",427.362317096514,158.94478130036
162,"206_fs1-00003.jpg",427.029670857025,158.599766131712
163,"206_fs1-00003.jpg",426.682954162186,158.264310485582
164,"206_fs1-00003.jpg",426.325388443936,157.939262506407
165,"206_fs1-00003.jpg",425.957718610018,157.625362166435
166,"206_fs1-00003.jpg",425.580689568177,157.323349437913
167,"206_fs1-00003.jpg",425.195046226157,157.03396429309
168,"206_fs1-00003.jpg",424.8015334917,156.757946704212
169,"206_fs1-00003.jpg",424.400896272552,156.496036643526
170,"206_fs1-00003.jpg",423.993879476456,156.248974083281
171,"206_fs1-00003.jpg",423.581228011156,156.017498995723
172,"206_fs1-00003.jpg",423.163686784395,155.802351353099
173,"206_fs1-00003.jpg",422.742000703918,155.604271127658
174,"206_fs1-00003.jpg",422.316914677468,155.423998291647
175,"206_fs1-00003.jpg",421.889173612789,155.262272817312
176,"206_fs1-00003.jpg",421.459393292816,155.119833509426
177,"206_fs1-00003.jpg",421.021819146283,154.99695489607
178,"206_fs1-00003.jpg",420.574024902034,154.892740884034
179,"206_fs1-00003.jpg",420.117395233078,154.80611374828
180,"206_fs1-00003.jpg",419.653314812425,154.73599576377
181,"206_fs1-00003.jpg",419.183168313082,154.681309205466
182,"206_fs1-00003.jpg",418.708340408058,154.640976348328
183,"206_fs1-00003.jpg",418.230215770362,154.613919467318
184,"206_fs1-00003.jpg",417.750179073002,154.599060837398
185,"206_fs1-00003.jpg",417.269614988987,154.595322733529
186,"206_fs1-00003.jpg",416.789908191325,154.601627430673
187,"206_fs1-00003.jpg",416.312443353025,154.616897203791
188,"206_fs1-00003.jpg",415.838605147096,154.640054327845
189,"206_fs1-00003.jpg",415.369481014468,154.670021077797
190,"206_fs1-00003.jpg",414.90171881887,154.705719728607
191,"206_fs1-00003.jpg",414.433995107163,154.746072555238
192,"206_fs1-00003.jpg",413.966309455334,154.79000183265
193,"206_fs1-00003.jpg",413.498661439368,154.836429835806
194,"206_fs1-00003.jpg",413.031050635251,154.884278839666
195,"206_fs1-00003.jpg",412.56347661897,154.932471119193
196,"206_fs1-00003.jpg",412.09593896651,154.979928949348
197,"206_fs1-00003.jpg",411.628437253857,155.025574605092
198,"206_fs1-00003.jpg",411.160971056998,155.068330361388
199,"206_fs1-00003.jpg",410.693539951919,155.107118493195
200,"206_fs1-00003.jpg",410.226143514605,155.140861275477
1,"206_fs1-00004.jpg",497.5,140.5
2,"206_fs1-00004.jpg",497.094619633753,140.801175344191
3,"206_fs1-00004.jpg",496.690472857466,141.103322540013
4,"206_fs1-00004.jpg",496.287561212634,141.406459762597
5,"206_fs1-00004.jpg",495.885886240755,141.71060518707
6,"206_fs1-00004.jpg",495.485449483325,142.015776988563
7,"206_fs1-00004.jpg",495.086252481841,142.321993342205
8,"206_fs1-00004.jpg",494.688296777799,142.629272423124
9,"206_fs1-00004.jpg",494.291583912698,142.937632406449
10,"206_fs1-00004.jpg",493.896115428033,143.24709146731
11,"206_fs1-00004.jpg",493.501892865301,143.557667780836
12,"206_fs1-00004.jpg",493.108917765999,143.869379522156
13,"206_fs1-00004.jpg",492.717191671624,144.182244866398
14,"206_fs1-00004.jpg",492.326716123673,144.496281988693
15,"206_fs1-00004.jpg",491.937492663642,144.811509064169
16,"206_fs1-00004.jpg",491.549522833028,145.127944267955
17,"206_fs1-00004.jpg",491.162808173329,145.44560577518
18,"206_fs1-00004.jpg",490.77735022604,145.764511760974
19,"206_fs1-00004.jpg",490.393150532659,146.084680400465
20,"206_fs1-00004.jpg",490.010210634682,146.406129868783
21,"206_fs1-00004.jpg",489.628532073607,146.728878341057
22,"206_fs1-00004.jpg",489.248116390929,147.052943992415
23,"206_fs1-00004.jpg",488.868965128147,147.378344997987
24,"206_fs1-00004.jpg",488.491079826756,147.705099532903
25,"206_fs1-00004.jpg",488.114462028253,148.03322577229
26,"206_fs1-00004.jpg",487.739113274136,148.362741891279
27,"206_fs1-00004.jpg",487.364964721127,148.693666064998
28,"206_fs1-00004.jpg",486.99145449824,149.026016468576
29,"206_fs1-00004.jpg",486.618541060754,149.359811277143
30,"206_fs1-00004.jpg",486.246323749657,149.695068665827
31,"206_fs1-00004.jpg",485.874901905937,150.031806809758
32,"206_fs1-00004.jpg",485.504374870583,150.370043884065
33,"206_fs1-00004.jpg",485.134841984581,150.709798063876
34,"206_fs1-00004.jpg",484.766402588921,151.051087524322
35,"206_fs1-00004.jpg",484.39915602459,151.393930440531
36,"206_fs1-00004.jpg",484.033201632575,151.738344987632
37,"206_fs1-00004.jpg",483.668638753866,152.084349340754
38,"206_fs1-00004.jpg",483.30556672945,152.431961675026
39,"206_fs1-00004.jpg",482.944084900314,152.781200165578
40,"206_fs1-00004.jpg",482.584292607447,153.132082987538
41,"206_fs1-00004.jpg",482.226289191837,153.484628316036
42,"206_fs1-00004.jpg",481.870173994472,153.838854326201
43,"206_fs1-00004.jpg",481.51604635634,154.194779193161
44,"206_fs1-00004.jpg",481.164005618429,154.552421092047
45,"206_fs1-00004.jpg",480.814151121726,154.911798197986
46,"206_fs1-00004.jpg",480.46658220722,155.272928686109
47,"206_fs1-00004.jpg",480.121398215898,155.635830731543
48,"206_fs1-00004.jpg",479.778698488749,156.000522509419
49,"206_fs1-00004.jpg",479.438582366761,156.367022194866
50,"206_fs1-00004.jpg",479.101149251471,156.735347963036
51,"206_fs1-00004.jpg",478.76673528735,157.105525808512
52,"206_fs1-00004.jpg",478.435458688815,157.477611655454
53,"206_fs1-00004.jpg",478.107116327524,157.851668587785
54,"206_fs1-00004.jpg",477.781505075137,158.227759689428
55,"206_fs1-00004.jpg",477.458421803315,158.605948044307
56,"206_fs1-00004.jpg",477.137663383718,158.986296736344
57,"206_fs1-00004.jpg",476.819026688005,159.368868849463
58,"206_fs1-00004.jpg",476.502308587837,159.753727467586
59,"206_fs1-00004.jpg",476.187305954872,160.140935674637
60,"206_fs1-00004.jpg",475.873815660773,160.530556554539
61,"206_fs1-00004.jpg",475.561634577197,160.922653191215
62,"206_fs1-00004.jpg",475.250559575805,161.317288668589
63,"206_fs1-00004.jpg",474.940387528258,161.714526070583
64,"206_fs1-00004.jpg",474.630915306215,162.11442848112
65,"206_fs1-00004.jpg",474.321939781335,162.517058984124
66,"206_fs1-00004.jpg",474.01325782528,162.922480663518
67,"206_fs1-00004.jpg",473.704666309709,163.330756603225
68,"206_fs1-00004.jpg",473.399059107514,163.741854912317
69,"206_fs1-00004.jpg",473.099257709681,164.15533084231
70,"206_fs1-00004.jpg",472.80440129186,164.57062748831
71,"206_fs1-00004.jpg",472.51362642784,164.987187943222
72,"206_fs1-00004.jpg",472.226069691409,165.404455299952
73,"206_fs1-00004.jpg",471.940867656358,165.821872651406
74,"206_fs1-00004.jpg",471.657156896475,166.238883090488
75,"206_fs1-00004.jpg",471.374073985549,166.654929710106
76,"206_fs1-00004.jpg",471.09075549737,167.069455603163
77,"206_fs1-00004.jpg",470.806338005725,167.481903862566
78,"206_fs1-00004.jpg",470.519958084404,167.89171758122
79,"206_fs1-00004.jpg",470.230752307197,168.298339852031
80,"206_fs1-00004.jpg",469.937857247892,168.701213767905
81,"206_fs1-00004.jpg",469.640409480278,169.099782421746
82,"206_fs1-00004.jpg",469.337545578144,169.493488906461
83,"206_fs1-00004.jpg",469.02840211528,169.881776314955
84,"206_fs1-00004.jpg",468.712115665474,170.264087740133
85,"206_fs1-00004.jpg",468.387822802515,170.639866274901
86,"206_fs1-00004.jpg",468.054660100193,171.008555012165
87,"206_fs1-00004.jpg",467.711764132296,171.36959704483
88,"206_fs1-00004.jpg",467.358365593658,171.722514624747
89,"206_fs1-00004.jpg",466.994636251358,172.067228903279
90,"206_fs1-00004.jpg",466.621186561049,172.403786401498
91,"206_fs1-00004.jpg",466.238627775251,172.732233685908
92,"206_fs1-00004.jpg",465.847571146481,173.052617323009
93,"206_fs1-00004.jpg",465.448627927259,173.364983879302
94,"206_fs1-00004.jpg",465.042409370103,173.669379921288
95,"206_fs1-00004.jpg",464.629526727531,173.965852015469
96,"206_fs1-00004.jpg",464.210591252062,174.254446728347
97,"206_fs1-00004.jpg",463.786214196215,174.535210626422
98,"206_fs1-00004.jpg",463.357006812507,174.808190276196
99,"206_fs1-00004.jpg",462.923580353457,175.073432244169
100,"206_fs1-00004.jpg",462.486546071584,175.330983096845
101,"206_fs1-00004.jpg",462.046515219407,175.580889400722
102,"206_fs1-00004.jpg",461.604099049443,175.823197722304
103,"206_fs1-00004.jpg",461.159908814212,176.057954628091
104,"206_fs1-00004.jpg",460.714555766231,176.285206684584
105,"206_fs1-00004.jpg",460.26865115802,176.505000458285
106,"206_fs1-00004.jpg",459.822806242097,176.717382515695
107,"206_fs1-00004.jpg",459.376518863783,176.92240481037
108,"206_fs1-00004.jpg",458.925154384142,177.120211245338
109,"206_fs1-00004.jpg",458.46845818814,177.311022797227
110,"206_fs1-00004.jpg",458.006814965462,177.495062825471
111,"206_fs1-00004.jpg",457.54060940579,177.672554689503
112,"206_fs1-00004.jpg",457.070226198807,177.843721748755
113,"206_fs1-00004.jpg",456.596050034196,178.008787362658
114,"206_fs1-00004.jpg",456.11846560164,178.167974890647
115,"206_fs1-00004.jpg",455.637857590821,178.321507692154
116,"206_fs1-00004.jpg",455.154610691423,178.46960912661
117,"206_fs1-00004.jpg",454.669109593128,178.61250255345
118,"206_fs1-00004.jpg",454.181738985619,178.750411332104
119,"206_fs1-00004.jpg",453.692883558579,178.883558822006
120,"206_fs1-00004.jpg",453.202928001692,179.012168382589
121,"206_fs1-00004.jpg",452.712257004639,179.136463373284
122,"206_fs1-00004.jpg",452.221255257104,179.256667153525
123,"206_fs1-00004.jpg",451.73030744877,179.373003082744
124,"206_fs1-00004.jpg",451.239798269319,179.485694520374
125,"206_fs1-00004.jpg",450.749809002878,179.594961735056
126,"206_fs1-00004.jpg",450.252103564261,179.70046201315
127,"206_fs1-00004.jpg",449.744210636556,179.800639096781
128,"206_fs1-00004.jpg",449.227986714271,179.893778924972
129,"206_fs1-00004.jpg",448.705288291914,179.978167436746
130,"206_fs1-00004.jpg",448.177971863992,180.052090571127
131,"206_fs1-00004.jpg",447.647893925014,180.113834267136
132,"206_fs1-00004.jpg",447.116910969488,180.161684463799
133,"206_fs1-00004.jpg",446.58687949192,180.193927100137
134,"206_fs1-00004.jpg",446.059655986821,180.208848115174
135,"206_fs1-00004.jpg",445.537096948696,180.204733447933
136,"206_fs1-00004.jpg",445.021058872055,180.179869037437
137,"206_fs1-00004.jpg",444.513398251405,180.132540822708
138,"206_fs1-00004.jpg",444.015971581254,180.061034742772
139,"206_fs1-00004.jpg",443.530635356109,179.963636736649
140,"206_fs1-00004.jpg",443.05924607048,179.838632743364
141,"206_fs1-00004.jpg",442.603660218874,179.68430870194
142,"206_fs1-00004.jpg",442.165734295798,179.498950551399
143,"206_fs1-00004.jpg",441.746913319863,179.280852234165
144,"206_fs1-00004.jpg",441.337652424975,179.029649217124
145,"206_fs1-00004.jpg",440.934860893723,178.747812026371
146,"206_fs1-00004.jpg",440.540683989681,178.438171431702
147,"206_fs1-00004.jpg",440.157266976424,178.103558202916
148,"206_fs1-00004.jpg",439.786755117525,177.746803109811
149,"206_fs1-00004.jpg",439.43129367656,177.370736922185
150,"206_fs1-00004.jpg",439.093027917102,176.978190409836
151,"206_fs1-00004.jpg",438.774103102725,176.571994342562
152,"206_fs1-00004.jpg",438.476664497004,176.154979490161
153,"206_fs1-00004.jpg",438.201525198906,175.729913726581
154,"206_fs1-00004.jpg",437.942704158129,175.298418508729
155,"206_fs1-00004.jpg",437.697637142938,174.861114362588
156,"206_fs1-00004.jpg",437.464504900115,174.418588183608
157,"206_fs1-00004.jpg",437.241488176446,173.97142686724
158,"206_fs1-00004.jpg",437.026767718714,173.520217308937
159,"206_fs1-00004.jpg",436.818524273703,173.065546404148
160,"206_fs1-00004.jpg",436.614938588197,172.608001048326
161,"206_fs1-00004.jpg",436.414191408981,172.148168136921
162,"206_fs1-00004.jpg",436.214463482838,171.686634565385
163,"206_fs1-00004.jpg",436.013935556553,171.223987229169
164,"206_fs1-00004.jpg",435.81080976902,170.76081298018
165,"206_fs1-00004.jpg",435.607831756232,170.297573678599
166,"206_fs1-00004.jpg",435.407729172924,169.834332224544
167,"206_fs1-00004.jpg",435.210260681261,169.371072089123
168,"206_fs1-00004.jpg",435.015184943409,168.907776743443
169,"206_fs1-00004.jpg",434.822260621535,168.444429658613
170,"206_fs1-00004.jpg",434.631246377805,167.981014305739
171,"206_fs1-00004.jpg",434.441900874384,167.517514155928
172,"206_fs1-00004.jpg",434.253982773438,167.05391268029
173,"206_fs1-00004.jpg",434.067250737135,166.59019334993
174,"206_fs1-00004.jpg",433.881463427638,166.126339635956
175,"206_fs1-00004.jpg",433.696379507115,165.662335009477
176,"206_fs1-00004.jpg",433.511757637732,165.198162941599
177,"206_fs1-00004.jpg",433.327356481654,164.73380690343
178,"206_fs1-00004.jpg",433.142934701048,164.269250366078
179,"206_fs1-00004.jpg",432.958390644732,163.80447680065
180,"206_fs1-00004.jpg",432.774257687594,163.339469678253
181,"206_fs1-00004.jpg",432.590628375474,162.874212469996
182,"206_fs1-00004.jpg",432.40751529023,162.408688646984
183,"206_fs1-00004.jpg",432.224931013718,161.942881680328
184,"206_fs1-00004.jpg",432.042888127795,161.476775041132
185,"206_fs1-00004.jpg",431.861399214317,161.010352200506
186,"206_fs1-00004.jpg",431.680476855141,160.543596629557
187,"206_fs1-00004.jpg",431.500133632122,160.076491799391
188,"206_fs1-00004.jpg",431.320382127118,159.609021181117
189,"206_fs1-00004.jpg",431.141234921985,159.141168245843
190,"206_fs1-00004.jpg",430.962704598579,158.672916464675
191,"206_fs1-00004.jpg",430.784803738757,158.204249308721
192,"206_fs1-00004.jpg",430.607544924376,157.73515024909
193,"206_fs1-00004.jpg",430.430940737291,157.265602756887
194,"206_fs1-00004.jpg",430.255003759359,156.795590303221
195,"206_fs1-00004.jpg",430.079746572436,156.325096359199
196,"206_fs1-00004.jpg",429.90518175838,155.854104395929
197,"206_fs1-00004.jpg",429.731321899046,155.382597884519
198,"206_fs1-00004.jpg",429.558179576291,154.910560296075
199,"206_fs1-00004.jpg",429.385767371971,154.437975101706
200,"206_fs1-00004.jpg",429.214097867944,153.964825772518
1,"206_fs1-00005.jpg",510.25,138.75
2,"206_fs1-00005.jpg",509.750531933896,138.688405598189
3,"206_fs1-00005.jpg",509.252453577407,138.634758575381
4,"206_fs1-00005.jpg",508.755761367096,138.588985929257
5,"206_fs1-00005.jpg",508.260451739522,138.551014657498
6,"206_fs1-00005.jpg",507.766521131248,138.520771757787
7,"206_fs1-00005.jpg",507.273965978834,138.498184227804
8,"206_fs1-00005.jpg",506.782782718842,138.483179065231
9,"206_fs1-00005.jpg",506.292967787832,138.47568326775
10,"206_fs1-00005.jpg",505.804517622365,138.475623833043
11,"206_fs1-00005.jpg",505.317428659004,138.48292775879
12,"206_fs1-00005.jpg",504.831697334308,138.497522042674
13,"206_fs1-00005.jpg",504.347320084839,138.519333682376
14,"206_fs1-00005.jpg",503.864293347159,138.548289675578
15,"206_fs1-00005.jpg",503.382613557827,138.584317019961
16,"206_fs1-00005.jpg",502.902277153406,138.627342713207
17,"206_fs1-00005.jpg",502.423280570456,138.677293752997
18,"206_fs1-00005.jpg",501.945620245539,138.734097137012
19,"206_fs1-00005.jpg",501.469292615216,138.797679862936
20,"206_fs1-00005.jpg",500.994294116047,138.867968928448
21,"206_fs1-00005.jpg",500.520621184594,138.944891331231
22,"206_fs1-00005.jpg",500.048270257418,139.028374068966
23,"206_fs1-00005.jpg",499.57723777108,139.118344139335
24,"206_fs1-00005.jpg",499.107520162141,139.214728540019
25,"206_fs1-00005.jpg",498.639113867163,139.3174542687
26,"206_fs1-00005.jpg",498.172015322706,139.426448323059
27,"206_fs1-00005.jpg",497.705982798484,139.541637700778
28,"206_fs1-00005.jpg",497.240136100201,139.662949399539
29,"206_fs1-00005.jpg",496.774570522351,139.790310417023
30,"206_fs1-00005.jpg",496.309489163533,139.923647750912
31,"206_fs1-00005.jpg",495.845095122344,140.062888398886
32,"206_fs1-00005.jpg",495.381591497384,140.207959358629
33,"206_fs1-00005.jpg",494.91918138725,140.358787627821
34,"206_fs1-00005.jpg",494.458067890541,140.515300204144
35,"206_fs1-00005.jpg",493.998454105854,140.677424085279
36,"206_fs1-00005.jpg",493.540543131789,140.845086268908
37,"206_fs1-00005.jpg",493.084538066944,141.018213752714
38,"206_fs1-00005.jpg",492.630642009916,141.196733534376
39,"206_fs1-00005.jpg",492.179058059304,141.380572611576
40,"206_fs1-00005.jpg",491.729989313707,141.569657981998
41,"206_fs1-00005.jpg",491.283638871722,141.763916643321
42,"206_fs1-00005.jpg",490.840209831948,141.963275593227
43,"206_fs1-00005.jpg",490.399905292984,142.167661829399
44,"206_fs1-00005.jpg",489.962928353427,142.377002349517
45,"206_fs1-00005.jpg",489.529482111875,142.591224151263
46,"206_fs1-00005.jpg",489.099769666928,142.810254232319
47,"206_fs1-00005.jpg",488.673994117183,143.034019590366
48,"206_fs1-00005.jpg",488.252094446705,143.262447897671
49,"206_fs1-00005.jpg",487.82970012641,143.495528998061
50,"206_fs1-00005.jpg",487.40584933988,143.733364220012
51,"206_fs1-00005.jpg",486.981396701762,143.976066496425
52,"206_fs1-00005.jpg",486.557196826702,144.223748760204
53,"206_fs1-00005.jpg",486.134104329348,144.476523944253
54,"206_fs1-00005.jpg",485.712973824347,144.734504981473
55,"206_fs1-00005.jpg",485.294659926346,144.997804804769
56,"206_fs1-00005.jpg",484.880017249992,145.266536347043
57,"206_fs1-00005.jpg",484.469900409932,145.540812541198
58,"206_fs1-00005.jpg",484.065164020814,145.820746320138
59,"206_fs1-00005.jpg",483.666662697284,146.106450616765
60,"206_fs1-00005.jpg",483.275251053989,146.398038363982
61,"206_fs1-00005.jpg",482.891783705578,146.695622494692
62,"206_fs1-00005.jpg",482.517115266696,146.999315941799
63,"206_fs1-00005.jpg",482.152100351991,147.309231638205
64,"206_fs1-00005.jpg",481.79759357611,147.625482516814
65,"206_fs1-00005.jpg",481.4544495537,147.948181510528
66,"206_fs1-00005.jpg",481.123522899409,148.277441552251
67,"206_fs1-00005.jpg",480.803652569384,148.613354656706
68,"206_fs1-00005.jpg",480.489872158367,148.955817597686
69,"206_fs1-00005.jpg",480.181699946917,149.304620748477
70,"206_fs1-00005.jpg",479.878918972356,149.659553411803
71,"206_fs1-00005.jpg",479.581312272002,150.020404890391
72,"206_fs1-00005.jpg",479.288662883177,150.386964486964
73,"206_fs1-00005.jpg",479.000753843201,150.759021504247
74,"206_fs1-00005.jpg",478.717368189392,151.136365244965
75,"206_fs1-00005.jpg",478.438288959073,151.518785011843
76,"206_fs1-00005.jpg",478.163299189561,151.906070107606
77,"206_fs1-00005.jpg",477.892181918179,152.298009834979
78,"206_fs1-00005.jpg",477.624720182245,152.694393496685
79,"206_fs1-00005.jpg",477.36069701908,153.095010395451
80,"206_fs1-00005.jpg",477.099895466004,153.499649834
81,"206_fs1-00005.jpg",476.842098560337,153.908101115059
82,"206_fs1-00005.jpg",476.587089339399,154.32015354135
83,"206_fs1-00005.jpg",476.33465084051,154.7355964156
84,"206_fs1-00005.jpg",476.08456610099,155.154219040533
85,"206_fs1-00005.jpg",475.836618158159,155.575810718874
86,"206_fs1-00005.jpg",475.590590049339,156.000160753347
87,"206_fs1-00005.jpg",475.346264811847,156.427058446678
88,"206_fs1-00005.jpg",475.103425483005,156.856293101591
89,"206_fs1-00005.jpg",474.861855100133,157.287654020811
90,"206_fs1-00005.jpg",474.62133670055,157.720930507062
91,"206_fs1-00005.jpg",474.381653321577,158.155911863071
92,"206_fs1-00005.jpg",474.142588000534,158.59238739156
93,"206_fs1-00005.jpg",473.903923774741,159.030146395256
94,"206_fs1-00005.jpg",473.665443681518,159.468978176883
95,"206_fs1-00005.jpg",473.426930758185,159.908672039166
96,"206_fs1-00005.jpg",473.188168042062,160.349017284829
97,"206_fs1-00005.jpg",472.94893857047,160.789803216597
98,"206_fs1-00005.jpg",472.709025380728,161.230819137196
99,"206_fs1-00005.jpg",472.468211510156,161.671854349349
100,"206_fs1-00005.jpg",472.227800113073,162.112695528412
101,"206_fs1-00005.jpg",471.992786252432,162.553095079764
102,"206_fs1-00005.jpg",471.762805897196,162.992781390356
103,"206_fs1-00005.jpg",471.536980450552,163.431482351623
104,"206_fs1-00005.jpg",471.314431315682,163.868925855003
105,"206_fs1-00005.jpg",471.09427989577,164.304839791931
106,"206_fs1-00005.jpg",470.875647594001,164.738952053844
107,"206_fs1-00005.jpg",470.657655813559,165.170990532179
108,"206_fs1-00005.jpg",470.439425957628,165.600683118373
109,"206_fs1-00005.jpg",470.220079429393,166.027757703861
110,"206_fs1-00005.jpg",469.998737632037,166.451942180082
111,"206_fs1-00005.jpg",469.774521968745,166.87296443847
112,"206_fs1-00005.jpg",469.546553842701,167.290552370463
113,"206_fs1-00005.jpg",469.313954657089,167.704433867498
114,"206_fs1-00005.jpg",469.075845815093,168.11433682101
115,"206_fs1-00005.jpg",468.831348719897,168.519989122438
116,"206_fs1-00005.jpg",468.579702907805,168.921122279768
117,"206_fs1-00005.jpg",468.32232987417,169.317772566911
118,"206_fs1-00005.jpg",468.060094210622,169.71050751796
119,"206_fs1-00005.jpg",467.793244787485,170.099948015472
120,"206_fs1-00005.jpg",467.522030475085,170.486714942003
121,"206_fs1-00005.jpg",467.246700143748,170.871429180109
122,"206_fs1-00005.jpg",466.9675026638,171.254711612348
123,"206_fs1-00005.jpg",466.684686905566,171.637183121275
124,"206_fs1-00005.jpg",466.398501739371,172.019464589446
125,"206_fs1-00005.jpg",466.109196035541,172.402176899419
126,"206_fs1-00005.jpg",465.817018664401,172.78594093375
127,"206_fs1-00005.jpg",465.522218496278,173.171377574995
128,"206_fs1-00005.jpg",465.225044401496,173.55910770571
129,"206_fs1-00005.jpg",464.925745250382,173.949752208453
130,"206_fs1-00005.jpg",464.62456991326,174.343931965779
131,"206_fs1-00005.jpg",464.321767260457,174.742267860245
132,"206_fs1-00005.jpg",464.017586162297,175.145380774407
133,"206_fs1-00005.jpg",463.712277489902,175.55389156916
134,"206_fs1-00005.jpg",463.407355350279,175.96801331489
135,"206_fs1-00005.jpg",463.103598719055,176.386507986147
136,"206_fs1-00005.jpg",462.800451519081,176.807814927526
137,"206_fs1-00005.jpg",462.49735767321,177.230373483623
138,"206_fs1-00005.jpg",462.193761104295,177.652622999032
139,"206_fs1-00005.jpg",461.889105735187,178.073002818349
140,"206_fs1-00005.jpg",461.58283548874,178.48995228617
141,"206_fs1-00005.jpg",461.274394287805,178.90191074709
142,"206_fs1-00005.jpg",460.963226055236,179.307317545703
143,"206_fs1-00005.jpg",460.648774713883,179.704612026606
144,"206_fs1-00005.jpg",460.330484186601,180.092233534394
145,"206_fs1-00005.jpg",460.007798396241,180.468621413661
146,"206_fs1-00005.jpg",459.680161265656,180.832215009004
147,"206_fs1-00005.jpg",459.347016717698,181.181453665018
148,"206_fs1-00005.jpg",459.00780867522,181.514776726297
149,"206_fs1-00005.jpg",458.661981061074,181.830623537438
150,"206_fs1-00005.jpg",458.308977798112,182.127433443035
151,"206_fs1-00005.jpg",457.948242809186,182.403645787685
152,"206_fs1-00005.jpg",457.57922001715,182.657699915981
153,"206_fs1-00005.jpg",457.201353344856,182.88803517252
154,"206_fs1-00005.jpg",456.814086715156,183.093090901897
155,"206_fs1-00005.jpg",456.416324791883,183.271315088198
156,"206_fs1-00005.jpg",455.995439376927,183.422382189609
157,"206_fs1-00005.jpg",455.549599703316,183.548452867942
158,"206_fs1-00005.jpg",455.083208603161,183.65198853583
159,"206_fs1-00005.jpg",454.600668908574,183.735450605908
160,"206_fs1-00005.jpg",454.106383451665,183.801300490808
161,"206_fs1-00005.jpg",453.604755064544,183.851999603166
162,"206_fs1-00005.jpg",453.100186579323,183.890009355614
163,"206_fs1-00005.jpg",452.597080828112,183.917791160786
164,"206_fs1-00005.jpg",452.099840643022,183.937806431317
165,"206_fs1-00005.jpg",451.612868856163,183.95251657984
166,"206_fs1-00005.jpg",451.130295167931,183.963952605628
167,"206_fs1-00005.jpg",450.641330591474,183.972054206132
168,"206_fs1-00005.jpg",450.147082357564,183.976126820051
169,"206_fs1-00005.jpg",449.648704555307,183.975475743761
170,"206_fs1-00005.jpg",449.147351273808,183.96940627364
171,"206_fs1-00005.jpg",448.644176602174,183.957223706066
172,"206_fs1-00005.jpg",448.14033462951,183.938233337417
173,"206_fs1-00005.jpg",447.636979444923,183.91174046407
174,"206_fs1-00005.jpg",447.135265137517,183.877050382403
175,"206_fs1-00005.jpg",446.636345796399,183.833468388793
176,"206_fs1-00005.jpg",446.141375510675,183.780299779619
177,"206_fs1-00005.jpg",445.651508369451,183.716849851258
178,"206_fs1-00005.jpg",445.167898461832,183.642423900088
179,"206_fs1-00005.jpg",444.691699876925,183.556327222486
180,"206_fs1-00005.jpg",444.224066703835,183.45786511483
181,"206_fs1-00005.jpg",443.766153031668,183.346342873498
182,"206_fs1-00005.jpg",443.31911294953,183.221065794867
183,"206_fs1-00005.jpg",442.884100546526,183.081339175316
184,"206_fs1-00005.jpg",442.462269911764,182.926468311221
185,"206_fs1-00005.jpg",442.052728778579,182.755758498961
186,"206_fs1-00005.jpg",441.64949419657,182.568515034913
187,"206_fs1-00005.jpg",441.252180224808,182.364043215455
188,"206_fs1-00005.jpg",440.860893392439,182.141648336965
189,"206_fs1-00005.jpg",440.47574022861,181.90063569582
190,"206_fs1-00005.jpg",440.096827262467,181.640310588399
191,"206_fs1-00005.jpg",439.724261023155,181.359978311078
192,"206_fs1-00005.jpg",439.358148039821,181.058944160235
193,"206_fs1-00005.jpg",438.998594841611,180.736513432248
194,"206_fs1-00005.jpg",438.645707957671,180.391991423495
195,"206_fs1-00005.jpg",438.299593917147,180.024683430354
196,"206_fs1-00005.jpg",437.960359249185,179.633894749202
197,"206_fs1-00005.jpg",437.628110482932,179.218930676417
198,"206_fs1-00005.jpg",437.302954147533,178.779096508376
199,"206_fs1-00005.jpg",436.984996772135,178.313697541457
200,"206_fs1-00005.jpg",436.674344885884,177.822039072039
1,"206_fs1-00006.jpg",519.75,143.5
2,"206_fs1-00006.jpg",519.296107588208,143.322152555233
3,"206_fs1-00006.jpg",518.841417278932,143.147849505074
4,"206_fs1-00006.jpg",518.385929149472,142.977072439739
5,"206_fs1-00006.jpg",517.929643277127,142.809802949442
6,"206_fs1-00006.jpg",517.472559739195,142.6460226244
7,"206_fs1-00006.jpg",517.014678612976,142.485713054827
8,"206_fs1-00006.jpg",516.555999975769,142.328855830938
9,"206_fs1-00006.jpg",516.096523904873,142.17543254295
10,"206_fs1-00006.jpg",515.636250477587,142.025424781076
11,"206_fs1-00006.jpg",515.175179771211,141.878814135534
12,"206_fs1-00006.jpg",514.713311863043,141.735582196538
13,"206_fs1-00006.jpg",514.250646830383,141.595710554303
14,"206_fs1-00006.jpg",513.78718475053,141.459180799044
15,"206_fs1-00006.jpg",513.322925700783,141.325974520978
16,"206_fs1-00006.jpg",512.857869758441,141.196073310319
17,"206_fs1-00006.jpg",512.392017000804,141.069458757282
18,"206_fs1-00006.jpg",511.92536750517,140.946112452084
19,"206_fs1-00006.jpg",511.457921348838,140.826015984939
20,"206_fs1-00006.jpg",510.98966807289,140.709150946062
21,"206_fs1-00006.jpg",510.520338076006,140.595498925669
22,"206_fs1-00006.jpg",510.049861734072,140.485041513976
23,"206_fs1-00006.jpg",509.57830429393,140.377760301198
24,"206_fs1-00006.jpg",509.105731002424,140.273636877549
25,"206_fs1-00006.jpg",508.632207106397,140.172652833245
26,"206_fs1-00006.jpg",508.157797852692,140.074789758503
27,"206_fs1-00006.jpg",507.682568488152,139.980029243536
28,"206_fs1-00006.jpg",507.206584259621,139.88835287856
29,"206_fs1-00006.jpg",506.729910413941,139.799742253791
30,"206_fs1-00006.jpg",506.252612197956,139.714178959444
31,"206_fs1-00006.jpg",505.774754858509,139.631644585734
32,"206_fs1-00006.jpg",505.296403642442,139.552120722877
33,"206_fs1-00006.jpg",504.8176237966,139.475588961087
34,"206_fs1-00006.jpg",504.338480567825,139.402030890581
35,"206_fs1-00006.jpg",503.85903920296,139.331428101573
36,"206_fs1-00006.jpg",503.379364948849,139.26376218428
37,"206_fs1-00006.jpg",502.899523052335,139.199014728915
38,"206_fs1-00006.jpg",502.41957876026,139.137167325695
39,"206_fs1-00006.jpg",501.939597319468,139.078201564835
40,"206_fs1-00006.jpg",501.459456130729,139.022106493742
41,"206_fs1-00006.jpg",500.978277793636,138.969017009086
42,"206_fs1-00006.jpg",500.496078471363,138.919200879892
43,"206_fs1-00006.jpg",500.013018857078,138.872930729932
44,"206_fs1-00006.jpg",499.529259643947,138.830479182976
45,"206_fs1-00006.jpg",499.044961525136,138.792118862796
46,"206_fs1-00006.jpg",498.560285193813,138.758122393161
47,"206_fs1-00006.jpg",498.075391343144,138.728762397844
48,"206_fs1-00006.jpg",497.590440666296,138.704311500614
49,"206_fs1-00006.jpg",497.105593856434,138.685042325243
50,"206_fs1-00006.jpg",496.621011606726,138.671227495502
51,"206_fs1-00006.jpg",496.136854610339,138.663139635162
52,"206_fs1-00006.jpg",495.653283560439,138.661051367993
53,"206_fs1-00006.jpg",495.170459150193,138.665235317766
54,"206_fs1-00006.jpg",494.688542072767,138.675964108253
55,"206_fs1-00006.jpg",494.20766626138,138.693510365959
56,"206_fs1-00006.jpg",493.725676233303,138.718149190372
57,"206_fs1-00006.jpg",493.241626251919,138.750162711158
58,"206_fs1-00006.jpg",492.756221436084,138.789834298833
59,"206_fs1-00006.jpg",492.270166904654,138.837447323912
60,"206_fs1-00006.jpg",491.784167776485,138.893285156911
61,"206_fs1-00006.jpg",491.298929170432,138.957631168346
62,"206_fs1-00006.jpg",490.815156205351,139.030768728732
63,"206_fs1-00006.jpg",490.333554000098,139.112981208585
64,"206_fs1-00006.jpg",489.85482767353,139.204551978421
65,"206_fs1-00006.jpg",489.3796823445,139.305764408756
66,"206_fs1-00006.jpg",488.908823131867,139.416901870105
67,"206_fs1-00006.jpg",488.442955154484,139.538247732983
68,"206_fs1-00006.jpg",487.982783531209,139.670085367907
69,"206_fs1-00006.jpg",487.528679182967,139.812697343733
70,"206_fs1-00006.jpg",487.075082942772,139.966285938544
71,"206_fs1-00006.jpg",486.620699741656,140.130905759173
72,"206_fs1-00006.jpg",486.166723280011,140.306595545292
73,"206_fs1-00006.jpg",485.714347258228,140.493394036572
74,"206_fs1-00006.jpg",485.264765376697,140.691339972684
75,"206_fs1-00006.jpg",484.81917133581,140.900472093301
76,"206_fs1-00006.jpg",484.378758835957,141.120829138094
77,"206_fs1-00006.jpg",483.94472157753,141.352449846735
78,"206_fs1-00006.jpg",483.518253260919,141.595372958895
79,"206_fs1-00006.jpg",483.100547586515,141.849637214246
80,"206_fs1-00006.jpg",482.69279825471,142.11528135246
81,"206_fs1-00006.jpg",482.296198965893,142.392344113208
82,"206_fs1-00006.jpg",481.911943420457,142.680864236162
83,"206_fs1-00006.jpg",481.541006734667,142.980877927323
84,"206_fs1-00006.jpg",481.179939230136,143.292166698772
85,"206_fs1-00006.jpg",480.826806039578,143.614043113789
86,"206_fs1-00006.jpg",480.481129612846,143.945769278565
87,"206_fs1-00006.jpg",480.142432399792,144.286607299291
88,"206_fs1-00006.jpg",479.810236850271,144.635819282158
89,"206_fs1-00006.jpg",479.484065414135,144.992667333357
90,"206_fs1-00006.jpg",479.163440541236,145.35641355908
91,"206_fs1-00006.jpg",478.847884681428,145.726320065516
92,"206_fs1-00006.jpg",478.536920284563,146.101648958857
93,"206_fs1-00006.jpg",478.230069800495,146.481662345295
94,"206_fs1-00006.jpg",477.926855679076,146.865622331019
95,"206_fs1-00006.jpg",477.626800370159,147.252791022222
96,"206_fs1-00006.jpg",477.329426323598,147.642430525094
97,"206_fs1-00006.jpg",477.034255989245,148.033802945826
98,"206_fs1-00006.jpg",476.740811816953,148.426170390609
99,"206_fs1-00006.jpg",476.448608493205,148.818795046776
100,"206_fs1-00006.jpg",476.155916505799,149.211186951216
101,"206_fs1-00006.jpg",475.862649659667,149.603651147326
102,"206_fs1-00006.jpg",475.570205882184,149.996651755993
103,"206_fs1-00006.jpg",475.279983100725,150.390652898106
104,"206_fs1-00006.jpg",474.993379242664,150.786118694554
105,"206_fs1-00006.jpg",474.711792235376,151.183513266227
106,"206_fs1-00006.jpg",474.436620006235,151.583300734012
107,"206_fs1-00006.jpg",474.169260482617,151.985945218799
108,"206_fs1-00006.jpg",473.911111591895,152.391910841477
109,"206_fs1-00006.jpg",473.663571261444,152.801661722933
110,"206_fs1-00006.jpg",473.42803741864,153.215661984058
111,"206_fs1-00006.jpg",473.205851470794,153.63437567614
112,"206_fs1-00006.jpg",472.989347283545,154.05812204826
113,"206_fs1-00006.jpg",472.773315342782,154.486770631612
114,"206_fs1-00006.jpg",472.559099755692,154.920103908197
115,"206_fs1-00006.jpg",472.348044629462,155.357904360017
116,"206_fs1-00006.jpg",472.141494071279,155.799954469071
117,"206_fs1-00006.jpg",471.940792188328,156.246036717361
118,"206_fs1-00006.jpg",471.747283087797,156.695933586887
119,"206_fs1-00006.jpg",471.562310876872,157.14942755965
120,"206_fs1-00006.jpg",471.38721966274,157.60630111765
121,"206_fs1-00006.jpg",471.223353552588,158.066336742889
122,"206_fs1-00006.jpg",471.072056653601,158.529316917367
123,"206_fs1-00006.jpg",470.934673072968,158.995024123084
124,"206_fs1-00006.jpg",470.812546917874,159.463240842042
125,"206_fs1-00006.jpg",470.707022295505,159.933749556241
126,"206_fs1-00006.jpg",470.611320415174,160.406334976853
127,"206_fs1-00006.jpg",470.515860934181,160.880793079372
128,"206_fs1-00006.jpg",470.42191550576,161.356923389067
129,"206_fs1-00006.jpg",470.330813315423,161.834525432537
130,"206_fs1-00006.jpg",470.243883548681,162.313398736382
131,"206_fs1-00006.jpg",470.162455391044,162.793342827199
132,"206_fs1-00006.jpg",470.087858028024,163.274157231587
133,"206_fs1-00006.jpg",470.02142064513,163.755641476146
134,"206_fs1-00006.jpg",469.964472427875,164.237595087475
135,"206_fs1-00006.jpg",469.918342561769,164.719817592172
136,"206_fs1-00006.jpg",469.884360232322,165.202108516836
137,"206_fs1-00006.jpg",469.863854625047,165.684267388066
138,"206_fs1-00006.jpg",469.858134662648,166.166093910761
139,"206_fs1-00006.jpg",469.866266889554,166.647495656149
140,"206_fs1-00006.jpg",469.885187190237,167.128670752933
141,"206_fs1-00006.jpg",469.912174785636,167.609865758551
142,"206_fs1-00006.jpg",469.94450889669,168.091327230444
143,"206_fs1-00006.jpg",469.979468744337,168.573301726049
144,"206_fs1-00006.jpg",470.014333549519,169.056035802805
145,"206_fs1-00006.jpg",470.046382533173,169.539776018152
146,"206_fs1-00006.jpg",470.072894916239,170.024768929529
147,"206_fs1-00006.jpg",470.091149919656,170.511261094373
148,"206_fs1-00006.jpg",470.098426764363,170.999499070124
149,"206_fs1-00006.jpg",470.094272353101,171.489574835207
150,"206_fs1-00006.jpg",470.08091121981,171.980831071434
151,"206_fs1-00006.jpg",470.058908929299,172.472383737883
152,"206_fs1-00006.jpg",470.028822712068,172.963348744476
153,"206_fs1-00006.jpg",469.991209798622,173.452842001137
154,"206_fs1-00006.jpg",469.94662741946,173.939979417789
155,"206_fs1-00006.jpg",469.895632805086,174.423876904357
156,"206_fs1-00006.jpg",469.838783186001,174.903650370763
157,"206_fs1-00006.jpg",469.776635792707,175.37841572693
158,"206_fs1-00006.jpg",469.709747855706,175.847288882782
159,"206_fs1-00006.jpg",469.6386766055,176.309385748243
160,"206_fs1-00006.jpg",469.550321426284,176.763871769169
161,"206_fs1-00006.jpg",469.410590925697,177.210401576392
162,"206_fs1-00006.jpg",469.224363615919,177.648908596551
163,"206_fs1-00006.jpg",468.998826981728,178.079329497685
164,"206_fs1-00006.jpg",468.741168507904,178.501600947837
165,"206_fs1-00006.jpg",468.458575679227,178.915659615048
166,"206_fs1-00006.jpg",468.158235980474,179.32144216736
167,"206_fs1-00006.jpg",467.847336896427,179.718885272813
168,"206_fs1-00006.jpg",467.533065911862,180.107925599448
169,"206_fs1-00006.jpg",467.222610511561,180.488499815308
170,"206_fs1-00006.jpg",466.919379741439,180.860544588433
171,"206_fs1-00006.jpg",466.610423109463,181.223996586865
172,"206_fs1-00006.jpg",466.293807080749,181.578792478645
173,"206_fs1-00006.jpg",465.969479963463,181.924868931814
174,"206_fs1-00006.jpg",465.637390065772,182.262162614413
175,"206_fs1-00006.jpg",465.297485695844,182.590610194485
176,"206_fs1-00006.jpg",464.949715161846,182.91014834007
177,"206_fs1-00006.jpg",464.594026771944,183.220713719209
178,"206_fs1-00006.jpg",464.230368834305,183.522242999944
179,"206_fs1-00006.jpg",463.858689657097,183.814672850315
180,"206_fs1-00006.jpg",463.478937548486,184.097939938366
181,"206_fs1-00006.jpg",463.09106081664,184.371980932136
182,"206_fs1-00006.jpg",462.695007769726,184.636732499666
183,"206_fs1-00006.jpg",462.29072671591,184.892131309
184,"206_fs1-00006.jpg",461.87816596336,185.138114028176
185,"206_fs1-00006.jpg",461.457273820242,185.374617325238
186,"206_fs1-00006.jpg",461.027998594724,185.601577868225
187,"206_fs1-00006.jpg",460.590288594973,185.81893232518
188,"206_fs1-00006.jpg",460.144092129156,186.026617364144
189,"206_fs1-00006.jpg",459.689357505439,186.224569653157
190,"206_fs1-00006.jpg",459.22603303199,186.412725860262
191,"206_fs1-00006.jpg",458.754067016976,186.5910226535
192,"206_fs1-00006.jpg",458.273407768564,186.759396700911
193,"206_fs1-00006.jpg",457.78400359492,186.917784670537
194,"206_fs1-00006.jpg",457.285802804213,187.06612323042
195,"206_fs1-00006.jpg",456.778753704608,187.204349048601
196,"206_fs1-00006.jpg",456.262804604273,187.332398793121
197,"206_fs1-00006.jpg",455.737903811376,187.450209132021
198,"206_fs1-00006.jpg",455.203999634082,187.557716733343
199,"206_fs1-00006.jpg",454.661040380559,187.654858265128
200,"206_fs1-00006.jpg",454.108974358974,187.741570395417
1,"206_fs1-00007.jpg",535,142.5
2,"206_fs1-00007.jpg",534.501837048804,142.456497728011
3,"206_fs1-00007.jpg",534.003728536247,142.40955173271
4,"206_fs1-00007.jpg",533.505674083709,142.359300325403
5,"206_fs1-00007.jpg",533.007673312568,142.305881817395
6,"206_fs1-00007.jpg",532.509725844201,142.249434519993
7,"206_fs1-00007.jpg",532.011831299989,142.190096744501
8,"206_fs1-00007.jpg",531.513989301309,142.128006802227
9,"206_fs1-00007.jpg",531.016199469541,142.063303004476
10,"206_fs1-00007.jpg",530.518461426061,141.996123662553
11,"206_fs1-00007.jpg",530.02077479225,141.926607087765
12,"206_fs1-00007.jpg",529.523139189486,141.854891591417
13,"206_fs1-00007.jpg",529.025554239146,141.781115484816
14,"206_fs1-00007.jpg",528.528019562611,141.705417079266
15,"206_fs1-00007.jpg",528.030534781258,141.627934686075
16,"206_fs1-00007.jpg",527.533099516466,141.548806616548
17,"206_fs1-00007.jpg",527.035713389613,141.46817118199
18,"206_fs1-00007.jpg",526.538376022078,141.386166693708
19,"206_fs1-00007.jpg",526.041087035239,141.302931463008
20,"206_fs1-00007.jpg",525.543846050476,141.218603801194
21,"206_fs1-00007.jpg",525.046652689167,141.133322019574
22,"206_fs1-00007.jpg",524.549506572689,141.047224429453
23,"206_fs1-00007.jpg",524.052407322422,140.960449342137
24,"206_fs1-00007.jpg",523.555354559745,140.873135068931
25,"206_fs1-00007.jpg",523.058347906036,140.785419921142
26,"206_fs1-00007.jpg",522.561386982673,140.697442210076
27,"206_fs1-00007.jpg",522.064580708011,140.609340247038
28,"206_fs1-00007.jpg",521.568020369175,140.521252343333
29,"206_fs1-00007.jpg",521.071673091881,140.433316810269
30,"206_fs1-00007.jpg",520.575505992996,140.345671959151
31,"206_fs1-00007.jpg",520.079486189387,140.258456101285
32,"206_fs1-00007.jpg",519.58358079792,140.171807547976
33,"206_fs1-00007.jpg",519.087756935462,140.08586461053
34,"206_fs1-00007.jpg",518.591981718879,140.000765600254
35,"206_fs1-00007.jpg",518.096222265038,139.916648828453
36,"206_fs1-00007.jpg",517.600445690807,139.833652606432
37,"206_fs1-00007.jpg",517.104619113051,139.751915245499
38,"206_fs1-00007.jpg",516.608709648637,139.671575056959
39,"206_fs1-00007.jpg",516.112684414432,139.592770352117
40,"206_fs1-00007.jpg",515.616510527302,139.515639442279
41,"206_fs1-00007.jpg",515.120155104114,139.440320638752
42,"206_fs1-00007.jpg",514.623585261736,139.36695225284
43,"206_fs1-00007.jpg",514.126768117032,139.295672595851
44,"206_fs1-00007.jpg",513.629670786871,139.22661997909
45,"206_fs1-00007.jpg",513.132260388119,139.159932713862
46,"206_fs1-00007.jpg",512.634504037642,139.095749111474
47,"206_fs1-00007.jpg",512.13637012946,139.034188030611
48,"206_fs1-00007.jpg",511.637860622463,138.975124770691
49,"206_fs1-00007.jpg",511.139008875711,138.918268806971
50,"206_fs1-00007.jpg",510.639849267454,138.863326432997
51,"206_fs1-00007.jpg",510.140416175942,138.810003942316
52,"206_fs1-00007.jpg",509.640743979426,138.758007628471
53,"206_fs1-00007.jpg",509.140867056156,138.707043785009
54,"206_fs1-00007.jpg",508.640819784381,138.656818705476
55,"206_fs1-00007.jpg",508.140636542352,138.607038683417
56,"206_fs1-00007.jpg",507.64035170832,138.557410012377
57,"206_fs1-00007.jpg",507.139999660533,138.507638985903
58,"206_fs1-00007.jpg",506.639614777244,138.45743189754
59,"206_fs1-00007.jpg",506.1392314367,138.406495040833
60,"206_fs1-00007.jpg",505.638884017154,138.354534709329
61,"206_fs1-00007.jpg",505.138606896854,138.301257196572
62,"206_fs1-00007.jpg",504.638434454052,138.246368796108
63,"206_fs1-00007.jpg",504.138401066996,138.189575801483
64,"206_fs1-00007.jpg",503.638541113938,138.130584506243
65,"206_fs1-00007.jpg",503.138888973128,138.069101203932
66,"206_fs1-00007.jpg",502.639479022815,138.004832188098
67,"206_fs1-00007.jpg",502.140276188439,137.937561195812
68,"206_fs1-00007.jpg",501.641152108966,137.867642398702
69,"206_fs1-00007.jpg",501.142100121832,137.795684888882
70,"206_fs1-00007.jpg",500.643117604593,137.722298944939
71,"206_fs1-00007.jpg",500.144201934805,137.64809484546
72,"206_fs1-00007.jpg",499.645350490025,137.57368286903
73,"206_fs1-00007.jpg",499.146560647807,137.499673294235
74,"206_fs1-00007.jpg",498.647829785708,137.426676399661
75,"206_fs1-00007.jpg",498.149155281283,137.355302463896
76,"206_fs1-00007.jpg",497.650534512089,137.286161765524
77,"206_fs1-00007.jpg",497.15196485568,137.219864583132
78,"206_fs1-00007.jpg",496.653443689614,137.157021195305
79,"206_fs1-00007.jpg",496.154968391446,137.098241880631
80,"206_fs1-00007.jpg",495.656536338731,137.044136917695
81,"206_fs1-00007.jpg",495.158144909025,136.995316585084
82,"206_fs1-00007.jpg",494.659791479885,136.952391161382
83,"206_fs1-00007.jpg",494.161473428867,136.915970925178
84,"206_fs1-00007.jpg",493.661582998037,136.886669993467
85,"206_fs1-00007.jpg",493.157336629106,136.865130361071
86,"206_fs1-00007.jpg",492.649495473137,136.852006328365
87,"206_fs1-00007.jpg",492.138919782983,136.847952249826
88,"206_fs1-00007.jpg",491.626469811496,136.853622479933
89,"206_fs1-00007.jpg",491.113005811529,136.869671373162
90,"206_fs1-00007.jpg",490.599388035933,136.89675328399
91,"206_fs1-00007.jpg",490.086476737561,136.935522566896
92,"206_fs1-00007.jpg",489.575132169266,136.986633576355
93,"206_fs1-00007.jpg",489.066214583899,137.050740666847
94,"206_fs1-00007.jpg",488.560584234313,137.128498192847
95,"206_fs1-00007.jpg",488.05910137336,137.220560508834
96,"206_fs1-00007.jpg",487.562626253893,137.327581969284
97,"206_fs1-00007.jpg",487.072019128763,137.450216928675
98,"206_fs1-00007.jpg",486.588140250823,137.589119741485
99,"206_fs1-00007.jpg",486.111849872926,137.74494476219
100,"206_fs1-00007.jpg",485.644008247924,137.918346345267
101,"206_fs1-00007.jpg",485.185475628668,138.109978845195
102,"206_fs1-00007.jpg",484.736338671773,138.320364746724
103,"206_fs1-00007.jpg",484.294526671463,138.548644249617
104,"206_fs1-00007.jpg",483.859405052027,138.793132463159
105,"206_fs1-00007.jpg",483.430466192558,139.05213345373
106,"206_fs1-00007.jpg",483.007202472149,139.323951287712
107,"206_fs1-00007.jpg",482.589106269896,139.606890031487
108,"206_fs1-00007.jpg",482.175669964891,139.899253751438
109,"206_fs1-00007.jpg",481.766385936228,140.199346513945
110,"206_fs1-00007.jpg",481.360746563002,140.505472385391
111,"206_fs1-00007.jpg",480.958244224306,140.815935432157
112,"206_fs1-00007.jpg",480.558371299234,141.129039720625
113,"206_fs1-00007.jpg",480.16062016688,141.443089317177
114,"206_fs1-00007.jpg",479.764483206339,141.756388288195
115,"206_fs1-00007.jpg",479.369452796702,142.06724070006
116,"206_fs1-00007.jpg",478.970540467064,142.374239287063
117,"206_fs1-00007.jpg",478.559620903653,142.678356724405
118,"206_fs1-00007.jpg",478.140999045896,142.981737106351
119,"206_fs1-00007.jpg",477.719444340603,143.286532707536
120,"206_fs1-00007.jpg",477.299726234585,143.594895802592
121,"206_fs1-00007.jpg",476.886614174652,143.908978666155
122,"206_fs1-00007.jpg",476.484877607615,144.230933572857
123,"206_fs1-00007.jpg",476.099285980283,144.562912797333
124,"206_fs1-00007.jpg",475.734608739466,144.907068614216
125,"206_fs1-00007.jpg",475.395615331976,145.265553298141
126,"206_fs1-00007.jpg",475.087075204622,145.64051912374
127,"206_fs1-00007.jpg",474.813757804214,146.034118365649
128,"206_fs1-00007.jpg",474.573763829354,146.448050445406
129,"206_fs1-00007.jpg",474.354571137639,146.880886024225
130,"206_fs1-00007.jpg",474.152542669012,147.329874463167
131,"206_fs1-00007.jpg",473.964314425456,147.792260442594
132,"206_fs1-00007.jpg",473.786522408956,148.265288642868
133,"206_fs1-00007.jpg",473.615802621494,148.746203744351
134,"206_fs1-00007.jpg",473.448791065053,149.232250427406
135,"206_fs1-00007.jpg",473.282123741619,149.720673372394
136,"206_fs1-00007.jpg",473.112436653172,150.208717259677
137,"206_fs1-00007.jpg",472.936396964492,150.69362937087
138,"206_fs1-00007.jpg",472.753302742934,151.173592864899
139,"206_fs1-00007.jpg",472.56518783633,151.649109748541
140,"206_fs1-00007.jpg",472.373868191166,152.121034980602
141,"206_fs1-00007.jpg",472.181159753924,152.590223519889
142,"206_fs1-00007.jpg",471.988878471091,153.057530325211
143,"206_fs1-00007.jpg",471.798840289152,153.523810355372
144,"206_fs1-00007.jpg",471.61286115459,153.989918569182
145,"206_fs1-00007.jpg",471.432757013892,154.456709925446
146,"206_fs1-00007.jpg",471.260343813542,154.925039382973
147,"206_fs1-00007.jpg",471.097437500024,155.395761900568
148,"206_fs1-00007.jpg",470.945854019824,155.869732437039
149,"206_fs1-00007.jpg",470.807409319427,156.347805951194
150,"206_fs1-00007.jpg",470.683919345317,156.830837401838
151,"206_fs1-00007.jpg",470.575182224678,157.319652554918
152,"206_fs1-00007.jpg",470.467145745765,157.814139044308
153,"206_fs1-00007.jpg",470.358552281742,158.313068813672
154,"206_fs1-00007.jpg",470.251607049791,158.815148767376
155,"206_fs1-00007.jpg",470.148515267097,159.319085809782
156,"206_fs1-00007.jpg",470.051482150844,159.823586845255
157,"206_fs1-00007.jpg",469.962712918215,160.327358778159
158,"206_fs1-00007.jpg",469.884412786396,160.829108512859
159,"206_fs1-00007.jpg",469.818786972568,161.327542953718
160,"206_fs1-00007.jpg",469.768040693917,161.821369005101
161,"206_fs1-00007.jpg",469.734379167625,162.309293571372
162,"206_fs1-00007.jpg",469.720007610878,162.790023556896
163,"206_fs1-00007.jpg",469.758847921016,163.262547557648
164,"206_fs1-00007.jpg",469.897999478438,163.727832056026
165,"206_fs1-00007.jpg",470.110465828892,164.187690911635
166,"206_fs1-00007.jpg",470.367464009671,164.643941210957
167,"206_fs1-00007.jpg",470.640211058068,165.098400040477
168,"206_fs1-00007.jpg",470.899924011377,165.552884486678
169,"206_fs1-00007.jpg",471.117819906891,166.009211636043
170,"206_fs1-00007.jpg",471.290228787702,166.46905737608
171,"206_fs1-00007.jpg",471.463513628457,166.932870767845
172,"206_fs1-00007.jpg",471.638536060128,167.400470087992
173,"206_fs1-00007.jpg",471.813664461748,167.871668426904
174,"206_fs1-00007.jpg",471.98726721235,168.346278874963
175,"206_fs1-00007.jpg",472.157712690968,168.82411452255
176,"206_fs1-00007.jpg",472.323369276635,169.304988460047
177,"206_fs1-00007.jpg",472.482605348384,169.788713777835
178,"206_fs1-00007.jpg",472.633789285249,170.275103566296
179,"206_fs1-00007.jpg",472.775289466262,170.763970915813
180,"206_fs1-00007.jpg",472.905474270457,171.255128916766
181,"206_fs1-00007.jpg",473.022712076867,171.748390659537
182,"206_fs1-00007.jpg",473.125371264525,172.243569234509
183,"206_fs1-00007.jpg",473.211820212465,172.740477732062
184,"206_fs1-00007.jpg",473.280427299719,173.238929242578
185,"206_fs1-00007.jpg",473.329627939125,173.73873685644
186,"206_fs1-00007.jpg",473.369445055248,174.239713664028
187,"206_fs1-00007.jpg",473.407804641181,174.741672755725
188,"206_fs1-00007.jpg",473.444515730024,175.244427221912
189,"206_fs1-00007.jpg",473.479387354876,175.747790152972
190,"206_fs1-00007.jpg",473.512228548838,176.251574639284
191,"206_fs1-00007.jpg",473.542848345011,176.755593771232
192,"206_fs1-00007.jpg",473.571055776494,177.259660639197
193,"206_fs1-00007.jpg",473.596659876388,177.763588333561
194,"206_fs1-00007.jpg",473.619469677792,178.267189944705
195,"206_fs1-00007.jpg",473.639294213809,178.770278563011
196,"206_fs1-00007.jpg",473.655942517537,179.27266727886
197,"206_fs1-00007.jpg",473.669223622077,179.774169182636
198,"206_fs1-00007.jpg",473.678946560528,180.274597364718
199,"206_fs1-00007.jpg",473.684920365993,180.773764915489
200,"206_fs1-00007.jpg",473.68695407157,181.271484925331
1,"206_fs1-00008.jpg",544,142.5
2,"206_fs1-00008.jpg",543.513424465752,142.404748780476
3,"206_fs1-00008.jpg",543.026879340694,142.310789957203
4,"206_fs1-00008.jpg",542.540364316066,142.218057319453
5,"206_fs1-00008.jpg",542.053879083108,142.126484656498
6,"206_fs1-00008.jpg",541.567423333059,142.03600575761
7,"206_fs1-00008.jpg",541.08099675716,141.946554412059
8,"206_fs1-00008.jpg",540.59459904665,141.858064409119
9,"206_fs1-00008.jpg",540.108229892768,141.77046953806
10,"206_fs1-00008.jpg",539.621888986755,141.683703588155
11,"206_fs1-00008.jpg",539.13557601985,141.597700348675
12,"206_fs1-00008.jpg",538.649290683293,141.512393608891
13,"206_fs1-00008.jpg",538.163032668323,141.427717158077
14,"206_fs1-00008.jpg",537.676801666181,141.343604785502
15,"206_fs1-00008.jpg",537.190597368105,141.25999028044
16,"206_fs1-00008.jpg",536.704419465336,141.176807432161
17,"206_fs1-00008.jpg",536.218267649114,141.093990029937
18,"206_fs1-00008.jpg",535.732141610677,141.011471863041
19,"206_fs1-00008.jpg",535.246041041267,140.929186720744
20,"206_fs1-00008.jpg",534.759965632122,140.847068392318
21,"206_fs1-00008.jpg",534.273915074482,140.765050667034
22,"206_fs1-00008.jpg",533.787889059586,140.683067334164
23,"206_fs1-00008.jpg",533.301887278676,140.601052182979
24,"206_fs1-00008.jpg",532.81590942299,140.518939002753
25,"206_fs1-00008.jpg",532.329955183768,140.436661582756
26,"206_fs1-00008.jpg",531.844024252249,140.354153712259
27,"206_fs1-00008.jpg",531.358133284856,140.271349180536
28,"206_fs1-00008.jpg",530.872315258904,140.188181776856
29,"206_fs1-00008.jpg",530.386563511882,140.104585290494
30,"206_fs1-00008.jpg",529.900869978059,140.020493510719
31,"206_fs1-00008.jpg",529.415226591699,139.935840226803
32,"206_fs1-00008.jpg",528.929625287068,139.850559228019
33,"206_fs1-00008.jpg",528.444057998434,139.764584303638
34,"206_fs1-00008.jpg",527.958516660061,139.677849242932
35,"206_fs1-00008.jpg",527.472993206217,139.590287835173
36,"206_fs1-00008.jpg",526.987479571166,139.501833869631
37,"206_fs1-00008.jpg",526.501967689176,139.41242113558
38,"206_fs1-00008.jpg",526.016449494513,139.321983422291
39,"206_fs1-00008.jpg",525.530916921441,139.230454519035
40,"206_fs1-00008.jpg",525.045361904229,139.137768215084
41,"206_fs1-00008.jpg",524.559776377141,139.04385829971
42,"206_fs1-00008.jpg",524.074152274444,138.948658562185
43,"206_fs1-00008.jpg",523.588481530404,138.85210279178
44,"206_fs1-00008.jpg",523.102756079287,138.754124777767
45,"206_fs1-00008.jpg",522.617039311173,138.654675585145
46,"206_fs1-00008.jpg",522.131611209155,138.553980923239
47,"206_fs1-00008.jpg",521.646448019395,138.452486498998
48,"206_fs1-00008.jpg",521.161488460879,138.350644196836
49,"206_fs1-00008.jpg",520.67667125259,138.24890590117
50,"206_fs1-00008.jpg",520.191935113514,138.147723496415
51,"206_fs1-00008.jpg",519.707218762635,138.047548866987
52,"206_fs1-00008.jpg",519.222460918936,137.948833897303
53,"206_fs1-00008.jpg",518.737600301402,137.852030471778
54,"206_fs1-00008.jpg",518.252575629019,137.757590474829
55,"206_fs1-00008.jpg",517.767325620769,137.66596579087
56,"206_fs1-00008.jpg",517.281788995637,137.577608304319
57,"206_fs1-00008.jpg",516.795904472609,137.492969899591
58,"206_fs1-00008.jpg",516.309610770667,137.412502461102
59,"206_fs1-00008.jpg",515.822846608797,137.336657873268
60,"206_fs1-00008.jpg",515.335550705983,137.265888020505
61,"206_fs1-00008.jpg",514.84766178121,137.200644787229
62,"206_fs1-00008.jpg",514.35911855346,137.141380057855
63,"206_fs1-00008.jpg",513.869859729352,137.088545712284
64,"206_fs1-00008.jpg",513.379831488945,137.042408132207
65,"206_fs1-00008.jpg",512.889065124638,137.002555199995
66,"206_fs1-00008.jpg",512.397624649142,136.968419709466
67,"206_fs1-00008.jpg",511.905574075172,136.939434454437
68,"206_fs1-00008.jpg",511.412977415439,136.915032228723
69,"206_fs1-00008.jpg",510.919898682657,136.894645826142
70,"206_fs1-00008.jpg",510.42640188954,136.877708040511
71,"206_fs1-00008.jpg",509.932551048799,136.863651665646
72,"206_fs1-00008.jpg",509.438410173149,136.851909495365
73,"206_fs1-00008.jpg",508.944043275301,136.841914323483
74,"206_fs1-00008.jpg",508.44951436797,136.833098943818
75,"206_fs1-00008.jpg",507.954887463868,136.824896150187
76,"206_fs1-00008.jpg",507.460226575708,136.816738736407
77,"206_fs1-00008.jpg",506.965595716204,136.808059496293
78,"206_fs1-00008.jpg",506.471058898067,136.798291223664
79,"206_fs1-00008.jpg",505.976680134012,136.786866712335
80,"206_fs1-00008.jpg",505.482523436752,136.773218756124
81,"206_fs1-00008.jpg",504.988652818998,136.756780148847
82,"206_fs1-00008.jpg",504.495132293465,136.736983684322
83,"206_fs1-00008.jpg",504.001843241658,136.71331586324
84,"206_fs1-00008.jpg",503.508240847825,136.685905609129
85,"206_fs1-00008.jpg",503.01434241954,136.655305061864
86,"206_fs1-00008.jpg",502.520214280863,136.622073818674
87,"206_fs1-00008.jpg",502.025922755856,136.586771476785
88,"206_fs1-00008.jpg",501.531534168579,136.549957633423
89,"206_fs1-00008.jpg",501.037114843094,136.512191885817
90,"206_fs1-00008.jpg",500.54273110346,136.474033831193
91,"206_fs1-00008.jpg",500.048449273739,136.436043066777
92,"206_fs1-00008.jpg",499.554335677992,136.398779189798
93,"206_fs1-00008.jpg",499.060456640279,136.362801797481
94,"206_fs1-00008.jpg",498.566878484661,136.328670487054
95,"206_fs1-00008.jpg",498.0736675352,136.296944855745
96,"206_fs1-00008.jpg",497.580890115955,136.268184500778
97,"206_fs1-00008.jpg",497.088612550988,136.242949019383
98,"206_fs1-00008.jpg",496.59690116436,136.221798008786
99,"206_fs1-00008.jpg",496.105822280131,136.205291066213
100,"206_fs1-00008.jpg",495.615442222362,136.193987788892
101,"206_fs1-00008.jpg",495.125827315115,136.188447774049
102,"206_fs1-00008.jpg",494.63697350087,136.18922855491
103,"206_fs1-00008.jpg",494.147622648385,136.196682276082
104,"206_fs1-00008.jpg",493.657383990929,136.210784062493
105,"206_fs1-00008.jpg",493.166383320234,136.231468626441
106,"206_fs1-00008.jpg",492.674746428036,136.258670680224
107,"206_fs1-00008.jpg",492.182599106069,136.292324936138
108,"206_fs1-00008.jpg",491.690067146068,136.332366106482
109,"206_fs1-00008.jpg",491.197276339766,136.378728903552
110,"206_fs1-00008.jpg",490.7043524789,136.431348039647
111,"206_fs1-00008.jpg",490.211421355202,136.490158227064
112,"206_fs1-00008.jpg",489.718608760408,136.5550941781
113,"206_fs1-00008.jpg",489.226040486252,136.626090605053
114,"206_fs1-00008.jpg",488.733842324469,136.70308222022
115,"206_fs1-00008.jpg",488.242140066793,136.786003735899
116,"206_fs1-00008.jpg",487.751059504958,136.874789864388
117,"206_fs1-00008.jpg",487.260726430699,136.969375317983
118,"206_fs1-00008.jpg",486.771266635751,137.069694808982
119,"206_fs1-00008.jpg",486.282805911848,137.175683049683
120,"206_fs1-00008.jpg",485.795470050724,137.287274752384
121,"206_fs1-00008.jpg",485.309384844115,137.404404629381
122,"206_fs1-00008.jpg",484.824676083754,137.527007392972
123,"206_fs1-00008.jpg",484.341469561377,137.655017755455
124,"206_fs1-00008.jpg",483.859891068716,137.788370429127
125,"206_fs1-00008.jpg",483.380066397508,137.927000126286
126,"206_fs1-00008.jpg",482.902121339487,138.070841559229
127,"206_fs1-00008.jpg",482.426181686386,138.219829440254
128,"206_fs1-00008.jpg",481.952373229941,138.373898481658
129,"206_fs1-00008.jpg",481.480821761886,138.532983395738
130,"206_fs1-00008.jpg",481.011653073956,138.697018894793
131,"206_fs1-00008.jpg",480.544992957885,138.865939691119
132,"206_fs1-00008.jpg",480.080967205407,139.039680497014
133,"206_fs1-00008.jpg",479.619701608257,139.218176024776
134,"206_fs1-00008.jpg",479.16132195817,139.401360986702
135,"206_fs1-00008.jpg",478.704532496285,139.589193039487
136,"206_fs1-00008.jpg",478.247078772647,139.781787640953
137,"206_fs1-00008.jpg",477.789620462379,139.979326618371
138,"206_fs1-00008.jpg",477.332886543013,140.18199202927
139,"206_fs1-00008.jpg",476.877605992084,140.389965931175
140,"206_fs1-00008.jpg",476.424507787128,140.603430381615
141,"206_fs1-00008.jpg",475.974320905677,140.822567438115
142,"206_fs1-00008.jpg",475.527774325266,141.047559158204
143,"206_fs1-00008.jpg",475.085597023429,141.278587599408
144,"206_fs1-00008.jpg",474.648517977701,141.515834819253
145,"206_fs1-00008.jpg",474.217266165615,141.759482875267
146,"206_fs1-00008.jpg",473.792570564706,142.009713824978
147,"206_fs1-00008.jpg",473.375160152508,142.266709725911
148,"206_fs1-00008.jpg",472.965763906555,142.530652635593
149,"206_fs1-00008.jpg",472.565110804382,142.801724611553
150,"206_fs1-00008.jpg",472.173594928551,143.080107594749
151,"206_fs1-00008.jpg",471.771170980756,143.365919729415
152,"206_fs1-00008.jpg",471.348685488303,143.659109837683
153,"206_fs1-00008.jpg",470.910278364999,143.959598965294
154,"206_fs1-00008.jpg",470.460089524652,144.26730815799
155,"206_fs1-00008.jpg",470.002258881071,144.582158461511
156,"206_fs1-00008.jpg",469.540926348065,144.904070921598
157,"206_fs1-00008.jpg",469.080231839441,145.232966583993
158,"206_fs1-00008.jpg",468.624315269009,145.568766494437
159,"206_fs1-00008.jpg",468.177316550575,145.91139169867
160,"206_fs1-00008.jpg",467.74337559795,146.260763242434
161,"206_fs1-00008.jpg",467.326632324941,146.616802171469
162,"206_fs1-00008.jpg",466.931226645356,146.979429531517
163,"206_fs1-00008.jpg",466.561298473004,147.348566368318
164,"206_fs1-00008.jpg",466.220987721694,147.724133727614
165,"206_fs1-00008.jpg",465.914434305233,148.106052655146
166,"206_fs1-00008.jpg",465.64577813743,148.494244196655
167,"206_fs1-00008.jpg",465.419159132094,148.888629397881
168,"206_fs1-00008.jpg",465.238717203032,149.289129304567
169,"206_fs1-00008.jpg",465.108592264053,149.695664962452
170,"206_fs1-00008.jpg",465.032924228966,150.108157417278
171,"206_fs1-00008.jpg",465.01437024514,150.526527714785
172,"206_fs1-00008.jpg",465.01437024514,150.950696900716
173,"206_fs1-00008.jpg",465.01437024514,151.380586020811
174,"206_fs1-00008.jpg",465.01437024514,151.816116120811
175,"206_fs1-00008.jpg",465.01437024514,152.257208246457
176,"206_fs1-00008.jpg",465.01437024514,152.703783443489
177,"206_fs1-00008.jpg",465.01437024514,153.15576275765
178,"206_fs1-00008.jpg",465.01437024514,153.61306723468
179,"206_fs1-00008.jpg",465.01437024514,154.075617920321
180,"206_fs1-00008.jpg",465.01437024514,154.543335860312
181,"206_fs1-00008.jpg",465.01437024514,155.016142100396
182,"206_fs1-00008.jpg",465.01437024514,155.493957686312
183,"206_fs1-00008.jpg",465.01437024514,155.976703663803
184,"206_fs1-00008.jpg",465.01437024514,156.46430107861
185,"206_fs1-00008.jpg",465.01437024514,156.956670976473
186,"206_fs1-00008.jpg",465.01437024514,157.453734403133
187,"206_fs1-00008.jpg",465.01437024514,157.955412404331
188,"206_fs1-00008.jpg",465.01437024514,158.461626025809
189,"206_fs1-00008.jpg",465.01437024514,158.972296313307
190,"206_fs1-00008.jpg",465.01437024514,159.487344312567
191,"206_fs1-00008.jpg",465.01437024514,160.00669106933
192,"206_fs1-00008.jpg",465.01437024514,160.530257629336
193,"206_fs1-00008.jpg",465.01437024514,161.057965038326
194,"206_fs1-00008.jpg",465.01437024514,161.589734342042
195,"206_fs1-00008.jpg",465.01437024514,162.125486586225
196,"206_fs1-00008.jpg",465.01437024514,162.665142816615
197,"206_fs1-00008.jpg",465.01437024514,163.208624078955
198,"206_fs1-00008.jpg",465.01437024514,163.755851418984
199,"206_fs1-00008.jpg",465.01437024514,164.306745882443
200,"206_fs1-00008.jpg",465.01437024514,164.861228515075
1,"206_fs1-00009.jpg",557.25,146.5
2,"206_fs1-00009.jpg",556.762371014332,146.353883533177
3,"206_fs1-00009.jpg",556.274403763941,146.20758884482
4,"206_fs1-00009.jpg",555.786101665927,146.061151980018
5,"206_fs1-00009.jpg",555.297468137391,145.914608983863
6,"206_fs1-00009.jpg",554.808506595436,145.767995901444
7,"206_fs1-00009.jpg",554.319220457162,145.621348777852
8,"206_fs1-00009.jpg",553.82961313967,145.474703658178
9,"206_fs1-00009.jpg",553.339688060062,145.328096587512
10,"206_fs1-00009.jpg",552.849448635439,145.181563610945
11,"206_fs1-00009.jpg",552.358898282903,145.035140773567
12,"206_fs1-00009.jpg",551.868040419553,144.888864120469
13,"206_fs1-00009.jpg",551.376878462492,144.742769696742
14,"206_fs1-00009.jpg",550.885415828822,144.596893547475
15,"206_fs1-00009.jpg",550.393655935642,144.45127171776
16,"206_fs1-00009.jpg",549.901602200055,144.305940252687
17,"206_fs1-00009.jpg",549.409258039161,144.160935197346
18,"206_fs1-00009.jpg",548.916626870062,144.016292596828
19,"206_fs1-00009.jpg",548.423712109859,143.872048496223
20,"206_fs1-00009.jpg",547.930517175654,143.728238940623
21,"206_fs1-00009.jpg",547.437045484547,143.584899975117
22,"206_fs1-00009.jpg",546.94330045364,143.442067644796
23,"206_fs1-00009.jpg",546.449285500033,143.299777994751
24,"206_fs1-00009.jpg",545.95500404083,143.158067070072
25,"206_fs1-00009.jpg",545.460459493129,143.016970915849
26,"206_fs1-00009.jpg",544.965655274034,142.876525577174
27,"206_fs1-00009.jpg",544.470594800644,142.736767099136
28,"206_fs1-00009.jpg",543.975281490062,142.597731526826
29,"206_fs1-00009.jpg",543.479718759388,142.459454905336
30,"206_fs1-00009.jpg",542.983910025724,142.321973279754
31,"206_fs1-00009.jpg",542.48785870617,142.185322695172
32,"206_fs1-00009.jpg",541.991568217829,142.049539196681
33,"206_fs1-00009.jpg",541.495041977801,141.91465882937
34,"206_fs1-00009.jpg",540.998283403188,141.780717638331
35,"206_fs1-00009.jpg",540.501295911091,141.647751668653
36,"206_fs1-00009.jpg",540.004082918611,141.515796965428
37,"206_fs1-00009.jpg",539.506647842849,141.384889573746
38,"206_fs1-00009.jpg",539.008994100907,141.255065538697
39,"206_fs1-00009.jpg",538.511125109886,141.126360905372
40,"206_fs1-00009.jpg",538.013044286887,140.998811718862
41,"206_fs1-00009.jpg",537.514755049011,140.872454024257
42,"206_fs1-00009.jpg",537.01626081336,140.747323866647
43,"206_fs1-00009.jpg",536.517564997034,140.623457291123
44,"206_fs1-00009.jpg",536.018671017136,140.500890342776
45,"206_fs1-00009.jpg",535.519582290765,140.379659066696
46,"206_fs1-00009.jpg",535.020302235025,140.259799507974
47,"206_fs1-00009.jpg",534.520834267015,140.141347711699
48,"206_fs1-00009.jpg",534.021181803837,140.024339722964
49,"206_fs1-00009.jpg",533.521348262592,139.908811586857
50,"206_fs1-00009.jpg",533.021337060381,139.79479934847
51,"206_fs1-00009.jpg",532.521151614307,139.682339052894
52,"206_fs1-00009.jpg",532.020698032801,139.571466745218
53,"206_fs1-00009.jpg",531.519693623593,139.462218470534
54,"206_fs1-00009.jpg",531.018141429268,139.354630273931
55,"206_fs1-00009.jpg",530.516065191391,139.248738200501
56,"206_fs1-00009.jpg",530.013488651528,139.144578295333
57,"206_fs1-00009.jpg",529.510435551245,139.042186603519
58,"206_fs1-00009.jpg",529.006929632109,138.941599170149
59,"206_fs1-00009.jpg",528.502994635685,138.842852040313
60,"206_fs1-00009.jpg",527.998654303539,138.745981259102
61,"206_fs1-00009.jpg",527.493932377239,138.651022871607
62,"206_fs1-00009.jpg",526.988852598349,138.558012922918
63,"206_fs1-00009.jpg",526.483438708437,138.466987458125
64,"206_fs1-00009.jpg",525.977714449067,138.377982522319
65,"206_fs1-00009.jpg",525.471703561807,138.291034160591
66,"206_fs1-00009.jpg",524.965429788222,138.206178418031
67,"206_fs1-00009.jpg",524.458916869879,138.123451339729
68,"206_fs1-00009.jpg",523.952188548343,138.042888970777
69,"206_fs1-00009.jpg",523.445268565181,137.964527356264
70,"206_fs1-00009.jpg",522.938180661959,137.888402541282
71,"206_fs1-00009.jpg",522.430948580243,137.81455057092
72,"206_fs1-00009.jpg",521.923596061599,137.743007490269
73,"206_fs1-00009.jpg",521.416091227438,137.67380071812
74,"206_fs1-00009.jpg",520.908303448238,137.606876289893
75,"206_fs1-00009.jpg",520.400234811864,137.542135506684
76,"206_fs1-00009.jpg",519.891895147284,137.479479206506
77,"206_fs1-00009.jpg",519.38329428347,137.418808227373
78,"206_fs1-00009.jpg",518.874442049392,137.360023407298
79,"206_fs1-00009.jpg",518.365348274018,137.303025584294
80,"206_fs1-00009.jpg",517.85602278632,137.247715596375
81,"206_fs1-00009.jpg",517.346475415266,137.193994281552
82,"206_fs1-00009.jpg",516.836715989828,137.141762477841
83,"206_fs1-00009.jpg",516.326754338973,137.090921023253
84,"206_fs1-00009.jpg",515.816600291674,137.041370755802
85,"206_fs1-00009.jpg",515.306263676898,136.993012513501
86,"206_fs1-00009.jpg",514.795754323617,136.945747134364
87,"206_fs1-00009.jpg",514.2850820608,136.899475456404
88,"206_fs1-00009.jpg",513.774256717417,136.854098317633
89,"206_fs1-00009.jpg",513.263288122438,136.809516556066
90,"206_fs1-00009.jpg",512.752186104833,136.765631009715
91,"206_fs1-00009.jpg",512.240960493571,136.722342516593
92,"206_fs1-00009.jpg",511.729621117623,136.679551914714
93,"206_fs1-00009.jpg",511.218177805958,136.637160042091
94,"206_fs1-00009.jpg",510.706640387546,136.595067736737
95,"206_fs1-00009.jpg",510.195018691358,136.553175836666
96,"206_fs1-00009.jpg",509.683322546363,136.51138517989
97,"206_fs1-00009.jpg",509.17156178153,136.469596604422
98,"206_fs1-00009.jpg",508.65974622583,136.427710948277
99,"206_fs1-00009.jpg",508.147885708233,136.385629049467
100,"206_fs1-00009.jpg",507.635990057709,136.343251746005
101,"206_fs1-00009.jpg",507.124069103226,136.300479875905
102,"206_fs1-00009.jpg",506.612132673756,136.257214277179
103,"206_fs1-00009.jpg",506.100190598269,136.213355787841
104,"206_fs1-00009.jpg",505.588252705733,136.168805245905
105,"206_fs1-00009.jpg",505.076328825119,136.123463489383
106,"206_fs1-00009.jpg",504.564428785397,136.077231356288
107,"206_fs1-00009.jpg",504.052562415536,136.030009684635
108,"206_fs1-00009.jpg",503.540739544507,135.981699312435
109,"206_fs1-00009.jpg",503.02897000128,135.932201077702
110,"206_fs1-00009.jpg",502.517043638773,135.881443507486
111,"206_fs1-00009.jpg",502.004485711651,135.829582821226
112,"206_fs1-00009.jpg",501.491329099846,135.776887065633
113,"206_fs1-00009.jpg",500.977627345573,135.723625061766
114,"206_fs1-00009.jpg",500.463433991046,135.670065630684
115,"206_fs1-00009.jpg",499.94880257848,135.616477593446
116,"206_fs1-00009.jpg",499.433786650091,135.563129771113
117,"206_fs1-00009.jpg",498.918439748092,135.510290984742
118,"206_fs1-00009.jpg",498.402815414698,135.458230055394
119,"206_fs1-00009.jpg",497.886967192125,135.407215804127
120,"206_fs1-00009.jpg",497.370948622587,135.357517052
121,"206_fs1-00009.jpg",496.854813248299,135.309402620074
122,"206_fs1-00009.jpg",496.338614611475,135.263141329407
123,"206_fs1-00009.jpg",495.822406254331,135.219002001059
124,"206_fs1-00009.jpg",495.306241719081,135.177253456088
125,"206_fs1-00009.jpg",494.79017454794,135.138164515554
126,"206_fs1-00009.jpg",494.274258283123,135.102004000516
127,"206_fs1-00009.jpg",493.758546466845,135.069040732034
128,"206_fs1-00009.jpg",493.24309264132,135.039543531167
129,"206_fs1-00009.jpg",492.727950348763,135.013781218973
130,"206_fs1-00009.jpg",492.213173131389,134.992022616513
131,"206_fs1-00009.jpg",491.698814531412,134.974536544846
132,"206_fs1-00009.jpg",491.184928091049,134.96159182503
133,"206_fs1-00009.jpg",490.671567352512,134.953457278125
134,"206_fs1-00009.jpg",490.158785858018,134.95040172519
135,"206_fs1-00009.jpg",489.64663714978,134.952693987285
136,"206_fs1-00009.jpg",489.135174770014,134.960602885468
137,"206_fs1-00009.jpg",488.624452260935,134.9743972408
138,"206_fs1-00009.jpg",488.114523164756,134.994345874338
139,"206_fs1-00009.jpg",487.605441023694,135.020717607144
140,"206_fs1-00009.jpg",487.097259379962,135.053781260275
141,"206_fs1-00009.jpg",486.590031775776,135.093805654791
142,"206_fs1-00009.jpg",486.083811753351,135.141059611751
143,"206_fs1-00009.jpg",485.5786528549,135.195811952214
144,"206_fs1-00009.jpg",485.07460862264,135.258331497241
145,"206_fs1-00009.jpg",484.571722835067,135.328886922989
146,"206_fs1-00009.jpg",484.069345037897,135.407648664052
147,"206_fs1-00009.jpg",483.567172518918,135.494518214859
148,"206_fs1-00009.jpg",483.065368194771,135.589351463349
149,"206_fs1-00009.jpg",482.564094982094,135.69200429746
150,"206_fs1-00009.jpg",482.063515797528,135.80233260513
151,"206_fs1-00009.jpg",481.563793557713,135.920192274299
152,"206_fs1-00009.jpg",481.065091179289,136.045439192904
153,"206_fs1-00009.jpg",480.567571578896,136.177929248883
154,"206_fs1-00009.jpg",480.071397673174,136.317518330176
155,"206_fs1-00009.jpg",479.576732378762,136.464062324722
156,"206_fs1-00009.jpg",479.083738612301,136.617417120457
157,"206_fs1-00009.jpg",478.592579290431,136.777438605321
158,"206_fs1-00009.jpg",478.103417329791,136.943982667253
159,"206_fs1-00009.jpg",477.616415647022,137.116905194191
160,"206_fs1-00009.jpg",477.131737158764,137.296062074073
161,"206_fs1-00009.jpg",476.649544781656,137.481309194837
162,"206_fs1-00009.jpg",476.170019461007,137.67249955317
163,"206_fs1-00009.jpg",475.693406105442,137.869338797446
164,"206_fs1-00009.jpg",475.219548279574,138.071318062319
165,"206_fs1-00009.jpg",474.748203018574,138.277911561281
166,"206_fs1-00009.jpg",474.279127357616,138.48859350782
167,"206_fs1-00009.jpg",473.81207833187,138.702838115427
168,"206_fs1-00009.jpg",473.346812976511,138.920119597593
169,"206_fs1-00009.jpg",472.883088326709,139.139912167806
170,"206_fs1-00009.jpg",472.420661417637,139.361690039558
171,"206_fs1-00009.jpg",471.959289284469,139.584927426338
172,"206_fs1-00009.jpg",471.498728962375,139.809098541637
173,"206_fs1-00009.jpg",471.038737486528,140.033677598945
174,"206_fs1-00009.jpg",470.579071892101,140.258138811751
175,"206_fs1-00009.jpg",470.119489214266,140.481956393546
176,"206_fs1-00009.jpg",469.659746488196,140.704604557819
177,"206_fs1-00009.jpg",469.183689621202,140.925866979225
178,"206_fs1-00009.jpg",468.678119019017,141.147261671991
179,"206_fs1-00009.jpg",468.161349485427,141.370910472354
180,"206_fs1-00009.jpg",467.651986126725,141.598935830311
181,"206_fs1-00009.jpg",467.168634049204,141.833460195857
182,"206_fs1-00009.jpg",466.729898359159,142.076606018989
183,"206_fs1-00009.jpg",466.354384162882,142.330495749702
184,"206_fs1-00009.jpg",466.057980141115,142.597251837992
185,"206_fs1-00009.jpg",465.78931808863,142.878996733856
186,"206_fs1-00009.jpg",465.523884482801,143.17785288729
187,"206_fs1-00009.jpg",465.263625505789,143.495942748288
188,"206_fs1-00009.jpg",465.010487339753,143.835388766848
189,"206_fs1-00009.jpg",464.766416166854,144.198313392965
190,"206_fs1-00009.jpg",464.533358169251,144.586839076635
191,"206_fs1-00009.jpg",464.313259529104,145.003088267854
192,"206_fs1-00009.jpg",464.108066428575,145.449183416617
193,"206_fs1-00009.jpg",463.919725049821,145.927246972922
194,"206_fs1-00009.jpg",463.750181575005,146.439401386764
195,"206_fs1-00009.jpg",463.601382186285,146.987769108139
196,"206_fs1-00009.jpg",463.475273065822,147.574472587042
197,"206_fs1-00009.jpg",463.373800395776,148.20163427347
198,"206_fs1-00009.jpg",463.298910358307,148.871376617419
199,"206_fs1-00009.jpg",463.252549135575,149.585822068884
200,"206_fs1-00009.jpg",463.23666290974,150.347093077862
1,"206_fs1-00010.jpg",569.5,145.5
2,"206_fs1-00010.jpg",569.062460166951,145.22720440981
3,"206_fs1-00010.jpg",568.624132521527,144.961359027679
4,"206_fs1-00010.jpg",568.185026077217,144.702349291869
5,"206_fs1-00010.jpg",567.745149847506,144.450060640639
6,"206_fs1-00010.jpg",567.304512845883,144.204378512252
7,"206_fs1-00010.jpg",566.863124085836,143.965188344967
8,"206_fs1-00010.jpg",566.42099258085,143.732375577046
9,"206_fs1-00010.jpg",565.978127344414,143.505825646749
10,"206_fs1-00010.jpg",565.534537390016,143.285423992338
11,"206_fs1-00010.jpg",565.090231731142,143.071056052074
12,"206_fs1-00010.jpg",564.64521938128,142.862607264217
13,"206_fs1-00010.jpg",564.199509353917,142.659963067028
14,"206_fs1-00010.jpg",563.753110662541,142.463008898768
15,"206_fs1-00010.jpg",563.30603232064,142.271630197699
16,"206_fs1-00010.jpg",562.858283341699,142.08571240208
17,"206_fs1-00010.jpg",562.409872739208,141.905140950174
18,"206_fs1-00010.jpg",561.960809526653,141.72980128024
19,"206_fs1-00010.jpg",561.511102717522,141.55957883054
20,"206_fs1-00010.jpg",561.060761325302,141.394359039334
21,"206_fs1-00010.jpg",560.60979436348,141.234027344884
22,"206_fs1-00010.jpg",560.158210845544,141.07846918545
23,"206_fs1-00010.jpg",559.706019784982,140.927569999294
24,"206_fs1-00010.jpg",559.25323019528,140.781215224676
25,"206_fs1-00010.jpg",558.799851089927,140.639290299857
26,"206_fs1-00010.jpg",558.345891482409,140.501680663098
27,"206_fs1-00010.jpg",557.891360386213,140.36827175266
28,"206_fs1-00010.jpg",557.436266814829,140.238949006804
29,"206_fs1-00010.jpg",556.980619781741,140.113597863791
30,"206_fs1-00010.jpg",556.524428300439,139.992103761881
31,"206_fs1-00010.jpg",556.067701384409,139.874352139336
32,"206_fs1-00010.jpg",555.61044804714,139.760228434417
33,"206_fs1-00010.jpg",555.152677302117,139.649618085384
34,"206_fs1-00010.jpg",554.694398162829,139.542406530498
35,"206_fs1-00010.jpg",554.235619642763,139.43847920802
36,"206_fs1-00010.jpg",553.776350755407,139.337721556212
37,"206_fs1-00010.jpg",553.316600514247,139.240019013333
38,"206_fs1-00010.jpg",552.856377932772,139.145257017646
39,"206_fs1-00010.jpg",552.395692024468,139.05332100741
40,"206_fs1-00010.jpg",551.934551802823,138.964096420887
41,"206_fs1-00010.jpg",551.472966281325,138.877468696338
42,"206_fs1-00010.jpg",551.010944473461,138.793323272023
43,"206_fs1-00010.jpg",550.548495392717,138.711545586203
44,"206_fs1-00010.jpg",550.085628052583,138.63202107714
45,"206_fs1-00010.jpg",549.622351466544,138.554635183095
46,"206_fs1-00010.jpg",549.158674648089,138.479273342327
47,"206_fs1-00010.jpg",548.694606425877,138.405820993099
48,"206_fs1-00010.jpg",548.229354672449,138.33416357367
49,"206_fs1-00010.jpg",547.762273062856,138.264186522303
50,"206_fs1-00010.jpg",547.293517098229,138.195775277257
51,"206_fs1-00010.jpg",546.823242279699,138.128815276794
52,"206_fs1-00010.jpg",546.351604108398,138.063191959175
53,"206_fs1-00010.jpg",545.878758085458,137.99879076266
54,"206_fs1-00010.jpg",545.40485971201,137.93549712551
55,"206_fs1-00010.jpg",544.930064489185,137.873196485987
56,"206_fs1-00010.jpg",544.454527918116,137.811774282351
57,"206_fs1-00010.jpg",543.978405499933,137.751115952864
58,"206_fs1-00010.jpg",543.501852735769,137.691106935785
59,"206_fs1-00010.jpg",543.025025126754,137.631632669376
60,"206_fs1-00010.jpg",542.548078174021,137.572578591898
61,"206_fs1-00010.jpg",542.071167378701,137.513830141612
62,"206_fs1-00010.jpg",541.594448241926,137.455272756779
63,"206_fs1-00010.jpg",541.118076264826,137.396791875659
64,"206_fs1-00010.jpg",540.642206948534,137.338272936514
65,"206_fs1-00010.jpg",540.166995794182,137.279601377604
66,"206_fs1-00010.jpg",539.6925983029,137.22066263719
67,"206_fs1-00010.jpg",539.218897077309,137.161348595477
68,"206_fs1-00010.jpg",538.745255603636,137.101611046928
69,"206_fs1-00010.jpg",538.271636267485,137.041434345105
70,"206_fs1-00010.jpg",537.79803676445,136.980803168087
71,"206_fs1-00010.jpg",537.324454790123,136.919702193952
72,"206_fs1-00010.jpg",536.850888040096,136.858116100779
73,"206_fs1-00010.jpg",536.377334209963,136.796029566646
74,"206_fs1-00010.jpg",535.903790995316,136.733427269631
75,"206_fs1-00010.jpg",535.430256091748,136.670293887812
76,"206_fs1-00010.jpg",534.956727194851,136.606614099269
77,"206_fs1-00010.jpg",534.483202000219,136.542372582079
78,"206_fs1-00010.jpg",534.009678203444,136.477554014321
79,"206_fs1-00010.jpg",533.536153500119,136.412143074074
80,"206_fs1-00010.jpg",533.062625585837,136.346124439415
81,"206_fs1-00010.jpg",532.58909215619,136.279482788423
82,"206_fs1-00010.jpg",532.115550906771,136.212202799176
83,"206_fs1-00010.jpg",531.641999533172,136.144269149753
84,"206_fs1-00010.jpg",531.168435730988,136.075666518232
85,"206_fs1-00010.jpg",530.694857195809,136.006379582692
86,"206_fs1-00010.jpg",530.221348387782,135.936430116671
87,"206_fs1-00010.jpg",529.747994912648,135.866015397544
88,"206_fs1-00010.jpg",529.274763528752,135.795384554543
89,"206_fs1-00010.jpg",528.801620674507,135.724786724586
90,"206_fs1-00010.jpg",528.328532788324,135.654471044585
91,"206_fs1-00010.jpg",527.855466308616,135.584686651457
92,"206_fs1-00010.jpg",527.382387673797,135.515682682116
93,"206_fs1-00010.jpg",526.909263322277,135.447708273478
94,"206_fs1-00010.jpg",526.436059692469,135.381012562458
95,"206_fs1-00010.jpg",525.962743222787,135.31584468597
96,"206_fs1-00010.jpg",525.489280351641,135.25245378093
97,"206_fs1-00010.jpg",525.015637517445,135.191088984252
98,"206_fs1-00010.jpg",524.541781158612,135.131999432853
99,"206_fs1-00010.jpg",524.067677713553,135.075434263646
100,"206_fs1-00010.jpg",523.59329362068,135.021642613547
101,"206_fs1-00010.jpg",523.118595318407,134.970873619471
102,"206_fs1-00010.jpg",522.643549245146,134.923376418334
103,"206_fs1-00010.jpg",522.168146264624,134.879329467649
104,"206_fs1-00010.jpg",521.692420620992,134.838569421235
105,"206_fs1-00010.jpg",521.216397500817,134.800829747709
106,"206_fs1-00010.jpg",520.740102018766,134.765843894076
107,"206_fs1-00010.jpg",520.263559289507,134.733345307342
108,"206_fs1-00010.jpg",519.786794427706,134.703067434512
109,"206_fs1-00010.jpg",519.309832548032,134.674743722592
110,"206_fs1-00010.jpg",518.832698765151,134.648107618587
111,"206_fs1-00010.jpg",518.355418193731,134.622892569502
112,"206_fs1-00010.jpg",517.87801594844,134.598832022343
113,"206_fs1-00010.jpg",517.400517143944,134.575659424116
114,"206_fs1-00010.jpg",516.922946894912,134.553108221825
115,"206_fs1-00010.jpg",516.445330316011,134.530911862477
116,"206_fs1-00010.jpg",515.967692521907,134.508803793076
117,"206_fs1-00010.jpg",515.490058627269,134.486517460628
118,"206_fs1-00010.jpg",515.012453746764,134.463786312138
119,"206_fs1-00010.jpg",514.53490299506,134.440343794613
120,"206_fs1-00010.jpg",514.057431486823,134.415923355057
121,"206_fs1-00010.jpg",513.580064336721,134.390258440475
122,"206_fs1-00010.jpg",513.102826659421,134.363082497874
123,"206_fs1-00010.jpg",512.625743569592,134.334128974258
124,"206_fs1-00010.jpg",512.148822452928,134.303144892002
125,"206_fs1-00010.jpg",511.671975704732,134.27016775894
126,"206_fs1-00010.jpg",511.195180863855,134.235513976439
127,"206_fs1-00010.jpg",510.718429816797,134.199511201648
128,"206_fs1-00010.jpg",510.241714450059,134.162487091713
129,"206_fs1-00010.jpg",509.765026650145,134.124769303783
130,"206_fs1-00010.jpg",509.288358303554,134.086685495004
131,"206_fs1-00010.jpg",508.811701296789,134.048563322525
132,"206_fs1-00010.jpg",508.335047516351,134.010730443492
133,"206_fs1-00010.jpg",507.858388848742,133.973514515054
134,"206_fs1-00010.jpg",507.381717180464,133.937243194357
135,"206_fs1-00010.jpg",506.905024398017,133.902244138549
136,"206_fs1-00010.jpg",506.428302387904,133.868845004777
137,"206_fs1-00010.jpg",505.951543036626,133.83737345019
138,"206_fs1-00010.jpg",505.474738230685,133.808157131934
139,"206_fs1-00010.jpg",504.997879856581,133.781523707158
140,"206_fs1-00010.jpg",504.520959800818,133.757800833007
141,"206_fs1-00010.jpg",504.043969949896,133.737316166631
142,"206_fs1-00010.jpg",503.566902190317,133.720397365176
143,"206_fs1-00010.jpg",503.089317483917,133.707201586603
144,"206_fs1-00010.jpg",502.610674917932,133.696830813966
145,"206_fs1-00010.jpg",502.131300763459,133.687983857042
146,"206_fs1-00010.jpg",501.65153463803,133.679358718542
147,"206_fs1-00010.jpg",501.171716159178,133.669653401176
148,"206_fs1-00010.jpg",500.692184944438,133.657565907656
149,"206_fs1-00010.jpg",500.213280611343,133.641794240692
150,"206_fs1-00010.jpg",499.735342777426,133.621036402996
151,"206_fs1-00010.jpg",499.25871106022,133.593990397276
152,"206_fs1-00010.jpg",498.78372507726,133.559354226246
153,"206_fs1-00010.jpg",498.310724446078,133.515825892614
154,"206_fs1-00010.jpg",497.840029325749,133.462109279222
155,"206_fs1-00010.jpg",497.371462891367,133.397482913503
156,"206_fs1-00010.jpg",496.904716872878,133.322274429571
157,"206_fs1-00010.jpg",496.439572265537,133.2369231523
158,"206_fs1-00010.jpg",495.975810064597,133.141868406567
159,"206_fs1-00010.jpg",495.513211265312,133.037549517245
160,"206_fs1-00010.jpg",495.051556862936,132.92440580921
161,"206_fs1-00010.jpg",494.590627852724,132.802876607336
162,"206_fs1-00010.jpg",494.130205229928,132.673401236499
163,"206_fs1-00010.jpg",493.670069989803,132.536419021573
164,"206_fs1-00010.jpg",493.210003127603,132.392369287434
165,"206_fs1-00010.jpg",492.749785638582,132.241691358956
166,"206_fs1-00010.jpg",492.289198517994,132.084824561013
167,"206_fs1-00010.jpg",491.828022761092,131.922208218482
168,"206_fs1-00010.jpg",491.365906057578,131.754284951099
169,"206_fs1-00010.jpg",490.899749729135,131.58194724677
170,"206_fs1-00010.jpg",490.429115074677,131.406990287174
171,"206_fs1-00010.jpg",489.955050270843,131.231317130531
172,"206_fs1-00010.jpg",489.47860349427,131.056830835061
173,"206_fs1-00010.jpg",489.000822921599,130.885434458985
174,"206_fs1-00010.jpg",488.522756729466,130.719031060522
175,"206_fs1-00010.jpg",488.04545309451,130.559523697892
176,"206_fs1-00010.jpg",487.56996019337,130.408815429317
177,"206_fs1-00010.jpg",487.097326202685,130.268809313015
178,"206_fs1-00010.jpg",486.628599299092,130.141408407206
179,"206_fs1-00010.jpg",486.16482765923,130.028515770112
180,"206_fs1-00010.jpg",485.707059459738,129.932034459952
181,"206_fs1-00010.jpg",485.256342877255,129.853867534945
182,"206_fs1-00010.jpg",484.813726088417,129.795918053313
183,"206_fs1-00010.jpg",484.380257269865,129.760089073275
184,"206_fs1-00010.jpg",483.956984598236,129.748283653051
185,"206_fs1-00010.jpg",483.543723462009,129.762404850862
186,"206_fs1-00010.jpg",483.135647128404,129.804355724927
187,"206_fs1-00010.jpg",482.732219523519,129.876039333467
188,"206_fs1-00010.jpg",482.333529684583,129.979358734701
189,"206_fs1-00010.jpg",481.939666648825,130.11621698685
190,"206_fs1-00010.jpg",481.550719453474,130.288517148134
191,"206_fs1-00010.jpg",481.16677713576,130.498162276773
192,"206_fs1-00010.jpg",480.787928732911,130.747055430986
193,"206_fs1-00010.jpg",480.414263282155,131.037099668995
194,"206_fs1-00010.jpg",480.045869820724,131.370198049019
195,"206_fs1-00010.jpg",479.682837385844,131.748253629278
196,"206_fs1-00010.jpg",479.325255014745,132.173169467992
197,"206_fs1-00010.jpg",478.973211744657,132.646848623382
198,"206_fs1-00010.jpg",478.626796612809,133.171194153667
199,"206_fs1-00010.jpg",478.286098656428,133.748109117068
200,"206_fs1-00010.jpg",477.951206912745,134.379496571804
1,"206_fs1-00011.jpg",578,148
2,"206_fs1-00011.jpg",577.509849785759,147.939025205626
3,"206_fs1-00011.jpg",577.01959598604,147.871329511643
4,"206_fs1-00011.jpg",576.529239804896,147.797118772153
5,"206_fs1-00011.jpg",576.038782446381,147.716598841253
6,"206_fs1-00011.jpg",575.548225114548,147.629975573042
7,"206_fs1-00011.jpg",575.057569013451,147.537454821621
8,"206_fs1-00011.jpg",574.566815347143,147.439242441086
9,"206_fs1-00011.jpg",574.075965319678,147.335544285539
10,"206_fs1-00011.jpg",573.58502013511,147.226566209078
11,"206_fs1-00011.jpg",573.093980997492,147.112514065801
12,"206_fs1-00011.jpg",572.602849110878,146.993593709809
13,"206_fs1-00011.jpg",572.111625679321,146.8700109952
14,"206_fs1-00011.jpg",571.620311906875,146.741971776072
15,"206_fs1-00011.jpg",571.128908997593,146.609681906526
16,"206_fs1-00011.jpg",570.637418155529,146.47334724066
17,"206_fs1-00011.jpg",570.145840584737,146.333173632574
18,"206_fs1-00011.jpg",569.65417748927,146.189366936366
19,"206_fs1-00011.jpg",569.162430073182,146.042133006135
20,"206_fs1-00011.jpg",568.670599540526,145.891677695981
21,"206_fs1-00011.jpg",568.178687095356,145.738206860002
22,"206_fs1-00011.jpg",567.686693941726,145.581926352299
23,"206_fs1-00011.jpg",567.194621283688,145.423042026968
24,"206_fs1-00011.jpg",566.702470325297,145.261759738111
25,"206_fs1-00011.jpg",566.210242270606,145.098285339825
26,"206_fs1-00011.jpg",565.717938323669,144.932824686211
27,"206_fs1-00011.jpg",565.22555968854,144.765583631366
28,"206_fs1-00011.jpg",564.733107569271,144.59676802939
29,"206_fs1-00011.jpg",564.240583169917,144.426583734383
30,"206_fs1-00011.jpg",563.74798769453,144.255236600442
31,"206_fs1-00011.jpg",563.255322347166,144.082932481668
32,"206_fs1-00011.jpg",562.762588331876,143.909877232159
33,"206_fs1-00011.jpg",562.269786852716,143.736276706015
34,"206_fs1-00011.jpg",561.776919113737,143.562336757334
35,"206_fs1-00011.jpg",561.283986318995,143.388263240215
36,"206_fs1-00011.jpg",560.790989672542,143.214262008758
37,"206_fs1-00011.jpg",560.297930378432,143.040538917062
38,"206_fs1-00011.jpg",559.804809640719,142.867299819225
39,"206_fs1-00011.jpg",559.311628663456,142.694750569347
40,"206_fs1-00011.jpg",558.818388650697,142.523097021527
41,"206_fs1-00011.jpg",558.325090806495,142.352545029864
42,"206_fs1-00011.jpg",557.831736334904,142.183300448457
43,"206_fs1-00011.jpg",557.338326439978,142.015569131404
44,"206_fs1-00011.jpg",556.844862325769,141.849556932806
45,"206_fs1-00011.jpg",556.351345289993,141.685469706761
46,"206_fs1-00011.jpg",555.858064265414,141.523513307368
47,"206_fs1-00011.jpg",555.365209349975,141.363893588727
48,"206_fs1-00011.jpg",554.872664730622,141.206816404935
49,"206_fs1-00011.jpg",554.380314594301,141.052487610093
50,"206_fs1-00011.jpg",553.888043127959,140.9011130583
51,"206_fs1-00011.jpg",553.395734518542,140.752898603654
52,"206_fs1-00011.jpg",552.903272952995,140.608050100255
53,"206_fs1-00011.jpg",552.410542618264,140.466773402201
54,"206_fs1-00011.jpg",551.917427701297,140.329274363593
55,"206_fs1-00011.jpg",551.423812389038,140.195758838527
56,"206_fs1-00011.jpg",550.929580868435,140.066432681105
57,"206_fs1-00011.jpg",550.434617326432,139.941501745425
58,"206_fs1-00011.jpg",549.938805949977,139.821171885586
59,"206_fs1-00011.jpg",549.442030926015,139.705648955686
60,"206_fs1-00011.jpg",548.944176441493,139.595138809826
61,"206_fs1-00011.jpg",548.445126683356,139.489847302104
62,"206_fs1-00011.jpg",547.94476583855,139.38998028662
63,"206_fs1-00011.jpg",547.443041660394,139.295733488997
64,"206_fs1-00011.jpg",546.940252232727,139.207090275126
65,"206_fs1-00011.jpg",546.436489663371,139.123832499392
66,"206_fs1-00011.jpg",545.931798078697,139.045734059224
67,"206_fs1-00011.jpg",545.426221605074,138.972568852048
68,"206_fs1-00011.jpg",544.919804368872,138.904110775292
69,"206_fs1-00011.jpg",544.412590496461,138.840133726382
70,"206_fs1-00011.jpg",543.904624114212,138.780411602746
71,"206_fs1-00011.jpg",543.395949348493,138.724718301812
72,"206_fs1-00011.jpg",542.886610325675,138.672827721006
73,"206_fs1-00011.jpg",542.376651172129,138.624513757755
74,"206_fs1-00011.jpg",541.866116014223,138.579550309488
75,"206_fs1-00011.jpg",541.355048978327,138.53771127363
76,"206_fs1-00011.jpg",540.843494190813,138.49877054761
77,"206_fs1-00011.jpg",540.331495778049,138.462502028854
78,"206_fs1-00011.jpg",539.819097866405,138.42867961479
79,"206_fs1-00011.jpg",539.306344582252,138.397077202845
80,"206_fs1-00011.jpg",538.793280051959,138.367468690447
81,"206_fs1-00011.jpg",538.279948401897,138.339627975022
82,"206_fs1-00011.jpg",537.766393758434,138.313328953998
83,"206_fs1-00011.jpg",537.252660247942,138.288345524801
84,"206_fs1-00011.jpg",536.73879199679,138.26445158486
85,"206_fs1-00011.jpg",536.224833131348,138.241421031601
86,"206_fs1-00011.jpg",535.710827777985,138.219027762452
87,"206_fs1-00011.jpg",535.196820063073,138.19704567484
88,"206_fs1-00011.jpg",534.68285411298,138.175248666192
89,"206_fs1-00011.jpg",534.168974054078,138.153410633935
90,"206_fs1-00011.jpg",533.655224012734,138.131305475497
91,"206_fs1-00011.jpg",533.141648115321,138.108707088304
92,"206_fs1-00011.jpg",532.628290488206,138.085389369785
93,"206_fs1-00011.jpg",532.115195257761,138.061126217366
94,"206_fs1-00011.jpg",531.602406550356,138.035691528474
95,"206_fs1-00011.jpg",531.08996849236,138.008859200537
96,"206_fs1-00011.jpg",530.577925210143,137.980403130983
97,"206_fs1-00011.jpg",530.066320830075,137.950097217237
98,"206_fs1-00011.jpg",529.555199478526,137.917715356728
99,"206_fs1-00011.jpg",529.044535888754,137.883040769507
100,"206_fs1-00011.jpg",528.533972074977,137.846051910389
101,"206_fs1-00011.jpg",528.023448507418,137.806912370097
102,"206_fs1-00011.jpg",527.512962832924,137.765793040425
103,"206_fs1-00011.jpg",527.002512698343,137.722864813164
104,"206_fs1-00011.jpg",526.492095750523,137.678298580106
105,"206_fs1-00011.jpg",525.981709636312,137.632265233045
106,"206_fs1-00011.jpg",525.471352002557,137.584935663772
107,"206_fs1-00011.jpg",524.961020496106,137.53648076408
108,"206_fs1-00011.jpg",524.450712763807,137.487071425762
109,"206_fs1-00011.jpg",523.940426452508,137.436878540609
110,"206_fs1-00011.jpg",523.430159209055,137.386073000415
111,"206_fs1-00011.jpg",522.919908680298,137.334825696972
112,"206_fs1-00011.jpg",522.409672513083,137.283307522072
113,"206_fs1-00011.jpg",521.899448354258,137.231689367507
114,"206_fs1-00011.jpg",521.389233850672,137.18014212507
115,"206_fs1-00011.jpg",520.879026649171,137.128836686554
116,"206_fs1-00011.jpg",520.368824396603,137.07794394375
117,"206_fs1-00011.jpg",519.858624739817,137.027634788452
118,"206_fs1-00011.jpg",519.348391391676,136.97807558619
119,"206_fs1-00011.jpg",518.837881385711,136.929291201047
120,"206_fs1-00011.jpg",518.327098594623,136.881140449648
121,"206_fs1-00011.jpg",517.816105842515,136.833472673746
122,"206_fs1-00011.jpg",517.304965953491,136.786137215094
123,"206_fs1-00011.jpg",516.793741751653,136.738983415443
124,"206_fs1-00011.jpg",516.282496061102,136.691860616546
125,"206_fs1-00011.jpg",515.771291705942,136.644618160155
126,"206_fs1-00011.jpg",515.260191510276,136.597105388021
127,"206_fs1-00011.jpg",514.749258298206,136.549171641898
128,"206_fs1-00011.jpg",514.238554893834,136.500666263537
129,"206_fs1-00011.jpg",513.728144121263,136.45143859469
130,"206_fs1-00011.jpg",513.218088804595,136.40133797711
131,"206_fs1-00011.jpg",512.708451767934,136.350213752548
132,"206_fs1-00011.jpg",512.199295835382,136.297915262758
133,"206_fs1-00011.jpg",511.69068383104,136.24429184949
134,"206_fs1-00011.jpg",511.182678579013,136.189192854498
135,"206_fs1-00011.jpg",510.675342903402,136.132467619533
136,"206_fs1-00011.jpg",510.168605857666,136.073965622321
137,"206_fs1-00011.jpg",509.661359505862,136.01354138644
138,"206_fs1-00011.jpg",509.153445642372,135.951055854569
139,"206_fs1-00011.jpg",508.644991573773,135.886370385011
140,"206_fs1-00011.jpg",508.136124606644,135.819346336068
141,"206_fs1-00011.jpg",507.62697204756,135.749845066042
142,"206_fs1-00011.jpg",507.117661203101,135.677727933235
143,"206_fs1-00011.jpg",506.608319379842,135.602856295951
144,"206_fs1-00011.jpg",506.099073884362,135.525091512492
145,"206_fs1-00011.jpg",505.590052023237,135.444294941159
146,"206_fs1-00011.jpg",505.081381103046,135.360327940256
147,"206_fs1-00011.jpg",504.573188430365,135.273051868085
148,"206_fs1-00011.jpg",504.065601311773,135.182328082947
149,"206_fs1-00011.jpg",503.558747053845,135.088017943147
150,"206_fs1-00011.jpg",503.052752963161,134.989982806985
151,"206_fs1-00011.jpg",502.547746346296,134.888084032765
152,"206_fs1-00011.jpg",502.043854509829,134.782182978788
153,"206_fs1-00011.jpg",501.541204760337,134.672141003358
154,"206_fs1-00011.jpg",501.039924404398,134.557819464776
155,"206_fs1-00011.jpg",500.540140748587,134.439079721346
156,"206_fs1-00011.jpg",500.041981099484,134.315783131368
157,"206_fs1-00011.jpg",499.545572763666,134.187791053147
158,"206_fs1-00011.jpg",499.051043047709,134.054964844983
159,"206_fs1-00011.jpg",498.558519258191,133.917165865181
160,"206_fs1-00011.jpg",498.06812870169,133.774255472041
161,"206_fs1-00011.jpg",497.579998684783,133.626095023867
162,"206_fs1-00011.jpg",497.094256514047,133.47254587896
163,"206_fs1-00011.jpg",496.610786425646,133.313464233156
164,"206_fs1-00011.jpg",496.128325357188,133.148585276546
165,"206_fs1-00011.jpg",495.646985127095,132.977521919333
166,"206_fs1-00011.jpg",495.167138971284,132.799881654416
167,"206_fs1-00011.jpg",494.689160125671,132.615271974695
168,"206_fs1-00011.jpg",494.213421826173,132.423300373068
169,"206_fs1-00011.jpg",493.740297308706,132.223574342436
170,"206_fs1-00011.jpg",493.270159809187,132.015701375697
171,"206_fs1-00011.jpg",492.803382563532,131.799288965751
172,"206_fs1-00011.jpg",492.340338807658,131.573944605498
173,"206_fs1-00011.jpg",491.881401777481,131.339275787835
174,"206_fs1-00011.jpg",491.426944708918,131.094890005664
175,"206_fs1-00011.jpg",490.977340837884,130.840394751883
176,"206_fs1-00011.jpg",490.533471389752,130.575422364326
177,"206_fs1-00011.jpg",490.099213434079,130.30046452603
178,"206_fs1-00011.jpg",489.673736012712,130.01707126091
179,"206_fs1-00011.jpg",489.255113040351,129.726857778992
180,"206_fs1-00011.jpg",488.841418431701,129.431439290299
181,"206_fs1-00011.jpg",488.430726101461,129.132431004858
182,"206_fs1-00011.jpg",488.021109964333,128.831448132694
183,"206_fs1-00011.jpg",487.610643935021,128.530105883831
184,"206_fs1-00011.jpg",487.197401928224,128.230019468296
185,"206_fs1-00011.jpg",486.779457858646,127.932804096113
186,"206_fs1-00011.jpg",486.354885640987,127.640074977308
187,"206_fs1-00011.jpg",485.92175918995,127.353447321906
188,"206_fs1-00011.jpg",485.478154597886,127.074536339932
189,"206_fs1-00011.jpg",485.026122627354,126.804957241412
190,"206_fs1-00011.jpg",484.568716926832,126.54632523637
191,"206_fs1-00011.jpg",484.106026992932,126.300255534832
192,"206_fs1-00011.jpg",483.638142322262,126.068363346823
193,"206_fs1-00011.jpg",483.165152411435,125.852263882368
194,"206_fs1-00011.jpg",482.68714675706,125.653572351493
195,"206_fs1-00011.jpg",482.204214855747,125.473903964223
196,"206_fs1-00011.jpg",481.716446204107,125.314873930582
197,"206_fs1-00011.jpg",481.223930298751,125.178097460597
198,"206_fs1-00011.jpg",480.726756636288,125.065189764293
199,"206_fs1-00011.jpg",480.22501471333,124.977766051694
200,"206_fs1-00011.jpg",479.718794026486,124.917441532826
