"points","Image","X","Y"
1,"208_fs1-00001.jpg",419.167,228.167
2,"208_fs1-00001.jpg",418.8103163215,228.752431551107
3,"208_fs1-00001.jpg",418.453262672858,229.33710246337
4,"208_fs1-00001.jpg",418.095840331692,229.921024718566
5,"208_fs1-00001.jpg",417.738050575618,230.504210298469
6,"208_fs1-00001.jpg",417.379894682255,231.086671184857
7,"208_fs1-00001.jpg",417.021373929221,231.668419359504
8,"208_fs1-00001.jpg",416.662489594134,232.249466804186
9,"208_fs1-00001.jpg",416.30324295461,232.829825500679
10,"208_fs1-00001.jpg",415.943635288269,233.409507430759
11,"208_fs1-00001.jpg",415.583667872726,233.988524576202
12,"208_fs1-00001.jpg",415.223341985602,234.566888918783
13,"208_fs1-00001.jpg",414.862658904512,235.144612440278
14,"208_fs1-00001.jpg",414.501619907075,235.721707122463
15,"208_fs1-00001.jpg",414.140226270909,236.298184947113
16,"208_fs1-00001.jpg",413.778479273631,236.874057896005
17,"208_fs1-00001.jpg",413.416380192859,237.449337950914
18,"208_fs1-00001.jpg",413.053930306211,238.024037093616
19,"208_fs1-00001.jpg",412.691130891304,238.598167305887
20,"208_fs1-00001.jpg",412.327983225757,239.171740569502
21,"208_fs1-00001.jpg",411.964488587186,239.744768866237
22,"208_fs1-00001.jpg",411.600648253211,240.317264177868
23,"208_fs1-00001.jpg",411.236463501448,240.889238486171
24,"208_fs1-00001.jpg",410.871935609515,241.460703772922
25,"208_fs1-00001.jpg",410.50706585503,242.031672019895
26,"208_fs1-00001.jpg",410.141855515611,242.602155208868
27,"208_fs1-00001.jpg",409.776305868876,243.172165321615
28,"208_fs1-00001.jpg",409.410418192441,243.741714339913
29,"208_fs1-00001.jpg",409.044193763926,244.310814245537
30,"208_fs1-00001.jpg",408.677633860947,244.879477020263
31,"208_fs1-00001.jpg",408.310739761123,245.447714645867
32,"208_fs1-00001.jpg",407.943512742071,246.015539104125
33,"208_fs1-00001.jpg",407.575954081409,246.582962376812
34,"208_fs1-00001.jpg",407.208065056755,247.149996445704
35,"208_fs1-00001.jpg",406.839846945726,247.716653292576
36,"208_fs1-00001.jpg",406.47130102594,248.282944899206
37,"208_fs1-00001.jpg",406.102428575015,248.848883247367
38,"208_fs1-00001.jpg",405.733230870569,249.414480318837
39,"208_fs1-00001.jpg",405.363709190219,249.979748095391
40,"208_fs1-00001.jpg",404.993864811584,250.544698558804
41,"208_fs1-00001.jpg",404.62369901228,251.109343690853
42,"208_fs1-00001.jpg",404.253213069926,251.673695473313
43,"208_fs1-00001.jpg",403.882408262139,252.237765887959
44,"208_fs1-00001.jpg",403.511285866537,252.801566916569
45,"208_fs1-00001.jpg",403.139847160738,253.365110540917
46,"208_fs1-00001.jpg",402.76809342236,253.928408742779
47,"208_fs1-00001.jpg",402.396025929021,254.491473503931
48,"208_fs1-00001.jpg",402.023645599357,255.054316806149
49,"208_fs1-00001.jpg",401.650580098181,255.616950631208
50,"208_fs1-00001.jpg",401.276532117939,256.179386960884
51,"208_fs1-00001.jpg",400.901548930477,256.741637776954
52,"208_fs1-00001.jpg",400.525677807643,257.303715061192
53,"208_fs1-00001.jpg",400.148966021281,257.865630795375
54,"208_fs1-00001.jpg",399.771460843239,258.427396961278
55,"208_fs1-00001.jpg",399.393209545363,258.989025540677
56,"208_fs1-00001.jpg",399.014259399499,259.550528515348
57,"208_fs1-00001.jpg",398.634657677494,260.111917867067
58,"208_fs1-00001.jpg",398.254451651193,260.673205577609
59,"208_fs1-00001.jpg",397.873688592444,261.234403628749
60,"208_fs1-00001.jpg",397.492415773092,261.795524002265
61,"208_fs1-00001.jpg",397.110680464984,262.356578679932
62,"208_fs1-00001.jpg",396.728529939966,262.917579643524
63,"208_fs1-00001.jpg",396.346011469885,263.478538874819
64,"208_fs1-00001.jpg",395.963172326586,264.039468355592
65,"208_fs1-00001.jpg",395.580059781917,264.600380067619
66,"208_fs1-00001.jpg",395.196721107723,265.161285992674
67,"208_fs1-00001.jpg",394.81320357585,265.722198112536
68,"208_fs1-00001.jpg",394.429554458147,266.283128408977
69,"208_fs1-00001.jpg",394.045821026457,266.844088863776
70,"208_fs1-00001.jpg",393.662050552628,267.405091458707
71,"208_fs1-00001.jpg",393.278290308506,267.966148175547
72,"208_fs1-00001.jpg",392.894587565938,268.52727099607
73,"208_fs1-00001.jpg",392.51098959677,269.088471902053
74,"208_fs1-00001.jpg",392.127543672847,269.649762875272
75,"208_fs1-00001.jpg",391.744297066018,270.211155897501
76,"208_fs1-00001.jpg",391.361297048127,270.772662950518
77,"208_fs1-00001.jpg",390.978590891021,271.334296016098
78,"208_fs1-00001.jpg",390.596225866546,271.896067076016
79,"208_fs1-00001.jpg",390.214249246549,272.457988112049
80,"208_fs1-00001.jpg",389.832708302876,273.020071105971
81,"208_fs1-00001.jpg",389.451650307374,273.582328039559
82,"208_fs1-00001.jpg",389.071122531889,274.144770894589
83,"208_fs1-00001.jpg",388.691172248266,274.707411652837
84,"208_fs1-00001.jpg",388.311846728353,275.270262296077
85,"208_fs1-00001.jpg",387.933193243996,275.833334806086
86,"208_fs1-00001.jpg",387.555259067041,276.39664116464
87,"208_fs1-00001.jpg",387.178091469334,276.960193353515
88,"208_fs1-00001.jpg",386.801737722721,277.524003354485
89,"208_fs1-00001.jpg",386.42624509905,278.088083149327
90,"208_fs1-00001.jpg",386.051637965011,278.65244464252
91,"208_fs1-00001.jpg",385.67759778029,279.217094034739
92,"208_fs1-00001.jpg",385.303998480788,279.782028011391
93,"208_fs1-00001.jpg",384.930827068607,280.347242355133
94,"208_fs1-00001.jpg",384.558070545853,280.912732848622
95,"208_fs1-00001.jpg",384.185715914629,281.478495274515
96,"208_fs1-00001.jpg",383.81375017704,282.044525415467
97,"208_fs1-00001.jpg",383.44216033519,282.610819054137
98,"208_fs1-00001.jpg",383.070933391182,283.17737197318
99,"208_fs1-00001.jpg",382.700056347122,283.744179955254
100,"208_fs1-00001.jpg",382.329516205112,284.311238783016
101,"208_fs1-00001.jpg",381.959299967258,284.878544239121
102,"208_fs1-00001.jpg",381.589394635663,285.446092106227
103,"208_fs1-00001.jpg",381.219787212431,286.01387816699
104,"208_fs1-00001.jpg",380.850464699667,286.581898204068
105,"208_fs1-00001.jpg",380.481414099475,287.150148000117
106,"208_fs1-00001.jpg",380.112622413958,287.718623337793
107,"208_fs1-00001.jpg",379.744076645221,288.287319999755
108,"208_fs1-00001.jpg",379.375763795369,288.856233768657
109,"208_fs1-00001.jpg",379.007670866504,289.425360427158
110,"208_fs1-00001.jpg",378.639784860732,289.994695757913
111,"208_fs1-00001.jpg",378.272092780156,290.56423554358
112,"208_fs1-00001.jpg",377.90458162688,291.133975566816
113,"208_fs1-00001.jpg",377.537238403009,291.703911610276
114,"208_fs1-00001.jpg",377.170050110647,292.274039456619
115,"208_fs1-00001.jpg",376.803003751898,292.8443548885
116,"208_fs1-00001.jpg",376.436086328865,293.414853688576
117,"208_fs1-00001.jpg",376.069284843654,293.985531639505
118,"208_fs1-00001.jpg",375.702586298368,294.556384523943
119,"208_fs1-00001.jpg",375.335977695111,295.127408124546
120,"208_fs1-00001.jpg",374.969446035988,295.698598223971
121,"208_fs1-00001.jpg",374.602978323102,296.269950604876
122,"208_fs1-00001.jpg",374.236561558558,296.841461049917
123,"208_fs1-00001.jpg",373.870182744459,297.41312534175
124,"208_fs1-00001.jpg",373.503828882911,297.984939263033
125,"208_fs1-00001.jpg",373.137486976016,298.556898596422
126,"208_fs1-00001.jpg",372.77114402588,299.128999124575
127,"208_fs1-00001.jpg",372.404787034606,299.701236630146
128,"208_fs1-00001.jpg",372.038403004298,300.273606895795
129,"208_fs1-00001.jpg",371.67197893706,300.846105704176
130,"208_fs1-00001.jpg",371.305501834998,301.418728837948
131,"208_fs1-00001.jpg",370.938958700214,301.991472079766
132,"208_fs1-00001.jpg",370.572336534813,302.564331212288
133,"208_fs1-00001.jpg",370.205622340899,303.13730201817
134,"208_fs1-00001.jpg",369.838803120576,303.710380280069
135,"208_fs1-00001.jpg",369.471865875948,304.283561780642
136,"208_fs1-00001.jpg",369.104797609119,304.856842302546
137,"208_fs1-00001.jpg",368.737585322194,305.430217628437
138,"208_fs1-00001.jpg",368.370574675489,306.003681980839
139,"208_fs1-00001.jpg",368.004392897803,306.577218988842
140,"208_fs1-00001.jpg",367.638979944123,307.150807876874
141,"208_fs1-00001.jpg",367.274259675092,307.724427854967
142,"208_fs1-00001.jpg",366.910155951357,308.298058133151
143,"208_fs1-00001.jpg",366.546592633563,308.87167792146
144,"208_fs1-00001.jpg",366.183493582354,309.445266429925
145,"208_fs1-00001.jpg",365.820782658377,310.018802868578
146,"208_fs1-00001.jpg",365.458383722277,310.592266447451
147,"208_fs1-00001.jpg",365.096220634699,311.165636376575
148,"208_fs1-00001.jpg",364.734217256288,311.738891865982
149,"208_fs1-00001.jpg",364.372297447691,312.312012125705
150,"208_fs1-00001.jpg",364.010385069551,312.884976365775
151,"208_fs1-00001.jpg",363.648403982515,313.457763796224
152,"208_fs1-00001.jpg",363.286278047228,314.030353627083
153,"208_fs1-00001.jpg",362.923931124335,314.602725068385
154,"208_fs1-00001.jpg",362.561287074482,315.174857330162
155,"208_fs1-00001.jpg",362.198269758314,315.746729622445
156,"208_fs1-00001.jpg",361.834803036476,316.318321155265
157,"208_fs1-00001.jpg",361.470810769613,316.889611138656
158,"208_fs1-00001.jpg",361.106216818372,317.460578782649
159,"208_fs1-00001.jpg",360.740945043398,318.031203297275
160,"208_fs1-00001.jpg",360.374919305335,318.601463892567
161,"208_fs1-00001.jpg",360.008063464829,319.171339778556
162,"208_fs1-00001.jpg",359.640301382526,319.740810165275
163,"208_fs1-00001.jpg",359.27155691907,320.309854262754
164,"208_fs1-00001.jpg",358.901753935108,320.878451281026
165,"208_fs1-00001.jpg",358.530816291284,321.446580430123
166,"208_fs1-00001.jpg",358.158667848244,322.014220920077
167,"208_fs1-00001.jpg",357.785232466634,322.581351960918
168,"208_fs1-00001.jpg",357.410434007098,323.147952762681
169,"208_fs1-00001.jpg",357.034196330282,323.714002535395
170,"208_fs1-00001.jpg",356.656443296831,324.279480489093
171,"208_fs1-00001.jpg",356.277139408279,324.844365833807
172,"208_fs1-00001.jpg",355.896708486387,325.408637779568
173,"208_fs1-00001.jpg",355.515288312436,325.972275536409
174,"208_fs1-00001.jpg",355.13288627794,326.535258314361
175,"208_fs1-00001.jpg",354.749509774415,327.097565323457
176,"208_fs1-00001.jpg",354.365166193377,327.659175773727
177,"208_fs1-00001.jpg",353.979862926339,328.220068875204
178,"208_fs1-00001.jpg",353.593607364819,328.78022383792
179,"208_fs1-00001.jpg",353.20640690033,329.339619871906
180,"208_fs1-00001.jpg",352.818268924387,329.898236187195
181,"208_fs1-00001.jpg",352.429200828507,330.456051993818
182,"208_fs1-00001.jpg",352.039210004205,331.013046501807
183,"208_fs1-00001.jpg",351.648303842994,331.569198921193
184,"208_fs1-00001.jpg",351.256489736392,332.12448846201
185,"208_fs1-00001.jpg",350.863775075912,332.678894334288
186,"208_fs1-00001.jpg",350.47016725307,333.232395748059
187,"208_fs1-00001.jpg",350.075673659382,333.784971913356
188,"208_fs1-00001.jpg",349.680301686362,334.336602040209
189,"208_fs1-00001.jpg",349.284058725525,334.887265338652
190,"208_fs1-00001.jpg",348.886952168387,335.436941018716
191,"208_fs1-00001.jpg",348.488989406464,335.985608290432
192,"208_fs1-00001.jpg",348.090177831269,336.533246363832
193,"208_fs1-00001.jpg",347.690524834319,337.079834448949
194,"208_fs1-00001.jpg",347.290037807128,337.625351755814
195,"208_fs1-00001.jpg",346.888724141212,338.169777494459
196,"208_fs1-00001.jpg",346.486591228086,338.713090874915
197,"208_fs1-00001.jpg",346.083646459265,339.255271107216
198,"208_fs1-00001.jpg",345.679897226264,339.796297401392
199,"208_fs1-00001.jpg",345.275350920599,340.336148967475
200,"208_fs1-00001.jpg",344.870014933784,340.874805015497
1,"208_fs1-00002.jpg",420.167,230.833
2,"208_fs1-00002.jpg",419.648758228708,231.256800421963
3,"208_fs1-00002.jpg",419.132302594235,231.682978470517
4,"208_fs1-00002.jpg",418.617661117836,232.111520880884
5,"208_fs1-00002.jpg",418.104861820765,232.542414388289
6,"208_fs1-00002.jpg",417.593932724278,232.975645727956
7,"208_fs1-00002.jpg",417.084901849628,233.411201635108
8,"208_fs1-00002.jpg",416.577797218072,233.849068844969
9,"208_fs1-00002.jpg",416.072646850864,234.289234092764
10,"208_fs1-00002.jpg",415.569478769258,234.731684113715
11,"208_fs1-00002.jpg",415.06832099451,235.176405643047
12,"208_fs1-00002.jpg",414.569201547875,235.623385415984
13,"208_fs1-00002.jpg",414.072148450607,236.072610167749
14,"208_fs1-00002.jpg",413.577189723961,236.524066633567
15,"208_fs1-00002.jpg",413.084353389192,236.97774154866
16,"208_fs1-00002.jpg",412.593667467554,237.433621648254
17,"208_fs1-00002.jpg",412.105159980304,237.891693667572
18,"208_fs1-00002.jpg",411.618858948695,238.351944341837
19,"208_fs1-00002.jpg",411.134792393983,238.814360406274
20,"208_fs1-00002.jpg",410.652988337422,239.278928596106
21,"208_fs1-00002.jpg",410.173474800267,239.745635646558
22,"208_fs1-00002.jpg",409.696279803773,240.214468292852
23,"208_fs1-00002.jpg",409.221431369195,240.685413270214
24,"208_fs1-00002.jpg",408.748957517787,241.158457313866
25,"208_fs1-00002.jpg",408.278886270805,241.633587159033
26,"208_fs1-00002.jpg",407.811245649504,242.110789540939
27,"208_fs1-00002.jpg",407.346063675138,242.590051194806
28,"208_fs1-00002.jpg",406.883368368962,243.07135885586
29,"208_fs1-00002.jpg",406.42318775223,243.554699259325
30,"208_fs1-00002.jpg",405.965549846199,244.040059140422
31,"208_fs1-00002.jpg",405.510482672122,244.527425234378
32,"208_fs1-00002.jpg",405.058014251255,245.016784276415
33,"208_fs1-00002.jpg",404.608172604852,245.508123001758
34,"208_fs1-00002.jpg",404.160985754169,246.00142814563
35,"208_fs1-00002.jpg",403.716481720459,246.496686443254
36,"208_fs1-00002.jpg",403.274688524979,246.993884629856
37,"208_fs1-00002.jpg",402.835634188982,247.493009440659
38,"208_fs1-00002.jpg",402.399346733724,247.994047610886
39,"208_fs1-00002.jpg",401.965854180459,248.496985875762
40,"208_fs1-00002.jpg",401.535184550443,249.00181097051
41,"208_fs1-00002.jpg",401.10736586493,249.508509630355
42,"208_fs1-00002.jpg",400.682426145175,250.017068590519
43,"208_fs1-00002.jpg",400.260393412433,250.527474586227
44,"208_fs1-00002.jpg",399.841295687958,251.039714352703
45,"208_fs1-00002.jpg",399.425160993006,251.553774625171
46,"208_fs1-00002.jpg",399.01175783548,252.069642138853
47,"208_fs1-00002.jpg",398.600536187624,252.587303628976
48,"208_fs1-00002.jpg",398.191457164679,253.106745830761
49,"208_fs1-00002.jpg",397.784499624931,253.627955479433
50,"208_fs1-00002.jpg",397.379642426664,254.150919310216
51,"208_fs1-00002.jpg",396.976864428164,254.675624058334
52,"208_fs1-00002.jpg",396.576144487716,255.20205645901
53,"208_fs1-00002.jpg",396.177461463604,255.730203247468
54,"208_fs1-00002.jpg",395.780794214113,256.260051158933
55,"208_fs1-00002.jpg",395.38612159753,256.791586928628
56,"208_fs1-00002.jpg",394.993422472138,257.324797291776
57,"208_fs1-00002.jpg",394.602675696223,257.859668983603
58,"208_fs1-00002.jpg",394.213860128069,258.396188739331
59,"208_fs1-00002.jpg",393.826954625963,258.934343294184
60,"208_fs1-00002.jpg",393.441938048189,259.474119383386
61,"208_fs1-00002.jpg",393.058789253032,260.015503742162
62,"208_fs1-00002.jpg",392.677487098777,260.558483105735
63,"208_fs1-00002.jpg",392.298010443708,261.103044209328
64,"208_fs1-00002.jpg",391.920338146113,261.649173788166
65,"208_fs1-00002.jpg",391.544449064274,262.196858577473
66,"208_fs1-00002.jpg",391.170322056478,262.746085312472
67,"208_fs1-00002.jpg",390.797935981009,263.296840728387
68,"208_fs1-00002.jpg",390.427269696152,263.849111560442
69,"208_fs1-00002.jpg",390.058302060193,264.402884543861
70,"208_fs1-00002.jpg",389.691011931416,264.958146413867
71,"208_fs1-00002.jpg",389.325378168107,265.514883905686
72,"208_fs1-00002.jpg",388.96137962855,266.073083754539
73,"208_fs1-00002.jpg",388.598995171032,266.632732695652
74,"208_fs1-00002.jpg",388.238203653835,267.193817464249
75,"208_fs1-00002.jpg",387.878983935247,267.756324795552
76,"208_fs1-00002.jpg",387.521314873551,268.320241424785
77,"208_fs1-00002.jpg",387.165175327034,268.885554087174
78,"208_fs1-00002.jpg",386.810544153979,269.452249517941
79,"208_fs1-00002.jpg",386.457400212672,270.02031445231
80,"208_fs1-00002.jpg",386.105722361398,270.589735625506
81,"208_fs1-00002.jpg",385.755489458442,271.160499772751
82,"208_fs1-00002.jpg",385.40668036209,271.732593629271
83,"208_fs1-00002.jpg",385.059273930625,272.306003930288
84,"208_fs1-00002.jpg",384.713249022334,272.880717411027
85,"208_fs1-00002.jpg",384.368584495501,273.456720806711
86,"208_fs1-00002.jpg",384.025259208411,274.034000852564
87,"208_fs1-00002.jpg",383.68325201935,274.612544283811
88,"208_fs1-00002.jpg",383.342541786602,275.192337835674
89,"208_fs1-00002.jpg",383.003107368453,275.773368243379
90,"208_fs1-00002.jpg",382.664927623187,276.355622242148
91,"208_fs1-00002.jpg",382.32798140909,276.939086567205
92,"208_fs1-00002.jpg",381.992247584447,277.523747953775
93,"208_fs1-00002.jpg",381.657705007542,278.109593137081
94,"208_fs1-00002.jpg",381.324332536661,278.696608852347
95,"208_fs1-00002.jpg",380.992109030089,279.284781834797
96,"208_fs1-00002.jpg",380.66101334611,279.874098819655
97,"208_fs1-00002.jpg",380.33109667956,280.464546453515
98,"208_fs1-00002.jpg",380.004296763928,281.056096704068
99,"208_fs1-00002.jpg",379.681349421965,281.648690608045
100,"208_fs1-00002.jpg",379.362069666419,282.242265285242
101,"208_fs1-00002.jpg",379.046272510039,282.836757855451
102,"208_fs1-00002.jpg",378.73377296557,283.432105438468
103,"208_fs1-00002.jpg",378.424386045761,284.028245154085
104,"208_fs1-00002.jpg",378.117926763358,284.625114122098
105,"208_fs1-00002.jpg",377.81421013111,285.2226494623
106,"208_fs1-00002.jpg",377.513051161763,285.820788294485
107,"208_fs1-00002.jpg",377.214264868064,286.419467738448
108,"208_fs1-00002.jpg",376.917666262762,287.018624913982
109,"208_fs1-00002.jpg",376.623070358603,287.618196940881
110,"208_fs1-00002.jpg",376.330292168335,288.218120938939
111,"208_fs1-00002.jpg",376.039146704705,288.818334027951
112,"208_fs1-00002.jpg",375.74944898046,289.41877332771
113,"208_fs1-00002.jpg",375.461014008349,290.01937595801
114,"208_fs1-00002.jpg",375.173656801117,290.620079038646
115,"208_fs1-00002.jpg",374.887192371513,291.220819689412
116,"208_fs1-00002.jpg",374.601435732283,291.8215350301
117,"208_fs1-00002.jpg",374.316201896175,292.422162180507
118,"208_fs1-00002.jpg",374.031305875937,293.022638260425
119,"208_fs1-00002.jpg",373.746562684316,293.622900389648
120,"208_fs1-00002.jpg",373.461787334059,294.222885687971
121,"208_fs1-00002.jpg",373.176794837913,294.822531275188
122,"208_fs1-00002.jpg",372.891400208626,295.421774271092
123,"208_fs1-00002.jpg",372.605418458945,296.020551795478
124,"208_fs1-00002.jpg",372.318664601618,296.61880096814
125,"208_fs1-00002.jpg",372.030953649391,297.216458908872
126,"208_fs1-00002.jpg",371.742100615012,297.813462737467
127,"208_fs1-00002.jpg",371.451920511229,298.40974957372
128,"208_fs1-00002.jpg",371.160228350789,299.005256537425
129,"208_fs1-00002.jpg",370.866839146439,299.599920748376
130,"208_fs1-00002.jpg",370.571567910926,300.193679326367
131,"208_fs1-00002.jpg",370.274229656998,300.786469391191
132,"208_fs1-00002.jpg",369.974639397402,301.378228062644
133,"208_fs1-00002.jpg",369.672612144886,301.968892460519
134,"208_fs1-00002.jpg",369.367962912197,302.558399704609
135,"208_fs1-00002.jpg",369.060506712081,303.14668691471
136,"208_fs1-00002.jpg",368.750058557287,303.733691210615
137,"208_fs1-00002.jpg",368.436433460562,304.319349712117
138,"208_fs1-00002.jpg",368.119446434653,304.903599539012
139,"208_fs1-00002.jpg",367.798912492308,305.486377811093
140,"208_fs1-00002.jpg",367.474646646273,306.067621648155
141,"208_fs1-00002.jpg",367.146463909297,306.64726816999
142,"208_fs1-00002.jpg",366.814197364076,307.225254596699
143,"208_fs1-00002.jpg",366.478362363736,307.801541334856
144,"208_fs1-00002.jpg",366.139336846815,308.376141500301
145,"208_fs1-00002.jpg",365.797214384705,308.949075494725
146,"208_fs1-00002.jpg",365.452088548796,309.520363719822
147,"208_fs1-00002.jpg",365.104052910482,310.090026577285
148,"208_fs1-00002.jpg",364.753201041152,310.658084468807
149,"208_fs1-00002.jpg",364.399626512199,311.22455779608
150,"208_fs1-00002.jpg",364.043422895014,311.789466960798
151,"208_fs1-00002.jpg",363.684683760989,312.352832364653
152,"208_fs1-00002.jpg",363.323502681514,312.914674409338
153,"208_fs1-00002.jpg",362.959973227981,313.475013496546
154,"208_fs1-00002.jpg",362.594188971783,314.033870027969
155,"208_fs1-00002.jpg",362.226243484309,314.591264405302
156,"208_fs1-00002.jpg",361.856230336952,315.147217030236
157,"208_fs1-00002.jpg",361.484243101103,315.701748304465
158,"208_fs1-00002.jpg",361.110375348154,316.254878629681
159,"208_fs1-00002.jpg",360.734720649496,316.806628407578
160,"208_fs1-00002.jpg",360.35737257652,317.357018039848
161,"208_fs1-00002.jpg",359.978424700618,317.906067928183
162,"208_fs1-00002.jpg",359.597970593181,318.453798474278
163,"208_fs1-00002.jpg",359.216103825601,319.000230079824
164,"208_fs1-00002.jpg",358.832917969269,319.545383146515
165,"208_fs1-00002.jpg",358.448506595577,320.089278076043
166,"208_fs1-00002.jpg",358.062963275917,320.631935270102
167,"208_fs1-00002.jpg",357.676381581679,321.173375130384
168,"208_fs1-00002.jpg",357.288855084254,321.713618058583
169,"208_fs1-00002.jpg",356.900477355036,322.25268445639
170,"208_fs1-00002.jpg",356.511341965414,322.790594725499
171,"208_fs1-00002.jpg",356.12154248678,323.327369267603
172,"208_fs1-00002.jpg",355.731172490527,323.863028484394
173,"208_fs1-00002.jpg",355.340180353492,324.397592777566
174,"208_fs1-00002.jpg",354.947578619607,324.931082548812
175,"208_fs1-00002.jpg",354.553177597695,325.463518199823
176,"208_fs1-00002.jpg",354.156993859673,325.994920132294
177,"208_fs1-00002.jpg",353.759043977458,326.525308747917
178,"208_fs1-00002.jpg",353.359344522966,327.054704448384
179,"208_fs1-00002.jpg",352.957912068115,327.58312763539
180,"208_fs1-00002.jpg",352.55476318482,328.110598710626
181,"208_fs1-00002.jpg",352.149914444999,328.637138075785
182,"208_fs1-00002.jpg",351.743382420568,329.162766132561
183,"208_fs1-00002.jpg",351.335183683445,329.687503282646
184,"208_fs1-00002.jpg",350.925334805544,330.211369927734
185,"208_fs1-00002.jpg",350.513852358784,330.734386469516
186,"208_fs1-00002.jpg",350.100752915081,331.256573309686
187,"208_fs1-00002.jpg",349.686053046351,331.777950849937
188,"208_fs1-00002.jpg",349.269769324512,332.298539491961
189,"208_fs1-00002.jpg",348.85191832148,332.818359637452
190,"208_fs1-00002.jpg",348.432516609171,333.337431688102
191,"208_fs1-00002.jpg",348.011580759502,333.855776045605
192,"208_fs1-00002.jpg",347.58912734439,334.373413111653
193,"208_fs1-00002.jpg",347.165172935752,334.890363287938
194,"208_fs1-00002.jpg",346.739734105505,335.406646976155
195,"208_fs1-00002.jpg",346.312827425564,335.922284577995
196,"208_fs1-00002.jpg",345.884469467847,336.437296495152
197,"208_fs1-00002.jpg",345.45467680427,336.951703129318
198,"208_fs1-00002.jpg",345.02346600675,337.465524882187
199,"208_fs1-00002.jpg",344.590853647204,337.978782155451
200,"208_fs1-00002.jpg",344.156856297549,338.491495350803
1,"208_fs1-00003.jpg",436.167,249.833
2,"208_fs1-00003.jpg",435.469977791892,249.822644876227
3,"208_fs1-00003.jpg",434.774580089871,249.814170262956
4,"208_fs1-00003.jpg",434.080805293672,249.807683779077
5,"208_fs1-00003.jpg",433.388651803028,249.803293043478
6,"208_fs1-00003.jpg",432.698118017672,249.801105675048
7,"208_fs1-00003.jpg",432.00920233734,249.801229292677
8,"208_fs1-00003.jpg",431.321903161764,249.803771515254
9,"208_fs1-00003.jpg",430.636218890679,249.808839961668
10,"208_fs1-00003.jpg",429.952147923818,249.816542250808
11,"208_fs1-00003.jpg",429.269688660915,249.826986001563
12,"208_fs1-00003.jpg",428.588839501704,249.840278832822
13,"208_fs1-00003.jpg",427.909598845919,249.856528363475
14,"208_fs1-00003.jpg",427.231965093293,249.875842212411
15,"208_fs1-00003.jpg",426.555936643561,249.898327998518
16,"208_fs1-00003.jpg",425.881511896456,249.924093340686
17,"208_fs1-00003.jpg",425.208689251713,249.953245857803
18,"208_fs1-00003.jpg",424.537467109064,249.98589316876
19,"208_fs1-00003.jpg",423.867843868245,250.022142892445
20,"208_fs1-00003.jpg",423.199817928987,250.062102647748
21,"208_fs1-00003.jpg",422.533387691027,250.105880053557
22,"208_fs1-00003.jpg",421.868551554097,250.153582728761
23,"208_fs1-00003.jpg",421.20530791793,250.20531829225
24,"208_fs1-00003.jpg",420.543655182262,250.261194362914
25,"208_fs1-00003.jpg",419.883591746826,250.32131855964
26,"208_fs1-00003.jpg",419.225116011356,250.385798501318
27,"208_fs1-00003.jpg",418.568226375584,250.454741806837
28,"208_fs1-00003.jpg",417.912921239247,250.528256095087
29,"208_fs1-00003.jpg",417.259199002076,250.606448984956
30,"208_fs1-00003.jpg",416.607058063807,250.689428095334
31,"208_fs1-00003.jpg",415.956496824172,250.77730104511
32,"208_fs1-00003.jpg",415.307513682906,250.870175453172
33,"208_fs1-00003.jpg",414.660107039742,250.968158938411
34,"208_fs1-00003.jpg",414.014275294415,251.071359119714
35,"208_fs1-00003.jpg",413.370016846658,251.179883615972
36,"208_fs1-00003.jpg",412.727330096205,251.293840046074
37,"208_fs1-00003.jpg",412.08621344279,251.413336028907
38,"208_fs1-00003.jpg",411.446665286146,251.538479183363
39,"208_fs1-00003.jpg",410.808684026008,251.669377128329
40,"208_fs1-00003.jpg",410.172268062109,251.806137482695
41,"208_fs1-00003.jpg",409.537415794184,251.948867865351
42,"208_fs1-00003.jpg",408.904125621966,252.097675895184
43,"208_fs1-00003.jpg",408.271628668047,252.252669191085
44,"208_fs1-00003.jpg",407.635170902421,252.413955371942
45,"208_fs1-00003.jpg",406.994426593099,252.581642056645
46,"208_fs1-00003.jpg",406.349989265068,252.755836864082
47,"208_fs1-00003.jpg",405.702452443319,252.936647413143
48,"208_fs1-00003.jpg",405.052409652842,253.124181322717
49,"208_fs1-00003.jpg",404.400454418627,253.318546211693
50,"208_fs1-00003.jpg",403.747180265662,253.519849698961
51,"208_fs1-00003.jpg",403.093180718938,253.728199403408
52,"208_fs1-00003.jpg",402.439049303445,253.943702943926
53,"208_fs1-00003.jpg",401.785379544172,254.166467939401
54,"208_fs1-00003.jpg",401.132764966109,254.396602008725
55,"208_fs1-00003.jpg",400.481799094246,254.634212770785
56,"208_fs1-00003.jpg",399.833075453572,254.879407844471
57,"208_fs1-00003.jpg",399.187187569077,255.132294848673
58,"208_fs1-00003.jpg",398.544728965752,255.392981402278
59,"208_fs1-00003.jpg",397.906293168585,255.661575124177
60,"208_fs1-00003.jpg",397.272473702566,255.938183633259
61,"208_fs1-00003.jpg",396.643864092685,256.222914548412
62,"208_fs1-00003.jpg",396.021057863932,256.515875488525
63,"208_fs1-00003.jpg",395.404648541297,256.817174072489
64,"208_fs1-00003.jpg",394.795229649769,257.126917919192
65,"208_fs1-00003.jpg",394.193394714338,257.445214647522
66,"208_fs1-00003.jpg",393.599737259994,257.77217187637
67,"208_fs1-00003.jpg",393.014850811726,258.107897224625
68,"208_fs1-00003.jpg",392.439328894525,258.452498311175
69,"208_fs1-00003.jpg",391.873765033379,258.806082754909
70,"208_fs1-00003.jpg",391.318752753279,259.168758174718
71,"208_fs1-00003.jpg",390.774885579215,259.540632189489
72,"208_fs1-00003.jpg",390.242757036175,259.921812418112
73,"208_fs1-00003.jpg",389.72296064915,260.312406479477
74,"208_fs1-00003.jpg",389.21608994313,260.712521992471
75,"208_fs1-00003.jpg",388.722738443105,261.122266575985
76,"208_fs1-00003.jpg",388.243499674063,261.541747848908
77,"208_fs1-00003.jpg",387.778783403303,261.971073316897
78,"208_fs1-00003.jpg",387.315727740111,262.410274512836
79,"208_fs1-00003.jpg",386.847044984137,262.85917529252
80,"208_fs1-00003.jpg",386.373953205829,263.317564348599
81,"208_fs1-00003.jpg",385.897670475635,263.785230373728
82,"208_fs1-00003.jpg",385.419414864003,264.261962060558
83,"208_fs1-00003.jpg",384.940404441382,264.74754810174
84,"208_fs1-00003.jpg",384.461857278219,265.241777189928
85,"208_fs1-00003.jpg",383.984991444962,265.744438017774
86,"208_fs1-00003.jpg",383.51102501206,266.25531927793
87,"208_fs1-00003.jpg",383.041176049961,266.774209663047
88,"208_fs1-00003.jpg",382.576662629112,267.300897865779
89,"208_fs1-00003.jpg",382.118702819962,267.835172578778
90,"208_fs1-00003.jpg",381.668514692959,268.376822494695
91,"208_fs1-00003.jpg",381.227316318551,268.925636306183
92,"208_fs1-00003.jpg",380.796325767186,269.481402705894
93,"208_fs1-00003.jpg",380.376761109311,270.043910386481
94,"208_fs1-00003.jpg",379.969840415376,270.612948040595
95,"208_fs1-00003.jpg",379.576781755829,271.188304360889
96,"208_fs1-00003.jpg",379.198803201116,271.769768040015
97,"208_fs1-00003.jpg",378.837122821686,272.357127770626
98,"208_fs1-00003.jpg",378.492958687989,272.950172245373
99,"208_fs1-00003.jpg",378.16752887047,273.548690156908
100,"208_fs1-00003.jpg",377.862051439579,274.152470197885
101,"208_fs1-00003.jpg",377.577744465764,274.761301060955
102,"208_fs1-00003.jpg",377.315826019473,275.37497143877
103,"208_fs1-00003.jpg",377.077514171153,275.993270023983
104,"208_fs1-00003.jpg",376.864026991253,276.615985509245
105,"208_fs1-00003.jpg",376.676582550221,277.24290658721
106,"208_fs1-00003.jpg",376.516398918505,277.873821950529
107,"208_fs1-00003.jpg",376.384694166553,278.508520291854
108,"208_fs1-00003.jpg",376.282332041271,279.146790330981
109,"208_fs1-00003.jpg",376.191936477684,279.788431686147
110,"208_fs1-00003.jpg",376.10341913118,280.433271500093
111,"208_fs1-00003.jpg",376.016900702755,281.081141193924
112,"208_fs1-00003.jpg",375.932501893406,281.731872188748
113,"208_fs1-00003.jpg",375.85034340413,282.385295905671
114,"208_fs1-00003.jpg",375.770545935924,283.041243765799
115,"208_fs1-00003.jpg",375.693230189785,283.699547190239
116,"208_fs1-00003.jpg",375.618516866709,284.360037600098
117,"208_fs1-00003.jpg",375.546526667694,285.022546416482
118,"208_fs1-00003.jpg",375.477380293737,285.686905060498
119,"208_fs1-00003.jpg",375.411198445834,286.352944953252
120,"208_fs1-00003.jpg",375.348101824983,287.020497515852
121,"208_fs1-00003.jpg",375.28821113218,287.689394169402
122,"208_fs1-00003.jpg",375.231647068422,288.359466335011
123,"208_fs1-00003.jpg",375.178530334705,289.030545433784
124,"208_fs1-00003.jpg",375.128981632028,289.702462886828
125,"208_fs1-00003.jpg",375.083121661387,290.37505011525
126,"208_fs1-00003.jpg",375.041071123778,291.048138540157
127,"208_fs1-00003.jpg",375.002950720199,291.721559582654
128,"208_fs1-00003.jpg",374.968881151647,292.395144663849
129,"208_fs1-00003.jpg",374.938983119118,293.068725204848
130,"208_fs1-00003.jpg",374.913377323609,293.742132626757
131,"208_fs1-00003.jpg",374.892184466117,294.415198350684
132,"208_fs1-00003.jpg",374.87552524764,295.087753797734
133,"208_fs1-00003.jpg",374.863520369174,295.759630389015
134,"208_fs1-00003.jpg",374.856290531715,296.430659545632
135,"208_fs1-00003.jpg",374.853965938058,297.100672689775
136,"208_fs1-00003.jpg",374.866888932791,297.769542124546
137,"208_fs1-00003.jpg",374.902492990286,298.437289298089
138,"208_fs1-00003.jpg",374.958347834456,299.103969661178
139,"208_fs1-00003.jpg",375.032023189212,299.769638664585
140,"208_fs1-00003.jpg",375.121088778467,300.434351759082
141,"208_fs1-00003.jpg",375.223114326134,301.098164395443
142,"208_fs1-00003.jpg",375.335669556124,301.76113202444
143,"208_fs1-00003.jpg",375.456324192349,302.423310096845
144,"208_fs1-00003.jpg",375.582647958723,303.084754063431
145,"208_fs1-00003.jpg",375.712210579157,303.745519374972
146,"208_fs1-00003.jpg",375.842581777564,304.405661482238
147,"208_fs1-00003.jpg",375.971331277856,305.065235836004
148,"208_fs1-00003.jpg",376.096028803945,305.724297887041
149,"208_fs1-00003.jpg",376.214244079744,306.382903086122
150,"208_fs1-00003.jpg",376.323546829164,307.041106884021
151,"208_fs1-00003.jpg",376.421506776119,307.698964731509
152,"208_fs1-00003.jpg",376.50569364452,308.356532079359
153,"208_fs1-00003.jpg",376.57367715828,309.013864378344
154,"208_fs1-00003.jpg",376.62302704131,309.671017079236
155,"208_fs1-00003.jpg",376.651313017524,310.328045632809
156,"208_fs1-00003.jpg",376.655691347903,310.985003354983
157,"208_fs1-00003.jpg",376.628551330668,311.641783439355
158,"208_fs1-00003.jpg",376.569159297461,312.298010476341
159,"208_fs1-00003.jpg",376.479291279018,312.953283388295
160,"208_fs1-00003.jpg",376.360723306077,313.607201097572
161,"208_fs1-00003.jpg",376.215231409371,314.259362526527
162,"208_fs1-00003.jpg",376.044591619638,314.909366597514
163,"208_fs1-00003.jpg",375.850579967614,315.55681223289
164,"208_fs1-00003.jpg",375.634972484035,316.201298355008
165,"208_fs1-00003.jpg",375.399545199636,316.842423886223
166,"208_fs1-00003.jpg",375.146074145155,317.479787748891
167,"208_fs1-00003.jpg",374.876335351326,318.112988865366
168,"208_fs1-00003.jpg",374.592104848886,318.741626158002
169,"208_fs1-00003.jpg",374.295158668572,319.365298549156
170,"208_fs1-00003.jpg",373.987272841119,319.983604961182
171,"208_fs1-00003.jpg",373.670223397263,320.596144316435
172,"208_fs1-00003.jpg",373.34578636774,321.202515537269
173,"208_fs1-00003.jpg",373.015737783287,321.802317546039
174,"208_fs1-00003.jpg",372.68185367464,322.395149265101
175,"208_fs1-00003.jpg",372.345910072534,322.98060961681
176,"208_fs1-00003.jpg",372.009683007705,323.558297523519
177,"208_fs1-00003.jpg",371.674948510891,324.127811907585
178,"208_fs1-00003.jpg",371.343482612827,324.688751691361
179,"208_fs1-00003.jpg",371.010081788859,325.240715797203
180,"208_fs1-00003.jpg",370.656247962546,325.783303147466
181,"208_fs1-00003.jpg",370.281466761153,326.316112664504
182,"208_fs1-00003.jpg",369.886404400759,326.838743270673
183,"208_fs1-00003.jpg",369.47172709744,327.350793888327
184,"208_fs1-00003.jpg",369.038101067277,327.851863439821
185,"208_fs1-00003.jpg",368.586192526346,328.341550847511
186,"208_fs1-00003.jpg",368.116667690726,328.81945503375
187,"208_fs1-00003.jpg",367.630192776496,329.285174920894
188,"208_fs1-00003.jpg",367.127433999733,329.738309431298
189,"208_fs1-00003.jpg",366.609057576516,330.178457487316
190,"208_fs1-00003.jpg",366.075729722924,330.605218011304
191,"208_fs1-00003.jpg",365.528116655034,331.018189925617
192,"208_fs1-00003.jpg",364.966884588924,331.416972152608
193,"208_fs1-00003.jpg",364.392699740673,331.801163614634
194,"208_fs1-00003.jpg",363.806228326359,332.170363234049
195,"208_fs1-00003.jpg",363.20813656206,332.524169933207
196,"208_fs1-00003.jpg",362.599090663856,332.862182634465
197,"208_fs1-00003.jpg",361.979756847823,333.184000260176
198,"208_fs1-00003.jpg",361.350801330039,333.489221732695
199,"208_fs1-00003.jpg",360.712890326584,333.777445974378
200,"208_fs1-00003.jpg",360.066690053536,334.04827190758
1,"208_fs1-00004.jpg",445.5,239.167
2,"208_fs1-00004.jpg",444.98714160972,239.663879506531
3,"208_fs1-00004.jpg",444.472046238488,240.153168629299
4,"208_fs1-00004.jpg",443.954723806938,240.634931928028
5,"208_fs1-00004.jpg",443.435184235706,241.109233962442
6,"208_fs1-00004.jpg",442.913437445424,241.576139292266
7,"208_fs1-00004.jpg",442.389493356728,242.035712477222
8,"208_fs1-00004.jpg",441.863361890252,242.488018077037
9,"208_fs1-00004.jpg",441.335052966629,242.933120651432
10,"208_fs1-00004.jpg",440.804576506495,243.371084760134
11,"208_fs1-00004.jpg",440.271942430483,243.801974962866
12,"208_fs1-00004.jpg",439.737160659229,244.225855819352
13,"208_fs1-00004.jpg",439.200241113365,244.642791889316
14,"208_fs1-00004.jpg",438.661193713527,245.052847732482
15,"208_fs1-00004.jpg",438.120028380348,245.456087908575
16,"208_fs1-00004.jpg",437.576755034463,245.852576977319
17,"208_fs1-00004.jpg",437.031383596507,246.242379498437
18,"208_fs1-00004.jpg",436.483923987113,246.625560031655
19,"208_fs1-00004.jpg",435.934386126916,247.002183136695
20,"208_fs1-00004.jpg",435.38277993655,247.372313373283
21,"208_fs1-00004.jpg",434.829115336649,247.736015301142
22,"208_fs1-00004.jpg",434.273402247848,248.093353479997
23,"208_fs1-00004.jpg",433.715650590781,248.444392469571
24,"208_fs1-00004.jpg",433.155870286082,248.789196829589
25,"208_fs1-00004.jpg",432.594071254386,249.127831119775
26,"208_fs1-00004.jpg",432.030263416327,249.460359899853
27,"208_fs1-00004.jpg",431.464456692538,249.786847729548
28,"208_fs1-00004.jpg",430.896661003655,250.107359168583
29,"208_fs1-00004.jpg",430.326886270312,250.421958776682
30,"208_fs1-00004.jpg",429.755142413142,250.73071111357
31,"208_fs1-00004.jpg",429.181439352781,251.033680738971
32,"208_fs1-00004.jpg",428.605787009863,251.330932212608
33,"208_fs1-00004.jpg",428.028195305021,251.622530094207
34,"208_fs1-00004.jpg",427.44867415889,251.908538943491
35,"208_fs1-00004.jpg",426.867233492105,252.189023320185
36,"208_fs1-00004.jpg",426.283883225299,252.464047784011
37,"208_fs1-00004.jpg",425.698633279108,252.733676894696
38,"208_fs1-00004.jpg",425.111493574164,252.997975211962
39,"208_fs1-00004.jpg",424.522474031103,253.257007295535
40,"208_fs1-00004.jpg",423.931584570559,253.510837705137
41,"208_fs1-00004.jpg",423.338835113166,253.759531000494
42,"208_fs1-00004.jpg",422.744235579558,254.003151741329
43,"208_fs1-00004.jpg",422.14752115799,254.241764487366
44,"208_fs1-00004.jpg",421.546741700413,254.47543379833
45,"208_fs1-00004.jpg",420.94164655163,254.704224233945
46,"208_fs1-00004.jpg",420.332397431225,254.928200353935
47,"208_fs1-00004.jpg",419.719156058781,255.147426718024
48,"208_fs1-00004.jpg",419.10208415388,255.361967885936
49,"208_fs1-00004.jpg",418.481343436107,255.571888417396
50,"208_fs1-00004.jpg",417.857095625045,255.777252872127
51,"208_fs1-00004.jpg",417.229502440277,255.978125809854
52,"208_fs1-00004.jpg",416.598725601386,256.1745717903
53,"208_fs1-00004.jpg",415.964926827957,256.366655373191
54,"208_fs1-00004.jpg",415.328267839571,256.554441118249
55,"208_fs1-00004.jpg",414.688910355814,256.7379935852
56,"208_fs1-00004.jpg",414.047016096267,256.917377333767
57,"208_fs1-00004.jpg",413.402746780514,257.092656923675
58,"208_fs1-00004.jpg",412.756264128139,257.263896914647
59,"208_fs1-00004.jpg",412.107729858725,257.431161866408
60,"208_fs1-00004.jpg",411.457305691856,257.594516338682
61,"208_fs1-00004.jpg",410.805153347114,257.754024891193
62,"208_fs1-00004.jpg",410.151434544083,257.909752083665
63,"208_fs1-00004.jpg",409.496311002347,258.061762475823
64,"208_fs1-00004.jpg",408.839944441488,258.21012062739
65,"208_fs1-00004.jpg",408.182496581091,258.35489109809
66,"208_fs1-00004.jpg",407.524129140738,258.496138447649
67,"208_fs1-00004.jpg",406.865003840013,258.633927235789
68,"208_fs1-00004.jpg",406.205282398499,258.768322022236
69,"208_fs1-00004.jpg",405.54512653578,258.899387366713
70,"208_fs1-00004.jpg",404.884697971438,259.027187828944
71,"208_fs1-00004.jpg",404.224158425058,259.151787968653
72,"208_fs1-00004.jpg",403.563669616222,259.273252345565
73,"208_fs1-00004.jpg",402.903393264515,259.391645519404
74,"208_fs1-00004.jpg",402.243491089518,259.507032049894
75,"208_fs1-00004.jpg",401.584124810817,259.619476496759
76,"208_fs1-00004.jpg",400.925456147993,259.729043419723
77,"208_fs1-00004.jpg",400.267646820631,259.835797378511
78,"208_fs1-00004.jpg",399.610858548314,259.939802932846
79,"208_fs1-00004.jpg",398.955253050625,260.041124642453
80,"208_fs1-00004.jpg",398.300992047147,260.139827067055
81,"208_fs1-00004.jpg",397.648237257464,260.235974766377
82,"208_fs1-00004.jpg",396.997150401159,260.329632300144
83,"208_fs1-00004.jpg",396.347893197816,260.420864228078
84,"208_fs1-00004.jpg",395.700627367017,260.509735109905
85,"208_fs1-00004.jpg",395.055514628347,260.596309505349
86,"208_fs1-00004.jpg",394.40985701106,260.680689274317
87,"208_fs1-00004.jpg",393.754290512686,260.763447146691
88,"208_fs1-00004.jpg",393.089239076209,260.845478319664
89,"208_fs1-00004.jpg",392.416022985935,260.927684270091
90,"208_fs1-00004.jpg",391.735962526165,261.010966474824
91,"208_fs1-00004.jpg",391.050377981204,261.096226410715
92,"208_fs1-00004.jpg",390.360589635355,261.184365554619
93,"208_fs1-00004.jpg",389.667917772921,261.276285383387
94,"208_fs1-00004.jpg",388.973682678205,261.372887373873
95,"208_fs1-00004.jpg",388.279204635511,261.47507300293
96,"208_fs1-00004.jpg",387.585803929142,261.583743747411
97,"208_fs1-00004.jpg",386.894800843402,261.699801084169
98,"208_fs1-00004.jpg",386.207515662594,261.824146490057
99,"208_fs1-00004.jpg",385.525268671021,261.957681441928
100,"208_fs1-00004.jpg",384.849380152986,262.101307416634
101,"208_fs1-00004.jpg",384.181170392794,262.25592589103
102,"208_fs1-00004.jpg",383.521959674747,262.422438341967
103,"208_fs1-00004.jpg",382.873068283149,262.6017462463
104,"208_fs1-00004.jpg",382.235816502303,262.79475108088
105,"208_fs1-00004.jpg",381.611524616512,263.002354322561
106,"208_fs1-00004.jpg",381.00151291008,263.225457448196
107,"208_fs1-00004.jpg",380.40710166731,263.464961934638
108,"208_fs1-00004.jpg",379.829611172506,263.72176925874
109,"208_fs1-00004.jpg",379.270361709971,263.996780897355
110,"208_fs1-00004.jpg",378.730673564008,264.290898327336
111,"208_fs1-00004.jpg",378.211867018921,264.605023025536
112,"208_fs1-00004.jpg",377.715262359012,264.940056468808
113,"208_fs1-00004.jpg",377.226162706034,265.296654139131
114,"208_fs1-00004.jpg",376.727751900295,265.674355778153
115,"208_fs1-00004.jpg",376.222429492722,266.072384957438
116,"208_fs1-00004.jpg",375.712625910626,266.489965228057
117,"208_fs1-00004.jpg",375.200771581316,266.92632014108
118,"208_fs1-00004.jpg",374.689296932104,267.380673247578
119,"208_fs1-00004.jpg",374.1806323903,267.852248098622
120,"208_fs1-00004.jpg",373.677208383215,268.340268245282
121,"208_fs1-00004.jpg",373.181455338159,268.843957238627
122,"208_fs1-00004.jpg",372.695803682444,269.36253862973
123,"208_fs1-00004.jpg",372.22268384338,269.89523596966
124,"208_fs1-00004.jpg",371.764526248278,270.441272809488
125,"208_fs1-00004.jpg",371.323761324448,270.999872700284
126,"208_fs1-00004.jpg",370.902819499201,271.570259193119
127,"208_fs1-00004.jpg",370.504131199847,272.151655839064
128,"208_fs1-00004.jpg",370.130126853698,272.743286189188
129,"208_fs1-00004.jpg",369.783236888064,273.344373794562
130,"208_fs1-00004.jpg",369.465891730256,273.954142206258
131,"208_fs1-00004.jpg",369.180521807584,274.571814975345
132,"208_fs1-00004.jpg",368.929557547359,275.196615652893
133,"208_fs1-00004.jpg",368.715429376892,275.827767789974
134,"208_fs1-00004.jpg",368.540567723493,276.464494937658
135,"208_fs1-00004.jpg",368.407403014473,277.106020647015
136,"208_fs1-00004.jpg",368.318365677143,277.751568469116
137,"208_fs1-00004.jpg",368.253637101951,278.400446432143
138,"208_fs1-00004.jpg",368.190911248504,279.052310943057
139,"208_fs1-00004.jpg",368.130236212422,279.7069082017
140,"208_fs1-00004.jpg",368.071662397563,280.363984408005
141,"208_fs1-00004.jpg",368.015240207783,281.023285761906
142,"208_fs1-00004.jpg",367.961020046936,281.684558463336
143,"208_fs1-00004.jpg",367.909052318879,282.347548712228
144,"208_fs1-00004.jpg",367.859387427467,283.012002708515
145,"208_fs1-00004.jpg",367.812075776558,283.677666652131
146,"208_fs1-00004.jpg",367.767167770006,284.344286743008
147,"208_fs1-00004.jpg",367.724713811667,285.01160918108
148,"208_fs1-00004.jpg",367.684764305397,285.679380166279
149,"208_fs1-00004.jpg",367.647369655052,286.34734589854
150,"208_fs1-00004.jpg",367.612580264488,287.015252577796
151,"208_fs1-00004.jpg",367.580446537561,287.682846403979
152,"208_fs1-00004.jpg",367.551018878126,288.349873577023
153,"208_fs1-00004.jpg",367.524347690039,289.016080296861
154,"208_fs1-00004.jpg",367.500483377157,289.681212763427
155,"208_fs1-00004.jpg",367.479476343335,290.345017176653
156,"208_fs1-00004.jpg",367.461376992429,291.007239736472
157,"208_fs1-00004.jpg",367.446235728294,291.667626642819
158,"208_fs1-00004.jpg",367.434102954788,292.325924095625
159,"208_fs1-00004.jpg",367.425029075765,292.981878294825
160,"208_fs1-00004.jpg",367.419064495081,293.635235440351
161,"208_fs1-00004.jpg",367.416259616592,294.285741732137
162,"208_fs1-00004.jpg",367.421524276565,294.933143370117
163,"208_fs1-00004.jpg",367.452929128509,295.577186554222
164,"208_fs1-00004.jpg",367.511680797808,296.217617484386
165,"208_fs1-00004.jpg",367.597218027693,296.854182360543
166,"208_fs1-00004.jpg",367.708979561395,297.486627382626
167,"208_fs1-00004.jpg",367.846404142145,298.114698750568
168,"208_fs1-00004.jpg",368.008930513172,298.738142664302
169,"208_fs1-00004.jpg",368.195997417707,299.356705323762
170,"208_fs1-00004.jpg",368.407043598981,299.97013292888
171,"208_fs1-00004.jpg",368.641507800223,300.57817167959
172,"208_fs1-00004.jpg",368.898828764665,301.180567775825
173,"208_fs1-00004.jpg",369.178445235536,301.777067417518
174,"208_fs1-00004.jpg",369.479795956067,302.367416804602
175,"208_fs1-00004.jpg",369.802319669489,302.951362137012
176,"208_fs1-00004.jpg",370.145455119032,303.528649614679
177,"208_fs1-00004.jpg",370.508641047926,304.099025437537
178,"208_fs1-00004.jpg",370.891316199402,304.66223580552
179,"208_fs1-00004.jpg",371.29291931669,305.218026918559
180,"208_fs1-00004.jpg",371.712889143021,305.76614497659
181,"208_fs1-00004.jpg",372.150664421625,306.306336179545
182,"208_fs1-00004.jpg",372.605683895732,306.838346727356
183,"208_fs1-00004.jpg",373.077386308573,307.361922819958
184,"208_fs1-00004.jpg",373.565210403378,307.876810657284
185,"208_fs1-00004.jpg",374.068594923378,308.382756439266
186,"208_fs1-00004.jpg",374.586978611803,308.879506365838
187,"208_fs1-00004.jpg",375.119800211884,309.366806636934
188,"208_fs1-00004.jpg",375.66649846685,309.844403452485
189,"208_fs1-00004.jpg",376.226512119933,310.312043012426
190,"208_fs1-00004.jpg",376.799279914363,310.76947151669
191,"208_fs1-00004.jpg",377.384240593369,311.216435165211
192,"208_fs1-00004.jpg",377.980832900184,311.65268015792
193,"208_fs1-00004.jpg",378.588495578036,312.077952694751
194,"208_fs1-00004.jpg",379.206667370157,312.491998975639
195,"208_fs1-00004.jpg",379.834787019776,312.894565200515
196,"208_fs1-00004.jpg",380.472293270125,313.285397569313
197,"208_fs1-00004.jpg",381.118624864433,313.664242281966
198,"208_fs1-00004.jpg",381.773220545932,314.030845538408
199,"208_fs1-00004.jpg",382.435519057851,314.384953538571
200,"208_fs1-00004.jpg",383.104959143421,314.726312482389
1,"208_fs1-00005.jpg",454.833,230.5
2,"208_fs1-00005.jpg",454.378176478782,230.874329117438
3,"208_fs1-00005.jpg",453.921700822142,231.252993474045
4,"208_fs1-00005.jpg",453.463581501921,231.6358372799
5,"208_fs1-00005.jpg",453.00382698996,232.022704745082
6,"208_fs1-00005.jpg",452.542445758097,232.413440079669
7,"208_fs1-00005.jpg",452.079446278173,232.80788749374
8,"208_fs1-00005.jpg",451.614837022029,233.205891197375
9,"208_fs1-00005.jpg",451.148626461503,233.607295400651
10,"208_fs1-00005.jpg",450.680823068436,234.011944313647
11,"208_fs1-00005.jpg",450.211435314669,234.419682146443
12,"208_fs1-00005.jpg",449.740471672041,234.830353109116
13,"208_fs1-00005.jpg",449.267940612391,235.243801411745
14,"208_fs1-00005.jpg",448.793850607561,235.65987126441
15,"208_fs1-00005.jpg",448.31821012939,236.078406877189
16,"208_fs1-00005.jpg",447.841027649719,236.49925246016
17,"208_fs1-00005.jpg",447.362311640386,236.922252223403
18,"208_fs1-00005.jpg",446.882070573233,237.347250376996
19,"208_fs1-00005.jpg",446.400312920099,237.774091131017
20,"208_fs1-00005.jpg",445.917047152825,238.202618695546
21,"208_fs1-00005.jpg",445.432281743249,238.632677280661
22,"208_fs1-00005.jpg",444.946025163213,239.064111096441
23,"208_fs1-00005.jpg",444.458285884557,239.496764352964
24,"208_fs1-00005.jpg",443.96907237912,239.93048126031
25,"208_fs1-00005.jpg",443.478393118742,240.365106028557
26,"208_fs1-00005.jpg",442.986256575263,240.800482867783
27,"208_fs1-00005.jpg",442.492671220524,241.236455988068
28,"208_fs1-00005.jpg",441.997645526365,241.67286959949
29,"208_fs1-00005.jpg",441.501187964625,242.109567912128
30,"208_fs1-00005.jpg",441.003307007144,242.546395136061
31,"208_fs1-00005.jpg",440.504011125763,242.983195481367
32,"208_fs1-00005.jpg",440.003308792322,243.419813158125
33,"208_fs1-00005.jpg",439.50120847866,243.856092376413
34,"208_fs1-00005.jpg",438.997718656618,244.291877346312
35,"208_fs1-00005.jpg",438.492847798035,244.727012277898
36,"208_fs1-00005.jpg",437.986604374752,245.161341381251
37,"208_fs1-00005.jpg",437.478996858608,245.594708866449
38,"208_fs1-00005.jpg",436.970033721445,246.026958943572
39,"208_fs1-00005.jpg",436.459723435101,246.457935822698
40,"208_fs1-00005.jpg",435.948074471416,246.887483713906
41,"208_fs1-00005.jpg",435.435095302232,247.315446827274
42,"208_fs1-00005.jpg",434.920794399387,247.741669372881
43,"208_fs1-00005.jpg",434.405180234722,248.165995560806
44,"208_fs1-00005.jpg",433.888261280077,248.588269601128
45,"208_fs1-00005.jpg",433.370045699232,249.008335703925
46,"208_fs1-00005.jpg",432.850523451933,249.426038079275
47,"208_fs1-00005.jpg",432.329666996485,249.841220937259
48,"208_fs1-00005.jpg",431.807448307301,250.253728487954
49,"208_fs1-00005.jpg",431.283839358793,250.663404941439
50,"208_fs1-00005.jpg",430.758812125372,251.070094507793
51,"208_fs1-00005.jpg",430.232338581452,251.473641397094
52,"208_fs1-00005.jpg",429.704390701445,251.873889819422
53,"208_fs1-00005.jpg",429.174940459763,252.270683984855
54,"208_fs1-00005.jpg",428.643959830819,252.663868103471
55,"208_fs1-00005.jpg",428.111420789024,253.05328638535
56,"208_fs1-00005.jpg",427.577295308791,253.43878304057
57,"208_fs1-00005.jpg",427.041555364533,253.82020227921
58,"208_fs1-00005.jpg",426.504172930662,254.197388311348
59,"208_fs1-00005.jpg",425.965119981589,254.570185347064
60,"208_fs1-00005.jpg",425.424368491728,254.938437596435
61,"208_fs1-00005.jpg",424.88189043549,255.301989269541
62,"208_fs1-00005.jpg",424.337657787289,255.660684576461
63,"208_fs1-00005.jpg",423.791642521535,256.014367727273
64,"208_fs1-00005.jpg",423.243816612643,256.362882932055
65,"208_fs1-00005.jpg",422.694152035023,256.706074400887
66,"208_fs1-00005.jpg",422.142620763089,257.043786343847
67,"208_fs1-00005.jpg",421.589194771252,257.375862971015
68,"208_fs1-00005.jpg",421.033846033925,257.702148492467
69,"208_fs1-00005.jpg",420.47654652552,258.022487118285
70,"208_fs1-00005.jpg",419.91726822045,258.336723058545
71,"208_fs1-00005.jpg",419.355983093126,258.644700523327
72,"208_fs1-00005.jpg",418.792663117962,258.94626372271
73,"208_fs1-00005.jpg",418.227280269369,259.241256866772
74,"208_fs1-00005.jpg",417.65980652176,259.529524165592
75,"208_fs1-00005.jpg",417.090213849547,259.810909829248
76,"208_fs1-00005.jpg",416.518474227142,260.08525806782
77,"208_fs1-00005.jpg",415.944559628959,260.352413091386
78,"208_fs1-00005.jpg",415.368442029408,260.612219110025
79,"208_fs1-00005.jpg",414.790093402903,260.864520333815
80,"208_fs1-00005.jpg",414.209485723855,261.109160972835
81,"208_fs1-00005.jpg",413.626590966677,261.345985237165
82,"208_fs1-00005.jpg",413.041381105782,261.574837336882
83,"208_fs1-00005.jpg",412.453828115581,261.795561482065
84,"208_fs1-00005.jpg",411.863903970487,262.008001882794
85,"208_fs1-00005.jpg",411.271580644913,262.212002749146
86,"208_fs1-00005.jpg",410.675573080278,262.407440582076
87,"208_fs1-00005.jpg",410.073986051424,262.594385245925
88,"208_fs1-00005.jpg",409.467090985762,262.7729782605
89,"208_fs1-00005.jpg",408.855189937213,262.943361262595
90,"208_fs1-00005.jpg",408.2385849597,263.105675889001
91,"208_fs1-00005.jpg",407.617578107142,263.260063776511
92,"208_fs1-00005.jpg",406.992471433463,263.406666561918
93,"208_fs1-00005.jpg",406.363566992583,263.545625882014
94,"208_fs1-00005.jpg",405.731166838424,263.67708337359
95,"208_fs1-00005.jpg",405.095573024907,263.801180673441
96,"208_fs1-00005.jpg",404.457087605953,263.918059418357
97,"208_fs1-00005.jpg",403.816012635485,264.027861245132
98,"208_fs1-00005.jpg",403.172650167423,264.130727790558
99,"208_fs1-00005.jpg",402.52730225569,264.226800691427
100,"208_fs1-00005.jpg",401.880270954205,264.316221584532
101,"208_fs1-00005.jpg",401.231858316892,264.399132106665
102,"208_fs1-00005.jpg",400.582366397671,264.475673894618
103,"208_fs1-00005.jpg",399.932097250463,264.545988585184
104,"208_fs1-00005.jpg",399.281352929191,264.610217815156
105,"208_fs1-00005.jpg",398.630435487776,264.668503221325
106,"208_fs1-00005.jpg",397.979646980138,264.720986440485
107,"208_fs1-00005.jpg",397.3292894602,264.767809109426
108,"208_fs1-00005.jpg",396.679664981883,264.809112864943
109,"208_fs1-00005.jpg",396.031075599109,264.845039343827
110,"208_fs1-00005.jpg",395.383823365799,264.875730182871
111,"208_fs1-00005.jpg",394.738210335873,264.901327018867
112,"208_fs1-00005.jpg",394.094538563255,264.921971488607
113,"208_fs1-00005.jpg",393.453110101865,264.937805228885
114,"208_fs1-00005.jpg",392.813112851789,264.94899069627
115,"208_fs1-00005.jpg",392.169244456049,264.956088880628
116,"208_fs1-00005.jpg",391.521248875938,264.960019211844
117,"208_fs1-00005.jpg",390.86968347881,264.961713892651
118,"208_fs1-00005.jpg",390.21510563202,264.962105125784
119,"208_fs1-00005.jpg",389.558072702919,264.962125113979
120,"208_fs1-00005.jpg",388.899142058863,264.96270605997
121,"208_fs1-00005.jpg",388.238871067204,264.964780166493
122,"208_fs1-00005.jpg",387.577817095296,264.969279636282
123,"208_fs1-00005.jpg",386.916537510492,264.977136672073
124,"208_fs1-00005.jpg",386.255589680147,264.9892834766
125,"208_fs1-00005.jpg",385.595530971612,265.006652252599
126,"208_fs1-00005.jpg",384.936918752243,265.030175202804
127,"208_fs1-00005.jpg",384.280310389392,265.06078452995
128,"208_fs1-00005.jpg",383.626263250413,265.099412436773
129,"208_fs1-00005.jpg",382.97533470266,265.146991126007
130,"208_fs1-00005.jpg",382.328082113485,265.204452800387
131,"208_fs1-00005.jpg",381.685062850243,265.272729662649
132,"208_fs1-00005.jpg",381.046834280287,265.352753915527
133,"208_fs1-00005.jpg",380.413953770971,265.445457761757
134,"208_fs1-00005.jpg",379.786978689647,265.551773404072
135,"208_fs1-00005.jpg",379.16646640367,265.67263304521
136,"208_fs1-00005.jpg",378.552974280393,265.808968887903
137,"208_fs1-00005.jpg",377.94705968717,265.961713134888
138,"208_fs1-00005.jpg",377.349279991353,266.131797988898
139,"208_fs1-00005.jpg",376.760192560298,266.320155652671
140,"208_fs1-00005.jpg",376.176305235198,266.527649279612
141,"208_fs1-00005.jpg",375.586067349884,266.754353398092
142,"208_fs1-00005.jpg",374.990822858476,266.999840349969
143,"208_fs1-00005.jpg",374.392916503242,267.263674399081
144,"208_fs1-00005.jpg",373.794693026455,267.545419809266
145,"208_fs1-00005.jpg",373.198497170386,267.844640844359
146,"208_fs1-00005.jpg",372.606673677306,268.1609017682
147,"208_fs1-00005.jpg",372.021567289486,268.493766844625
148,"208_fs1-00005.jpg",371.445522749197,268.842800337473
149,"208_fs1-00005.jpg",370.880884798711,269.20756651058
150,"208_fs1-00005.jpg",370.329998180298,269.587629627784
151,"208_fs1-00005.jpg",369.79520763623,269.982553952923
152,"208_fs1-00005.jpg",369.278857908778,270.391903749833
153,"208_fs1-00005.jpg",368.783293740213,270.815243282354
154,"208_fs1-00005.jpg",368.310859872806,271.252136814321
155,"208_fs1-00005.jpg",367.863901048828,271.702148609572
156,"208_fs1-00005.jpg",367.444762010551,272.164842931946
157,"208_fs1-00005.jpg",367.055787500246,272.639784045279
158,"208_fs1-00005.jpg",366.684037758841,273.126534836015
159,"208_fs1-00005.jpg",366.307531332655,273.624650258662
160,"208_fs1-00005.jpg",365.927679908869,274.133682434239
161,"208_fs1-00005.jpg",365.54618031823,274.653183480221
162,"208_fs1-00005.jpg",365.16472939149,275.182705514086
163,"208_fs1-00005.jpg",364.785023959396,275.721800653311
164,"208_fs1-00005.jpg",364.408760852698,276.270021015374
165,"208_fs1-00005.jpg",364.037636902146,276.826918717751
166,"208_fs1-00005.jpg",363.673348938489,277.39204587792
167,"208_fs1-00005.jpg",363.317593792475,277.964954613359
168,"208_fs1-00005.jpg",362.972068294854,278.545197041543
169,"208_fs1-00005.jpg",362.638469276375,279.132325279952
170,"208_fs1-00005.jpg",362.318493567788,279.725891446061
171,"208_fs1-00005.jpg",362.013837999841,280.325447657348
172,"208_fs1-00005.jpg",361.726199403284,280.930546031291
173,"208_fs1-00005.jpg",361.457274608866,281.540738685366
174,"208_fs1-00005.jpg",361.208760447336,282.155577737051
175,"208_fs1-00005.jpg",360.982353749444,282.774615303823
176,"208_fs1-00005.jpg",360.779751345938,283.397403503159
177,"208_fs1-00005.jpg",360.602650067568,284.023494452537
178,"208_fs1-00005.jpg",360.452746745083,284.652440269433
179,"208_fs1-00005.jpg",360.331738209233,285.283793071326
180,"208_fs1-00005.jpg",360.241321290766,285.917104975692
181,"208_fs1-00005.jpg",360.183192820431,286.551928100008
182,"208_fs1-00005.jpg",360.159049628978,287.187814561752
183,"208_fs1-00005.jpg",360.165003553887,287.8243164784
184,"208_fs1-00005.jpg",360.190995619805,288.460985967431
185,"208_fs1-00005.jpg",360.236886013108,289.097375146322
186,"208_fs1-00005.jpg",360.302809126991,289.733036132548
187,"208_fs1-00005.jpg",360.388899354649,290.367521043589
188,"208_fs1-00005.jpg",360.495291089276,291.000381996921
189,"208_fs1-00005.jpg",360.622118724069,291.631171110021
190,"208_fs1-00005.jpg",360.769516652221,292.259440500367
191,"208_fs1-00005.jpg",360.937619266928,292.884742285436
192,"208_fs1-00005.jpg",361.126560961384,293.506628582704
193,"208_fs1-00005.jpg",361.336476128786,294.12465150965
194,"208_fs1-00005.jpg",361.567499162327,294.738363183751
195,"208_fs1-00005.jpg",361.819764455203,295.347315722483
196,"208_fs1-00005.jpg",362.093406400609,295.951061243324
197,"208_fs1-00005.jpg",362.388559391739,296.549151863751
198,"208_fs1-00005.jpg",362.705357821789,297.141139701242
199,"208_fs1-00005.jpg",363.043936083954,297.726576873274
200,"208_fs1-00005.jpg",363.404428571429,298.305015497323
1,"208_fs1-00006.jpg",469.5,221.167
2,"208_fs1-00006.jpg",468.958131226598,221.466585252543
3,"208_fs1-00006.jpg",468.41652772201,221.770280755843
4,"208_fs1-00006.jpg",467.875192269496,222.078011509192
5,"208_fs1-00006.jpg",467.334127652319,222.389702511884
6,"208_fs1-00006.jpg",466.793336653739,222.705278763211
7,"208_fs1-00006.jpg",466.252822057017,223.024665262467
8,"208_fs1-00006.jpg",465.712586645416,223.347787008944
9,"208_fs1-00006.jpg",465.172633202195,223.674569001934
10,"208_fs1-00006.jpg",464.632964510616,224.004936240732
11,"208_fs1-00006.jpg",464.09358335394,224.338813724629
12,"208_fs1-00006.jpg",463.554492515429,224.67612645292
13,"208_fs1-00006.jpg",463.015694778343,225.016799424896
14,"208_fs1-00006.jpg",462.477192925944,225.36075763985
15,"208_fs1-00006.jpg",461.938989741494,225.707926097076
16,"208_fs1-00006.jpg",461.401088008252,226.058229795866
17,"208_fs1-00006.jpg",460.863490509481,226.411593735513
18,"208_fs1-00006.jpg",460.326200028441,226.767942915311
19,"208_fs1-00006.jpg",459.789219348394,227.127202334551
20,"208_fs1-00006.jpg",459.252551252601,227.489296992528
21,"208_fs1-00006.jpg",458.716198524323,227.854151888533
22,"208_fs1-00006.jpg",458.180163946822,228.22169202186
23,"208_fs1-00006.jpg",457.644450303357,228.591842391801
24,"208_fs1-00006.jpg",457.109060377192,228.96452799765
25,"208_fs1-00006.jpg",456.573996951587,229.339673838699
26,"208_fs1-00006.jpg",456.039262809802,229.717204914242
27,"208_fs1-00006.jpg",455.5048607351,230.097046223571
28,"208_fs1-00006.jpg",454.970793510741,230.479122765978
29,"208_fs1-00006.jpg",454.437063919986,230.863359540758
30,"208_fs1-00006.jpg",453.903674746098,231.249681547203
31,"208_fs1-00006.jpg",453.370628772336,231.638013784605
32,"208_fs1-00006.jpg",452.837928781963,232.028281252258
33,"208_fs1-00006.jpg",452.305577558239,232.420408949454
34,"208_fs1-00006.jpg",451.773577884426,232.814321875487
35,"208_fs1-00006.jpg",451.241932543784,233.20994502965
36,"208_fs1-00006.jpg",450.710644319575,233.607203411234
37,"208_fs1-00006.jpg",450.17971599506,234.006022019534
38,"208_fs1-00006.jpg",449.649150353501,234.406325853841
39,"208_fs1-00006.jpg",449.118950178158,234.808039913449
40,"208_fs1-00006.jpg",448.589118252293,235.211089197652
41,"208_fs1-00006.jpg",448.059657359166,235.615398705741
42,"208_fs1-00006.jpg",447.53057028204,236.020893437009
43,"208_fs1-00006.jpg",447.001859804175,236.42749839075
44,"208_fs1-00006.jpg",446.473528708832,236.835138566257
45,"208_fs1-00006.jpg",445.945579779272,237.243738962821
46,"208_fs1-00006.jpg",445.41804490303,237.653224579737
47,"208_fs1-00006.jpg",444.892008087947,238.063520416297
48,"208_fs1-00006.jpg",444.367952151498,238.474551471794
49,"208_fs1-00006.jpg",443.845787594734,238.88624274552
50,"208_fs1-00006.jpg",443.325424918705,239.29851923677
51,"208_fs1-00006.jpg",442.806774624462,239.711305944835
52,"208_fs1-00006.jpg",442.289747213056,240.124527869009
53,"208_fs1-00006.jpg",441.774253185537,240.538110008584
54,"208_fs1-00006.jpg",441.260203042957,240.951977362853
55,"208_fs1-00006.jpg",440.747507286365,241.36605493111
56,"208_fs1-00006.jpg",440.236076416812,241.780267712646
57,"208_fs1-00006.jpg",439.725820935349,242.194540706756
58,"208_fs1-00006.jpg",439.216651343027,242.608798912732
59,"208_fs1-00006.jpg",438.708478140895,243.022967329866
60,"208_fs1-00006.jpg",438.201211830006,243.436970957452
61,"208_fs1-00006.jpg",437.694762911409,243.850734794783
62,"208_fs1-00006.jpg",437.189041886155,244.264183841151
63,"208_fs1-00006.jpg",436.683959255295,244.67724309585
64,"208_fs1-00006.jpg",436.179425519879,245.089837558171
65,"208_fs1-00006.jpg",435.675351180958,245.501892227409
66,"208_fs1-00006.jpg",435.171646739582,245.913332102856
67,"208_fs1-00006.jpg",434.668222696803,246.324082183806
68,"208_fs1-00006.jpg",434.164989553671,246.734067469549
69,"208_fs1-00006.jpg",433.661857811236,247.143212959381
70,"208_fs1-00006.jpg",433.158737970549,247.551443652593
71,"208_fs1-00006.jpg",432.655540532661,247.958684548479
72,"208_fs1-00006.jpg",432.152175998623,248.364860646331
73,"208_fs1-00006.jpg",431.648554869484,248.769896945443
74,"208_fs1-00006.jpg",431.144587646296,249.173718445107
75,"208_fs1-00006.jpg",430.640184830109,249.576250144616
76,"208_fs1-00006.jpg",430.135256921975,249.977417043263
77,"208_fs1-00006.jpg",429.629714422942,250.37714414034
78,"208_fs1-00006.jpg",429.123467834063,250.775356435142
79,"208_fs1-00006.jpg",428.616427656388,251.17197892696
80,"208_fs1-00006.jpg",428.108504390967,251.566936615088
81,"208_fs1-00006.jpg",427.599608538852,251.960154498819
82,"208_fs1-00006.jpg",427.089650601092,252.351557577445
83,"208_fs1-00006.jpg",426.578541078738,252.741070850259
84,"208_fs1-00006.jpg",426.066190472842,253.128619316554
85,"208_fs1-00006.jpg",425.552509284453,253.514127975623
86,"208_fs1-00006.jpg",425.037408014622,253.897521826759
87,"208_fs1-00006.jpg",424.5207971644,254.278725869256
88,"208_fs1-00006.jpg",424.002587234838,254.657665102404
89,"208_fs1-00006.jpg",423.482688726985,255.034264525499
90,"208_fs1-00006.jpg",422.961012141894,255.408449137832
91,"208_fs1-00006.jpg",422.437467980614,255.780143938697
92,"208_fs1-00006.jpg",421.911966744196,256.149273927385
93,"208_fs1-00006.jpg",421.384418933691,256.515764103192
94,"208_fs1-00006.jpg",420.854735050149,256.879539465408
95,"208_fs1-00006.jpg",420.322825594621,257.240525013327
96,"208_fs1-00006.jpg",419.788601068157,257.598645746242
97,"208_fs1-00006.jpg",419.251971971809,257.953826663446
98,"208_fs1-00006.jpg",418.712848806627,258.305992764232
99,"208_fs1-00006.jpg",418.171142073661,258.655069047892
100,"208_fs1-00006.jpg",417.626762273962,259.00098051372
101,"208_fs1-00006.jpg",417.079619908581,259.343652161008
102,"208_fs1-00006.jpg",416.529625478568,259.683008989049
103,"208_fs1-00006.jpg",415.976689484975,260.018975997137
104,"208_fs1-00006.jpg",415.420722428851,260.351478184563
105,"208_fs1-00006.jpg",414.861634811247,260.680440550622
106,"208_fs1-00006.jpg",414.299337133214,261.005788094605
107,"208_fs1-00006.jpg",413.733637230532,261.327443356757
108,"208_fs1-00006.jpg",413.163560146124,261.645230440719
109,"208_fs1-00006.jpg",412.589026637746,261.958843909197
110,"208_fs1-00006.jpg",412.010214456021,262.267969497579
111,"208_fs1-00006.jpg",411.427301351572,262.572292941251
112,"208_fs1-00006.jpg",410.840465075022,262.871499975602
113,"208_fs1-00006.jpg",410.249883376994,263.165276336019
114,"208_fs1-00006.jpg",409.65573400811,263.45330775789
115,"208_fs1-00006.jpg",409.058194718994,263.735279976601
116,"208_fs1-00006.jpg",408.457443260267,264.010878727541
117,"208_fs1-00006.jpg",407.853657382554,264.279789746097
118,"208_fs1-00006.jpg",407.247014836477,264.541698767656
119,"208_fs1-00006.jpg",406.637693372659,264.796291527606
120,"208_fs1-00006.jpg",406.025870741722,265.043253761334
121,"208_fs1-00006.jpg",405.41172469429,265.282271204229
122,"208_fs1-00006.jpg",404.795432980984,265.513029591677
123,"208_fs1-00006.jpg",404.177173352429,265.735214659065
124,"208_fs1-00006.jpg",403.557123559247,265.948512141782
125,"208_fs1-00006.jpg",402.93546135206,266.152607775215
126,"208_fs1-00006.jpg",402.312364481492,266.347187294751
127,"208_fs1-00006.jpg",401.688010698166,266.531936435777
128,"208_fs1-00006.jpg",401.062577752703,266.706540933682
129,"208_fs1-00006.jpg",400.436243395728,266.870686523853
130,"208_fs1-00006.jpg",399.809185377862,267.024058941677
131,"208_fs1-00006.jpg",399.18158144973,267.166343922542
132,"208_fs1-00006.jpg",398.553609361952,267.297227201835
133,"208_fs1-00006.jpg",397.925446865153,267.416394514944
134,"208_fs1-00006.jpg",397.297271709956,267.523531597256
135,"208_fs1-00006.jpg",396.669261646982,267.618324184159
136,"208_fs1-00006.jpg",396.041577648839,267.700458136513
137,"208_fs1-00006.jpg",395.412432867596,267.769783398649
138,"208_fs1-00006.jpg",394.780643049436,267.82663670162
139,"208_fs1-00006.jpg",394.146363918097,267.871444628573
140,"208_fs1-00006.jpg",393.509751197314,267.904633762653
141,"208_fs1-00006.jpg",392.870960610824,267.926630687003
142,"208_fs1-00006.jpg",392.230147882361,267.937861984771
143,"208_fs1-00006.jpg",391.587468735663,267.9387542391
144,"208_fs1-00006.jpg",390.943078894465,267.929734033136
145,"208_fs1-00006.jpg",390.297134082503,267.911227950023
146,"208_fs1-00006.jpg",389.649790023512,267.883662572909
147,"208_fs1-00006.jpg",389.00120244123,267.847464484936
148,"208_fs1-00006.jpg",388.351527059391,267.803060269251
149,"208_fs1-00006.jpg",387.700919601732,267.750876508999
150,"208_fs1-00006.jpg",387.049535791989,267.691339787325
151,"208_fs1-00006.jpg",386.397531353898,267.624876687373
152,"208_fs1-00006.jpg",385.745062011194,267.55191379229
153,"208_fs1-00006.jpg",385.092283487614,267.47287768522
154,"208_fs1-00006.jpg",384.439351506893,267.388194949308
155,"208_fs1-00006.jpg",383.786421792768,267.2982921677
156,"208_fs1-00006.jpg",383.133650068975,267.203595923541
157,"208_fs1-00006.jpg",382.481192059248,267.104532799976
158,"208_fs1-00006.jpg",381.829203487325,267.00152938015
159,"208_fs1-00006.jpg",381.177840076942,266.895012247208
160,"208_fs1-00006.jpg",380.527257551833,266.785407984295
161,"208_fs1-00006.jpg",379.877611635736,266.673143174557
162,"208_fs1-00006.jpg",379.229058052386,266.558644401138
163,"208_fs1-00006.jpg",378.581752525519,266.442338247185
164,"208_fs1-00006.jpg",377.935850778871,266.324651295841
165,"208_fs1-00006.jpg",377.291389823275,266.206013300847
166,"208_fs1-00006.jpg",376.647229770989,266.087001244887
167,"208_fs1-00006.jpg",376.003092323088,265.968398520418
168,"208_fs1-00006.jpg",375.359033557493,265.851003951861
169,"208_fs1-00006.jpg",374.715109552127,265.735616363639
170,"208_fs1-00006.jpg",374.071376384914,265.623034580174
171,"208_fs1-00006.jpg",373.427890133776,265.514057425888
172,"208_fs1-00006.jpg",372.784706876635,265.409483725204
173,"208_fs1-00006.jpg",372.141882691415,265.310112302544
174,"208_fs1-00006.jpg",371.499473656037,265.216741982329
175,"208_fs1-00006.jpg",370.857535848425,265.130171588983
176,"208_fs1-00006.jpg",370.216125346501,265.051199946927
177,"208_fs1-00006.jpg",369.575298228188,264.980625880583
178,"208_fs1-00006.jpg",368.935110571409,264.919248214374
179,"208_fs1-00006.jpg",368.295618454085,264.867865772722
180,"208_fs1-00006.jpg",367.656877954141,264.827277380049
181,"208_fs1-00006.jpg",367.018917925288,264.798281860777
182,"208_fs1-00006.jpg",366.381479011457,264.781678039328
183,"208_fs1-00006.jpg",365.744487031732,264.778264740125
184,"208_fs1-00006.jpg",365.107947007587,264.788840787591
185,"208_fs1-00006.jpg",364.471863960498,264.814205006146
186,"208_fs1-00006.jpg",363.836242911942,264.855156220213
187,"208_fs1-00006.jpg",363.201088883393,264.912493254215
188,"208_fs1-00006.jpg",362.566406896326,264.987014932573
189,"208_fs1-00006.jpg",361.932201972218,265.079520079711
190,"208_fs1-00006.jpg",361.298479132543,265.190807520049
191,"208_fs1-00006.jpg",360.665243398778,265.321676078011
192,"208_fs1-00006.jpg",360.032499792397,265.472924578017
193,"208_fs1-00006.jpg",359.400253334877,265.645351844492
194,"208_fs1-00006.jpg",358.768509047692,265.839756701857
195,"208_fs1-00006.jpg",358.137271952318,266.056937974533
196,"208_fs1-00006.jpg",357.50654707023,266.297694486944
197,"208_fs1-00006.jpg",356.876339422905,266.562825063511
198,"208_fs1-00006.jpg",356.246654031817,266.853128528656
199,"208_fs1-00006.jpg",355.617495918442,267.169403706803
200,"208_fs1-00006.jpg",354.988870104255,267.512449422372
1,"208_fs1-00007.jpg",480.167,215.833
2,"208_fs1-00007.jpg",479.60368799423,216.250182450405
3,"208_fs1-00007.jpg",479.040494875839,216.665029949265
4,"208_fs1-00007.jpg",478.477420547143,217.077601657607
5,"208_fs1-00007.jpg",477.91446491046,217.487956736461
6,"208_fs1-00007.jpg",477.351627868107,217.896154346856
7,"208_fs1-00007.jpg",476.7889093224,218.30225364982
8,"208_fs1-00007.jpg",476.226309175657,218.706313806383
9,"208_fs1-00007.jpg",475.663827330195,219.108393977574
10,"208_fs1-00007.jpg",475.101463688331,219.508553324422
11,"208_fs1-00007.jpg",474.539218152382,219.906851007955
12,"208_fs1-00007.jpg",473.977090624665,220.303346189202
13,"208_fs1-00007.jpg",473.415081007496,220.698098029193
14,"208_fs1-00007.jpg",472.853189203194,221.091165688956
15,"208_fs1-00007.jpg",472.291415114075,221.482608329521
16,"208_fs1-00007.jpg",471.729758642456,221.872485111916
17,"208_fs1-00007.jpg",471.168219690654,222.260855197171
18,"208_fs1-00007.jpg",470.606798160987,222.647777746313
19,"208_fs1-00007.jpg",470.04549395577,223.033311920373
20,"208_fs1-00007.jpg",469.484306977322,223.41751688038
21,"208_fs1-00007.jpg",468.92323712796,223.800451787361
22,"208_fs1-00007.jpg",468.362284309999,224.182175802346
23,"208_fs1-00007.jpg",467.801448425758,224.562748086365
24,"208_fs1-00007.jpg",467.240729377554,224.942227800445
25,"208_fs1-00007.jpg",466.680127067703,225.320674105617
26,"208_fs1-00007.jpg",466.119641398523,225.698146162908
27,"208_fs1-00007.jpg",465.55927227233,226.074703133348
28,"208_fs1-00007.jpg",464.999019591442,226.450404177967
29,"208_fs1-00007.jpg",464.438883258175,226.825308457792
30,"208_fs1-00007.jpg",463.878863174848,227.199475133852
31,"208_fs1-00007.jpg",463.318959243776,227.572963367178
32,"208_fs1-00007.jpg",462.759171367277,227.945832318797
33,"208_fs1-00007.jpg",462.199499447667,228.318141149739
34,"208_fs1-00007.jpg",461.639943387265,228.689949021032
35,"208_fs1-00007.jpg",461.080503088387,229.061315093706
36,"208_fs1-00007.jpg",460.521178453349,229.43229852879
37,"208_fs1-00007.jpg",459.96196938447,229.802958487312
38,"208_fs1-00007.jpg",459.402875784066,230.173354130302
39,"208_fs1-00007.jpg",458.843897554453,230.543544618788
40,"208_fs1-00007.jpg",458.28503459795,230.913589113799
41,"208_fs1-00007.jpg",457.726286816874,231.283546776365
42,"208_fs1-00007.jpg",457.16765411354,231.653476767514
43,"208_fs1-00007.jpg",456.609136390267,232.023438248275
44,"208_fs1-00007.jpg",456.050733549371,232.393490379677
45,"208_fs1-00007.jpg",455.492445493169,232.76369232275
46,"208_fs1-00007.jpg",454.934107978097,233.134103238522
47,"208_fs1-00007.jpg",454.375534862101,233.504782288021
48,"208_fs1-00007.jpg",453.816752871581,233.875788632278
49,"208_fs1-00007.jpg",453.257789314371,234.247181432321
50,"208_fs1-00007.jpg",452.698671498304,234.619019849179
51,"208_fs1-00007.jpg",452.139426731212,234.991363043881
52,"208_fs1-00007.jpg",451.580082320928,235.364270177455
53,"208_fs1-00007.jpg",451.020665575284,235.737800410932
54,"208_fs1-00007.jpg",450.461203802114,236.112012905339
55,"208_fs1-00007.jpg",449.90172430925,236.486966821706
56,"208_fs1-00007.jpg",449.342254404524,236.862721321062
57,"208_fs1-00007.jpg",448.78282139577,237.239335564436
58,"208_fs1-00007.jpg",448.223452590819,237.616868712856
59,"208_fs1-00007.jpg",447.664175297505,237.995379927351
60,"208_fs1-00007.jpg",447.10501682366,238.374928368952
61,"208_fs1-00007.jpg",446.546004477117,238.755573198685
62,"208_fs1-00007.jpg",445.987165565709,239.137373577582
63,"208_fs1-00007.jpg",445.428527397268,239.520388666669
64,"208_fs1-00007.jpg",444.870117279627,239.904677626977
65,"208_fs1-00007.jpg",444.311962520618,240.290299619535
66,"208_fs1-00007.jpg",443.754090428075,240.67731380537
67,"208_fs1-00007.jpg",443.19652830983,241.065779345513
68,"208_fs1-00007.jpg",442.639303473715,241.455755400993
69,"208_fs1-00007.jpg",442.082443227563,241.847301132837
70,"208_fs1-00007.jpg",441.525974879208,242.240475702076
71,"208_fs1-00007.jpg",440.969925736481,242.635338269737
72,"208_fs1-00007.jpg",440.414323107215,243.031947996851
73,"208_fs1-00007.jpg",439.859194299244,243.430364044446
74,"208_fs1-00007.jpg",439.304566620398,243.830645573551
75,"208_fs1-00007.jpg",438.750467378512,244.232851745194
76,"208_fs1-00007.jpg",438.196923881418,244.637041720406
77,"208_fs1-00007.jpg",437.643963436949,245.043274660215
78,"208_fs1-00007.jpg",437.091613352937,245.451609725649
79,"208_fs1-00007.jpg",436.539900937215,245.862106077738
80,"208_fs1-00007.jpg",435.988853497615,246.274822877511
81,"208_fs1-00007.jpg",435.438498341971,246.689819285996
82,"208_fs1-00007.jpg",434.888862778115,247.107154464224
83,"208_fs1-00007.jpg",434.339974113879,247.526887573221
84,"208_fs1-00007.jpg",433.791859657097,247.949077774019
85,"208_fs1-00007.jpg",433.2445467156,248.373784227645
86,"208_fs1-00007.jpg",432.698062597223,248.801066095128
87,"208_fs1-00007.jpg",432.152443547736,249.230982510424
88,"208_fs1-00007.jpg",431.609116049381,249.663535657624
89,"208_fs1-00007.jpg",431.068964339093,250.098550674411
90,"208_fs1-00007.jpg",430.531795281165,250.535818393678
91,"208_fs1-00007.jpg",429.997415739892,250.975129648314
92,"208_fs1-00007.jpg",429.465632579571,251.416275271212
93,"208_fs1-00007.jpg",428.936252664494,251.859046095264
94,"208_fs1-00007.jpg",428.409082858958,252.303232953359
95,"208_fs1-00007.jpg",427.883930027257,252.748626678389
96,"208_fs1-00007.jpg",427.360601033686,253.195018103245
97,"208_fs1-00007.jpg",426.838902742539,253.64219806082
98,"208_fs1-00007.jpg",426.318642018112,254.089957384003
99,"208_fs1-00007.jpg",425.7996257247,254.538086905686
100,"208_fs1-00007.jpg",425.281660726596,254.986377458761
101,"208_fs1-00007.jpg",424.764553888097,255.434619876118
102,"208_fs1-00007.jpg",424.248112073497,255.882604990649
103,"208_fs1-00007.jpg",423.73214214709,256.330123635245
104,"208_fs1-00007.jpg",423.216450973172,256.776966642797
105,"208_fs1-00007.jpg",422.700845416037,257.222924846197
106,"208_fs1-00007.jpg",422.185132339981,257.667789078335
107,"208_fs1-00007.jpg",421.669118609297,258.111350172103
108,"208_fs1-00007.jpg",421.152611088282,258.553398960393
109,"208_fs1-00007.jpg",420.635416641229,258.993726276094
110,"208_fs1-00007.jpg",420.117342132433,259.4321229521
111,"208_fs1-00007.jpg",419.598194426191,259.8683798213
112,"208_fs1-00007.jpg",419.077780386795,260.302287716586
113,"208_fs1-00007.jpg",418.555906878541,260.733637470849
114,"208_fs1-00007.jpg",418.032380765725,261.162219916981
115,"208_fs1-00007.jpg",417.50700891264,261.587825887873
116,"208_fs1-00007.jpg",416.979598183581,262.010246216415
117,"208_fs1-00007.jpg",416.449955442844,262.429271735499
118,"208_fs1-00007.jpg",415.917887554724,262.844693278017
119,"208_fs1-00007.jpg",415.383201383514,263.25630167686
120,"208_fs1-00007.jpg",414.84570379351,263.663887764918
121,"208_fs1-00007.jpg",414.305201649007,264.067242375083
122,"208_fs1-00007.jpg",413.7615018143,264.466156340247
123,"208_fs1-00007.jpg",413.214411153683,264.8604204933
124,"208_fs1-00007.jpg",412.663736531451,265.249825667134
125,"208_fs1-00007.jpg",412.109284811899,265.63416269464
126,"208_fs1-00007.jpg",411.550862859322,266.013222408708
127,"208_fs1-00007.jpg",410.988277538015,266.386795642232
128,"208_fs1-00007.jpg",410.421335712273,266.754673228101
129,"208_fs1-00007.jpg",409.849844246389,267.116645999206
130,"208_fs1-00007.jpg",409.273610004661,267.47250478844
131,"208_fs1-00007.jpg",408.692439851381,267.822040428693
132,"208_fs1-00007.jpg",408.106140650845,268.165043752856
133,"208_fs1-00007.jpg",407.514105586918,268.50130646254
134,"208_fs1-00007.jpg",406.914498661334,268.830634808242
135,"208_fs1-00007.jpg",406.307459296982,269.152847090165
136,"208_fs1-00007.jpg",405.693376009937,269.467761971821
137,"208_fs1-00007.jpg",405.072637316274,269.775198116723
138,"208_fs1-00007.jpg",404.445631732068,270.074974188383
139,"208_fs1-00007.jpg",403.812747773395,270.366908850312
140,"208_fs1-00007.jpg",403.174373956329,270.650820766024
141,"208_fs1-00007.jpg",402.530898796946,270.926528599029
142,"208_fs1-00007.jpg",401.882710811321,271.193851012841
143,"208_fs1-00007.jpg",401.230198515529,271.452606670972
144,"208_fs1-00007.jpg",400.573750425646,271.702614236933
145,"208_fs1-00007.jpg",399.913755057745,271.943692374236
146,"208_fs1-00007.jpg",399.250600927903,272.175659746395
147,"208_fs1-00007.jpg",398.584676552194,272.39833501692
148,"208_fs1-00007.jpg",397.916370446695,272.611536849325
149,"208_fs1-00007.jpg",397.246071127479,272.815083907121
150,"208_fs1-00007.jpg",396.574167110622,273.00879485382
151,"208_fs1-00007.jpg",395.901046912199,273.192488352935
152,"208_fs1-00007.jpg",395.227099048285,273.365983067977
153,"208_fs1-00007.jpg",394.552712034956,273.529097662459
154,"208_fs1-00007.jpg",393.878274388286,273.681650799894
155,"208_fs1-00007.jpg",393.204174624352,273.823461143792
156,"208_fs1-00007.jpg",392.530801259226,273.954347357667
157,"208_fs1-00007.jpg",391.858542808986,274.074128105029
158,"208_fs1-00007.jpg",391.187787789706,274.182622049393
159,"208_fs1-00007.jpg",390.518924717462,274.279647854269
160,"208_fs1-00007.jpg",389.852342108327,274.36502418317
161,"208_fs1-00007.jpg",389.188428478379,274.438569699608
162,"208_fs1-00007.jpg",388.52757234369,274.500103067095
163,"208_fs1-00007.jpg",387.870162220338,274.549442949143
164,"208_fs1-00007.jpg",387.216586624397,274.586408009265
165,"208_fs1-00007.jpg",386.567234071942,274.610816910972
166,"208_fs1-00007.jpg",385.922427690497,274.622488317776
167,"208_fs1-00007.jpg",385.279645953329,274.621240893191
168,"208_fs1-00007.jpg",384.63743201504,274.606893300727
169,"208_fs1-00007.jpg",383.995787071969,274.579264203898
170,"208_fs1-00007.jpg",383.354712320453,274.538172266214
171,"208_fs1-00007.jpg",382.714208956832,274.483436151189
172,"208_fs1-00007.jpg",382.074278177444,274.414874522335
173,"208_fs1-00007.jpg",381.434921178628,274.332306043163
174,"208_fs1-00007.jpg",380.796139156722,274.235549377186
175,"208_fs1-00007.jpg",380.157933308066,274.124423187916
176,"208_fs1-00007.jpg",379.520304828997,273.998746138865
177,"208_fs1-00007.jpg",378.883254915854,273.858336893545
178,"208_fs1-00007.jpg",378.246784764977,273.703014115468
179,"208_fs1-00007.jpg",377.610895572703,273.532596468147
180,"208_fs1-00007.jpg",376.975588535371,273.346902615094
181,"208_fs1-00007.jpg",376.34086484932,273.14575121982
182,"208_fs1-00007.jpg",375.706725710889,272.928960945838
183,"208_fs1-00007.jpg",375.073172316416,272.69635045666
184,"208_fs1-00007.jpg",374.440205862239,272.447738415798
185,"208_fs1-00007.jpg",373.807827544698,272.182943486765
186,"208_fs1-00007.jpg",373.17603856013,271.901784333072
187,"208_fs1-00007.jpg",372.544840104876,271.604079618232
188,"208_fs1-00007.jpg",371.914233375272,271.289648005756
189,"208_fs1-00007.jpg",371.284219567658,270.958308159158
190,"208_fs1-00007.jpg",370.654799878373,270.609878741948
191,"208_fs1-00007.jpg",370.025975503755,270.244178417639
192,"208_fs1-00007.jpg",369.397747640142,269.861025849744
193,"208_fs1-00007.jpg",368.770117483874,269.460239701774
194,"208_fs1-00007.jpg",368.143086231289,269.041638637242
195,"208_fs1-00007.jpg",367.516655078725,268.60504131966
196,"208_fs1-00007.jpg",366.890825222521,268.150266412539
197,"208_fs1-00007.jpg",366.265597859016,267.677132579392
198,"208_fs1-00007.jpg",365.640974184549,267.185458483732
199,"208_fs1-00007.jpg",365.016955395458,266.67506278907
200,"208_fs1-00007.jpg",364.393542688081,266.145764158918
1,"208_fs1-00008.jpg",494.167,205.5
2,"208_fs1-00008.jpg",493.645985378372,205.910066660714
3,"208_fs1-00008.jpg",493.12468521224,206.319081626808
4,"208_fs1-00008.jpg",492.603097904861,206.727059527693
5,"208_fs1-00008.jpg",492.08122185949,207.134014992778
6,"208_fs1-00008.jpg",491.559055479382,207.539962651473
7,"208_fs1-00008.jpg",491.036597167793,207.944917133189
8,"208_fs1-00008.jpg",490.513845327977,208.348893067335
9,"208_fs1-00008.jpg",489.990798363191,208.751905083321
10,"208_fs1-00008.jpg",489.467454676689,209.153967810557
11,"208_fs1-00008.jpg",488.943812671727,209.555095878453
12,"208_fs1-00008.jpg",488.41987075156,209.955303916419
13,"208_fs1-00008.jpg",487.895627319444,210.354606553866
14,"208_fs1-00008.jpg",487.371080778634,210.753018420202
15,"208_fs1-00008.jpg",486.846229532386,211.150554144839
16,"208_fs1-00008.jpg",486.321071983954,211.547228357185
17,"208_fs1-00008.jpg",485.795606536593,211.943055686651
18,"208_fs1-00008.jpg",485.269831593561,212.338050762647
19,"208_fs1-00008.jpg",484.743745558111,212.732228214583
20,"208_fs1-00008.jpg",484.217346833499,213.125602671869
21,"208_fs1-00008.jpg",483.69063382298,213.518188763914
22,"208_fs1-00008.jpg",483.163604929811,213.910001120129
23,"208_fs1-00008.jpg",482.636258557245,214.301054369924
24,"208_fs1-00008.jpg",482.108593108539,214.691363142708
25,"208_fs1-00008.jpg",481.580606986948,215.080942067892
26,"208_fs1-00008.jpg",481.052298595726,215.469805774885
27,"208_fs1-00008.jpg",480.523666338131,215.857968893098
28,"208_fs1-00008.jpg",479.994708617416,216.245446051941
29,"208_fs1-00008.jpg",479.465423836838,216.632251880823
30,"208_fs1-00008.jpg",478.935810399651,217.018401009154
31,"208_fs1-00008.jpg",478.405866709111,217.403908066344
32,"208_fs1-00008.jpg",477.875591168473,217.788787681804
33,"208_fs1-00008.jpg",477.344982180993,218.173054484943
34,"208_fs1-00008.jpg",476.814038149926,218.556723105171
35,"208_fs1-00008.jpg",476.282757478527,218.939808171899
36,"208_fs1-00008.jpg",475.751138570052,219.322324314536
37,"208_fs1-00008.jpg",475.219179827755,219.704286162491
38,"208_fs1-00008.jpg",474.686879654894,220.085708345176
39,"208_fs1-00008.jpg",474.154236454722,220.466605492
40,"208_fs1-00008.jpg",473.621248630495,220.846992232373
41,"208_fs1-00008.jpg",473.087914585468,221.226883195704
42,"208_fs1-00008.jpg",472.554079705786,221.606293011405
43,"208_fs1-00008.jpg",472.019189797463,221.985236308885
44,"208_fs1-00008.jpg",471.483239100759,222.363727717553
45,"208_fs1-00008.jpg",470.946278217605,222.74178186682
46,"208_fs1-00008.jpg",470.408357749931,223.119413386096
47,"208_fs1-00008.jpg",469.869528299669,223.496636904791
48,"208_fs1-00008.jpg",469.32984046875,223.873467052314
49,"208_fs1-00008.jpg",468.789344859106,224.249918458076
50,"208_fs1-00008.jpg",468.248092072667,224.626005751487
51,"208_fs1-00008.jpg",467.706132711366,225.001743561956
52,"208_fs1-00008.jpg",467.163517377132,225.377146518893
53,"208_fs1-00008.jpg",466.620296671898,225.752229251709
54,"208_fs1-00008.jpg",466.076521197594,226.127006389814
55,"208_fs1-00008.jpg",465.532241556152,226.501492562617
56,"208_fs1-00008.jpg",464.987508349503,226.875702399528
57,"208_fs1-00008.jpg",464.442372179579,227.249650529958
58,"208_fs1-00008.jpg",463.89688364831,227.623351583316
59,"208_fs1-00008.jpg",463.351093357627,227.996820189012
60,"208_fs1-00008.jpg",462.805051909463,228.370070976457
61,"208_fs1-00008.jpg",462.258809905748,228.743118575059
62,"208_fs1-00008.jpg",461.712417948413,229.11597761423
63,"208_fs1-00008.jpg",461.16592663939,229.488662723379
64,"208_fs1-00008.jpg",460.61938658061,229.861188531916
65,"208_fs1-00008.jpg",460.072848374004,230.23356966925
66,"208_fs1-00008.jpg",459.526362621504,230.605820764793
67,"208_fs1-00008.jpg",458.97997992504,230.977956447954
68,"208_fs1-00008.jpg",458.433750886544,231.349991348143
69,"208_fs1-00008.jpg",457.887726107947,231.721940094769
70,"208_fs1-00008.jpg",457.34195619118,232.093817317244
71,"208_fs1-00008.jpg",456.796491738175,232.465637644976
72,"208_fs1-00008.jpg",456.251383350862,232.837415707376
73,"208_fs1-00008.jpg",455.706681631174,233.209166133853
74,"208_fs1-00008.jpg",455.162437181041,233.580903553818
75,"208_fs1-00008.jpg",454.618700602394,233.952642596681
76,"208_fs1-00008.jpg",454.075522497165,234.324397891852
77,"208_fs1-00008.jpg",453.532953467285,234.69618406874
78,"208_fs1-00008.jpg",452.991044114685,235.068015756755
79,"208_fs1-00008.jpg",452.449845041296,235.439907585308
80,"208_fs1-00008.jpg",451.909406849051,235.811874183808
81,"208_fs1-00008.jpg",451.369780139878,236.183930181666
82,"208_fs1-00008.jpg",450.831015515711,236.556090208291
83,"208_fs1-00008.jpg",450.293163578481,236.928368893094
84,"208_fs1-00008.jpg",449.756274930118,237.300780865484
85,"208_fs1-00008.jpg",449.220400172553,237.673340754871
86,"208_fs1-00008.jpg",448.685589907719,238.046063190665
87,"208_fs1-00008.jpg",448.151894737546,238.418962802276
88,"208_fs1-00008.jpg",447.619365263966,238.792054219115
89,"208_fs1-00008.jpg",447.088052088909,239.16535207059
90,"208_fs1-00008.jpg",446.558005814307,239.538870986113
91,"208_fs1-00008.jpg",446.029277042091,239.912625595092
92,"208_fs1-00008.jpg",445.501916374193,240.286630526939
93,"208_fs1-00008.jpg",444.975633204749,240.660913434792
94,"208_fs1-00008.jpg",444.450033347817,241.035561944266
95,"208_fs1-00008.jpg",443.925110567511,241.410680932471
96,"208_fs1-00008.jpg",443.400859432879,241.786375278068
97,"208_fs1-00008.jpg",442.877274512968,242.162749859716
98,"208_fs1-00008.jpg",442.354350376827,242.539909556076
99,"208_fs1-00008.jpg",441.832081593504,242.917959245809
100,"208_fs1-00008.jpg",441.310462732045,243.297003807574
101,"208_fs1-00008.jpg",440.789488361499,243.677148120031
102,"208_fs1-00008.jpg",440.269153050913,244.058497061842
103,"208_fs1-00008.jpg",439.749451369336,244.441155511666
104,"208_fs1-00008.jpg",439.230377885816,244.825228348163
105,"208_fs1-00008.jpg",438.711927169399,245.210820449995
106,"208_fs1-00008.jpg",438.194093789134,245.59803669582
107,"208_fs1-00008.jpg",437.676872314069,245.9869819643
108,"208_fs1-00008.jpg",437.160257313252,246.377761134095
109,"208_fs1-00008.jpg",436.644243355729,246.770479083864
110,"208_fs1-00008.jpg",436.12882501055,247.165240692269
111,"208_fs1-00008.jpg",435.613996846761,247.562150837969
112,"208_fs1-00008.jpg",435.099753433411,247.961314399625
113,"208_fs1-00008.jpg",434.586089339548,248.362836255896
114,"208_fs1-00008.jpg",434.072999134219,248.766821285444
115,"208_fs1-00008.jpg",433.560477386472,249.173374366929
116,"208_fs1-00008.jpg",433.048518665355,249.58260037901
117,"208_fs1-00008.jpg",432.537117539915,249.994604200348
118,"208_fs1-00008.jpg",432.026268579201,250.409490709604
119,"208_fs1-00008.jpg",431.515966352261,250.827364785437
120,"208_fs1-00008.jpg",431.006205428141,251.248331306508
121,"208_fs1-00008.jpg",430.496980375891,251.672495151477
122,"208_fs1-00008.jpg",429.988285764556,252.099961199004
123,"208_fs1-00008.jpg",429.480116163187,252.53083432775
124,"208_fs1-00008.jpg",428.97246614083,252.965219416375
125,"208_fs1-00008.jpg",428.465330266533,253.403221343539
126,"208_fs1-00008.jpg",427.958703109344,253.844944987903
127,"208_fs1-00008.jpg",427.45257923831,254.290495228126
128,"208_fs1-00008.jpg",426.94695322248,254.73997694287
129,"208_fs1-00008.jpg",426.441819630902,255.193495010793
130,"208_fs1-00008.jpg",425.937173032622,255.651154310557
131,"208_fs1-00008.jpg",425.43300799669,256.113059720822
132,"208_fs1-00008.jpg",424.929319092152,256.579316120248
133,"208_fs1-00008.jpg",424.426100888056,257.050028387495
134,"208_fs1-00008.jpg",423.923427298246,257.525300704464
135,"208_fs1-00008.jpg",423.424152523964,258.005063431459
136,"208_fs1-00008.jpg",422.92945414277,258.488845428925
137,"208_fs1-00008.jpg",422.438985521546,258.976119046178
138,"208_fs1-00008.jpg",421.952400027173,259.466356632532
139,"208_fs1-00008.jpg",421.469351026535,259.9590305373
140,"208_fs1-00008.jpg",420.989491886511,260.453613109798
141,"208_fs1-00008.jpg",420.512475973986,260.949576699339
142,"208_fs1-00008.jpg",420.03795665584,261.446393655238
143,"208_fs1-00008.jpg",419.565587298956,261.94353632681
144,"208_fs1-00008.jpg",419.095021270215,262.440477063368
145,"208_fs1-00008.jpg",418.6259119365,262.936688214228
146,"208_fs1-00008.jpg",418.157912664692,263.431642128702
147,"208_fs1-00008.jpg",417.690676821673,263.924811156107
148,"208_fs1-00008.jpg",417.223857774326,264.415667645756
149,"208_fs1-00008.jpg",416.757108889532,264.903683946963
150,"208_fs1-00008.jpg",416.290083534173,265.388332409043
151,"208_fs1-00008.jpg",415.822435075132,265.869085381311
152,"208_fs1-00008.jpg",415.353816879289,266.34541521308
153,"208_fs1-00008.jpg",414.883882313528,266.816794253665
154,"208_fs1-00008.jpg",414.41228474473,267.28269485238
155,"208_fs1-00008.jpg",413.938677539777,267.74258935854
156,"208_fs1-00008.jpg",413.462714065551,268.195950121459
157,"208_fs1-00008.jpg",412.984047688933,268.642249490452
158,"208_fs1-00008.jpg",412.502331776807,269.080959814832
159,"208_fs1-00008.jpg",412.017219696053,269.511553443915
160,"208_fs1-00008.jpg",411.528364813555,269.933502727013
161,"208_fs1-00008.jpg",411.035420496193,270.346280013443
162,"208_fs1-00008.jpg",410.538040110849,270.749357652518
163,"208_fs1-00008.jpg",410.035877024407,271.142207993553
164,"208_fs1-00008.jpg",409.528584603747,271.524303385861
165,"208_fs1-00008.jpg",409.015816215751,271.895116178758
166,"208_fs1-00008.jpg",408.497225227303,272.254118721558
167,"208_fs1-00008.jpg",407.972465005282,272.600783363574
168,"208_fs1-00008.jpg",407.441188916572,272.934582454122
169,"208_fs1-00008.jpg",406.903050328055,273.254988342516
170,"208_fs1-00008.jpg",406.357702606612,273.56147337807
171,"208_fs1-00008.jpg",405.804799119125,273.853509910098
172,"208_fs1-00008.jpg",405.243993232477,274.130570287915
173,"208_fs1-00008.jpg",404.675059867669,274.392126860836
174,"208_fs1-00008.jpg",404.098236665373,274.637651978173
175,"208_fs1-00008.jpg",403.513698817064,274.866617989243
176,"208_fs1-00008.jpg",402.921609118286,275.078497243359
177,"208_fs1-00008.jpg",402.322130364584,275.272762089836
178,"208_fs1-00008.jpg",401.715425351505,275.448884877988
179,"208_fs1-00008.jpg",401.101656874593,275.606337957129
180,"208_fs1-00008.jpg",400.480987729395,275.744593676574
181,"208_fs1-00008.jpg",399.853580711455,275.863124385637
182,"208_fs1-00008.jpg",399.219598616319,275.961402433632
183,"208_fs1-00008.jpg",398.579204239533,276.038900169875
184,"208_fs1-00008.jpg",397.932560376643,276.095089943678
185,"208_fs1-00008.jpg",397.279829823192,276.129444104357
186,"208_fs1-00008.jpg",396.621175374728,276.141435001226
187,"208_fs1-00008.jpg",395.956759826796,276.130534983599
188,"208_fs1-00008.jpg",395.28674597494,276.096216400791
189,"208_fs1-00008.jpg",394.611296614707,276.037951602116
190,"208_fs1-00008.jpg",393.930574541643,275.955212936888
191,"208_fs1-00008.jpg",393.244742551292,275.847472754422
192,"208_fs1-00008.jpg",392.553963439199,275.714203404031
193,"208_fs1-00008.jpg",391.858400000912,275.554877235032
194,"208_fs1-00008.jpg",391.158215031974,275.368966596737
195,"208_fs1-00008.jpg",390.453571327932,275.155943838461
196,"208_fs1-00008.jpg",389.744631684331,274.915281309519
197,"208_fs1-00008.jpg",389.031558896716,274.646451359225
198,"208_fs1-00008.jpg",388.314515760634,274.348926336893
199,"208_fs1-00008.jpg",387.593665071629,274.022178591837
200,"208_fs1-00008.jpg",386.869169625247,273.665680473373
1,"208_fs1-00009.jpg",503.5,200.5
2,"208_fs1-00009.jpg",503.000771415538,200.942509382796
3,"208_fs1-00009.jpg",502.500939073902,201.383639426464
4,"208_fs1-00009.jpg",502.000503594745,201.823406445424
5,"208_fs1-00009.jpg",501.499465597719,202.261826754094
6,"208_fs1-00009.jpg",500.997825702477,202.698916666894
7,"208_fs1-00009.jpg",500.495584528671,203.134692498244
8,"208_fs1-00009.jpg",499.992742695954,203.569170562563
9,"208_fs1-00009.jpg",499.489300823978,204.002367174272
10,"208_fs1-00009.jpg",498.985259532395,204.434298647788
11,"208_fs1-00009.jpg",498.480619440859,204.864981297531
12,"208_fs1-00009.jpg",497.975381169021,205.294431437922
13,"208_fs1-00009.jpg",497.469545336534,205.72266538338
14,"208_fs1-00009.jpg",496.96311256305,206.149699448323
15,"208_fs1-00009.jpg",496.456083468222,206.575549947172
16,"208_fs1-00009.jpg",495.948458671703,207.000233194346
17,"208_fs1-00009.jpg",495.440238793144,207.423765504264
18,"208_fs1-00009.jpg",494.931424452199,207.846163191347
19,"208_fs1-00009.jpg",494.422016268519,208.267442570012
20,"208_fs1-00009.jpg",493.912014861757,208.687619954681
21,"208_fs1-00009.jpg",493.401420851566,209.106711659772
22,"208_fs1-00009.jpg",492.890234857598,209.524733999705
23,"208_fs1-00009.jpg",492.378457499505,209.941703288899
24,"208_fs1-00009.jpg",491.86608939694,210.357635841774
25,"208_fs1-00009.jpg",491.353131169556,210.772547972749
26,"208_fs1-00009.jpg",490.839583437005,211.186455996243
27,"208_fs1-00009.jpg",490.325446818939,211.599376226678
28,"208_fs1-00009.jpg",489.81072193501,212.01132497847
29,"208_fs1-00009.jpg",489.295409404872,212.422318566041
30,"208_fs1-00009.jpg",488.779509848177,212.83237330381
31,"208_fs1-00009.jpg",488.263023884576,213.241505506195
32,"208_fs1-00009.jpg",487.745952133723,213.649731487617
33,"208_fs1-00009.jpg",487.228295215271,214.057067562495
34,"208_fs1-00009.jpg",486.71005374887,214.463530045249
35,"208_fs1-00009.jpg",486.191228354175,214.869135250298
36,"208_fs1-00009.jpg",485.671819650837,215.273899492061
37,"208_fs1-00009.jpg",485.151828258509,215.677839084958
38,"208_fs1-00009.jpg",484.631254796844,216.080970343408
39,"208_fs1-00009.jpg",484.110099885493,216.483309581831
40,"208_fs1-00009.jpg",483.588190342661,216.884873114647
41,"208_fs1-00009.jpg",483.065229386027,217.285677256275
42,"208_fs1-00009.jpg",482.541247185081,217.685738321133
43,"208_fs1-00009.jpg",482.016280854164,218.085072623643
44,"208_fs1-00009.jpg",481.490367507614,218.483696478223
45,"208_fs1-00009.jpg",480.963544259771,218.881626199292
46,"208_fs1-00009.jpg",480.435848224973,219.278878101271
47,"208_fs1-00009.jpg",479.907316517561,219.675468498578
48,"208_fs1-00009.jpg",479.377986251872,220.071413705634
49,"208_fs1-00009.jpg",478.847894542247,220.466730036857
50,"208_fs1-00009.jpg",478.317078503025,220.861433806667
51,"208_fs1-00009.jpg",477.785575248544,221.255541329484
52,"208_fs1-00009.jpg",477.253421893144,221.649068919727
53,"208_fs1-00009.jpg",476.720655551165,222.042032891815
54,"208_fs1-00009.jpg",476.187313336945,222.434449560168
55,"208_fs1-00009.jpg",475.653432364824,222.826335239206
56,"208_fs1-00009.jpg",475.119049749141,223.217706243348
57,"208_fs1-00009.jpg",474.584202604235,223.608578887013
58,"208_fs1-00009.jpg",474.048928044446,223.998969484621
59,"208_fs1-00009.jpg",473.513263184112,224.388894350591
60,"208_fs1-00009.jpg",472.977245137573,224.778369799343
61,"208_fs1-00009.jpg",472.440911019168,225.167412145297
62,"208_fs1-00009.jpg",471.904297943237,225.556037702871
63,"208_fs1-00009.jpg",471.367443024118,225.944262786485
64,"208_fs1-00009.jpg",470.83038337615,226.332103710559
65,"208_fs1-00009.jpg",470.293156113674,226.719576789513
66,"208_fs1-00009.jpg",469.755798351028,227.106698337765
67,"208_fs1-00009.jpg",469.218347202551,227.493484669735
68,"208_fs1-00009.jpg",468.680839782583,227.879952099843
69,"208_fs1-00009.jpg",468.143313205463,228.266116942507
70,"208_fs1-00009.jpg",467.605804585529,228.651995512149
71,"208_fs1-00009.jpg",467.068351037123,229.037604123186
72,"208_fs1-00009.jpg",466.530989674581,229.422959090039
73,"208_fs1-00009.jpg",465.993757612245,229.808076727127
74,"208_fs1-00009.jpg",465.456691964452,230.192973348869
75,"208_fs1-00009.jpg",464.919829845543,230.577665269685
76,"208_fs1-00009.jpg",464.383208369856,230.962168803995
77,"208_fs1-00009.jpg",463.84686465173,231.346500266218
78,"208_fs1-00009.jpg",463.310835805506,231.730675970772
79,"208_fs1-00009.jpg",462.774890846602,232.114712029795
80,"208_fs1-00009.jpg",462.238043425177,232.498621721269
81,"208_fs1-00009.jpg",461.700259310755,232.882416235944
82,"208_fs1-00009.jpg",461.161608556135,233.266106716067
83,"208_fs1-00009.jpg",460.622161214117,233.649704303884
84,"208_fs1-00009.jpg",460.081987337498,234.033220141639
85,"208_fs1-00009.jpg",459.541156979079,234.416665371578
86,"208_fs1-00009.jpg",458.999740191658,234.800051135947
87,"208_fs1-00009.jpg",458.457807028034,235.183388576991
88,"208_fs1-00009.jpg",457.915427541005,235.566688836957
89,"208_fs1-00009.jpg",457.372671783371,235.949963058088
90,"208_fs1-00009.jpg",456.829609807932,236.333222382632
91,"208_fs1-00009.jpg",456.286311667484,236.716477952834
92,"208_fs1-00009.jpg",455.742847414828,237.099740910939
93,"208_fs1-00009.jpg",455.199287102763,237.483022399192
94,"208_fs1-00009.jpg",454.655700784087,237.86633355984
95,"208_fs1-00009.jpg",454.112158511599,238.249685535128
96,"208_fs1-00009.jpg",453.568730338099,238.633089467302
97,"208_fs1-00009.jpg",453.025486316385,239.016556498607
98,"208_fs1-00009.jpg",452.482496499256,239.400097771288
99,"208_fs1-00009.jpg",451.93983093951,239.783724427591
100,"208_fs1-00009.jpg",451.397559689948,240.167447609763
101,"208_fs1-00009.jpg",450.855752803368,240.551278460047
102,"208_fs1-00009.jpg",450.314480332568,240.935228120691
103,"208_fs1-00009.jpg",449.773812330348,241.319307733939
104,"208_fs1-00009.jpg",449.233818849507,241.703528442037
105,"208_fs1-00009.jpg",448.694569942843,242.087901387231
106,"208_fs1-00009.jpg",448.156135663156,242.472437711767
107,"208_fs1-00009.jpg",447.618586063244,242.857148557889
108,"208_fs1-00009.jpg",447.081991195907,243.242045067843
109,"208_fs1-00009.jpg",446.546421113943,243.627138383875
110,"208_fs1-00009.jpg",446.01194587015,244.012439648231
111,"208_fs1-00009.jpg",445.478635517329,244.397960003156
112,"208_fs1-00009.jpg",444.946560108278,244.783710590895
113,"208_fs1-00009.jpg",444.415789695796,245.169702553695
114,"208_fs1-00009.jpg",443.886394332682,245.555947033801
115,"208_fs1-00009.jpg",443.358444071735,245.942455173458
116,"208_fs1-00009.jpg",442.832008965753,246.329238114912
117,"208_fs1-00009.jpg",442.307159067536,246.716307000408
118,"208_fs1-00009.jpg",441.783964429882,247.103672972192
119,"208_fs1-00009.jpg",441.261905401347,247.49136035372
120,"208_fs1-00009.jpg",440.73957343412,247.879513845634
121,"208_fs1-00009.jpg",440.217030842873,248.268342610209
122,"208_fs1-00009.jpg",439.694416874756,248.658056421101
123,"208_fs1-00009.jpg",439.171870776921,249.048865051962
124,"208_fs1-00009.jpg",438.649531796518,249.440978276447
125,"208_fs1-00009.jpg",438.127539180697,249.83460586821
126,"208_fs1-00009.jpg",437.60603217661,250.229957600904
127,"208_fs1-00009.jpg",437.085150031407,250.627243248184
128,"208_fs1-00009.jpg",436.565031992239,251.026672583703
129,"208_fs1-00009.jpg",436.045817306256,251.428455381116
130,"208_fs1-00009.jpg",435.527645220609,251.832801414076
131,"208_fs1-00009.jpg",435.010654982449,252.239920456237
132,"208_fs1-00009.jpg",434.494985838926,252.650022281254
133,"208_fs1-00009.jpg",433.980777037191,253.06331666278
134,"208_fs1-00009.jpg",433.468167824395,253.480013374468
135,"208_fs1-00009.jpg",432.957297447688,253.900322189974
136,"208_fs1-00009.jpg",432.448305154221,254.324452882951
137,"208_fs1-00009.jpg",431.941330191144,254.752615227052
138,"208_fs1-00009.jpg",431.436511805609,255.185018995933
139,"208_fs1-00009.jpg",430.933989244766,255.621873963246
140,"208_fs1-00009.jpg",430.433901755766,256.063389902646
141,"208_fs1-00009.jpg",429.936388585758,256.509776587786
142,"208_fs1-00009.jpg",429.441588981895,256.961243792321
143,"208_fs1-00009.jpg",428.949642191326,257.418001289905
144,"208_fs1-00009.jpg",428.460687461202,257.880258854191
145,"208_fs1-00009.jpg",427.974864038675,258.348226258833
146,"208_fs1-00009.jpg",427.492311170894,258.822113277486
147,"208_fs1-00009.jpg",427.01316810501,259.302129683802
148,"208_fs1-00009.jpg",426.537574088174,259.788485251437
149,"208_fs1-00009.jpg",426.067686297539,260.281287259092
150,"208_fs1-00009.jpg",425.605947635843,260.780115769255
151,"208_fs1-00009.jpg",425.151753090674,261.284381803389
152,"208_fs1-00009.jpg",424.704480014981,261.793496305448
153,"208_fs1-00009.jpg",424.263505761713,262.306870219387
154,"208_fs1-00009.jpg",423.828207683819,262.82391448916
155,"208_fs1-00009.jpg",423.397963134247,263.344040058722
156,"208_fs1-00009.jpg",422.972149465946,263.866657872028
157,"208_fs1-00009.jpg",422.550144031864,264.391178873032
158,"208_fs1-00009.jpg",422.13132418495,264.917014005689
159,"208_fs1-00009.jpg",421.715067278153,265.443574213954
160,"208_fs1-00009.jpg",421.30075066442,265.970270441781
161,"208_fs1-00009.jpg",420.887751696702,266.496513633124
162,"208_fs1-00009.jpg",420.475447727945,267.021714731939
163,"208_fs1-00009.jpg",420.0632161111,267.54528468218
164,"208_fs1-00009.jpg",419.650434199114,268.066634427802
165,"208_fs1-00009.jpg",419.236479344936,268.585174912759
166,"208_fs1-00009.jpg",418.820728901515,269.100317081005
167,"208_fs1-00009.jpg",418.402560221799,269.611471876497
168,"208_fs1-00009.jpg",417.981350658737,270.118050243188
169,"208_fs1-00009.jpg",417.556477565277,270.619463125032
170,"208_fs1-00009.jpg",417.127318294369,271.115121465985
171,"208_fs1-00009.jpg",416.69325019896,271.604436210001
172,"208_fs1-00009.jpg",416.253650631999,272.086818301035
173,"208_fs1-00009.jpg",415.807896946435,272.561678683042
174,"208_fs1-00009.jpg",415.355366495216,273.028428299975
175,"208_fs1-00009.jpg",414.895436631292,273.48647809579
176,"208_fs1-00009.jpg",414.42748470761,273.935239014441
177,"208_fs1-00009.jpg",413.950888077119,274.374121999883
178,"208_fs1-00009.jpg",413.465024092767,274.80253799607
179,"208_fs1-00009.jpg",412.969270107505,275.219897946958
180,"208_fs1-00009.jpg",412.463003474279,275.6256127965
181,"208_fs1-00009.jpg",411.945601546039,276.019093488652
182,"208_fs1-00009.jpg",411.415926287821,276.399750967368
183,"208_fs1-00009.jpg",410.873279859074,276.766996176603
184,"208_fs1-00009.jpg",410.318176627087,277.12024006031
185,"208_fs1-00009.jpg",409.751139979956,277.458893562446
186,"208_fs1-00009.jpg",409.17269330578,277.782367626965
187,"208_fs1-00009.jpg",408.583359992655,278.09007319782
188,"208_fs1-00009.jpg",407.983663428677,278.381421218968
189,"208_fs1-00009.jpg",407.374127001945,278.655822634361
190,"208_fs1-00009.jpg",406.755274100555,278.912688387956
191,"208_fs1-00009.jpg",406.127628112603,279.151429423707
192,"208_fs1-00009.jpg",405.491712426188,279.371456685568
193,"208_fs1-00009.jpg",404.848050429405,279.572181117494
194,"208_fs1-00009.jpg",404.197165510352,279.75301366344
195,"208_fs1-00009.jpg",403.539581057126,279.91336526736
196,"208_fs1-00009.jpg",402.875820457824,280.052646873208
197,"208_fs1-00009.jpg",402.206407100542,280.17026942494
198,"208_fs1-00009.jpg",401.531864373379,280.265643866511
199,"208_fs1-00009.jpg",400.85271566443,280.338181141874
200,"208_fs1-00009.jpg",400.169484361792,280.387292194985
