"points","Image","X","Y"
1,"208_fs2-00001.jpg",512.167,277.5
2,"208_fs2-00001.jpg",511.499606740855,277.444271404768
3,"208_fs2-00001.jpg",510.832214245724,277.39067982944
4,"208_fs2-00001.jpg",510.164822513578,277.339195424324
5,"208_fs2-00001.jpg",509.497431543387,277.289788339724
6,"208_fs2-00001.jpg",508.830041334121,277.242428725946
7,"208_fs2-00001.jpg",508.16265188475,277.197086733296
8,"208_fs2-00001.jpg",507.495263194244,277.15373251208
9,"208_fs2-00001.jpg",506.827875261573,277.112336212603
10,"208_fs2-00001.jpg",506.160488085708,277.072867985173
11,"208_fs2-00001.jpg",505.493101665618,277.035297980093
12,"208_fs2-00001.jpg",504.825716000274,276.999596347671
13,"208_fs2-00001.jpg",504.158331088645,276.965733238212
14,"208_fs2-00001.jpg",503.490946929702,276.933678802021
15,"208_fs2-00001.jpg",502.823563522415,276.903403189405
16,"208_fs2-00001.jpg",502.156180865754,276.874876550669
17,"208_fs2-00001.jpg",501.488798958689,276.84806903612
18,"208_fs2-00001.jpg",500.82141780019,276.822950796062
19,"208_fs2-00001.jpg",500.154037389227,276.799491980802
20,"208_fs2-00001.jpg",499.486657724771,276.777662740646
21,"208_fs2-00001.jpg",498.819278805791,276.757433225899
22,"208_fs2-00001.jpg",498.151900631258,276.738773586867
23,"208_fs2-00001.jpg",497.484523200141,276.721653973857
24,"208_fs2-00001.jpg",496.817146511411,276.706044537173
25,"208_fs2-00001.jpg",496.149770564038,276.691915427122
26,"208_fs2-00001.jpg",495.482395356992,276.679236794009
27,"208_fs2-00001.jpg",494.815020889243,276.66797878814
28,"208_fs2-00001.jpg",494.147647159761,276.658111559822
29,"208_fs2-00001.jpg",493.480274167516,276.649605259359
30,"208_fs2-00001.jpg",492.812901911478,276.642430037058
31,"208_fs2-00001.jpg",492.145530390618,276.636556043225
32,"208_fs2-00001.jpg",491.478159603906,276.631953428164
33,"208_fs2-00001.jpg",490.810789550311,276.628592342183
34,"208_fs2-00001.jpg",490.143420228804,276.626442935587
35,"208_fs2-00001.jpg",489.476051638355,276.625475358681
36,"208_fs2-00001.jpg",488.808683777933,276.625659761772
37,"208_fs2-00001.jpg",488.14131664651,276.626966295166
38,"208_fs2-00001.jpg",487.473950243055,276.629365109167
39,"208_fs2-00001.jpg",486.806584566538,276.632826354082
40,"208_fs2-00001.jpg",486.13921961593,276.637320180217
41,"208_fs2-00001.jpg",485.4718553902,276.642816737878
42,"208_fs2-00001.jpg",484.804491888318,276.64928617737
43,"208_fs2-00001.jpg",484.137129109255,276.656698648999
44,"208_fs2-00001.jpg",483.469767051981,276.665024303071
45,"208_fs2-00001.jpg",482.802405715465,276.674233289892
46,"208_fs2-00001.jpg",482.135045098679,276.684295759767
47,"208_fs2-00001.jpg",481.4676858701,276.695181863003
48,"208_fs2-00001.jpg",480.800330625878,276.706861749905
49,"208_fs2-00001.jpg",480.132979400645,276.719305570779
50,"208_fs2-00001.jpg",479.465631935866,276.73248347593
51,"208_fs2-00001.jpg",478.798287973012,276.746365615666
52,"208_fs2-00001.jpg",478.13094725355,276.760922140291
53,"208_fs2-00001.jpg",477.463609518948,276.776123200111
54,"208_fs2-00001.jpg",476.796274510675,276.791938945432
55,"208_fs2-00001.jpg",476.128941970197,276.80833952656
56,"208_fs2-00001.jpg",475.461611638985,276.8252950938
57,"208_fs2-00001.jpg",474.794283258504,276.842775797459
58,"208_fs2-00001.jpg",474.126956570225,276.860751787843
59,"208_fs2-00001.jpg",473.459631315615,276.879193215256
60,"208_fs2-00001.jpg",472.792307236141,276.898070230006
61,"208_fs2-00001.jpg",472.124984073273,276.917352982397
62,"208_fs2-00001.jpg",471.457661568477,276.937011622735
63,"208_fs2-00001.jpg",470.790339463224,276.957016301327
64,"208_fs2-00001.jpg",470.123017498979,276.977337168478
65,"208_fs2-00001.jpg",469.455695417212,276.997944374494
66,"208_fs2-00001.jpg",468.788372959391,277.01880806968
67,"208_fs2-00001.jpg",468.121049866984,277.039898404343
68,"208_fs2-00001.jpg",467.453725881459,277.061185528789
69,"208_fs2-00001.jpg",466.786400744283,277.082639593322
70,"208_fs2-00001.jpg",466.119074196926,277.10423074825
71,"208_fs2-00001.jpg",465.451745980855,277.125929143877
72,"208_fs2-00001.jpg",464.784415837539,277.14770493051
73,"208_fs2-00001.jpg",464.117083508445,277.169528258455
74,"208_fs2-00001.jpg",463.449748735042,277.191369278016
75,"208_fs2-00001.jpg",462.782411258797,277.213198139501
76,"208_fs2-00001.jpg",462.115070821179,277.234984993214
77,"208_fs2-00001.jpg",461.447727163657,277.256699989462
78,"208_fs2-00001.jpg",460.780380027697,277.27831327855
79,"208_fs2-00001.jpg",460.113029154769,277.299795010785
80,"208_fs2-00001.jpg",459.44567428634,277.321115336471
81,"208_fs2-00001.jpg",458.778315163878,277.342244405916
82,"208_fs2-00001.jpg",458.110951528852,277.363152369424
83,"208_fs2-00001.jpg",457.44358312273,277.383809377302
84,"208_fs2-00001.jpg",456.77620968698,277.404185579854
85,"208_fs2-00001.jpg",456.108830963069,277.424251127388
86,"208_fs2-00001.jpg",455.441446692467,277.443976170209
87,"208_fs2-00001.jpg",454.774056616641,277.463330858623
88,"208_fs2-00001.jpg",454.106660477059,277.482285342935
89,"208_fs2-00001.jpg",453.439258013915,277.500809774157
90,"208_fs2-00001.jpg",452.771848377286,277.518883587223
91,"208_fs2-00001.jpg",452.104431250327,277.536518747613
92,"208_fs2-00001.jpg",451.437007007626,277.553734341855
93,"208_fs2-00001.jpg",450.769576023772,277.570549456477
94,"208_fs2-00001.jpg",450.102138673354,277.586983178004
95,"208_fs2-00001.jpg",449.43469533096,277.603054592966
96,"208_fs2-00001.jpg",448.767246371178,277.618782787889
97,"208_fs2-00001.jpg",448.099792168596,277.6341868493
98,"208_fs2-00001.jpg",447.432333097805,277.649285863728
99,"208_fs2-00001.jpg",446.764869533391,277.6640989177
100,"208_fs2-00001.jpg",446.097401849943,277.678645097742
101,"208_fs2-00001.jpg",445.42993042205,277.692943490383
102,"208_fs2-00001.jpg",444.762455624301,277.70701318215
103,"208_fs2-00001.jpg",444.094977831283,277.720873259571
104,"208_fs2-00001.jpg",443.427497417586,277.734542809172
105,"208_fs2-00001.jpg",442.760014757797,277.748040917481
106,"208_fs2-00001.jpg",442.092530226506,277.761386671026
107,"208_fs2-00001.jpg",441.4250441983,277.774599156334
108,"208_fs2-00001.jpg",440.757557047769,277.787697459933
109,"208_fs2-00001.jpg",440.0900691495,277.800700668349
110,"208_fs2-00001.jpg",439.422580878082,277.813627868111
111,"208_fs2-00001.jpg",438.755092608105,277.826498145746
112,"208_fs2-00001.jpg",438.087604714155,277.839330587781
113,"208_fs2-00001.jpg",437.420117570822,277.852144280743
114,"208_fs2-00001.jpg",436.752631552694,277.864958311161
115,"208_fs2-00001.jpg",436.08514703436,277.877791765561
116,"208_fs2-00001.jpg",435.417664390408,277.890663730472
117,"208_fs2-00001.jpg",434.750183995426,277.903593292419
118,"208_fs2-00001.jpg",434.082706224004,277.916599537931
119,"208_fs2-00001.jpg",433.415231450729,277.929701553536
120,"208_fs2-00001.jpg",432.74776005019,277.94291842576
121,"208_fs2-00001.jpg",432.080292396976,277.956269241132
122,"208_fs2-00001.jpg",431.412828865675,277.969773086178
123,"208_fs2-00001.jpg",430.745369830875,277.983449047426
124,"208_fs2-00001.jpg",430.077915667165,277.997316211403
125,"208_fs2-00001.jpg",429.410466749134,278.011393664637
126,"208_fs2-00001.jpg",428.74302345137,278.025700493656
127,"208_fs2-00001.jpg",428.075586148461,278.040255784986
128,"208_fs2-00001.jpg",427.40815484645,278.055074347721
129,"208_fs2-00001.jpg",426.740729060864,278.070151079213
130,"208_fs2-00001.jpg",426.073308516525,278.08547508732
131,"208_fs2-00001.jpg",425.405892939023,278.101035479257
132,"208_fs2-00001.jpg",424.738482053946,278.116821362241
133,"208_fs2-00001.jpg",424.071075586881,278.132821843486
134,"208_fs2-00001.jpg",423.403673263419,278.14902603021
135,"208_fs2-00001.jpg",422.736274809147,278.165423029628
136,"208_fs2-00001.jpg",422.068879949654,278.182001948955
137,"208_fs2-00001.jpg",421.401488410528,278.198751895407
138,"208_fs2-00001.jpg",420.734099917359,278.2156619762
139,"208_fs2-00001.jpg",420.066714195735,278.232721298551
140,"208_fs2-00001.jpg",419.399330971244,278.249918969674
141,"208_fs2-00001.jpg",418.731949969476,278.267244096785
142,"208_fs2-00001.jpg",418.064570916017,278.284685787101
143,"208_fs2-00001.jpg",417.397193536458,278.302233147837
144,"208_fs2-00001.jpg",416.729817556387,278.319875286208
145,"208_fs2-00001.jpg",416.062442701392,278.337601309432
146,"208_fs2-00001.jpg",415.395068697062,278.355400324722
147,"208_fs2-00001.jpg",414.727695268986,278.373261439296
148,"208_fs2-00001.jpg",414.060322142751,278.391173760369
149,"208_fs2-00001.jpg",413.392949043948,278.409126395157
150,"208_fs2-00001.jpg",412.725575698163,278.427108450875
151,"208_fs2-00001.jpg",412.058201830987,278.44510903474
152,"208_fs2-00001.jpg",411.390827168007,278.463117253967
153,"208_fs2-00001.jpg",410.723451434812,278.481122215771
154,"208_fs2-00001.jpg",410.056074356991,278.49911302737
155,"208_fs2-00001.jpg",409.388695660132,278.517078795978
156,"208_fs2-00001.jpg",408.721315069824,278.535008628811
157,"208_fs2-00001.jpg",408.053932311655,278.552891633086
158,"208_fs2-00001.jpg",407.386547111215,278.570716916017
159,"208_fs2-00001.jpg",406.719159194091,278.588473584821
160,"208_fs2-00001.jpg",406.051768285872,278.606150746714
161,"208_fs2-00001.jpg",405.384374112147,278.623737508911
162,"208_fs2-00001.jpg",404.716976398504,278.641222978627
163,"208_fs2-00001.jpg",404.049574870533,278.65859626308
164,"208_fs2-00001.jpg",403.38216925382,278.675846469484
165,"208_fs2-00001.jpg",402.714759273956,278.692962705056
166,"208_fs2-00001.jpg",402.047344656529,278.709934077011
167,"208_fs2-00001.jpg",401.379925127127,278.726749692565
168,"208_fs2-00001.jpg",400.712500411339,278.743398658934
169,"208_fs2-00001.jpg",400.045070234754,278.759870083333
170,"208_fs2-00001.jpg",399.377634322959,278.776153072979
171,"208_fs2-00001.jpg",398.710192401545,278.792236735087
172,"208_fs2-00001.jpg",398.042744196098,278.808110176872
173,"208_fs2-00001.jpg",397.375289432208,278.823762505552
174,"208_fs2-00001.jpg",396.707827835464,278.839182828341
175,"208_fs2-00001.jpg",396.040359144523,278.854360252455
176,"208_fs2-00001.jpg",395.372884206021,278.869283885111
177,"208_fs2-00001.jpg",394.705403749412,278.883942833523
178,"208_fs2-00001.jpg",394.037917901792,278.898326204908
179,"208_fs2-00001.jpg",393.370426790257,278.912423106481
180,"208_fs2-00001.jpg",392.702930541902,278.926222645459
181,"208_fs2-00001.jpg",392.035429283822,278.939713929057
182,"208_fs2-00001.jpg",391.367923143113,278.95288606449
183,"208_fs2-00001.jpg",390.700412246872,278.965728158976
184,"208_fs2-00001.jpg",390.032896722192,278.978229319728
185,"208_fs2-00001.jpg",389.36537669617,278.990378653964
186,"208_fs2-00001.jpg",388.697852295901,279.002165268899
187,"208_fs2-00001.jpg",388.030323648481,279.013578271749
188,"208_fs2-00001.jpg",387.362790881006,279.024606769729
189,"208_fs2-00001.jpg",386.695254120571,279.035239870055
190,"208_fs2-00001.jpg",386.027713494271,279.045466679944
191,"208_fs2-00001.jpg",385.360169129201,279.055276306611
192,"208_fs2-00001.jpg",384.692621152459,279.064657857271
193,"208_fs2-00001.jpg",384.025069691138,279.073600439141
194,"208_fs2-00001.jpg",383.357514872336,279.082093159436
195,"208_fs2-00001.jpg",382.689956823146,279.090125125373
196,"208_fs2-00001.jpg",382.022395670665,279.097685444166
197,"208_fs2-00001.jpg",381.354831541988,279.104763223032
198,"208_fs2-00001.jpg",380.687264564211,279.111347569186
199,"208_fs2-00001.jpg",380.019694864429,279.117427589845
200,"208_fs2-00001.jpg",379.352122569738,279.122992392223
1,"208_fs2-00002.jpg",502.5,289.5
2,"208_fs2-00002.jpg",502.255592435912,288.905118575686
3,"208_fs2-00002.jpg",502.003844709198,288.313250559255
4,"208_fs2-00002.jpg",501.744876282033,287.724509983229
5,"208_fs2-00002.jpg",501.478806616595,287.139010880132
6,"208_fs2-00002.jpg",501.20575517506,286.556867282485
7,"208_fs2-00002.jpg",500.925841419605,285.978193222811
8,"208_fs2-00002.jpg",500.639184812406,285.403102733633
9,"208_fs2-00002.jpg",500.345904815642,284.831709847475
10,"208_fs2-00002.jpg",500.046120891487,284.264128596858
11,"208_fs2-00002.jpg",499.73995250212,283.700473014305
12,"208_fs2-00002.jpg",499.427519109716,283.14085713234
13,"208_fs2-00002.jpg",499.108940176452,282.585394983484
14,"208_fs2-00002.jpg",498.784335164506,282.03420060026
15,"208_fs2-00002.jpg",498.453823536054,281.487388015192
16,"208_fs2-00002.jpg",498.117524753272,280.945071260802
17,"208_fs2-00002.jpg",497.775558278338,280.407364369613
18,"208_fs2-00002.jpg",497.428043573428,279.874381374147
19,"208_fs2-00002.jpg",497.075100100719,279.346236306927
20,"208_fs2-00002.jpg",496.716847322388,278.823043200475
21,"208_fs2-00002.jpg",496.353404700611,278.304916087316
22,"208_fs2-00002.jpg",495.984891697565,277.79196899997
23,"208_fs2-00002.jpg",495.611427775427,277.284315970962
24,"208_fs2-00002.jpg",495.233132396373,276.782071032813
25,"208_fs2-00002.jpg",494.850125022581,276.285348218047
26,"208_fs2-00002.jpg",494.462525116227,275.794261559186
27,"208_fs2-00002.jpg",494.070452139488,275.308925088753
28,"208_fs2-00002.jpg",493.67402555454,274.82945283927
29,"208_fs2-00002.jpg",493.27336482356,274.355958843261
30,"208_fs2-00002.jpg",492.868589408726,273.888557133248
31,"208_fs2-00002.jpg",492.459818772213,273.427361741753
32,"208_fs2-00002.jpg",492.047172376199,272.9724867013
33,"208_fs2-00002.jpg",491.63076968286,272.524046044412
34,"208_fs2-00002.jpg",491.210730154374,272.08215380361
35,"208_fs2-00002.jpg",490.787173252915,271.646924011418
36,"208_fs2-00002.jpg",490.360218440663,271.218470700358
37,"208_fs2-00002.jpg",489.929985179792,270.796907902953
38,"208_fs2-00002.jpg",489.492700489728,270.382349651726
39,"208_fs2-00002.jpg",489.042546308751,269.9749099792
40,"208_fs2-00002.jpg",488.579940969084,269.574702917897
41,"208_fs2-00002.jpg",488.105380717804,269.18184250034
42,"208_fs2-00002.jpg",487.619361801991,268.796442759051
43,"208_fs2-00002.jpg",487.122380468722,268.418617726554
44,"208_fs2-00002.jpg",486.614932965075,268.048481435371
45,"208_fs2-00002.jpg",486.097515538129,267.686147918026
46,"208_fs2-00002.jpg",485.570624434961,267.331731207039
47,"208_fs2-00002.jpg",485.03475590265,266.985345334935
48,"208_fs2-00002.jpg",484.490406188275,266.647104334236
49,"208_fs2-00002.jpg",483.938071538912,266.317122237465
50,"208_fs2-00002.jpg",483.378248201641,265.995513077144
51,"208_fs2-00002.jpg",482.81143242354,265.682390885796
52,"208_fs2-00002.jpg",482.238120451686,265.377869695945
53,"208_fs2-00002.jpg",481.658808533158,265.082063540112
54,"208_fs2-00002.jpg",481.073992915034,264.79508645082
55,"208_fs2-00002.jpg",480.484169844393,264.517052460593
56,"208_fs2-00002.jpg",479.889835568312,264.248075601952
57,"208_fs2-00002.jpg",479.291486333869,263.98826990742
58,"208_fs2-00002.jpg",478.689618388143,263.737749409521
59,"208_fs2-00002.jpg",478.084727978212,263.496628140777
60,"208_fs2-00002.jpg",477.477311351155,263.265020133711
61,"208_fs2-00002.jpg",476.867864754048,263.043039420845
62,"208_fs2-00002.jpg",476.256884433971,262.830800034702
63,"208_fs2-00002.jpg",475.644866638002,262.628416007806
64,"208_fs2-00002.jpg",475.032307613218,262.436001372677
65,"208_fs2-00002.jpg",474.419703606698,262.25367016184
66,"208_fs2-00002.jpg",473.807550865521,262.081536407817
67,"208_fs2-00002.jpg",473.196345636764,261.919714143131
68,"208_fs2-00002.jpg",472.586584167505,261.768317400304
69,"208_fs2-00002.jpg",471.978762704823,261.627460211859
70,"208_fs2-00002.jpg",471.373377495795,261.49725661032
71,"208_fs2-00002.jpg",470.770924787501,261.377820628208
72,"208_fs2-00002.jpg",470.171900827018,261.269266298046
73,"208_fs2-00002.jpg",469.576669019041,261.171707358995
74,"208_fs2-00002.jpg",468.979962732983,261.085167359496
75,"208_fs2-00002.jpg",468.379021649032,261.009452739409
76,"208_fs2-00002.jpg",467.774089840573,260.944337932153
77,"208_fs2-00002.jpg",467.165411380989,260.889597371145
78,"208_fs2-00002.jpg",466.553230343663,260.845005489805
79,"208_fs2-00002.jpg",465.937790801979,260.810336721551
80,"208_fs2-00002.jpg",465.319336829321,260.785365499803
81,"208_fs2-00002.jpg",464.698112499071,260.769866257979
82,"208_fs2-00002.jpg",464.074361884613,260.763613429497
83,"208_fs2-00002.jpg",463.448329059331,260.766381447777
84,"208_fs2-00002.jpg",462.820258096608,260.777944746238
85,"208_fs2-00002.jpg",462.190393069827,260.798077758297
86,"208_fs2-00002.jpg",461.558978052372,260.826554917374
87,"208_fs2-00002.jpg",460.926257117627,260.863150656888
88,"208_fs2-00002.jpg",460.292474338974,260.907639410257
89,"208_fs2-00002.jpg",459.657873789798,260.959795610901
90,"208_fs2-00002.jpg",459.022699543481,261.019393692237
91,"208_fs2-00002.jpg",458.387195673407,261.086208087684
92,"208_fs2-00002.jpg",457.75160625296,261.160013230662
93,"208_fs2-00002.jpg",457.116175355523,261.24058355459
94,"208_fs2-00002.jpg",456.481147054479,261.327693492885
95,"208_fs2-00002.jpg",455.846765423213,261.421117478967
96,"208_fs2-00002.jpg",455.213274535106,261.520629946254
97,"208_fs2-00002.jpg",454.580918463543,261.626005328166
98,"208_fs2-00002.jpg",453.949941281908,261.73701805812
99,"208_fs2-00002.jpg",453.320587063583,261.853442569536
100,"208_fs2-00002.jpg",452.693099881952,261.975053295833
101,"208_fs2-00002.jpg",452.067723810398,262.101624670428
102,"208_fs2-00002.jpg",451.444702922306,262.232931126742
103,"208_fs2-00002.jpg",450.824281291058,262.368747098193
104,"208_fs2-00002.jpg",450.206702990038,262.508847018199
105,"208_fs2-00002.jpg",449.592212092629,262.653005320179
106,"208_fs2-00002.jpg",448.981052672214,262.800996437553
107,"208_fs2-00002.jpg",448.372592220557,262.952614452836
108,"208_fs2-00002.jpg",447.765748428753,263.107749106686
109,"208_fs2-00002.jpg",447.16043997284,263.266319206999
110,"208_fs2-00002.jpg",446.556589582011,263.42824356838
111,"208_fs2-00002.jpg",445.954119985458,263.593441005435
112,"208_fs2-00002.jpg",445.352953912374,263.761830332767
113,"208_fs2-00002.jpg",444.753014091952,263.933330364982
114,"208_fs2-00002.jpg",444.154223253384,264.107859916685
115,"208_fs2-00002.jpg",443.556504125862,264.285337802479
116,"208_fs2-00002.jpg",442.959779438581,264.465682836971
117,"208_fs2-00002.jpg",442.363971920731,264.648813834764
118,"208_fs2-00002.jpg",441.769004301505,264.834649610464
119,"208_fs2-00002.jpg",441.174799310097,265.023108978676
120,"208_fs2-00002.jpg",440.581279675699,265.214110754003
121,"208_fs2-00002.jpg",439.988368127503,265.407573751051
122,"208_fs2-00002.jpg",439.395987394703,265.603416784425
123,"208_fs2-00002.jpg",438.804060206489,265.801558668729
124,"208_fs2-00002.jpg",438.212509292056,266.001918218568
125,"208_fs2-00002.jpg",437.621257380596,266.204414248547
126,"208_fs2-00002.jpg",437.030227201301,266.408965573271
127,"208_fs2-00002.jpg",436.439341483365,266.615491007344
128,"208_fs2-00002.jpg",435.848522955979,266.823909365372
129,"208_fs2-00002.jpg",435.257694348336,267.034139461958
130,"208_fs2-00002.jpg",434.666778389629,267.246100111709
131,"208_fs2-00002.jpg",434.07569780905,267.459710129228
132,"208_fs2-00002.jpg",433.484375335793,267.67488832912
133,"208_fs2-00002.jpg",432.892733699049,267.891553525991
134,"208_fs2-00002.jpg",432.300695628011,268.109624534444
135,"208_fs2-00002.jpg",431.708183851872,268.329020169085
136,"208_fs2-00002.jpg",431.115121099825,268.549659244519
137,"208_fs2-00002.jpg",430.521431923184,268.771460573268
138,"208_fs2-00002.jpg",429.92807142649,268.994314451677
139,"208_fs2-00002.jpg",429.335813011232,269.218011073557
140,"208_fs2-00002.jpg",428.744549296138,269.44231867946
141,"208_fs2-00002.jpg",428.15417289994,269.667005509936
142,"208_fs2-00002.jpg",427.564576441367,269.891839805538
143,"208_fs2-00002.jpg",426.97565253915,270.116589806817
144,"208_fs2-00002.jpg",426.387293812019,270.341023754323
145,"208_fs2-00002.jpg",425.799392878703,270.564909888609
146,"208_fs2-00002.jpg",425.211842357933,270.788016450225
147,"208_fs2-00002.jpg",424.62453486844,271.010111679723
148,"208_fs2-00002.jpg",424.037363028952,271.230963817654
149,"208_fs2-00002.jpg",423.450219458201,271.45034110457
150,"208_fs2-00002.jpg",422.862996774917,271.668011781021
151,"208_fs2-00002.jpg",422.275587597829,271.88374408756
152,"208_fs2-00002.jpg",421.687884545668,272.097306264737
153,"208_fs2-00002.jpg",421.099780237164,272.308466553104
154,"208_fs2-00002.jpg",420.511167291047,272.516993193212
155,"208_fs2-00002.jpg",419.921938326048,272.722654425612
156,"208_fs2-00002.jpg",419.331985960896,272.925218490856
157,"208_fs2-00002.jpg",418.741202814321,273.124453629496
158,"208_fs2-00002.jpg",418.149481505054,273.320128082081
159,"208_fs2-00002.jpg",417.556714651824,273.512010089165
160,"208_fs2-00002.jpg",416.962794873363,273.699867891297
161,"208_fs2-00002.jpg",416.3676147884,273.88346972903
162,"208_fs2-00002.jpg",415.771067015665,274.062583842915
163,"208_fs2-00002.jpg",415.173044173888,274.236978473503
164,"208_fs2-00002.jpg",414.5734388818,274.406421861345
165,"208_fs2-00002.jpg",413.97214375813,274.570682246992
166,"208_fs2-00002.jpg",413.369051421609,274.729527870997
167,"208_fs2-00002.jpg",412.764054490967,274.88272697391
168,"208_fs2-00002.jpg",412.157045584935,275.030047796283
169,"208_fs2-00002.jpg",411.548178441404,275.171258578667
170,"208_fs2-00002.jpg",410.938161258871,275.306127561613
171,"208_fs2-00002.jpg",410.327043759269,275.434422985673
172,"208_fs2-00002.jpg",409.71482828275,275.555913091397
173,"208_fs2-00002.jpg",409.101517169465,275.670366119338
174,"208_fs2-00002.jpg",408.487112759566,275.777550310047
175,"208_fs2-00002.jpg",407.871617393207,275.877233904074
176,"208_fs2-00002.jpg",407.255033410538,275.969185141972
177,"208_fs2-00002.jpg",406.637363151711,276.053172264292
178,"208_fs2-00002.jpg",406.018608956879,276.128963511584
179,"208_fs2-00002.jpg",405.398773166194,276.1963271244
180,"208_fs2-00002.jpg",404.777858119807,276.255031343292
181,"208_fs2-00002.jpg",404.15586615787,276.304844408811
182,"208_fs2-00002.jpg",403.532799620536,276.345534561509
183,"208_fs2-00002.jpg",402.908660847957,276.376870041935
184,"208_fs2-00002.jpg",402.283452180284,276.398619090643
185,"208_fs2-00002.jpg",401.65717595767,276.410549948183
186,"208_fs2-00002.jpg",401.029834520266,276.412430855106
187,"208_fs2-00002.jpg",400.401430208224,276.404030051964
188,"208_fs2-00002.jpg",399.771965361697,276.385115779308
189,"208_fs2-00002.jpg",399.141442320837,276.35545627769
190,"208_fs2-00002.jpg",398.509863425795,276.31481978766
191,"208_fs2-00002.jpg",397.877231016723,276.262974549771
192,"208_fs2-00002.jpg",397.243547433774,276.199688804573
193,"208_fs2-00002.jpg",396.608815017099,276.124730792618
194,"208_fs2-00002.jpg",395.97303610685,276.037868754457
195,"208_fs2-00002.jpg",395.33621304318,275.938870930641
196,"208_fs2-00002.jpg",394.698348166241,275.827505561722
197,"208_fs2-00002.jpg",394.059443816183,275.703540888252
198,"208_fs2-00002.jpg",393.41950233316,275.56674515078
199,"208_fs2-00002.jpg",392.778526057324,275.41688658986
200,"208_fs2-00002.jpg",392.136517328825,275.253733446041
1,"208_fs2-00003.jpg",500.167,313.833
2,"208_fs2-00003.jpg",499.851238025919,313.454289964032
3,"208_fs2-00003.jpg",499.533844582516,313.063435172199
4,"208_fs2-00003.jpg",499.214829175715,312.660730091573
5,"208_fs2-00003.jpg",498.894201311439,312.246469189225
6,"208_fs2-00003.jpg",498.571970495609,311.820946932229
7,"208_fs2-00003.jpg",498.248146234149,311.384457787655
8,"208_fs2-00003.jpg",497.922738032982,310.937296222576
9,"208_fs2-00003.jpg",497.59575539803,310.479756704063
10,"208_fs2-00003.jpg",497.267207835217,310.012133699189
11,"208_fs2-00003.jpg",496.937104850464,309.534721675025
12,"208_fs2-00003.jpg",496.605455949695,309.047815098644
13,"208_fs2-00003.jpg",496.272270638832,308.551708437116
14,"208_fs2-00003.jpg",495.937558423799,308.046696157515
15,"208_fs2-00003.jpg",495.601328810518,307.533072726911
16,"208_fs2-00003.jpg",495.263591304912,307.011132612377
17,"208_fs2-00003.jpg",494.924355412903,306.481170280985
18,"208_fs2-00003.jpg",494.583630640415,305.943480199807
19,"208_fs2-00003.jpg",494.24142649337,305.398356835914
20,"208_fs2-00003.jpg",493.897752477691,304.846094656379
21,"208_fs2-00003.jpg",493.552618099301,304.286988128273
22,"208_fs2-00003.jpg",493.206032864122,303.721331718668
23,"208_fs2-00003.jpg",492.858006278078,303.149419894637
24,"208_fs2-00003.jpg",492.508547847091,302.57154712325
25,"208_fs2-00003.jpg",492.157667077084,301.988007871581
26,"208_fs2-00003.jpg",491.805373473979,301.3990966067
27,"208_fs2-00003.jpg",491.4516765437,300.80510779568
28,"208_fs2-00003.jpg",491.09658579217,300.206335905593
29,"208_fs2-00003.jpg",490.74011072531,299.603075403511
30,"208_fs2-00003.jpg",490.382260849044,298.995620756505
31,"208_fs2-00003.jpg",490.023045669295,298.384266431648
32,"208_fs2-00003.jpg",489.662474691985,297.76930689601
33,"208_fs2-00003.jpg",489.300557423038,297.151036616666
34,"208_fs2-00003.jpg",488.937303368375,296.529750060685
35,"208_fs2-00003.jpg",488.572722033921,295.90574169514
36,"208_fs2-00003.jpg",488.206822925596,295.279305987103
37,"208_fs2-00003.jpg",487.839615549325,294.650737403646
38,"208_fs2-00003.jpg",487.471109411031,294.020330411841
39,"208_fs2-00003.jpg",487.101314016635,293.38837947876
40,"208_fs2-00003.jpg",486.73023887206,292.755179071474
41,"208_fs2-00003.jpg",486.357893483231,292.121023657055
42,"208_fs2-00003.jpg",485.984287356068,291.486207702576
43,"208_fs2-00003.jpg",485.609429996496,290.851025675108
44,"208_fs2-00003.jpg",485.233330910436,290.215772041724
45,"208_fs2-00003.jpg",484.855999603812,289.580741269494
46,"208_fs2-00003.jpg",484.477445582547,288.946227825492
47,"208_fs2-00003.jpg",484.097678352562,288.312526176788
48,"208_fs2-00003.jpg",483.717113626046,287.679930790455
49,"208_fs2-00003.jpg",483.337484704268,287.048736133565
50,"208_fs2-00003.jpg",482.958819126828,286.41923667319
51,"208_fs2-00003.jpg",482.580921936268,285.791726876401
52,"208_fs2-00003.jpg",482.203598175129,285.166501210271
53,"208_fs2-00003.jpg",481.826652885954,284.54385414187
54,"208_fs2-00003.jpg",481.449891111282,283.924080138273
55,"208_fs2-00003.jpg",481.073117893657,283.307473666549
56,"208_fs2-00003.jpg",480.696138275618,282.694329193771
57,"208_fs2-00003.jpg",480.318757299708,282.084941187011
58,"208_fs2-00003.jpg",479.940780008469,281.479604113342
59,"208_fs2-00003.jpg",479.56201144444,280.878612439834
60,"208_fs2-00003.jpg",479.182256650165,280.282260633559
61,"208_fs2-00003.jpg",478.801320668184,279.69084316159
62,"208_fs2-00003.jpg",478.419008541039,279.104654490999
63,"208_fs2-00003.jpg",478.035125311272,278.523989088857
64,"208_fs2-00003.jpg",477.649476021423,277.949141422236
65,"208_fs2-00003.jpg",477.261865714035,277.380405958209
66,"208_fs2-00003.jpg",476.872099431648,276.818077163847
67,"208_fs2-00003.jpg",476.479982216805,276.262449506221
68,"208_fs2-00003.jpg",476.085319112046,275.713817452405
69,"208_fs2-00003.jpg",475.687915159913,275.172475469469
70,"208_fs2-00003.jpg",475.287575402948,274.638718024486
71,"208_fs2-00003.jpg",474.884104883692,274.112839584528
72,"208_fs2-00003.jpg",474.477308644686,273.595134616667
73,"208_fs2-00003.jpg",474.066991728472,273.085897587973
74,"208_fs2-00003.jpg",473.652959177592,272.585422965521
75,"208_fs2-00003.jpg",473.235016034586,272.09400521638
76,"208_fs2-00003.jpg",472.812967341997,271.611938807623
77,"208_fs2-00003.jpg",472.386618142365,271.139518206323
78,"208_fs2-00003.jpg",471.955773478233,270.677037879551
79,"208_fs2-00003.jpg",471.520238392141,270.224792294378
80,"208_fs2-00003.jpg",471.079817926631,269.783075917877
81,"208_fs2-00003.jpg",470.634317124245,269.35218321712
82,"208_fs2-00003.jpg",470.183541027524,268.932408659179
83,"208_fs2-00003.jpg",469.72729467901,268.524046711125
84,"208_fs2-00003.jpg",469.265383121243,268.12739184003
85,"208_fs2-00003.jpg",468.797611396765,267.742738512967
86,"208_fs2-00003.jpg",468.323784548119,267.370381197007
87,"208_fs2-00003.jpg",467.843707617845,267.010614359222
88,"208_fs2-00003.jpg",467.357185648484,266.663732466684
89,"208_fs2-00003.jpg",466.864023682579,266.330029986465
90,"208_fs2-00003.jpg",466.36402676267,266.009801385637
91,"208_fs2-00003.jpg",465.8569999313,265.703341131272
92,"208_fs2-00003.jpg",465.342748231009,265.410943690441
93,"208_fs2-00003.jpg",464.817143962251,265.132895075081
94,"208_fs2-00003.jpg",464.26916489238,264.869391292792
95,"208_fs2-00003.jpg",463.69972101285,264.620573990892
96,"208_fs2-00003.jpg",463.110537192476,264.386584063572
97,"208_fs2-00003.jpg",462.503338300073,264.167562405023
98,"208_fs2-00003.jpg",461.879849204458,263.963649909436
99,"208_fs2-00003.jpg",461.241794774447,263.774987471001
100,"208_fs2-00003.jpg",460.590899878854,263.60171598391
101,"208_fs2-00003.jpg",459.928889386496,263.443976342354
102,"208_fs2-00003.jpg",459.257488166188,263.301909440524
103,"208_fs2-00003.jpg",458.578421086747,263.17565617261
104,"208_fs2-00003.jpg",457.893413016987,263.065357432804
105,"208_fs2-00003.jpg",457.204188825725,262.971154115297
106,"208_fs2-00003.jpg",456.512473381775,262.893187114279
107,"208_fs2-00003.jpg",455.819991553955,262.831597323942
108,"208_fs2-00003.jpg",455.128468211079,262.786525638477
109,"208_fs2-00003.jpg",454.439628221963,262.758112952074
110,"208_fs2-00003.jpg",453.755196455423,262.746500158925
111,"208_fs2-00003.jpg",453.076897780275,262.75182815322
112,"208_fs2-00003.jpg",452.406457065334,262.774237829151
113,"208_fs2-00003.jpg",451.745599179416,262.813870080909
114,"208_fs2-00003.jpg",451.096048991337,262.870865802684
115,"208_fs2-00003.jpg",450.459531369912,262.945365888667
116,"208_fs2-00003.jpg",449.834217105324,263.037493322676
117,"208_fs2-00003.jpg",449.207274272836,263.147112954965
118,"208_fs2-00003.jpg",448.577982666239,263.273895848574
119,"208_fs2-00003.jpg",447.947054886682,263.417508357993
120,"208_fs2-00003.jpg",447.315203535316,263.577616837712
121,"208_fs2-00003.jpg",446.683141213289,263.75388764222
122,"208_fs2-00003.jpg",446.051580521752,263.945987126006
123,"208_fs2-00003.jpg",445.421234061854,264.153581643561
124,"208_fs2-00003.jpg",444.792814434745,264.376337549375
125,"208_fs2-00003.jpg",444.167034241574,264.613921197935
126,"208_fs2-00003.jpg",443.544606083492,264.865998943734
127,"208_fs2-00003.jpg",442.926242561648,265.132237141259
128,"208_fs2-00003.jpg",442.312656277191,265.412302145
129,"208_fs2-00003.jpg",441.704559831272,265.705860309448
130,"208_fs2-00003.jpg",441.102665825039,266.012577989091
131,"208_fs2-00003.jpg",440.507686859644,266.33212153842
132,"208_fs2-00003.jpg",439.920335536234,266.664157311924
133,"208_fs2-00003.jpg",439.341324455961,267.008351664092
134,"208_fs2-00003.jpg",438.771366219973,267.364370949415
135,"208_fs2-00003.jpg",438.21117342942,267.731881522381
136,"208_fs2-00003.jpg",437.661458685453,268.110549737481
137,"208_fs2-00003.jpg",437.12293458922,268.500041949204
138,"208_fs2-00003.jpg",436.596313741872,268.900024512039
139,"208_fs2-00003.jpg",436.082119358665,269.310160157669
140,"208_fs2-00003.jpg",435.579317034152,269.730021540024
141,"208_fs2-00003.jpg",435.087015010741,270.159087315699
142,"208_fs2-00003.jpg",434.604472785879,270.596831734118
143,"208_fs2-00003.jpg",434.130949857007,271.042729044703
144,"208_fs2-00003.jpg",433.665705721571,271.496253496877
145,"208_fs2-00003.jpg",433.207999877014,271.956879340064
146,"208_fs2-00003.jpg",432.757091820779,272.424080823686
147,"208_fs2-00003.jpg",432.312241050312,272.897332197165
148,"208_fs2-00003.jpg",431.872707063056,273.376107709927
149,"208_fs2-00003.jpg",431.437749356454,273.859881611392
150,"208_fs2-00003.jpg",431.00662742795,274.348128150984
151,"208_fs2-00003.jpg",430.578600774989,274.840321578127
152,"208_fs2-00003.jpg",430.152928895014,275.335936142242
153,"208_fs2-00003.jpg",429.72887128547,275.834446092754
154,"208_fs2-00003.jpg",429.305687443799,276.335325679084
155,"208_fs2-00003.jpg",428.882636867446,276.838049150657
156,"208_fs2-00003.jpg",428.458979053856,277.342090756894
157,"208_fs2-00003.jpg",428.03397350047,277.84692474722
158,"208_fs2-00003.jpg",427.606879704735,278.352025371057
159,"208_fs2-00003.jpg",427.176957164093,278.856866877827
160,"208_fs2-00003.jpg",426.743465375988,279.360923516954
161,"208_fs2-00003.jpg",426.305663837865,279.863669537862
162,"208_fs2-00003.jpg",425.862812047166,280.364579189972
163,"208_fs2-00003.jpg",425.414169501337,280.863126722708
164,"208_fs2-00003.jpg",424.95899569782,281.358786385492
165,"208_fs2-00003.jpg",424.496784589958,281.851033347707
166,"208_fs2-00003.jpg",424.032508735197,282.339467515677
167,"208_fs2-00003.jpg",423.568188909909,282.823938630647
168,"208_fs2-00003.jpg",423.103504448307,283.304326224856
169,"208_fs2-00003.jpg",422.638134684605,283.780509830544
170,"208_fs2-00003.jpg",422.171758953017,284.252368979949
171,"208_fs2-00003.jpg",421.704056587758,284.719783205312
172,"208_fs2-00003.jpg",421.23470692304,285.182632038871
173,"208_fs2-00003.jpg",420.763389293078,285.640795012865
174,"208_fs2-00003.jpg",420.289783032087,286.094151659534
175,"208_fs2-00003.jpg",419.813567474278,286.542581511117
176,"208_fs2-00003.jpg",419.334421953868,286.985964099854
177,"208_fs2-00003.jpg",418.852025805069,287.424178957983
178,"208_fs2-00003.jpg",418.366058362095,287.857105617743
179,"208_fs2-00003.jpg",417.876198959161,288.284623611375
180,"208_fs2-00003.jpg",417.38212693048,288.706612471117
181,"208_fs2-00003.jpg",416.883521610266,289.122951729208
182,"208_fs2-00003.jpg",416.380062332734,289.533520917888
183,"208_fs2-00003.jpg",415.871428432096,289.938199569396
184,"208_fs2-00003.jpg",415.357299242567,290.336867215971
185,"208_fs2-00003.jpg",414.837344013518,290.729403389852
186,"208_fs2-00003.jpg",414.311311434666,291.115687623279
187,"208_fs2-00003.jpg",413.779313749128,291.495599448491
188,"208_fs2-00003.jpg",413.24151268679,291.869018397727
189,"208_fs2-00003.jpg",412.698069977541,292.235824003226
190,"208_fs2-00003.jpg",412.149147351265,292.595895797228
191,"208_fs2-00003.jpg",411.594906537849,292.949113311971
192,"208_fs2-00003.jpg",411.03550926718,293.295356079696
193,"208_fs2-00003.jpg",410.471117269145,293.634503632641
194,"208_fs2-00003.jpg",409.90189227363,293.966435503046
195,"208_fs2-00003.jpg",409.327996010522,294.291031223149
196,"208_fs2-00003.jpg",408.749590209706,294.60817032519
197,"208_fs2-00003.jpg",408.16683660107,294.917732341409
198,"208_fs2-00003.jpg",407.579896914501,295.219596804044
199,"208_fs2-00003.jpg",406.988932879884,295.513643245335
200,"208_fs2-00003.jpg",406.394106227106,295.79975119752
1,"208_fs2-00004.jpg",505.833,317.5
2,"208_fs2-00004.jpg",505.28145144402,317.099572766883
3,"208_fs2-00004.jpg",504.733479002047,316.692366117856
4,"208_fs2-00004.jpg",504.189170941893,316.278481261961
5,"208_fs2-00004.jpg",503.64861553137,315.858019408241
6,"208_fs2-00004.jpg",503.111901038289,315.431081765738
7,"208_fs2-00004.jpg",502.579115730463,314.997769543495
8,"208_fs2-00004.jpg",502.050347875703,314.558183950555
9,"208_fs2-00004.jpg",501.525685741822,314.112426195959
10,"208_fs2-00004.jpg",501.005217596631,313.660597488751
11,"208_fs2-00004.jpg",500.489031707942,313.202799037973
12,"208_fs2-00004.jpg",499.977216343567,312.739132052667
13,"208_fs2-00004.jpg",499.469859771318,312.269697741877
14,"208_fs2-00004.jpg",498.967050259006,311.794597314644
15,"208_fs2-00004.jpg",498.468876074444,311.313931980011
16,"208_fs2-00004.jpg",497.975425485444,310.827802947021
17,"208_fs2-00004.jpg",497.486786759817,310.336311424716
18,"208_fs2-00004.jpg",497.003048165375,309.839558622138
19,"208_fs2-00004.jpg",496.52429796993,309.337645748332
20,"208_fs2-00004.jpg",496.050624441294,308.830674012338
21,"208_fs2-00004.jpg",495.582115847278,308.318744623199
22,"208_fs2-00004.jpg",495.118860455696,307.801958789958
23,"208_fs2-00004.jpg",494.660946534358,307.280417721658
24,"208_fs2-00004.jpg",494.208462351076,306.75422262734
25,"208_fs2-00004.jpg",493.761496173663,306.223474716049
26,"208_fs2-00004.jpg",493.32013626993,305.688275196825
27,"208_fs2-00004.jpg",492.884470907689,305.148725278711
28,"208_fs2-00004.jpg",492.454588354752,304.604926170751
29,"208_fs2-00004.jpg",492.030576878931,304.056979081987
30,"208_fs2-00004.jpg",491.612524748037,303.50498522146
31,"208_fs2-00004.jpg",491.200520229883,302.949045798215
32,"208_fs2-00004.jpg",490.794651592281,302.389262021292
33,"208_fs2-00004.jpg",490.395007103041,301.825735099736
34,"208_fs2-00004.jpg",490.001675029977,301.258566242588
35,"208_fs2-00004.jpg",489.6147436409,300.68785665889
36,"208_fs2-00004.jpg",489.234301203622,300.113707557686
37,"208_fs2-00004.jpg",488.860435985955,299.536220148018
38,"208_fs2-00004.jpg",488.493509224373,298.955495638929
39,"208_fs2-00004.jpg",488.134667056113,298.37163523946
40,"208_fs2-00004.jpg",487.783686645254,297.784740158655
41,"208_fs2-00004.jpg",487.440173832845,297.194911605556
42,"208_fs2-00004.jpg",487.103734459933,296.602250789206
43,"208_fs2-00004.jpg",486.773974367566,296.006858918647
44,"208_fs2-00004.jpg",486.45049939679,295.408837202921
45,"208_fs2-00004.jpg",486.132915388655,294.808286851072
46,"208_fs2-00004.jpg",485.820828184206,294.205309072141
47,"208_fs2-00004.jpg",485.513843624493,293.600005075172
48,"208_fs2-00004.jpg",485.211567550561,292.992476069207
49,"208_fs2-00004.jpg",484.91360580346,292.382823263288
50,"208_fs2-00004.jpg",484.619564224237,291.771147866458
51,"208_fs2-00004.jpg",484.329048653938,291.157551087759
52,"208_fs2-00004.jpg",484.041664933612,290.542134136234
53,"208_fs2-00004.jpg",483.757018904307,289.924998220926
54,"208_fs2-00004.jpg",483.474716407069,289.306244550877
55,"208_fs2-00004.jpg",483.194363282947,288.685974335129
56,"208_fs2-00004.jpg",482.915565372987,288.064288782726
57,"208_fs2-00004.jpg",482.637928518239,287.441289102709
58,"208_fs2-00004.jpg",482.361058559748,286.817076504121
59,"208_fs2-00004.jpg",482.084561338563,286.191752196005
60,"208_fs2-00004.jpg",481.808042695731,285.565417387404
61,"208_fs2-00004.jpg",481.531108472301,284.938173287359
62,"208_fs2-00004.jpg",481.253364509318,284.310121104914
63,"208_fs2-00004.jpg",480.974416647832,283.68136204911
64,"208_fs2-00004.jpg",480.693870728889,283.051997328991
65,"208_fs2-00004.jpg",480.411332593538,282.422128153599
66,"208_fs2-00004.jpg",480.126408082825,281.791855731976
67,"208_fs2-00004.jpg",479.838703037798,281.161281273165
68,"208_fs2-00004.jpg",479.547823299505,280.530505986209
69,"208_fs2-00004.jpg",479.253374708994,279.89963108015
70,"208_fs2-00004.jpg",478.954963107312,279.26875776403
71,"208_fs2-00004.jpg",478.652194335506,278.637987246893
72,"208_fs2-00004.jpg",478.344674234624,278.00742073778
73,"208_fs2-00004.jpg",478.032008645714,277.377159445735
74,"208_fs2-00004.jpg",477.713803409824,276.747304579799
75,"208_fs2-00004.jpg",477.389664368,276.117957349016
76,"208_fs2-00004.jpg",477.062420675366,275.489233036826
77,"208_fs2-00004.jpg",476.737236729098,274.861335770182
78,"208_fs2-00004.jpg",476.413744160213,274.234504247257
79,"208_fs2-00004.jpg",476.091473743479,273.608977243797
80,"208_fs2-00004.jpg",475.769956253665,272.984993535546
81,"208_fs2-00004.jpg",475.448722465541,272.362791898252
82,"208_fs2-00004.jpg",475.127303153874,271.74261110766
83,"208_fs2-00004.jpg",474.805229093434,271.124689939514
84,"208_fs2-00004.jpg",474.48203105899,270.509267169561
85,"208_fs2-00004.jpg",474.157239825309,269.896581573547
86,"208_fs2-00004.jpg",473.830386167161,269.286871927216
87,"208_fs2-00004.jpg",473.501000859314,268.680377006315
88,"208_fs2-00004.jpg",473.168614676538,268.077335586589
89,"208_fs2-00004.jpg",472.8327583936,267.477986443784
90,"208_fs2-00004.jpg",472.492962785271,266.882568353645
91,"208_fs2-00004.jpg",472.148758626317,266.291320091918
92,"208_fs2-00004.jpg",471.799676691509,265.704480434349
93,"208_fs2-00004.jpg",471.445247755615,265.122288156683
94,"208_fs2-00004.jpg",471.085002593403,264.544982034666
95,"208_fs2-00004.jpg",470.718471979643,263.972800844043
96,"208_fs2-00004.jpg",470.345186689102,263.40598336056
97,"208_fs2-00004.jpg",469.964677496551,262.844768359963
98,"208_fs2-00004.jpg",469.576475176757,262.289394617996
99,"208_fs2-00004.jpg",469.18011050449,261.740100910407
100,"208_fs2-00004.jpg",468.775114254517,261.19712601294
101,"208_fs2-00004.jpg",468.361017201608,260.660708701341
102,"208_fs2-00004.jpg",467.937350120532,260.131087751356
103,"208_fs2-00004.jpg",467.503643786057,259.60850193873
104,"208_fs2-00004.jpg",467.059428972952,259.093190039209
105,"208_fs2-00004.jpg",466.601897516935,258.585414105696
106,"208_fs2-00004.jpg",466.121948434762,258.085777041044
107,"208_fs2-00004.jpg",465.619925039837,257.595140378569
108,"208_fs2-00004.jpg",465.097211769353,257.114372091056
109,"208_fs2-00004.jpg",464.555193060504,256.644340151289
110,"208_fs2-00004.jpg",463.995253350485,256.185912532054
111,"208_fs2-00004.jpg",463.418777076489,255.739957206134
112,"208_fs2-00004.jpg",462.82714867571,255.307342146315
113,"208_fs2-00004.jpg",462.221752585344,254.888935325381
114,"208_fs2-00004.jpg",461.603973242583,254.485604716117
115,"208_fs2-00004.jpg",460.975195084622,254.098218291307
116,"208_fs2-00004.jpg",460.336802548654,253.727644023736
117,"208_fs2-00004.jpg",459.690180071875,253.374749886188
118,"208_fs2-00004.jpg",459.036712091478,253.040403851449
119,"208_fs2-00004.jpg",458.377783044657,252.725473892302
120,"208_fs2-00004.jpg",457.714777368606,252.430827981533
121,"208_fs2-00004.jpg",457.049079500519,252.157334091925
122,"208_fs2-00004.jpg",456.382073877591,251.905860196265
123,"208_fs2-00004.jpg",455.715144937016,251.677274267335
124,"208_fs2-00004.jpg",455.049677115987,251.472444277922
125,"208_fs2-00004.jpg",454.387054851698,251.292238200809
126,"208_fs2-00004.jpg",453.728662581345,251.137524008781
127,"208_fs2-00004.jpg",453.07588474212,251.009169674623
128,"208_fs2-00004.jpg",452.430105771218,250.908043171119
129,"208_fs2-00004.jpg",451.792710105833,250.835012471054
130,"208_fs2-00004.jpg",451.165082183159,250.790945547213
131,"208_fs2-00004.jpg",450.548192191849,250.776709089874
132,"208_fs2-00004.jpg",449.924746332184,250.792743104779
133,"208_fs2-00004.jpg",449.28644782069,250.83844523861
134,"208_fs2-00004.jpg",448.635242954529,250.913056939595
135,"208_fs2-00004.jpg",447.973078030866,251.015819655962
136,"208_fs2-00004.jpg",447.301899346864,251.145974835937
137,"208_fs2-00004.jpg",446.623653199687,251.302763927749
138,"208_fs2-00004.jpg",445.940285886498,251.485428379624
139,"208_fs2-00004.jpg",445.253743704462,251.69320963979
140,"208_fs2-00004.jpg",444.565972950742,251.925349156474
141,"208_fs2-00004.jpg",443.878919922501,252.181088377905
142,"208_fs2-00004.jpg",443.194530916903,252.459668752309
143,"208_fs2-00004.jpg",442.514752231112,252.760331727913
144,"208_fs2-00004.jpg",441.841530162292,253.082318752946
145,"208_fs2-00004.jpg",441.176811007606,253.424871275635
146,"208_fs2-00004.jpg",440.522541064219,253.787230744206
147,"208_fs2-00004.jpg",439.880666629292,254.168638606888
148,"208_fs2-00004.jpg",439.253133999992,254.568336311908
149,"208_fs2-00004.jpg",438.64188947348,254.985565307493
150,"208_fs2-00004.jpg",438.04887934692,255.41956704187
151,"208_fs2-00004.jpg",437.476049917478,255.869582963268
152,"208_fs2-00004.jpg",436.925347482315,256.334854519914
153,"208_fs2-00004.jpg",436.398718338596,256.814623160034
154,"208_fs2-00004.jpg",435.898108783484,257.308130331857
155,"208_fs2-00004.jpg",435.425465114143,257.814617483609
156,"208_fs2-00004.jpg",434.982733627737,258.333326063519
157,"208_fs2-00004.jpg",434.57186062143,258.863497519814
158,"208_fs2-00004.jpg",434.190362866009,259.40438733031
159,"208_fs2-00004.jpg",433.821729238943,259.955451446186
160,"208_fs2-00004.jpg",433.463875245342,260.516295448248
161,"208_fs2-00004.jpg",433.116442950952,261.086528504602
162,"208_fs2-00004.jpg",432.779074421523,261.665759783354
163,"208_fs2-00004.jpg",432.451411722803,262.25359845261
164,"208_fs2-00004.jpg",432.133096920538,262.849653680476
165,"208_fs2-00004.jpg",431.823772080478,263.453534635057
166,"208_fs2-00004.jpg",431.523079268371,264.064850484461
167,"208_fs2-00004.jpg",431.230660549964,264.683210396792
168,"208_fs2-00004.jpg",430.946157991005,265.308223540156
169,"208_fs2-00004.jpg",430.669213657242,265.939499082661
170,"208_fs2-00004.jpg",430.399469614424,266.57664619241
171,"208_fs2-00004.jpg",430.136567928298,267.219274037512
172,"208_fs2-00004.jpg",429.880150664613,267.866991786071
173,"208_fs2-00004.jpg",429.629859889115,268.519408606194
174,"208_fs2-00004.jpg",429.385337667554,269.176133665986
175,"208_fs2-00004.jpg",429.146226065678,269.836776133554
176,"208_fs2-00004.jpg",428.912167149233,270.500945177003
177,"208_fs2-00004.jpg",428.682802983969,271.168249964439
178,"208_fs2-00004.jpg",428.457775635633,271.838299663969
179,"208_fs2-00004.jpg",428.236727169973,272.510703443698
180,"208_fs2-00004.jpg",428.019299652738,273.185070471733
181,"208_fs2-00004.jpg",427.805135149674,273.861009916179
182,"208_fs2-00004.jpg",427.594031877527,274.538130945142
183,"208_fs2-00004.jpg",427.386281406691,275.216042726728
184,"208_fs2-00004.jpg",427.182035731116,275.894354429044
185,"208_fs2-00004.jpg",426.981432462105,276.572675220194
186,"208_fs2-00004.jpg",426.784609210963,277.250614268286
187,"208_fs2-00004.jpg",426.591703588991,277.927780741425
188,"208_fs2-00004.jpg",426.402853207492,278.603783807717
189,"208_fs2-00004.jpg",426.218195677771,279.278232635268
190,"208_fs2-00004.jpg",426.03786861113,279.950736392184
191,"208_fs2-00004.jpg",425.862009618872,280.620904246572
192,"208_fs2-00004.jpg",425.690756312301,281.288345366536
193,"208_fs2-00004.jpg",425.524246302719,281.952668920183
194,"208_fs2-00004.jpg",425.36261720143,282.613484075619
195,"208_fs2-00004.jpg",425.206006619736,283.270400000949
196,"208_fs2-00004.jpg",425.054552168942,283.923025864281
197,"208_fs2-00004.jpg",424.90839146035,284.570970833719
198,"208_fs2-00004.jpg",424.767662105263,285.213844077371
199,"208_fs2-00004.jpg",424.632501714984,285.851254763341
200,"208_fs2-00004.jpg",424.503047900817,286.482812059735
1,"208_fs2-00005.jpg",512.833,322.833
2,"208_fs2-00005.jpg",512.281951667487,322.426897019099
3,"208_fs2-00005.jpg",511.732655617328,322.023980845557
4,"208_fs2-00005.jpg",511.185115284099,321.624076636532
5,"208_fs2-00005.jpg",510.639334102378,321.22700954918
6,"208_fs2-00005.jpg",510.095315506741,320.832604740658
7,"208_fs2-00005.jpg",509.553062931768,320.440687368123
8,"208_fs2-00005.jpg",509.012579812033,320.051082588731
9,"208_fs2-00005.jpg",508.473869582116,319.663615559641
10,"208_fs2-00005.jpg",507.936935676594,319.278111438008
11,"208_fs2-00005.jpg",507.401781530042,318.89439538099
12,"208_fs2-00005.jpg",506.86841057704,318.512292545744
13,"208_fs2-00005.jpg",506.336826252164,318.131628089426
14,"208_fs2-00005.jpg",505.807031989992,317.752227169193
15,"208_fs2-00005.jpg",505.279031225101,317.373914942202
16,"208_fs2-00005.jpg",504.752827392068,316.996516565611
17,"208_fs2-00005.jpg",504.228423925471,316.619857196575
18,"208_fs2-00005.jpg",503.705824259887,316.243761992252
19,"208_fs2-00005.jpg",503.185031829893,315.868056109799
20,"208_fs2-00005.jpg",502.666050070066,315.492564706373
21,"208_fs2-00005.jpg",502.148882414985,315.11711293913
22,"208_fs2-00005.jpg",501.633532299226,314.741525965228
23,"208_fs2-00005.jpg",501.120003157366,314.365628941824
24,"208_fs2-00005.jpg",500.608298423984,313.989247026073
25,"208_fs2-00005.jpg",500.098421533655,313.612205375134
26,"208_fs2-00005.jpg",499.590375920958,313.234329146163
27,"208_fs2-00005.jpg",499.08416502047,312.855443496316
28,"208_fs2-00005.jpg",498.579792266769,312.475373582752
29,"208_fs2-00005.jpg",498.07726109443,312.093944562626
30,"208_fs2-00005.jpg",497.576574938033,311.710981593096
31,"208_fs2-00005.jpg",497.077737232154,311.326309831319
32,"208_fs2-00005.jpg",496.580751411371,310.939754434451
33,"208_fs2-00005.jpg",496.08562091026,310.55114055965
34,"208_fs2-00005.jpg",495.590588078005,310.160293364071
35,"208_fs2-00005.jpg",495.088513039336,309.767038004873
36,"208_fs2-00005.jpg",494.579550829468,309.371199639212
37,"208_fs2-00005.jpg",494.064757101806,308.972603424245
38,"208_fs2-00005.jpg",493.545187509751,308.571074517129
39,"208_fs2-00005.jpg",493.021897706707,308.166438075021
40,"208_fs2-00005.jpg",492.495943346076,307.758519255077
41,"208_fs2-00005.jpg",491.968380081263,307.347143214455
42,"208_fs2-00005.jpg",491.440263565669,306.932135110311
43,"208_fs2-00005.jpg",490.912649452697,306.513320099803
44,"208_fs2-00005.jpg",490.386593395751,306.090523340086
45,"208_fs2-00005.jpg",489.863151048233,305.663569988319
46,"208_fs2-00005.jpg",489.343378063547,305.232285201658
47,"208_fs2-00005.jpg",488.828330095095,304.79649413726
48,"208_fs2-00005.jpg",488.319062796281,304.356021952282
49,"208_fs2-00005.jpg",487.816631820506,303.910693803881
50,"208_fs2-00005.jpg",487.322092821175,303.460334849213
51,"208_fs2-00005.jpg",486.83650145169,303.004770245436
52,"208_fs2-00005.jpg",486.360913365454,302.543825149706
53,"208_fs2-00005.jpg",485.89638421587,302.077324719181
54,"208_fs2-00005.jpg",485.443969656341,301.605094111017
55,"208_fs2-00005.jpg",485.00472534027,301.126958482371
56,"208_fs2-00005.jpg",484.57970692106,300.6427429904
57,"208_fs2-00005.jpg",484.169970052114,300.15227279226
58,"208_fs2-00005.jpg",483.776570386834,299.65537304511
59,"208_fs2-00005.jpg",483.400563578624,299.151868906106
60,"208_fs2-00005.jpg",483.043005280887,298.641585532404
61,"208_fs2-00005.jpg",482.704951147025,298.124348081161
62,"208_fs2-00005.jpg",482.387456830442,297.599981709536
63,"208_fs2-00005.jpg",482.090913028519,297.068313332379
64,"208_fs2-00005.jpg",481.805186363362,296.529311826888
65,"208_fs2-00005.jpg",481.526368292329,295.983190146975
66,"208_fs2-00005.jpg",481.254252870642,295.430185326727
67,"208_fs2-00005.jpg",480.988634153519,294.870534400235
68,"208_fs2-00005.jpg",480.729306196183,294.304474401586
69,"208_fs2-00005.jpg",480.476063053852,293.73224236487
70,"208_fs2-00005.jpg",480.228698781749,293.154075324177
71,"208_fs2-00005.jpg",479.987007435094,292.570210313596
72,"208_fs2-00005.jpg",479.750783069106,291.980884367214
73,"208_fs2-00005.jpg",479.519819739007,291.386334519123
74,"208_fs2-00005.jpg",479.293911500018,290.78679780341
75,"208_fs2-00005.jpg",479.072852407358,290.182511254165
76,"208_fs2-00005.jpg",478.856436516249,289.573711905477
77,"208_fs2-00005.jpg",478.64445788191,288.960636791435
78,"208_fs2-00005.jpg",478.436710559563,288.343522946128
79,"208_fs2-00005.jpg",478.232988604429,287.722607403645
80,"208_fs2-00005.jpg",478.033086071726,287.098127198076
81,"208_fs2-00005.jpg",477.836797016677,286.470319363509
82,"208_fs2-00005.jpg",477.643915494502,285.839420934034
83,"208_fs2-00005.jpg",477.454235560421,285.20566894374
84,"208_fs2-00005.jpg",477.267551269655,284.569300426716
85,"208_fs2-00005.jpg",477.083656677424,283.93055241705
86,"208_fs2-00005.jpg",476.90234583895,283.289661948833
87,"208_fs2-00005.jpg",476.723412809452,282.646866056152
88,"208_fs2-00005.jpg",476.546651644151,282.002401773099
89,"208_fs2-00005.jpg",476.371856398268,281.35650613376
90,"208_fs2-00005.jpg",476.198821127023,280.709416172226
91,"208_fs2-00005.jpg",476.027339885637,280.061368922586
92,"208_fs2-00005.jpg",475.85720672933,279.412601418928
93,"208_fs2-00005.jpg",475.688215713323,278.763350695342
94,"208_fs2-00005.jpg",475.520160892837,278.113853785918
95,"208_fs2-00005.jpg",475.352836323092,277.464347724743
96,"208_fs2-00005.jpg",475.186036059309,276.815069545908
97,"208_fs2-00005.jpg",475.019554156708,276.1662562835
98,"208_fs2-00005.jpg",474.855162636919,275.518135721128
99,"208_fs2-00005.jpg",474.698913322637,274.870825923681
100,"208_fs2-00005.jpg",474.550491258381,274.224373119781
101,"208_fs2-00005.jpg",474.409049666249,273.578822292707
102,"208_fs2-00005.jpg",474.273741768342,272.934218425743
103,"208_fs2-00005.jpg",474.143720786759,272.290606502167
104,"208_fs2-00005.jpg",474.018139943601,271.64803150526
105,"208_fs2-00005.jpg",473.896152460967,271.006538418305
106,"208_fs2-00005.jpg",473.776911560957,270.36617222458
107,"208_fs2-00005.jpg",473.659570465671,269.726977907368
108,"208_fs2-00005.jpg",473.543282397208,269.089000449948
109,"208_fs2-00005.jpg",473.42720057767,268.452284835603
110,"208_fs2-00005.jpg",473.310478229155,267.816876047611
111,"208_fs2-00005.jpg",473.192268573763,267.182819069255
112,"208_fs2-00005.jpg",473.071724833594,266.550158883814
113,"208_fs2-00005.jpg",472.948000230749,265.91894047457
114,"208_fs2-00005.jpg",472.820247987326,265.289208824804
115,"208_fs2-00005.jpg",472.687621325426,264.661008917796
116,"208_fs2-00005.jpg",472.549273467149,264.034385736826
117,"208_fs2-00005.jpg",472.404357634594,263.409384265177
118,"208_fs2-00005.jpg",472.252027049862,262.786049486128
119,"208_fs2-00005.jpg",472.091434935052,262.16442638296
120,"208_fs2-00005.jpg",471.921734512264,261.544559938955
121,"208_fs2-00005.jpg",471.742079003598,260.926495137392
122,"208_fs2-00005.jpg",471.551621631153,260.310276961553
123,"208_fs2-00005.jpg",471.349510409122,259.69595039803
124,"208_fs2-00005.jpg",471.13030303606,259.08365592075
125,"208_fs2-00005.jpg",470.890227566859,258.473879257888
126,"208_fs2-00005.jpg",470.630040206516,257.867184143526
127,"208_fs2-00005.jpg",470.350497160026,257.264134311746
128,"208_fs2-00005.jpg",470.052354632389,256.665293496631
129,"208_fs2-00005.jpg",469.7363688286,256.071225432264
130,"208_fs2-00005.jpg",469.403295953657,255.482493852725
131,"208_fs2-00005.jpg",469.053892212557,254.899662492098
132,"208_fs2-00005.jpg",468.688913810297,254.323295084464
133,"208_fs2-00005.jpg",468.309116951874,253.753955363907
134,"208_fs2-00005.jpg",467.915257842286,253.192207064508
135,"208_fs2-00005.jpg",467.508092686529,252.638613920349
136,"208_fs2-00005.jpg",467.0883776896,252.093739665513
137,"208_fs2-00005.jpg",466.656869056498,251.558148034081
138,"208_fs2-00005.jpg",466.214322992218,251.032402760138
139,"208_fs2-00005.jpg",465.761495701759,250.517067577763
140,"208_fs2-00005.jpg",465.299143390116,250.01270622104
141,"208_fs2-00005.jpg",464.828022262288,249.519882424051
142,"208_fs2-00005.jpg",464.348888523271,249.039159920878
143,"208_fs2-00005.jpg",463.862498378063,248.571102445604
144,"208_fs2-00005.jpg",463.36960803166,248.11627373231
145,"208_fs2-00005.jpg",462.870973689061,247.67523751508
146,"208_fs2-00005.jpg",462.367351555261,247.248557527994
147,"208_fs2-00005.jpg",461.859497835258,246.836797505136
148,"208_fs2-00005.jpg",461.348168734049,246.440521180588
149,"208_fs2-00005.jpg",460.834120456632,246.060292288431
150,"208_fs2-00005.jpg",460.318109208003,245.696674562749
151,"208_fs2-00005.jpg",459.80089119316,245.350231737622
152,"208_fs2-00005.jpg",459.283222617099,245.021527547135
153,"208_fs2-00005.jpg",458.765859684819,244.711125725369
154,"208_fs2-00005.jpg",458.249558601315,244.419590006405
155,"208_fs2-00005.jpg",457.72418311876,244.147409474128
156,"208_fs2-00005.jpg",457.174627547359,243.894655407411
157,"208_fs2-00005.jpg",456.602570007339,243.661253809746
158,"208_fs2-00005.jpg",456.009861296458,243.447130538526
159,"208_fs2-00005.jpg",455.398352212477,243.252211451149
160,"208_fs2-00005.jpg",454.769893553152,243.07642240501
161,"208_fs2-00005.jpg",454.126336116244,242.919689257504
162,"208_fs2-00005.jpg",453.469530699511,242.781937866028
163,"208_fs2-00005.jpg",452.801328100713,242.663094087978
164,"208_fs2-00005.jpg",452.123579117607,242.563083780748
165,"208_fs2-00005.jpg",451.438134547953,242.481832801735
166,"208_fs2-00005.jpg",450.746845189511,242.419267008335
167,"208_fs2-00005.jpg",450.051561840038,242.375312257944
168,"208_fs2-00005.jpg",449.354135297293,242.349894407956
169,"208_fs2-00005.jpg",448.656416359036,242.342939315769
170,"208_fs2-00005.jpg",447.960255823026,242.354372838777
171,"208_fs2-00005.jpg",447.267504487021,242.384120834377
172,"208_fs2-00005.jpg",446.58001314878,242.432109159964
173,"208_fs2-00005.jpg",445.899632606062,242.498263672934
174,"208_fs2-00005.jpg",445.228213656626,242.582510230683
175,"208_fs2-00005.jpg",444.56760709823,242.684774690607
176,"208_fs2-00005.jpg",443.919663728635,242.804982910101
177,"208_fs2-00005.jpg",443.286234345598,242.943060746562
178,"208_fs2-00005.jpg",442.669169746879,243.098934057384
179,"208_fs2-00005.jpg",442.070320730236,243.272528699964
180,"208_fs2-00005.jpg",441.486067362924,243.463770531698
181,"208_fs2-00005.jpg",440.906576986078,243.672585409981
182,"208_fs2-00005.jpg",440.331605703485,243.898899192209
183,"208_fs2-00005.jpg",439.761177050422,244.142637735777
184,"208_fs2-00005.jpg",439.195314562165,244.403726898083
185,"208_fs2-00005.jpg",438.634041773988,244.682092536521
186,"208_fs2-00005.jpg",438.077382221169,244.977660508487
187,"208_fs2-00005.jpg",437.525359438983,245.290356671377
188,"208_fs2-00005.jpg",436.977996962706,245.620106882587
189,"208_fs2-00005.jpg",436.435318327615,245.966836999512
190,"208_fs2-00005.jpg",435.897347068984,246.330472879548
191,"208_fs2-00005.jpg",435.364106722089,246.710940380092
192,"208_fs2-00005.jpg",434.835620822208,247.108165358539
193,"208_fs2-00005.jpg",434.311912904614,247.522073672284
194,"208_fs2-00005.jpg",433.793006504586,247.952591178723
195,"208_fs2-00005.jpg",433.278925157398,248.399643735253
196,"208_fs2-00005.jpg",432.769692398325,248.863157199269
197,"208_fs2-00005.jpg",432.265331762646,249.343057428166
198,"208_fs2-00005.jpg",431.765866785634,249.839270279341
199,"208_fs2-00005.jpg",431.271321002566,250.351721610189
200,"208_fs2-00005.jpg",430.781717948718,250.880337278107
1,"208_fs2-00006.jpg",516.167,327.833
2,"208_fs2-00006.jpg",515.565869747343,327.44921348861
3,"208_fs2-00006.jpg",514.966285845437,327.072746036021
4,"208_fs2-00006.jpg",514.36824435416,326.703337005353
5,"208_fs2-00006.jpg",513.771741333388,326.340725759725
6,"208_fs2-00006.jpg",513.176772842998,325.984651662256
7,"208_fs2-00006.jpg",512.583334942868,325.634854076064
8,"208_fs2-00006.jpg",511.991423692876,325.291072364268
9,"208_fs2-00006.jpg",511.401035152897,324.953045889987
10,"208_fs2-00006.jpg",510.812165382809,324.62051401634
11,"208_fs2-00006.jpg",510.22481044249,324.293216106446
12,"208_fs2-00006.jpg",509.638966391817,323.970891523424
13,"208_fs2-00006.jpg",509.054629290666,323.653279630392
14,"208_fs2-00006.jpg",508.471795198915,323.340119790469
15,"208_fs2-00006.jpg",507.890460176442,323.031151366774
16,"208_fs2-00006.jpg",507.310620283123,322.726113722427
17,"208_fs2-00006.jpg",506.732271578835,322.424746220545
18,"208_fs2-00006.jpg",506.155410123455,322.126788224248
19,"208_fs2-00006.jpg",505.580031976862,321.831979096654
20,"208_fs2-00006.jpg",505.006133198932,321.540058200882
21,"208_fs2-00006.jpg",504.433709849541,321.250764900052
22,"208_fs2-00006.jpg",503.862757988569,320.963838557282
23,"208_fs2-00006.jpg",503.29327367589,320.679018535691
24,"208_fs2-00006.jpg",502.725252971383,320.396044198397
25,"208_fs2-00006.jpg",502.158691934925,320.11465490852
26,"208_fs2-00006.jpg",501.593586626394,319.834590029178
27,"208_fs2-00006.jpg",501.029933105665,319.555588923491
28,"208_fs2-00006.jpg",500.467727432617,319.277390954576
29,"208_fs2-00006.jpg",499.906965667126,318.999735485554
30,"208_fs2-00006.jpg",499.34764386907,318.722361879542
31,"208_fs2-00006.jpg",498.789758098325,318.44500949966
32,"208_fs2-00006.jpg",498.23330441477,318.167417709027
33,"208_fs2-00006.jpg",497.678278878281,317.88932587076
34,"208_fs2-00006.jpg",497.124677548736,317.61047334798
35,"208_fs2-00006.jpg",496.572496486011,317.330599503805
36,"208_fs2-00006.jpg",496.021731749983,317.049443701354
37,"208_fs2-00006.jpg",495.472379400531,316.766745303745
38,"208_fs2-00006.jpg",494.924435497531,316.482243674098
39,"208_fs2-00006.jpg",494.37789610086,316.195678175531
40,"208_fs2-00006.jpg",493.832757270395,315.906788171164
41,"208_fs2-00006.jpg",493.289015066014,315.615313024114
42,"208_fs2-00006.jpg",492.746665547594,315.320992097502
43,"208_fs2-00006.jpg",492.203009499032,315.023564754445
44,"208_fs2-00006.jpg",491.648497081339,314.722770358062
45,"208_fs2-00006.jpg",491.08348628715,314.418348271473
46,"208_fs2-00006.jpg",490.509340563184,314.110037857797
47,"208_fs2-00006.jpg",489.927423356159,313.797578480151
48,"208_fs2-00006.jpg",489.339098112793,313.480709501656
49,"208_fs2-00006.jpg",488.745728279804,313.159170285429
50,"208_fs2-00006.jpg",488.148677303911,312.832700194589
51,"208_fs2-00006.jpg",487.549308631832,312.501038592257
52,"208_fs2-00006.jpg",486.948985710286,312.163924841549
53,"208_fs2-00006.jpg",486.34907198599,311.821098305586
54,"208_fs2-00006.jpg",485.750930905663,311.472298347486
55,"208_fs2-00006.jpg",485.155925916023,311.117264330368
56,"208_fs2-00006.jpg",484.565420463789,310.75573561735
57,"208_fs2-00006.jpg",483.980777995679,310.387451571552
58,"208_fs2-00006.jpg",483.403361958411,310.012151556092
59,"208_fs2-00006.jpg",482.834535798704,309.629574934089
60,"208_fs2-00006.jpg",482.275662963275,309.239461068663
61,"208_fs2-00006.jpg",481.728106898843,308.841549322931
62,"208_fs2-00006.jpg",481.193231052127,308.435579060014
63,"208_fs2-00006.jpg",480.672398869845,308.021289643028
64,"208_fs2-00006.jpg",480.166973798714,307.598420435094
65,"208_fs2-00006.jpg",479.678319285454,307.166710799331
66,"208_fs2-00006.jpg",479.207798776782,306.725900098856
67,"208_fs2-00006.jpg",478.756775719417,306.27572769679
68,"208_fs2-00006.jpg",478.326613560078,305.81593295625
69,"208_fs2-00006.jpg",477.918675745482,305.346255240356
70,"208_fs2-00006.jpg",477.534325722348,304.866433912227
71,"208_fs2-00006.jpg",477.174926937394,304.376208334981
72,"208_fs2-00006.jpg",476.841842837338,303.875317871737
73,"208_fs2-00006.jpg",476.536436868899,303.363501885614
74,"208_fs2-00006.jpg",476.259580505247,302.840500777326
75,"208_fs2-00006.jpg",475.996379870243,302.306269127158
76,"208_fs2-00006.jpg",475.739311085929,301.761236565444
77,"208_fs2-00006.jpg",475.488373271505,301.205896566206
78,"208_fs2-00006.jpg",475.243565546173,300.64074260347
79,"208_fs2-00006.jpg",475.004887029135,300.066268151257
80,"208_fs2-00006.jpg",474.772336839591,299.482966683593
81,"208_fs2-00006.jpg",474.545914096744,298.891331674499
82,"208_fs2-00006.jpg",474.325617919796,298.291856598001
83,"208_fs2-00006.jpg",474.111447427946,297.685034928121
84,"208_fs2-00006.jpg",473.903401740397,297.071360138883
85,"208_fs2-00006.jpg",473.701479976351,296.45132570431
86,"208_fs2-00006.jpg",473.505681255008,295.825425098426
87,"208_fs2-00006.jpg",473.316004695571,295.194151795255
88,"208_fs2-00006.jpg",473.132449417241,294.557999268821
89,"208_fs2-00006.jpg",472.955014539218,293.917460993145
90,"208_fs2-00006.jpg",472.783699180706,293.273030442253
91,"208_fs2-00006.jpg",472.618502460904,292.625201090168
92,"208_fs2-00006.jpg",472.459423499015,291.974466410913
93,"208_fs2-00006.jpg",472.30646141424,291.321319878512
94,"208_fs2-00006.jpg",472.159615325781,290.666254966989
95,"208_fs2-00006.jpg",472.018884352838,290.009765150366
96,"208_fs2-00006.jpg",471.884267614614,289.352343902668
97,"208_fs2-00006.jpg",471.75576423031,288.694484697919
98,"208_fs2-00006.jpg",471.633373319128,288.03668101014
99,"208_fs2-00006.jpg",471.517094000268,287.379426313357
100,"208_fs2-00006.jpg",471.406925392933,286.723214081593
101,"208_fs2-00006.jpg",471.302866616323,286.068537788871
102,"208_fs2-00006.jpg",471.204756812662,285.415865351782
103,"208_fs2-00006.jpg",471.111820315772,284.765300930785
104,"208_fs2-00006.jpg",471.023662859695,284.116677912497
105,"208_fs2-00006.jpg",470.93994562987,283.469823232055
106,"208_fs2-00006.jpg",470.860329811733,282.824563824594
107,"208_fs2-00006.jpg",470.784476590723,282.18072662525
108,"208_fs2-00006.jpg",470.712047152276,281.538138569157
109,"208_fs2-00006.jpg",470.642702681829,280.896626591452
110,"208_fs2-00006.jpg",470.576104364821,280.25601762727
111,"208_fs2-00006.jpg",470.511913386689,279.616138611746
112,"208_fs2-00006.jpg",470.44979093287,278.976816480017
113,"208_fs2-00006.jpg",470.389398188801,278.337878167217
114,"208_fs2-00006.jpg",470.330396339921,277.699150608481
115,"208_fs2-00006.jpg",470.272446571665,277.060460738946
116,"208_fs2-00006.jpg",470.215210069473,276.421635493748
117,"208_fs2-00006.jpg",470.15834801878,275.78250180802
118,"208_fs2-00006.jpg",470.101521605025,275.1428866169
119,"208_fs2-00006.jpg",470.044392013645,274.502616855522
120,"208_fs2-00006.jpg",469.986620430078,273.861519459022
121,"208_fs2-00006.jpg",469.92786803976,273.219421362536
122,"208_fs2-00006.jpg",469.867796028129,272.576149501198
123,"208_fs2-00006.jpg",469.806065580623,271.931530810145
124,"208_fs2-00006.jpg",469.742337882679,271.285392224512
125,"208_fs2-00006.jpg",469.676274119734,270.637560679435
126,"208_fs2-00006.jpg",469.607535477226,269.987863110048
127,"208_fs2-00006.jpg",469.535783140593,269.336126451488
128,"208_fs2-00006.jpg",469.460678319193,268.682177638892
129,"208_fs2-00006.jpg",469.38516867653,268.025945095573
130,"208_fs2-00006.jpg",469.312078641267,267.367759927257
131,"208_fs2-00006.jpg",469.24093767473,266.708053099282
132,"208_fs2-00006.jpg",469.171275238248,266.047255576983
133,"208_fs2-00006.jpg",469.102620793146,265.385798325695
134,"208_fs2-00006.jpg",469.034503800753,264.724112310757
135,"208_fs2-00006.jpg",468.966453722394,264.062628497502
136,"208_fs2-00006.jpg",468.898000019399,263.401777851267
137,"208_fs2-00006.jpg",468.828672153093,262.741991337388
138,"208_fs2-00006.jpg",468.757999584805,262.083699921202
139,"208_fs2-00006.jpg",468.68551177586,261.427334568043
140,"208_fs2-00006.jpg",468.610738187587,260.773326243249
141,"208_fs2-00006.jpg",468.533208281312,260.122105912155
142,"208_fs2-00006.jpg",468.452451518362,259.474104540097
143,"208_fs2-00006.jpg",468.367997360066,258.829753092411
144,"208_fs2-00006.jpg",468.279375267749,258.189482534433
145,"208_fs2-00006.jpg",468.18611470274,257.553723831499
146,"208_fs2-00006.jpg",468.087745126364,256.922907948945
147,"208_fs2-00006.jpg",467.983795999951,256.297465852107
148,"208_fs2-00006.jpg",467.873796784826,255.677828506322
149,"208_fs2-00006.jpg",467.757276942316,255.064426876924
150,"208_fs2-00006.jpg",467.63376593375,254.45769192925
151,"208_fs2-00006.jpg",467.502793220454,253.858054628637
152,"208_fs2-00006.jpg",467.363888263755,253.265945940419
153,"208_fs2-00006.jpg",467.211841569862,252.681784330382
154,"208_fs2-00006.jpg",467.022797457902,252.105746174076
155,"208_fs2-00006.jpg",466.79555915244,251.537788577707
156,"208_fs2-00006.jpg",466.532528468883,250.977860726132
157,"208_fs2-00006.jpg",466.236107222637,250.42591180421
158,"208_fs2-00006.jpg",465.90869722911,249.881890996802
159,"208_fs2-00006.jpg",465.552700303709,249.345747488765
160,"208_fs2-00006.jpg",465.17051826184,248.817430464958
161,"208_fs2-00006.jpg",464.764552918912,248.296889110241
162,"208_fs2-00006.jpg",464.33720609033,247.784072609473
163,"208_fs2-00006.jpg",463.890879591501,247.278930147512
164,"208_fs2-00006.jpg",463.427975237834,246.781410909218
165,"208_fs2-00006.jpg",462.950894844735,246.29146407945
166,"208_fs2-00006.jpg",462.462040227611,245.809038843066
167,"208_fs2-00006.jpg",461.963813201868,245.334084384926
168,"208_fs2-00006.jpg",461.458615582915,244.866549889888
169,"208_fs2-00006.jpg",460.948849186158,244.406384542812
170,"208_fs2-00006.jpg",460.436915827004,243.953537528556
171,"208_fs2-00006.jpg",459.92521732086,243.50795803198
172,"208_fs2-00006.jpg",459.416155483134,243.069595237943
173,"208_fs2-00006.jpg",458.912132129231,242.638398331303
174,"208_fs2-00006.jpg",458.41554907456,242.214316496919
175,"208_fs2-00006.jpg",457.928808134528,241.797298919651
176,"208_fs2-00006.jpg",457.450492976696,241.387294784357
177,"208_fs2-00006.jpg",456.966534815275,240.984253275897
178,"208_fs2-00006.jpg",456.475435706469,240.58812357913
179,"208_fs2-00006.jpg",455.977279350458,240.198854878914
180,"208_fs2-00006.jpg",455.472149447424,239.816396360108
181,"208_fs2-00006.jpg",454.960129697546,239.440697207571
182,"208_fs2-00006.jpg",454.441303801006,239.071706606164
183,"208_fs2-00006.jpg",453.915755457985,238.709373740743
184,"208_fs2-00006.jpg",453.383568368663,238.353647796169
185,"208_fs2-00006.jpg",452.84482623322,238.0044779573
186,"208_fs2-00006.jpg",452.299612751839,237.661813408996
187,"208_fs2-00006.jpg",451.748011624698,237.325603336115
188,"208_fs2-00006.jpg",451.19010655198,236.995796923517
189,"208_fs2-00006.jpg",450.625981233865,236.67234335606
190,"208_fs2-00006.jpg",450.055719370533,236.355191818603
191,"208_fs2-00006.jpg",449.479404662166,236.044291496005
192,"208_fs2-00006.jpg",448.897120808944,235.739591573126
193,"208_fs2-00006.jpg",448.308951511048,235.441041234824
194,"208_fs2-00006.jpg",447.714980468658,235.148589665959
195,"208_fs2-00006.jpg",447.115291381956,234.862186051389
196,"208_fs2-00006.jpg",446.509967951122,234.581779575973
197,"208_fs2-00006.jpg",445.899093876337,234.30731942457
198,"208_fs2-00006.jpg",445.282752857781,234.03875478204
199,"208_fs2-00006.jpg",444.661028595636,233.776034833241
200,"208_fs2-00006.jpg",444.034004790082,233.519108763032
1,"208_fs2-00007.jpg",525.5,329.833
2,"208_fs2-00007.jpg",524.92724501524,329.462366918236
3,"208_fs2-00007.jpg",524.354511562717,329.100265551564
4,"208_fs2-00007.jpg",523.781799812368,328.746388386802
5,"208_fs2-00007.jpg",523.209109934129,328.40042791077
6,"208_fs2-00007.jpg",522.636442097939,328.062076610284
7,"208_fs2-00007.jpg",522.063796473734,327.731026972164
8,"208_fs2-00007.jpg",521.491173231451,327.406971483227
9,"208_fs2-00007.jpg",520.918572541028,327.089602630293
10,"208_fs2-00007.jpg",520.345994572401,326.778612900179
11,"208_fs2-00007.jpg",519.773439495508,326.473694779703
12,"208_fs2-00007.jpg",519.200907480287,326.174540755685
13,"208_fs2-00007.jpg",518.628398696673,325.880843314942
14,"208_fs2-00007.jpg",518.055913314605,325.592294944294
15,"208_fs2-00007.jpg",517.48345150402,325.308588130556
16,"208_fs2-00007.jpg",516.911013434854,325.02941536055
17,"208_fs2-00007.jpg",516.338599277045,324.754469121092
18,"208_fs2-00007.jpg",515.76620920053,324.483441899001
19,"208_fs2-00007.jpg",515.193843375246,324.216026181096
20,"208_fs2-00007.jpg",514.62150197113,323.951914454194
21,"208_fs2-00007.jpg",514.04918515812,323.690799205115
22,"208_fs2-00007.jpg",513.476893106153,323.432372920675
23,"208_fs2-00007.jpg",512.904625985166,323.176328087695
24,"208_fs2-00007.jpg",512.332383965095,322.922357192991
25,"208_fs2-00007.jpg",511.760167215879,322.670152723383
26,"208_fs2-00007.jpg",511.187975907454,322.419407165689
27,"208_fs2-00007.jpg",510.615810209758,322.169813006726
28,"208_fs2-00007.jpg",510.043670292727,321.921062733314
29,"208_fs2-00007.jpg",509.468862323738,321.672848832271
30,"208_fs2-00007.jpg",508.887957954497,321.424863790414
31,"208_fs2-00007.jpg",508.301548674785,321.176800094563
32,"208_fs2-00007.jpg",507.710254064916,320.928350231536
33,"208_fs2-00007.jpg",507.114693705206,320.679206688151
34,"208_fs2-00007.jpg",506.515487175972,320.429061951226
35,"208_fs2-00007.jpg",505.913254057528,320.177608507579
36,"208_fs2-00007.jpg",505.308613930191,319.92453884403
37,"208_fs2-00007.jpg",504.702186374277,319.669545447396
38,"208_fs2-00007.jpg",504.0945909701,319.412320804496
39,"208_fs2-00007.jpg",503.486447297978,319.152557402147
40,"208_fs2-00007.jpg",502.878374938224,318.889947727169
41,"208_fs2-00007.jpg",502.270993471157,318.62418426638
42,"208_fs2-00007.jpg",501.66492247709,318.354959506597
43,"208_fs2-00007.jpg",501.06078153634,318.08196593464
44,"208_fs2-00007.jpg",500.459190229222,317.804896037327
45,"208_fs2-00007.jpg",499.860768136052,317.523442301475
46,"208_fs2-00007.jpg",499.266134837147,317.237297213904
47,"208_fs2-00007.jpg",498.675909912821,316.946153261431
48,"208_fs2-00007.jpg",498.090712943391,316.649702930876
49,"208_fs2-00007.jpg",497.511163509171,316.347638709055
50,"208_fs2-00007.jpg",496.937881190479,316.039653082789
51,"208_fs2-00007.jpg",496.371485567629,315.725438538894
52,"208_fs2-00007.jpg",495.812596220937,315.404687564189
53,"208_fs2-00007.jpg",495.26183273072,315.077092645493
54,"208_fs2-00007.jpg",494.719814677292,314.742346269625
55,"208_fs2-00007.jpg",494.18716164097,314.400140923401
56,"208_fs2-00007.jpg",493.664493202069,314.050169093641
57,"208_fs2-00007.jpg",493.152428940905,313.692123267162
58,"208_fs2-00007.jpg",492.651588437794,313.325695930785
59,"208_fs2-00007.jpg",492.162591273051,312.950579571325
60,"208_fs2-00007.jpg",491.686057026992,312.566466675603
61,"208_fs2-00007.jpg",491.221095166665,312.173056101409
62,"208_fs2-00007.jpg",490.755829623269,311.770263378265
63,"208_fs2-00007.jpg",490.288204624947,311.358268774159
64,"208_fs2-00007.jpg",489.818974192774,310.937268662538
65,"208_fs2-00007.jpg",489.348892347827,310.507459416852
66,"208_fs2-00007.jpg",488.878713111183,310.069037410548
67,"208_fs2-00007.jpg",488.409190503917,309.622199017074
68,"208_fs2-00007.jpg",487.941078547106,309.16714060988
69,"208_fs2-00007.jpg",487.475131261827,308.704058562413
70,"208_fs2-00007.jpg",487.012102669155,308.233149248121
71,"208_fs2-00007.jpg",486.552746790168,307.754609040454
72,"208_fs2-00007.jpg",486.097817645941,307.268634312858
73,"208_fs2-00007.jpg",485.648069257551,306.775421438783
74,"208_fs2-00007.jpg",485.204255646074,306.275166791676
75,"208_fs2-00007.jpg",484.767130832586,305.768066744987
76,"208_fs2-00007.jpg",484.337448838164,305.254317672162
77,"208_fs2-00007.jpg",483.915963683885,304.734115946651
78,"208_fs2-00007.jpg",483.503429390824,304.207657941902
79,"208_fs2-00007.jpg",483.100599980059,303.675140031363
80,"208_fs2-00007.jpg",482.708229472664,303.136758588482
81,"208_fs2-00007.jpg",482.327071889718,302.592709986708
82,"208_fs2-00007.jpg",481.957881252295,302.043190599488
83,"208_fs2-00007.jpg",481.601411581473,301.488396800272
84,"208_fs2-00007.jpg",481.258416898327,300.928524962507
85,"208_fs2-00007.jpg",480.929651223935,300.363771459642
86,"208_fs2-00007.jpg",480.615868579372,299.794332665125
87,"208_fs2-00007.jpg",480.317822985715,299.220404952403
88,"208_fs2-00007.jpg",480.036268464041,298.642184694927
89,"208_fs2-00007.jpg",479.771959035425,298.059868266143
90,"208_fs2-00007.jpg",479.525648720944,297.473652039501
91,"208_fs2-00007.jpg",479.298091541674,296.883732388447
92,"208_fs2-00007.jpg",479.090041518691,296.290305686432
93,"208_fs2-00007.jpg",478.900658027136,295.693567341787
94,"208_fs2-00007.jpg",478.715538239873,295.093674431087
95,"208_fs2-00007.jpg",478.531300987956,294.490733761145
96,"208_fs2-00007.jpg",478.34823453541,293.884848730903
97,"208_fs2-00007.jpg",478.166627146264,293.276122739301
98,"208_fs2-00007.jpg",477.986767084543,292.664659185283
99,"208_fs2-00007.jpg",477.808942614276,292.050561467791
100,"208_fs2-00007.jpg",477.633441999488,291.433932985766
101,"208_fs2-00007.jpg",477.460553504207,290.814877138151
102,"208_fs2-00007.jpg",477.290565392461,290.193497323888
103,"208_fs2-00007.jpg",477.123765928275,289.569896941918
104,"208_fs2-00007.jpg",476.960443375677,288.944179391184
105,"208_fs2-00007.jpg",476.800885998694,288.316448070628
106,"208_fs2-00007.jpg",476.645382061354,287.686806379193
107,"208_fs2-00007.jpg",476.494219827681,287.055357715819
108,"208_fs2-00007.jpg",476.347687561705,286.422205479449
109,"208_fs2-00007.jpg",476.206073527452,285.787453069026
110,"208_fs2-00007.jpg",476.069665988949,285.151203883491
111,"208_fs2-00007.jpg",475.938753210222,284.513561321786
112,"208_fs2-00007.jpg",475.8136234553,283.874628782854
113,"208_fs2-00007.jpg",475.694564988208,283.234509665636
114,"208_fs2-00007.jpg",475.581866072974,282.593307369074
115,"208_fs2-00007.jpg",475.475814973625,281.951125292111
116,"208_fs2-00007.jpg",475.376699954187,281.308066833689
117,"208_fs2-00007.jpg",475.284809278689,280.66423539275
118,"208_fs2-00007.jpg",475.200431211156,280.019734368236
119,"208_fs2-00007.jpg",475.123854015617,279.374667159088
120,"208_fs2-00007.jpg",475.055365956096,278.729137164249
121,"208_fs2-00007.jpg",474.995255296623,278.083247782662
122,"208_fs2-00007.jpg",474.943810301224,277.437102413267
123,"208_fs2-00007.jpg",474.901319233925,276.790804455008
124,"208_fs2-00007.jpg",474.868070358754,276.144457306826
125,"208_fs2-00007.jpg",474.844351939738,275.498164367663
126,"208_fs2-00007.jpg",474.830452240903,274.852029036462
127,"208_fs2-00007.jpg",474.826570865032,274.206154667524
128,"208_fs2-00007.jpg",474.826570865032,273.560615928709
129,"208_fs2-00007.jpg",474.826570865032,272.91540954485
130,"208_fs2-00007.jpg",474.826570865032,272.270519128828
131,"208_fs2-00007.jpg",474.826570865032,271.625928293525
132,"208_fs2-00007.jpg",474.826570865032,270.981620651822
133,"208_fs2-00007.jpg",474.826570865032,270.337579816602
134,"208_fs2-00007.jpg",474.826570865032,269.693789400744
135,"208_fs2-00007.jpg",474.826570865032,269.050233017132
136,"208_fs2-00007.jpg",474.826570865032,268.406894278646
137,"208_fs2-00007.jpg",474.826570865032,267.763756798168
138,"208_fs2-00007.jpg",474.826570865032,267.120804188581
139,"208_fs2-00007.jpg",474.826570865032,266.478020062764
140,"208_fs2-00007.jpg",474.826570865032,265.8353880336
141,"208_fs2-00007.jpg",474.826570865032,265.19289171397
142,"208_fs2-00007.jpg",474.826570865032,264.550514716757
143,"208_fs2-00007.jpg",474.826570865032,263.90824065484
144,"208_fs2-00007.jpg",474.826570865032,263.266053141103
145,"208_fs2-00007.jpg",474.826570865032,262.623935788427
146,"208_fs2-00007.jpg",474.826570865032,261.981872209692
147,"208_fs2-00007.jpg",474.826570865032,261.339846017781
148,"208_fs2-00007.jpg",474.826570865032,260.697840825576
149,"208_fs2-00007.jpg",474.826570865032,260.055840245957
150,"208_fs2-00007.jpg",474.826570865032,259.413827891807
151,"208_fs2-00007.jpg",474.826570865032,258.771787376006
152,"208_fs2-00007.jpg",474.826570865032,258.129702311438
153,"208_fs2-00007.jpg",474.826570865032,257.487556310982
154,"208_fs2-00007.jpg",474.821289800349,256.845346301653
155,"208_fs2-00007.jpg",474.799118595123,256.203177957311
156,"208_fs2-00007.jpg",474.760504659443,255.561210057872
157,"208_fs2-00007.jpg",474.706379120635,254.919601742907
158,"208_fs2-00007.jpg",474.637673106025,254.278512151987
159,"208_fs2-00007.jpg",474.555317742938,253.638100424684
160,"208_fs2-00007.jpg",474.460244158702,252.99852570057
161,"208_fs2-00007.jpg",474.353383480641,252.359947119216
162,"208_fs2-00007.jpg",474.235666836081,251.722523820195
163,"208_fs2-00007.jpg",474.108025352349,251.086414943079
164,"208_fs2-00007.jpg",473.97139015677,250.451779627437
165,"208_fs2-00007.jpg",473.82669237667,249.818777012844
166,"208_fs2-00007.jpg",473.674863139376,249.187566238869
167,"208_fs2-00007.jpg",473.516833572213,248.558306445086
168,"208_fs2-00007.jpg",473.353534802507,247.931156771065
169,"208_fs2-00007.jpg",473.185897957584,247.306276356379
170,"208_fs2-00007.jpg",473.014854164769,246.683824340599
171,"208_fs2-00007.jpg",472.84133455139,246.063959863296
172,"208_fs2-00007.jpg",472.666270244771,245.446842064043
173,"208_fs2-00007.jpg",472.490592372239,244.832630082412
174,"208_fs2-00007.jpg",472.31523206112,244.221483057973
175,"208_fs2-00007.jpg",472.133889941484,243.613560130299
176,"208_fs2-00007.jpg",471.937485524331,243.009020438962
177,"208_fs2-00007.jpg",471.726337693964,242.408023123533
178,"208_fs2-00007.jpg",471.500813929104,241.810727323583
179,"208_fs2-00007.jpg",471.261281708473,241.217292178685
180,"208_fs2-00007.jpg",471.008108510791,240.627876828411
181,"208_fs2-00007.jpg",470.741661814781,240.042640412331
182,"208_fs2-00007.jpg",470.462309099162,239.461742070018
183,"208_fs2-00007.jpg",470.170417842658,238.885340941044
184,"208_fs2-00007.jpg",469.866355523989,238.31359616498
185,"208_fs2-00007.jpg",469.550489621876,237.746666881398
186,"208_fs2-00007.jpg",469.223187615041,237.184712229869
187,"208_fs2-00007.jpg",468.884816982206,236.627891349966
188,"208_fs2-00007.jpg",468.535745202091,236.07636338126
189,"208_fs2-00007.jpg",468.176339753418,235.530287463323
190,"208_fs2-00007.jpg",467.806968114909,234.989822735726
191,"208_fs2-00007.jpg",467.427997765284,234.455128338041
192,"208_fs2-00007.jpg",467.039796183265,233.92636340984
193,"208_fs2-00007.jpg",466.642730847573,233.403687090695
194,"208_fs2-00007.jpg",466.237169236931,232.887258520178
195,"208_fs2-00007.jpg",465.823478830058,232.377236837859
196,"208_fs2-00007.jpg",465.402027105677,231.873781183311
197,"208_fs2-00007.jpg",464.973181542509,231.377050696106
198,"208_fs2-00007.jpg",464.537309619275,230.887204515815
199,"208_fs2-00007.jpg",464.094778814696,230.40440178201
200,"208_fs2-00007.jpg",463.645956607495,229.928801634263
1,"208_fs2-00008.jpg",528.5,333.5
2,"208_fs2-00008.jpg",527.898610366729,333.153353284532
3,"208_fs2-00008.jpg",527.297686050211,332.813908596189
4,"208_fs2-00008.jpg",526.697228177123,332.481440338665
5,"208_fs2-00008.jpg",526.097237874145,332.155722915653
6,"208_fs2-00008.jpg",525.497716267956,331.836530730848
7,"208_fs2-00008.jpg",524.898664485234,331.523638187944
8,"208_fs2-00008.jpg",524.300083652659,331.216819690633
9,"208_fs2-00008.jpg",523.701974896909,330.915849642612
10,"208_fs2-00008.jpg",523.104339344664,330.620502447572
11,"208_fs2-00008.jpg",522.507178122602,330.330552509208
12,"208_fs2-00008.jpg",521.910492357403,330.045774231215
13,"208_fs2-00008.jpg",521.314283175745,329.765942017285
14,"208_fs2-00008.jpg",520.718551704308,329.490830271113
15,"208_fs2-00008.jpg",520.12329906977,329.220213396393
16,"208_fs2-00008.jpg",519.52852639881,328.953865796819
17,"208_fs2-00008.jpg",518.934234818107,328.691561876084
18,"208_fs2-00008.jpg",518.340425454341,328.433076037882
19,"208_fs2-00008.jpg",517.747099434189,328.178182685908
20,"208_fs2-00008.jpg",517.154257884332,327.926656223855
21,"208_fs2-00008.jpg",516.561901931448,327.678271055417
22,"208_fs2-00008.jpg",515.970032702216,327.432801584288
23,"208_fs2-00008.jpg",515.378651323315,327.190022214162
24,"208_fs2-00008.jpg",514.787758921424,326.949707348732
25,"208_fs2-00008.jpg",514.197356623222,326.711631391694
26,"208_fs2-00008.jpg",513.607445555388,326.47556874674
27,"208_fs2-00008.jpg",513.0180268446,326.241293817565
28,"208_fs2-00008.jpg",512.429101617539,326.008581007862
29,"208_fs2-00008.jpg",511.840671000882,325.777204721326
30,"208_fs2-00008.jpg",511.252736121309,325.546939361649
31,"208_fs2-00008.jpg",510.665298105499,325.317559332527
32,"208_fs2-00008.jpg",510.07835808013,325.088839037653
33,"208_fs2-00008.jpg",509.491917171882,324.860552880721
34,"208_fs2-00008.jpg",508.905976507433,324.632475265425
35,"208_fs2-00008.jpg",508.320537213464,324.404380595458
36,"208_fs2-00008.jpg",507.735600416651,324.176043274515
37,"208_fs2-00008.jpg",507.151167243675,323.94723770629
38,"208_fs2-00008.jpg",506.567121644914,323.717738294476
39,"208_fs2-00008.jpg",505.979447267809,323.487319442767
40,"208_fs2-00008.jpg",505.386529745286,323.255755554858
41,"208_fs2-00008.jpg",504.788862674336,323.022821034442
42,"208_fs2-00008.jpg",504.186939651948,322.788290285213
43,"208_fs2-00008.jpg",503.581254275114,322.551937710865
44,"208_fs2-00008.jpg",502.972300140825,322.313537715092
45,"208_fs2-00008.jpg",502.360570846069,322.072864701587
46,"208_fs2-00008.jpg",501.74655998784,321.829693074046
47,"208_fs2-00008.jpg",501.130761163126,321.58379723616
48,"208_fs2-00008.jpg",500.513667968919,321.334951591626
49,"208_fs2-00008.jpg",499.895774002209,321.082930544135
50,"208_fs2-00008.jpg",499.277572859987,320.827508497383
51,"208_fs2-00008.jpg",498.659558139243,320.568459855064
52,"208_fs2-00008.jpg",498.042223436968,320.30555902087
53,"208_fs2-00008.jpg",497.426062350153,320.038580398496
54,"208_fs2-00008.jpg",496.811568475787,319.767298391636
55,"208_fs2-00008.jpg",496.199235410863,319.491487403984
56,"208_fs2-00008.jpg",495.58955675237,319.210921839234
57,"208_fs2-00008.jpg",494.983026097298,318.925376101079
58,"208_fs2-00008.jpg",494.380137042639,318.634624593214
59,"208_fs2-00008.jpg",493.781383185383,318.338441719332
60,"208_fs2-00008.jpg",493.187258122521,318.036601883127
61,"208_fs2-00008.jpg",492.598255451043,317.728879488294
62,"208_fs2-00008.jpg",492.01486876794,317.415048938526
63,"208_fs2-00008.jpg",491.437591670202,317.094884637516
64,"208_fs2-00008.jpg",490.86691775482,316.76816098896
65,"208_fs2-00008.jpg",490.303340618785,316.434652396551
66,"208_fs2-00008.jpg",489.747353859087,316.094133263982
67,"208_fs2-00008.jpg",489.199451072717,315.746377994948
68,"208_fs2-00008.jpg",488.660125856665,315.391160993142
69,"208_fs2-00008.jpg",488.129871807923,315.028256662259
70,"208_fs2-00008.jpg",487.609182523479,314.657439405992
71,"208_fs2-00008.jpg",487.098551600326,314.278483628035
72,"208_fs2-00008.jpg",486.598472635454,313.891163732083
73,"208_fs2-00008.jpg",486.109439225853,313.495254121828
74,"208_fs2-00008.jpg",485.631944968514,313.090529200966
75,"208_fs2-00008.jpg",485.166483460428,312.676763373189
76,"208_fs2-00008.jpg",484.713548298584,312.253731042192
77,"208_fs2-00008.jpg",484.265167504328,311.821264096698
78,"208_fs2-00008.jpg",483.811013115986,311.379484347524
79,"208_fs2-00008.jpg",483.352375485698,310.928604799027
80,"208_fs2-00008.jpg",482.890604729854,310.468838488941
81,"208_fs2-00008.jpg",482.427050964847,310.000398454999
82,"208_fs2-00008.jpg",481.963064307069,309.523497734934
83,"208_fs2-00008.jpg",481.499994872912,309.03834936648
84,"208_fs2-00008.jpg",481.039192778768,308.54516638737
85,"208_fs2-00008.jpg",480.582008141029,308.044161835339
86,"208_fs2-00008.jpg",480.129791076087,307.535548748119
87,"208_fs2-00008.jpg",479.683891700334,307.019540163445
88,"208_fs2-00008.jpg",479.245660130161,306.496349119049
89,"208_fs2-00008.jpg",478.816446481962,305.966188652665
90,"208_fs2-00008.jpg",478.397600872128,305.429271802027
91,"208_fs2-00008.jpg",477.990473417051,304.885811604868
92,"208_fs2-00008.jpg",477.596414233122,304.336021098922
93,"208_fs2-00008.jpg",477.216773436735,303.780113321922
94,"208_fs2-00008.jpg",476.852901144281,303.218301311602
95,"208_fs2-00008.jpg",476.506147472152,302.650798105696
96,"208_fs2-00008.jpg",476.17786253674,302.077816741936
97,"208_fs2-00008.jpg",475.869396454437,301.499570258056
98,"208_fs2-00008.jpg",475.582099341636,300.916271691791
99,"208_fs2-00008.jpg",475.317321314727,300.328134080873
100,"208_fs2-00008.jpg",475.076412490104,299.735370463036
101,"208_fs2-00008.jpg",474.860722984157,299.138193876013
102,"208_fs2-00008.jpg",474.67160291328,298.536817357538
103,"208_fs2-00008.jpg",474.510402393864,297.931453945345
104,"208_fs2-00008.jpg",474.377996923334,297.322316598001
105,"208_fs2-00008.jpg",474.256870374716,296.709596930274
106,"208_fs2-00008.jpg",474.137701147967,296.09343647364
107,"208_fs2-00008.jpg",474.020606967273,295.47396958414
108,"208_fs2-00008.jpg",473.905705556818,294.851330617816
109,"208_fs2-00008.jpg",473.793114640785,294.225653930711
110,"208_fs2-00008.jpg",473.682951943361,293.597073878866
111,"208_fs2-00008.jpg",473.575335188728,292.965724818323
112,"208_fs2-00008.jpg",473.470382101071,292.331741105125
113,"208_fs2-00008.jpg",473.368210404576,291.695257095312
114,"208_fs2-00008.jpg",473.268937823426,291.056407144927
115,"208_fs2-00008.jpg",473.172682081805,290.415325610012
116,"208_fs2-00008.jpg",473.079560903899,289.772146846609
117,"208_fs2-00008.jpg",472.989692013891,289.127005210759
118,"208_fs2-00008.jpg",472.903193135966,288.480035058505
119,"208_fs2-00008.jpg",472.820181994309,287.831370745889
120,"208_fs2-00008.jpg",472.740776313104,287.181146628952
121,"208_fs2-00008.jpg",472.665093816535,286.529497063736
122,"208_fs2-00008.jpg",472.593252228787,285.876556406283
123,"208_fs2-00008.jpg",472.525369274045,285.222459012636
124,"208_fs2-00008.jpg",472.461562676492,284.567339238836
125,"208_fs2-00008.jpg",472.401950160313,283.911331440925
126,"208_fs2-00008.jpg",472.346649449692,283.254569974944
127,"208_fs2-00008.jpg",472.295778268815,282.597189196937
128,"208_fs2-00008.jpg",472.249454341865,281.939323462945
129,"208_fs2-00008.jpg",472.207795393027,281.281107129009
130,"208_fs2-00008.jpg",472.170919146486,280.622674551171
131,"208_fs2-00008.jpg",472.138943326425,279.964160085475
132,"208_fs2-00008.jpg",472.111985657029,279.305698087961
133,"208_fs2-00008.jpg",472.090163862483,278.647422914671
134,"208_fs2-00008.jpg",472.073595666971,277.989468921647
135,"208_fs2-00008.jpg",472.062398794678,277.331970464932
136,"208_fs2-00008.jpg",472.056690969787,276.675061900567
137,"208_fs2-00008.jpg",472.056418971635,276.018874704255
138,"208_fs2-00008.jpg",472.060412259165,275.363467903476
139,"208_fs2-00008.jpg",472.068115005628,274.708824455605
140,"208_fs2-00008.jpg",472.079147625608,274.054923712761
141,"208_fs2-00008.jpg",472.093130533689,273.401745027064
142,"208_fs2-00008.jpg",472.109684144456,272.749267750634
143,"208_fs2-00008.jpg",472.128428872495,272.097471235591
144,"208_fs2-00008.jpg",472.148985132389,271.446334834055
145,"208_fs2-00008.jpg",472.170973338724,270.795837898145
146,"208_fs2-00008.jpg",472.194013906085,270.145959779982
147,"208_fs2-00008.jpg",472.217727249056,269.496679831685
148,"208_fs2-00008.jpg",472.241733782223,268.847977405374
149,"208_fs2-00008.jpg",472.265653920169,268.199831853169
150,"208_fs2-00008.jpg",472.289108077479,267.55222252719
151,"208_fs2-00008.jpg",472.31171666874,266.905128779556
152,"208_fs2-00008.jpg",472.333100108534,266.258529962388
153,"208_fs2-00008.jpg",472.352878811448,265.612405427805
154,"208_fs2-00008.jpg",472.370673192065,264.966734527927
155,"208_fs2-00008.jpg",472.386103664972,264.321496614874
156,"208_fs2-00008.jpg",472.398790644751,263.676671040766
157,"208_fs2-00008.jpg",472.408354545989,263.032237157723
158,"208_fs2-00008.jpg",472.41441578327,262.388174317864
159,"208_fs2-00008.jpg",472.416594771178,261.744461873309
160,"208_fs2-00008.jpg",472.413949918592,261.101079176179
161,"208_fs2-00008.jpg",472.405777544903,260.458005578592
162,"208_fs2-00008.jpg",472.392157342811,259.815220432669
163,"208_fs2-00008.jpg",472.37316946061,259.17270309053
164,"208_fs2-00008.jpg",472.348894046597,258.530432904295
165,"208_fs2-00008.jpg",472.319411249067,257.888389226082
166,"208_fs2-00008.jpg",472.284801216315,257.246551408013
167,"208_fs2-00008.jpg",472.245144096637,256.604898802207
168,"208_fs2-00008.jpg",472.200520038328,255.963410760784
169,"208_fs2-00008.jpg",472.151009189684,255.322066635864
170,"208_fs2-00008.jpg",472.096691699001,254.680845779566
171,"208_fs2-00008.jpg",472.037647714573,254.03972754401
172,"208_fs2-00008.jpg",471.973957384697,253.398691281317
173,"208_fs2-00008.jpg",471.905700857668,252.757716343606
174,"208_fs2-00008.jpg",471.832958281781,252.116782082996
175,"208_fs2-00008.jpg",471.755809805332,251.475867851609
176,"208_fs2-00008.jpg",471.674335576616,250.834953001563
177,"208_fs2-00008.jpg",471.588615743929,250.194016884978
178,"208_fs2-00008.jpg",471.498730455567,249.553038853975
179,"208_fs2-00008.jpg",471.404759859825,248.911998260672
180,"208_fs2-00008.jpg",471.306784104998,248.270874457191
181,"208_fs2-00008.jpg",471.204883339381,247.629646795651
182,"208_fs2-00008.jpg",471.099137711272,246.988294628171
183,"208_fs2-00008.jpg",470.989627368964,246.346797306871
184,"208_fs2-00008.jpg",470.876432460753,245.705134183872
185,"208_fs2-00008.jpg",470.759633134936,245.063284611293
186,"208_fs2-00008.jpg",470.639309539807,244.421227941253
187,"208_fs2-00008.jpg",470.515541823662,243.778943525874
188,"208_fs2-00008.jpg",470.388410134796,243.136410717274
189,"208_fs2-00008.jpg",470.257994621505,242.493608867574
190,"208_fs2-00008.jpg",470.124375432085,241.850517328893
191,"208_fs2-00008.jpg",469.987632714831,241.207115453351
192,"208_fs2-00008.jpg",469.847846618038,240.563382593069
193,"208_fs2-00008.jpg",469.705097290002,239.919298100165
194,"208_fs2-00008.jpg",469.559464879018,239.27484132676
195,"208_fs2-00008.jpg",469.411029533383,238.629991624973
196,"208_fs2-00008.jpg",469.259871401391,237.984728346924
197,"208_fs2-00008.jpg",469.106070631338,237.339030844734
198,"208_fs2-00008.jpg",468.949707371519,236.692878470522
199,"208_fs2-00008.jpg",468.790861770231,236.046250576408
200,"208_fs2-00008.jpg",468.629613975767,235.399126514511
1,"208_fs2-00009.jpg",536.5,337.833
2,"208_fs2-00009.jpg",535.861464931855,337.555724721525
3,"208_fs2-00009.jpg",535.223892272196,337.281872716172
4,"208_fs2-00009.jpg",534.587280899455,337.011305006046
5,"208_fs2-00009.jpg",533.951629692067,336.743882613252
6,"208_fs2-00009.jpg",533.316937528466,336.479466559896
7,"208_fs2-00009.jpg",532.683203287086,336.217917868084
8,"208_fs2-00009.jpg",532.05042584636,335.959097559921
9,"208_fs2-00009.jpg",531.418604084724,335.702866657513
10,"208_fs2-00009.jpg",530.787736880609,335.449086182965
11,"208_fs2-00009.jpg",530.157823112451,335.197617158383
12,"208_fs2-00009.jpg",529.528861658684,334.948320605873
13,"208_fs2-00009.jpg",528.90085139774,334.701057547539
14,"208_fs2-00009.jpg",528.273791208055,334.455689005488
15,"208_fs2-00009.jpg",527.647679968063,334.212076001825
16,"208_fs2-00009.jpg",527.022516556196,333.970079558656
17,"208_fs2-00009.jpg",526.398299850889,333.729560698085
18,"208_fs2-00009.jpg",525.775028730577,333.49038044222
19,"208_fs2-00009.jpg",525.152702073692,333.252399813165
20,"208_fs2-00009.jpg",524.53131875867,333.015479833025
21,"208_fs2-00009.jpg",523.910877663943,332.779481523907
22,"208_fs2-00009.jpg",523.291377667945,332.544265907916
23,"208_fs2-00009.jpg",522.672817649112,332.309694007157
24,"208_fs2-00009.jpg",522.055196485876,332.075626843737
25,"208_fs2-00009.jpg",521.438513056671,331.84192543976
26,"208_fs2-00009.jpg",520.822766239932,331.608450817332
27,"208_fs2-00009.jpg",520.207954914093,331.375063998559
28,"208_fs2-00009.jpg",519.594077957587,331.141626005546
29,"208_fs2-00009.jpg",518.981134248847,330.907997860399
30,"208_fs2-00009.jpg",518.36912266631,330.674040585223
31,"208_fs2-00009.jpg",517.758042088407,330.439615202124
32,"208_fs2-00009.jpg",517.147891393573,330.204582733208
33,"208_fs2-00009.jpg",516.538669460243,329.968804200579
34,"208_fs2-00009.jpg",515.930375166849,329.732140626344
35,"208_fs2-00009.jpg",515.323007391826,329.494453032609
36,"208_fs2-00009.jpg",514.716565013608,329.255602441478
37,"208_fs2-00009.jpg",514.111046910629,329.015449875057
38,"208_fs2-00009.jpg",513.506451961322,328.773856355452
39,"208_fs2-00009.jpg",512.902779044122,328.530682904768
40,"208_fs2-00009.jpg",512.300027037462,328.285790545111
41,"208_fs2-00009.jpg",511.698194819777,328.039040298587
42,"208_fs2-00009.jpg",511.097281269501,327.790293187301
43,"208_fs2-00009.jpg",510.497277896537,327.539410233358
44,"208_fs2-00009.jpg",509.895830528907,327.286252458864
45,"208_fs2-00009.jpg",509.291314484078,327.030680885925
46,"208_fs2-00009.jpg",508.684095741888,326.772556536646
47,"208_fs2-00009.jpg",508.074540282171,326.511740433133
48,"208_fs2-00009.jpg",507.463014084765,326.248093597491
49,"208_fs2-00009.jpg",506.849883129505,325.981477051826
50,"208_fs2-00009.jpg",506.235513396228,325.711751818243
51,"208_fs2-00009.jpg",505.620270864771,325.438778918849
52,"208_fs2-00009.jpg",505.00452151497,325.162419375748
53,"208_fs2-00009.jpg",504.38863132666,324.882534211046
54,"208_fs2-00009.jpg",503.772966279679,324.598984446848
55,"208_fs2-00009.jpg",503.157892353863,324.311631105261
56,"208_fs2-00009.jpg",502.543775529048,324.020335208389
57,"208_fs2-00009.jpg",501.93098178507,323.724957778339
58,"208_fs2-00009.jpg",501.319877101765,323.425359837216
59,"208_fs2-00009.jpg",500.710827458971,323.121402407125
60,"208_fs2-00009.jpg",500.104198836523,322.812946510172
61,"208_fs2-00009.jpg",499.500357214257,322.499853168462
62,"208_fs2-00009.jpg",498.899668572011,322.181983404102
63,"208_fs2-00009.jpg",498.302498889619,321.859198239196
64,"208_fs2-00009.jpg",497.70921414692,321.53135869585
65,"208_fs2-00009.jpg",497.120180323748,321.19832579617
66,"208_fs2-00009.jpg",496.53576339994,320.859960562261
67,"208_fs2-00009.jpg",495.956329355334,320.516124016229
68,"208_fs2-00009.jpg",495.382244169763,320.166677180179
69,"208_fs2-00009.jpg",494.813873823067,319.811481076217
70,"208_fs2-00009.jpg",494.251584295079,319.450396726449
71,"208_fs2-00009.jpg",493.695741565638,319.08328515298
72,"208_fs2-00009.jpg",493.146711614578,318.710007377915
73,"208_fs2-00009.jpg",492.604860421738,318.330424423361
74,"208_fs2-00009.jpg",492.070553966952,317.944397311422
75,"208_fs2-00009.jpg",491.544158230057,317.551787064204
76,"208_fs2-00009.jpg",491.02603919089,317.152454703813
77,"208_fs2-00009.jpg",490.516562829286,316.746261252354
78,"208_fs2-00009.jpg",490.016095125083,316.333067731934
79,"208_fs2-00009.jpg",489.525002058116,315.912735164657
80,"208_fs2-00009.jpg",489.039407646844,315.485146053831
81,"208_fs2-00009.jpg",488.55147857569,315.050336221168
82,"208_fs2-00009.jpg",488.061768805025,314.608408133303
83,"208_fs2-00009.jpg",487.571065486486,314.159464529282
84,"208_fs2-00009.jpg",487.080155771711,313.703608148152
85,"208_fs2-00009.jpg",486.589826812338,313.240941728961
86,"208_fs2-00009.jpg",486.100865760006,312.771568010755
87,"208_fs2-00009.jpg",485.614059766353,312.295589732582
88,"208_fs2-00009.jpg",485.130195983015,311.813109633489
89,"208_fs2-00009.jpg",484.650061561633,311.324230452521
90,"208_fs2-00009.jpg",484.174443653842,310.829054928728
91,"208_fs2-00009.jpg",483.704129411282,310.327685801155
92,"208_fs2-00009.jpg",483.239905985591,309.820225808849
93,"208_fs2-00009.jpg",482.782560528406,309.306777690858
94,"208_fs2-00009.jpg",482.332880191366,308.787444186228
95,"208_fs2-00009.jpg",481.891652126108,308.262328034007
96,"208_fs2-00009.jpg",481.45966348427,307.731531973242
97,"208_fs2-00009.jpg",481.037701417491,307.195158742979
98,"208_fs2-00009.jpg",480.626553077409,306.653311082266
99,"208_fs2-00009.jpg",480.227005615662,306.106091730149
100,"208_fs2-00009.jpg",479.839846183887,305.553603425676
101,"208_fs2-00009.jpg",479.465861933722,304.995948907894
102,"208_fs2-00009.jpg",479.105840016806,304.433230915849
103,"208_fs2-00009.jpg",478.760567584777,303.865552188589
104,"208_fs2-00009.jpg",478.430831789273,303.29301546516
105,"208_fs2-00009.jpg",478.117419781931,302.71572348461
106,"208_fs2-00009.jpg",477.82111871439,302.133778985986
107,"208_fs2-00009.jpg",477.542715738288,301.547284708334
108,"208_fs2-00009.jpg",477.282998005262,300.956343390703
109,"208_fs2-00009.jpg",477.039682335622,300.361058339321
110,"208_fs2-00009.jpg",476.797811521541,299.761543631378
111,"208_fs2-00009.jpg",476.555669950183,299.157922985192
112,"208_fs2-00009.jpg",476.313714830104,298.550320459432
113,"208_fs2-00009.jpg",476.072403369864,297.938860112767
114,"208_fs2-00009.jpg",475.832192778019,297.323666003866
115,"208_fs2-00009.jpg",475.59354026313,296.704862191397
116,"208_fs2-00009.jpg",475.356903033753,296.082572734029
117,"208_fs2-00009.jpg",475.122738298447,295.456921690431
118,"208_fs2-00009.jpg",474.89150326577,294.828033119272
119,"208_fs2-00009.jpg",474.663655144281,294.19603107922
120,"208_fs2-00009.jpg",474.439651142537,293.561039628943
121,"208_fs2-00009.jpg",474.219948469097,292.923182827112
122,"208_fs2-00009.jpg",474.005004332518,292.282584732394
123,"208_fs2-00009.jpg",473.79527594136,291.639369403459
124,"208_fs2-00009.jpg",473.59122050418,290.993660898974
125,"208_fs2-00009.jpg",473.393295229536,290.345583277609
126,"208_fs2-00009.jpg",473.201957325987,289.695260598032
127,"208_fs2-00009.jpg",473.017664002091,289.042816918913
128,"208_fs2-00009.jpg",472.840872466406,288.388376298919
129,"208_fs2-00009.jpg",472.672039927491,287.73206279672
130,"208_fs2-00009.jpg",472.511623593902,287.074000470984
131,"208_fs2-00009.jpg",472.3600806742,286.41431338038
132,"208_fs2-00009.jpg",472.217868376941,285.753125583577
133,"208_fs2-00009.jpg",472.085443910684,285.090561139243
134,"208_fs2-00009.jpg",471.963264483987,284.426744106048
135,"208_fs2-00009.jpg",471.851787305408,283.761798542659
136,"208_fs2-00009.jpg",471.751469583507,283.095848507746
137,"208_fs2-00009.jpg",471.66276852684,282.429018059978
138,"208_fs2-00009.jpg",471.586141343965,281.761431258022
139,"208_fs2-00009.jpg",471.522045243442,281.093212160549
140,"208_fs2-00009.jpg",471.470937433829,280.424484826225
141,"208_fs2-00009.jpg",471.433275123682,279.755373313722
142,"208_fs2-00009.jpg",471.409515521562,279.086001681706
143,"208_fs2-00009.jpg",471.400115836026,278.416493988847
144,"208_fs2-00009.jpg",471.400124950713,277.746963649475
145,"208_fs2-00009.jpg",471.400686563385,277.07745912514
146,"208_fs2-00009.jpg",471.40165920772,276.408004381563
147,"208_fs2-00009.jpg",471.403041419756,275.738623339424
148,"208_fs2-00009.jpg",471.404831735532,275.069339919404
149,"208_fs2-00009.jpg",471.407028691087,274.400178042185
150,"208_fs2-00009.jpg",471.40963082246,273.731161628447
151,"208_fs2-00009.jpg",471.412636665689,273.062314598871
152,"208_fs2-00009.jpg",471.416044756813,272.393660874139
153,"208_fs2-00009.jpg",471.419853631871,271.725224374931
154,"208_fs2-00009.jpg",471.424061826902,271.057029021929
155,"208_fs2-00009.jpg",471.428667877944,270.389098735813
156,"208_fs2-00009.jpg",471.433670321037,269.721457437264
157,"208_fs2-00009.jpg",471.439067692219,269.054129046964
158,"208_fs2-00009.jpg",471.444858527528,268.387137485593
159,"208_fs2-00009.jpg",471.451041363005,267.720506673833
160,"208_fs2-00009.jpg",471.457614734687,267.054260532365
161,"208_fs2-00009.jpg",471.464577178613,266.388422981869
162,"208_fs2-00009.jpg",471.471927230823,265.723017943026
163,"208_fs2-00009.jpg",471.479663427354,265.058069336518
164,"208_fs2-00009.jpg",471.487784304246,264.393601083026
165,"208_fs2-00009.jpg",471.496288397537,263.72963710323
166,"208_fs2-00009.jpg",471.505174243267,263.066201317811
167,"208_fs2-00009.jpg",471.514440377474,262.403317647452
168,"208_fs2-00009.jpg",471.524085336197,261.741010012831
169,"208_fs2-00009.jpg",471.534107655474,261.079302334632
170,"208_fs2-00009.jpg",471.544505871345,260.418218533534
171,"208_fs2-00009.jpg",471.555278519848,259.757782530219
172,"208_fs2-00009.jpg",471.566424137022,259.098018245367
173,"208_fs2-00009.jpg",471.577941258905,258.43894959966
174,"208_fs2-00009.jpg",471.595040022063,257.780600513779
175,"208_fs2-00009.jpg",471.628171659428,257.122994908405
176,"208_fs2-00009.jpg",471.677032898327,256.466156704218
177,"208_fs2-00009.jpg",471.740985162194,255.8101098219
178,"208_fs2-00009.jpg",471.819389874466,255.154878182131
179,"208_fs2-00009.jpg",471.911608458577,254.500485705594
180,"208_fs2-00009.jpg",472.017002337962,253.846956312968
181,"208_fs2-00009.jpg",472.134932936057,253.194313924935
182,"208_fs2-00009.jpg",472.264761676298,252.542582462176
183,"208_fs2-00009.jpg",472.405849982119,251.891785845371
184,"208_fs2-00009.jpg",472.557559276956,251.241947995203
185,"208_fs2-00009.jpg",472.719250984244,250.593092832351
186,"208_fs2-00009.jpg",472.890286527418,249.945244277497
187,"208_fs2-00009.jpg",473.070027329913,249.298426251322
188,"208_fs2-00009.jpg",473.257834815166,248.652662674507
189,"208_fs2-00009.jpg",473.45307040661,248.007977467733
190,"208_fs2-00009.jpg",473.655095527682,247.36439455168
191,"208_fs2-00009.jpg",473.863271601817,246.721937847031
192,"208_fs2-00009.jpg",474.076960052449,246.080631274465
193,"208_fs2-00009.jpg",474.295522303015,245.440498754665
194,"208_fs2-00009.jpg",474.518319776949,244.80156420831
195,"208_fs2-00009.jpg",474.744713897687,244.163851556083
196,"208_fs2-00009.jpg",474.974066088664,243.527384718663
197,"208_fs2-00009.jpg",475.205737773316,242.892187616732
198,"208_fs2-00009.jpg",475.439090375077,242.258284170972
199,"208_fs2-00009.jpg",475.673485317382,241.625698302062
200,"208_fs2-00009.jpg",475.908284023668,240.994453930685
1,"208_fs2-00010.jpg",541.833,339.833
2,"208_fs2-00010.jpg",541.222866689313,339.477147106927
3,"208_fs2-00010.jpg",540.612875831516,339.127680899223
4,"208_fs2-00010.jpg",540.003029453062,338.784426437358
5,"208_fs2-00010.jpg",539.393329580404,338.447208781798
6,"208_fs2-00010.jpg",538.783778239994,338.115852993013
7,"208_fs2-00010.jpg",538.174377458286,337.79018413147
8,"208_fs2-00010.jpg",537.565129261732,337.470027257638
9,"208_fs2-00010.jpg",536.956035676786,337.155207431985
10,"208_fs2-00010.jpg",536.347098729901,336.845549714979
11,"208_fs2-00010.jpg",535.738320447529,336.540879167088
12,"208_fs2-00010.jpg",535.129702856123,336.24102084878
13,"208_fs2-00010.jpg",534.521247982137,335.945799820524
14,"208_fs2-00010.jpg",533.912957852023,335.655041142788
15,"208_fs2-00010.jpg",533.304834492234,335.368569876039
16,"208_fs2-00010.jpg",532.696879929223,335.086211080747
17,"208_fs2-00010.jpg",532.089096189444,334.80778981738
18,"208_fs2-00010.jpg",531.481485299349,334.533131146405
19,"208_fs2-00010.jpg",530.874049285391,334.26206012829
20,"208_fs2-00010.jpg",530.266790174023,333.994401823505
21,"208_fs2-00010.jpg",529.659709991698,333.729981292516
22,"208_fs2-00010.jpg",529.052810764869,333.468623595793
23,"208_fs2-00010.jpg",528.446094519989,333.210153793804
24,"208_fs2-00010.jpg",527.839563283511,332.954396947016
25,"208_fs2-00010.jpg",527.233219081888,332.701178115898
26,"208_fs2-00010.jpg",526.627063941572,332.450322360919
27,"208_fs2-00010.jpg",526.021099889017,332.201654742545
28,"208_fs2-00010.jpg",525.415328950676,331.955000321246
29,"208_fs2-00010.jpg",524.809753153002,331.71018415749
30,"208_fs2-00010.jpg",524.204374522447,331.467031311744
31,"208_fs2-00010.jpg",523.599195085465,331.225366844478
32,"208_fs2-00010.jpg",522.994216868508,330.985015816159
33,"208_fs2-00010.jpg",522.38944189803,330.745803287255
34,"208_fs2-00010.jpg",521.784872200483,330.507554318235
35,"208_fs2-00010.jpg",521.18050980232,330.270093969567
36,"208_fs2-00010.jpg",520.576189741174,330.033247301718
37,"208_fs2-00010.jpg",519.968598551259,329.796839375158
38,"208_fs2-00010.jpg",519.356670238576,329.560695250355
39,"208_fs2-00010.jpg",518.740702660419,329.324639987776
40,"208_fs2-00010.jpg",518.120993674082,329.088498647889
41,"208_fs2-00010.jpg",517.49784113686,328.852096291164
42,"208_fs2-00010.jpg",516.871542906047,328.615257978068
43,"208_fs2-00010.jpg",516.242396838938,328.377808769069
44,"208_fs2-00010.jpg",515.610700792828,328.139573724636
45,"208_fs2-00010.jpg",514.976752625011,327.900377905236
46,"208_fs2-00010.jpg",514.340850192781,327.660046371339
47,"208_fs2-00010.jpg",513.703291353433,327.418404183411
48,"208_fs2-00010.jpg",513.064373964262,327.175276401922
49,"208_fs2-00010.jpg",512.424395882561,326.930488087339
50,"208_fs2-00010.jpg",511.783654965627,326.683864300131
51,"208_fs2-00010.jpg",511.142449070752,326.435230100766
52,"208_fs2-00010.jpg",510.501076055232,326.184410549712
53,"208_fs2-00010.jpg",509.859833776361,325.931230707437
54,"208_fs2-00010.jpg",509.219020091434,325.67551563441
55,"208_fs2-00010.jpg",508.578932857745,325.417090391099
56,"208_fs2-00010.jpg",507.939869932588,325.155780037971
57,"208_fs2-00010.jpg",507.302129173259,324.891409635495
58,"208_fs2-00010.jpg",506.666008437051,324.623804244139
59,"208_fs2-00010.jpg",506.03180558126,324.352788924372
60,"208_fs2-00010.jpg",505.399818463179,324.078188736662
61,"208_fs2-00010.jpg",504.770344940104,323.799828741476
62,"208_fs2-00010.jpg",504.143682869328,323.517533999283
63,"208_fs2-00010.jpg",503.520130108147,323.231129570552
64,"208_fs2-00010.jpg",502.899984513855,322.94044051575
65,"208_fs2-00010.jpg",502.283543943746,322.645291895345
66,"208_fs2-00010.jpg",501.671106255114,322.345508769806
67,"208_fs2-00010.jpg",501.062969305256,322.040916199602
68,"208_fs2-00010.jpg",500.459430951464,321.731339245199
69,"208_fs2-00010.jpg",499.860789051033,321.416602967066
70,"208_fs2-00010.jpg",499.267341461259,321.096532425673
71,"208_fs2-00010.jpg",498.679386039435,320.770952681485
72,"208_fs2-00010.jpg",498.097220642856,320.439688794973
73,"208_fs2-00010.jpg",497.521143128816,320.102565826604
74,"208_fs2-00010.jpg",496.95145135461,319.759408836846
75,"208_fs2-00010.jpg",496.388443177533,319.410042886168
76,"208_fs2-00010.jpg",495.832416454879,319.054293035037
77,"208_fs2-00010.jpg",495.283669043943,318.691984343922
78,"208_fs2-00010.jpg",494.742498802019,318.322941873292
79,"208_fs2-00010.jpg",494.209203586401,317.946990683613
80,"208_fs2-00010.jpg",493.684081254385,317.563955835355
81,"208_fs2-00010.jpg",493.167429663264,317.173662388986
82,"208_fs2-00010.jpg",492.659546670333,316.775935404973
83,"208_fs2-00010.jpg",492.160730132887,316.370599943786
84,"208_fs2-00010.jpg",491.671277908221,315.957481065891
85,"208_fs2-00010.jpg",491.191073282896,315.536405560628
86,"208_fs2-00010.jpg",490.714287407868,315.107322302839
87,"208_fs2-00010.jpg",490.239120499341,314.670380783228
88,"208_fs2-00010.jpg",489.765791231006,314.225749152405
89,"208_fs2-00010.jpg",489.294518276551,313.773595560981
90,"208_fs2-00010.jpg",488.825520309667,313.314088159567
91,"208_fs2-00010.jpg",488.359016004045,312.847395098773
92,"208_fs2-00010.jpg",487.895224033372,312.37368452921
93,"208_fs2-00010.jpg",487.434363071341,311.893124601488
94,"208_fs2-00010.jpg",486.97665179164,311.40588346622
95,"208_fs2-00010.jpg",486.522308867959,310.912129274014
96,"208_fs2-00010.jpg",486.071552973989,310.412030175482
97,"208_fs2-00010.jpg",485.624602783418,309.905754321234
98,"208_fs2-00010.jpg",485.181676969938,309.393469861882
99,"208_fs2-00010.jpg",484.742994207237,308.875344948036
100,"208_fs2-00010.jpg",484.308773169007,308.351547730306
101,"208_fs2-00010.jpg",483.879232528936,307.822246359303
102,"208_fs2-00010.jpg",483.454590960714,307.287608985639
103,"208_fs2-00010.jpg",483.035067138033,306.747803759923
104,"208_fs2-00010.jpg",482.62087973458,306.202998832766
105,"208_fs2-00010.jpg",482.212247424047,305.65336235478
106,"208_fs2-00010.jpg",481.809388880122,305.099062476574
107,"208_fs2-00010.jpg",481.412522776497,304.54026734876
108,"208_fs2-00010.jpg",481.021867786861,303.977145121947
109,"208_fs2-00010.jpg",480.637642584903,303.409863946748
110,"208_fs2-00010.jpg",480.260065844315,302.838591973772
111,"208_fs2-00010.jpg",479.889356238784,302.26349735363
112,"208_fs2-00010.jpg",479.525732442003,301.684748236934
113,"208_fs2-00010.jpg",479.169413127659,301.102512774292
114,"208_fs2-00010.jpg",478.820616969444,300.516959116317
115,"208_fs2-00010.jpg",478.479562641047,299.928255413619
116,"208_fs2-00010.jpg",478.146468816158,299.336569816809
117,"208_fs2-00010.jpg",477.821554168467,298.742070476497
118,"208_fs2-00010.jpg",477.505037371663,298.144925543294
119,"208_fs2-00010.jpg",477.197137099437,297.545303167811
120,"208_fs2-00010.jpg",476.898072025479,296.943371500658
121,"208_fs2-00010.jpg",476.608060823479,296.339298692446
122,"208_fs2-00010.jpg",476.327186622088,295.733252777895
123,"208_fs2-00010.jpg",476.049200972332,295.125359836935
124,"208_fs2-00010.jpg",475.77096557632,294.515641882432
125,"208_fs2-00010.jpg",475.492973698204,293.904105067955
126,"208_fs2-00010.jpg",475.215718602133,293.290755547078
127,"208_fs2-00010.jpg",474.939693552257,292.675599473372
128,"208_fs2-00010.jpg",474.665391812727,292.058643000411
129,"208_fs2-00010.jpg",474.393306647693,291.439892281764
130,"208_fs2-00010.jpg",474.123931321306,290.819353471006
131,"208_fs2-00010.jpg",473.857759097715,290.197032721708
132,"208_fs2-00010.jpg",473.595283241071,289.572936187442
133,"208_fs2-00010.jpg",473.336997015523,288.94707002178
134,"208_fs2-00010.jpg",473.083393685224,288.319440378294
135,"208_fs2-00010.jpg",472.834966514321,287.690053410557
136,"208_fs2-00010.jpg",472.592208766967,287.05891527214
137,"208_fs2-00010.jpg",472.35561370731,286.426032116615
138,"208_fs2-00010.jpg",472.125674599502,285.791410097556
139,"208_fs2-00010.jpg",471.902884707692,285.155055368533
140,"208_fs2-00010.jpg",471.687737296031,284.516974083119
141,"208_fs2-00010.jpg",471.480725628669,283.877172394886
142,"208_fs2-00010.jpg",471.282342969757,283.235656457406
143,"208_fs2-00010.jpg",471.093082583444,282.592432424251
144,"208_fs2-00010.jpg",470.91343773388,281.947506448993
145,"208_fs2-00010.jpg",470.743901685217,281.300884685205
146,"208_fs2-00010.jpg",470.584967701604,280.652573286458
147,"208_fs2-00010.jpg",470.437129047191,280.002578406324
148,"208_fs2-00010.jpg",470.30087898613,279.350906198377
149,"208_fs2-00010.jpg",470.176710782569,278.697562816187
150,"208_fs2-00010.jpg",470.065117700659,278.042554413327
151,"208_fs2-00010.jpg",469.966593004551,277.385887143369
152,"208_fs2-00010.jpg",469.881629958395,276.727567159885
153,"208_fs2-00010.jpg",469.804208785603,276.067619674564
154,"208_fs2-00010.jpg",469.727717520985,275.406150023219
155,"208_fs2-00010.jpg",469.652417685006,274.743284594767
156,"208_fs2-00010.jpg",469.578572642016,274.079149778214
157,"208_fs2-00010.jpg",469.506445756366,273.413871962568
158,"208_fs2-00010.jpg",469.436300392409,272.747577536836
159,"208_fs2-00010.jpg",469.368399914495,272.080392890026
160,"208_fs2-00010.jpg",469.303007686975,271.412444411145
161,"208_fs2-00010.jpg",469.240387074202,270.743858489202
162,"208_fs2-00010.jpg",469.180801440525,270.074761513202
163,"208_fs2-00010.jpg",469.124514150296,269.405279872153
164,"208_fs2-00010.jpg",469.071788567867,268.735539955064
165,"208_fs2-00010.jpg",469.022888057589,268.06566815094
166,"208_fs2-00010.jpg",468.978075983813,267.395790848791
167,"208_fs2-00010.jpg",468.93761571089,266.726034437622
168,"208_fs2-00010.jpg",468.901770603172,266.056525306442
169,"208_fs2-00010.jpg",468.870804025009,265.387389844259
170,"208_fs2-00010.jpg",468.844979340754,264.718754440078
171,"208_fs2-00010.jpg",468.824559914757,264.050745482908
172,"208_fs2-00010.jpg",468.809809111369,263.383489361757
173,"208_fs2-00010.jpg",468.800990294942,262.717112465631
174,"208_fs2-00010.jpg",468.798422426834,262.051741183538
175,"208_fs2-00010.jpg",468.810680631937,261.387501904486
176,"208_fs2-00010.jpg",468.843383877179,260.724521017482
177,"208_fs2-00010.jpg",468.895934679169,260.062924911533
178,"208_fs2-00010.jpg",468.967735554519,259.402839975646
179,"208_fs2-00010.jpg",469.058189019837,258.74439259883
180,"208_fs2-00010.jpg",469.166697591734,258.087709170091
181,"208_fs2-00010.jpg",469.29266378682,257.432916078438
182,"208_fs2-00010.jpg",469.435490121704,256.780139712877
183,"208_fs2-00010.jpg",469.594579112998,256.129506462415
184,"208_fs2-00010.jpg",469.769333277311,255.481142716061
185,"208_fs2-00010.jpg",469.959155131253,254.835174862822
186,"208_fs2-00010.jpg",470.163447191434,254.191729291704
187,"208_fs2-00010.jpg",470.381611974464,253.550932391716
188,"208_fs2-00010.jpg",470.613051996954,252.912910551865
189,"208_fs2-00010.jpg",470.857169775512,252.277790161159
190,"208_fs2-00010.jpg",471.11336782675,251.645697608604
191,"208_fs2-00010.jpg",471.381048667278,251.016759283208
192,"208_fs2-00010.jpg",471.659614813705,250.391101573979
193,"208_fs2-00010.jpg",471.948468782641,249.768850869923
194,"208_fs2-00010.jpg",472.247013090696,249.15013356005
195,"208_fs2-00010.jpg",472.554650254481,248.535076033365
196,"208_fs2-00010.jpg",472.870782790606,247.923804678876
197,"208_fs2-00010.jpg",473.19481321568,247.316445885591
198,"208_fs2-00010.jpg",473.526144046314,246.713126042517
199,"208_fs2-00010.jpg",473.864177799118,246.113971538661
200,"208_fs2-00010.jpg",474.208316990701,245.519108763032
1,"208_fs2-00011.jpg",548.833,344.167
2,"208_fs2-00011.jpg",548.188467775629,343.958847477401
3,"208_fs2-00011.jpg",547.545209647016,343.751460578545
4,"208_fs2-00011.jpg",546.903225928525,343.544778473996
5,"208_fs2-00011.jpg",546.26251693452,343.338740334322
6,"208_fs2-00011.jpg",545.623082979366,343.133285330087
7,"208_fs2-00011.jpg",544.984924377427,342.928352631857
8,"208_fs2-00011.jpg",544.348041443068,342.723881410199
9,"208_fs2-00011.jpg",543.712434490652,342.519810835678
10,"208_fs2-00011.jpg",543.078103834545,342.316080078861
11,"208_fs2-00011.jpg",542.44504978911,342.112628310312
12,"208_fs2-00011.jpg",541.813272668712,341.909394700598
13,"208_fs2-00011.jpg",541.182772787716,341.706318420285
14,"208_fs2-00011.jpg",540.553550460486,341.503338639939
15,"208_fs2-00011.jpg",539.925606001386,341.300394530124
16,"208_fs2-00011.jpg",539.29893972478,341.097425261408
17,"208_fs2-00011.jpg",538.673551945033,340.894370004357
18,"208_fs2-00011.jpg",538.04944297651,340.691167929535
19,"208_fs2-00011.jpg",537.426613133574,340.487758207509
20,"208_fs2-00011.jpg",536.80506273059,340.284080008845
21,"208_fs2-00011.jpg",536.184792081922,340.080072504108
22,"208_fs2-00011.jpg",535.565801501936,339.875674863864
23,"208_fs2-00011.jpg",534.948091304994,339.67082625868
24,"208_fs2-00011.jpg",534.331661805463,339.465465859121
25,"208_fs2-00011.jpg",533.716513317705,339.259532835753
26,"208_fs2-00011.jpg",533.102646156085,339.052966359142
27,"208_fs2-00011.jpg",532.490060634968,338.845705599853
28,"208_fs2-00011.jpg",531.878757068718,338.637689728453
29,"208_fs2-00011.jpg",531.2687357717,338.428857915508
30,"208_fs2-00011.jpg",530.659997058277,338.219149331583
31,"208_fs2-00011.jpg",530.052541242815,338.008503147243
32,"208_fs2-00011.jpg",529.446368639677,337.796858533056
33,"208_fs2-00011.jpg",528.841479563228,337.584154659587
34,"208_fs2-00011.jpg",528.237874327832,337.370330697401
35,"208_fs2-00011.jpg",527.635553247854,337.155325817065
36,"208_fs2-00011.jpg",527.034516637658,336.939079189144
37,"208_fs2-00011.jpg",526.434764811609,336.721529984204
38,"208_fs2-00011.jpg",525.83629808407,336.502617372812
39,"208_fs2-00011.jpg",525.239116769407,336.282280525532
40,"208_fs2-00011.jpg",524.643221181983,336.060458612931
41,"208_fs2-00011.jpg",524.048611636163,335.837090805575
42,"208_fs2-00011.jpg",523.455288446312,335.61211627403
43,"208_fs2-00011.jpg",522.863251926793,335.38547418886
44,"208_fs2-00011.jpg",522.272502391972,335.157103720633
45,"208_fs2-00011.jpg",521.683040156211,334.926944039915
46,"208_fs2-00011.jpg",521.094865533877,334.69493431727
47,"208_fs2-00011.jpg",520.507978839333,334.461013723265
48,"208_fs2-00011.jpg",519.922380386943,334.225121428465
49,"208_fs2-00011.jpg",519.338070491073,333.987196603437
50,"208_fs2-00011.jpg",518.755049466086,333.747178418747
51,"208_fs2-00011.jpg",518.173317626346,333.505006044959
52,"208_fs2-00011.jpg",517.592875286219,333.260618652641
53,"208_fs2-00011.jpg",517.013722760068,333.013955412358
54,"208_fs2-00011.jpg",516.435860362258,332.764955494676
55,"208_fs2-00011.jpg",515.859288407153,332.51355807016
56,"208_fs2-00011.jpg",515.284007209118,332.259702309376
57,"208_fs2-00011.jpg",514.710017082517,332.003327382891
58,"208_fs2-00011.jpg",514.137318341714,331.744372461271
59,"208_fs2-00011.jpg",513.565911301074,331.48277671508
60,"208_fs2-00011.jpg",512.995282144692,331.218479314885
61,"208_fs2-00011.jpg",512.422944828901,330.951419431253
62,"208_fs2-00011.jpg",511.848748840239,330.681536234747
63,"208_fs2-00011.jpg",511.272903364923,330.408768895936
64,"208_fs2-00011.jpg",510.695617589171,330.133056585383
65,"208_fs2-00011.jpg",510.117100699201,329.854338473656
66,"208_fs2-00011.jpg",509.537561881231,329.57255373132
67,"208_fs2-00011.jpg",508.95721032148,329.287641528941
68,"208_fs2-00011.jpg",508.376255206166,328.999541037085
69,"208_fs2-00011.jpg",507.794905721507,328.708191426317
70,"208_fs2-00011.jpg",507.21337105372,328.413531867204
71,"208_fs2-00011.jpg",506.631860389024,328.115501530311
72,"208_fs2-00011.jpg",506.050582913638,327.814039586204
73,"208_fs2-00011.jpg",505.469747813779,327.50908520545
74,"208_fs2-00011.jpg",504.889564275665,327.200577558613
75,"208_fs2-00011.jpg",504.310241485514,326.88845581626
76,"208_fs2-00011.jpg",503.731988629545,326.572659148957
77,"208_fs2-00011.jpg",503.155014893976,326.253126727269
78,"208_fs2-00011.jpg",502.579529465025,325.929797721763
79,"208_fs2-00011.jpg",502.00574152891,325.602611303004
80,"208_fs2-00011.jpg",501.433860271849,325.271506641558
81,"208_fs2-00011.jpg",500.86409488006,324.936422907991
82,"208_fs2-00011.jpg",500.296654539761,324.597299272868
83,"208_fs2-00011.jpg",499.731748437171,324.254074906756
84,"208_fs2-00011.jpg",499.169585758507,323.906688980221
85,"208_fs2-00011.jpg",498.610375689988,323.555080663828
86,"208_fs2-00011.jpg",498.054327417832,323.199189128144
87,"208_fs2-00011.jpg",497.501650128256,322.838953543733
88,"208_fs2-00011.jpg",496.95255300748,322.474313081162
89,"208_fs2-00011.jpg",496.407245241721,322.105206910997
90,"208_fs2-00011.jpg",495.865936017197,321.731574203804
91,"208_fs2-00011.jpg",495.328834520126,321.353354130148
92,"208_fs2-00011.jpg",494.796149936727,320.970485860596
93,"208_fs2-00011.jpg",494.268091453218,320.582908565712
94,"208_fs2-00011.jpg",493.744868255816,320.190561416064
95,"208_fs2-00011.jpg",493.226689530741,319.793383582217
96,"208_fs2-00011.jpg",492.713764464209,319.391314234736
97,"208_fs2-00011.jpg",492.206302242439,318.984292544188
98,"208_fs2-00011.jpg",491.70451205165,318.572257681139
99,"208_fs2-00011.jpg",491.208603078059,318.155148816153
100,"208_fs2-00011.jpg",490.718784507884,317.732905119799
101,"208_fs2-00011.jpg",490.235265527344,317.30546576264
102,"208_fs2-00011.jpg",489.758255322656,316.872769915243
103,"208_fs2-00011.jpg",489.28796308004,316.434756748173
104,"208_fs2-00011.jpg",488.824597985712,315.991365431998
105,"208_fs2-00011.jpg",488.368369225892,315.542535137282
106,"208_fs2-00011.jpg",487.919485986796,315.088205034591
107,"208_fs2-00011.jpg",487.478157454644,314.628314294491
108,"208_fs2-00011.jpg",487.044592815653,314.162802087549
109,"208_fs2-00011.jpg",486.619001256042,313.691607584329
110,"208_fs2-00011.jpg",486.199116883436,313.214703786578
111,"208_fs2-00011.jpg",485.782588919593,312.732199705935
112,"208_fs2-00011.jpg",485.369524095382,312.244238528667
113,"208_fs2-00011.jpg",484.960029148658,311.750963441044
114,"208_fs2-00011.jpg",484.554210817278,311.252517629336
115,"208_fs2-00011.jpg",484.1521758391,310.749044279811
116,"208_fs2-00011.jpg",483.754030951979,310.24068657874
117,"208_fs2-00011.jpg",483.359882893773,309.727587712392
118,"208_fs2-00011.jpg",482.969838402338,309.209890867035
119,"208_fs2-00011.jpg",482.584004215532,308.687739228939
120,"208_fs2-00011.jpg",482.20248707121,308.161275984374
121,"208_fs2-00011.jpg",481.82539370723,307.630644319608
122,"208_fs2-00011.jpg",481.452830861449,307.095987420912
123,"208_fs2-00011.jpg",481.084905271722,306.557448474553
124,"208_fs2-00011.jpg",480.721723675908,306.015170666803
125,"208_fs2-00011.jpg",480.363392811862,305.469297183929
126,"208_fs2-00011.jpg",480.010019417442,304.919971212202
127,"208_fs2-00011.jpg",479.661710230503,304.367335937891
128,"208_fs2-00011.jpg",479.318571988904,303.811534547264
129,"208_fs2-00011.jpg",478.9807114305,303.252710226592
130,"208_fs2-00011.jpg",478.648235293149,302.691006162144
131,"208_fs2-00011.jpg",478.321250314706,302.126565540188
132,"208_fs2-00011.jpg",477.99986323303,301.559531546995
133,"208_fs2-00011.jpg",477.684180785976,300.990047368833
134,"208_fs2-00011.jpg",477.374309711402,300.418256191972
135,"208_fs2-00011.jpg",477.070356747164,299.844301202681
136,"208_fs2-00011.jpg",476.772428631119,299.26832558723
137,"208_fs2-00011.jpg",476.480632101123,298.690472531887
138,"208_fs2-00011.jpg",476.195073895034,298.110885222923
139,"208_fs2-00011.jpg",475.915860750708,297.529706846606
140,"208_fs2-00011.jpg",475.641442810764,296.947075677604
141,"208_fs2-00011.jpg",475.364614773277,296.363047709896
142,"208_fs2-00011.jpg",475.085093700532,295.777610778474
143,"208_fs2-00011.jpg",474.803540526273,295.190750662494
144,"208_fs2-00011.jpg",474.520616184247,294.602453141114
145,"208_fs2-00011.jpg",474.236981608197,294.012703993493
146,"208_fs2-00011.jpg",473.95329773187,293.421488998787
147,"208_fs2-00011.jpg",473.67022548901,292.828793936156
148,"208_fs2-00011.jpg",473.388425813361,292.234604584756
149,"208_fs2-00011.jpg",473.10855963867,291.638906723746
150,"208_fs2-00011.jpg",472.831287898682,291.041686132282
151,"208_fs2-00011.jpg",472.55727152714,290.442928589523
152,"208_fs2-00011.jpg",472.287171457791,289.842619874628
153,"208_fs2-00011.jpg",472.021648624378,289.240745766752
154,"208_fs2-00011.jpg",471.761363960648,288.637292045054
155,"208_fs2-00011.jpg",471.506978400346,288.032244488693
156,"208_fs2-00011.jpg",471.259152877216,287.425588876825
157,"208_fs2-00011.jpg",471.018548325002,286.817310988608
158,"208_fs2-00011.jpg",470.785825677452,286.207396603201
159,"208_fs2-00011.jpg",470.561645868309,285.595831499761
160,"208_fs2-00011.jpg",470.346669831318,284.982601457445
161,"208_fs2-00011.jpg",470.141558500224,284.367692255411
162,"208_fs2-00011.jpg",469.946972808774,283.751089672818
163,"208_fs2-00011.jpg",469.76357369071,283.132779488823
164,"208_fs2-00011.jpg",469.592022079779,282.512747482584
165,"208_fs2-00011.jpg",469.432978909726,281.890979433258
166,"208_fs2-00011.jpg",469.287105114295,281.267461120003
167,"208_fs2-00011.jpg",469.155061627231,280.642178321978
168,"208_fs2-00011.jpg",469.037509382281,280.015116818339
169,"208_fs2-00011.jpg",468.935109313187,279.386262388244
170,"208_fs2-00011.jpg",468.848522353697,278.755600810852
171,"208_fs2-00011.jpg",468.778409437554,278.12311786532
172,"208_fs2-00011.jpg",468.720403329783,277.48880907408
173,"208_fs2-00011.jpg",468.663885911148,276.852746287197
174,"208_fs2-00011.jpg",468.608654305923,276.215037331195
175,"208_fs2-00011.jpg",468.554892740182,275.575790243777
176,"208_fs2-00011.jpg",468.502785439998,274.935113062645
177,"208_fs2-00011.jpg",468.452516631446,274.293113825501
178,"208_fs2-00011.jpg",468.404270540599,273.649900570049
179,"208_fs2-00011.jpg",468.358231393532,273.005581333992
180,"208_fs2-00011.jpg",468.314583416317,272.360264155031
181,"208_fs2-00011.jpg",468.273510835029,271.71405707087
182,"208_fs2-00011.jpg",468.235197875741,271.067068119211
183,"208_fs2-00011.jpg",468.199828764527,270.419405337757
184,"208_fs2-00011.jpg",468.167587727462,269.771176764212
185,"208_fs2-00011.jpg",468.138658990619,269.122490436276
186,"208_fs2-00011.jpg",468.113226780071,268.473454391654
187,"208_fs2-00011.jpg",468.091475321893,267.824176668048
188,"208_fs2-00011.jpg",468.073588842158,267.17476530316
189,"208_fs2-00011.jpg",468.059751566941,266.525328334694
190,"208_fs2-00011.jpg",468.050147722314,265.875973800352
191,"208_fs2-00011.jpg",468.044961534352,265.226809737836
192,"208_fs2-00011.jpg",468.044045364892,264.57794418485
193,"208_fs2-00011.jpg",468.044045364892,263.929485179096
194,"208_fs2-00011.jpg",468.044045364892,263.281540758277
195,"208_fs2-00011.jpg",468.044045364892,262.634218960095
196,"208_fs2-00011.jpg",468.044045364892,261.987627822254
197,"208_fs2-00011.jpg",468.044045364892,261.341875382456
198,"208_fs2-00011.jpg",468.044045364892,260.697069678403
199,"208_fs2-00011.jpg",468.044045364892,260.053318747799
200,"208_fs2-00011.jpg",468.044045364892,259.410730628346
