"points","Image","X","Y"
1,"207_fs2-00001.jpg",450,261.5
2,"207_fs2-00001.jpg",450.707952607257,261.588942631801
3,"207_fs2-00001.jpg",451.415905214513,261.675907692612
4,"207_fs2-00001.jpg",452.12385782177,261.760978595302
5,"207_fs2-00001.jpg",452.831810429027,261.844238752743
6,"207_fs2-00001.jpg",453.539763036284,261.925771577804
7,"207_fs2-00001.jpg",454.24771564354,262.005660483358
8,"207_fs2-00001.jpg",454.955668250797,262.083988882273
9,"207_fs2-00001.jpg",455.663620858054,262.160840187422
10,"207_fs2-00001.jpg",456.371573465311,262.236297811675
11,"207_fs2-00001.jpg",457.079526072567,262.310445167901
12,"207_fs2-00001.jpg",457.787478679824,262.383365668973
13,"207_fs2-00001.jpg",458.495431287081,262.455142727761
14,"207_fs2-00001.jpg",459.203383894337,262.525859757134
15,"207_fs2-00001.jpg",459.911336501594,262.595600169965
16,"207_fs2-00001.jpg",460.619289108851,262.664447379123
17,"207_fs2-00001.jpg",461.327241716108,262.732484797479
18,"207_fs2-00001.jpg",462.035194323364,262.799795837904
19,"207_fs2-00001.jpg",462.743146930621,262.866463913269
20,"207_fs2-00001.jpg",463.451099537878,262.932572436444
21,"207_fs2-00001.jpg",464.159052145135,262.9982048203
22,"207_fs2-00001.jpg",464.867004752391,263.063444477707
23,"207_fs2-00001.jpg",465.574957359648,263.128374821537
24,"207_fs2-00001.jpg",466.282909966905,263.193079264659
25,"207_fs2-00001.jpg",466.990862574161,263.257641219945
26,"207_fs2-00001.jpg",467.698822169963,263.322144100264
27,"207_fs2-00001.jpg",468.406899159747,263.386671318489
28,"207_fs2-00001.jpg",469.115116231963,263.451306287489
29,"207_fs2-00001.jpg",469.823453214317,263.516132420135
30,"207_fs2-00001.jpg",470.531889934513,263.581233129297
31,"207_fs2-00001.jpg",471.240406220257,263.646691827847
32,"207_fs2-00001.jpg",471.948981899253,263.712591928655
33,"207_fs2-00001.jpg",472.657596799205,263.779016844592
34,"207_fs2-00001.jpg",473.366230747819,263.846049988528
35,"207_fs2-00001.jpg",474.0748635728,263.913774773334
36,"207_fs2-00001.jpg",474.783475101851,263.98227461188
37,"207_fs2-00001.jpg",475.492045162678,264.051632917038
38,"207_fs2-00001.jpg",476.200553582985,264.121933101678
39,"207_fs2-00001.jpg",476.908980190478,264.19325857867
40,"207_fs2-00001.jpg",477.617304812861,264.265692760885
41,"207_fs2-00001.jpg",478.325507277839,264.339319061195
42,"207_fs2-00001.jpg",479.033567413116,264.414220892469
43,"207_fs2-00001.jpg",479.741465046398,264.490481667577
44,"207_fs2-00001.jpg",480.449180005388,264.568184799392
45,"207_fs2-00001.jpg",481.156692117793,264.647413700783
46,"207_fs2-00001.jpg",481.863981211316,264.728251784622
47,"207_fs2-00001.jpg",482.571027113662,264.810782463778
48,"207_fs2-00001.jpg",483.277809652537,264.895089151123
49,"207_fs2-00001.jpg",483.984308655644,264.981255259526
50,"207_fs2-00001.jpg",484.690503950689,265.06936420186
51,"207_fs2-00001.jpg",485.396375504763,265.159493768994
52,"207_fs2-00001.jpg",486.10191886403,265.251631896273
53,"207_fs2-00001.jpg",486.807149036151,265.345694293017
54,"207_fs2-00001.jpg",487.512082002821,265.441594625258
55,"207_fs2-00001.jpg",488.216733745735,265.539246559023
56,"207_fs2-00001.jpg",488.921120246589,265.638563760344
57,"207_fs2-00001.jpg",489.625257487078,265.73945989525
58,"207_fs2-00001.jpg",490.329161448895,265.84184862977
59,"207_fs2-00001.jpg",491.032848113738,265.945643629934
60,"207_fs2-00001.jpg",491.736333463301,266.050758561772
61,"207_fs2-00001.jpg",492.439633479278,266.157107091314
62,"207_fs2-00001.jpg",493.142764143366,266.264602884589
63,"207_fs2-00001.jpg",493.845741437258,266.373159607627
64,"207_fs2-00001.jpg",494.548581342652,266.482690926457
65,"207_fs2-00001.jpg",495.25129984124,266.59311050711
66,"207_fs2-00001.jpg",495.953912914718,266.704332015615
67,"207_fs2-00001.jpg",496.656436544783,266.816269118002
68,"207_fs2-00001.jpg",497.358886713128,266.9288354803
69,"207_fs2-00001.jpg",498.061279401448,267.041944768539
70,"207_fs2-00001.jpg",498.76363059144,267.155510648748
71,"207_fs2-00001.jpg",499.465956264797,267.269446786959
72,"207_fs2-00001.jpg",500.168272403216,267.383666849199
73,"207_fs2-00001.jpg",500.87059498839,267.498084501499
74,"207_fs2-00001.jpg",501.572940002016,267.612613409889
75,"207_fs2-00001.jpg",502.275323425789,267.727167240399
76,"207_fs2-00001.jpg",502.977761241403,267.841659659057
77,"207_fs2-00001.jpg",503.680269430553,267.956004331893
78,"207_fs2-00001.jpg",504.382863974935,268.070114924938
79,"207_fs2-00001.jpg",505.085560856244,268.183905104221
80,"207_fs2-00001.jpg",505.788376056175,268.297288535772
81,"207_fs2-00001.jpg",506.491325556422,268.41017888562
82,"207_fs2-00001.jpg",507.194425338682,268.522489819795
83,"207_fs2-00001.jpg",507.897691384649,268.634135004326
84,"207_fs2-00001.jpg",508.601139676018,268.745028105245
85,"207_fs2-00001.jpg",509.304786194485,268.855082788579
86,"207_fs2-00001.jpg",510.008646921744,268.96421272036
87,"207_fs2-00001.jpg",510.71273783949,269.072331566615
88,"207_fs2-00001.jpg",511.41707492942,269.179352993376
89,"207_fs2-00001.jpg",512.121674173227,269.285190666672
90,"207_fs2-00001.jpg",512.826551552607,269.389758252533
91,"207_fs2-00001.jpg",513.531723049255,269.492969416988
92,"207_fs2-00001.jpg",514.237204644866,269.594737826066
93,"207_fs2-00001.jpg",514.942959155512,269.694986590691
94,"207_fs2-00001.jpg",515.648881751625,269.793708739458
95,"207_fs2-00001.jpg",516.354964886267,269.890928682943
96,"207_fs2-00001.jpg",517.061204220344,269.986670980709
97,"207_fs2-00001.jpg",517.76759541476,270.08096019232
98,"207_fs2-00001.jpg",518.474134130422,270.17382087734
99,"207_fs2-00001.jpg",519.180816028236,270.265277595332
100,"207_fs2-00001.jpg",519.887636769108,270.35535490586
101,"207_fs2-00001.jpg",520.594592013943,270.444077368488
102,"207_fs2-00001.jpg",521.301677423647,270.531469542779
103,"207_fs2-00001.jpg",522.008888659127,270.617555988296
104,"207_fs2-00001.jpg",522.716221381287,270.702361264605
105,"207_fs2-00001.jpg",523.423671251034,270.785909931267
106,"207_fs2-00001.jpg",524.131233929274,270.868226547847
107,"207_fs2-00001.jpg",524.838905076913,270.949335673909
108,"207_fs2-00001.jpg",525.546680354856,271.029261869015
109,"207_fs2-00001.jpg",526.254555424009,271.108029692731
110,"207_fs2-00001.jpg",526.962525945278,271.185663704619
111,"207_fs2-00001.jpg",527.670587579569,271.262188464242
112,"207_fs2-00001.jpg",528.378735987788,271.337628531166
113,"207_fs2-00001.jpg",529.086966830841,271.412008464952
114,"207_fs2-00001.jpg",529.795275769633,271.485352825166
115,"207_fs2-00001.jpg",530.50365846507,271.55768617137
116,"207_fs2-00001.jpg",531.212110578058,271.629033063128
117,"207_fs2-00001.jpg",531.920627769504,271.699418060004
118,"207_fs2-00001.jpg",532.629205700312,271.768865721561
119,"207_fs2-00001.jpg",533.337840031389,271.837400607364
120,"207_fs2-00001.jpg",534.046526423641,271.905047276975
121,"207_fs2-00001.jpg",534.755260537973,271.971830289959
122,"207_fs2-00001.jpg",535.464038035291,272.037774205879
123,"207_fs2-00001.jpg",536.172854576502,272.102903584298
124,"207_fs2-00001.jpg",536.88170582251,272.167242984781
125,"207_fs2-00001.jpg",537.590587434222,272.23081696689
126,"207_fs2-00001.jpg",538.299495072544,272.29365009019
127,"207_fs2-00001.jpg",539.008424398381,272.355766914245
128,"207_fs2-00001.jpg",539.71737107264,272.417191998617
129,"207_fs2-00001.jpg",540.426330756226,272.477949902871
130,"207_fs2-00001.jpg",541.135299110045,272.538065186569
131,"207_fs2-00001.jpg",541.844271795002,272.597562409277
132,"207_fs2-00001.jpg",542.553244472005,272.656466130557
133,"207_fs2-00001.jpg",543.262212801958,272.714800909973
134,"207_fs2-00001.jpg",543.971172445768,272.772591307089
135,"207_fs2-00001.jpg",544.680119064339,272.829861881468
136,"207_fs2-00001.jpg",545.389048318579,272.886637192674
137,"207_fs2-00001.jpg",546.097955869393,272.94294180027
138,"207_fs2-00001.jpg",546.806837377687,272.998800263821
139,"207_fs2-00001.jpg",547.515688504367,273.05423714289
140,"207_fs2-00001.jpg",548.224504910338,273.10927699704
141,"207_fs2-00001.jpg",548.933282256506,273.163944385836
142,"207_fs2-00001.jpg",549.642016203777,273.21826386884
143,"207_fs2-00001.jpg",550.350702413058,273.272260005616
144,"207_fs2-00001.jpg",551.059336545254,273.325957355729
145,"207_fs2-00001.jpg",551.76791426127,273.379380478741
146,"207_fs2-00001.jpg",552.476510211531,273.432556520884
147,"207_fs2-00001.jpg",553.185458432276,273.485555229553
148,"207_fs2-00001.jpg",553.894760463959,273.538481261473
149,"207_fs2-00001.jpg",554.604373980339,273.591440302522
150,"207_fs2-00001.jpg",555.314256655174,273.644538038575
151,"207_fs2-00001.jpg",556.024366162224,273.697880155511
152,"207_fs2-00001.jpg",556.734660175245,273.751572339206
153,"207_fs2-00001.jpg",557.445096367997,273.805720275536
154,"207_fs2-00001.jpg",558.155632414238,273.860429650378
155,"207_fs2-00001.jpg",558.866225987726,273.915806149609
156,"207_fs2-00001.jpg",559.576834762219,273.971955459107
157,"207_fs2-00001.jpg",560.287416411477,274.028983264747
158,"207_fs2-00001.jpg",560.997928609257,274.086995252407
159,"207_fs2-00001.jpg",561.708329029318,274.146097107964
160,"207_fs2-00001.jpg",562.418575345418,274.206394517293
161,"207_fs2-00001.jpg",563.128625231315,274.267993166273
162,"207_fs2-00001.jpg",563.838436360768,274.33099874078
163,"207_fs2-00001.jpg",564.547966407536,274.39551692669
164,"207_fs2-00001.jpg",565.257173045376,274.461653409881
165,"207_fs2-00001.jpg",565.966013948048,274.529513876229
166,"207_fs2-00001.jpg",566.674446789308,274.599204011612
167,"207_fs2-00001.jpg",567.382429242917,274.670829501905
168,"207_fs2-00001.jpg",568.089918982631,274.744496032986
169,"207_fs2-00001.jpg",568.79687368221,274.820309290731
170,"207_fs2-00001.jpg",569.503251015412,274.898374961018
171,"207_fs2-00001.jpg",570.209008655996,274.978798729724
172,"207_fs2-00001.jpg",570.914104277719,275.061686282724
173,"207_fs2-00001.jpg",571.618495554339,275.147143305896
174,"207_fs2-00001.jpg",572.322162015276,275.235275485117
175,"207_fs2-00001.jpg",573.025352589222,275.326188506263
176,"207_fs2-00001.jpg",573.728149425413,275.419988055211
177,"207_fs2-00001.jpg",574.430553237697,275.516779817839
178,"207_fs2-00001.jpg",575.132564739921,275.616669480023
179,"207_fs2-00001.jpg",575.834184645932,275.719762727639
180,"207_fs2-00001.jpg",576.535413669579,275.826165246565
181,"207_fs2-00001.jpg",577.236252524708,275.935982722677
182,"207_fs2-00001.jpg",577.936701925169,276.049320841852
183,"207_fs2-00001.jpg",578.636762584807,276.166285289968
184,"207_fs2-00001.jpg",579.336435217472,276.2869817529
185,"207_fs2-00001.jpg",580.03572053701,276.411515916526
186,"207_fs2-00001.jpg",580.73461925727,276.539993466722
187,"207_fs2-00001.jpg",581.433132092098,276.672520089365
188,"207_fs2-00001.jpg",582.131259755343,276.809201470333
189,"207_fs2-00001.jpg",582.829002960852,276.950143295501
190,"207_fs2-00001.jpg",583.526362422473,277.095451250747
191,"207_fs2-00001.jpg",584.223338854053,277.245231021948
192,"207_fs2-00001.jpg",584.919932969441,277.39958829498
193,"207_fs2-00001.jpg",585.616145482483,277.55862875572
194,"207_fs2-00001.jpg",586.311977107028,277.722458090045
195,"207_fs2-00001.jpg",587.007428556923,277.891181983831
196,"207_fs2-00001.jpg",587.702500546015,278.064906122957
197,"207_fs2-00001.jpg",588.397193788153,278.243736193298
198,"207_fs2-00001.jpg",589.091508997184,278.427777880731
199,"207_fs2-00001.jpg",589.785446886956,278.617136871133
200,"207_fs2-00001.jpg",590.479008171316,278.81191885038
1,"207_fs2-00002.jpg",460,244
2,"207_fs2-00002.jpg",460.352741628643,244.624037911983
3,"207_fs2-00002.jpg",460.711173783536,245.242459702599
4,"207_fs2-00002.jpg",461.075228789522,245.855241074141
5,"207_fs2-00002.jpg",461.444838971441,246.462357728902
6,"207_fs2-00002.jpg",461.819936654134,247.063785369177
7,"207_fs2-00002.jpg",462.200454162443,247.659499697258
8,"207_fs2-00002.jpg",462.586323821209,248.249476415441
9,"207_fs2-00002.jpg",462.977477955273,248.833691226017
10,"207_fs2-00002.jpg",463.373848889475,249.412119831282
11,"207_fs2-00002.jpg",463.775368948659,249.984737933528
12,"207_fs2-00002.jpg",464.181970457663,250.55152123505
13,"207_fs2-00002.jpg",464.593585741331,251.112445438141
14,"207_fs2-00002.jpg",465.010147124502,251.667486245095
15,"207_fs2-00002.jpg",465.431586932018,252.216619358205
16,"207_fs2-00002.jpg",465.857837488721,252.759820479766
17,"207_fs2-00002.jpg",466.288831119451,253.29706531207
18,"207_fs2-00002.jpg",466.724500149049,253.828329557412
19,"207_fs2-00002.jpg",467.164776902357,254.353588918085
20,"207_fs2-00002.jpg",467.609593704216,254.872819096383
21,"207_fs2-00002.jpg",468.058882879468,255.3859957946
22,"207_fs2-00002.jpg",468.512576752952,255.893094715029
23,"207_fs2-00002.jpg",468.970607649511,256.394091559965
24,"207_fs2-00002.jpg",469.432907893986,256.8889620317
25,"207_fs2-00002.jpg",469.899409811217,257.377681832528
26,"207_fs2-00002.jpg",470.370045726047,257.860226664743
27,"207_fs2-00002.jpg",470.844747963315,258.33657223064
28,"207_fs2-00002.jpg",471.323448847864,258.80669423251
29,"207_fs2-00002.jpg",471.806080704535,259.27056837265
30,"207_fs2-00002.jpg",472.292575858168,259.72817035335
31,"207_fs2-00002.jpg",472.782866633605,260.179475876907
32,"207_fs2-00002.jpg",473.276885355688,260.624460645612
33,"207_fs2-00002.jpg",473.774564349256,261.063100361761
34,"207_fs2-00002.jpg",474.275835939152,261.495370727646
35,"207_fs2-00002.jpg",474.780632450216,261.921247445562
36,"207_fs2-00002.jpg",475.28888620729,262.340706217801
37,"207_fs2-00002.jpg",475.800684009793,262.753722746659
38,"207_fs2-00002.jpg",476.320265689474,263.160272734428
39,"207_fs2-00002.jpg",476.849318325806,263.560331883401
40,"207_fs2-00002.jpg",477.387503579581,263.953875895874
41,"207_fs2-00002.jpg",477.934483111594,264.340880474139
42,"207_fs2-00002.jpg",478.489918582637,264.72132132049
43,"207_fs2-00002.jpg",479.053471653505,265.095174137221
44,"207_fs2-00002.jpg",479.624803984989,265.462414626626
45,"207_fs2-00002.jpg",480.203577237884,265.823018490998
46,"207_fs2-00002.jpg",480.789453072983,266.176961432631
47,"207_fs2-00002.jpg",481.382093151079,266.524219153818
48,"207_fs2-00002.jpg",481.981159132965,266.864767356854
49,"207_fs2-00002.jpg",482.586312679435,267.198581744032
50,"207_fs2-00002.jpg",483.197215451282,267.525638017645
51,"207_fs2-00002.jpg",483.813529109299,267.845911879988
52,"207_fs2-00002.jpg",484.43491531428,268.159379033354
53,"207_fs2-00002.jpg",485.061035727017,268.466015180037
54,"207_fs2-00002.jpg",485.691552008305,268.76579602233
55,"207_fs2-00002.jpg",486.326125818936,269.058697262527
56,"207_fs2-00002.jpg",486.964418819704,269.344694602922
57,"207_fs2-00002.jpg",487.606092671402,269.623763745809
58,"207_fs2-00002.jpg",488.250809034824,269.895880393481
59,"207_fs2-00002.jpg",488.898229570761,270.161020248232
60,"207_fs2-00002.jpg",489.548015940009,270.419159012355
61,"207_fs2-00002.jpg",490.19982980336,270.670272388145
62,"207_fs2-00002.jpg",490.853332821608,270.914336077894
63,"207_fs2-00002.jpg",491.508186655545,271.151325783898
64,"207_fs2-00002.jpg",492.164052965965,271.381217208449
65,"207_fs2-00002.jpg",492.820593413662,271.60398605384
66,"207_fs2-00002.jpg",493.477469659428,271.819608022367
67,"207_fs2-00002.jpg",494.134343364058,272.028058816322
68,"207_fs2-00002.jpg",494.790876188343,272.229314137999
69,"207_fs2-00002.jpg",495.446729793079,272.423349689692
70,"207_fs2-00002.jpg",496.101565839057,272.610141173695
71,"207_fs2-00002.jpg",496.755045987071,272.7896642923
72,"207_fs2-00002.jpg",497.406831897914,272.961894747803
73,"207_fs2-00002.jpg",498.056585232381,273.126808242496
74,"207_fs2-00002.jpg",498.704614636631,273.284381019278
75,"207_fs2-00002.jpg",499.355357977926,273.434604973164
76,"207_fs2-00002.jpg",500.009599118926,273.577489680158
77,"207_fs2-00002.jpg",500.66719040695,273.713045664537
78,"207_fs2-00002.jpg",501.327984189317,273.841283450576
79,"207_fs2-00002.jpg",501.991832813345,273.962213562551
80,"207_fs2-00002.jpg",502.658588626354,274.075846524739
81,"207_fs2-00002.jpg",503.328103975662,274.182192861416
82,"207_fs2-00002.jpg",504.000231208587,274.281263096857
83,"207_fs2-00002.jpg",504.674822672448,274.373067755339
84,"207_fs2-00002.jpg",505.351730714564,274.457617361137
85,"207_fs2-00002.jpg",506.030807682254,274.534922438528
86,"207_fs2-00002.jpg",506.711905922836,274.604993511788
87,"207_fs2-00002.jpg",507.394877783629,274.667841105192
88,"207_fs2-00002.jpg",508.079575611952,274.723475743017
89,"207_fs2-00002.jpg",508.765851755124,274.771907949538
90,"207_fs2-00002.jpg",509.453558560462,274.813148249033
91,"207_fs2-00002.jpg",510.142548375287,274.847207165776
92,"207_fs2-00002.jpg",510.832673546916,274.874095224043
93,"207_fs2-00002.jpg",511.523786422668,274.893822948112
94,"207_fs2-00002.jpg",512.215739349861,274.906400862257
95,"207_fs2-00002.jpg",512.908384675816,274.911839490754
96,"207_fs2-00002.jpg",513.60157474785,274.910149357881
97,"207_fs2-00002.jpg",514.295161913282,274.901340987912
98,"207_fs2-00002.jpg",514.98899851943,274.885424905125
99,"207_fs2-00002.jpg",515.682936913614,274.862411633794
100,"207_fs2-00002.jpg",516.376829443152,274.832311698196
101,"207_fs2-00002.jpg",517.070528455363,274.795135622606
102,"207_fs2-00002.jpg",517.763886297565,274.750893931302
103,"207_fs2-00002.jpg",518.456755317077,274.699597148559
104,"207_fs2-00002.jpg",519.148987861219,274.641255798652
105,"207_fs2-00002.jpg",519.840436277307,274.575880405858
106,"207_fs2-00002.jpg",520.530952912662,274.503481494454
107,"207_fs2-00002.jpg",521.220390114602,274.424069588714
108,"207_fs2-00002.jpg",521.908600230446,274.337655212915
109,"207_fs2-00002.jpg",522.595435607512,274.244248891333
110,"207_fs2-00002.jpg",523.280748593119,274.143861148244
111,"207_fs2-00002.jpg",523.964391534586,274.036502507925
112,"207_fs2-00002.jpg",524.646216779231,273.92218349465
113,"207_fs2-00002.jpg",525.326076674373,273.800914632696
114,"207_fs2-00002.jpg",526.003823567331,273.672706446339
115,"207_fs2-00002.jpg",526.679309805424,273.537569459856
116,"207_fs2-00002.jpg",527.352387735969,273.395514197521
117,"207_fs2-00002.jpg",528.022909706287,273.246551183612
118,"207_fs2-00002.jpg",528.691278842246,273.090721511827
119,"207_fs2-00002.jpg",529.358631206712,272.928302213384
120,"207_fs2-00002.jpg",530.025036086587,272.759680115575
121,"207_fs2-00002.jpg",530.690523561578,272.585242656515
122,"207_fs2-00002.jpg",531.355123711393,272.405377274318
123,"207_fs2-00002.jpg",532.01886661574,272.2204714071
124,"207_fs2-00002.jpg",532.681782354326,272.030912492974
125,"207_fs2-00002.jpg",533.343901006858,271.837087970057
126,"207_fs2-00002.jpg",534.005252653044,271.639385276462
127,"207_fs2-00002.jpg",534.665867372592,271.438191850305
128,"207_fs2-00002.jpg",535.325775245209,271.2338951297
129,"207_fs2-00002.jpg",535.985006350603,271.026882552762
130,"207_fs2-00002.jpg",536.64359076848,270.817541557606
131,"207_fs2-00002.jpg",537.30155857855,270.606259582347
132,"207_fs2-00002.jpg",537.958939860518,270.3934240651
133,"207_fs2-00002.jpg",538.615764694094,270.179422443978
134,"207_fs2-00002.jpg",539.272063158984,269.964642157098
135,"207_fs2-00002.jpg",539.927865334895,269.749470642575
136,"207_fs2-00002.jpg",540.583201301536,269.534295338521
137,"207_fs2-00002.jpg",541.238101138614,269.319503683054
138,"207_fs2-00002.jpg",541.892594925836,269.105483114287
139,"207_fs2-00002.jpg",542.54671274291,268.892621070335
140,"207_fs2-00002.jpg",543.200484669543,268.681304989313
141,"207_fs2-00002.jpg",543.853940785444,268.471922309336
142,"207_fs2-00002.jpg",544.507111170318,268.264860468519
143,"207_fs2-00002.jpg",545.160025903875,268.060506904976
144,"207_fs2-00002.jpg",545.812715065822,267.859249056823
145,"207_fs2-00002.jpg",546.465208735865,267.661474362173
146,"207_fs2-00002.jpg",547.117536993714,267.467570259143
147,"207_fs2-00002.jpg",547.769729919074,267.277924185846
148,"207_fs2-00002.jpg",548.421817591654,267.092923580397
149,"207_fs2-00002.jpg",549.073830091161,266.912955880912
150,"207_fs2-00002.jpg",549.725797497303,266.738408525506
151,"207_fs2-00002.jpg",550.377749889787,266.569668952292
152,"207_fs2-00002.jpg",551.029717348321,266.407124599385
153,"207_fs2-00002.jpg",551.681729952612,266.251162904902
154,"207_fs2-00002.jpg",552.333817782368,266.102171306956
155,"207_fs2-00002.jpg",552.986010917297,265.960537243662
156,"207_fs2-00002.jpg",553.638339437105,265.826648153134
157,"207_fs2-00002.jpg",554.290833421501,265.700891473489
158,"207_fs2-00002.jpg",554.943522950191,265.58365464284
159,"207_fs2-00002.jpg",555.596438102885,265.475325099303
160,"207_fs2-00002.jpg",556.249608959288,265.376290280992
161,"207_fs2-00002.jpg",556.902873557393,265.286937626022
162,"207_fs2-00002.jpg",557.555989424131,265.207654572508
163,"207_fs2-00002.jpg",558.208955596286,265.138828558564
164,"207_fs2-00002.jpg",558.861772288128,265.080847022306
165,"207_fs2-00002.jpg",559.514439713925,265.034097401848
166,"207_fs2-00002.jpg",560.166958087948,264.998967135306
167,"207_fs2-00002.jpg",560.819327624464,264.975843660793
168,"207_fs2-00002.jpg",561.471548537744,264.965114416425
169,"207_fs2-00002.jpg",562.123621042057,264.967166840316
170,"207_fs2-00002.jpg",562.775545351671,264.982388370581
171,"207_fs2-00002.jpg",563.427321680856,265.011166445336
172,"207_fs2-00002.jpg",564.078950243882,265.053888502695
173,"207_fs2-00002.jpg",564.730431255017,265.110941980772
174,"207_fs2-00002.jpg",565.381764928531,265.182714317683
175,"207_fs2-00002.jpg",566.032951478693,265.269592951542
176,"207_fs2-00002.jpg",566.683991119772,265.371965320465
177,"207_fs2-00002.jpg",567.334884066038,265.490218862565
178,"207_fs2-00002.jpg",567.985630531759,265.624741015958
179,"207_fs2-00002.jpg",568.636230731205,265.775919218759
180,"207_fs2-00002.jpg",569.286684878645,265.944140909082
181,"207_fs2-00002.jpg",569.936993188348,266.129793525043
182,"207_fs2-00002.jpg",570.587155874584,266.333264504755
183,"207_fs2-00002.jpg",571.237173151622,266.554941286334
184,"207_fs2-00002.jpg",571.887045233731,266.795211307895
185,"207_fs2-00002.jpg",572.536772335179,267.054462007552
186,"207_fs2-00002.jpg",573.186354670238,267.333080823421
187,"207_fs2-00002.jpg",573.835792453175,267.631455193615
188,"207_fs2-00002.jpg",574.48508589826,267.949972556251
189,"207_fs2-00002.jpg",575.134235219762,268.289020349442
190,"207_fs2-00002.jpg",575.78324063195,268.648986011304
191,"207_fs2-00002.jpg",576.432102349094,269.03025697995
192,"207_fs2-00002.jpg",577.080820585462,269.433220693498
193,"207_fs2-00002.jpg",577.729395555325,269.858264590059
194,"207_fs2-00002.jpg",578.377827472951,270.305776107751
195,"207_fs2-00002.jpg",579.02611655261,270.776142684687
196,"207_fs2-00002.jpg",579.67426300857,271.269751758983
197,"207_fs2-00002.jpg",580.322267055101,271.786990768752
198,"207_fs2-00002.jpg",580.970128906472,272.328247152111
199,"207_fs2-00002.jpg",581.617848776952,272.893908347173
200,"207_fs2-00002.jpg",582.265426880811,273.484361792054
1,"207_fs2-00003.jpg",474.5,224.5
2,"207_fs2-00003.jpg",474.515478471498,225.188124676876
3,"207_fs2-00003.jpg",474.537342685649,225.877066828787
4,"207_fs2-00003.jpg",474.565298001431,226.566749582158
5,"207_fs2-00003.jpg",474.599049777821,227.25709606341
6,"207_fs2-00003.jpg",474.638303373798,227.948029398965
7,"207_fs2-00003.jpg",474.682764148339,228.639472715248
8,"207_fs2-00003.jpg",474.732137460423,229.331349138681
9,"207_fs2-00003.jpg",474.786128669025,230.023581795685
10,"207_fs2-00003.jpg",474.844443133125,230.716093812685
11,"207_fs2-00003.jpg",474.906786211701,231.408808316103
12,"207_fs2-00003.jpg",474.972863263729,232.101648432362
13,"207_fs2-00003.jpg",475.042379648188,232.794537287884
14,"207_fs2-00003.jpg",475.115040724055,233.487398009092
15,"207_fs2-00003.jpg",475.190551850308,234.180153722408
16,"207_fs2-00003.jpg",475.268618385925,234.872727554257
17,"207_fs2-00003.jpg",475.348945689884,235.56504263106
18,"207_fs2-00003.jpg",475.431239121162,236.25702207924
19,"207_fs2-00003.jpg",475.515204038737,236.948589025219
20,"207_fs2-00003.jpg",475.600545801587,237.639666595422
21,"207_fs2-00003.jpg",475.686969768689,238.33017791627
22,"207_fs2-00003.jpg",475.774253337038,239.020046114185
23,"207_fs2-00003.jpg",475.866954144002,239.709194315592
24,"207_fs2-00003.jpg",475.967751770629,240.397545646913
25,"207_fs2-00003.jpg",476.076400287975,241.085023234569
26,"207_fs2-00003.jpg",476.1926537671,241.771550204985
27,"207_fs2-00003.jpg",476.31626627906,242.457049684583
28,"207_fs2-00003.jpg",476.446991894914,243.141444799785
29,"207_fs2-00003.jpg",476.584584685719,243.824658677014
30,"207_fs2-00003.jpg",476.728798722532,244.506614442694
31,"207_fs2-00003.jpg",476.879388076413,245.187235223246
32,"207_fs2-00003.jpg",477.036106818418,245.866444145094
33,"207_fs2-00003.jpg",477.198709019605,246.544164334661
34,"207_fs2-00003.jpg",477.366948751032,247.220318918368
35,"207_fs2-00003.jpg",477.540580083757,247.894831022639
36,"207_fs2-00003.jpg",477.719357088837,248.567623773897
37,"207_fs2-00003.jpg",477.903033837331,249.238620298564
38,"207_fs2-00003.jpg",478.091364400296,249.907743723063
39,"207_fs2-00003.jpg",478.284102848789,250.574917173817
40,"207_fs2-00003.jpg",478.48100325387,251.240063777249
41,"207_fs2-00003.jpg",478.681819686594,251.903106659781
42,"207_fs2-00003.jpg",478.886306218021,252.563968947836
43,"207_fs2-00003.jpg",479.094216919208,253.222573767836
44,"207_fs2-00003.jpg",479.305305861212,253.878844246206
45,"207_fs2-00003.jpg",479.521448832964,254.53270317881
46,"207_fs2-00003.jpg",479.748481472828,255.184069962277
47,"207_fs2-00003.jpg",479.986454275053,255.8328619939
48,"207_fs2-00003.jpg",480.235030809894,256.478996645361
49,"207_fs2-00003.jpg",480.493874647607,257.122391288346
50,"207_fs2-00003.jpg",480.762649358448,257.762963294538
51,"207_fs2-00003.jpg",481.041018512673,258.400630035621
52,"207_fs2-00003.jpg",481.328645680537,259.035308883279
53,"207_fs2-00003.jpg",481.625194432296,259.666917209197
54,"207_fs2-00003.jpg",481.930328338207,260.295372385058
55,"207_fs2-00003.jpg",482.243710968524,260.920591782547
56,"207_fs2-00003.jpg",482.565005893503,261.542492773346
57,"207_fs2-00003.jpg",482.893876683402,262.160992729142
58,"207_fs2-00003.jpg",483.229986908474,262.776009021616
59,"207_fs2-00003.jpg",483.573000138976,263.387459022454
60,"207_fs2-00003.jpg",483.922579945164,263.99526010334
61,"207_fs2-00003.jpg",484.278389897294,264.599329635957
62,"207_fs2-00003.jpg",484.640093565621,265.19958499199
63,"207_fs2-00003.jpg",485.007354520401,265.795943543123
64,"207_fs2-00003.jpg",485.37983633189,266.388322661039
65,"207_fs2-00003.jpg",485.757202570344,266.976639717423
66,"207_fs2-00003.jpg",486.139116806018,267.560812083959
67,"207_fs2-00003.jpg",486.525242609169,268.14075713233
68,"207_fs2-00003.jpg",486.915243550052,268.716392234221
69,"207_fs2-00003.jpg",487.308783198923,269.287634761316
70,"207_fs2-00003.jpg",487.705525126037,269.854402085299
71,"207_fs2-00003.jpg",488.105325821771,270.416611268405
72,"207_fs2-00003.jpg",488.514194361591,270.974113898214
73,"207_fs2-00003.jpg",488.934830594322,271.526615542708
74,"207_fs2-00003.jpg",489.366848265026,272.073802022222
75,"207_fs2-00003.jpg",489.80986111877,272.615359157091
76,"207_fs2-00003.jpg",490.263482900619,273.150972767651
77,"207_fs2-00003.jpg",490.727327355637,273.680328674237
78,"207_fs2-00003.jpg",491.201008228889,274.203112697183
79,"207_fs2-00003.jpg",491.684139265441,274.719010656827
80,"207_fs2-00003.jpg",492.176334210357,275.227708373501
81,"207_fs2-00003.jpg",492.677206808702,275.728891667543
82,"207_fs2-00003.jpg",493.186370805542,276.222246359286
83,"207_fs2-00003.jpg",493.703439945941,276.707458269067
84,"207_fs2-00003.jpg",494.228027974964,277.184213217221
85,"207_fs2-00003.jpg",494.759748637677,277.652197024082
86,"207_fs2-00003.jpg",495.298215679144,278.111095509987
87,"207_fs2-00003.jpg",495.84304284443,278.56059449527
88,"207_fs2-00003.jpg",496.3938438786,279.000379800266
89,"207_fs2-00003.jpg",496.95023252672,279.430137245311
90,"207_fs2-00003.jpg",497.511822533854,279.849552650741
91,"207_fs2-00003.jpg",498.078227645067,280.258311836889
92,"207_fs2-00003.jpg",498.649061605425,280.656100624093
93,"207_fs2-00003.jpg",499.223938159991,281.042604832686
94,"207_fs2-00003.jpg",499.802471053832,281.417510283004
95,"207_fs2-00003.jpg",500.384274032012,281.780502795382
96,"207_fs2-00003.jpg",500.968960839596,282.131268190157
97,"207_fs2-00003.jpg",501.556145221649,282.469492287662
98,"207_fs2-00003.jpg",502.149273182511,282.794861734988
99,"207_fs2-00003.jpg",502.7585292083,283.107071587603
100,"207_fs2-00003.jpg",503.383442461215,283.405821804398
101,"207_fs2-00003.jpg",504.022855243482,283.690812405463
102,"207_fs2-00003.jpg",504.675609857326,283.961743410887
103,"207_fs2-00003.jpg",505.340548604974,284.21831484076
104,"207_fs2-00003.jpg",506.016513788652,284.46022671517
105,"207_fs2-00003.jpg",506.702347710587,284.687179054209
106,"207_fs2-00003.jpg",507.396892673004,284.898871877964
107,"207_fs2-00003.jpg",508.098990978129,285.095005206527
108,"207_fs2-00003.jpg",508.807484928189,285.275279059986
109,"207_fs2-00003.jpg",509.52121682541,285.439393458432
110,"207_fs2-00003.jpg",510.239028972017,285.587048421953
111,"207_fs2-00003.jpg",510.959763670238,285.717943970639
112,"207_fs2-00003.jpg",511.682263222297,285.831780124581
113,"207_fs2-00003.jpg",512.405369930422,285.928256903866
114,"207_fs2-00003.jpg",513.127926096839,286.007074328586
115,"207_fs2-00003.jpg",513.848774023773,286.06793241883
116,"207_fs2-00003.jpg",514.56675601345,286.110531194686
117,"207_fs2-00003.jpg",515.280714368098,286.134570676246
118,"207_fs2-00003.jpg",515.989491389941,286.139750883597
119,"207_fs2-00003.jpg",516.691929381207,286.125771836831
120,"207_fs2-00003.jpg",517.386870644121,286.092333556036
121,"207_fs2-00003.jpg",518.073157480909,286.039136061303
122,"207_fs2-00003.jpg",518.749632193798,285.96587937272
123,"207_fs2-00003.jpg",519.415137085013,285.872263510377
124,"207_fs2-00003.jpg",520.068514456781,285.757988494364
125,"207_fs2-00003.jpg",520.708629418806,285.622754398833
126,"207_fs2-00003.jpg",521.340036692183,285.466465062871
127,"207_fs2-00003.jpg",521.966914974579,285.289688339487
128,"207_fs2-00003.jpg",522.589436591567,285.093127114518
129,"207_fs2-00003.jpg",523.207773868719,284.877484273805
130,"207_fs2-00003.jpg",523.822099131609,284.643462703188
131,"207_fs2-00003.jpg",524.432584705807,284.391765288506
132,"207_fs2-00003.jpg",525.039402916888,284.123094915599
133,"207_fs2-00003.jpg",525.642726090422,283.838154470307
134,"207_fs2-00003.jpg",526.242726551983,283.537646838468
135,"207_fs2-00003.jpg",526.839576627142,283.222274905925
136,"207_fs2-00003.jpg",527.433448641473,282.892741558514
137,"207_fs2-00003.jpg",528.024514920547,282.549749682078
138,"207_fs2-00003.jpg",528.612947789938,282.194002162454
139,"207_fs2-00003.jpg",529.198919575216,281.826201885483
140,"207_fs2-00003.jpg",529.782602601956,281.447051737005
141,"207_fs2-00003.jpg",530.364169195728,281.057254602859
142,"207_fs2-00003.jpg",530.943791682106,280.657513368886
143,"207_fs2-00003.jpg",531.521642386662,280.248530920923
144,"207_fs2-00003.jpg",532.097893634968,279.831010144813
145,"207_fs2-00003.jpg",532.672717752597,279.405653926393
146,"207_fs2-00003.jpg",533.246287065121,278.973165151504
147,"207_fs2-00003.jpg",533.818773898112,278.534246705986
148,"207_fs2-00003.jpg",534.390350577143,278.089601475678
149,"207_fs2-00003.jpg",534.961189427787,277.639932346419
150,"207_fs2-00003.jpg",535.531462775614,277.185942204051
151,"207_fs2-00003.jpg",536.101342946199,276.728333934411
152,"207_fs2-00003.jpg",536.671002265114,276.267810423341
153,"207_fs2-00003.jpg",537.240613057929,275.805074556679
154,"207_fs2-00003.jpg",537.81034765022,275.340829220266
155,"207_fs2-00003.jpg",538.380378367556,274.875777299941
156,"207_fs2-00003.jpg",538.950877535511,274.410621681544
157,"207_fs2-00003.jpg",539.522017479659,273.946065250914
158,"207_fs2-00003.jpg",540.093970525568,273.482810893892
159,"207_fs2-00003.jpg",540.666908998816,273.021561496316
160,"207_fs2-00003.jpg",541.237434347736,272.562964597848
161,"207_fs2-00003.jpg",541.802161921531,272.107428132178
162,"207_fs2-00003.jpg",542.361882314241,271.655295207413
163,"207_fs2-00003.jpg",542.917388807945,271.206908930561
164,"207_fs2-00003.jpg",543.469474684729,270.762612408629
165,"207_fs2-00003.jpg",544.018933226669,270.322748748627
166,"207_fs2-00003.jpg",544.56655771585,269.887661057561
167,"207_fs2-00003.jpg",545.113141434352,269.45769244244
168,"207_fs2-00003.jpg",545.659477664256,269.033186010273
169,"207_fs2-00003.jpg",546.206359687643,268.614484868067
170,"207_fs2-00003.jpg",546.754580786598,268.20193212283
171,"207_fs2-00003.jpg",547.304934243198,267.795870881572
172,"207_fs2-00003.jpg",547.858213339525,267.396644251299
173,"207_fs2-00003.jpg",548.415211357663,267.00459533902
174,"207_fs2-00003.jpg",548.976721579691,266.620067251743
175,"207_fs2-00003.jpg",549.54353728769,266.243403096476
176,"207_fs2-00003.jpg",550.116451763743,265.874945980228
177,"207_fs2-00003.jpg",550.696258289932,265.515039010006
178,"207_fs2-00003.jpg",551.283750148336,265.164025292819
179,"207_fs2-00003.jpg",551.879720621038,264.822247935674
180,"207_fs2-00003.jpg",552.48492588549,264.490050045581
181,"207_fs2-00003.jpg",553.097408796419,264.167774729546
182,"207_fs2-00003.jpg",553.715643141546,263.855765094579
183,"207_fs2-00003.jpg",554.339559519413,263.554364247687
184,"207_fs2-00003.jpg",554.969088528562,263.263915295879
185,"207_fs2-00003.jpg",555.604160767537,262.984761346162
186,"207_fs2-00003.jpg",556.244706834882,262.717245505545
187,"207_fs2-00003.jpg",556.890657329138,262.461710881036
188,"207_fs2-00003.jpg",557.54194284885,262.218500579642
189,"207_fs2-00003.jpg",558.198493992558,261.987957708373
190,"207_fs2-00003.jpg",558.86024135881,261.770425374236
191,"207_fs2-00003.jpg",559.527115546146,261.56624668424
192,"207_fs2-00003.jpg",560.199047153107,261.375764745392
193,"207_fs2-00003.jpg",560.875966778241,261.199322664701
194,"207_fs2-00003.jpg",561.557805020086,261.037263549175
195,"207_fs2-00003.jpg",562.244492477188,260.889930505822
196,"207_fs2-00003.jpg",562.93595974809,260.757666641649
197,"207_fs2-00003.jpg",563.632137431332,260.640815063666
198,"207_fs2-00003.jpg",564.332956125462,260.539718878881
199,"207_fs2-00003.jpg",565.038346429018,260.454721194301
200,"207_fs2-00003.jpg",565.748238940547,260.386165116934
1,"207_fs2-00004.jpg",467,214
2,"207_fs2-00004.jpg",467.431338270467,214.593342559962
3,"207_fs2-00004.jpg",467.858135571736,215.189047138581
4,"207_fs2-00004.jpg",468.280315144737,215.787102147317
5,"207_fs2-00004.jpg",468.697800230405,216.387495997629
6,"207_fs2-00004.jpg",469.11051406967,216.990217100974
7,"207_fs2-00004.jpg",469.518379903466,217.595253868812
8,"207_fs2-00004.jpg",469.921320972723,218.202594712602
9,"207_fs2-00004.jpg",470.319260518374,218.812228043802
10,"207_fs2-00004.jpg",470.712121781352,219.424142273871
11,"207_fs2-00004.jpg",471.099828002588,220.038325814268
12,"207_fs2-00004.jpg",471.482302423015,220.654767076452
13,"207_fs2-00004.jpg",471.859468283564,221.273454471881
14,"207_fs2-00004.jpg",472.231248825168,221.894376412015
15,"207_fs2-00004.jpg",472.597567288759,222.517521308312
16,"207_fs2-00004.jpg",472.958346915269,223.14287757223
17,"207_fs2-00004.jpg",473.31351094563,223.77043361523
18,"207_fs2-00004.jpg",473.662982620774,224.400177848768
19,"207_fs2-00004.jpg",474.006685181634,225.032098684305
20,"207_fs2-00004.jpg",474.344541869142,225.666184533299
21,"207_fs2-00004.jpg",474.676475924229,226.302423807209
22,"207_fs2-00004.jpg",475.002410587828,226.940804917494
23,"207_fs2-00004.jpg",475.322269100871,227.581316275611
24,"207_fs2-00004.jpg",475.635974704291,228.223946293021
25,"207_fs2-00004.jpg",475.943450639018,228.868683381182
26,"207_fs2-00004.jpg",476.244620145985,229.515515951553
27,"207_fs2-00004.jpg",476.539406466126,230.164432415592
28,"207_fs2-00004.jpg",476.82773284037,230.815421184758
29,"207_fs2-00004.jpg",477.109522509652,231.46847067051
30,"207_fs2-00004.jpg",477.384698714902,232.123569284307
31,"207_fs2-00004.jpg",477.653184697054,232.780705437608
32,"207_fs2-00004.jpg",477.914903697038,233.439867541872
33,"207_fs2-00004.jpg",478.169778955788,234.101044008556
34,"207_fs2-00004.jpg",478.417733714235,234.764223249121
35,"207_fs2-00004.jpg",478.658691213312,235.429393675024
36,"207_fs2-00004.jpg",478.89257469395,236.096543697725
37,"207_fs2-00004.jpg",479.119307397082,236.765661728682
38,"207_fs2-00004.jpg",479.33881256364,237.436736179354
39,"207_fs2-00004.jpg",479.551013434556,238.1097554612
40,"207_fs2-00004.jpg",479.755571769665,238.784707985679
41,"207_fs2-00004.jpg",479.951805501706,239.461582164249
42,"207_fs2-00004.jpg",480.140190412537,240.14036640837
43,"207_fs2-00004.jpg",480.321290207836,240.8210491295
44,"207_fs2-00004.jpg",480.495668593284,241.503618739097
45,"207_fs2-00004.jpg",480.66388927456,242.188063648621
46,"207_fs2-00004.jpg",480.826515957342,242.874372269531
47,"207_fs2-00004.jpg",480.984112347311,243.562533013285
48,"207_fs2-00004.jpg",481.137242150146,244.252534291341
49,"207_fs2-00004.jpg",481.286469071526,244.94436451516
50,"207_fs2-00004.jpg",481.432356817131,245.638012096199
51,"207_fs2-00004.jpg",481.575469092639,246.333465445917
52,"207_fs2-00004.jpg",481.716369603731,247.030712975773
53,"207_fs2-00004.jpg",481.855622056086,247.729743097227
54,"207_fs2-00004.jpg",481.993790155383,248.430544221736
55,"207_fs2-00004.jpg",482.131437607302,249.133104760759
56,"207_fs2-00004.jpg",482.269128117522,249.837413125756
57,"207_fs2-00004.jpg",482.407425391722,250.543457728184
58,"207_fs2-00004.jpg",482.546893135582,251.251226979504
59,"207_fs2-00004.jpg",482.688095054782,251.960709291173
60,"207_fs2-00004.jpg",482.831594854999,252.67189307465
61,"207_fs2-00004.jpg",482.977956241915,253.384766741395
62,"207_fs2-00004.jpg",483.127742921209,254.099318702866
63,"207_fs2-00004.jpg",483.281518598559,254.815537370521
64,"207_fs2-00004.jpg",483.439846979645,255.53341115582
65,"207_fs2-00004.jpg",483.603262818002,256.252928446598
66,"207_fs2-00004.jpg",483.766673920689,256.974011984033
67,"207_fs2-00004.jpg",483.926364099266,257.696375518577
68,"207_fs2-00004.jpg",484.082821419386,258.419691303995
69,"207_fs2-00004.jpg",484.236533946697,259.14363159405
70,"207_fs2-00004.jpg",484.387989746852,259.867868642507
71,"207_fs2-00004.jpg",484.537676885501,260.592074703129
72,"207_fs2-00004.jpg",484.686083428296,261.31592202968
73,"207_fs2-00004.jpg",484.833697440886,262.039082875925
74,"207_fs2-00004.jpg",484.981006988923,262.761229495628
75,"207_fs2-00004.jpg",485.128500138059,263.482034142552
76,"207_fs2-00004.jpg",485.276664953942,264.201169070461
77,"207_fs2-00004.jpg",485.425989502226,264.91830653312
78,"207_fs2-00004.jpg",485.57696184856,265.633118784292
79,"207_fs2-00004.jpg",485.730070058595,266.345278077742
80,"207_fs2-00004.jpg",485.885802197982,267.054456667234
81,"207_fs2-00004.jpg",486.044646332373,267.760326806531
82,"207_fs2-00004.jpg",486.207090527417,268.462560749397
83,"207_fs2-00004.jpg",486.373622848767,269.160830749597
84,"207_fs2-00004.jpg",486.544731362072,269.854809060895
85,"207_fs2-00004.jpg",486.720904132984,270.544167937055
86,"207_fs2-00004.jpg",486.902629227154,271.228579631839
87,"207_fs2-00004.jpg",487.090394710232,271.907716399014
88,"207_fs2-00004.jpg",487.28468864787,272.581250492342
89,"207_fs2-00004.jpg",487.485999105717,273.248854165588
90,"207_fs2-00004.jpg",487.694814149426,273.910199672516
91,"207_fs2-00004.jpg",487.911621844647,274.564959266889
92,"207_fs2-00004.jpg",488.136910257031,275.212805202472
93,"207_fs2-00004.jpg",488.371167452229,275.853409733028
94,"207_fs2-00004.jpg",488.614881495891,276.486445112322
95,"207_fs2-00004.jpg",488.868540453669,277.111583594118
96,"207_fs2-00004.jpg",489.132632391214,277.72849743218
97,"207_fs2-00004.jpg",489.415284810141,278.336876010328
98,"207_fs2-00004.jpg",489.730407017177,278.936526910519
99,"207_fs2-00004.jpg",490.076659384323,279.52730757293
100,"207_fs2-00004.jpg",490.45233013331,280.109075613322
101,"207_fs2-00004.jpg",490.855707485871,280.681688647454
102,"207_fs2-00004.jpg",491.285079663736,281.245004291085
103,"207_fs2-00004.jpg",491.738734888636,281.798880159974
104,"207_fs2-00004.jpg",492.214961382304,282.343173869881
105,"207_fs2-00004.jpg",492.71204736647,282.877743036565
106,"207_fs2-00004.jpg",493.228281062866,283.402445275785
107,"207_fs2-00004.jpg",493.761950693222,283.9171382033
108,"207_fs2-00004.jpg",494.311344479271,284.42167943487
109,"207_fs2-00004.jpg",494.874750642743,284.915926586254
110,"207_fs2-00004.jpg",495.45045740537,285.399737273211
111,"207_fs2-00004.jpg",496.036752988883,285.8729691115
112,"207_fs2-00004.jpg",496.631925615013,286.335479716882
113,"207_fs2-00004.jpg",497.234263505492,286.787126705114
114,"207_fs2-00004.jpg",497.842054882052,287.227767691957
115,"207_fs2-00004.jpg",498.453587966422,287.65726029317
116,"207_fs2-00004.jpg",499.067150980335,288.075462124512
117,"207_fs2-00004.jpg",499.681032145522,288.482230801742
118,"207_fs2-00004.jpg",500.293519683714,288.877423940619
119,"207_fs2-00004.jpg",500.902901816643,289.260899156903
120,"207_fs2-00004.jpg",501.507466766039,289.632514066354
121,"207_fs2-00004.jpg",502.10607275462,289.992125945402
122,"207_fs2-00004.jpg",502.715376235255,290.339523112515
123,"207_fs2-00004.jpg",503.342851088255,290.674341469832
124,"207_fs2-00004.jpg",503.987274927748,290.996196517605
125,"207_fs2-00004.jpg",504.647425367862,291.304703756085
126,"207_fs2-00004.jpg",505.322080022727,291.599478685523
127,"207_fs2-00004.jpg",506.010016506472,291.880136806171
128,"207_fs2-00004.jpg",506.710012433225,292.14629361828
129,"207_fs2-00004.jpg",507.420845417117,292.397564622102
130,"207_fs2-00004.jpg",508.141293072274,292.633565317889
131,"207_fs2-00004.jpg",508.870133012827,292.853911205891
132,"207_fs2-00004.jpg",509.606142852905,293.058217786361
133,"207_fs2-00004.jpg",510.348100206636,293.246100559549
134,"207_fs2-00004.jpg",511.094782688149,293.417175025707
135,"207_fs2-00004.jpg",511.844967911574,293.571056685087
136,"207_fs2-00004.jpg",512.597433491038,293.70736103794
137,"207_fs2-00004.jpg",513.350957040672,293.825703584518
138,"207_fs2-00004.jpg",514.104316174604,293.925699825071
139,"207_fs2-00004.jpg",514.856288506962,294.006965259852
140,"207_fs2-00004.jpg",515.605651651877,294.069115389113
141,"207_fs2-00004.jpg",516.351183223476,294.111765713103
142,"207_fs2-00004.jpg",517.09166083589,294.134531732075
143,"207_fs2-00004.jpg",517.825862103246,294.137028946281
144,"207_fs2-00004.jpg",518.552564639673,294.118872855971
145,"207_fs2-00004.jpg",519.270546059302,294.079678961398
146,"207_fs2-00004.jpg",519.978583976259,294.019062762812
147,"207_fs2-00004.jpg",520.675456004676,293.936639760466
148,"207_fs2-00004.jpg",521.359939758679,293.83202545461
149,"207_fs2-00004.jpg",522.030812852399,293.704835345496
150,"207_fs2-00004.jpg",522.686852899965,293.554684933376
151,"207_fs2-00004.jpg",523.326837515504,293.381189718501
152,"207_fs2-00004.jpg",523.960632524685,293.184047063196
153,"207_fs2-00004.jpg",524.608112344813,292.963533052516
154,"207_fs2-00004.jpg",525.267342430907,292.72017321537
155,"207_fs2-00004.jpg",525.935801021077,292.45449405929
156,"207_fs2-00004.jpg",526.610966353437,292.167022091806
157,"207_fs2-00004.jpg",527.290316666098,291.85828382045
158,"207_fs2-00004.jpg",527.971330197174,291.528805752752
159,"207_fs2-00004.jpg",528.651485184775,291.179114396243
160,"207_fs2-00004.jpg",529.328259867016,290.809736258454
161,"207_fs2-00004.jpg",529.999132482007,290.421197846915
162,"207_fs2-00004.jpg",530.661581267863,290.014025669158
163,"207_fs2-00004.jpg",531.313084462694,289.588746232714
164,"207_fs2-00004.jpg",531.951120304613,289.145886045112
165,"207_fs2-00004.jpg",532.573167031733,288.685971613885
166,"207_fs2-00004.jpg",533.176702882165,288.209529446562
167,"207_fs2-00004.jpg",533.759206094023,287.717086050676
168,"207_fs2-00004.jpg",534.318154905419,287.209167933755
169,"207_fs2-00004.jpg",534.851027554464,286.686301603332
170,"207_fs2-00004.jpg",535.355302279272,286.149013566938
171,"207_fs2-00004.jpg",535.828457317954,285.597830332102
172,"207_fs2-00004.jpg",536.267970908624,285.033278406356
173,"207_fs2-00004.jpg",536.671321289393,284.455884297231
174,"207_fs2-00004.jpg",537.035986698374,283.866174512257
175,"207_fs2-00004.jpg",537.359445373679,283.264675558966
176,"207_fs2-00004.jpg",537.63917555342,282.651913944888
177,"207_fs2-00004.jpg",537.887190877105,282.028416177554
178,"207_fs2-00004.jpg",538.1321864407,281.394708764495
179,"207_fs2-00004.jpg",538.374341464085,280.751318213241
180,"207_fs2-00004.jpg",538.612907153013,280.098771031324
181,"207_fs2-00004.jpg",538.847134713236,279.437593726275
182,"207_fs2-00004.jpg",539.076275350507,278.768312805623
183,"207_fs2-00004.jpg",539.299580270577,278.091454776901
184,"207_fs2-00004.jpg",539.5163006792,277.407546147639
185,"207_fs2-00004.jpg",539.725687782127,276.717113425367
186,"207_fs2-00004.jpg",539.926992785111,276.020683117616
187,"207_fs2-00004.jpg",540.119466893906,275.318781731919
188,"207_fs2-00004.jpg",540.302361314261,274.611935775804
189,"207_fs2-00004.jpg",540.474927251932,273.900671756803
190,"207_fs2-00004.jpg",540.636415912669,273.185516182448
191,"207_fs2-00004.jpg",540.786078502225,272.466995560267
192,"207_fs2-00004.jpg",540.923166226353,271.745636397794
193,"207_fs2-00004.jpg",541.046930290805,271.021965202558
194,"207_fs2-00004.jpg",541.156621901333,270.29650848209
195,"207_fs2-00004.jpg",541.25149226369,269.569792743921
196,"207_fs2-00004.jpg",541.330792583628,268.842344495582
197,"207_fs2-00004.jpg",541.3937740669,268.114690244604
198,"207_fs2-00004.jpg",541.439687919258,267.387356498517
199,"207_fs2-00004.jpg",541.467785346454,266.660869764852
200,"207_fs2-00004.jpg",541.477317554241,265.935756551141
1,"207_fs2-00005.jpg",457.5,203
2,"207_fs2-00005.jpg",458.0518579643,203.529291793409
3,"207_fs2-00005.jpg",458.599995835853,204.0617173589
4,"207_fs2-00005.jpg",459.144330421503,204.597264315321
5,"207_fs2-00005.jpg",459.684778528094,205.135920281516
6,"207_fs2-00005.jpg",460.22125696247,205.677672876332
7,"207_fs2-00005.jpg",460.753682531474,206.222509718615
8,"207_fs2-00005.jpg",461.281972041952,206.770418427212
9,"207_fs2-00005.jpg",461.806042300746,207.321386620967
10,"207_fs2-00005.jpg",462.3258101147,207.875401918729
11,"207_fs2-00005.jpg",462.841192290659,208.432451939342
12,"207_fs2-00005.jpg",463.352105635466,208.992524301652
13,"207_fs2-00005.jpg",463.858466955965,209.555606624507
14,"207_fs2-00005.jpg",464.360193059001,210.121686526751
15,"207_fs2-00005.jpg",464.857200751415,210.690751627232
16,"207_fs2-00005.jpg",465.349406840054,211.262789544795
17,"207_fs2-00005.jpg",465.83672813176,211.837787898286
18,"207_fs2-00005.jpg",466.319081433378,212.415734306552
19,"207_fs2-00005.jpg",466.796383551751,212.996616388438
20,"207_fs2-00005.jpg",467.268551293724,213.580421762791
21,"207_fs2-00005.jpg",467.735501466139,214.167138048457
22,"207_fs2-00005.jpg",468.197150875842,214.756752864281
23,"207_fs2-00005.jpg",468.653416329675,215.349253829111
24,"207_fs2-00005.jpg",469.104214634483,215.944628561792
25,"207_fs2-00005.jpg",469.54946259711,216.542864681171
26,"207_fs2-00005.jpg",469.989077024399,217.143949806092
27,"207_fs2-00005.jpg",470.422974723195,217.747871555404
28,"207_fs2-00005.jpg",470.851072500341,218.354617547951
29,"207_fs2-00005.jpg",471.273287162681,218.96417540258
30,"207_fs2-00005.jpg",471.68953551706,219.576532738137
31,"207_fs2-00005.jpg",472.09973437032,220.191677173467
32,"207_fs2-00005.jpg",472.503800529306,220.809596327419
33,"207_fs2-00005.jpg",472.901650800861,221.430277818836
34,"207_fs2-00005.jpg",473.293201991831,222.053709266566
35,"207_fs2-00005.jpg",473.678370909057,222.679878289454
36,"207_fs2-00005.jpg",474.057074359385,223.308772506347
37,"207_fs2-00005.jpg",474.429229149658,223.940379536091
38,"207_fs2-00005.jpg",474.794752086721,224.574686997532
39,"207_fs2-00005.jpg",475.153559977416,225.211682509515
40,"207_fs2-00005.jpg",475.505569628588,225.851353690888
41,"207_fs2-00005.jpg",475.850697847081,226.493688160497
42,"207_fs2-00005.jpg",476.188861439738,227.138673537186
43,"207_fs2-00005.jpg",476.519977213404,227.786297439803
44,"207_fs2-00005.jpg",476.844340446716,228.436547487194
45,"207_fs2-00005.jpg",477.164930100618,229.089411298205
46,"207_fs2-00005.jpg",477.482372694062,229.744876491681
47,"207_fs2-00005.jpg",477.796634348088,230.40293068647
48,"207_fs2-00005.jpg",478.107681183738,231.063561501417
49,"207_fs2-00005.jpg",478.415479322052,231.726756555367
50,"207_fs2-00005.jpg",478.71999488407,232.392503467169
51,"207_fs2-00005.jpg",479.021193990833,233.060789855667
52,"207_fs2-00005.jpg",479.319042763381,233.731603339707
53,"207_fs2-00005.jpg",479.613507322754,234.404931538136
54,"207_fs2-00005.jpg",479.904553789994,235.0807620698
55,"207_fs2-00005.jpg",480.192148286141,235.759082553545
56,"207_fs2-00005.jpg",480.476256932234,236.439880608218
57,"207_fs2-00005.jpg",480.756845849316,237.123143852663
58,"207_fs2-00005.jpg",481.033881158425,237.808859905728
59,"207_fs2-00005.jpg",481.307328980603,238.497016386258
60,"207_fs2-00005.jpg",481.57715543689,239.1876009131
61,"207_fs2-00005.jpg",481.843326648327,239.8806011051
62,"207_fs2-00005.jpg",482.105808735954,240.576004581103
63,"207_fs2-00005.jpg",482.364567820811,241.273798959957
64,"207_fs2-00005.jpg",482.61957002394,241.973971860507
65,"207_fs2-00005.jpg",482.87078146638,242.676510901598
66,"207_fs2-00005.jpg",483.118168269172,243.381403702079
67,"207_fs2-00005.jpg",483.361696553357,244.088637880793
68,"207_fs2-00005.jpg",483.601332439974,244.798201056588
69,"207_fs2-00005.jpg",483.837042050066,245.51008084831
70,"207_fs2-00005.jpg",484.068791504671,246.224264874805
71,"207_fs2-00005.jpg",484.29654692483,246.940740754919
72,"207_fs2-00005.jpg",484.520274431585,247.659496107498
73,"207_fs2-00005.jpg",484.739940145975,248.380518551388
74,"207_fs2-00005.jpg",484.955510189042,249.103795705435
75,"207_fs2-00005.jpg",485.166950681824,249.829315188486
76,"207_fs2-00005.jpg",485.374227745364,250.557064619386
77,"207_fs2-00005.jpg",485.5773075007,251.287031616983
78,"207_fs2-00005.jpg",485.776156068875,252.01920380012
79,"207_fs2-00005.jpg",485.970739570929,252.753568787646
80,"207_fs2-00005.jpg",486.161024127901,253.490114198406
81,"207_fs2-00005.jpg",486.346975860832,254.228827651246
82,"207_fs2-00005.jpg",486.528560890764,254.969696765013
83,"207_fs2-00005.jpg",486.705745338735,255.712709158552
84,"207_fs2-00005.jpg",486.876662936698,256.457822721979
85,"207_fs2-00005.jpg",487.03943020259,257.204858637532
86,"207_fs2-00005.jpg",487.194549442261,257.953598816148
87,"207_fs2-00005.jpg",487.342527498293,258.703825165338
88,"207_fs2-00005.jpg",487.483871213269,259.455319592612
89,"207_fs2-00005.jpg",487.619087429772,260.207864005481
90,"207_fs2-00005.jpg",487.748682990386,260.961240311454
91,"207_fs2-00005.jpg",487.873164737693,261.715230418041
92,"207_fs2-00005.jpg",487.993039514276,262.469616232753
93,"207_fs2-00005.jpg",488.108814162719,263.224179663099
94,"207_fs2-00005.jpg",488.220995525604,263.978702616589
95,"207_fs2-00005.jpg",488.330090445514,264.732967000735
96,"207_fs2-00005.jpg",488.436605765033,265.486754723044
97,"207_fs2-00005.jpg",488.541048326742,266.239847691029
98,"207_fs2-00005.jpg",488.643924973226,266.992027812199
99,"207_fs2-00005.jpg",488.745742547068,267.743076994063
100,"207_fs2-00005.jpg",488.84700789085,268.492777144132
101,"207_fs2-00005.jpg",488.948227847155,269.240910169916
102,"207_fs2-00005.jpg",489.049909258566,269.987257978925
103,"207_fs2-00005.jpg",489.152558967667,270.73160247867
104,"207_fs2-00005.jpg",489.25668381704,271.473725576659
105,"207_fs2-00005.jpg",489.362790649268,272.213409180404
106,"207_fs2-00005.jpg",489.471386306935,272.950435197414
107,"207_fs2-00005.jpg",489.582977632623,273.6845855352
108,"207_fs2-00005.jpg",489.698071468916,274.41564210127
109,"207_fs2-00005.jpg",489.817174658396,275.143386803137
110,"207_fs2-00005.jpg",489.940794043646,275.867601548309
111,"207_fs2-00005.jpg",490.06943646725,276.588068244296
112,"207_fs2-00005.jpg",490.20360877179,277.30456879861
113,"207_fs2-00005.jpg",490.343817799849,278.016885118759
114,"207_fs2-00005.jpg",490.490570394011,278.724799112253
115,"207_fs2-00005.jpg",490.644373396858,279.428092686604
116,"207_fs2-00005.jpg",490.805733650974,280.126547749321
117,"207_fs2-00005.jpg",490.975157998941,280.819946207913
118,"207_fs2-00005.jpg",491.153153283342,281.508069969892
119,"207_fs2-00005.jpg",491.340226346761,282.190700942767
120,"207_fs2-00005.jpg",491.536884031781,282.867621034048
121,"207_fs2-00005.jpg",491.743633180983,283.538612151245
122,"207_fs2-00005.jpg",491.963656539464,284.203456056898
123,"207_fs2-00005.jpg",492.213544602064,284.861931000656
124,"207_fs2-00005.jpg",492.49491761322,285.513811617134
125,"207_fs2-00005.jpg",492.806391736069,286.158872375537
126,"207_fs2-00005.jpg",493.146583133744,286.796887745073
127,"207_fs2-00005.jpg",493.51410796938,287.427632194949
128,"207_fs2-00005.jpg",493.907582406112,288.050880194369
129,"207_fs2-00005.jpg",494.325622607074,288.666406212542
130,"207_fs2-00005.jpg",494.766844735401,289.273984718673
131,"207_fs2-00005.jpg",495.229864954228,289.87339018197
132,"207_fs2-00005.jpg",495.713299426688,290.464397071638
133,"207_fs2-00005.jpg",496.215764315917,291.046779856884
134,"207_fs2-00005.jpg",496.735875785049,291.620313006915
135,"207_fs2-00005.jpg",497.272249997219,292.184770990937
136,"207_fs2-00005.jpg",497.823503115562,292.739928278157
137,"207_fs2-00005.jpg",498.388251303211,293.285559337781
138,"207_fs2-00005.jpg",498.965110723302,293.821438639016
139,"207_fs2-00005.jpg",499.552697538969,294.347340651068
140,"207_fs2-00005.jpg",500.149627913347,294.863039843144
141,"207_fs2-00005.jpg",500.75451800957,295.36831068445
142,"207_fs2-00005.jpg",501.365983990773,295.862927644194
143,"207_fs2-00005.jpg",501.982642020091,296.34666519158
144,"207_fs2-00005.jpg",502.603108260658,296.819297795817
145,"207_fs2-00005.jpg",503.225998875608,297.28059992611
146,"207_fs2-00005.jpg",503.849930028076,297.730346051666
147,"207_fs2-00005.jpg",504.473517881198,298.168310641692
148,"207_fs2-00005.jpg",505.095378598107,298.594268165393
149,"207_fs2-00005.jpg",505.714128341938,299.007993091977
150,"207_fs2-00005.jpg",506.328383275825,299.409259890651
151,"207_fs2-00005.jpg",506.936759562904,299.79784303062
152,"207_fs2-00005.jpg",507.553416736887,300.173466768468
153,"207_fs2-00005.jpg",508.199487079693,300.535578156033
154,"207_fs2-00005.jpg",508.872680503555,300.88352910865
155,"207_fs2-00005.jpg",509.570483025102,301.216671456087
156,"207_fs2-00005.jpg",510.290380660964,301.534357028115
157,"207_fs2-00005.jpg",511.029859427771,301.835937654504
158,"207_fs2-00005.jpg",511.786405342153,302.120765165023
159,"207_fs2-00005.jpg",512.557504420738,302.388191389443
160,"207_fs2-00005.jpg",513.340642680157,302.637568157532
161,"207_fs2-00005.jpg",514.13330613704,302.868247299061
162,"207_fs2-00005.jpg",514.932980808016,303.0795806438
163,"207_fs2-00005.jpg",515.737152709715,303.270920021519
164,"207_fs2-00005.jpg",516.543307858766,303.441617261987
165,"207_fs2-00005.jpg",517.3489322718,303.591024194974
166,"207_fs2-00005.jpg",518.151511965445,303.718492650249
167,"207_fs2-00005.jpg",518.948532956333,303.823374457584
168,"207_fs2-00005.jpg",519.737481261091,303.905021446747
169,"207_fs2-00005.jpg",520.515842896351,303.962785447509
170,"207_fs2-00005.jpg",521.281103878741,303.996018289638
171,"207_fs2-00005.jpg",522.030750224892,304.004071802906
172,"207_fs2-00005.jpg",522.762267951432,303.986297817082
173,"207_fs2-00005.jpg",523.473143074993,303.942048161935
174,"207_fs2-00005.jpg",524.160861612203,303.870674667235
175,"207_fs2-00005.jpg",524.822909579693,303.771529162753
176,"207_fs2-00005.jpg",525.456772994091,303.643963478258
177,"207_fs2-00005.jpg",526.059937872028,303.48732944352
178,"207_fs2-00005.jpg",526.630948929385,303.300978888309
179,"207_fs2-00005.jpg",527.1876125726,303.084263642394
180,"207_fs2-00005.jpg",527.736894844747,302.836535535545
181,"207_fs2-00005.jpg",528.278525405645,302.557146397532
182,"207_fs2-00005.jpg",528.812233915116,302.245448058126
183,"207_fs2-00005.jpg",529.33775003298,301.900792347095
184,"207_fs2-00005.jpg",529.854803419058,301.52253109421
185,"207_fs2-00005.jpg",530.363123733169,301.11001612924
186,"207_fs2-00005.jpg",530.862440635135,300.662599281955
187,"207_fs2-00005.jpg",531.352483784776,300.179632382126
188,"207_fs2-00005.jpg",531.832982841913,299.660467259521
189,"207_fs2-00005.jpg",532.303667466366,299.104455743911
190,"207_fs2-00005.jpg",532.764267317956,298.510949665065
191,"207_fs2-00005.jpg",533.214512056504,297.879300852754
192,"207_fs2-00005.jpg",533.654131341829,297.208861136747
193,"207_fs2-00005.jpg",534.082854833752,296.498982346813
194,"207_fs2-00005.jpg",534.500412192094,295.749016312724
195,"207_fs2-00005.jpg",534.906533076676,294.958314864248
196,"207_fs2-00005.jpg",535.300947147319,294.126229831155
197,"207_fs2-00005.jpg",535.683384063841,293.252113043215
198,"207_fs2-00005.jpg",536.053573486065,292.335316330199
199,"207_fs2-00005.jpg",536.41124507381,291.375191521875
200,"207_fs2-00005.jpg",536.756128486898,290.371090448013
1,"207_fs2-00006.jpg",446.5,180
2,"207_fs2-00006.jpg",447.008474302061,180.57480583124
3,"207_fs2-00006.jpg",447.515714158829,181.148500583196
4,"207_fs2-00006.jpg",448.021712992263,181.721142836221
5,"207_fs2-00006.jpg",448.526464224324,182.292791170669
6,"207_fs2-00006.jpg",449.029961276973,182.863504166894
7,"207_fs2-00006.jpg",449.53219757217,183.433340405251
8,"207_fs2-00006.jpg",450.033166531876,184.002358466091
9,"207_fs2-00006.jpg",450.53286157805,184.57061692977
10,"207_fs2-00006.jpg",451.031276132655,185.138174376642
11,"207_fs2-00006.jpg",451.528403617649,185.705089387059
12,"207_fs2-00006.jpg",452.024237454993,186.271420541377
13,"207_fs2-00006.jpg",452.518771066648,186.837226419948
14,"207_fs2-00006.jpg",453.011997874574,187.402565603126
15,"207_fs2-00006.jpg",453.503911300732,187.967496671266
16,"207_fs2-00006.jpg",453.994504767081,188.532078204721
17,"207_fs2-00006.jpg",454.483771695584,189.096368783844
18,"207_fs2-00006.jpg",454.971705508199,189.660426988991
19,"207_fs2-00006.jpg",455.458299626888,190.224311400513
20,"207_fs2-00006.jpg",455.943547473611,190.788080598767
21,"207_fs2-00006.jpg",456.427442470328,191.351793164104
22,"207_fs2-00006.jpg",456.909978038999,191.915507676879
23,"207_fs2-00006.jpg",457.391147601586,192.479282717446
24,"207_fs2-00006.jpg",457.870944580049,193.043176866159
25,"207_fs2-00006.jpg",458.349362396347,193.60724870337
26,"207_fs2-00006.jpg",458.826394472442,194.171556809435
27,"207_fs2-00006.jpg",459.302034230294,194.736159764707
28,"207_fs2-00006.jpg",459.776275091864,195.30111614954
29,"207_fs2-00006.jpg",460.249110479111,195.866484544287
30,"207_fs2-00006.jpg",460.720533813997,196.432323529302
31,"207_fs2-00006.jpg",461.190538518481,196.99869168494
32,"207_fs2-00006.jpg",461.659118014524,197.565647591554
33,"207_fs2-00006.jpg",462.126265724088,198.133249829497
34,"207_fs2-00006.jpg",462.591975069131,198.701556979124
35,"207_fs2-00006.jpg",463.056239471615,199.270627620789
36,"207_fs2-00006.jpg",463.519052353499,199.840520334845
37,"207_fs2-00006.jpg",463.980407136745,200.411293701645
38,"207_fs2-00006.jpg",464.440297243313,200.983006301545
39,"207_fs2-00006.jpg",464.900029330683,201.555716714897
40,"207_fs2-00006.jpg",465.362163893611,202.129483522055
41,"207_fs2-00006.jpg",465.826475256063,202.704365303374
42,"207_fs2-00006.jpg",466.292650974908,203.280420639207
43,"207_fs2-00006.jpg",466.760378607019,203.857708109908
44,"207_fs2-00006.jpg",467.229345709263,204.43628629583
45,"207_fs2-00006.jpg",467.699239838514,205.016213777328
46,"207_fs2-00006.jpg",468.16974855164,205.597549134755
47,"207_fs2-00006.jpg",468.640559405512,206.180350948465
48,"207_fs2-00006.jpg",469.111359957001,206.764677798812
49,"207_fs2-00006.jpg",469.581837762977,207.35058826615
50,"207_fs2-00006.jpg",470.051680380311,207.938140930832
51,"207_fs2-00006.jpg",470.520575365873,208.527394373212
52,"207_fs2-00006.jpg",470.988210276533,209.118407173645
53,"207_fs2-00006.jpg",471.454272669162,209.711237912483
54,"207_fs2-00006.jpg",471.91845010063,210.305945170081
55,"207_fs2-00006.jpg",472.380430127808,210.902587526793
56,"207_fs2-00006.jpg",472.839900307566,211.501223562972
57,"207_fs2-00006.jpg",473.296548196775,212.101911858972
58,"207_fs2-00006.jpg",473.750061352305,212.704710995147
59,"207_fs2-00006.jpg",474.200127331027,213.309679551851
60,"207_fs2-00006.jpg",474.64643368981,213.916876109437
61,"207_fs2-00006.jpg",475.088667985527,214.52635924826
62,"207_fs2-00006.jpg",475.526517775045,215.138187548673
63,"207_fs2-00006.jpg",475.959670615238,215.75241959103
64,"207_fs2-00006.jpg",476.387814062973,216.369113955684
65,"207_fs2-00006.jpg",476.810635675124,216.988329222991
66,"207_fs2-00006.jpg",477.227823008558,217.610123973302
67,"207_fs2-00006.jpg",477.639063620148,218.234556786973
68,"207_fs2-00006.jpg",478.044045066764,218.861686244357
69,"207_fs2-00006.jpg",478.442454905275,219.491570925807
70,"207_fs2-00006.jpg",478.833980692553,220.124269411679
71,"207_fs2-00006.jpg",479.218309985467,220.759840282324
72,"207_fs2-00006.jpg",479.595130340889,221.398342118098
73,"207_fs2-00006.jpg",479.964129315689,222.039833499354
74,"207_fs2-00006.jpg",480.324994466737,222.684373006446
75,"207_fs2-00006.jpg",480.677413350903,223.332019219727
76,"207_fs2-00006.jpg",481.021073525059,223.982830719552
77,"207_fs2-00006.jpg",481.357679944656,224.636858133506
78,"207_fs2-00006.jpg",481.692895637699,225.294068763345
79,"207_fs2-00006.jpg",482.026884267495,225.954380190136
80,"207_fs2-00006.jpg",482.359425225555,226.617709330157
81,"207_fs2-00006.jpg",482.690297903387,227.283973099687
82,"207_fs2-00006.jpg",483.019281692502,227.953088415001
83,"207_fs2-00006.jpg",483.346155984409,228.624972192378
84,"207_fs2-00006.jpg",483.670700170619,229.299541348094
85,"207_fs2-00006.jpg",483.99269364264,229.976712798428
86,"207_fs2-00006.jpg",484.311915791982,230.656403459657
87,"207_fs2-00006.jpg",484.628146010157,231.338530248057
88,"207_fs2-00006.jpg",484.941163688672,232.023010079907
89,"207_fs2-00006.jpg",485.250748219038,232.709759871484
90,"207_fs2-00006.jpg",485.556678992765,233.398696539066
91,"207_fs2-00006.jpg",485.858735401362,234.089736998929
92,"207_fs2-00006.jpg",486.156696836339,234.782798167351
93,"207_fs2-00006.jpg",486.450342689207,235.477796960609
94,"207_fs2-00006.jpg",486.739452351474,236.174650294982
95,"207_fs2-00006.jpg",487.02380521465,236.873275086745
96,"207_fs2-00006.jpg",487.303180670246,237.573588252178
97,"207_fs2-00006.jpg",487.57735810977,238.275506707556
98,"207_fs2-00006.jpg",487.846116924733,238.978947369158
99,"207_fs2-00006.jpg",488.109236506645,239.683827153261
100,"207_fs2-00006.jpg",488.366496247015,240.390062976143
101,"207_fs2-00006.jpg",488.617675537353,241.097571754079
102,"207_fs2-00006.jpg",488.862553769169,241.806270403349
103,"207_fs2-00006.jpg",489.100910333972,242.51607584023
104,"207_fs2-00006.jpg",489.332524623273,243.226904980998
105,"207_fs2-00006.jpg",489.55717602858,243.938674741932
106,"207_fs2-00006.jpg",489.774643941405,244.651302039308
107,"207_fs2-00006.jpg",489.984707753255,245.364703789405
108,"207_fs2-00006.jpg",490.187146855643,246.078796908499
109,"207_fs2-00006.jpg",490.381740640076,246.793498312868
110,"207_fs2-00006.jpg",490.568268498065,247.508724918789
111,"207_fs2-00006.jpg",490.74650982112,248.22439364254
112,"207_fs2-00006.jpg",490.916705740872,248.940422434417
113,"207_fs2-00006.jpg",491.084855636359,249.656794500969
114,"207_fs2-00006.jpg",491.252642370992,250.373596089278
115,"207_fs2-00006.jpg",491.419777050915,251.090922535165
116,"207_fs2-00006.jpg",491.585970782271,251.808869174452
117,"207_fs2-00006.jpg",491.750934671204,252.527531342962
118,"207_fs2-00006.jpg",491.914379823857,253.247004376517
119,"207_fs2-00006.jpg",492.076017346375,253.96738361094
120,"207_fs2-00006.jpg",492.235558344902,254.688764382053
121,"207_fs2-00006.jpg",492.39271392558,255.411242025679
122,"207_fs2-00006.jpg",492.547195194554,256.13491187764
123,"207_fs2-00006.jpg",492.698713257967,256.859869273758
124,"207_fs2-00006.jpg",492.846979221963,257.586209549856
125,"207_fs2-00006.jpg",492.991704192685,258.314028041757
126,"207_fs2-00006.jpg",493.132599276279,259.043420085282
127,"207_fs2-00006.jpg",493.269375578886,259.774481016254
128,"207_fs2-00006.jpg",493.401744206651,260.507306170496
129,"207_fs2-00006.jpg",493.529416265717,261.241990883829
130,"207_fs2-00006.jpg",493.652102862229,261.978630492077
131,"207_fs2-00006.jpg",493.76951510233,262.717320331062
132,"207_fs2-00006.jpg",493.881364092163,263.458155736606
133,"207_fs2-00006.jpg",493.987360937873,264.201232044532
134,"207_fs2-00006.jpg",494.087216745602,264.946644590661
135,"207_fs2-00006.jpg",494.180642621496,265.694488710817
136,"207_fs2-00006.jpg",494.267349671696,266.444859740822
137,"207_fs2-00006.jpg",494.347049002348,267.197853016499
138,"207_fs2-00006.jpg",494.419451719595,267.953563873669
139,"207_fs2-00006.jpg",494.48426892958,268.712087648155
140,"207_fs2-00006.jpg",494.541211738448,269.47351967578
141,"207_fs2-00006.jpg",494.589991252341,270.237955292365
142,"207_fs2-00006.jpg",494.630318577405,271.005489833734
143,"207_fs2-00006.jpg",494.662520228724,271.776209763478
144,"207_fs2-00006.jpg",494.691012167205,272.549940948132
145,"207_fs2-00006.jpg",494.716886767894,273.326212742373
146,"207_fs2-00006.jpg",494.740345797544,274.104538408126
147,"207_fs2-00006.jpg",494.761591022907,274.884431207319
148,"207_fs2-00006.jpg",494.780824210733,275.665404401877
149,"207_fs2-00006.jpg",494.798247127775,276.446971253728
150,"207_fs2-00006.jpg",494.814061540783,277.228645024796
151,"207_fs2-00006.jpg",494.828469216508,278.009938977009
152,"207_fs2-00006.jpg",494.841671921704,278.790366372293
153,"207_fs2-00006.jpg",494.85387142312,279.569440472574
154,"207_fs2-00006.jpg",494.865269487508,280.346674539779
155,"207_fs2-00006.jpg",494.876067881621,281.121581835833
156,"207_fs2-00006.jpg",494.886468372208,281.893675622664
157,"207_fs2-00006.jpg",494.896672726022,282.662469162197
158,"207_fs2-00006.jpg",494.906882709815,283.427475716359
159,"207_fs2-00006.jpg",494.917300090336,284.188208547076
160,"207_fs2-00006.jpg",494.928126634339,284.944180916274
161,"207_fs2-00006.jpg",494.939564108574,285.694906085881
162,"207_fs2-00006.jpg",494.951814279793,286.439897317821
163,"207_fs2-00006.jpg",494.965078914747,287.178667874022
164,"207_fs2-00006.jpg",494.979559780188,287.91073101641
165,"207_fs2-00006.jpg",494.995458642868,288.635600006911
166,"207_fs2-00006.jpg",495.012977269536,289.352788107452
167,"207_fs2-00006.jpg",495.032317426946,290.061808579958
168,"207_fs2-00006.jpg",495.053680881848,290.762174686356
169,"207_fs2-00006.jpg",495.077269400995,291.453399688573
170,"207_fs2-00006.jpg",495.103284751136,292.134996848535
171,"207_fs2-00006.jpg",495.131928699025,292.806479428167
172,"207_fs2-00006.jpg",495.163403011411,293.467360689397
173,"207_fs2-00006.jpg",495.199475250305,294.117153894151
174,"207_fs2-00006.jpg",495.280488929144,294.755372304355
175,"207_fs2-00006.jpg",495.422316149042,295.381529181935
176,"207_fs2-00006.jpg",495.622580145274,295.995137788818
177,"207_fs2-00006.jpg",495.878904153111,296.59571138693
178,"207_fs2-00006.jpg",496.188911407827,297.182763238198
179,"207_fs2-00006.jpg",496.550225144696,297.755806604547
180,"207_fs2-00006.jpg",496.96046859899,298.314354747904
181,"207_fs2-00006.jpg",497.417265005983,298.857920930196
182,"207_fs2-00006.jpg",497.918237600948,299.386018413348
183,"207_fs2-00006.jpg",498.461009619159,299.898160459288
184,"207_fs2-00006.jpg",499.043204295887,300.39386032994
185,"207_fs2-00006.jpg",499.662444866407,300.872631287233
186,"207_fs2-00006.jpg",500.316354565992,301.333986593091
187,"207_fs2-00006.jpg",501.002556629915,301.777439509442
188,"207_fs2-00006.jpg",501.718674293449,302.202503298211
189,"207_fs2-00006.jpg",502.462330791867,302.608691221326
190,"207_fs2-00006.jpg",503.231149360443,302.995516540711
191,"207_fs2-00006.jpg",504.02275323445,303.362492518295
192,"207_fs2-00006.jpg",504.834765649161,303.709132416002
193,"207_fs2-00006.jpg",505.664809839849,304.034949495759
194,"207_fs2-00006.jpg",506.510509041787,304.339457019494
195,"207_fs2-00006.jpg",507.369486490249,304.622168249131
196,"207_fs2-00006.jpg",508.239365420508,304.882596446597
197,"207_fs2-00006.jpg",509.117769067837,305.120254873819
198,"207_fs2-00006.jpg",510.002320667509,305.334656792723
199,"207_fs2-00006.jpg",510.890643454798,305.525315465236
200,"207_fs2-00006.jpg",511.780360664976,305.691744153283
1,"207_fs2-00007.jpg",443.5,164
2,"207_fs2-00007.jpg",443.704762647736,164.700333782958
3,"207_fs2-00007.jpg",443.913227739045,165.39743579999
4,"207_fs2-00007.jpg",444.125352507476,166.091340310604
5,"207_fs2-00007.jpg",444.341094186577,166.782081574306
6,"207_fs2-00007.jpg",444.560410009898,167.469693850605
7,"207_fs2-00007.jpg",444.783257210986,168.154211399007
8,"207_fs2-00007.jpg",445.009593023391,168.835668479021
9,"207_fs2-00007.jpg",445.239374680662,169.514099350153
10,"207_fs2-00007.jpg",445.472559416347,170.189538271912
11,"207_fs2-00007.jpg",445.709104463995,170.862019503804
12,"207_fs2-00007.jpg",445.948967057155,171.531577305338
13,"207_fs2-00007.jpg",446.192104429375,172.19824593602
14,"207_fs2-00007.jpg",446.438473814204,172.862059655358
15,"207_fs2-00007.jpg",446.688032445191,173.52305272286
16,"207_fs2-00007.jpg",446.940737555885,174.181259398033
17,"207_fs2-00007.jpg",447.196546379834,174.836713940384
18,"207_fs2-00007.jpg",447.455416150588,175.489450609421
19,"207_fs2-00007.jpg",447.717304101694,176.139503664652
20,"207_fs2-00007.jpg",447.982167466702,176.786907365583
21,"207_fs2-00007.jpg",448.24996347916,177.431695971723
22,"207_fs2-00007.jpg",448.520649372617,178.073903742579
23,"207_fs2-00007.jpg",448.794182380622,178.713564937658
24,"207_fs2-00007.jpg",449.070519736724,179.350713816468
25,"207_fs2-00007.jpg",449.349618674471,179.985384638516
26,"207_fs2-00007.jpg",449.631436427412,180.61761166331
27,"207_fs2-00007.jpg",449.915930229096,181.247429150357
28,"207_fs2-00007.jpg",450.203057313071,181.874871359165
29,"207_fs2-00007.jpg",450.492774912887,182.499972549241
30,"207_fs2-00007.jpg",450.785040262091,183.122766980092
31,"207_fs2-00007.jpg",451.079810594233,183.743288911227
32,"207_fs2-00007.jpg",451.377043142862,184.361572602152
33,"207_fs2-00007.jpg",451.676695141526,184.977652312375
34,"207_fs2-00007.jpg",451.978723823774,185.591562301403
35,"207_fs2-00007.jpg",452.283086423155,186.203336828745
36,"207_fs2-00007.jpg",452.589740173217,186.813010153906
37,"207_fs2-00007.jpg",452.898642307509,187.420616536396
38,"207_fs2-00007.jpg",453.20975005958,188.026190235721
39,"207_fs2-00007.jpg",453.523020662979,188.629765511389
40,"207_fs2-00007.jpg",453.838411351254,189.231376622907
41,"207_fs2-00007.jpg",454.155879357954,189.831057829783
42,"207_fs2-00007.jpg",454.475381916628,190.428843391524
43,"207_fs2-00007.jpg",454.796876260825,191.024767567638
44,"207_fs2-00007.jpg",455.120319624093,191.618864617632
45,"207_fs2-00007.jpg",455.445720062488,192.211168801014
46,"207_fs2-00007.jpg",455.776473191517,192.80171437729
47,"207_fs2-00007.jpg",456.114468571258,193.39053560597
48,"207_fs2-00007.jpg",456.459448357296,193.977666746559
49,"207_fs2-00007.jpg",456.811154705218,194.563142058566
50,"207_fs2-00007.jpg",457.169329770612,195.146995801497
51,"207_fs2-00007.jpg",457.533715709064,195.729262234862
52,"207_fs2-00007.jpg",457.904054676161,196.309975618166
53,"207_fs2-00007.jpg",458.28008882749,196.889170210917
54,"207_fs2-00007.jpg",458.661560318637,197.466880272624
55,"207_fs2-00007.jpg",459.048211305189,198.043140062792
56,"207_fs2-00007.jpg",459.439783942733,198.617983840931
57,"207_fs2-00007.jpg",459.836020386856,199.191445866547
58,"207_fs2-00007.jpg",460.236662793144,199.763560399147
59,"207_fs2-00007.jpg",460.641453317185,200.33436169824
60,"207_fs2-00007.jpg",461.050134114564,200.903884023332
61,"207_fs2-00007.jpg",461.46244734087,201.472161633932
62,"207_fs2-00007.jpg",461.878135151688,202.039228789546
63,"207_fs2-00007.jpg",462.296939702606,202.605119749682
64,"207_fs2-00007.jpg",462.71860314921,203.169868773847
65,"207_fs2-00007.jpg",463.142867647087,203.73351012155
66,"207_fs2-00007.jpg",463.569475351824,204.296078052297
67,"207_fs2-00007.jpg",463.998168419008,204.857606825597
68,"207_fs2-00007.jpg",464.428689004224,205.418130700955
69,"207_fs2-00007.jpg",464.860779263061,205.97768393788
70,"207_fs2-00007.jpg",465.294181351105,206.53630079588
71,"207_fs2-00007.jpg",465.728637423943,207.094015534462
72,"207_fs2-00007.jpg",466.163889637161,207.650862413133
73,"207_fs2-00007.jpg",466.599680146346,208.206875691401
74,"207_fs2-00007.jpg",467.035751107085,208.762089628772
75,"207_fs2-00007.jpg",467.471844674966,209.316538484756
76,"207_fs2-00007.jpg",467.907703005573,209.870256518859
77,"207_fs2-00007.jpg",468.343068254496,210.423277990588
78,"207_fs2-00007.jpg",468.777682577319,210.975637159452
79,"207_fs2-00007.jpg",469.21128812963,211.527368284957
80,"207_fs2-00007.jpg",469.643627067016,212.078505626611
81,"207_fs2-00007.jpg",470.074441545064,212.629083443922
82,"207_fs2-00007.jpg",470.50347371936,213.179135996396
83,"207_fs2-00007.jpg",470.930465745491,213.728697543542
84,"207_fs2-00007.jpg",471.355159779043,214.277802344868
85,"207_fs2-00007.jpg",471.777297975605,214.826484659879
86,"207_fs2-00007.jpg",472.196622490762,215.374778748084
87,"207_fs2-00007.jpg",472.612875480101,215.922718868991
88,"207_fs2-00007.jpg",473.025799099209,216.470339282106
89,"207_fs2-00007.jpg",473.435135503673,217.017674246938
90,"207_fs2-00007.jpg",473.844876047503,217.564765104324
91,"207_fs2-00007.jpg",474.258966543456,218.111681532421
92,"207_fs2-00007.jpg",474.677077226145,218.658500296716
93,"207_fs2-00007.jpg",475.098878330098,219.205298162695
94,"207_fs2-00007.jpg",475.524040089845,219.752151895844
95,"207_fs2-00007.jpg",475.952232739912,220.29913826165
96,"207_fs2-00007.jpg",476.383126514829,220.846334025601
97,"207_fs2-00007.jpg",476.816391649123,221.393815953181
98,"207_fs2-00007.jpg",477.251698377323,221.941660809879
99,"207_fs2-00007.jpg",477.688716933957,222.48994536118
100,"207_fs2-00007.jpg",478.127117553553,223.03874637257
101,"207_fs2-00007.jpg",478.56657047064,223.588140609538
102,"207_fs2-00007.jpg",479.006745919746,224.138204837568
103,"207_fs2-00007.jpg",479.4473141354,224.689015822148
104,"207_fs2-00007.jpg",479.887945352128,225.240650328764
105,"207_fs2-00007.jpg",480.328309804461,225.793185122903
106,"207_fs2-00007.jpg",480.768077726925,226.346696970051
107,"207_fs2-00007.jpg",481.20691935405,226.901262635695
108,"207_fs2-00007.jpg",481.644504920363,227.456958885321
109,"207_fs2-00007.jpg",482.080504660394,228.013862484417
110,"207_fs2-00007.jpg",482.514588808669,228.572050198467
111,"207_fs2-00007.jpg",482.946427599718,229.13159879296
112,"207_fs2-00007.jpg",483.375691268068,229.692585033381
113,"207_fs2-00007.jpg",483.802050048249,230.255085685218
114,"207_fs2-00007.jpg",484.225174174787,230.819177513956
115,"207_fs2-00007.jpg",484.644733882212,231.384937285082
116,"207_fs2-00007.jpg",485.060399405052,231.952441764083
117,"207_fs2-00007.jpg",485.471840977835,232.521767716446
118,"207_fs2-00007.jpg",485.87872883509,233.092991907656
119,"207_fs2-00007.jpg",486.280733211344,233.666191103201
120,"207_fs2-00007.jpg",486.677524341125,234.241442068566
121,"207_fs2-00007.jpg",487.068772458963,234.818821569239
122,"207_fs2-00007.jpg",487.454147799386,235.398406370707
123,"207_fs2-00007.jpg",487.833320596921,235.980273238455
124,"207_fs2-00007.jpg",488.205961086097,236.56449893797
125,"207_fs2-00007.jpg",488.571739501442,237.151160234739
126,"207_fs2-00007.jpg",488.930326077485,237.740333894248
127,"207_fs2-00007.jpg",489.281391048754,238.332096681984
128,"207_fs2-00007.jpg",489.624604649777,238.926525363433
129,"207_fs2-00007.jpg",489.959637115082,239.523696704083
130,"207_fs2-00007.jpg",490.286158679198,240.123687469418
131,"207_fs2-00007.jpg",490.603839576652,240.726574424927
132,"207_fs2-00007.jpg",490.912350041974,241.332434336096
133,"207_fs2-00007.jpg",491.218450390817,241.941324599487
134,"207_fs2-00007.jpg",491.530159892395,242.553212653823
135,"207_fs2-00007.jpg",491.846782904016,243.168039840886
136,"207_fs2-00007.jpg",492.167604213884,243.785747499682
137,"207_fs2-00007.jpg",492.491908610199,244.40627696922
138,"207_fs2-00007.jpg",492.818980881164,245.029569588508
139,"207_fs2-00007.jpg",493.148105814981,245.655566696552
140,"207_fs2-00007.jpg",493.478568199851,246.284209632361
141,"207_fs2-00007.jpg",493.809652823977,246.915439734942
142,"207_fs2-00007.jpg",494.140644475559,247.549198343302
143,"207_fs2-00007.jpg",494.4708279428,248.18542679645
144,"207_fs2-00007.jpg",494.799488013902,248.824066433392
145,"207_fs2-00007.jpg",495.125909477066,249.465058593137
146,"207_fs2-00007.jpg",495.449377120494,250.108344614692
147,"207_fs2-00007.jpg",495.769175732388,250.753865837064
148,"207_fs2-00007.jpg",496.084590100949,251.401563599262
149,"207_fs2-00007.jpg",496.394905014381,252.051379240292
150,"207_fs2-00007.jpg",496.699405260883,252.703254099163
151,"207_fs2-00007.jpg",496.997375628659,253.357129514882
152,"207_fs2-00007.jpg",497.28810090591,254.012946826456
153,"207_fs2-00007.jpg",497.570865880837,254.670647372893
154,"207_fs2-00007.jpg",497.844955341643,255.330172493201
155,"207_fs2-00007.jpg",498.109654076529,255.991463526388
156,"207_fs2-00007.jpg",498.364246873698,256.65446181146
157,"207_fs2-00007.jpg",498.60801852135,257.319108687425
158,"207_fs2-00007.jpg",498.840253807688,257.985345493292
159,"207_fs2-00007.jpg",499.060237520914,258.653113568068
160,"207_fs2-00007.jpg",499.267254449228,259.322354250759
161,"207_fs2-00007.jpg",499.460589380834,259.993008880375
162,"207_fs2-00007.jpg",499.639527103933,260.665018795921
163,"207_fs2-00007.jpg",499.803352406727,261.338325336407
164,"207_fs2-00007.jpg",499.951350077417,262.01286984084
165,"207_fs2-00007.jpg",500.082804904206,262.688593648226
166,"207_fs2-00007.jpg",500.197001675294,263.365438097575
167,"207_fs2-00007.jpg",500.293225178885,264.043344527892
168,"207_fs2-00007.jpg",500.370760203179,264.722254278187
169,"207_fs2-00007.jpg",500.428891536379,265.402108687466
170,"207_fs2-00007.jpg",500.466903966686,266.082849094738
171,"207_fs2-00007.jpg",500.484082282302,266.764416839009
172,"207_fs2-00007.jpg",500.483429920176,267.446753259287
173,"207_fs2-00007.jpg",500.47529010436,268.129799694581
174,"207_fs2-00007.jpg",500.460125795704,268.813497483896
175,"207_fs2-00007.jpg",500.437716652227,269.497787966242
176,"207_fs2-00007.jpg",500.407842331948,270.182612480626
177,"207_fs2-00007.jpg",500.370282492887,270.867912366054
178,"207_fs2-00007.jpg",500.324816793063,271.553628961536
179,"207_fs2-00007.jpg",500.271224890496,272.239703606078
180,"207_fs2-00007.jpg",500.209286443205,272.926077638688
181,"207_fs2-00007.jpg",500.13878110921,273.612692398374
182,"207_fs2-00007.jpg",500.05948854653,274.299489224143
183,"207_fs2-00007.jpg",499.971188413184,274.986409455003
184,"207_fs2-00007.jpg",499.873660367192,275.673394429961
185,"207_fs2-00007.jpg",499.766684066574,276.360385488025
186,"207_fs2-00007.jpg",499.650039169349,277.047323968202
187,"207_fs2-00007.jpg",499.523505333536,277.734151209501
188,"207_fs2-00007.jpg",499.386862217155,278.420808550928
189,"207_fs2-00007.jpg",499.239889478225,279.107237331492
190,"207_fs2-00007.jpg",499.082366774765,279.7933788902
191,"207_fs2-00007.jpg",498.914073764796,280.479174566059
192,"207_fs2-00007.jpg",498.734790106337,281.164565698077
193,"207_fs2-00007.jpg",498.544295457406,281.849493625262
194,"207_fs2-00007.jpg",498.342369476024,282.533899686621
195,"207_fs2-00007.jpg",498.12879182021,283.217725221162
196,"207_fs2-00007.jpg",497.903342147983,283.900911567893
197,"207_fs2-00007.jpg",497.665800117364,284.58340006582
198,"207_fs2-00007.jpg",497.41594538637,285.265132053953
199,"207_fs2-00007.jpg",497.153557613022,285.946048871297
200,"207_fs2-00007.jpg",496.87841645534,286.626091856861
1,"207_fs2-00008.jpg",444.5,146
2,"207_fs2-00008.jpg",444.501630569433,146.741271769193
3,"207_fs2-00008.jpg",444.506482771783,147.482962082632
4,"207_fs2-00008.jpg",444.514497348129,148.225012400915
5,"207_fs2-00008.jpg",444.525615039549,148.967364184638
6,"207_fs2-00008.jpg",444.539776587122,149.709958894395
7,"207_fs2-00008.jpg",444.556922731927,150.452737990784
8,"207_fs2-00008.jpg",444.576994215042,151.195642934401
9,"207_fs2-00008.jpg",444.599931777545,151.938615185842
10,"207_fs2-00008.jpg",444.625676160515,152.681596205702
11,"207_fs2-00008.jpg",444.65416810503,153.424527454579
12,"207_fs2-00008.jpg",444.68534835217,154.167350393067
13,"207_fs2-00008.jpg",444.719157643011,154.910006481764
14,"207_fs2-00008.jpg",444.755536718633,155.652437181265
15,"207_fs2-00008.jpg",444.794426320115,156.394583952166
16,"207_fs2-00008.jpg",444.835767188535,157.136388255064
17,"207_fs2-00008.jpg",444.879500064971,157.877791550555
18,"207_fs2-00008.jpg",444.925565690501,158.618735299234
19,"207_fs2-00008.jpg",444.973904806205,159.359160961699
20,"207_fs2-00008.jpg",445.024458153161,160.099009998544
21,"207_fs2-00008.jpg",445.077166472447,160.838223870366
22,"207_fs2-00008.jpg",445.131970505141,161.576744037762
23,"207_fs2-00008.jpg",445.188810992323,162.314511961327
24,"207_fs2-00008.jpg",445.247628675071,163.051469101657
25,"207_fs2-00008.jpg",445.308364294462,163.787556919349
26,"207_fs2-00008.jpg",445.370958591577,164.522716874999
27,"207_fs2-00008.jpg",445.435352307492,165.256890429202
28,"207_fs2-00008.jpg",445.501486183288,165.990019042555
29,"207_fs2-00008.jpg",445.569300960041,166.722044175654
30,"207_fs2-00008.jpg",445.638737378831,167.452907289096
31,"207_fs2-00008.jpg",445.709736180736,168.182549843475
32,"207_fs2-00008.jpg",445.782238106835,168.910913299389
33,"207_fs2-00008.jpg",445.856183898206,169.637939117433
34,"207_fs2-00008.jpg",445.931514295927,170.363568758204
35,"207_fs2-00008.jpg",446.008170041078,171.087743682298
36,"207_fs2-00008.jpg",446.086091874736,171.81040535031
37,"207_fs2-00008.jpg",446.16785078735,172.531495222837
38,"207_fs2-00008.jpg",446.267068540871,173.250954760475
39,"207_fs2-00008.jpg",446.385108225389,173.968725423821
40,"207_fs2-00008.jpg",446.52127100338,174.684748673469
41,"207_fs2-00008.jpg",446.674858037318,175.398965970017
42,"207_fs2-00008.jpg",446.845170489679,176.111318774061
43,"207_fs2-00008.jpg",447.031509522938,176.821748546195
44,"207_fs2-00008.jpg",447.23317629957,177.530196747018
45,"207_fs2-00008.jpg",447.449471982049,178.236604837124
46,"207_fs2-00008.jpg",447.679697732851,178.940914277111
47,"207_fs2-00008.jpg",447.923154714452,179.643066527573
48,"207_fs2-00008.jpg",448.179144089325,180.343003049107
49,"207_fs2-00008.jpg",448.446967019946,181.04066530231
50,"207_fs2-00008.jpg",448.725924668791,181.735994747777
51,"207_fs2-00008.jpg",449.015318198333,182.428932846104
52,"207_fs2-00008.jpg",449.314448771049,183.119421057889
53,"207_fs2-00008.jpg",449.622617549413,183.807400843725
54,"207_fs2-00008.jpg",449.9391256959,184.492813664211
55,"207_fs2-00008.jpg",450.263274372985,185.175600979941
56,"207_fs2-00008.jpg",450.594364743144,185.855704251513
57,"207_fs2-00008.jpg",450.931697968851,186.533064939521
58,"207_fs2-00008.jpg",451.274575212582,187.207624504563
59,"207_fs2-00008.jpg",451.622297636811,187.879324407234
60,"207_fs2-00008.jpg",451.974166404013,188.548106108131
61,"207_fs2-00008.jpg",452.329482676664,189.213911067849
62,"207_fs2-00008.jpg",452.687547617239,189.876680746985
63,"207_fs2-00008.jpg",453.047662388213,190.536356606135
64,"207_fs2-00008.jpg",453.40912815206,191.192880105895
65,"207_fs2-00008.jpg",453.771246071256,191.84619270686
66,"207_fs2-00008.jpg",454.133317308276,192.496235869628
67,"207_fs2-00008.jpg",454.494643025595,193.142951054794
68,"207_fs2-00008.jpg",454.854524385687,193.786279722955
69,"207_fs2-00008.jpg",455.212262551029,194.426163334706
70,"207_fs2-00008.jpg",455.567158684095,195.062543350643
71,"207_fs2-00008.jpg",455.918715052005,195.69536131478
72,"207_fs2-00008.jpg",456.275768433637,196.324587973805
73,"207_fs2-00008.jpg",456.643086663775,196.950266077872
74,"207_fs2-00008.jpg",457.020296713609,197.572449277885
75,"207_fs2-00008.jpg",457.407025554328,198.191191224748
76,"207_fs2-00008.jpg",457.802900157122,198.806545569366
77,"207_fs2-00008.jpg",458.207547493181,199.418565962644
78,"207_fs2-00008.jpg",458.620594533696,200.027306055487
79,"207_fs2-00008.jpg",459.041668249856,200.632819498798
80,"207_fs2-00008.jpg",459.470395612851,201.235159943482
81,"207_fs2-00008.jpg",459.90640359387,201.834381040444
82,"207_fs2-00008.jpg",460.349319164104,202.430536440589
83,"207_fs2-00008.jpg",460.798769294743,203.023679794821
84,"207_fs2-00008.jpg",461.254380956977,203.613864754045
85,"207_fs2-00008.jpg",461.715781121995,204.201144969164
86,"207_fs2-00008.jpg",462.182596760987,204.785574091085
87,"207_fs2-00008.jpg",462.654454845144,205.367205770711
88,"207_fs2-00008.jpg",463.130982345654,205.946093658947
89,"207_fs2-00008.jpg",463.611806233709,206.522291406697
90,"207_fs2-00008.jpg",464.096553480497,207.095852664866
91,"207_fs2-00008.jpg",464.58485105721,207.666831084359
92,"207_fs2-00008.jpg",465.076325935035,208.23528031608
93,"207_fs2-00008.jpg",465.570605085165,208.801254010934
94,"207_fs2-00008.jpg",466.067315478788,209.364805819826
95,"207_fs2-00008.jpg",466.566084087095,209.925989393659
96,"207_fs2-00008.jpg",467.066537881274,210.484858383338
97,"207_fs2-00008.jpg",467.568303832517,211.041466439769
98,"207_fs2-00008.jpg",468.071008912013,211.595867213855
99,"207_fs2-00008.jpg",468.574280090952,212.148114356502
100,"207_fs2-00008.jpg",469.077744340524,212.698261518613
101,"207_fs2-00008.jpg",469.581028631919,213.246362351093
102,"207_fs2-00008.jpg",470.083759936326,213.792470504847
103,"207_fs2-00008.jpg",470.585565224936,214.33663963078
104,"207_fs2-00008.jpg",471.086071468938,214.878923379796
105,"207_fs2-00008.jpg",471.584905639523,215.419375402799
106,"207_fs2-00008.jpg",472.081694707879,215.958049350695
107,"207_fs2-00008.jpg",472.576065645198,216.494998874387
108,"207_fs2-00008.jpg",473.067645422669,217.03027762478
109,"207_fs2-00008.jpg",473.556061011482,217.56393925278
110,"207_fs2-00008.jpg",474.040939382827,218.096037409289
111,"207_fs2-00008.jpg",474.527511048838,218.626648766225
112,"207_fs2-00008.jpg",475.022456779653,219.155963515051
113,"207_fs2-00008.jpg",475.525021669866,219.684206777796
114,"207_fs2-00008.jpg",476.034419158417,220.211603686108
115,"207_fs2-00008.jpg",476.549862684247,220.738379371636
116,"207_fs2-00008.jpg",477.070565686296,221.264758966027
117,"207_fs2-00008.jpg",477.595741603505,221.790967600931
118,"207_fs2-00008.jpg",478.124603874814,222.317230407996
119,"207_fs2-00008.jpg",478.656365939165,222.843772518871
120,"207_fs2-00008.jpg",479.190241235498,223.370819065203
121,"207_fs2-00008.jpg",479.725443202753,223.898595178641
122,"207_fs2-00008.jpg",480.261185279871,224.427325990835
123,"207_fs2-00008.jpg",480.796680905794,224.957236633431
124,"207_fs2-00008.jpg",481.33114351946,225.488552238079
125,"207_fs2-00008.jpg",481.863786559812,226.021497936427
126,"207_fs2-00008.jpg",482.39382346579,226.556298860124
127,"207_fs2-00008.jpg",482.920467676334,227.093180140817
128,"207_fs2-00008.jpg",483.442932630385,227.632366910156
129,"207_fs2-00008.jpg",483.960431766883,228.174084299789
130,"207_fs2-00008.jpg",484.47217852477,228.718557441364
131,"207_fs2-00008.jpg",484.977386342986,229.26601146653
132,"207_fs2-00008.jpg",485.475268660471,229.816671506936
133,"207_fs2-00008.jpg",485.965038916167,230.370762694229
134,"207_fs2-00008.jpg",486.445910549013,230.928510160058
135,"207_fs2-00008.jpg",486.917096997951,231.490139036071
136,"207_fs2-00008.jpg",487.377811701921,232.055874453918
137,"207_fs2-00008.jpg",487.827268099864,232.625941545247
138,"207_fs2-00008.jpg",488.26467963072,233.200565441705
139,"207_fs2-00008.jpg",488.68925973343,233.779971274941
140,"207_fs2-00008.jpg",489.100221846935,234.364384176605
141,"207_fs2-00008.jpg",489.502225066656,234.954011729977
142,"207_fs2-00008.jpg",489.910353687769,235.54887760126
143,"207_fs2-00008.jpg",490.324565868035,236.148895688949
144,"207_fs2-00008.jpg",490.743773200795,236.753978422941
145,"207_fs2-00008.jpg",491.166887279391,237.364038233131
146,"207_fs2-00008.jpg",491.592819697164,237.978987549412
147,"207_fs2-00008.jpg",492.020482047455,238.598738801682
148,"207_fs2-00008.jpg",492.448785923604,239.223204419833
149,"207_fs2-00008.jpg",492.876642918954,239.852296833762
150,"207_fs2-00008.jpg",493.302964626846,240.485928473364
151,"207_fs2-00008.jpg",493.726662640619,241.124011768533
152,"207_fs2-00008.jpg",494.146648553617,241.766459149164
153,"207_fs2-00008.jpg",494.561833959179,242.413183045153
154,"207_fs2-00008.jpg",494.971130450647,243.064095886394
155,"207_fs2-00008.jpg",495.373449621362,243.719110102784
156,"207_fs2-00008.jpg",495.767703064665,244.378138124215
157,"207_fs2-00008.jpg",496.152802373898,245.041092380585
158,"207_fs2-00008.jpg",496.527659142401,245.707885301787
159,"207_fs2-00008.jpg",496.891184963516,246.378429317716
160,"207_fs2-00008.jpg",497.242291430583,247.052636858268
161,"207_fs2-00008.jpg",497.579890136945,247.730420353339
162,"207_fs2-00008.jpg",497.902892675941,248.411692232821
163,"207_fs2-00008.jpg",498.210210640914,249.096364926612
164,"207_fs2-00008.jpg",498.500755625204,249.784350864606
165,"207_fs2-00008.jpg",498.773439222153,250.475562476697
166,"207_fs2-00008.jpg",499.027173025101,251.169912192781
167,"207_fs2-00008.jpg",499.26086862739,251.867312442753
168,"207_fs2-00008.jpg",499.473437622361,252.567675656508
169,"207_fs2-00008.jpg",499.663791603355,253.270914263941
170,"207_fs2-00008.jpg",499.830842163713,253.976940694947
171,"207_fs2-00008.jpg",499.973500896776,254.685667379421
172,"207_fs2-00008.jpg",500.090679395886,255.397006747258
173,"207_fs2-00008.jpg",500.181289254384,256.110871228352
174,"207_fs2-00008.jpg",500.246359467938,256.827173252601
175,"207_fs2-00008.jpg",500.305170928647,257.545825249896
176,"207_fs2-00008.jpg",500.362549866071,258.266739650136
177,"207_fs2-00008.jpg",500.418424939386,258.989828883213
178,"207_fs2-00008.jpg",500.472724807771,259.715005379024
179,"207_fs2-00008.jpg",500.525378130402,260.442181567462
180,"207_fs2-00008.jpg",500.576313566457,261.171269878424
181,"207_fs2-00008.jpg",500.625459775114,261.902182741804
182,"207_fs2-00008.jpg",500.672745415549,262.634832587498
183,"207_fs2-00008.jpg",500.71809914694,263.3691318454
184,"207_fs2-00008.jpg",500.761449628465,264.104992945404
185,"207_fs2-00008.jpg",500.802725519301,264.842328317408
186,"207_fs2-00008.jpg",500.841855478625,265.581050391305
187,"207_fs2-00008.jpg",500.878768165615,266.32107159699
188,"207_fs2-00008.jpg",500.913392239448,267.062304364358
189,"207_fs2-00008.jpg",500.945656359302,267.804661123305
190,"207_fs2-00008.jpg",500.975489184354,268.548054303726
191,"207_fs2-00008.jpg",501.002819373781,269.292396335515
192,"207_fs2-00008.jpg",501.02757558676,270.037599648567
193,"207_fs2-00008.jpg",501.049686482471,270.783576672779
194,"207_fs2-00008.jpg",501.069080720088,271.530239838043
195,"207_fs2-00008.jpg",501.08568695879,272.277501574256
196,"207_fs2-00008.jpg",501.099433857755,273.025274311313
197,"207_fs2-00008.jpg",501.11025007616,273.773470479109
198,"207_fs2-00008.jpg",501.118064273182,274.522002507538
199,"207_fs2-00008.jpg",501.122805107998,275.270782826496
200,"207_fs2-00008.jpg",501.124401239786,276.019723865878
1,"207_fs2-00009.jpg",448,134
2,"207_fs2-00009.jpg",448,134.725774833788
3,"207_fs2-00009.jpg",448,135.453069433222
4,"207_fs2-00009.jpg",448,136.181836333023
5,"207_fs2-00009.jpg",448,136.912028067911
6,"207_fs2-00009.jpg",448,137.643597172604
7,"207_fs2-00009.jpg",448,138.376496181824
8,"207_fs2-00009.jpg",448,139.11067763029
9,"207_fs2-00009.jpg",448,139.846094052721
10,"207_fs2-00009.jpg",448,140.582697983838
11,"207_fs2-00009.jpg",448,141.32044195836
12,"207_fs2-00009.jpg",448,142.059278511007
13,"207_fs2-00009.jpg",448,142.799160176499
14,"207_fs2-00009.jpg",448,143.540039489556
15,"207_fs2-00009.jpg",448,144.281868984897
16,"207_fs2-00009.jpg",448,145.024601197243
17,"207_fs2-00009.jpg",448,145.768188661313
18,"207_fs2-00009.jpg",448,146.512583911827
19,"207_fs2-00009.jpg",448,147.257739483505
20,"207_fs2-00009.jpg",448,148.003607911067
21,"207_fs2-00009.jpg",448,148.750141729232
22,"207_fs2-00009.jpg",448,149.49729347272
23,"207_fs2-00009.jpg",448,150.245015676251
24,"207_fs2-00009.jpg",448,150.993260874546
25,"207_fs2-00009.jpg",448,151.741981602322
26,"207_fs2-00009.jpg",448,152.491130394302
27,"207_fs2-00009.jpg",448,153.240659785204
28,"207_fs2-00009.jpg",448,153.990522309748
29,"207_fs2-00009.jpg",448,154.740670502654
30,"207_fs2-00009.jpg",448,155.491056898642
31,"207_fs2-00009.jpg",448,156.241634032431
32,"207_fs2-00009.jpg",448,156.992354438742
33,"207_fs2-00009.jpg",448,157.743170652294
34,"207_fs2-00009.jpg",448,158.494035207807
35,"207_fs2-00009.jpg",448,159.244900640002
36,"207_fs2-00009.jpg",448,159.995719483596
37,"207_fs2-00009.jpg",448.00094706646,160.746444273312
38,"207_fs2-00009.jpg",448.007349668415,161.497027543867
39,"207_fs2-00009.jpg",448.019674262669,162.247421829983
40,"207_fs2-00009.jpg",448.037782150059,162.997579666379
41,"207_fs2-00009.jpg",448.061534631416,163.747453587774
42,"207_fs2-00009.jpg",448.090793007577,164.496996128889
43,"207_fs2-00009.jpg",448.125418579375,165.246159824444
44,"207_fs2-00009.jpg",448.165272647644,165.994897209157
45,"207_fs2-00009.jpg",448.21021651322,166.74316081775
46,"207_fs2-00009.jpg",448.260111476935,167.490903184941
47,"207_fs2-00009.jpg",448.314818839625,168.238076845452
48,"207_fs2-00009.jpg",448.374199902124,168.984634334
49,"207_fs2-00009.jpg",448.438115965266,169.730528185307
50,"207_fs2-00009.jpg",448.506428329885,170.475710934092
51,"207_fs2-00009.jpg",448.578998296816,171.220135115075
52,"207_fs2-00009.jpg",448.655687166892,171.963753262976
53,"207_fs2-00009.jpg",448.736356240949,172.706517912515
54,"207_fs2-00009.jpg",448.820866819821,173.44838159841
55,"207_fs2-00009.jpg",448.909080204341,174.189296855383
56,"207_fs2-00009.jpg",449.000857695344,174.929216218153
57,"207_fs2-00009.jpg",449.096060593665,175.66809222144
58,"207_fs2-00009.jpg",449.194550200137,176.405877399963
59,"207_fs2-00009.jpg",449.296187815595,177.142524288443
60,"207_fs2-00009.jpg",449.400834740874,177.877985421599
61,"207_fs2-00009.jpg",449.508352276807,178.612213334151
62,"207_fs2-00009.jpg",449.618601724229,179.345160560819
63,"207_fs2-00009.jpg",449.731444383974,180.076779636323
64,"207_fs2-00009.jpg",449.846741556876,180.807023095382
65,"207_fs2-00009.jpg",449.964354543771,181.535843472717
66,"207_fs2-00009.jpg",450.084144645491,182.263193303047
67,"207_fs2-00009.jpg",450.205973162872,182.989025121091
68,"207_fs2-00009.jpg",450.329701396747,183.713291461571
69,"207_fs2-00009.jpg",450.455190647951,184.435944859205
70,"207_fs2-00009.jpg",450.582302217318,185.156937848714
71,"207_fs2-00009.jpg",450.710897405683,185.876222964817
72,"207_fs2-00009.jpg",450.84083751388,186.593752742233
73,"207_fs2-00009.jpg",450.976209646464,187.309474697003
74,"207_fs2-00009.jpg",451.130725250543,188.023276533625
75,"207_fs2-00009.jpg",451.304914551173,188.735006659135
76,"207_fs2-00009.jpg",451.498175796944,189.444512792989
77,"207_fs2-00009.jpg",451.709907236447,190.151642654646
78,"207_fs2-00009.jpg",451.939507118271,190.856243963562
79,"207_fs2-00009.jpg",452.186373691008,191.558164439194
80,"207_fs2-00009.jpg",452.449905203247,192.257251800999
81,"207_fs2-00009.jpg",452.729499903579,192.953353768436
82,"207_fs2-00009.jpg",453.024556040593,193.64631806096
83,"207_fs2-00009.jpg",453.334471862879,194.33599239803
84,"207_fs2-00009.jpg",453.658645619029,195.022224499102
85,"207_fs2-00009.jpg",453.996475557632,195.704862083633
86,"207_fs2-00009.jpg",454.347359927278,196.383752871081
87,"207_fs2-00009.jpg",454.710696976558,197.058744580902
88,"207_fs2-00009.jpg",455.085884954062,197.729684932555
89,"207_fs2-00009.jpg",455.47232210838,198.396421645496
90,"207_fs2-00009.jpg",455.869406688102,199.058802439182
91,"207_fs2-00009.jpg",456.276536941818,199.716675033071
92,"207_fs2-00009.jpg",456.693111118118,200.369887146619
93,"207_fs2-00009.jpg",457.118527465594,201.018286499285
94,"207_fs2-00009.jpg",457.552184232834,201.661720810524
95,"207_fs2-00009.jpg",457.99347966843,202.300037799795
96,"207_fs2-00009.jpg",458.44181202097,202.933085186554
97,"207_fs2-00009.jpg",458.896579539047,203.560710690258
98,"207_fs2-00009.jpg",459.357180471249,204.182762030366
99,"207_fs2-00009.jpg",459.823013066167,204.799086926333
100,"207_fs2-00009.jpg",460.293475572391,205.409533097618
101,"207_fs2-00009.jpg",460.767966238511,206.013948263677
102,"207_fs2-00009.jpg",461.245883313118,206.612180143967
103,"207_fs2-00009.jpg",461.726625044801,207.204076457946
104,"207_fs2-00009.jpg",462.209589682151,207.789484925071
105,"207_fs2-00009.jpg",462.694175473759,208.368253264799
106,"207_fs2-00009.jpg",463.179780668213,208.940229196587
107,"207_fs2-00009.jpg",463.665803514105,209.505260439892
108,"207_fs2-00009.jpg",464.151642260025,210.063194714172
109,"207_fs2-00009.jpg",464.636695154562,210.613879738884
110,"207_fs2-00009.jpg",465.120360446308,211.157163233485
111,"207_fs2-00009.jpg",465.602036383851,211.692892917432
112,"207_fs2-00009.jpg",466.081121215783,212.220916510182
113,"207_fs2-00009.jpg",466.557013190694,212.741081731192
114,"207_fs2-00009.jpg",467.029110557173,213.253236299921
115,"207_fs2-00009.jpg",467.504700492202,213.757284541405
116,"207_fs2-00009.jpg",467.998283956563,214.253527558371
117,"207_fs2-00009.jpg",468.509164855869,214.742436186271
118,"207_fs2-00009.jpg",469.036246286046,215.224481902079
119,"207_fs2-00009.jpg",469.578431343022,215.70013618277
120,"207_fs2-00009.jpg",470.134623122722,216.16987050532
121,"207_fs2-00009.jpg",470.703724721072,216.634156346702
122,"207_fs2-00009.jpg",471.284639233999,217.093465183892
123,"207_fs2-00009.jpg",471.87626975743,217.548268493863
124,"207_fs2-00009.jpg",472.477519387291,217.999037753592
125,"207_fs2-00009.jpg",473.087291219507,218.446244440052
126,"207_fs2-00009.jpg",473.704488350006,218.890360030219
127,"207_fs2-00009.jpg",474.328013874714,219.331856001066
128,"207_fs2-00009.jpg",474.956770889557,219.77120382957
129,"207_fs2-00009.jpg",475.589662490461,220.208874992703
130,"207_fs2-00009.jpg",476.225591773354,220.645340967442
131,"207_fs2-00009.jpg",476.86346183416,221.08107323076
132,"207_fs2-00009.jpg",477.502175768807,221.516543259634
133,"207_fs2-00009.jpg",478.140636673221,221.952222531036
134,"207_fs2-00009.jpg",478.777747643328,222.388582521942
135,"207_fs2-00009.jpg",479.412411775055,222.826094709327
136,"207_fs2-00009.jpg",480.043532164328,223.265230570166
137,"207_fs2-00009.jpg",480.670011907073,223.706461581432
138,"207_fs2-00009.jpg",481.290754099217,224.150259220101
139,"207_fs2-00009.jpg",481.904661836686,224.597094963148
140,"207_fs2-00009.jpg",482.510638215406,225.047440287547
141,"207_fs2-00009.jpg",483.107586331304,225.501766670273
142,"207_fs2-00009.jpg",483.694409280306,225.960545588301
143,"207_fs2-00009.jpg",484.270010158338,226.424248518605
144,"207_fs2-00009.jpg",484.833292061327,226.893346938159
145,"207_fs2-00009.jpg",485.3831580852,227.36831232394
146,"207_fs2-00009.jpg",485.918511325882,227.849616152921
147,"207_fs2-00009.jpg",486.4382548793,228.337729902078
148,"207_fs2-00009.jpg",486.94129184138,228.833125048384
149,"207_fs2-00009.jpg",487.427495810645,229.336271737551
150,"207_fs2-00009.jpg",487.918866835615,229.847458983103
151,"207_fs2-00009.jpg",488.423618318402,230.366612677868
152,"207_fs2-00009.jpg",488.940004990203,230.893615367702
153,"207_fs2-00009.jpg",489.466281582214,231.428349598459
154,"207_fs2-00009.jpg",490.000702825632,231.970697915994
155,"207_fs2-00009.jpg",490.541523451653,232.52054286616
156,"207_fs2-00009.jpg",491.086998191475,233.077766994812
157,"207_fs2-00009.jpg",491.635381776293,233.642252847804
158,"207_fs2-00009.jpg",492.184928937304,234.213882970991
159,"207_fs2-00009.jpg",492.733894405706,234.792539910227
160,"207_fs2-00009.jpg",493.280532912694,235.378106211367
161,"207_fs2-00009.jpg",493.823099189465,235.970464420264
162,"207_fs2-00009.jpg",494.359847967216,236.569497082773
163,"207_fs2-00009.jpg",494.889033977143,237.175086744749
164,"207_fs2-00009.jpg",495.408911950443,237.787115952046
165,"207_fs2-00009.jpg",495.917736618313,238.405467250518
166,"207_fs2-00009.jpg",496.413762711949,239.030023186019
167,"207_fs2-00009.jpg",496.895244962548,239.660666304405
168,"207_fs2-00009.jpg",497.360438101307,240.297279151528
169,"207_fs2-00009.jpg",497.807596859422,240.939744273245
170,"207_fs2-00009.jpg",498.234975968089,241.587944215408
171,"207_fs2-00009.jpg",498.640830158506,242.241761523872
172,"207_fs2-00009.jpg",499.023414161868,242.901078744493
173,"207_fs2-00009.jpg",499.380982709374,243.565778423123
174,"207_fs2-00009.jpg",499.711790532218,244.235743105618
175,"207_fs2-00009.jpg",500.014092361599,244.910855337831
176,"207_fs2-00009.jpg",500.286142928711,245.590997665618
177,"207_fs2-00009.jpg",500.526196964753,246.276052634832
178,"207_fs2-00009.jpg",500.73250920092,246.965902791328
179,"207_fs2-00009.jpg",500.90333436841,247.66043068096
180,"207_fs2-00009.jpg",501.036927198419,248.359518849582
181,"207_fs2-00009.jpg",501.131542422143,249.06304984305
182,"207_fs2-00009.jpg",501.185434770779,249.770906207217
183,"207_fs2-00009.jpg",501.198083967315,250.482970487937
184,"207_fs2-00009.jpg",501.198083967315,251.199125231065
185,"207_fs2-00009.jpg",501.198083967315,251.919252982456
186,"207_fs2-00009.jpg",501.198083967315,252.643236287963
187,"207_fs2-00009.jpg",501.198083967315,253.370957693441
188,"207_fs2-00009.jpg",501.198083967315,254.102299744745
189,"207_fs2-00009.jpg",501.198083967315,254.837144987728
190,"207_fs2-00009.jpg",501.198083967315,255.575375968246
191,"207_fs2-00009.jpg",501.198083967315,256.316875232152
192,"207_fs2-00009.jpg",501.198083967315,257.0615253253
193,"207_fs2-00009.jpg",501.198083967315,257.809208793546
194,"207_fs2-00009.jpg",501.198083967315,258.559808182744
195,"207_fs2-00009.jpg",501.198083967315,259.313206038747
196,"207_fs2-00009.jpg",501.198083967315,260.06928490741
197,"207_fs2-00009.jpg",501.198083967315,260.827927334588
198,"207_fs2-00009.jpg",501.198083967315,261.589015866136
199,"207_fs2-00009.jpg",501.198083967315,262.352433047906
200,"207_fs2-00009.jpg",501.198083967315,263.118061425754
1,"207_fs2-00010.jpg",455,122
2,"207_fs2-00010.jpg",454.520270453299,122.5649266684
3,"207_fs2-00010.jpg",454.04251098969,123.135555860501
4,"207_fs2-00010.jpg",453.567566037491,123.711785723785
5,"207_fs2-00010.jpg",453.096280025021,124.293514405732
6,"207_fs2-00010.jpg",452.629497380598,124.880640053823
7,"207_fs2-00010.jpg",452.16806253254,125.473060815539
8,"207_fs2-00010.jpg",451.712819909165,126.070674838362
9,"207_fs2-00010.jpg",451.264613938793,126.673380269773
10,"207_fs2-00010.jpg",450.824289049742,127.281075257251
11,"207_fs2-00010.jpg",450.39268967033,127.893657948279
12,"207_fs2-00010.jpg",449.970660228876,128.511026490337
13,"207_fs2-00010.jpg",449.559045153697,129.133079030907
14,"207_fs2-00010.jpg",449.158688873113,129.759713717469
15,"207_fs2-00010.jpg",448.770435815442,130.390828697505
16,"207_fs2-00010.jpg",448.395130409002,131.026322118494
17,"207_fs2-00010.jpg",448.033617082111,131.666092127919
18,"207_fs2-00010.jpg",447.686740263089,132.310036873261
19,"207_fs2-00010.jpg",447.355344380254,132.958054502
20,"207_fs2-00010.jpg",447.040273861924,133.610043161617
21,"207_fs2-00010.jpg",446.742373136417,134.265900999593
22,"207_fs2-00010.jpg",446.462486632052,134.92552616341
23,"207_fs2-00010.jpg",446.201458777147,135.588816800549
24,"207_fs2-00010.jpg",445.960134000021,136.255671058489
25,"207_fs2-00010.jpg",445.739356728992,136.925987084714
26,"207_fs2-00010.jpg",445.539971392379,137.599663026702
27,"207_fs2-00010.jpg",445.3628224185,138.276597031936
28,"207_fs2-00010.jpg",445.208754235674,138.956687247896
29,"207_fs2-00010.jpg",445.078611272218,139.639831822064
30,"207_fs2-00010.jpg",444.973237956452,140.32592890192
31,"207_fs2-00010.jpg",444.893311563301,141.014876634945
32,"207_fs2-00010.jpg",444.824506220614,141.706573168621
33,"207_fs2-00010.jpg",444.757231481301,142.400916650429
34,"207_fs2-00010.jpg",444.691525505132,143.097805227848
35,"207_fs2-00010.jpg",444.627426451878,143.797137048361
36,"207_fs2-00010.jpg",444.564972481311,144.498810259449
37,"207_fs2-00010.jpg",444.504201753202,145.202723008592
38,"207_fs2-00010.jpg",444.445152427321,145.908773443271
39,"207_fs2-00010.jpg",444.387862663439,146.616859710968
40,"207_fs2-00010.jpg",444.332370621328,147.326879959163
41,"207_fs2-00010.jpg",444.278714460758,148.038732335338
42,"207_fs2-00010.jpg",444.2269323415,148.752314986973
43,"207_fs2-00010.jpg",444.177062423326,149.467526061549
44,"207_fs2-00010.jpg",444.129142866005,150.184263706548
45,"207_fs2-00010.jpg",444.08321182931,150.902426069451
46,"207_fs2-00010.jpg",444.03930747301,151.621911297737
47,"207_fs2-00010.jpg",443.997467956878,152.34261753889
48,"207_fs2-00010.jpg",443.957731440684,153.064442940388
49,"207_fs2-00010.jpg",443.920136084198,153.787285649714
50,"207_fs2-00010.jpg",443.884720047193,154.511043814349
51,"207_fs2-00010.jpg",443.851521489438,155.235615581773
52,"207_fs2-00010.jpg",443.820578570705,155.960899099467
53,"207_fs2-00010.jpg",443.791929450764,156.686792514913
54,"207_fs2-00010.jpg",443.765612289388,157.413193975592
55,"207_fs2-00010.jpg",443.741665246346,158.140001628984
56,"207_fs2-00010.jpg",443.720126481409,158.86711362257
57,"207_fs2-00010.jpg",443.701034154349,159.594428103832
58,"207_fs2-00010.jpg",443.684426424937,160.32184322025
59,"207_fs2-00010.jpg",443.670341452943,161.049257119306
60,"207_fs2-00010.jpg",443.658817398138,161.77656794848
61,"207_fs2-00010.jpg",443.649892420294,162.503673855254
62,"207_fs2-00010.jpg",443.643604679181,163.230472987108
63,"207_fs2-00010.jpg",443.63999233457,163.956863491523
64,"207_fs2-00010.jpg",443.639263827799,164.682743534655
65,"207_fs2-00010.jpg",443.648791580224,165.408017180913
66,"207_fs2-00010.jpg",443.672139446315,166.132602765636
67,"207_fs2-00010.jpg",443.708824413724,166.856420739957
68,"207_fs2-00010.jpg",443.758363470102,167.579391555008
69,"207_fs2-00010.jpg",443.8202736031,168.301435661922
70,"207_fs2-00010.jpg",443.894071800369,169.022473511832
71,"207_fs2-00010.jpg",443.979275049559,169.742425555872
72,"207_fs2-00010.jpg",444.075400338323,170.461212245173
73,"207_fs2-00010.jpg",444.18196465431,171.178754030868
74,"207_fs2-00010.jpg",444.298484985172,171.894971364091
75,"207_fs2-00010.jpg",444.424478318561,172.609784695975
76,"207_fs2-00010.jpg",444.559461642126,173.323114477651
77,"207_fs2-00010.jpg",444.70295194352,174.034881160254
78,"207_fs2-00010.jpg",444.854466210392,174.745005194916
79,"207_fs2-00010.jpg",445.013521430395,175.453407032769
80,"207_fs2-00010.jpg",445.179634591179,176.160007124947
81,"207_fs2-00010.jpg",445.352322680395,176.864725922583
82,"207_fs2-00010.jpg",445.531102685694,177.567483876809
83,"207_fs2-00010.jpg",445.715491594727,178.268201438759
84,"207_fs2-00010.jpg",445.905006395146,178.966799059564
85,"207_fs2-00010.jpg",446.099164074601,179.663197190358
86,"207_fs2-00010.jpg",446.297481620744,180.357316282274
87,"207_fs2-00010.jpg",446.499476021224,181.049076786445
88,"207_fs2-00010.jpg",446.704664263695,181.738399154004
89,"207_fs2-00010.jpg",446.912563335805,182.425203836082
90,"207_fs2-00010.jpg",447.122690225207,183.109411283814
91,"207_fs2-00010.jpg",447.334561919552,183.790941948332
92,"207_fs2-00010.jpg",447.54769540649,184.469716280769
93,"207_fs2-00010.jpg",447.761607673672,185.145654732258
94,"207_fs2-00010.jpg",447.975815708751,185.818677753932
95,"207_fs2-00010.jpg",448.189836499375,186.488705796923
96,"207_fs2-00010.jpg",448.404278826343,187.155659475998
97,"207_fs2-00010.jpg",448.631339816251,187.819467888893
98,"207_fs2-00010.jpg",448.874176795054,188.480072566862
99,"207_fs2-00010.jpg",449.13232282777,189.137416031288
100,"207_fs2-00010.jpg",449.405310979414,189.791440803553
101,"207_fs2-00010.jpg",449.692674315003,190.442089405041
102,"207_fs2-00010.jpg",449.993945899553,191.089304357135
103,"207_fs2-00010.jpg",450.30865879808,191.733028181217
104,"207_fs2-00010.jpg",450.636346075601,192.37320339867
105,"207_fs2-00010.jpg",450.976540797133,193.009772530877
106,"207_fs2-00010.jpg",451.32877602769,193.642678099222
107,"207_fs2-00010.jpg",451.69258483229,194.271862625086
108,"207_fs2-00010.jpg",452.06750027595,194.897268629854
109,"207_fs2-00010.jpg",452.453055423684,195.518838634907
110,"207_fs2-00010.jpg",452.84878334051,196.136515161629
111,"207_fs2-00010.jpg",453.254217091444,196.750240731402
112,"207_fs2-00010.jpg",453.668889741502,197.35995786561
113,"207_fs2-00010.jpg",454.0923343557,197.965609085636
114,"207_fs2-00010.jpg",454.524083999055,198.567136912862
115,"207_fs2-00010.jpg",454.963671736583,199.164483868671
116,"207_fs2-00010.jpg",455.410630633301,199.757592474446
117,"207_fs2-00010.jpg",455.864493754224,200.34640525157
118,"207_fs2-00010.jpg",456.324794164369,200.930864721426
119,"207_fs2-00010.jpg",456.791064928752,201.510913405397
120,"207_fs2-00010.jpg",457.26283911239,202.086493824866
121,"207_fs2-00010.jpg",457.739649780299,202.657548501216
122,"207_fs2-00010.jpg",458.221029997495,203.224019955828
123,"207_fs2-00010.jpg",458.706512828994,203.785850710088
124,"207_fs2-00010.jpg",459.195631339813,204.342983285377
125,"207_fs2-00010.jpg",459.687918594968,204.895360203078
126,"207_fs2-00010.jpg",460.182907659476,205.442923984574
127,"207_fs2-00010.jpg",460.680131598352,205.985617151248
128,"207_fs2-00010.jpg",461.179123476613,206.523382224483
129,"207_fs2-00010.jpg",461.679416359275,207.056161725663
130,"207_fs2-00010.jpg",462.180543311355,207.583898176169
131,"207_fs2-00010.jpg",462.682037397868,208.106534097384
132,"207_fs2-00010.jpg",463.183431683832,208.624012010692
133,"207_fs2-00010.jpg",463.684259234262,209.136274437476
134,"207_fs2-00010.jpg",464.184053114175,209.643263899118
135,"207_fs2-00010.jpg",464.682346388587,210.144922917002
136,"207_fs2-00010.jpg",465.178672122515,210.641194012509
137,"207_fs2-00010.jpg",465.672563380974,211.132019707024
138,"207_fs2-00010.jpg",466.163553228981,211.617342521929
139,"207_fs2-00010.jpg",466.651174731552,212.097104978607
140,"207_fs2-00010.jpg",467.141420942205,212.571289128379
141,"207_fs2-00010.jpg",467.64467257663,213.040122665248
142,"207_fs2-00010.jpg",468.160329963145,213.503927496398
143,"207_fs2-00010.jpg",468.687606269948,213.963025722203
144,"207_fs2-00010.jpg",469.225714665236,214.417739443035
145,"207_fs2-00010.jpg",469.773868317208,214.868390759267
146,"207_fs2-00010.jpg",470.331280394063,215.315301771271
147,"207_fs2-00010.jpg",470.897164063998,215.758794579421
148,"207_fs2-00010.jpg",471.470732495212,216.199191284089
149,"207_fs2-00010.jpg",472.051198855903,216.636813985648
150,"207_fs2-00010.jpg",472.63777631427,217.071984784472
151,"207_fs2-00010.jpg",473.229678038509,217.505025780932
152,"207_fs2-00010.jpg",473.826117196821,217.936259075402
153,"207_fs2-00010.jpg",474.426306957402,218.366006768254
154,"207_fs2-00010.jpg",475.029460488452,218.794590959861
155,"207_fs2-00010.jpg",475.634790958168,219.222333750597
156,"207_fs2-00010.jpg",476.241511534748,219.649557240834
157,"207_fs2-00010.jpg",476.848835386392,220.076583530944
158,"207_fs2-00010.jpg",477.455975681296,220.503734721301
159,"207_fs2-00010.jpg",478.06214558766,220.931332912277
160,"207_fs2-00010.jpg",478.666558273681,221.359700204246
161,"207_fs2-00010.jpg",479.268426907558,221.789158697579
162,"207_fs2-00010.jpg",479.866964657489,222.220030492651
163,"207_fs2-00010.jpg",480.461384691673,222.652637689833
164,"207_fs2-00010.jpg",481.050900178307,223.087302389499
165,"207_fs2-00010.jpg",481.634724285589,223.524346692021
166,"207_fs2-00010.jpg",482.212070181718,223.964092697772
167,"207_fs2-00010.jpg",482.782151034893,224.406862507125
168,"207_fs2-00010.jpg",483.344180013311,224.852978220453
169,"207_fs2-00010.jpg",483.89737028517,225.302761938128
170,"207_fs2-00010.jpg",484.44093501867,225.756535760524
171,"207_fs2-00010.jpg",484.974087382007,226.214621788014
172,"207_fs2-00010.jpg",485.496040543381,226.677342120969
173,"207_fs2-00010.jpg",486.006007670989,227.145018859763
174,"207_fs2-00010.jpg",486.50320193303,227.617974104769
175,"207_fs2-00010.jpg",486.986836497701,228.09652995636
176,"207_fs2-00010.jpg",487.456855440249,228.581008514908
177,"207_fs2-00010.jpg",487.920160178689,229.071731880786
178,"207_fs2-00010.jpg",488.37862557291,229.569022154367
179,"207_fs2-00010.jpg",488.832230522142,230.073201436024
180,"207_fs2-00010.jpg",489.280953925613,230.58459182613
181,"207_fs2-00010.jpg",489.724774682553,231.103515425057
182,"207_fs2-00010.jpg",490.16367169219,231.630294333179
183,"207_fs2-00010.jpg",490.597623853753,232.165250650867
184,"207_fs2-00010.jpg",491.026610066471,232.708706478496
185,"207_fs2-00010.jpg",491.450609229573,233.260983916437
186,"207_fs2-00010.jpg",491.869600242288,233.822405065064
187,"207_fs2-00010.jpg",492.283562003844,234.39329202475
188,"207_fs2-00010.jpg",492.692473413471,234.973966895867
189,"207_fs2-00010.jpg",493.096313370397,235.564751778787
190,"207_fs2-00010.jpg",493.495060773851,236.165968773885
191,"207_fs2-00010.jpg",493.888694523063,236.777939981533
192,"207_fs2-00010.jpg",494.277193517261,237.400987502103
193,"207_fs2-00010.jpg",494.660536655673,238.035433435968
194,"207_fs2-00010.jpg",495.038702837529,238.681599883502
195,"207_fs2-00010.jpg",495.411670962058,239.339808945076
196,"207_fs2-00010.jpg",495.779419928488,240.010382721065
197,"207_fs2-00010.jpg",496.141928636049,240.69364331184
198,"207_fs2-00010.jpg",496.499175983969,241.389912817774
199,"207_fs2-00010.jpg",496.851140871477,242.099513339241
200,"207_fs2-00010.jpg",497.197802197802,242.822766976613
1,"207_fs2-00011.jpg",464,110
2,"207_fs2-00011.jpg",463.483450523782,110.530206069038
3,"207_fs2-00011.jpg",462.970091993322,111.062379416764
4,"207_fs2-00011.jpg",462.460046142163,111.596550822756
5,"207_fs2-00011.jpg",461.953434703847,112.13275106659
6,"207_fs2-00011.jpg",461.450379411918,112.671010927843
7,"207_fs2-00011.jpg",460.95100199992,113.211361186093
8,"207_fs2-00011.jpg",460.455424201396,113.753832620917
9,"207_fs2-00011.jpg",459.963767749889,114.298456011892
10,"207_fs2-00011.jpg",459.476154378943,114.845262138595
11,"207_fs2-00011.jpg",458.992705822101,115.394281780603
12,"207_fs2-00011.jpg",458.513543812905,115.945545717493
13,"207_fs2-00011.jpg",458.0387900849,116.499084728843
14,"207_fs2-00011.jpg",457.568566371629,117.054929594229
15,"207_fs2-00011.jpg",457.102994406635,117.613111093228
16,"207_fs2-00011.jpg",456.642195923461,118.173660005418
17,"207_fs2-00011.jpg",456.186292655651,118.736607110376
18,"207_fs2-00011.jpg",455.735406336748,119.301983187678
19,"207_fs2-00011.jpg",455.289658700296,119.869819016902
20,"207_fs2-00011.jpg",454.849171479837,120.440145377626
21,"207_fs2-00011.jpg",454.414066408915,121.012993049425
22,"207_fs2-00011.jpg",453.984465221074,121.588392811878
23,"207_fs2-00011.jpg",453.560489649856,122.166375444561
24,"207_fs2-00011.jpg",453.142261428805,122.746971727052
25,"207_fs2-00011.jpg",452.729902291465,123.330212438927
26,"207_fs2-00011.jpg",452.323533971378,123.916128359763
27,"207_fs2-00011.jpg",451.921464542663,124.504750269139
28,"207_fs2-00011.jpg",451.510219722718,125.09610894663
29,"207_fs2-00011.jpg",451.088259460785,125.690235171814
30,"207_fs2-00011.jpg",450.657088644937,126.287159724269
31,"207_fs2-00011.jpg",450.218212163248,126.88691338357
32,"207_fs2-00011.jpg",449.773134903792,127.489526929296
33,"207_fs2-00011.jpg",449.323361754643,128.095031141023
34,"207_fs2-00011.jpg",448.870397603874,128.703456798328
35,"207_fs2-00011.jpg",448.415747339558,129.314834680789
36,"207_fs2-00011.jpg",447.960915849769,129.929195567983
37,"207_fs2-00011.jpg",447.507408022581,130.546570239487
38,"207_fs2-00011.jpg",447.056728746068,131.166989474877
39,"207_fs2-00011.jpg",446.610382908303,131.790484053731
40,"207_fs2-00011.jpg",446.16987539736,132.417084755627
41,"207_fs2-00011.jpg",445.736711101312,133.04682236014
42,"207_fs2-00011.jpg",445.312394908233,133.679727646849
43,"207_fs2-00011.jpg",444.898431706196,134.315831395331
44,"207_fs2-00011.jpg",444.496326383276,134.955164385161
45,"207_fs2-00011.jpg",444.107583827546,135.597757395919
46,"207_fs2-00011.jpg",443.733708927079,136.24364120718
47,"207_fs2-00011.jpg",443.37620656995,136.892846598522
48,"207_fs2-00011.jpg",443.036581644231,137.545404349522
49,"207_fs2-00011.jpg",442.716339037996,138.201345239756
50,"207_fs2-00011.jpg",442.41698363932,138.860700048803
51,"207_fs2-00011.jpg",442.140020336275,139.523499556239
52,"207_fs2-00011.jpg",441.886954016935,140.189774541642
53,"207_fs2-00011.jpg",441.659289569375,140.859555784588
54,"207_fs2-00011.jpg",441.458531881666,141.532874064654
55,"207_fs2-00011.jpg",441.286185841885,142.209760161418
56,"207_fs2-00011.jpg",441.143756338102,142.890244854457
57,"207_fs2-00011.jpg",441.032748258393,143.574358923347
58,"207_fs2-00011.jpg",440.954666490832,144.262133147667
59,"207_fs2-00011.jpg",440.910206456424,144.953598006676
60,"207_fs2-00011.jpg",440.877211340696,145.648731384092
61,"207_fs2-00011.jpg",440.845139217809,146.347398836527
62,"207_fs2-00011.jpg",440.814003534609,147.049451470826
63,"207_fs2-00011.jpg",440.783817737946,147.754740393839
64,"207_fs2-00011.jpg",440.754595274669,148.463116712411
65,"207_fs2-00011.jpg",440.726349591625,149.174431533392
66,"207_fs2-00011.jpg",440.699094135664,149.888535963628
67,"207_fs2-00011.jpg",440.672842353633,150.605281109966
68,"207_fs2-00011.jpg",440.64760769238,151.324518079255
69,"207_fs2-00011.jpg",440.623403598756,152.046097978342
70,"207_fs2-00011.jpg",440.600243519607,152.769871914075
71,"207_fs2-00011.jpg",440.578140901782,153.4956909933
72,"207_fs2-00011.jpg",440.55710919213,154.223406322865
73,"207_fs2-00011.jpg",440.5371618375,154.952869009618
74,"207_fs2-00011.jpg",440.518312284738,155.683930160407
75,"207_fs2-00011.jpg",440.500573980695,156.416440882079
76,"207_fs2-00011.jpg",440.483960372219,157.150252281481
77,"207_fs2-00011.jpg",440.468484906157,157.88521546546
78,"207_fs2-00011.jpg",440.454161029359,158.621181540866
79,"207_fs2-00011.jpg",440.441002188672,159.358001614544
80,"207_fs2-00011.jpg",440.429021830946,160.095526793343
81,"207_fs2-00011.jpg",440.418233403029,160.833608184109
82,"207_fs2-00011.jpg",440.408650351768,161.572096893691
83,"207_fs2-00011.jpg",440.400286124013,162.310844028936
84,"207_fs2-00011.jpg",440.393154166613,163.049700696692
85,"207_fs2-00011.jpg",440.387267926414,163.788518003805
86,"207_fs2-00011.jpg",440.382640850266,164.527147057124
87,"207_fs2-00011.jpg",440.379286385018,165.265438963496
88,"207_fs2-00011.jpg",440.377217977518,166.003244829769
89,"207_fs2-00011.jpg",440.376449074613,166.740415762789
90,"207_fs2-00011.jpg",440.384548747991,167.476801026933
91,"207_fs2-00011.jpg",440.411549733118,168.212240299215
92,"207_fs2-00011.jpg",440.456721924035,168.946570148103
93,"207_fs2-00011.jpg",440.519265059775,169.679627140449
94,"207_fs2-00011.jpg",440.598378879373,170.411247843108
95,"207_fs2-00011.jpg",440.693263121861,171.141268822933
96,"207_fs2-00011.jpg",440.803117526274,171.869526646779
97,"207_fs2-00011.jpg",440.927141831643,172.595857881498
98,"207_fs2-00011.jpg",441.064535777004,173.320099093945
99,"207_fs2-00011.jpg",441.21449910139,174.042086850974
100,"207_fs2-00011.jpg",441.376231543833,174.761657719438
101,"207_fs2-00011.jpg",441.548932843368,175.478648266192
102,"207_fs2-00011.jpg",441.731802739028,176.192895058088
103,"207_fs2-00011.jpg",441.924040969846,176.904234661981
104,"207_fs2-00011.jpg",442.124847274855,177.612503644725
105,"207_fs2-00011.jpg",442.33342139309,178.317538573173
106,"207_fs2-00011.jpg",442.548963063584,179.01917601418
107,"207_fs2-00011.jpg",442.77067202537,179.717252534598
108,"207_fs2-00011.jpg",442.997748017481,180.411604701282
109,"207_fs2-00011.jpg",443.229390778952,181.102069081086
110,"207_fs2-00011.jpg",443.464800048815,181.788482240864
111,"207_fs2-00011.jpg",443.703175566104,182.470680747468
112,"207_fs2-00011.jpg",443.943717069853,183.148501167754
113,"207_fs2-00011.jpg",444.185624299094,183.821780068574
114,"207_fs2-00011.jpg",444.428096992862,184.490354016783
115,"207_fs2-00011.jpg",444.67033489019,185.154059579234
116,"207_fs2-00011.jpg",444.911692622911,185.812733366876
117,"207_fs2-00011.jpg",445.166277069805,186.466255654834
118,"207_fs2-00011.jpg",445.442908682983,187.114632231642
119,"207_fs2-00011.jpg",445.740505167912,187.757891299836
120,"207_fs2-00011.jpg",446.057984230062,188.396061061953
121,"207_fs2-00011.jpg",446.394263574901,189.029169720531
122,"207_fs2-00011.jpg",446.748260907897,189.657245478105
123,"207_fs2-00011.jpg",447.11889393452,190.280316537212
124,"207_fs2-00011.jpg",447.505080360238,190.898411100389
125,"207_fs2-00011.jpg",447.90573789052,191.511557370173
126,"207_fs2-00011.jpg",448.319784230833,192.1197835491
127,"207_fs2-00011.jpg",448.746137086648,192.723117839708
128,"207_fs2-00011.jpg",449.183714163432,193.321588444532
129,"207_fs2-00011.jpg",449.631433166655,193.91522356611
130,"207_fs2-00011.jpg",450.088211801784,194.504051406979
131,"207_fs2-00011.jpg",450.552967774289,195.088100169674
132,"207_fs2-00011.jpg",451.024618789637,195.667398056733
133,"207_fs2-00011.jpg",451.502082553299,196.241973270693
134,"207_fs2-00011.jpg",451.984276770742,196.81185401409
135,"207_fs2-00011.jpg",452.470119147436,197.37706848946
136,"207_fs2-00011.jpg",452.958527388847,197.937644899342
137,"207_fs2-00011.jpg",453.448419200447,198.49361144627
138,"207_fs2-00011.jpg",453.938712287702,199.044996332783
139,"207_fs2-00011.jpg",454.428324356082,199.591827761416
140,"207_fs2-00011.jpg",454.916173111055,200.134133934707
141,"207_fs2-00011.jpg",455.40117625809,200.671943055192
142,"207_fs2-00011.jpg",455.882251502656,201.205283325408
143,"207_fs2-00011.jpg",456.358720016065,201.734183176925
144,"207_fs2-00011.jpg",456.839415450535,202.258702483833
145,"207_fs2-00011.jpg",457.328051379462,202.778964302631
146,"207_fs2-00011.jpg",457.824257351425,203.295099253431
147,"207_fs2-00011.jpg",458.327662915005,203.807237956346
148,"207_fs2-00011.jpg",458.837897618781,204.315511031486
149,"207_fs2-00011.jpg",459.354591011331,204.820049098965
150,"207_fs2-00011.jpg",459.877372641236,205.320982778893
151,"207_fs2-00011.jpg",460.405872057075,205.818442691383
152,"207_fs2-00011.jpg",460.939718807426,206.312559456547
153,"207_fs2-00011.jpg",461.47854244087,206.803463694495
154,"207_fs2-00011.jpg",462.021972505986,207.291286025341
155,"207_fs2-00011.jpg",462.569638551353,207.776157069195
156,"207_fs2-00011.jpg",463.12117012555,208.258207446171
157,"207_fs2-00011.jpg",463.676196777157,208.737567776378
158,"207_fs2-00011.jpg",464.234348054754,209.214368679931
159,"207_fs2-00011.jpg",464.795253506919,209.688740776939
160,"207_fs2-00011.jpg",465.358542682232,210.160814687516
161,"207_fs2-00011.jpg",465.923845129273,210.630721031773
162,"207_fs2-00011.jpg",466.49079039662,211.098590429821
163,"207_fs2-00011.jpg",467.059008032853,211.564553501773
164,"207_fs2-00011.jpg",467.628127586551,212.028740867741
165,"207_fs2-00011.jpg",468.197778606294,212.491283147835
166,"207_fs2-00011.jpg",468.767590640662,212.952310962169
167,"207_fs2-00011.jpg",469.337193238233,213.411954930854
168,"207_fs2-00011.jpg",469.906215947586,213.870345674002
169,"207_fs2-00011.jpg",470.474288317303,214.327613811724
170,"207_fs2-00011.jpg",471.04103989596,214.783889964133
171,"207_fs2-00011.jpg",471.606100232139,215.23930475134
172,"207_fs2-00011.jpg",472.169098874418,215.693988793457
173,"207_fs2-00011.jpg",472.729665371376,216.148072710596
174,"207_fs2-00011.jpg",473.287429271594,216.601687122869
175,"207_fs2-00011.jpg",473.84202012365,217.054962650388
176,"207_fs2-00011.jpg",474.394643407094,217.508029913264
177,"207_fs2-00011.jpg",474.947764775014,217.96101953161
178,"207_fs2-00011.jpg",475.501417391822,218.414062125536
179,"207_fs2-00011.jpg",476.055595184143,218.867288315156
180,"207_fs2-00011.jpg",476.610292078602,219.32082872058
181,"207_fs2-00011.jpg",477.165502001824,219.774813961922
182,"207_fs2-00011.jpg",477.721218880435,220.229374659291
183,"207_fs2-00011.jpg",478.277436641058,220.684641432801
184,"207_fs2-00011.jpg",478.834149210319,221.140744902564
185,"207_fs2-00011.jpg",479.391350514844,221.59781568869
186,"207_fs2-00011.jpg",479.949034481256,222.055984411292
187,"207_fs2-00011.jpg",480.507195036182,222.515381690482
188,"207_fs2-00011.jpg",481.065826106246,222.976138146371
189,"207_fs2-00011.jpg",481.624921618072,223.438384399072
190,"207_fs2-00011.jpg",482.184475498287,223.902251068696
191,"207_fs2-00011.jpg",482.744481673514,224.367868775355
192,"207_fs2-00011.jpg",483.30493407038,224.835368139161
193,"207_fs2-00011.jpg",483.865826615509,225.304879780225
194,"207_fs2-00011.jpg",484.427153235526,225.776534318661
195,"207_fs2-00011.jpg",484.988907857055,226.250462374578
196,"207_fs2-00011.jpg",485.551084406723,226.72679456809
197,"207_fs2-00011.jpg",486.113676811153,227.205661519308
198,"207_fs2-00011.jpg",486.676678996972,227.687193848344
199,"207_fs2-00011.jpg",487.240084890804,228.171522175309
200,"207_fs2-00011.jpg",487.803888419273,228.658777120316
1,"207_fs2-00012.jpg",476,106
2,"207_fs2-00012.jpg",475.40298770466,106.390498064604
3,"207_fs2-00012.jpg",474.808507675296,106.782082139139
4,"207_fs2-00012.jpg",474.216632882838,107.174826627859
5,"207_fs2-00012.jpg",473.627436298216,107.568805935017
6,"207_fs2-00012.jpg",473.040990892358,107.964094464869
7,"207_fs2-00012.jpg",472.457369636196,108.360766621667
8,"207_fs2-00012.jpg",471.876645500658,108.758896809668
9,"207_fs2-00012.jpg",471.298891456674,109.158559433123
10,"207_fs2-00012.jpg",470.724180475174,109.559828896289
11,"207_fs2-00012.jpg",470.152585527088,109.962779603419
12,"207_fs2-00012.jpg",469.584179583344,110.367485958766
13,"207_fs2-00012.jpg",469.019035614873,110.774022366586
14,"207_fs2-00012.jpg",468.457226592605,111.182463231133
15,"207_fs2-00012.jpg",467.898825487469,111.59288295666
16,"207_fs2-00012.jpg",467.343905270395,112.005355947422
17,"207_fs2-00012.jpg",466.792538912312,112.419956607673
18,"207_fs2-00012.jpg",466.24479938415,112.836759341667
19,"207_fs2-00012.jpg",465.700759656839,113.255838553659
20,"207_fs2-00012.jpg",465.160492701308,113.677268647902
21,"207_fs2-00012.jpg",464.624071488487,114.101124028652
22,"207_fs2-00012.jpg",464.091568989306,114.527479100161
23,"207_fs2-00012.jpg",463.563058174694,114.956408266684
24,"207_fs2-00012.jpg",463.038612015582,115.387985932475
25,"207_fs2-00012.jpg",462.518303482897,115.822286501789
26,"207_fs2-00012.jpg",462.002205547572,116.25938437888
27,"207_fs2-00012.jpg",461.490391180534,116.699353968001
28,"207_fs2-00012.jpg",460.982933352714,117.142269673407
29,"207_fs2-00012.jpg",460.479905035041,117.588205899353
30,"207_fs2-00012.jpg",459.980600760925,118.037237050092
31,"207_fs2-00012.jpg",459.473181979227,118.489437529879
32,"207_fs2-00012.jpg",458.954575645894,118.944881742967
33,"207_fs2-00012.jpg",458.426019075279,119.403644093611
34,"207_fs2-00012.jpg",457.888749581735,119.865798986065
35,"207_fs2-00012.jpg",457.344004479616,120.331420824584
36,"207_fs2-00012.jpg",456.793021083275,120.800584013421
37,"207_fs2-00012.jpg",456.237036707067,121.273362956831
38,"207_fs2-00012.jpg",455.677288665344,121.749832059067
39,"207_fs2-00012.jpg",455.11501427246,122.230065724385
40,"207_fs2-00012.jpg",454.551450842769,122.714138357038
41,"207_fs2-00012.jpg",453.987835690624,123.20212436128
42,"207_fs2-00012.jpg",453.425406130379,123.694098141365
43,"207_fs2-00012.jpg",452.865399476387,124.190134101549
44,"207_fs2-00012.jpg",452.309053043001,124.690306646084
45,"207_fs2-00012.jpg",451.757604144576,125.194690179225
46,"207_fs2-00012.jpg",451.212290095465,125.703359105227
47,"207_fs2-00012.jpg",450.674348210021,126.216387828343
48,"207_fs2-00012.jpg",450.145015802598,126.733850752827
49,"207_fs2-00012.jpg",449.62553018755,127.255822282935
50,"207_fs2-00012.jpg",449.117128679229,127.782376822919
51,"207_fs2-00012.jpg",448.62104859199,128.313588777035
52,"207_fs2-00012.jpg",448.138527240185,128.849532549536
53,"207_fs2-00012.jpg",447.670801938169,129.390282544676
54,"207_fs2-00012.jpg",447.219110000296,129.93591316671
55,"207_fs2-00012.jpg",446.784688740917,130.486498819892
56,"207_fs2-00012.jpg",446.368775474388,131.042113908477
57,"207_fs2-00012.jpg",445.972607515061,131.602832836717
58,"207_fs2-00012.jpg",445.597422177291,132.168730008867
59,"207_fs2-00012.jpg",445.24445677543,132.739879829183
60,"207_fs2-00012.jpg",444.914948623832,133.316356701917
61,"207_fs2-00012.jpg",444.610135036851,133.898235031324
62,"207_fs2-00012.jpg",444.331253328841,134.485589221658
63,"207_fs2-00012.jpg",444.079540814154,135.078493677174
64,"207_fs2-00012.jpg",443.856234807144,135.677022802125
65,"207_fs2-00012.jpg",443.662572622165,136.281251000766
66,"207_fs2-00012.jpg",443.499791573571,136.89125267735
67,"207_fs2-00012.jpg",443.369128975714,137.507102236133
68,"207_fs2-00012.jpg",443.25830027433,138.128840568015
69,"207_fs2-00012.jpg",443.149321855689,138.756336688552
70,"207_fs2-00012.jpg",443.042139936325,139.389404663684
71,"207_fs2-00012.jpg",442.936808775039,140.027858534967
72,"207_fs2-00012.jpg",442.833382630634,140.671512343959
73,"207_fs2-00012.jpg",442.731915761911,141.320180132217
74,"207_fs2-00012.jpg",442.632462427674,141.973675941295
75,"207_fs2-00012.jpg",442.535076886724,142.631813812753
76,"207_fs2-00012.jpg",442.439813397863,143.294407788145
77,"207_fs2-00012.jpg",442.346726219894,143.961271909029
78,"207_fs2-00012.jpg",442.255869611619,144.632220216962
79,"207_fs2-00012.jpg",442.16729783184,145.3070667535
80,"207_fs2-00012.jpg",442.08106513936,145.985625560199
81,"207_fs2-00012.jpg",441.99722579298,146.667710678617
82,"207_fs2-00012.jpg",441.915834051503,147.353136150311
83,"207_fs2-00012.jpg",441.83694417373,148.041716016836
84,"207_fs2-00012.jpg",441.760610418465,148.733264319749
85,"207_fs2-00012.jpg",441.686887044509,149.427595100608
86,"207_fs2-00012.jpg",441.615828310664,150.124522400969
87,"207_fs2-00012.jpg",441.547488475733,150.823860262388
88,"207_fs2-00012.jpg",441.481921798519,151.525422726423
89,"207_fs2-00012.jpg",441.419182537822,152.229023834629
90,"207_fs2-00012.jpg",441.359324952445,152.934477628565
91,"207_fs2-00012.jpg",441.302403301192,153.641598149785
92,"207_fs2-00012.jpg",441.248471842862,154.350199439847
93,"207_fs2-00012.jpg",441.19758483626,155.060095540308
94,"207_fs2-00012.jpg",441.149796540187,155.771100492724
95,"207_fs2-00012.jpg",441.105161213445,156.483028338653
96,"207_fs2-00012.jpg",441.063733114837,157.19569311965
97,"207_fs2-00012.jpg",441.025566503165,157.908908877272
98,"207_fs2-00012.jpg",440.99071563723,158.622489653076
99,"207_fs2-00012.jpg",440.959234775836,159.336249488619
100,"207_fs2-00012.jpg",440.931178177784,160.050002425457
101,"207_fs2-00012.jpg",440.906600101876,160.763562505148
102,"207_fs2-00012.jpg",440.885554806916,161.476743769247
103,"207_fs2-00012.jpg",440.868096551704,162.189360259311
104,"207_fs2-00012.jpg",440.854279595043,162.901226016898
105,"207_fs2-00012.jpg",440.844158195736,163.612155083563
106,"207_fs2-00012.jpg",440.837786612584,164.321961500864
107,"207_fs2-00012.jpg",440.83521910439,165.030459310357
108,"207_fs2-00012.jpg",440.841964839677,165.737467027407
109,"207_fs2-00012.jpg",440.867646754948,166.442832995883
110,"207_fs2-00012.jpg",440.91165031555,167.14641775999
111,"207_fs2-00012.jpg",440.97313568751,167.848081900444
112,"207_fs2-00012.jpg",441.051263036852,168.547685997961
113,"207_fs2-00012.jpg",441.145192529603,169.245090633257
114,"207_fs2-00012.jpg",441.254084331789,169.940156387048
115,"207_fs2-00012.jpg",441.377098609435,170.63274384005
116,"207_fs2-00012.jpg",441.513395528568,171.322713572978
117,"207_fs2-00012.jpg",441.662135255212,172.00992616655
118,"207_fs2-00012.jpg",441.822477955395,172.69424220148
119,"207_fs2-00012.jpg",441.993583795142,173.375522258485
120,"207_fs2-00012.jpg",442.174612940478,174.053626918281
121,"207_fs2-00012.jpg",442.36472555743,174.728416761583
122,"207_fs2-00012.jpg",442.563081812024,175.399752369108
123,"207_fs2-00012.jpg",442.768841870284,176.067494321572
124,"207_fs2-00012.jpg",442.981165898238,176.731503199691
125,"207_fs2-00012.jpg",443.199214061911,177.391639584181
126,"207_fs2-00012.jpg",443.422146527329,178.047764055757
127,"207_fs2-00012.jpg",443.649123460517,178.699737195135
128,"207_fs2-00012.jpg",443.879305027502,179.347419583032
129,"207_fs2-00012.jpg",444.111851394309,179.990671800164
130,"207_fs2-00012.jpg",444.345922726964,180.629354427247
131,"207_fs2-00012.jpg",444.580679191494,181.263328044996
132,"207_fs2-00012.jpg",444.815280953923,181.892453234127
133,"207_fs2-00012.jpg",445.048888180278,182.516590575357
134,"207_fs2-00012.jpg",445.283409153711,183.135605503523
135,"207_fs2-00012.jpg",445.53402383024,183.749470890689
136,"207_fs2-00012.jpg",445.802625270552,184.358264759337
137,"207_fs2-00012.jpg",446.088540626321,184.962069528638
138,"207_fs2-00012.jpg",446.391097049221,185.560967617765
139,"207_fs2-00012.jpg",446.709621690928,186.155041445891
140,"207_fs2-00012.jpg",447.043441703116,186.744373432186
141,"207_fs2-00012.jpg",447.391884237459,187.329045995825
142,"207_fs2-00012.jpg",447.754276445631,187.909141555978
143,"207_fs2-00012.jpg",448.129945479309,188.484742531819
144,"207_fs2-00012.jpg",448.518218490165,189.05593134252
145,"207_fs2-00012.jpg",448.918422629874,189.622790407253
146,"207_fs2-00012.jpg",449.329885050111,190.18540214519
147,"207_fs2-00012.jpg",449.751932902551,190.743848975504
148,"207_fs2-00012.jpg",450.183893338868,191.298213317367
149,"207_fs2-00012.jpg",450.625093510737,191.848577589952
150,"207_fs2-00012.jpg",451.074860569831,192.39502421243
151,"207_fs2-00012.jpg",451.532521667826,192.937635603974
152,"207_fs2-00012.jpg",451.997403956396,193.476494183756
153,"207_fs2-00012.jpg",452.468834587216,194.01168237095
154,"207_fs2-00012.jpg",452.94614071196,194.543282584726
155,"207_fs2-00012.jpg",453.428649482303,195.071377244257
156,"207_fs2-00012.jpg",453.915688049919,195.596048768717
157,"207_fs2-00012.jpg",454.406583566483,196.117379577276
158,"207_fs2-00012.jpg",454.900663183669,196.635452089107
159,"207_fs2-00012.jpg",455.397254053151,197.150348723384
160,"207_fs2-00012.jpg",455.895683326606,197.662151899277
161,"207_fs2-00012.jpg",456.395278155706,198.170944035959
162,"207_fs2-00012.jpg",456.895365692126,198.676807552603
163,"207_fs2-00012.jpg",457.395273087542,199.179824868381
164,"207_fs2-00012.jpg",457.894327493627,199.680078402465
165,"207_fs2-00012.jpg",458.391856062056,200.177650574028
166,"207_fs2-00012.jpg",458.887185944503,200.672623802242
167,"207_fs2-00012.jpg",459.379644292644,201.165080506278
168,"207_fs2-00012.jpg",459.868558258152,201.655103105311
169,"207_fs2-00012.jpg",460.353254992702,202.142774018511
170,"207_fs2-00012.jpg",460.833061647969,202.628175665052
171,"207_fs2-00012.jpg",461.307305375627,203.111390464105
172,"207_fs2-00012.jpg",461.778663855457,203.592500834843
173,"207_fs2-00012.jpg",462.253308906982,204.071589196438
174,"207_fs2-00012.jpg",462.731350816916,204.548737968063
175,"207_fs2-00012.jpg",463.212736958491,205.024029568889
176,"207_fs2-00012.jpg",463.697414704941,205.49754641809
177,"207_fs2-00012.jpg",464.185331429497,205.969370934837
178,"207_fs2-00012.jpg",464.676434505395,206.439585538303
179,"207_fs2-00012.jpg",465.170671305866,206.90827264766
180,"207_fs2-00012.jpg",465.667989204144,207.375514682081
181,"207_fs2-00012.jpg",466.168335573461,207.841394060737
182,"207_fs2-00012.jpg",466.671657787051,208.305993202802
183,"207_fs2-00012.jpg",467.177903218147,208.769394527447
184,"207_fs2-00012.jpg",467.687019239982,209.231680453844
185,"207_fs2-00012.jpg",468.198953225789,209.692933401167
186,"207_fs2-00012.jpg",468.713652548801,210.153235788587
187,"207_fs2-00012.jpg",469.231064582251,210.612670035277
188,"207_fs2-00012.jpg",469.751136699373,211.071318560409
189,"207_fs2-00012.jpg",470.273816273399,211.529263783155
190,"207_fs2-00012.jpg",470.799050677562,211.986588122688
191,"207_fs2-00012.jpg",471.326787285095,212.44337399818
192,"207_fs2-00012.jpg",471.856973469232,212.899703828804
193,"207_fs2-00012.jpg",472.389556603206,213.355660033731
194,"207_fs2-00012.jpg",472.924484060249,213.811325032134
195,"207_fs2-00012.jpg",473.461703213596,214.266781243186
196,"207_fs2-00012.jpg",474.001161436478,214.722111086058
197,"207_fs2-00012.jpg",474.542806102128,215.177396979923
198,"207_fs2-00012.jpg",475.086584583781,215.632721343953
199,"207_fs2-00012.jpg",475.632444254669,216.088166597322
200,"207_fs2-00012.jpg",476.180332488025,216.5438151592
