"points","Image","X","Y"
1,"206_fs1-00001.jpg",492,169.125
2,"206_fs1-00001.jpg",491.474641915623,169.117995509324
3,"206_fs1-00001.jpg",490.949428355513,169.109675837288
4,"206_fs1-00001.jpg",490.42435871973,169.100031038062
5,"206_fs1-00001.jpg",489.89943240833,169.089051165815
6,"206_fs1-00001.jpg",489.374648821371,169.076726274715
7,"206_fs1-00001.jpg",488.850007358911,169.063046418934
8,"206_fs1-00001.jpg",488.325507421007,169.048001652638
9,"206_fs1-00001.jpg",487.801148407718,169.031582029998
10,"206_fs1-00001.jpg",487.276929719101,169.013777605183
11,"206_fs1-00001.jpg",486.752850755214,168.994578432362
12,"206_fs1-00001.jpg",486.228910916114,168.973974565703
13,"206_fs1-00001.jpg",485.70510960186,168.951956059377
14,"206_fs1-00001.jpg",485.181446212508,168.928512967552
15,"206_fs1-00001.jpg",484.657920148117,168.903635344398
16,"206_fs1-00001.jpg",484.134530808745,168.877313244083
17,"206_fs1-00001.jpg",483.611277594448,168.849536720777
18,"206_fs1-00001.jpg",483.088159905285,168.820295828648
19,"206_fs1-00001.jpg",482.565177141314,168.789580621867
20,"206_fs1-00001.jpg",482.042328702592,168.757381154602
21,"206_fs1-00001.jpg",481.519613989177,168.723687481023
22,"206_fs1-00001.jpg",480.997032401127,168.688489655298
23,"206_fs1-00001.jpg",480.474583338499,168.651777731596
24,"206_fs1-00001.jpg",479.952266201351,168.613541764088
25,"206_fs1-00001.jpg",479.430080389741,168.573771806941
26,"206_fs1-00001.jpg",478.908025303726,168.532457914326
27,"206_fs1-00001.jpg",478.386100343365,168.489590140411
28,"206_fs1-00001.jpg",477.864304908714,168.445158539365
29,"206_fs1-00001.jpg",477.342637755124,168.399153165358
30,"206_fs1-00001.jpg",476.821021250701,168.351564072559
31,"206_fs1-00001.jpg",476.299415702352,168.302381315137
32,"206_fs1-00001.jpg",475.777840402388,168.25159494726
33,"206_fs1-00001.jpg",475.25631464312,168.199195023099
34,"206_fs1-00001.jpg",474.734857716859,168.145171596822
35,"206_fs1-00001.jpg",474.213488915918,168.089514722599
36,"206_fs1-00001.jpg",473.692227532606,168.032214454599
37,"206_fs1-00001.jpg",473.171092859236,167.97326084699
38,"206_fs1-00001.jpg",472.650104188118,167.912643953942
39,"206_fs1-00001.jpg",472.129280811565,167.850353829625
40,"206_fs1-00001.jpg",471.608642021886,167.786380528206
41,"206_fs1-00001.jpg",471.088207111394,167.720714103857
42,"206_fs1-00001.jpg",470.567995372399,167.653344610744
43,"206_fs1-00001.jpg",470.048026097213,167.584262103039
44,"206_fs1-00001.jpg",469.528318578147,167.513456634909
45,"206_fs1-00001.jpg",469.008892107513,167.440918260525
46,"206_fs1-00001.jpg",468.489765977621,167.366637034054
47,"206_fs1-00001.jpg",467.970959480782,167.290603009667
48,"206_fs1-00001.jpg",467.45249190931,167.212806241533
49,"206_fs1-00001.jpg",466.934382555513,167.13323678382
50,"206_fs1-00001.jpg",466.416650711704,167.051884690698
51,"206_fs1-00001.jpg",465.899315670194,166.968740016336
52,"206_fs1-00001.jpg",465.382396723294,166.883792814903
53,"206_fs1-00001.jpg",464.865913163315,166.797033140569
54,"206_fs1-00001.jpg",464.349847590952,166.708454107529
55,"206_fs1-00001.jpg",463.83413161325,166.618070469538
56,"206_fs1-00001.jpg",463.318754510049,166.525906310114
57,"206_fs1-00001.jpg",462.803707318723,166.431985749425
58,"206_fs1-00001.jpg",462.288981076648,166.336332907642
59,"206_fs1-00001.jpg",461.774566821198,166.238971904934
60,"206_fs1-00001.jpg",461.260455589748,166.13992686147
61,"206_fs1-00001.jpg",460.746638419673,166.03922189742
62,"206_fs1-00001.jpg",460.233106348348,165.936881132953
63,"206_fs1-00001.jpg",459.719850413148,165.832928688239
64,"206_fs1-00001.jpg",459.206861651448,165.727388683447
65,"206_fs1-00001.jpg",458.694131100622,165.620285238746
66,"206_fs1-00001.jpg",458.181649798045,165.511642474306
67,"206_fs1-00001.jpg",457.669408781093,165.401484510297
68,"206_fs1-00001.jpg",457.157399087141,165.289835466888
69,"206_fs1-00001.jpg",456.645611753562,165.176719464247
70,"206_fs1-00001.jpg",456.134037817732,165.062160622546
71,"206_fs1-00001.jpg",455.622668317027,164.946183061953
72,"206_fs1-00001.jpg",455.11149428882,164.828810902637
73,"206_fs1-00001.jpg",454.600506770487,164.710068264768
74,"206_fs1-00001.jpg",454.089696799402,164.589979268516
75,"206_fs1-00001.jpg",453.57905541294,164.46856803405
76,"206_fs1-00001.jpg",453.068573648478,164.345858681539
77,"206_fs1-00001.jpg",452.558242543388,164.221875331154
78,"206_fs1-00001.jpg",452.048053135046,164.096642103062
79,"206_fs1-00001.jpg",451.537996460828,163.970183117434
80,"206_fs1-00001.jpg",451.028063558107,163.84252249444
81,"206_fs1-00001.jpg",450.518245500694,163.713684354263
82,"206_fs1-00001.jpg",450.008869555136,163.583707597534
83,"206_fs1-00001.jpg",449.500209627984,163.45268843726
84,"206_fs1-00001.jpg",448.992197646554,163.320736975954
85,"206_fs1-00001.jpg",448.484765538164,163.187963316131
86,"206_fs1-00001.jpg",447.977845230128,163.054477560306
87,"206_fs1-00001.jpg",447.471368649763,162.920389810991
88,"206_fs1-00001.jpg",446.965267724385,162.785810170703
89,"206_fs1-00001.jpg",446.45947438131,162.650848741954
90,"206_fs1-00001.jpg",445.953920547855,162.515615627259
91,"206_fs1-00001.jpg",445.448538151335,162.380220929132
92,"206_fs1-00001.jpg",444.943259119067,162.244774750088
93,"206_fs1-00001.jpg",444.438015378366,162.109387192641
94,"206_fs1-00001.jpg",443.932738856549,161.974168359305
95,"206_fs1-00001.jpg",443.427361480933,161.839228352594
96,"206_fs1-00001.jpg",442.921815178832,161.704677275022
97,"206_fs1-00001.jpg",442.416031877564,161.570625229104
98,"206_fs1-00001.jpg",441.909943504444,161.437182317354
99,"206_fs1-00001.jpg",441.403481986789,161.304458642287
100,"206_fs1-00001.jpg",440.896579251914,161.172564306415
101,"206_fs1-00001.jpg",440.389167227136,161.041609412254
102,"206_fs1-00001.jpg",439.881177839771,160.911704062319
103,"206_fs1-00001.jpg",439.372543017135,160.782958359122
104,"206_fs1-00001.jpg",438.863194686544,160.655482405178
105,"206_fs1-00001.jpg",438.353064775315,160.529386303002
106,"206_fs1-00001.jpg",437.842085210763,160.404780155108
107,"206_fs1-00001.jpg",437.330188505653,160.281774065257
108,"206_fs1-00001.jpg",436.817525321332,160.160486189963
109,"206_fs1-00001.jpg",436.304268976109,160.041061870957
110,"206_fs1-00001.jpg",435.790444812617,159.923652180787
111,"206_fs1-00001.jpg",435.276078173488,159.808408191998
112,"206_fs1-00001.jpg",434.761194401354,159.695480977135
113,"206_fs1-00001.jpg",434.245818838848,159.585021608745
114,"206_fs1-00001.jpg",433.729976828602,159.477181159373
115,"206_fs1-00001.jpg",433.213693713249,159.372110701565
116,"206_fs1-00001.jpg",432.696994835421,159.269961307867
117,"206_fs1-00001.jpg",432.179905537751,159.170884050825
118,"206_fs1-00001.jpg",431.662451162871,159.075030002985
119,"206_fs1-00001.jpg",431.144657053414,158.982550236892
120,"206_fs1-00001.jpg",430.626548552011,158.893595825093
121,"206_fs1-00001.jpg",430.108151001296,158.808317840132
122,"206_fs1-00001.jpg",429.589489743901,158.726867354557
123,"206_fs1-00001.jpg",429.070590122458,158.649395440913
124,"206_fs1-00001.jpg",428.5514774796,158.576053171745
125,"206_fs1-00001.jpg",428.032177157959,158.5069916196
126,"206_fs1-00001.jpg",427.512714500168,158.442361857023
127,"206_fs1-00001.jpg",426.993114848859,158.38231495656
128,"206_fs1-00001.jpg",426.473403546665,158.327001990757
129,"206_fs1-00001.jpg",425.953605936218,158.276574032161
130,"206_fs1-00001.jpg",425.43374736015,158.231182153315
131,"206_fs1-00001.jpg",424.913853161094,158.190977426768
132,"206_fs1-00001.jpg",424.393948681682,158.156110925064
133,"206_fs1-00001.jpg",423.874059264547,158.126733720748
134,"206_fs1-00001.jpg",423.353514708838,158.1029828945
135,"206_fs1-00001.jpg",422.831506352105,158.084925079468
136,"206_fs1-00001.jpg",422.3082112312,158.072604786464
137,"206_fs1-00001.jpg",421.783811300384,158.06606651837
138,"206_fs1-00001.jpg",421.258488513919,158.065354778064
139,"206_fs1-00001.jpg",420.732424826069,158.070514068425
140,"206_fs1-00001.jpg",420.205802191093,158.081588892333
141,"206_fs1-00001.jpg",419.678802563254,158.098623752667
142,"206_fs1-00001.jpg",419.151607896815,158.121663152307
143,"206_fs1-00001.jpg",418.624400146036,158.150751594133
144,"206_fs1-00001.jpg",418.097361265179,158.185933581022
145,"206_fs1-00001.jpg",417.570673208507,158.227253615856
146,"206_fs1-00001.jpg",417.044517930281,158.274756201513
147,"206_fs1-00001.jpg",416.519077384764,158.328485840873
148,"206_fs1-00001.jpg",415.994533526216,158.388487036815
149,"206_fs1-00001.jpg",415.471068308901,158.454804292218
150,"206_fs1-00001.jpg",414.948863687078,158.527482109963
151,"206_fs1-00001.jpg",414.428101615012,158.606564992928
152,"206_fs1-00001.jpg",413.908964046962,158.692097443993
153,"206_fs1-00001.jpg",413.391632937192,158.784123966037
154,"206_fs1-00001.jpg",412.876290239963,158.882689061939
155,"206_fs1-00001.jpg",412.363117909537,158.98783723458
156,"206_fs1-00001.jpg",411.852297900175,159.099612986838
157,"206_fs1-00001.jpg",411.344004940093,159.218060811799
158,"206_fs1-00001.jpg",410.837436447214,159.343209531742
159,"206_fs1-00001.jpg",410.332024067533,159.475040497044
160,"206_fs1-00001.jpg",409.827869101856,159.613526103095
161,"206_fs1-00001.jpg",409.325072850991,159.758638745285
162,"206_fs1-00001.jpg",408.823736615746,159.910350819004
163,"206_fs1-00001.jpg",408.323961696929,160.068634719641
164,"206_fs1-00001.jpg",407.825849395347,160.233462842587
165,"206_fs1-00001.jpg",407.329501011807,160.404807583232
166,"206_fs1-00001.jpg",406.835017847118,160.582641336966
167,"206_fs1-00001.jpg",406.342501202088,160.766936499177
168,"206_fs1-00001.jpg",405.852052377523,160.957665465257
169,"206_fs1-00001.jpg",405.363772674231,161.154800630595
170,"206_fs1-00001.jpg",404.87776339302,161.358314390581
171,"206_fs1-00001.jpg",404.394125834699,161.568179140604
172,"206_fs1-00001.jpg",403.912961300073,161.784367276056
173,"206_fs1-00001.jpg",403.434633810938,162.006842864264
174,"206_fs1-00001.jpg",402.961126263304,162.235288156367
175,"206_fs1-00001.jpg",402.492209667336,162.469041881057
176,"206_fs1-00001.jpg",402.02712346108,162.707421945849
177,"206_fs1-00001.jpg",401.565107082579,162.949746258258
178,"206_fs1-00001.jpg",401.105399969878,163.1953327258
179,"206_fs1-00001.jpg",400.647241561021,163.443499255991
180,"206_fs1-00001.jpg",400.189871294053,163.693563756346
181,"206_fs1-00001.jpg",399.732528607017,163.944844134381
182,"206_fs1-00001.jpg",399.274452937959,164.196658297611
183,"206_fs1-00001.jpg",398.814883724921,164.448324153551
184,"206_fs1-00001.jpg",398.35306040595,164.699159609718
185,"206_fs1-00001.jpg",397.888222419088,164.948482573627
186,"206_fs1-00001.jpg",397.419609202381,165.195610952793
187,"206_fs1-00001.jpg",396.946766722354,165.439862654733
188,"206_fs1-00001.jpg",396.471794611139,165.68055558696
189,"206_fs1-00001.jpg",395.995252814309,165.917007656992
190,"206_fs1-00001.jpg",395.517153387568,166.148536772343
191,"206_fs1-00001.jpg",395.037508386621,166.37446084053
192,"206_fs1-00001.jpg",394.556329867172,166.594097769067
193,"206_fs1-00001.jpg",394.073629884926,166.80676546547
194,"206_fs1-00001.jpg",393.589420495587,167.011781837255
195,"206_fs1-00001.jpg",393.10371375486,167.208464791937
196,"206_fs1-00001.jpg",392.61652171845,167.396132237032
197,"206_fs1-00001.jpg",392.127856442061,167.574102080055
198,"206_fs1-00001.jpg",391.637729981397,167.741692228523
199,"206_fs1-00001.jpg",391.146154392164,167.898220589949
200,"206_fs1-00001.jpg",390.653141730065,168.043005071851
1,"206_fs1-00002.jpg",492.5,166.25
2,"206_fs1-00002.jpg",491.981151221261,166.156874699303
3,"206_fs1-00002.jpg",491.462316071851,166.069948183586
4,"206_fs1-00002.jpg",490.943494446452,165.989034514188
5,"206_fs1-00002.jpg",490.424686239743,165.913947752447
6,"206_fs1-00002.jpg",489.905891346405,165.8445019597
7,"206_fs1-00002.jpg",489.387109661117,165.780511197285
8,"206_fs1-00002.jpg",488.868341078561,165.72178952654
9,"206_fs1-00002.jpg",488.349585493415,165.668151008803
10,"206_fs1-00002.jpg",487.830842800361,165.619409705412
11,"206_fs1-00002.jpg",487.312112894079,165.575379677705
12,"206_fs1-00002.jpg",486.793395669249,165.535874987019
13,"206_fs1-00002.jpg",486.274691020551,165.500709694692
14,"206_fs1-00002.jpg",485.755998842665,165.469697862062
15,"206_fs1-00002.jpg",485.237319030271,165.442653550467
16,"206_fs1-00002.jpg",484.718651478051,165.419390821245
17,"206_fs1-00002.jpg",484.199996080683,165.399723735733
18,"206_fs1-00002.jpg",483.681352732849,165.38346635527
19,"206_fs1-00002.jpg",483.162721329228,165.370432741193
20,"206_fs1-00002.jpg",482.6441017645,165.36043695484
21,"206_fs1-00002.jpg",482.125493933346,165.353293057549
22,"206_fs1-00002.jpg",481.606897730447,165.348815110658
23,"206_fs1-00002.jpg",481.088313050481,165.346817175505
24,"206_fs1-00002.jpg",480.56973978813,165.347113313426
25,"206_fs1-00002.jpg",480.051177838074,165.349517585761
26,"206_fs1-00002.jpg",479.532627094993,165.353844053848
27,"206_fs1-00002.jpg",479.014087453566,165.359906779023
28,"206_fs1-00002.jpg",478.495558808475,165.367519822624
29,"206_fs1-00002.jpg",477.9770410544,165.376497245991
30,"206_fs1-00002.jpg",477.458534086021,165.38665311046
31,"206_fs1-00002.jpg",476.940037798017,165.397801477369
32,"206_fs1-00002.jpg",476.421552085069,165.409756408056
33,"206_fs1-00002.jpg",475.903076841858,165.422331963859
34,"206_fs1-00002.jpg",475.384611963064,165.435342206116
35,"206_fs1-00002.jpg",474.866157343366,165.448601196164
36,"206_fs1-00002.jpg",474.347712877446,165.461922995342
37,"206_fs1-00002.jpg",473.829278459983,165.475121664987
38,"206_fs1-00002.jpg",473.310853985657,165.488011266437
39,"206_fs1-00002.jpg",472.792439349149,165.50040586103
40,"206_fs1-00002.jpg",472.274034445139,165.512119510104
41,"206_fs1-00002.jpg",471.755639168307,165.522966274997
42,"206_fs1-00002.jpg",471.237192913343,165.532760217046
43,"206_fs1-00002.jpg",470.71823814761,165.541315397589
44,"206_fs1-00002.jpg",470.19874158753,165.548445877964
45,"206_fs1-00002.jpg",469.678778569932,165.55396571951
46,"206_fs1-00002.jpg",469.158424431647,165.557688983563
47,"206_fs1-00002.jpg",468.637754509506,165.559429731461
48,"206_fs1-00002.jpg",468.116844140338,165.559002024544
49,"206_fs1-00002.jpg",467.595768660974,165.556219924147
50,"206_fs1-00002.jpg",467.074603408244,165.55089749161
51,"206_fs1-00002.jpg",466.553423718979,165.542848788269
52,"206_fs1-00002.jpg",466.032304930008,165.531887875463
53,"206_fs1-00002.jpg",465.511322378163,165.51782881453
54,"206_fs1-00002.jpg",464.990551400274,165.500485666808
55,"206_fs1-00002.jpg",464.47006733317,165.479672493633
56,"206_fs1-00002.jpg",463.949945513682,165.455203356345
57,"206_fs1-00002.jpg",463.430261278641,165.426892316281
58,"206_fs1-00002.jpg",462.911089964876,165.394553434778
59,"206_fs1-00002.jpg",462.392506909219,165.358000773175
60,"206_fs1-00002.jpg",461.874587448499,165.31704839281
61,"206_fs1-00002.jpg",461.357406919546,165.27151035502
62,"206_fs1-00002.jpg",460.841040659192,165.221200721143
63,"206_fs1-00002.jpg",460.325564004265,165.165933552517
64,"206_fs1-00002.jpg",459.811052291598,165.10552291048
65,"206_fs1-00002.jpg",459.297580858019,165.039782856369
66,"206_fs1-00002.jpg",458.78522504036,164.968527451523
67,"206_fs1-00002.jpg",458.27406017545,164.891570757279
68,"206_fs1-00002.jpg",457.76416160012,164.808726834975
69,"206_fs1-00002.jpg",457.255501606242,164.719878119868
70,"206_fs1-00002.jpg",456.747957428599,164.625194116867
71,"206_fs1-00002.jpg",456.241469819587,164.524919658541
72,"206_fs1-00002.jpg",455.735979553498,164.419299577757
73,"206_fs1-00002.jpg",455.231427404627,164.308578707384
74,"206_fs1-00002.jpg",454.727754147267,164.193001880291
75,"206_fs1-00002.jpg",454.224900555713,164.072813929344
76,"206_fs1-00002.jpg",453.722807404258,163.948259687413
77,"206_fs1-00002.jpg",453.221415467195,163.819583987367
78,"206_fs1-00002.jpg",452.72066551882,163.687031662073
79,"206_fs1-00002.jpg",452.220498333425,163.5508475444
80,"206_fs1-00002.jpg",451.720854685304,163.411276467216
81,"206_fs1-00002.jpg",451.221675348752,163.26856326339
82,"206_fs1-00002.jpg",450.722901098062,163.122952765789
83,"206_fs1-00002.jpg",450.224472707528,162.974689807284
84,"206_fs1-00002.jpg",449.726330951444,162.82401922074
85,"206_fs1-00002.jpg",449.228416604103,162.671185839028
86,"206_fs1-00002.jpg",448.7306704398,162.516434495015
87,"206_fs1-00002.jpg",448.233033232829,162.360010021571
88,"206_fs1-00002.jpg",447.735445757482,162.202157251562
89,"206_fs1-00002.jpg",447.237848788055,162.043121017858
90,"206_fs1-00002.jpg",446.74018309884,161.883146153326
91,"206_fs1-00002.jpg",446.242389464132,161.722477490836
92,"206_fs1-00002.jpg",445.744408658225,161.561359863255
93,"206_fs1-00002.jpg",445.246222140981,161.400037734114
94,"206_fs1-00002.jpg",444.748624476958,161.238712894234
95,"206_fs1-00002.jpg",444.251865215123,161.077505321118
96,"206_fs1-00002.jpg",443.755841517416,160.916525739175
97,"206_fs1-00002.jpg",443.260450545781,160.755884872811
98,"206_fs1-00002.jpg",442.765589462159,160.595693446436
99,"206_fs1-00002.jpg",442.271155428492,160.436062184457
100,"206_fs1-00002.jpg",441.777045606724,160.277101811281
101,"206_fs1-00002.jpg",441.283157158794,160.118923051319
102,"206_fs1-00002.jpg",440.789387246647,159.961636628976
103,"206_fs1-00002.jpg",440.295633032224,159.805353268662
104,"206_fs1-00002.jpg",439.801791677467,159.650183694783
105,"206_fs1-00002.jpg",439.307760344319,159.496238631749
106,"206_fs1-00002.jpg",438.813436194721,159.343628803968
107,"206_fs1-00002.jpg",438.318716390615,159.192464935846
108,"206_fs1-00002.jpg",437.823498093945,159.042857751793
109,"206_fs1-00002.jpg",437.327678466651,158.894917976217
110,"206_fs1-00002.jpg",436.831154670677,158.748756333524
111,"206_fs1-00002.jpg",436.333823867964,158.604483548124
112,"206_fs1-00002.jpg",435.835583220455,158.462210344424
113,"206_fs1-00002.jpg",435.336329890091,158.322047446833
114,"206_fs1-00002.jpg",434.835961038814,158.184105579758
115,"206_fs1-00002.jpg",434.334386091649,158.048495432745
116,"206_fs1-00002.jpg",433.831947593665,157.915319944651
117,"206_fs1-00002.jpg",433.328848306692,157.784664581322
118,"206_fs1-00002.jpg",432.825097511535,157.656612416206
119,"206_fs1-00002.jpg",432.320704489001,157.531246522757
120,"206_fs1-00002.jpg",431.815678519898,157.408649974424
121,"206_fs1-00002.jpg",431.310028885031,157.288905844658
122,"206_fs1-00002.jpg",430.803764865207,157.17209720691
123,"206_fs1-00002.jpg",430.296895741234,157.058307134631
124,"206_fs1-00002.jpg",429.789430793917,156.947618701271
125,"206_fs1-00002.jpg",429.281379304064,156.840114980281
126,"206_fs1-00002.jpg",428.77275055248,156.735879045113
127,"206_fs1-00002.jpg",428.263553819974,156.634993969216
128,"206_fs1-00002.jpg",427.753798387351,156.537542826042
129,"206_fs1-00002.jpg",427.243493535417,156.443608689041
130,"206_fs1-00002.jpg",426.732648544981,156.353274631664
131,"206_fs1-00002.jpg",426.221272696848,156.266623727362
132,"206_fs1-00002.jpg",425.709375271826,156.183739049585
133,"206_fs1-00002.jpg",425.19696555072,156.104703671785
134,"206_fs1-00002.jpg",424.684052430051,156.029600667697
135,"206_fs1-00002.jpg",424.169800150609,155.958544506053
136,"206_fs1-00002.jpg",423.653586074721,155.891767464987
137,"206_fs1-00002.jpg",423.135632707876,155.829529451146
138,"206_fs1-00002.jpg",422.616162555562,155.772090371179
139,"206_fs1-00002.jpg",422.095398123271,155.719710131732
140,"206_fs1-00002.jpg",421.573561916488,155.672648639454
141,"206_fs1-00002.jpg",421.050876440705,155.631165800991
142,"206_fs1-00002.jpg",420.52756420141,155.595521522991
143,"206_fs1-00002.jpg",420.003847704091,155.565975712101
144,"206_fs1-00002.jpg",419.479949454238,155.542788274969
145,"206_fs1-00002.jpg",418.956091957339,155.526219118243
146,"206_fs1-00002.jpg",418.432497718885,155.516528148569
147,"206_fs1-00002.jpg",417.909389244362,155.513975272596
148,"206_fs1-00002.jpg",417.386989039261,155.51882039697
149,"206_fs1-00002.jpg",416.86551960907,155.53132342834
150,"206_fs1-00002.jpg",416.345203459279,155.551744273351
151,"206_fs1-00002.jpg",415.826263095376,155.580342838653
152,"206_fs1-00002.jpg",415.30892102285,155.617379030893
153,"206_fs1-00002.jpg",414.793399747191,155.663112756717
154,"206_fs1-00002.jpg",414.279921773886,155.717803922773
155,"206_fs1-00002.jpg",413.768709608425,155.78171243571
156,"206_fs1-00002.jpg",413.259985756298,155.855098202173
157,"206_fs1-00002.jpg",412.753868581354,155.938218193021
158,"206_fs1-00002.jpg",412.249040002978,156.031128151252
159,"206_fs1-00002.jpg",411.745098934776,156.133556570944
160,"206_fs1-00002.jpg",411.242123690618,156.245201922481
161,"206_fs1-00002.jpg",410.740192584368,156.365762676246
162,"206_fs1-00002.jpg",410.239383929895,156.494937302622
163,"206_fs1-00002.jpg",409.739776041067,156.632424271992
164,"206_fs1-00002.jpg",409.241447231749,156.77792205474
165,"206_fs1-00002.jpg",408.744475815809,156.931129121248
166,"206_fs1-00002.jpg",408.248940107114,157.0917439419
167,"206_fs1-00002.jpg",407.754918419532,157.25946498708
168,"206_fs1-00002.jpg",407.262489066929,157.43399072717
169,"206_fs1-00002.jpg",406.771730363173,157.615019632553
170,"206_fs1-00002.jpg",406.282720622131,157.802250173613
171,"206_fs1-00002.jpg",405.79553815767,157.995380820733
172,"206_fs1-00002.jpg",405.310261283657,158.194110044296
173,"206_fs1-00002.jpg",404.82696831396,158.398136314686
174,"206_fs1-00002.jpg",404.345737562444,158.607158102285
175,"206_fs1-00002.jpg",403.866647342979,158.820873877477
176,"206_fs1-00002.jpg",403.389610202268,159.038982110645
177,"206_fs1-00002.jpg",402.913889829383,159.261181272172
178,"206_fs1-00002.jpg",402.439405796682,159.487169832441
179,"206_fs1-00002.jpg",401.966178759883,159.716646261836
180,"206_fs1-00002.jpg",401.494229374703,159.94930903074
181,"206_fs1-00002.jpg",401.023578296861,160.184856609536
182,"206_fs1-00002.jpg",400.554246182075,160.422987468607
183,"206_fs1-00002.jpg",400.086253686062,160.663400078337
184,"206_fs1-00002.jpg",399.61962146454,160.905792909108
185,"206_fs1-00002.jpg",399.154370173229,161.149864431304
186,"206_fs1-00002.jpg",398.690520467844,161.395313115308
187,"206_fs1-00002.jpg",398.228093004105,161.641837431503
188,"206_fs1-00002.jpg",397.767108437729,161.889135850273
189,"206_fs1-00002.jpg",397.307587424435,162.136906842
190,"206_fs1-00002.jpg",396.84955061994,162.384848877068
191,"206_fs1-00002.jpg",396.393018679962,162.63266042586
192,"206_fs1-00002.jpg",395.938012260219,162.88003995876
193,"206_fs1-00002.jpg",395.484552016429,163.12668594615
194,"206_fs1-00002.jpg",395.03265860431,163.372296858413
195,"206_fs1-00002.jpg",394.582352679581,163.616571165934
196,"206_fs1-00002.jpg",394.133654897958,163.859207339094
197,"206_fs1-00002.jpg",393.68658591516,164.099903848278
198,"206_fs1-00002.jpg",393.241166386906,164.338359163869
199,"206_fs1-00002.jpg",392.797416968912,164.574271756249
200,"206_fs1-00002.jpg",392.355358316897,164.807340095802
1,"206_fs1-00003.jpg",493.833,144.667
2,"206_fs1-00003.jpg",493.502398508621,144.938892008321
3,"206_fs1-00003.jpg",493.17087817532,145.214101094804
4,"206_fs1-00003.jpg",492.838442929423,145.492492130813
5,"206_fs1-00003.jpg",492.505096700256,145.773929987711
6,"206_fs1-00003.jpg",492.170843417145,146.058279536861
7,"206_fs1-00003.jpg",491.835687009416,146.345405649628
8,"206_fs1-00003.jpg",491.499631406394,146.635173197374
9,"206_fs1-00003.jpg",491.162680537405,146.927447051462
10,"206_fs1-00003.jpg",490.824838331775,147.222092083257
11,"206_fs1-00003.jpg",490.48610871883,147.518973164122
12,"206_fs1-00003.jpg",490.146495627895,147.81795516542
13,"206_fs1-00003.jpg",489.806002988297,148.118902958515
14,"206_fs1-00003.jpg",489.46463472936,148.421681414769
15,"206_fs1-00003.jpg",489.122394780412,148.726155405547
16,"206_fs1-00003.jpg",488.779287070776,149.032189802212
17,"206_fs1-00003.jpg",488.435315529781,149.339649476127
18,"206_fs1-00003.jpg",488.09048408675,149.648399298656
19,"206_fs1-00003.jpg",487.74479667101,149.958304141163
20,"206_fs1-00003.jpg",487.398257211887,150.269228875009
21,"206_fs1-00003.jpg",487.050869638707,150.58103837156
22,"206_fs1-00003.jpg",486.702637880795,150.893597502179
23,"206_fs1-00003.jpg",486.353565867476,151.206771138229
24,"206_fs1-00003.jpg",486.003657528078,151.520424151073
25,"206_fs1-00003.jpg",485.652916791925,151.834421412074
26,"206_fs1-00003.jpg",485.301347588343,152.148627792597
27,"206_fs1-00003.jpg",484.948953846659,152.462908164005
28,"206_fs1-00003.jpg",484.595739496197,152.777127397661
29,"206_fs1-00003.jpg",484.241708466284,153.091150364929
30,"206_fs1-00003.jpg",483.886864686246,153.404841937171
31,"206_fs1-00003.jpg",483.531212085407,153.718066985752
32,"206_fs1-00003.jpg",483.174754593095,154.030690382035
33,"206_fs1-00003.jpg",482.817496138635,154.342576997384
34,"206_fs1-00003.jpg",482.459440651352,154.653591703161
35,"206_fs1-00003.jpg",482.100592060572,154.96359937073
36,"206_fs1-00003.jpg",481.741296369594,155.272464871455
37,"206_fs1-00003.jpg",481.382066740617,155.580053076699
38,"206_fs1-00003.jpg",481.022813751647,155.886228857825
39,"206_fs1-00003.jpg",480.663439001861,156.190857086198
40,"206_fs1-00003.jpg",480.303844090437,156.49380263318
41,"206_fs1-00003.jpg",479.943930616553,156.794930370135
42,"206_fs1-00003.jpg",479.583600179386,157.094105168426
43,"206_fs1-00003.jpg",479.222754378116,157.391191899417
44,"206_fs1-00003.jpg",478.861294811918,157.68605543447
45,"206_fs1-00003.jpg",478.499123079972,157.978560644951
46,"206_fs1-00003.jpg",478.136140781454,158.268572402222
47,"206_fs1-00003.jpg",477.772249515543,158.555955577646
48,"206_fs1-00003.jpg",477.407350881417,158.840575042587
49,"206_fs1-00003.jpg",477.041346478253,159.122295668408
50,"206_fs1-00003.jpg",476.674137905229,159.400982326473
51,"206_fs1-00003.jpg",476.305626761523,159.676499888145
52,"206_fs1-00003.jpg",475.935714646313,159.948713224788
53,"206_fs1-00003.jpg",475.564303158776,160.217487207765
54,"206_fs1-00003.jpg",475.191293898091,160.482686708439
55,"206_fs1-00003.jpg",474.816588463435,160.744176598175
56,"206_fs1-00003.jpg",474.440088453985,161.001821748335
57,"206_fs1-00003.jpg",474.06169546892,161.255487030283
58,"206_fs1-00003.jpg",473.681311107418,161.505037315381
59,"206_fs1-00003.jpg",473.298836968656,161.750337474995
60,"206_fs1-00003.jpg",472.914174651813,161.991252380487
61,"206_fs1-00003.jpg",472.527225756065,162.22764690322
62,"206_fs1-00003.jpg",472.137891880591,162.459385914559
63,"206_fs1-00003.jpg",471.746074624568,162.686334285866
64,"206_fs1-00003.jpg",471.351675587175,162.908356888505
65,"206_fs1-00003.jpg",470.954596367589,163.125318593839
66,"206_fs1-00003.jpg",470.554738564987,163.337084273232
67,"206_fs1-00003.jpg",470.152003778549,163.543518798047
68,"206_fs1-00003.jpg",469.746293607451,163.744487039648
69,"206_fs1-00003.jpg",469.336670355867,163.939851365743
70,"206_fs1-00003.jpg",468.921610996975,164.129456164602
71,"206_fs1-00003.jpg",468.501433576828,164.313137966678
72,"206_fs1-00003.jpg",468.076505773122,164.490733269458
73,"206_fs1-00003.jpg",467.647195263551,164.662078570433
74,"206_fs1-00003.jpg",467.213869725812,164.827010367089
75,"206_fs1-00003.jpg",466.7768968376,164.985365156918
76,"206_fs1-00003.jpg",466.336644276611,165.136979437406
77,"206_fs1-00003.jpg",465.89347972054,165.281689706044
78,"206_fs1-00003.jpg",465.447770847083,165.41933246032
79,"206_fs1-00003.jpg",464.999885333935,165.549744197722
80,"206_fs1-00003.jpg",464.550190858792,165.67276141574
81,"206_fs1-00003.jpg",464.099055099349,165.788220611863
82,"206_fs1-00003.jpg",463.646845733303,165.895958283578
83,"206_fs1-00003.jpg",463.193930438348,165.995810928376
84,"206_fs1-00003.jpg",462.740676892181,166.087615043745
85,"206_fs1-00003.jpg",462.287452772496,166.171207127173
86,"206_fs1-00003.jpg",461.83462575699,166.24642367615
87,"206_fs1-00003.jpg",461.382563523357,166.313101188165
88,"206_fs1-00003.jpg",460.931633749294,166.371076160705
89,"206_fs1-00003.jpg",460.482204112496,166.420185091261
90,"206_fs1-00003.jpg",460.032340495548,166.460280128929
91,"206_fs1-00003.jpg",459.578393586638,166.491314666984
92,"206_fs1-00003.jpg",459.12081354771,166.513282386964
93,"206_fs1-00003.jpg",458.660132210815,166.526177073708
94,"206_fs1-00003.jpg",458.196881408002,166.529992512053
95,"206_fs1-00003.jpg",457.731592971324,166.524722486834
96,"206_fs1-00003.jpg",457.26479873283,166.51036078289
97,"206_fs1-00003.jpg",456.797030524571,166.486901185058
98,"206_fs1-00003.jpg",456.328820178597,166.454337478174
99,"206_fs1-00003.jpg",455.860699526959,166.412663447075
100,"206_fs1-00003.jpg",455.393200401708,166.361872876598
101,"206_fs1-00003.jpg",454.926854634893,166.301959551582
102,"206_fs1-00003.jpg",454.462194058566,166.232917256861
103,"206_fs1-00003.jpg",453.999750504777,166.154739777274
104,"206_fs1-00003.jpg",453.540055805577,166.067420897658
105,"206_fs1-00003.jpg",453.083641793016,165.970954402849
106,"206_fs1-00003.jpg",452.631040299144,165.865334077684
107,"206_fs1-00003.jpg",452.182783156013,165.750553707002
108,"206_fs1-00003.jpg",451.739402195673,165.626607075637
109,"206_fs1-00003.jpg",451.301429250174,165.493487968429
110,"206_fs1-00003.jpg",450.869396151566,165.351190170213
111,"206_fs1-00003.jpg",450.443834731901,165.199707465826
112,"206_fs1-00003.jpg",450.024894811782,165.039036426822
113,"206_fs1-00003.jpg",449.609427725376,164.869280875035
114,"206_fs1-00003.jpg",449.196614732306,164.690683330729
115,"206_fs1-00003.jpg",448.786452578679,164.503495521169
116,"206_fs1-00003.jpg",448.378938010604,164.307969173617
117,"206_fs1-00003.jpg",447.974067774185,164.104356015335
118,"206_fs1-00003.jpg",447.571838615532,163.892907773587
119,"206_fs1-00003.jpg",447.17224728075,163.673876175637
120,"206_fs1-00003.jpg",446.775290515947,163.447512948746
121,"206_fs1-00003.jpg",446.380965067229,163.214069820177
122,"206_fs1-00003.jpg",445.989267680704,162.973798517194
123,"206_fs1-00003.jpg",445.600195102479,162.72695076706
124,"206_fs1-00003.jpg",445.213744078661,162.473778297038
125,"206_fs1-00003.jpg",444.829911355357,162.21453283439
126,"206_fs1-00003.jpg",444.448693678673,161.949466106379
127,"206_fs1-00003.jpg",444.070087794717,161.678829840269
128,"206_fs1-00003.jpg",443.694090449596,161.402875763322
129,"206_fs1-00003.jpg",443.320698389416,161.121855602802
130,"206_fs1-00003.jpg",442.949908360286,160.836021085971
131,"206_fs1-00003.jpg",442.581717108311,160.545623940092
132,"206_fs1-00003.jpg",442.2161213796,160.250915892429
133,"206_fs1-00003.jpg",441.853117920258,159.952148670244
134,"206_fs1-00003.jpg",441.492703476393,159.649574000799
135,"206_fs1-00003.jpg",441.134874794112,159.343443611359
136,"206_fs1-00003.jpg",440.779628619523,159.034009229186
137,"206_fs1-00003.jpg",440.427334980343,158.721522308205
138,"206_fs1-00003.jpg",440.080952848723,158.40622483756
139,"206_fs1-00003.jpg",439.7406753292,158.088347143874
140,"206_fs1-00003.jpg",439.405953715678,157.768118834868
141,"206_fs1-00003.jpg",439.076239302057,157.445769518258
142,"206_fs1-00003.jpg",438.750983382241,157.121528801765
143,"206_fs1-00003.jpg",438.429637250131,156.795626293106
144,"206_fs1-00003.jpg",438.111652199629,156.468291600001
145,"206_fs1-00003.jpg",437.796479524638,156.139754330169
146,"206_fs1-00003.jpg",437.483570519059,155.810244091327
147,"206_fs1-00003.jpg",437.172376476795,155.479990491196
148,"206_fs1-00003.jpg",436.862348691747,155.149223137493
149,"206_fs1-00003.jpg",436.552938457818,154.818171637938
150,"206_fs1-00003.jpg",436.243597068911,154.487065600249
151,"206_fs1-00003.jpg",435.933775818926,154.156134632146
152,"206_fs1-00003.jpg",435.622926001766,153.825608341346
153,"206_fs1-00003.jpg",435.310498911334,153.495716335569
154,"206_fs1-00003.jpg",434.995945841531,153.166688222534
155,"206_fs1-00003.jpg",434.678718086259,152.838753609959
156,"206_fs1-00003.jpg",434.358266939421,152.512142105562
157,"206_fs1-00003.jpg",434.034043694918,152.187083317064
158,"206_fs1-00003.jpg",433.705499646653,151.863806852182
159,"206_fs1-00003.jpg",433.372086088528,151.542542318636
160,"206_fs1-00003.jpg",433.033254314445,151.223519324144
161,"206_fs1-00003.jpg",432.688455618305,150.906967476425
162,"206_fs1-00003.jpg",432.337141294012,150.593116383198
163,"206_fs1-00003.jpg",431.979106512219,150.282212761646
164,"206_fs1-00003.jpg",431.616095228464,149.974894690429
165,"206_fs1-00003.jpg",431.248509454589,149.672190415509
166,"206_fs1-00003.jpg",430.876436927693,149.375145053479
167,"206_fs1-00003.jpg",430.499965384874,149.084803720933
168,"206_fs1-00003.jpg",430.119182563232,148.802211534463
169,"206_fs1-00003.jpg",429.734176199865,148.528413610664
170,"206_fs1-00003.jpg",429.345034031872,148.264455066128
171,"206_fs1-00003.jpg",428.951843796352,148.011381017448
172,"206_fs1-00003.jpg",428.554693230404,147.770236581219
173,"206_fs1-00003.jpg",428.153670071127,147.542066874034
174,"206_fs1-00003.jpg",427.748862055618,147.327917012485
175,"206_fs1-00003.jpg",427.340356920978,147.128832113166
176,"206_fs1-00003.jpg",426.928242404304,146.945857292671
177,"206_fs1-00003.jpg",426.512606242697,146.780037667592
178,"206_fs1-00003.jpg",426.093536173253,146.632418354523
179,"206_fs1-00003.jpg",425.671119933073,146.504044470058
180,"206_fs1-00003.jpg",425.241732165584,146.39591680148
181,"206_fs1-00003.jpg",424.796485821529,146.308590863835
182,"206_fs1-00003.jpg",424.337878567725,146.24236500678
183,"206_fs1-00003.jpg",423.869084393326,146.197534463956
184,"206_fs1-00003.jpg",423.393277287484,146.174394469005
185,"206_fs1-00003.jpg",422.913631239354,146.173240255569
186,"206_fs1-00003.jpg",422.433320238087,146.194367057292
187,"206_fs1-00003.jpg",421.955518272837,146.238070107814
188,"206_fs1-00003.jpg",421.483399332756,146.304644640779
189,"206_fs1-00003.jpg",421.020137406998,146.394385889827
190,"206_fs1-00003.jpg",420.568906484715,146.507589088603
191,"206_fs1-00003.jpg",420.13288055506,146.644549470747
192,"206_fs1-00003.jpg",419.715233607187,146.805562269901
193,"206_fs1-00003.jpg",419.314398078752,146.990922719709
194,"206_fs1-00003.jpg",418.923490455903,147.200926053813
195,"206_fs1-00003.jpg",418.542153664757,147.435867505853
196,"206_fs1-00003.jpg",418.170155836726,147.696042309473
197,"206_fs1-00003.jpg",417.807265103227,147.981745698316
198,"206_fs1-00003.jpg",417.453249595675,148.293272906022
199,"206_fs1-00003.jpg",417.107877445485,148.630919166234
200,"206_fs1-00003.jpg",416.770916784071,148.994979712595
1,"206_fs1-00004.jpg",498.833,136.333
2,"206_fs1-00004.jpg",498.4699967376,136.67358682807
3,"206_fs1-00004.jpg",498.107475376899,137.013292621033
4,"206_fs1-00004.jpg",497.745435979072,137.352169923351
5,"206_fs1-00004.jpg",497.383878605296,137.690271279486
6,"206_fs1-00004.jpg",497.022803316746,138.0276492339
7,"206_fs1-00004.jpg",496.662210174598,138.364356331056
8,"206_fs1-00004.jpg",496.302099240029,138.700445115415
9,"206_fs1-00004.jpg",495.942470574214,139.03596813144
10,"206_fs1-00004.jpg",495.583324238329,139.370977923593
11,"206_fs1-00004.jpg",495.224660293549,139.705527036336
12,"206_fs1-00004.jpg",494.866478801052,140.039668014132
13,"206_fs1-00004.jpg",494.508779822012,140.373453401441
14,"206_fs1-00004.jpg",494.151563417605,140.706935742728
15,"206_fs1-00004.jpg",493.794829649008,141.040167582453
16,"206_fs1-00004.jpg",493.438578577396,141.37320146508
17,"206_fs1-00004.jpg",493.082810263945,141.70608993507
18,"206_fs1-00004.jpg",492.727524769832,142.038885536885
19,"206_fs1-00004.jpg",492.372722156231,142.371640814988
20,"206_fs1-00004.jpg",492.018402484319,142.704408313841
21,"206_fs1-00004.jpg",491.664565815272,143.037240577906
22,"206_fs1-00004.jpg",491.311212210266,143.370190151645
23,"206_fs1-00004.jpg",490.958341730476,143.70330957952
24,"206_fs1-00004.jpg",490.605954437079,144.036651405994
25,"206_fs1-00004.jpg",490.25405039125,144.370268175528
26,"206_fs1-00004.jpg",489.902629654165,144.704212432586
27,"206_fs1-00004.jpg",489.551692287,145.038536721629
28,"206_fs1-00004.jpg",489.201238350931,145.373293587119
29,"206_fs1-00004.jpg",488.851226172569,145.708535573518
30,"206_fs1-00004.jpg",488.501192008788,146.044315225289
31,"206_fs1-00004.jpg",488.15106784914,146.380685086894
32,"206_fs1-00004.jpg",487.800931021342,146.717697702795
33,"206_fs1-00004.jpg",487.450858853113,147.055405617454
34,"206_fs1-00004.jpg",487.100928672171,147.393861375334
35,"206_fs1-00004.jpg",486.751217806235,147.733117520896
36,"206_fs1-00004.jpg",486.401803583022,148.073226598604
37,"206_fs1-00004.jpg",486.052763330252,148.414241152918
38,"206_fs1-00004.jpg",485.704174375641,148.756213728301
39,"206_fs1-00004.jpg",485.356114046909,149.099196869215
40,"206_fs1-00004.jpg",485.008659671774,149.443243120123
41,"206_fs1-00004.jpg",484.661888577955,149.788405025487
42,"206_fs1-00004.jpg",484.315878093168,150.134735129769
43,"206_fs1-00004.jpg",483.970705545134,150.482285977431
44,"206_fs1-00004.jpg",483.626448261569,150.831110112935
45,"206_fs1-00004.jpg",483.283183570193,151.181260080743
46,"206_fs1-00004.jpg",482.940988798723,151.532788425318
47,"206_fs1-00004.jpg",482.599941274879,151.885747691122
48,"206_fs1-00004.jpg",482.260118326377,152.240190422617
49,"206_fs1-00004.jpg",481.921597280938,152.596169164265
50,"206_fs1-00004.jpg",481.584455466277,152.953736460529
51,"206_fs1-00004.jpg",481.248770210115,153.31294485587
52,"206_fs1-00004.jpg",480.91461884017,153.673846894751
53,"206_fs1-00004.jpg",480.582078684159,154.036495121634
54,"206_fs1-00004.jpg",480.251227069801,154.400942080981
55,"206_fs1-00004.jpg",479.922154889938,154.767240275292
56,"206_fs1-00004.jpg",479.596202667415,155.135399088944
57,"206_fs1-00004.jpg",479.273996134105,155.505303416692
58,"206_fs1-00004.jpg",478.95521799728,155.876815819183
59,"206_fs1-00004.jpg",478.639550964211,156.24979885706
60,"206_fs1-00004.jpg",478.326677742172,156.624115090967
61,"206_fs1-00004.jpg",478.016281038434,156.999627081549
62,"206_fs1-00004.jpg",477.708043560268,157.37619738945
63,"206_fs1-00004.jpg",477.401648014948,157.753688575314
64,"206_fs1-00004.jpg",477.096777109745,158.131963199786
65,"206_fs1-00004.jpg",476.79311355193,158.510883823509
66,"206_fs1-00004.jpg",476.490340048777,158.890313007128
67,"206_fs1-00004.jpg",476.188139307556,159.270113311287
68,"206_fs1-00004.jpg",475.886194035541,159.650147296631
69,"206_fs1-00004.jpg",475.584186940002,160.030277523804
70,"206_fs1-00004.jpg",475.281800728213,160.410366553449
71,"206_fs1-00004.jpg",474.978718107444,160.790276946212
72,"206_fs1-00004.jpg",474.674621784969,161.169871262737
73,"206_fs1-00004.jpg",474.369194468059,161.549012063667
74,"206_fs1-00004.jpg",474.062118863986,161.927561909647
75,"206_fs1-00004.jpg",473.753077680022,162.305383361321
76,"206_fs1-00004.jpg",473.441753623438,162.682338979334
77,"206_fs1-00004.jpg",473.127829401508,163.05829132433
78,"206_fs1-00004.jpg",472.810987721504,163.433102956953
79,"206_fs1-00004.jpg",472.490911290696,163.806636437848
80,"206_fs1-00004.jpg",472.167282816357,164.178754327658
81,"206_fs1-00004.jpg",471.83978500576,164.549319187028
82,"206_fs1-00004.jpg",471.508100566176,164.918193576602
83,"206_fs1-00004.jpg",471.171912204876,165.285240057024
84,"206_fs1-00004.jpg",470.830902629134,165.650321188939
85,"206_fs1-00004.jpg",470.485380350057,166.013297841126
86,"206_fs1-00004.jpg",470.137514707436,166.374007764355
87,"206_fs1-00004.jpg",469.787482555793,166.732271973961
88,"206_fs1-00004.jpg",469.435238620514,167.087911111842
89,"206_fs1-00004.jpg",469.080737626982,167.440745819895
90,"206_fs1-00004.jpg",468.723934300585,167.79059674002
91,"206_fs1-00004.jpg",468.364783366707,168.137284514114
92,"206_fs1-00004.jpg",468.003239550733,168.480629784076
93,"206_fs1-00004.jpg",467.63925757805,168.820453191805
94,"206_fs1-00004.jpg",467.272792174043,169.156575379197
95,"206_fs1-00004.jpg",466.903798064097,169.488816988153
96,"206_fs1-00004.jpg",466.532229973597,169.816998660569
97,"206_fs1-00004.jpg",466.158042627929,170.140941038344
98,"206_fs1-00004.jpg",465.781190752478,170.460464763378
99,"206_fs1-00004.jpg",465.401629072631,170.775390477567
100,"206_fs1-00004.jpg",465.019312313772,171.08553882281
101,"206_fs1-00004.jpg",464.634195201287,171.390730441006
102,"206_fs1-00004.jpg",464.246232460561,171.690785974052
103,"206_fs1-00004.jpg",463.855378816979,171.985526063848
104,"206_fs1-00004.jpg",463.461588995928,172.274771352291
105,"206_fs1-00004.jpg",463.064817722792,172.55834248128
106,"206_fs1-00004.jpg",462.665019722957,172.836060092712
107,"206_fs1-00004.jpg",462.262149721808,173.107744828487
108,"206_fs1-00004.jpg",461.856162444732,173.373217330503
109,"206_fs1-00004.jpg",461.447012617113,173.632298240657
110,"206_fs1-00004.jpg",461.034654964336,173.884808200848
111,"206_fs1-00004.jpg",460.619044211788,174.130567852975
112,"206_fs1-00004.jpg",460.200135084854,174.369397838936
113,"206_fs1-00004.jpg",459.777882308918,174.601118800629
114,"206_fs1-00004.jpg",459.352240609367,174.825551379952
115,"206_fs1-00004.jpg",458.923164711586,175.042516218803
116,"206_fs1-00004.jpg",458.486221998619,175.25177320652
117,"206_fs1-00004.jpg",458.037529653853,175.452832783277
118,"206_fs1-00004.jpg",457.578108009729,175.645141374808
119,"206_fs1-00004.jpg",457.108977751436,175.828145406803
120,"206_fs1-00004.jpg",456.631159564161,176.001291304957
121,"206_fs1-00004.jpg",456.145674133095,176.164025494959
122,"206_fs1-00004.jpg",455.653542143426,176.315794402503
123,"206_fs1-00004.jpg",455.155784280341,176.45604445328
124,"206_fs1-00004.jpg",454.653421229031,176.584222072981
125,"206_fs1-00004.jpg",454.147473674683,176.699773687299
126,"206_fs1-00004.jpg",453.638962302487,176.802145721926
127,"206_fs1-00004.jpg",453.12890779763,176.890784602554
128,"206_fs1-00004.jpg",452.618330845302,176.965136754874
129,"206_fs1-00004.jpg",452.108252130691,177.024648604578
130,"206_fs1-00004.jpg",451.599692338986,177.068766577359
131,"206_fs1-00004.jpg",451.093672155376,177.096937098907
132,"206_fs1-00004.jpg",450.591212265048,177.108606594916
133,"206_fs1-00004.jpg",450.093333353193,177.103221491076
134,"206_fs1-00004.jpg",449.601056104998,177.080228213081
135,"206_fs1-00004.jpg",449.115401205652,177.039073186621
136,"206_fs1-00004.jpg",448.637389340344,176.979202837388
137,"206_fs1-00004.jpg",448.168041194262,176.900063591075
138,"206_fs1-00004.jpg",447.708377452596,176.801101873373
139,"206_fs1-00004.jpg",447.259418800533,176.681764109975
140,"206_fs1-00004.jpg",446.820524511807,176.54151805123
141,"206_fs1-00004.jpg",446.380622870363,176.380459268513
142,"206_fs1-00004.jpg",445.938710858524,176.199398517522
143,"206_fs1-00004.jpg",445.496289668293,175.999185444303
144,"206_fs1-00004.jpg",445.054860491673,175.780669694902
145,"206_fs1-00004.jpg",444.615924520664,175.544700915364
146,"206_fs1-00004.jpg",444.180982947269,175.292128751734
147,"206_fs1-00004.jpg",443.75153696349,175.023802850057
148,"206_fs1-00004.jpg",443.329087761328,174.740572856378
149,"206_fs1-00004.jpg",442.915136532786,174.443288416744
150,"206_fs1-00004.jpg",442.511184469865,174.132799177199
151,"206_fs1-00004.jpg",442.118732764567,173.809954783789
152,"206_fs1-00004.jpg",441.739282608894,173.475604882558
153,"206_fs1-00004.jpg",441.374335194848,173.130599119553
154,"206_fs1-00004.jpg",441.025391714431,172.775787140818
155,"206_fs1-00004.jpg",440.693953359644,172.412018592399
156,"206_fs1-00004.jpg",440.381521322491,172.040143120341
157,"206_fs1-00004.jpg",440.087028192231,171.66098101763
158,"206_fs1-00004.jpg",439.802956489452,171.275024379626
159,"206_fs1-00004.jpg",439.528179602535,170.882559589358
160,"206_fs1-00004.jpg",439.262117040788,170.483869862247
161,"206_fs1-00004.jpg",439.004188313522,170.079238413711
162,"206_fs1-00004.jpg",438.753812930046,169.668948459169
163,"206_fs1-00004.jpg",438.510410399671,169.253283214043
164,"206_fs1-00004.jpg",438.273400231705,168.832525893749
165,"206_fs1-00004.jpg",438.042201935459,168.406959713709
166,"206_fs1-00004.jpg",437.816235020242,167.976867889342
167,"206_fs1-00004.jpg",437.594918995365,167.542533636067
168,"206_fs1-00004.jpg",437.377673370136,167.104240169303
169,"206_fs1-00004.jpg",437.163917653867,166.66227070447
170,"206_fs1-00004.jpg",436.953071355865,166.216908456988
171,"206_fs1-00004.jpg",436.744553985442,165.768436642275
172,"206_fs1-00004.jpg",436.537785051908,165.317138475752
173,"206_fs1-00004.jpg",436.332184064571,164.863297172838
174,"206_fs1-00004.jpg",436.127170532741,164.407195948951
175,"206_fs1-00004.jpg",435.922163965729,163.949118019513
176,"206_fs1-00004.jpg",435.716583872844,163.489346599941
177,"206_fs1-00004.jpg",435.509849763396,163.028164905656
178,"206_fs1-00004.jpg",435.301381146695,162.565856152077
179,"206_fs1-00004.jpg",435.091542975617,162.102703554624
180,"206_fs1-00004.jpg",434.882900607552,161.638990328715
181,"206_fs1-00004.jpg",434.675658039061,161.174999689771
182,"206_fs1-00004.jpg",434.469833295217,160.711014853211
183,"206_fs1-00004.jpg",434.265444401092,160.247319034453
184,"206_fs1-00004.jpg",434.062509381758,159.784195448919
185,"206_fs1-00004.jpg",433.861046262286,159.321927312026
186,"206_fs1-00004.jpg",433.66107306775,158.860797839195
187,"206_fs1-00004.jpg",433.46260782322,158.401090245845
188,"206_fs1-00004.jpg",433.265668553769,157.943087747396
189,"206_fs1-00004.jpg",433.070273284468,157.487073559266
190,"206_fs1-00004.jpg",432.87644004039,157.033330896876
191,"206_fs1-00004.jpg",432.684186846606,156.582142975644
192,"206_fs1-00004.jpg",432.493531728189,156.133793010991
193,"206_fs1-00004.jpg",432.30449271021,155.688564218335
194,"206_fs1-00004.jpg",432.117087817741,155.246739813097
195,"206_fs1-00004.jpg",431.931335075855,154.808603010695
196,"206_fs1-00004.jpg",431.747252509623,154.374437026549
197,"206_fs1-00004.jpg",431.564858144117,153.944525076079
198,"206_fs1-00004.jpg",431.38417000441,153.519150374703
199,"206_fs1-00004.jpg",431.205206115572,153.098596137842
200,"206_fs1-00004.jpg",431.027984502677,152.683145580915
1,"206_fs1-00005.jpg",513,136.833
2,"206_fs1-00005.jpg",512.48496054653,136.777921770726
3,"206_fs1-00005.jpg",511.971656826473,136.728900233453
4,"206_fs1-00005.jpg",511.460081261063,136.685943570161
5,"206_fs1-00005.jpg",510.950226271532,136.649059962835
6,"206_fs1-00005.jpg",510.442084279112,136.618257593457
7,"206_fs1-00005.jpg",509.935647705035,136.593544644007
8,"206_fs1-00005.jpg",509.430908970535,136.574929296471
9,"206_fs1-00005.jpg",508.927860496842,136.562419732828
10,"206_fs1-00005.jpg",508.42649470519,136.556024135062
11,"206_fs1-00005.jpg",507.92680401681,136.555750685156
12,"206_fs1-00005.jpg",507.428780852936,136.561607565091
13,"206_fs1-00005.jpg",506.932417634798,136.57360295685
14,"206_fs1-00005.jpg",506.437706783631,136.591745042416
15,"206_fs1-00005.jpg",505.944640720665,136.61604200377
16,"206_fs1-00005.jpg",505.453211867134,136.646502022896
17,"206_fs1-00005.jpg",504.963412644269,136.683133281775
18,"206_fs1-00005.jpg",504.475235473304,136.72594396239
19,"206_fs1-00005.jpg",503.988672775469,136.774942246723
20,"206_fs1-00005.jpg",503.503716971998,136.830136316757
21,"206_fs1-00005.jpg",503.020360484123,136.891534354474
22,"206_fs1-00005.jpg",502.538595733076,136.959144541856
23,"206_fs1-00005.jpg",502.05841514009,137.032975060886
24,"206_fs1-00005.jpg",501.579811126396,137.113034093547
25,"206_fs1-00005.jpg",501.102776113227,137.199329821819
26,"206_fs1-00005.jpg",500.627302521816,137.291870427687
27,"206_fs1-00005.jpg",500.153382773395,137.390664093133
28,"206_fs1-00005.jpg",499.681009289195,137.495719000137
29,"206_fs1-00005.jpg",499.21017449045,137.607043330684
30,"206_fs1-00005.jpg",498.740870798392,137.724645266756
31,"206_fs1-00005.jpg",498.273090634253,137.848532990334
32,"206_fs1-00005.jpg",497.806826419265,137.978714683402
33,"206_fs1-00005.jpg",497.341656758635,138.115198527941
34,"206_fs1-00005.jpg",496.875902295264,138.257992705935
35,"206_fs1-00005.jpg",496.409700695039,138.407105399364
36,"206_fs1-00005.jpg",495.943416852766,138.562544790213
37,"206_fs1-00005.jpg",495.477415663251,138.724319060462
38,"206_fs1-00005.jpg",495.012062021302,138.892436392095
39,"206_fs1-00005.jpg",494.547720821724,139.066904967094
40,"206_fs1-00005.jpg",494.084756959323,139.247732967442
41,"206_fs1-00005.jpg",493.623535328907,139.43492857512
42,"206_fs1-00005.jpg",493.164420825281,139.628499972111
43,"206_fs1-00005.jpg",492.707778343252,139.828455340397
44,"206_fs1-00005.jpg",492.253972777626,140.034802861961
45,"206_fs1-00005.jpg",491.80336902321,140.247550718786
46,"206_fs1-00005.jpg",491.35633197481,140.466707092853
47,"206_fs1-00005.jpg",490.913226527232,140.692280166145
48,"206_fs1-00005.jpg",490.474417575284,140.924278120645
49,"206_fs1-00005.jpg",490.04027001377,141.162709138334
50,"206_fs1-00005.jpg",489.611148737498,141.407581401195
51,"206_fs1-00005.jpg",489.187418641275,141.658903091211
52,"206_fs1-00005.jpg",488.769444619905,141.916682390363
53,"206_fs1-00005.jpg",488.357591568197,142.180927480635
54,"206_fs1-00005.jpg",487.952224380955,142.451646544009
55,"206_fs1-00005.jpg",487.553707952988,142.728847762466
56,"206_fs1-00005.jpg",487.16164341007,143.012532995472
57,"206_fs1-00005.jpg",486.77301911286,143.302606056441
58,"206_fs1-00005.jpg",486.387527531002,143.598893482445
59,"206_fs1-00005.jpg",486.005218025399,143.901219715902
60,"206_fs1-00005.jpg",485.626139956956,144.209409199235
61,"206_fs1-00005.jpg",485.250342686579,144.523286374862
62,"206_fs1-00005.jpg",484.87787557517,144.842675685206
63,"206_fs1-00005.jpg",484.508787983637,145.167401572685
64,"206_fs1-00005.jpg",484.143129272882,145.497288479722
65,"206_fs1-00005.jpg",483.780948803812,145.832160848737
66,"206_fs1-00005.jpg",483.422295937329,146.171843122149
67,"206_fs1-00005.jpg",483.067220034341,146.51615974238
68,"206_fs1-00005.jpg",482.71577045575,146.864935151851
69,"206_fs1-00005.jpg",482.367996562462,147.217993792981
70,"206_fs1-00005.jpg",482.023947715381,147.575160108192
71,"206_fs1-00005.jpg",481.683673275413,147.936258539904
72,"206_fs1-00005.jpg",481.347222603461,148.301113530537
73,"206_fs1-00005.jpg",481.014645060431,148.669549522513
74,"206_fs1-00005.jpg",480.685990007228,149.041390958251
75,"206_fs1-00005.jpg",480.361306804755,149.416462280173
76,"206_fs1-00005.jpg",480.040644813918,149.794587930698
77,"206_fs1-00005.jpg",479.724053395622,150.175592352248
78,"206_fs1-00005.jpg",479.41158191077,150.559299987243
79,"206_fs1-00005.jpg",479.103279720269,150.945535278103
80,"206_fs1-00005.jpg",478.799187926723,151.334122818128
81,"206_fs1-00005.jpg",478.499021197873,151.724923018136
82,"206_fs1-00005.jpg",478.202533333498,152.117878171477
83,"206_fs1-00005.jpg",477.909607543021,152.512941962454
84,"206_fs1-00005.jpg",477.620127035864,152.910068075369
85,"206_fs1-00005.jpg",477.333975021446,153.309210194526
86,"206_fs1-00005.jpg",477.051034709191,153.710322004226
87,"206_fs1-00005.jpg",476.771189308521,154.113357188774
88,"206_fs1-00005.jpg",476.494322028855,154.518269432471
89,"206_fs1-00005.jpg",476.220316079616,154.925012419621
90,"206_fs1-00005.jpg",475.949054670226,155.333539834528
91,"206_fs1-00005.jpg",475.680421010106,155.743805361492
92,"206_fs1-00005.jpg",475.414298308678,156.155762684819
93,"206_fs1-00005.jpg",475.150569775363,156.56936548881
94,"206_fs1-00005.jpg",474.889118619583,156.984567457768
95,"206_fs1-00005.jpg",474.62982805076,157.401322275996
96,"206_fs1-00005.jpg",474.372581278314,157.819583627798
97,"206_fs1-00005.jpg",474.117261511668,158.239305197476
98,"206_fs1-00005.jpg",473.863751960243,158.660440669333
99,"206_fs1-00005.jpg",473.61193583346,159.082943727671
100,"206_fs1-00005.jpg",473.361696340742,159.506768056795
101,"206_fs1-00005.jpg",473.11291669151,159.931867341006
102,"206_fs1-00005.jpg",472.865480095185,160.358195264608
103,"206_fs1-00005.jpg",472.619269761189,160.785705511903
104,"206_fs1-00005.jpg",472.374168898943,161.214351767195
105,"206_fs1-00005.jpg",472.13006071787,161.644087714786
106,"206_fs1-00005.jpg",471.88682842739,162.074867038979
107,"206_fs1-00005.jpg",471.646952732827,162.506641182795
108,"206_fs1-00005.jpg",471.412739229469,162.939352327373
109,"206_fs1-00005.jpg",471.183632545486,163.372940261753
110,"206_fs1-00005.jpg",470.959076987664,163.807344774976
111,"206_fs1-00005.jpg",470.738516862787,164.242505656079
112,"206_fs1-00005.jpg",470.521396477642,164.678362694101
113,"206_fs1-00005.jpg",470.307160139012,165.11485567808
114,"206_fs1-00005.jpg",470.095252153684,165.551924397056
115,"206_fs1-00005.jpg",469.885116828442,165.989508640067
116,"206_fs1-00005.jpg",469.676198470071,166.427548196151
117,"206_fs1-00005.jpg",469.467941385357,166.865982854348
118,"206_fs1-00005.jpg",469.259789881084,167.304752403695
119,"206_fs1-00005.jpg",469.051188264037,167.743796633231
120,"206_fs1-00005.jpg",468.841580841003,168.183055331995
121,"206_fs1-00005.jpg",468.630411918765,168.622468289026
122,"206_fs1-00005.jpg",468.417125804109,169.061975293362
123,"206_fs1-00005.jpg",468.20116680382,169.501516134041
124,"206_fs1-00005.jpg",467.981979224684,169.941030600103
125,"206_fs1-00005.jpg",467.759007373484,170.380458480586
126,"206_fs1-00005.jpg",467.531695557007,170.819739564529
127,"206_fs1-00005.jpg",467.299488082037,171.258813640969
128,"206_fs1-00005.jpg",467.061829255359,171.697620498947
129,"206_fs1-00005.jpg",466.818163383759,172.1360999275
130,"206_fs1-00005.jpg",466.567934774022,172.574191715667
131,"206_fs1-00005.jpg",466.310587732933,173.011835652486
132,"206_fs1-00005.jpg",466.04654434483,173.448922021285
133,"206_fs1-00005.jpg",465.778182257241,173.884842467295
134,"206_fs1-00005.jpg",465.505453389804,174.318700030753
135,"206_fs1-00005.jpg",465.228146773359,174.749594231786
136,"206_fs1-00005.jpg",464.946051438744,175.176624590521
137,"206_fs1-00005.jpg",464.658956416799,175.598890627085
138,"206_fs1-00005.jpg",464.366650738363,176.015491861606
139,"206_fs1-00005.jpg",464.068923434276,176.425527814211
140,"206_fs1-00005.jpg",463.765563535375,176.828098005027
141,"206_fs1-00005.jpg",463.456360072501,177.222301954181
142,"206_fs1-00005.jpg",463.141102076492,177.6072391818
143,"206_fs1-00005.jpg",462.819578578188,177.982009208012
144,"206_fs1-00005.jpg",462.491578608427,178.345711552944
145,"206_fs1-00005.jpg",462.156891198049,178.697445736723
146,"206_fs1-00005.jpg",461.815305377893,179.036311279477
147,"206_fs1-00005.jpg",461.466610178798,179.361407701332
148,"206_fs1-00005.jpg",461.110594631603,179.671834522416
149,"206_fs1-00005.jpg",460.747047767147,179.966691262856
150,"206_fs1-00005.jpg",460.37575861627,180.245077442779
151,"206_fs1-00005.jpg",459.994467505088,180.506143651615
152,"206_fs1-00005.jpg",459.59511293109,180.749823624066
153,"206_fs1-00005.jpg",459.178275361342,180.976663827859
154,"206_fs1-00005.jpg",458.74554321197,181.187227072928
155,"206_fs1-00005.jpg",458.2985048991,181.382076169209
156,"206_fs1-00005.jpg",457.838748838858,181.561773926639
157,"206_fs1-00005.jpg",457.36786344737,181.726883155151
158,"206_fs1-00005.jpg",456.887437140761,181.877966664682
159,"206_fs1-00005.jpg",456.399058335157,182.015587265168
160,"206_fs1-00005.jpg",455.904315446685,182.140307766543
161,"206_fs1-00005.jpg",455.404796891469,182.252690978744
162,"206_fs1-00005.jpg",454.902091085637,182.353299711705
163,"206_fs1-00005.jpg",454.397786445312,182.442696775363
164,"206_fs1-00005.jpg",453.893471386622,182.521444979652
165,"206_fs1-00005.jpg",453.390734325692,182.590107134509
166,"206_fs1-00005.jpg",452.891163678648,182.649246049869
167,"206_fs1-00005.jpg",452.396347861616,182.699424535667
168,"206_fs1-00005.jpg",451.907875290721,182.741205401839
169,"206_fs1-00005.jpg",451.424103680686,182.775116521369
170,"206_fs1-00005.jpg",450.930565728406,182.801022468216
171,"206_fs1-00005.jpg",450.427452522445,182.818194181574
172,"206_fs1-00005.jpg",449.917285066491,182.825881650339
173,"206_fs1-00005.jpg",449.402584364228,182.823334863409
174,"206_fs1-00005.jpg",448.885871419342,182.809803809677
175,"206_fs1-00005.jpg",448.369667235519,182.784538478042
176,"206_fs1-00005.jpg",447.856492816444,182.746788857399
177,"206_fs1-00005.jpg",447.348869165803,182.695804936643
178,"206_fs1-00005.jpg",446.849317287282,182.630836704672
179,"206_fs1-00005.jpg",446.360358184565,182.551134150381
180,"206_fs1-00005.jpg",445.884512861339,182.455947262667
181,"206_fs1-00005.jpg",445.424302321289,182.344526030425
182,"206_fs1-00005.jpg",444.982247568101,182.216120442551
183,"206_fs1-00005.jpg",444.56086960546,182.069980487942
184,"206_fs1-00005.jpg",444.156857948858,181.905356155494
185,"206_fs1-00005.jpg",443.758960790113,181.721497434102
186,"206_fs1-00005.jpg",443.367099096454,181.517654312664
187,"206_fs1-00005.jpg",442.981609038801,181.293076780075
188,"206_fs1-00005.jpg",442.602826788071,181.04701482523
189,"206_fs1-00005.jpg",442.231088515184,180.778718437027
190,"206_fs1-00005.jpg",441.866730391058,180.487437604362
191,"206_fs1-00005.jpg",441.510088586611,180.17242231613
192,"206_fs1-00005.jpg",441.161499272764,179.832922561227
193,"206_fs1-00005.jpg",440.821298620434,179.468188328551
194,"206_fs1-00005.jpg",440.48982280054,179.077469606996
195,"206_fs1-00005.jpg",440.167407984001,178.660016385459
196,"206_fs1-00005.jpg",439.854390341736,178.215078652836
197,"206_fs1-00005.jpg",439.551106044663,177.741906398023
198,"206_fs1-00005.jpg",439.257891263701,177.239749609916
199,"206_fs1-00005.jpg",438.975082169768,176.707858277412
200,"206_fs1-00005.jpg",438.703014933785,176.145482389405
1,"206_fs1-00006.jpg",519.333,144.333
2,"206_fs1-00006.jpg",518.899266888652,144.26663136119
3,"206_fs1-00006.jpg",518.465111867614,144.194932122526
4,"206_fs1-00006.jpg",518.030537323373,144.118153643187
5,"206_fs1-00006.jpg",517.595545642418,144.03654728235
6,"206_fs1-00006.jpg",517.160139211239,143.950364399195
7,"206_fs1-00006.jpg",516.724320416324,143.859856352901
8,"206_fs1-00006.jpg",516.28809164416,143.765274502646
9,"206_fs1-00006.jpg",515.851455281238,143.666870207609
10,"206_fs1-00006.jpg",515.414413714046,143.564894826968
11,"206_fs1-00006.jpg",514.976969329072,143.459599719903
12,"206_fs1-00006.jpg",514.539124512805,143.351236245592
13,"206_fs1-00006.jpg",514.100881651734,143.240055763214
14,"206_fs1-00006.jpg",513.662243132347,143.126309631948
15,"206_fs1-00006.jpg",513.223211341133,143.010249210972
16,"206_fs1-00006.jpg",512.783788664581,142.892125859465
17,"206_fs1-00006.jpg",512.343977489179,142.772190936605
18,"206_fs1-00006.jpg",511.903780201416,142.650695801573
19,"206_fs1-00006.jpg",511.463199187781,142.527891813545
20,"206_fs1-00006.jpg",511.022236834762,142.404030331701
21,"206_fs1-00006.jpg",510.580895528848,142.27936271522
22,"206_fs1-00006.jpg",510.139177656528,142.15414032328
23,"206_fs1-00006.jpg",509.697085604291,142.02861451506
24,"206_fs1-00006.jpg",509.254621758624,141.90303664974
25,"206_fs1-00006.jpg",508.811788506017,141.777658086496
26,"206_fs1-00006.jpg",508.368588232958,141.652730184509
27,"206_fs1-00006.jpg",507.925023325937,141.528504302957
28,"206_fs1-00006.jpg",507.481096171441,141.405231801019
29,"206_fs1-00006.jpg",507.036809155959,141.283164037872
30,"206_fs1-00006.jpg",506.59216466598,141.162552372698
31,"206_fs1-00006.jpg",506.147165087993,141.043648164673
32,"206_fs1-00006.jpg",505.701812808487,140.926702772976
33,"206_fs1-00006.jpg",505.256110213949,140.811967556787
34,"206_fs1-00006.jpg",504.810059690869,140.699693875284
35,"206_fs1-00006.jpg",504.363663625736,140.590133087646
36,"206_fs1-00006.jpg",503.916924405037,140.483536553051
37,"206_fs1-00006.jpg",503.469844415262,140.380155630678
38,"206_fs1-00006.jpg",503.022426042899,140.280241679706
39,"206_fs1-00006.jpg",502.573914152342,140.184046059314
40,"206_fs1-00006.jpg",502.121798670246,140.091820128681
41,"206_fs1-00006.jpg",501.666197830672,140.003815246984
42,"206_fs1-00006.jpg",501.207470883369,139.920282773403
43,"206_fs1-00006.jpg",500.745977078085,139.841474067117
44,"206_fs1-00006.jpg",500.282075664571,139.767640487304
45,"206_fs1-00006.jpg",499.816125892575,139.699033393143
46,"206_fs1-00006.jpg",499.348487011846,139.635904143812
47,"206_fs1-00006.jpg",498.879518272135,139.578504098491
48,"206_fs1-00006.jpg",498.409578923189,139.527084616358
49,"206_fs1-00006.jpg",497.939028214758,139.481897056592
50,"206_fs1-00006.jpg",497.468225396592,139.443192778372
51,"206_fs1-00006.jpg",496.997529718439,139.411223140876
52,"206_fs1-00006.jpg",496.527300430049,139.386239503283
53,"206_fs1-00006.jpg",496.057896781171,139.368493224772
54,"206_fs1-00006.jpg",495.589678021553,139.358235664521
55,"206_fs1-00006.jpg",495.123003400946,139.355718181709
56,"206_fs1-00006.jpg",494.658232169099,139.361192135516
57,"206_fs1-00006.jpg",494.195723575759,139.374908885119
58,"206_fs1-00006.jpg",493.735836870678,139.397119789697
59,"206_fs1-00006.jpg",493.278931303604,139.428076208429
60,"206_fs1-00006.jpg",492.825366124286,139.468029500495
61,"206_fs1-00006.jpg",492.375500582473,139.517231025071
62,"206_fs1-00006.jpg",491.929693927914,139.575932141338
63,"206_fs1-00006.jpg",491.48830541036,139.644384208474
64,"206_fs1-00006.jpg",491.051694279558,139.722838585658
65,"206_fs1-00006.jpg",490.620219785258,139.811546632068
66,"206_fs1-00006.jpg",490.19424117721,139.910759706884
67,"206_fs1-00006.jpg",489.774117705162,140.020729169283
68,"206_fs1-00006.jpg",489.360208618864,140.141706378444
69,"206_fs1-00006.jpg",488.9526864666,140.273941941053
70,"206_fs1-00006.jpg",488.546207277187,140.417542510931
71,"206_fs1-00006.jpg",488.138510314469,140.572300895776
72,"206_fs1-00006.jpg",487.730042642602,140.737968551377
73,"206_fs1-00006.jpg",487.321251325743,140.914296933524
74,"206_fs1-00006.jpg",486.91258342805,141.101037498007
75,"206_fs1-00006.jpg",486.504486013678,141.297941700617
76,"206_fs1-00006.jpg",486.097406146784,141.504760997143
77,"206_fs1-00006.jpg",485.691790891527,141.721246843375
78,"206_fs1-00006.jpg",485.288087312061,141.947150695103
79,"206_fs1-00006.jpg",484.886742472545,142.182224008116
80,"206_fs1-00006.jpg",484.488203437136,142.426218238206
81,"206_fs1-00006.jpg",484.092917269989,142.678884841161
82,"206_fs1-00006.jpg",483.701331035263,142.939975272771
83,"206_fs1-00006.jpg",483.313891797113,143.209240988827
84,"206_fs1-00006.jpg",482.931046619697,143.486433445119
85,"206_fs1-00006.jpg",482.553242567172,143.771304097435
86,"206_fs1-00006.jpg",482.180926703694,144.063604401567
87,"206_fs1-00006.jpg",481.814546093421,144.363085813304
88,"206_fs1-00006.jpg",481.454547800509,144.669499788436
89,"206_fs1-00006.jpg",481.101378889114,144.982597782753
90,"206_fs1-00006.jpg",480.755486423395,145.302131252045
91,"206_fs1-00006.jpg",480.417317467508,145.627851652102
92,"206_fs1-00006.jpg",480.08731908561,145.959510438713
93,"206_fs1-00006.jpg",479.765938341857,146.296859067669
94,"206_fs1-00006.jpg",479.453622300406,146.639648994759
95,"206_fs1-00006.jpg",479.150818025415,146.987631675773
96,"206_fs1-00006.jpg",478.857972581041,147.340558566502
97,"206_fs1-00006.jpg",478.575533031439,147.698181122735
98,"206_fs1-00006.jpg",478.303946440767,148.060250800263
99,"206_fs1-00006.jpg",478.041883035575,148.426525768119
100,"206_fs1-00006.jpg",477.783954696397,148.796840864047
101,"206_fs1-00006.jpg",477.529851265694,149.171079745336
102,"206_fs1-00006.jpg",477.279681462654,149.549126854479
103,"206_fs1-00006.jpg",477.033554006465,149.930866633967
104,"206_fs1-00006.jpg",476.791577616317,150.316183526294
105,"206_fs1-00006.jpg",476.553861011398,150.704961973951
106,"206_fs1-00006.jpg",476.320512910895,151.097086419432
107,"206_fs1-00006.jpg",476.091642033999,151.492441305228
108,"206_fs1-00006.jpg",475.867357099896,151.890911073831
109,"206_fs1-00006.jpg",475.647766827775,152.292380167736
110,"206_fs1-00006.jpg",475.432979936826,152.696733029433
111,"206_fs1-00006.jpg",475.223105146236,153.103854101415
112,"206_fs1-00006.jpg",475.018251175193,153.513627826175
113,"206_fs1-00006.jpg",474.818526742887,153.925938646205
114,"206_fs1-00006.jpg",474.624040568506,154.340671003997
115,"206_fs1-00006.jpg",474.434901371237,154.757709342045
116,"206_fs1-00006.jpg",474.25121787027,155.176938102839
117,"206_fs1-00006.jpg",474.073098784793,155.598241728873
118,"206_fs1-00006.jpg",473.900652833995,156.02150466264
119,"206_fs1-00006.jpg",473.733988737063,156.446611346631
120,"206_fs1-00006.jpg",473.573215213187,156.873446223339
121,"206_fs1-00006.jpg",473.418440981554,157.301893735256
122,"206_fs1-00006.jpg",473.269774761354,157.731838324875
123,"206_fs1-00006.jpg",473.127217626332,158.163164688123
124,"206_fs1-00006.jpg",472.989012303251,158.595778949331
125,"206_fs1-00006.jpg",472.854451145734,159.029624626494
126,"206_fs1-00006.jpg",472.723461177843,159.464648997798
127,"206_fs1-00006.jpg",472.595969423646,159.900799341428
128,"206_fs1-00006.jpg",472.471902907206,160.338022935569
129,"206_fs1-00006.jpg",472.35118865259,160.776267058407
130,"206_fs1-00006.jpg",472.233753683861,161.215478988126
131,"206_fs1-00006.jpg",472.119525025086,161.655606002913
132,"206_fs1-00006.jpg",472.00842970033,162.096595380952
133,"206_fs1-00006.jpg",471.900394733657,162.53839440043
134,"206_fs1-00006.jpg",471.795347149133,162.98095033953
135,"206_fs1-00006.jpg",471.693213970824,163.424210476439
136,"206_fs1-00006.jpg",471.593922222793,163.868122089343
137,"206_fs1-00006.jpg",471.497398929107,164.312632456425
138,"206_fs1-00006.jpg",471.403571113831,164.757688855872
139,"206_fs1-00006.jpg",471.31236580103,165.203238565869
140,"206_fs1-00006.jpg",471.223710014768,165.649228864602
141,"206_fs1-00006.jpg",471.137530779112,166.095607030255
142,"206_fs1-00006.jpg",471.053755118126,166.542320341014
143,"206_fs1-00006.jpg",470.972563688581,166.989316584763
144,"206_fs1-00006.jpg",470.896175524788,167.43656444258
145,"206_fs1-00006.jpg",470.824679913679,167.88406037758
146,"206_fs1-00006.jpg",470.757521750992,168.331802775518
147,"206_fs1-00006.jpg",470.694145932463,168.779790022144
148,"206_fs1-00006.jpg",470.63399735383,169.228020503213
149,"206_fs1-00006.jpg",470.57652091083,169.676492604478
150,"206_fs1-00006.jpg",470.5211614992,170.125204711691
151,"206_fs1-00006.jpg",470.467364014677,170.574155210606
152,"206_fs1-00006.jpg",470.414573352998,171.023342486974
153,"206_fs1-00006.jpg",470.362234409901,171.47276492655
154,"206_fs1-00006.jpg",470.309792081121,171.922420915086
155,"206_fs1-00006.jpg",470.256691262398,172.372308838334
156,"206_fs1-00006.jpg",470.202376849467,172.822427082049
157,"206_fs1-00006.jpg",470.146293738066,173.272774031983
158,"206_fs1-00006.jpg",470.087886823931,173.723348073888
159,"206_fs1-00006.jpg",470.026601002801,174.174147593518
160,"206_fs1-00006.jpg",469.961881170411,174.625170976625
161,"206_fs1-00006.jpg",469.8931722225,175.076416608963
162,"206_fs1-00006.jpg",469.819919054804,175.527882876285
163,"206_fs1-00006.jpg",469.74156656306,175.979568164343
164,"206_fs1-00006.jpg",469.657559643006,176.43147085889
165,"206_fs1-00006.jpg",469.567343190379,176.883589345679
166,"206_fs1-00006.jpg",469.469723560895,177.33583354377
167,"206_fs1-00006.jpg",469.363702878261,177.787682864828
168,"206_fs1-00006.jpg",469.249326727978,178.238485956751
169,"206_fs1-00006.jpg",469.126644228583,178.687591437438
170,"206_fs1-00006.jpg",468.995704498614,179.134347924786
171,"206_fs1-00006.jpg",468.856556656606,179.578104036694
172,"206_fs1-00006.jpg",468.709249821097,180.018208391061
173,"206_fs1-00006.jpg",468.553833110622,180.454009605786
174,"206_fs1-00006.jpg",468.390355643719,180.884856298766
175,"206_fs1-00006.jpg",468.218866538925,181.3100970879
176,"206_fs1-00006.jpg",468.039414914775,181.729080591087
177,"206_fs1-00006.jpg",467.852049889808,182.141155426224
178,"206_fs1-00006.jpg",467.656820582558,182.545670211212
179,"206_fs1-00006.jpg",467.453776111564,182.941973563947
180,"206_fs1-00006.jpg",467.242965595361,183.329414102329
181,"206_fs1-00006.jpg",467.024438152487,183.707340444256
182,"206_fs1-00006.jpg",466.796301917873,184.075101207626
183,"206_fs1-00006.jpg",466.548024303342,184.432045010338
184,"206_fs1-00006.jpg",466.27863904904,184.77752047029
185,"206_fs1-00006.jpg",465.988887847762,185.110876205382
186,"206_fs1-00006.jpg",465.679512392306,185.43146083351
187,"206_fs1-00006.jpg",465.351254375468,185.738622972574
188,"206_fs1-00006.jpg",465.004855490044,186.031711240473
189,"206_fs1-00006.jpg",464.641057428831,186.310074255104
190,"206_fs1-00006.jpg",464.260601884624,186.573060634366
191,"206_fs1-00006.jpg",463.864230550221,186.820018996158
192,"206_fs1-00006.jpg",463.452685118417,187.050297958379
193,"206_fs1-00006.jpg",463.026707282009,187.263246138925
194,"206_fs1-00006.jpg",462.587038733793,187.458212155697
195,"206_fs1-00006.jpg",462.134421166566,187.634544626592
196,"206_fs1-00006.jpg",461.669596273125,187.791592169509
197,"206_fs1-00006.jpg",461.193305746264,187.928703402347
198,"206_fs1-00006.jpg",460.706291278781,188.045226943003
199,"206_fs1-00006.jpg",460.209294563472,188.140511409377
200,"206_fs1-00006.jpg",459.703057293134,188.213905419367
1,"206_fs1-00007.jpg",536.167,143.333
2,"206_fs1-00007.jpg",535.72844050784,143.197262393973
3,"206_fs1-00007.jpg",535.28956416027,143.062243532252
4,"206_fs1-00007.jpg",534.850373118139,142.927962879056
5,"206_fs1-00007.jpg",534.41086954229,142.794439898603
6,"206_fs1-00007.jpg",533.971055593571,142.661694055113
7,"206_fs1-00007.jpg",533.530933432826,142.529744812805
8,"206_fs1-00007.jpg",533.090505220903,142.398611635897
9,"206_fs1-00007.jpg",532.649773118646,142.268313988609
10,"206_fs1-00007.jpg",532.208739286902,142.138871335158
11,"206_fs1-00007.jpg",531.767405886516,142.010303139765
12,"206_fs1-00007.jpg",531.325775078335,141.882628866648
13,"206_fs1-00007.jpg",530.883849023205,141.755867980026
14,"206_fs1-00007.jpg",530.441629881971,141.630039944118
15,"206_fs1-00007.jpg",529.999119815479,141.505164223142
16,"206_fs1-00007.jpg",529.556320984575,141.381260281318
17,"206_fs1-00007.jpg",529.113235550105,141.258347582865
18,"206_fs1-00007.jpg",528.669865672915,141.136445592001
19,"206_fs1-00007.jpg",528.226213513851,141.015573772945
20,"206_fs1-00007.jpg",527.782281233758,140.895751589917
21,"206_fs1-00007.jpg",527.338070993484,140.776998507134
22,"206_fs1-00007.jpg",526.893584953872,140.659333988817
23,"206_fs1-00007.jpg",526.448825275771,140.542777499183
24,"206_fs1-00007.jpg",526.003794120024,140.427348502453
25,"206_fs1-00007.jpg",525.558493647479,140.313066462844
26,"206_fs1-00007.jpg",525.112926018981,140.199950844575
27,"206_fs1-00007.jpg",524.667093395376,140.088021111866
28,"206_fs1-00007.jpg",524.220997937509,139.977296728936
29,"206_fs1-00007.jpg",523.774641806228,139.867797160003
30,"206_fs1-00007.jpg",523.328027162378,139.759541869286
31,"206_fs1-00007.jpg",522.881156166804,139.652550321004
32,"206_fs1-00007.jpg",522.434030980352,139.546841979376
33,"206_fs1-00007.jpg",521.986653763869,139.442436308621
34,"206_fs1-00007.jpg",521.539026678201,139.339352772957
35,"206_fs1-00007.jpg",521.091151884192,139.237610836605
36,"206_fs1-00007.jpg",520.64303154269,139.137229963782
37,"206_fs1-00007.jpg",520.19466781454,139.038229618707
38,"206_fs1-00007.jpg",519.746062860588,138.9406292656
39,"206_fs1-00007.jpg",519.297218841679,138.844448368679
40,"206_fs1-00007.jpg",518.848137918661,138.749706392163
41,"206_fs1-00007.jpg",518.398808878418,138.656422800271
42,"206_fs1-00007.jpg",517.949030467618,138.564617057222
43,"206_fs1-00007.jpg",517.4987501967,138.474308627235
44,"206_fs1-00007.jpg",517.047988585576,138.385516974528
45,"206_fs1-00007.jpg",516.596766154157,138.298261563322
46,"206_fs1-00007.jpg",516.145103422357,138.212561857834
47,"206_fs1-00007.jpg",515.693020910087,138.128437322283
48,"206_fs1-00007.jpg",515.240539137259,138.045907420888
49,"206_fs1-00007.jpg",514.787678623785,137.964991617869
50,"206_fs1-00007.jpg",514.334459889578,137.885709377444
51,"206_fs1-00007.jpg",513.880903454549,137.808080163832
52,"206_fs1-00007.jpg",513.42702983861,137.732123441252
53,"206_fs1-00007.jpg",512.972859561674,137.657858673923
54,"206_fs1-00007.jpg",512.518413143653,137.585305326063
55,"206_fs1-00007.jpg",512.063711104459,137.514482861892
56,"206_fs1-00007.jpg",511.608773964004,137.445410745628
57,"206_fs1-00007.jpg",511.153622242199,137.378108441491
58,"206_fs1-00007.jpg",510.698276458958,137.3125954137
59,"206_fs1-00007.jpg",510.242757134192,137.248891126472
60,"206_fs1-00007.jpg",509.787084787813,137.187015044027
61,"206_fs1-00007.jpg",509.331279939733,137.126986630585
62,"206_fs1-00007.jpg",508.875363109864,137.068825350363
63,"206_fs1-00007.jpg",508.419354818119,137.012550667581
64,"206_fs1-00007.jpg",507.96327558441,136.958182046458
65,"206_fs1-00007.jpg",507.507145928648,136.905738951212
66,"206_fs1-00007.jpg",507.050986370746,136.855240846063
67,"206_fs1-00007.jpg",506.594817430616,136.806707195229
68,"206_fs1-00007.jpg",506.138659628169,136.76015746293
69,"206_fs1-00007.jpg",505.682533483319,136.715611113383
70,"206_fs1-00007.jpg",505.226406219924,136.673087928788
71,"206_fs1-00007.jpg",504.768305971528,136.63269182332
72,"206_fs1-00007.jpg",504.307449535719,136.594723383965
73,"206_fs1-00007.jpg",503.844141627631,136.5595112558
74,"206_fs1-00007.jpg",503.3786869624,136.527384083903
75,"206_fs1-00007.jpg",502.911390255158,136.498670513353
76,"206_fs1-00007.jpg",502.442556221041,136.473699189225
77,"206_fs1-00007.jpg",501.972489575183,136.452798756599
78,"206_fs1-00007.jpg",501.501495032719,136.436297860552
79,"206_fs1-00007.jpg",501.029877308782,136.42452514616
80,"206_fs1-00007.jpg",500.557941118506,136.417809258503
81,"206_fs1-00007.jpg",500.085991177027,136.416478842657
82,"206_fs1-00007.jpg",499.614332199479,136.420862543701
83,"206_fs1-00007.jpg",499.143268900995,136.431289006711
84,"206_fs1-00007.jpg",498.673105996711,136.448086876766
85,"206_fs1-00007.jpg",498.20414820176,136.471584798943
86,"206_fs1-00007.jpg",497.736700231277,136.502111418319
87,"206_fs1-00007.jpg",497.271066800396,136.539995379973
88,"206_fs1-00007.jpg",496.807552624252,136.585565328982
89,"206_fs1-00007.jpg",496.346462417979,136.639149910423
90,"206_fs1-00007.jpg",495.888100896711,136.701077769375
91,"206_fs1-00007.jpg",495.432772775583,136.771677550914
92,"206_fs1-00007.jpg",494.980782769728,136.851277900119
93,"206_fs1-00007.jpg",494.532435594282,136.940207462067
94,"206_fs1-00007.jpg",494.088035964378,137.038794881836
95,"206_fs1-00007.jpg",493.647888595151,137.147368804503
96,"206_fs1-00007.jpg",493.212298201736,137.266257875145
97,"206_fs1-00007.jpg",492.781569499266,137.395790738842
98,"206_fs1-00007.jpg",492.356007202876,137.53629604067
99,"206_fs1-00007.jpg",491.9359160277,137.688102425706
100,"206_fs1-00007.jpg",491.519759232371,137.851484302287
101,"206_fs1-00007.jpg",491.10393960929,138.026291859116
102,"206_fs1-00007.jpg",490.688862694149,138.212175599766
103,"206_fs1-00007.jpg",490.275078299897,138.408784862185
104,"206_fs1-00007.jpg",489.863136239482,138.61576898432
105,"206_fs1-00007.jpg",489.453586325855,138.832777304118
106,"206_fs1-00007.jpg",489.046978371964,139.059459159524
107,"206_fs1-00007.jpg",488.643862190757,139.295463888486
108,"206_fs1-00007.jpg",488.244787595185,139.54044082895
109,"206_fs1-00007.jpg",487.850304398195,139.794039318863
110,"206_fs1-00007.jpg",487.460962412738,140.055908696172
111,"206_fs1-00007.jpg",487.077311451761,140.325698298823
112,"206_fs1-00007.jpg",486.699901328214,140.603057464763
113,"206_fs1-00007.jpg",486.329281855046,140.887635531938
114,"206_fs1-00007.jpg",485.966002845206,141.179081838296
115,"206_fs1-00007.jpg",485.610614111643,141.477045721783
116,"206_fs1-00007.jpg",485.263665467306,141.781176520345
117,"206_fs1-00007.jpg",484.925706725143,142.09112357193
118,"206_fs1-00007.jpg",484.597287698105,142.406536214484
119,"206_fs1-00007.jpg",484.275456639423,142.727092327312
120,"206_fs1-00007.jpg",483.954834747843,143.052644821459
121,"206_fs1-00007.jpg",483.635813447458,143.383112923922
122,"206_fs1-00007.jpg",483.318878027165,143.718415987391
123,"206_fs1-00007.jpg",483.004513775858,144.058473364555
124,"206_fs1-00007.jpg",482.693205982435,144.403204408105
125,"206_fs1-00007.jpg",482.38543993579,144.752528470731
126,"206_fs1-00007.jpg",482.081700924822,145.106364905124
127,"206_fs1-00007.jpg",481.782474238425,145.464633063972
128,"206_fs1-00007.jpg",481.488245165496,145.827252299966
129,"206_fs1-00007.jpg",481.19949899493,146.194141965797
130,"206_fs1-00007.jpg",480.916721015625,146.565221414154
131,"206_fs1-00007.jpg",480.640396516475,146.940409997727
132,"206_fs1-00007.jpg",480.371010786378,147.319627069207
133,"206_fs1-00007.jpg",480.109049114229,147.702791981284
134,"206_fs1-00007.jpg",479.854996788924,148.089824086647
135,"206_fs1-00007.jpg",479.60933909936,148.480642737987
136,"206_fs1-00007.jpg",479.372561334432,148.875167287994
137,"206_fs1-00007.jpg",479.145148783036,149.273317089358
138,"206_fs1-00007.jpg",478.92758673407,149.675011494768
139,"206_fs1-00007.jpg",478.720360476428,150.080169856916
140,"206_fs1-00007.jpg",478.523955299008,150.488711528492
141,"206_fs1-00007.jpg",478.334996864394,150.900555287311
142,"206_fs1-00007.jpg",478.141943985642,151.315613179867
143,"206_fs1-00007.jpg",477.945582751747,151.733792886758
144,"206_fs1-00007.jpg",477.747706047956,152.155002014774
145,"206_fs1-00007.jpg",477.550106759517,152.579148170702
146,"206_fs1-00007.jpg",477.354577771675,153.006138961333
147,"206_fs1-00007.jpg",477.162911969678,153.435881993454
148,"206_fs1-00007.jpg",476.976902238773,153.868284873854
149,"206_fs1-00007.jpg",476.798341464208,154.303255209323
150,"206_fs1-00007.jpg",476.629022531228,154.740700606648
151,"206_fs1-00007.jpg",476.470738325081,155.180528672619
152,"206_fs1-00007.jpg",476.325281731014,155.622647014025
153,"206_fs1-00007.jpg",476.194445634274,156.066963237654
154,"206_fs1-00007.jpg",476.080022920107,156.513384950296
155,"206_fs1-00007.jpg",475.983806473761,156.961819758738
156,"206_fs1-00007.jpg",475.907589180483,157.41217526977
157,"206_fs1-00007.jpg",475.85316392552,157.86435909018
158,"206_fs1-00007.jpg",475.822323594118,158.318278826758
159,"206_fs1-00007.jpg",475.815907241379,158.773841503521
160,"206_fs1-00007.jpg",475.819218060619,159.23090548657
161,"206_fs1-00007.jpg",475.826549412222,159.689244575279
162,"206_fs1-00007.jpg",475.837703806672,160.148624109274
163,"206_fs1-00007.jpg",475.852483754453,160.608809428178
164,"206_fs1-00007.jpg",475.870691766049,161.069565871618
165,"206_fs1-00007.jpg",475.892130351945,161.530658779217
166,"206_fs1-00007.jpg",475.916602022625,161.9918534906
167,"206_fs1-00007.jpg",475.943909288573,162.452915345393
168,"206_fs1-00007.jpg",475.973854660275,162.91360968322
169,"206_fs1-00007.jpg",476.006240648213,163.373701843705
170,"206_fs1-00007.jpg",476.040869762873,163.832957166474
171,"206_fs1-00007.jpg",476.077544514739,164.291140991151
172,"206_fs1-00007.jpg",476.116067414294,164.748018657362
173,"206_fs1-00007.jpg",476.156240972024,165.203355504731
174,"206_fs1-00007.jpg",476.197867698413,165.656916872882
175,"206_fs1-00007.jpg",476.244090885483,166.10847939854
176,"206_fs1-00007.jpg",476.309591477345,166.558016286611
177,"206_fs1-00007.jpg",476.394164334163,167.005667505844
178,"206_fs1-00007.jpg",476.495524432243,167.451578310649
179,"206_fs1-00007.jpg",476.61138674789,167.895893955433
180,"206_fs1-00007.jpg",476.73946625741,168.338759694607
181,"206_fs1-00007.jpg",476.877477937109,168.78032078258
182,"206_fs1-00007.jpg",477.023136763292,169.22072247376
183,"206_fs1-00007.jpg",477.174157712266,169.660110022557
184,"206_fs1-00007.jpg",477.328255760335,170.09862868338
185,"206_fs1-00007.jpg",477.483145883806,170.536423710638
186,"206_fs1-00007.jpg",477.636543058985,170.973640358741
187,"206_fs1-00007.jpg",477.786162262176,171.410423882097
188,"206_fs1-00007.jpg",477.929718469687,171.846919535117
189,"206_fs1-00007.jpg",478.064935170082,172.283272572208
190,"206_fs1-00007.jpg",478.196012485987,172.71962824778
191,"206_fs1-00007.jpg",478.327806108178,173.156131816242
192,"206_fs1-00007.jpg",478.460294317077,173.592928532004
193,"206_fs1-00007.jpg",478.593455393103,174.030163649474
194,"206_fs1-00007.jpg",478.727267616678,174.467982423062
195,"206_fs1-00007.jpg",478.861709268223,174.906530107178
196,"206_fs1-00007.jpg",478.996758628158,175.345951956229
197,"206_fs1-00007.jpg",479.132393976903,175.786393224625
198,"206_fs1-00007.jpg",479.268593594881,176.227999166776
199,"206_fs1-00007.jpg",479.405335762511,176.670915037091
200,"206_fs1-00007.jpg",479.542598760214,177.115286089978
1,"206_fs1-00008.jpg",544.5,143.5
2,"206_fs1-00008.jpg",544.038969127182,143.378315153715
3,"206_fs1-00008.jpg",543.577790035056,143.257965673976
4,"206_fs1-00008.jpg",543.116463481826,143.138931186947
5,"206_fs1-00008.jpg",542.654990225695,143.021191318795
6,"206_fs1-00008.jpg",542.193371024866,142.904725695684
7,"206_fs1-00008.jpg",541.731606637544,142.789513943781
8,"206_fs1-00008.jpg",541.26969782193,142.675535689252
9,"206_fs1-00008.jpg",540.807645336229,142.562770558261
10,"206_fs1-00008.jpg",540.345449938644,142.451198176976
11,"206_fs1-00008.jpg",539.883112387378,142.340798171561
12,"206_fs1-00008.jpg",539.420633440635,142.231550168182
13,"206_fs1-00008.jpg",538.958013856618,142.123433793004
14,"206_fs1-00008.jpg",538.495254393531,142.016428672194
15,"206_fs1-00008.jpg",538.032355809576,141.910514431917
16,"206_fs1-00008.jpg",537.569318862958,141.805670698339
17,"206_fs1-00008.jpg",537.106144311879,141.701877097626
18,"206_fs1-00008.jpg",536.642832914543,141.599113255942
19,"206_fs1-00008.jpg",536.179385429154,141.497358799455
20,"206_fs1-00008.jpg",535.715802613914,141.396593354328
21,"206_fs1-00008.jpg",535.252085227028,141.296796546729
22,"206_fs1-00008.jpg",534.788234026698,141.197948002823
23,"206_fs1-00008.jpg",534.324249771128,141.100027348775
24,"206_fs1-00008.jpg",533.860133218521,141.003014210752
25,"206_fs1-00008.jpg",533.395885127081,140.906888214918
26,"206_fs1-00008.jpg",532.931506255011,140.81162898744
27,"206_fs1-00008.jpg",532.466997360515,140.717216154483
28,"206_fs1-00008.jpg",532.002359201795,140.623629342213
29,"206_fs1-00008.jpg",531.537592537056,140.530848176795
30,"206_fs1-00008.jpg",531.0726981245,140.438852284396
31,"206_fs1-00008.jpg",530.607676722331,140.347621291181
32,"206_fs1-00008.jpg",530.142529088753,140.257134823315
33,"206_fs1-00008.jpg",529.677255981968,140.167372506964
34,"206_fs1-00008.jpg",529.211858160181,140.078313968295
35,"206_fs1-00008.jpg",528.746333447832,139.989938833472
36,"206_fs1-00008.jpg",528.280627161,139.902226728661
37,"206_fs1-00008.jpg",527.814722854411,139.815157280028
38,"206_fs1-00008.jpg",527.348626388375,139.728710113739
39,"206_fs1-00008.jpg",526.882343623203,139.642864855959
40,"206_fs1-00008.jpg",526.415880419207,139.557601132854
41,"206_fs1-00008.jpg",525.949242636699,139.47289857059
42,"206_fs1-00008.jpg",525.482436135989,139.388736795332
43,"206_fs1-00008.jpg",525.01546677739,139.305095433246
44,"206_fs1-00008.jpg",524.548340421212,139.221954110498
45,"206_fs1-00008.jpg",524.081062927768,139.139292453253
46,"206_fs1-00008.jpg",523.613640157367,139.057090087677
47,"206_fs1-00008.jpg",523.146077970323,138.975326639936
48,"206_fs1-00008.jpg",522.678382226945,138.893981736195
49,"206_fs1-00008.jpg",522.210558787546,138.81303500262
50,"206_fs1-00008.jpg",521.742613512438,138.732466065377
51,"206_fs1-00008.jpg",521.27455226193,138.652254550632
52,"206_fs1-00008.jpg",520.806380896336,138.572380084549
53,"206_fs1-00008.jpg",520.338105275965,138.492822293295
54,"206_fs1-00008.jpg",519.86973126113,138.413560803036
55,"206_fs1-00008.jpg",519.401264712143,138.334575239937
56,"206_fs1-00008.jpg",518.932711489313,138.255845230163
57,"206_fs1-00008.jpg",518.464077452954,138.177350399881
58,"206_fs1-00008.jpg",517.995368463375,138.099070375256
59,"206_fs1-00008.jpg",517.52659038089,138.020984782454
60,"206_fs1-00008.jpg",517.057749065808,137.94307324764
61,"206_fs1-00008.jpg",516.588850378441,137.865315396981
62,"206_fs1-00008.jpg",516.119900179102,137.787690856641
63,"206_fs1-00008.jpg",515.650903873605,137.710179534191
64,"206_fs1-00008.jpg",515.181854487611,137.632796217752
65,"206_fs1-00008.jpg",514.712744405754,137.555623890105
66,"206_fs1-00008.jpg",514.243569243672,137.478753432535
67,"206_fs1-00008.jpg",513.774324617007,137.402275726327
68,"206_fs1-00008.jpg",513.305006141396,137.326281652765
69,"206_fs1-00008.jpg",512.83560943248,137.250862093135
70,"206_fs1-00008.jpg",512.366130105898,137.176107928722
71,"206_fs1-00008.jpg",511.896563777289,137.10211004081
72,"206_fs1-00008.jpg",511.426906062294,137.028959310685
73,"206_fs1-00008.jpg",510.957152576551,136.956746619632
74,"206_fs1-00008.jpg",510.487298935699,136.885562848935
75,"206_fs1-00008.jpg",510.01734075538,136.81549887988
76,"206_fs1-00008.jpg",509.547273651231,136.746645593751
77,"206_fs1-00008.jpg",509.077093238892,136.679093871833
78,"206_fs1-00008.jpg",508.606795134004,136.612934595412
79,"206_fs1-00008.jpg",508.136374952205,136.548258645773
80,"206_fs1-00008.jpg",507.665828309134,136.485156904199
81,"206_fs1-00008.jpg",507.195150820432,136.423720251978
82,"206_fs1-00008.jpg",506.724338101738,136.364039570392
83,"206_fs1-00008.jpg",506.253385768691,136.306205740727
84,"206_fs1-00008.jpg",505.78228943693,136.250309644269
85,"206_fs1-00008.jpg",505.311044722096,136.196442162302
86,"206_fs1-00008.jpg",504.839647239828,136.144694176112
87,"206_fs1-00008.jpg",504.368092605765,136.095156566982
88,"206_fs1-00008.jpg",503.896376435546,136.047920216198
89,"206_fs1-00008.jpg",503.424494344812,136.003076005046
90,"206_fs1-00008.jpg",502.952441949201,135.960714814809
91,"206_fs1-00008.jpg",502.480203734116,135.92092755067
92,"206_fs1-00008.jpg",502.007022325833,135.883820040922
93,"206_fs1-00008.jpg",501.532537450925,135.849538496263
94,"206_fs1-00008.jpg",501.056886445089,135.818235891193
95,"206_fs1-00008.jpg",500.580206644022,135.790065200215
96,"206_fs1-00008.jpg",500.102635383422,135.765179397831
97,"206_fs1-00008.jpg",499.624309998986,135.743731458541
98,"206_fs1-00008.jpg",499.145367826411,135.725874356847
99,"206_fs1-00008.jpg",498.665946201394,135.711761067252
100,"206_fs1-00008.jpg",498.186182459633,135.701544564257
101,"206_fs1-00008.jpg",497.706213936826,135.695377822364
102,"206_fs1-00008.jpg",497.226177968669,135.693413816074
103,"206_fs1-00008.jpg",496.74621189086,135.695805519888
104,"206_fs1-00008.jpg",496.266453039097,135.70270590831
105,"206_fs1-00008.jpg",495.787038749076,135.714267955839
106,"206_fs1-00008.jpg",495.308106356494,135.730644636979
107,"206_fs1-00008.jpg",494.82979319705,135.75198892623
108,"206_fs1-00008.jpg",494.352236606441,135.778453798095
109,"206_fs1-00008.jpg",493.875573920363,135.810192227075
110,"206_fs1-00008.jpg",493.399942474515,135.847357187671
111,"206_fs1-00008.jpg",492.925479604593,135.890101654386
112,"206_fs1-00008.jpg",492.452322646295,135.938578601721
113,"206_fs1-00008.jpg",491.980608935319,135.992941004177
114,"206_fs1-00008.jpg",491.51047580736,136.053341836257
115,"206_fs1-00008.jpg",491.042060598118,136.119934072462
116,"206_fs1-00008.jpg",490.575500643289,136.192870687293
117,"206_fs1-00008.jpg",490.11093327857,136.272304655253
118,"206_fs1-00008.jpg",489.64849583966,136.358388950844
119,"206_fs1-00008.jpg",489.188325662254,136.451276548566
120,"206_fs1-00008.jpg",488.73047320741,136.55111980951
121,"206_fs1-00008.jpg",488.272945068574,136.657983419671
122,"206_fs1-00008.jpg",487.815044002362,136.771754024188
123,"206_fs1-00008.jpg",487.357016228286,136.892296685726
124,"206_fs1-00008.jpg",486.899107965861,137.019476466944
125,"206_fs1-00008.jpg",486.441565434602,137.153158430507
126,"206_fs1-00008.jpg",485.984634854022,137.293207639077
127,"206_fs1-00008.jpg",485.528562443636,137.439489155315
128,"206_fs1-00008.jpg",485.073594422956,137.591868041884
129,"206_fs1-00008.jpg",484.619977011499,137.750209361447
130,"206_fs1-00008.jpg",484.167956428776,137.914378176666
131,"206_fs1-00008.jpg",483.717778894304,138.084239550202
132,"206_fs1-00008.jpg",483.269690627595,138.259658544719
133,"206_fs1-00008.jpg",482.823937848163,138.440500222878
134,"206_fs1-00008.jpg",482.380766775524,138.626629647343
135,"206_fs1-00008.jpg",481.94042362919,138.817911880774
136,"206_fs1-00008.jpg",481.503154628677,139.014211985835
137,"206_fs1-00008.jpg",481.069205993497,139.215395025189
138,"206_fs1-00008.jpg",480.638823943166,139.421326061496
139,"206_fs1-00008.jpg",480.212254697196,139.63187015742
140,"206_fs1-00008.jpg",479.789744475103,139.846892375623
141,"206_fs1-00008.jpg",479.3715394964,140.066257778767
142,"206_fs1-00008.jpg",478.957885980601,140.289831429514
143,"206_fs1-00008.jpg",478.549030147221,140.517478390528
144,"206_fs1-00008.jpg",478.143437168184,140.749077408378
145,"206_fs1-00008.jpg",477.733840146068,140.984730727839
146,"206_fs1-00008.jpg",477.320500390949,141.224722765031
147,"206_fs1-00008.jpg",476.904656175707,141.469343246146
148,"206_fs1-00008.jpg",476.487545773218,141.71888189738
149,"206_fs1-00008.jpg",476.070407456362,141.973628444927
150,"206_fs1-00008.jpg",475.654479498016,142.233872614982
151,"206_fs1-00008.jpg",475.241000171057,142.499904133738
152,"206_fs1-00008.jpg",474.831207748365,142.772012727392
153,"206_fs1-00008.jpg",474.426340502818,143.050488122137
154,"206_fs1-00008.jpg",474.027636707292,143.335620044168
155,"206_fs1-00008.jpg",473.636334634667,143.627698219679
156,"206_fs1-00008.jpg",473.25367255782,143.927012374865
157,"206_fs1-00008.jpg",472.880888749631,144.23385223592
158,"206_fs1-00008.jpg",472.519221482975,144.548507529039
159,"206_fs1-00008.jpg",472.169909030732,144.871267980416
160,"206_fs1-00008.jpg",471.83418966578,145.202423316247
161,"206_fs1-00008.jpg",471.513301660997,145.542263262725
162,"206_fs1-00008.jpg",471.20848328926,145.891077546044
163,"206_fs1-00008.jpg",470.920972823448,146.249155892401
164,"206_fs1-00008.jpg",470.65200853644,146.616788027988
165,"206_fs1-00008.jpg",470.396211678271,146.994228489119
166,"206_fs1-00008.jpg",470.133598383924,147.381304516863
167,"206_fs1-00008.jpg",469.866125984407,147.777558775856
168,"206_fs1-00008.jpg",469.59764353689,148.182528771317
169,"206_fs1-00008.jpg",469.332000098544,148.595752008464
170,"206_fs1-00008.jpg",469.073044726537,149.016765992514
171,"206_fs1-00008.jpg",468.824626478041,149.445108228687
172,"206_fs1-00008.jpg",468.590594410225,149.8803162222
173,"206_fs1-00008.jpg",468.374797580258,150.321927478272
174,"206_fs1-00008.jpg",468.181085045311,150.769479502121
175,"206_fs1-00008.jpg",468.013305862555,151.222509798965
176,"206_fs1-00008.jpg",467.875309089158,151.680555874022
177,"206_fs1-00008.jpg",467.770943782291,152.143155232511
178,"206_fs1-00008.jpg",467.704058999123,152.609845379649
179,"206_fs1-00008.jpg",467.678503796825,153.080163820655
180,"206_fs1-00008.jpg",467.678462485643,153.553648060747
181,"206_fs1-00008.jpg",467.679290055904,154.029835605143
182,"206_fs1-00008.jpg",467.681630558097,154.508263959062
183,"206_fs1-00008.jpg",467.686271804266,154.988470627721
184,"206_fs1-00008.jpg",467.694001606456,155.469993116339
185,"206_fs1-00008.jpg",467.705607776709,155.952368930134
186,"206_fs1-00008.jpg",467.721878127072,156.435135574324
187,"206_fs1-00008.jpg",467.743600469587,156.917830554128
188,"206_fs1-00008.jpg",467.771562616299,157.399991374763
189,"206_fs1-00008.jpg",467.806552379252,157.881155541449
190,"206_fs1-00008.jpg",467.849357570489,158.360860559402
191,"206_fs1-00008.jpg",467.900766002057,158.838643933841
192,"206_fs1-00008.jpg",467.961565485998,159.314043169985
193,"206_fs1-00008.jpg",468.032543834356,159.786595773051
194,"206_fs1-00008.jpg",468.114488859176,160.255839248259
195,"206_fs1-00008.jpg",468.208188372503,160.721311100825
196,"206_fs1-00008.jpg",468.314430186379,161.182548835968
197,"206_fs1-00008.jpg",468.43400211285,161.639089958907
198,"206_fs1-00008.jpg",468.567691963959,162.090471974859
199,"206_fs1-00008.jpg",468.71628755175,162.536232389044
200,"206_fs1-00008.jpg",468.880576688269,162.975908706678
1,"206_fs1-00009.jpg",557.833,145.667
2,"206_fs1-00009.jpg",557.340027781718,145.519107237895
3,"206_fs1-00009.jpg",556.846848546397,145.373515821231
4,"206_fs1-00009.jpg",556.353462447521,145.23019129257
5,"206_fs1-00009.jpg",555.859869638573,145.089099194473
6,"206_fs1-00009.jpg",555.366070273039,144.950205069501
7,"206_fs1-00009.jpg",554.872064504402,144.813474460216
8,"206_fs1-00009.jpg",554.377852486147,144.67887290918
9,"206_fs1-00009.jpg",553.88343437176,144.546365958952
10,"206_fs1-00009.jpg",553.388810314722,144.415919152096
11,"206_fs1-00009.jpg",552.893980468521,144.287498031171
12,"206_fs1-00009.jpg",552.398944986639,144.16106813874
13,"206_fs1-00009.jpg",551.903704022561,144.036595017364
14,"206_fs1-00009.jpg",551.408257729772,143.914044209605
15,"206_fs1-00009.jpg",550.912606261756,143.793381258023
16,"206_fs1-00009.jpg",550.416749771998,143.67457170518
17,"206_fs1-00009.jpg",549.920688413981,143.557581093637
18,"206_fs1-00009.jpg",549.42442234119,143.442374965956
19,"206_fs1-00009.jpg",548.927951707111,143.328918864699
20,"206_fs1-00009.jpg",548.431276665226,143.217178332425
21,"206_fs1-00009.jpg",547.934397369021,143.107118911698
22,"206_fs1-00009.jpg",547.43731397198,142.998706145078
23,"206_fs1-00009.jpg",546.940026627587,142.891905575126
24,"206_fs1-00009.jpg",546.442535489327,142.786682744404
25,"206_fs1-00009.jpg",545.944840710684,142.683003195474
26,"206_fs1-00009.jpg",545.446942445142,142.580832470896
27,"206_fs1-00009.jpg",544.948840846187,142.480136113232
28,"206_fs1-00009.jpg",544.450536067302,142.380879665044
29,"206_fs1-00009.jpg",543.952028261972,142.283028668892
30,"206_fs1-00009.jpg",543.453317583681,142.186548667339
31,"206_fs1-00009.jpg",542.954404185914,142.091405202945
32,"206_fs1-00009.jpg",542.455288222155,141.997563818272
33,"206_fs1-00009.jpg",541.955969845888,141.904990055881
34,"206_fs1-00009.jpg",541.456449210599,141.813649458333
35,"206_fs1-00009.jpg",540.95672646977,141.723507568191
36,"206_fs1-00009.jpg",540.456801776887,141.634529928015
37,"206_fs1-00009.jpg",539.956675285435,141.546682080366
38,"206_fs1-00009.jpg",539.456308974514,141.459929567807
39,"206_fs1-00009.jpg",538.955593259974,141.374237932898
40,"206_fs1-00009.jpg",538.454533194343,141.289572718201
41,"206_fs1-00009.jpg",537.953142019518,141.205899466277
42,"206_fs1-00009.jpg",537.451432977392,141.123183719687
43,"206_fs1-00009.jpg",536.949419309862,141.041391020993
44,"206_fs1-00009.jpg",536.447114258823,140.960486912757
45,"206_fs1-00009.jpg",535.94453106617,140.880436937539
46,"206_fs1-00009.jpg",535.441682973799,140.801206637901
47,"206_fs1-00009.jpg",534.938583223605,140.722761556404
48,"206_fs1-00009.jpg",534.435245057482,140.64506723561
49,"206_fs1-00009.jpg",533.931681717327,140.56808921808
50,"206_fs1-00009.jpg",533.427906445035,140.491793046376
51,"206_fs1-00009.jpg",532.923932482501,140.416144263058
52,"206_fs1-00009.jpg",532.419773071621,140.341108410689
53,"206_fs1-00009.jpg",531.915441454289,140.266651031829
54,"206_fs1-00009.jpg",531.410950872401,140.19273766904
55,"206_fs1-00009.jpg",530.906314567853,140.119333864883
56,"206_fs1-00009.jpg",530.401545782539,140.046405161919
57,"206_fs1-00009.jpg",529.896657758355,139.973917102711
58,"206_fs1-00009.jpg",529.391663737196,139.901835229819
59,"206_fs1-00009.jpg",528.886576960959,139.830125085805
60,"206_fs1-00009.jpg",528.381410671537,139.758752213229
61,"206_fs1-00009.jpg",527.876178110826,139.687682154655
62,"206_fs1-00009.jpg",527.370892520722,139.616880452642
63,"206_fs1-00009.jpg",526.86556714312,139.546312649752
64,"206_fs1-00009.jpg",526.360215219915,139.475944288546
65,"206_fs1-00009.jpg",525.854849993003,139.405740911587
66,"206_fs1-00009.jpg",525.349484704278,139.335668061435
67,"206_fs1-00009.jpg",524.844132595637,139.265691280651
68,"206_fs1-00009.jpg",524.338806908974,139.195776111797
69,"206_fs1-00009.jpg",523.833520886185,139.125888097435
70,"206_fs1-00009.jpg",523.328287769165,139.055992780126
71,"206_fs1-00009.jpg",522.82312079981,138.98605570243
72,"206_fs1-00009.jpg",522.318033220014,138.91604240691
73,"206_fs1-00009.jpg",521.813038271674,138.845918436127
74,"206_fs1-00009.jpg",521.30813333014,138.775651608811
75,"206_fs1-00009.jpg",520.80324630832,138.705251462716
76,"206_fs1-00009.jpg",520.298362726432,138.634764084042
77,"206_fs1-00009.jpg",519.793478070051,138.564236795362
78,"206_fs1-00009.jpg",519.288587824749,138.49371691925
79,"206_fs1-00009.jpg",518.7836874761,138.42325177828
80,"206_fs1-00009.jpg",518.278772509677,138.352888695025
81,"206_fs1-00009.jpg",517.773838411053,138.282674992059
82,"206_fs1-00009.jpg",517.2688806658,138.212657991956
83,"206_fs1-00009.jpg",516.763894759493,138.14288501729
84,"206_fs1-00009.jpg",516.258876177704,138.073403390633
85,"206_fs1-00009.jpg",515.753820406007,138.004260434561
86,"206_fs1-00009.jpg",515.248722929974,137.935503471647
87,"206_fs1-00009.jpg",514.743579235179,137.867179824465
88,"206_fs1-00009.jpg",514.238384807195,137.799336815587
89,"206_fs1-00009.jpg",513.733135131594,137.732021767589
90,"206_fs1-00009.jpg",513.227825693951,137.665282003043
91,"206_fs1-00009.jpg",512.722451979838,137.599164844524
92,"206_fs1-00009.jpg",512.217009474829,137.533717614605
93,"206_fs1-00009.jpg",511.711493664496,137.46898763586
94,"206_fs1-00009.jpg",511.205900034412,137.405022230862
95,"206_fs1-00009.jpg",510.700224070152,137.341868722186
96,"206_fs1-00009.jpg",510.194461257287,137.279574432405
97,"206_fs1-00009.jpg",509.688607081392,137.218186684093
98,"206_fs1-00009.jpg",509.182657028039,137.157752799824
99,"206_fs1-00009.jpg",508.676606582801,137.098320102171
100,"206_fs1-00009.jpg",508.170451231251,137.039935913708
101,"206_fs1-00009.jpg",507.664186458963,136.982647557008
102,"206_fs1-00009.jpg",507.15780775151,136.926502354647
103,"206_fs1-00009.jpg",506.651310594465,136.871547629196
104,"206_fs1-00009.jpg",506.144690473401,136.817830703231
105,"206_fs1-00009.jpg",505.637942873891,136.765398899324
106,"206_fs1-00009.jpg",505.131063281508,136.71429954005
107,"206_fs1-00009.jpg",504.624047181826,136.664579947982
108,"206_fs1-00009.jpg",504.116890060418,136.616287445694
109,"206_fs1-00009.jpg",503.609587402856,136.56946935576
110,"206_fs1-00009.jpg",503.102134694714,136.524173000753
111,"206_fs1-00009.jpg",502.594527421565,136.480445703247
112,"206_fs1-00009.jpg",502.086610433903,136.438339351307
113,"206_fs1-00009.jpg",501.578050607958,136.397944713205
114,"206_fs1-00009.jpg",501.068888511603,136.359372219063
115,"206_fs1-00009.jpg",500.559180916265,136.322732451127
116,"206_fs1-00009.jpg",500.04898459337,136.288135991644
117,"206_fs1-00009.jpg",499.538356314344,136.255693422863
118,"206_fs1-00009.jpg",499.027352850614,136.225515327031
119,"206_fs1-00009.jpg",498.516030973607,136.197712286396
120,"206_fs1-00009.jpg",498.00444745475,136.172394883204
121,"206_fs1-00009.jpg",497.492659065468,136.149673699703
122,"206_fs1-00009.jpg",496.980722577189,136.129659318142
123,"206_fs1-00009.jpg",496.468694761339,136.112462320767
124,"206_fs1-00009.jpg",495.956632389344,136.098193289826
125,"206_fs1-00009.jpg",495.444592232632,136.086962807566
126,"206_fs1-00009.jpg",494.932631062629,136.078881456235
127,"206_fs1-00009.jpg",494.420805650762,136.074059818081
128,"206_fs1-00009.jpg",493.909172768456,136.072608475351
129,"206_fs1-00009.jpg",493.397789187139,136.074638010292
130,"206_fs1-00009.jpg",492.886711678237,136.080259005152
131,"206_fs1-00009.jpg",492.375997013177,136.089582042178
132,"206_fs1-00009.jpg",491.865701963386,136.102717703619
133,"206_fs1-00009.jpg",491.35588330029,136.119776571721
134,"206_fs1-00009.jpg",490.846597795315,136.140869228732
135,"206_fs1-00009.jpg",490.337902219888,136.166106256899
136,"206_fs1-00009.jpg",489.829853345436,136.195598238471
137,"206_fs1-00009.jpg",489.322507943386,136.229455755693
138,"206_fs1-00009.jpg",488.815922785163,136.267789390815
139,"206_fs1-00009.jpg",488.310154642195,136.310709726084
140,"206_fs1-00009.jpg",487.805260285908,136.358327343746
141,"206_fs1-00009.jpg",487.301296487729,136.41075282605
142,"206_fs1-00009.jpg",486.798320019084,136.468096755243
143,"206_fs1-00009.jpg",486.295193122888,136.530454770432
144,"206_fs1-00009.jpg",485.790770675348,136.597856616467
145,"206_fs1-00009.jpg",485.285347355663,136.670313880652
146,"206_fs1-00009.jpg",484.779219231446,136.747838149726
147,"206_fs1-00009.jpg",484.272682370313,136.830441010427
148,"206_fs1-00009.jpg",483.766032839877,136.918134049493
149,"206_fs1-00009.jpg",483.259566707753,137.010928853664
150,"206_fs1-00009.jpg",482.753580041557,137.108837009676
151,"206_fs1-00009.jpg",482.248368908901,137.211870104269
152,"206_fs1-00009.jpg",481.744229377401,137.320039724182
153,"206_fs1-00009.jpg",481.241457514671,137.433357456152
154,"206_fs1-00009.jpg",480.740349388326,137.551834886918
155,"206_fs1-00009.jpg",480.241201065979,137.675483603219
156,"206_fs1-00009.jpg",479.744308615246,137.804315191793
157,"206_fs1-00009.jpg",479.249968103741,137.938341239378
158,"206_fs1-00009.jpg",478.758475599078,138.077573332713
159,"206_fs1-00009.jpg",478.270127168872,138.222023058537
160,"206_fs1-00009.jpg",477.785218880738,138.371702003587
161,"206_fs1-00009.jpg",477.304046802289,138.526621754602
162,"206_fs1-00009.jpg",476.82690700114,138.686793898321
163,"206_fs1-00009.jpg",476.354095544906,138.852230021482
164,"206_fs1-00009.jpg",475.885588003206,139.022942005539
165,"206_fs1-00009.jpg",475.407038729963,139.199047039422
166,"206_fs1-00009.jpg",474.912901175338,139.380922916441
167,"206_fs1-00009.jpg",474.406377622716,139.568987043134
168,"206_fs1-00009.jpg",473.89067035548,139.763656826039
169,"206_fs1-00009.jpg",473.368981657017,139.965349671693
170,"206_fs1-00009.jpg",472.844513810709,140.174482986635
171,"206_fs1-00009.jpg",472.320469099943,140.391474177402
172,"206_fs1-00009.jpg",471.800049808102,140.616740650533
173,"206_fs1-00009.jpg",471.286458218571,140.850699812563
174,"206_fs1-00009.jpg",470.782896614736,141.093769070033
175,"206_fs1-00009.jpg",470.292567279979,141.346365829478
176,"206_fs1-00009.jpg",469.818672497687,141.608907497438
177,"206_fs1-00009.jpg",469.364414551243,141.881811480449
178,"206_fs1-00009.jpg",468.932995724032,142.16549518505
179,"206_fs1-00009.jpg",468.527618299439,142.460376017778
180,"206_fs1-00009.jpg",468.151484560849,142.766871385171
181,"206_fs1-00009.jpg",467.807796791646,143.085398693767
182,"206_fs1-00009.jpg",467.499757275214,143.416375350104
183,"206_fs1-00009.jpg",467.230568294939,143.760218760719
184,"206_fs1-00009.jpg",467.003432134204,144.11734633215
185,"206_fs1-00009.jpg",466.810028413542,144.488175470935
186,"206_fs1-00009.jpg",466.620186900656,144.873123583612
187,"206_fs1-00009.jpg",466.433445556465,145.272608076718
188,"206_fs1-00009.jpg",466.251285359503,145.687046356792
189,"206_fs1-00009.jpg",466.075187288308,146.116855830371
190,"206_fs1-00009.jpg",465.906632321417,146.562453903992
191,"206_fs1-00009.jpg",465.747101437365,147.024257984194
192,"206_fs1-00009.jpg",465.59807561469,147.502685477514
193,"206_fs1-00009.jpg",465.461035831928,147.99815379049
194,"206_fs1-00009.jpg",465.337463067615,148.511080329661
195,"206_fs1-00009.jpg",465.228838300289,149.041882501562
196,"206_fs1-00009.jpg",465.136642508485,149.590977712734
197,"206_fs1-00009.jpg",465.062356670741,150.158783369712
198,"206_fs1-00009.jpg",465.007461765592,150.745716879035
199,"206_fs1-00009.jpg",464.973438771577,151.352195647241
200,"206_fs1-00009.jpg",464.96176866723,151.978637080868
1,"206_fs1-00010.jpg",567.167,146.167
2,"206_fs1-00010.jpg",566.764461199788,146.046329969602
3,"206_fs1-00010.jpg",566.361662323507,145.92430236898
4,"206_fs1-00010.jpg",565.95860461739,145.800963429246
5,"206_fs1-00010.jpg",565.555289327671,145.676359381508
6,"206_fs1-00010.jpg",565.151717700581,145.550536456878
7,"206_fs1-00010.jpg",564.747890982354,145.423540886467
8,"206_fs1-00010.jpg",564.343810419222,145.295418901384
9,"206_fs1-00010.jpg",563.939477257418,145.16621673274
10,"206_fs1-00010.jpg",563.534892743175,145.035980611646
11,"206_fs1-00010.jpg",563.130058122726,144.904756769213
12,"206_fs1-00010.jpg",562.724974642302,144.77259143655
13,"206_fs1-00010.jpg",562.319643548138,144.639530844767
14,"206_fs1-00010.jpg",561.914066086465,144.505621224977
15,"206_fs1-00010.jpg",561.508243503516,144.370908808288
16,"206_fs1-00010.jpg",561.102177045524,144.235439825812
17,"206_fs1-00010.jpg",560.695867958722,144.09926050866
18,"206_fs1-00010.jpg",560.289317489343,143.96241708794
19,"206_fs1-00010.jpg",559.882526883619,143.824955794765
20,"206_fs1-00010.jpg",559.475497387782,143.686922860244
21,"206_fs1-00010.jpg",559.068230248067,143.548364515487
22,"206_fs1-00010.jpg",558.660726710704,143.409326991607
23,"206_fs1-00010.jpg",558.252988021928,143.269856519712
24,"206_fs1-00010.jpg",557.84501542797,143.129999330913
25,"206_fs1-00010.jpg",557.436810175064,142.989801656321
26,"206_fs1-00010.jpg",557.028373509442,142.849309727047
27,"206_fs1-00010.jpg",556.619706677337,142.7085697742
28,"206_fs1-00010.jpg",556.210810924982,142.567628028892
29,"206_fs1-00010.jpg",555.801687498609,142.426530722232
30,"206_fs1-00010.jpg",555.392337644451,142.285324085332
31,"206_fs1-00010.jpg",554.98276260874,142.144054349301
32,"206_fs1-00010.jpg",554.572963637711,142.002767745251
33,"206_fs1-00010.jpg",554.162941977594,141.861510504291
34,"206_fs1-00010.jpg",553.752698874624,141.720328857532
35,"206_fs1-00010.jpg",553.342235575032,141.579269036084
36,"206_fs1-00010.jpg",552.931553325051,141.438377271059
37,"206_fs1-00010.jpg",552.520653370915,141.297699793567
38,"206_fs1-00010.jpg",552.109536958856,141.157282834717
39,"206_fs1-00010.jpg",551.698205335105,141.017172625621
40,"206_fs1-00010.jpg",551.286659745898,140.877415397389
41,"206_fs1-00010.jpg",550.874901437465,140.738057381131
42,"206_fs1-00010.jpg",550.46293165604,140.599144807958
43,"206_fs1-00010.jpg",550.050751647855,140.460723908981
44,"206_fs1-00010.jpg",549.638362659143,140.322840915309
45,"206_fs1-00010.jpg",549.225765936137,140.185542058054
46,"206_fs1-00010.jpg",548.81296272507,140.048873568326
47,"206_fs1-00010.jpg",548.399954272174,139.912881677235
48,"206_fs1-00010.jpg",547.986741823682,139.777612615892
49,"206_fs1-00010.jpg",547.573326625827,139.643112615407
50,"206_fs1-00010.jpg",547.159709924841,139.509427906891
51,"206_fs1-00010.jpg",546.745892966957,139.376604721454
52,"206_fs1-00010.jpg",546.331876998409,139.244689290207
53,"206_fs1-00010.jpg",545.917663265427,139.11372784426
54,"206_fs1-00010.jpg",545.503253014246,138.983766614723
55,"206_fs1-00010.jpg",545.088620508564,138.854851832708
56,"206_fs1-00010.jpg",544.673704900415,138.727029729325
57,"206_fs1-00010.jpg",544.258505069263,138.600346535683
58,"206_fs1-00010.jpg",543.843022371337,138.474848482894
59,"206_fs1-00010.jpg",543.427258162866,138.350581802068
60,"206_fs1-00010.jpg",543.011213800081,138.227592724316
61,"206_fs1-00010.jpg",542.594890639211,138.105927480747
62,"206_fs1-00010.jpg",542.178290036484,137.985632302473
63,"206_fs1-00010.jpg",541.761413348132,137.866753420604
64,"206_fs1-00010.jpg",541.344261930382,137.749337066251
65,"206_fs1-00010.jpg",540.926837139465,137.633429470523
66,"206_fs1-00010.jpg",540.50914033161,137.519076864532
67,"206_fs1-00010.jpg",540.091172863047,137.406325479387
68,"206_fs1-00010.jpg",539.672936090004,137.2952215462
69,"206_fs1-00010.jpg",539.254431368712,137.185811296081
70,"206_fs1-00010.jpg",538.835660055401,137.07814096014
71,"206_fs1-00010.jpg",538.416623506298,136.972256769488
72,"206_fs1-00010.jpg",537.997323077635,136.868204955235
73,"206_fs1-00010.jpg",537.57776012564,136.766031748492
74,"206_fs1-00010.jpg",537.157936006543,136.665783380369
75,"206_fs1-00010.jpg",536.737852076574,136.567506081976
76,"206_fs1-00010.jpg",536.317509691961,136.471246084425
77,"206_fs1-00010.jpg",535.896910208935,136.377049618825
78,"206_fs1-00010.jpg",535.476054983724,136.284962916288
79,"206_fs1-00010.jpg",535.054945372559,136.195032207923
80,"206_fs1-00010.jpg",534.633582731669,136.107303724841
81,"206_fs1-00010.jpg",534.211968417283,136.021823698153
82,"206_fs1-00010.jpg",533.790103785631,135.938638358969
83,"206_fs1-00010.jpg",533.367990192942,135.857793938399
84,"206_fs1-00010.jpg",532.945628995446,135.779336667554
85,"206_fs1-00010.jpg",532.523021549372,135.703312777544
86,"206_fs1-00010.jpg",532.100169210949,135.629768499481
87,"206_fs1-00010.jpg",531.677073336408,135.558750064474
88,"206_fs1-00010.jpg",531.253735281978,135.490303703634
89,"206_fs1-00010.jpg",530.830156403888,135.424475648071
90,"206_fs1-00010.jpg",530.406338058367,135.361312128896
91,"206_fs1-00010.jpg",529.982281601646,135.300859377219
92,"206_fs1-00010.jpg",529.557988389953,135.243163624151
93,"206_fs1-00010.jpg",529.133459779518,135.188271100803
94,"206_fs1-00010.jpg",528.708697126571,135.136228038284
95,"206_fs1-00010.jpg",528.283678047272,135.087079068133
96,"206_fs1-00010.jpg",527.858194767797,135.040808248498
97,"206_fs1-00010.jpg",527.432214052357,134.997321869457
98,"206_fs1-00010.jpg",527.005755192572,134.956521115133
99,"206_fs1-00010.jpg",526.578837480063,134.918307169649
100,"206_fs1-00010.jpg",526.15148020645,134.882581217128
101,"206_fs1-00010.jpg",525.723702663352,134.849244441694
102,"206_fs1-00010.jpg",525.295524142391,134.818198027469
103,"206_fs1-00010.jpg",524.866963935185,134.789343158577
104,"206_fs1-00010.jpg",524.438041333356,134.762581019141
105,"206_fs1-00010.jpg",524.008775628523,134.737812793284
106,"206_fs1-00010.jpg",523.579186112307,134.714939665129
107,"206_fs1-00010.jpg",523.149292076327,134.693862818798
108,"206_fs1-00010.jpg",522.719112812204,134.674483438416
109,"206_fs1-00010.jpg",522.288667611558,134.656702708106
110,"206_fs1-00010.jpg",521.857975766009,134.64042181199
111,"206_fs1-00010.jpg",521.427056567177,134.625541934191
112,"206_fs1-00010.jpg",520.995929306682,134.611964258833
113,"206_fs1-00010.jpg",520.564613276144,134.599589970039
114,"206_fs1-00010.jpg",520.133127767184,134.588320251931
115,"206_fs1-00010.jpg",519.701492071421,134.578056288634
116,"206_fs1-00010.jpg",519.269725480476,134.56869926427
117,"206_fs1-00010.jpg",518.837847285969,134.560150362962
118,"206_fs1-00010.jpg",518.40587677952,134.552310768833
119,"206_fs1-00010.jpg",517.973833252748,134.545081666007
120,"206_fs1-00010.jpg",517.541735997275,134.538364238607
121,"206_fs1-00010.jpg",517.109604304721,134.532059670755
122,"206_fs1-00010.jpg",516.677457466705,134.526069146574
123,"206_fs1-00010.jpg",516.245314774847,134.520293850189
124,"206_fs1-00010.jpg",515.813195520768,134.514634965722
125,"206_fs1-00010.jpg",515.381118996088,134.508993677296
126,"206_fs1-00010.jpg",514.949104492426,134.503271169034
127,"206_fs1-00010.jpg",514.517171301404,134.497368625059
128,"206_fs1-00010.jpg",514.085338714641,134.491187229495
129,"206_fs1-00010.jpg",513.653626023757,134.484628166465
130,"206_fs1-00010.jpg",513.222052520373,134.477592620091
131,"206_fs1-00010.jpg",512.790637496108,134.469981774497
132,"206_fs1-00010.jpg",512.359400242582,134.461696813806
133,"206_fs1-00010.jpg",511.928360051417,134.452638922141
134,"206_fs1-00010.jpg",511.497536214231,134.442709283625
135,"206_fs1-00010.jpg",511.066948022646,134.431809082381
136,"206_fs1-00010.jpg",510.63661476828,134.419839502533
137,"206_fs1-00010.jpg",510.206555742755,134.406701728203
138,"206_fs1-00010.jpg",509.77679023769,134.392296943514
139,"206_fs1-00010.jpg",509.347240545281,134.37652817347
140,"206_fs1-00010.jpg",508.917443266041,134.359333201782
141,"206_fs1-00010.jpg",508.487369115212,134.340680817447
142,"206_fs1-00010.jpg",508.057057792328,134.320540896579
143,"206_fs1-00010.jpg",507.626548996924,134.298883315292
144,"206_fs1-00010.jpg",507.195882428535,134.275677949699
145,"206_fs1-00010.jpg",506.765097786695,134.250894675915
146,"206_fs1-00010.jpg",506.334234770939,134.224503370054
147,"206_fs1-00010.jpg",505.903333080803,134.196473908231
148,"206_fs1-00010.jpg",505.47243241582,134.166776166558
149,"206_fs1-00010.jpg",505.041572475526,134.135380021151
150,"206_fs1-00010.jpg",504.610792959454,134.102255348123
151,"206_fs1-00010.jpg",504.180133567141,134.067372023589
152,"206_fs1-00010.jpg",503.74963399812,134.030699923662
153,"206_fs1-00010.jpg",503.319333951926,133.992208924456
154,"206_fs1-00010.jpg",502.889273128094,133.951868902087
155,"206_fs1-00010.jpg",502.459491226159,133.909649732667
156,"206_fs1-00010.jpg",502.030027945656,133.865521292311
157,"206_fs1-00010.jpg",501.600922986118,133.819453457133
158,"206_fs1-00010.jpg",501.172216047082,133.771416103247
159,"206_fs1-00010.jpg",500.743946828081,133.721379106767
160,"206_fs1-00010.jpg",500.31615502865,133.669312343807
161,"206_fs1-00010.jpg",499.888880348325,133.615185690482
162,"206_fs1-00010.jpg",499.462162486639,133.558969022905
163,"206_fs1-00010.jpg",499.036041143128,133.50063221719
164,"206_fs1-00010.jpg",498.610556017326,133.440145149453
165,"206_fs1-00010.jpg",498.185746808768,133.377477695805
166,"206_fs1-00010.jpg",497.761653216989,133.312599732363
167,"206_fs1-00010.jpg",497.338314941523,133.245481135239
168,"206_fs1-00010.jpg",496.91576949783,133.176091780548
169,"206_fs1-00010.jpg",496.493786150946,133.104401544404
170,"206_fs1-00010.jpg",496.072190661052,133.030380302922
171,"206_fs1-00010.jpg",495.650984695035,132.953997932214
172,"206_fs1-00010.jpg",495.23016991978,132.875224308396
173,"206_fs1-00010.jpg",494.809748002171,132.794029307581
174,"206_fs1-00010.jpg",494.389720609093,132.710382805884
175,"206_fs1-00010.jpg",493.970089407432,132.624254679418
176,"206_fs1-00010.jpg",493.550856064073,132.535614804297
177,"206_fs1-00010.jpg",493.1320222459,132.444433056637
178,"206_fs1-00010.jpg",492.7135896198,132.35067931255
179,"206_fs1-00010.jpg",492.295559852656,132.254323448151
180,"206_fs1-00010.jpg",491.877934611355,132.155335339554
181,"206_fs1-00010.jpg",491.46071556278,132.053684862873
182,"206_fs1-00010.jpg",491.043904373818,131.949341894222
183,"206_fs1-00010.jpg",490.627502711353,131.842276309715
184,"206_fs1-00010.jpg",490.21151224227,131.732457985467
185,"206_fs1-00010.jpg",489.795934633455,131.619856797591
186,"206_fs1-00010.jpg",489.380771551793,131.504442622202
187,"206_fs1-00010.jpg",488.966024664168,131.386185335413
188,"206_fs1-00010.jpg",488.551695637465,131.265054813339
189,"206_fs1-00010.jpg",488.137786138571,131.141020932093
190,"206_fs1-00010.jpg",487.724297834369,131.01405356779
191,"206_fs1-00010.jpg",487.311232391746,130.884122596545
192,"206_fs1-00010.jpg",486.898591477585,130.75119789447
193,"206_fs1-00010.jpg",486.486376758772,130.61524933768
194,"206_fs1-00010.jpg",486.074589902193,130.47624680229
195,"206_fs1-00010.jpg",485.663232574732,130.334160164413
196,"206_fs1-00010.jpg",485.252306443274,130.188959300163
197,"206_fs1-00010.jpg",484.841813174705,130.040614085654
198,"206_fs1-00010.jpg",484.431754435909,129.889094397002
199,"206_fs1-00010.jpg",484.022131893772,129.734370110318
200,"206_fs1-00010.jpg",483.612947215178,129.576411101719
1,"206_fs1-00011.jpg",577.333,148.5
2,"206_fs1-00011.jpg",576.855048826915,148.425544073325
3,"206_fs1-00011.jpg",576.377096237093,148.347830663413
4,"206_fs1-00011.jpg",575.89914222282,148.2669570826
5,"206_fs1-00011.jpg",575.421186776383,148.183020643223
6,"206_fs1-00011.jpg",574.943229890069,148.096118657616
7,"206_fs1-00011.jpg",574.465271556163,148.006348438115
8,"206_fs1-00011.jpg",573.987311766953,147.913807297058
9,"206_fs1-00011.jpg",573.509350514724,147.818592546778
10,"206_fs1-00011.jpg",573.031387791764,147.720801499613
11,"206_fs1-00011.jpg",572.553423590359,147.620531467898
12,"206_fs1-00011.jpg",572.075457902795,147.517879763969
13,"206_fs1-00011.jpg",571.597490721359,147.412943700161
14,"206_fs1-00011.jpg",571.119522038337,147.305820588811
15,"206_fs1-00011.jpg",570.641551846016,147.196607742255
16,"206_fs1-00011.jpg",570.163580136683,147.085402472827
17,"206_fs1-00011.jpg",569.685606902624,146.972302092865
18,"206_fs1-00011.jpg",569.207632136125,146.857403914703
19,"206_fs1-00011.jpg",568.729655829473,146.740805250679
20,"206_fs1-00011.jpg",568.251677974955,146.622603413126
21,"206_fs1-00011.jpg",567.773698564856,146.502895714382
22,"206_fs1-00011.jpg",567.295717591465,146.381779466783
23,"206_fs1-00011.jpg",566.817735047066,146.259351982663
24,"206_fs1-00011.jpg",566.339750923947,146.135710574359
25,"206_fs1-00011.jpg",565.861765214393,146.010952554207
26,"206_fs1-00011.jpg",565.383777910693,145.885175234543
27,"206_fs1-00011.jpg",564.905789005131,145.758475927702
28,"206_fs1-00011.jpg",564.427798489996,145.63095194602
29,"206_fs1-00011.jpg",563.949806357572,145.502700601833
30,"206_fs1-00011.jpg",563.471812600147,145.373819207478
31,"206_fs1-00011.jpg",562.993817210007,145.244405075288
32,"206_fs1-00011.jpg",562.515820179438,145.114555517602
33,"206_fs1-00011.jpg",562.037821500728,144.984367846754
34,"206_fs1-00011.jpg",561.559834365355,144.85393937508
35,"206_fs1-00011.jpg",561.082058021817,144.723367414916
36,"206_fs1-00011.jpg",560.604541951526,144.592749278598
37,"206_fs1-00011.jpg",560.127263279902,144.462182278462
38,"206_fs1-00011.jpg",559.650199132366,144.331763726844
39,"206_fs1-00011.jpg",559.173326634338,144.201590936079
40,"206_fs1-00011.jpg",558.696622911241,144.071761218503
41,"206_fs1-00011.jpg",558.220065088493,143.942371886452
42,"206_fs1-00011.jpg",557.743630291517,143.813520252262
43,"206_fs1-00011.jpg",557.267295645734,143.68530362827
44,"206_fs1-00011.jpg",556.791038276564,143.557819326809
45,"206_fs1-00011.jpg",556.314835309428,143.431164660217
46,"206_fs1-00011.jpg",555.838663869747,143.30543694083
47,"206_fs1-00011.jpg",555.362501082942,143.180733480982
48,"206_fs1-00011.jpg",554.886324074434,143.057151593011
49,"206_fs1-00011.jpg",554.410109969644,142.934788589251
50,"206_fs1-00011.jpg",553.933835893993,142.813741782039
51,"206_fs1-00011.jpg",553.457478972901,142.69410848371
52,"206_fs1-00011.jpg",552.98101633179,142.5759860066
53,"206_fs1-00011.jpg",552.50442509608,142.459471663046
54,"206_fs1-00011.jpg",552.027682391192,142.344662765383
55,"206_fs1-00011.jpg",551.550765342548,142.231656625946
56,"206_fs1-00011.jpg",551.073651075568,142.120550557072
57,"206_fs1-00011.jpg",550.596316715673,142.011441871097
58,"206_fs1-00011.jpg",550.118739388285,141.904427880356
59,"206_fs1-00011.jpg",549.640896218822,141.799605897185
60,"206_fs1-00011.jpg",549.162764332708,141.69707323392
61,"206_fs1-00011.jpg",548.684320855363,141.596927202897
62,"206_fs1-00011.jpg",548.205542912207,141.499265116452
63,"206_fs1-00011.jpg",547.726407628662,141.40418428692
64,"206_fs1-00011.jpg",547.246892130148,141.311782026637
65,"206_fs1-00011.jpg",546.766973542086,141.222155647939
66,"206_fs1-00011.jpg",546.286628989898,141.135402463163
67,"206_fs1-00011.jpg",545.805835599004,141.051619784643
68,"206_fs1-00011.jpg",545.324570494825,140.970904924716
69,"206_fs1-00011.jpg",544.842810802782,140.893355195718
70,"206_fs1-00011.jpg",544.360533648296,140.819067909984
71,"206_fs1-00011.jpg",543.877716156787,140.74814037985
72,"206_fs1-00011.jpg",543.39433506251,140.680669898353
73,"206_fs1-00011.jpg",542.910299392529,140.616696493305
74,"206_fs1-00011.jpg",542.425577901399,140.556076925449
75,"206_fs1-00011.jpg",541.940207839526,140.498631370053
76,"206_fs1-00011.jpg",541.454226457316,140.444180002386
77,"206_fs1-00011.jpg",540.967671005175,140.392542997716
78,"206_fs1-00011.jpg",540.480578733509,140.343540531312
79,"206_fs1-00011.jpg",539.992986892726,140.296992778442
80,"206_fs1-00011.jpg",539.504932733229,140.252719914374
81,"206_fs1-00011.jpg",539.016453505427,140.210542114378
82,"206_fs1-00011.jpg",538.527586459725,140.170279553722
83,"206_fs1-00011.jpg",538.038368846529,140.131752407673
84,"206_fs1-00011.jpg",537.548837916246,140.094780851502
85,"206_fs1-00011.jpg",537.059030919281,140.059185060476
86,"206_fs1-00011.jpg",536.568985106041,140.024785209863
87,"206_fs1-00011.jpg",536.078737726932,139.991401474933
88,"206_fs1-00011.jpg",535.58832603236,139.958854030953
89,"206_fs1-00011.jpg",535.097787272731,139.926963053192
90,"206_fs1-00011.jpg",534.607158698452,139.89554871692
91,"206_fs1-00011.jpg",534.116477559928,139.864431197403
92,"206_fs1-00011.jpg",533.625781107567,139.833430669911
93,"206_fs1-00011.jpg",533.135106591773,139.802367309713
94,"206_fs1-00011.jpg",532.644491262954,139.771061292076
95,"206_fs1-00011.jpg",532.153972371514,139.739332792269
96,"206_fs1-00011.jpg",531.663587167862,139.707001985561
97,"206_fs1-00011.jpg",531.173372902402,139.67388904722
98,"206_fs1-00011.jpg",530.683366825541,139.639814152515
99,"206_fs1-00011.jpg",530.193606187685,139.604597476714
100,"206_fs1-00011.jpg",529.70412823924,139.568059195086
101,"206_fs1-00011.jpg",529.214970230613,139.530019482898
102,"206_fs1-00011.jpg",528.726169412209,139.490298515421
103,"206_fs1-00011.jpg",528.237634000516,139.448745049818
104,"206_fs1-00011.jpg",527.749139805803,139.405399715583
105,"206_fs1-00011.jpg",527.260680401557,139.360382106492
106,"206_fs1-00011.jpg",526.772254571282,139.313812060661
107,"206_fs1-00011.jpg",526.283861098481,139.265809416208
108,"206_fs1-00011.jpg",525.795498766657,139.216494011248
109,"206_fs1-00011.jpg",525.307166359313,139.165985683898
110,"206_fs1-00011.jpg",524.818862659953,139.114404272274
111,"206_fs1-00011.jpg",524.33058645208,139.061869614494
112,"206_fs1-00011.jpg",523.842336519197,139.008501548672
113,"206_fs1-00011.jpg",523.354111644807,138.954419912926
114,"206_fs1-00011.jpg",522.865910612414,138.899744545371
115,"206_fs1-00011.jpg",522.37773220552,138.844595284126
116,"206_fs1-00011.jpg",521.889575207629,138.789091967305
117,"206_fs1-00011.jpg",521.401438402244,138.733354433026
118,"206_fs1-00011.jpg",520.913320572869,138.677502519404
119,"206_fs1-00011.jpg",520.425220503006,138.621656064557
120,"206_fs1-00011.jpg",519.937136976158,138.5659349066
121,"206_fs1-00011.jpg",519.44906877583,138.51045888365
122,"206_fs1-00011.jpg",518.961014685524,138.455347833824
123,"206_fs1-00011.jpg",518.472973488743,138.400721595238
124,"206_fs1-00011.jpg",517.98494396899,138.346700006008
125,"206_fs1-00011.jpg",517.49692490977,138.293402904251
126,"206_fs1-00011.jpg",517.008915094584,138.240950128084
127,"206_fs1-00011.jpg",516.520913306937,138.189461515621
128,"206_fs1-00011.jpg",516.032918330331,138.139056904982
129,"206_fs1-00011.jpg",515.54492894827,138.08985613428
130,"206_fs1-00011.jpg",515.056943944257,138.041979041634
131,"206_fs1-00011.jpg",514.568962101794,137.995545465159
132,"206_fs1-00011.jpg",514.080982204386,137.950675242971
133,"206_fs1-00011.jpg",513.593003035536,137.907488213189
134,"206_fs1-00011.jpg",513.105023378746,137.866104213926
135,"206_fs1-00011.jpg",512.61704201752,137.826643083301
136,"206_fs1-00011.jpg",512.129057735362,137.78922465943
137,"206_fs1-00011.jpg",511.641069315773,137.753968780428
138,"206_fs1-00011.jpg",511.153075542259,137.720995284414
139,"206_fs1-00011.jpg",510.665075198321,137.690424009501
140,"206_fs1-00011.jpg",510.176734333974,137.662344743083
141,"206_fs1-00011.jpg",509.686964559933,137.636462907023
142,"206_fs1-00011.jpg",509.195870261544,137.612218232291
143,"206_fs1-00011.jpg",508.703665043237,137.589045153268
144,"206_fs1-00011.jpg",508.210562509443,137.566378104332
145,"206_fs1-00011.jpg",507.716776264592,137.543651519864
146,"206_fs1-00011.jpg",507.222519913116,137.520299834243
147,"206_fs1-00011.jpg",506.728007059445,137.495757481849
148,"206_fs1-00011.jpg",506.233451308009,137.469458897061
149,"206_fs1-00011.jpg",505.73906626324,137.44083851426
150,"206_fs1-00011.jpg",505.245065529567,137.409330767825
151,"206_fs1-00011.jpg",504.751662711423,137.374370092136
152,"206_fs1-00011.jpg",504.259071413236,137.335390921572
153,"206_fs1-00011.jpg",503.767505239438,137.291827690513
154,"206_fs1-00011.jpg",503.27717779446,137.243114833339
155,"206_fs1-00011.jpg",502.788302682732,137.188686784429
156,"206_fs1-00011.jpg",502.301093508684,137.127977978163
157,"206_fs1-00011.jpg",501.815763876749,137.060422848922
158,"206_fs1-00011.jpg",501.332527391355,136.985455831084
159,"206_fs1-00011.jpg",500.851597656934,136.902511359029
160,"206_fs1-00011.jpg",500.373188277917,136.811023867137
161,"206_fs1-00011.jpg",499.897512858733,136.710427789787
162,"206_fs1-00011.jpg",499.424785003815,136.60015756136
163,"206_fs1-00011.jpg",498.955218317592,136.479647616235
164,"206_fs1-00011.jpg",498.488662385021,136.348498335805
165,"206_fs1-00011.jpg",498.024720030108,136.20700320676
166,"206_fs1-00011.jpg",497.563261764371,136.055636642258
167,"206_fs1-00011.jpg",497.104158165222,135.894873055975
168,"206_fs1-00011.jpg",496.647279810073,135.725186861588
169,"206_fs1-00011.jpg",496.192497276335,135.547052472772
170,"206_fs1-00011.jpg",495.73968114142,135.360944303203
171,"206_fs1-00011.jpg",495.28870198274,135.167336766559
172,"206_fs1-00011.jpg",494.839430377707,134.966704276514
173,"206_fs1-00011.jpg",494.391736903732,134.759521246745
174,"206_fs1-00011.jpg",493.945492138227,134.546262090929
175,"206_fs1-00011.jpg",493.500566658603,134.32740122274
176,"206_fs1-00011.jpg",493.056831042273,134.103413055856
177,"206_fs1-00011.jpg",492.614155866649,133.874772003953
178,"206_fs1-00011.jpg",492.172411709141,133.641952480706
179,"206_fs1-00011.jpg",491.731478974085,133.405428899792
180,"206_fs1-00011.jpg",491.291443222631,133.165675674887
181,"206_fs1-00011.jpg",490.852374509138,132.923167219667
182,"206_fs1-00011.jpg",490.414291441465,132.678377947809
183,"206_fs1-00011.jpg",489.977212627467,132.431782272987
184,"206_fs1-00011.jpg",489.541156675005,132.183854608879
185,"206_fs1-00011.jpg",489.106142191935,131.935069369161
186,"206_fs1-00011.jpg",488.672187786115,131.685900967508
187,"206_fs1-00011.jpg",488.239312065403,131.436823817597
188,"206_fs1-00011.jpg",487.807533637657,131.188312333105
189,"206_fs1-00011.jpg",487.376871110736,130.940840927706
190,"206_fs1-00011.jpg",486.947343092495,130.694884015077
191,"206_fs1-00011.jpg",486.518968190795,130.450916008895
192,"206_fs1-00011.jpg",486.091765013492,130.209411322836
193,"206_fs1-00011.jpg",485.665752168445,129.970844370575
194,"206_fs1-00011.jpg",485.240948263511,129.735689565789
195,"206_fs1-00011.jpg",484.817371906547,129.504421322154
196,"206_fs1-00011.jpg",484.395041705413,129.277514053346
197,"206_fs1-00011.jpg",483.973976267966,129.055442173041
198,"206_fs1-00011.jpg",483.554194202063,128.838680094915
199,"206_fs1-00011.jpg",483.135714115563,128.627702232645
200,"206_fs1-00011.jpg",482.718554616323,128.422982999906
