"points","Image","X","Y"
1,"207_fs2-00001.jpg",449,262.5
2,"207_fs2-00001.jpg",449.70995909072,262.55474405106
3,"207_fs2-00001.jpg",450.419862149612,262.612029884791
4,"207_fs2-00001.jpg",451.129709156935,262.671804359942
5,"207_fs2-00001.jpg",451.839500092947,262.734014335261
6,"207_fs2-00001.jpg",452.549234937907,262.798606669499
7,"207_fs2-00001.jpg",453.258913672075,262.865528221403
8,"207_fs2-00001.jpg",453.968536275708,262.934725849722
9,"207_fs2-00001.jpg",454.678102729066,263.006146413205
10,"207_fs2-00001.jpg",455.387613012407,263.079736770601
11,"207_fs2-00001.jpg",456.097067105991,263.155443780659
12,"207_fs2-00001.jpg",456.806464990075,263.233214302127
13,"207_fs2-00001.jpg",457.515806644919,263.312995193754
14,"207_fs2-00001.jpg",458.225092050781,263.394733314288
15,"207_fs2-00001.jpg",458.93432118792,263.47837552248
16,"207_fs2-00001.jpg",459.643494036594,263.563868677077
17,"207_fs2-00001.jpg",460.352610577064,263.651159636828
18,"207_fs2-00001.jpg",461.061670789587,263.740195260482
19,"207_fs2-00001.jpg",461.770674654422,263.830922406789
20,"207_fs2-00001.jpg",462.479622151827,263.923287934495
21,"207_fs2-00001.jpg",463.188513262063,264.017238702351
22,"207_fs2-00001.jpg",463.897347965386,264.112721569105
23,"207_fs2-00001.jpg",464.606126242057,264.209683393506
24,"207_fs2-00001.jpg",465.314848072334,264.308071034303
25,"207_fs2-00001.jpg",466.023513436475,264.407831350244
26,"207_fs2-00001.jpg",466.732122314739,264.508911200079
27,"207_fs2-00001.jpg",467.440674687386,264.611257442555
28,"207_fs2-00001.jpg",468.149170534673,264.714816936422
29,"207_fs2-00001.jpg",468.85760983686,264.819536540429
30,"207_fs2-00001.jpg",469.565992574206,264.925363113325
31,"207_fs2-00001.jpg",470.274318726969,265.032243513857
32,"207_fs2-00001.jpg",470.982588275407,265.140124600775
33,"207_fs2-00001.jpg",471.69080119978,265.248953232829
34,"207_fs2-00001.jpg",472.398957480347,265.358676268765
35,"207_fs2-00001.jpg",473.107057097365,265.469240567334
36,"207_fs2-00001.jpg",473.815100031095,265.580592987284
37,"207_fs2-00001.jpg",474.523086261794,265.692680387364
38,"207_fs2-00001.jpg",475.231015769721,265.805449626322
39,"207_fs2-00001.jpg",475.938888535136,265.918847562908
40,"207_fs2-00001.jpg",476.646704538296,266.032821055869
41,"207_fs2-00001.jpg",477.354463759462,266.147316963956
42,"207_fs2-00001.jpg",478.06216617889,266.262282145917
43,"207_fs2-00001.jpg",478.769763448496,266.3776634605
44,"207_fs2-00001.jpg",479.47715703508,266.493407766454
45,"207_fs2-00001.jpg",480.184354820911,266.609461922529
46,"207_fs2-00001.jpg",480.891368374922,266.725772787472
47,"207_fs2-00001.jpg",481.598209266048,266.842287220033
48,"207_fs2-00001.jpg",482.304889063222,266.95895207896
49,"207_fs2-00001.jpg",483.01141933538,267.075714223003
50,"207_fs2-00001.jpg",483.717811651454,267.192520510909
51,"207_fs2-00001.jpg",484.424077580379,267.309317801429
52,"207_fs2-00001.jpg",485.130228691089,267.426052953309
53,"207_fs2-00001.jpg",485.836276552518,267.5426728253
54,"207_fs2-00001.jpg",486.5422327336,267.65912427615
55,"207_fs2-00001.jpg",487.24810880327,267.775354164609
56,"207_fs2-00001.jpg",487.953916330461,267.891309349423
57,"207_fs2-00001.jpg",488.659666884107,268.006936689343
58,"207_fs2-00001.jpg",489.365372033143,268.122183043118
59,"207_fs2-00001.jpg",490.071043346502,268.236995269495
60,"207_fs2-00001.jpg",490.776692393119,268.351320227224
61,"207_fs2-00001.jpg",491.482330741928,268.465104775054
62,"207_fs2-00001.jpg",492.187969961863,268.578295771733
63,"207_fs2-00001.jpg",492.893621621858,268.69084007601
64,"207_fs2-00001.jpg",493.599297290847,268.802684546634
65,"207_fs2-00001.jpg",494.305008537764,268.913776042353
66,"207_fs2-00001.jpg",495.010766931543,269.024061421917
67,"207_fs2-00001.jpg",495.716584041118,269.133487544075
68,"207_fs2-00001.jpg",496.422471435424,269.242001267574
69,"207_fs2-00001.jpg",497.128440683394,269.349549451164
70,"207_fs2-00001.jpg",497.834503353963,269.456078953593
71,"207_fs2-00001.jpg",498.540671016064,269.561536633611
72,"207_fs2-00001.jpg",499.246955238633,269.665869349966
73,"207_fs2-00001.jpg",499.953367590602,269.769023961408
74,"207_fs2-00001.jpg",500.659919640905,269.870947326683
75,"207_fs2-00001.jpg",501.366622958478,269.971586304542
76,"207_fs2-00001.jpg",502.073489112254,270.070887753734
77,"207_fs2-00001.jpg",502.780529671167,270.168798533006
78,"207_fs2-00001.jpg",503.487756204151,270.265265501108
79,"207_fs2-00001.jpg",504.195180280141,270.360235516789
80,"207_fs2-00001.jpg",504.90281346807,270.453655438797
81,"207_fs2-00001.jpg",505.610667336872,270.545472125882
82,"207_fs2-00001.jpg",506.318753455482,270.635632436791
83,"207_fs2-00001.jpg",507.027083392834,270.724083230274
84,"207_fs2-00001.jpg",507.735667961338,270.810771516256
85,"207_fs2-00001.jpg",508.44448381313,270.895686251895
86,"207_fs2-00001.jpg",509.153508871372,270.978915387294
87,"207_fs2-00001.jpg",509.86273447955,271.060561146447
88,"207_fs2-00001.jpg",510.572151981151,271.140725753347
89,"207_fs2-00001.jpg",511.281752719659,271.219511431988
90,"207_fs2-00001.jpg",511.991528038562,271.297020406365
91,"207_fs2-00001.jpg",512.701469281344,271.373354900471
92,"207_fs2-00001.jpg",513.411567791492,271.4486171383
93,"207_fs2-00001.jpg",514.121814912491,271.522909343846
94,"207_fs2-00001.jpg",514.832201987828,271.596333741103
95,"207_fs2-00001.jpg",515.542720360988,271.668992554065
96,"207_fs2-00001.jpg",516.253361375457,271.740988006726
97,"207_fs2-00001.jpg",516.964116374722,271.81242232308
98,"207_fs2-00001.jpg",517.674976702267,271.883397727121
99,"207_fs2-00001.jpg",518.38593370158,271.954016442843
100,"207_fs2-00001.jpg",519.096978716145,272.024380694239
101,"207_fs2-00001.jpg",519.808103089449,272.094592705304
102,"207_fs2-00001.jpg",520.519298164977,272.164754700032
103,"207_fs2-00001.jpg",521.230555286216,272.234968902417
104,"207_fs2-00001.jpg",521.941865796651,272.305337536451
105,"207_fs2-00001.jpg",522.653221039768,272.375962826131
106,"207_fs2-00001.jpg",523.364612359054,272.446946995449
107,"207_fs2-00001.jpg",524.076031097993,272.518392268399
108,"207_fs2-00001.jpg",524.787468600073,272.590400868975
109,"207_fs2-00001.jpg",525.498916208778,272.663075021172
110,"207_fs2-00001.jpg",526.210365267595,272.736516948983
111,"207_fs2-00001.jpg",526.921807120009,272.810828876402
112,"207_fs2-00001.jpg",527.633233109506,272.886113027423
113,"207_fs2-00001.jpg",528.344634579573,272.962471626041
114,"207_fs2-00001.jpg",529.056002873696,273.040006896248
115,"207_fs2-00001.jpg",529.767329335359,273.118821062039
116,"207_fs2-00001.jpg",530.478605308049,273.199016347408
117,"207_fs2-00001.jpg",531.189822135252,273.280694976349
118,"207_fs2-00001.jpg",531.900971160454,273.363959172856
119,"207_fs2-00001.jpg",532.612043727141,273.448911160922
120,"207_fs2-00001.jpg",533.323034371564,273.535649462579
121,"207_fs2-00001.jpg",534.033967948653,273.624133022901
122,"207_fs2-00001.jpg",534.744856102972,273.714141941353
123,"207_fs2-00001.jpg",535.455704441195,273.805444610089
124,"207_fs2-00001.jpg",536.166518569995,273.897809421261
125,"207_fs2-00001.jpg",536.877304096045,273.991004767023
126,"207_fs2-00001.jpg",537.588066626019,274.084799039528
127,"207_fs2-00001.jpg",538.298811766591,274.178960630929
128,"207_fs2-00001.jpg",539.009545124435,274.273257933381
129,"207_fs2-00001.jpg",539.720272306222,274.367459339036
130,"207_fs2-00001.jpg",540.430998918628,274.461333240047
131,"207_fs2-00001.jpg",541.141730568326,274.554648028568
132,"207_fs2-00001.jpg",541.852472861988,274.647172096752
133,"207_fs2-00001.jpg",542.563231406289,274.738673836753
134,"207_fs2-00001.jpg",543.274011807902,274.828921640724
135,"207_fs2-00001.jpg",543.984819673499,274.917683900817
136,"207_fs2-00001.jpg",544.695660609756,275.004729009187
137,"207_fs2-00001.jpg",545.406540223346,275.089825357987
138,"207_fs2-00001.jpg",546.117464120941,275.17274133937
139,"207_fs2-00001.jpg",546.828437909217,275.253245345489
140,"207_fs2-00001.jpg",547.539467194843,275.331105768498
141,"207_fs2-00001.jpg",548.250557584498,275.40609100055
142,"207_fs2-00001.jpg",548.96171468485,275.477969433799
143,"207_fs2-00001.jpg",549.672944102578,275.546509460397
144,"207_fs2-00001.jpg",550.384251444351,275.611479472498
145,"207_fs2-00001.jpg",551.095642316845,275.672647862255
146,"207_fs2-00001.jpg",551.807122326732,275.729783021822
147,"207_fs2-00001.jpg",552.518697080686,275.782653343352
148,"207_fs2-00001.jpg",553.230372185383,275.831027218998
149,"207_fs2-00001.jpg",553.942153247491,275.874673040914
150,"207_fs2-00001.jpg",554.654045873688,275.913359201252
151,"207_fs2-00001.jpg",555.366055670646,275.946854092167
152,"207_fs2-00001.jpg",556.078188245039,275.974926105812
153,"207_fs2-00001.jpg",556.79044920354,275.997343634339
154,"207_fs2-00001.jpg",557.502844152821,276.013875069902
155,"207_fs2-00001.jpg",558.215378699559,276.024288804655
156,"207_fs2-00001.jpg",558.929119768241,276.028472690723
157,"207_fs2-00001.jpg",559.645425556716,276.026946628826
158,"207_fs2-00001.jpg",560.364059230852,276.020438773082
159,"207_fs2-00001.jpg",561.084772494836,276.009677405338
160,"207_fs2-00001.jpg",561.807317052851,275.995390807442
161,"207_fs2-00001.jpg",562.531444609082,275.978307261242
162,"207_fs2-00001.jpg",563.256906867713,275.959155048586
163,"207_fs2-00001.jpg",563.983455532931,275.938662451322
164,"207_fs2-00001.jpg",564.710842308919,275.917557751296
165,"207_fs2-00001.jpg",565.438818899863,275.896569230357
166,"207_fs2-00001.jpg",566.167137009948,275.876425170352
167,"207_fs2-00001.jpg",566.895548343356,275.857853853129
168,"207_fs2-00001.jpg",567.623804604276,275.841583560536
169,"207_fs2-00001.jpg",568.35165749689,275.82834257442
170,"207_fs2-00001.jpg",569.078858725383,275.818859176629
171,"207_fs2-00001.jpg",569.80515999394,275.813861649011
172,"207_fs2-00001.jpg",570.530313006748,275.814078273413
173,"207_fs2-00001.jpg",571.254069467989,275.820237331683
174,"207_fs2-00001.jpg",571.976181081848,275.833067105669
175,"207_fs2-00001.jpg",572.696399552511,275.853295877219
176,"207_fs2-00001.jpg",573.414476584162,275.881651928179
177,"207_fs2-00001.jpg",574.130163880988,275.918863540398
178,"207_fs2-00001.jpg",574.84321314717,275.965658995724
179,"207_fs2-00001.jpg",575.553376086896,276.022766576004
180,"207_fs2-00001.jpg",576.26040440435,276.090914563086
181,"207_fs2-00001.jpg",576.964049803714,276.170831238817
182,"207_fs2-00001.jpg",577.664063989178,276.263244885046
183,"207_fs2-00001.jpg",578.360198664922,276.368883783619
184,"207_fs2-00001.jpg",579.052205535134,276.488476216385
185,"207_fs2-00001.jpg",579.739836303998,276.622750465191
186,"207_fs2-00001.jpg",580.422842675698,276.772434811885
187,"207_fs2-00001.jpg",581.100976354419,276.938257538314
188,"207_fs2-00001.jpg",581.773986661664,277.120946926327
189,"207_fs2-00001.jpg",582.441244567338,277.321231257771
190,"207_fs2-00001.jpg",583.102660922973,277.539838814493
191,"207_fs2-00001.jpg",583.758615132858,277.777497878342
192,"207_fs2-00001.jpg",584.409486601288,278.034936731164
193,"207_fs2-00001.jpg",585.055654732553,278.312883654809
194,"207_fs2-00001.jpg",585.697498930945,278.612066931122
195,"207_fs2-00001.jpg",586.335398600756,278.933214841953
196,"207_fs2-00001.jpg",586.969733146278,279.277055669148
197,"207_fs2-00001.jpg",587.600881971803,279.644317694555
198,"207_fs2-00001.jpg",588.229224481624,280.035729200023
199,"207_fs2-00001.jpg",588.85514008003,280.452018467398
200,"207_fs2-00001.jpg",589.479008171316,280.893913778529
1,"207_fs2-00002.jpg",464,245.75
2,"207_fs2-00002.jpg",464.396678999728,246.184414612871
3,"207_fs2-00002.jpg",464.797889316789,246.627025719574
4,"207_fs2-00002.jpg",465.203571931429,247.077480195638
5,"207_fs2-00002.jpg",465.613667823889,247.53542491659
6,"207_fs2-00002.jpg",466.028117974414,248.000506757961
7,"207_fs2-00002.jpg",466.446863363247,248.472372595278
8,"207_fs2-00002.jpg",466.869844970631,248.95066930407
9,"207_fs2-00002.jpg",467.29700377681,249.435043759866
10,"207_fs2-00002.jpg",467.728280762027,249.925142838194
11,"207_fs2-00002.jpg",468.163616906525,250.420613414583
12,"207_fs2-00002.jpg",468.602953190549,250.921102364562
13,"207_fs2-00002.jpg",469.046230594342,251.426256563658
14,"207_fs2-00002.jpg",469.493390098146,251.935722887402
15,"207_fs2-00002.jpg",469.944372682206,252.449148211322
16,"207_fs2-00002.jpg",470.399119326765,252.966179410945
17,"207_fs2-00002.jpg",470.857571012066,253.486463361802
18,"207_fs2-00002.jpg",471.319668718353,254.00964693942
19,"207_fs2-00002.jpg",471.785353425869,254.535377019327
20,"207_fs2-00002.jpg",472.254566114858,255.063300477054
21,"207_fs2-00002.jpg",472.727247765562,255.593064188128
22,"207_fs2-00002.jpg",473.203339358227,256.124315028078
23,"207_fs2-00002.jpg",473.682781873094,256.656699872433
24,"207_fs2-00002.jpg",474.165516290407,257.189865596721
25,"207_fs2-00002.jpg",474.651483590411,257.723459076471
26,"207_fs2-00002.jpg",475.140624753347,258.257127187211
27,"207_fs2-00002.jpg",475.632880759461,258.79051680447
28,"207_fs2-00002.jpg",476.128192588994,259.323274803778
29,"207_fs2-00002.jpg",476.626501222192,259.855048060662
30,"207_fs2-00002.jpg",477.127747639296,260.385483450651
31,"207_fs2-00002.jpg",477.63187282055,260.914227849273
32,"207_fs2-00002.jpg",478.138817746199,261.440928132058
33,"207_fs2-00002.jpg",478.648523396485,261.965231174534
34,"207_fs2-00002.jpg",479.160930751651,262.48678385223
35,"207_fs2-00002.jpg",479.675980791942,263.005233040674
36,"207_fs2-00002.jpg",480.193614497601,263.520225615395
37,"207_fs2-00002.jpg",480.71377284887,264.031408451922
38,"207_fs2-00002.jpg",481.236396825994,264.538428425783
39,"207_fs2-00002.jpg",481.761427409217,265.040932412506
40,"207_fs2-00002.jpg",482.28880557878,265.538567287621
41,"207_fs2-00002.jpg",482.818472314929,266.030979926656
42,"207_fs2-00002.jpg",483.350368597905,266.51781720514
43,"207_fs2-00002.jpg",483.884435407954,266.998725998601
44,"207_fs2-00002.jpg",484.420613725317,267.473353182569
45,"207_fs2-00002.jpg",484.959291158108,267.941345632571
46,"207_fs2-00002.jpg",485.50429720143,268.402350224136
47,"207_fs2-00002.jpg",486.056318967253,268.856013832793
48,"207_fs2-00002.jpg",486.615102965939,269.301983334071
49,"207_fs2-00002.jpg",487.18039570785,269.739905603498
50,"207_fs2-00002.jpg",487.75194370335,270.169427516603
51,"207_fs2-00002.jpg",488.3294934628,270.590195948914
52,"207_fs2-00002.jpg",488.912791496564,271.001857775961
53,"207_fs2-00002.jpg",489.501584315004,271.404059873271
54,"207_fs2-00002.jpg",490.095618428483,271.796449116374
55,"207_fs2-00002.jpg",490.694640347362,272.178672380797
56,"207_fs2-00002.jpg",491.298396582006,272.550376542071
57,"207_fs2-00002.jpg",491.906633642775,272.911208475722
58,"207_fs2-00002.jpg",492.519098040034,273.260815057281
59,"207_fs2-00002.jpg",493.135536284144,273.598843162275
60,"207_fs2-00002.jpg",493.755694885468,273.924939666234
61,"207_fs2-00002.jpg",494.379320354369,274.238751444685
62,"207_fs2-00002.jpg",495.006159201209,274.539925373158
63,"207_fs2-00002.jpg",495.63595793635,274.828108327181
64,"207_fs2-00002.jpg",496.268463070156,275.102947182283
65,"207_fs2-00002.jpg",496.903421112989,275.364088813992
66,"207_fs2-00002.jpg",497.540578575212,275.611180097837
67,"207_fs2-00002.jpg",498.179681967187,275.843867909347
68,"207_fs2-00002.jpg",498.820477799276,276.06179912405
69,"207_fs2-00002.jpg",499.462712581843,276.264620617475
70,"207_fs2-00002.jpg",500.106132825249,276.451979265151
71,"207_fs2-00002.jpg",500.750613645869,276.623523370767
72,"207_fs2-00002.jpg",501.399412949798,276.779134226388
73,"207_fs2-00002.jpg",502.053842125204,276.919182262512
74,"207_fs2-00002.jpg",502.713627528916,277.044099584122
75,"207_fs2-00002.jpg",503.378495517764,277.154318296204
76,"207_fs2-00002.jpg",504.048172448577,277.250270503742
77,"207_fs2-00002.jpg",504.722384678186,277.33238831172
78,"207_fs2-00002.jpg",505.40085856342,277.401103825123
79,"207_fs2-00002.jpg",506.083320461109,277.456849148936
80,"207_fs2-00002.jpg",506.769496728081,277.500056388142
81,"207_fs2-00002.jpg",507.459113721167,277.531157647727
82,"207_fs2-00002.jpg",508.151897797197,277.550585032674
83,"207_fs2-00002.jpg",508.847575312999,277.558770647969
84,"207_fs2-00002.jpg",509.545872625404,277.556146598595
85,"207_fs2-00002.jpg",510.246516091241,277.543144989538
86,"207_fs2-00002.jpg",510.94923206734,277.520197925782
87,"207_fs2-00002.jpg",511.65374691053,277.48773751231
88,"207_fs2-00002.jpg",512.359786977642,277.446195854109
89,"207_fs2-00002.jpg",513.067078625503,277.396005056161
90,"207_fs2-00002.jpg",513.775348210946,277.337597223452
91,"207_fs2-00002.jpg",514.484322090798,277.271404460966
92,"207_fs2-00002.jpg",515.193726621889,277.197858873688
93,"207_fs2-00002.jpg",515.90328816105,277.117392566601
94,"207_fs2-00002.jpg",516.612733065109,277.030437644691
95,"207_fs2-00002.jpg",517.321787690896,276.937426212942
96,"207_fs2-00002.jpg",518.030178395242,276.838790376339
97,"207_fs2-00002.jpg",518.737631534975,276.734962239865
98,"207_fs2-00002.jpg",519.443873466925,276.626373908506
99,"207_fs2-00002.jpg",520.148630547922,276.513457487246
100,"207_fs2-00002.jpg",520.851629134795,276.396645081069
101,"207_fs2-00002.jpg",521.552595584375,276.27636879496
102,"207_fs2-00002.jpg",522.25125625349,276.153060733903
103,"207_fs2-00002.jpg",522.94733749897,276.027153002883
104,"207_fs2-00002.jpg",523.640565677645,275.899077706884
105,"207_fs2-00002.jpg",524.330667146344,275.769266950891
106,"207_fs2-00002.jpg",525.017525753051,275.638149965508
107,"207_fs2-00002.jpg",525.702768927895,275.506010432125
108,"207_fs2-00002.jpg",526.386951100841,275.372920679094
109,"207_fs2-00002.jpg",527.070143190673,275.238936422875
110,"207_fs2-00002.jpg",527.752416116177,275.104113379928
111,"207_fs2-00002.jpg",528.433840796138,274.968507266714
112,"207_fs2-00002.jpg",529.114488149342,274.832173799692
113,"207_fs2-00002.jpg",529.794429094573,274.695168695322
114,"207_fs2-00002.jpg",530.473734550616,274.557547670064
115,"207_fs2-00002.jpg",531.152475436257,274.419366440378
116,"207_fs2-00002.jpg",531.830722670282,274.280680722724
117,"207_fs2-00002.jpg",532.508547171474,274.141546233562
118,"207_fs2-00002.jpg",533.186019858621,274.002018689353
119,"207_fs2-00002.jpg",533.863211650505,273.862153806555
120,"207_fs2-00002.jpg",534.540193465914,273.72200730163
121,"207_fs2-00002.jpg",535.217036223632,273.581634891036
122,"207_fs2-00002.jpg",535.893810842444,273.441092291235
123,"207_fs2-00002.jpg",536.570588241136,273.300435218686
124,"207_fs2-00002.jpg",537.247439338493,273.159719389848
125,"207_fs2-00002.jpg",537.924435053299,273.019000521183
126,"207_fs2-00002.jpg",538.601646304341,272.878334329149
127,"207_fs2-00002.jpg",539.279144010403,272.737776530207
128,"207_fs2-00002.jpg",539.95699909027,272.597382840818
129,"207_fs2-00002.jpg",540.635282462729,272.45720897744
130,"207_fs2-00002.jpg",541.314065046564,272.317310656534
131,"207_fs2-00002.jpg",541.99341776056,272.17774359456
132,"207_fs2-00002.jpg",542.673411523502,272.038563507978
133,"207_fs2-00002.jpg",543.354117254176,271.899826113247
134,"207_fs2-00002.jpg",544.035605871367,271.761587126829
135,"207_fs2-00002.jpg",544.71794829386,271.623902265182
136,"207_fs2-00002.jpg",545.401215440441,271.486827244767
137,"207_fs2-00002.jpg",546.085478598404,271.350417790015
138,"207_fs2-00002.jpg",546.770936839762,271.214803672289
139,"207_fs2-00002.jpg",547.457638942141,271.080369741973
140,"207_fs2-00002.jpg",548.145472771379,270.947555734751
141,"207_fs2-00002.jpg",548.83432619331,270.816801386307
142,"207_fs2-00002.jpg",549.524087073773,270.688546432325
143,"207_fs2-00002.jpg",550.214643278604,270.563230608491
144,"207_fs2-00002.jpg",550.905882673638,270.441293650487
145,"207_fs2-00002.jpg",551.597693124712,270.323175293999
146,"207_fs2-00002.jpg",552.289962497663,270.209315274712
147,"207_fs2-00002.jpg",552.982578658327,270.100153328309
148,"207_fs2-00002.jpg",553.675429472541,269.996129190474
149,"207_fs2-00002.jpg",554.368402806141,269.897682596893
150,"207_fs2-00002.jpg",555.061386524964,269.805253283249
151,"207_fs2-00002.jpg",555.754268494846,269.719280985227
152,"207_fs2-00002.jpg",556.446936581623,269.640205438511
153,"207_fs2-00002.jpg",557.139278651131,269.568466378786
154,"207_fs2-00002.jpg",557.831182569209,269.504503541736
155,"207_fs2-00002.jpg",558.522536201691,269.448756663045
156,"207_fs2-00002.jpg",559.213227414414,269.401665478398
157,"207_fs2-00002.jpg",559.903144073215,269.36366972348
158,"207_fs2-00002.jpg",560.59217404393,269.335209133973
159,"207_fs2-00002.jpg",561.280205192395,269.316723445564
160,"207_fs2-00002.jpg",561.967125384448,269.308652393936
161,"207_fs2-00002.jpg",562.652822485924,269.311435714774
162,"207_fs2-00002.jpg",563.33718436266,269.325513143761
163,"207_fs2-00002.jpg",564.020098880492,269.351324416583
164,"207_fs2-00002.jpg",564.701695593289,269.389303835538
165,"207_fs2-00002.jpg",565.384300893819,269.439641727201
166,"207_fs2-00002.jpg",566.068263356612,269.502191116858
167,"207_fs2-00002.jpg",566.753253997212,269.576780315252
168,"207_fs2-00002.jpg",567.438943831161,269.663237633129
169,"207_fs2-00002.jpg",568.125003874001,269.761391381229
170,"207_fs2-00002.jpg",568.811105141274,269.871069870299
171,"207_fs2-00002.jpg",569.496918648523,269.992101411079
172,"207_fs2-00002.jpg",570.18211541129,270.124314314316
173,"207_fs2-00002.jpg",570.866366445118,270.267536890751
174,"207_fs2-00002.jpg",571.549342765548,270.421597451128
175,"207_fs2-00002.jpg",572.230715388124,270.586324306191
176,"207_fs2-00002.jpg",572.910155328387,270.761545766683
177,"207_fs2-00002.jpg",573.587333601879,270.947090143348
178,"207_fs2-00002.jpg",574.261921224144,271.142785746929
179,"207_fs2-00002.jpg",574.933589210724,271.348460888171
180,"207_fs2-00002.jpg",575.60200857716,271.563943877815
181,"207_fs2-00002.jpg",576.266850338995,271.789063026606
182,"207_fs2-00002.jpg",576.927785511772,272.023646645288
183,"207_fs2-00002.jpg",577.584485111033,272.267523044603
184,"207_fs2-00002.jpg",578.236620152319,272.520520535296
185,"207_fs2-00002.jpg",578.883861651175,272.782467428109
186,"207_fs2-00002.jpg",579.525880623141,273.053192033787
187,"207_fs2-00002.jpg",580.162562211039,273.332522663072
188,"207_fs2-00002.jpg",580.794616007216,273.620287626709
189,"207_fs2-00002.jpg",581.42223931196,273.916315235441
190,"207_fs2-00002.jpg",582.045554742514,274.220433800011
191,"207_fs2-00002.jpg",582.664684916122,274.532471631163
192,"207_fs2-00002.jpg",583.279752450026,274.85225703964
193,"207_fs2-00002.jpg",583.890879961469,275.179618336186
194,"207_fs2-00002.jpg",584.498190067693,275.514383831544
195,"207_fs2-00002.jpg",585.101805385943,275.856381836458
196,"207_fs2-00002.jpg",585.70184853346,276.205440661672
197,"207_fs2-00002.jpg",586.298442127487,276.561388617928
198,"207_fs2-00002.jpg",586.891708785267,276.924054015971
199,"207_fs2-00002.jpg",587.481771124044,277.293265166543
200,"207_fs2-00002.jpg",588.068751761059,277.668850380389
1,"207_fs2-00003.jpg",472.75,225.5
2,"207_fs2-00003.jpg",472.950396252979,226.104918735223
3,"207_fs2-00003.jpg",473.150974244892,226.717344580408
4,"207_fs2-00003.jpg",473.351733150986,227.337042300171
5,"207_fs2-00003.jpg",473.55267214651,227.963776659127
6,"207_fs2-00003.jpg",473.753790406711,228.597312421891
7,"207_fs2-00003.jpg",473.955087106838,229.237414353078
8,"207_fs2-00003.jpg",474.156561422139,229.883847217304
9,"207_fs2-00003.jpg",474.35821252786,230.536375779184
10,"207_fs2-00003.jpg",474.560039599252,231.194764803333
11,"207_fs2-00003.jpg",474.76204181156,231.858779054366
12,"207_fs2-00003.jpg",474.964218340034,232.528183296899
13,"207_fs2-00003.jpg",475.166568359922,233.202742295547
14,"207_fs2-00003.jpg",475.36909104647,233.882220814925
15,"207_fs2-00003.jpg",475.571785574929,234.566383619648
16,"207_fs2-00003.jpg",475.774651120544,235.254995474331
17,"207_fs2-00003.jpg",475.977686858565,235.947821143591
18,"207_fs2-00003.jpg",476.180891964238,236.644625392041
19,"207_fs2-00003.jpg",476.384265612814,237.345172984298
20,"207_fs2-00003.jpg",476.587806979538,238.049228684976
21,"207_fs2-00003.jpg",476.79151523966,238.756557258691
22,"207_fs2-00003.jpg",476.995389568426,239.466923470058
23,"207_fs2-00003.jpg",477.199429141086,240.180092083692
24,"207_fs2-00003.jpg",477.403633132887,240.895827864208
25,"207_fs2-00003.jpg",477.608000719077,241.613895576223
26,"207_fs2-00003.jpg",477.812531074904,242.33405998435
27,"207_fs2-00003.jpg",478.017223375617,243.056085853205
28,"207_fs2-00003.jpg",478.222076796462,243.779737947403
29,"207_fs2-00003.jpg",478.427090512688,244.504781031561
30,"207_fs2-00003.jpg",478.632263699543,245.230979870292
31,"207_fs2-00003.jpg",478.837595532276,245.958099228212
32,"207_fs2-00003.jpg",479.043085186133,246.685903869936
33,"207_fs2-00003.jpg",479.248731836363,247.414158560081
34,"207_fs2-00003.jpg",479.454534658214,248.142628063259
35,"207_fs2-00003.jpg",479.660492826934,248.871077144088
36,"207_fs2-00003.jpg",479.866114179862,249.599270567183
37,"207_fs2-00003.jpg",480.067172377545,250.326973097157
38,"207_fs2-00003.jpg",480.263181399425,251.053949498628
39,"207_fs2-00003.jpg",480.45474516646,251.779964536209
40,"207_fs2-00003.jpg",480.642467599608,252.504782974517
41,"207_fs2-00003.jpg",480.826952619829,253.228169578166
42,"207_fs2-00003.jpg",481.008804148082,253.949889111772
43,"207_fs2-00003.jpg",481.188626105323,254.66970633995
44,"207_fs2-00003.jpg",481.367022412513,255.387386027315
45,"207_fs2-00003.jpg",481.544596990609,256.102692938483
46,"207_fs2-00003.jpg",481.721953760571,256.815391838068
47,"207_fs2-00003.jpg",481.899696643357,257.525247490686
48,"207_fs2-00003.jpg",482.078429559925,258.232024660952
49,"207_fs2-00003.jpg",482.258756431234,258.935488113482
50,"207_fs2-00003.jpg",482.441281178243,259.63540261289
51,"207_fs2-00003.jpg",482.62660772191,260.331532923792
52,"207_fs2-00003.jpg",482.815339983194,261.023643810803
53,"207_fs2-00003.jpg",483.008081883054,261.711500038539
54,"207_fs2-00003.jpg",483.205437342448,262.394866371614
55,"207_fs2-00003.jpg",483.408010282334,263.073507574643
56,"207_fs2-00003.jpg",483.616404623671,263.747188412243
57,"207_fs2-00003.jpg",483.831224287419,264.415673649028
58,"207_fs2-00003.jpg",484.053073194534,265.078728049614
59,"207_fs2-00003.jpg",484.282555265977,265.736116378615
60,"207_fs2-00003.jpg",484.520274422705,266.387603400648
61,"207_fs2-00003.jpg",484.766834585677,267.032953880326
62,"207_fs2-00003.jpg",485.022839675853,267.671932582266
63,"207_fs2-00003.jpg",485.288893614189,268.304304271083
64,"207_fs2-00003.jpg",485.565600321646,268.929833711392
65,"207_fs2-00003.jpg",485.85356371918,269.548285667808
66,"207_fs2-00003.jpg",486.153745984001,270.159424813547
67,"207_fs2-00003.jpg",486.478817031637,270.762994568719
68,"207_fs2-00003.jpg",486.833543571114,271.358689978423
69,"207_fs2-00003.jpg",487.216162572022,271.946199391448
70,"207_fs2-00003.jpg",487.62491100395,272.525211156584
71,"207_fs2-00003.jpg",488.058025836489,273.095413622621
72,"207_fs2-00003.jpg",488.51374403923,273.656495138347
73,"207_fs2-00003.jpg",488.990302581761,274.208144052554
74,"207_fs2-00003.jpg",489.485938433674,274.750048714029
75,"207_fs2-00003.jpg",489.998888564557,275.281897471563
76,"207_fs2-00003.jpg",490.527389944002,275.803378673945
77,"207_fs2-00003.jpg",491.069679541597,276.314180669964
78,"207_fs2-00003.jpg",491.623994326934,276.813991808411
79,"207_fs2-00003.jpg",492.188571269602,277.302500438074
80,"207_fs2-00003.jpg",492.761647339192,277.779394907742
81,"207_fs2-00003.jpg",493.341459505292,278.244363566207
82,"207_fs2-00003.jpg",493.926244737495,278.697094762257
83,"207_fs2-00003.jpg",494.514240005388,279.137276844681
84,"207_fs2-00003.jpg",495.103682278563,279.564598162269
85,"207_fs2-00003.jpg",495.69280852661,279.978747063811
86,"207_fs2-00003.jpg",496.279855719118,280.379411898096
87,"207_fs2-00003.jpg",496.86360602658,280.766281480059
88,"207_fs2-00003.jpg",497.45741989591,281.139120816405
89,"207_fs2-00003.jpg",498.066965775016,281.497854946461
90,"207_fs2-00003.jpg",498.691267667121,281.84242909882
91,"207_fs2-00003.jpg",499.329349575449,282.172788502075
92,"207_fs2-00003.jpg",499.980235503225,282.48887838482
93,"207_fs2-00003.jpg",500.642949453672,282.790643975649
94,"207_fs2-00003.jpg",501.316515430015,283.078030503155
95,"207_fs2-00003.jpg",501.999957435478,283.350983195931
96,"207_fs2-00003.jpg",502.692299473285,283.609447282571
97,"207_fs2-00003.jpg",503.392565546661,283.853367991669
98,"207_fs2-00003.jpg",504.099779658828,284.082690551817
99,"207_fs2-00003.jpg",504.812965813011,284.297360191609
100,"207_fs2-00003.jpg",505.531148012435,284.497322139639
101,"207_fs2-00003.jpg",506.253350260323,284.6825216245
102,"207_fs2-00003.jpg",506.9785965599,284.852903874786
103,"207_fs2-00003.jpg",507.70591091439,285.008414119089
104,"207_fs2-00003.jpg",508.434317327016,285.148997586004
105,"207_fs2-00003.jpg",509.162839801003,285.274599504124
106,"207_fs2-00003.jpg",509.890502339575,285.385165102042
107,"207_fs2-00003.jpg",510.616328945956,285.480639608352
108,"207_fs2-00003.jpg",511.339343623371,285.560968251647
109,"207_fs2-00003.jpg",512.058570375043,285.626096260521
110,"207_fs2-00003.jpg",512.773033204196,285.675968863567
111,"207_fs2-00003.jpg",513.481756114054,285.710531289379
112,"207_fs2-00003.jpg",514.183763107843,285.729728766549
113,"207_fs2-00003.jpg",514.878078188785,285.733506523673
114,"207_fs2-00003.jpg",515.566757821875,285.721813992099
115,"207_fs2-00003.jpg",516.259903294829,285.694655154293
116,"207_fs2-00003.jpg",516.957834548512,285.652072094147
117,"207_fs2-00003.jpg",517.659892323679,285.594107674959
118,"207_fs2-00003.jpg",518.365417361083,285.520804760026
119,"207_fs2-00003.jpg",519.073750401476,285.432206212646
120,"207_fs2-00003.jpg",519.784232185612,285.328354896117
121,"207_fs2-00003.jpg",520.496203454245,285.209293673736
122,"207_fs2-00003.jpg",521.209004948126,285.075065408801
123,"207_fs2-00003.jpg",521.921977408009,284.92571296461
124,"207_fs2-00003.jpg",522.634461574649,284.761279204461
125,"207_fs2-00003.jpg",523.345798188796,284.58180699165
126,"207_fs2-00003.jpg",524.055327991206,284.387339189477
127,"207_fs2-00003.jpg",524.762391722631,284.177918661238
128,"207_fs2-00003.jpg",525.466330123824,283.953588270232
129,"207_fs2-00003.jpg",526.166483935538,283.714390879755
130,"207_fs2-00003.jpg",526.862193898527,283.460369353106
131,"207_fs2-00003.jpg",527.552800753544,283.191566553583
132,"207_fs2-00003.jpg",528.237645241342,282.908025344483
133,"207_fs2-00003.jpg",528.916068102674,282.609788589104
134,"207_fs2-00003.jpg",529.587410078293,282.296899150743
135,"207_fs2-00003.jpg",530.251011908952,281.969399892699
136,"207_fs2-00003.jpg",530.906214335405,281.627333678269
137,"207_fs2-00003.jpg",531.552358098405,281.27074337075
138,"207_fs2-00003.jpg",532.188783938705,280.899671833441
139,"207_fs2-00003.jpg",532.814832597057,280.514161929639
140,"207_fs2-00003.jpg",533.429844814217,280.114256522642
141,"207_fs2-00003.jpg",534.033161330936,279.699998475747
142,"207_fs2-00003.jpg",534.623866737755,279.271438584892
143,"207_fs2-00003.jpg",535.198799402688,278.829076620476
144,"207_fs2-00003.jpg",535.758454454815,278.374093175755
145,"207_fs2-00003.jpg",536.304443083403,277.907725680815
146,"207_fs2-00003.jpg",536.838376477715,277.431211565743
147,"207_fs2-00003.jpg",537.361865827015,276.945788260628
148,"207_fs2-00003.jpg",537.876522320568,276.452693195556
149,"207_fs2-00003.jpg",538.383957147638,275.953163800615
150,"207_fs2-00003.jpg",538.88578149749,275.448437505892
151,"207_fs2-00003.jpg",539.383606559387,274.939751741473
152,"207_fs2-00003.jpg",539.879043522595,274.428343937448
153,"207_fs2-00003.jpg",540.373703576377,273.915451523902
154,"207_fs2-00003.jpg",540.869197909998,273.402311930923
155,"207_fs2-00003.jpg",541.367137712722,272.890162588598
156,"207_fs2-00003.jpg",541.869134173813,272.380240927015
157,"207_fs2-00003.jpg",542.376798482536,271.873784376262
158,"207_fs2-00003.jpg",542.891741828155,271.372030366424
159,"207_fs2-00003.jpg",543.415575399935,270.87621632759
160,"207_fs2-00003.jpg",543.949910387139,270.387579689846
161,"207_fs2-00003.jpg",544.496357979032,269.907357883281
162,"207_fs2-00003.jpg",545.056529364879,269.436788337981
163,"207_fs2-00003.jpg",545.631549381731,268.977100859557
164,"207_fs2-00003.jpg",546.216880169563,268.529140249356
165,"207_fs2-00003.jpg",546.810702466976,268.093192862033
166,"207_fs2-00003.jpg",547.412619786613,267.669501228197
167,"207_fs2-00003.jpg",548.022235641118,267.258307878458
168,"207_fs2-00003.jpg",548.639153543134,266.859855343426
169,"207_fs2-00003.jpg",549.262977005305,266.474386153712
170,"207_fs2-00003.jpg",549.893309540275,266.102142839923
171,"207_fs2-00003.jpg",550.529754660687,265.743367932672
172,"207_fs2-00003.jpg",551.171915879187,265.398303962567
173,"207_fs2-00003.jpg",551.819396708416,265.067193460218
174,"207_fs2-00003.jpg",552.471800661019,264.750278956236
175,"207_fs2-00003.jpg",553.12873124964,264.447802981229
176,"207_fs2-00003.jpg",553.789791986922,264.160008065808
177,"207_fs2-00003.jpg",554.45458638551,263.887136740583
178,"207_fs2-00003.jpg",555.122717958046,263.629431536164
179,"207_fs2-00003.jpg",555.793790217175,263.387134983159
180,"207_fs2-00003.jpg",556.467406675541,263.16048961218
181,"207_fs2-00003.jpg",557.143170845786,262.949737953837
182,"207_fs2-00003.jpg",557.820686240555,262.755122538737
183,"207_fs2-00003.jpg",558.499556372493,262.576885897493
184,"207_fs2-00003.jpg",559.179645616808,262.415270560714
185,"207_fs2-00003.jpg",559.863931268982,262.270519059008
186,"207_fs2-00003.jpg",560.553271128078,262.142873922987
187,"207_fs2-00003.jpg",561.247550587161,262.032577683261
188,"207_fs2-00003.jpg",561.946655039292,261.939872870438
189,"207_fs2-00003.jpg",562.650469877533,261.865002015129
190,"207_fs2-00003.jpg",563.358880494949,261.808207647943
191,"207_fs2-00003.jpg",564.071772284601,261.769732299492
192,"207_fs2-00003.jpg",564.789030639552,261.749818500383
193,"207_fs2-00003.jpg",565.510540952866,261.748708781228
194,"207_fs2-00003.jpg",566.236188617604,261.766645672636
195,"207_fs2-00003.jpg",566.965859026829,261.803871705217
196,"207_fs2-00003.jpg",567.699437573605,261.86062940958
197,"207_fs2-00003.jpg",568.436809650993,261.937161316336
198,"207_fs2-00003.jpg",569.177860652058,262.033709956095
199,"207_fs2-00003.jpg",569.92247596986,262.150517859465
200,"207_fs2-00003.jpg",570.670540997464,262.287827557058
1,"207_fs2-00004.jpg",468.25,212.75
2,"207_fs2-00004.jpg",468.669905327634,213.298841695127
3,"207_fs2-00004.jpg",469.085631087329,213.850946769871
4,"207_fs2-00004.jpg",469.497063311762,214.406278788965
5,"207_fs2-00004.jpg",469.904088033609,214.964801317143
6,"207_fs2-00004.jpg",470.30659128555,215.526477919137
7,"207_fs2-00004.jpg",470.70445910026,216.091272159682
8,"207_fs2-00004.jpg",471.097577510418,216.659147603512
9,"207_fs2-00004.jpg",471.4858325487,217.23006781536
10,"207_fs2-00004.jpg",471.869110247785,217.803996359959
11,"207_fs2-00004.jpg",472.247296640349,218.380896802044
12,"207_fs2-00004.jpg",472.62027775907,218.960732706347
13,"207_fs2-00004.jpg",472.987939636626,219.543467637603
14,"207_fs2-00004.jpg",473.350168305694,220.129065160545
15,"207_fs2-00004.jpg",473.70684979895,220.717488839906
16,"207_fs2-00004.jpg",474.057870149074,221.308702240421
17,"207_fs2-00004.jpg",474.403115388741,221.902668926822
18,"207_fs2-00004.jpg",474.74247155063,222.499352463844
19,"207_fs2-00004.jpg",475.075824667418,223.09871641622
20,"207_fs2-00004.jpg",475.403060771781,223.700724348683
21,"207_fs2-00004.jpg",475.724065896399,224.305339825968
22,"207_fs2-00004.jpg",476.038726073948,224.912526412807
23,"207_fs2-00004.jpg",476.346927337105,225.522247673935
24,"207_fs2-00004.jpg",476.648555718548,226.134467174085
25,"207_fs2-00004.jpg",476.943497250954,226.749148477991
26,"207_fs2-00004.jpg",477.231637967001,227.366255150386
27,"207_fs2-00004.jpg",477.512863899365,227.985750756004
28,"207_fs2-00004.jpg",477.787061080726,228.607598859578
29,"207_fs2-00004.jpg",478.054115543759,229.231763025842
30,"207_fs2-00004.jpg",478.313913321142,229.85820681953
31,"207_fs2-00004.jpg",478.566340445554,230.486893805375
32,"207_fs2-00004.jpg",478.81128294967,231.117787548111
33,"207_fs2-00004.jpg",479.049176492944,231.750851612472
34,"207_fs2-00004.jpg",479.281776573733,232.38604956319
35,"207_fs2-00004.jpg",479.509361170162,233.023344965001
36,"207_fs2-00004.jpg",479.73208384405,233.662701382636
37,"207_fs2-00004.jpg",479.95009815722,234.30408238083
38,"207_fs2-00004.jpg",480.163557671491,234.947451524317
39,"207_fs2-00004.jpg",480.372615948684,235.59277237783
40,"207_fs2-00004.jpg",480.577426550621,236.240008506103
41,"207_fs2-00004.jpg",480.778143039122,236.889123473869
42,"207_fs2-00004.jpg",480.974918976007,237.540080845862
43,"207_fs2-00004.jpg",481.167907923098,238.192844186815
44,"207_fs2-00004.jpg",481.357263442216,238.847377061463
45,"207_fs2-00004.jpg",481.54313909518,239.503643034538
46,"207_fs2-00004.jpg",481.725688443813,240.161605670774
47,"207_fs2-00004.jpg",481.905065049934,240.821228534906
48,"207_fs2-00004.jpg",482.081422475365,241.482475191666
49,"207_fs2-00004.jpg",482.254914281927,242.145309205788
50,"207_fs2-00004.jpg",482.425694031439,242.809694142005
51,"207_fs2-00004.jpg",482.593915285724,243.475593565052
52,"207_fs2-00004.jpg",482.759731606601,244.142971039662
53,"207_fs2-00004.jpg",482.923296555892,244.811790130569
54,"207_fs2-00004.jpg",483.084763695417,245.482014402505
55,"207_fs2-00004.jpg",483.244286586998,246.153607420206
56,"207_fs2-00004.jpg",483.402018792454,246.826532748404
57,"207_fs2-00004.jpg",483.558113873607,247.500753951832
58,"207_fs2-00004.jpg",483.712725392278,248.176234595225
59,"207_fs2-00004.jpg",483.866006910287,248.852938243317
60,"207_fs2-00004.jpg",484.017257489631,249.530825432384
61,"207_fs2-00004.jpg",484.162090110477,250.209793602895
62,"207_fs2-00004.jpg",484.300361429475,250.889680541474
63,"207_fs2-00004.jpg",484.432664257076,251.570321695358
64,"207_fs2-00004.jpg",484.55959140373,252.251552511785
65,"207_fs2-00004.jpg",484.681735679887,252.933208437992
66,"207_fs2-00004.jpg",484.799689895998,253.615124921218
67,"207_fs2-00004.jpg",484.914046862512,254.297137408699
68,"207_fs2-00004.jpg",485.025399389879,254.979081347673
69,"207_fs2-00004.jpg",485.134340288551,255.660792185379
70,"207_fs2-00004.jpg",485.241462368976,256.342105369053
71,"207_fs2-00004.jpg",485.347358441606,257.022856345934
72,"207_fs2-00004.jpg",485.452621316891,257.702880563258
73,"207_fs2-00004.jpg",485.55784380528,258.382013468265
74,"207_fs2-00004.jpg",485.663618717225,259.06009050819
75,"207_fs2-00004.jpg",485.770538863174,259.736947130273
76,"207_fs2-00004.jpg",485.879197053579,260.41241878175
77,"207_fs2-00004.jpg",485.990186098889,261.08634090986
78,"207_fs2-00004.jpg",486.104098809556,261.75854896184
79,"207_fs2-00004.jpg",486.221527996028,262.428878384927
80,"207_fs2-00004.jpg",486.343066468756,263.097164626359
81,"207_fs2-00004.jpg",486.469307038191,263.763243133375
82,"207_fs2-00004.jpg",486.600842514783,264.42694935321
83,"207_fs2-00004.jpg",486.738265708981,265.088118733105
84,"207_fs2-00004.jpg",486.882169431237,265.746586720295
85,"207_fs2-00004.jpg",487.033146492,266.402188762018
86,"207_fs2-00004.jpg",487.19178970172,267.054760305513
87,"207_fs2-00004.jpg",487.358691870848,267.704136798017
88,"207_fs2-00004.jpg",487.534445809834,268.350153686767
89,"207_fs2-00004.jpg",487.719644329128,268.992646419001
90,"207_fs2-00004.jpg",487.918849002941,269.631462557299
91,"207_fs2-00004.jpg",488.136330390699,270.266503159481
92,"207_fs2-00004.jpg",488.371389761531,270.897684043679
93,"207_fs2-00004.jpg",488.623323551177,271.524921028503
94,"207_fs2-00004.jpg",488.891428195378,272.148129932563
95,"207_fs2-00004.jpg",489.175000129876,272.767226574469
96,"207_fs2-00004.jpg",489.47333579041,273.38212677283
97,"207_fs2-00004.jpg",489.785731612722,273.992746346258
98,"207_fs2-00004.jpg",490.111484032553,274.599001113362
99,"207_fs2-00004.jpg",490.449889485642,275.200806892751
100,"207_fs2-00004.jpg",490.800244407732,275.798079503035
101,"207_fs2-00004.jpg",491.161845234562,276.390734762826
102,"207_fs2-00004.jpg",491.533988401874,276.978688490731
103,"207_fs2-00004.jpg",491.915970345408,277.561856505363
104,"207_fs2-00004.jpg",492.307087500905,278.140154625329
105,"207_fs2-00004.jpg",492.706636304105,278.713498669241
106,"207_fs2-00004.jpg",493.11391319075,279.281804455709
107,"207_fs2-00004.jpg",493.528214596581,279.844987803341
108,"207_fs2-00004.jpg",493.948836957337,280.402964530749
109,"207_fs2-00004.jpg",494.375076708761,280.955650456542
110,"207_fs2-00004.jpg",494.806230286592,281.50296139933
111,"207_fs2-00004.jpg",495.241594126571,282.044813177722
112,"207_fs2-00004.jpg",495.68046466444,282.58112161033
113,"207_fs2-00004.jpg",496.122138335938,283.111802515763
114,"207_fs2-00004.jpg",496.565911576807,283.63677171263
115,"207_fs2-00004.jpg",497.011080822787,284.155945019542
116,"207_fs2-00004.jpg",497.45694250962,284.669238255109
117,"207_fs2-00004.jpg",497.906011417478,285.176535194227
118,"207_fs2-00004.jpg",498.371654644337,285.677200222028
119,"207_fs2-00004.jpg",498.854500234149,286.170176441745
120,"207_fs2-00004.jpg",499.353479306482,286.654394804445
121,"207_fs2-00004.jpg",499.8675229809,287.128786261198
122,"207_fs2-00004.jpg",500.39556237697,287.592281763071
123,"207_fs2-00004.jpg",500.936528614257,288.043812261133
124,"207_fs2-00004.jpg",501.489352812327,288.482308706452
125,"207_fs2-00004.jpg",502.052966090746,288.906702050096
126,"207_fs2-00004.jpg",502.626299569079,289.315923243135
127,"207_fs2-00004.jpg",503.208284366892,289.708903236635
128,"207_fs2-00004.jpg",503.797851603752,290.084572981666
129,"207_fs2-00004.jpg",504.393932399223,290.441863429296
130,"207_fs2-00004.jpg",504.995457872872,290.779705530593
131,"207_fs2-00004.jpg",505.601359144264,291.097030236626
132,"207_fs2-00004.jpg",506.210567332965,291.392768498462
133,"207_fs2-00004.jpg",506.822013558541,291.665851267171
134,"207_fs2-00004.jpg",507.434628940557,291.915209493821
135,"207_fs2-00004.jpg",508.047763463199,292.139776345804
136,"207_fs2-00004.jpg",508.673659688979,292.338938682379
137,"207_fs2-00004.jpg",509.317094608209,292.513087781765
138,"207_fs2-00004.jpg",509.976295853897,292.662749621743
139,"207_fs2-00004.jpg",510.649491059053,292.788450180098
140,"207_fs2-00004.jpg",511.334907856689,292.890715434612
141,"207_fs2-00004.jpg",512.030773879815,292.970071363069
142,"207_fs2-00004.jpg",512.735316761439,293.027043943251
143,"207_fs2-00004.jpg",513.446764134574,293.062159152942
144,"207_fs2-00004.jpg",514.163343632228,293.075942969924
145,"207_fs2-00004.jpg",514.883282887413,293.068921371981
146,"207_fs2-00004.jpg",515.604809533138,293.041620336895
147,"207_fs2-00004.jpg",516.326151202413,292.994565842451
148,"207_fs2-00004.jpg",517.045535528249,292.92828386643
149,"207_fs2-00004.jpg",517.761190143657,292.843300386616
150,"207_fs2-00004.jpg",518.471342681645,292.740141380792
151,"207_fs2-00004.jpg",519.174220775224,292.619332826741
152,"207_fs2-00004.jpg",519.868052057405,292.481400702247
153,"207_fs2-00004.jpg",520.551064161198,292.326870985091
154,"207_fs2-00004.jpg",521.221484719613,292.156269653058
155,"207_fs2-00004.jpg",521.87754136566,291.97012268393
156,"207_fs2-00004.jpg",522.517461732349,291.76895605549
157,"207_fs2-00004.jpg",523.13947345269,291.553295745521
158,"207_fs2-00004.jpg",523.74263102642,291.323666985671
159,"207_fs2-00004.jpg",524.348464725931,291.080468324124
160,"207_fs2-00004.jpg",524.965922872947,290.823829755523
161,"207_fs2-00004.jpg",525.593367145733,290.553847025986
162,"207_fs2-00004.jpg",526.229159222554,290.270615881629
163,"207_fs2-00004.jpg",526.871660781672,289.974232068571
164,"207_fs2-00004.jpg",527.519233501352,289.664791332929
165,"207_fs2-00004.jpg",528.170239059858,289.34238942082
166,"207_fs2-00004.jpg",528.823039135455,289.007122078363
167,"207_fs2-00004.jpg",529.475995406406,288.659085051673
168,"207_fs2-00004.jpg",530.127469550975,288.29837408687
169,"207_fs2-00004.jpg",530.775823247426,287.92508493007
170,"207_fs2-00004.jpg",531.419418174024,287.539313327391
171,"207_fs2-00004.jpg",532.056616009032,287.14115502495
172,"207_fs2-00004.jpg",532.685778430715,286.730705768865
173,"207_fs2-00004.jpg",533.305267117337,286.308061305253
174,"207_fs2-00004.jpg",533.913443747161,285.873317380232
175,"207_fs2-00004.jpg",534.508669998452,285.42656973992
176,"207_fs2-00004.jpg",535.089307549474,284.967914130433
177,"207_fs2-00004.jpg",535.653718078491,284.497446297889
178,"207_fs2-00004.jpg",536.200263263766,284.015261988407
179,"207_fs2-00004.jpg",536.727304783565,283.521456948102
180,"207_fs2-00004.jpg",537.233204316151,283.016126923094
181,"207_fs2-00004.jpg",537.716323539788,282.499367659498
182,"207_fs2-00004.jpg",538.175024132739,281.971274903433
183,"207_fs2-00004.jpg",538.607667773271,281.431944401017
184,"207_fs2-00004.jpg",539.012616139645,280.881471898366
185,"207_fs2-00004.jpg",539.388230910128,280.319953141598
186,"207_fs2-00004.jpg",539.732873762981,279.747483876831
187,"207_fs2-00004.jpg",540.04490637647,279.164159850183
188,"207_fs2-00004.jpg",540.322690428859,278.57007680777
189,"207_fs2-00004.jpg",540.564587598411,277.96533049571
190,"207_fs2-00004.jpg",540.768959563391,277.35001666012
191,"207_fs2-00004.jpg",540.934262796017,276.724231047119
192,"207_fs2-00004.jpg",541.080771326436,276.088069402824
193,"207_fs2-00004.jpg",541.222620059983,275.441627473351
194,"207_fs2-00004.jpg",541.356720523225,274.785001004819
195,"207_fs2-00004.jpg",541.479984242731,274.118285743345
196,"207_fs2-00004.jpg",541.589322745069,273.441577435047
197,"207_fs2-00004.jpg",541.681647556809,272.754971826042
198,"207_fs2-00004.jpg",541.753870204517,272.058564662447
199,"207_fs2-00004.jpg",541.802902214764,271.35245169038
200,"207_fs2-00004.jpg",541.825655114116,270.636728655959
1,"207_fs2-00005.jpg",456.75,203.25
2,"207_fs2-00005.jpg",457.297671002156,203.77152597936
3,"207_fs2-00005.jpg",457.84225651644,204.294874319536
4,"207_fs2-00005.jpg",458.383661370022,204.820083977755
5,"207_fs2-00005.jpg",458.921790390073,205.347193911246
6,"207_fs2-00005.jpg",459.456548403765,205.876243077236
7,"207_fs2-00005.jpg",459.987840238267,206.407270432954
8,"207_fs2-00005.jpg",460.515570720752,206.940314935628
9,"207_fs2-00005.jpg",461.039644678389,207.475415542487
10,"207_fs2-00005.jpg",461.559966938351,208.012611210758
11,"207_fs2-00005.jpg",462.076442327807,208.551940897669
12,"207_fs2-00005.jpg",462.588975673929,209.093443560449
13,"207_fs2-00005.jpg",463.097471803887,209.637158156326
14,"207_fs2-00005.jpg",463.601835544853,210.183123642528
15,"207_fs2-00005.jpg",464.101971723998,210.731378976283
16,"207_fs2-00005.jpg",464.597785168492,211.28196311482
17,"207_fs2-00005.jpg",465.089180705506,211.834915015366
18,"207_fs2-00005.jpg",465.576063162211,212.39027363515
19,"207_fs2-00005.jpg",466.058337365779,212.9480779314
20,"207_fs2-00005.jpg",466.53590814338,213.508366861344
21,"207_fs2-00005.jpg",467.008680322184,214.07117938221
22,"207_fs2-00005.jpg",467.476558729364,214.636554451227
23,"207_fs2-00005.jpg",467.939448192089,215.204531025622
24,"207_fs2-00005.jpg",468.397253537531,215.775148062624
25,"207_fs2-00005.jpg",468.849879592861,216.348444519461
26,"207_fs2-00005.jpg",469.29723118525,216.924459353361
27,"207_fs2-00005.jpg",469.739213849761,217.503231521553
28,"207_fs2-00005.jpg",470.180656392949,218.084799981263
29,"207_fs2-00005.jpg",470.625747976722,218.669203689722
30,"207_fs2-00005.jpg",471.073784515679,219.256481604156
31,"207_fs2-00005.jpg",471.524061924418,219.846672681794
32,"207_fs2-00005.jpg",471.975876117537,220.439815879864
33,"207_fs2-00005.jpg",472.428523009636,221.035950155594
34,"207_fs2-00005.jpg",472.881298515313,221.635114466213
35,"207_fs2-00005.jpg",473.333498549164,222.237347768949
36,"207_fs2-00005.jpg",473.78441902579,222.842689021029
37,"207_fs2-00005.jpg",474.233355859789,223.451177179682
38,"207_fs2-00005.jpg",474.679604965759,224.062851202137
39,"207_fs2-00005.jpg",475.122462258298,224.67775004562
40,"207_fs2-00005.jpg",475.561223652004,225.295912667362
41,"207_fs2-00005.jpg",475.995185061477,225.917378024588
42,"207_fs2-00005.jpg",476.423642401314,226.542185074529
43,"207_fs2-00005.jpg",476.845891586114,227.170372774412
44,"207_fs2-00005.jpg",477.261228530476,227.801980081464
45,"207_fs2-00005.jpg",477.668949148997,228.437045952915
46,"207_fs2-00005.jpg",478.068349356276,229.075609345993
47,"207_fs2-00005.jpg",478.458725066912,229.717709217925
48,"207_fs2-00005.jpg",478.839372195502,230.36338452594
49,"207_fs2-00005.jpg",479.209586656646,231.012674227266
50,"207_fs2-00005.jpg",479.568664364941,231.665617279131
51,"207_fs2-00005.jpg",479.915901234986,232.322252638764
52,"207_fs2-00005.jpg",480.25059318138,232.982619263392
53,"207_fs2-00005.jpg",480.572036118721,233.646756110244
54,"207_fs2-00005.jpg",480.879525961606,234.314702136547
55,"207_fs2-00005.jpg",481.172358624636,234.986496299531
56,"207_fs2-00005.jpg",481.449830022407,235.662177556423
57,"207_fs2-00005.jpg",481.711236069518,236.341784864451
58,"207_fs2-00005.jpg",481.955872680569,237.025357180843
59,"207_fs2-00005.jpg",482.183039895947,237.712933462096
60,"207_fs2-00005.jpg",482.397698988238,238.404517061662
61,"207_fs2-00005.jpg",482.604932929172,239.099980453868
62,"207_fs2-00005.jpg",482.805080608783,239.79916604649
63,"207_fs2-00005.jpg",482.998480917101,240.501916247303
64,"207_fs2-00005.jpg",483.185472744158,241.208073464083
65,"207_fs2-00005.jpg",483.366394979985,241.917480104608
66,"207_fs2-00005.jpg",483.541586514614,242.629978576653
67,"207_fs2-00005.jpg",483.711386238076,243.345411287995
68,"207_fs2-00005.jpg",483.876133040404,244.063620646409
69,"207_fs2-00005.jpg",484.036165811627,244.784449059672
70,"207_fs2-00005.jpg",484.191823441779,245.507738935561
71,"207_fs2-00005.jpg",484.34344482089,246.23333268185
72,"207_fs2-00005.jpg",484.491368838991,246.961072706317
73,"207_fs2-00005.jpg",484.635934386115,247.690801416738
74,"207_fs2-00005.jpg",484.777480352293,248.422361220889
75,"207_fs2-00005.jpg",484.916345627556,249.155594526546
76,"207_fs2-00005.jpg",485.052869101936,249.890343741485
77,"207_fs2-00005.jpg",485.187389665463,250.626451273483
78,"207_fs2-00005.jpg",485.320246208171,251.363759530316
79,"207_fs2-00005.jpg",485.45177762009,252.10211091976
80,"207_fs2-00005.jpg",485.582322791251,252.841347849591
81,"207_fs2-00005.jpg",485.712220611687,253.581312727585
82,"207_fs2-00005.jpg",485.841809971429,254.321847961519
83,"207_fs2-00005.jpg",485.971429760507,255.062795959169
84,"207_fs2-00005.jpg",486.101418868954,255.803999128311
85,"207_fs2-00005.jpg",486.232116186802,256.545299876722
86,"207_fs2-00005.jpg",486.36386060408,257.286540612177
87,"207_fs2-00005.jpg",486.496991010823,258.027563742453
88,"207_fs2-00005.jpg",486.628177081718,258.76822973461
89,"207_fs2-00005.jpg",486.753324657666,259.508485241515
90,"207_fs2-00005.jpg",486.873022901887,260.248302597842
91,"207_fs2-00005.jpg",486.987875415996,260.987654142648
92,"207_fs2-00005.jpg",487.098485801607,261.726512214994
93,"207_fs2-00005.jpg",487.205457660336,262.464849153939
94,"207_fs2-00005.jpg",487.309394593798,263.202637298542
95,"207_fs2-00005.jpg",487.410900203607,263.939848987862
96,"207_fs2-00005.jpg",487.510578091379,264.676456560959
97,"207_fs2-00005.jpg",487.609031858729,265.412432356891
98,"207_fs2-00005.jpg",487.706865107272,266.14774871472
99,"207_fs2-00005.jpg",487.804681438623,266.882377973503
100,"207_fs2-00005.jpg",487.903084454396,267.616292472301
101,"207_fs2-00005.jpg",488.002677756208,268.349464550172
102,"207_fs2-00005.jpg",488.104064945672,269.081866546176
103,"207_fs2-00005.jpg",488.207849624405,269.813470799372
104,"207_fs2-00005.jpg",488.314635394021,270.54424964882
105,"207_fs2-00005.jpg",488.425025856134,271.274175433579
106,"207_fs2-00005.jpg",488.539624612361,272.003220492709
107,"207_fs2-00005.jpg",488.659035264316,272.731357165268
108,"207_fs2-00005.jpg",488.783861413614,273.458557790316
109,"207_fs2-00005.jpg",488.914706661871,274.184794706912
110,"207_fs2-00005.jpg",489.052174610701,274.910040254117
111,"207_fs2-00005.jpg",489.196868861719,275.634266770988
112,"207_fs2-00005.jpg",489.34939301654,276.357446596586
113,"207_fs2-00005.jpg",489.51035067678,277.07955206997
114,"207_fs2-00005.jpg",489.680345444053,277.8005555302
115,"207_fs2-00005.jpg",489.861595477992,278.520412180796
116,"207_fs2-00005.jpg",490.060786898438,279.238821754871
117,"207_fs2-00005.jpg",490.278020216543,279.955287797455
118,"207_fs2-00005.jpg",490.512650684829,280.669308834216
119,"207_fs2-00005.jpg",490.764033555822,281.380383390819
120,"207_fs2-00005.jpg",491.031524082044,282.088009992934
121,"207_fs2-00005.jpg",491.314477516019,282.791687166228
122,"207_fs2-00005.jpg",491.61224911027,283.490913436369
123,"207_fs2-00005.jpg",491.92419411732,284.185187329023
124,"207_fs2-00005.jpg",492.249667789694,284.874007369859
125,"207_fs2-00005.jpg",492.588025379915,285.556872084544
126,"207_fs2-00005.jpg",492.938622140506,286.233279998746
127,"207_fs2-00005.jpg",493.30081332399,286.902729638132
128,"207_fs2-00005.jpg",493.673954182892,287.56471952837
129,"207_fs2-00005.jpg",494.057399969735,288.218748195127
130,"207_fs2-00005.jpg",494.450505937042,288.864314164071
131,"207_fs2-00005.jpg",494.852627337336,289.50091596087
132,"207_fs2-00005.jpg",495.263119423142,290.128052111191
133,"207_fs2-00005.jpg",495.681337446982,290.745221140702
134,"207_fs2-00005.jpg",496.106636661381,291.35192157507
135,"207_fs2-00005.jpg",496.538372318861,291.947651939964
136,"207_fs2-00005.jpg",496.975899671946,292.531910761049
137,"207_fs2-00005.jpg",497.418573973161,293.104196563995
138,"207_fs2-00005.jpg",497.865750475027,293.664007874468
139,"207_fs2-00005.jpg",498.316784430069,294.210843218136
140,"207_fs2-00005.jpg",498.779231669936,294.744236612713
141,"207_fs2-00005.jpg",499.268723360282,295.263983286137
142,"207_fs2-00005.jpg",499.78408553052,295.769995113203
143,"207_fs2-00005.jpg",500.323633156012,296.262184509808
144,"207_fs2-00005.jpg",500.885681212117,296.740463891851
145,"207_fs2-00005.jpg",501.468544674193,297.204745675228
146,"207_fs2-00005.jpg",502.070538517602,297.654942275837
147,"207_fs2-00005.jpg",502.689977717703,298.090966109576
148,"207_fs2-00005.jpg",503.325177249856,298.512729592343
149,"207_fs2-00005.jpg",503.97445208942,298.920145140035
150,"207_fs2-00005.jpg",504.636117211755,299.31312516855
151,"207_fs2-00005.jpg",505.308487592222,299.691582093785
152,"207_fs2-00005.jpg",505.989878206179,300.055428331639
153,"207_fs2-00005.jpg",506.678604028986,300.404576298008
154,"207_fs2-00005.jpg",507.372980036004,300.738938408791
155,"207_fs2-00005.jpg",508.071321202592,301.058427079885
156,"207_fs2-00005.jpg",508.77194250411,301.362954727188
157,"207_fs2-00005.jpg",509.473158915917,301.652433766597
158,"207_fs2-00005.jpg",510.173285413373,301.92677661401
159,"207_fs2-00005.jpg",510.870636971839,302.185895685325
160,"207_fs2-00005.jpg",511.563528566674,302.42970339644
161,"207_fs2-00005.jpg",512.251062201424,302.658111153873
162,"207_fs2-00005.jpg",512.956513639632,302.870821939965
163,"207_fs2-00005.jpg",513.688512106963,303.067076418356
164,"207_fs2-00005.jpg",514.443184209786,303.246053114743
165,"207_fs2-00005.jpg",515.216656554472,303.406930554823
166,"207_fs2-00005.jpg",516.005055747388,303.548887264296
167,"207_fs2-00005.jpg",516.804508394905,303.671101768858
168,"207_fs2-00005.jpg",517.61114110339,303.772752594206
169,"207_fs2-00005.jpg",518.421080479215,303.85301826604
170,"207_fs2-00005.jpg",519.230453128747,303.911077310056
171,"207_fs2-00005.jpg",520.035385658356,303.946108251952
172,"207_fs2-00005.jpg",520.832004674411,303.957289617427
173,"207_fs2-00005.jpg",521.616436783282,303.943799932176
174,"207_fs2-00005.jpg",522.384808591337,303.9048177219
175,"207_fs2-00005.jpg",523.133246704946,303.839521512294
176,"207_fs2-00005.jpg",523.857877730478,303.747089829057
177,"207_fs2-00005.jpg",524.554828274303,303.626701197887
178,"207_fs2-00005.jpg",525.220224942788,303.477534144481
179,"207_fs2-00005.jpg",525.850194342305,303.298767194537
180,"207_fs2-00005.jpg",526.440863079221,303.089578873753
181,"207_fs2-00005.jpg",526.993162669049,302.849147707826
182,"207_fs2-00005.jpg",527.533011364664,302.576652222455
183,"207_fs2-00005.jpg",528.064370163032,302.271270943336
184,"207_fs2-00005.jpg",528.586615861711,301.932182396168
185,"207_fs2-00005.jpg",529.099125258262,301.558565106648
186,"207_fs2-00005.jpg",529.601275150242,301.149597600474
187,"207_fs2-00005.jpg",530.092442335209,300.704458403344
188,"207_fs2-00005.jpg",530.572003610722,300.222326040956
189,"207_fs2-00005.jpg",531.03933577434,299.702379039006
190,"207_fs2-00005.jpg",531.493815623621,299.143795923194
191,"207_fs2-00005.jpg",531.934819956124,298.545755219216
192,"207_fs2-00005.jpg",532.361725569408,297.907435452771
193,"207_fs2-00005.jpg",532.77390926103,297.228015149556
194,"207_fs2-00005.jpg",533.170747828549,296.506672835268
195,"207_fs2-00005.jpg",533.551618069524,295.742587035606
196,"207_fs2-00005.jpg",533.915896781514,294.934936276268
197,"207_fs2-00005.jpg",534.262960762076,294.08289908295
198,"207_fs2-00005.jpg",534.59218680877,293.185653981351
199,"207_fs2-00005.jpg",534.902951719154,292.242379497169
200,"207_fs2-00005.jpg",535.194632290786,291.2522541561
1,"207_fs2-00006.jpg",447.25,184
2,"207_fs2-00006.jpg",447.690594741546,184.523915507063
3,"207_fs2-00006.jpg",448.130387890239,185.047493186671
4,"207_fs2-00006.jpg",448.569371878223,185.570762574087
5,"207_fs2-00006.jpg",449.00753913764,186.093753204573
6,"207_fs2-00006.jpg",449.444882100633,186.616494613394
7,"207_fs2-00006.jpg",449.881393199344,187.139016335812
8,"207_fs2-00006.jpg",450.317064865915,187.66134790709
9,"207_fs2-00006.jpg",450.751889532491,188.183518862492
10,"207_fs2-00006.jpg",451.185859631212,188.70555873728
11,"207_fs2-00006.jpg",451.618967594222,189.227497066718
12,"207_fs2-00006.jpg",452.051205853663,189.749363386068
13,"207_fs2-00006.jpg",452.482566841678,190.271187230595
14,"207_fs2-00006.jpg",452.91304299041,190.79299813556
15,"207_fs2-00006.jpg",453.342626732,191.314825636227
16,"207_fs2-00006.jpg",453.771310498593,191.836699267859
17,"207_fs2-00006.jpg",454.199086722329,192.358648565719
18,"207_fs2-00006.jpg",454.625947835353,192.880703065071
19,"207_fs2-00006.jpg",455.051886269806,193.402892301177
20,"207_fs2-00006.jpg",455.476894457832,193.9252458093
21,"207_fs2-00006.jpg",455.900964831572,194.447793124704
22,"207_fs2-00006.jpg",456.324089823169,194.970563782652
23,"207_fs2-00006.jpg",456.746261864767,195.493587318406
24,"207_fs2-00006.jpg",457.167473388507,196.016893267231
25,"207_fs2-00006.jpg",457.587716826532,196.540511164388
26,"207_fs2-00006.jpg",458.006984610985,197.064470545141
27,"207_fs2-00006.jpg",458.425269174009,197.588800944754
28,"207_fs2-00006.jpg",458.842562947745,198.113531898489
29,"207_fs2-00006.jpg",459.258858364337,198.638692941609
30,"207_fs2-00006.jpg",459.674147855927,199.164313609377
31,"207_fs2-00006.jpg",460.088423854659,199.690423437058
32,"207_fs2-00006.jpg",460.501678792673,200.217051959912
33,"207_fs2-00006.jpg",460.913905102114,200.744228713205
34,"207_fs2-00006.jpg",461.325095215123,201.271983232199
35,"207_fs2-00006.jpg",461.735677126138,201.800345052156
36,"207_fs2-00006.jpg",462.147475231336,202.329343708341
37,"207_fs2-00006.jpg",462.560535532455,202.859008736015
38,"207_fs2-00006.jpg",462.974676082629,203.389369670443
39,"207_fs2-00006.jpg",463.389714934994,203.920456046888
40,"207_fs2-00006.jpg",463.805470142687,204.452297400612
41,"207_fs2-00006.jpg",464.221759758841,204.984923266878
42,"207_fs2-00006.jpg",464.638401836593,205.51836318095
43,"207_fs2-00006.jpg",465.055214429079,206.052646678091
44,"207_fs2-00006.jpg",465.472015589433,206.587803293564
45,"207_fs2-00006.jpg",465.888623370792,207.123862562631
46,"207_fs2-00006.jpg",466.304855826291,207.660854020557
47,"207_fs2-00006.jpg",466.720531009065,208.198807202604
48,"207_fs2-00006.jpg",467.13546697225,208.737751644035
49,"207_fs2-00006.jpg",467.549481768981,209.277716880114
50,"207_fs2-00006.jpg",467.962393452394,209.818732446103
51,"207_fs2-00006.jpg",468.374020075625,210.360827877265
52,"207_fs2-00006.jpg",468.784179691809,210.904032708864
53,"207_fs2-00006.jpg",469.192690354081,211.448376476163
54,"207_fs2-00006.jpg",469.599370115577,211.993888714425
55,"207_fs2-00006.jpg",470.004037029433,212.540598958913
56,"207_fs2-00006.jpg",470.406509148783,213.088536744889
57,"207_fs2-00006.jpg",470.806604526764,213.637731607618
58,"207_fs2-00006.jpg",471.204141216512,214.188213082363
59,"207_fs2-00006.jpg",471.598937271161,214.740010704385
60,"207_fs2-00006.jpg",471.990810743847,215.293154008949
61,"207_fs2-00006.jpg",472.379579687705,215.847672531318
62,"207_fs2-00006.jpg",472.765062155872,216.403595806754
63,"207_fs2-00006.jpg",473.147076201483,216.960953370521
64,"207_fs2-00006.jpg",473.525439877672,217.519774757882
65,"207_fs2-00006.jpg",473.899971237577,218.0800895041
66,"207_fs2-00006.jpg",474.270488334331,218.641927144437
67,"207_fs2-00006.jpg",474.636809221071,219.205317214158
68,"207_fs2-00006.jpg",474.998751950933,219.770289248526
69,"207_fs2-00006.jpg",475.356134577051,220.336872782802
70,"207_fs2-00006.jpg",475.708775152562,220.905097352251
71,"207_fs2-00006.jpg",476.0564917306,221.474992492136
72,"207_fs2-00006.jpg",476.399102364302,222.046587737719
73,"207_fs2-00006.jpg",476.736425106803,222.619912624264
74,"207_fs2-00006.jpg",477.070463003754,223.194994327036
75,"207_fs2-00006.jpg",477.406560148955,223.771838502114
76,"207_fs2-00006.jpg",477.744672700372,224.350439296589
77,"207_fs2-00006.jpg",478.084474406111,224.930790748865
78,"207_fs2-00006.jpg",478.425639014274,225.512886897344
79,"207_fs2-00006.jpg",478.767840272968,226.096721780428
80,"207_fs2-00006.jpg",479.110751930298,226.682289436522
81,"207_fs2-00006.jpg",479.454047734368,227.269583904027
82,"207_fs2-00006.jpg",479.797401433283,227.858599221347
83,"207_fs2-00006.jpg",480.140486775148,228.449329426884
84,"207_fs2-00006.jpg",480.482977508067,229.041768559041
85,"207_fs2-00006.jpg",480.824547380146,229.635910656221
86,"207_fs2-00006.jpg",481.164870139489,230.231749756826
87,"207_fs2-00006.jpg",481.503619534202,230.82927989926
88,"207_fs2-00006.jpg",481.840469312389,231.428495121926
89,"207_fs2-00006.jpg",482.175093222154,232.029389463226
90,"207_fs2-00006.jpg",482.507165011603,232.631956961562
91,"207_fs2-00006.jpg",482.836358428841,233.236191655339
92,"207_fs2-00006.jpg",483.162347221972,233.842087582958
93,"207_fs2-00006.jpg",483.484805139101,234.449638782823
94,"207_fs2-00006.jpg",483.803405928333,235.058839293336
95,"207_fs2-00006.jpg",484.117823337773,235.669683152901
96,"207_fs2-00006.jpg",484.427731115526,236.282164399919
97,"207_fs2-00006.jpg",484.732803009696,236.896277072794
98,"207_fs2-00006.jpg",485.032712768389,237.512015209929
99,"207_fs2-00006.jpg",485.327134139708,238.129372849726
100,"207_fs2-00006.jpg",485.61574087176,238.748344030589
101,"207_fs2-00006.jpg",485.898206712648,239.36892279092
102,"207_fs2-00006.jpg",486.174205410479,239.991103169121
103,"207_fs2-00006.jpg",486.443410713355,240.614879203597
104,"207_fs2-00006.jpg",486.705496369383,241.240244932749
105,"207_fs2-00006.jpg",486.960136126667,241.86719439498
106,"207_fs2-00006.jpg",487.207003733313,242.495721628694
107,"207_fs2-00006.jpg",487.445772937423,243.125820672292
108,"207_fs2-00006.jpg",487.676117487105,243.757485564179
109,"207_fs2-00006.jpg",487.897711130462,244.390710342757
110,"207_fs2-00006.jpg",488.110227615599,245.025489046427
111,"207_fs2-00006.jpg",488.313340690622,245.661815713595
112,"207_fs2-00006.jpg",488.506724103634,246.299684382661
113,"207_fs2-00006.jpg",488.690051602742,246.93908909203
114,"207_fs2-00006.jpg",488.862996936048,247.580023880103
115,"207_fs2-00006.jpg",489.02523385166,248.222482785284
116,"207_fs2-00006.jpg",489.17643609768,248.866459845976
117,"207_fs2-00006.jpg",489.316743988589,249.511949019677
118,"207_fs2-00006.jpg",489.451278655162,250.158940185474
119,"207_fs2-00006.jpg",489.581654864072,250.80741731073
120,"207_fs2-00006.jpg",489.708026531827,251.457363899329
121,"207_fs2-00006.jpg",489.830547574933,252.108763455154
122,"207_fs2-00006.jpg",489.949371909896,252.761599482089
123,"207_fs2-00006.jpg",490.064653453223,253.415855484017
124,"207_fs2-00006.jpg",490.17654612142,254.07151496482
125,"207_fs2-00006.jpg",490.285203830994,254.728561428383
126,"207_fs2-00006.jpg",490.390780498451,255.386978378589
127,"207_fs2-00006.jpg",490.493430040297,256.046749319321
128,"207_fs2-00006.jpg",490.593306373039,256.707857754461
129,"207_fs2-00006.jpg",490.690563413183,257.370287187895
130,"207_fs2-00006.jpg",490.785355077236,258.034021123504
131,"207_fs2-00006.jpg",490.877835281704,258.699043065173
132,"207_fs2-00006.jpg",490.968157943094,259.365336516784
133,"207_fs2-00006.jpg",491.056476977912,260.03288498222
134,"207_fs2-00006.jpg",491.142946302664,260.701671965366
135,"207_fs2-00006.jpg",491.227719833857,261.371680970105
136,"207_fs2-00006.jpg",491.310951487997,262.042895500318
137,"207_fs2-00006.jpg",491.392795181591,262.715299059891
138,"207_fs2-00006.jpg",491.473404831145,263.388875152707
139,"207_fs2-00006.jpg",491.552934353166,264.063607282647
140,"207_fs2-00006.jpg",491.631537664159,264.739478953597
141,"207_fs2-00006.jpg",491.709368680632,265.416473669439
142,"207_fs2-00006.jpg",491.786581319091,266.094574934056
143,"207_fs2-00006.jpg",491.863329496042,266.773766251332
144,"207_fs2-00006.jpg",491.939767127991,267.45403112515
145,"207_fs2-00006.jpg",492.016048131446,268.135353059394
146,"207_fs2-00006.jpg",492.092326422912,268.817715557946
147,"207_fs2-00006.jpg",492.168755918896,269.50110212469
148,"207_fs2-00006.jpg",492.245490535904,270.18549626351
149,"207_fs2-00006.jpg",492.322684190444,270.870881478288
150,"207_fs2-00006.jpg",492.40049079902,271.557241272908
151,"207_fs2-00006.jpg",492.47906427814,272.244559151253
152,"207_fs2-00006.jpg",492.55763706182,272.932813282031
153,"207_fs2-00006.jpg",492.632172546183,273.621890118598
154,"207_fs2-00006.jpg",492.702522635707,274.311598891919
155,"207_fs2-00006.jpg",492.769089484043,275.001746423282
156,"207_fs2-00006.jpg",492.832275244844,275.692139533972
157,"207_fs2-00006.jpg",492.892482071764,276.382585045277
158,"207_fs2-00006.jpg",492.950112118454,277.072889778483
159,"207_fs2-00006.jpg",493.005567538568,277.762860554878
160,"207_fs2-00006.jpg",493.059250485758,278.452304195747
161,"207_fs2-00006.jpg",493.111563113677,279.141027522379
162,"207_fs2-00006.jpg",493.162907575977,279.828837356058
163,"207_fs2-00006.jpg",493.213686026312,280.515540518074
164,"207_fs2-00006.jpg",493.264300618333,281.200943829711
165,"207_fs2-00006.jpg",493.315153505695,281.884854112258
166,"207_fs2-00006.jpg",493.366646842048,282.567078187
167,"207_fs2-00006.jpg",493.419182781047,283.247422875225
168,"207_fs2-00006.jpg",493.473163476344,283.925694998218
169,"207_fs2-00006.jpg",493.528991081591,284.601701377269
170,"207_fs2-00006.jpg",493.587067750441,285.275248833662
171,"207_fs2-00006.jpg",493.647795636547,285.946144188685
172,"207_fs2-00006.jpg",493.711576893561,286.614194263624
173,"207_fs2-00006.jpg",493.778813675137,287.279205879767
174,"207_fs2-00006.jpg",493.849908134927,287.9409858584
175,"207_fs2-00006.jpg",493.925262426584,288.599341020809
176,"207_fs2-00006.jpg",494.00527870376,289.254078188283
177,"207_fs2-00006.jpg",494.090359120108,289.905004182107
178,"207_fs2-00006.jpg",494.180905829281,290.551925823568
179,"207_fs2-00006.jpg",494.277320984931,291.194649933953
180,"207_fs2-00006.jpg",494.380006740711,291.832983334549
181,"207_fs2-00006.jpg",494.489365250275,292.466732846643
182,"207_fs2-00006.jpg",494.605798667273,293.095705291521
183,"207_fs2-00006.jpg",494.732664870742,293.719707490471
184,"207_fs2-00006.jpg",494.894936990188,294.338546264778
185,"207_fs2-00006.jpg",495.09606904024,294.952028435731
186,"207_fs2-00006.jpg",495.333432844381,295.559960824615
187,"207_fs2-00006.jpg",495.604400226092,296.162150252717
188,"207_fs2-00006.jpg",495.906343008856,296.758403541324
189,"207_fs2-00006.jpg",496.236633016152,297.348527511724
190,"207_fs2-00006.jpg",496.592642071465,297.932328985203
191,"207_fs2-00006.jpg",496.971741998274,298.509614783046
192,"207_fs2-00006.jpg",497.371304620061,299.080191726543
193,"207_fs2-00006.jpg",497.788701760309,299.643866636978
194,"207_fs2-00006.jpg",498.221305242499,300.20044633564
195,"207_fs2-00006.jpg",498.666486890112,300.749737643814
196,"207_fs2-00006.jpg",499.121618526631,301.291547382788
197,"207_fs2-00006.jpg",499.584071975536,301.825682373848
198,"207_fs2-00006.jpg",500.05121906031,302.351949438282
199,"207_fs2-00006.jpg",500.520431604433,302.870155397375
200,"207_fs2-00006.jpg",500.989081431389,303.380107072415
1,"207_fs2-00007.jpg",445.5,163.833
2,"207_fs2-00007.jpg",445.782363558335,164.419722207878
3,"207_fs2-00007.jpg",446.066144657932,165.010385600049
4,"207_fs2-00007.jpg",446.351329216794,165.604857950416
5,"207_fs2-00007.jpg",446.637903152928,166.203007032882
6,"207_fs2-00007.jpg",446.925852384337,166.804700621351
7,"207_fs2-00007.jpg",447.215162829026,167.409806489725
8,"207_fs2-00007.jpg",447.505820405,168.018192411907
9,"207_fs2-00007.jpg",447.797811030264,168.629726161802
10,"207_fs2-00007.jpg",448.091120622823,169.244275513311
11,"207_fs2-00007.jpg",448.385735100681,169.861708240339
12,"207_fs2-00007.jpg",448.681640381843,170.481892116788
13,"207_fs2-00007.jpg",448.978822384313,171.104694916561
14,"207_fs2-00007.jpg",449.277267026098,171.729984413563
15,"207_fs2-00007.jpg",449.5769602252,172.357628381695
16,"207_fs2-00007.jpg",449.877887899626,172.987494594861
17,"207_fs2-00007.jpg",450.180035967379,173.619450826965
18,"207_fs2-00007.jpg",450.483390346465,174.253364851909
19,"207_fs2-00007.jpg",450.787936954888,174.889104443597
20,"207_fs2-00007.jpg",451.093661710653,175.526537375931
21,"207_fs2-00007.jpg",451.400550531765,176.165531422816
22,"207_fs2-00007.jpg",451.708589336228,176.805954358153
23,"207_fs2-00007.jpg",452.017764042048,177.447673955847
24,"207_fs2-00007.jpg",452.328060567229,178.090557989801
25,"207_fs2-00007.jpg",452.639464829775,178.734474233917
26,"207_fs2-00007.jpg",452.951962747692,179.379290462099
27,"207_fs2-00007.jpg",453.265540238984,180.024874448251
28,"207_fs2-00007.jpg",453.580183221656,180.671093966274
29,"207_fs2-00007.jpg",453.895877613713,181.317816790073
30,"207_fs2-00007.jpg",454.212609333159,181.96491069355
31,"207_fs2-00007.jpg",454.530364298,182.61224345061
32,"207_fs2-00007.jpg",454.849128426239,183.259682835154
33,"207_fs2-00007.jpg",455.168887635883,183.907096621086
34,"207_fs2-00007.jpg",455.489627844934,184.55435258231
35,"207_fs2-00007.jpg",455.811334971399,185.201318492728
36,"207_fs2-00007.jpg",456.133994933282,185.847862126244
37,"207_fs2-00007.jpg",456.457593648588,186.493851256761
38,"207_fs2-00007.jpg",456.782117035321,187.139153658182
39,"207_fs2-00007.jpg",457.107551011486,187.78363710441
40,"207_fs2-00007.jpg",457.433881495088,188.427169369348
41,"207_fs2-00007.jpg",457.760921588728,189.0696182269
42,"207_fs2-00007.jpg",458.087872844807,189.710851450969
43,"207_fs2-00007.jpg",458.414801092804,190.350736815457
44,"207_fs2-00007.jpg",458.741898579032,190.989142094269
45,"207_fs2-00007.jpg",459.069357549802,191.625935061307
46,"207_fs2-00007.jpg",459.397370251429,192.260983490475
47,"207_fs2-00007.jpg",459.726128930223,192.894155155675
48,"207_fs2-00007.jpg",460.055825832499,193.525317830811
49,"207_fs2-00007.jpg",460.386653204568,194.154339289786
50,"207_fs2-00007.jpg",460.718803292743,194.781087306503
51,"207_fs2-00007.jpg",461.052468343336,195.405429654865
52,"207_fs2-00007.jpg",461.387840602661,196.027234108777
53,"207_fs2-00007.jpg",461.72511231703,196.646368442139
54,"207_fs2-00007.jpg",462.064475732755,197.262700428857
55,"207_fs2-00007.jpg",462.40612309615,197.876097842833
56,"207_fs2-00007.jpg",462.750246653526,198.48642845797
57,"207_fs2-00007.jpg",463.097038651196,199.093560048171
58,"207_fs2-00007.jpg",463.446691335473,199.69736038734
59,"207_fs2-00007.jpg",463.79939695267,200.29769724938
60,"207_fs2-00007.jpg",464.155347749098,200.894438408194
61,"207_fs2-00007.jpg",464.514735971072,201.487451637685
62,"207_fs2-00007.jpg",464.877753864902,202.076604711756
63,"207_fs2-00007.jpg",465.244593676903,202.661765404311
64,"207_fs2-00007.jpg",465.615447653386,203.242801489253
65,"207_fs2-00007.jpg",465.990508040664,203.819580740484
66,"207_fs2-00007.jpg",466.369967085049,204.391970931909
67,"207_fs2-00007.jpg",466.754017032855,204.95983983743
68,"207_fs2-00007.jpg",467.142850130394,205.52305523095
69,"207_fs2-00007.jpg",467.536686439349,206.081484939825
70,"207_fs2-00007.jpg",467.93944109438,206.635088355718
71,"207_fs2-00007.jpg",468.353282469167,207.184104116775
72,"207_fs2-00007.jpg",468.777485246991,207.728823905614
73,"207_fs2-00007.jpg",469.211324111135,208.269539404854
74,"207_fs2-00007.jpg",469.65407374488,208.806542297113
75,"207_fs2-00007.jpg",470.105008831509,209.34012426501
76,"207_fs2-00007.jpg",470.563404054304,209.870576991163
77,"207_fs2-00007.jpg",471.028534096548,210.398192158192
78,"207_fs2-00007.jpg",471.499673641521,210.923261448713
79,"207_fs2-00007.jpg",471.976097372506,211.446076545346
80,"207_fs2-00007.jpg",472.457079972786,211.96692913071
81,"207_fs2-00007.jpg",472.941896125642,212.486110887422
82,"207_fs2-00007.jpg",473.429820514357,213.003913498101
83,"207_fs2-00007.jpg",473.920127822212,213.520628645367
84,"207_fs2-00007.jpg",474.41209273249,214.036548011836
85,"207_fs2-00007.jpg",474.904989928472,214.551963280129
86,"207_fs2-00007.jpg",475.398094093442,215.067166132863
87,"207_fs2-00007.jpg",475.89067991068,215.582448252656
88,"207_fs2-00007.jpg",476.382022063469,216.098101322128
89,"207_fs2-00007.jpg",476.871395235092,216.614417023896
90,"207_fs2-00007.jpg",477.35807410883,217.13168704058
91,"207_fs2-00007.jpg",477.841333367965,217.650203054798
92,"207_fs2-00007.jpg",478.32044769578,218.170256749168
93,"207_fs2-00007.jpg",478.794691775556,218.692139806309
94,"207_fs2-00007.jpg",479.263340290576,219.216143908838
95,"207_fs2-00007.jpg",479.725667924122,219.742560739376
96,"207_fs2-00007.jpg",480.180949359475,220.27168198054
97,"207_fs2-00007.jpg",480.628459279919,220.803799314949
98,"207_fs2-00007.jpg",481.067472368734,221.339204425221
99,"207_fs2-00007.jpg",481.497263309204,221.878188993975
100,"207_fs2-00007.jpg",481.91710678461,222.421044703829
101,"207_fs2-00007.jpg",482.326277478234,222.968063237402
102,"207_fs2-00007.jpg",482.726422997403,223.519518195083
103,"207_fs2-00007.jpg",483.12531370179,224.075456955858
104,"207_fs2-00007.jpg",483.523427492129,224.635772966185
105,"207_fs2-00007.jpg",483.920544413029,225.200356723233
106,"207_fs2-00007.jpg",484.316444509101,225.769098724169
107,"207_fs2-00007.jpg",484.710907824954,226.341889466161
108,"207_fs2-00007.jpg",485.103714405198,226.918619446378
109,"207_fs2-00007.jpg",485.494644294443,227.499179161987
110,"207_fs2-00007.jpg",485.883477537299,228.083459110157
111,"207_fs2-00007.jpg",486.269994178376,228.671349788056
112,"207_fs2-00007.jpg",486.653974262282,229.262741692852
113,"207_fs2-00007.jpg",487.035197833629,229.857525321713
114,"207_fs2-00007.jpg",487.413444937026,230.455591171807
115,"207_fs2-00007.jpg",487.788495617083,231.056829740302
116,"207_fs2-00007.jpg",488.160129918409,231.661131524366
117,"207_fs2-00007.jpg",488.528127885615,232.268387021168
118,"207_fs2-00007.jpg",488.89226956331,232.878486727875
119,"207_fs2-00007.jpg",489.252334996105,233.491321141656
120,"207_fs2-00007.jpg",489.608104228608,234.106780759679
121,"207_fs2-00007.jpg",489.95935730543,234.724756079112
122,"207_fs2-00007.jpg",490.305874271181,235.345137597122
123,"207_fs2-00007.jpg",490.647435170469,235.967815810879
124,"207_fs2-00007.jpg",490.983820047906,236.592681217549
125,"207_fs2-00007.jpg",491.314808948102,237.219624314302
126,"207_fs2-00007.jpg",491.640181915665,237.848535598306
127,"207_fs2-00007.jpg",491.959718995205,238.479305566727
128,"207_fs2-00007.jpg",492.273200231333,239.111824716736
129,"207_fs2-00007.jpg",492.580405668658,239.745983545498
130,"207_fs2-00007.jpg",492.881115351791,240.381672550184
131,"207_fs2-00007.jpg",493.17510932534,241.018782227961
132,"207_fs2-00007.jpg",493.462167633917,241.657203075996
133,"207_fs2-00007.jpg",493.742070322129,242.296825591459
134,"207_fs2-00007.jpg",494.014597434588,242.937540271517
135,"207_fs2-00007.jpg",494.280308018469,243.579238674756
136,"207_fs2-00007.jpg",494.548487151659,244.221872214608
137,"207_fs2-00007.jpg",494.821336225541,244.865482941702
138,"207_fs2-00007.jpg",495.098139049647,245.510120458798
139,"207_fs2-00007.jpg",495.378179433508,246.155834368655
140,"207_fs2-00007.jpg",495.660741186656,246.802674274033
141,"207_fs2-00007.jpg",495.945108118622,247.45068977769
142,"207_fs2-00007.jpg",496.23056403894,248.099930482387
143,"207_fs2-00007.jpg",496.516392757139,248.750445990883
144,"207_fs2-00007.jpg",496.801878082752,249.402285905938
145,"207_fs2-00007.jpg",497.086303825311,250.05549983031
146,"207_fs2-00007.jpg",497.368953794348,250.71013736676
147,"207_fs2-00007.jpg",497.649111799393,251.366248118047
148,"207_fs2-00007.jpg",497.92606164998,252.02388168693
149,"207_fs2-00007.jpg",498.199087155639,252.683087676169
150,"207_fs2-00007.jpg",498.467472125903,253.343915688524
151,"207_fs2-00007.jpg",498.730500370303,254.006415326753
152,"207_fs2-00007.jpg",498.98745569837,254.670636193617
153,"207_fs2-00007.jpg",499.237621919637,255.336627891875
154,"207_fs2-00007.jpg",499.480282843636,256.004440024286
155,"207_fs2-00007.jpg",499.714722279897,256.674122193609
156,"207_fs2-00007.jpg",499.940224037953,257.345724002605
157,"207_fs2-00007.jpg",500.156071927336,258.019295054033
158,"207_fs2-00007.jpg",500.361549757577,258.694884950653
159,"207_fs2-00007.jpg",500.555941338209,259.372543295223
160,"207_fs2-00007.jpg",500.738530478761,260.052319690503
161,"207_fs2-00007.jpg",500.908600988768,260.734263739253
162,"207_fs2-00007.jpg",501.065436677759,261.418425044232
163,"207_fs2-00007.jpg",501.208321355268,262.1048532082
164,"207_fs2-00007.jpg",501.336538830825,262.793597833916
165,"207_fs2-00007.jpg",501.449372913963,263.48470852414
166,"207_fs2-00007.jpg",501.546107414213,264.178234881631
167,"207_fs2-00007.jpg",501.626026141106,264.874226509149
168,"207_fs2-00007.jpg",501.688412904176,265.572733009453
169,"207_fs2-00007.jpg",501.732551512952,266.273803985302
170,"207_fs2-00007.jpg",501.757725776968,266.977489039457
171,"207_fs2-00007.jpg",501.763450004765,267.683836351287
172,"207_fs2-00007.jpg",501.755398352674,268.392671818046
173,"207_fs2-00007.jpg",501.736587972543,269.103359687108
174,"207_fs2-00007.jpg",501.707436415479,269.815206732318
175,"207_fs2-00007.jpg",501.66836123259,270.527519727525
176,"207_fs2-00007.jpg",501.619779974986,271.239605446573
177,"207_fs2-00007.jpg",501.562110193774,271.95077066331
178,"207_fs2-00007.jpg",501.495769440062,272.660322151582
179,"207_fs2-00007.jpg",501.421175264958,273.367566685235
180,"207_fs2-00007.jpg",501.338745219571,274.071811038115
181,"207_fs2-00007.jpg",501.248896855009,274.772361984068
182,"207_fs2-00007.jpg",501.15204772238,275.468526296942
183,"207_fs2-00007.jpg",501.048615372792,276.159610750583
184,"207_fs2-00007.jpg",500.939017357354,276.844922118836
185,"207_fs2-00007.jpg",500.823671227173,277.523767175548
186,"207_fs2-00007.jpg",500.702994533358,278.195452694566
187,"207_fs2-00007.jpg",500.577404827017,278.859285449736
188,"207_fs2-00007.jpg",500.442418904103,279.514572214904
189,"207_fs2-00007.jpg",500.25706407862,280.160619763917
190,"207_fs2-00007.jpg",500.016031842432,280.796734870621
191,"207_fs2-00007.jpg",499.724272103624,281.422224308862
192,"207_fs2-00007.jpg",499.386734770284,282.036394852487
193,"207_fs2-00007.jpg",499.0083697505,282.638553275342
194,"207_fs2-00007.jpg",498.594126952359,283.228006351273
195,"207_fs2-00007.jpg",498.148956283948,283.804060854127
196,"207_fs2-00007.jpg",497.677807653354,284.36602355775
197,"207_fs2-00007.jpg",497.185630968664,284.913201235989
198,"207_fs2-00007.jpg",496.677376137966,285.444900662689
199,"207_fs2-00007.jpg",496.157993069347,285.960428611698
200,"207_fs2-00007.jpg",495.632431670893,286.459091856861
1,"207_fs2-00008.jpg",447.833,148.833
2,"207_fs2-00008.jpg",447.834422692201,149.550146693371
3,"207_fs2-00008.jpg",447.838663161025,150.266911494828
4,"207_fs2-00008.jpg",447.845679994805,150.983263000954
5,"207_fs2-00008.jpg",447.855431781874,151.69916980833
6,"207_fs2-00008.jpg",447.867877110564,152.414600513539
7,"207_fs2-00008.jpg",447.882974569208,153.129523713162
8,"207_fs2-00008.jpg",447.90068274614,153.843908003783
9,"207_fs2-00008.jpg",447.920960229691,154.557721981983
10,"207_fs2-00008.jpg",447.943765608194,155.270934244345
11,"207_fs2-00008.jpg",447.969057469982,155.98351338745
12,"207_fs2-00008.jpg",447.996794403389,156.69542800788
13,"207_fs2-00008.jpg",448.026934996745,157.406646702219
14,"207_fs2-00008.jpg",448.059437838385,158.117138067048
15,"207_fs2-00008.jpg",448.094261516641,158.826870698949
16,"207_fs2-00008.jpg",448.131364619846,159.535813194505
17,"207_fs2-00008.jpg",448.170705736332,160.243934150297
18,"207_fs2-00008.jpg",448.212243454432,160.951202162908
19,"207_fs2-00008.jpg",448.255936362479,161.65758582892
20,"207_fs2-00008.jpg",448.301743048806,162.363053744915
21,"207_fs2-00008.jpg",448.349622101745,163.067574507475
22,"207_fs2-00008.jpg",448.399532109628,163.771116713183
23,"207_fs2-00008.jpg",448.45143166079,164.473648958621
24,"207_fs2-00008.jpg",448.505279343562,165.17513984037
25,"207_fs2-00008.jpg",448.561033746278,165.875557955013
26,"207_fs2-00008.jpg",448.618653457269,166.574871899133
27,"207_fs2-00008.jpg",448.678097064869,167.273050269311
28,"207_fs2-00008.jpg",448.73932315741,167.970061662129
29,"207_fs2-00008.jpg",448.802290323225,168.665874674171
30,"207_fs2-00008.jpg",448.866957150647,169.360457902016
31,"207_fs2-00008.jpg",448.933282228009,170.05377994225
32,"207_fs2-00008.jpg",449.001224143643,170.745809391452
33,"207_fs2-00008.jpg",449.070741485882,171.436514846206
34,"207_fs2-00008.jpg",449.141792843058,172.125864903093
35,"207_fs2-00008.jpg",449.214336803505,172.813828158696
36,"207_fs2-00008.jpg",449.288331955555,173.500373209597
37,"207_fs2-00008.jpg",449.363736887541,174.185468652378
38,"207_fs2-00008.jpg",449.440510187795,174.869083083621
39,"207_fs2-00008.jpg",449.518610444651,175.551185099909
40,"207_fs2-00008.jpg",449.597996246441,176.231743297823
41,"207_fs2-00008.jpg",449.678626181498,176.910726273946
42,"207_fs2-00008.jpg",449.760458838154,177.58810262486
43,"207_fs2-00008.jpg",449.844413840463,178.263840947148
44,"207_fs2-00008.jpg",449.943628692998,178.93790983739
45,"207_fs2-00008.jpg",450.061758927204,179.61027789217
46,"207_fs2-00008.jpg",450.198125485141,180.28091370807
47,"207_fs2-00008.jpg",450.352049308865,180.949785881671
48,"207_fs2-00008.jpg",450.522851340434,181.616863009557
49,"207_fs2-00008.jpg",450.709852521905,182.282113688308
50,"207_fs2-00008.jpg",450.912373795337,182.945506514508
51,"207_fs2-00008.jpg",451.129736102787,183.607010084738
52,"207_fs2-00008.jpg",451.361260386312,184.266592995582
53,"207_fs2-00008.jpg",451.606267587971,184.92422384362
54,"207_fs2-00008.jpg",451.86407864982,185.579871225435
55,"207_fs2-00008.jpg",452.134014513918,186.233503737609
56,"207_fs2-00008.jpg",452.415396122323,186.885089976724
57,"207_fs2-00008.jpg",452.707544417091,187.534598539364
58,"207_fs2-00008.jpg",453.009780340281,188.181998022108
59,"207_fs2-00008.jpg",453.32142483395,188.827257021541
60,"207_fs2-00008.jpg",453.641798840156,189.470344134244
61,"207_fs2-00008.jpg",453.970223300956,190.111227956799
62,"207_fs2-00008.jpg",454.306019158408,190.749877085789
63,"207_fs2-00008.jpg",454.648507354571,191.386260117795
64,"207_fs2-00008.jpg",454.9970088315,192.0203456494
65,"207_fs2-00008.jpg",455.350844531255,192.652102277186
66,"207_fs2-00008.jpg",455.709335395892,193.281498597734
67,"207_fs2-00008.jpg",456.07180236747,193.908503207629
68,"207_fs2-00008.jpg",456.437566388046,194.53308470345
69,"207_fs2-00008.jpg",456.805948399678,195.155211681782
70,"207_fs2-00008.jpg",457.176269344423,195.774852739205
71,"207_fs2-00008.jpg",457.547850164339,196.391976472302
72,"207_fs2-00008.jpg",457.920011801483,197.006551477655
73,"207_fs2-00008.jpg",458.292075197914,197.618546351846
74,"207_fs2-00008.jpg",458.663361295689,198.227929691459
75,"207_fs2-00008.jpg",459.033191036865,198.834670093073
76,"207_fs2-00008.jpg",459.400885363501,199.438736153273
77,"207_fs2-00008.jpg",459.765765217653,200.040096468639
78,"207_fs2-00008.jpg",460.12715154138,200.638719635755
79,"207_fs2-00008.jpg",460.48436527674,201.234574251202
80,"207_fs2-00008.jpg",460.838969113652,201.827630554005
81,"207_fs2-00008.jpg",461.200722447292,202.417886564634
82,"207_fs2-00008.jpg",461.570570412846,203.005363457855
83,"207_fs2-00008.jpg",461.948190676024,203.590083115808
84,"207_fs2-00008.jpg",462.333260902537,204.172067420634
85,"207_fs2-00008.jpg",462.725458758094,204.751338254475
86,"207_fs2-00008.jpg",463.124461908404,205.32791749947
87,"207_fs2-00008.jpg",463.529948019178,205.901827037759
88,"207_fs2-00008.jpg",463.941594756126,206.473088751484
89,"207_fs2-00008.jpg",464.359079784956,207.041724522785
90,"207_fs2-00008.jpg",464.782080771379,207.607756233803
91,"207_fs2-00008.jpg",465.210275381104,208.171205766678
92,"207_fs2-00008.jpg",465.643341279843,208.73209500355
93,"207_fs2-00008.jpg",466.080956133303,209.29044582656
94,"207_fs2-00008.jpg",466.522797607195,209.846280117849
95,"207_fs2-00008.jpg",466.968543367229,210.399619759558
96,"207_fs2-00008.jpg",467.417871079114,210.950486633826
97,"207_fs2-00008.jpg",467.87045840856,211.498902622794
98,"207_fs2-00008.jpg",468.325983021278,212.044889608604
99,"207_fs2-00008.jpg",468.784122582976,212.588469473394
100,"207_fs2-00008.jpg",469.244554759365,213.129664099307
101,"207_fs2-00008.jpg",469.706957216154,213.668495368482
102,"207_fs2-00008.jpg",470.171007619054,214.20498516306
103,"207_fs2-00008.jpg",470.636383633773,214.739155365182
104,"207_fs2-00008.jpg",471.102762926022,215.271027856987
105,"207_fs2-00008.jpg",471.56982316151,215.800624520618
106,"207_fs2-00008.jpg",472.037242005948,216.327967238214
107,"207_fs2-00008.jpg",472.504697125045,216.853077891915
108,"207_fs2-00008.jpg",472.97186618451,217.375978363863
109,"207_fs2-00008.jpg",473.438426850054,217.896690536197
110,"207_fs2-00008.jpg",473.904056787386,218.415236291059
111,"207_fs2-00008.jpg",474.368433662217,218.931637510589
112,"207_fs2-00008.jpg",474.831235140255,219.445916076927
113,"207_fs2-00008.jpg",475.293196486646,219.958097189904
114,"207_fs2-00008.jpg",475.760341818427,220.468283345766
115,"207_fs2-00008.jpg",476.233252618634,220.976654890959
116,"207_fs2-00008.jpg",476.711421569694,221.483395600373
117,"207_fs2-00008.jpg",477.194341354031,221.988689248903
118,"207_fs2-00008.jpg",477.681504654073,222.49271961144
119,"207_fs2-00008.jpg",478.172404152245,222.995670462876
120,"207_fs2-00008.jpg",478.666532530973,223.497725578104
121,"207_fs2-00008.jpg",479.163382472684,223.999068732017
122,"207_fs2-00008.jpg",479.662446659803,224.499883699506
123,"207_fs2-00008.jpg",480.163217774757,225.000354255465
124,"207_fs2-00008.jpg",480.665188499971,225.500664174784
125,"207_fs2-00008.jpg",481.167851517872,226.000997232358
126,"207_fs2-00008.jpg",481.670699510886,226.501537203078
127,"207_fs2-00008.jpg",482.173225161438,227.002467861836
128,"207_fs2-00008.jpg",482.674921151956,227.503972983526
129,"207_fs2-00008.jpg",483.175280164864,228.006236343039
130,"207_fs2-00008.jpg",483.673794882589,228.509441715267
131,"207_fs2-00008.jpg",484.169957987557,229.013772875104
132,"207_fs2-00008.jpg",484.663262162195,229.519413597441
133,"207_fs2-00008.jpg",485.153200088928,230.026547657171
134,"207_fs2-00008.jpg",485.639264450181,230.535358829186
135,"207_fs2-00008.jpg",486.120947928382,231.046030888379
136,"207_fs2-00008.jpg",486.597743205957,231.558747609642
137,"207_fs2-00008.jpg",487.069142965331,232.073692767868
138,"207_fs2-00008.jpg",487.53463988893,232.591050137948
139,"207_fs2-00008.jpg",487.993726659181,233.111003494775
140,"207_fs2-00008.jpg",488.445967580372,233.633736599062
141,"207_fs2-00008.jpg",488.902086507638,234.159403632725
142,"207_fs2-00008.jpg",489.3687602282,234.688066892223
143,"207_fs2-00008.jpg",489.844148225602,235.219770884014
144,"207_fs2-00008.jpg",490.32640998339,235.754560114555
145,"207_fs2-00008.jpg",490.813704985109,236.292479090303
146,"207_fs2-00008.jpg",491.304192714305,236.833572317715
147,"207_fs2-00008.jpg",491.796032654523,237.37788430325
148,"207_fs2-00008.jpg",492.287384289309,237.925459553365
149,"207_fs2-00008.jpg",492.776407102208,238.476342574517
150,"207_fs2-00008.jpg",493.261260576765,239.030577873163
151,"207_fs2-00008.jpg",493.740104196526,239.588209955762
152,"207_fs2-00008.jpg",494.211097445037,240.14928332877
153,"207_fs2-00008.jpg",494.672399805842,240.713842498645
154,"207_fs2-00008.jpg",495.122170762488,241.281931971844
155,"207_fs2-00008.jpg",495.55856979852,241.853596254826
156,"207_fs2-00008.jpg",495.979756397483,242.428879854047
157,"207_fs2-00008.jpg",496.383890042922,243.007827275964
158,"207_fs2-00008.jpg",496.769130218384,243.590483027036
159,"207_fs2-00008.jpg",497.133636407413,244.17689161372
160,"207_fs2-00008.jpg",497.475568093555,244.767097542473
161,"207_fs2-00008.jpg",497.793084760356,245.361145319752
162,"207_fs2-00008.jpg",498.08434589136,245.959079452016
163,"207_fs2-00008.jpg",498.347510970115,246.560944445721
164,"207_fs2-00008.jpg",498.580739480164,247.166784807325
165,"207_fs2-00008.jpg",498.786065189432,247.776645043286
166,"207_fs2-00008.jpg",498.986051882955,248.39056966006
167,"207_fs2-00008.jpg",499.184445645277,249.008603164107
168,"207_fs2-00008.jpg",499.380995486091,249.630790061881
169,"207_fs2-00008.jpg",499.575450415085,250.257174859843
170,"207_fs2-00008.jpg",499.767559441951,250.887802064448
171,"207_fs2-00008.jpg",499.957071576379,251.522716182154
172,"207_fs2-00008.jpg",500.143735828061,252.161961719419
173,"207_fs2-00008.jpg",500.327301206686,252.8055831827
174,"207_fs2-00008.jpg",500.507516721945,253.453625078454
175,"207_fs2-00008.jpg",500.684131383528,254.10613191314
176,"207_fs2-00008.jpg",500.856894201127,254.763148193214
177,"207_fs2-00008.jpg",501.025554184432,255.424718425134
178,"207_fs2-00008.jpg",501.189860343133,256.090887115358
179,"207_fs2-00008.jpg",501.349561686922,256.761698770342
180,"207_fs2-00008.jpg",501.504407225487,257.437197896545
181,"207_fs2-00008.jpg",501.654145968522,258.117429000423
182,"207_fs2-00008.jpg",501.798526925715,258.802436588435
183,"207_fs2-00008.jpg",501.937299106757,259.492265167038
184,"207_fs2-00008.jpg",502.070211521339,260.186959242688
185,"207_fs2-00008.jpg",502.197013179152,260.886563321845
186,"207_fs2-00008.jpg",502.317453089886,261.591121910964
187,"207_fs2-00008.jpg",502.431280263232,262.300679516504
188,"207_fs2-00008.jpg",502.53824370888,263.015280644922
189,"207_fs2-00008.jpg",502.638092436521,263.734969802675
190,"207_fs2-00008.jpg",502.730575455846,264.459791496222
191,"207_fs2-00008.jpg",502.815441776544,265.189790232018
192,"207_fs2-00008.jpg",502.892440408307,265.925010516523
193,"207_fs2-00008.jpg",502.961320360826,266.665496856193
194,"207_fs2-00008.jpg",503.02183064379,267.411293757485
195,"207_fs2-00008.jpg",503.073720266891,268.162445726858
196,"207_fs2-00008.jpg",503.116738239819,268.918997270768
197,"207_fs2-00008.jpg",503.150633572264,269.680992895674
198,"207_fs2-00008.jpg",503.175155273918,270.448477108032
199,"207_fs2-00008.jpg",503.190052354471,271.2214944143
200,"207_fs2-00008.jpg",503.195073823612,272.000089320936
1,"207_fs2-00009.jpg",447.167,132.5
2,"207_fs2-00009.jpg",447.104733334344,133.240402761489
3,"207_fs2-00009.jpg",447.04615723302,133.982115792826
4,"207_fs2-00009.jpg",446.991158950328,134.725092360944
5,"207_fs2-00009.jpg",446.939625740568,135.469285732781
6,"207_fs2-00009.jpg",446.891444858041,136.214649175269
7,"207_fs2-00009.jpg",446.846503557048,136.961135955346
8,"207_fs2-00009.jpg",446.804689091889,137.708699339946
9,"207_fs2-00009.jpg",446.765888716865,138.457292596005
10,"207_fs2-00009.jpg",446.729989686277,139.206868990457
11,"207_fs2-00009.jpg",446.696879254425,139.957381790237
12,"207_fs2-00009.jpg",446.666444675609,140.708784262282
13,"207_fs2-00009.jpg",446.638573204131,141.461029673527
14,"207_fs2-00009.jpg",446.61315209429,142.214071290905
15,"207_fs2-00009.jpg",446.590068600389,142.967862381354
16,"207_fs2-00009.jpg",446.569209976726,143.722356211808
17,"207_fs2-00009.jpg",446.550463477602,144.477506049201
18,"207_fs2-00009.jpg",446.533716357319,145.233265160471
19,"207_fs2-00009.jpg",446.518855870177,145.989586812551
20,"207_fs2-00009.jpg",446.505769270477,146.746424272377
21,"207_fs2-00009.jpg",446.494343812518,147.503730806884
22,"207_fs2-00009.jpg",446.484466750602,148.261459683007
23,"207_fs2-00009.jpg",446.476025339029,149.019564167682
24,"207_fs2-00009.jpg",446.4689068321,149.777997527844
25,"207_fs2-00009.jpg",446.462998484115,150.536713030428
26,"207_fs2-00009.jpg",446.458187549376,151.295663942369
27,"207_fs2-00009.jpg",446.454361282182,152.054803530603
28,"207_fs2-00009.jpg",446.451406936834,152.814085062065
29,"207_fs2-00009.jpg",446.449211767633,153.573461803689
30,"207_fs2-00009.jpg",446.447663028879,154.332887022412
31,"207_fs2-00009.jpg",446.446647974874,155.092313985168
32,"207_fs2-00009.jpg",446.446053859916,155.851695958893
33,"207_fs2-00009.jpg",446.445767938308,156.610986210522
34,"207_fs2-00009.jpg",446.44567746435,157.37013800699
35,"207_fs2-00009.jpg",446.445968029447,158.129104615232
36,"207_fs2-00009.jpg",446.452327500829,158.887839302184
37,"207_fs2-00009.jpg",446.466756283182,159.64629533478
38,"207_fs2-00009.jpg",446.488979616909,160.404425979957
39,"207_fs2-00009.jpg",446.51872274241,161.162184504649
40,"207_fs2-00009.jpg",446.555710900087,161.919524175792
41,"207_fs2-00009.jpg",446.599669330343,162.67639826032
42,"207_fs2-00009.jpg",446.650323273578,163.432760025169
43,"207_fs2-00009.jpg",446.707397970195,164.188562737275
44,"207_fs2-00009.jpg",446.770618660596,164.943759663572
45,"207_fs2-00009.jpg",446.839710585181,165.698304070995
46,"207_fs2-00009.jpg",446.914398984353,166.452149226481
47,"207_fs2-00009.jpg",446.994409098514,167.205248396963
48,"207_fs2-00009.jpg",447.079466168064,167.957554849378
49,"207_fs2-00009.jpg",447.169295433407,168.70902185066
50,"207_fs2-00009.jpg",447.263622134943,169.459602667746
51,"207_fs2-00009.jpg",447.362171513074,170.209250567569
52,"207_fs2-00009.jpg",447.464668808202,170.957918817066
53,"207_fs2-00009.jpg",447.570839260729,171.705560683171
54,"207_fs2-00009.jpg",447.680408111056,172.452129432819
55,"207_fs2-00009.jpg",447.793100599585,173.197578332947
56,"207_fs2-00009.jpg",447.908641966717,173.941860650489
57,"207_fs2-00009.jpg",448.026757452856,174.68492965238
58,"207_fs2-00009.jpg",448.147172298401,175.426738605556
59,"207_fs2-00009.jpg",448.269611743755,176.167240776952
60,"207_fs2-00009.jpg",448.39380102932,176.906389433503
61,"207_fs2-00009.jpg",448.519465395497,177.644137842144
62,"207_fs2-00009.jpg",448.646330082688,178.380439269811
63,"207_fs2-00009.jpg",448.774120331294,179.115246983439
64,"207_fs2-00009.jpg",448.908728206007,179.848507554538
65,"207_fs2-00009.jpg",449.059497273405,180.580128599217
66,"207_fs2-00009.jpg",449.226008794568,181.31000368209
67,"207_fs2-00009.jpg",449.407720221909,182.038026348883
68,"207_fs2-00009.jpg",449.604089007841,182.764090145323
69,"207_fs2-00009.jpg",449.814572604778,183.488088617136
70,"207_fs2-00009.jpg",450.038628465131,184.209915310048
71,"207_fs2-00009.jpg",450.275714041315,184.929463769784
72,"207_fs2-00009.jpg",450.525286785742,185.646627542071
73,"207_fs2-00009.jpg",450.786804150826,186.361300172636
74,"207_fs2-00009.jpg",451.059723588979,187.073375207204
75,"207_fs2-00009.jpg",451.343502552615,187.782746191501
76,"207_fs2-00009.jpg",451.637598494148,188.489306671253
77,"207_fs2-00009.jpg",451.941468865988,189.192950192187
78,"207_fs2-00009.jpg",452.254571120552,189.893570300029
79,"207_fs2-00009.jpg",452.57636271025,190.591060540504
80,"207_fs2-00009.jpg",452.906301087496,191.285314459339
81,"207_fs2-00009.jpg",453.243843704704,191.97622560226
82,"207_fs2-00009.jpg",453.588448014287,192.663687514993
83,"207_fs2-00009.jpg",453.939571468657,193.347593743265
84,"207_fs2-00009.jpg",454.296671520227,194.0278378328
85,"207_fs2-00009.jpg",454.659205621412,194.704313329326
86,"207_fs2-00009.jpg",455.026631224623,195.376913778569
87,"207_fs2-00009.jpg",455.398405782274,196.045532726254
88,"207_fs2-00009.jpg",455.773986746779,196.710063718107
89,"207_fs2-00009.jpg",456.152831570549,197.370400299856
90,"207_fs2-00009.jpg",456.534397705999,198.026436017225
91,"207_fs2-00009.jpg",456.918142605542,198.678064415942
92,"207_fs2-00009.jpg",457.30352372159,199.325179041731
93,"207_fs2-00009.jpg",457.689998506556,199.96767344032
94,"207_fs2-00009.jpg",458.077024412855,200.605441157434
95,"207_fs2-00009.jpg",458.464058892898,201.2383757388
96,"207_fs2-00009.jpg",458.850559399099,201.866370730143
97,"207_fs2-00009.jpg",459.242244649692,202.489335296338
98,"207_fs2-00009.jpg",459.647648197023,203.107262717935
99,"207_fs2-00009.jpg",460.066303961853,203.720174466951
100,"207_fs2-00009.jpg",460.497670981659,204.32809203583
101,"207_fs2-00009.jpg",460.941208293917,204.931036917017
102,"207_fs2-00009.jpg",461.396374936106,205.529030602957
103,"207_fs2-00009.jpg",461.862629945702,206.122094586095
104,"207_fs2-00009.jpg",462.339432360183,206.710250358876
105,"207_fs2-00009.jpg",462.826241217025,207.293519413746
106,"207_fs2-00009.jpg",463.322515553706,207.871923243149
107,"207_fs2-00009.jpg",463.827714407704,208.445483339531
108,"207_fs2-00009.jpg",464.341296816494,209.014221195336
109,"207_fs2-00009.jpg",464.862721817555,209.57815830301
110,"207_fs2-00009.jpg",465.391448448363,210.137316154997
111,"207_fs2-00009.jpg",465.926935746395,210.691716243743
112,"207_fs2-00009.jpg",466.46864274913,211.241380061693
113,"207_fs2-00009.jpg",467.016028494043,211.786329101291
114,"207_fs2-00009.jpg",467.568552018613,212.326584854984
115,"207_fs2-00009.jpg",468.125672360316,212.862168815215
116,"207_fs2-00009.jpg",468.686848556629,213.393102474431
117,"207_fs2-00009.jpg",469.25153964503,213.919407325075
118,"207_fs2-00009.jpg",469.819204662995,214.441104859593
119,"207_fs2-00009.jpg",470.389302648003,214.958216570431
120,"207_fs2-00009.jpg",470.961292637529,215.470763950032
121,"207_fs2-00009.jpg",471.534633669052,215.978768490843
122,"207_fs2-00009.jpg",472.108784780048,216.482251685309
123,"207_fs2-00009.jpg",472.683205007995,216.981235025873
124,"207_fs2-00009.jpg",473.257353390369,217.475740004982
125,"207_fs2-00009.jpg",473.830688964648,217.965788115081
126,"207_fs2-00009.jpg",474.40267076831,218.451400848614
127,"207_fs2-00009.jpg",474.97275783883,218.932599698027
128,"207_fs2-00009.jpg",475.540409213687,219.409406155764
129,"207_fs2-00009.jpg",476.105083930357,219.881841714271
130,"207_fs2-00009.jpg",476.666241026318,220.349927865993
131,"207_fs2-00009.jpg",477.223339539047,220.813686103375
132,"207_fs2-00009.jpg",477.783539629042,221.273202958099
133,"207_fs2-00009.jpg",478.357308263048,221.728924031407
134,"207_fs2-00009.jpg",478.943407580293,222.18141816116
135,"207_fs2-00009.jpg",479.540488290304,222.631254296088
136,"207_fs2-00009.jpg",480.147201102606,223.079001384924
137,"207_fs2-00009.jpg",480.762196726725,223.525228376398
138,"207_fs2-00009.jpg",481.384125872186,223.970504219243
139,"207_fs2-00009.jpg",482.011639248516,224.415397862188
140,"207_fs2-00009.jpg",482.643387565239,224.860478253967
141,"207_fs2-00009.jpg",483.278021531882,225.30631434331
142,"207_fs2-00009.jpg",483.914191857971,225.753475078948
143,"207_fs2-00009.jpg",484.550549253031,226.202529409613
144,"207_fs2-00009.jpg",485.185744426587,226.654046284037
145,"207_fs2-00009.jpg",485.818428088166,227.10859465095
146,"207_fs2-00009.jpg",486.447250947293,227.566743459084
147,"207_fs2-00009.jpg",487.070863713494,228.029061657171
148,"207_fs2-00009.jpg",487.687917096294,228.496118193942
149,"207_fs2-00009.jpg",488.29706180522,228.968482018128
150,"207_fs2-00009.jpg",488.896948549797,229.446722078461
151,"207_fs2-00009.jpg",489.48622803955,229.931407323672
152,"207_fs2-00009.jpg",490.063550984006,230.423106702492
153,"207_fs2-00009.jpg",490.62756809269,230.922389163653
154,"207_fs2-00009.jpg",491.176930075128,231.429823655887
155,"207_fs2-00009.jpg",491.710287640846,231.945979127924
156,"207_fs2-00009.jpg",492.226291499368,232.471424528496
157,"207_fs2-00009.jpg",492.723592360222,233.006728806334
158,"207_fs2-00009.jpg",493.200840932932,233.55246091017
159,"207_fs2-00009.jpg",493.656687927025,234.109189788736
160,"207_fs2-00009.jpg",494.094948564923,234.677464064373
161,"207_fs2-00009.jpg",494.54361274915,235.257379950893
162,"207_fs2-00009.jpg",495.004206723155,235.848589485932
163,"207_fs2-00009.jpg",495.473290362256,236.45072602738
164,"207_fs2-00009.jpg",495.947423541773,237.063422933128
165,"207_fs2-00009.jpg",496.423166137025,237.686313561066
166,"207_fs2-00009.jpg",496.897078023332,238.319031269087
167,"207_fs2-00009.jpg",497.365719076013,238.961209415079
168,"207_fs2-00009.jpg",497.825649170388,239.612481356934
169,"207_fs2-00009.jpg",498.273428181776,240.272480452543
170,"207_fs2-00009.jpg",498.705615985495,240.940840059796
171,"207_fs2-00009.jpg",499.118772456867,241.617193536584
172,"207_fs2-00009.jpg",499.509457471209,242.301174240797
173,"207_fs2-00009.jpg",499.874230903842,242.992415530328
174,"207_fs2-00009.jpg",500.209652630084,243.690550763065
175,"207_fs2-00009.jpg",500.512282525256,244.3952132969
176,"207_fs2-00009.jpg",500.778680464676,245.106036489724
177,"207_fs2-00009.jpg",501.005406323664,245.822653699427
178,"207_fs2-00009.jpg",501.189019977539,246.5446982839
179,"207_fs2-00009.jpg",501.326081301621,247.271803601034
180,"207_fs2-00009.jpg",501.413150171229,248.00360300872
181,"207_fs2-00009.jpg",501.446786461683,248.739729864848
182,"207_fs2-00009.jpg",501.447040099492,249.479817527308
183,"207_fs2-00009.jpg",501.446713100909,250.223499353993
184,"207_fs2-00009.jpg",501.445777363066,250.970408702791
185,"207_fs2-00009.jpg",501.443912293929,251.720178931595
186,"207_fs2-00009.jpg",501.440797301467,252.472443398295
187,"207_fs2-00009.jpg",501.436111793646,253.226835460781
188,"207_fs2-00009.jpg",501.429535178433,253.982988476944
189,"207_fs2-00009.jpg",501.420746863796,254.740535804675
190,"207_fs2-00009.jpg",501.409426257703,255.499110801866
191,"207_fs2-00009.jpg",501.395252768119,256.258346826405
192,"207_fs2-00009.jpg",501.377905803012,257.017877236185
193,"207_fs2-00009.jpg",501.357064770351,257.777335389095
194,"207_fs2-00009.jpg",501.332409078101,258.536354643027
195,"207_fs2-00009.jpg",501.30361813423,259.294568355871
196,"207_fs2-00009.jpg",501.270371346705,260.051609885519
197,"207_fs2-00009.jpg",501.232348123494,260.80711258986
198,"207_fs2-00009.jpg",501.189227872564,261.560709826785
199,"207_fs2-00009.jpg",501.140690001881,262.312034954186
200,"207_fs2-00009.jpg",501.086413919414,263.060721329952
1,"207_fs2-00010.jpg",452.833,120.5
2,"207_fs2-00010.jpg",452.445892912197,121.116653260549
3,"207_fs2-00010.jpg",452.063351362113,121.737401543282
4,"207_fs2-00010.jpg",451.68569280897,122.36216468368
5,"207_fs2-00010.jpg",451.313234711991,122.990862517222
6,"207_fs2-00010.jpg",450.946294530399,123.623414879389
7,"207_fs2-00010.jpg",450.585189723418,124.259741605663
8,"207_fs2-00010.jpg",450.23023775027,124.899762531522
9,"207_fs2-00010.jpg",449.881756070178,125.543397492448
10,"207_fs2-00010.jpg",449.540062142365,126.190566323921
11,"207_fs2-00010.jpg",449.205473426054,126.841188861422
12,"207_fs2-00010.jpg",448.878307380467,127.49518494043
13,"207_fs2-00010.jpg",448.558881464829,128.152474396428
14,"207_fs2-00010.jpg",448.247513138361,128.812977064894
15,"207_fs2-00010.jpg",447.944519860286,129.476612781309
16,"207_fs2-00010.jpg",447.650219089829,130.143301381154
17,"207_fs2-00010.jpg",447.36492828621,130.812962699909
18,"207_fs2-00010.jpg",447.088964908654,131.485516573055
19,"207_fs2-00010.jpg",446.822646416384,132.160882836073
20,"207_fs2-00010.jpg",446.566290268622,132.838981324441
21,"207_fs2-00010.jpg",446.320213924591,133.519731873642
22,"207_fs2-00010.jpg",446.084734843514,134.203054319155
23,"207_fs2-00010.jpg",445.860170484614,134.888868496462
24,"207_fs2-00010.jpg",445.646838307114,135.577094241041
25,"207_fs2-00010.jpg",445.445055770237,136.267651388375
26,"207_fs2-00010.jpg",445.255140333206,136.960459773943
27,"207_fs2-00010.jpg",445.077409455243,137.655439233226
28,"207_fs2-00010.jpg",444.912180595573,138.352509601703
29,"207_fs2-00010.jpg",444.759771213417,139.051590714857
30,"207_fs2-00010.jpg",444.61709736559,139.752602408167
31,"207_fs2-00010.jpg",444.475044918501,140.455464517113
32,"207_fs2-00010.jpg",444.333545543372,141.160096877176
33,"207_fs2-00010.jpg",444.193100075607,141.866419323837
34,"207_fs2-00010.jpg",444.054209350608,142.574351692575
35,"207_fs2-00010.jpg",443.917374203779,143.283813818872
36,"207_fs2-00010.jpg",443.783095470525,143.994725538208
37,"207_fs2-00010.jpg",443.651873986247,144.707006686063
38,"207_fs2-00010.jpg",443.524210586351,145.420577097918
39,"207_fs2-00010.jpg",443.400606106238,146.135356609253
40,"207_fs2-00010.jpg",443.281561381314,146.851265055549
41,"207_fs2-00010.jpg",443.16757724698,147.568222272286
42,"207_fs2-00010.jpg",443.059154538642,148.286148094944
43,"207_fs2-00010.jpg",442.956794091701,149.004962359005
44,"207_fs2-00010.jpg",442.860996741562,149.724584899947
45,"207_fs2-00010.jpg",442.772263323629,150.444935553253
46,"207_fs2-00010.jpg",442.691094673304,151.165934154402
47,"207_fs2-00010.jpg",442.617991625991,151.887500538875
48,"207_fs2-00010.jpg",442.553455017094,152.609554542152
49,"207_fs2-00010.jpg",442.497985682016,153.332015999714
50,"207_fs2-00010.jpg",442.45208445616,154.054804747041
51,"207_fs2-00010.jpg",442.416252174931,154.777840619613
52,"207_fs2-00010.jpg",442.390989673732,155.501043452912
53,"207_fs2-00010.jpg",442.376797787965,156.224333082417
54,"207_fs2-00010.jpg",442.374053001909,156.947629491891
55,"207_fs2-00010.jpg",442.38076274834,157.670866524099
56,"207_fs2-00010.jpg",442.395804385237,158.394002981408
57,"207_fs2-00010.jpg",442.418822739636,159.11700027845
58,"207_fs2-00010.jpg",442.449462638574,159.839819829858
59,"207_fs2-00010.jpg",442.487368909085,160.562423050263
60,"207_fs2-00010.jpg",442.532186378205,161.284771354298
61,"207_fs2-00010.jpg",442.58355987297,162.006826156594
62,"207_fs2-00010.jpg",442.641134220416,162.728548871785
63,"207_fs2-00010.jpg",442.704554247577,163.449900914502
64,"207_fs2-00010.jpg",442.773464781491,164.170843699377
65,"207_fs2-00010.jpg",442.847510649191,164.891338641043
66,"207_fs2-00010.jpg",442.926336677715,165.611347154131
67,"207_fs2-00010.jpg",443.009587694097,166.330830653274
68,"207_fs2-00010.jpg",443.096908525373,167.049750553105
69,"207_fs2-00010.jpg",443.187943998579,167.768068268254
70,"207_fs2-00010.jpg",443.28233894075,168.485745213355
71,"207_fs2-00010.jpg",443.379738178923,169.20274280304
72,"207_fs2-00010.jpg",443.479786540132,169.91902245194
73,"207_fs2-00010.jpg",443.582128851413,170.634545574688
74,"207_fs2-00010.jpg",443.686409939803,171.349273585917
75,"207_fs2-00010.jpg",443.792274632335,172.063167900257
76,"207_fs2-00010.jpg",443.899367756047,172.776189932342
77,"207_fs2-00010.jpg",444.007334137974,173.488301096804
78,"207_fs2-00010.jpg",444.115818605151,174.199462808274
79,"207_fs2-00010.jpg",444.225640267437,174.90963572919
80,"207_fs2-00010.jpg",444.345605966878,175.618756725093
81,"207_fs2-00010.jpg",444.477229695855,176.326734574314
82,"207_fs2-00010.jpg",444.620064083445,177.033476437526
83,"207_fs2-00010.jpg",444.773661758725,177.738889475403
84,"207_fs2-00010.jpg",444.937575350773,178.442880848618
85,"207_fs2-00010.jpg",445.111357488667,179.145357717845
86,"207_fs2-00010.jpg",445.294560801484,179.846227243758
87,"207_fs2-00010.jpg",445.486737918302,180.545396587031
88,"207_fs2-00010.jpg",445.687441468198,181.242772908336
89,"207_fs2-00010.jpg",445.89622408025,181.938263368349
90,"207_fs2-00010.jpg",446.112638383535,182.631775127741
91,"207_fs2-00010.jpg",446.336237007131,183.323215347188
92,"207_fs2-00010.jpg",446.566572580115,184.012491187363
93,"207_fs2-00010.jpg",446.803197731565,184.69950980894
94,"207_fs2-00010.jpg",447.04566509056,185.384178372591
95,"207_fs2-00010.jpg",447.293527286174,186.066404038991
96,"207_fs2-00010.jpg",447.546336947488,186.746093968814
97,"207_fs2-00010.jpg",447.803646703578,187.423155322733
98,"207_fs2-00010.jpg",448.065009183521,188.097495261422
99,"207_fs2-00010.jpg",448.329977016396,188.769020945554
100,"207_fs2-00010.jpg",448.598757415648,189.437638963245
101,"207_fs2-00010.jpg",448.878853361918,190.103224470454
102,"207_fs2-00010.jpg",449.172173174124,190.765605512725
103,"207_fs2-00010.jpg",449.478286284196,191.42460626553
104,"207_fs2-00010.jpg",449.796762124064,192.080050904338
105,"207_fs2-00010.jpg",450.127170125657,192.731763604623
106,"207_fs2-00010.jpg",450.469079720906,193.379568541855
107,"207_fs2-00010.jpg",450.82206034174,194.023289891505
108,"207_fs2-00010.jpg",451.185681420089,194.662751829045
109,"207_fs2-00010.jpg",451.559512387883,195.297778529947
110,"207_fs2-00010.jpg",451.943122677052,195.928194169682
111,"207_fs2-00010.jpg",452.336081719526,196.553822923721
112,"207_fs2-00010.jpg",452.737958947234,197.174488967536
113,"207_fs2-00010.jpg",453.148323792107,197.790016476597
114,"207_fs2-00010.jpg",453.566745686074,198.400229626378
115,"207_fs2-00010.jpg",453.992794061066,199.004952592348
116,"207_fs2-00010.jpg",454.426038349012,199.604009549979
117,"207_fs2-00010.jpg",454.866047981842,200.197224674743
118,"207_fs2-00010.jpg",455.312392391485,200.784422142111
119,"207_fs2-00010.jpg",455.764641009872,201.365426127554
120,"207_fs2-00010.jpg",456.222363268934,201.940060806545
121,"207_fs2-00010.jpg",456.685128600598,202.508150354553
122,"207_fs2-00010.jpg",457.152506436796,203.069518947052
123,"207_fs2-00010.jpg",457.624066209458,203.623990759511
124,"207_fs2-00010.jpg",458.099377350512,204.171389967403
125,"207_fs2-00010.jpg",458.578009291889,204.711540746199
126,"207_fs2-00010.jpg",459.05953146552,205.24426727137
127,"207_fs2-00010.jpg",459.543513303333,205.769393718387
128,"207_fs2-00010.jpg",460.029524237258,206.286744262723
129,"207_fs2-00010.jpg",460.517133699227,206.796143079848
130,"207_fs2-00010.jpg",461.005911121167,207.297414345234
131,"207_fs2-00010.jpg",461.49542593501,207.790382234353
132,"207_fs2-00010.jpg",461.985961913399,208.274873457189
133,"207_fs2-00010.jpg",462.489857369107,208.750953187751
134,"207_fs2-00010.jpg",463.010610059478,209.219116944442
135,"207_fs2-00010.jpg",463.54675470635,209.679905401321
136,"207_fs2-00010.jpg",464.096826031563,210.133859232442
137,"207_fs2-00010.jpg",464.659358756958,210.581519111865
138,"207_fs2-00010.jpg",465.232887604374,211.023425713646
139,"207_fs2-00010.jpg",465.815947295652,211.460119711842
140,"207_fs2-00010.jpg",466.407072552631,211.89214178051
141,"207_fs2-00010.jpg",467.004798097151,212.320032593706
142,"207_fs2-00010.jpg",467.607658651052,212.74433282549
143,"207_fs2-00010.jpg",468.214188936175,213.165583149916
144,"207_fs2-00010.jpg",468.822923674359,213.584324241043
145,"207_fs2-00010.jpg",469.432397587444,214.001096772927
146,"207_fs2-00010.jpg",470.04114539727,214.416441419625
147,"207_fs2-00010.jpg",470.647701825676,214.830898855196
148,"207_fs2-00010.jpg",471.250601594504,215.245009753695
149,"207_fs2-00010.jpg",471.848379425593,215.659314789179
150,"207_fs2-00010.jpg",472.439570040783,216.074354635707
151,"207_fs2-00010.jpg",473.022708161913,216.490669967334
152,"207_fs2-00010.jpg",473.596328510825,216.908801458118
153,"207_fs2-00010.jpg",474.160539866812,217.329285642139
154,"207_fs2-00010.jpg",474.728187460304,217.752503757782
155,"207_fs2-00010.jpg",475.301634197566,218.178638515642
156,"207_fs2-00010.jpg",475.879905090863,218.607859676097
157,"207_fs2-00010.jpg",476.462025152458,219.040336999528
158,"207_fs2-00010.jpg",477.047019394617,219.476240246312
159,"207_fs2-00010.jpg",477.633912829605,219.915739176828
160,"207_fs2-00010.jpg",478.221730469685,220.359003551455
161,"207_fs2-00010.jpg",478.809497327124,220.806203130573
162,"207_fs2-00010.jpg",479.396238414185,221.257507674559
163,"207_fs2-00010.jpg",479.980978743134,221.713086943793
164,"207_fs2-00010.jpg",480.562743326234,222.173110698654
165,"207_fs2-00010.jpg",481.140557175752,222.63774869952
166,"207_fs2-00010.jpg",481.713445303951,223.107170706771
167,"207_fs2-00010.jpg",482.280432723096,223.581546480784
168,"207_fs2-00010.jpg",482.840544445453,224.06104578194
169,"207_fs2-00010.jpg",483.392805483285,224.545838370616
170,"207_fs2-00010.jpg",483.936240848857,225.036094007192
171,"207_fs2-00010.jpg",484.469875554435,225.531982452046
172,"207_fs2-00010.jpg",484.992734612283,226.033673465558
173,"207_fs2-00010.jpg",485.503843034665,226.541336808106
174,"207_fs2-00010.jpg",486.002225833847,227.055142240069
175,"207_fs2-00010.jpg",486.486908022092,227.575259521825
176,"207_fs2-00010.jpg",486.956914611667,228.101858413755
177,"207_fs2-00010.jpg",487.411270614835,228.635108676236
178,"207_fs2-00010.jpg",487.849001043862,229.175180069647
179,"207_fs2-00010.jpg",488.269442840357,229.722242354368
180,"207_fs2-00010.jpg",488.680449769055,230.276465290777
181,"207_fs2-00010.jpg",489.085639417765,230.838018639252
182,"207_fs2-00010.jpg",489.484795626807,231.407072160173
183,"207_fs2-00010.jpg",489.877702236505,231.983795613919
184,"207_fs2-00010.jpg",490.264143087181,232.568358760869
185,"207_fs2-00010.jpg",490.643902019157,233.1609313614
186,"207_fs2-00010.jpg",491.016762872755,233.761683175893
187,"207_fs2-00010.jpg",491.382509488297,234.370783964726
188,"207_fs2-00010.jpg",491.740925706106,234.988403488277
189,"207_fs2-00010.jpg",492.091795366503,235.614711506927
190,"207_fs2-00010.jpg",492.434902309811,236.249877781052
191,"207_fs2-00010.jpg",492.770030376352,236.894072071033
192,"207_fs2-00010.jpg",493.096963406447,237.547464137248
193,"207_fs2-00010.jpg",493.41548524042,238.210223740077
194,"207_fs2-00010.jpg",493.725379718592,238.882520639897
195,"207_fs2-00010.jpg",494.026430681286,239.564524597087
196,"207_fs2-00010.jpg",494.318421968823,240.256405372028
197,"207_fs2-00010.jpg",494.601137421526,240.958332725096
198,"207_fs2-00010.jpg",494.874360879717,241.670476416672
199,"207_fs2-00010.jpg",495.137876183719,242.393006207134
200,"207_fs2-00010.jpg",495.391467173852,243.126091856861
1,"207_fs2-00011.jpg",462.5,111.5
2,"207_fs2-00011.jpg",461.990448308084,112.043378195289
3,"207_fs2-00011.jpg",461.484318731825,112.588954991508
4,"207_fs2-00011.jpg",460.981693197833,113.136742519901
5,"207_fs2-00011.jpg",460.482653632717,113.686752911708
6,"207_fs2-00011.jpg",459.987281963086,114.238998298172
7,"207_fs2-00011.jpg",459.495660115549,114.793490810533
8,"207_fs2-00011.jpg",459.007870016716,115.350242580034
9,"207_fs2-00011.jpg",458.523993593195,115.909265737917
10,"207_fs2-00011.jpg",458.044112771597,116.470572415422
11,"207_fs2-00011.jpg",457.568309478529,117.034174743792
12,"207_fs2-00011.jpg",457.096665640602,117.600084854268
13,"207_fs2-00011.jpg",456.629263184425,118.168314878093
14,"207_fs2-00011.jpg",456.166184036606,118.738876946506
15,"207_fs2-00011.jpg",455.707510123755,119.311783190751
16,"207_fs2-00011.jpg",455.253323372482,119.887045742069
17,"207_fs2-00011.jpg",454.803705709395,120.464676731702
18,"207_fs2-00011.jpg",454.358739061104,121.044688290891
19,"207_fs2-00011.jpg",453.918505354217,121.627092550877
20,"207_fs2-00011.jpg",453.483086515344,122.211901642904
21,"207_fs2-00011.jpg",453.052564471095,122.799127698211
22,"207_fs2-00011.jpg",452.627021148079,123.388782848041
23,"207_fs2-00011.jpg",452.206538472904,123.980879223636
24,"207_fs2-00011.jpg",451.79119837218,124.575428956237
25,"207_fs2-00011.jpg",451.381082772516,125.172444177086
26,"207_fs2-00011.jpg",450.976273600521,125.771937017425
27,"207_fs2-00011.jpg",450.576852782805,126.373919608494
28,"207_fs2-00011.jpg",450.182902245977,126.978404081537
29,"207_fs2-00011.jpg",449.794503916646,127.585402567794
30,"207_fs2-00011.jpg",449.411739721421,128.194927198507
31,"207_fs2-00011.jpg",449.034691586912,128.806990104918
32,"207_fs2-00011.jpg",448.663328501519,129.421603418269
33,"207_fs2-00011.jpg",448.287136537569,130.038779269801
34,"207_fs2-00011.jpg",447.900211125974,130.658529790755
35,"207_fs2-00011.jpg",447.503990242116,131.280867112374
36,"207_fs2-00011.jpg",447.099911861379,131.905803365899
37,"207_fs2-00011.jpg",446.689413959148,132.533350682572
38,"207_fs2-00011.jpg",446.273934510803,133.163521193635
39,"207_fs2-00011.jpg",445.854911491731,133.796327030328
40,"207_fs2-00011.jpg",445.433782877312,134.431780323895
41,"207_fs2-00011.jpg",445.011986642932,135.069893205576
42,"207_fs2-00011.jpg",444.590960763973,135.710677806613
43,"207_fs2-00011.jpg",444.172143215819,136.354146258247
44,"207_fs2-00011.jpg",443.756971973853,137.000310691721
45,"207_fs2-00011.jpg",443.346885013459,137.649183238277
46,"207_fs2-00011.jpg",442.94332031002,138.300776029155
47,"207_fs2-00011.jpg",442.547715838919,138.955101195597
48,"207_fs2-00011.jpg",442.161509575539,139.612170868846
49,"207_fs2-00011.jpg",441.786139495265,140.271997180142
50,"207_fs2-00011.jpg",441.423043573478,140.934592260728
51,"207_fs2-00011.jpg",441.073659785564,141.599968241845
52,"207_fs2-00011.jpg",440.739426106905,142.268137254734
53,"207_fs2-00011.jpg",440.421780512885,142.939111430638
54,"207_fs2-00011.jpg",440.122160978886,143.612902900798
55,"207_fs2-00011.jpg",439.842005480293,144.289523796455
56,"207_fs2-00011.jpg",439.582751992488,144.968986248853
57,"207_fs2-00011.jpg",439.345838490856,145.651302389231
58,"207_fs2-00011.jpg",439.132702950778,146.336484348831
59,"207_fs2-00011.jpg",438.94478334764,147.024544258897
60,"207_fs2-00011.jpg",438.783517656824,147.715494250668
61,"207_fs2-00011.jpg",438.650343853714,148.409346455387
62,"207_fs2-00011.jpg",438.546699913692,149.106113004295
63,"207_fs2-00011.jpg",438.474023812143,149.805806028634
64,"207_fs2-00011.jpg",438.433753524449,150.508437659646
65,"207_fs2-00011.jpg",438.425903305763,151.214019177919
66,"207_fs2-00011.jpg",438.430678640384,151.922502499165
67,"207_fs2-00011.jpg",438.441196319109,152.633742387338
68,"207_fs2-00011.jpg",438.457303213187,153.347584618709
69,"207_fs2-00011.jpg",438.478846193869,154.063874969551
70,"207_fs2-00011.jpg",438.505672132404,154.782459216136
71,"207_fs2-00011.jpg",438.537627900042,155.503183134737
72,"207_fs2-00011.jpg",438.574560368033,156.225892501624
73,"207_fs2-00011.jpg",438.616316407627,156.950433093072
74,"207_fs2-00011.jpg",438.662742890074,157.676650685352
75,"207_fs2-00011.jpg",438.713686686624,158.404391054735
76,"207_fs2-00011.jpg",438.768994668527,159.133499977496
77,"207_fs2-00011.jpg",438.828513707032,159.863823229905
78,"207_fs2-00011.jpg",438.89209067339,160.595206588235
79,"207_fs2-00011.jpg",438.95957243885,161.327495828759
80,"207_fs2-00011.jpg",439.030805874662,162.060536727748
81,"207_fs2-00011.jpg",439.105637852077,162.794175061475
82,"207_fs2-00011.jpg",439.183915242344,163.528256606212
83,"207_fs2-00011.jpg",439.265484916713,164.262627138232
84,"207_fs2-00011.jpg",439.350193746434,164.997132433806
85,"207_fs2-00011.jpg",439.437888602756,165.731618269207
86,"207_fs2-00011.jpg",439.528416356931,166.465930420707
87,"207_fs2-00011.jpg",439.621623880207,167.199914664578
88,"207_fs2-00011.jpg",439.717358043835,167.933416777093
89,"207_fs2-00011.jpg",439.815465719064,168.666282534524
90,"207_fs2-00011.jpg",439.915793777145,169.398357713143
91,"207_fs2-00011.jpg",440.018189089327,170.129488089222
92,"207_fs2-00011.jpg",440.122498526861,170.859519439034
93,"207_fs2-00011.jpg",440.228568960995,171.588297538851
94,"207_fs2-00011.jpg",440.336247262981,172.315668164945
95,"207_fs2-00011.jpg",440.445380304067,173.041477093588
96,"207_fs2-00011.jpg",440.555814955504,173.765570101053
97,"207_fs2-00011.jpg",440.671569544771,174.487792936497
98,"207_fs2-00011.jpg",440.804513987166,175.207991065362
99,"207_fs2-00011.jpg",440.954827433665,175.926009783979
100,"207_fs2-00011.jpg",441.121887276139,176.641694386424
101,"207_fs2-00011.jpg",441.30507090646,177.354890166775
102,"207_fs2-00011.jpg",441.503755716501,178.065442419108
103,"207_fs2-00011.jpg",441.717319098133,178.7731964375
104,"207_fs2-00011.jpg",441.94513844323,179.477997516026
105,"207_fs2-00011.jpg",442.186591143662,180.179690948765
106,"207_fs2-00011.jpg",442.441054591303,180.878122029791
107,"207_fs2-00011.jpg",442.707906178024,181.573136053183
108,"207_fs2-00011.jpg",442.986523295697,182.264578313017
109,"207_fs2-00011.jpg",443.276283336195,182.952294103368
110,"207_fs2-00011.jpg",443.576563691389,183.636128718315
111,"207_fs2-00011.jpg",443.886741753152,184.315927451933
112,"207_fs2-00011.jpg",444.206194913357,184.991535598299
113,"207_fs2-00011.jpg",444.534300563874,185.66279845149
114,"207_fs2-00011.jpg",444.870436096576,186.329561305582
115,"207_fs2-00011.jpg",445.213978903336,186.991669454652
116,"207_fs2-00011.jpg",445.564306376026,187.648968192777
117,"207_fs2-00011.jpg",445.920795906517,188.301302814032
118,"207_fs2-00011.jpg",446.282824886681,188.948518612496
119,"207_fs2-00011.jpg",446.649770708392,189.590460882244
120,"207_fs2-00011.jpg",447.021010763521,190.226974917353
121,"207_fs2-00011.jpg",447.39592244394,190.857906011899
122,"207_fs2-00011.jpg",447.773883141521,191.48309945996
123,"207_fs2-00011.jpg",448.154270248137,192.102400555612
124,"207_fs2-00011.jpg",448.536461155659,192.715654592931
125,"207_fs2-00011.jpg",448.91983325596,193.322706865994
126,"207_fs2-00011.jpg",449.303763940912,193.923402668878
127,"207_fs2-00011.jpg",449.687630602387,194.517587295659
128,"207_fs2-00011.jpg",450.070824385703,195.105106042917
129,"207_fs2-00011.jpg",450.46401997058,195.685864132354
130,"207_fs2-00011.jpg",450.876072478343,196.259982019893
131,"207_fs2-00011.jpg",451.305863858562,196.82762846638
132,"207_fs2-00011.jpg",451.752276060813,197.388972232664
133,"207_fs2-00011.jpg",452.214191034667,197.944182079591
134,"207_fs2-00011.jpg",452.690490729697,198.493426768009
135,"207_fs2-00011.jpg",453.180057095476,199.036875058766
136,"207_fs2-00011.jpg",453.681772081577,199.574695712708
137,"207_fs2-00011.jpg",454.194517637572,200.107057490684
138,"207_fs2-00011.jpg",454.717175713034,200.63412915354
139,"207_fs2-00011.jpg",455.248628257536,201.156079462124
140,"207_fs2-00011.jpg",455.787757220651,201.673077177283
141,"207_fs2-00011.jpg",456.333444551951,202.185291059865
142,"207_fs2-00011.jpg",456.884572201009,202.692889870717
143,"207_fs2-00011.jpg",457.440022117398,203.196042370687
144,"207_fs2-00011.jpg",457.998676250691,203.694917320621
145,"207_fs2-00011.jpg",458.55941655046,204.189683481368
146,"207_fs2-00011.jpg",459.121124966278,204.680509613774
147,"207_fs2-00011.jpg",459.682683447719,205.167564478687
148,"207_fs2-00011.jpg",460.242973944354,205.651016836955
149,"207_fs2-00011.jpg",460.800878405756,206.131035449425
150,"207_fs2-00011.jpg",461.355278781499,206.607789076943
151,"207_fs2-00011.jpg",461.905057021154,207.081446480359
152,"207_fs2-00011.jpg",462.449095074296,207.552176420518
153,"207_fs2-00011.jpg",462.986274890495,208.020147658268
154,"207_fs2-00011.jpg",463.522656720036,208.485549560901
155,"207_fs2-00011.jpg",464.067851275678,208.948683865587
156,"207_fs2-00011.jpg",464.621119002559,209.409890424212
157,"207_fs2-00011.jpg",465.181626862221,209.869509119536
158,"207_fs2-00011.jpg",465.748541816209,210.327879834318
159,"207_fs2-00011.jpg",466.321030826068,210.785342451317
160,"207_fs2-00011.jpg",466.898260853341,211.242236853291
161,"207_fs2-00011.jpg",467.479398859572,211.698902923
162,"207_fs2-00011.jpg",468.063611806306,212.155680543202
163,"207_fs2-00011.jpg",468.650066655086,212.612909596657
164,"207_fs2-00011.jpg",469.237930367457,213.070929966124
165,"207_fs2-00011.jpg",469.826369904963,213.53008153436
166,"207_fs2-00011.jpg",470.414552229148,213.990704184126
167,"207_fs2-00011.jpg",471.001644301556,214.453137798179
168,"207_fs2-00011.jpg",471.586813083731,214.91772225928
169,"207_fs2-00011.jpg",472.169225537218,215.384797450187
170,"207_fs2-00011.jpg",472.74804862356,215.854703253658
171,"207_fs2-00011.jpg",473.322449304301,216.327779552454
172,"207_fs2-00011.jpg",473.891594540987,216.804366229332
173,"207_fs2-00011.jpg",474.45465129516,217.284803167051
174,"207_fs2-00011.jpg",475.010786528364,217.769430248372
175,"207_fs2-00011.jpg",475.559167202145,218.258587356051
176,"207_fs2-00011.jpg",476.098960278046,218.752614372849
177,"207_fs2-00011.jpg",476.629332717612,219.251851181525
178,"207_fs2-00011.jpg",477.149451482385,219.756637664836
179,"207_fs2-00011.jpg",477.658483533911,220.267313705543
180,"207_fs2-00011.jpg",478.155595833734,220.784219186403
181,"207_fs2-00011.jpg",478.639955343397,221.307693990177
182,"207_fs2-00011.jpg",479.110729024446,221.838077999622
183,"207_fs2-00011.jpg",479.567083838423,222.375711097499
184,"207_fs2-00011.jpg",480.009003920581,222.920933166565
185,"207_fs2-00011.jpg",480.442010195968,223.474084089579
186,"207_fs2-00011.jpg",480.867321180478,224.035503749302
187,"207_fs2-00011.jpg",481.284972088873,224.60553202849
188,"207_fs2-00011.jpg",481.694998135911,225.184508809904
189,"207_fs2-00011.jpg",482.097434536352,225.772773976303
190,"207_fs2-00011.jpg",482.492316504958,226.370667410444
191,"207_fs2-00011.jpg",482.879679256487,226.978528995088
192,"207_fs2-00011.jpg",483.259558005701,227.596698612993
193,"207_fs2-00011.jpg",483.631987967358,228.225516146918
194,"207_fs2-00011.jpg",483.99700435622,228.865321479621
195,"207_fs2-00011.jpg",484.354642387046,229.516454493863
196,"207_fs2-00011.jpg",484.704937274595,230.179255072401
197,"207_fs2-00011.jpg",485.047924233629,230.854063097995
198,"207_fs2-00011.jpg",485.383638478907,231.541218453404
199,"207_fs2-00011.jpg",485.712115225189,232.241061021386
200,"207_fs2-00011.jpg",486.033389687236,232.9539306847
1,"207_fs2-00012.jpg",474.5,108.833
2,"207_fs2-00012.jpg",473.890097758844,109.229898731578
3,"207_fs2-00012.jpg",473.28296470252,109.62593031859
4,"207_fs2-00012.jpg",472.678620188824,110.021264970335
5,"207_fs2-00012.jpg",472.07708357555,110.416072896114
6,"207_fs2-00012.jpg",471.478374220493,110.810524305224
7,"207_fs2-00012.jpg",470.882511481449,111.204789406965
8,"207_fs2-00012.jpg",470.289514716212,111.599038410635
9,"207_fs2-00012.jpg",469.699403282577,111.993441525534
10,"207_fs2-00012.jpg",469.11219653834,112.388168960961
11,"207_fs2-00012.jpg",468.527913841293,112.783390926215
12,"207_fs2-00012.jpg",467.946574549234,113.179277630594
13,"207_fs2-00012.jpg",467.368198019957,113.575999283397
14,"207_fs2-00012.jpg",466.792803611256,113.973726093925
15,"207_fs2-00012.jpg",466.220410680927,114.372628271475
16,"207_fs2-00012.jpg",465.651038586764,114.772876025346
17,"207_fs2-00012.jpg",465.084706686562,115.174639564838
18,"207_fs2-00012.jpg",464.521434338117,115.578089099249
19,"207_fs2-00012.jpg",463.961240899223,115.983394837879
20,"207_fs2-00012.jpg",463.404145727675,116.390726990027
21,"207_fs2-00012.jpg",462.850168181268,116.800255764991
22,"207_fs2-00012.jpg",462.299327617797,117.21215137207
23,"207_fs2-00012.jpg",461.751643395057,117.626584020564
24,"207_fs2-00012.jpg",461.207134870842,118.043723919772
25,"207_fs2-00012.jpg",460.665821402948,118.463741278991
26,"207_fs2-00012.jpg",460.127722349169,118.886806307522
27,"207_fs2-00012.jpg",459.592857067301,119.313089214664
28,"207_fs2-00012.jpg",459.060969118208,119.742760209715
29,"207_fs2-00012.jpg",458.523970869075,120.175989501974
30,"207_fs2-00012.jpg",457.979158673454,120.612947300741
31,"207_fs2-00012.jpg",457.427957246712,121.053803815314
32,"207_fs2-00012.jpg",456.871791304216,121.498729254992
33,"207_fs2-00012.jpg",456.312085561335,121.947893829074
34,"207_fs2-00012.jpg",455.750264733434,122.40146774686
35,"207_fs2-00012.jpg",455.187753535883,122.859621217648
36,"207_fs2-00012.jpg",454.625976684048,123.322524450738
37,"207_fs2-00012.jpg",454.066358893297,123.790347655427
38,"207_fs2-00012.jpg",453.510324878998,124.263261041016
39,"207_fs2-00012.jpg",452.959299356518,124.741434816803
40,"207_fs2-00012.jpg",452.414707041224,125.225039192087
41,"207_fs2-00012.jpg",451.877972648485,125.714244376168
42,"207_fs2-00012.jpg",451.350520893668,126.209220578343
43,"207_fs2-00012.jpg",450.83377649214,126.710138007913
44,"207_fs2-00012.jpg",450.329164159269,127.217166874176
45,"207_fs2-00012.jpg",449.838108610423,127.730477386431
46,"207_fs2-00012.jpg",449.362034560968,128.250239753977
47,"207_fs2-00012.jpg",448.902366726273,128.776624186113
48,"207_fs2-00012.jpg",448.460529821705,129.309800892138
49,"207_fs2-00012.jpg",448.037948562631,129.849940081351
50,"207_fs2-00012.jpg",447.63604766442,130.397211963052
51,"207_fs2-00012.jpg",447.256251842439,130.951786746538
52,"207_fs2-00012.jpg",446.899985812055,131.513834641109
53,"207_fs2-00012.jpg",446.568674288635,132.083525856065
54,"207_fs2-00012.jpg",446.262029116114,132.661027623895
55,"207_fs2-00012.jpg",445.961108467473,133.246350942292
56,"207_fs2-00012.jpg",445.660675428005,133.839276702134
57,"207_fs2-00012.jpg",445.361206075816,134.439567345246
58,"207_fs2-00012.jpg",445.063176489013,135.046985313455
59,"207_fs2-00012.jpg",444.767062745702,135.661293048586
60,"207_fs2-00012.jpg",444.47334092399,136.282252992465
61,"207_fs2-00012.jpg",444.182487101983,136.909627586918
62,"207_fs2-00012.jpg",443.894977357788,137.54317927377
63,"207_fs2-00012.jpg",443.611287769511,138.182670494847
64,"207_fs2-00012.jpg",443.331894415258,138.827863691975
65,"207_fs2-00012.jpg",443.057273373136,139.478521306979
66,"207_fs2-00012.jpg",442.787900721252,140.134405781686
67,"207_fs2-00012.jpg",442.524252537712,140.79527955792
68,"207_fs2-00012.jpg",442.266804900622,141.460905077508
69,"207_fs2-00012.jpg",442.016033888089,142.131044782275
70,"207_fs2-00012.jpg",441.77241557822,142.805461114048
71,"207_fs2-00012.jpg",441.53642604912,143.483916514651
72,"207_fs2-00012.jpg",441.308541378896,144.16617342591
73,"207_fs2-00012.jpg",441.089237645655,144.851994289652
74,"207_fs2-00012.jpg",440.878990927504,145.541141547701
75,"207_fs2-00012.jpg",440.678277302548,146.233377641884
76,"207_fs2-00012.jpg",440.487572848894,146.928465014027
77,"207_fs2-00012.jpg",440.307353644648,147.626166105954
78,"207_fs2-00012.jpg",440.138095767918,148.326243359492
79,"207_fs2-00012.jpg",439.980275296809,149.028459216467
80,"207_fs2-00012.jpg",439.834368309428,149.732576118703
81,"207_fs2-00012.jpg",439.700850883881,150.438356508028
82,"207_fs2-00012.jpg",439.580199098276,151.145562826266
83,"207_fs2-00012.jpg",439.472889030717,151.853957515243
84,"207_fs2-00012.jpg",439.379396759313,152.563303016786
85,"207_fs2-00012.jpg",439.300198362168,153.273361772719
86,"207_fs2-00012.jpg",439.235769917391,153.983896224868
87,"207_fs2-00012.jpg",439.186587503086,154.694668815059
88,"207_fs2-00012.jpg",439.153093814135,155.405441992519
89,"207_fs2-00012.jpg",439.126986172443,156.11600982111
90,"207_fs2-00012.jpg",439.101601358587,156.82627030459
91,"207_fs2-00012.jpg",439.076973054541,157.536142775713
92,"207_fs2-00012.jpg",439.053134942277,158.245546567235
93,"207_fs2-00012.jpg",439.030120703768,158.954401011909
94,"207_fs2-00012.jpg",439.007964020987,159.66262544249
95,"207_fs2-00012.jpg",438.986698575908,160.370139191733
96,"207_fs2-00012.jpg",438.966358050503,161.076861592392
97,"207_fs2-00012.jpg",438.946976126745,161.782711977223
98,"207_fs2-00012.jpg",438.928586486608,162.487609678979
99,"207_fs2-00012.jpg",438.911222812064,163.191474030416
100,"207_fs2-00012.jpg",438.894918785087,163.894224364288
101,"207_fs2-00012.jpg",438.879708087649,164.59578001335
102,"207_fs2-00012.jpg",438.865624401724,165.296060310356
103,"207_fs2-00012.jpg",438.852701409284,165.994984588061
104,"207_fs2-00012.jpg",438.840972792303,166.69247217922
105,"207_fs2-00012.jpg",438.830472232754,167.388442416587
106,"207_fs2-00012.jpg",438.82123341261,168.082814632916
107,"207_fs2-00012.jpg",438.813290013843,168.775508160964
108,"207_fs2-00012.jpg",438.806675718427,169.466442333483
109,"207_fs2-00012.jpg",438.801424208335,170.155536483229
110,"207_fs2-00012.jpg",438.79756916554,170.842709942957
111,"207_fs2-00012.jpg",438.795144272015,171.527882045421
112,"207_fs2-00012.jpg",438.794183209733,172.210972123375
113,"207_fs2-00012.jpg",438.807840123609,172.891904114103
114,"207_fs2-00012.jpg",438.857345329313,173.570630585877
115,"207_fs2-00012.jpg",438.940984723939,174.247115094424
116,"207_fs2-00012.jpg",439.056657610625,174.921321218084
117,"207_fs2-00012.jpg",439.202263292506,175.593212535194
118,"207_fs2-00012.jpg",439.375701072721,176.262752624095
119,"207_fs2-00012.jpg",439.574870254405,176.929905063125
120,"207_fs2-00012.jpg",439.797670140696,177.594633430624
121,"207_fs2-00012.jpg",440.04200003473,178.256901304931
122,"207_fs2-00012.jpg",440.305759239644,178.916672264385
123,"207_fs2-00012.jpg",440.586847058575,179.573909887324
124,"207_fs2-00012.jpg",440.88316279466,180.228577752088
125,"207_fs2-00012.jpg",441.192605751035,180.880639437017
126,"207_fs2-00012.jpg",441.513075230838,181.530058520449
127,"207_fs2-00012.jpg",441.842470537205,182.176798580723
128,"207_fs2-00012.jpg",442.178690973273,182.820823196179
129,"207_fs2-00012.jpg",442.519635842179,183.462095945156
130,"207_fs2-00012.jpg",442.863204447059,184.100580405992
131,"207_fs2-00012.jpg",443.207296091051,184.736240157028
132,"207_fs2-00012.jpg",443.549810077291,185.369038776601
133,"207_fs2-00012.jpg",443.888645708916,185.998939843052
134,"207_fs2-00012.jpg",444.221702289063,186.625906934719
135,"207_fs2-00012.jpg",444.546879120869,187.249903629941
136,"207_fs2-00012.jpg",444.863521124078,187.87089340873
137,"207_fs2-00012.jpg",445.185212121283,188.48883530082
138,"207_fs2-00012.jpg",445.515629257265,189.103682162964
139,"207_fs2-00012.jpg",445.854561444365,189.715386397441
140,"207_fs2-00012.jpg",446.201797594925,190.323900406529
141,"207_fs2-00012.jpg",446.557126621285,190.929176592508
142,"207_fs2-00012.jpg",446.920337435786,191.531167357656
143,"207_fs2-00012.jpg",447.291218950768,192.129825104252
144,"207_fs2-00012.jpg",447.669560078574,192.725102234574
145,"207_fs2-00012.jpg",448.055149731545,193.316951150901
146,"207_fs2-00012.jpg",448.44777682202,193.905324255512
147,"207_fs2-00012.jpg",448.847230262341,194.490173950685
148,"207_fs2-00012.jpg",449.253298964849,195.0714526387
149,"207_fs2-00012.jpg",449.665771841885,195.649112721834
150,"207_fs2-00012.jpg",450.08443780579,196.223106602367
151,"207_fs2-00012.jpg",450.509085768906,196.793386682578
152,"207_fs2-00012.jpg",450.939504643572,197.359905364744
153,"207_fs2-00012.jpg",451.37548334213,197.922615051145
154,"207_fs2-00012.jpg",451.816810776921,198.481468144059
155,"207_fs2-00012.jpg",452.263275860286,199.036417045765
156,"207_fs2-00012.jpg",452.714667504566,199.587414158541
157,"207_fs2-00012.jpg",453.170774622102,200.134411884667
158,"207_fs2-00012.jpg",453.631386125235,200.677362626422
159,"207_fs2-00012.jpg",454.096290926305,201.216218786082
160,"207_fs2-00012.jpg",454.565277937655,201.750932765929
161,"207_fs2-00012.jpg",455.038136071624,202.281456968239
162,"207_fs2-00012.jpg",455.514654240554,202.807743795292
163,"207_fs2-00012.jpg",455.994621356786,203.329745649367
164,"207_fs2-00012.jpg",456.477826332661,203.847414932742
165,"207_fs2-00012.jpg",456.964058080519,204.360704047696
166,"207_fs2-00012.jpg",457.453105512702,204.869565396507
167,"207_fs2-00012.jpg",457.944757541551,205.373951381454
168,"207_fs2-00012.jpg",458.438803079407,205.873814404817
169,"207_fs2-00012.jpg",458.935031038611,206.369106868873
170,"207_fs2-00012.jpg",459.433230331503,206.859781175902
171,"207_fs2-00012.jpg",459.933189870425,207.345789728181
172,"207_fs2-00012.jpg",460.434698567718,207.82708492799
173,"207_fs2-00012.jpg",460.937545335722,208.303619177608
174,"207_fs2-00012.jpg",461.441519086779,208.775344879312
175,"207_fs2-00012.jpg",461.94640873323,209.242214435382
176,"207_fs2-00012.jpg",462.452003187415,209.704180248097
177,"207_fs2-00012.jpg",462.958582803034,210.161194719735
178,"207_fs2-00012.jpg",463.471611306369,210.613210252575
179,"207_fs2-00012.jpg",463.992467636267,211.060179248895
180,"207_fs2-00012.jpg",464.520905969114,211.502054110975
181,"207_fs2-00012.jpg",465.056680481296,211.938787241092
182,"207_fs2-00012.jpg",465.599545349199,212.370331041526
183,"207_fs2-00012.jpg",466.14925474921,212.796637914555
184,"207_fs2-00012.jpg",466.705562857716,213.217660262458
185,"207_fs2-00012.jpg",467.268223851101,213.633350487514
186,"207_fs2-00012.jpg",467.836991905753,214.043660992001
187,"207_fs2-00012.jpg",468.411621198059,214.448544178198
188,"207_fs2-00012.jpg",468.991865904404,214.847952448384
189,"207_fs2-00012.jpg",469.577480201175,215.241838204837
190,"207_fs2-00012.jpg",470.168218264757,215.630153849836
191,"207_fs2-00012.jpg",470.763834271539,216.01285178566
192,"207_fs2-00012.jpg",471.364082397905,216.389884414588
193,"207_fs2-00012.jpg",471.968716820242,216.761204138898
194,"207_fs2-00012.jpg",472.577491714937,217.126763360868
195,"207_fs2-00012.jpg",473.190161258375,217.486514482778
196,"207_fs2-00012.jpg",473.806479626944,217.840409906906
197,"207_fs2-00012.jpg",474.42620099703,218.188402035532
198,"207_fs2-00012.jpg",475.049079545018,218.530443270932
199,"207_fs2-00012.jpg",475.674869447295,218.866486015387
200,"207_fs2-00012.jpg",476.303324880248,219.196482671175
