"points","Image","X","Y"
1,"208_fs1-00001.jpg",419.5,228.167
2,"208_fs1-00001.jpg",419.094950639037,228.694187177769
3,"208_fs1-00001.jpg",418.690332274563,229.222494521921
4,"208_fs1-00001.jpg",418.286150163612,229.751907258922
5,"208_fs1-00001.jpg",417.88240956322,230.282410615237
6,"208_fs1-00001.jpg",417.479115730421,230.813989817329
7,"208_fs1-00001.jpg",417.076273922252,231.346630091665
8,"208_fs1-00001.jpg",416.673889395747,231.880316664708
9,"208_fs1-00001.jpg",416.271967407942,232.415034762924
10,"208_fs1-00001.jpg",415.870513215871,232.950769612777
11,"208_fs1-00001.jpg",415.46953207657,233.487506440732
12,"208_fs1-00001.jpg",415.069029247074,234.025230473255
13,"208_fs1-00001.jpg",414.669009984419,234.563926936809
14,"208_fs1-00001.jpg",414.269479545638,235.10358105786
15,"208_fs1-00001.jpg",413.870443187769,235.644178062872
16,"208_fs1-00001.jpg",413.471906167845,236.185703178311
17,"208_fs1-00001.jpg",413.073873742903,236.728141630641
18,"208_fs1-00001.jpg",412.676351169976,237.271478646326
19,"208_fs1-00001.jpg",412.279343706102,237.815699451833
20,"208_fs1-00001.jpg",411.882856608313,238.360789273625
21,"208_fs1-00001.jpg",411.486895133647,238.906733338167
22,"208_fs1-00001.jpg",411.091464539137,239.453516871925
23,"208_fs1-00001.jpg",410.69657008182,240.001125101362
24,"208_fs1-00001.jpg",410.30221701873,240.549543252945
25,"208_fs1-00001.jpg",409.908410606903,241.098756553137
26,"208_fs1-00001.jpg",409.515156103373,241.648750228403
27,"208_fs1-00001.jpg",409.122458765176,242.199509505209
28,"208_fs1-00001.jpg",408.730323849348,242.751019610019
29,"208_fs1-00001.jpg",408.338756612923,243.303265769298
30,"208_fs1-00001.jpg",407.947762312936,243.85623320951
31,"208_fs1-00001.jpg",407.557346206424,244.409907157121
32,"208_fs1-00001.jpg",407.16751355042,244.964272838596
33,"208_fs1-00001.jpg",406.77826960196,245.519315480398
34,"208_fs1-00001.jpg",406.38961961808,246.075020308994
35,"208_fs1-00001.jpg",406.001568855814,246.631372550847
36,"208_fs1-00001.jpg",405.614122572198,247.188357432423
37,"208_fs1-00001.jpg",405.227286024266,247.745960180187
38,"208_fs1-00001.jpg",404.841064469055,248.304166020602
39,"208_fs1-00001.jpg",404.455463163599,248.862960180135
40,"208_fs1-00001.jpg",404.070487364934,249.42232788525
41,"208_fs1-00001.jpg",403.686142330094,249.982254362411
42,"208_fs1-00001.jpg",403.302433316115,250.542724838084
43,"208_fs1-00001.jpg",402.919365580033,251.103724538733
44,"208_fs1-00001.jpg",402.536944378881,251.665238690823
45,"208_fs1-00001.jpg",402.155174969696,252.22725252082
46,"208_fs1-00001.jpg",401.774062609513,252.789751255187
47,"208_fs1-00001.jpg",401.393612555366,253.352720120389
48,"208_fs1-00001.jpg",401.013830064292,253.916144342892
49,"208_fs1-00001.jpg",400.634734941411,254.480009149161
50,"208_fs1-00001.jpg",400.256564496006,255.044299765659
51,"208_fs1-00001.jpg",399.879380250168,255.609001418852
52,"208_fs1-00001.jpg",399.503155700471,256.174099335205
53,"208_fs1-00001.jpg",399.12786434349,256.739578741183
54,"208_fs1-00001.jpg",398.753479675798,257.30542486325
55,"208_fs1-00001.jpg",398.37997519397,257.87162292787
56,"208_fs1-00001.jpg",398.00732439458,258.43815816151
57,"208_fs1-00001.jpg",397.635500774203,259.005015790634
58,"208_fs1-00001.jpg",397.264477829412,259.572181041706
59,"208_fs1-00001.jpg",396.894229056782,260.139639141192
60,"208_fs1-00001.jpg",396.524727952887,260.707375315555
61,"208_fs1-00001.jpg",396.155948014302,261.275374791262
62,"208_fs1-00001.jpg",395.787862737601,261.843622794777
63,"208_fs1-00001.jpg",395.420445619357,262.412104552564
64,"208_fs1-00001.jpg",395.053670156146,262.980805291089
65,"208_fs1-00001.jpg",394.687509844541,263.549710236816
66,"208_fs1-00001.jpg",394.321938181117,264.11880461621
67,"208_fs1-00001.jpg",393.956928662448,264.688073655736
68,"208_fs1-00001.jpg",393.592454785108,265.257502581859
69,"208_fs1-00001.jpg",393.228490045672,265.827076621044
70,"208_fs1-00001.jpg",392.865007940714,266.396780999755
71,"208_fs1-00001.jpg",392.501981966807,266.966600944457
72,"208_fs1-00001.jpg",392.139385620528,267.536521681615
73,"208_fs1-00001.jpg",391.777192398448,268.106528437693
74,"208_fs1-00001.jpg",391.415375797144,268.676606439158
75,"208_fs1-00001.jpg",391.053909313189,269.246740912473
76,"208_fs1-00001.jpg",390.692766443157,269.816917084103
77,"208_fs1-00001.jpg",390.331920683622,270.387120180513
78,"208_fs1-00001.jpg",389.97134553116,270.957335428169
79,"208_fs1-00001.jpg",389.611014482344,271.527548053534
80,"208_fs1-00001.jpg",389.250901033748,272.097743283073
81,"208_fs1-00001.jpg",388.890978681947,272.667906343252
82,"208_fs1-00001.jpg",388.531220923515,273.238022460535
83,"208_fs1-00001.jpg",388.171601255026,273.808076861387
84,"208_fs1-00001.jpg",387.812093173055,274.378054772273
85,"208_fs1-00001.jpg",387.452670174175,274.947941419657
86,"208_fs1-00001.jpg",387.093305754961,275.517722030005
87,"208_fs1-00001.jpg",386.733973411988,276.087381829781
88,"208_fs1-00001.jpg",386.374646641829,276.65690604545
89,"208_fs1-00001.jpg",386.015298941059,277.226279903478
90,"208_fs1-00001.jpg",385.655903806253,277.795488630327
91,"208_fs1-00001.jpg",385.296434733983,278.364517452465
92,"208_fs1-00001.jpg",384.936865220825,278.933351596354
93,"208_fs1-00001.jpg",384.577168763353,279.501976288461
94,"208_fs1-00001.jpg",384.217318858141,280.07037675525
95,"208_fs1-00001.jpg",383.857289001763,280.638538223185
96,"208_fs1-00001.jpg",383.497052690794,281.206445918733
97,"208_fs1-00001.jpg",383.136583421808,281.774085068356
98,"208_fs1-00001.jpg",382.775854691379,282.341440898521
99,"208_fs1-00001.jpg",382.414839996082,282.908498635692
100,"208_fs1-00001.jpg",382.05351283249,283.475243506334
101,"208_fs1-00001.jpg",381.691846697178,284.041660736911
102,"208_fs1-00001.jpg",381.32981508672,284.607735553889
103,"208_fs1-00001.jpg",380.967391497691,285.173453183732
104,"208_fs1-00001.jpg",380.604549426665,285.738798852905
105,"208_fs1-00001.jpg",380.241262370215,286.303757787874
106,"208_fs1-00001.jpg",379.877503824917,286.868315215102
107,"208_fs1-00001.jpg",379.513247287345,287.432456361055
108,"208_fs1-00001.jpg",379.148466254072,287.996166452197
109,"208_fs1-00001.jpg",378.783134221673,288.559430714993
110,"208_fs1-00001.jpg",378.417224686723,289.122234375908
111,"208_fs1-00001.jpg",378.050711145795,289.684562661407
112,"208_fs1-00001.jpg",377.683567095464,290.246400797955
113,"208_fs1-00001.jpg",377.315766032304,290.807734012016
114,"208_fs1-00001.jpg",376.947248788477,291.368548643566
115,"208_fs1-00001.jpg",376.577803206221,291.92886012802
116,"208_fs1-00001.jpg",376.207448414664,292.488715074889
117,"208_fs1-00001.jpg",375.836248076715,293.048161623549
118,"208_fs1-00001.jpg",375.464265855286,293.607247913374
119,"208_fs1-00001.jpg",375.091565413286,294.16602208374
120,"208_fs1-00001.jpg",374.718210413627,294.724532274021
121,"208_fs1-00001.jpg",374.344264519219,295.282826623592
122,"208_fs1-00001.jpg",373.969791392972,295.840953271828
123,"208_fs1-00001.jpg",373.594854697796,296.398960358104
124,"208_fs1-00001.jpg",373.219518096603,296.956896021794
125,"208_fs1-00001.jpg",372.843845252304,297.514808402275
126,"208_fs1-00001.jpg",372.467899827807,298.07274563892
127,"208_fs1-00001.jpg",372.091745486025,298.630755871105
128,"208_fs1-00001.jpg",371.715445889867,299.188887238204
129,"208_fs1-00001.jpg",371.339064702244,299.747187879593
130,"208_fs1-00001.jpg",370.962665586067,300.305705934646
131,"208_fs1-00001.jpg",370.586312204246,300.864489542738
132,"208_fs1-00001.jpg",370.210068219691,301.423586843244
133,"208_fs1-00001.jpg",369.833997295314,301.983045975539
134,"208_fs1-00001.jpg",369.458163094024,302.542915078998
135,"208_fs1-00001.jpg",369.082629278733,303.103242292996
136,"208_fs1-00001.jpg",368.70745951235,303.664075756908
137,"208_fs1-00001.jpg",368.332717457787,304.225463610108
138,"208_fs1-00001.jpg",367.958466777953,304.787453991971
139,"208_fs1-00001.jpg",367.58477113576,305.350095041873
140,"208_fs1-00001.jpg",367.211694194118,305.913434899189
141,"208_fs1-00001.jpg",366.839299615937,306.477521703292
142,"208_fs1-00001.jpg",366.467651064128,307.042403593559
143,"208_fs1-00001.jpg",366.096812201602,307.608128709364
144,"208_fs1-00001.jpg",365.726846691268,308.174745190081
145,"208_fs1-00001.jpg",365.357818196038,308.742301175087
146,"208_fs1-00001.jpg",364.989790378822,309.310844803755
147,"208_fs1-00001.jpg",364.622826902531,309.880424215461
148,"208_fs1-00001.jpg",364.256991430075,310.451087549579
149,"208_fs1-00001.jpg",363.892347624364,311.022882945485
150,"208_fs1-00001.jpg",363.52895914831,311.595858542553
151,"208_fs1-00001.jpg",363.166889664822,312.170062480158
152,"208_fs1-00001.jpg",362.806202836812,312.745542897676
153,"208_fs1-00001.jpg",362.447480845608,313.3223381722
154,"208_fs1-00001.jpg",362.092160105995,313.900382890862
155,"208_fs1-00001.jpg",361.740049146995,314.479549013587
156,"208_fs1-00001.jpg",361.390847651212,315.059707635033
157,"208_fs1-00001.jpg",361.04425530125,315.640729849856
158,"208_fs1-00001.jpg",360.699971779715,316.222486752713
159,"208_fs1-00001.jpg",360.35769676921,316.804849438261
160,"208_fs1-00001.jpg",360.01712995234,317.387689001156
161,"208_fs1-00001.jpg",359.67797101171,317.970876536054
162,"208_fs1-00001.jpg",359.339919629924,318.554283137613
163,"208_fs1-00001.jpg",359.002675489587,319.137779900489
164,"208_fs1-00001.jpg",358.665938273303,319.721237919339
165,"208_fs1-00001.jpg",358.329407663678,320.304528288818
166,"208_fs1-00001.jpg",357.992783343315,320.887522103584
167,"208_fs1-00001.jpg",357.655764994819,321.470090458294
168,"208_fs1-00001.jpg",357.318052300795,322.052104447603
169,"208_fs1-00001.jpg",356.979344943847,322.633435166169
170,"208_fs1-00001.jpg",356.63934260658,323.213953708648
171,"208_fs1-00001.jpg",356.297744971598,323.793531169697
172,"208_fs1-00001.jpg",355.954251721507,324.372038643972
173,"208_fs1-00001.jpg",355.60856253891,324.94934722613
174,"208_fs1-00001.jpg",355.260377106412,325.525328010828
175,"208_fs1-00001.jpg",354.909395106617,326.099852092721
176,"208_fs1-00001.jpg",354.555316222131,326.672790566467
177,"208_fs1-00001.jpg",354.197840135558,327.244014526723
178,"208_fs1-00001.jpg",353.836666529502,327.813395068144
179,"208_fs1-00001.jpg",353.471495086568,328.380803285388
180,"208_fs1-00001.jpg",353.10202548936,328.94611027311
181,"208_fs1-00001.jpg",352.727957420484,329.509187125969
182,"208_fs1-00001.jpg",352.348990562543,330.06990493862
183,"208_fs1-00001.jpg",351.964943491794,330.628134805719
184,"208_fs1-00001.jpg",351.576084117636,331.183747821924
185,"208_fs1-00001.jpg",351.182598773042,331.736615081891
186,"208_fs1-00001.jpg",350.784659734197,332.286607680277
187,"208_fs1-00001.jpg",350.382439277285,332.833596711737
188,"208_fs1-00001.jpg",349.976109678494,333.37745327093
189,"208_fs1-00001.jpg",349.565843214006,333.918048452511
190,"208_fs1-00001.jpg",349.151812160009,334.455253351137
191,"208_fs1-00001.jpg",348.734188792687,334.988939061465
192,"208_fs1-00001.jpg",348.313145388225,335.518976678151
193,"208_fs1-00001.jpg",347.888854222809,336.045237295851
194,"208_fs1-00001.jpg",347.461487572624,336.567592009223
195,"208_fs1-00001.jpg",347.031217713855,337.085911912923
196,"208_fs1-00001.jpg",346.598216922687,337.600068101608
197,"208_fs1-00001.jpg",346.162657475306,338.109931669934
198,"208_fs1-00001.jpg",345.724711647896,338.615373712557
199,"208_fs1-00001.jpg",345.284551716644,339.116265324135
200,"208_fs1-00001.jpg",344.842349957735,339.612477599324
1,"208_fs1-00002.jpg",419.833,231.5
2,"208_fs1-00002.jpg",419.315961484895,231.940145003782
3,"208_fs1-00002.jpg",418.800949962434,232.3825377296
4,"208_fs1-00002.jpg",418.287983043618,232.827167873534
5,"208_fs1-00002.jpg",417.777078339446,233.274025131661
6,"208_fs1-00002.jpg",417.268253460918,233.723099200059
7,"208_fs1-00002.jpg",416.761526019034,234.174379774807
8,"208_fs1-00002.jpg",416.256913624792,234.627856551984
9,"208_fs1-00002.jpg",415.754433889193,235.083519227666
10,"208_fs1-00002.jpg",415.254104423237,235.541357497934
11,"208_fs1-00002.jpg",414.755942837922,236.001361058864
12,"208_fs1-00002.jpg",414.259966744249,236.463519606535
13,"208_fs1-00002.jpg",413.766193753218,236.927822837026
14,"208_fs1-00002.jpg",413.274641475827,237.394260446415
15,"208_fs1-00002.jpg",412.785327523077,237.86282213078
16,"208_fs1-00002.jpg",412.298269505967,238.333497586199
17,"208_fs1-00002.jpg",411.813485035496,238.806276508751
18,"208_fs1-00002.jpg",411.330991722665,239.281148594513
19,"208_fs1-00002.jpg",410.850807178473,239.758103539565
20,"208_fs1-00002.jpg",410.37294901392,240.237131039985
21,"208_fs1-00002.jpg",409.897434840005,240.71822079185
22,"208_fs1-00002.jpg",409.424282267729,241.201362491239
23,"208_fs1-00002.jpg",408.953508908089,241.68654583423
24,"208_fs1-00002.jpg",408.485132372087,242.173760516902
25,"208_fs1-00002.jpg",408.019170270722,242.662996235333
26,"208_fs1-00002.jpg",407.555640214993,243.1542426856
27,"208_fs1-00002.jpg",407.094559815901,243.647489563783
28,"208_fs1-00002.jpg",406.635946684444,244.14272656596
29,"208_fs1-00002.jpg",406.179818431622,244.639943388209
30,"208_fs1-00002.jpg",405.726192668436,245.139129726608
31,"208_fs1-00002.jpg",405.275087005884,245.640275277236
32,"208_fs1-00002.jpg",404.826519054967,246.14336973617
33,"208_fs1-00002.jpg",404.380506426683,246.648402799489
34,"208_fs1-00002.jpg",403.937066732033,247.155364163272
35,"208_fs1-00002.jpg",403.496217582017,247.664243523596
36,"208_fs1-00002.jpg",403.057976587633,248.175030576541
37,"208_fs1-00002.jpg",402.622361359882,248.687715018183
38,"208_fs1-00002.jpg",402.189389509762,249.202286544602
39,"208_fs1-00002.jpg",401.759078648275,249.718734851876
40,"208_fs1-00002.jpg",401.331446386419,250.237049636082
41,"208_fs1-00002.jpg",400.906510335194,250.7572205933
42,"208_fs1-00002.jpg",400.484288105599,251.279237419608
43,"208_fs1-00002.jpg",400.064797308635,251.803089811083
44,"208_fs1-00002.jpg",399.648055555301,252.328767463804
45,"208_fs1-00002.jpg",399.234080456597,252.85626007385
46,"208_fs1-00002.jpg",398.822889623521,253.385557337299
47,"208_fs1-00002.jpg",398.414260343612,253.916648950228
48,"208_fs1-00002.jpg",398.007675220368,254.449524608717
49,"208_fs1-00002.jpg",397.603114512026,254.984174008843
50,"208_fs1-00002.jpg",397.200576749373,255.520586846685
51,"208_fs1-00002.jpg",396.800060463196,256.058752818321
52,"208_fs1-00002.jpg",396.401564184283,256.598661619829
53,"208_fs1-00002.jpg",396.005086443422,257.140302947288
54,"208_fs1-00002.jpg",395.6106257714,257.683666496776
55,"208_fs1-00002.jpg",395.218180699003,258.228741964371
56,"208_fs1-00002.jpg",394.827749757021,258.775519046152
57,"208_fs1-00002.jpg",394.43933147624,259.323987438196
58,"208_fs1-00002.jpg",394.052924387448,259.874136836583
59,"208_fs1-00002.jpg",393.668527021432,260.425956937389
60,"208_fs1-00002.jpg",393.286137908979,260.979437436695
61,"208_fs1-00002.jpg",392.905755580878,261.534568030577
62,"208_fs1-00002.jpg",392.527378567915,262.091338415114
63,"208_fs1-00002.jpg",392.151005400878,262.649738286384
64,"208_fs1-00002.jpg",391.776634610554,263.209757340467
65,"208_fs1-00002.jpg",391.404264727732,263.771385273439
66,"208_fs1-00002.jpg",391.033894283198,264.334611781379
67,"208_fs1-00002.jpg",390.665521807739,264.899426560366
68,"208_fs1-00002.jpg",390.299145832144,265.465819306478
69,"208_fs1-00002.jpg",389.9347648872,266.033779715793
70,"208_fs1-00002.jpg",389.572377503694,266.603297484389
71,"208_fs1-00002.jpg",389.211982212413,267.174362308345
72,"208_fs1-00002.jpg",388.853577544145,267.746963883739
73,"208_fs1-00002.jpg",388.497162029679,268.321091906649
74,"208_fs1-00002.jpg",388.1427341998,268.896736073153
75,"208_fs1-00002.jpg",387.790292585296,269.47388607933
76,"208_fs1-00002.jpg",387.439835716956,270.052531621258
77,"208_fs1-00002.jpg",387.091362125565,270.632662395016
78,"208_fs1-00002.jpg",386.744870341913,271.214268096681
79,"208_fs1-00002.jpg",386.400358896786,271.797338422332
80,"208_fs1-00002.jpg",386.057826320971,272.381863068047
81,"208_fs1-00002.jpg",385.717271145257,272.967831729904
82,"208_fs1-00002.jpg",385.378691900431,273.555234103982
83,"208_fs1-00002.jpg",385.042087117279,274.14405988636
84,"208_fs1-00002.jpg",384.70745532659,274.734298773114
85,"208_fs1-00002.jpg",384.374795059152,275.325940460324
86,"208_fs1-00002.jpg",384.04410484575,275.918974644067
87,"208_fs1-00002.jpg",383.715383217174,276.513391020423
88,"208_fs1-00002.jpg",383.38862870421,277.109179285469
89,"208_fs1-00002.jpg",383.063839837645,277.706329135284
90,"208_fs1-00002.jpg",382.741015148268,278.304830265946
91,"208_fs1-00002.jpg",382.420290090603,278.904672159105
92,"208_fs1-00002.jpg",382.104309169573,279.50582128885
93,"208_fs1-00002.jpg",381.793770942543,280.108200944287
94,"208_fs1-00002.jpg",381.488254648397,280.711729655848
95,"208_fs1-00002.jpg",381.187339526022,281.31632595397
96,"208_fs1-00002.jpg",380.890604814304,281.921908369089
97,"208_fs1-00002.jpg",380.597629752129,282.528395431637
98,"208_fs1-00002.jpg",380.307993578385,283.135705672052
99,"208_fs1-00002.jpg",380.021275531955,283.743757620768
100,"208_fs1-00002.jpg",379.737054851728,284.35246980822
101,"208_fs1-00002.jpg",379.45491077659,284.961760764843
102,"208_fs1-00002.jpg",379.174422545426,285.571549021072
103,"208_fs1-00002.jpg",378.895169397122,286.181753107342
104,"208_fs1-00002.jpg",378.616730570566,286.792291554089
105,"208_fs1-00002.jpg",378.338685304643,287.403082891747
106,"208_fs1-00002.jpg",378.060612838239,288.014045650752
107,"208_fs1-00002.jpg",377.782092410241,288.625098361539
108,"208_fs1-00002.jpg",377.502703259535,289.236159554542
109,"208_fs1-00002.jpg",377.222024625007,289.847147760197
110,"208_fs1-00002.jpg",376.939635745543,290.457981508939
111,"208_fs1-00002.jpg",376.655115860031,291.068579331203
112,"208_fs1-00002.jpg",376.368044207354,291.678859757424
113,"208_fs1-00002.jpg",376.078000026401,292.288741318038
114,"208_fs1-00002.jpg",375.784562556058,292.898142543478
115,"208_fs1-00002.jpg",375.487311035209,293.506981964181
116,"208_fs1-00002.jpg",375.185824702743,294.115178110581
117,"208_fs1-00002.jpg",374.879682797545,294.722649513113
118,"208_fs1-00002.jpg",374.569294672859,295.329316550079
119,"208_fs1-00002.jpg",374.258043348111,295.935129460328
120,"208_fs1-00002.jpg",373.946278996559,296.540062655462
121,"208_fs1-00002.jpg",373.633929745072,297.144091241443
122,"208_fs1-00002.jpg",373.320923720516,297.747190324234
123,"208_fs1-00002.jpg",373.00718904976,298.349335009797
124,"208_fs1-00002.jpg",372.692653859673,298.950500404094
125,"208_fs1-00002.jpg",372.377246277121,299.550661613087
126,"208_fs1-00002.jpg",372.060894428973,300.149793742738
127,"208_fs1-00002.jpg",371.743526442096,300.74787189901
128,"208_fs1-00002.jpg",371.42507044336,301.344871187864
129,"208_fs1-00002.jpg",371.10545455963,301.940766715264
130,"208_fs1-00002.jpg",370.784606917777,302.53553358717
131,"208_fs1-00002.jpg",370.462455644666,303.129146909545
132,"208_fs1-00002.jpg",370.138928867167,303.721581788351
133,"208_fs1-00002.jpg",369.813954712147,304.312813329551
134,"208_fs1-00002.jpg",369.487461306474,304.902816639106
135,"208_fs1-00002.jpg",369.159376777016,305.491566822979
136,"208_fs1-00002.jpg",368.829629250642,306.079038987131
137,"208_fs1-00002.jpg",368.498146854217,306.665208237526
138,"208_fs1-00002.jpg",368.164857714612,307.250049680125
139,"208_fs1-00002.jpg",367.829689958694,307.833538420889
140,"208_fs1-00002.jpg",367.49257171333,308.415649565783
141,"208_fs1-00002.jpg",367.153431105388,308.996358220767
142,"208_fs1-00002.jpg",366.812196261737,309.575639491803
143,"208_fs1-00002.jpg",366.468795309244,310.153468484855
144,"208_fs1-00002.jpg",366.123156374778,310.729820305883
145,"208_fs1-00002.jpg",365.775207585206,311.304670060851
146,"208_fs1-00002.jpg",365.424877067396,311.87799285572
147,"208_fs1-00002.jpg",365.072092948215,312.449763796452
148,"208_fs1-00002.jpg",364.716783354533,313.01995798901
149,"208_fs1-00002.jpg",364.358876413217,313.588550539356
150,"208_fs1-00002.jpg",363.998300251134,314.155516553452
151,"208_fs1-00002.jpg",363.634982995153,314.720831137259
152,"208_fs1-00002.jpg",363.268852772142,315.284469396741
153,"208_fs1-00002.jpg",362.899837708968,315.84640643786
154,"208_fs1-00002.jpg",362.5278659325,316.406617366576
155,"208_fs1-00002.jpg",362.152865569605,316.965077288854
156,"208_fs1-00002.jpg",361.774764747151,317.521761310654
157,"208_fs1-00002.jpg",361.393491648173,318.07664453794
158,"208_fs1-00002.jpg",361.009053280137,318.629702076672
159,"208_fs1-00002.jpg",360.621509896393,319.180909032814
160,"208_fs1-00002.jpg",360.23088023266,319.730240512327
161,"208_fs1-00002.jpg",359.837183024659,320.277671621173
162,"208_fs1-00002.jpg",359.440437008107,320.823177465316
163,"208_fs1-00002.jpg",359.040660918725,321.366733150716
164,"208_fs1-00002.jpg",358.637873492232,321.908313783336
165,"208_fs1-00002.jpg",358.232093464345,322.447894469139
166,"208_fs1-00002.jpg",357.823339570786,322.985450314085
167,"208_fs1-00002.jpg",357.411630547273,323.520956424139
168,"208_fs1-00002.jpg",356.996985129525,324.054387905261
169,"208_fs1-00002.jpg",356.579422053262,324.585719863413
170,"208_fs1-00002.jpg",356.158960054202,325.114927404559
171,"208_fs1-00002.jpg",355.735617868065,325.641985634659
172,"208_fs1-00002.jpg",355.30941423057,326.166869659677
173,"208_fs1-00002.jpg",354.880367877436,326.689554585574
174,"208_fs1-00002.jpg",354.448497544383,327.210015518313
175,"208_fs1-00002.jpg",354.013821967129,327.728227563856
176,"208_fs1-00002.jpg",353.576359881394,328.244165828164
177,"208_fs1-00002.jpg",353.136130022898,328.7578054172
178,"208_fs1-00002.jpg",352.693151127358,329.269121436927
179,"208_fs1-00002.jpg",352.247441930495,329.778088993305
180,"208_fs1-00002.jpg",351.799021168028,330.284683192298
181,"208_fs1-00002.jpg",351.347907575676,330.788879139868
182,"208_fs1-00002.jpg",350.894119889157,331.290651941976
183,"208_fs1-00002.jpg",350.437676844192,331.789976704586
184,"208_fs1-00002.jpg",349.978597176499,332.286828533658
185,"208_fs1-00002.jpg",349.516899621798,332.781182535155
186,"208_fs1-00002.jpg",349.052602915808,333.27301381504
187,"208_fs1-00002.jpg",348.585725794248,333.762297479274
188,"208_fs1-00002.jpg",348.116286992837,334.24900863382
189,"208_fs1-00002.jpg",347.644305247295,334.73312238464
190,"208_fs1-00002.jpg",347.16979929334,335.214613837696
191,"208_fs1-00002.jpg",346.692787866692,335.69345809895
192,"208_fs1-00002.jpg",346.21328970307,336.169630274364
193,"208_fs1-00002.jpg",345.731323538194,336.6431054699
194,"208_fs1-00002.jpg",345.246908107782,337.113858791521
195,"208_fs1-00002.jpg",344.760062147553,337.581865345189
196,"208_fs1-00002.jpg",344.270804393227,338.047100236865
197,"208_fs1-00002.jpg",343.779153580524,338.509538572512
198,"208_fs1-00002.jpg",343.285128445162,338.969155458093
199,"208_fs1-00002.jpg",342.78874772286,339.425925999569
200,"208_fs1-00002.jpg",342.290030149338,339.879825302902
1,"208_fs1-00003.jpg",435.5,250.833
2,"208_fs1-00003.jpg",434.794473588566,250.69861692723
3,"208_fs1-00003.jpg",434.090704295249,250.570659653835
4,"208_fs1-00003.jpg",433.388700270487,250.449158453461
5,"208_fs1-00003.jpg",432.688469664717,250.334143599753
6,"208_fs1-00003.jpg",431.990020628375,250.225645366358
7,"208_fs1-00003.jpg",431.293361311899,250.123694026922
8,"208_fs1-00003.jpg",430.598499865727,250.02831985509
9,"208_fs1-00003.jpg",429.905444440295,249.939553124509
10,"208_fs1-00003.jpg",429.214203186042,249.857424108825
11,"208_fs1-00003.jpg",428.524784253403,249.781963081683
12,"208_fs1-00003.jpg",427.837195792817,249.71320031673
13,"208_fs1-00003.jpg",427.151445954721,249.651166087611
14,"208_fs1-00003.jpg",426.467542889551,249.595890667974
15,"208_fs1-00003.jpg",425.785494747746,249.547404331462
16,"208_fs1-00003.jpg",425.105309679742,249.505737351724
17,"208_fs1-00003.jpg",424.426995835976,249.470920002404
18,"208_fs1-00003.jpg",423.750561366887,249.442982557149
19,"208_fs1-00003.jpg",423.07601442291,249.421955289604
20,"208_fs1-00003.jpg",422.403363154485,249.407868473416
21,"208_fs1-00003.jpg",421.732615712046,249.40075238223
22,"208_fs1-00003.jpg",421.063780246033,249.400637289693
23,"208_fs1-00003.jpg",420.396864906882,249.407553469451
24,"208_fs1-00003.jpg",419.73187784503,249.421531195149
25,"208_fs1-00003.jpg",419.068827210915,249.442600740433
26,"208_fs1-00003.jpg",418.407721154974,249.470792378951
27,"208_fs1-00003.jpg",417.748567827644,249.506136384346
28,"208_fs1-00003.jpg",417.091375379362,249.548663030267
29,"208_fs1-00003.jpg",416.436151960566,249.598402590358
30,"208_fs1-00003.jpg",415.782905721693,249.655385338265
31,"208_fs1-00003.jpg",415.13164481318,249.719641547635
32,"208_fs1-00003.jpg",414.482377385465,249.791201492113
33,"208_fs1-00003.jpg",413.835111588984,249.870095445346
34,"208_fs1-00003.jpg",413.189855574175,249.95635368098
35,"208_fs1-00003.jpg",412.546617491475,250.05000647266
36,"208_fs1-00003.jpg",411.905405491322,250.151084094032
37,"208_fs1-00003.jpg",411.266227724153,250.259616818743
38,"208_fs1-00003.jpg",410.629092340404,250.375634920438
39,"208_fs1-00003.jpg",409.994007490513,250.499168672764
40,"208_fs1-00003.jpg",409.360981324918,250.630248349367
41,"208_fs1-00003.jpg",408.730021994056,250.768904223891
42,"208_fs1-00003.jpg",408.100061038882,250.915166569985
43,"208_fs1-00003.jpg",407.466090246396,251.069065661292
44,"208_fs1-00003.jpg",406.82790389855,251.23063177146
45,"208_fs1-00003.jpg",406.186002733242,251.399895174135
46,"208_fs1-00003.jpg",405.540887488369,251.576886142962
47,"208_fs1-00003.jpg",404.89305890183,251.761634951587
48,"208_fs1-00003.jpg",404.243017711521,251.954171873657
49,"208_fs1-00003.jpg",403.591264655341,252.154527182817
50,"208_fs1-00003.jpg",402.938300471188,252.362731152714
51,"208_fs1-00003.jpg",402.284625896958,252.578814056993
52,"208_fs1-00003.jpg",401.630741670551,252.8028061693
53,"208_fs1-00003.jpg",400.977148529863,253.034737763282
54,"208_fs1-00003.jpg",400.324347212792,253.274639112584
55,"208_fs1-00003.jpg",399.672838457236,253.522540490852
56,"208_fs1-00003.jpg",399.023123001093,253.778472171733
57,"208_fs1-00003.jpg",398.375701582261,254.042464428872
58,"208_fs1-00003.jpg",397.731074938636,254.314547535916
59,"208_fs1-00003.jpg",397.089743808118,254.59475176651
60,"208_fs1-00003.jpg",396.452208928603,254.8831073943
61,"208_fs1-00003.jpg",395.818971037989,255.179644692932
62,"208_fs1-00003.jpg",395.190530874175,255.484393936053
63,"208_fs1-00003.jpg",394.567389175057,255.797385397308
64,"208_fs1-00003.jpg",393.950046678534,256.118649350344
65,"208_fs1-00003.jpg",393.339004122503,256.448216068806
66,"208_fs1-00003.jpg",392.734762244863,256.78611582634
67,"208_fs1-00003.jpg",392.13782178351,257.132378896592
68,"208_fs1-00003.jpg",391.548683476342,257.487035553209
69,"208_fs1-00003.jpg",390.967848061258,257.850116069836
70,"208_fs1-00003.jpg",390.395816276154,258.221650720119
71,"208_fs1-00003.jpg",389.833088858929,258.601669777704
72,"208_fs1-00003.jpg",389.280166547481,258.990203516238
73,"208_fs1-00003.jpg",388.737550079706,259.387282209366
74,"208_fs1-00003.jpg",388.205740193504,259.792936130734
75,"208_fs1-00003.jpg",387.685237626771,260.207195553989
76,"208_fs1-00003.jpg",387.176543117405,260.630090752775
77,"208_fs1-00003.jpg",386.680157403304,261.06165200074
78,"208_fs1-00003.jpg",386.196581222366,261.501909571529
79,"208_fs1-00003.jpg",385.726315312489,261.950893738789
80,"208_fs1-00003.jpg",385.269860411569,262.408634776164
81,"208_fs1-00003.jpg",384.827717257506,262.875162957302
82,"208_fs1-00003.jpg",384.400075272837,263.350508401626
83,"208_fs1-00003.jpg",383.971456860065,263.834638721041
84,"208_fs1-00003.jpg",383.534189885049,264.327363410571
85,"208_fs1-00003.jpg",383.089896989629,264.828467344954
86,"208_fs1-00003.jpg",382.640200815644,265.337735398929
87,"208_fs1-00003.jpg",382.186724004933,265.854952447233
88,"208_fs1-00003.jpg",381.731089199337,266.379903364606
89,"208_fs1-00003.jpg",381.274919040695,266.912373025787
90,"208_fs1-00003.jpg",380.819836170847,267.452146305514
91,"208_fs1-00003.jpg",380.367463231633,267.999008078525
92,"208_fs1-00003.jpg",379.919422864892,268.552743219559
93,"208_fs1-00003.jpg",379.477337712464,269.113136603355
94,"208_fs1-00003.jpg",379.042830416189,269.679973104652
95,"208_fs1-00003.jpg",378.617523617907,270.253037598187
96,"208_fs1-00003.jpg",378.203039959456,270.832114958701
97,"208_fs1-00003.jpg",377.801002082678,271.41699006093
98,"208_fs1-00003.jpg",377.413032629411,272.007447779615
99,"208_fs1-00003.jpg",377.040754241496,272.603272989493
100,"208_fs1-00003.jpg",376.685789560771,273.204250565303
101,"208_fs1-00003.jpg",376.349761229077,273.810165381784
102,"208_fs1-00003.jpg",376.034291888254,274.420802313674
103,"208_fs1-00003.jpg",375.741004180141,275.035946235712
104,"208_fs1-00003.jpg",375.471520746578,275.655382022637
105,"208_fs1-00003.jpg",375.227464229404,276.278894549187
106,"208_fs1-00003.jpg",375.010457270459,276.906268690101
107,"208_fs1-00003.jpg",374.822122511584,277.537289320117
108,"208_fs1-00003.jpg",374.664082594617,278.171741313975
109,"208_fs1-00003.jpg",374.537960161399,278.809409546412
110,"208_fs1-00003.jpg",374.445377853768,279.450078892167
111,"208_fs1-00003.jpg",374.387958313566,280.09353422598
112,"208_fs1-00003.jpg",374.367324182631,280.739560422588
113,"208_fs1-00003.jpg",374.370325779893,281.387961048828
114,"208_fs1-00003.jpg",374.379767390665,282.038625063231
115,"208_fs1-00003.jpg",374.39523340038,282.691465794907
116,"208_fs1-00003.jpg",374.416339182084,283.346396574819
117,"208_fs1-00003.jpg",374.442700108825,284.003330733932
118,"208_fs1-00003.jpg",374.473931553651,284.662181603207
119,"208_fs1-00003.jpg",374.509648889609,285.322862513609
120,"208_fs1-00003.jpg",374.549467489746,285.985286796101
121,"208_fs1-00003.jpg",374.59300272711,286.649367781646
122,"208_fs1-00003.jpg",374.639869974748,287.315018801207
123,"208_fs1-00003.jpg",374.689684605708,287.982153185748
124,"208_fs1-00003.jpg",374.742061993038,288.650684266233
125,"208_fs1-00003.jpg",374.796617509784,289.320525373624
126,"208_fs1-00003.jpg",374.852966528994,289.991589838885
127,"208_fs1-00003.jpg",374.910724423716,290.663790992978
128,"208_fs1-00003.jpg",374.969506566996,291.337042166869
129,"208_fs1-00003.jpg",375.028928331884,292.011256691519
130,"208_fs1-00003.jpg",375.088605091425,292.686347897892
131,"208_fs1-00003.jpg",375.148152218667,293.362229116952
132,"208_fs1-00003.jpg",375.207185086659,294.038813679662
133,"208_fs1-00003.jpg",375.265319068447,294.716014916985
134,"208_fs1-00003.jpg",375.322169537078,295.393746159884
135,"208_fs1-00003.jpg",375.3773518656,296.071920739323
136,"208_fs1-00003.jpg",375.430481427062,296.750451986266
137,"208_fs1-00003.jpg",375.482977171826,297.429250083848
138,"208_fs1-00003.jpg",375.54085337794,298.108184089488
139,"208_fs1-00003.jpg",375.604002643518,298.787094204115
140,"208_fs1-00003.jpg",375.671714982991,299.465820031645
141,"208_fs1-00003.jpg",375.743280410791,300.144201175998
142,"208_fs1-00003.jpg",375.817988941351,300.822077241092
143,"208_fs1-00003.jpg",375.895130589102,301.499287830845
144,"208_fs1-00003.jpg",375.973995368477,302.175672549177
145,"208_fs1-00003.jpg",376.053873293908,302.851071000004
146,"208_fs1-00003.jpg",376.134054379827,303.525322787246
147,"208_fs1-00003.jpg",376.213828640666,304.198267514821
148,"208_fs1-00003.jpg",376.292486090857,304.869744786648
149,"208_fs1-00003.jpg",376.369316744832,305.539594206644
150,"208_fs1-00003.jpg",376.443610617024,306.207655378728
151,"208_fs1-00003.jpg",376.514657721864,306.873767906819
152,"208_fs1-00003.jpg",376.581748073785,307.537771394834
153,"208_fs1-00003.jpg",376.644171687218,308.199505446693
154,"208_fs1-00003.jpg",376.701218576596,308.858809666313
155,"208_fs1-00003.jpg",376.752178756351,309.515523657613
156,"208_fs1-00003.jpg",376.796342240914,310.169487024512
157,"208_fs1-00003.jpg",376.832999044719,310.820539370927
158,"208_fs1-00003.jpg",376.861439182197,311.468520300778
159,"208_fs1-00003.jpg",376.88095266778,312.113269417982
160,"208_fs1-00003.jpg",376.890829515901,312.754626326457
161,"208_fs1-00003.jpg",376.887991135081,313.392430630123
162,"208_fs1-00003.jpg",376.860087560885,314.026521932898
163,"208_fs1-00003.jpg",376.80583557707,314.6567398387
164,"208_fs1-00003.jpg",376.725695420508,315.282923951447
165,"208_fs1-00003.jpg",376.62012732807,315.904913875058
166,"208_fs1-00003.jpg",376.489591536628,316.522549213451
167,"208_fs1-00003.jpg",376.334548283053,317.135669570544
168,"208_fs1-00003.jpg",376.155457804216,317.744114550257
169,"208_fs1-00003.jpg",375.952780336989,318.347723756506
170,"208_fs1-00003.jpg",375.726976118244,318.946336793212
171,"208_fs1-00003.jpg",375.47850538485,319.539793264291
172,"208_fs1-00003.jpg",375.207828373681,320.127932773663
173,"208_fs1-00003.jpg",374.915405321607,320.710594925245
174,"208_fs1-00003.jpg",374.6016964655,321.287619322957
175,"208_fs1-00003.jpg",374.267162042231,321.858845570716
176,"208_fs1-00003.jpg",373.912262288671,322.424113272441
177,"208_fs1-00003.jpg",373.537457441692,322.983262032051
178,"208_fs1-00003.jpg",373.143207738166,323.536131453463
179,"208_fs1-00003.jpg",372.729973414963,324.082561140596
180,"208_fs1-00003.jpg",372.298214708955,324.622390697369
181,"208_fs1-00003.jpg",371.848391857014,325.155459727699
182,"208_fs1-00003.jpg",371.38096509601,325.681607835506
183,"208_fs1-00003.jpg",370.896394662815,326.200674624707
184,"208_fs1-00003.jpg",370.395140794301,326.712499699221
185,"208_fs1-00003.jpg",369.877663727339,327.216922662967
186,"208_fs1-00003.jpg",369.344423698801,327.713783119862
187,"208_fs1-00003.jpg",368.795880945557,328.202920673825
188,"208_fs1-00003.jpg",368.232495704479,328.684174928775
189,"208_fs1-00003.jpg",367.654728212439,329.15738548863
190,"208_fs1-00003.jpg",367.063038706307,329.622391957308
191,"208_fs1-00003.jpg",366.457887422956,330.079033938727
192,"208_fs1-00003.jpg",365.839734599256,330.527151036806
193,"208_fs1-00003.jpg",365.20904047208,330.966582855464
194,"208_fs1-00003.jpg",364.566265278297,331.397168998619
195,"208_fs1-00003.jpg",363.911869254781,331.818749070188
196,"208_fs1-00003.jpg",363.246312638402,332.231162674091
197,"208_fs1-00003.jpg",362.570055666031,332.634249414246
198,"208_fs1-00003.jpg",361.883558574541,333.027848894571
199,"208_fs1-00003.jpg",361.187281600801,333.411800718985
200,"208_fs1-00003.jpg",360.481684981685,333.785944491406
1,"208_fs1-00004.jpg",445.167,240.167
2,"208_fs1-00004.jpg",444.637848678401,240.65707490064
3,"208_fs1-00004.jpg",444.107165182455,241.137979323931
4,"208_fs1-00004.jpg",443.574949478013,241.609835447791
5,"208_fs1-00004.jpg",443.041201530929,242.072765450134
6,"208_fs1-00004.jpg",442.505921307055,242.526891508877
7,"208_fs1-00004.jpg",441.969108772244,242.972335801937
8,"208_fs1-00004.jpg",441.430763892349,243.40922050723
9,"208_fs1-00004.jpg",440.890886633222,243.837667802671
10,"208_fs1-00004.jpg",440.349476960715,244.257799866178
11,"208_fs1-00004.jpg",439.806534840682,244.669738875667
12,"208_fs1-00004.jpg",439.262060238975,245.073607009053
13,"208_fs1-00004.jpg",438.716053121447,245.469526444253
14,"208_fs1-00004.jpg",438.16851345395,245.857619359184
15,"208_fs1-00004.jpg",437.619441202337,246.238007931761
16,"208_fs1-00004.jpg",437.068836332461,246.610814339901
17,"208_fs1-00004.jpg",436.516698810174,246.97616076152
18,"208_fs1-00004.jpg",435.963028601329,247.334169374534
19,"208_fs1-00004.jpg",435.407825671779,247.68496235686
20,"208_fs1-00004.jpg",434.851089987376,248.028661886414
21,"208_fs1-00004.jpg",434.292821513973,248.365390141112
22,"208_fs1-00004.jpg",433.733020217423,248.69526929887
23,"208_fs1-00004.jpg",433.171686063577,249.018421537605
24,"208_fs1-00004.jpg",432.60881901829,249.334969035233
25,"208_fs1-00004.jpg",432.044419047413,249.64503396967
26,"208_fs1-00004.jpg",431.4784861168,249.948738518832
27,"208_fs1-00004.jpg",430.911020192302,250.246204860636
28,"208_fs1-00004.jpg",430.342021239773,250.537555172998
29,"208_fs1-00004.jpg",429.771489225065,250.822911633834
30,"208_fs1-00004.jpg",429.199424114031,251.102396421061
31,"208_fs1-00004.jpg",428.625825872523,251.376131712594
32,"208_fs1-00004.jpg",428.050694466394,251.64423968635
33,"208_fs1-00004.jpg",427.474029861497,251.906842520245
34,"208_fs1-00004.jpg",426.895832023684,252.164062392196
35,"208_fs1-00004.jpg",426.316100918809,252.416021480118
36,"208_fs1-00004.jpg",425.734836512723,252.662841961929
37,"208_fs1-00004.jpg",425.152038771279,252.904646015543
38,"208_fs1-00004.jpg",424.567707660331,253.141555818879
39,"208_fs1-00004.jpg",423.98184314573,253.37369354985
40,"208_fs1-00004.jpg",423.394445193329,253.601181386375
41,"208_fs1-00004.jpg",422.805513768981,253.824141506369
42,"208_fs1-00004.jpg",422.215048838539,254.042696087749
43,"208_fs1-00004.jpg",421.623050367855,254.25696730843
44,"208_fs1-00004.jpg",421.029436090778,254.46707734633
45,"208_fs1-00004.jpg",420.432535613224,254.673148379364
46,"208_fs1-00004.jpg",419.831800655116,254.875302585448
47,"208_fs1-00004.jpg",419.227376649675,255.073662142499
48,"208_fs1-00004.jpg",418.619409030123,255.268349228433
49,"208_fs1-00004.jpg",418.008043229683,255.459486021167
50,"208_fs1-00004.jpg",417.393424681578,255.647194698616
51,"208_fs1-00004.jpg",416.775698819028,255.831597438697
52,"208_fs1-00004.jpg",416.155011075257,256.012816419326
53,"208_fs1-00004.jpg",415.531506883487,256.190973818419
54,"208_fs1-00004.jpg",414.90533167694,256.366191813893
55,"208_fs1-00004.jpg",414.276630888839,256.538592583664
56,"208_fs1-00004.jpg",413.645549952405,256.708298305648
57,"208_fs1-00004.jpg",413.01223430086,256.875431157761
58,"208_fs1-00004.jpg",412.376829367428,257.04011331792
59,"208_fs1-00004.jpg",411.73948058533,257.202466964041
60,"208_fs1-00004.jpg",411.100333387788,257.36261427404
61,"208_fs1-00004.jpg",410.459533208025,257.520677425833
62,"208_fs1-00004.jpg",409.817225479264,257.676778597337
63,"208_fs1-00004.jpg",409.173555634725,257.831039966468
64,"208_fs1-00004.jpg",408.528669107632,257.983583711143
65,"208_fs1-00004.jpg",407.882711331207,258.134532009276
66,"208_fs1-00004.jpg",407.235827738671,258.284007038786
67,"208_fs1-00004.jpg",406.588163763248,258.432130977587
68,"208_fs1-00004.jpg",405.939864838159,258.579026003596
69,"208_fs1-00004.jpg",405.291076396627,258.72481429473
70,"208_fs1-00004.jpg",404.641943871874,258.869618028905
71,"208_fs1-00004.jpg",403.992612697122,259.013559384037
72,"208_fs1-00004.jpg",403.343228305594,259.156760538042
73,"208_fs1-00004.jpg",402.693936130511,259.299343668836
74,"208_fs1-00004.jpg",402.044881605096,259.441430954337
75,"208_fs1-00004.jpg",401.396210162572,259.583144572459
76,"208_fs1-00004.jpg",400.748067236159,259.72460670112
77,"208_fs1-00004.jpg",400.100598259082,259.865939518235
78,"208_fs1-00004.jpg",399.453948664561,260.00726520172
79,"208_fs1-00004.jpg",398.808263885819,260.148705929493
80,"208_fs1-00004.jpg",398.163689356079,260.29038387947
81,"208_fs1-00004.jpg",397.520370508562,260.432421229565
82,"208_fs1-00004.jpg",396.878452776492,260.574940157697
83,"208_fs1-00004.jpg",396.238081593089,260.718062841781
84,"208_fs1-00004.jpg",395.599402391577,260.861911459733
85,"208_fs1-00004.jpg",394.962560605177,261.006608189469
86,"208_fs1-00004.jpg",394.327701667112,261.152275208907
87,"208_fs1-00004.jpg",393.694971010604,261.299034695962
88,"208_fs1-00004.jpg",393.064514068876,261.44700882855
89,"208_fs1-00004.jpg",392.436476275149,261.596319784587
90,"208_fs1-00004.jpg",391.811003062646,261.747089741991
91,"208_fs1-00004.jpg",391.188239864589,261.899440878676
92,"208_fs1-00004.jpg",390.568332114201,262.05349537256
93,"208_fs1-00004.jpg",389.951425244703,262.209375401559
94,"208_fs1-00004.jpg",389.337664689317,262.367203143589
95,"208_fs1-00004.jpg",388.727195881267,262.527100776565
96,"208_fs1-00004.jpg",388.107165995702,262.689271010707
97,"208_fs1-00004.jpg",387.465970433871,262.854245527216
98,"208_fs1-00004.jpg",386.806194542499,263.022639996664
99,"208_fs1-00004.jpg",386.130424335203,263.195070089647
100,"208_fs1-00004.jpg",385.441245825604,263.372151476762
101,"208_fs1-00004.jpg",384.741245027318,263.554499828609
102,"208_fs1-00004.jpg",384.033007953965,263.742730815784
103,"208_fs1-00004.jpg",383.319120619164,263.937460108885
104,"208_fs1-00004.jpg",382.602169036532,264.139303378509
105,"208_fs1-00004.jpg",381.884739219689,264.348876295254
106,"208_fs1-00004.jpg",381.169417182253,264.566794529717
107,"208_fs1-00004.jpg",380.458788937842,264.793673752497
108,"208_fs1-00004.jpg",379.755440500076,265.030129634191
109,"208_fs1-00004.jpg",379.061957882572,265.276777845396
110,"208_fs1-00004.jpg",378.380927098949,265.53423405671
111,"208_fs1-00004.jpg",377.714934162827,265.80311393873
112,"208_fs1-00004.jpg",377.066565087822,266.084033162055
113,"208_fs1-00004.jpg",376.438405887555,266.377607397282
114,"208_fs1-00004.jpg",375.833042575643,266.684452315007
115,"208_fs1-00004.jpg",375.253061165705,267.00518358583
116,"208_fs1-00004.jpg",374.70104767136,267.340416880347
117,"208_fs1-00004.jpg",374.179588106227,267.690767869157
118,"208_fs1-00004.jpg",373.691268483923,268.056852222856
119,"208_fs1-00004.jpg",373.238674818067,268.439285612042
120,"208_fs1-00004.jpg",372.824393122279,268.838683707314
121,"208_fs1-00004.jpg",372.451009410176,269.255662179267
122,"208_fs1-00004.jpg",372.121109695377,269.690836698501
123,"208_fs1-00004.jpg",371.837279991501,270.144822935613
124,"208_fs1-00004.jpg",371.602106312166,270.6182365612
125,"208_fs1-00004.jpg",371.395853363294,271.1114744809
126,"208_fs1-00004.jpg",371.192515675316,271.623911871544
127,"208_fs1-00004.jpg",370.99248215831,272.154625865438
128,"208_fs1-00004.jpg",370.796206780999,272.702693559712
129,"208_fs1-00004.jpg",370.604143512109,273.267192051493
130,"208_fs1-00004.jpg",370.416746320364,273.847198437912
131,"208_fs1-00004.jpg",370.234469174491,274.441789816097
132,"208_fs1-00004.jpg",370.057766043213,275.050043283178
133,"208_fs1-00004.jpg",369.887090895257,275.671035936283
134,"208_fs1-00004.jpg",369.722897699347,276.303844872542
135,"208_fs1-00004.jpg",369.565640424208,276.947547189084
136,"208_fs1-00004.jpg",369.415773038565,277.601219983038
137,"208_fs1-00004.jpg",369.273749511144,278.263940351533
138,"208_fs1-00004.jpg",369.140023810669,278.934785391699
139,"208_fs1-00004.jpg",369.015049905866,279.612832200663
140,"208_fs1-00004.jpg",368.899281765459,280.297157875556
141,"208_fs1-00004.jpg",368.793173358174,280.986839513507
142,"208_fs1-00004.jpg",368.697178652735,281.680954211644
143,"208_fs1-00004.jpg",368.611751617869,282.378579067098
144,"208_fs1-00004.jpg",368.537346222299,283.078791176996
145,"208_fs1-00004.jpg",368.474416434751,283.780667638468
146,"208_fs1-00004.jpg",368.423416223951,284.483285548643
147,"208_fs1-00004.jpg",368.384799558622,285.185722004651
148,"208_fs1-00004.jpg",368.359020407491,285.88705410362
149,"208_fs1-00004.jpg",368.346532739282,286.586358942679
150,"208_fs1-00004.jpg",368.34854343597,287.282739950752
151,"208_fs1-00004.jpg",368.368265048474,287.975712591157
152,"208_fs1-00004.jpg",368.405444957466,288.665118995559
153,"208_fs1-00004.jpg",368.459432172406,289.350810265218
154,"208_fs1-00004.jpg",368.529575702753,290.032637501394
155,"208_fs1-00004.jpg",368.615224557966,290.710451805346
156,"208_fs1-00004.jpg",368.715727747504,291.384104278333
157,"208_fs1-00004.jpg",368.830434280825,292.053446021615
158,"208_fs1-00004.jpg",368.958693167388,292.718328136452
159,"208_fs1-00004.jpg",369.099853416654,293.378601724102
160,"208_fs1-00004.jpg",369.253264038079,294.034117885826
161,"208_fs1-00004.jpg",369.418274041124,294.684727722883
162,"208_fs1-00004.jpg",369.594232435248,295.330282336532
163,"208_fs1-00004.jpg",369.780488229909,295.970632828034
164,"208_fs1-00004.jpg",369.976390434566,296.605630298647
165,"208_fs1-00004.jpg",370.181288058678,297.235125849631
166,"208_fs1-00004.jpg",370.394530111704,297.858970582246
167,"208_fs1-00004.jpg",370.615465603104,298.47701559775
168,"208_fs1-00004.jpg",370.843443542335,299.089111997405
169,"208_fs1-00004.jpg",371.077812938858,299.695110882468
170,"208_fs1-00004.jpg",371.31792280213,300.2948633542
171,"208_fs1-00004.jpg",371.563122141612,300.88822051386
172,"208_fs1-00004.jpg",371.812759966761,301.475033462708
173,"208_fs1-00004.jpg",372.066185287037,302.055153302003
174,"208_fs1-00004.jpg",372.322747111898,302.628431133004
175,"208_fs1-00004.jpg",372.581794450804,303.194718056972
176,"208_fs1-00004.jpg",372.842676313214,303.753865175165
177,"208_fs1-00004.jpg",373.104741708586,304.305723588844
178,"208_fs1-00004.jpg",373.36733964638,304.850144399267
179,"208_fs1-00004.jpg",373.640825517431,305.386978707695
180,"208_fs1-00004.jpg",373.94057325691,305.916077615386
181,"208_fs1-00004.jpg",374.265674993126,306.4372922236
182,"208_fs1-00004.jpg",374.615073648418,306.950473633597
183,"208_fs1-00004.jpg",374.987712145125,307.455472946637
184,"208_fs1-00004.jpg",375.382533405584,307.952141263978
185,"208_fs1-00004.jpg",375.798480352135,308.440329686881
186,"208_fs1-00004.jpg",376.234495907116,308.919889316604
187,"208_fs1-00004.jpg",376.689522992866,309.390671254407
188,"208_fs1-00004.jpg",377.162504531722,309.852526601551
189,"208_fs1-00004.jpg",377.652383446024,310.305306459294
190,"208_fs1-00004.jpg",378.15810265811,310.748861928895
191,"208_fs1-00004.jpg",378.678605090319,311.183044111615
192,"208_fs1-00004.jpg",379.212833664989,311.607704108713
193,"208_fs1-00004.jpg",379.759731304458,312.022693021448
194,"208_fs1-00004.jpg",380.318240931066,312.427861951081
195,"208_fs1-00004.jpg",380.88730546715,312.823061998869
196,"208_fs1-00004.jpg",381.465867835049,313.208144266073
197,"208_fs1-00004.jpg",382.052870957102,313.582959853953
198,"208_fs1-00004.jpg",382.647257755648,313.947359863768
199,"208_fs1-00004.jpg",383.247971153024,314.301195396777
200,"208_fs1-00004.jpg",383.853954071569,314.644317554241
1,"208_fs1-00005.jpg",456.167,230.5
2,"208_fs1-00005.jpg",455.71992114771,230.916161363376
3,"208_fs1-00005.jpg",455.270312340232,231.336172267425
4,"208_fs1-00005.jpg",454.818192536492,231.7598861739
5,"208_fs1-00005.jpg",454.36358069542,232.187156544557
6,"208_fs1-00005.jpg",453.906495775943,232.617836841153
7,"208_fs1-00005.jpg",453.44695673699,233.051780525441
8,"208_fs1-00005.jpg",452.984982537488,233.488841059178
9,"208_fs1-00005.jpg",452.520592136366,233.928871904119
10,"208_fs1-00005.jpg",452.053804492553,234.371726522018
11,"208_fs1-00005.jpg",451.584638564975,234.817258374633
12,"208_fs1-00005.jpg",451.113113312562,235.265320923716
13,"208_fs1-00005.jpg",450.639247694241,235.715767631025
14,"208_fs1-00005.jpg",450.163060668942,236.168451958315
15,"208_fs1-00005.jpg",449.68457119559,236.62322736734
16,"208_fs1-00005.jpg",449.203798233116,237.079947319856
17,"208_fs1-00005.jpg",448.720760740447,237.538465277618
18,"208_fs1-00005.jpg",448.235477676512,237.998634702383
19,"208_fs1-00005.jpg",447.747968000237,238.460309055904
20,"208_fs1-00005.jpg",447.258250670553,238.923341799938
21,"208_fs1-00005.jpg",446.766344646386,239.387586396239
22,"208_fs1-00005.jpg",446.272268886665,239.852896306564
23,"208_fs1-00005.jpg",445.776042350318,240.319124992667
24,"208_fs1-00005.jpg",445.277683996273,240.786125916303
25,"208_fs1-00005.jpg",444.777212783459,241.253752539229
26,"208_fs1-00005.jpg",444.274647670803,241.721858323199
27,"208_fs1-00005.jpg",443.770007617234,242.190296729969
28,"208_fs1-00005.jpg",443.26331158168,242.658921221294
29,"208_fs1-00005.jpg",442.754578523069,243.12758525893
30,"208_fs1-00005.jpg",442.243827400329,243.596142304631
31,"208_fs1-00005.jpg",441.731077172388,244.064445820153
32,"208_fs1-00005.jpg",441.216346798175,244.532349267252
33,"208_fs1-00005.jpg",440.699655236618,244.999706107682
34,"208_fs1-00005.jpg",440.181021446644,245.466369803199
35,"208_fs1-00005.jpg",439.660464387182,245.932193815559
36,"208_fs1-00005.jpg",439.13800301716,246.397031606517
37,"208_fs1-00005.jpg",438.613656295507,246.860736637827
38,"208_fs1-00005.jpg",438.08744318115,247.323162371246
39,"208_fs1-00005.jpg",437.559382633018,247.784162268529
40,"208_fs1-00005.jpg",437.029493610038,248.243589791431
41,"208_fs1-00005.jpg",436.497795071139,248.701298401707
42,"208_fs1-00005.jpg",435.96430597525,249.157141561113
43,"208_fs1-00005.jpg",435.429045281297,249.610972731404
44,"208_fs1-00005.jpg",434.89203194821,250.062645374335
45,"208_fs1-00005.jpg",434.353284934916,250.512012951663
46,"208_fs1-00005.jpg",433.812823200345,250.958928925141
47,"208_fs1-00005.jpg",433.270665703422,251.403246756525
48,"208_fs1-00005.jpg",432.726831403078,251.844819907572
49,"208_fs1-00005.jpg",432.18133925824,252.283501840035
50,"208_fs1-00005.jpg",431.634208227837,252.719146015671
51,"208_fs1-00005.jpg",431.085457270796,253.151605896235
52,"208_fs1-00005.jpg",430.535105346045,253.580734943481
53,"208_fs1-00005.jpg",429.983171412513,254.006386619166
54,"208_fs1-00005.jpg",429.429674429129,254.428414385045
55,"208_fs1-00005.jpg",428.874409122954,254.846671702872
56,"208_fs1-00005.jpg",428.315662984124,255.261012034405
57,"208_fs1-00005.jpg",427.7531473516,255.671288841397
58,"208_fs1-00005.jpg",427.186950780812,256.077355585604
59,"208_fs1-00005.jpg",426.617161827195,256.479065728781
60,"208_fs1-00005.jpg",426.043869046179,256.876272732684
61,"208_fs1-00005.jpg",425.467160993198,257.268830059068
62,"208_fs1-00005.jpg",424.887126223685,257.656591169689
63,"208_fs1-00005.jpg",424.30385329307,258.039409526301
64,"208_fs1-00005.jpg",423.717430756787,258.41713859066
65,"208_fs1-00005.jpg",423.127947170267,258.789631824522
66,"208_fs1-00005.jpg",422.535491088944,259.156742689641
67,"208_fs1-00005.jpg",421.94015106825,259.518324647774
68,"208_fs1-00005.jpg",421.342015663616,259.874231160675
69,"208_fs1-00005.jpg",420.741173430475,260.224315690099
70,"208_fs1-00005.jpg",420.13771292426,260.568431697803
71,"208_fs1-00005.jpg",419.531722700403,260.906432645541
72,"208_fs1-00005.jpg",418.923291314337,261.238171995069
73,"208_fs1-00005.jpg",418.312507321492,261.563503208142
74,"208_fs1-00005.jpg",417.699459277303,261.882279746515
75,"208_fs1-00005.jpg",417.084235737201,262.194355071944
76,"208_fs1-00005.jpg",416.466925256618,262.499582646184
77,"208_fs1-00005.jpg",415.847616390988,262.79781593099
78,"208_fs1-00005.jpg",415.226397695742,263.088908388118
79,"208_fs1-00005.jpg",414.603357726312,263.372713479323
80,"208_fs1-00005.jpg",413.978585038131,263.649084666361
81,"208_fs1-00005.jpg",413.352168186631,263.917875410986
82,"208_fs1-00005.jpg",412.724195727245,264.178939174955
83,"208_fs1-00005.jpg",412.094756215405,264.432129420021
84,"208_fs1-00005.jpg",411.463938206544,264.677299607942
85,"208_fs1-00005.jpg",410.831830256092,264.914303200471
86,"208_fs1-00005.jpg",410.198520919484,265.142993659365
87,"208_fs1-00005.jpg",409.564098752151,265.363224446379
88,"208_fs1-00005.jpg",408.928652309526,265.574849023267
89,"208_fs1-00005.jpg",408.292270147041,265.777720851786
90,"208_fs1-00005.jpg",407.655040820128,265.971693393691
91,"208_fs1-00005.jpg",407.017052884219,266.156620110737
92,"208_fs1-00005.jpg",406.378394894748,266.332354464679
93,"208_fs1-00005.jpg",405.739155407145,266.498749917273
94,"208_fs1-00005.jpg",405.099422976845,266.655659930274
95,"208_fs1-00005.jpg",404.459286159278,266.802937965437
96,"208_fs1-00005.jpg",403.818833509878,266.940437484518
97,"208_fs1-00005.jpg",403.178153584076,267.068011949272
98,"208_fs1-00005.jpg",402.536116325953,267.185548594702
99,"208_fs1-00005.jpg",401.889025829105,267.293317736596
100,"208_fs1-00005.jpg",401.236860983899,267.391832386943
101,"208_fs1-00005.jpg",400.579890354847,267.48160940724
102,"208_fs1-00005.jpg",399.918382506461,267.563165658987
103,"208_fs1-00005.jpg",399.25260600325,267.637018003683
104,"208_fs1-00005.jpg",398.582829409725,267.703683302826
105,"208_fs1-00005.jpg",397.909321290398,267.763678417916
106,"208_fs1-00005.jpg",397.232350209779,267.817520210452
107,"208_fs1-00005.jpg",396.552184732379,267.865725541932
108,"208_fs1-00005.jpg",395.869093422708,267.908811273856
109,"208_fs1-00005.jpg",395.183344845277,267.947294267722
110,"208_fs1-00005.jpg",394.495207564598,267.98169138503
111,"208_fs1-00005.jpg",393.804950145181,268.012519487278
112,"208_fs1-00005.jpg",393.112841151536,268.040295435965
113,"208_fs1-00005.jpg",392.419149148175,268.065536092591
114,"208_fs1-00005.jpg",391.724142699608,268.088758318654
115,"208_fs1-00005.jpg",391.028090370347,268.110478975653
116,"208_fs1-00005.jpg",390.331260724901,268.131214925088
117,"208_fs1-00005.jpg",389.633922327782,268.151483028456
118,"208_fs1-00005.jpg",388.9363437435,268.171800147258
119,"208_fs1-00005.jpg",388.238793536566,268.192683142991
120,"208_fs1-00005.jpg",387.541540271492,268.214648877156
121,"208_fs1-00005.jpg",386.844852512787,268.238214211251
122,"208_fs1-00005.jpg",386.148998824963,268.263896006775
123,"208_fs1-00005.jpg",385.45424777253,268.292211125226
124,"208_fs1-00005.jpg",384.76086792,268.323676428105
125,"208_fs1-00005.jpg",384.069127831882,268.358808776909
126,"208_fs1-00005.jpg",383.379296072688,268.398125033138
127,"208_fs1-00005.jpg",382.691641206928,268.44214205829
128,"208_fs1-00005.jpg",382.006431799114,268.491376713866
129,"208_fs1-00005.jpg",381.323936413756,268.546345861363
130,"208_fs1-00005.jpg",380.644423615365,268.60756636228
131,"208_fs1-00005.jpg",379.968161968451,268.675555078117
132,"208_fs1-00005.jpg",379.295420037526,268.750828870373
133,"208_fs1-00005.jpg",378.6264663871,268.833904600546
134,"208_fs1-00005.jpg",377.961569581684,268.925299130135
135,"208_fs1-00005.jpg",377.300998185789,269.02552932064
136,"208_fs1-00005.jpg",376.645020763925,269.135112033559
137,"208_fs1-00005.jpg",375.993905880603,269.254564130392
138,"208_fs1-00005.jpg",375.347922100335,269.384402472636
139,"208_fs1-00005.jpg",374.707337987631,269.525143921792
140,"208_fs1-00005.jpg",374.072422107001,269.677305339358
141,"208_fs1-00005.jpg",373.443443022957,269.841403586834
142,"208_fs1-00005.jpg",372.820669300009,270.017955525717
143,"208_fs1-00005.jpg",372.203707282602,270.207477469074
144,"208_fs1-00005.jpg",371.566218493831,270.41032445381
145,"208_fs1-00005.jpg",370.897643618837,270.626466576061
146,"208_fs1-00005.jpg",370.202396042086,270.855817718611
147,"208_fs1-00005.jpg",369.484889148043,271.098291764245
148,"208_fs1-00005.jpg",368.749536321175,271.353802595748
149,"208_fs1-00005.jpg",368.000750945948,271.622264095904
150,"208_fs1-00005.jpg",367.242946406828,271.903590147499
151,"208_fs1-00005.jpg",366.48053608828,272.197694633317
152,"208_fs1-00005.jpg",365.717933374771,272.504491436142
153,"208_fs1-00005.jpg",364.959551650767,272.82389443876
154,"208_fs1-00005.jpg",364.209804300733,273.155817523955
155,"208_fs1-00005.jpg",363.473104709136,273.500174574512
156,"208_fs1-00005.jpg",362.753866260442,273.856879473215
157,"208_fs1-00005.jpg",362.056502339116,274.22584610285
158,"208_fs1-00005.jpg",361.385426329625,274.606988346202
159,"208_fs1-00005.jpg",360.745051616435,275.000220086054
160,"208_fs1-00005.jpg",360.139791584011,275.405455205191
161,"208_fs1-00005.jpg",359.57405961682,275.822607586399
162,"208_fs1-00005.jpg",359.052269099328,276.251591112462
163,"208_fs1-00005.jpg",358.578833416001,276.692319666165
164,"208_fs1-00005.jpg",358.158165951304,277.144707130292
165,"208_fs1-00005.jpg",357.794680089703,277.608667387629
166,"208_fs1-00005.jpg",357.492789215665,278.084114320959
167,"208_fs1-00005.jpg",357.256906713656,278.570961813068
168,"208_fs1-00005.jpg",357.091445968142,279.069123746741
169,"208_fs1-00005.jpg",357.000820363588,279.578514004762
170,"208_fs1-00005.jpg",356.984131586362,280.099046469916
171,"208_fs1-00005.jpg",356.984131586362,280.630635024988
172,"208_fs1-00005.jpg",356.984131586362,281.173193552762
173,"208_fs1-00005.jpg",356.984131586362,281.726635936022
174,"208_fs1-00005.jpg",356.984131586362,282.290876057555
175,"208_fs1-00005.jpg",356.984131586362,282.865827800145
176,"208_fs1-00005.jpg",356.984131586362,283.451405046576
177,"208_fs1-00005.jpg",356.984131586362,284.047521679633
178,"208_fs1-00005.jpg",356.984131586362,284.6540915821
179,"208_fs1-00005.jpg",356.984131586362,285.271028636763
180,"208_fs1-00005.jpg",356.984131586362,285.898246726407
181,"208_fs1-00005.jpg",356.984131586362,286.535659733815
182,"208_fs1-00005.jpg",356.984131586362,287.183181541774
183,"208_fs1-00005.jpg",356.984131586362,287.840726033066
184,"208_fs1-00005.jpg",356.984131586362,288.508207090478
185,"208_fs1-00005.jpg",356.984131586362,289.185538596794
186,"208_fs1-00005.jpg",356.984131586362,289.872634434798
187,"208_fs1-00005.jpg",356.984131586362,290.569408487276
188,"208_fs1-00005.jpg",356.984131586362,291.275774637012
189,"208_fs1-00005.jpg",356.984131586362,291.991646766791
190,"208_fs1-00005.jpg",356.984131586362,292.716938759397
191,"208_fs1-00005.jpg",356.984131586362,293.451564497616
192,"208_fs1-00005.jpg",356.984131586362,294.195437864232
193,"208_fs1-00005.jpg",356.984131586362,294.948472742029
194,"208_fs1-00005.jpg",356.984131586362,295.710583013794
195,"208_fs1-00005.jpg",356.984131586362,296.481682562309
196,"208_fs1-00005.jpg",356.984131586362,297.26168527036
197,"208_fs1-00005.jpg",356.984131586362,298.050505020733
198,"208_fs1-00005.jpg",356.984131586362,298.84805569621
199,"208_fs1-00005.jpg",356.984131586362,299.654251179578
200,"208_fs1-00005.jpg",356.984131586362,300.469005353621
1,"208_fs1-00006.jpg",469.833,223.167
2,"208_fs1-00006.jpg",469.271734858671,223.455679768711
3,"208_fs1-00006.jpg",468.711299757837,223.748878865397
4,"208_fs1-00006.jpg",468.151693620969,224.046521457264
5,"208_fs1-00006.jpg",467.592915371539,224.34853171152
6,"208_fs1-00006.jpg",467.034963933018,224.654833795371
7,"208_fs1-00006.jpg",466.477838228877,224.965351876027
8,"208_fs1-00006.jpg",465.921537182587,225.280010120693
9,"208_fs1-00006.jpg",465.366059717621,225.598732696577
10,"208_fs1-00006.jpg",464.811404757448,225.921443770887
11,"208_fs1-00006.jpg",464.257571225541,226.24806751083
12,"208_fs1-00006.jpg",463.704558045371,226.578528083614
13,"208_fs1-00006.jpg",463.152364140409,226.912749656444
14,"208_fs1-00006.jpg",462.600988434126,227.25065639653
15,"208_fs1-00006.jpg",462.050429849994,227.592172471078
16,"208_fs1-00006.jpg",461.500687311484,227.937222047296
17,"208_fs1-00006.jpg",460.951759742068,228.285729292391
18,"208_fs1-00006.jpg",460.403646065216,228.63761837357
19,"208_fs1-00006.jpg",459.8563452044,228.992813458041
20,"208_fs1-00006.jpg",459.309856083092,229.351238713011
21,"208_fs1-00006.jpg",458.764177624762,229.712818305688
22,"208_fs1-00006.jpg",458.219308752882,230.077476403278
23,"208_fs1-00006.jpg",457.675248390923,230.44513717299
24,"208_fs1-00006.jpg",457.131995462358,230.81572478203
25,"208_fs1-00006.jpg",456.589548890656,231.189163397606
26,"208_fs1-00006.jpg",456.047907599289,231.565377186925
27,"208_fs1-00006.jpg",455.507070511729,231.944290317195
28,"208_fs1-00006.jpg",454.967036551446,232.325826955623
29,"208_fs1-00006.jpg",454.427804641913,232.709911269416
30,"208_fs1-00006.jpg",453.889373706601,233.096467425781
31,"208_fs1-00006.jpg",453.35174266898,233.485419591927
32,"208_fs1-00006.jpg",452.814910452522,233.87669193506
33,"208_fs1-00006.jpg",452.278875980699,234.270208622388
34,"208_fs1-00006.jpg",451.743638176982,234.665893821118
35,"208_fs1-00006.jpg",451.209195964842,235.063671698457
36,"208_fs1-00006.jpg",450.67554826775,235.463466421614
37,"208_fs1-00006.jpg",450.142694009178,235.865202157794
38,"208_fs1-00006.jpg",449.610632112597,236.268803074206
39,"208_fs1-00006.jpg",449.079361501478,236.674193338056
40,"208_fs1-00006.jpg",448.548881099293,237.081297116553
41,"208_fs1-00006.jpg",448.019189829513,237.490038576903
42,"208_fs1-00006.jpg",447.49028661561,237.900341886315
43,"208_fs1-00006.jpg",446.962170381054,238.312131211994
44,"208_fs1-00006.jpg",446.434840049317,238.725330721149
45,"208_fs1-00006.jpg",445.90829454387,239.139864580987
46,"208_fs1-00006.jpg",445.382532788185,239.555656958716
47,"208_fs1-00006.jpg",444.857553705733,239.972632021542
48,"208_fs1-00006.jpg",444.333356219985,240.390713936673
49,"208_fs1-00006.jpg",443.809939254413,240.809826871317
50,"208_fs1-00006.jpg",443.287308515813,241.22989499268
51,"208_fs1-00006.jpg",442.766969244414,241.650842467971
52,"208_fs1-00006.jpg",442.249932763342,242.072593464396
53,"208_fs1-00006.jpg",441.736003383133,242.495072149163
54,"208_fs1-00006.jpg",441.224985414325,242.918202689479
55,"208_fs1-00006.jpg",440.716683167458,243.341909252551
56,"208_fs1-00006.jpg",440.210900953068,243.766116005587
57,"208_fs1-00006.jpg",439.707443081695,244.190747115795
58,"208_fs1-00006.jpg",439.206113863875,244.615726750381
59,"208_fs1-00006.jpg",438.706717610148,245.040979076553
60,"208_fs1-00006.jpg",438.209058631051,245.466428261519
61,"208_fs1-00006.jpg",437.712941237123,245.891998472485
62,"208_fs1-00006.jpg",437.2181697389,246.317613876659
63,"208_fs1-00006.jpg",436.724548446923,246.743198641248
64,"208_fs1-00006.jpg",436.231881671728,247.16867693346
65,"208_fs1-00006.jpg",435.739973723853,247.593972920503
66,"208_fs1-00006.jpg",435.248628913838,248.019010769582
67,"208_fs1-00006.jpg",434.757651552219,248.443714647907
68,"208_fs1-00006.jpg",434.266845949536,248.868008722683
69,"208_fs1-00006.jpg",433.776016416325,249.291817161119
70,"208_fs1-00006.jpg",433.284967263126,249.715064130422
71,"208_fs1-00006.jpg",432.793502800476,250.137673797799
72,"208_fs1-00006.jpg",432.301427338913,250.559570330458
73,"208_fs1-00006.jpg",431.808545188975,250.980677895606
74,"208_fs1-00006.jpg",431.314660661202,251.40092066045
75,"208_fs1-00006.jpg",430.819578066129,251.820222792197
76,"208_fs1-00006.jpg",430.323101714297,252.238508458056
77,"208_fs1-00006.jpg",429.825035916242,252.655701825232
78,"208_fs1-00006.jpg",429.325184982503,253.071727060935
79,"208_fs1-00006.jpg",428.823353223619,253.48650833237
80,"208_fs1-00006.jpg",428.319344950126,253.899969806746
81,"208_fs1-00006.jpg",427.812964472563,254.31203565127
82,"208_fs1-00006.jpg",427.304016101469,254.722630033149
83,"208_fs1-00006.jpg",426.792304147381,255.13167711959
84,"208_fs1-00006.jpg",426.277632920837,255.539101077801
85,"208_fs1-00006.jpg",425.759806732376,255.944826074989
86,"208_fs1-00006.jpg",425.238629892535,256.348776278362
87,"208_fs1-00006.jpg",424.713906711854,256.750875855127
88,"208_fs1-00006.jpg",424.185441500869,257.151048972491
89,"208_fs1-00006.jpg",423.653038570118,257.549219797661
90,"208_fs1-00006.jpg",423.116502230141,257.945312497845
91,"208_fs1-00006.jpg",422.575637110789,258.339251240083
92,"208_fs1-00006.jpg",422.031217449321,258.730933699825
93,"208_fs1-00006.jpg",421.484107460013,259.120157418107
94,"208_fs1-00006.jpg",420.934346515408,259.506696280937
95,"208_fs1-00006.jpg",420.381973988047,259.890324174324
96,"208_fs1-00006.jpg",419.827029250474,260.270814984277
97,"208_fs1-00006.jpg",419.269551675231,260.647942596804
98,"208_fs1-00006.jpg",418.709580634861,261.021480897914
99,"208_fs1-00006.jpg",418.147155501905,261.391203773616
100,"208_fs1-00006.jpg",417.582315648907,261.756885109918
101,"208_fs1-00006.jpg",417.015100448408,262.11829879283
102,"208_fs1-00006.jpg",416.445549272951,262.475218708359
103,"208_fs1-00006.jpg",415.87370149508,262.827418742515
104,"208_fs1-00006.jpg",415.299596487335,263.174672781307
105,"208_fs1-00006.jpg",414.72327362226,263.516754710743
106,"208_fs1-00006.jpg",414.144772272397,263.853438416831
107,"208_fs1-00006.jpg",413.564131810288,264.184497785581
108,"208_fs1-00006.jpg",412.981391608477,264.509706703002
109,"208_fs1-00006.jpg",412.396591039505,264.828839055101
110,"208_fs1-00006.jpg",411.809769475915,265.141668727888
111,"208_fs1-00006.jpg",411.220966290249,265.447969607371
112,"208_fs1-00006.jpg",410.63022085505,265.74751557956
113,"208_fs1-00006.jpg",410.03757254286,266.040080530463
114,"208_fs1-00006.jpg",409.443060726223,266.325438346088
115,"208_fs1-00006.jpg",408.846724777679,266.603362912444
116,"208_fs1-00006.jpg",408.248604069772,266.873628115541
117,"208_fs1-00006.jpg",407.648737975044,267.136007841386
118,"208_fs1-00006.jpg",407.047165866038,267.390275975989
119,"208_fs1-00006.jpg",406.443927115296,267.636206405358
120,"208_fs1-00006.jpg",405.83906109536,267.873573015502
121,"208_fs1-00006.jpg",405.232607178773,268.102149692429
122,"208_fs1-00006.jpg",404.624604738078,268.321710322149
123,"208_fs1-00006.jpg",404.015093145816,268.53202879067
124,"208_fs1-00006.jpg",403.404111774531,268.732878984001
125,"208_fs1-00006.jpg",402.791699996765,268.92403478815
126,"208_fs1-00006.jpg",402.17789718506,269.105270089127
127,"208_fs1-00006.jpg",401.562742711959,269.276358772939
128,"208_fs1-00006.jpg",400.946275950004,269.437074725597
129,"208_fs1-00006.jpg",400.328536271738,269.587191833107
130,"208_fs1-00006.jpg",399.709472671928,269.726485342517
131,"208_fs1-00006.jpg",399.087162130331,269.854896313353
132,"208_fs1-00006.jpg",398.460949629124,269.97268844557
133,"208_fs1-00006.jpg",397.83101249159,270.080162593433
134,"208_fs1-00006.jpg",397.197528041013,270.177619611208
135,"208_fs1-00006.jpg",396.560673600677,270.265360353161
136,"208_fs1-00006.jpg",395.920626493864,270.343685673558
137,"208_fs1-00006.jpg",395.277564043857,270.412896426665
138,"208_fs1-00006.jpg",394.631663573941,270.473293466747
139,"208_fs1-00006.jpg",393.983102407398,270.52517764807
140,"208_fs1-00006.jpg",393.332057867512,270.5688498249
141,"208_fs1-00006.jpg",392.678707277566,270.604610851503
142,"208_fs1-00006.jpg",392.023227960843,270.632761582144
143,"208_fs1-00006.jpg",391.365797240628,270.65360287109
144,"208_fs1-00006.jpg",390.706592440202,270.667435572605
145,"208_fs1-00006.jpg",390.045790882851,270.674560540956
146,"208_fs1-00006.jpg",389.383569891856,270.675278630409
147,"208_fs1-00006.jpg",388.720106790501,270.669890695229
148,"208_fs1-00006.jpg",388.05557890207,270.658697589683
149,"208_fs1-00006.jpg",387.390163549846,270.642000168035
150,"208_fs1-00006.jpg",386.724038057112,270.620099284551
151,"208_fs1-00006.jpg",386.057379747151,270.593295793498
152,"208_fs1-00006.jpg",385.390365943248,270.561890549142
153,"208_fs1-00006.jpg",384.723173968685,270.526184405747
154,"208_fs1-00006.jpg",384.055981146746,270.48647821758
155,"208_fs1-00006.jpg",383.388964800713,270.443072838906
156,"208_fs1-00006.jpg",382.722302253871,270.396269123992
157,"208_fs1-00006.jpg",382.056170829503,270.346367927103
158,"208_fs1-00006.jpg",381.390747850892,270.293670102505
159,"208_fs1-00006.jpg",380.726210641321,270.238476504463
160,"208_fs1-00006.jpg",380.062736524073,270.181087987243
161,"208_fs1-00006.jpg",379.400502822433,270.121805405112
162,"208_fs1-00006.jpg",378.739686859684,270.060929612335
163,"208_fs1-00006.jpg",378.080465959108,269.998761463177
164,"208_fs1-00006.jpg",377.423017443989,269.935601811905
165,"208_fs1-00006.jpg",376.767518183601,269.871751512698
166,"208_fs1-00006.jpg",376.113067517587,269.807501804935
167,"208_fs1-00006.jpg",375.458725469536,269.743107844454
168,"208_fs1-00006.jpg",374.804484288222,269.678816323856
169,"208_fs1-00006.jpg",374.150336222422,269.61487393574
170,"208_fs1-00006.jpg",373.496273520911,269.551527372708
171,"208_fs1-00006.jpg",372.842288432465,269.489023327361
172,"208_fs1-00006.jpg",372.18837320586,269.4276084923
173,"208_fs1-00006.jpg",371.534520089871,269.367529560126
174,"208_fs1-00006.jpg",370.880721333275,269.309033223439
175,"208_fs1-00006.jpg",370.226969184846,269.25236617484
176,"208_fs1-00006.jpg",369.57325589336,269.197775106932
177,"208_fs1-00006.jpg",368.919573707594,269.145506712313
178,"208_fs1-00006.jpg",368.265914876323,269.095807683586
179,"208_fs1-00006.jpg",367.612271648323,269.048924713351
180,"208_fs1-00006.jpg",366.958636272369,269.005104494209
181,"208_fs1-00006.jpg",366.305000997237,268.964593718761
182,"208_fs1-00006.jpg",365.651358071703,268.927639079607
183,"208_fs1-00006.jpg",364.997699744542,268.89448726935
184,"208_fs1-00006.jpg",364.344018264531,268.86538498059
185,"208_fs1-00006.jpg",363.690305880444,268.840578905927
186,"208_fs1-00006.jpg",363.036554841058,268.820315737962
187,"208_fs1-00006.jpg",362.382757395149,268.804842169297
188,"208_fs1-00006.jpg",361.728905791492,268.794404892533
189,"208_fs1-00006.jpg",361.074992278862,268.78925060027
190,"208_fs1-00006.jpg",360.421009106036,268.789625985109
191,"208_fs1-00006.jpg",359.766957786103,268.795777739651
192,"208_fs1-00006.jpg",359.112867601576,268.807952556497
193,"208_fs1-00006.jpg",358.458744167647,268.826397128249
194,"208_fs1-00006.jpg",357.804590592093,268.851358147506
195,"208_fs1-00006.jpg",357.150409982689,268.88308230687
196,"208_fs1-00006.jpg",356.496205447211,268.921816298941
197,"208_fs1-00006.jpg",355.841980093433,268.967806816321
198,"208_fs1-00006.jpg",355.187737029131,269.021300551611
199,"208_fs1-00006.jpg",354.53347936208,269.082544197411
200,"208_fs1-00006.jpg",353.879210200056,269.151784446323
1,"208_fs1-00007.jpg",482.167,214.5
2,"208_fs1-00007.jpg",481.642363248995,214.928180640103
3,"208_fs1-00007.jpg",481.117553673371,215.354469512337
4,"208_fs1-00007.jpg",480.592571287596,215.778901809546
5,"208_fs1-00007.jpg",480.067416106137,216.201512724569
6,"208_fs1-00007.jpg",479.542088143462,216.622337450248
7,"208_fs1-00007.jpg",479.016587414037,217.041411179424
8,"208_fs1-00007.jpg",478.490913932331,217.458769104938
9,"208_fs1-00007.jpg",477.965067712811,217.874446419632
10,"208_fs1-00007.jpg",477.439048769944,218.288478316346
11,"208_fs1-00007.jpg",476.912857118197,218.700899987921
12,"208_fs1-00007.jpg",476.386492772039,219.1117466272
13,"208_fs1-00007.jpg",475.859955745936,219.521053427022
14,"208_fs1-00007.jpg",475.333246054356,219.92885558023
15,"208_fs1-00007.jpg",474.806363711766,220.335188279664
16,"208_fs1-00007.jpg",474.279308732634,220.740086718165
17,"208_fs1-00007.jpg",473.752081131427,221.143586088575
18,"208_fs1-00007.jpg",473.224680922613,221.545721583735
19,"208_fs1-00007.jpg",472.697108120658,221.946528396486
20,"208_fs1-00007.jpg",472.169362740031,222.346041719669
21,"208_fs1-00007.jpg",471.641444795199,222.744296746125
22,"208_fs1-00007.jpg",471.113354300629,223.141328668696
23,"208_fs1-00007.jpg",470.585091270788,223.537172680222
24,"208_fs1-00007.jpg",470.056655720145,223.931863973545
25,"208_fs1-00007.jpg",469.528047663166,224.325437741506
26,"208_fs1-00007.jpg",468.999267114319,224.717929176946
27,"208_fs1-00007.jpg",468.470314088071,225.109373472706
28,"208_fs1-00007.jpg",467.94118859889,225.499805821628
29,"208_fs1-00007.jpg",467.411890661243,225.889261416552
30,"208_fs1-00007.jpg",466.882420289598,226.27777545032
31,"208_fs1-00007.jpg",466.352777498421,226.665383115773
32,"208_fs1-00007.jpg",465.822962302181,227.052119605752
33,"208_fs1-00007.jpg",465.292974715345,227.438020113098
34,"208_fs1-00007.jpg",464.76281475238,227.823119830653
35,"208_fs1-00007.jpg",464.232482427753,228.207453951257
36,"208_fs1-00007.jpg",463.701977755933,228.591057667752
37,"208_fs1-00007.jpg",463.171300751386,228.973966172978
38,"208_fs1-00007.jpg",462.64045142858,229.356214659778
39,"208_fs1-00007.jpg",462.109429801983,229.737838320992
40,"208_fs1-00007.jpg",461.578235886061,230.118872349461
41,"208_fs1-00007.jpg",461.046869695282,230.499351938027
42,"208_fs1-00007.jpg",460.515331244113,230.87931227953
43,"208_fs1-00007.jpg",459.983620547023,231.258788566813
44,"208_fs1-00007.jpg",459.451737618478,231.637815992715
45,"208_fs1-00007.jpg",458.919682472946,232.016429750078
46,"208_fs1-00007.jpg",458.387455124894,232.394665031744
47,"208_fs1-00007.jpg",457.85505558879,232.772557030553
48,"208_fs1-00007.jpg",457.322483879101,233.150140939347
49,"208_fs1-00007.jpg",456.789743407972,233.527451950967
50,"208_fs1-00007.jpg",456.256909726217,233.904525258253
51,"208_fs1-00007.jpg",455.724008621386,234.281396054048
52,"208_fs1-00007.jpg",455.191033059407,234.658099531192
53,"208_fs1-00007.jpg",454.657976006204,235.034670882527
54,"208_fs1-00007.jpg",454.124830427703,235.411145300893
55,"208_fs1-00007.jpg",453.591589289831,235.787557979132
56,"208_fs1-00007.jpg",453.058245558512,236.163944110084
57,"208_fs1-00007.jpg",452.524792199672,236.540338886592
58,"208_fs1-00007.jpg",451.991222179238,236.916777501496
59,"208_fs1-00007.jpg",451.457528463134,237.293295147638
60,"208_fs1-00007.jpg",450.923704017287,237.669927017858
61,"208_fs1-00007.jpg",450.389741807622,238.046708304998
62,"208_fs1-00007.jpg",449.855634800064,238.423674201899
63,"208_fs1-00007.jpg",449.321375960541,238.800859901402
64,"208_fs1-00007.jpg",448.786958254976,239.178300596348
65,"208_fs1-00007.jpg",448.252374649296,239.556031479578
66,"208_fs1-00007.jpg",447.717618109427,239.934087743934
67,"208_fs1-00007.jpg",447.182681601294,240.312504582257
68,"208_fs1-00007.jpg",446.647558090823,240.691317187388
69,"208_fs1-00007.jpg",446.11224054394,241.070560752168
70,"208_fs1-00007.jpg",445.57672192657,241.450270469437
71,"208_fs1-00007.jpg",445.040995204639,241.830481532039
72,"208_fs1-00007.jpg",444.505053344073,242.211229132812
73,"208_fs1-00007.jpg",443.968889310797,242.5925484646
74,"208_fs1-00007.jpg",443.432496070738,242.974474720242
75,"208_fs1-00007.jpg",442.89586658982,243.35704309258
76,"208_fs1-00007.jpg",442.358993833969,243.740288774456
77,"208_fs1-00007.jpg",441.821870769112,244.12424695871
78,"208_fs1-00007.jpg",441.284490361174,244.508952838183
79,"208_fs1-00007.jpg",440.74684557608,244.894441605717
80,"208_fs1-00007.jpg",440.208929379756,245.280748454153
81,"208_fs1-00007.jpg",439.670734738128,245.667908576331
82,"208_fs1-00007.jpg",439.132254617122,246.055957165094
83,"208_fs1-00007.jpg",438.593481982663,246.444929413282
84,"208_fs1-00007.jpg",438.054409800677,246.834860513737
85,"208_fs1-00007.jpg",437.51503103709,247.225785659299
86,"208_fs1-00007.jpg",436.975338657827,247.61774004281
87,"208_fs1-00007.jpg",436.435325628814,248.010758857111
88,"208_fs1-00007.jpg",435.894984915977,248.404877295044
89,"208_fs1-00007.jpg",435.354309485241,248.800130549448
90,"208_fs1-00007.jpg",434.813292302533,249.196553813166
91,"208_fs1-00007.jpg",434.271926333777,249.594182279038
92,"208_fs1-00007.jpg",433.7302045449,249.993051139906
93,"208_fs1-00007.jpg",433.188119901826,250.393195588611
94,"208_fs1-00007.jpg",432.645665370483,250.794650817994
95,"208_fs1-00007.jpg",432.102833916796,251.197452020897
96,"208_fs1-00007.jpg",431.559618506689,251.60163439016
97,"208_fs1-00007.jpg",431.016012106089,252.007233118624
98,"208_fs1-00007.jpg",430.472302028527,252.414276477879
99,"208_fs1-00007.jpg",429.92988081385,252.82266648811
100,"208_fs1-00007.jpg",429.388826560043,253.232194888608
101,"208_fs1-00007.jpg",428.849019396721,253.642649709843
102,"208_fs1-00007.jpg",428.310339453501,254.053818982281
103,"208_fs1-00007.jpg",427.772666859997,254.465490736391
104,"208_fs1-00007.jpg",427.235881745828,254.877453002641
105,"208_fs1-00007.jpg",426.699864240608,255.289493811499
106,"208_fs1-00007.jpg",426.164494473953,255.701401193432
107,"208_fs1-00007.jpg",425.62965257548,256.11296317891
108,"208_fs1-00007.jpg",425.095218674805,256.523967798399
109,"208_fs1-00007.jpg",424.561072901543,256.934203082368
110,"208_fs1-00007.jpg",424.027095385311,257.343457061285
111,"208_fs1-00007.jpg",423.493166255725,257.751517765618
112,"208_fs1-00007.jpg",422.959165642401,258.158173225835
113,"208_fs1-00007.jpg",422.424973674954,258.563211472404
114,"208_fs1-00007.jpg",421.890470483002,258.966420535793
115,"208_fs1-00007.jpg",421.355536196159,259.367588446469
116,"208_fs1-00007.jpg",420.820050944042,259.766503234902
117,"208_fs1-00007.jpg",420.283894856268,260.162952931558
118,"208_fs1-00007.jpg",419.746948062451,260.556725566906
119,"208_fs1-00007.jpg",419.209090692209,260.947609171414
120,"208_fs1-00007.jpg",418.670202875156,261.33539177555
121,"208_fs1-00007.jpg",418.13016474091,261.719861409782
122,"208_fs1-00007.jpg",417.588856419086,262.100806104578
123,"208_fs1-00007.jpg",417.0461580393,262.478013890406
124,"208_fs1-00007.jpg",416.501949731169,262.851272797734
125,"208_fs1-00007.jpg",415.956111624308,263.22037085703
126,"208_fs1-00007.jpg",415.408523848333,263.585096098762
127,"208_fs1-00007.jpg",414.859066532861,263.945236553397
128,"208_fs1-00007.jpg",414.307619807507,264.300580251405
129,"208_fs1-00007.jpg",413.754063801888,264.650915223252
130,"208_fs1-00007.jpg",413.198278645619,264.996029499408
131,"208_fs1-00007.jpg",412.640144468317,265.33571111034
132,"208_fs1-00007.jpg",412.079541399597,265.669748086515
133,"208_fs1-00007.jpg",411.516349569077,265.997928458403
134,"208_fs1-00007.jpg",410.95044910637,266.32004025647
135,"208_fs1-00007.jpg",410.381720141095,266.635871511186
136,"208_fs1-00007.jpg",409.810042802866,266.945210253017
137,"208_fs1-00007.jpg",409.235297221301,267.247844512433
138,"208_fs1-00007.jpg",408.657363526014,267.5435623199
139,"208_fs1-00007.jpg",408.076121846622,267.832151705888
140,"208_fs1-00007.jpg",407.491452312741,268.113400700863
141,"208_fs1-00007.jpg",406.903235053987,268.387097335295
142,"208_fs1-00007.jpg",406.311350199975,268.65302963965
143,"208_fs1-00007.jpg",405.715677880324,268.910985644398
144,"208_fs1-00007.jpg",405.116081975114,269.160753383895
145,"208_fs1-00007.jpg",404.509759639704,269.402130010318
146,"208_fs1-00007.jpg",403.895131873146,269.634941293013
147,"208_fs1-00007.jpg",403.27279167796,269.859018600991
148,"208_fs1-00007.jpg",402.643332056669,270.074193303268
149,"208_fs1-00007.jpg",402.007346011794,270.280296768854
150,"208_fs1-00007.jpg",401.365426545856,270.477160366764
151,"208_fs1-00007.jpg",400.718166661376,270.664615466009
152,"208_fs1-00007.jpg",400.066159360876,270.842493435604
153,"208_fs1-00007.jpg",399.409997646876,271.01062564456
154,"208_fs1-00007.jpg",398.750274521899,271.168843461891
155,"208_fs1-00007.jpg",398.087582988466,271.31697825661
156,"208_fs1-00007.jpg",397.422516049097,271.454861397728
157,"208_fs1-00007.jpg",396.755666706315,271.58232425426
158,"208_fs1-00007.jpg",396.08762796264,271.699198195219
159,"208_fs1-00007.jpg",395.418992820594,271.805314589616
160,"208_fs1-00007.jpg",394.750354282699,271.900504806465
161,"208_fs1-00007.jpg",394.082305351475,271.984600214779
162,"208_fs1-00007.jpg",393.415439029444,272.057432183571
163,"208_fs1-00007.jpg",392.750348319127,272.118832081854
164,"208_fs1-00007.jpg",392.087626223045,272.168631278639
165,"208_fs1-00007.jpg",391.42786574372,272.206661142942
166,"208_fs1-00007.jpg",390.771659883674,272.232753043773
167,"208_fs1-00007.jpg",390.119601645426,272.246738350147
168,"208_fs1-00007.jpg",389.4722840315,272.248448431075
169,"208_fs1-00007.jpg",388.830300044416,272.237714655572
170,"208_fs1-00007.jpg",388.194242686695,272.214368392649
171,"208_fs1-00007.jpg",387.563138617602,272.17824101132
172,"208_fs1-00007.jpg",386.933397780219,272.129163880597
173,"208_fs1-00007.jpg",386.304853272114,272.066968369494
174,"208_fs1-00007.jpg",385.677514260211,271.991485847023
175,"208_fs1-00007.jpg",385.051389911435,271.902547682197
176,"208_fs1-00007.jpg",384.426489392708,271.799985244029
177,"208_fs1-00007.jpg",383.802821870955,271.683629901533
178,"208_fs1-00007.jpg",383.1803965131,271.55331302372
179,"208_fs1-00007.jpg",382.559222486067,271.408865979604
180,"208_fs1-00007.jpg",381.93930895678,271.250120138197
181,"208_fs1-00007.jpg",381.320665092162,271.076906868513
182,"208_fs1-00007.jpg",380.703300059138,270.889057539564
183,"208_fs1-00007.jpg",380.087223024632,270.686403520363
184,"208_fs1-00007.jpg",379.472443155568,270.468776179924
185,"208_fs1-00007.jpg",378.858969618869,270.236006887259
186,"208_fs1-00007.jpg",378.24681158146,269.98792701138
187,"208_fs1-00007.jpg",377.635978210264,269.724367921301
188,"208_fs1-00007.jpg",377.026478672206,269.445160986035
189,"208_fs1-00007.jpg",376.418322134209,269.150137574595
190,"208_fs1-00007.jpg",375.811517763198,268.839129055992
191,"208_fs1-00007.jpg",375.206074726095,268.511966799242
192,"208_fs1-00007.jpg",374.602002189827,268.168482173355
193,"208_fs1-00007.jpg",373.999309321315,267.808506547345
194,"208_fs1-00007.jpg",373.398005287485,267.431871290226
195,"208_fs1-00007.jpg",372.79809925526,267.038407771009
196,"208_fs1-00007.jpg",372.199600391564,266.627947358708
197,"208_fs1-00007.jpg",371.602517863322,266.200321422335
198,"208_fs1-00007.jpg",371.006860837456,265.755361330904
199,"208_fs1-00007.jpg",370.412638480891,265.292898453427
200,"208_fs1-00007.jpg",369.819859960552,264.812764158918
1,"208_fs1-00008.jpg",492.167,206.833
2,"208_fs1-00008.jpg",491.638135758986,207.25319690804
3,"208_fs1-00008.jpg",491.109002707071,207.671620950047
4,"208_fs1-00008.jpg",490.579601191391,208.088301409036
5,"208_fs1-00008.jpg",490.049931559084,208.503267568021
6,"208_fs1-00008.jpg",489.519994157289,208.916548710019
7,"208_fs1-00008.jpg",488.989789333143,209.328174118045
8,"208_fs1-00008.jpg",488.459317433784,209.738173075114
9,"208_fs1-00008.jpg",487.928578806349,210.146574864241
10,"208_fs1-00008.jpg",487.397573797978,210.553408768443
11,"208_fs1-00008.jpg",486.866302755807,210.958704070734
12,"208_fs1-00008.jpg",486.334766026974,211.36249005413
13,"208_fs1-00008.jpg",485.802963958618,211.764796001646
14,"208_fs1-00008.jpg",485.270896897876,212.165651196298
15,"208_fs1-00008.jpg",484.738565191886,212.5650849211
16,"208_fs1-00008.jpg",484.205969187786,212.963126459069
17,"208_fs1-00008.jpg",483.673109232714,213.35980509322
18,"208_fs1-00008.jpg",483.139985673807,213.755150106568
19,"208_fs1-00008.jpg",482.606598858203,214.149190782129
20,"208_fs1-00008.jpg",482.072949133041,214.541956402917
21,"208_fs1-00008.jpg",481.539036845458,214.933476251949
22,"208_fs1-00008.jpg",481.004862342592,215.32377961224
23,"208_fs1-00008.jpg",480.470425971581,215.712895766805
24,"208_fs1-00008.jpg",479.935728079563,216.100853998659
25,"208_fs1-00008.jpg",479.400769013675,216.487683590818
26,"208_fs1-00008.jpg",478.865549121055,216.873413826298
27,"208_fs1-00008.jpg",478.330068748842,217.258073988113
28,"208_fs1-00008.jpg",477.794328244173,217.64169335928
29,"208_fs1-00008.jpg",477.258327954186,218.024301222813
30,"208_fs1-00008.jpg",476.722068226019,218.405926861728
31,"208_fs1-00008.jpg",476.185549406809,218.78659955904
32,"208_fs1-00008.jpg",475.648771843695,219.166348597765
33,"208_fs1-00008.jpg",475.111735883815,219.545203260919
34,"208_fs1-00008.jpg",474.574441874305,219.923192831515
35,"208_fs1-00008.jpg",474.036890162305,220.300346592571
36,"208_fs1-00008.jpg",473.499081094952,220.676693827101
37,"208_fs1-00008.jpg",472.961015019384,221.05226381812
38,"208_fs1-00008.jpg",472.422692282738,221.427085848645
39,"208_fs1-00008.jpg",471.884113232153,221.80118920169
40,"208_fs1-00008.jpg",471.345278214766,222.174603160271
41,"208_fs1-00008.jpg",470.806187577715,222.547357007403
42,"208_fs1-00008.jpg",470.266841668139,222.919480026102
43,"208_fs1-00008.jpg",469.727240833174,223.291001499383
44,"208_fs1-00008.jpg",469.18738541996,223.661950710262
45,"208_fs1-00008.jpg",468.647275775633,224.032356941753
46,"208_fs1-00008.jpg",468.106912247331,224.402249476873
47,"208_fs1-00008.jpg",467.566295182193,224.771657598636
48,"208_fs1-00008.jpg",467.025424927356,225.140610590058
49,"208_fs1-00008.jpg",466.484301829959,225.509137734155
50,"208_fs1-00008.jpg",465.942926237138,225.877268313941
51,"208_fs1-00008.jpg",465.400908732653,226.245031612433
52,"208_fs1-00008.jpg",464.857505831571,226.612456912646
53,"208_fs1-00008.jpg",464.312770221849,226.979573497594
54,"208_fs1-00008.jpg",463.766777326331,227.346410650294
55,"208_fs1-00008.jpg",463.219602567861,227.71299765376
56,"208_fs1-00008.jpg",462.671321369282,228.079363791009
57,"208_fs1-00008.jpg",462.122009153437,228.445538345056
58,"208_fs1-00008.jpg",461.571741343171,228.811550598915
59,"208_fs1-00008.jpg",461.020593361326,229.177429835603
60,"208_fs1-00008.jpg",460.468640630746,229.543205338135
61,"208_fs1-00008.jpg",459.915958574274,229.908906389525
62,"208_fs1-00008.jpg",459.362622614755,230.274562272791
63,"208_fs1-00008.jpg",458.80870817503,230.640202270946
64,"208_fs1-00008.jpg",458.254290677945,231.005855667007
65,"208_fs1-00008.jpg",457.699445546342,231.371551743988
66,"208_fs1-00008.jpg",457.144248203065,231.737319784906
67,"208_fs1-00008.jpg",456.588774070957,232.103189072775
68,"208_fs1-00008.jpg",456.033098572862,232.469188890611
69,"208_fs1-00008.jpg",455.477297131624,232.83534852143
70,"208_fs1-00008.jpg",454.921445170085,233.201697248246
71,"208_fs1-00008.jpg",454.365618111089,233.568264354075
72,"208_fs1-00008.jpg",453.80989137748,233.935079121933
73,"208_fs1-00008.jpg",453.254340392101,234.302170834835
74,"208_fs1-00008.jpg",452.699040577796,234.669568775796
75,"208_fs1-00008.jpg",452.144067357408,235.037302227832
76,"208_fs1-00008.jpg",451.589496153781,235.405400473958
77,"208_fs1-00008.jpg",451.035402389757,235.773892797189
78,"208_fs1-00008.jpg",450.481861488182,236.142808480542
79,"208_fs1-00008.jpg",449.928948871897,236.51217680703
80,"208_fs1-00008.jpg",449.376739963747,236.882027059671
81,"208_fs1-00008.jpg",448.825310186575,237.252388521478
82,"208_fs1-00008.jpg",448.274734963224,237.623290475468
83,"208_fs1-00008.jpg",447.725089716539,237.994762204656
84,"208_fs1-00008.jpg",447.176449869361,238.366832992057
85,"208_fs1-00008.jpg",446.628890844536,238.739532120687
86,"208_fs1-00008.jpg",446.082488064906,239.112888873561
87,"208_fs1-00008.jpg",445.537316953315,239.486932533694
88,"208_fs1-00008.jpg",444.993452932607,239.861692384102
89,"208_fs1-00008.jpg",444.450971425624,240.2371977078
90,"208_fs1-00008.jpg",443.90994785521,240.613477787804
91,"208_fs1-00008.jpg",443.370457644209,240.990561907129
92,"208_fs1-00008.jpg",442.832576215465,241.368479348791
93,"208_fs1-00008.jpg",442.29637899182,241.747259395804
94,"208_fs1-00008.jpg",441.761941396119,242.126931331185
95,"208_fs1-00008.jpg",441.229338851204,242.507524437948
96,"208_fs1-00008.jpg",440.698646779919,242.889067999109
97,"208_fs1-00008.jpg",440.169940605108,243.271591297684
98,"208_fs1-00008.jpg",439.643293382163,243.655123620923
99,"208_fs1-00008.jpg",439.11841200139,244.039701923287
100,"208_fs1-00008.jpg",438.595023519156,244.425386666685
101,"208_fs1-00008.jpg",438.073084743025,244.812242803025
102,"208_fs1-00008.jpg",437.55255248056,245.200335284214
103,"208_fs1-00008.jpg",437.033383539324,245.58972906216
104,"208_fs1-00008.jpg",436.515534726882,245.980489088772
105,"208_fs1-00008.jpg",435.998962850797,246.372680315957
106,"208_fs1-00008.jpg",435.483624718632,246.766367695624
107,"208_fs1-00008.jpg",434.969477137952,247.16161617968
108,"208_fs1-00008.jpg",434.456476916319,247.558490720034
109,"208_fs1-00008.jpg",433.944580861297,247.957056268593
110,"208_fs1-00008.jpg",433.43374578045,248.357377777265
111,"208_fs1-00008.jpg",432.923928481342,248.759520197959
112,"208_fs1-00008.jpg",432.415085771535,249.163548482582
113,"208_fs1-00008.jpg",431.907174458594,249.569527583042
114,"208_fs1-00008.jpg",431.400151350082,249.977522451247
115,"208_fs1-00008.jpg",430.893973253562,250.387598039106
116,"208_fs1-00008.jpg",430.388596976599,250.799819298526
117,"208_fs1-00008.jpg",429.883979326755,251.214251181415
118,"208_fs1-00008.jpg",429.380077111595,251.630958639682
119,"208_fs1-00008.jpg",428.876847138682,252.050006625234
120,"208_fs1-00008.jpg",428.374246215579,252.471460089979
121,"208_fs1-00008.jpg",427.87223114985,252.895383985825
122,"208_fs1-00008.jpg",427.370758749059,253.32184326468
123,"208_fs1-00008.jpg",426.869785820769,253.750902878452
124,"208_fs1-00008.jpg",426.369269172544,254.18262777905
125,"208_fs1-00008.jpg",425.869165611947,254.617082918381
126,"208_fs1-00008.jpg",425.369431946541,255.054333248352
127,"208_fs1-00008.jpg",424.870024983892,255.494443720873
128,"208_fs1-00008.jpg",424.370901531561,255.937479287851
129,"208_fs1-00008.jpg",423.872018397113,256.383504901194
130,"208_fs1-00008.jpg",423.373332388111,256.83258551281
131,"208_fs1-00008.jpg",422.874800312119,257.284786074606
132,"208_fs1-00008.jpg",422.3763789767,257.740171538492
133,"208_fs1-00008.jpg",421.878025189418,258.198806856375
134,"208_fs1-00008.jpg",421.379695757837,258.660756980163
135,"208_fs1-00008.jpg",420.881347489519,259.126086861764
136,"208_fs1-00008.jpg",420.382937192029,259.594861453085
137,"208_fs1-00008.jpg",419.88442167293,260.067145706036
138,"208_fs1-00008.jpg",419.385757739786,260.543004572523
139,"208_fs1-00008.jpg",418.88690220016,261.022503004456
140,"208_fs1-00008.jpg",418.387811861616,261.505705953741
141,"208_fs1-00008.jpg",417.888744366673,261.992674101795
142,"208_fs1-00008.jpg",417.393639519574,262.483194108089
143,"208_fs1-00008.jpg",416.903336519492,262.976617338701
144,"208_fs1-00008.jpg",416.417331739999,263.472256453181
145,"208_fs1-00008.jpg",415.935121554669,263.969424111078
146,"208_fs1-00008.jpg",415.456202337075,264.46743297194
147,"208_fs1-00008.jpg",414.98007046079,264.965595695318
148,"208_fs1-00008.jpg",414.506222299386,265.46322494076
149,"208_fs1-00008.jpg",414.034154226436,265.959633367816
150,"208_fs1-00008.jpg",413.563362615514,266.454133636035
151,"208_fs1-00008.jpg",413.093343840192,266.946038404966
152,"208_fs1-00008.jpg",412.623594274044,267.43466033416
153,"208_fs1-00008.jpg",412.153610290642,267.919312083164
154,"208_fs1-00008.jpg",411.682888263559,268.399306311528
155,"208_fs1-00008.jpg",411.210924566369,268.873955678802
156,"208_fs1-00008.jpg",410.737215572643,269.342572844535
157,"208_fs1-00008.jpg",410.261257655956,269.804470468276
158,"208_fs1-00008.jpg",409.78254718988,270.258961209574
159,"208_fs1-00008.jpg",409.300580547988,270.705357727979
160,"208_fs1-00008.jpg",408.814854103853,271.14297268304
161,"208_fs1-00008.jpg",408.324864231048,271.571118734306
162,"208_fs1-00008.jpg",407.830107303146,271.989108541327
163,"208_fs1-00008.jpg",407.33007969372,272.396254763651
164,"208_fs1-00008.jpg",406.824277776343,272.791870060829
165,"208_fs1-00008.jpg",406.312197924587,273.175267092409
166,"208_fs1-00008.jpg",405.793336512026,273.545758517941
167,"208_fs1-00008.jpg",405.267189912233,273.902656996974
168,"208_fs1-00008.jpg",404.73325449878,274.245275189057
169,"208_fs1-00008.jpg",404.191026645242,274.572925753739
170,"208_fs1-00008.jpg",403.640002725189,274.884921350571
171,"208_fs1-00008.jpg",403.079679147977,275.1805746391
172,"208_fs1-00008.jpg",402.510876939704,275.459198278877
173,"208_fs1-00008.jpg",401.934788889931,275.720104929451
174,"208_fs1-00008.jpg",401.351508360378,275.96260725037
175,"208_fs1-00008.jpg",400.761128712765,276.186017901185
176,"208_fs1-00008.jpg",400.163743308813,276.389649541444
177,"208_fs1-00008.jpg",399.559445510242,276.572814830697
178,"208_fs1-00008.jpg",398.948328678773,276.734826428494
179,"208_fs1-00008.jpg",398.330486176125,276.874996994382
180,"208_fs1-00008.jpg",397.706011364019,276.992639187913
181,"208_fs1-00008.jpg",397.074997604176,277.087065668634
182,"208_fs1-00008.jpg",396.437538258316,277.157589096096
183,"208_fs1-00008.jpg",395.793726688159,277.203522129847
184,"208_fs1-00008.jpg",395.143656255425,277.224177429437
185,"208_fs1-00008.jpg",394.487420321836,277.218867654415
186,"208_fs1-00008.jpg",393.825112249111,277.18690546433
187,"208_fs1-00008.jpg",393.15682539897,277.127603518733
188,"208_fs1-00008.jpg",392.482653133135,277.040274477171
189,"208_fs1-00008.jpg",391.802688813325,276.924230999194
190,"208_fs1-00008.jpg",391.117025801261,276.778785744352
191,"208_fs1-00008.jpg",390.425757458664,276.603251372194
192,"208_fs1-00008.jpg",389.728977147252,276.396940542269
193,"208_fs1-00008.jpg",389.026778228748,276.159165914126
194,"208_fs1-00008.jpg",388.319254064871,275.889240147315
195,"208_fs1-00008.jpg",387.606498017342,275.586475901385
196,"208_fs1-00008.jpg",386.88860344788,275.250185835885
197,"208_fs1-00008.jpg",386.165663718207,274.879682610365
198,"208_fs1-00008.jpg",385.437772190043,274.474278884374
199,"208_fs1-00008.jpg",384.705022225108,274.03328731746
200,"208_fs1-00008.jpg",383.967507185122,273.556020569174
1,"208_fs1-00009.jpg",504.5,198.5
2,"208_fs1-00009.jpg",504.001819791412,198.911826378608
3,"208_fs1-00009.jpg",503.50318740877,199.324348827929
4,"208_fs1-00009.jpg",503.004104594559,199.737538541077
5,"208_fs1-00009.jpg",502.504573091262,200.151366711164
6,"208_fs1-00009.jpg",502.004594641365,200.565804531302
7,"208_fs1-00009.jpg",501.504170987352,200.980823194605
8,"208_fs1-00009.jpg",501.003303871707,201.396393894184
9,"208_fs1-00009.jpg",500.501995036914,201.812487823152
10,"208_fs1-00009.jpg",500.000246225459,202.229076174623
11,"208_fs1-00009.jpg",499.498059179826,202.646130141709
12,"208_fs1-00009.jpg",498.9954356425,203.063620917522
13,"208_fs1-00009.jpg",498.492377355964,203.481519695175
14,"208_fs1-00009.jpg",497.988886062703,203.89979766778
15,"208_fs1-00009.jpg",497.484963505202,204.318426028452
16,"208_fs1-00009.jpg",496.980611425945,204.737375970301
17,"208_fs1-00009.jpg",496.475831567417,205.15661868644
18,"208_fs1-00009.jpg",495.970625672103,205.576125369983
19,"208_fs1-00009.jpg",495.464995482486,205.995867214042
20,"208_fs1-00009.jpg",494.958942741051,206.41581541173
21,"208_fs1-00009.jpg",494.452469190283,206.835941156159
22,"208_fs1-00009.jpg",493.945576572666,207.256215640441
23,"208_fs1-00009.jpg",493.438266630685,207.67661005769
24,"208_fs1-00009.jpg",492.930541106824,208.097095601019
25,"208_fs1-00009.jpg",492.422401743568,208.517643463539
26,"208_fs1-00009.jpg",491.913850283401,208.938224838363
27,"208_fs1-00009.jpg",491.404888468807,209.358810918605
28,"208_fs1-00009.jpg",490.895518042272,209.779372897376
29,"208_fs1-00009.jpg",490.38574074628,210.19988196779
30,"208_fs1-00009.jpg",489.875558323314,210.620309322959
31,"208_fs1-00009.jpg",489.36497251586,211.040626155996
32,"208_fs1-00009.jpg",488.853985066403,211.460803660013
33,"208_fs1-00009.jpg",488.342597717426,211.880813028122
34,"208_fs1-00009.jpg",487.830812211414,212.300625453438
35,"208_fs1-00009.jpg",487.318630290851,212.720212129072
36,"208_fs1-00009.jpg",486.806053698223,213.139544248136
37,"208_fs1-00009.jpg",486.293084176013,213.558593003745
38,"208_fs1-00009.jpg",485.779723466707,213.977329589009
39,"208_fs1-00009.jpg",485.265973312788,214.395725197043
40,"208_fs1-00009.jpg",484.751835456741,214.813751020957
41,"208_fs1-00009.jpg",484.23731164105,215.231378253866
42,"208_fs1-00009.jpg",483.722403608201,215.648578088882
43,"208_fs1-00009.jpg",483.207113100677,216.065321719118
44,"208_fs1-00009.jpg",482.691441860963,216.481580337685
45,"208_fs1-00009.jpg",482.175391631543,216.897325137697
46,"208_fs1-00009.jpg",481.658964154903,217.312527312266
47,"208_fs1-00009.jpg",481.142161173526,217.727158054506
48,"208_fs1-00009.jpg",480.624877403173,218.141188557528
49,"208_fs1-00009.jpg",480.106927302885,218.554590014446
50,"208_fs1-00009.jpg",479.588323715615,218.967333618371
51,"208_fs1-00009.jpg",479.06908374221,219.379390562417
52,"208_fs1-00009.jpg",478.549224483517,219.790732039697
53,"208_fs1-00009.jpg",478.028763040383,220.201329243322
54,"208_fs1-00009.jpg",477.507716513657,220.611153366406
55,"208_fs1-00009.jpg",476.986102004187,221.020175602061
56,"208_fs1-00009.jpg",476.463936612819,221.4283671434
57,"208_fs1-00009.jpg",475.941237440402,221.835699183535
58,"208_fs1-00009.jpg",475.418021587783,222.24214291558
59,"208_fs1-00009.jpg",474.89430615581,222.647669532646
60,"208_fs1-00009.jpg",474.370108245331,223.052250227847
61,"208_fs1-00009.jpg",473.845444957193,223.455856194295
62,"208_fs1-00009.jpg",473.320333392243,223.858458625102
63,"208_fs1-00009.jpg",472.79479065133,224.260028713382
64,"208_fs1-00009.jpg",472.268833835301,224.660537652247
65,"208_fs1-00009.jpg",471.742480045004,225.05995663481
66,"208_fs1-00009.jpg",471.215746381287,225.458256854183
67,"208_fs1-00009.jpg",470.688649944996,225.855409503479
68,"208_fs1-00009.jpg",470.16120783698,226.25138577581
69,"208_fs1-00009.jpg",469.633437158087,226.64615686429
70,"208_fs1-00009.jpg",469.105355009163,227.03969396203
71,"208_fs1-00009.jpg",468.576978491058,227.431968262145
72,"208_fs1-00009.jpg",468.048324704618,227.822950957745
73,"208_fs1-00009.jpg",467.51941075069,228.212613241944
74,"208_fs1-00009.jpg",466.990253730124,228.600926307855
75,"208_fs1-00009.jpg",466.460870743766,228.98786134859
76,"208_fs1-00009.jpg",465.931278892464,229.373389557262
77,"208_fs1-00009.jpg",465.401495277065,229.757482126983
78,"208_fs1-00009.jpg",464.871536998418,230.140110250866
79,"208_fs1-00009.jpg",464.34142115737,230.521245122024
80,"208_fs1-00009.jpg",463.811164854768,230.900857933569
81,"208_fs1-00009.jpg",463.280785191461,231.278919878614
82,"208_fs1-00009.jpg",462.750299268295,231.655402150272
83,"208_fs1-00009.jpg",462.219724186119,232.030275941655
84,"208_fs1-00009.jpg",461.689077045781,232.403512445876
85,"208_fs1-00009.jpg",461.158374948127,232.775082856048
86,"208_fs1-00009.jpg",460.627634994006,233.144958365283
87,"208_fs1-00009.jpg",460.096867378726,233.513110180844
88,"208_fs1-00009.jpg",459.564809439641,233.879546972985
89,"208_fs1-00009.jpg",459.030609500375,234.244396207073
90,"208_fs1-00009.jpg",458.49440052366,234.607808840513
91,"208_fs1-00009.jpg",457.956315472227,234.969935830711
92,"208_fs1-00009.jpg",457.416487308806,235.330928135074
93,"208_fs1-00009.jpg",456.875048996127,235.690936711005
94,"208_fs1-00009.jpg",456.332133496921,236.050112515911
95,"208_fs1-00009.jpg",455.78787377392,236.408606507198
96,"208_fs1-00009.jpg",455.242402789853,236.766569642272
97,"208_fs1-00009.jpg",454.695853507451,237.124152878537
98,"208_fs1-00009.jpg",454.148358889444,237.4815071734
99,"208_fs1-00009.jpg",453.600051898565,237.838783484266
100,"208_fs1-00009.jpg",453.051065497542,238.196132768541
101,"208_fs1-00009.jpg",452.501532649107,238.55370598363
102,"208_fs1-00009.jpg",451.95158631599,238.91165408694
103,"208_fs1-00009.jpg",451.401359460922,239.270128035876
104,"208_fs1-00009.jpg",450.850985046633,239.629278787843
105,"208_fs1-00009.jpg",450.300596035855,239.989257300247
106,"208_fs1-00009.jpg",449.750325391317,240.350214530494
107,"208_fs1-00009.jpg",449.200306075751,240.71230143599
108,"208_fs1-00009.jpg",448.650671051886,241.07566897414
109,"208_fs1-00009.jpg",448.101553282455,241.440468102349
110,"208_fs1-00009.jpg",447.553085730187,241.806849778024
111,"208_fs1-00009.jpg",447.005401357812,242.17496495857
112,"208_fs1-00009.jpg",446.458633128062,242.544964601393
113,"208_fs1-00009.jpg",445.912914003667,242.916999663898
114,"208_fs1-00009.jpg",445.368376947358,243.291221103491
115,"208_fs1-00009.jpg",444.825154921866,243.667779877578
116,"208_fs1-00009.jpg",444.28338088992,244.046826943564
117,"208_fs1-00009.jpg",443.743187814252,244.428513258855
118,"208_fs1-00009.jpg",443.204708657592,244.812989780857
119,"208_fs1-00009.jpg",442.668076382672,245.200407466975
120,"208_fs1-00009.jpg",442.13342395222,245.590917274615
121,"208_fs1-00009.jpg",441.600884328969,245.984670161183
122,"208_fs1-00009.jpg",441.070590475648,246.381817084084
123,"208_fs1-00009.jpg",440.54267535499,246.782509000724
124,"208_fs1-00009.jpg",440.017271929722,247.186896868508
125,"208_fs1-00009.jpg",439.494513162578,247.595131644843
126,"208_fs1-00009.jpg",438.974532016287,248.007364287134
127,"208_fs1-00009.jpg",438.45746145358,248.423745752786
128,"208_fs1-00009.jpg",437.943434437187,248.844426999205
129,"208_fs1-00009.jpg",437.43258392984,249.269558983797
130,"208_fs1-00009.jpg",436.925042894268,249.699292663967
131,"208_fs1-00009.jpg",436.420944293203,250.133778997122
132,"208_fs1-00009.jpg",435.920421089374,250.573168940666
133,"208_fs1-00009.jpg",435.423606245514,251.017613452006
134,"208_fs1-00009.jpg",434.930736934419,251.467261691499
135,"208_fs1-00009.jpg",434.443591085482,251.922108695097
136,"208_fs1-00009.jpg",433.962505266132,252.381879313334
137,"208_fs1-00009.jpg",433.487136103153,252.846271068988
138,"208_fs1-00009.jpg",433.017140223325,253.314981484839
139,"208_fs1-00009.jpg",432.55217425343,253.787708083666
140,"208_fs1-00009.jpg",432.09189482025,254.264148388248
141,"208_fs1-00009.jpg",431.635958550565,254.743999921365
142,"208_fs1-00009.jpg",431.184022071157,255.226960205796
143,"208_fs1-00009.jpg",430.735742008808,255.71272676432
144,"208_fs1-00009.jpg",430.290774990299,256.200997119716
145,"208_fs1-00009.jpg",429.848777642411,256.691468794764
146,"208_fs1-00009.jpg",429.409406591926,257.183839312243
147,"208_fs1-00009.jpg",428.972318465626,257.677806194932
148,"208_fs1-00009.jpg",428.537169890291,258.17306696561
149,"208_fs1-00009.jpg",428.103617492703,258.669319147057
150,"208_fs1-00009.jpg",427.671317899644,259.166260262052
151,"208_fs1-00009.jpg",427.239927737896,259.663587833374
152,"208_fs1-00009.jpg",426.809103634238,260.160999383803
153,"208_fs1-00009.jpg",426.378502215454,260.658192436117
154,"208_fs1-00009.jpg",425.947780108323,261.154864513096
155,"208_fs1-00009.jpg",425.516593939629,261.650713137519
156,"208_fs1-00009.jpg",425.084600336152,262.145435832166
157,"208_fs1-00009.jpg",424.651455924673,262.638730119816
158,"208_fs1-00009.jpg",424.216817331974,263.130293523247
159,"208_fs1-00009.jpg",423.780341184837,263.61982356524
160,"208_fs1-00009.jpg",423.341684110043,264.107017768573
161,"208_fs1-00009.jpg",422.900502734373,264.591573656026
162,"208_fs1-00009.jpg",422.456453684609,265.073188750378
163,"208_fs1-00009.jpg",422.009193587533,265.551560574408
164,"208_fs1-00009.jpg",421.558379069924,266.026386650896
165,"208_fs1-00009.jpg",421.103666758566,266.49736450262
166,"208_fs1-00009.jpg",420.64471328024,266.964191652361
167,"208_fs1-00009.jpg",420.181175261726,267.426565622896
168,"208_fs1-00009.jpg",419.712709329807,267.884183937006
169,"208_fs1-00009.jpg",419.238972111263,268.33674411747
170,"208_fs1-00009.jpg",418.759620232877,268.783943687068
171,"208_fs1-00009.jpg",418.274310321429,269.225480168577
172,"208_fs1-00009.jpg",417.782699003702,269.661051084778
173,"208_fs1-00009.jpg",417.284442906476,270.09035395845
174,"208_fs1-00009.jpg",416.779198656533,270.513086312372
175,"208_fs1-00009.jpg",416.266622880654,270.928945669323
176,"208_fs1-00009.jpg",415.74641404051,271.337629552082
177,"208_fs1-00009.jpg",415.218791587905,271.73883548343
178,"208_fs1-00009.jpg",414.684022064778,272.132260986145
179,"208_fs1-00009.jpg",414.142312618177,272.517603583006
180,"208_fs1-00009.jpg",413.593870395149,272.894560796792
181,"208_fs1-00009.jpg",413.038902542741,273.262830150284
182,"208_fs1-00009.jpg",412.477616208001,273.62210916626
183,"208_fs1-00009.jpg",411.910218537977,273.972095367499
184,"208_fs1-00009.jpg",411.336916679715,274.31248627678
185,"208_fs1-00009.jpg",410.757917780263,274.642979416884
186,"208_fs1-00009.jpg",410.173428986668,274.963272310589
187,"208_fs1-00009.jpg",409.583657445977,275.273062480674
188,"208_fs1-00009.jpg",408.988810305238,275.572047449919
189,"208_fs1-00009.jpg",408.389094711499,275.859924741102
190,"208_fs1-00009.jpg",407.784717811806,276.136391877004
191,"208_fs1-00009.jpg",407.175886753206,276.401146380404
192,"208_fs1-00009.jpg",406.562808682748,276.65388577408
193,"208_fs1-00009.jpg",405.945690747478,276.894307580812
194,"208_fs1-00009.jpg",405.324740094444,277.122109323379
195,"208_fs1-00009.jpg",404.700163870693,277.33698852456
196,"208_fs1-00009.jpg",404.072169223273,277.538642707136
197,"208_fs1-00009.jpg",403.44096329923,277.726769393884
198,"208_fs1-00009.jpg",402.806753245612,277.901066107585
199,"208_fs1-00009.jpg",402.169746209467,278.061230371017
200,"208_fs1-00009.jpg",401.530149337842,278.20695970696
