"points","Image","X","Y"
1,"206_fs1-00001.jpg",492.25,169.75
2,"206_fs1-00001.jpg",491.731528921331,169.627476767216
3,"206_fs1-00001.jpg",491.213021136284,169.509919113385
4,"206_fs1-00001.jpg",490.694476428251,169.397196240366
5,"206_fs1-00001.jpg",490.175894580623,169.289177350018
6,"206_fs1-00001.jpg",489.657275376792,169.185731644201
7,"206_fs1-00001.jpg",489.138618600149,169.086728324776
8,"206_fs1-00001.jpg",488.619924034084,168.992036593601
9,"206_fs1-00001.jpg",488.10119146199,168.901525652537
10,"206_fs1-00001.jpg",487.582420667258,168.815064703442
11,"206_fs1-00001.jpg",487.06361143328,168.732522948177
12,"206_fs1-00001.jpg",486.544763543446,168.653769588602
13,"206_fs1-00001.jpg",486.025876781148,168.578673826576
14,"206_fs1-00001.jpg",485.506950929777,168.507104863958
15,"206_fs1-00001.jpg",484.987985772725,168.438931902608
16,"206_fs1-00001.jpg",484.468981093382,168.374024144387
17,"206_fs1-00001.jpg",483.949936675141,168.312250791153
18,"206_fs1-00001.jpg",483.430852301393,168.253481044767
19,"206_fs1-00001.jpg",482.911727755528,168.197584107088
20,"206_fs1-00001.jpg",482.392562820939,168.144429179976
21,"206_fs1-00001.jpg",481.873357281017,168.093885465289
22,"206_fs1-00001.jpg",481.354110919153,168.045822164889
23,"206_fs1-00001.jpg",480.834823518738,168.000108480635
24,"206_fs1-00001.jpg",480.315494863164,167.956613614386
25,"206_fs1-00001.jpg",479.796124735822,167.915206768002
26,"206_fs1-00001.jpg",479.276712920104,167.875757143343
27,"206_fs1-00001.jpg",478.7572591994,167.838133942269
28,"206_fs1-00001.jpg",478.237763357102,167.802206366638
29,"206_fs1-00001.jpg",477.718225176602,167.767843618312
30,"206_fs1-00001.jpg",477.198644441291,167.734914899148
31,"206_fs1-00001.jpg",476.67902093456,167.703289411008
32,"206_fs1-00001.jpg",476.1593544398,167.672836355751
33,"206_fs1-00001.jpg",475.639644740404,167.643424935236
34,"206_fs1-00001.jpg",475.119891619761,167.614924351323
35,"206_fs1-00001.jpg",474.600094861264,167.587203805872
36,"206_fs1-00001.jpg",474.080031921078,167.560132500742
37,"206_fs1-00001.jpg",473.559463142299,167.533579637794
38,"206_fs1-00001.jpg",473.038425329209,167.507414418886
39,"206_fs1-00001.jpg",472.516955760651,167.481506045879
40,"206_fs1-00001.jpg",471.99509171547,167.455723720632
41,"206_fs1-00001.jpg",471.47287047251,167.429936645005
42,"206_fs1-00001.jpg",470.950329310614,167.404014020857
43,"206_fs1-00001.jpg",470.427505508627,167.377825050049
44,"206_fs1-00001.jpg",469.904436345393,167.351238934439
45,"206_fs1-00001.jpg",469.381159099756,167.324124875888
46,"206_fs1-00001.jpg",468.85771105056,167.296352076255
47,"206_fs1-00001.jpg",468.334129476649,167.2677897374
48,"206_fs1-00001.jpg",467.810451656867,167.238307061182
49,"206_fs1-00001.jpg",467.286714870058,167.207773249462
50,"206_fs1-00001.jpg",466.762956395067,167.176057504098
51,"206_fs1-00001.jpg",466.239213510737,167.143029026951
52,"206_fs1-00001.jpg",465.715523495912,167.108557019881
53,"206_fs1-00001.jpg",465.191923629437,167.072510684746
54,"206_fs1-00001.jpg",464.668451190155,167.034759223407
55,"206_fs1-00001.jpg",464.14514345691,166.995171837722
56,"206_fs1-00001.jpg",463.622037708548,166.953617729553
57,"206_fs1-00001.jpg",463.099171223911,166.909966100759
58,"206_fs1-00001.jpg",462.576581281844,166.864086153199
59,"206_fs1-00001.jpg",462.05430516119,166.815847088732
60,"206_fs1-00001.jpg",461.532380140795,166.765118109219
61,"206_fs1-00001.jpg",461.010843499501,166.71176841652
62,"206_fs1-00001.jpg",460.489732516154,166.655667212493
63,"206_fs1-00001.jpg",459.969084469596,166.596683698999
64,"206_fs1-00001.jpg",459.448936638673,166.534687077897
65,"206_fs1-00001.jpg",458.929326302227,166.469546551048
66,"206_fs1-00001.jpg",458.410290739104,166.401131320309
67,"206_fs1-00001.jpg",457.891867228148,166.329310587542
68,"206_fs1-00001.jpg",457.374093048201,166.253953554607
69,"206_fs1-00001.jpg",456.857005478109,166.174929423361
70,"206_fs1-00001.jpg",456.340641796716,166.092107395666
71,"206_fs1-00001.jpg",455.825039282865,166.005356673381
72,"206_fs1-00001.jpg",455.310235215401,165.914546458366
73,"206_fs1-00001.jpg",454.796266873167,165.81954595248
74,"206_fs1-00001.jpg",454.283171535008,165.720224357583
75,"206_fs1-00001.jpg",453.770986479768,165.616450875535
76,"206_fs1-00001.jpg",453.25977318053,165.50809647525
77,"206_fs1-00001.jpg",452.749892174476,165.395157874233
78,"206_fs1-00001.jpg",452.241387216621,165.277838977456
79,"206_fs1-00001.jpg",451.734173095886,165.156363028877
80,"206_fs1-00001.jpg",451.228164601191,165.030953272451
81,"206_fs1-00001.jpg",450.723276521457,164.901832952136
82,"206_fs1-00001.jpg",450.219423645604,164.769225311888
83,"206_fs1-00001.jpg",449.716520762552,164.633353595663
84,"206_fs1-00001.jpg",449.214482661221,164.494441047419
85,"206_fs1-00001.jpg",448.713224130533,164.352710911112
86,"206_fs1-00001.jpg",448.212659959406,164.208386430698
87,"206_fs1-00001.jpg",447.712704936763,164.061690850134
88,"206_fs1-00001.jpg",447.213273851522,163.912847413377
89,"206_fs1-00001.jpg",446.714281492605,163.762079364384
90,"206_fs1-00001.jpg",446.215642648932,163.60960994711
91,"206_fs1-00001.jpg",445.717272109422,163.455662405512
92,"206_fs1-00001.jpg",445.219084662997,163.300459983548
93,"206_fs1-00001.jpg",444.720995098577,163.144225925174
94,"206_fs1-00001.jpg",444.222918205081,162.987183474345
95,"206_fs1-00001.jpg",443.724768771431,162.82955587502
96,"206_fs1-00001.jpg",443.226461586547,162.671566371154
97,"206_fs1-00001.jpg",442.727911439349,162.513438206705
98,"206_fs1-00001.jpg",442.229033118758,162.355394625628
99,"206_fs1-00001.jpg",441.729741413693,162.197658871881
100,"206_fs1-00001.jpg",441.229951113075,162.040454189419
101,"206_fs1-00001.jpg",440.729577005825,161.8840038222
102,"206_fs1-00001.jpg",440.228533880863,161.72853101418
103,"206_fs1-00001.jpg",439.726736527109,161.574259009316
104,"206_fs1-00001.jpg",439.224099733483,161.421411051565
105,"206_fs1-00001.jpg",438.720538288907,161.270210384882
106,"206_fs1-00001.jpg",438.215966982299,161.120880253225
107,"206_fs1-00001.jpg",437.710300602582,160.97364390055
108,"206_fs1-00001.jpg",437.203453938674,160.828724570814
109,"206_fs1-00001.jpg",436.695341779496,160.686345507974
110,"206_fs1-00001.jpg",436.185878913969,160.546729955985
111,"206_fs1-00001.jpg",435.674997965595,160.410097882797
112,"206_fs1-00001.jpg",435.16275662807,160.276621932451
113,"206_fs1-00001.jpg",434.649239450549,160.146439166786
114,"206_fs1-00001.jpg",434.134527874618,160.019685780005
115,"206_fs1-00001.jpg",433.618703341864,159.896497966312
116,"206_fs1-00001.jpg",433.101847293874,159.777011919909
117,"206_fs1-00001.jpg",432.584041172234,159.661363834999
118,"206_fs1-00001.jpg",432.065366418531,159.549689905784
119,"206_fs1-00001.jpg",431.545904474351,159.442126326467
120,"206_fs1-00001.jpg",431.025736781282,159.338809291252
121,"206_fs1-00001.jpg",430.504944780909,159.23987499434
122,"206_fs1-00001.jpg",429.98360991482,159.145459629935
123,"206_fs1-00001.jpg",429.4618136246,159.055699392239
124,"206_fs1-00001.jpg",428.939637351838,158.970730475455
125,"206_fs1-00001.jpg",428.417162538118,158.890689073786
126,"206_fs1-00001.jpg",427.894470625028,158.815711381435
127,"206_fs1-00001.jpg",427.371643054155,158.745933592604
128,"206_fs1-00001.jpg",426.848761267085,158.681491901496
129,"206_fs1-00001.jpg",426.325906705405,158.622522502313
130,"206_fs1-00001.jpg",425.803160810701,158.56916158926
131,"206_fs1-00001.jpg",425.28060502456,158.521545356537
132,"206_fs1-00001.jpg",424.758320788569,158.479809998349
133,"206_fs1-00001.jpg",424.236389544314,158.444091708897
134,"206_fs1-00001.jpg",423.714892733382,158.414526682385
135,"206_fs1-00001.jpg",423.193911797359,158.391251113016
136,"206_fs1-00001.jpg",422.673528177833,158.374401194991
137,"206_fs1-00001.jpg",422.153823316389,158.364113122515
138,"206_fs1-00001.jpg",421.634878654614,158.360523089789
139,"206_fs1-00001.jpg",421.116775634096,158.363767291016
140,"206_fs1-00001.jpg",420.599595696419,158.373981920399
141,"206_fs1-00001.jpg",420.083420283173,158.391303172141
142,"206_fs1-00001.jpg",419.568330835942,158.415867240445
143,"206_fs1-00001.jpg",419.054408796313,158.447810319513
144,"206_fs1-00001.jpg",418.540968662159,158.48722663852
145,"206_fs1-00001.jpg",418.027202090805,158.534022395923
146,"206_fs1-00001.jpg",417.513187531168,158.588051148276
147,"206_fs1-00001.jpg",416.999004614944,158.649166449589
148,"206_fs1-00001.jpg",416.484732973828,158.717221853872
149,"206_fs1-00001.jpg",415.970452239517,158.792070915135
150,"206_fs1-00001.jpg",415.456242043706,158.873567187389
151,"206_fs1-00001.jpg",414.94218201809,158.961564224643
152,"206_fs1-00001.jpg",414.428351794364,159.055915580908
153,"206_fs1-00001.jpg",413.914831004225,159.156474810194
154,"206_fs1-00001.jpg",413.401699279367,159.263095466511
155,"206_fs1-00001.jpg",412.889036251487,159.37563110387
156,"206_fs1-00001.jpg",412.376921552279,159.493935276279
157,"206_fs1-00001.jpg",411.86543481344,159.61786153775
158,"206_fs1-00001.jpg",411.354655666664,159.747263442293
159,"206_fs1-00001.jpg",410.844663743649,159.881994543917
160,"206_fs1-00001.jpg",410.335538676087,160.021908396633
161,"206_fs1-00001.jpg",409.827360095677,160.166858554451
162,"206_fs1-00001.jpg",409.320207634112,160.316698571382
163,"206_fs1-00001.jpg",408.814160923088,160.471282001435
164,"206_fs1-00001.jpg",408.309299594302,160.63046239862
165,"206_fs1-00001.jpg",407.805703279448,160.794093316948
166,"206_fs1-00001.jpg",407.303451610221,160.962028310429
167,"206_fs1-00001.jpg",406.802624218319,161.134120933072
168,"206_fs1-00001.jpg",406.303300735436,161.310224738889
169,"206_fs1-00001.jpg",405.805560793267,161.490193281889
170,"206_fs1-00001.jpg",405.309484023508,161.673880116082
171,"206_fs1-00001.jpg",404.815150057854,161.861138795479
172,"206_fs1-00001.jpg",404.322638528002,162.051822874089
173,"206_fs1-00001.jpg",403.831976541782,162.245785905924
174,"206_fs1-00001.jpg",403.342620467174,162.442881444992
175,"206_fs1-00001.jpg",402.854407343042,162.642963045304
176,"206_fs1-00001.jpg",402.367338135281,162.84588426087
177,"206_fs1-00001.jpg",401.881413809788,163.051498645702
178,"206_fs1-00001.jpg",401.396635332457,163.259659753807
179,"206_fs1-00001.jpg",400.913003669185,163.470221139197
180,"206_fs1-00001.jpg",400.430519785865,163.683036355882
181,"206_fs1-00001.jpg",399.949184648395,163.897958957872
182,"206_fs1-00001.jpg",399.468999222669,164.114842499177
183,"206_fs1-00001.jpg",398.989964474583,164.333540533807
184,"206_fs1-00001.jpg",398.512081370033,164.553906615773
185,"206_fs1-00001.jpg",398.035350874913,164.775794299084
186,"206_fs1-00001.jpg",397.55977395512,164.999057137751
187,"206_fs1-00001.jpg",397.085351576548,165.223548685784
188,"206_fs1-00001.jpg",396.612084705094,165.449122497192
189,"206_fs1-00001.jpg",396.139974306653,165.675632125987
190,"206_fs1-00001.jpg",395.66902134712,165.902931126179
191,"206_fs1-00001.jpg",395.19922679239,166.130873051776
192,"206_fs1-00001.jpg",394.73059160836,166.35931145679
193,"206_fs1-00001.jpg",394.263116760925,166.588099895231
194,"206_fs1-00001.jpg",393.796803215979,166.817091921109
195,"206_fs1-00001.jpg",393.33165193942,167.046141088434
196,"206_fs1-00001.jpg",392.867663897141,167.275100951216
197,"206_fs1-00001.jpg",392.404840055039,167.503825063465
198,"206_fs1-00001.jpg",391.94318137901,167.732166979192
199,"206_fs1-00001.jpg",391.482688834947,167.959980252406
200,"206_fs1-00001.jpg",391.023363388748,168.187118437118
1,"206_fs1-00002.jpg",492.75,168.5
2,"206_fs1-00002.jpg",492.223773923859,168.528245402538
3,"206_fs1-00002.jpg",491.69767277514,168.555957104851
4,"206_fs1-00002.jpg",491.171697052793,168.583091515484
5,"206_fs1-00002.jpg",490.645847255767,168.609605042982
6,"206_fs1-00002.jpg",490.120123883012,168.635454095889
7,"206_fs1-00002.jpg",489.594527433475,168.660595082748
8,"206_fs1-00002.jpg",489.069058406108,168.684984412104
9,"206_fs1-00002.jpg",488.543717299857,168.708578492502
10,"206_fs1-00002.jpg",488.018504613673,168.731333732485
11,"206_fs1-00002.jpg",487.493420846505,168.753206540598
12,"206_fs1-00002.jpg",486.968466497302,168.774153325384
13,"206_fs1-00002.jpg",486.443642065013,168.794130495389
14,"206_fs1-00002.jpg",485.918948048587,168.813094459156
15,"206_fs1-00002.jpg",485.394384946973,168.83100162523
16,"206_fs1-00002.jpg",484.869953259121,168.847808402154
17,"206_fs1-00002.jpg",484.345653483979,168.863471198473
18,"206_fs1-00002.jpg",483.821486120497,168.877946422732
19,"206_fs1-00002.jpg",483.297451667624,168.891190483474
20,"206_fs1-00002.jpg",482.773550624308,168.903159789243
21,"206_fs1-00002.jpg",482.2497834895,168.913810748585
22,"206_fs1-00002.jpg",481.726150762147,168.923099770042
23,"206_fs1-00002.jpg",481.2026529412,168.93098326216
24,"206_fs1-00002.jpg",480.679290525607,168.937417633482
25,"206_fs1-00002.jpg",480.156064014318,168.942359292553
26,"206_fs1-00002.jpg",479.632973906281,168.945764647917
27,"206_fs1-00002.jpg",479.110020700446,168.947590108119
28,"206_fs1-00002.jpg",478.587204895762,168.947792081701
29,"206_fs1-00002.jpg",478.064526991178,168.946326977209
30,"206_fs1-00002.jpg",477.541987485643,168.943151203187
31,"206_fs1-00002.jpg",477.019586878106,168.938221168179
32,"206_fs1-00002.jpg",476.497325667517,168.93149328073
33,"206_fs1-00002.jpg",475.975204352824,168.922923949382
34,"206_fs1-00002.jpg",475.453223432977,168.912469582682
35,"206_fs1-00002.jpg",474.931383406924,168.900086589172
36,"206_fs1-00002.jpg",474.409684773615,168.885731377398
37,"206_fs1-00002.jpg",473.888128032,168.869360355903
38,"206_fs1-00002.jpg",473.366672587588,168.850929933231
39,"206_fs1-00002.jpg",472.845093893918,168.830396517927
40,"206_fs1-00002.jpg",472.323376137215,168.807716518535
41,"206_fs1-00002.jpg",471.801541047275,168.7828463436
42,"206_fs1-00002.jpg",471.279610353894,168.755742401665
43,"206_fs1-00002.jpg",470.757605786868,168.726361101275
44,"206_fs1-00002.jpg",470.235549075993,168.694658850973
45,"206_fs1-00002.jpg",469.713461951066,168.660592059305
46,"206_fs1-00002.jpg",469.191366141882,168.624117134814
47,"206_fs1-00002.jpg",468.669283378237,168.585190486044
48,"206_fs1-00002.jpg",468.147235389927,168.54376852154
49,"206_fs1-00002.jpg",467.625243906749,168.499807649846
50,"206_fs1-00002.jpg",467.103330658499,168.453264279507
51,"206_fs1-00002.jpg",466.581517374972,168.404094819065
52,"206_fs1-00002.jpg",466.059825785965,168.352255677067
53,"206_fs1-00002.jpg",465.538277621274,168.297703262055
54,"206_fs1-00002.jpg",465.016894610694,168.240393982574
55,"206_fs1-00002.jpg",464.495698484022,168.180284247169
56,"206_fs1-00002.jpg",463.974710971054,168.117330464383
57,"206_fs1-00002.jpg",463.453953801586,168.051489042761
58,"206_fs1-00002.jpg",462.933448705414,167.982716390847
59,"206_fs1-00002.jpg",462.413217412334,167.910968917184
60,"206_fs1-00002.jpg",461.893281652142,167.836203030319
61,"206_fs1-00002.jpg",461.373663154634,167.758375138794
62,"206_fs1-00002.jpg",460.854383649607,167.677441651153
63,"206_fs1-00002.jpg",460.335464866855,167.593358975942
64,"206_fs1-00002.jpg",459.816928536176,167.506083521704
65,"206_fs1-00002.jpg",459.298796387366,167.415571696984
66,"206_fs1-00002.jpg",458.781090150219,167.321779910325
67,"206_fs1-00002.jpg",458.263831554534,167.224664570272
68,"206_fs1-00002.jpg",457.747042330105,167.124182085369
69,"206_fs1-00002.jpg",457.230744206728,167.02028886416
70,"206_fs1-00002.jpg",456.7149589142,166.91294131519
71,"206_fs1-00002.jpg",456.199708182317,166.802095847003
72,"206_fs1-00002.jpg",455.685013740875,166.687708868143
73,"206_fs1-00002.jpg",455.170897319669,166.569736787154
74,"206_fs1-00002.jpg",454.657380648496,166.448136012581
75,"206_fs1-00002.jpg",454.144485457153,166.322862952967
76,"206_fs1-00002.jpg",453.632233475434,166.193874016857
77,"206_fs1-00002.jpg",453.120646433136,166.061125612795
78,"206_fs1-00002.jpg",452.609746060056,165.924574149325
79,"206_fs1-00002.jpg",452.099610554892,165.784181191705
80,"206_fs1-00002.jpg",451.590571299453,165.640025865466
81,"206_fs1-00002.jpg",451.08263777282,165.492304279266
82,"206_fs1-00002.jpg",450.575760903191,165.341217583045
83,"206_fs1-00002.jpg",450.069891618764,165.18696692674
84,"206_fs1-00002.jpg",449.564980847736,165.029753460291
85,"206_fs1-00002.jpg",449.060979518305,164.869778333636
86,"206_fs1-00002.jpg",448.557838558669,164.707242696714
87,"206_fs1-00002.jpg",448.055508897025,164.542347699464
88,"206_fs1-00002.jpg",447.553941461572,164.375294491824
89,"206_fs1-00002.jpg",447.053087180507,164.206284223734
90,"206_fs1-00002.jpg",446.552896982027,164.035518045131
91,"206_fs1-00002.jpg",446.053321794331,163.863197105956
92,"206_fs1-00002.jpg",445.554312545616,163.689522556146
93,"206_fs1-00002.jpg",445.05582016408,163.51469554564
94,"206_fs1-00002.jpg",444.557795577921,163.338917224377
95,"206_fs1-00002.jpg",444.060189715335,163.162388742296
96,"206_fs1-00002.jpg",443.562953504523,162.985311249336
97,"206_fs1-00002.jpg",443.066037873679,162.807885895435
98,"206_fs1-00002.jpg",442.569393751004,162.630313830532
99,"206_fs1-00002.jpg",442.072972064694,162.452796204566
100,"206_fs1-00002.jpg",441.576723742946,162.275534167475
101,"206_fs1-00002.jpg",441.08059971396,162.098728869199
102,"206_fs1-00002.jpg",440.584550905932,161.922581459675
103,"206_fs1-00002.jpg",440.08852824706,161.747293088844
104,"206_fs1-00002.jpg",439.592482665542,161.573064906643
105,"206_fs1-00002.jpg",439.096365089576,161.400098063011
106,"206_fs1-00002.jpg",438.600126447359,161.228593707887
107,"206_fs1-00002.jpg",438.10371766709,161.05875299121
108,"206_fs1-00002.jpg",437.607089676965,160.890777062919
109,"206_fs1-00002.jpg",437.110193405183,160.724867072952
110,"206_fs1-00002.jpg",436.612979779941,160.561224171248
111,"206_fs1-00002.jpg",436.115399729437,160.400049507746
112,"206_fs1-00002.jpg",435.617404181869,160.241544232384
113,"206_fs1-00002.jpg",435.118944065434,160.085909495102
114,"206_fs1-00002.jpg",434.619970308331,159.933346445838
115,"206_fs1-00002.jpg",434.120433838756,159.78405623453
116,"206_fs1-00002.jpg",433.620285584909,159.638240011118
117,"206_fs1-00002.jpg",433.119476474985,159.496098925541
118,"206_fs1-00002.jpg",432.617957437184,159.357834127736
119,"206_fs1-00002.jpg",432.115679399703,159.223646767643
120,"206_fs1-00002.jpg",431.612593290739,159.093737995201
121,"206_fs1-00002.jpg",431.108650038491,158.968308960348
122,"206_fs1-00002.jpg",430.603800571155,158.847560813023
123,"206_fs1-00002.jpg",430.097995816931,158.731694703165
124,"206_fs1-00002.jpg",429.591186704015,158.620911780713
125,"206_fs1-00002.jpg",429.083324160605,158.515413195604
126,"206_fs1-00002.jpg",428.574359114899,158.415400097779
127,"206_fs1-00002.jpg",428.064242495095,158.321073637176
128,"206_fs1-00002.jpg",427.552925229391,158.232634963733
129,"206_fs1-00002.jpg",427.040343334255,158.150285142892
130,"206_fs1-00002.jpg",426.525477338932,158.074174085005
131,"206_fs1-00002.jpg",426.007883980257,158.004313890779
132,"206_fs1-00002.jpg",425.48777889457,157.940693688939
133,"206_fs1-00002.jpg",424.965377718208,157.883302608207
134,"206_fs1-00002.jpg",424.440896087511,157.832129777305
135,"206_fs1-00002.jpg",423.914549638818,157.787164324957
136,"206_fs1-00002.jpg",423.386554008467,157.748395379886
137,"206_fs1-00002.jpg",422.857124832798,157.715812070813
138,"206_fs1-00002.jpg",422.326477748149,157.689403526463
139,"206_fs1-00002.jpg",421.794828390859,157.669158875558
140,"206_fs1-00002.jpg",421.262392397267,157.655067246821
141,"206_fs1-00002.jpg",420.729385403713,157.647117768975
142,"206_fs1-00002.jpg",420.196023046534,157.645299570742
143,"206_fs1-00002.jpg",419.66252096207,157.649601780846
144,"206_fs1-00002.jpg",419.129094786659,157.66001352801
145,"206_fs1-00002.jpg",418.595960156641,157.676523940956
146,"206_fs1-00002.jpg",418.063332708355,157.699122148407
147,"206_fs1-00002.jpg",417.531428078139,157.727797279086
148,"206_fs1-00002.jpg",417.000461902332,157.762538461716
149,"206_fs1-00002.jpg",416.470649817273,157.80333482502
150,"206_fs1-00002.jpg",415.942207459301,157.850175497721
151,"206_fs1-00002.jpg",415.415350464755,157.903049608541
152,"206_fs1-00002.jpg",414.890294469974,157.961946286204
153,"206_fs1-00002.jpg",414.367255111296,158.026854659432
154,"206_fs1-00002.jpg",413.846448025061,158.097763856949
155,"206_fs1-00002.jpg",413.328088847607,158.174663007476
156,"206_fs1-00002.jpg",412.812393215273,158.257541239738
157,"206_fs1-00002.jpg",412.299576764399,158.346387682456
158,"206_fs1-00002.jpg",411.789855131323,158.441191464355
159,"206_fs1-00002.jpg",411.283443952384,158.541941714156
160,"206_fs1-00002.jpg",410.78055886392,158.648627560582
161,"206_fs1-00002.jpg",410.281415502271,158.761238132357
162,"206_fs1-00002.jpg",409.78481149461,158.879762558203
163,"206_fs1-00002.jpg",409.289369639485,159.004189966843
164,"206_fs1-00002.jpg",408.795101802097,159.134509487001
165,"206_fs1-00002.jpg",408.30201991617,159.270710247398
166,"206_fs1-00002.jpg",407.810135915426,159.412781376758
167,"206_fs1-00002.jpg",407.319461733591,159.560712003804
168,"206_fs1-00002.jpg",406.830009304388,159.714491257258
169,"206_fs1-00002.jpg",406.341790561542,159.874108265844
170,"206_fs1-00002.jpg",405.854817438777,160.039552158284
171,"206_fs1-00002.jpg",405.369101869816,160.210812063301
172,"206_fs1-00002.jpg",404.884655788385,160.387877109618
173,"206_fs1-00002.jpg",404.401491128206,160.570736425959
174,"206_fs1-00002.jpg",403.919619823004,160.759379141045
175,"206_fs1-00002.jpg",403.439053806503,160.9537943836
176,"206_fs1-00002.jpg",402.959805012428,161.153971282346
177,"206_fs1-00002.jpg",402.481885374501,161.359898966007
178,"206_fs1-00002.jpg",402.005306826448,161.571566563305
179,"206_fs1-00002.jpg",401.530081301993,161.788963202963
180,"206_fs1-00002.jpg",401.056220734859,162.012078013705
181,"206_fs1-00002.jpg",400.583737058771,162.240900124252
182,"206_fs1-00002.jpg",400.112642207452,162.475418663328
183,"206_fs1-00002.jpg",399.642948114627,162.715622759656
184,"206_fs1-00002.jpg",399.17466671402,162.961501541959
185,"206_fs1-00002.jpg",398.707809939355,163.213044138959
186,"206_fs1-00002.jpg",398.242389724356,163.47023967938
187,"206_fs1-00002.jpg",397.778418002748,163.733077291944
188,"206_fs1-00002.jpg",397.315906708253,164.001546105373
189,"206_fs1-00002.jpg",396.854867774597,164.275635248392
190,"206_fs1-00002.jpg",396.395313135503,164.555333849723
191,"206_fs1-00002.jpg",395.937254724696,164.840631038089
192,"206_fs1-00002.jpg",395.480704475899,165.131515942212
193,"206_fs1-00002.jpg",395.025674322837,165.427977690815
194,"206_fs1-00002.jpg",394.572176199234,165.730005412623
195,"206_fs1-00002.jpg",394.120222038814,166.037588236356
196,"206_fs1-00002.jpg",393.6698237753,166.350715290738
197,"206_fs1-00002.jpg",393.220993342418,166.669375704493
198,"206_fs1-00002.jpg",392.773742673891,166.993558606342
199,"206_fs1-00002.jpg",392.328083703442,167.32325312501
200,"206_fs1-00002.jpg",391.884028364798,167.658448389218
1,"206_fs1-00003.jpg",493.25,143.5
2,"206_fs1-00003.jpg",492.957897117624,143.89587041562
3,"206_fs1-00003.jpg",492.663355222238,144.291910693238
4,"206_fs1-00003.jpg",492.36639516773,144.688044977009
5,"206_fs1-00003.jpg",492.067037807989,145.084197411088
6,"206_fs1-00003.jpg",491.765303996906,145.480292139629
7,"206_fs1-00003.jpg",491.461214588368,145.876253306788
8,"206_fs1-00003.jpg",491.154790436266,146.272005056718
9,"206_fs1-00003.jpg",490.846052394489,146.667471533576
10,"206_fs1-00003.jpg",490.535021316927,147.062576881514
11,"206_fs1-00003.jpg",490.221718057468,147.457245244689
12,"206_fs1-00003.jpg",489.906163470002,147.851400767254
13,"206_fs1-00003.jpg",489.588378408419,148.244967593365
14,"206_fs1-00003.jpg",489.268383726607,148.637869867177
15,"206_fs1-00003.jpg",488.946200278457,149.030031732843
16,"206_fs1-00003.jpg",488.621848917856,149.421377334519
17,"206_fs1-00003.jpg",488.295350498696,149.811830816359
18,"206_fs1-00003.jpg",487.966725874865,150.201316322519
19,"206_fs1-00003.jpg",487.635995900253,150.589757997152
20,"206_fs1-00003.jpg",487.303181428748,150.977079984414
21,"206_fs1-00003.jpg",486.968303314241,151.363206428459
22,"206_fs1-00003.jpg",486.63138241062,151.748061473442
23,"206_fs1-00003.jpg",486.292439571775,152.131569263518
24,"206_fs1-00003.jpg",485.951495651595,152.513653942842
25,"206_fs1-00003.jpg",485.608571503971,152.894239655567
26,"206_fs1-00003.jpg",485.26368798279,153.27325054585
27,"206_fs1-00003.jpg",484.916865941942,153.650610757844
28,"206_fs1-00003.jpg",484.568126235318,154.026244435704
29,"206_fs1-00003.jpg",484.217489716805,154.400075723585
30,"206_fs1-00003.jpg",483.864977240294,154.772028765642
31,"206_fs1-00003.jpg",483.510609659674,155.14202770603
32,"206_fs1-00003.jpg",483.154407828834,155.509996688903
33,"206_fs1-00003.jpg",482.796392601663,155.875859858416
34,"206_fs1-00003.jpg",482.436584832052,156.239541358723
35,"206_fs1-00003.jpg",482.075005373888,156.60096533398
36,"206_fs1-00003.jpg",481.711626052215,156.96005592834
37,"206_fs1-00003.jpg",481.345788775764,157.31673728596
38,"206_fs1-00003.jpg",480.977295858749,157.670933550993
39,"206_fs1-00003.jpg",480.606166383968,158.022568867594
40,"206_fs1-00003.jpg",480.232419434225,158.371567379919
41,"206_fs1-00003.jpg",479.85607409232,158.717853232121
42,"206_fs1-00003.jpg",479.477149441055,159.061350568355
43,"206_fs1-00003.jpg",479.095664563229,159.401983532776
44,"206_fs1-00003.jpg",478.711638541646,159.73967626954
45,"206_fs1-00003.jpg",478.325090459105,160.074352922799
46,"206_fs1-00003.jpg",477.936039398408,160.405937636711
47,"206_fs1-00003.jpg",477.544504442356,160.734354555428
48,"206_fs1-00003.jpg",477.150504673751,161.059527823105
49,"206_fs1-00003.jpg",476.754059175393,161.381381583899
50,"206_fs1-00003.jpg",476.355187030084,161.699839981962
51,"206_fs1-00003.jpg",475.953907320624,162.01482716145
52,"206_fs1-00003.jpg",475.550239129816,162.326267266518
53,"206_fs1-00003.jpg",475.14420154046,162.63408444132
54,"206_fs1-00003.jpg",474.735813635357,162.938202830011
55,"206_fs1-00003.jpg",474.325094497308,163.238546576746
56,"206_fs1-00003.jpg",473.912063209115,163.535039825679
57,"206_fs1-00003.jpg",473.496738853579,163.827606720966
58,"206_fs1-00003.jpg",473.079140513501,164.11617140676
59,"206_fs1-00003.jpg",472.659287271682,164.400658027217
60,"206_fs1-00003.jpg",472.237198210924,164.680990726491
61,"206_fs1-00003.jpg",471.812892414026,164.957093648738
62,"206_fs1-00003.jpg",471.386388963792,165.228890938111
63,"206_fs1-00003.jpg",470.957706943021,165.496306738765
64,"206_fs1-00003.jpg",470.526865434516,165.759265194856
65,"206_fs1-00003.jpg",470.093883521076,166.017690450538
66,"206_fs1-00003.jpg",469.658780285504,166.271506649965
67,"206_fs1-00003.jpg",469.2215748106,166.520637937293
68,"206_fs1-00003.jpg",468.782286179166,166.765008456676
69,"206_fs1-00003.jpg",468.340933474003,167.004542352269
70,"206_fs1-00003.jpg",467.897408155257,167.239163361128
71,"206_fs1-00003.jpg",467.448764539738,167.468739817548
72,"206_fs1-00003.jpg",466.994055173324,167.693028981585
73,"206_fs1-00003.jpg",466.533670118375,167.911774853008
74,"206_fs1-00003.jpg",466.06799943725,168.124721431585
75,"206_fs1-00003.jpg",465.59743319231,168.331612717084
76,"206_fs1-00003.jpg",465.122361445915,168.532192709274
77,"206_fs1-00003.jpg",464.643174260424,168.726205407922
78,"206_fs1-00003.jpg",464.160261698198,168.913394812798
79,"206_fs1-00003.jpg",463.674013821596,169.093504923669
80,"206_fs1-00003.jpg",463.184820692979,169.266279740303
81,"206_fs1-00003.jpg",462.693072374707,169.43146326247
82,"206_fs1-00003.jpg",462.199158929139,169.588799489937
83,"206_fs1-00003.jpg",461.703470418636,169.738032422473
84,"206_fs1-00003.jpg",461.206396905557,169.878906059845
85,"206_fs1-00003.jpg",460.708328452262,170.011164401823
86,"206_fs1-00003.jpg",460.209655121113,170.134551448174
87,"206_fs1-00003.jpg",459.710766974467,170.248811198667
88,"206_fs1-00003.jpg",459.212054074686,170.353687653069
89,"206_fs1-00003.jpg",458.71390648413,170.448924811151
90,"206_fs1-00003.jpg",458.216714265158,170.534266672678
91,"206_fs1-00003.jpg",457.72086748013,170.609457237421
92,"206_fs1-00003.jpg",457.226756191407,170.674240505147
93,"206_fs1-00003.jpg",456.734770461348,170.728360475624
94,"206_fs1-00003.jpg",456.245300352313,170.771561148622
95,"206_fs1-00003.jpg",455.757888322172,170.80359178095
96,"206_fs1-00003.jpg",455.266907219199,170.824350058903
97,"206_fs1-00003.jpg",454.771628810882,170.833899215499
98,"206_fs1-00003.jpg",454.272513591946,170.83231117704
99,"206_fs1-00003.jpg",453.770022057117,170.819657869825
100,"206_fs1-00003.jpg",453.264614701121,170.796011220158
101,"206_fs1-00003.jpg",452.756752018683,170.761443154338
102,"206_fs1-00003.jpg",452.24689450453,170.716025598666
103,"206_fs1-00003.jpg",451.735502653387,170.659830479444
104,"206_fs1-00003.jpg",451.22303695998,170.592929722972
105,"206_fs1-00003.jpg",450.709957919036,170.515395255552
106,"206_fs1-00003.jpg",450.196726025279,170.427299003484
107,"206_fs1-00003.jpg",449.683801773436,170.32871289307
108,"206_fs1-00003.jpg",449.171645658232,170.21970885061
109,"206_fs1-00003.jpg",448.660718174394,170.100358802406
110,"206_fs1-00003.jpg",448.151479816648,169.970734674759
111,"206_fs1-00003.jpg",447.644391079718,169.830908393969
112,"206_fs1-00003.jpg",447.139912458332,169.680951886337
113,"206_fs1-00003.jpg",446.638504447214,169.520937078166
114,"206_fs1-00003.jpg",446.140627541091,169.350935895755
115,"206_fs1-00003.jpg",445.646742234688,169.171020265405
116,"206_fs1-00003.jpg",445.157309022732,168.981262113418
117,"206_fs1-00003.jpg",444.672788399949,168.781733366095
118,"206_fs1-00003.jpg",444.193640861063,168.572505949737
119,"206_fs1-00003.jpg",443.720326900801,168.353651790644
120,"206_fs1-00003.jpg",443.253307013889,168.125242815119
121,"206_fs1-00003.jpg",442.793041695053,167.88735094946
122,"206_fs1-00003.jpg",442.339991439018,167.640048119971
123,"206_fs1-00003.jpg",441.89461674051,167.383406252951
124,"206_fs1-00003.jpg",441.457378094256,167.117497274702
125,"206_fs1-00003.jpg",441.02873599498,166.842393111525
126,"206_fs1-00003.jpg",440.60915093741,166.558165689721
127,"206_fs1-00003.jpg",440.199134963607,166.264906388125
128,"206_fs1-00003.jpg",439.798755388532,165.962930129339
129,"206_fs1-00003.jpg",439.40730450397,165.652694836449
130,"206_fs1-00003.jpg",439.024040232986,165.33466076161
131,"206_fs1-00003.jpg",438.648220498649,165.009288156975
132,"206_fs1-00003.jpg",438.279103224025,164.6770372747
133,"206_fs1-00003.jpg",437.915946332182,164.338368366937
134,"206_fs1-00003.jpg",437.558007746187,163.993741685842
135,"206_fs1-00003.jpg",437.204545389106,163.643617483569
136,"206_fs1-00003.jpg",436.854817184008,163.288456012272
137,"206_fs1-00003.jpg",436.508081053958,162.928717524105
138,"206_fs1-00003.jpg",436.163594922025,162.564862271223
139,"206_fs1-00003.jpg",435.820616711276,162.19735050578
140,"206_fs1-00003.jpg",435.478404344777,161.826642479929
141,"206_fs1-00003.jpg",435.136215745596,161.453198445827
142,"206_fs1-00003.jpg",434.793308836801,161.077478655626
143,"206_fs1-00003.jpg",434.448941541457,160.69994336148
144,"206_fs1-00003.jpg",434.102371782633,160.321052815546
145,"206_fs1-00003.jpg",433.752857483395,159.941267269975
146,"206_fs1-00003.jpg",433.399656566811,159.561046976923
147,"206_fs1-00003.jpg",433.042026955947,159.180852188545
148,"206_fs1-00003.jpg",432.679226573872,158.801143156993
149,"206_fs1-00003.jpg",432.310513343652,158.422380134424
150,"206_fs1-00003.jpg",431.935145276529,158.045023372992
151,"206_fs1-00003.jpg",431.556359203728,157.66955500766
152,"206_fs1-00003.jpg",431.177606884311,157.296543460024
153,"206_fs1-00003.jpg",430.798579067379,156.926578416609
154,"206_fs1-00003.jpg",430.418966502031,156.560249563938
155,"206_fs1-00003.jpg",430.038459937366,156.198146588535
156,"206_fs1-00003.jpg",429.656750122485,155.840859176923
157,"206_fs1-00003.jpg",429.273527806487,155.488977015626
158,"206_fs1-00003.jpg",428.888483738471,155.143089791168
159,"206_fs1-00003.jpg",428.501308667538,154.803787190071
160,"206_fs1-00003.jpg",428.111693342786,154.471658898859
161,"206_fs1-00003.jpg",427.719328513316,154.147294604056
162,"206_fs1-00003.jpg",427.323904928228,153.831283992186
163,"206_fs1-00003.jpg",426.92511333662,153.524216749772
164,"206_fs1-00003.jpg",426.522644487592,153.226682563338
165,"206_fs1-00003.jpg",426.116189130245,152.939271119407
166,"206_fs1-00003.jpg",425.705438013678,152.662572104502
167,"206_fs1-00003.jpg",425.290081886989,152.397175205148
168,"206_fs1-00003.jpg",424.869811499281,152.143670107867
169,"206_fs1-00003.jpg",424.44431759965,151.902646499184
170,"206_fs1-00003.jpg",424.013290937198,151.674694065621
171,"206_fs1-00003.jpg",423.576422261025,151.460402493704
172,"206_fs1-00003.jpg",423.134232118849,151.260361469954
173,"206_fs1-00003.jpg",422.687914703713,151.075160680895
174,"206_fs1-00003.jpg",422.237489256221,150.905389813052
175,"206_fs1-00003.jpg",421.782958929812,150.751638552947
176,"206_fs1-00003.jpg",421.324326877919,150.614496587104
177,"206_fs1-00003.jpg",420.861596253981,150.494553602048
178,"206_fs1-00003.jpg",420.394770211432,150.3923992843
179,"206_fs1-00003.jpg",419.923851903709,150.308623320385
180,"206_fs1-00003.jpg",419.448844484248,150.243815396827
181,"206_fs1-00003.jpg",418.969751106485,150.198565200148
182,"206_fs1-00003.jpg",418.486574923857,150.173462416873
183,"206_fs1-00003.jpg",417.9993190898,150.169096733525
184,"206_fs1-00003.jpg",417.507986757749,150.186057836627
185,"206_fs1-00003.jpg",417.012581081141,150.224935412704
186,"206_fs1-00003.jpg",416.513105213413,150.286319148278
187,"206_fs1-00003.jpg",416.009562307999,150.370798729873
188,"206_fs1-00003.jpg",415.501955518337,150.478963844013
189,"206_fs1-00003.jpg",414.990287997862,150.611404177222
190,"206_fs1-00003.jpg",414.474562900012,150.768709416022
191,"206_fs1-00003.jpg",413.954783378221,150.951469246938
192,"206_fs1-00003.jpg",413.430952585926,151.160273356492
193,"206_fs1-00003.jpg",412.903073676563,151.395711431209
194,"206_fs1-00003.jpg",412.371149803568,151.658373157612
195,"206_fs1-00003.jpg",411.835184120378,151.948848222225
196,"206_fs1-00003.jpg",411.295179780429,152.26772631157
197,"206_fs1-00003.jpg",410.751139937157,152.615597112173
198,"206_fs1-00003.jpg",410.203067743997,152.993050310555
199,"206_fs1-00003.jpg",409.650966354387,153.400675593241
200,"206_fs1-00003.jpg",409.094838921762,153.839062646755
1,"206_fs1-00004.jpg",498.5,137.25
2,"206_fs1-00004.jpg",498.092317759376,137.537358421847
3,"206_fs1-00004.jpg",497.686379922616,137.827074286704
4,"206_fs1-00004.jpg",497.282184940498,138.119127493426
5,"206_fs1-00004.jpg",496.879731263804,138.413497940869
6,"206_fs1-00004.jpg",496.479017343312,138.710165527886
7,"206_fs1-00004.jpg",496.080041629802,139.009110153334
8,"206_fs1-00004.jpg",495.682802574055,139.310311716067
9,"206_fs1-00004.jpg",495.287298626849,139.613750114939
10,"206_fs1-00004.jpg",494.893528238965,139.919405248807
11,"206_fs1-00004.jpg",494.501489861183,140.227257016524
12,"206_fs1-00004.jpg",494.111181944281,140.537285316946
13,"206_fs1-00004.jpg",493.722602939041,140.849470048928
14,"206_fs1-00004.jpg",493.335751296241,141.163791111324
15,"206_fs1-00004.jpg",492.950625466662,141.48022840299
16,"206_fs1-00004.jpg",492.567223901082,141.798761822781
17,"206_fs1-00004.jpg",492.185545050283,142.119371269551
18,"206_fs1-00004.jpg",491.805587365044,142.442036642156
19,"206_fs1-00004.jpg",491.427349296143,142.766737839449
20,"206_fs1-00004.jpg",491.050829294363,143.093454760287
21,"206_fs1-00004.jpg",490.676025810481,143.422167303525
22,"206_fs1-00004.jpg",490.302937295277,143.752855368016
23,"206_fs1-00004.jpg",489.931562199533,144.085498852617
24,"206_fs1-00004.jpg",489.561898974026,144.420077656182
25,"206_fs1-00004.jpg",489.193946069537,144.756571677565
26,"206_fs1-00004.jpg",488.827701936847,145.094960815623
27,"206_fs1-00004.jpg",488.463165026733,145.435224969209
28,"206_fs1-00004.jpg",488.100333789977,145.77734403718
29,"206_fs1-00004.jpg",487.739206677358,146.121297918389
30,"206_fs1-00004.jpg",487.379782139656,146.467066511691
31,"206_fs1-00004.jpg",487.02205862765,146.814629715943
32,"206_fs1-00004.jpg",486.666034592121,147.163967429998
33,"206_fs1-00004.jpg",486.311708483847,147.515059552711
34,"206_fs1-00004.jpg",485.95918202766,147.867885982938
35,"206_fs1-00004.jpg",485.609179587679,148.222426619533
36,"206_fs1-00004.jpg",485.261746407515,148.578661361352
37,"206_fs1-00004.jpg",484.916766293174,148.936570107249
38,"206_fs1-00004.jpg",484.574123050662,149.296132756079
39,"206_fs1-00004.jpg",484.233700485987,149.657329206697
40,"206_fs1-00004.jpg",483.895382405156,150.020139357959
41,"206_fs1-00004.jpg",483.559052614175,150.384543108718
42,"206_fs1-00004.jpg",483.224594919051,150.750520357831
43,"206_fs1-00004.jpg",482.891893125791,151.118051004151
44,"206_fs1-00004.jpg",482.560831040401,151.487114946534
45,"206_fs1-00004.jpg",482.231292468889,151.857692083836
46,"206_fs1-00004.jpg",481.903161217261,152.229762314909
47,"206_fs1-00004.jpg",481.576321091524,152.603305538611
48,"206_fs1-00004.jpg",481.250655897685,152.978301653795
49,"206_fs1-00004.jpg",480.92604944175,153.354730559317
50,"206_fs1-00004.jpg",480.602385529727,153.732572154031
51,"206_fs1-00004.jpg",480.279547967623,154.111806336792
52,"206_fs1-00004.jpg",479.957420561443,154.492413006457
53,"206_fs1-00004.jpg",479.635887117195,154.874372061878
54,"206_fs1-00004.jpg",479.314831440885,155.257663401912
55,"206_fs1-00004.jpg",478.994137338522,155.642266925412
56,"206_fs1-00004.jpg",478.67368861611,156.028162531235
57,"206_fs1-00004.jpg",478.353369079657,156.415330118235
58,"206_fs1-00004.jpg",478.03306253517,156.803749585268
59,"206_fs1-00004.jpg",477.712652788656,157.193400831187
60,"206_fs1-00004.jpg",477.394163399966,157.584245473449
61,"206_fs1-00004.jpg",477.079737119938,157.976164067922
62,"206_fs1-00004.jpg",476.76896905003,158.369014710387
63,"206_fs1-00004.jpg",476.461451531795,158.762655495808
64,"206_fs1-00004.jpg",476.156776906783,159.156944519144
65,"206_fs1-00004.jpg",475.854537516549,159.551739875358
66,"206_fs1-00004.jpg",475.554325702643,159.946899659412
67,"206_fs1-00004.jpg",475.255733806618,160.342281966266
68,"206_fs1-00004.jpg",474.958354170026,160.737744890883
69,"206_fs1-00004.jpg",474.66177913442,161.133146528224
70,"206_fs1-00004.jpg",474.365601041351,161.528344973251
71,"206_fs1-00004.jpg",474.069412232372,161.923198320924
72,"206_fs1-00004.jpg",473.772805049036,162.317564666207
73,"206_fs1-00004.jpg",473.475371832894,162.71130210406
74,"206_fs1-00004.jpg",473.176704925498,163.104268729445
75,"206_fs1-00004.jpg",472.876396668401,163.496322637323
76,"206_fs1-00004.jpg",472.574039403155,163.887321922657
77,"206_fs1-00004.jpg",472.269225471312,164.277124680407
78,"206_fs1-00004.jpg",471.961547214425,164.665589005536
79,"206_fs1-00004.jpg",471.650596974045,165.052572993004
80,"206_fs1-00004.jpg",471.335967091725,165.437934737774
81,"206_fs1-00004.jpg",471.017249909017,165.821532334807
82,"206_fs1-00004.jpg",470.694037767474,166.203223879064
83,"206_fs1-00004.jpg",470.365923008647,166.582867465508
84,"206_fs1-00004.jpg",470.032497974089,166.960321189099
85,"206_fs1-00004.jpg",469.693355005351,167.3354431448
86,"206_fs1-00004.jpg",469.348086443987,167.708091427571
87,"206_fs1-00004.jpg",468.996302134251,168.07812407683
88,"206_fs1-00004.jpg",468.638828883734,168.445368959683
89,"206_fs1-00004.jpg",468.276397466556,168.809573953904
90,"206_fs1-00004.jpg",467.909136558256,169.170473831438
91,"206_fs1-00004.jpg",467.537174834371,169.527803364229
92,"206_fs1-00004.jpg",467.160640970438,169.881297324221
93,"206_fs1-00004.jpg",466.779663641994,170.230690483359
94,"206_fs1-00004.jpg",466.394371524578,170.575717613585
95,"206_fs1-00004.jpg",466.004893293726,170.916113486844
96,"206_fs1-00004.jpg",465.611357624977,171.251612875081
97,"206_fs1-00004.jpg",465.213893193866,171.581950550239
98,"206_fs1-00004.jpg",464.812628675933,171.906861284261
99,"206_fs1-00004.jpg",464.407692746715,172.226079849094
100,"206_fs1-00004.jpg",463.999214081748,172.539341016679
101,"206_fs1-00004.jpg",463.587321356571,172.846379558961
102,"206_fs1-00004.jpg",463.172143246721,173.146930247885
103,"206_fs1-00004.jpg",462.753808427735,173.440727855394
104,"206_fs1-00004.jpg",462.332445575151,173.727507153432
105,"206_fs1-00004.jpg",461.908183364506,174.007002913943
106,"206_fs1-00004.jpg",461.481150471339,174.278949908872
107,"206_fs1-00004.jpg",461.051475571185,174.543082910161
108,"206_fs1-00004.jpg",460.619287339583,174.799136689757
109,"206_fs1-00004.jpg",460.184714452071,175.046846019601
110,"206_fs1-00004.jpg",459.747885584185,175.285945671639
111,"206_fs1-00004.jpg",459.308929411463,175.516170417814
112,"206_fs1-00004.jpg",458.867974609443,175.737255030071
113,"206_fs1-00004.jpg",458.425149853662,175.948934280353
114,"206_fs1-00004.jpg",457.980583819658,176.150942940604
115,"206_fs1-00004.jpg",457.534405182967,176.343015782769
116,"206_fs1-00004.jpg",457.086742619128,176.524887578791
117,"206_fs1-00004.jpg",456.637724803679,176.696293100614
118,"206_fs1-00004.jpg",456.187480412155,176.856967120184
119,"206_fs1-00004.jpg",455.736138120096,177.006644409442
120,"206_fs1-00004.jpg",455.283826603038,177.145059740334
121,"206_fs1-00004.jpg",454.824451205135,177.271951370889
122,"206_fs1-00004.jpg",454.348555385436,177.38707891649
123,"206_fs1-00004.jpg",453.85761302906,177.490210076909
124,"206_fs1-00004.jpg",453.353269330155,177.581112567149
125,"206_fs1-00004.jpg",452.837169482867,177.659554102214
126,"206_fs1-00004.jpg",452.310958681343,177.725302397108
127,"206_fs1-00004.jpg",451.776282119731,177.778125166834
128,"206_fs1-00004.jpg",451.234784992178,177.817790126395
129,"206_fs1-00004.jpg",450.688112492829,177.844064990796
130,"206_fs1-00004.jpg",450.137909815833,177.856717475038
131,"206_fs1-00004.jpg",449.585822155337,177.855515294126
132,"206_fs1-00004.jpg",449.033494705487,177.840226163064
133,"206_fs1-00004.jpg",448.48257266043,177.810617796854
134,"206_fs1-00004.jpg",447.934701214313,177.7664579105
135,"206_fs1-00004.jpg",447.391525561284,177.707514219006
136,"206_fs1-00004.jpg",446.854690895488,177.633554437375
137,"206_fs1-00004.jpg",446.325842411075,177.544346280611
138,"206_fs1-00004.jpg",445.806625302189,177.439657463716
139,"206_fs1-00004.jpg",445.298684762978,177.319255701695
140,"206_fs1-00004.jpg",444.80366598759,177.182908709551
141,"206_fs1-00004.jpg",444.323214170171,177.030384202287
142,"206_fs1-00004.jpg",443.858974504867,176.861449894907
143,"206_fs1-00004.jpg",443.412592185827,176.675873502414
144,"206_fs1-00004.jpg",442.985712407198,176.473422739811
145,"206_fs1-00004.jpg",442.579980363125,176.253865322103
146,"206_fs1-00004.jpg",442.197041247756,176.016968964292
147,"206_fs1-00004.jpg",441.838540255238,175.762501381383
148,"206_fs1-00004.jpg",441.504745378127,175.490239535671
149,"206_fs1-00004.jpg",441.183761048382,175.200324420935
150,"206_fs1-00004.jpg",440.872136844598,174.89337256582
151,"206_fs1-00004.jpg",440.569451446658,174.570032547243
152,"206_fs1-00004.jpg",440.275283534444,174.23095294212
153,"206_fs1-00004.jpg",439.989211787839,173.876782327367
154,"206_fs1-00004.jpg",439.710814886725,173.5081692799
155,"206_fs1-00004.jpg",439.439671510984,173.125762376636
156,"206_fs1-00004.jpg",439.1753603405,172.73021019449
157,"206_fs1-00004.jpg",438.917460055154,172.322161310379
158,"206_fs1-00004.jpg",438.665549334829,171.90226430122
159,"206_fs1-00004.jpg",438.419206859408,171.471167743929
160,"206_fs1-00004.jpg",438.178011308772,171.029520215421
161,"206_fs1-00004.jpg",437.941541362805,170.577970292614
162,"206_fs1-00004.jpg",437.709375701389,170.117166552423
163,"206_fs1-00004.jpg",437.481093004406,169.647757571764
164,"206_fs1-00004.jpg",437.256271951738,169.170391927555
165,"206_fs1-00004.jpg",437.034491223269,168.685718196711
166,"206_fs1-00004.jpg",436.81532949888,168.194384956149
167,"206_fs1-00004.jpg",436.598365458455,167.697040782784
168,"206_fs1-00004.jpg",436.383177781875,167.194334253533
169,"206_fs1-00004.jpg",436.169345149023,166.686913945313
170,"206_fs1-00004.jpg",435.956446239782,166.175428435039
171,"206_fs1-00004.jpg",435.744059734033,165.660526299629
172,"206_fs1-00004.jpg",435.531764311661,165.142856115997
173,"206_fs1-00004.jpg",435.31924389174,164.623066461061
174,"206_fs1-00004.jpg",435.107839484999,164.101805911736
175,"206_fs1-00004.jpg",434.898115566862,163.57972304494
176,"206_fs1-00004.jpg",434.690117656341,163.057466437588
177,"206_fs1-00004.jpg",434.483891272451,162.535684666596
178,"206_fs1-00004.jpg",434.279481934208,162.015026308881
179,"206_fs1-00004.jpg",434.076935160624,161.496139941359
180,"206_fs1-00004.jpg",433.876296470716,160.979674140947
181,"206_fs1-00004.jpg",433.677611383497,160.46627748456
182,"206_fs1-00004.jpg",433.480925417982,159.956598549115
183,"206_fs1-00004.jpg",433.286284093186,159.451285911528
184,"206_fs1-00004.jpg",433.093732928122,158.950988148716
185,"206_fs1-00004.jpg",432.903317441806,158.456353837594
186,"206_fs1-00004.jpg",432.715083153252,157.968031555079
187,"206_fs1-00004.jpg",432.529075581474,157.486669878088
188,"206_fs1-00004.jpg",432.345340245488,157.012917383536
189,"206_fs1-00004.jpg",432.163922664307,156.54742264834
190,"206_fs1-00004.jpg",431.984868356946,156.090834249415
191,"206_fs1-00004.jpg",431.808222842419,155.64380076368
192,"206_fs1-00004.jpg",431.634031639741,155.206970768048
193,"206_fs1-00004.jpg",431.462340267927,154.780992839438
194,"206_fs1-00004.jpg",431.293194245991,154.366515554765
195,"206_fs1-00004.jpg",431.126639092948,153.964187490945
196,"206_fs1-00004.jpg",430.962720327812,153.574657224895
197,"206_fs1-00004.jpg",430.801483469597,153.198573333531
198,"206_fs1-00004.jpg",430.642974037318,152.836584393769
199,"206_fs1-00004.jpg",430.48723754999,152.489338982525
200,"206_fs1-00004.jpg",430.334319526627,152.157485676717
1,"206_fs1-00005.jpg",511,136.25
2,"206_fs1-00005.jpg",510.435319268455,136.100805421971
3,"206_fs1-00005.jpg",509.872760052715,135.961919799787
4,"206_fs1-00005.jpg",509.312349529203,135.833273658493
5,"206_fs1-00005.jpg",508.754114874344,135.714797523137
6,"206_fs1-00005.jpg",508.198083264559,135.606421918766
7,"206_fs1-00005.jpg",507.644281876274,135.508077370425
8,"206_fs1-00005.jpg",507.092737885911,135.419694403162
9,"206_fs1-00005.jpg",506.543478469894,135.341203542024
10,"206_fs1-00005.jpg",505.996530804646,135.272535312057
11,"206_fs1-00005.jpg",505.45192206659,135.213620238308
12,"206_fs1-00005.jpg",504.909679432151,135.164388845823
13,"206_fs1-00005.jpg",504.369830077751,135.12477165965
14,"206_fs1-00005.jpg",503.832401179815,135.094699204835
15,"206_fs1-00005.jpg",503.297419914764,135.074102006424
16,"206_fs1-00005.jpg",502.764913459024,135.062910589466
17,"206_fs1-00005.jpg",502.234908989017,135.061055479005
18,"206_fs1-00005.jpg",501.707433681167,135.068467200089
19,"206_fs1-00005.jpg",501.182514711897,135.085076277765
20,"206_fs1-00005.jpg",500.660179257631,135.11081323708
21,"206_fs1-00005.jpg",500.140454494792,135.145608603079
22,"206_fs1-00005.jpg",499.623367599803,135.189392900811
23,"206_fs1-00005.jpg",499.108945749089,135.242096655321
24,"206_fs1-00005.jpg",498.597216119072,135.303650391656
25,"206_fs1-00005.jpg",498.088205886175,135.373984634863
26,"206_fs1-00005.jpg",497.581942226824,135.453029909989
27,"206_fs1-00005.jpg",497.07845231744,135.54071674208
28,"206_fs1-00005.jpg",496.577763334447,135.636975656184
29,"206_fs1-00005.jpg",496.079902454269,135.741737177346
30,"206_fs1-00005.jpg",495.584896853329,135.854931830614
31,"206_fs1-00005.jpg",495.092773708051,135.976490141034
32,"206_fs1-00005.jpg",494.603560194858,136.106342633653
33,"206_fs1-00005.jpg",494.117283490173,136.244419833518
34,"206_fs1-00005.jpg",493.63397077042,136.390652265675
35,"206_fs1-00005.jpg",493.15233068268,136.544970455172
36,"206_fs1-00005.jpg",492.669183847892,136.707304927055
37,"206_fs1-00005.jpg",492.184690680566,136.87758620637
38,"206_fs1-00005.jpg",491.699181562413,137.055744818164
39,"206_fs1-00005.jpg",491.212986875146,137.241711287484
40,"206_fs1-00005.jpg",490.726437000476,137.435416139377
41,"206_fs1-00005.jpg",490.239862320113,137.63678989889
42,"206_fs1-00005.jpg",489.75359321577,137.845763091069
43,"206_fs1-00005.jpg",489.267960069159,138.062266240961
44,"206_fs1-00005.jpg",488.78329326199,138.286229873612
45,"206_fs1-00005.jpg",488.299923175974,138.51758451407
46,"206_fs1-00005.jpg",487.818180192825,138.756260687381
47,"206_fs1-00005.jpg",487.338394694252,139.002188918592
48,"206_fs1-00005.jpg",486.860897061968,139.255299732749
49,"206_fs1-00005.jpg",486.386017677683,139.515523654899
50,"206_fs1-00005.jpg",485.91408692311,139.78279121009
51,"206_fs1-00005.jpg",485.44543517996,140.057032923367
52,"206_fs1-00005.jpg",484.980392829944,140.338179319777
53,"206_fs1-00005.jpg",484.519290254774,140.626160924368
54,"206_fs1-00005.jpg",484.062457836161,140.920908262185
55,"206_fs1-00005.jpg",483.610225955816,141.222351858276
56,"206_fs1-00005.jpg",483.162924995452,141.530422237687
57,"206_fs1-00005.jpg",482.72088533678,141.845049925465
58,"206_fs1-00005.jpg",482.284437361511,142.166165446657
59,"206_fs1-00005.jpg",481.853911451356,142.49369932631
60,"206_fs1-00005.jpg",481.429637988027,142.827582089469
61,"206_fs1-00005.jpg",481.011947353236,143.167744261182
62,"206_fs1-00005.jpg",480.601169928694,143.514116366496
63,"206_fs1-00005.jpg",480.197636096112,143.866628930457
64,"206_fs1-00005.jpg",479.801676237203,144.225212478113
65,"206_fs1-00005.jpg",479.413620733676,144.589797534509
66,"206_fs1-00005.jpg",479.033799967245,144.960314624692
67,"206_fs1-00005.jpg",478.66254431962,145.336694273709
68,"206_fs1-00005.jpg",478.300184172513,145.718867006608
69,"206_fs1-00005.jpg",477.947049907634,146.106763348434
70,"206_fs1-00005.jpg",477.603471906697,146.500313824234
71,"206_fs1-00005.jpg",477.269779901843,146.89944895877
72,"206_fs1-00005.jpg",476.945042261191,147.304078268712
73,"206_fs1-00005.jpg",476.627954474401,147.714033181796
74,"206_fs1-00005.jpg",476.318131028486,148.129126985666
75,"206_fs1-00005.jpg",476.015186410457,148.549172967968
76,"206_fs1-00005.jpg",475.718735107326,148.973984416347
77,"206_fs1-00005.jpg",475.428391606105,149.403374618446
78,"206_fs1-00005.jpg",475.143770393805,149.837156861912
79,"206_fs1-00005.jpg",474.864485957439,150.27514443439
80,"206_fs1-00005.jpg",474.590152784017,150.717150623523
81,"206_fs1-00005.jpg",474.320385360552,151.162988716958
82,"206_fs1-00005.jpg",474.054798174056,151.612472002339
83,"206_fs1-00005.jpg",473.79300571154,152.065413767311
84,"206_fs1-00005.jpg",473.534622460015,152.521627299519
85,"206_fs1-00005.jpg",473.279262906495,152.980925886609
86,"206_fs1-00005.jpg",473.026541537989,153.443122816224
87,"206_fs1-00005.jpg",472.776072841511,153.908031376011
88,"206_fs1-00005.jpg",472.527471304072,154.375464853613
89,"206_fs1-00005.jpg",472.280351412683,154.845236536676
90,"206_fs1-00005.jpg",472.034327654357,155.317159712845
91,"206_fs1-00005.jpg",471.789014516104,155.791047669765
92,"206_fs1-00005.jpg",471.544026484937,156.266713695081
93,"206_fs1-00005.jpg",471.298978047868,156.743971076437
94,"206_fs1-00005.jpg",471.053483691908,157.22263310148
95,"206_fs1-00005.jpg",470.80715790407,157.702513057853
96,"206_fs1-00005.jpg",470.559615171363,158.183424233201
97,"206_fs1-00005.jpg",470.310469980801,158.66517991517
98,"206_fs1-00005.jpg",470.061719415354,159.14759607049
99,"206_fs1-00005.jpg",469.818947241075,159.630512948985
100,"206_fs1-00005.jpg",469.581874235557,160.113783724935
101,"206_fs1-00005.jpg",469.34991834834,160.597261692667
102,"206_fs1-00005.jpg",469.122497528962,161.080800146508
103,"206_fs1-00005.jpg",468.899029726962,161.564252380785
104,"206_fs1-00005.jpg",468.678932891879,162.047471689825
105,"206_fs1-00005.jpg",468.461624973252,162.530311367953
106,"206_fs1-00005.jpg",468.246523920619,163.012624709498
107,"206_fs1-00005.jpg",468.033047683519,163.494265008784
108,"206_fs1-00005.jpg",467.820614211491,163.97508556014
109,"206_fs1-00005.jpg",467.608641454074,164.454939657892
110,"206_fs1-00005.jpg",467.396547360807,164.933680596367
111,"206_fs1-00005.jpg",467.183749881228,165.411161669891
112,"206_fs1-00005.jpg",466.969666964876,165.887236172791
113,"206_fs1-00005.jpg",466.753716561289,166.361757399393
114,"206_fs1-00005.jpg",466.535316620008,166.834578644026
115,"206_fs1-00005.jpg",466.31388509057,167.305553201014
116,"206_fs1-00005.jpg",466.088839922515,167.774534364685
117,"206_fs1-00005.jpg",465.85959906538,168.241375429366
118,"206_fs1-00005.jpg",465.625580468705,168.705929689382
119,"206_fs1-00005.jpg",465.38620208203,169.168050439062
120,"206_fs1-00005.jpg",465.140881854891,169.627590972732
121,"206_fs1-00005.jpg",464.889037736829,170.084404584718
122,"206_fs1-00005.jpg",464.630087677381,170.538344569347
123,"206_fs1-00005.jpg",464.363449626088,170.989264220946
124,"206_fs1-00005.jpg",464.088541532487,171.437016833841
125,"206_fs1-00005.jpg",463.804781346117,171.88145570236
126,"206_fs1-00005.jpg",463.511587016517,172.322434120828
127,"206_fs1-00005.jpg",463.207786374891,172.759791091569
128,"206_fs1-00005.jpg",462.890883398756,173.193153676803
129,"206_fs1-00005.jpg",462.561158964022,173.621986758538
130,"206_fs1-00005.jpg",462.219181638351,174.045751102686
131,"206_fs1-00005.jpg",461.865519989409,174.463907475158
132,"206_fs1-00005.jpg",461.500742584861,174.875916641867
133,"206_fs1-00005.jpg",461.12541799237,175.281239368724
134,"206_fs1-00005.jpg",460.740114779602,175.679336421641
135,"206_fs1-00005.jpg",460.345401514221,176.069668566531
136,"206_fs1-00005.jpg",459.941846763891,176.451696569305
137,"206_fs1-00005.jpg",459.530019096277,176.824881195874
138,"206_fs1-00005.jpg",459.110487079044,177.188683212151
139,"206_fs1-00005.jpg",458.683819279855,177.542563384048
140,"206_fs1-00005.jpg",458.250584266377,177.885982477476
141,"206_fs1-00005.jpg",457.811350606272,178.218401258347
142,"206_fs1-00005.jpg",457.366686867206,178.539280492574
143,"206_fs1-00005.jpg",456.917161616843,178.848080946067
144,"206_fs1-00005.jpg",456.463343422847,179.14426338474
145,"206_fs1-00005.jpg",456.005800852884,179.427288574503
146,"206_fs1-00005.jpg",455.545102474617,179.696617281268
147,"206_fs1-00005.jpg",455.081816855712,179.951710270948
148,"206_fs1-00005.jpg",454.616512563832,180.192028309454
149,"206_fs1-00005.jpg",454.149758166643,180.417032162699
150,"206_fs1-00005.jpg",453.682122231808,180.626182596593
151,"206_fs1-00005.jpg",453.214173326993,180.818940377049
152,"206_fs1-00005.jpg",452.746480019861,180.994766269979
153,"206_fs1-00005.jpg",452.279610878078,181.153121041295
154,"206_fs1-00005.jpg",451.814134469307,181.293465456907
155,"206_fs1-00005.jpg",451.346330058417,181.41530273795
156,"206_fs1-00005.jpg",450.864317430758,181.518588691532
157,"206_fs1-00005.jpg",450.36858361153,181.603552775867
158,"206_fs1-00005.jpg",449.860486986041,181.670428252588
159,"206_fs1-00005.jpg",449.3413859396,181.719448383328
160,"206_fs1-00005.jpg",448.812638857516,181.750846429723
161,"206_fs1-00005.jpg",448.275604125097,181.764855653405
162,"206_fs1-00005.jpg",447.731640127653,181.761709316008
163,"206_fs1-00005.jpg",447.18210525049,181.741640679166
164,"206_fs1-00005.jpg",446.628357878919,181.704883004513
165,"206_fs1-00005.jpg",446.071756398248,181.651669553682
166,"206_fs1-00005.jpg",445.513659193784,181.582233588307
167,"206_fs1-00005.jpg",444.955424650838,181.496808370022
168,"206_fs1-00005.jpg",444.398411154717,181.395627160461
169,"206_fs1-00005.jpg",443.84397709073,181.278923221257
170,"206_fs1-00005.jpg",443.293480844186,181.146929814044
171,"206_fs1-00005.jpg",442.748280800393,180.999880200456
172,"206_fs1-00005.jpg",442.20973534466,180.838007642126
173,"206_fs1-00005.jpg",441.679202862296,180.661545400688
174,"206_fs1-00005.jpg",441.158041738608,180.470726737777
175,"206_fs1-00005.jpg",440.647610358906,180.265784915025
176,"206_fs1-00005.jpg",440.149267108499,180.046953194067
177,"206_fs1-00005.jpg",439.664370372694,179.814464836535
178,"206_fs1-00005.jpg",439.194278536801,179.568553104065
179,"206_fs1-00005.jpg",438.740349986128,179.309451258289
180,"206_fs1-00005.jpg",438.303943105983,179.037392560842
181,"206_fs1-00005.jpg",437.886153201329,178.752610273357
182,"206_fs1-00005.jpg",437.478756168863,178.455337657468
183,"206_fs1-00005.jpg",437.077389272965,178.145807974808
184,"206_fs1-00005.jpg",436.682172510906,177.824254487012
185,"206_fs1-00005.jpg",436.293225879957,177.490910455713
186,"206_fs1-00005.jpg",435.910669377388,177.146009142544
187,"206_fs1-00005.jpg",435.53462300047,176.78978380914
188,"206_fs1-00005.jpg",435.165206746475,176.422467717135
189,"206_fs1-00005.jpg",434.802540612672,176.044294128161
190,"206_fs1-00005.jpg",434.446744596333,175.655496303853
191,"206_fs1-00005.jpg",434.097938694729,175.256307505844
192,"206_fs1-00005.jpg",433.756242905131,174.846960995769
193,"206_fs1-00005.jpg",433.421777224808,174.427690035261
194,"206_fs1-00005.jpg",433.094661651034,173.998727885953
195,"206_fs1-00005.jpg",432.775016181076,173.56030780948
196,"206_fs1-00005.jpg",432.462960812208,173.112663067475
197,"206_fs1-00005.jpg",432.1586155417,172.656026921571
198,"206_fs1-00005.jpg",431.862100366822,172.190632633404
199,"206_fs1-00005.jpg",431.573535284845,171.716713464606
200,"206_fs1-00005.jpg",431.293040293041,171.23450267681
1,"206_fs1-00006.jpg",521,143.25
2,"206_fs1-00006.jpg",520.536967900005,143.235515657001
3,"206_fs1-00006.jpg",520.073647025688,143.212806433651
4,"206_fs1-00006.jpg",519.610038949547,143.182200939659
5,"206_fs1-00006.jpg",519.146145244078,143.144027784736
6,"206_fs1-00006.jpg",518.68196748178,143.098615578591
7,"206_fs1-00006.jpg",518.217507235149,143.046292930935
8,"206_fs1-00006.jpg",517.752766076682,142.987388451476
9,"206_fs1-00006.jpg",517.287745578877,142.922230749926
10,"206_fs1-00006.jpg",516.822447314231,142.851148435995
11,"206_fs1-00006.jpg",516.356872855241,142.774470119392
12,"206_fs1-00006.jpg",515.891023774405,142.692524409827
13,"206_fs1-00006.jpg",515.424901644219,142.60563991701
14,"206_fs1-00006.jpg",514.958508037182,142.514145250651
15,"206_fs1-00006.jpg",514.491844525789,142.418369020461
16,"206_fs1-00006.jpg",514.02491268254,142.318639836148
17,"206_fs1-00006.jpg",513.557714079929,142.215286307424
18,"206_fs1-00006.jpg",513.090250290456,142.108637043998
19,"206_fs1-00006.jpg",512.622522886617,141.99902065558
20,"206_fs1-00006.jpg",512.154533440909,141.88676575188
21,"206_fs1-00006.jpg",511.68628352583,141.772200942608
22,"206_fs1-00006.jpg",511.217774713877,141.655654837474
23,"206_fs1-00006.jpg",510.749008577547,141.537456046188
24,"206_fs1-00006.jpg",510.279986689338,141.41793317846
25,"206_fs1-00006.jpg",509.810710621746,141.297414844
26,"206_fs1-00006.jpg",509.341181947269,141.176229652517
27,"206_fs1-00006.jpg",508.871402238404,141.054706213723
28,"206_fs1-00006.jpg",508.401373067649,140.933173137326
29,"206_fs1-00006.jpg",507.9310960075,140.811959033037
30,"206_fs1-00006.jpg",507.460572630455,140.691392510566
31,"206_fs1-00006.jpg",506.989804509012,140.571802179623
32,"206_fs1-00006.jpg",506.518793215666,140.453516649917
33,"206_fs1-00006.jpg",506.047540322916,140.336864531159
34,"206_fs1-00006.jpg",505.576047403259,140.222174433059
35,"206_fs1-00006.jpg",505.104316029192,140.109774965326
36,"206_fs1-00006.jpg",504.632345817967,139.999994737671
37,"206_fs1-00006.jpg",504.158666859343,139.893162359804
38,"206_fs1-00006.jpg",503.682206897366,139.789606441434
39,"206_fs1-00006.jpg",503.203256634065,139.689655592272
40,"206_fs1-00006.jpg",502.722106771473,139.593638422027
41,"206_fs1-00006.jpg",502.239048011619,139.50188354041
42,"206_fs1-00006.jpg",501.754371056534,139.41471955713
43,"206_fs1-00006.jpg",501.26836660825,139.332475081897
44,"206_fs1-00006.jpg",500.781325368796,139.255478724422
45,"206_fs1-00006.jpg",500.293538040204,139.184059094415
46,"206_fs1-00006.jpg",499.805295324504,139.118544801584
47,"206_fs1-00006.jpg",499.316887923727,139.059264455641
48,"206_fs1-00006.jpg",498.828606539904,139.006546666296
49,"206_fs1-00006.jpg",498.340741875066,138.960720043257
50,"206_fs1-00006.jpg",497.853584631243,138.922113196236
51,"206_fs1-00006.jpg",497.367425510465,138.891054734942
52,"206_fs1-00006.jpg",496.882555214765,138.867873269085
53,"206_fs1-00006.jpg",496.399264446171,138.852897408376
54,"206_fs1-00006.jpg",495.917843906716,138.846455762523
55,"206_fs1-00006.jpg",495.43858429843,138.848876941238
56,"206_fs1-00006.jpg",494.961776323344,138.860489554229
57,"206_fs1-00006.jpg",494.487710683487,138.881622211208
58,"206_fs1-00006.jpg",494.016678080892,138.912603521884
59,"206_fs1-00006.jpg",493.548969217589,138.953762095967
60,"206_fs1-00006.jpg",493.084874795609,139.005426543167
61,"206_fs1-00006.jpg",492.624685516981,139.067925473193
62,"206_fs1-00006.jpg",492.168692083738,139.141587495757
63,"206_fs1-00006.jpg",491.717185197909,139.226741220568
64,"206_fs1-00006.jpg",491.270455561526,139.323715257335
65,"206_fs1-00006.jpg",490.828489491639,139.43283649641
66,"206_fs1-00006.jpg",490.385596952503,139.554248839791
67,"206_fs1-00006.jpg",489.940070000683,139.687753535482
68,"206_fs1-00006.jpg",489.492621186967,139.8331141839
69,"206_fs1-00006.jpg",489.043963062142,139.990094385464
70,"206_fs1-00006.jpg",488.594808176994,140.158457740594
71,"206_fs1-00006.jpg",488.145869082311,140.337967849708
72,"206_fs1-00006.jpg",487.697858328878,140.528388313225
73,"206_fs1-00006.jpg",487.251488467485,140.729482731565
74,"206_fs1-00006.jpg",486.807472048916,140.941014705145
75,"206_fs1-00006.jpg",486.366521623959,141.162747834386
76,"206_fs1-00006.jpg",485.929349743401,141.394445719705
77,"206_fs1-00006.jpg",485.496668958029,141.635871961523
78,"206_fs1-00006.jpg",485.069191818629,141.886790160257
79,"206_fs1-00006.jpg",484.647630875989,142.146963916327
80,"206_fs1-00006.jpg",484.232698680895,142.416156830151
81,"206_fs1-00006.jpg",483.825107784134,142.69413250215
82,"206_fs1-00006.jpg",483.425570736494,142.98065453274
83,"206_fs1-00006.jpg",483.03480008876,143.275486522342
84,"206_fs1-00006.jpg",482.65350839172,143.578392071375
85,"206_fs1-00006.jpg",482.282408196161,143.889134780257
86,"206_fs1-00006.jpg",481.92221205287,144.207478249407
87,"206_fs1-00006.jpg",481.573632512633,144.533186079244
88,"206_fs1-00006.jpg",481.237382126238,144.866021870187
89,"206_fs1-00006.jpg",480.914173444471,145.205749222655
90,"206_fs1-00006.jpg",480.603893706768,145.552132019898
91,"206_fs1-00006.jpg",480.299299788862,145.904945367152
92,"206_fs1-00006.jpg",479.99862741072,146.263979080087
93,"206_fs1-00006.jpg",479.701986804538,146.629023970953
94,"206_fs1-00006.jpg",479.40948820251,146.999870852002
95,"206_fs1-00006.jpg",479.12124183683,147.376310535486
96,"206_fs1-00006.jpg",478.837357939693,147.758133833654
97,"206_fs1-00006.jpg",478.557946743292,148.14513155876
98,"206_fs1-00006.jpg",478.283118479824,148.537094523053
99,"206_fs1-00006.jpg",478.012983381481,148.933813538786
100,"206_fs1-00006.jpg",477.747651680458,149.335079418209
101,"206_fs1-00006.jpg",477.48723360895,149.740682973575
102,"206_fs1-00006.jpg",477.231839399151,150.150415017134
103,"206_fs1-00006.jpg",476.981579283256,150.564066361137
104,"206_fs1-00006.jpg",476.736563493459,150.981427817836
105,"206_fs1-00006.jpg",476.496902261954,151.402290199482
106,"206_fs1-00006.jpg",476.262705820936,151.826444318327
107,"206_fs1-00006.jpg",476.0340844026,152.253680986622
108,"206_fs1-00006.jpg",475.811148239139,152.683791016617
109,"206_fs1-00006.jpg",475.594007562748,153.116565220565
110,"206_fs1-00006.jpg",475.382772605621,153.551794410717
111,"206_fs1-00006.jpg",475.177553599954,153.989269399323
112,"206_fs1-00006.jpg",474.97846077794,154.428780998636
113,"206_fs1-00006.jpg",474.785604371773,154.870120020907
114,"206_fs1-00006.jpg",474.599094613649,155.313077278386
115,"206_fs1-00006.jpg",474.419041735761,155.757443583326
116,"206_fs1-00006.jpg",474.245555970305,156.203009747977
117,"206_fs1-00006.jpg",474.076692542491,156.649595062135
118,"206_fs1-00006.jpg",473.909906745963,157.09715914207
119,"206_fs1-00006.jpg",473.745335693035,157.545704753185
120,"206_fs1-00006.jpg",473.583127930238,157.995234672652
121,"206_fs1-00006.jpg",473.423432004099,158.445751677643
122,"206_fs1-00006.jpg",473.266396461147,158.89725854533
123,"206_fs1-00006.jpg",473.11216984791,159.349758052886
124,"206_fs1-00006.jpg",472.960900710916,159.803252977484
125,"206_fs1-00006.jpg",472.812737596695,160.257746096296
126,"206_fs1-00006.jpg",472.667829051774,160.713240186495
127,"206_fs1-00006.jpg",472.526323622681,161.169738025252
128,"206_fs1-00006.jpg",472.388369855947,161.627242389741
129,"206_fs1-00006.jpg",472.254116298097,162.085756057135
130,"206_fs1-00006.jpg",472.123711495662,162.545281804605
131,"206_fs1-00006.jpg",471.99730399517,163.005822409323
132,"206_fs1-00006.jpg",471.875042343148,163.467380648464
133,"206_fs1-00006.jpg",471.757075086126,163.929959299198
134,"206_fs1-00006.jpg",471.643550770632,164.393561138699
135,"206_fs1-00006.jpg",471.534617943194,164.858188944139
136,"206_fs1-00006.jpg",471.430425150341,165.323845492691
137,"206_fs1-00006.jpg",471.3311209386,165.790533561526
138,"206_fs1-00006.jpg",471.236853854502,166.258255927819
139,"206_fs1-00006.jpg",471.147772444573,166.72701536874
140,"206_fs1-00006.jpg",471.064025255343,167.196814661462
141,"206_fs1-00006.jpg",470.985761319837,167.667656582789
142,"206_fs1-00006.jpg",470.913693930498,168.139523245726
143,"206_fs1-00006.jpg",470.847915931145,168.612320501806
144,"206_fs1-00006.jpg",470.787751387793,169.085936613737
145,"206_fs1-00006.jpg",470.732524366457,169.560259844229
146,"206_fs1-00006.jpg",470.681558933152,170.035178455992
147,"206_fs1-00006.jpg",470.634179153892,170.510580711735
148,"206_fs1-00006.jpg",470.589709094693,170.986354874169
149,"206_fs1-00006.jpg",470.547472821569,171.462389206003
150,"206_fs1-00006.jpg",470.506794400535,171.938571969947
151,"206_fs1-00006.jpg",470.466997897606,172.414791428709
152,"206_fs1-00006.jpg",470.427407378797,172.890935845001
153,"206_fs1-00006.jpg",470.387346910123,173.366893481531
154,"206_fs1-00006.jpg",470.346140557598,173.842552601009
155,"206_fs1-00006.jpg",470.303112387239,174.317801466145
156,"206_fs1-00006.jpg",470.257586465058,174.792528339648
157,"206_fs1-00006.jpg",470.208886857072,175.266621484229
158,"206_fs1-00006.jpg",470.156337629296,175.739969162597
159,"206_fs1-00006.jpg",470.099262847743,176.212459637461
160,"206_fs1-00006.jpg",470.03698657843,176.683981171531
161,"206_fs1-00006.jpg",469.96883288737,177.154422027517
162,"206_fs1-00006.jpg",469.894125840579,177.623670468128
163,"206_fs1-00006.jpg",469.812189504072,178.091614756074
164,"206_fs1-00006.jpg",469.71927575308,178.558121426076
165,"206_fs1-00006.jpg",469.606426767835,179.022827972644
166,"206_fs1-00006.jpg",469.474024940393,179.485234585939
167,"206_fs1-00006.jpg",469.323075862831,179.944839595011
168,"206_fs1-00006.jpg",469.154585127227,180.401141328908
169,"206_fs1-00006.jpg",468.969558325655,180.853638116677
170,"206_fs1-00006.jpg",468.769001050194,181.301828287367
171,"206_fs1-00006.jpg",468.553918892919,181.745210170026
172,"206_fs1-00006.jpg",468.325317445908,182.183282093703
173,"206_fs1-00006.jpg",468.084202301236,182.615542387444
174,"206_fs1-00006.jpg",467.83157905098,183.0414893803
175,"206_fs1-00006.jpg",467.568453287217,183.460621401317
176,"206_fs1-00006.jpg",467.295830602024,183.872436779543
177,"206_fs1-00006.jpg",467.014716587477,184.276433844028
178,"206_fs1-00006.jpg",466.726116835652,184.672110923819
179,"206_fs1-00006.jpg",466.431036938627,185.058966347964
180,"206_fs1-00006.jpg",466.130482488477,185.436498445511
181,"206_fs1-00006.jpg",465.825459077279,185.80420554551
182,"206_fs1-00006.jpg",465.516972297111,186.161585977006
183,"206_fs1-00006.jpg",465.206027740047,186.50813806905
184,"206_fs1-00006.jpg",464.893630998166,186.843360150689
185,"206_fs1-00006.jpg",464.580654269834,187.166750550971
186,"206_fs1-00006.jpg",464.255505765221,187.477807598944
187,"206_fs1-00006.jpg",463.910931263624,187.776029623657
188,"206_fs1-00006.jpg",463.54794257931,188.060914954158
189,"206_fs1-00006.jpg",463.167551526547,188.331961919494
190,"206_fs1-00006.jpg",462.7707699196,188.588668848714
191,"206_fs1-00006.jpg",462.358609572736,188.830534070867
192,"206_fs1-00006.jpg",461.932082300222,189.057055915
193,"206_fs1-00006.jpg",461.492199916325,189.267732710161
194,"206_fs1-00006.jpg",461.03997423531,189.462062785399
195,"206_fs1-00006.jpg",460.576417071444,189.639544469761
196,"206_fs1-00006.jpg",460.102540238995,189.799676092296
197,"206_fs1-00006.jpg",459.619355552228,189.941955982053
198,"206_fs1-00006.jpg",459.12787482541,190.065882468079
199,"206_fs1-00006.jpg",458.629109872808,190.170953879422
200,"206_fs1-00006.jpg",458.124072508688,190.25666854513
1,"206_fs1-00007.jpg",536.25,142.25
2,"206_fs1-00007.jpg",535.787412428606,142.173618066005
3,"206_fs1-00007.jpg",535.32465895857,142.095022032877
4,"206_fs1-00007.jpg",534.861738757143,142.014301929744
5,"206_fs1-00007.jpg",534.398650991576,141.931547785735
6,"206_fs1-00007.jpg",533.935394829123,141.846849629978
7,"206_fs1-00007.jpg",533.471969437034,141.7602974916
8,"206_fs1-00007.jpg",533.008373982562,141.671981399729
9,"206_fs1-00007.jpg",532.544607632957,141.581991383495
10,"206_fs1-00007.jpg",532.080669555472,141.490417472024
11,"206_fs1-00007.jpg",531.616558917358,141.397349694444
12,"206_fs1-00007.jpg",531.152274885868,141.302878079884
13,"206_fs1-00007.jpg",530.687816628253,141.207092657473
14,"206_fs1-00007.jpg",530.223183311764,141.110083456336
15,"206_fs1-00007.jpg",529.758374103654,141.011940505604
16,"206_fs1-00007.jpg",529.293388171174,140.912753834403
17,"206_fs1-00007.jpg",528.828224681576,140.812613471863
18,"206_fs1-00007.jpg",528.362882802112,140.71160944711
19,"206_fs1-00007.jpg",527.897361700033,140.609831789273
20,"206_fs1-00007.jpg",527.43166054259,140.50737052748
21,"206_fs1-00007.jpg",526.965778497037,140.404315690859
22,"206_fs1-00007.jpg",526.499714730625,140.300757308538
23,"206_fs1-00007.jpg",526.033468410605,140.196785409646
24,"206_fs1-00007.jpg",525.567038704229,140.092490023309
25,"206_fs1-00007.jpg",525.100424778749,139.987961178656
26,"206_fs1-00007.jpg",524.633625801416,139.883288904815
27,"206_fs1-00007.jpg",524.166640939483,139.778563230915
28,"206_fs1-00007.jpg",523.6994693602,139.673874186083
29,"206_fs1-00007.jpg",523.232110230821,139.569311799447
30,"206_fs1-00007.jpg",522.764562718596,139.464966100135
31,"206_fs1-00007.jpg",522.296825990777,139.360927117276
32,"206_fs1-00007.jpg",521.828899214616,139.257284879996
33,"206_fs1-00007.jpg",521.360781557366,139.154129417426
34,"206_fs1-00007.jpg",520.892472186276,139.051550758691
35,"206_fs1-00007.jpg",520.4239702686,138.949638932921
36,"206_fs1-00007.jpg",519.955274971589,138.848483969243
37,"206_fs1-00007.jpg",519.48624950487,138.748175896786
38,"206_fs1-00007.jpg",519.016584015551,138.648804744677
39,"206_fs1-00007.jpg",518.546300448878,138.550460542045
40,"206_fs1-00007.jpg",518.075435671303,138.453233318018
41,"206_fs1-00007.jpg",517.604026549279,138.357213101723
42,"206_fs1-00007.jpg",517.132109949258,138.262489922288
43,"206_fs1-00007.jpg",516.659722737693,138.169153808842
44,"206_fs1-00007.jpg",516.186901781038,138.077294790513
45,"206_fs1-00007.jpg",515.713683945744,137.987002896429
46,"206_fs1-00007.jpg",515.240106098265,137.898368155717
47,"206_fs1-00007.jpg",514.766205105053,137.811480597506
48,"206_fs1-00007.jpg",514.292017832561,137.726430250924
49,"206_fs1-00007.jpg",513.817581147241,137.643307145098
50,"206_fs1-00007.jpg",513.342931915548,137.562201309158
51,"206_fs1-00007.jpg",512.868107003932,137.48320277223
52,"206_fs1-00007.jpg",512.393143278847,137.406401563443
53,"206_fs1-00007.jpg",511.918077606746,137.331887711926
54,"206_fs1-00007.jpg",511.442946854081,137.259751246805
55,"206_fs1-00007.jpg",510.967787887306,137.190082197209
56,"206_fs1-00007.jpg",510.492637572872,137.122970592266
57,"206_fs1-00007.jpg",510.017532777233,137.058506461104
58,"206_fs1-00007.jpg",509.542510366842,136.996779832852
59,"206_fs1-00007.jpg",509.06760720815,136.937880736636
60,"206_fs1-00007.jpg",508.592860167611,136.881899201586
61,"206_fs1-00007.jpg",508.118306111678,136.828925256828
62,"206_fs1-00007.jpg",507.643981906804,136.779048931492
63,"206_fs1-00007.jpg",507.16992441944,136.732360254705
64,"206_fs1-00007.jpg",506.69617051604,136.688949255596
65,"206_fs1-00007.jpg",506.222757063057,136.648905963292
66,"206_fs1-00007.jpg",505.749720926943,136.612320406921
67,"206_fs1-00007.jpg",505.277098974151,136.579282615611
68,"206_fs1-00007.jpg",504.804928071134,136.549882618491
69,"206_fs1-00007.jpg",504.333245084344,136.524210444688
70,"206_fs1-00007.jpg",503.862086880235,136.502356123331
71,"206_fs1-00007.jpg",503.391490325259,136.484409683547
72,"206_fs1-00007.jpg",502.921492285868,136.470461154464
73,"206_fs1-00007.jpg",502.452129628516,136.460600565211
74,"206_fs1-00007.jpg",501.983439219655,136.454917944916
75,"206_fs1-00007.jpg",501.515457925738,136.453503322706
76,"206_fs1-00007.jpg",501.048222613218,136.45644672771
77,"206_fs1-00007.jpg",500.581770148547,136.463838189056
78,"206_fs1-00007.jpg",500.116137398179,136.475767735871
79,"206_fs1-00007.jpg",499.649620077104,136.492329128504
80,"206_fs1-00007.jpg",499.178330007545,136.513647843248
81,"206_fs1-00007.jpg",498.702566615641,136.539865370298
82,"206_fs1-00007.jpg",498.222812904943,136.571123323041
83,"206_fs1-00007.jpg",497.739551879004,136.607563314861
84,"206_fs1-00007.jpg",497.253266541377,136.649326959144
85,"206_fs1-00007.jpg",496.764439895614,136.696555869274
86,"206_fs1-00007.jpg",496.273554945267,136.749391658638
87,"206_fs1-00007.jpg",495.781094693889,136.807975940619
88,"206_fs1-00007.jpg",495.287542145031,136.872450328604
89,"206_fs1-00007.jpg",494.793380302246,136.942956435977
90,"206_fs1-00007.jpg",494.299092169087,137.019635876123
91,"206_fs1-00007.jpg",493.805160749106,137.102630262428
92,"206_fs1-00007.jpg",493.312069045854,137.192081208277
93,"206_fs1-00007.jpg",492.820300062886,137.288130327055
94,"206_fs1-00007.jpg",492.330336803751,137.390919232147
95,"206_fs1-00007.jpg",491.842662272004,137.500589536939
96,"206_fs1-00007.jpg",491.357759471197,137.617282854815
97,"206_fs1-00007.jpg",490.876111404881,137.74114079916
98,"206_fs1-00007.jpg",490.398201076609,137.87230498336
99,"206_fs1-00007.jpg",489.924511489934,138.0109170208
100,"206_fs1-00007.jpg",489.455525648407,138.157118524865
101,"206_fs1-00007.jpg",488.991726555582,138.31105110894
102,"206_fs1-00007.jpg",488.53359721501,138.472856386411
103,"206_fs1-00007.jpg",488.081620630243,138.642675970662
104,"206_fs1-00007.jpg",487.636279804835,138.820651475078
105,"206_fs1-00007.jpg",487.198057742337,139.006924513046
106,"206_fs1-00007.jpg",486.767437446301,139.201636697949
107,"206_fs1-00007.jpg",486.344901920281,139.404929643174
108,"206_fs1-00007.jpg",485.930934167828,139.616944962105
109,"206_fs1-00007.jpg",485.526017192495,139.837824268127
110,"206_fs1-00007.jpg",485.130633997834,140.067709174626
111,"206_fs1-00007.jpg",484.745267587397,140.306741294986
112,"206_fs1-00007.jpg",484.370400964737,140.555062242594
113,"206_fs1-00007.jpg",484.006517133405,140.812813630833
114,"206_fs1-00007.jpg",483.652858920039,141.080134528788
115,"206_fs1-00007.jpg",483.294774722135,141.357020284592
116,"206_fs1-00007.jpg",482.928937725565,141.643248471255
117,"206_fs1-00007.jpg",482.556680155447,141.938578500024
118,"206_fs1-00007.jpg",482.179334236899,142.242769782143
119,"206_fs1-00007.jpg",481.798232195038,142.555581728858
120,"206_fs1-00007.jpg",481.414706254982,142.876773751416
121,"206_fs1-00007.jpg",481.03008864185,143.206105261062
122,"206_fs1-00007.jpg",480.645711580757,143.543335669042
123,"206_fs1-00007.jpg",480.262907296823,143.888224386601
124,"206_fs1-00007.jpg",479.883008015164,144.240530824985
125,"206_fs1-00007.jpg",479.5073459609,144.600014395441
126,"206_fs1-00007.jpg",479.137253359146,144.966434509213
127,"206_fs1-00007.jpg",478.774062435021,145.339550577548
128,"206_fs1-00007.jpg",478.419105413642,145.719122011691
129,"206_fs1-00007.jpg",478.073714520128,146.104908222888
130,"206_fs1-00007.jpg",477.739221979596,146.496668622385
131,"206_fs1-00007.jpg",477.416960017163,146.894162621428
132,"206_fs1-00007.jpg",477.108260857948,147.297149631262
133,"206_fs1-00007.jpg",476.814456727067,147.705389063133
134,"206_fs1-00007.jpg",476.536879849639,148.118640328287
135,"206_fs1-00007.jpg",476.276862450782,148.536662837969
136,"206_fs1-00007.jpg",476.035736755612,148.959216003426
137,"206_fs1-00007.jpg",475.814834989248,149.386059235903
138,"206_fs1-00007.jpg",475.615489376807,149.816951946645
139,"206_fs1-00007.jpg",475.439032143408,150.2516535469
140,"206_fs1-00007.jpg",475.286795514167,150.689923447912
141,"206_fs1-00007.jpg",475.160111714202,151.131521060927
142,"206_fs1-00007.jpg",475.060312968632,151.576205797191
143,"206_fs1-00007.jpg",474.988731502573,152.023737067949
144,"206_fs1-00007.jpg",474.946699541143,152.473874284448
145,"206_fs1-00007.jpg",474.931935642002,152.926379834511
146,"206_fs1-00007.jpg",474.921689086046,153.381091769697
147,"206_fs1-00007.jpg",474.911749888068,153.83792803712
148,"206_fs1-00007.jpg",474.902118158442,154.296810407615
149,"206_fs1-00007.jpg",474.892794007543,154.75766065202
150,"206_fs1-00007.jpg",474.883777545744,155.220400541173
151,"206_fs1-00007.jpg",474.87506888342,155.684951845911
152,"206_fs1-00007.jpg",474.866668130945,156.151236337071
153,"206_fs1-00007.jpg",474.858575398693,156.61917578549
154,"206_fs1-00007.jpg",474.850790797037,157.088691962006
155,"206_fs1-00007.jpg",474.843314436352,157.559706637457
156,"206_fs1-00007.jpg",474.836146427011,158.032141582678
157,"206_fs1-00007.jpg",474.829286879389,158.505918568509
158,"206_fs1-00007.jpg",474.822735903861,158.980959365786
159,"206_fs1-00007.jpg",474.816493610798,159.457185745347
160,"206_fs1-00007.jpg",474.810560110577,159.934519478028
161,"206_fs1-00007.jpg",474.804935513571,160.412882334668
162,"206_fs1-00007.jpg",474.799619930153,160.892196086103
163,"206_fs1-00007.jpg",474.794613470699,161.372382503172
164,"206_fs1-00007.jpg",474.789916245581,161.85336335671
165,"206_fs1-00007.jpg",474.785528365174,162.335060417556
166,"206_fs1-00007.jpg",474.781449939852,162.817395456547
167,"206_fs1-00007.jpg",474.777681079989,163.30029024452
168,"206_fs1-00007.jpg",474.77422189596,163.783666552313
169,"206_fs1-00007.jpg",474.771072498137,164.267446150762
170,"206_fs1-00007.jpg",474.768232996895,164.751550810706
171,"206_fs1-00007.jpg",474.765703502609,165.235902302982
172,"206_fs1-00007.jpg",474.763484125651,165.720422398426
173,"206_fs1-00007.jpg",474.761574976397,166.205032867877
174,"206_fs1-00007.jpg",474.75997616522,166.689655482172
175,"206_fs1-00007.jpg",474.758687802493,167.174212012147
176,"206_fs1-00007.jpg",474.757709998593,167.658624228641
177,"206_fs1-00007.jpg",474.757042863891,168.14281390249
178,"206_fs1-00007.jpg",474.756686508763,168.626702804532
179,"206_fs1-00007.jpg",474.757086484503,169.110212705605
180,"206_fs1-00007.jpg",474.763312229676,169.593265376545
181,"206_fs1-00007.jpg",474.776493403486,170.075782588191
182,"206_fs1-00007.jpg",474.796246659592,170.557686111378
183,"206_fs1-00007.jpg",474.82218865165,171.038897716945
184,"206_fs1-00007.jpg",474.853936033318,171.51933917573
185,"206_fs1-00007.jpg",474.891105458254,171.998932258568
186,"206_fs1-00007.jpg",474.933313580116,172.477598736298
187,"206_fs1-00007.jpg",474.980177052561,172.955260379758
188,"206_fs1-00007.jpg",475.031312529248,173.431838959783
189,"206_fs1-00007.jpg",475.086336663833,173.907256247213
190,"206_fs1-00007.jpg",475.144866109975,174.381434012883
191,"206_fs1-00007.jpg",475.206517521331,174.854294027632
192,"206_fs1-00007.jpg",475.270907551559,175.325758062296
193,"206_fs1-00007.jpg",475.337652854316,175.795747887714
194,"206_fs1-00007.jpg",475.406370083261,176.264185274722
195,"206_fs1-00007.jpg",475.476675892051,176.730991994157
196,"206_fs1-00007.jpg",475.548186934343,177.196089816858
197,"206_fs1-00007.jpg",475.620519863796,177.659400513661
198,"206_fs1-00007.jpg",475.693291334067,178.120845855404
199,"206_fs1-00007.jpg",475.766117998814,178.580347612924
200,"206_fs1-00007.jpg",475.838616511694,179.037827557058
1,"206_fs1-00008.jpg",550.25,144.25
2,"206_fs1-00008.jpg",549.784799704007,144.10618693811
3,"206_fs1-00008.jpg",549.319370030435,143.963448952805
4,"206_fs1-00008.jpg",548.853710012024,143.821791089849
5,"206_fs1-00008.jpg",548.387818681517,143.68121839501
6,"206_fs1-00008.jpg",547.921695071656,143.541735914051
7,"206_fs1-00008.jpg",547.455338215184,143.403348692739
8,"206_fs1-00008.jpg",546.988747144841,143.26606177684
9,"206_fs1-00008.jpg",546.521920893371,143.129880212119
10,"206_fs1-00008.jpg",546.054858493516,142.994809044341
11,"206_fs1-00008.jpg",545.587558978016,142.860853319274
12,"206_fs1-00008.jpg",545.120021379616,142.728018082681
13,"206_fs1-00008.jpg",544.652244731056,142.596308380329
14,"206_fs1-00008.jpg",544.184228065079,142.465729257983
15,"206_fs1-00008.jpg",543.715970414427,142.336285761409
16,"206_fs1-00008.jpg",543.247470811841,142.207982936372
17,"206_fs1-00008.jpg",542.778728290065,142.080825828639
18,"206_fs1-00008.jpg",542.30974188184,141.954819483975
19,"206_fs1-00008.jpg",541.840510619909,141.829968948145
20,"206_fs1-00008.jpg",541.371033537013,141.706279266916
21,"206_fs1-00008.jpg",540.901309665894,141.583755486052
22,"206_fs1-00008.jpg",540.431338039295,141.462402651319
23,"206_fs1-00008.jpg",539.961117689957,141.342225808484
24,"206_fs1-00008.jpg",539.490647650624,141.223230003311
25,"206_fs1-00008.jpg",539.019926954036,141.105420281567
26,"206_fs1-00008.jpg",538.548954632936,140.988801689016
27,"206_fs1-00008.jpg",538.077729720067,140.873379271425
28,"206_fs1-00008.jpg",537.606251248169,140.759158074559
29,"206_fs1-00008.jpg",537.134518249986,140.646143144184
30,"206_fs1-00008.jpg",536.662529758259,140.534339526066
31,"206_fs1-00008.jpg",536.190284805731,140.42375226597
32,"206_fs1-00008.jpg",535.717782425143,140.314386409661
33,"206_fs1-00008.jpg",535.245021649238,140.206247002906
34,"206_fs1-00008.jpg",534.772001510757,140.09933909147
35,"206_fs1-00008.jpg",534.298721042444,139.993667721118
36,"206_fs1-00008.jpg",533.82517927704,139.889237937617
37,"206_fs1-00008.jpg",533.351375247286,139.786054786732
38,"206_fs1-00008.jpg",532.877307985926,139.684123314228
39,"206_fs1-00008.jpg",532.402976525701,139.583448565872
40,"206_fs1-00008.jpg",531.928379899353,139.484035587428
41,"206_fs1-00008.jpg",531.453517139625,139.385889424663
42,"206_fs1-00008.jpg",530.978387279258,139.289015123342
43,"206_fs1-00008.jpg",530.502989350995,139.19341772923
44,"206_fs1-00008.jpg",530.027322387578,139.099102288094
45,"206_fs1-00008.jpg",529.551327984134,139.006073845699
46,"206_fs1-00008.jpg",529.07489443062,138.914337447811
47,"206_fs1-00008.jpg",528.598030802453,138.823898140195
48,"206_fs1-00008.jpg",528.120749819418,138.734760968617
49,"206_fs1-00008.jpg",527.6430642013,138.646930978842
50,"206_fs1-00008.jpg",527.164986667885,138.560413216637
51,"206_fs1-00008.jpg",526.686529938959,138.475212727766
52,"206_fs1-00008.jpg",526.207706734305,138.391334557996
53,"206_fs1-00008.jpg",525.728529773711,138.308783753092
54,"206_fs1-00008.jpg",525.249011776962,138.22756535882
55,"206_fs1-00008.jpg",524.769165463842,138.147684420945
56,"206_fs1-00008.jpg",524.289003554137,138.069145985233
57,"206_fs1-00008.jpg",523.808538767632,137.991955097449
58,"206_fs1-00008.jpg",523.327783824114,137.91611680336
59,"206_fs1-00008.jpg",522.846751443366,137.841636148731
60,"206_fs1-00008.jpg",522.365454345175,137.768518179327
61,"206_fs1-00008.jpg",521.883905249326,137.696767940915
62,"206_fs1-00008.jpg",521.402116875605,137.626390479259
63,"206_fs1-00008.jpg",520.920101943796,137.557390840126
64,"206_fs1-00008.jpg",520.437873173686,137.489774069281
65,"206_fs1-00008.jpg",519.955443285059,137.42354521249
66,"206_fs1-00008.jpg",519.4728249977,137.358709315518
67,"206_fs1-00008.jpg",518.990031031396,137.295271424131
68,"206_fs1-00008.jpg",518.507074105932,137.233236584094
69,"206_fs1-00008.jpg",518.023966941093,137.172609841174
70,"206_fs1-00008.jpg",517.540722256664,137.113396241136
71,"206_fs1-00008.jpg",517.057352772431,137.055600829745
72,"206_fs1-00008.jpg",516.573871208178,136.999228652767
73,"206_fs1-00008.jpg",516.090290283693,136.944284755968
74,"206_fs1-00008.jpg",515.606622718759,136.890774185114
75,"206_fs1-00008.jpg",515.122881233163,136.83870198597
76,"206_fs1-00008.jpg",514.639078546689,136.788073204301
77,"206_fs1-00008.jpg",514.155227379124,136.738892885874
78,"206_fs1-00008.jpg",513.671340450252,136.691166076453
79,"206_fs1-00008.jpg",513.187430479858,136.644897821806
80,"206_fs1-00008.jpg",512.703510187729,136.600093167696
81,"206_fs1-00008.jpg",512.219592293649,136.556757159891
82,"206_fs1-00008.jpg",511.735689517405,136.514894844154
83,"206_fs1-00008.jpg",511.25181457878,136.474511266253
84,"206_fs1-00008.jpg",510.767980197561,136.435611471953
85,"206_fs1-00008.jpg",510.284199093534,136.39820050702
86,"206_fs1-00008.jpg",509.800483986483,136.362283417218
87,"206_fs1-00008.jpg",509.316847596193,136.327865248314
88,"206_fs1-00008.jpg",508.833302642451,136.294951046073
89,"206_fs1-00008.jpg",508.349861845041,136.263545856262
90,"206_fs1-00008.jpg",507.86653792375,136.233654724644
91,"206_fs1-00008.jpg",507.383343598362,136.205282696988
92,"206_fs1-00008.jpg",506.900291588662,136.178434819057
93,"206_fs1-00008.jpg",506.417394614437,136.153116136617
94,"206_fs1-00008.jpg",505.93466539547,136.129331695435
95,"206_fs1-00008.jpg",505.452116651549,136.107086541275
96,"206_fs1-00008.jpg",504.969761102458,136.086385719904
97,"206_fs1-00008.jpg",504.487377131538,136.067236279207
98,"206_fs1-00008.jpg",504.002986227032,136.049718059871
99,"206_fs1-00008.jpg",503.516300318904,136.034002646629
100,"206_fs1-00008.jpg",503.027521546136,136.020267480306
101,"206_fs1-00008.jpg",502.536852047706,136.008690001727
102,"206_fs1-00008.jpg",502.044493962596,135.999447651718
103,"206_fs1-00008.jpg",501.550649429785,135.992717871105
104,"206_fs1-00008.jpg",501.055520588254,135.988678100712
105,"206_fs1-00008.jpg",500.559309576982,135.987505781366
106,"206_fs1-00008.jpg",500.06221853495,135.989378353892
107,"206_fs1-00008.jpg",499.564449601139,135.994473259116
108,"206_fs1-00008.jpg",499.066204914527,136.002967937863
109,"206_fs1-00008.jpg",498.567686614097,136.015039830959
110,"206_fs1-00008.jpg",498.069096838826,136.03086637923
111,"206_fs1-00008.jpg",497.570637727697,136.0506250235
112,"206_fs1-00008.jpg",497.072511419688,136.074493204595
113,"206_fs1-00008.jpg",496.57492005378,136.102648363342
114,"206_fs1-00008.jpg",496.078065768954,136.135267940566
115,"206_fs1-00008.jpg",495.582150704189,136.172529377091
116,"206_fs1-00008.jpg",495.087376998466,136.214610113744
117,"206_fs1-00008.jpg",494.593946790764,136.261687591351
118,"206_fs1-00008.jpg",494.102062220064,136.313939250737
119,"206_fs1-00008.jpg",493.611925425347,136.371542532726
120,"206_fs1-00008.jpg",493.123738545591,136.434674878146
121,"206_fs1-00008.jpg",492.637703719779,136.503513727822
122,"206_fs1-00008.jpg",492.154023086888,136.578236522578
123,"206_fs1-00008.jpg",491.672898785901,136.659020703242
124,"206_fs1-00008.jpg",491.194532955796,136.746043710637
125,"206_fs1-00008.jpg",490.719127735554,136.83948298559
126,"206_fs1-00008.jpg",490.246885264156,136.939515968927
127,"206_fs1-00008.jpg",489.778007680581,137.046320101473
128,"206_fs1-00008.jpg",489.31269712381,137.160072824053
129,"206_fs1-00008.jpg",488.851155732822,137.280951577493
130,"206_fs1-00008.jpg",488.393585646598,137.409133802619
131,"206_fs1-00008.jpg",487.940189004119,137.544796940256
132,"206_fs1-00008.jpg",487.491167944363,137.688118431229
133,"206_fs1-00008.jpg",487.046724606312,137.839275716365
134,"206_fs1-00008.jpg",486.607061128946,137.998446236489
135,"206_fs1-00008.jpg",486.172009936865,138.165806689796
136,"206_fs1-00008.jpg",485.735166193715,138.341463699636
137,"206_fs1-00008.jpg",485.294745631548,138.525397315825
138,"206_fs1-00008.jpg",484.851546239116,138.717574292031
139,"206_fs1-00008.jpg",484.406366005174,138.91796138192
140,"206_fs1-00008.jpg",483.960002918474,139.126525339162
141,"206_fs1-00008.jpg",483.513254967769,139.343232917424
142,"206_fs1-00008.jpg",483.066920141812,139.568050870373
143,"206_fs1-00008.jpg",482.621796429357,139.800945951678
144,"206_fs1-00008.jpg",482.178681819155,140.041884915005
145,"206_fs1-00008.jpg",481.738374299961,140.290834514024
146,"206_fs1-00008.jpg",481.301671860528,140.547761502401
147,"206_fs1-00008.jpg",480.869372489608,140.812632633805
148,"206_fs1-00008.jpg",480.442274175955,141.085414661902
149,"206_fs1-00008.jpg",480.021174908321,141.366074340362
150,"206_fs1-00008.jpg",479.60687267546,141.654578422851
151,"206_fs1-00008.jpg",479.200165466124,141.950893663038
152,"206_fs1-00008.jpg",478.801851269068,142.25498681459
153,"206_fs1-00008.jpg",478.412728073043,142.566824631174
154,"206_fs1-00008.jpg",478.033593866803,142.88637386646
155,"206_fs1-00008.jpg",477.665246639101,143.213601274113
156,"206_fs1-00008.jpg",477.30848437869,143.548473607803
157,"206_fs1-00008.jpg",476.964105074324,143.890957621197
158,"206_fs1-00008.jpg",476.632906714754,144.241020067963
159,"206_fs1-00008.jpg",476.315687288735,144.598627701768
160,"206_fs1-00008.jpg",476.013244785019,144.96374727628
161,"206_fs1-00008.jpg",475.726377192359,145.336345545168
162,"206_fs1-00008.jpg",475.455835839286,145.71638925307
163,"206_fs1-00008.jpg",475.189020697265,146.103799545306
164,"206_fs1-00008.jpg",474.916937207413,146.498345958956
165,"206_fs1-00008.jpg",474.641478752101,146.899766562816
166,"206_fs1-00008.jpg",474.364538713697,147.30779942568
167,"206_fs1-00008.jpg",474.08801047457,147.722182616346
168,"206_fs1-00008.jpg",473.813787417089,148.142654203608
169,"206_fs1-00008.jpg",473.543762923622,148.568952256263
170,"206_fs1-00008.jpg",473.27983037654,149.000814843105
171,"206_fs1-00008.jpg",473.02388315821,149.437980032931
172,"206_fs1-00008.jpg",472.777814651001,149.880185894535
173,"206_fs1-00008.jpg",472.543518237284,150.327170496714
174,"206_fs1-00008.jpg",472.322887299425,150.778671908264
175,"206_fs1-00008.jpg",472.117815219796,151.234428197979
176,"206_fs1-00008.jpg",471.930195380763,151.694177434656
177,"206_fs1-00008.jpg",471.761921164697,152.157657687089
178,"206_fs1-00008.jpg",471.614885953967,152.624607024076
179,"206_fs1-00008.jpg",471.49098313094,153.094763514411
180,"206_fs1-00008.jpg",471.392106077987,153.56786522689
181,"206_fs1-00008.jpg",471.320148177476,154.043650230308
182,"206_fs1-00008.jpg",471.277002811776,154.521856593461
183,"206_fs1-00008.jpg",471.264370338604,155.002222385146
184,"206_fs1-00008.jpg",471.264468490399,155.484485674156
185,"206_fs1-00008.jpg",471.265045865391,155.968384529289
186,"206_fs1-00008.jpg",471.266534554679,156.45365701934
187,"206_fs1-00008.jpg",471.269366649362,156.940041213103
188,"206_fs1-00008.jpg",471.273974240538,157.427275179376
189,"206_fs1-00008.jpg",471.280789419308,157.915096986953
190,"206_fs1-00008.jpg",471.290244276769,158.40324470463
191,"206_fs1-00008.jpg",471.30277090402,158.891456401203
192,"206_fs1-00008.jpg",471.318801392162,159.379470145467
193,"206_fs1-00008.jpg",471.338767832291,159.867024006219
194,"206_fs1-00008.jpg",471.363102315509,160.353856052253
195,"206_fs1-00008.jpg",471.392236932912,160.839704352365
196,"206_fs1-00008.jpg",471.426603775601,161.324306975351
197,"206_fs1-00008.jpg",471.466634934674,161.807401990006
198,"206_fs1-00008.jpg",471.512762501231,162.288727465127
199,"206_fs1-00008.jpg",471.565418566369,162.768021469508
200,"206_fs1-00008.jpg",471.625035221189,163.245022071945
1,"206_fs1-00009.jpg",559.5,145
2,"206_fs1-00009.jpg",559.014483503585,144.831874422888
3,"206_fs1-00009.jpg",558.528776074687,144.665631971321
4,"206_fs1-00009.jpg",558.042869776637,144.501258221375
5,"206_fs1-00009.jpg",557.556756672765,144.338738749125
6,"206_fs1-00009.jpg",557.070428826402,144.178059130648
7,"206_fs1-00009.jpg",556.583878300878,144.019204942018
8,"206_fs1-00009.jpg",556.097097159524,143.862161759313
9,"206_fs1-00009.jpg",555.610077465669,143.706915158607
10,"206_fs1-00009.jpg",555.122811282646,143.553450715977
11,"206_fs1-00009.jpg",554.635290673783,143.401754007499
12,"206_fs1-00009.jpg",554.147507702412,143.251810609248
13,"206_fs1-00009.jpg",553.659454431864,143.1036060973
14,"206_fs1-00009.jpg",553.171122925467,142.957126047731
15,"206_fs1-00009.jpg",552.682505246554,142.812356036617
16,"206_fs1-00009.jpg",552.193593458453,142.669281640034
17,"206_fs1-00009.jpg",551.704379624497,142.527888434057
18,"206_fs1-00009.jpg",551.214855808016,142.388161994763
19,"206_fs1-00009.jpg",550.725014072339,142.250087898226
20,"206_fs1-00009.jpg",550.234846480797,142.113651720524
21,"206_fs1-00009.jpg",549.744345096722,141.978839037732
22,"206_fs1-00009.jpg",549.253501983442,141.845635425926
23,"206_fs1-00009.jpg",548.762309204289,141.714026461181
24,"206_fs1-00009.jpg",548.270758822594,141.583997719573
25,"206_fs1-00009.jpg",547.778842901686,141.455534777179
26,"206_fs1-00009.jpg",547.286553504897,141.328623210074
27,"206_fs1-00009.jpg",546.793882695556,141.203248594334
28,"206_fs1-00009.jpg",546.300822536994,141.079396506034
29,"206_fs1-00009.jpg",545.807365092542,140.957052521251
30,"206_fs1-00009.jpg",545.31350242553,140.836202216061
31,"206_fs1-00009.jpg",544.819226599289,140.716831166539
32,"206_fs1-00009.jpg",544.324529677148,140.598924948761
33,"206_fs1-00009.jpg",543.829403722439,140.482469138803
34,"206_fs1-00009.jpg",543.333840798492,140.367449312741
35,"206_fs1-00009.jpg",542.837843225314,140.25385104665
36,"206_fs1-00009.jpg",542.341468126483,140.141659916607
37,"206_fs1-00009.jpg",541.844730861593,140.030861498688
38,"206_fs1-00009.jpg",541.347637725957,139.921441368967
39,"206_fs1-00009.jpg",540.85019501489,139.813385103522
40,"206_fs1-00009.jpg",540.352409023705,139.706678278427
41,"206_fs1-00009.jpg",539.854286047716,139.601306469759
42,"206_fs1-00009.jpg",539.355832382237,139.497255253594
43,"206_fs1-00009.jpg",538.857054322582,139.394510206007
44,"206_fs1-00009.jpg",538.357958164064,139.293056903074
45,"206_fs1-00009.jpg",537.858550201997,139.192880920871
46,"206_fs1-00009.jpg",537.358836731696,139.093967835474
47,"206_fs1-00009.jpg",536.858824048474,138.996303222959
48,"206_fs1-00009.jpg",536.358518447644,138.899872659401
49,"206_fs1-00009.jpg",535.857926224521,138.804661720877
50,"206_fs1-00009.jpg",535.357053674419,138.710655983462
51,"206_fs1-00009.jpg",534.85590709265,138.617841023232
52,"206_fs1-00009.jpg",534.35449277453,138.526202416263
53,"206_fs1-00009.jpg",533.852817015372,138.435725738631
54,"206_fs1-00009.jpg",533.350886110489,138.346396566412
55,"206_fs1-00009.jpg",532.848706355196,138.25820047568
56,"206_fs1-00009.jpg",532.346284044806,138.171123042514
57,"206_fs1-00009.jpg",531.843625474633,138.085149842987
58,"206_fs1-00009.jpg",531.340736939992,138.000266453176
59,"206_fs1-00009.jpg",530.837624736195,137.916458449157
60,"206_fs1-00009.jpg",530.334295158557,137.833711407006
61,"206_fs1-00009.jpg",529.830754502391,137.752010902798
62,"206_fs1-00009.jpg",529.327009063011,137.671342512609
63,"206_fs1-00009.jpg",528.823065135732,137.591691812516
64,"206_fs1-00009.jpg",528.318929015866,137.513044378594
65,"206_fs1-00009.jpg",527.814606998728,137.435385786918
66,"206_fs1-00009.jpg",527.310105379632,137.358701613565
67,"206_fs1-00009.jpg",526.805430453891,137.282977434611
68,"206_fs1-00009.jpg",526.300588516819,137.208198826131
69,"206_fs1-00009.jpg",525.79558586373,137.134351364201
70,"206_fs1-00009.jpg",525.290428789938,137.061420624898
71,"206_fs1-00009.jpg",524.785123590757,136.989392184296
72,"206_fs1-00009.jpg",524.2796765615,136.918251618472
73,"206_fs1-00009.jpg",523.774093997481,136.847984503501
74,"206_fs1-00009.jpg",523.268382194015,136.77857641546
75,"206_fs1-00009.jpg",522.762547446414,136.710012930424
76,"206_fs1-00009.jpg",522.256596049993,136.642279624469
77,"206_fs1-00009.jpg",521.750534300066,136.575362073671
78,"206_fs1-00009.jpg",521.244368491946,136.509245854106
79,"206_fs1-00009.jpg",520.738104920947,136.443916541849
80,"206_fs1-00009.jpg",520.231749882383,136.379359712977
81,"206_fs1-00009.jpg",519.725309671568,136.315560943565
82,"206_fs1-00009.jpg",519.218790583815,136.252505809689
83,"206_fs1-00009.jpg",518.71219891444,136.190179887426
84,"206_fs1-00009.jpg",518.205540958754,136.12856875285
85,"206_fs1-00009.jpg",517.698823012072,136.067657982037
86,"206_fs1-00009.jpg",517.192051369709,136.007433151064
87,"206_fs1-00009.jpg",516.685232326977,135.947879836007
88,"206_fs1-00009.jpg",516.178372179191,135.88898361294
89,"206_fs1-00009.jpg",515.671477221664,135.830730057941
90,"206_fs1-00009.jpg",515.16455374971,135.773104747084
91,"206_fs1-00009.jpg",514.657608058643,135.716093256446
92,"206_fs1-00009.jpg",514.150646443777,135.659681162103
93,"206_fs1-00009.jpg",513.643675200426,135.603854040129
94,"206_fs1-00009.jpg",513.136700623903,135.548597466602
95,"206_fs1-00009.jpg",512.629729009523,135.493897017598
96,"206_fs1-00009.jpg",512.122766652598,135.439738269191
97,"206_fs1-00009.jpg",511.615819848444,135.386106797457
98,"206_fs1-00009.jpg",511.108894892373,135.332988178473
99,"206_fs1-00009.jpg",510.6019980797,135.280367988315
100,"206_fs1-00009.jpg",510.095135705738,135.228231803058
101,"206_fs1-00009.jpg",509.588314065802,135.176565198778
102,"206_fs1-00009.jpg",509.081539455204,135.125353751551
103,"206_fs1-00009.jpg",508.574804835232,135.074583095793
104,"206_fs1-00009.jpg",508.067295895071,135.024269575073
105,"206_fs1-00009.jpg",507.558576474705,134.974510556757
106,"206_fs1-00009.jpg",507.048713100792,134.925416615211
107,"206_fs1-00009.jpg",506.537772299991,134.877098324804
108,"206_fs1-00009.jpg",506.02582059896,134.829666259902
109,"206_fs1-00009.jpg",505.512924524356,134.783230994872
110,"206_fs1-00009.jpg",504.999150602837,134.737903104082
111,"206_fs1-00009.jpg",504.484565361062,134.693793161898
112,"206_fs1-00009.jpg",503.969235325688,134.651011742689
113,"206_fs1-00009.jpg",503.453227023374,134.609669420822
114,"206_fs1-00009.jpg",502.936606980778,134.569876770663
115,"206_fs1-00009.jpg",502.419441724557,134.53174436658
116,"206_fs1-00009.jpg",501.90179778137,134.495382782941
117,"206_fs1-00009.jpg",501.383741677874,134.460902594112
118,"206_fs1-00009.jpg",500.865339940727,134.42841437446
119,"206_fs1-00009.jpg",500.346659096588,134.398028698354
120,"206_fs1-00009.jpg",499.827765672115,134.36985614016
121,"206_fs1-00009.jpg",499.308726193965,134.344007274245
122,"206_fs1-00009.jpg",498.789607188797,134.320592674977
123,"206_fs1-00009.jpg",498.270475183268,134.299722916723
124,"206_fs1-00009.jpg",497.751396704037,134.281508573851
125,"206_fs1-00009.jpg",497.232438277761,134.266060220726
126,"206_fs1-00009.jpg",496.713666431099,134.253488431718
127,"206_fs1-00009.jpg",496.195147690709,134.243903781193
128,"206_fs1-00009.jpg",495.676948583248,134.237416843518
129,"206_fs1-00009.jpg",495.159135635374,134.23413819306
130,"206_fs1-00009.jpg",494.641775373746,134.234178404187
131,"206_fs1-00009.jpg",494.124934325022,134.237648051266
132,"206_fs1-00009.jpg",493.608679015859,134.244657708665
133,"206_fs1-00009.jpg",493.093075972915,134.25531795075
134,"206_fs1-00009.jpg",492.57819172285,134.269739351889
135,"206_fs1-00009.jpg",492.064092792319,134.288032486449
136,"206_fs1-00009.jpg",491.550845707983,134.310307928797
137,"206_fs1-00009.jpg",491.038516996497,134.3366762533
138,"206_fs1-00009.jpg",490.527173184522,134.367248034327
139,"206_fs1-00009.jpg",490.016880798714,134.402133846243
140,"206_fs1-00009.jpg",489.507706365731,134.441444263417
141,"206_fs1-00009.jpg",488.999716412232,134.485289860216
142,"206_fs1-00009.jpg",488.492977464875,134.533781211006
143,"206_fs1-00009.jpg",487.987556050317,134.587028890155
144,"206_fs1-00009.jpg",487.483518695217,134.645143472031
145,"206_fs1-00009.jpg",486.980931926232,134.708235531
146,"206_fs1-00009.jpg",486.479862270021,134.77641564143
147,"206_fs1-00009.jpg",485.980376253241,134.849794377688
148,"206_fs1-00009.jpg",485.482540402551,134.928482314141
149,"206_fs1-00009.jpg",484.986421244609,135.012590025157
150,"206_fs1-00009.jpg",484.492085306072,135.102228085103
151,"206_fs1-00009.jpg",483.999599113599,135.197507068346
152,"206_fs1-00009.jpg",483.509029193847,135.298537549253
153,"206_fs1-00009.jpg",483.020442073475,135.405430102192
154,"206_fs1-00009.jpg",482.53390427914,135.51829530153
155,"206_fs1-00009.jpg",482.049482337501,135.637243721634
156,"206_fs1-00009.jpg",481.567242775216,135.762385936871
157,"206_fs1-00009.jpg",481.084348960691,135.893837663759
158,"206_fs1-00009.jpg",480.592771744331,136.031770491188
159,"206_fs1-00009.jpg",480.093517717762,136.176390283101
160,"206_fs1-00009.jpg",479.58823064269,136.327903400121
161,"206_fs1-00009.jpg",479.07855428082,136.486516202874
162,"206_fs1-00009.jpg",478.566132393858,136.652435051985
163,"206_fs1-00009.jpg",478.052608743511,136.825866308078
164,"206_fs1-00009.jpg",477.539627091484,137.007016331778
165,"206_fs1-00009.jpg",477.028831199483,137.196091483709
166,"206_fs1-00009.jpg",476.521864829213,137.393298124496
167,"206_fs1-00009.jpg",476.020371742382,137.598842614764
168,"206_fs1-00009.jpg",475.525995700693,137.812931315137
169,"206_fs1-00009.jpg",475.040380465854,138.03577058624
170,"206_fs1-00009.jpg",474.565169799571,138.267566788698
171,"206_fs1-00009.jpg",474.102007463548,138.508526283136
172,"206_fs1-00009.jpg",473.652537219492,138.758855430178
173,"206_fs1-00009.jpg",473.21840282911,139.018760590448
174,"206_fs1-00009.jpg",472.801248054105,139.288448124572
175,"206_fs1-00009.jpg",472.402716656186,139.568124393174
176,"206_fs1-00009.jpg",472.024452397056,139.857995756878
177,"206_fs1-00009.jpg",471.668099038423,140.15826857631
178,"206_fs1-00009.jpg",471.335300341992,140.469149212094
179,"206_fs1-00009.jpg",471.02618076455,140.790844024855
180,"206_fs1-00009.jpg",470.725372707119,141.123559375217
181,"206_fs1-00009.jpg",470.428865093821,141.467501623806
182,"206_fs1-00009.jpg",470.137151006509,141.822877131245
183,"206_fs1-00009.jpg",469.850723527036,142.189892258159
184,"206_fs1-00009.jpg",469.570075737256,142.568753365174
185,"206_fs1-00009.jpg",469.295700719022,142.959666812913
186,"206_fs1-00009.jpg",469.028091554186,143.362838962002
187,"206_fs1-00009.jpg",468.767741324603,143.778476173065
188,"206_fs1-00009.jpg",468.515143112126,144.206784806726
189,"206_fs1-00009.jpg",468.270789998606,144.647971223611
190,"206_fs1-00009.jpg",468.035175065899,145.102241784344
191,"206_fs1-00009.jpg",467.808791395857,145.56980284955
192,"206_fs1-00009.jpg",467.592132070333,146.050860779853
193,"206_fs1-00009.jpg",467.38569017118,146.545621935878
194,"206_fs1-00009.jpg",467.189958780252,147.05429267825
195,"206_fs1-00009.jpg",467.005430979402,147.577079367593
196,"206_fs1-00009.jpg",466.832599850483,148.114188364533
197,"206_fs1-00009.jpg",466.671958475348,148.665826029693
198,"206_fs1-00009.jpg",466.52399993585,149.232198723698
199,"206_fs1-00009.jpg",466.389217313843,149.813512807174
200,"206_fs1-00009.jpg",466.26810369118,150.409974640744
1,"206_fs1-00010.jpg",571,145
2,"206_fs1-00010.jpg",570.487693947143,144.867821467243
3,"206_fs1-00010.jpg",569.975148405777,144.734585075568
4,"206_fs1-00010.jpg",569.462363806302,144.600346563082
5,"206_fs1-00010.jpg",568.94934057912,144.465161667893
6,"206_fs1-00010.jpg",568.436079154632,144.329086128107
7,"206_fs1-00010.jpg",567.922579963237,144.192175681832
8,"206_fs1-00010.jpg",567.408843435336,144.054486067173
9,"206_fs1-00010.jpg",566.894870001331,143.916073022239
10,"206_fs1-00010.jpg",566.380660091621,143.776992285136
11,"206_fs1-00010.jpg",565.866214136608,143.637299593971
12,"206_fs1-00010.jpg",565.351532566692,143.497050686851
13,"206_fs1-00010.jpg",564.836615812273,143.356301301883
14,"206_fs1-00010.jpg",564.321464303753,143.215107177173
15,"206_fs1-00010.jpg",563.806078471532,143.073524050829
16,"206_fs1-00010.jpg",563.29045874601,142.931607660958
17,"206_fs1-00010.jpg",562.774605557589,142.789413745667
18,"206_fs1-00010.jpg",562.258519336669,142.646998043062
19,"206_fs1-00010.jpg",561.74220051365,142.504416291251
20,"206_fs1-00010.jpg",561.225649518933,142.36172422834
21,"206_fs1-00010.jpg",560.708866782919,142.218977592436
22,"206_fs1-00010.jpg",560.191852736009,142.076232121647
23,"206_fs1-00010.jpg",559.674607808603,141.933543554079
24,"206_fs1-00010.jpg",559.157132431102,141.790967627839
25,"206_fs1-00010.jpg",558.639427033906,141.648560081034
26,"206_fs1-00010.jpg",558.121492047416,141.506376651772
27,"206_fs1-00010.jpg",557.603327902033,141.364473078158
28,"206_fs1-00010.jpg",557.084935028158,141.2229050983
29,"206_fs1-00010.jpg",556.56631385619,141.081728450305
30,"206_fs1-00010.jpg",556.047464816531,140.94099887228
31,"206_fs1-00010.jpg",555.528388339582,140.800772102332
32,"206_fs1-00010.jpg",555.009084855742,140.661103878567
33,"206_fs1-00010.jpg",554.489554795414,140.522049939093
34,"206_fs1-00010.jpg",553.969798588996,140.383666022017
35,"206_fs1-00010.jpg",553.44981666689,140.246007865445
36,"206_fs1-00010.jpg",552.929609459497,140.109131207484
37,"206_fs1-00010.jpg",552.409177397217,139.973091786242
38,"206_fs1-00010.jpg",551.888520910451,139.837945339825
39,"206_fs1-00010.jpg",551.3676404296,139.70374760634
40,"206_fs1-00010.jpg",550.846536003394,139.570554323895
41,"206_fs1-00010.jpg",550.325186114889,139.438421230595
42,"206_fs1-00010.jpg",549.803579216943,139.307404064549
43,"206_fs1-00010.jpg",549.281716810754,139.177558563862
44,"206_fs1-00010.jpg",548.759600397524,139.048940466643
45,"206_fs1-00010.jpg",548.237231478451,138.921605510997
46,"206_fs1-00010.jpg",547.714611554736,138.795609435032
47,"206_fs1-00010.jpg",547.191742127578,138.671007976855
48,"206_fs1-00010.jpg",546.668624698177,138.547856874573
49,"206_fs1-00010.jpg",546.145260767733,138.426211866292
50,"206_fs1-00010.jpg",545.621651837446,138.306128690119
51,"206_fs1-00010.jpg",545.097799408515,138.187663084162
52,"206_fs1-00010.jpg",544.57370498214,138.070870786528
53,"206_fs1-00010.jpg",544.049370059521,137.955807535323
54,"206_fs1-00010.jpg",543.524796141858,137.842529068654
55,"206_fs1-00010.jpg",542.99998473035,137.731091124628
56,"206_fs1-00010.jpg",542.474937326197,137.621549441353
57,"206_fs1-00010.jpg",541.9496554306,137.513959756934
58,"206_fs1-00010.jpg",541.424140544758,137.40837780948
59,"206_fs1-00010.jpg",540.89839416987,137.304859337096
60,"206_fs1-00010.jpg",540.372417807136,137.203460077891
61,"206_fs1-00010.jpg",539.846212957757,137.10423576997
62,"206_fs1-00010.jpg",539.319781122932,137.007242151441
63,"206_fs1-00010.jpg",538.79312380386,136.912534960411
64,"206_fs1-00010.jpg",538.266242501742,136.820169934986
65,"206_fs1-00010.jpg",537.739138717777,136.730202813274
66,"206_fs1-00010.jpg",537.211813953166,136.642689333382
67,"206_fs1-00010.jpg",536.684269709107,136.557685233416
68,"206_fs1-00010.jpg",536.156507486801,136.475246251483
69,"206_fs1-00010.jpg",535.628528787448,136.395428125691
70,"206_fs1-00010.jpg",535.100335112247,136.318286594146
71,"206_fs1-00010.jpg",534.571927962397,136.243877394955
72,"206_fs1-00010.jpg",534.0433088391,136.172256266225
73,"206_fs1-00010.jpg",533.514479243554,136.103478946064
74,"206_fs1-00010.jpg",532.98544067696,136.037601172577
75,"206_fs1-00010.jpg",532.456194640516,135.974678683872
76,"206_fs1-00010.jpg",531.926742635424,135.914767218057
77,"206_fs1-00010.jpg",531.397084478384,135.857922485248
78,"206_fs1-00010.jpg",530.867005090498,135.804156648032
79,"206_fs1-00010.jpg",530.336372152271,135.753350318258
80,"206_fs1-00010.jpg",529.8052118856,135.705359364364
81,"206_fs1-00010.jpg",529.273550512379,135.660039654787
82,"206_fs1-00010.jpg",528.741414254503,135.617247057965
83,"206_fs1-00010.jpg",528.208829333866,135.576837442334
84,"206_fs1-00010.jpg",527.675821972364,135.538666676334
85,"206_fs1-00010.jpg",527.142418391891,135.5025906284
86,"206_fs1-00010.jpg",526.608644814343,135.468465166972
87,"206_fs1-00010.jpg",526.074527461613,135.436146160485
88,"206_fs1-00010.jpg",525.540092555597,135.405489477378
89,"206_fs1-00010.jpg",525.00536631819,135.376350986089
90,"206_fs1-00010.jpg",524.470374971287,135.348586555054
91,"206_fs1-00010.jpg",523.935144736782,135.322052052711
92,"206_fs1-00010.jpg",523.399701836571,135.296603347498
93,"206_fs1-00010.jpg",522.864072492547,135.272096307852
94,"206_fs1-00010.jpg",522.328282926607,135.24838680221
95,"206_fs1-00010.jpg",521.792359360645,135.225330699011
96,"206_fs1-00010.jpg",521.256328016555,135.202783866692
97,"206_fs1-00010.jpg",520.720215116233,135.18060217369
98,"206_fs1-00010.jpg",520.184046881573,135.158641488442
99,"206_fs1-00010.jpg",519.647849534471,135.136757679387
100,"206_fs1-00010.jpg",519.111649296821,135.114806614961
101,"206_fs1-00010.jpg",518.575472390518,135.092644163603
102,"206_fs1-00010.jpg",518.039345037457,135.070126193749
103,"206_fs1-00010.jpg",517.503293459533,135.047108573837
104,"206_fs1-00010.jpg",516.96734387864,135.023447172305
105,"206_fs1-00010.jpg",516.431522516674,134.998997857591
106,"206_fs1-00010.jpg",515.895855595529,134.973616498131
107,"206_fs1-00010.jpg",515.360369337101,134.947158962363
108,"206_fs1-00010.jpg",514.825089963283,134.919481118725
109,"206_fs1-00010.jpg",514.290043695971,134.890438835654
110,"206_fs1-00010.jpg",513.75525675706,134.859887981588
111,"206_fs1-00010.jpg",513.220755368445,134.827684424964
112,"206_fs1-00010.jpg",512.68656575202,134.79368403422
113,"206_fs1-00010.jpg",512.15271412968,134.757742677793
114,"206_fs1-00010.jpg",511.619226723321,134.719716224121
115,"206_fs1-00010.jpg",511.086129754837,134.679460541641
116,"206_fs1-00010.jpg",510.553449446122,134.63683149879
117,"206_fs1-00010.jpg",510.021212019073,134.591684964007
118,"206_fs1-00010.jpg",509.489443695583,134.543876805729
119,"206_fs1-00010.jpg",508.958170697547,134.493262892393
120,"206_fs1-00010.jpg",508.427419246861,134.439699092436
121,"206_fs1-00010.jpg",507.897201310813,134.383048503231
122,"206_fs1-00010.jpg",507.367468997848,134.323262004931
123,"206_fs1-00010.jpg",506.838189097002,134.260348942992
124,"206_fs1-00010.jpg",506.309331236936,134.19431972297
125,"206_fs1-00010.jpg",505.780865046309,134.125184750422
126,"206_fs1-00010.jpg",505.252760153784,134.052954430902
127,"206_fs1-00010.jpg",504.724986188019,133.977639169968
128,"206_fs1-00010.jpg",504.197512777675,133.899249373176
129,"206_fs1-00010.jpg",503.670309551413,133.81779544608
130,"206_fs1-00010.jpg",503.143346137893,133.733287794238
131,"206_fs1-00010.jpg",502.616592165774,133.645736823205
132,"206_fs1-00010.jpg",502.090017263718,133.555152938537
133,"206_fs1-00010.jpg",501.563591060385,133.46154654579
134,"206_fs1-00010.jpg",501.037283184434,133.36492805052
135,"206_fs1-00010.jpg",500.511063264527,133.265307858283
136,"206_fs1-00010.jpg",499.984900929324,133.162696374636
137,"206_fs1-00010.jpg",499.458765807485,133.057104005134
138,"206_fs1-00010.jpg",498.93262752767,132.948541155332
139,"206_fs1-00010.jpg",498.40645571854,132.837018230788
140,"206_fs1-00010.jpg",497.880220008754,132.722545637057
141,"206_fs1-00010.jpg",497.353890026974,132.605133779695
142,"206_fs1-00010.jpg",496.82743540186,132.484793064258
143,"206_fs1-00010.jpg",496.300825762072,132.361533896302
144,"206_fs1-00010.jpg",495.773980660475,132.235367164709
145,"206_fs1-00010.jpg",495.244660340603,132.10646946902
146,"206_fs1-00010.jpg",494.712008202136,131.975424455809
147,"206_fs1-00010.jpg",494.17649020356,131.84287713944
148,"206_fs1-00010.jpg",493.638572303356,131.709472534274
149,"206_fs1-00010.jpg",493.09872046001,131.575855654674
150,"206_fs1-00010.jpg",492.557400632006,131.442671515004
151,"206_fs1-00010.jpg",492.015078777826,131.310565129626
152,"206_fs1-00010.jpg",491.472220855956,131.180181512903
153,"206_fs1-00010.jpg",490.929292824879,131.052165679198
154,"206_fs1-00010.jpg",490.386760643078,130.927162642873
155,"206_fs1-00010.jpg",489.845090269039,130.805817418291
156,"206_fs1-00010.jpg",489.304747661244,130.688775019815
157,"206_fs1-00010.jpg",488.766198778178,130.576680461809
158,"206_fs1-00010.jpg",488.229909578325,130.470178758634
159,"206_fs1-00010.jpg",487.696346020168,130.369914924654
160,"206_fs1-00010.jpg",487.165974062191,130.276533974231
161,"206_fs1-00010.jpg",486.639259662879,130.190680921728
162,"206_fs1-00010.jpg",486.116668780715,130.113000781508
163,"206_fs1-00010.jpg",485.598667374183,130.044138567933
164,"206_fs1-00010.jpg",485.085721401767,129.984739295368
165,"206_fs1-00010.jpg",484.578296821951,129.935447978173
166,"206_fs1-00010.jpg",484.076859593219,129.896909630713
167,"206_fs1-00010.jpg",483.581875674055,129.869769267349
168,"206_fs1-00010.jpg",483.093811022942,129.854671902446
169,"206_fs1-00010.jpg",482.613124630786,129.852262550364
170,"206_fs1-00010.jpg",482.137177763199,129.863186225468
171,"206_fs1-00010.jpg",481.663587879811,129.888087942121
172,"206_fs1-00010.jpg",481.19240336454,129.927612714684
173,"206_fs1-00010.jpg",480.723672601302,129.982405557521
174,"206_fs1-00010.jpg",480.257443974014,130.053111484994
175,"206_fs1-00010.jpg",479.793765866594,130.140375511467
176,"206_fs1-00010.jpg",479.332686662958,130.244842651302
177,"206_fs1-00010.jpg",478.874254747024,130.367157918861
178,"206_fs1-00010.jpg",478.418518502708,130.507966328509
179,"206_fs1-00010.jpg",477.965526313928,130.667912894607
180,"206_fs1-00010.jpg",477.515326564601,130.847642631518
181,"206_fs1-00010.jpg",477.067967638643,131.047800553606
182,"206_fs1-00010.jpg",476.623497919972,131.269031675232
183,"206_fs1-00010.jpg",476.181965792504,131.51198101076
184,"206_fs1-00010.jpg",475.743419640158,131.777293574553
185,"206_fs1-00010.jpg",475.307907846849,132.065614380973
186,"206_fs1-00010.jpg",474.875478796495,132.377588444383
187,"206_fs1-00010.jpg",474.446180873012,132.713860779146
188,"206_fs1-00010.jpg",474.020062460319,133.075076399625
189,"206_fs1-00010.jpg",473.597171942331,133.461880320182
190,"206_fs1-00010.jpg",473.177557702967,133.874917555181
191,"206_fs1-00010.jpg",472.761268126143,134.314833118983
192,"206_fs1-00010.jpg",472.348351595775,134.782272025953
193,"206_fs1-00010.jpg",471.938856495782,135.277879290452
194,"206_fs1-00010.jpg",471.532831210079,135.802299926844
195,"206_fs1-00010.jpg",471.130324122585,136.356178949492
196,"206_fs1-00010.jpg",470.731383617216,136.940161372757
197,"206_fs1-00010.jpg",470.336058077889,137.554892211003
198,"206_fs1-00010.jpg",469.944395888522,138.201016478594
199,"206_fs1-00010.jpg",469.55644543303,138.87917918989
200,"206_fs1-00010.jpg",469.172255095332,139.590025359256
1,"206_fs1-00011.jpg",579.75,147.75
2,"206_fs1-00011.jpg",579.243310887282,147.669524822021
3,"206_fs1-00011.jpg",578.736612960589,147.587191590172
4,"206_fs1-00011.jpg",578.229906165552,147.503050109082
5,"206_fs1-00011.jpg",577.723190447799,147.417150183381
6,"206_fs1-00011.jpg",577.21646575296,147.329541617701
7,"206_fs1-00011.jpg",576.709732026665,147.240274216669
8,"206_fs1-00011.jpg",576.202989214544,147.149397784918
9,"206_fs1-00011.jpg",575.696237262225,147.056962127076
10,"206_fs1-00011.jpg",575.189476115338,146.963017047774
11,"206_fs1-00011.jpg",574.682705719514,146.867612351643
12,"206_fs1-00011.jpg",574.17592602038,146.770797843311
13,"206_fs1-00011.jpg",573.669136963568,146.672623327409
14,"206_fs1-00011.jpg",573.162338494706,146.573138608568
15,"206_fs1-00011.jpg",572.655530559424,146.472393491417
16,"206_fs1-00011.jpg",572.148713103352,146.370437780587
17,"206_fs1-00011.jpg",571.641886072118,146.267321280707
18,"206_fs1-00011.jpg",571.135049411353,146.163093796407
19,"206_fs1-00011.jpg",570.628203066686,146.057805132319
20,"206_fs1-00011.jpg",570.121346983747,145.951505093071
21,"206_fs1-00011.jpg",569.614481108165,145.844243483293
22,"206_fs1-00011.jpg",569.10760538557,145.736070107617
23,"206_fs1-00011.jpg",568.60071976159,145.627034770672
24,"206_fs1-00011.jpg",568.093824181857,145.517187277088
25,"206_fs1-00011.jpg",567.586918591999,145.406577431495
26,"206_fs1-00011.jpg",567.080002937645,145.295255038523
27,"206_fs1-00011.jpg",566.573077164426,145.183269902803
28,"206_fs1-00011.jpg",566.066141217971,145.070671828964
29,"206_fs1-00011.jpg",565.559195043909,144.957510621636
30,"206_fs1-00011.jpg",565.05223858787,144.843836085451
31,"206_fs1-00011.jpg",564.545271795483,144.729698025037
32,"206_fs1-00011.jpg",564.038294612378,144.615146245024
33,"206_fs1-00011.jpg",563.531306984185,144.500230550044
34,"206_fs1-00011.jpg",563.024308856533,144.385000744725
35,"206_fs1-00011.jpg",562.517300175051,144.269506633699
36,"206_fs1-00011.jpg",562.01028088537,144.153798021594
37,"206_fs1-00011.jpg",561.503250933118,144.037924713042
38,"206_fs1-00011.jpg",560.996220822414,143.921936512672
39,"206_fs1-00011.jpg",560.489309779393,143.805883225114
40,"206_fs1-00011.jpg",559.982542386414,143.689814654999
41,"206_fs1-00011.jpg",559.475907310937,143.573780606957
42,"206_fs1-00011.jpg",558.96939322042,143.457830885617
43,"206_fs1-00011.jpg",558.462988782326,143.342015295609
44,"206_fs1-00011.jpg",557.956682664112,143.226383641565
45,"206_fs1-00011.jpg",557.45046353324,143.110985728113
46,"206_fs1-00011.jpg",556.944320057169,142.995871359884
47,"206_fs1-00011.jpg",556.438240903359,142.881090341509
48,"206_fs1-00011.jpg",555.93221473927,142.766692477616
49,"206_fs1-00011.jpg",555.426230232363,142.652727572837
50,"206_fs1-00011.jpg",554.920276050097,142.5392454318
51,"206_fs1-00011.jpg",554.414340859932,142.426295859138
52,"206_fs1-00011.jpg",553.908413329329,142.313928659478
53,"206_fs1-00011.jpg",553.402482125746,142.202193637453
54,"206_fs1-00011.jpg",552.896535916645,142.091140597691
55,"206_fs1-00011.jpg",552.390563369485,141.980819344822
56,"206_fs1-00011.jpg",551.884553151726,141.871279683478
57,"206_fs1-00011.jpg",551.378493930828,141.762571418287
58,"206_fs1-00011.jpg",550.872374374252,141.65474435388
59,"206_fs1-00011.jpg",550.366183149456,141.547848294887
60,"206_fs1-00011.jpg",549.859908923901,141.441933045939
61,"206_fs1-00011.jpg",549.353540365048,141.337048411664
62,"206_fs1-00011.jpg",548.847066140355,141.233244196694
63,"206_fs1-00011.jpg",548.340474917284,141.130570205659
64,"206_fs1-00011.jpg",547.833755363293,141.029076243187
65,"206_fs1-00011.jpg",547.326896145844,140.928812113911
66,"206_fs1-00011.jpg",546.819885932395,140.829827622459
67,"206_fs1-00011.jpg",546.312713390408,140.732172573461
68,"206_fs1-00011.jpg",545.805367187341,140.635896771549
69,"206_fs1-00011.jpg",545.297835990655,140.541050021351
70,"206_fs1-00011.jpg",544.79010846781,140.447682127499
71,"206_fs1-00011.jpg",544.282173286266,140.355842894621
72,"206_fs1-00011.jpg",543.774019113483,140.265582127349
73,"206_fs1-00011.jpg",543.265634616921,140.176949630311
74,"206_fs1-00011.jpg",542.75700846404,140.089995208139
75,"206_fs1-00011.jpg",542.248129322299,140.004768665463
76,"206_fs1-00011.jpg",541.738985859159,139.921319806912
77,"206_fs1-00011.jpg",541.22956674208,139.839698437116
78,"206_fs1-00011.jpg",540.719860638522,139.759954360707
79,"206_fs1-00011.jpg",540.209856215945,139.682137382312
80,"206_fs1-00011.jpg",539.699542141808,139.606297306564
81,"206_fs1-00011.jpg",539.188907083572,139.532483938092
82,"206_fs1-00011.jpg",538.677939708696,139.460747081525
83,"206_fs1-00011.jpg",538.166616732581,139.391122683747
84,"206_fs1-00011.jpg",537.654924326173,139.323574956646
85,"206_fs1-00011.jpg",537.142874000899,139.258044970041
86,"206_fs1-00011.jpg",536.630477400933,139.194473782387
87,"206_fs1-00011.jpg",536.117746170451,139.132802452141
88,"206_fs1-00011.jpg",535.604691953629,139.072972037759
89,"206_fs1-00011.jpg",535.091326394642,139.014923597695
90,"206_fs1-00011.jpg",534.577661137668,138.958598190406
91,"206_fs1-00011.jpg",534.06370782688,138.903936874348
92,"206_fs1-00011.jpg",533.549478106454,138.850880707976
93,"206_fs1-00011.jpg",533.034983620567,138.799370749747
94,"206_fs1-00011.jpg",532.520236013395,138.749348058116
95,"206_fs1-00011.jpg",532.005246929112,138.700753691538
96,"206_fs1-00011.jpg",531.490028011895,138.653528708471
97,"206_fs1-00011.jpg",530.974590905919,138.607614167369
98,"206_fs1-00011.jpg",530.458947255359,138.562951126688
99,"206_fs1-00011.jpg",529.943108704393,138.519480644884
100,"206_fs1-00011.jpg",529.427086897195,138.477143780414
101,"206_fs1-00011.jpg",528.91089347794,138.435881591732
102,"206_fs1-00011.jpg",528.394540090806,138.395635137295
103,"206_fs1-00011.jpg",527.878038379967,138.356345475558
104,"206_fs1-00011.jpg",527.361399989599,138.317953664978
105,"206_fs1-00011.jpg",526.844636563878,138.280400764009
106,"206_fs1-00011.jpg",526.32775974698,138.243627831109
107,"206_fs1-00011.jpg",525.81078118308,138.207575924732
108,"206_fs1-00011.jpg",525.293712516353,138.172186103335
109,"206_fs1-00011.jpg",524.776565390977,138.137399425372
110,"206_fs1-00011.jpg",524.259351451125,138.103156949301
111,"206_fs1-00011.jpg",523.742082340975,138.069399733577
112,"206_fs1-00011.jpg",523.224769704702,138.036068836656
113,"206_fs1-00011.jpg",522.707425186481,138.003105316993
114,"206_fs1-00011.jpg",522.190060430488,137.970450233045
115,"206_fs1-00011.jpg",521.672687080899,137.938044643267
116,"206_fs1-00011.jpg",521.15531678189,137.905829606115
117,"206_fs1-00011.jpg",520.637961177636,137.873746180044
118,"206_fs1-00011.jpg",520.120631912312,137.841735423512
119,"206_fs1-00011.jpg",519.603340630096,137.809738394972
120,"206_fs1-00011.jpg",519.086098975162,137.777696152882
121,"206_fs1-00011.jpg",518.568918591686,137.745549755697
122,"206_fs1-00011.jpg",518.051811123844,137.713240261873
123,"206_fs1-00011.jpg",517.534788215811,137.680708729865
124,"206_fs1-00011.jpg",517.017861511763,137.64789621813
125,"206_fs1-00011.jpg",516.501042655876,137.614743785124
126,"206_fs1-00011.jpg",515.984343292326,137.581192489301
127,"206_fs1-00011.jpg",515.467775065288,137.547183389118
128,"206_fs1-00011.jpg",514.951349618938,137.512657543032
129,"206_fs1-00011.jpg",514.435078597452,137.477556009496
130,"206_fs1-00011.jpg",513.918973645006,137.441819846968
131,"206_fs1-00011.jpg",513.403046405774,137.405390113903
132,"206_fs1-00011.jpg",512.887308523933,137.368207868758
133,"206_fs1-00011.jpg",512.371771643658,137.330214169987
134,"206_fs1-00011.jpg",511.856447409126,137.291350076046
135,"206_fs1-00011.jpg",511.341347464512,137.251556645392
136,"206_fs1-00011.jpg",510.826483453991,137.210774936481
137,"206_fs1-00011.jpg",510.31186702174,137.168946007767
138,"206_fs1-00011.jpg",509.797509811933,137.126010917707
139,"206_fs1-00011.jpg",509.283423468747,137.081910724757
140,"206_fs1-00011.jpg",508.769619636358,137.036586487373
141,"206_fs1-00011.jpg",508.256109958941,136.98997926401
142,"206_fs1-00011.jpg",507.742906080671,136.942030113123
143,"206_fs1-00011.jpg",507.229488251135,136.892674572026
144,"206_fs1-00011.jpg",506.714692590676,136.841800851249
145,"206_fs1-00011.jpg",506.198674027323,136.789273098087
146,"206_fs1-00011.jpg",505.681645722314,136.734955269889
147,"206_fs1-00011.jpg",505.163820836888,136.678711324005
148,"206_fs1-00011.jpg",504.645412532281,136.620405217784
149,"206_fs1-00011.jpg",504.126633969733,136.559900908577
150,"206_fs1-00011.jpg",503.607698310482,136.497062353733
151,"206_fs1-00011.jpg",503.088818715764,136.431753510602
152,"206_fs1-00011.jpg",502.570208346818,136.363838336534
153,"206_fs1-00011.jpg",502.052080364882,136.293180788878
154,"206_fs1-00011.jpg",501.534647931194,136.219644824983
155,"206_fs1-00011.jpg",501.018124206992,136.143094402201
156,"206_fs1-00011.jpg",500.502722353514,136.06339347788
157,"206_fs1-00011.jpg",499.988655531997,135.98040600937
158,"206_fs1-00011.jpg",499.47613690368,135.893995954021
159,"206_fs1-00011.jpg",498.965379629801,135.804027269182
160,"206_fs1-00011.jpg",498.456596871597,135.710363912204
161,"206_fs1-00011.jpg",497.950001790307,135.612869840435
162,"206_fs1-00011.jpg",497.445807547168,135.511409011227
163,"206_fs1-00011.jpg",496.944227303419,135.405845381927
164,"206_fs1-00011.jpg",496.445474220296,135.296042909887
165,"206_fs1-00011.jpg",495.949761459039,135.181865552456
166,"206_fs1-00011.jpg",495.457302180886,135.063177266983
167,"206_fs1-00011.jpg",494.968306213263,134.939842010819
168,"206_fs1-00011.jpg",494.481604767637,134.811723741312
169,"206_fs1-00011.jpg",493.996145271422,134.678686415814
170,"206_fs1-00011.jpg",493.511946522518,134.540593991672
171,"206_fs1-00011.jpg",493.029027318828,134.397310426238
172,"206_fs1-00011.jpg",492.547406458252,134.24869967686
173,"206_fs1-00011.jpg",492.067102738693,134.094625700889
174,"206_fs1-00011.jpg",491.58813495805,133.934952455675
175,"206_fs1-00011.jpg",491.110521914227,133.769543898566
176,"206_fs1-00011.jpg",490.634282405124,133.598263986913
177,"206_fs1-00011.jpg",490.159435228642,133.420976678065
178,"206_fs1-00011.jpg",489.685999182683,133.237545929373
179,"206_fs1-00011.jpg",489.213993065148,133.047835698185
180,"206_fs1-00011.jpg",488.743435673939,132.851709941852
181,"206_fs1-00011.jpg",488.274345806957,132.649032617723
182,"206_fs1-00011.jpg",487.806742262104,132.439667683148
183,"206_fs1-00011.jpg",487.34064383728,132.223479095477
184,"206_fs1-00011.jpg",486.876069330387,132.000330812059
185,"206_fs1-00011.jpg",486.413037539326,131.770086790244
186,"206_fs1-00011.jpg",485.951567261999,131.532610987382
187,"206_fs1-00011.jpg",485.491677296308,131.287767360822
188,"206_fs1-00011.jpg",485.033386440153,131.035419867915
189,"206_fs1-00011.jpg",484.576713491435,130.77543246601
190,"206_fs1-00011.jpg",484.121677248058,130.507669112456
191,"206_fs1-00011.jpg",483.66829650792,130.231993764604
192,"206_fs1-00011.jpg",483.216590068925,129.948270379803
193,"206_fs1-00011.jpg",482.766576728973,129.656362915402
194,"206_fs1-00011.jpg",482.318275285966,129.356135328752
195,"206_fs1-00011.jpg",481.871704537805,129.047451577203
196,"206_fs1-00011.jpg",481.426883282391,128.730175618103
197,"206_fs1-00011.jpg",480.983830317626,128.404171408803
198,"206_fs1-00011.jpg",480.542564441412,128.069302906652
199,"206_fs1-00011.jpg",480.103104451649,127.725434069001
200,"206_fs1-00011.jpg",479.665469146238,127.372428853198
