"points","Image","X","Y"
1,"208_fs3-00001.jpg",296.833,282.833
2,"208_fs3-00001.jpg",297.499339635861,282.882092354908
3,"208_fs3-00001.jpg",298.165682681253,282.929539774348
4,"208_fs3-00001.jpg",298.832029150355,282.975366500011
5,"208_fs3-00001.jpg",299.498379057342,283.019596773592
6,"208_fs3-00001.jpg",300.16473241639,283.062254836781
7,"208_fs3-00001.jpg",300.831089241678,283.103364931272
8,"208_fs3-00001.jpg",301.497449547381,283.142951298757
9,"208_fs3-00001.jpg",302.163813347676,283.181038180929
10,"208_fs3-00001.jpg",302.83018065674,283.217649819479
11,"208_fs3-00001.jpg",303.49655148875,283.2528104561
12,"208_fs3-00001.jpg",304.162925857881,283.286544332485
13,"208_fs3-00001.jpg",304.829303778312,283.318875690326
14,"208_fs3-00001.jpg",305.495685264218,283.349828771316
15,"208_fs3-00001.jpg",306.162070329776,283.379427817147
16,"208_fs3-00001.jpg",306.828458989163,283.407697069511
17,"208_fs3-00001.jpg",307.494851256556,283.4346607701
18,"208_fs3-00001.jpg",308.161247146131,283.460343160608
19,"208_fs3-00001.jpg",308.827646672065,283.484768482727
20,"208_fs3-00001.jpg",309.494049848535,283.507960978149
21,"208_fs3-00001.jpg",310.160456689717,283.529944888567
22,"208_fs3-00001.jpg",310.826867209788,283.550744455672
23,"208_fs3-00001.jpg",311.493281422924,283.570383921158
24,"208_fs3-00001.jpg",312.159699343304,283.588887526717
25,"208_fs3-00001.jpg",312.826120985102,283.606279514041
26,"208_fs3-00001.jpg",313.492546362496,283.622584124822
27,"208_fs3-00001.jpg",314.158975489662,283.637825600754
28,"208_fs3-00001.jpg",314.825408380778,283.652028183529
29,"208_fs3-00001.jpg",315.49184505002,283.665216114838
30,"208_fs3-00001.jpg",316.158285511564,283.677413636375
31,"208_fs3-00001.jpg",316.824729779587,283.688644989832
32,"208_fs3-00001.jpg",317.491177868266,283.698934416901
33,"208_fs3-00001.jpg",318.157629791778,283.708306159275
34,"208_fs3-00001.jpg",318.824085564298,283.716784458646
35,"208_fs3-00001.jpg",319.490545200005,283.724393556706
36,"208_fs3-00001.jpg",320.157008713075,283.731157695149
37,"208_fs3-00001.jpg",320.823476117684,283.737101115666
38,"208_fs3-00001.jpg",321.489947428008,283.74224805995
39,"208_fs3-00001.jpg",322.156422658226,283.746622769694
40,"208_fs3-00001.jpg",322.822901822513,283.750249486589
41,"208_fs3-00001.jpg",323.489384935046,283.753152452328
42,"208_fs3-00001.jpg",324.155872010001,283.755355908604
43,"208_fs3-00001.jpg",324.822363061556,283.756884097109
44,"208_fs3-00001.jpg",325.488858103888,283.757761259536
45,"208_fs3-00001.jpg",326.155357151171,283.758011637576
46,"208_fs3-00001.jpg",326.821860217585,283.757659472923
47,"208_fs3-00001.jpg",327.488367317305,283.756729007269
48,"208_fs3-00001.jpg",328.154878464507,283.755244482306
49,"208_fs3-00001.jpg",328.821393673369,283.753230139726
50,"208_fs3-00001.jpg",329.487912958067,283.750710221223
51,"208_fs3-00001.jpg",330.154436332779,283.747708968488
52,"208_fs3-00001.jpg",330.820963811679,283.744250623215
53,"208_fs3-00001.jpg",331.487495408946,283.740359427094
54,"208_fs3-00001.jpg",332.154031138756,283.73605962182
55,"208_fs3-00001.jpg",332.820592358844,283.731375449083
56,"208_fs3-00001.jpg",333.487240362757,283.726331150578
57,"208_fs3-00001.jpg",334.153975178389,283.720950967995
58,"208_fs3-00001.jpg",334.820792587924,283.715259143028
59,"208_fs3-00001.jpg",335.487688373546,283.709279917369
60,"208_fs3-00001.jpg",336.154658317439,283.703037532711
61,"208_fs3-00001.jpg",336.821698201786,283.696556230745
62,"208_fs3-00001.jpg",337.488803808771,283.689860253165
63,"208_fs3-00001.jpg",338.155970920579,283.682973841662
64,"208_fs3-00001.jpg",338.823195319392,283.67592123793
65,"208_fs3-00001.jpg",339.490472787395,283.66872668366
66,"208_fs3-00001.jpg",340.157799106771,283.661414420545
67,"208_fs3-00001.jpg",340.825170059704,283.654008690277
68,"208_fs3-00001.jpg",341.492581428379,283.64653373455
69,"208_fs3-00001.jpg",342.160028994978,283.639013795054
70,"208_fs3-00001.jpg",342.827508541686,283.631473113484
71,"208_fs3-00001.jpg",343.495015850686,283.623935931531
72,"208_fs3-00001.jpg",344.162546704162,283.616426490887
73,"208_fs3-00001.jpg",344.830096884298,283.608969033245
74,"208_fs3-00001.jpg",345.497662173278,283.601587800298
75,"208_fs3-00001.jpg",346.165238353286,283.594307033738
76,"208_fs3-00001.jpg",346.832821206504,283.587150975257
77,"208_fs3-00001.jpg",347.500406515118,283.580143866548
78,"208_fs3-00001.jpg",348.167990061311,283.573309949303
79,"208_fs3-00001.jpg",348.835567627266,283.566673465214
80,"208_fs3-00001.jpg",349.503134995168,283.560258655975
81,"208_fs3-00001.jpg",350.170687947201,283.554089763277
82,"208_fs3-00001.jpg",350.838222265547,283.548191028814
83,"208_fs3-00001.jpg",351.505733732391,283.542586694276
84,"208_fs3-00001.jpg",352.173218129917,283.537301001358
85,"208_fs3-00001.jpg",352.840671240308,283.53235819175
86,"208_fs3-00001.jpg",353.508088845748,283.527782507147
87,"208_fs3-00001.jpg",354.175466728422,283.523598189239
88,"208_fs3-00001.jpg",354.842800670512,283.51982947972
89,"208_fs3-00001.jpg",355.510086454203,283.516500620282
90,"208_fs3-00001.jpg",356.177319861678,283.513635852617
91,"208_fs3-00001.jpg",356.844496675122,283.511259418418
92,"208_fs3-00001.jpg",357.511612676717,283.509395559378
93,"208_fs3-00001.jpg",358.178663648649,283.508068517188
94,"208_fs3-00001.jpg",358.845645373099,283.507302533541
95,"208_fs3-00001.jpg",359.512553632254,283.50712185013
96,"208_fs3-00001.jpg",360.179384208295,283.507550708647
97,"208_fs3-00001.jpg",360.846132883407,283.508613350784
98,"208_fs3-00001.jpg",361.512795439774,283.510334018234
99,"208_fs3-00001.jpg",362.17936765958,283.512736952689
100,"208_fs3-00001.jpg",362.845845325008,283.515846395842
101,"208_fs3-00001.jpg",363.512224218241,283.519686589385
102,"208_fs3-00001.jpg",364.178500121465,283.524281775011
103,"208_fs3-00001.jpg",364.844668816863,283.529656194412
104,"208_fs3-00001.jpg",365.510726086618,283.53583408928
105,"208_fs3-00001.jpg",366.176667712914,283.542839701309
106,"208_fs3-00001.jpg",366.842489477936,283.550697272189
107,"208_fs3-00001.jpg",367.508187163866,283.559431043614
108,"208_fs3-00001.jpg",368.173756552889,283.569065257277
109,"208_fs3-00001.jpg",368.839193427188,283.579624154869
110,"208_fs3-00001.jpg",369.504493568948,283.591131978083
111,"208_fs3-00001.jpg",370.169652760351,283.603612968612
112,"208_fs3-00001.jpg",370.834666783582,283.617091368147
113,"208_fs3-00001.jpg",371.499531420825,283.631591418382
114,"208_fs3-00001.jpg",372.164242454264,283.647137361009
115,"208_fs3-00001.jpg",372.828795666081,283.663753437719
116,"208_fs3-00001.jpg",373.493186838462,283.681463890207
117,"208_fs3-00001.jpg",374.157411753589,283.700292960163
118,"208_fs3-00001.jpg",374.821466193647,283.720264889282
119,"208_fs3-00001.jpg",375.48539285056,283.74140414146
120,"208_fs3-00001.jpg",376.149859518732,283.763750705678
121,"208_fs3-00001.jpg",376.815046132449,283.787369988211
122,"208_fs3-00001.jpg",377.480902851662,283.812329747978
123,"208_fs3-00001.jpg",378.147379836323,283.838697743897
124,"208_fs3-00001.jpg",378.814427246383,283.866541734889
125,"208_fs3-00001.jpg",379.481995241792,283.895929479871
126,"208_fs3-00001.jpg",380.150033982504,283.926928737764
127,"208_fs3-00001.jpg",380.818493628468,283.959607267485
128,"208_fs3-00001.jpg",381.487324339636,283.994032827955
129,"208_fs3-00001.jpg",382.156476275959,284.030273178093
130,"208_fs3-00001.jpg",382.82589959739,284.068396076818
131,"208_fs3-00001.jpg",383.495544463878,284.108469283048
132,"208_fs3-00001.jpg",384.165361035375,284.150560555703
133,"208_fs3-00001.jpg",384.835299471833,284.194737653702
134,"208_fs3-00001.jpg",385.505309933202,284.241068335964
135,"208_fs3-00001.jpg",386.175342579435,284.289620361408
136,"208_fs3-00001.jpg",386.845347570483,284.340461488954
137,"208_fs3-00001.jpg",387.515275066296,284.393659477521
138,"208_fs3-00001.jpg",388.185075226826,284.449282086026
139,"208_fs3-00001.jpg",388.854698212024,284.507397073391
140,"208_fs3-00001.jpg",389.524094181842,284.568072198533
141,"208_fs3-00001.jpg",390.193213296231,284.631375220373
142,"208_fs3-00001.jpg",390.862005715142,284.697373897829
143,"208_fs3-00001.jpg",391.530421598526,284.766135989819
144,"208_fs3-00001.jpg",392.198411106336,284.837729255264
145,"208_fs3-00001.jpg",392.865924398521,284.912221453083
146,"208_fs3-00001.jpg",393.532911635034,284.989680342194
147,"208_fs3-00001.jpg",394.199322975826,285.070173681517
148,"208_fs3-00001.jpg",394.865108580847,285.153769229971
149,"208_fs3-00001.jpg",395.53021861005,285.240534746475
150,"208_fs3-00001.jpg",396.194603223385,285.330537989947
151,"208_fs3-00001.jpg",396.858212580805,285.423846719308
152,"208_fs3-00001.jpg",397.520996842259,285.520528693477
153,"208_fs3-00001.jpg",398.1829061677,285.620651671371
154,"208_fs3-00001.jpg",398.843890717079,285.724283411912
155,"208_fs3-00001.jpg",399.503900650346,285.831491674016
156,"208_fs3-00001.jpg",400.162886127454,285.942344216605
157,"208_fs3-00001.jpg",400.820797308354,286.056908798597
158,"208_fs3-00001.jpg",401.477584352997,286.175253178911
159,"208_fs3-00001.jpg",402.133197421334,286.297445116465
160,"208_fs3-00001.jpg",402.787586673316,286.423552370181
161,"208_fs3-00001.jpg",403.440702268896,286.553642698975
162,"208_fs3-00001.jpg",404.092494368023,286.687783861768
163,"208_fs3-00001.jpg",404.74291313065,286.826043617479
164,"208_fs3-00001.jpg",405.391908716728,286.968489725026
165,"208_fs3-00001.jpg",406.039431286207,287.11518994333
166,"208_fs3-00001.jpg",406.68543099904,287.266212031308
167,"208_fs3-00001.jpg",407.329858015178,287.421623747881
168,"208_fs3-00001.jpg",407.972662494571,287.581492851967
169,"208_fs3-00001.jpg",408.613794597172,287.745887102485
170,"208_fs3-00001.jpg",409.253204482931,287.914874258355
171,"208_fs3-00001.jpg",409.8908423118,288.088522078495
172,"208_fs3-00001.jpg",410.52665988092,288.266898321825
173,"208_fs3-00001.jpg",411.160738884729,288.450070747264
174,"208_fs3-00001.jpg",411.793168994568,288.638107113731
175,"208_fs3-00001.jpg",412.423979757519,288.831075180145
176,"208_fs3-00001.jpg",413.053200720663,289.029042705425
177,"208_fs3-00001.jpg",413.680861431081,289.232077448491
178,"208_fs3-00001.jpg",414.306991435856,289.440247168261
179,"208_fs3-00001.jpg",414.931620282068,289.653619623654
180,"208_fs3-00001.jpg",415.5547775168,289.872262573591
181,"208_fs3-00001.jpg",416.176492687132,290.096243776989
182,"208_fs3-00001.jpg",416.796795340146,290.325630992768
183,"208_fs3-00001.jpg",417.415715022925,290.560491979847
184,"208_fs3-00001.jpg",418.033281282548,290.800894497146
185,"208_fs3-00001.jpg",418.649523666098,291.046906303583
186,"208_fs3-00001.jpg",419.264471720657,291.298595158077
187,"208_fs3-00001.jpg",419.878154993305,291.556028819548
188,"208_fs3-00001.jpg",420.490603031125,291.819275046914
189,"208_fs3-00001.jpg",421.101845381198,292.088401599096
190,"208_fs3-00001.jpg",421.711911590605,292.363476235011
191,"208_fs3-00001.jpg",422.320831206428,292.644566713579
192,"208_fs3-00001.jpg",422.928633775748,292.931740793719
193,"208_fs3-00001.jpg",423.535348845648,293.225066234351
194,"208_fs3-00001.jpg",424.141005963208,293.524610794393
195,"208_fs3-00001.jpg",424.74563467551,293.830442232765
196,"208_fs3-00001.jpg",425.349264529635,294.142628308385
197,"208_fs3-00001.jpg",425.951925072665,294.461236780173
198,"208_fs3-00001.jpg",426.553645851682,294.786335407048
199,"208_fs3-00001.jpg",427.154456413767,295.11799194793
200,"208_fs3-00001.jpg",427.754386306002,295.456274161736
1,"208_fs3-00002.jpg",308.833,264.5
2,"208_fs3-00002.jpg",309.193021078262,264.913905958076
3,"208_fs3-00002.jpg",309.557359560578,265.334084043302
4,"208_fs3-00002.jpg",309.925960080425,265.760238780593
5,"208_fs3-00002.jpg",310.298767271277,266.192074694868
6,"208_fs3-00002.jpg",310.67572576661,266.629296311043
7,"208_fs3-00002.jpg",311.0567801999,267.071608154036
8,"208_fs3-00002.jpg",311.441875204622,267.518714748765
9,"208_fs3-00002.jpg",311.830955414253,267.970320620146
10,"208_fs3-00002.jpg",312.223965462267,268.426130293096
11,"208_fs3-00002.jpg",312.620849982141,268.885848292533
12,"208_fs3-00002.jpg",313.02155360735,269.349179143375
13,"208_fs3-00002.jpg",313.426020971369,269.815827370538
14,"208_fs3-00002.jpg",313.834196707674,270.28549749894
15,"208_fs3-00002.jpg",314.246025449742,270.757894053498
16,"208_fs3-00002.jpg",314.661451831047,271.23272155913
17,"208_fs3-00002.jpg",315.080420485065,271.709684540751
18,"208_fs3-00002.jpg",315.502876045272,272.188487523281
19,"208_fs3-00002.jpg",315.928763145143,272.668835031636
20,"208_fs3-00002.jpg",316.358026418155,273.150431590733
21,"208_fs3-00002.jpg",316.790610497782,273.63298172549
22,"208_fs3-00002.jpg",317.2264600175,274.116189960823
23,"208_fs3-00002.jpg",317.665519610786,274.599760821651
24,"208_fs3-00002.jpg",318.107733911114,275.083398832891
25,"208_fs3-00002.jpg",318.55304755196,275.566808519459
26,"208_fs3-00002.jpg",319.0014051668,276.049694406273
27,"208_fs3-00002.jpg",319.452751389109,276.53176101825
28,"208_fs3-00002.jpg",319.907030852364,277.012712880308
29,"208_fs3-00002.jpg",320.364188190039,277.492254517363
30,"208_fs3-00002.jpg",320.824168035611,277.970090454334
31,"208_fs3-00002.jpg",321.286915022554,278.445925216137
32,"208_fs3-00002.jpg",321.752373784346,278.919463327689
33,"208_fs3-00002.jpg",322.22048895446,279.390409313909
34,"208_fs3-00002.jpg",322.691205166374,279.858467699712
35,"208_fs3-00002.jpg",323.164467053562,280.323343010017
36,"208_fs3-00002.jpg",323.6402192495,280.78473976974
37,"208_fs3-00002.jpg",324.118406387664,281.2423625038
38,"208_fs3-00002.jpg",324.598973101529,281.695915737113
39,"208_fs3-00002.jpg",325.081864024571,282.145103994596
40,"208_fs3-00002.jpg",325.567023790266,282.589631801166
41,"208_fs3-00002.jpg",326.054397032089,283.029203681742
42,"208_fs3-00002.jpg",326.543928383517,283.46352416124
43,"208_fs3-00002.jpg",327.035562478023,283.892297764578
44,"208_fs3-00002.jpg",327.529243949085,284.315229016672
45,"208_fs3-00002.jpg",328.025667358755,284.732022442441
46,"208_fs3-00002.jpg",328.528874320989,285.142382566801
47,"208_fs3-00002.jpg",329.039224900146,285.546013914669
48,"208_fs3-00002.jpg",329.556420448831,285.942621010963
49,"208_fs3-00002.jpg",330.080162319644,286.331908380601
50,"208_fs3-00002.jpg",330.610151865191,286.713580548498
51,"208_fs3-00002.jpg",331.146090438073,287.087342039574
52,"208_fs3-00002.jpg",331.687679390895,287.452897378744
53,"208_fs3-00002.jpg",332.234620076259,287.809951090927
54,"208_fs3-00002.jpg",332.786613846768,288.158207701039
55,"208_fs3-00002.jpg",333.343362055026,288.497371733998
56,"208_fs3-00002.jpg",333.904566053635,288.827147714721
57,"208_fs3-00002.jpg",334.469927195198,289.147240168125
58,"208_fs3-00002.jpg",335.039146832319,289.457353619128
59,"208_fs3-00002.jpg",335.611926317602,289.757192592646
60,"208_fs3-00002.jpg",336.187967003647,290.046461613598
61,"208_fs3-00002.jpg",336.76697024306,290.3248652069
62,"208_fs3-00002.jpg",337.348637388443,290.592107897469
63,"208_fs3-00002.jpg",337.932669792399,290.847894210223
64,"208_fs3-00002.jpg",338.518768807532,291.09192867008
65,"208_fs3-00002.jpg",339.106635786443,291.323915801956
66,"208_fs3-00002.jpg",339.695972081738,291.543560130769
67,"208_fs3-00002.jpg",340.286479046018,291.750566181435
68,"208_fs3-00002.jpg",340.877858031886,291.944638478873
69,"208_fs3-00002.jpg",341.469810391946,292.125481547999
70,"208_fs3-00002.jpg",342.062037478801,292.292799913732
71,"208_fs3-00002.jpg",342.654240645055,292.446298100987
72,"208_fs3-00002.jpg",343.246121243309,292.585680634682
73,"208_fs3-00002.jpg",343.838492867584,292.710676135929
74,"208_fs3-00002.jpg",344.435008857724,292.82131797616
75,"208_fs3-00002.jpg",345.035792065468,292.917848505672
76,"208_fs3-00002.jpg",345.640626499755,293.000514157952
77,"208_fs3-00002.jpg",346.249296169522,293.069561366488
78,"208_fs3-00002.jpg",346.86158508371,293.125236564768
79,"208_fs3-00002.jpg",347.477277251257,293.167786186278
80,"208_fs3-00002.jpg",348.096156681103,293.197456664507
81,"208_fs3-00002.jpg",348.718007382186,293.214494432941
82,"208_fs3-00002.jpg",349.342613363445,293.219145925069
83,"208_fs3-00002.jpg",349.969758633819,293.211657574378
84,"208_fs3-00002.jpg",350.599227202248,293.192275814354
85,"208_fs3-00002.jpg",351.23080307767,293.161247078487
86,"208_fs3-00002.jpg",351.864270269024,293.118817800263
87,"208_fs3-00002.jpg",352.499412785249,293.065234413169
88,"208_fs3-00002.jpg",353.136014635285,293.000743350694
89,"208_fs3-00002.jpg",353.77385982807,292.925591046324
90,"208_fs3-00002.jpg",354.412732372543,292.840023933548
91,"208_fs3-00002.jpg",355.052416277644,292.744288445852
92,"208_fs3-00002.jpg",355.69269555231,292.638631016724
93,"208_fs3-00002.jpg",356.333354205482,292.523298079652
94,"208_fs3-00002.jpg",356.974176246098,292.398536068123
95,"208_fs3-00002.jpg",357.614945683097,292.264591415625
96,"208_fs3-00002.jpg",358.255446525419,292.121710555645
97,"208_fs3-00002.jpg",358.895462782001,291.97013992167
98,"208_fs3-00002.jpg",359.534778461784,291.810125947189
99,"208_fs3-00002.jpg",360.173177573706,291.641915065688
100,"208_fs3-00002.jpg",360.810444126706,291.465753710656
101,"208_fs3-00002.jpg",361.446362129723,291.281888315578
102,"208_fs3-00002.jpg",362.080715591697,291.090565313944
103,"208_fs3-00002.jpg",362.713288521566,290.892031139241
104,"208_fs3-00002.jpg",363.343864928268,290.686532224955
105,"208_fs3-00002.jpg",363.972228820744,290.474315004575
106,"208_fs3-00002.jpg",364.598164207932,290.255625911588
107,"208_fs3-00002.jpg",365.221455098771,290.030711379481
108,"208_fs3-00002.jpg",365.8418855022,289.799817841743
109,"208_fs3-00002.jpg",366.459239427159,289.56319173186
110,"208_fs3-00002.jpg",367.073300882585,289.321079483319
111,"208_fs3-00002.jpg",367.683853877419,289.07372752961
112,"208_fs3-00002.jpg",368.290943023619,288.821406437411
113,"208_fs3-00002.jpg",368.895092578225,288.564561595617
114,"208_fs3-00002.jpg",369.49649287076,288.303715385941
115,"208_fs3-00002.jpg",370.095321644864,288.039390524998
116,"208_fs3-00002.jpg",370.691756644176,287.772109729403
117,"208_fs3-00002.jpg",371.285975612336,287.502395715772
118,"208_fs3-00002.jpg",371.878156292983,287.230771200719
119,"208_fs3-00002.jpg",372.468476429757,286.95775890086
120,"208_fs3-00002.jpg",373.057113766297,286.683881532811
121,"208_fs3-00002.jpg",373.644246046243,286.409661813185
122,"208_fs3-00002.jpg",374.230051013234,286.1356224586
123,"208_fs3-00002.jpg",374.814706410909,285.862286185668
124,"208_fs3-00002.jpg",375.398389982909,285.590175711007
125,"208_fs3-00002.jpg",375.981279472873,285.319813751231
126,"208_fs3-00002.jpg",376.56355262444,285.051723022955
127,"208_fs3-00002.jpg",377.14538718125,284.786426242795
128,"208_fs3-00002.jpg",377.726960886943,284.524446127365
129,"208_fs3-00002.jpg",378.308451485157,284.266305393281
130,"208_fs3-00002.jpg",378.890036719533,284.012526757158
131,"208_fs3-00002.jpg",379.471894333709,283.763632935612
132,"208_fs3-00002.jpg",380.054202071326,283.520146645257
133,"208_fs3-00002.jpg",380.637137676023,283.282590602709
134,"208_fs3-00002.jpg",381.220878891439,283.051487524582
135,"208_fs3-00002.jpg",381.805603461214,282.827360127493
136,"208_fs3-00002.jpg",382.391489128988,282.610731128056
137,"208_fs3-00002.jpg",382.978713638399,282.402123242886
138,"208_fs3-00002.jpg",383.567454733089,282.2020591886
139,"208_fs3-00002.jpg",384.157890156695,282.011061681811
140,"208_fs3-00002.jpg",384.750197652857,281.829653439135
141,"208_fs3-00002.jpg",385.344554965216,281.658357177187
142,"208_fs3-00002.jpg",385.94113983741,281.497695612583
143,"208_fs3-00002.jpg",386.54013001308,281.348191461938
144,"208_fs3-00002.jpg",387.141703235864,281.210367441866
145,"208_fs3-00002.jpg",387.746037249402,281.084746268984
146,"208_fs3-00002.jpg",388.353309797333,280.971850659906
147,"208_fs3-00002.jpg",388.963756428817,280.872194908603
148,"208_fs3-00002.jpg",389.577948345629,280.785962256308
149,"208_fs3-00002.jpg",390.195774396734,280.712903787596
150,"208_fs3-00002.jpg",390.81696428918,280.652741492311
151,"208_fs3-00002.jpg",391.441247730015,280.6051973603
152,"208_fs3-00002.jpg",392.068354426284,280.569993381408
153,"208_fs3-00002.jpg",392.698014085037,280.546851545482
154,"208_fs3-00002.jpg",393.329956413319,280.535493842368
155,"208_fs3-00002.jpg",393.963911118178,280.53564226191
156,"208_fs3-00002.jpg",394.599607906661,280.547018793956
157,"208_fs3-00002.jpg",395.236776485816,280.569345428351
158,"208_fs3-00002.jpg",395.875146562689,280.602344154942
159,"208_fs3-00002.jpg",396.514447844329,280.645736963573
160,"208_fs3-00002.jpg",397.154410037781,280.699245844091
161,"208_fs3-00002.jpg",397.794762850093,280.762592786342
162,"208_fs3-00002.jpg",398.435235988312,280.835499780172
163,"208_fs3-00002.jpg",399.075559159486,280.917688815426
164,"208_fs3-00002.jpg",399.715462070662,281.008881881951
165,"208_fs3-00002.jpg",400.354674428886,281.108800969593
166,"208_fs3-00002.jpg",400.992925941207,281.217168068197
167,"208_fs3-00002.jpg",401.629946314671,281.333705167609
168,"208_fs3-00002.jpg",402.265465256326,281.458134257676
169,"208_fs3-00002.jpg",402.899212473218,281.590177328243
170,"208_fs3-00002.jpg",403.530917672396,281.729556369155
171,"208_fs3-00002.jpg",404.160310560905,281.87599337026
172,"208_fs3-00002.jpg",404.787120845794,282.029210321403
173,"208_fs3-00002.jpg",405.411078234109,282.18892921243
174,"208_fs3-00002.jpg",406.031912432897,282.354872033186
175,"208_fs3-00002.jpg",406.649353149207,282.526760773518
176,"208_fs3-00002.jpg",407.263130090085,282.704317423272
177,"208_fs3-00002.jpg",407.874131582508,282.887263972293
178,"208_fs3-00002.jpg",408.483675914661,283.075322410428
179,"208_fs3-00002.jpg",409.091773763083,283.268214727521
180,"208_fs3-00002.jpg",409.698432532731,283.465662913421
181,"208_fs3-00002.jpg",410.30365962856,283.667388957971
182,"208_fs3-00002.jpg",410.907462455527,283.873114851019
183,"208_fs3-00002.jpg",411.509848418588,284.082562582409
184,"208_fs3-00002.jpg",412.110824922699,284.295454141989
185,"208_fs3-00002.jpg",412.710399372817,284.511511519603
186,"208_fs3-00002.jpg",413.308579173897,284.730456705098
187,"208_fs3-00002.jpg",413.905371730895,284.95201168832
188,"208_fs3-00002.jpg",414.500784448768,285.175898459114
189,"208_fs3-00002.jpg",415.094824732472,285.401839007327
190,"208_fs3-00002.jpg",415.687499986962,285.629555322804
191,"208_fs3-00002.jpg",416.278817617196,285.858769395392
192,"208_fs3-00002.jpg",416.868785028129,286.089203214936
193,"208_fs3-00002.jpg",417.457409624717,286.320578771282
194,"208_fs3-00002.jpg",418.044698811916,286.552618054276
195,"208_fs3-00002.jpg",418.630659994683,286.785043053765
196,"208_fs3-00002.jpg",419.215300577974,287.017575759593
197,"208_fs3-00002.jpg",419.798627966745,287.249938161607
198,"208_fs3-00002.jpg",420.380649565951,287.481852249653
199,"208_fs3-00002.jpg",420.96137278055,287.713040013576
200,"208_fs3-00002.jpg",421.540805015497,287.943223443223
1,"208_fs3-00003.jpg",322.167,243.833
2,"208_fs3-00003.jpg",321.95313581507,244.49618182543
3,"208_fs3-00003.jpg",321.750852062009,245.161108833457
4,"208_fs3-00003.jpg",321.559826401032,245.827705898723
5,"208_fs3-00003.jpg",321.379736492355,246.495897895867
6,"208_fs3-00003.jpg",321.210259996195,247.165609699531
7,"208_fs3-00003.jpg",321.051074572766,247.836766184355
8,"208_fs3-00003.jpg",320.901857882284,248.50929222498
9,"208_fs3-00003.jpg",320.762287584965,249.183112696048
10,"208_fs3-00003.jpg",320.632041341024,249.858152472198
11,"208_fs3-00003.jpg",320.510796810678,250.534336428072
12,"208_fs3-00003.jpg",320.398231654142,251.21158943831
13,"208_fs3-00003.jpg",320.294023531631,251.889836377553
14,"208_fs3-00003.jpg",320.197850103361,252.569002120443
15,"208_fs3-00003.jpg",320.109389029548,253.249011541619
16,"208_fs3-00003.jpg",320.028317970408,253.929789515722
17,"208_fs3-00003.jpg",319.954314586156,254.611260917394
18,"208_fs3-00003.jpg",319.887056537009,255.293350621276
19,"208_fs3-00003.jpg",319.82622148318,255.975983502007
20,"208_fs3-00003.jpg",319.771487084887,256.659084434229
21,"208_fs3-00003.jpg",319.722531002345,257.342578292582
22,"208_fs3-00003.jpg",319.679030895769,258.026389951708
23,"208_fs3-00003.jpg",319.640664425376,258.710444286247
24,"208_fs3-00003.jpg",319.60710925138,259.394666170839
25,"208_fs3-00003.jpg",319.578043033998,260.078980480127
26,"208_fs3-00003.jpg",319.553143433446,260.76331208875
27,"208_fs3-00003.jpg",319.532088109938,261.447585871349
28,"208_fs3-00003.jpg",319.514554723691,262.131726702565
29,"208_fs3-00003.jpg",319.50022093492,262.81565945704
30,"208_fs3-00003.jpg",319.488764403842,263.499309009413
31,"208_fs3-00003.jpg",319.479862790671,264.182600234325
32,"208_fs3-00003.jpg",319.473193755623,264.865458006418
33,"208_fs3-00003.jpg",319.468434958914,265.547807200331
34,"208_fs3-00003.jpg",319.46526406076,266.229572690707
35,"208_fs3-00003.jpg",319.463358721376,266.910679352185
36,"208_fs3-00003.jpg",319.462396600978,267.591052059407
37,"208_fs3-00003.jpg",319.462055359781,268.270615687013
38,"208_fs3-00003.jpg",319.462071639997,268.949295109644
39,"208_fs3-00003.jpg",319.474320742902,269.627015201941
40,"208_fs3-00003.jpg",319.507310717725,270.303700838544
41,"208_fs3-00003.jpg",319.560194425745,270.979276894095
42,"208_fs3-00003.jpg",319.632124728244,271.653668243234
43,"208_fs3-00003.jpg",319.722254486502,272.326799760602
44,"208_fs3-00003.jpg",319.829736561799,272.99859632084
45,"208_fs3-00003.jpg",319.953723815416,273.668982798588
46,"208_fs3-00003.jpg",320.093369108632,274.337884068488
47,"208_fs3-00003.jpg",320.247825302729,275.00522500518
48,"208_fs3-00003.jpg",320.416245258987,275.670930483305
49,"208_fs3-00003.jpg",320.597781838687,276.334925377504
50,"208_fs3-00003.jpg",320.791587903107,276.997134562417
51,"208_fs3-00003.jpg",320.99681631353,277.657482912686
52,"208_fs3-00003.jpg",321.212619931236,278.315895302951
53,"208_fs3-00003.jpg",321.438151617504,278.972296607853
54,"208_fs3-00003.jpg",321.672564233615,279.626611702032
55,"208_fs3-00003.jpg",321.915010640851,280.27876546013
56,"208_fs3-00003.jpg",322.16464370049,280.928682756788
57,"208_fs3-00003.jpg",322.420616273814,281.576288466645
58,"208_fs3-00003.jpg",322.682081222102,282.221507464344
59,"208_fs3-00003.jpg",322.948191406636,282.864264624524
60,"208_fs3-00003.jpg",323.218099688696,283.504484821827
61,"208_fs3-00003.jpg",323.490958929562,284.142092930892
62,"208_fs3-00003.jpg",323.765921990514,284.777013826363
63,"208_fs3-00003.jpg",324.042141732833,285.409172382878
64,"208_fs3-00003.jpg",324.3187710178,286.038493475078
65,"208_fs3-00003.jpg",324.594962706694,286.664901977605
66,"208_fs3-00003.jpg",324.869869660797,287.2883227651
67,"208_fs3-00003.jpg",325.154794811755,287.9085786701
68,"208_fs3-00003.jpg",325.461387336838,288.525074781095
69,"208_fs3-00003.jpg",325.788750844785,289.137109300757
70,"208_fs3-00003.jpg",326.135988206589,289.743980431712
71,"208_fs3-00003.jpg",326.502202293244,290.344986376583
72,"208_fs3-00003.jpg",326.886495975745,290.939425337995
73,"208_fs3-00003.jpg",327.287972125086,291.526595518572
74,"208_fs3-00003.jpg",327.705733612259,292.105795120938
75,"208_fs3-00003.jpg",328.138883308261,292.676322347719
76,"208_fs3-00003.jpg",328.586524084083,293.237475401538
77,"208_fs3-00003.jpg",329.047758810721,293.78855248502
78,"208_fs3-00003.jpg",329.521690359169,294.328851800789
79,"208_fs3-00003.jpg",330.00742160042,294.85767155147
80,"208_fs3-00003.jpg",330.504055405468,295.374309939687
81,"208_fs3-00003.jpg",331.010694645308,295.878065168064
82,"208_fs3-00003.jpg",331.526442190934,296.368235439226
83,"208_fs3-00003.jpg",332.050400913339,296.844118955798
84,"208_fs3-00003.jpg",332.581673683517,297.305013920403
85,"208_fs3-00003.jpg",333.119363372463,297.750218535667
86,"208_fs3-00003.jpg",333.662572851171,298.179031004213
87,"208_fs3-00003.jpg",334.210404990634,298.590749528666
88,"208_fs3-00003.jpg",334.761962661847,298.98467231165
89,"208_fs3-00003.jpg",335.316348735804,299.36009755579
90,"208_fs3-00003.jpg",335.872666083498,299.71632346371
91,"208_fs3-00003.jpg",336.430017575923,300.052648238035
92,"208_fs3-00003.jpg",336.987506084075,300.368370081388
93,"208_fs3-00003.jpg",337.544330712547,300.662787314157
94,"208_fs3-00003.jpg",338.113866085923,300.93541991225
95,"208_fs3-00003.jpg",338.704964079954,301.186469944293
96,"208_fs3-00003.jpg",339.316064601699,301.416270257358
97,"208_fs3-00003.jpg",339.945607558217,301.625153698519
98,"208_fs3-00003.jpg",340.592032856565,301.813453114848
99,"208_fs3-00003.jpg",341.253780403803,301.981501353419
100,"208_fs3-00003.jpg",341.929290106988,302.129631261303
101,"208_fs3-00003.jpg",342.61700187318,302.258175685574
102,"208_fs3-00003.jpg",343.315355609437,302.367467473306
103,"208_fs3-00003.jpg",344.022791222817,302.457839471569
104,"208_fs3-00003.jpg",344.737748620378,302.529624527439
105,"208_fs3-00003.jpg",345.45866770918,302.583155487986
106,"208_fs3-00003.jpg",346.18398839628,302.618765200285
107,"208_fs3-00003.jpg",346.912150588737,302.636786511408
108,"208_fs3-00003.jpg",347.641594193611,302.637552268428
109,"208_fs3-00003.jpg",348.370759117958,302.621395318418
110,"208_fs3-00003.jpg",349.098085268837,302.588648508451
111,"208_fs3-00003.jpg",349.822012553308,302.539644685599
112,"208_fs3-00003.jpg",350.540980878428,302.474716696936
113,"208_fs3-00003.jpg",351.253430151257,302.394197389534
114,"208_fs3-00003.jpg",351.957800278851,302.298419610466
115,"208_fs3-00003.jpg",352.652531168271,302.187716206805
116,"208_fs3-00003.jpg",353.336062726574,302.062420025624
117,"208_fs3-00003.jpg",354.006834860819,301.922863913996
118,"208_fs3-00003.jpg",354.663287478064,301.769380718994
119,"208_fs3-00003.jpg",355.303860485368,301.60230328769
120,"208_fs3-00003.jpg",355.929605063291,301.421961477101
121,"208_fs3-00003.jpg",356.548985627765,301.228647196125
122,"208_fs3-00003.jpg",357.162996495698,301.022626266563
123,"208_fs3-00003.jpg",357.771863799323,300.804163997317
124,"208_fs3-00003.jpg",358.375813670876,300.573525697285
125,"208_fs3-00003.jpg",358.975072242593,300.330976675367
126,"208_fs3-00003.jpg",359.569865646707,300.076782240463
127,"208_fs3-00003.jpg",360.160420015455,299.811207701472
128,"208_fs3-00003.jpg",360.746961481071,299.534518367295
129,"208_fs3-00003.jpg",361.32971617579,299.24697954683
130,"208_fs3-00003.jpg",361.908910231848,298.948856548977
131,"208_fs3-00003.jpg",362.484769781479,298.640414682636
132,"208_fs3-00003.jpg",363.057520956918,298.321919256707
133,"208_fs3-00003.jpg",363.627389890401,297.993635580089
134,"208_fs3-00003.jpg",364.194602714162,297.655828961681
135,"208_fs3-00003.jpg",364.759385560437,297.308764710384
136,"208_fs3-00003.jpg",365.321964561461,296.952708135097
137,"208_fs3-00003.jpg",365.882565849468,296.58792454472
138,"208_fs3-00003.jpg",366.441415556694,296.214679248152
139,"208_fs3-00003.jpg",366.998739815374,295.833237554292
140,"208_fs3-00003.jpg",367.554764757742,295.443864772041
141,"208_fs3-00003.jpg",368.109716516034,295.046826210299
142,"208_fs3-00003.jpg",368.663821222485,294.642387177964
143,"208_fs3-00003.jpg",369.21730500933,294.230812983936
144,"208_fs3-00003.jpg",369.770394008805,293.812368937115
145,"208_fs3-00003.jpg",370.323314353143,293.387320346401
146,"208_fs3-00003.jpg",370.87629217458,292.955932520693
147,"208_fs3-00003.jpg",371.429553605351,292.518470768891
148,"208_fs3-00003.jpg",371.983324777692,292.075200399894
149,"208_fs3-00003.jpg",372.537831823836,291.626386722603
150,"208_fs3-00003.jpg",373.09330087602,291.172295045916
151,"208_fs3-00003.jpg",373.649958066479,290.713190678733
152,"208_fs3-00003.jpg",374.208029527446,290.249338929955
153,"208_fs3-00003.jpg",374.767741391158,289.78100510848
154,"208_fs3-00003.jpg",375.32931978985,289.308454523208
155,"208_fs3-00003.jpg",375.892990855756,288.831952483039
156,"208_fs3-00003.jpg",376.458980721112,288.351764296872
157,"208_fs3-00003.jpg",377.027515518152,287.868155273607
158,"208_fs3-00003.jpg",377.598821379112,287.381390722144
159,"208_fs3-00003.jpg",378.173124436226,286.891735951383
160,"208_fs3-00003.jpg",378.75065082173,286.399456270222
161,"208_fs3-00003.jpg",379.33074649448,285.904860397312
162,"208_fs3-00003.jpg",379.910231308741,285.408860718649
163,"208_fs3-00003.jpg",380.48894688793,284.912811927294
164,"208_fs3-00003.jpg",381.067067792856,284.418078872217
165,"208_fs3-00003.jpg",381.644768584323,283.926026402388
166,"208_fs3-00003.jpg",382.222223823139,283.438019366778
167,"208_fs3-00003.jpg",382.799608070111,282.955422614358
168,"208_fs3-00003.jpg",383.377095886046,282.479600994097
169,"208_fs3-00003.jpg",383.954861831749,282.011919354966
170,"208_fs3-00003.jpg",384.533080468029,281.553742545935
171,"208_fs3-00003.jpg",385.111926355691,281.106435415975
172,"208_fs3-00003.jpg",385.691574055542,280.671362814057
173,"208_fs3-00003.jpg",386.272198128389,280.249889589149
174,"208_fs3-00003.jpg",386.853973135039,279.843380590224
175,"208_fs3-00003.jpg",387.437073636298,279.453200666251
176,"208_fs3-00003.jpg",388.021674192973,279.080714666201
177,"208_fs3-00003.jpg",388.607949365871,278.727287439044
178,"208_fs3-00003.jpg",389.196073715798,278.394283833751
179,"208_fs3-00003.jpg",389.786221803561,278.083068699291
180,"208_fs3-00003.jpg",390.378568189968,277.795006884636
181,"208_fs3-00003.jpg",390.973287435824,277.531463238756
182,"208_fs3-00003.jpg",391.570554101936,277.29380261062
183,"208_fs3-00003.jpg",392.170542749112,277.0833898492
184,"208_fs3-00003.jpg",392.773427938157,276.901589803466
185,"208_fs3-00003.jpg",393.379384229879,276.749767322388
186,"208_fs3-00003.jpg",393.988586185083,276.629287254937
187,"208_fs3-00003.jpg",394.601208364578,276.541514450083
188,"208_fs3-00003.jpg",395.217425329169,276.487813756796
189,"208_fs3-00003.jpg",395.837629005022,276.469550024047
190,"208_fs3-00003.jpg",396.463438916203,276.488088100806
191,"208_fs3-00003.jpg",397.094800339611,276.544792836044
192,"208_fs3-00003.jpg",397.73128347788,276.64102907873
193,"208_fs3-00003.jpg",398.372458533644,276.778161677837
194,"208_fs3-00003.jpg",399.017895709536,276.957555482333
195,"208_fs3-00003.jpg",399.667165208191,277.180575341189
196,"208_fs3-00003.jpg",400.319837232244,277.448586103375
197,"208_fs3-00003.jpg",400.975481984328,277.762952617863
198,"208_fs3-00003.jpg",401.633669667077,278.125039733622
199,"208_fs3-00003.jpg",402.293970483126,278.536212299622
200,"208_fs3-00003.jpg",402.955954635108,278.997835164835
1,"208_fs3-00004.jpg",326.833,230.5
2,"208_fs3-00004.jpg",326.925944952188,231.192945392129
3,"208_fs3-00004.jpg",327.017935518826,231.886816195271
4,"208_fs3-00004.jpg",327.108830611476,232.58158087186
5,"208_fs3-00004.jpg",327.198489141695,233.277207884329
6,"208_fs3-00004.jpg",327.286770021045,233.973665695112
7,"208_fs3-00004.jpg",327.373532161085,234.670922766644
8,"208_fs3-00004.jpg",327.458634473376,235.368947561357
9,"208_fs3-00004.jpg",327.541935869475,236.067708541685
10,"208_fs3-00004.jpg",327.623295260945,236.767174170063
11,"208_fs3-00004.jpg",327.702571559343,237.467312908924
12,"208_fs3-00004.jpg",327.779623676231,238.168093220702
13,"208_fs3-00004.jpg",327.854310523168,238.869483567831
14,"208_fs3-00004.jpg",327.926491011714,239.571452412744
15,"208_fs3-00004.jpg",327.996024053429,240.273968217875
16,"208_fs3-00004.jpg",328.062768559872,240.976999445658
17,"208_fs3-00004.jpg",328.126583442604,241.680514558527
18,"208_fs3-00004.jpg",328.187327613183,242.384482018915
19,"208_fs3-00004.jpg",328.244859983171,243.088870289257
20,"208_fs3-00004.jpg",328.299039464126,243.793647831985
21,"208_fs3-00004.jpg",328.349724967609,244.498783109535
22,"208_fs3-00004.jpg",328.39677540518,245.204244584339
23,"208_fs3-00004.jpg",328.440049688398,245.910000718832
24,"208_fs3-00004.jpg",328.479406728823,246.616019975446
25,"208_fs3-00004.jpg",328.514705438015,247.322270816617
26,"208_fs3-00004.jpg",328.545804727533,248.028721704778
27,"208_fs3-00004.jpg",328.572563508939,248.735341102361
28,"208_fs3-00004.jpg",328.59484069379,249.442097471803
29,"208_fs3-00004.jpg",328.612495193648,250.148959275535
30,"208_fs3-00004.jpg",328.625385920072,250.855894975992
31,"208_fs3-00004.jpg",328.633371784622,251.562873035608
32,"208_fs3-00004.jpg",328.636311698858,252.269861916816
33,"208_fs3-00004.jpg",328.636324880248,252.97683008205
34,"208_fs3-00004.jpg",328.636324880248,253.683745993744
35,"208_fs3-00004.jpg",328.636324880248,254.390578114332
36,"208_fs3-00004.jpg",328.636324880248,255.097294906247
37,"208_fs3-00004.jpg",328.636324880248,255.803864831924
38,"208_fs3-00004.jpg",328.636324880248,256.510256353796
39,"208_fs3-00004.jpg",328.636324880248,257.216437934296
40,"208_fs3-00004.jpg",328.636324880248,257.922378035859
41,"208_fs3-00004.jpg",328.636324880248,258.628045120919
42,"208_fs3-00004.jpg",328.636324880248,259.333407651908
43,"208_fs3-00004.jpg",328.636324880248,260.038434091262
44,"208_fs3-00004.jpg",328.636324880248,260.743092901413
45,"208_fs3-00004.jpg",328.636324880248,261.447352544795
46,"208_fs3-00004.jpg",328.636324880248,262.151181483843
47,"208_fs3-00004.jpg",328.636324880248,262.85454818099
48,"208_fs3-00004.jpg",328.636324880248,263.55742109867
49,"208_fs3-00004.jpg",328.636324880248,264.259768699316
50,"208_fs3-00004.jpg",328.636324880248,264.961559445363
51,"208_fs3-00004.jpg",328.636324880248,265.662761799244
52,"208_fs3-00004.jpg",328.636324880248,266.363344223392
53,"208_fs3-00004.jpg",328.625124264157,267.063294030091
54,"208_fs3-00004.jpg",328.591609362266,267.762681680126
55,"208_fs3-00004.jpg",328.538261045231,268.461600553731
56,"208_fs3-00004.jpg",328.467573336127,269.160144031861
57,"208_fs3-00004.jpg",328.38204025803,269.85840549547
58,"208_fs3-00004.jpg",328.284155834017,270.556478325514
59,"208_fs3-00004.jpg",328.176414087162,271.254455902947
60,"208_fs3-00004.jpg",328.061309040541,271.952431608725
61,"208_fs3-00004.jpg",327.941334717231,272.650498823803
62,"208_fs3-00004.jpg",327.818985140306,273.348750929134
63,"208_fs3-00004.jpg",327.696754332843,274.047281305675
64,"208_fs3-00004.jpg",327.577136317917,274.746183334381
65,"208_fs3-00004.jpg",327.462625118604,275.445550396205
66,"208_fs3-00004.jpg",327.35571475798,276.145475872103
67,"208_fs3-00004.jpg",327.25889925912,276.84605314303
68,"208_fs3-00004.jpg",327.174672645099,277.547375589941
69,"208_fs3-00004.jpg",327.105528938995,278.24953659379
70,"208_fs3-00004.jpg",327.053962163882,278.952629535534
71,"208_fs3-00004.jpg",327.022466342836,279.656747796126
72,"208_fs3-00004.jpg",327.013482811592,280.361984581617
73,"208_fs3-00004.jpg",327.024817998563,281.068313680534
74,"208_fs3-00004.jpg",327.053446980522,281.775381653971
75,"208_fs3-00004.jpg",327.098352205934,282.48277951483
76,"208_fs3-00004.jpg",327.158516123263,283.190098276012
77,"208_fs3-00004.jpg",327.232921180973,283.896928950418
78,"208_fs3-00004.jpg",327.320549827529,284.602862550951
79,"208_fs3-00004.jpg",327.420384511394,285.307490090511
80,"208_fs3-00004.jpg",327.531407681034,286.010402582
81,"208_fs3-00004.jpg",327.652601784912,286.71119103832
82,"208_fs3-00004.jpg",327.782949271492,287.409446472371
83,"208_fs3-00004.jpg",327.921432589239,288.104759897057
84,"208_fs3-00004.jpg",328.067034186618,288.796722325278
85,"208_fs3-00004.jpg",328.218736512092,289.484924769935
86,"208_fs3-00004.jpg",328.375522014126,290.168958243931
87,"208_fs3-00004.jpg",328.536373141184,290.848413760166
88,"208_fs3-00004.jpg",328.70027234173,291.522882331542
89,"208_fs3-00004.jpg",328.867780381251,292.19195463246
90,"208_fs3-00004.jpg",329.062900739826,292.855194647523
91,"208_fs3-00004.jpg",329.292620981906,293.512120835243
92,"208_fs3-00004.jpg",329.555072661267,294.16224720824
93,"208_fs3-00004.jpg",329.848387331687,294.805087779131
94,"208_fs3-00004.jpg",330.170696546943,295.440156560536
95,"208_fs3-00004.jpg",330.520131860811,296.066967565074
96,"208_fs3-00004.jpg",330.89482482707,296.685034805362
97,"208_fs3-00004.jpg",331.292906999496,297.29387229402
98,"208_fs3-00004.jpg",331.712509931867,297.892994043666
99,"208_fs3-00004.jpg",332.15176517796,298.481914066919
100,"208_fs3-00004.jpg",332.608804291552,299.060146376398
101,"208_fs3-00004.jpg",333.08175882642,299.627204984722
102,"208_fs3-00004.jpg",333.568760336341,300.182603904508
103,"208_fs3-00004.jpg",334.067940375093,300.725857148377
104,"208_fs3-00004.jpg",334.577430496452,301.256478728945
105,"208_fs3-00004.jpg",335.095362254197,301.773982658833
106,"208_fs3-00004.jpg",335.619867202104,302.277882950659
107,"208_fs3-00004.jpg",336.14907689395,302.767693617041
108,"208_fs3-00004.jpg",336.681122883512,303.242928670599
109,"208_fs3-00004.jpg",337.214136724569,303.70310212395
110,"208_fs3-00004.jpg",337.746249970896,304.147727989714
111,"208_fs3-00004.jpg",338.275594176271,304.576320280509
112,"208_fs3-00004.jpg",338.80463822796,304.988393194106
113,"208_fs3-00004.jpg",339.36080494336,305.383465863143
114,"208_fs3-00004.jpg",339.947287075624,305.761062762979
115,"208_fs3-00004.jpg",340.561719493589,306.120708635857
116,"208_fs3-00004.jpg",341.201737066094,306.46192822402
117,"208_fs3-00004.jpg",341.864974661978,306.784246269712
118,"208_fs3-00004.jpg",342.54906715008,307.087187515176
119,"208_fs3-00004.jpg",343.251649399239,307.370276702655
120,"208_fs3-00004.jpg",343.970356278293,307.633038574393
121,"208_fs3-00004.jpg",344.702822656081,307.874997872632
122,"208_fs3-00004.jpg",345.446683401442,308.095679339617
123,"208_fs3-00004.jpg",346.199573383214,308.294607717589
124,"208_fs3-00004.jpg",346.959127470237,308.471307748794
125,"208_fs3-00004.jpg",347.72298053135,308.625304175473
126,"208_fs3-00004.jpg",348.488767435391,308.75612173987
127,"208_fs3-00004.jpg",349.254123051198,308.863285184229
128,"208_fs3-00004.jpg",350.016682247611,308.946319250792
129,"208_fs3-00004.jpg",350.774079893469,309.004748681803
130,"208_fs3-00004.jpg",351.523950857609,309.038098219505
131,"208_fs3-00004.jpg",352.263930008872,309.045892606141
132,"208_fs3-00004.jpg",352.991652216096,309.027656583956
133,"208_fs3-00004.jpg",353.704752348119,308.982914895191
134,"208_fs3-00004.jpg",354.40086527378,308.91119228209
135,"208_fs3-00004.jpg",355.077625861919,308.812013486897
136,"208_fs3-00004.jpg",355.732668981373,308.684903251855
137,"208_fs3-00004.jpg",356.363629500982,308.529386319207
138,"208_fs3-00004.jpg",356.968142289585,308.344987431196
139,"208_fs3-00004.jpg",357.545579111321,308.13124972998
140,"208_fs3-00004.jpg",358.109565078724,307.888376128466
141,"208_fs3-00004.jpg",358.663860924823,307.617395798475
142,"208_fs3-00004.jpg",359.208905948022,307.319390138765
143,"208_fs3-00004.jpg",359.745139446728,306.995440548095
144,"208_fs3-00004.jpg",360.273000719346,306.646628425224
145,"208_fs3-00004.jpg",360.792929064279,306.274035168911
146,"208_fs3-00004.jpg",361.305363779934,305.878742177915
147,"208_fs3-00004.jpg",361.810744164715,305.461830850995
148,"208_fs3-00004.jpg",362.309509517028,305.024382586909
149,"208_fs3-00004.jpg",362.802099135277,304.567478784417
150,"208_fs3-00004.jpg",363.288952317867,304.092200842278
151,"208_fs3-00004.jpg",363.770508363204,303.59963015925
152,"208_fs3-00004.jpg",364.247206569692,303.090848134092
153,"208_fs3-00004.jpg",364.719486235737,302.566936165564
154,"208_fs3-00004.jpg",365.187786659743,302.028975652423
155,"208_fs3-00004.jpg",365.652547140115,301.47804799343
156,"208_fs3-00004.jpg",366.114206975259,300.915234587343
157,"208_fs3-00004.jpg",366.57320546358,300.341616832921
158,"208_fs3-00004.jpg",367.029981903483,299.758276128922
159,"208_fs3-00004.jpg",367.484975593372,299.166293874106
160,"208_fs3-00004.jpg",367.938625831652,298.566751467232
161,"208_fs3-00004.jpg",368.39137191673,297.960730307058
162,"208_fs3-00004.jpg",368.843653147009,297.349311792344
163,"208_fs3-00004.jpg",369.295908820895,296.733577321849
164,"208_fs3-00004.jpg",369.748578236792,296.11460829433
165,"208_fs3-00004.jpg",370.202100693106,295.493486108548
166,"208_fs3-00004.jpg",370.656915488243,294.871292163261
167,"208_fs3-00004.jpg",371.113461920606,294.249107857228
168,"208_fs3-00004.jpg",371.5721792886,293.628014589207
169,"208_fs3-00004.jpg",372.033506890632,293.009093757959
170,"208_fs3-00004.jpg",372.497884025106,292.393426762242
171,"208_fs3-00004.jpg",372.965749990426,291.782095000814
172,"208_fs3-00004.jpg",373.437544084999,291.176179872434
173,"208_fs3-00004.jpg",373.913705607229,290.576762775863
174,"208_fs3-00004.jpg",374.391462748905,289.984904093868
175,"208_fs3-00004.jpg",374.86110947287,289.401407219337
176,"208_fs3-00004.jpg",375.323907599681,288.826903519158
177,"208_fs3-00004.jpg",375.782062460755,288.262021199961
178,"208_fs3-00004.jpg",376.237779387513,287.707388468374
179,"208_fs3-00004.jpg",376.693263711374,287.163633531026
180,"208_fs3-00004.jpg",377.150720763757,286.631384594544
181,"208_fs3-00004.jpg",377.612355876081,286.111269865558
182,"208_fs3-00004.jpg",378.080374379766,285.603917550695
183,"208_fs3-00004.jpg",378.55698160623,285.109955856585
184,"208_fs3-00004.jpg",379.044382886894,284.630012989854
185,"208_fs3-00004.jpg",379.544783553176,284.164717157133
186,"208_fs3-00004.jpg",380.060388936496,283.71469656505
187,"208_fs3-00004.jpg",380.593404368274,283.280579420232
188,"208_fs3-00004.jpg",381.144906979521,282.862993929308
189,"208_fs3-00004.jpg",381.712600248611,282.462568298907
190,"208_fs3-00004.jpg",382.295812889355,282.079930735657
191,"208_fs3-00004.jpg",382.894026134219,281.715709446187
192,"208_fs3-00004.jpg",383.506721215672,281.370532637124
193,"208_fs3-00004.jpg",384.133379366179,281.045028515098
194,"208_fs3-00004.jpg",384.77348181821,280.739825286736
195,"208_fs3-00004.jpg",385.42650980423,280.455551158668
196,"208_fs3-00004.jpg",386.091944556706,280.192834337521
197,"208_fs3-00004.jpg",386.769267308108,279.952303029925
198,"208_fs3-00004.jpg",387.4579592909,279.734585442507
199,"208_fs3-00004.jpg",388.157501737552,279.540309781896
200,"208_fs3-00004.jpg",388.86737588053,279.37010425472
1,"208_fs3-00005.jpg",324.833,214.833
2,"208_fs3-00005.jpg",325.100334095198,215.482784332967
3,"208_fs3-00005.jpg",325.365298994679,216.134929785396
4,"208_fs3-00005.jpg",325.627561921427,216.789381356371
5,"208_fs3-00005.jpg",325.886790098424,217.446084044972
6,"208_fs3-00005.jpg",326.142650748653,218.104982850282
7,"208_fs3-00005.jpg",326.394811095098,218.766022771382
8,"208_fs3-00005.jpg",326.642938360741,219.429148807355
9,"208_fs3-00005.jpg",326.886699768566,220.094305957282
10,"208_fs3-00005.jpg",327.125762541555,220.761439220246
11,"208_fs3-00005.jpg",327.359793902691,221.430493595328
12,"208_fs3-00005.jpg",327.588461074957,222.101414081611
13,"208_fs3-00005.jpg",327.811431281336,222.774145678177
14,"208_fs3-00005.jpg",328.028371744812,223.448633384106
15,"208_fs3-00005.jpg",328.238949688366,224.124822198482
16,"208_fs3-00005.jpg",328.442832334982,224.802657120387
17,"208_fs3-00005.jpg",328.639686907643,225.482083148902
18,"208_fs3-00005.jpg",328.829180629332,226.163045283109
19,"208_fs3-00005.jpg",329.010980723032,226.84548852209
20,"208_fs3-00005.jpg",329.184754411726,227.529357864927
21,"208_fs3-00005.jpg",329.350168918396,228.214598310703
22,"208_fs3-00005.jpg",329.506891466026,228.901154858499
23,"208_fs3-00005.jpg",329.654589277599,229.588972507397
24,"208_fs3-00005.jpg",329.792929576097,230.277996256478
25,"208_fs3-00005.jpg",329.921579584504,230.968171104826
26,"208_fs3-00005.jpg",330.040206525802,231.659442051523
27,"208_fs3-00005.jpg",330.148477622975,232.351754095649
28,"208_fs3-00005.jpg",330.246060099005,233.045052236287
29,"208_fs3-00005.jpg",330.332621176875,233.739281472519
30,"208_fs3-00005.jpg",330.407828079569,234.434386803426
31,"208_fs3-00005.jpg",330.471348030069,235.130313228092
32,"208_fs3-00005.jpg",330.522848251359,235.827005745597
33,"208_fs3-00005.jpg",330.56199596642,236.524409355025
34,"208_fs3-00005.jpg",330.588458398237,237.222469055456
35,"208_fs3-00005.jpg",330.601902769791,237.921129845973
36,"208_fs3-00005.jpg",330.60349866562,238.620336725657
37,"208_fs3-00005.jpg",330.602351133204,239.320034693591
38,"208_fs3-00005.jpg",330.600066248333,240.020168748857
39,"208_fs3-00005.jpg",330.596664314098,240.720683890537
40,"208_fs3-00005.jpg",330.592165633586,241.421525117712
41,"208_fs3-00005.jpg",330.586590509887,242.122637429464
42,"208_fs3-00005.jpg",330.579959246091,242.823965824877
43,"208_fs3-00005.jpg",330.572292145286,243.52545530303
44,"208_fs3-00005.jpg",330.563609510562,244.227050863007
45,"208_fs3-00005.jpg",330.553931645008,244.92869750389
46,"208_fs3-00005.jpg",330.543278851713,245.63034022476
47,"208_fs3-00005.jpg",330.531671433766,246.331924024699
48,"208_fs3-00005.jpg",330.519129694257,247.033393902789
49,"208_fs3-00005.jpg",330.505673936275,247.734694858113
50,"208_fs3-00005.jpg",330.491324462908,248.435771889752
51,"208_fs3-00005.jpg",330.476101577246,249.136569996789
52,"208_fs3-00005.jpg",330.460025582379,249.837034178304
53,"208_fs3-00005.jpg",330.443116781395,250.537109433381
54,"208_fs3-00005.jpg",330.425395477384,251.236740761101
55,"208_fs3-00005.jpg",330.406881973434,251.935873160546
56,"208_fs3-00005.jpg",330.387596572635,252.634451630798
57,"208_fs3-00005.jpg",330.367559578077,253.33242117094
58,"208_fs3-00005.jpg",330.346791292848,254.029726780052
59,"208_fs3-00005.jpg",330.325312020037,254.726313457217
60,"208_fs3-00005.jpg",330.303142062735,255.422126201517
61,"208_fs3-00005.jpg",330.280301724029,256.117110012034
62,"208_fs3-00005.jpg",330.256811307009,256.81120988785
63,"208_fs3-00005.jpg",330.230558586535,257.50437242825
64,"208_fs3-00005.jpg",330.184498588864,258.196598688512
65,"208_fs3-00005.jpg",330.11651991496,258.887956280297
66,"208_fs3-00005.jpg",330.028579599759,259.57851686613
67,"208_fs3-00005.jpg",329.9226346782,260.268352108538
68,"208_fs3-00005.jpg",329.800642185219,260.957533670046
69,"208_fs3-00005.jpg",329.664559155753,261.646133213181
70,"208_fs3-00005.jpg",329.516342624739,262.334222400468
71,"208_fs3-00005.jpg",329.357949627115,263.021872894433
72,"208_fs3-00005.jpg",329.191337197818,263.709156357604
73,"208_fs3-00005.jpg",329.018462371784,264.396144452504
74,"208_fs3-00005.jpg",328.841282183952,265.082908841661
75,"208_fs3-00005.jpg",328.661753669258,265.769521187601
76,"208_fs3-00005.jpg",328.481833862638,266.456053152849
77,"208_fs3-00005.jpg",328.303479799032,267.142576399932
78,"208_fs3-00005.jpg",328.128648513375,267.829162591376
79,"208_fs3-00005.jpg",327.959297040604,268.515883389705
80,"208_fs3-00005.jpg",327.797382415657,269.202810457448
81,"208_fs3-00005.jpg",327.644861673472,269.890015457129
82,"208_fs3-00005.jpg",327.503691848984,270.577570051274
83,"208_fs3-00005.jpg",327.375829977131,271.26554590241
84,"208_fs3-00005.jpg",327.263233092851,271.954014673063
85,"208_fs3-00005.jpg",327.167858231081,272.643048025758
86,"208_fs3-00005.jpg",327.091662426757,273.332717623022
87,"208_fs3-00005.jpg",327.036602714817,274.023095127381
88,"208_fs3-00005.jpg",327.004636130198,274.71425220136
89,"208_fs3-00005.jpg",326.997028497938,275.406260263978
90,"208_fs3-00005.jpg",326.998064045528,276.099155925117
91,"208_fs3-00005.jpg",327.000504849512,276.792905105843
92,"208_fs3-00005.jpg",327.004343576733,277.487465157842
93,"208_fs3-00005.jpg",327.00957289403,278.182793432804
94,"208_fs3-00005.jpg",327.016185468247,278.878847282416
95,"208_fs3-00005.jpg",327.024173966223,279.575584058366
96,"208_fs3-00005.jpg",327.0335310548,280.272961112343
97,"208_fs3-00005.jpg",327.044249400819,280.970935796033
98,"208_fs3-00005.jpg",327.056321671121,281.669465461127
99,"208_fs3-00005.jpg",327.069740532548,282.36850745931
100,"208_fs3-00005.jpg",327.084498651941,283.068019142272
101,"208_fs3-00005.jpg",327.100588696141,283.7679578617
102,"208_fs3-00005.jpg",327.118003331989,284.468280969283
103,"208_fs3-00005.jpg",327.136735226327,285.168945816709
104,"208_fs3-00005.jpg",327.156777045995,285.869909755664
105,"208_fs3-00005.jpg",327.178121457835,286.571130137839
106,"208_fs3-00005.jpg",327.200761128688,287.27256431492
107,"208_fs3-00005.jpg",327.224688725395,287.974169638596
108,"208_fs3-00005.jpg",327.249896914798,288.675903460555
109,"208_fs3-00005.jpg",327.276378363737,289.377723132484
110,"208_fs3-00005.jpg",327.304125739054,290.079586006073
111,"208_fs3-00005.jpg",327.333131707591,290.781449433008
112,"208_fs3-00005.jpg",327.363388936187,291.483270764978
113,"208_fs3-00005.jpg",327.394890091685,292.185007353671
114,"208_fs3-00005.jpg",327.427627840926,292.886616550775
115,"208_fs3-00005.jpg",327.461594850751,293.588055707978
116,"208_fs3-00005.jpg",327.496783788001,294.289282176968
117,"208_fs3-00005.jpg",327.533187319517,294.990253309433
118,"208_fs3-00005.jpg",327.585001830707,295.690838506101
119,"208_fs3-00005.jpg",327.674053020852,296.390386504247
120,"208_fs3-00005.jpg",327.798713118453,297.088055153462
121,"208_fs3-00005.jpg",327.957034998921,297.783002014335
122,"208_fs3-00005.jpg",328.147071537662,298.474384647456
123,"208_fs3-00005.jpg",328.366875610087,299.161360613411
124,"208_fs3-00005.jpg",328.614500091603,299.843087472791
125,"208_fs3-00005.jpg",328.887997857619,300.518722786183
126,"208_fs3-00005.jpg",329.185421783543,301.187424114176
127,"208_fs3-00005.jpg",329.504824744785,301.84834901736
128,"208_fs3-00005.jpg",329.844259616753,302.500655056322
129,"208_fs3-00005.jpg",330.201779274855,303.143499791652
130,"208_fs3-00005.jpg",330.5754365945,303.776040783938
131,"208_fs3-00005.jpg",330.963284451097,304.397435593768
132,"208_fs3-00005.jpg",331.363375720053,305.006841781732
133,"208_fs3-00005.jpg",331.773763276778,305.603416908418
134,"208_fs3-00005.jpg",332.192499996681,306.186318534414
135,"208_fs3-00005.jpg",332.617638755169,306.75470422031
136,"208_fs3-00005.jpg",333.047232427651,307.307731526693
137,"208_fs3-00005.jpg",333.479333889537,307.844558014154
138,"208_fs3-00005.jpg",333.911996016234,308.36434124328
139,"208_fs3-00005.jpg",334.343271683151,308.866238774659
140,"208_fs3-00005.jpg",334.771262989171,309.349408184747
141,"208_fs3-00005.jpg",335.218353633196,309.813184483679
142,"208_fs3-00005.jpg",335.702343535863,310.257519644196
143,"208_fs3-00005.jpg",336.220497647517,310.682499650171
144,"208_fs3-00005.jpg",336.770080918501,311.08821048548
145,"208_fs3-00005.jpg",337.348358299161,311.474738133999
146,"208_fs3-00005.jpg",337.952594739843,311.8421685796
147,"208_fs3-00005.jpg",338.58005519089,312.19058780616
148,"208_fs3-00005.jpg",339.228004602647,312.520081797553
149,"208_fs3-00005.jpg",339.89370792546,312.830736537655
150,"208_fs3-00005.jpg",340.574430109673,313.122638010339
151,"208_fs3-00005.jpg",341.267436105631,313.39587219948
152,"208_fs3-00005.jpg",341.969990863679,313.650525088955
153,"208_fs3-00005.jpg",342.679359334162,313.886682662636
154,"208_fs3-00005.jpg",343.392806467425,314.1044309044
155,"208_fs3-00005.jpg",344.107597213812,314.303855798121
156,"208_fs3-00005.jpg",344.820996523668,314.485043327674
157,"208_fs3-00005.jpg",345.530269347338,314.648079476933
158,"208_fs3-00005.jpg",346.232680635167,314.793050229774
159,"208_fs3-00005.jpg",346.9254953375,314.920041570071
160,"208_fs3-00005.jpg",347.605978404682,315.0291394817
161,"208_fs3-00005.jpg",348.272798245856,315.120428885102
162,"208_fs3-00005.jpg",348.950803126787,315.193884504288
163,"208_fs3-00005.jpg",349.648056940954,315.249276327492
164,"208_fs3-00005.jpg",350.361971637958,315.286352065787
165,"208_fs3-00005.jpg",351.089959167398,315.304859430242
166,"208_fs3-00005.jpg",351.829431478875,315.304546131931
167,"208_fs3-00005.jpg",352.57780052199,315.285159881923
168,"208_fs3-00005.jpg",353.332478246344,315.246448391291
169,"208_fs3-00005.jpg",354.090876601538,315.188159371106
170,"208_fs3-00005.jpg",354.850407537171,315.110040532439
171,"208_fs3-00005.jpg",355.608483002844,315.011839586361
172,"208_fs3-00005.jpg",356.362514948158,314.893304243943
173,"208_fs3-00005.jpg",357.109915322714,314.754182216258
174,"208_fs3-00005.jpg",357.848096076112,314.594221214375
175,"208_fs3-00005.jpg",358.574469157953,314.413168949368
176,"208_fs3-00005.jpg",359.286446517837,314.210773132306
177,"208_fs3-00005.jpg",359.981440105365,313.986781474262
178,"208_fs3-00005.jpg",360.656861870138,313.740941686306
179,"208_fs3-00005.jpg",361.310123761756,313.47300147951
180,"208_fs3-00005.jpg",361.938637729819,313.182708564945
181,"208_fs3-00005.jpg",362.539815723929,312.869810653683
182,"208_fs3-00005.jpg",363.111069693686,312.534055456794
183,"208_fs3-00005.jpg",363.64981158869,312.175190685351
184,"208_fs3-00005.jpg",364.153453358543,311.792964050424
185,"208_fs3-00005.jpg",364.620348366791,311.387123263085
186,"208_fs3-00005.jpg",365.068972765389,310.957416034405
187,"208_fs3-00005.jpg",365.506859579301,310.503590075455
188,"208_fs3-00005.jpg",365.933335960289,310.025393097307
189,"208_fs3-00005.jpg",366.347729060119,309.522572811032
190,"208_fs3-00005.jpg",366.749366030553,308.994876927702
191,"208_fs3-00005.jpg",367.137574023356,308.442053158387
192,"208_fs3-00005.jpg",367.511680190292,307.863849214159
193,"208_fs3-00005.jpg",367.871011683123,307.260012806089
194,"208_fs3-00005.jpg",368.214895653615,306.630291645249
195,"208_fs3-00005.jpg",368.54265925353,305.97443344271
196,"208_fs3-00005.jpg",368.853629634633,305.292185909544
197,"208_fs3-00005.jpg",369.147133948688,304.583296756821
198,"208_fs3-00005.jpg",369.422499347458,303.847513695612
199,"208_fs3-00005.jpg",369.679052982707,303.08458443699
200,"208_fs3-00005.jpg",369.916122006199,302.294256692026
1,"208_fs3-00006.jpg",325.167,203.833
2,"208_fs3-00006.jpg",325.396264708654,204.4768178373
3,"208_fs3-00006.jpg",325.623436827614,205.121928190867
4,"208_fs3-00006.jpg",325.848384837644,205.768308524076
5,"208_fs3-00006.jpg",326.070977219508,206.415936300301
6,"208_fs3-00006.jpg",326.291082453968,207.064788982918
7,"208_fs3-00006.jpg",326.508569021789,207.714844035301
8,"208_fs3-00006.jpg",326.723305403735,208.366078920827
9,"208_fs3-00006.jpg",326.935160080569,209.018471102869
10,"208_fs3-00006.jpg",327.144001533054,209.671998044803
11,"208_fs3-00006.jpg",327.349698241956,210.326637210003
12,"208_fs3-00006.jpg",327.552118688037,210.982366061846
13,"208_fs3-00006.jpg",327.751131352061,211.639162063705
14,"208_fs3-00006.jpg",327.946604714792,212.297002678956
15,"208_fs3-00006.jpg",328.138407256994,212.955865370973
16,"208_fs3-00006.jpg",328.32640745943,213.615727603133
17,"208_fs3-00006.jpg",328.510473802864,214.276566838809
18,"208_fs3-00006.jpg",328.69047476806,214.938360541378
19,"208_fs3-00006.jpg",328.866278835781,215.601086174213
20,"208_fs3-00006.jpg",329.037754486791,216.26472120069
21,"208_fs3-00006.jpg",329.204770201854,216.929243084184
22,"208_fs3-00006.jpg",329.367194461734,217.59462928807
23,"208_fs3-00006.jpg",329.524895747195,218.260857275723
24,"208_fs3-00006.jpg",329.677742538999,218.927904510518
25,"208_fs3-00006.jpg",329.825603317911,219.595748455829
26,"208_fs3-00006.jpg",329.968346564695,220.264366575033
27,"208_fs3-00006.jpg",330.105840760114,220.933736331504
28,"208_fs3-00006.jpg",330.237954384932,221.603835188617
29,"208_fs3-00006.jpg",330.364555919912,222.274640609746
30,"208_fs3-00006.jpg",330.48551384582,222.946130058268
31,"208_fs3-00006.jpg",330.600696643417,223.618280997557
32,"208_fs3-00006.jpg",330.709972793468,224.291070890988
33,"208_fs3-00006.jpg",330.813210776736,224.964477201936
34,"208_fs3-00006.jpg",330.910279073986,225.638477393776
35,"208_fs3-00006.jpg",331.001046165981,226.313048929883
36,"208_fs3-00006.jpg",331.085380533485,226.988169273633
37,"208_fs3-00006.jpg",331.163150657261,227.663815888399
38,"208_fs3-00006.jpg",331.234225018074,228.339966237558
39,"208_fs3-00006.jpg",331.298472096686,229.016597784484
40,"208_fs3-00006.jpg",331.355760373862,229.693687992552
41,"208_fs3-00006.jpg",331.405958330365,230.371214325137
42,"208_fs3-00006.jpg",331.448934446959,231.049154245614
43,"208_fs3-00006.jpg",331.484671932437,231.727485217359
44,"208_fs3-00006.jpg",331.51756621037,232.406184703746
45,"208_fs3-00006.jpg",331.549883698636,233.08523016815
46,"208_fs3-00006.jpg",331.581572862175,233.764599073946
47,"208_fs3-00006.jpg",331.612582165929,234.44426888451
48,"208_fs3-00006.jpg",331.642860074837,235.124217063216
49,"208_fs3-00006.jpg",331.67235505384,235.804421073439
50,"208_fs3-00006.jpg",331.701015567879,236.484858378554
51,"208_fs3-00006.jpg",331.728790081894,237.165506441937
52,"208_fs3-00006.jpg",331.755627060826,237.846342726963
53,"208_fs3-00006.jpg",331.781474969616,238.527344697005
54,"208_fs3-00006.jpg",331.806282273203,239.20848981544
55,"208_fs3-00006.jpg",331.829997436529,239.889755545643
56,"208_fs3-00006.jpg",331.852568924533,240.571119350988
57,"208_fs3-00006.jpg",331.873945202158,241.25255869485
58,"208_fs3-00006.jpg",331.894074734342,241.934051040605
59,"208_fs3-00006.jpg",331.912905986027,242.615573851627
60,"208_fs3-00006.jpg",331.930387422153,243.297104591291
61,"208_fs3-00006.jpg",331.946467507661,243.978620722973
62,"208_fs3-00006.jpg",331.961094707492,244.660099710048
63,"208_fs3-00006.jpg",331.974217486585,245.34151901589
64,"208_fs3-00006.jpg",331.985784309882,246.022856103875
65,"208_fs3-00006.jpg",331.995743642322,246.704088437377
66,"208_fs3-00006.jpg",332.004043948848,247.385193479772
67,"208_fs3-00006.jpg",332.010633694398,248.066148694434
68,"208_fs3-00006.jpg",332.015461343914,248.746931544739
69,"208_fs3-00006.jpg",332.018475362336,249.427519494062
70,"208_fs3-00006.jpg",332.019624214605,250.107890005777
71,"208_fs3-00006.jpg",332.014838778932,250.788021124779
72,"208_fs3-00006.jpg",331.99849619958,251.467894077275
73,"208_fs3-00006.jpg",331.971090614317,252.14749117186
74,"208_fs3-00006.jpg",331.933171048457,252.826794718035
75,"208_fs3-00006.jpg",331.885286527314,253.505787025296
76,"208_fs3-00006.jpg",331.827986076203,254.184450403142
77,"208_fs3-00006.jpg",331.761818720435,254.862767161071
78,"208_fs3-00006.jpg",331.687333485327,255.540719608581
79,"208_fs3-00006.jpg",331.605079396191,256.21829005517
80,"208_fs3-00006.jpg",331.515605478342,256.895460810337
81,"208_fs3-00006.jpg",331.419460757092,257.572214183579
82,"208_fs3-00006.jpg",331.317194257757,258.248532484395
83,"208_fs3-00006.jpg",331.20935500565,258.924398022283
84,"208_fs3-00006.jpg",331.096492026084,259.599793106742
85,"208_fs3-00006.jpg",330.979154344375,260.274700047268
86,"208_fs3-00006.jpg",330.857890985835,260.949101153361
87,"208_fs3-00006.jpg",330.733250975779,261.622978734518
88,"208_fs3-00006.jpg",330.60578333952,262.296315100239
89,"208_fs3-00006.jpg",330.476037102372,262.96909256002
90,"208_fs3-00006.jpg",330.344561289649,263.64129342336
91,"208_fs3-00006.jpg",330.211904926666,264.312899999758
92,"208_fs3-00006.jpg",330.078617038735,264.98389459871
93,"208_fs3-00006.jpg",329.945246651171,265.654259529717
94,"208_fs3-00006.jpg",329.812342789288,266.323977102275
95,"208_fs3-00006.jpg",329.680454478399,266.993029625883
96,"208_fs3-00006.jpg",329.550130743819,267.66139941004
97,"208_fs3-00006.jpg",329.421920610861,268.329068764242
98,"208_fs3-00006.jpg",329.296373104839,268.996019997989
99,"208_fs3-00006.jpg",329.174037251067,269.662235420778
100,"208_fs3-00006.jpg",329.055462074859,270.327697342108
101,"208_fs3-00006.jpg",328.941091110314,270.992388104847
102,"208_fs3-00006.jpg",328.82182346168,271.656321092843
103,"208_fs3-00006.jpg",328.692312591737,272.319598244296
104,"208_fs3-00006.jpg",328.553662811223,272.982337185653
105,"208_fs3-00006.jpg",328.406978430874,273.644655543364
106,"208_fs3-00006.jpg",328.253363761429,274.306670943876
107,"208_fs3-00006.jpg",328.093923113625,274.968501013638
108,"208_fs3-00006.jpg",327.9297607982,275.630263379098
109,"208_fs3-00006.jpg",327.761981125891,276.292075666706
110,"208_fs3-00006.jpg",327.591688407436,276.954055502908
111,"208_fs3-00006.jpg",327.419986953572,277.616320514155
112,"208_fs3-00006.jpg",327.247981075037,278.278988326895
113,"208_fs3-00006.jpg",327.07677508257,278.942176567575
114,"208_fs3-00006.jpg",326.907473286906,279.606002862645
115,"208_fs3-00006.jpg",326.741179998784,280.270584838553
116,"208_fs3-00006.jpg",326.578999528942,280.936040121747
117,"208_fs3-00006.jpg",326.422036188117,281.602486338676
118,"208_fs3-00006.jpg",326.271394287046,282.270041115789
119,"208_fs3-00006.jpg",326.128178136468,282.938822079533
120,"208_fs3-00006.jpg",325.993492047119,283.608946856358
121,"208_fs3-00006.jpg",325.868440329738,284.280533072712
122,"208_fs3-00006.jpg",325.754127295062,284.953698355043
123,"208_fs3-00006.jpg",325.651657253829,285.6285603298
124,"208_fs3-00006.jpg",325.562134516775,286.305236623431
125,"208_fs3-00006.jpg",325.48666339464,286.983844862385
126,"208_fs3-00006.jpg",325.42634819816,287.66450267311
127,"208_fs3-00006.jpg",325.382293238073,288.347327682055
128,"208_fs3-00006.jpg",325.355602825116,289.032437515669
129,"208_fs3-00006.jpg",325.347344517379,289.719949774707
130,"208_fs3-00006.jpg",325.350076106621,290.409892908936
131,"208_fs3-00006.jpg",325.357535875279,291.102006608613
132,"208_fs3-00006.jpg",325.369642062611,291.795972205723
133,"208_fs3-00006.jpg",325.386312907871,292.491471032249
134,"208_fs3-00006.jpg",325.407466650315,293.188184420176
135,"208_fs3-00006.jpg",325.433021529198,293.885793701488
136,"208_fs3-00006.jpg",325.462895783776,294.58398020817
137,"208_fs3-00006.jpg",325.497007653305,295.282425272206
138,"208_fs3-00006.jpg",325.535275377039,295.98081022558
139,"208_fs3-00006.jpg",325.577617194235,296.678816400277
140,"208_fs3-00006.jpg",325.623951344148,297.376125128281
141,"208_fs3-00006.jpg",325.674196066033,298.072417741577
142,"208_fs3-00006.jpg",325.728269599147,298.767375572148
143,"208_fs3-00006.jpg",325.786090182744,299.46067995198
144,"208_fs3-00006.jpg",325.84757605608,300.152012213056
145,"208_fs3-00006.jpg",325.91264545841,300.841053687361
146,"208_fs3-00006.jpg",325.981216628991,301.527485706879
147,"208_fs3-00006.jpg",326.053207807077,302.210989603594
148,"208_fs3-00006.jpg",326.128537231925,302.891246709492
149,"208_fs3-00006.jpg",326.207123142789,303.567938356556
150,"208_fs3-00006.jpg",326.288883778925,304.24074587677
151,"208_fs3-00006.jpg",326.37373737959,304.90935060212
152,"208_fs3-00006.jpg",326.461602184037,305.573433864588
153,"208_fs3-00006.jpg",326.552396431523,306.232676996161
154,"208_fs3-00006.jpg",326.646038361304,306.886761328821
155,"208_fs3-00006.jpg",326.742446212634,307.535368194554
156,"208_fs3-00006.jpg",326.84153822477,308.178178925344
157,"208_fs3-00006.jpg",326.943232636967,308.814874853175
158,"208_fs3-00006.jpg",327.04744768848,309.445137310031
159,"208_fs3-00006.jpg",327.154127664625,310.068647625699
160,"208_fs3-00006.jpg",327.28988253206,310.685013059116
161,"208_fs3-00006.jpg",327.476617365987,311.293571634658
162,"208_fs3-00006.jpg",327.711966300584,311.893600223128
163,"208_fs3-00006.jpg",327.99356347003,312.48437569533
164,"208_fs3-00006.jpg",328.319043008503,313.065174922067
165,"208_fs3-00006.jpg",328.686039050183,313.635274774143
166,"208_fs3-00006.jpg",329.092185729247,314.193952122361
167,"208_fs3-00006.jpg",329.535117179874,314.740483837526
168,"208_fs3-00006.jpg",330.012467536243,315.274146790441
169,"208_fs3-00006.jpg",330.521870932532,315.794217851909
170,"208_fs3-00006.jpg",331.060961502921,316.299973892733
171,"208_fs3-00006.jpg",331.627373381587,316.790691783718
172,"208_fs3-00006.jpg",332.21874070271,317.265648395667
173,"208_fs3-00006.jpg",332.832697600467,317.724120599384
174,"208_fs3-00006.jpg",333.466878209038,318.165385265672
175,"208_fs3-00006.jpg",334.118916662601,318.588719265334
176,"208_fs3-00006.jpg",334.786447095335,318.993399469175
177,"208_fs3-00006.jpg",335.467103641418,319.378702747998
178,"208_fs3-00006.jpg",336.158520435029,319.743905972606
179,"208_fs3-00006.jpg",336.858331610346,320.088286013803
180,"208_fs3-00006.jpg",337.564171301549,320.411119742393
181,"208_fs3-00006.jpg",338.273673642815,320.711684029179
182,"208_fs3-00006.jpg",338.984472768324,320.989255744965
183,"208_fs3-00006.jpg",339.694202812254,321.243111760554
184,"208_fs3-00006.jpg",340.400497908783,321.47252894675
185,"208_fs3-00006.jpg",341.10099219209,321.676784174356
186,"208_fs3-00006.jpg",341.793319796354,321.855154314177
187,"208_fs3-00006.jpg",342.475114855754,322.006916237015
188,"208_fs3-00006.jpg",343.144011504468,322.131346813674
189,"208_fs3-00006.jpg",343.797643876674,322.227722914958
190,"208_fs3-00006.jpg",344.433646106551,322.295321411671
191,"208_fs3-00006.jpg",345.057812090965,322.333419174615
192,"208_fs3-00006.jpg",345.694872438094,322.341293074595
193,"208_fs3-00006.jpg",346.34527304325,322.318219982414
194,"208_fs3-00006.jpg",347.007386213236,322.263476768876
195,"208_fs3-00006.jpg",347.679584254856,322.176340304784
196,"208_fs3-00006.jpg",348.360239474912,322.056087460941
197,"208_fs3-00006.jpg",349.047724180208,321.901995108153
198,"208_fs3-00006.jpg",349.740410677548,321.713340117221
199,"208_fs3-00006.jpg",350.436671273734,321.489399358949
200,"208_fs3-00006.jpg",351.13487827557,321.229449704142
1,"208_fs3-00007.jpg",330.833,192.5
2,"208_fs3-00007.jpg",330.833421435637,193.183685457665
3,"208_fs3-00007.jpg",330.83467327759,193.867252092556
4,"208_fs3-00007.jpg",330.836736828416,194.550701934065
5,"208_fs3-00007.jpg",330.839593390676,195.234037011581
6,"208_fs3-00007.jpg",330.84322426693,195.917259354492
7,"208_fs3-00007.jpg",330.847610759737,196.600370992188
8,"208_fs3-00007.jpg",330.852734171657,197.28337395406
9,"208_fs3-00007.jpg",330.85857580525,197.966270269495
10,"208_fs3-00007.jpg",330.865116963074,198.649061967885
11,"208_fs3-00007.jpg",330.87233894769,199.331751078618
12,"208_fs3-00007.jpg",330.880223061658,200.014339631083
13,"208_fs3-00007.jpg",330.888750607537,200.696829654671
14,"208_fs3-00007.jpg",330.897902887886,201.379223178771
15,"208_fs3-00007.jpg",330.907661205266,202.061522232771
16,"208_fs3-00007.jpg",330.918006862235,202.743728846063
17,"208_fs3-00007.jpg",330.928921161354,203.425845048035
18,"208_fs3-00007.jpg",330.940385405183,204.107872868076
19,"208_fs3-00007.jpg",330.95238089628,204.789814335577
20,"208_fs3-00007.jpg",330.964888937206,205.471671479926
21,"208_fs3-00007.jpg",330.97789083052,206.153446330514
22,"208_fs3-00007.jpg",330.991367878781,206.835140916729
23,"208_fs3-00007.jpg",331.00530138455,207.516757267961
24,"208_fs3-00007.jpg",331.019672650386,208.1982974136
25,"208_fs3-00007.jpg",331.034462978849,208.879763383035
26,"208_fs3-00007.jpg",331.049653672498,209.561157205656
27,"208_fs3-00007.jpg",331.065226033893,210.242480910852
28,"208_fs3-00007.jpg",331.081161365594,210.923736528012
29,"208_fs3-00007.jpg",331.09744097016,211.604926086526
30,"208_fs3-00007.jpg",331.11404615015,212.286051615784
31,"208_fs3-00007.jpg",331.130958208126,212.967115145175
32,"208_fs3-00007.jpg",331.148158446645,213.648118704088
33,"208_fs3-00007.jpg",331.165628168268,214.329064321914
34,"208_fs3-00007.jpg",331.183348675555,215.009954028041
35,"208_fs3-00007.jpg",331.201690928891,215.690789851858
36,"208_fs3-00007.jpg",331.223787464584,216.371573822757
37,"208_fs3-00007.jpg",331.250123905614,217.052307970125
38,"208_fs3-00007.jpg",331.280453229867,217.732994323352
39,"208_fs3-00007.jpg",331.314528415228,218.413634911829
40,"208_fs3-00007.jpg",331.352102439583,219.094231764944
41,"208_fs3-00007.jpg",331.392928280819,219.774786912087
42,"208_fs3-00007.jpg",331.43675891682,220.455302382647
43,"208_fs3-00007.jpg",331.483347325472,221.135780206014
44,"208_fs3-00007.jpg",331.532446484661,221.816222411577
45,"208_fs3-00007.jpg",331.583809372273,222.496631028726
46,"208_fs3-00007.jpg",331.637188966194,223.177008086851
47,"208_fs3-00007.jpg",331.692338244309,223.85735561534
48,"208_fs3-00007.jpg",331.749010184503,224.537675643583
49,"208_fs3-00007.jpg",331.806957764663,225.217970200971
50,"208_fs3-00007.jpg",331.865933962674,225.898241316891
51,"208_fs3-00007.jpg",331.925691756422,226.578491020734
52,"208_fs3-00007.jpg",331.985984123793,227.25872134189
53,"208_fs3-00007.jpg",332.046564042672,227.938934309747
54,"208_fs3-00007.jpg",332.107184490946,228.619131953695
55,"208_fs3-00007.jpg",332.167598446498,229.299316303125
56,"208_fs3-00007.jpg",332.227558887217,229.979489387424
57,"208_fs3-00007.jpg",332.286818790986,230.659653235983
58,"208_fs3-00007.jpg",332.345131135693,231.339809878191
59,"208_fs3-00007.jpg",332.402248899221,232.019961343437
60,"208_fs3-00007.jpg",332.457925059459,232.700109661112
61,"208_fs3-00007.jpg",332.51191259429,233.380256860604
62,"208_fs3-00007.jpg",332.5639644816,234.060404971304
63,"208_fs3-00007.jpg",332.613833699276,234.7405560226
64,"208_fs3-00007.jpg",332.662050739145,235.420712077426
65,"208_fs3-00007.jpg",332.712439891449,236.100875863849
66,"208_fs3-00007.jpg",332.765268082131,236.781050720841
67,"208_fs3-00007.jpg",332.820200177467,237.461240010051
68,"208_fs3-00007.jpg",332.876901043732,238.141447093125
69,"208_fs3-00007.jpg",332.9350355472,238.821675331712
70,"208_fs3-00007.jpg",332.994268554146,239.501928087458
71,"208_fs3-00007.jpg",333.054264930847,240.182208722011
72,"208_fs3-00007.jpg",333.114689543576,240.862520597018
73,"208_fs3-00007.jpg",333.175207258609,241.542867074127
74,"208_fs3-00007.jpg",333.23548294222,242.223251514985
75,"208_fs3-00007.jpg",333.295181460686,242.903677281239
76,"208_fs3-00007.jpg",333.35396768028,243.584147734538
77,"208_fs3-00007.jpg",333.411506467279,244.264666236527
78,"208_fs3-00007.jpg",333.467462687956,244.945236148856
79,"208_fs3-00007.jpg",333.521501208587,245.62586083317
80,"208_fs3-00007.jpg",333.573286895447,246.306543651118
81,"208_fs3-00007.jpg",333.622484614812,246.987287964347
82,"208_fs3-00007.jpg",333.668759232955,247.668097134504
83,"208_fs3-00007.jpg",333.711775616152,248.348974523237
84,"208_fs3-00007.jpg",333.751198630679,249.029923492193
85,"208_fs3-00007.jpg",333.78669314281,249.710947403019
86,"208_fs3-00007.jpg",333.81792401882,250.392049617364
87,"208_fs3-00007.jpg",333.844556124984,251.073233496874
88,"208_fs3-00007.jpg",333.866254327578,251.754502403196
89,"208_fs3-00007.jpg",333.882683492876,252.435859697979
90,"208_fs3-00007.jpg",333.893508487154,253.117308742869
91,"208_fs3-00007.jpg",333.898394176685,253.798852899514
92,"208_fs3-00007.jpg",333.896305174276,254.480492726512
93,"208_fs3-00007.jpg",333.885308670822,255.162201275833
94,"208_fs3-00007.jpg",333.865628049034,255.843936000584
95,"208_fs3-00007.jpg",333.837607602415,256.525654175323
96,"208_fs3-00007.jpg",333.801591624465,257.20731307461
97,"208_fs3-00007.jpg",333.757924408686,257.888869973001
98,"208_fs3-00007.jpg",333.706950248578,258.570282145057
99,"208_fs3-00007.jpg",333.649013437645,259.251506865336
100,"208_fs3-00007.jpg",333.584458269386,259.932501408395
101,"208_fs3-00007.jpg",333.513629037304,260.613223048795
102,"208_fs3-00007.jpg",333.436870034899,261.293629061093
103,"208_fs3-00007.jpg",333.354525555673,261.973676719848
104,"208_fs3-00007.jpg",333.266939893127,262.653323299619
105,"208_fs3-00007.jpg",333.174457340763,263.332526074964
106,"208_fs3-00007.jpg",333.077422192082,264.011242320441
107,"208_fs3-00007.jpg",332.976178740585,264.68942931061
108,"208_fs3-00007.jpg",332.871071279774,265.367044320029
109,"208_fs3-00007.jpg",332.762444103149,266.044044623257
110,"208_fs3-00007.jpg",332.650641504213,266.720387494852
111,"208_fs3-00007.jpg",332.536007776466,267.396030209372
112,"208_fs3-00007.jpg",332.418887213411,268.070930041377
113,"208_fs3-00007.jpg",332.299624108548,268.745044265424
114,"208_fs3-00007.jpg",332.178562755378,269.418330156073
115,"208_fs3-00007.jpg",332.056047447404,270.090744987882
116,"208_fs3-00007.jpg",331.932422478125,270.76224603541
117,"208_fs3-00007.jpg",331.808032141045,271.432790573215
118,"208_fs3-00007.jpg",331.683220729663,272.102335875856
119,"208_fs3-00007.jpg",331.558332537482,272.770839217891
120,"208_fs3-00007.jpg",331.433711858003,273.438257873879
121,"208_fs3-00007.jpg",331.309702984726,274.104549118379
122,"208_fs3-00007.jpg",331.186629218749,274.769670228525
123,"208_fs3-00007.jpg",331.05779743568,275.433594687308
124,"208_fs3-00007.jpg",330.91811558934,276.09635060086
125,"208_fs3-00007.jpg",330.768225034173,276.757977571821
126,"208_fs3-00007.jpg",330.608767124625,277.41851520283
127,"208_fs3-00007.jpg",330.44038321514,278.078003096529
128,"208_fs3-00007.jpg",330.263714660161,278.736480855556
129,"208_fs3-00007.jpg",330.079402814134,279.393988082552
130,"208_fs3-00007.jpg",329.888089031504,280.050564380158
131,"208_fs3-00007.jpg",329.690414666713,280.706249351012
132,"208_fs3-00007.jpg",329.487021074208,281.361082597755
133,"208_fs3-00007.jpg",329.278549608431,282.015103723028
134,"208_fs3-00007.jpg",329.065641623829,282.668352329469
135,"208_fs3-00007.jpg",328.848938474845,283.32086801972
136,"208_fs3-00007.jpg",328.629081515923,283.97269039642
137,"208_fs3-00007.jpg",328.406712101509,284.623859062208
138,"208_fs3-00007.jpg",328.182471586046,285.274413619726
139,"208_fs3-00007.jpg",327.957001323978,285.924393671614
140,"208_fs3-00007.jpg",327.730942669752,286.57383882051
141,"208_fs3-00007.jpg",327.50493697781,287.222788669056
142,"208_fs3-00007.jpg",327.279625602597,287.871282819891
143,"208_fs3-00007.jpg",327.055649898558,288.519360875655
144,"208_fs3-00007.jpg",326.833651220138,289.167062438989
145,"208_fs3-00007.jpg",326.61427092178,289.814427112532
146,"208_fs3-00007.jpg",326.398150357928,290.461494498924
147,"208_fs3-00007.jpg",326.185930883029,291.108304200806
148,"208_fs3-00007.jpg",325.978253851525,291.754895820817
149,"208_fs3-00007.jpg",325.775760617862,292.401308961598
150,"208_fs3-00007.jpg",325.579092536483,293.047583225788
151,"208_fs3-00007.jpg",325.388890961834,293.693758216028
152,"208_fs3-00007.jpg",325.205294319871,294.339873924562
153,"208_fs3-00007.jpg",325.013660616178,294.986048061611
154,"208_fs3-00007.jpg",324.8092963465,295.632569399919
155,"208_fs3-00007.jpg",324.59535036092,296.279749500266
156,"208_fs3-00007.jpg",324.374971509516,296.927899923433
157,"208_fs3-00007.jpg",324.15130864237,297.577332230198
158,"208_fs3-00007.jpg",323.927510609562,298.228357981342
159,"208_fs3-00007.jpg",323.706726261172,298.881288737644
160,"208_fs3-00007.jpg",323.492104447282,299.536436059885
161,"208_fs3-00007.jpg",323.286794017972,300.194111508844
162,"208_fs3-00007.jpg",323.093943823322,300.854626645302
163,"208_fs3-00007.jpg",322.916702713413,301.518293030037
164,"208_fs3-00007.jpg",322.758219538325,302.18542222383
165,"208_fs3-00007.jpg",322.62164314814,302.85632578746
166,"208_fs3-00007.jpg",322.510122392936,303.531315281708
167,"208_fs3-00007.jpg",322.426806122796,304.210702267354
168,"208_fs3-00007.jpg",322.3748431878,304.894798305176
169,"208_fs3-00007.jpg",322.35737955263,305.583914951801
170,"208_fs3-00007.jpg",322.370685419348,306.27796503474
171,"208_fs3-00007.jpg",322.408327933104,306.975369750138
172,"208_fs3-00007.jpg",322.468637841693,307.674201555707
173,"208_fs3-00007.jpg",322.549945892909,308.37253290916
174,"208_fs3-00007.jpg",322.650582834546,309.068436268208
175,"208_fs3-00007.jpg",322.7688794144,309.759984090564
176,"208_fs3-00007.jpg",322.903166380266,310.445248833941
177,"208_fs3-00007.jpg",323.051774479938,311.122302956051
178,"208_fs3-00007.jpg",323.21303446121,311.789218914606
179,"208_fs3-00007.jpg",323.385277071878,312.44406916732
180,"208_fs3-00007.jpg",323.566833059736,313.084926171903
181,"208_fs3-00007.jpg",323.756033172579,313.70986238607
182,"208_fs3-00007.jpg",323.951208158202,314.316950267532
183,"208_fs3-00007.jpg",324.171036202977,314.904262274002
184,"208_fs3-00007.jpg",324.44841994354,315.469870863192
185,"208_fs3-00007.jpg",324.781522513835,316.011848492814
186,"208_fs3-00007.jpg",325.167896846364,316.528267620582
187,"208_fs3-00007.jpg",325.605095873627,317.017200704207
188,"208_fs3-00007.jpg",326.090672528124,317.476720201402
189,"208_fs3-00007.jpg",326.622179742356,317.90489856988
190,"208_fs3-00007.jpg",327.197170448823,318.299808267352
191,"208_fs3-00007.jpg",327.813197580025,318.659521751532
192,"208_fs3-00007.jpg",328.467814068465,318.982111480131
193,"208_fs3-00007.jpg",329.158572846641,319.265649910863
194,"208_fs3-00007.jpg",329.883026847054,319.508209501439
195,"208_fs3-00007.jpg",330.638729002205,319.707862709573
196,"208_fs3-00007.jpg",331.423232244594,319.862681992975
197,"208_fs3-00007.jpg",332.234089506723,319.97073980936
198,"208_fs3-00007.jpg",333.06885372109,320.030108616439
199,"208_fs3-00007.jpg",333.925077820198,320.038860871925
200,"208_fs3-00007.jpg",334.800314736546,319.995069033531
1,"208_fs3-00008.jpg",344.5,181.833
2,"208_fs3-00008.jpg",344.042176211765,182.327752710834
3,"208_fs3-00008.jpg",343.588908526511,182.82899850807
4,"208_fs3-00008.jpg",343.140638608043,183.336611680319
5,"208_fs3-00008.jpg",342.697808120163,183.850466516191
6,"208_fs3-00008.jpg",342.260858726674,184.370437304296
7,"208_fs3-00008.jpg",341.830232091379,184.896398333244
8,"208_fs3-00008.jpg",341.406369878082,185.428223891647
9,"208_fs3-00008.jpg",340.989713750585,185.965788268113
10,"208_fs3-00008.jpg",340.580705372692,186.508965751254
11,"208_fs3-00008.jpg",340.179786408206,187.05763062968
12,"208_fs3-00008.jpg",339.78739852093,187.611657192001
13,"208_fs3-00008.jpg",339.403983374667,188.170919726826
14,"208_fs3-00008.jpg",339.02998263322,188.735292522768
15,"208_fs3-00008.jpg",338.665837960393,189.304649868435
16,"208_fs3-00008.jpg",338.311991019988,189.878866052438
17,"208_fs3-00008.jpg",337.968883475809,190.457815363387
18,"208_fs3-00008.jpg",337.636956991658,191.041372089894
19,"208_fs3-00008.jpg",337.31665323134,191.629410520567
20,"208_fs3-00008.jpg",337.008413858656,192.221804944017
21,"208_fs3-00008.jpg",336.71268053741,192.818429648855
22,"208_fs3-00008.jpg",336.429894931406,193.41915892369
23,"208_fs3-00008.jpg",336.160498704446,194.023867057134
24,"208_fs3-00008.jpg",335.904933520334,194.632428337796
25,"208_fs3-00008.jpg",335.663641042873,195.244717054286
26,"208_fs3-00008.jpg",335.437062935865,195.860607495216
27,"208_fs3-00008.jpg",335.225640863114,196.479973949194
28,"208_fs3-00008.jpg",335.02786335256,197.102690704832
29,"208_fs3-00008.jpg",334.831733924206,197.72863205074
30,"208_fs3-00008.jpg",334.635587457917,198.357672275528
31,"208_fs3-00008.jpg",334.439975405899,198.989685667806
32,"208_fs3-00008.jpg",334.245449220361,199.624546516185
33,"208_fs3-00008.jpg",334.052560353512,200.262129109274
34,"208_fs3-00008.jpg",333.861860257557,200.902307735685
35,"208_fs3-00008.jpg",333.673900384707,201.544956684027
36,"208_fs3-00008.jpg",333.489232187168,202.189950242911
37,"208_fs3-00008.jpg",333.308407117149,202.837162700947
38,"208_fs3-00008.jpg",333.131976626858,203.486468346745
39,"208_fs3-00008.jpg",332.960492168501,204.137741468916
40,"208_fs3-00008.jpg",332.794505194288,204.790856356069
41,"208_fs3-00008.jpg",332.634567156427,205.445687296816
42,"208_fs3-00008.jpg",332.481229507124,206.102108579766
43,"208_fs3-00008.jpg",332.335043698588,206.75999449353
44,"208_fs3-00008.jpg",332.196561183028,207.419219326718
45,"208_fs3-00008.jpg",332.06633341265,208.07965736794
46,"208_fs3-00008.jpg",331.944911839663,208.741182905806
47,"208_fs3-00008.jpg",331.832847916275,209.403670228928
48,"208_fs3-00008.jpg",331.730693094694,210.066993625914
49,"208_fs3-00008.jpg",331.638998827127,210.731027385376
50,"208_fs3-00008.jpg",331.558316565783,211.395645795924
51,"208_fs3-00008.jpg",331.489197762869,212.060723146167
52,"208_fs3-00008.jpg",331.432193870594,212.726133724717
53,"208_fs3-00008.jpg",331.387856341165,213.391751820183
54,"208_fs3-00008.jpg",331.35673662679,214.057451721176
55,"208_fs3-00008.jpg",331.339386179677,214.723107716306
56,"208_fs3-00008.jpg",331.336096788262,215.388594663424
57,"208_fs3-00008.jpg",331.342826028725,216.053834579314
58,"208_fs3-00008.jpg",331.357669267247,216.718831235675
59,"208_fs3-00008.jpg",331.380168779245,217.38359655627
60,"208_fs3-00008.jpg",331.409866840136,218.048142464861
61,"208_fs3-00008.jpg",331.446305725338,218.71248088521
62,"208_fs3-00008.jpg",331.489027710269,219.376623741081
63,"208_fs3-00008.jpg",331.537575070345,220.040582956235
64,"208_fs3-00008.jpg",331.591490080984,220.704370454436
65,"208_fs3-00008.jpg",331.650315017603,221.367998159445
66,"208_fs3-00008.jpg",331.71359215562,222.031477995026
67,"208_fs3-00008.jpg",331.780863770452,222.69482188494
68,"208_fs3-00008.jpg",331.851672137516,223.358041752951
69,"208_fs3-00008.jpg",331.92555953223,224.021149522821
70,"208_fs3-00008.jpg",332.002068230011,224.684157118313
71,"208_fs3-00008.jpg",332.080740506277,225.347076463189
72,"208_fs3-00008.jpg",332.161118636445,226.009919481211
73,"208_fs3-00008.jpg",332.242744895932,226.672698096143
74,"208_fs3-00008.jpg",332.325161560155,227.335424231747
75,"208_fs3-00008.jpg",332.407910904532,227.998109811784
76,"208_fs3-00008.jpg",332.490535204481,228.660766760019
77,"208_fs3-00008.jpg",332.572576735419,229.323407000213
78,"208_fs3-00008.jpg",332.653577772762,229.986042456129
79,"208_fs3-00008.jpg",332.733080591929,230.64868505153
80,"208_fs3-00008.jpg",332.810627468337,231.311346710178
81,"208_fs3-00008.jpg",332.885760677403,231.974039355835
82,"208_fs3-00008.jpg",332.958022494545,232.636774912264
83,"208_fs3-00008.jpg",333.026955195179,233.299565303229
84,"208_fs3-00008.jpg",333.092101054724,233.96242245249
85,"208_fs3-00008.jpg",333.153002348596,234.625358283811
86,"208_fs3-00008.jpg",333.209201352214,235.288384720955
87,"208_fs3-00008.jpg",333.260240340993,235.951513687684
88,"208_fs3-00008.jpg",333.305661590353,236.61475710776
89,"208_fs3-00008.jpg",333.346578485067,237.278126360236
90,"208_fs3-00008.jpg",333.387747392175,237.94162654212
91,"208_fs3-00008.jpg",333.42940579972,238.6052587212
92,"208_fs3-00008.jpg",333.471411891961,239.269023899168
93,"208_fs3-00008.jpg",333.513623853154,239.932923077715
94,"208_fs3-00008.jpg",333.555899867557,240.596957258533
95,"208_fs3-00008.jpg",333.598098119429,241.261127443313
96,"208_fs3-00008.jpg",333.640076793026,241.925434633748
97,"208_fs3-00008.jpg",333.681694072607,242.589879831529
98,"208_fs3-00008.jpg",333.722808142428,243.254464038348
99,"208_fs3-00008.jpg",333.763277186748,243.919188255897
100,"208_fs3-00008.jpg",333.802959389825,244.584053485867
101,"208_fs3-00008.jpg",333.841712935915,245.24906072995
102,"208_fs3-00008.jpg",333.879396009277,245.914210989837
103,"208_fs3-00008.jpg",333.915866794168,246.579505267221
104,"208_fs3-00008.jpg",333.950983474846,247.244944563794
105,"208_fs3-00008.jpg",333.984604235569,247.910529881246
106,"208_fs3-00008.jpg",334.016587260594,248.57626222127
107,"208_fs3-00008.jpg",334.046790734179,249.242142585557
108,"208_fs3-00008.jpg",334.075072840581,249.908171975799
109,"208_fs3-00008.jpg",334.101291764058,250.574351393688
110,"208_fs3-00008.jpg",334.125305688868,251.240681840916
111,"208_fs3-00008.jpg",334.146972799269,251.907164319173
112,"208_fs3-00008.jpg",334.166151279518,252.573799830153
113,"208_fs3-00008.jpg",334.182699313873,253.240589375546
114,"208_fs3-00008.jpg",334.196475086591,253.907533957045
115,"208_fs3-00008.jpg",334.20733678193,254.574634576341
116,"208_fs3-00008.jpg",334.215142584148,255.241892235125
117,"208_fs3-00008.jpg",334.219750677502,255.90930793509
118,"208_fs3-00008.jpg",334.221021597401,256.576882659301
119,"208_fs3-00008.jpg",334.219037862782,257.244605019557
120,"208_fs3-00008.jpg",334.213977051242,257.912429857786
121,"208_fs3-00008.jpg",334.205940604644,258.580306306767
122,"208_fs3-00008.jpg",334.19502996485,259.248183499276
123,"208_fs3-00008.jpg",334.181346573721,259.916010568088
124,"208_fs3-00008.jpg",334.16499187312,260.58373664598
125,"208_fs3-00008.jpg",334.146067304909,261.251310865729
126,"208_fs3-00008.jpg",334.12467431095,261.918682360111
127,"208_fs3-00008.jpg",334.100914333105,262.585800261903
128,"208_fs3-00008.jpg",334.074888813235,263.252613703881
129,"208_fs3-00008.jpg",334.046699193203,263.919071818822
130,"208_fs3-00008.jpg",334.016446914872,264.585123739501
131,"208_fs3-00008.jpg",333.984233420102,265.250718598696
132,"208_fs3-00008.jpg",333.950160150756,265.915805529184
133,"208_fs3-00008.jpg",333.914328548696,266.580333663739
134,"208_fs3-00008.jpg",333.876840055784,267.244252135139
135,"208_fs3-00008.jpg",333.837796113882,267.907510076161
136,"208_fs3-00008.jpg",333.797298164852,268.57005661958
137,"208_fs3-00008.jpg",333.755447650556,269.231840898174
138,"208_fs3-00008.jpg",333.712346012857,269.892812044718
139,"208_fs3-00008.jpg",333.667436625464,270.552919074488
140,"208_fs3-00008.jpg",333.60827818018,271.212099002202
141,"208_fs3-00008.jpg",333.530848288656,271.870266642077
142,"208_fs3-00008.jpg",333.436123793226,272.527334405544
143,"208_fs3-00008.jpg",333.325081536227,273.183214704039
144,"208_fs3-00008.jpg",333.198698359995,273.837819948995
145,"208_fs3-00008.jpg",333.057951106865,274.491062551845
146,"208_fs3-00008.jpg",332.903816619172,275.142854924024
147,"208_fs3-00008.jpg",332.737271739253,275.793109476964
148,"208_fs3-00008.jpg",332.559293309444,276.4417386221
149,"208_fs3-00008.jpg",332.370858172079,277.088654770865
150,"208_fs3-00008.jpg",332.172943169496,277.733770334693
151,"208_fs3-00008.jpg",331.966525144028,278.376997725017
152,"208_fs3-00008.jpg",331.752580938013,279.018249353271
153,"208_fs3-00008.jpg",331.532087393786,279.657437630889
154,"208_fs3-00008.jpg",331.306021353682,280.294474969304
155,"208_fs3-00008.jpg",331.075359660038,280.92927377995
156,"208_fs3-00008.jpg",330.841079155188,281.561746474261
157,"208_fs3-00008.jpg",330.604156681469,282.19180546367
158,"208_fs3-00008.jpg",330.365569081217,282.819363159611
159,"208_fs3-00008.jpg",330.126293196767,283.444331973518
160,"208_fs3-00008.jpg",329.887305870455,284.066624316823
161,"208_fs3-00008.jpg",329.649583944616,284.686152600962
162,"208_fs3-00008.jpg",329.414104261586,285.302829237367
163,"208_fs3-00008.jpg",329.181843663702,285.916566637472
164,"208_fs3-00008.jpg",328.953222139396,286.527277525522
165,"208_fs3-00008.jpg",328.704219093402,287.134981041735
166,"208_fs3-00008.jpg",328.424500368667,287.739957353534
167,"208_fs3-00008.jpg",328.118046097857,288.342525920125
168,"208_fs3-00008.jpg",327.788836413637,288.943006200713
169,"208_fs3-00008.jpg",327.44085144867,289.541717654505
170,"208_fs3-00008.jpg",327.078071335622,290.138979740706
171,"208_fs3-00008.jpg",326.704476207157,290.735111918522
172,"208_fs3-00008.jpg",326.324046195939,291.330433647159
173,"208_fs3-00008.jpg",325.940761434634,291.925264385822
174,"208_fs3-00008.jpg",325.558602055905,292.519923593717
175,"208_fs3-00008.jpg",325.181548192417,293.114730730051
176,"208_fs3-00008.jpg",324.813579976835,293.710005254027
177,"208_fs3-00008.jpg",324.458677541823,294.306066624853
178,"208_fs3-00008.jpg",324.120821020047,294.903234301735
179,"208_fs3-00008.jpg",323.80399054417,295.501827743877
180,"208_fs3-00008.jpg",323.512166246857,296.102166410485
181,"208_fs3-00008.jpg",323.249328260772,296.704569760766
182,"208_fs3-00008.jpg",323.019456718581,297.309357253925
183,"208_fs3-00008.jpg",322.826531752948,297.916848349168
184,"208_fs3-00008.jpg",322.674533496537,298.5273625057
185,"208_fs3-00008.jpg",322.567442082012,299.141219182728
186,"208_fs3-00008.jpg",322.50923764204,299.758737839457
187,"208_fs3-00008.jpg",322.500024455621,300.380237935092
188,"208_fs3-00008.jpg",322.50714425736,301.00603892884
189,"208_fs3-00008.jpg",322.52357433075,301.636460279906
190,"208_fs3-00008.jpg",322.550863559743,302.271821447497
191,"208_fs3-00008.jpg",322.59056082829,302.912441890817
192,"208_fs3-00008.jpg",322.644215020343,303.558641069072
193,"208_fs3-00008.jpg",322.713375019853,304.210738441469
194,"208_fs3-00008.jpg",322.799589710771,304.869053467212
195,"208_fs3-00008.jpg",322.90440797705,305.533905605508
196,"208_fs3-00008.jpg",323.02937870264,306.205614315563
197,"208_fs3-00008.jpg",323.176050771494,306.884499056582
198,"208_fs3-00008.jpg",323.345973067562,307.570879287771
199,"208_fs3-00008.jpg",323.540694474796,308.265074468335
200,"208_fs3-00008.jpg",323.761763877149,308.967404057481
1,"208_fs3-00009.jpg",362.167,181.167
2,"208_fs3-00009.jpg",361.424697287687,181.22151839629
3,"208_fs3-00009.jpg",360.688633899567,181.28843135833
4,"208_fs3-00009.jpg",359.958856505413,181.367641823224
5,"208_fs3-00009.jpg",359.235411775003,181.45905272808
6,"208_fs3-00009.jpg",358.518346378111,181.562567010004
7,"208_fs3-00009.jpg",357.807706984512,181.678087606101
8,"208_fs3-00009.jpg",357.103540263982,181.805517453477
9,"208_fs3-00009.jpg",356.405892886297,181.94475948924
10,"208_fs3-00009.jpg",355.714811521231,182.095716650494
11,"208_fs3-00009.jpg",355.030342838561,182.258291874347
12,"208_fs3-00009.jpg",354.352533508061,182.432388097903
13,"208_fs3-00009.jpg",353.681430199507,182.617908258271
14,"208_fs3-00009.jpg",353.017079582674,182.814755292554
15,"208_fs3-00009.jpg",352.359528327338,183.02283213786
16,"208_fs3-00009.jpg",351.708823103274,183.242041731295
17,"208_fs3-00009.jpg",351.065010580257,183.472287009965
18,"208_fs3-00009.jpg",350.428137428063,183.713470910975
19,"208_fs3-00009.jpg",349.798250316467,183.965496371433
20,"208_fs3-00009.jpg",349.175395915245,184.228266328444
21,"208_fs3-00009.jpg",348.559620894172,184.501683719114
22,"208_fs3-00009.jpg",347.950971923023,184.78565148055
23,"208_fs3-00009.jpg",347.349495671574,185.080072549857
24,"208_fs3-00009.jpg",346.7552388096,185.384849864142
25,"208_fs3-00009.jpg",346.168248006876,185.699886360511
26,"208_fs3-00009.jpg",345.588569933178,186.025084976069
27,"208_fs3-00009.jpg",345.016251258282,186.360348647924
28,"208_fs3-00009.jpg",344.451338651962,186.705580313181
29,"208_fs3-00009.jpg",343.893878783994,187.060682908947
30,"208_fs3-00009.jpg",343.343918324153,187.425559372326
31,"208_fs3-00009.jpg",342.801503942216,187.800112640427
32,"208_fs3-00009.jpg",342.266682307956,188.184245650354
33,"208_fs3-00009.jpg",341.73950009115,188.577861339214
34,"208_fs3-00009.jpg",341.220003961573,188.980862644112
35,"208_fs3-00009.jpg",340.704184647945,189.393152502156
36,"208_fs3-00009.jpg",340.181369888634,189.814633850451
37,"208_fs3-00009.jpg",339.652615193135,190.245209626104
38,"208_fs3-00009.jpg",339.119713314735,190.68478276622
39,"208_fs3-00009.jpg",338.584457006723,191.133256207905
40,"208_fs3-00009.jpg",338.048639022387,191.590532888266
41,"208_fs3-00009.jpg",337.514052115015,192.056515744409
42,"208_fs3-00009.jpg",336.982489037895,192.53110771344
43,"208_fs3-00009.jpg",336.455742544316,193.014211732465
44,"208_fs3-00009.jpg",335.935605387565,193.50573073859
45,"208_fs3-00009.jpg",335.423870320931,194.005567668922
46,"208_fs3-00009.jpg",334.922330097702,194.513625460566
47,"208_fs3-00009.jpg",334.432777471166,195.029807050628
48,"208_fs3-00009.jpg",333.957005194611,195.554015376215
49,"208_fs3-00009.jpg",333.496806021326,196.086153374433
50,"208_fs3-00009.jpg",333.053972704598,196.626123982388
51,"208_fs3-00009.jpg",332.630297997716,197.173830137186
52,"208_fs3-00009.jpg",332.227574653968,197.729174775934
53,"208_fs3-00009.jpg",331.847595426642,198.292060835736
54,"208_fs3-00009.jpg",331.492153069026,198.8623912537
55,"208_fs3-00009.jpg",331.163040334409,199.440068966932
56,"208_fs3-00009.jpg",330.862049976078,200.024996912537
57,"208_fs3-00009.jpg",330.590974747322,200.617078027622
58,"208_fs3-00009.jpg",330.351607401428,201.216215249293
59,"208_fs3-00009.jpg",330.145740691686,201.822311514656
60,"208_fs3-00009.jpg",329.969586248129,202.435263631968
61,"208_fs3-00009.jpg",329.798659955698,203.054864487518
62,"208_fs3-00009.jpg",329.630144835395,203.680820220342
63,"208_fs3-00009.jpg",329.464377141867,204.312834310745
64,"208_fs3-00009.jpg",329.301693129761,204.950610239034
65,"208_fs3-00009.jpg",329.142429053723,205.593851485513
66,"208_fs3-00009.jpg",328.986921168399,206.242261530487
67,"208_fs3-00009.jpg",328.835505728437,206.895543854263
68,"208_fs3-00009.jpg",328.688518988482,207.553401937145
69,"208_fs3-00009.jpg",328.546297203181,208.215539259438
70,"208_fs3-00009.jpg",328.40917662718,208.881659301449
71,"208_fs3-00009.jpg",328.277493515126,209.551465543482
72,"208_fs3-00009.jpg",328.151584121666,210.224661465842
73,"208_fs3-00009.jpg",328.031784701445,210.900950548836
74,"208_fs3-00009.jpg",327.918431509111,211.580036272769
75,"208_fs3-00009.jpg",327.81186079931,212.261622117945
76,"208_fs3-00009.jpg",327.712408826687,212.94541156467
77,"208_fs3-00009.jpg",327.620411845891,213.631108093249
78,"208_fs3-00009.jpg",327.536206111567,214.318415183989
79,"208_fs3-00009.jpg",327.460127878361,215.007036317194
80,"208_fs3-00009.jpg",327.392513400921,215.696674973169
81,"208_fs3-00009.jpg",327.333698933892,216.38703463222
82,"208_fs3-00009.jpg",327.284020731921,217.077818774652
83,"208_fs3-00009.jpg",327.243815049655,217.768730880771
84,"208_fs3-00009.jpg",327.21341814174,218.459474430882
85,"208_fs3-00009.jpg",327.193166262822,219.14975290529
86,"208_fs3-00009.jpg",327.183395667549,219.839269784301
87,"208_fs3-00009.jpg",327.183489893425,220.527739909109
88,"208_fs3-00009.jpg",327.189550432475,221.215052107455
89,"208_fs3-00009.jpg",327.200930466191,221.901231214834
90,"208_fs3-00009.jpg",327.217412464888,222.586305687172
91,"208_fs3-00009.jpg",327.238778898879,223.270303980395
92,"208_fs3-00009.jpg",327.264812238481,223.953254550428
93,"208_fs3-00009.jpg",327.295294954006,224.635185853198
94,"208_fs3-00009.jpg",327.330009515769,225.316126344631
95,"208_fs3-00009.jpg",327.368738394086,225.996104480653
96,"208_fs3-00009.jpg",327.411264059269,226.67514871719
97,"208_fs3-00009.jpg",327.457368981635,227.353287510167
98,"208_fs3-00009.jpg",327.506835631496,228.030549315511
99,"208_fs3-00009.jpg",327.559446479168,228.706962589147
100,"208_fs3-00009.jpg",327.614983994966,229.382555787002
101,"208_fs3-00009.jpg",327.673230649203,230.057357365002
102,"208_fs3-00009.jpg",327.733968912194,230.731395779072
103,"208_fs3-00009.jpg",327.796981254253,231.404699485139
104,"208_fs3-00009.jpg",327.862050145696,232.077296939129
105,"208_fs3-00009.jpg",327.928958056836,232.749216596967
106,"208_fs3-00009.jpg",327.997487457988,233.420486914579
107,"208_fs3-00009.jpg",328.067420819466,234.091136347892
108,"208_fs3-00009.jpg",328.138540611585,234.761193352832
109,"208_fs3-00009.jpg",328.210629304659,235.430686385324
110,"208_fs3-00009.jpg",328.283469369002,236.099643901295
111,"208_fs3-00009.jpg",328.35684327493,236.76809435667
112,"208_fs3-00009.jpg",328.430533492757,237.436066207375
113,"208_fs3-00009.jpg",328.504322492797,238.103587909337
114,"208_fs3-00009.jpg",328.577992745364,238.770687918481
115,"208_fs3-00009.jpg",328.651326720773,239.437394690734
116,"208_fs3-00009.jpg",328.724106889338,240.103736682021
117,"208_fs3-00009.jpg",328.796115721375,240.769742348268
118,"208_fs3-00009.jpg",328.871785933836,241.435441057546
119,"208_fs3-00009.jpg",328.958121552424,242.100867606254
120,"208_fs3-00009.jpg",329.05442526436,242.766058790776
121,"208_fs3-00009.jpg",329.159892151613,243.431051410634
122,"208_fs3-00009.jpg",329.273717296153,244.095882265347
123,"208_fs3-00009.jpg",329.395095779952,244.760588154436
124,"208_fs3-00009.jpg",329.523222684981,245.425205877421
125,"208_fs3-00009.jpg",329.657293093209,246.089772233821
126,"208_fs3-00009.jpg",329.796502086608,246.754324023158
127,"208_fs3-00009.jpg",329.940044747148,247.418898044951
128,"208_fs3-00009.jpg",330.0871161568,248.083531098721
129,"208_fs3-00009.jpg",330.236911397535,248.748259983988
130,"208_fs3-00009.jpg",330.388625551323,249.413121500272
131,"208_fs3-00009.jpg",330.541453700134,250.078152447093
132,"208_fs3-00009.jpg",330.694590925941,250.743389623972
133,"208_fs3-00009.jpg",330.847232310712,251.408869830429
134,"208_fs3-00009.jpg",330.998572936419,252.074629865984
135,"208_fs3-00009.jpg",331.147807885033,252.740706530157
136,"208_fs3-00009.jpg",331.294132238524,253.407136622469
137,"208_fs3-00009.jpg",331.436741078862,254.073956942439
138,"208_fs3-00009.jpg",331.574829488019,254.741204289589
139,"208_fs3-00009.jpg",331.707592547966,255.408915463437
140,"208_fs3-00009.jpg",331.834225340672,256.077127263505
141,"208_fs3-00009.jpg",331.953922948108,256.745876489313
142,"208_fs3-00009.jpg",332.065880452246,257.41519994038
143,"208_fs3-00009.jpg",332.169292935055,258.085134416228
144,"208_fs3-00009.jpg",332.263355478507,258.755716716376
145,"208_fs3-00009.jpg",332.347263164572,259.426983640345
146,"208_fs3-00009.jpg",332.420211075221,260.098971987654
147,"208_fs3-00009.jpg",332.481394292424,260.771718557824
148,"208_fs3-00009.jpg",332.530007898152,261.445260150376
149,"208_fs3-00009.jpg",332.565246974376,262.119633564829
150,"208_fs3-00009.jpg",332.586306603066,262.794875600704
151,"208_fs3-00009.jpg",332.592429352524,263.471023022939
152,"208_fs3-00009.jpg",332.587958882711,264.148074464149
153,"208_fs3-00009.jpg",332.576289304244,264.825917554133
154,"208_fs3-00009.jpg",332.557645768607,265.50441983576
155,"208_fs3-00009.jpg",332.532253427285,266.1834488519
156,"208_fs3-00009.jpg",332.500337431763,266.862872145423
157,"208_fs3-00009.jpg",332.462122933524,267.542557259198
158,"208_fs3-00009.jpg",332.417835084054,268.222371736095
159,"208_fs3-00009.jpg",332.367699034836,268.902183118985
160,"208_fs3-00009.jpg",332.311939937355,269.581858950736
161,"208_fs3-00009.jpg",332.250782943096,270.261266774219
162,"208_fs3-00009.jpg",332.184453203543,270.940274132302
163,"208_fs3-00009.jpg",332.11317587018,271.618748567857
164,"208_fs3-00009.jpg",332.037176094492,272.296557623751
165,"208_fs3-00009.jpg",331.956679027963,272.973568842857
166,"208_fs3-00009.jpg",331.871909822078,273.649649768042
167,"208_fs3-00009.jpg",331.783093628321,274.324667942177
168,"208_fs3-00009.jpg",331.690455598177,274.998490908131
169,"208_fs3-00009.jpg",331.59422088313,275.670986208774
170,"208_fs3-00009.jpg",331.494614634664,276.342021386976
171,"208_fs3-00009.jpg",331.391862004264,277.011463985606
172,"208_fs3-00009.jpg",331.286188143414,277.679181547535
173,"208_fs3-00009.jpg",331.177818203599,278.345041615632
174,"208_fs3-00009.jpg",331.066977336303,279.008911732767
175,"208_fs3-00009.jpg",330.95389069301,279.670659441808
176,"208_fs3-00009.jpg",330.838783425206,280.330152285627
177,"208_fs3-00009.jpg",330.721880684374,280.987257807093
178,"208_fs3-00009.jpg",330.603386727638,281.641843549075
179,"208_fs3-00009.jpg",330.472620741576,282.293777054444
180,"208_fs3-00009.jpg",330.321119422006,282.942925866068
181,"208_fs3-00009.jpg",330.149766213423,283.589157526818
182,"208_fs3-00009.jpg",329.95944456032,284.232339579564
183,"208_fs3-00009.jpg",329.751037907192,284.872339567175
184,"208_fs3-00009.jpg",329.525429698532,285.50902503252
185,"208_fs3-00009.jpg",329.283503378834,286.14226351847
186,"208_fs3-00009.jpg",329.026142392593,286.771922567894
187,"208_fs3-00009.jpg",328.754230184302,287.397869723662
188,"208_fs3-00009.jpg",328.468650198456,288.019972528644
189,"208_fs3-00009.jpg",328.170285879548,288.63809852571
190,"208_fs3-00009.jpg",327.860020672072,289.252115257728
191,"208_fs3-00009.jpg",327.538738020524,289.861890267569
192,"208_fs3-00009.jpg",327.207321369395,290.467291098103
193,"208_fs3-00009.jpg",326.866654163182,291.068185292199
194,"208_fs3-00009.jpg",326.517619846377,291.664440392727
195,"208_fs3-00009.jpg",326.161101863475,292.255923942557
196,"208_fs3-00009.jpg",325.797983658969,292.842503484558
197,"208_fs3-00009.jpg",325.429148677354,293.4240465616
198,"208_fs3-00009.jpg",325.055480363123,294.000420716553
199,"208_fs3-00009.jpg",324.677862160772,294.571493492287
200,"208_fs3-00009.jpg",324.297177514793,295.137132431671
1,"208_fs3-00010.jpg",378.833,194.833
2,"208_fs3-00010.jpg",378.221218442395,194.616309808529
3,"208_fs3-00010.jpg",377.609316536044,194.401710455246
4,"208_fs3-00010.jpg",376.997294670137,194.189443695682
5,"208_fs3-00010.jpg",376.385153233866,193.979751285365
6,"208_fs3-00010.jpg",375.772892616423,193.772874979828
7,"208_fs3-00010.jpg",375.160513206999,193.5690565346
8,"208_fs3-00010.jpg",374.548015394786,193.368537705211
9,"208_fs3-00010.jpg",373.935399568976,193.171560247193
10,"208_fs3-00010.jpg",373.322666118759,192.978365916075
11,"208_fs3-00010.jpg",372.709815433328,192.789196467387
12,"208_fs3-00010.jpg",372.096847901874,192.604293656661
13,"208_fs3-00010.jpg",371.483763913587,192.423899239426
14,"208_fs3-00010.jpg",370.870563857661,192.248254971213
15,"208_fs3-00010.jpg",370.257248123287,192.077602607552
16,"208_fs3-00010.jpg",369.643817099655,191.912183903974
17,"208_fs3-00010.jpg",369.030271175958,191.752240616008
18,"208_fs3-00010.jpg",368.416610741387,191.598014499186
19,"208_fs3-00010.jpg",367.802836185133,191.449747309038
20,"208_fs3-00010.jpg",367.188947896389,191.307680801093
21,"208_fs3-00010.jpg",366.574946264345,191.172056730883
22,"208_fs3-00010.jpg",365.960831678193,191.043116853938
23,"208_fs3-00010.jpg",365.346604527125,190.921102925788
24,"208_fs3-00010.jpg",364.732265200332,190.806256701963
25,"208_fs3-00010.jpg",364.117814087006,190.698819937995
26,"208_fs3-00010.jpg",363.503251576338,190.599034389412
27,"208_fs3-00010.jpg",362.888578057519,190.507141811746
28,"208_fs3-00010.jpg",362.273793919742,190.423383960528
29,"208_fs3-00010.jpg",361.658899552198,190.348002591286
30,"208_fs3-00010.jpg",361.043895344077,190.281239459552
31,"208_fs3-00010.jpg",360.428781684573,190.223336320856
32,"208_fs3-00010.jpg",359.813558962876,190.174534930729
33,"208_fs3-00010.jpg",359.197907122505,190.135077044701
34,"208_fs3-00010.jpg",358.575444452725,190.105204418301
35,"208_fs3-00010.jpg",357.944446965848,190.085158807062
36,"208_fs3-00010.jpg",357.305929821409,190.075181966512
37,"208_fs3-00010.jpg",356.66090817894,190.075515652182
38,"208_fs3-00010.jpg",356.010397197974,190.086401619603
39,"208_fs3-00010.jpg",355.355412038045,190.108081624305
40,"208_fs3-00010.jpg",354.696967858685,190.140797421819
41,"208_fs3-00010.jpg",354.036079819428,190.184790767674
42,"208_fs3-00010.jpg",353.373763079806,190.240303417401
43,"208_fs3-00010.jpg",352.711032799354,190.307577126531
44,"208_fs3-00010.jpg",352.048904137604,190.386853650594
45,"208_fs3-00010.jpg",351.388392254088,190.47837474512
46,"208_fs3-00010.jpg",350.730512308342,190.582382165639
47,"208_fs3-00010.jpg",350.076279459897,190.699117667683
48,"208_fs3-00010.jpg",349.426708868286,190.828823006781
49,"208_fs3-00010.jpg",348.782815693043,190.971739938463
50,"208_fs3-00010.jpg",348.145615093702,191.128110218261
51,"208_fs3-00010.jpg",347.516122229794,191.298175601703
52,"208_fs3-00010.jpg",346.895352260853,191.482177844322
53,"208_fs3-00010.jpg",346.284320346413,191.680358701647
54,"208_fs3-00010.jpg",345.684041646006,191.892959929209
55,"208_fs3-00010.jpg",345.095531319166,192.120223282537
56,"208_fs3-00010.jpg",344.519804525425,192.362390517163
57,"208_fs3-00010.jpg",343.957876424317,192.619703388616
58,"208_fs3-00010.jpg",343.410762175376,192.892403652427
59,"208_fs3-00010.jpg",342.879476938133,193.180733064127
60,"208_fs3-00010.jpg",342.365035872123,193.484933379245
61,"208_fs3-00010.jpg",341.868454136878,193.805246353313
62,"208_fs3-00010.jpg",341.386313711321,194.141884288066
63,"208_fs3-00010.jpg",340.90272559405,194.494651418463
64,"208_fs3-00010.jpg",340.417214755379,194.863053752285
65,"208_fs3-00010.jpg",339.930980030984,195.246590490815
66,"208_fs3-00010.jpg",339.445220256541,195.644760835338
67,"208_fs3-00010.jpg",338.961134267726,196.057063987137
68,"208_fs3-00010.jpg",338.479920900214,196.482999147495
69,"208_fs3-00010.jpg",338.002778989683,196.922065517697
70,"208_fs3-00010.jpg",337.530907371808,197.373762299027
71,"208_fs3-00010.jpg",337.065504882265,197.837588692768
72,"208_fs3-00010.jpg",336.607770356729,198.313043900204
73,"208_fs3-00010.jpg",336.158902630878,198.799627122619
74,"208_fs3-00010.jpg",335.720100540386,199.296837561297
75,"208_fs3-00010.jpg",335.29256292093,199.804174417522
76,"208_fs3-00010.jpg",334.877488608186,200.321136892577
77,"208_fs3-00010.jpg",334.47607643783,200.847224187745
78,"208_fs3-00010.jpg",334.089525245537,201.381935504312
79,"208_fs3-00010.jpg",333.719033866984,201.924770043561
80,"208_fs3-00010.jpg",333.365801137847,202.475227006775
81,"208_fs3-00010.jpg",333.031025893802,203.032805595239
82,"208_fs3-00010.jpg",332.715906970524,203.597005010236
83,"208_fs3-00010.jpg",332.42164320369,204.16732445305
84,"208_fs3-00010.jpg",332.149433428976,204.743263124964
85,"208_fs3-00010.jpg",331.900476482058,205.324320227264
86,"208_fs3-00010.jpg",331.675971198611,205.909994961231
87,"208_fs3-00010.jpg",331.477116414311,206.499786528151
88,"208_fs3-00010.jpg",331.30035582041,207.093206823441
89,"208_fs3-00010.jpg",331.127139780795,207.689955420592
90,"208_fs3-00010.jpg",330.955670136921,208.289875218931
91,"208_fs3-00010.jpg",330.786184038022,208.892812738857
92,"208_fs3-00010.jpg",330.618918633332,209.498614500766
93,"208_fs3-00010.jpg",330.454111072086,210.107127025056
94,"208_fs3-00010.jpg",330.291998503517,210.718196832125
95,"208_fs3-00010.jpg",330.13281807686,211.331670442371
96,"208_fs3-00010.jpg",329.976806941349,211.947394376191
97,"208_fs3-00010.jpg",329.824202246218,212.565215153982
98,"208_fs3-00010.jpg",329.675241140701,213.184979296144
99,"208_fs3-00010.jpg",329.530160774033,213.806533323072
100,"208_fs3-00010.jpg",329.389198295447,214.429723755165
101,"208_fs3-00010.jpg",329.252590854178,215.05439711282
102,"208_fs3-00010.jpg",329.12057559946,215.680399916436
103,"208_fs3-00010.jpg",328.993389680528,216.307578686409
104,"208_fs3-00010.jpg",328.871270246614,216.935779943137
105,"208_fs3-00010.jpg",328.754454446955,217.564850207018
106,"208_fs3-00010.jpg",328.643179430783,218.19463599845
107,"208_fs3-00010.jpg",328.537682347333,218.82498383783
108,"208_fs3-00010.jpg",328.438200345839,219.455740245555
109,"208_fs3-00010.jpg",328.344970575536,220.086751742025
110,"208_fs3-00010.jpg",328.258230185656,220.717864847635
111,"208_fs3-00010.jpg",328.178216325436,221.348926082784
112,"208_fs3-00010.jpg",328.105166144108,221.979781967869
113,"208_fs3-00010.jpg",328.039316790908,222.610279023289
114,"208_fs3-00010.jpg",327.980905415068,223.24026376944
115,"208_fs3-00010.jpg",327.930169165825,223.86958272672
116,"208_fs3-00010.jpg",327.88734519241,224.498082415527
117,"208_fs3-00010.jpg",327.852670644059,225.125609356259
118,"208_fs3-00010.jpg",327.826382670007,225.752010069313
119,"208_fs3-00010.jpg",327.808718419486,226.377131075087
120,"208_fs3-00010.jpg",327.799915041732,227.000818893978
121,"208_fs3-00010.jpg",327.802759950267,227.622927017715
122,"208_fs3-00010.jpg",327.83018230114,228.243448201566
123,"208_fs3-00010.jpg",327.882283188594,228.86250367313
124,"208_fs3-00010.jpg",327.957091786874,229.480219468693
125,"208_fs3-00010.jpg",328.052637270226,230.096721624539
126,"208_fs3-00010.jpg",328.166948812896,230.712136176952
127,"208_fs3-00010.jpg",328.298055589129,231.326589162218
128,"208_fs3-00010.jpg",328.443986773171,231.940206616621
129,"208_fs3-00010.jpg",328.602771539267,232.553114576445
130,"208_fs3-00010.jpg",328.772439061662,233.165439077976
131,"208_fs3-00010.jpg",328.951018514604,233.777306157499
132,"208_fs3-00010.jpg",329.136539072336,234.388841851297
133,"208_fs3-00010.jpg",329.327029909104,235.000172195656
134,"208_fs3-00010.jpg",329.520520199155,235.611423226861
135,"208_fs3-00010.jpg",329.715039116734,236.222720981195
136,"208_fs3-00010.jpg",329.908615836086,236.834191494944
137,"208_fs3-00010.jpg",330.099279531457,237.445960804393
138,"208_fs3-00010.jpg",330.285059377092,238.058154945827
139,"208_fs3-00010.jpg",330.463984547238,238.670899955529
140,"208_fs3-00010.jpg",330.634084216139,239.284321869785
141,"208_fs3-00010.jpg",330.793387558041,239.898546724879
142,"208_fs3-00010.jpg",330.93992374719,240.513700557096
143,"208_fs3-00010.jpg",331.072000925625,241.129909050218
144,"208_fs3-00010.jpg",331.196376879379,241.747234736664
145,"208_fs3-00010.jpg",331.316933855635,242.365604551671
146,"208_fs3-00010.jpg",331.434016950726,242.984927877817
147,"208_fs3-00010.jpg",331.547971260987,243.605114097679
148,"208_fs3-00010.jpg",331.659141882752,244.226072593836
149,"208_fs3-00010.jpg",331.767873912356,244.847712748865
150,"208_fs3-00010.jpg",331.874512446132,245.469943945345
151,"208_fs3-00010.jpg",331.979402580416,246.092675565852
152,"208_fs3-00010.jpg",332.08288941154,246.715816992966
153,"208_fs3-00010.jpg",332.18531803584,247.339277609263
154,"208_fs3-00010.jpg",332.28703354965,247.962966797322
155,"208_fs3-00010.jpg",332.388381049303,248.586793939721
156,"208_fs3-00010.jpg",332.489705631135,249.210668419037
157,"208_fs3-00010.jpg",332.591352391479,249.834499617848
158,"208_fs3-00010.jpg",332.69366642667,250.458196918733
159,"208_fs3-00010.jpg",332.796992833042,251.081669704269
160,"208_fs3-00010.jpg",332.901676706929,251.704827357034
161,"208_fs3-00010.jpg",333.008063144666,252.327579259606
162,"208_fs3-00010.jpg",333.116497242586,252.949834794563
163,"208_fs3-00010.jpg",333.227324097025,253.571503344482
164,"208_fs3-00010.jpg",333.340888804316,254.192494291942
165,"208_fs3-00010.jpg",333.457536460793,254.81271701952
166,"208_fs3-00010.jpg",333.577612162791,255.432080909795
167,"208_fs3-00010.jpg",333.701461006644,256.050495345344
168,"208_fs3-00010.jpg",333.829428088686,256.667869708744
169,"208_fs3-00010.jpg",333.961858505252,257.284113382575
170,"208_fs3-00010.jpg",334.099097352676,257.899135749414
171,"208_fs3-00010.jpg",334.249188060142,258.512864988428
172,"208_fs3-00010.jpg",334.421028938138,259.125325459918
173,"208_fs3-00010.jpg",334.611852491816,259.736572206264
174,"208_fs3-00010.jpg",334.818826632142,260.346660283119
175,"208_fs3-00010.jpg",335.039119270081,260.955644746136
176,"208_fs3-00010.jpg",335.2698983166,261.563580650969
177,"208_fs3-00010.jpg",335.508331682665,262.170523053271
178,"208_fs3-00010.jpg",335.751587279243,262.776527008697
179,"208_fs3-00010.jpg",335.996833017299,263.3816475729
180,"208_fs3-00010.jpg",336.241236807799,263.985939801533
181,"208_fs3-00010.jpg",336.481966561709,264.58945875025
182,"208_fs3-00010.jpg",336.716190189996,265.192259474704
183,"208_fs3-00010.jpg",336.941075603626,265.79439703055
184,"208_fs3-00010.jpg",337.153790713565,266.395926473441
185,"208_fs3-00010.jpg",337.351503430778,266.996902859031
186,"208_fs3-00010.jpg",337.531381666233,267.597381242973
187,"208_fs3-00010.jpg",337.690593330895,268.19741668092
188,"208_fs3-00010.jpg",337.82630633573,268.797064228527
189,"208_fs3-00010.jpg",337.935688591704,269.396378941446
190,"208_fs3-00010.jpg",338.015908009784,269.995415875333
191,"208_fs3-00010.jpg",338.064132500935,270.59423008584
192,"208_fs3-00010.jpg",338.077224628161,271.19287662862
193,"208_fs3-00010.jpg",338.033385350831,271.791410559328
194,"208_fs3-00010.jpg",337.926743206067,272.389886933617
195,"208_fs3-00010.jpg",337.765991679454,272.988360807141
196,"208_fs3-00010.jpg",337.559824256578,273.586887235553
197,"208_fs3-00010.jpg",337.316934423026,274.185521274508
198,"208_fs3-00010.jpg",337.046015664383,274.784317979657
199,"208_fs3-00010.jpg",336.755761466237,275.383332406656
200,"208_fs3-00010.jpg",336.454865314173,275.982619611158
1,"208_fs3-00011.jpg",383.5,203.5
2,"208_fs3-00011.jpg",383.125446858734,202.945059633457
3,"208_fs3-00011.jpg",382.745700621701,202.396824373636
4,"208_fs3-00011.jpg",382.36083423825,201.855326757491
5,"208_fs3-00011.jpg",381.970920657729,201.320599321975
6,"208_fs3-00011.jpg",381.576032829489,200.792674604043
7,"208_fs3-00011.jpg",381.176243702877,200.271585140648
8,"208_fs3-00011.jpg",380.771626227244,199.757363468744
9,"208_fs3-00011.jpg",380.362253351938,199.250042125284
10,"208_fs3-00011.jpg",379.948198026309,198.749653647223
11,"208_fs3-00011.jpg",379.529533199705,198.256230571515
12,"208_fs3-00011.jpg",379.106331821476,197.769805435112
13,"208_fs3-00011.jpg",378.678666840971,197.290410774969
14,"208_fs3-00011.jpg",378.246611207539,196.81807912804
15,"208_fs3-00011.jpg",377.810237870529,196.352843031278
16,"208_fs3-00011.jpg",377.36961977929,195.894735021638
17,"208_fs3-00011.jpg",376.924829883172,195.443787636072
18,"208_fs3-00011.jpg",376.475941131523,195.000033411535
19,"208_fs3-00011.jpg",376.023026473693,194.563504884981
20,"208_fs3-00011.jpg",375.56615885903,194.134234593363
21,"208_fs3-00011.jpg",375.105411236884,193.712255073635
22,"208_fs3-00011.jpg",374.640856556605,193.297598862751
23,"208_fs3-00011.jpg",374.17256776754,192.890298497665
24,"208_fs3-00011.jpg",373.70061781904,192.49038651533
25,"208_fs3-00011.jpg",373.225079660453,192.097895452701
26,"208_fs3-00011.jpg",372.746026241128,191.712857846731
27,"208_fs3-00011.jpg",372.263530510415,191.335306234373
28,"208_fs3-00011.jpg",371.777665417663,190.965273152582
29,"208_fs3-00011.jpg",371.288503912221,190.602791138312
30,"208_fs3-00011.jpg",370.796118943438,190.247892728515
31,"208_fs3-00011.jpg",370.300583460663,189.900610460147
32,"208_fs3-00011.jpg",369.801970413245,189.56097687016
33,"208_fs3-00011.jpg",369.300352750533,189.22902449551
34,"208_fs3-00011.jpg",368.795803421877,188.904785873148
35,"208_fs3-00011.jpg",368.288395376626,188.588293540029
36,"208_fs3-00011.jpg",367.778201564128,188.279580033108
37,"208_fs3-00011.jpg",367.265294933733,187.978677889337
38,"208_fs3-00011.jpg",366.74974843479,187.68561964567
39,"208_fs3-00011.jpg",366.231635016649,187.400437839062
40,"208_fs3-00011.jpg",365.711027628657,187.123165006466
41,"208_fs3-00011.jpg",365.184725235224,186.853833684836
42,"208_fs3-00011.jpg",364.647947488225,186.592476411125
43,"208_fs3-00011.jpg",364.101234549931,186.339125722288
44,"208_fs3-00011.jpg",363.54519172278,186.093814155278
45,"208_fs3-00011.jpg",362.98042430921,185.856574247049
46,"208_fs3-00011.jpg",362.407537611661,185.627438534555
47,"208_fs3-00011.jpg",361.827136932569,185.406439554749
48,"208_fs3-00011.jpg",361.239827574374,185.193609844585
49,"208_fs3-00011.jpg",360.646214839514,184.988981941018
50,"208_fs3-00011.jpg",360.046904030428,184.792588381001
51,"208_fs3-00011.jpg",359.442500449554,184.604461701487
52,"208_fs3-00011.jpg",358.83360939933,184.424634439431
53,"208_fs3-00011.jpg",358.220836182195,184.253139131786
54,"208_fs3-00011.jpg",357.604786100587,184.090008315506
55,"208_fs3-00011.jpg",356.986064456945,183.935274527545
56,"208_fs3-00011.jpg",356.365276553707,183.788970304857
57,"208_fs3-00011.jpg",355.743027693312,183.651128184395
58,"208_fs3-00011.jpg",355.119923178197,183.521780703113
59,"208_fs3-00011.jpg",354.496568310802,183.400960397965
60,"208_fs3-00011.jpg",353.873568393565,183.288699805905
61,"208_fs3-00011.jpg",353.251528728924,183.185031463886
62,"208_fs3-00011.jpg",352.631054619318,183.089987908863
63,"208_fs3-00011.jpg",352.012751367185,183.003601677789
64,"208_fs3-00011.jpg",351.397224274963,182.925905307618
65,"208_fs3-00011.jpg",350.785078645091,182.856931335303
66,"208_fs3-00011.jpg",350.176919780008,182.796712297799
67,"208_fs3-00011.jpg",349.572345254003,182.745282859538
68,"208_fs3-00011.jpg",348.959516498679,182.702799682677
69,"208_fs3-00011.jpg",348.335873699908,182.669605346178
70,"208_fs3-00011.jpg",347.702715278974,182.646058055902
71,"208_fs3-00011.jpg",347.061339657162,182.63251601771
72,"208_fs3-00011.jpg",346.413045255756,182.629337437465
73,"208_fs3-00011.jpg",345.759130496041,182.636880521028
74,"208_fs3-00011.jpg",345.100893799301,182.65550347426
75,"208_fs3-00011.jpg",344.43963358682,182.685564503024
76,"208_fs3-00011.jpg",343.776648279883,182.72742181318
77,"208_fs3-00011.jpg",343.113236299773,182.781433610592
78,"208_fs3-00011.jpg",342.450696067777,182.847958101119
79,"208_fs3-00011.jpg",341.790326005176,182.927353490624
80,"208_fs3-00011.jpg",341.133424533258,183.019977984969
81,"208_fs3-00011.jpg",340.481290073304,183.126189790015
82,"208_fs3-00011.jpg",339.835221046601,183.246347111623
83,"208_fs3-00011.jpg",339.196515874432,183.380808155656
84,"208_fs3-00011.jpg",338.566472978081,183.529931127976
85,"208_fs3-00011.jpg",337.946390778834,183.694074234443
86,"208_fs3-00011.jpg",337.337567697974,183.873595680919
87,"208_fs3-00011.jpg",336.741302156786,184.068853673266
88,"208_fs3-00011.jpg",336.158892576554,184.280206417346
89,"208_fs3-00011.jpg",335.591637378562,184.508012119021
90,"208_fs3-00011.jpg",335.040834984096,184.752628984151
91,"208_fs3-00011.jpg",334.507783814438,185.014415218599
92,"208_fs3-00011.jpg",333.993782290875,185.293729028226
93,"208_fs3-00011.jpg",333.500128834689,185.590928618894
94,"208_fs3-00011.jpg",333.028121867166,185.906372196465
95,"208_fs3-00011.jpg",332.578787923037,186.240417348651
96,"208_fs3-00011.jpg",332.13866694709,186.59315969472
97,"208_fs3-00011.jpg",331.700180600771,186.964027197591
98,"208_fs3-00011.jpg",331.264005547249,187.352343004322
99,"208_fs3-00011.jpg",330.830818449692,187.757430261966
100,"208_fs3-00011.jpg",330.401295971267,188.178612117579
101,"208_fs3-00011.jpg",329.976114775143,188.615211718214
102,"208_fs3-00011.jpg",329.555951524487,189.066552210928
103,"208_fs3-00011.jpg",329.141482882468,189.531956742775
104,"208_fs3-00011.jpg",328.733385512253,190.01074846081
105,"208_fs3-00011.jpg",328.332336077011,190.502250512088
106,"208_fs3-00011.jpg",327.93901123991,191.005786043664
107,"208_fs3-00011.jpg",327.554087664117,191.520678202593
108,"208_fs3-00011.jpg",327.178242012801,192.046250135929
109,"208_fs3-00011.jpg",326.81215094913,192.581824990728
110,"208_fs3-00011.jpg",326.456491136271,193.126725914044
111,"208_fs3-00011.jpg",326.111939237393,193.680276052932
112,"208_fs3-00011.jpg",325.779171915664,194.241798554448
113,"208_fs3-00011.jpg",325.458865834251,194.810616565646
114,"208_fs3-00011.jpg",325.151697656323,195.386053233581
115,"208_fs3-00011.jpg",324.858344045048,195.967431705308
116,"208_fs3-00011.jpg",324.579481663594,196.554075127881
117,"208_fs3-00011.jpg",324.315787175129,197.145306648357
118,"208_fs3-00011.jpg",324.06793724282,197.740449413789
119,"208_fs3-00011.jpg",323.836608529836,198.338826571233
120,"208_fs3-00011.jpg",323.622477699345,198.939761267743
121,"208_fs3-00011.jpg",323.426221414515,199.542576650374
122,"208_fs3-00011.jpg",323.248380143316,200.14659605694
123,"208_fs3-00011.jpg",323.078215730434,200.751294945264
124,"208_fs3-00011.jpg",322.908868567716,201.35657438416
125,"208_fs3-00011.jpg",322.740670140649,201.962409309094
126,"208_fs3-00011.jpg",322.573951934723,202.568774655529
127,"208_fs3-00011.jpg",322.409045435425,203.17564535893
128,"208_fs3-00011.jpg",322.246282128244,203.78299635476
129,"208_fs3-00011.jpg",322.085993498669,204.390802578483
130,"208_fs3-00011.jpg",321.928511032188,204.999038965563
131,"208_fs3-00011.jpg",321.774166214289,205.607680451465
132,"208_fs3-00011.jpg",321.623290530461,206.216701971652
133,"208_fs3-00011.jpg",321.476215466192,206.826078461589
134,"208_fs3-00011.jpg",321.333272506972,207.43578485674
135,"208_fs3-00011.jpg",321.194793138287,208.045796092568
136,"208_fs3-00011.jpg",321.061108845627,208.656087104538
137,"208_fs3-00011.jpg",320.932551114481,209.266632828114
138,"208_fs3-00011.jpg",320.809451430336,209.87740819876
139,"208_fs3-00011.jpg",320.692141278681,210.488388151939
140,"208_fs3-00011.jpg",320.580952145005,211.099547623117
141,"208_fs3-00011.jpg",320.476215514796,211.710861547756
142,"208_fs3-00011.jpg",320.378262873543,212.322304861322
143,"208_fs3-00011.jpg",320.287425706733,212.933852499277
144,"208_fs3-00011.jpg",320.204035499856,213.545479397087
145,"208_fs3-00011.jpg",320.1284237384,214.157160490215
146,"208_fs3-00011.jpg",320.060921907853,214.768870714125
147,"208_fs3-00011.jpg",320.001861493704,215.380585004282
148,"208_fs3-00011.jpg",319.951573981442,215.992278296149
149,"208_fs3-00011.jpg",319.910390856554,216.60392552519
150,"208_fs3-00011.jpg",319.878643604529,217.21550162687
151,"208_fs3-00011.jpg",319.856663710856,217.826981536653
152,"208_fs3-00011.jpg",319.844782661023,218.438340190002
153,"208_fs3-00011.jpg",319.843814083623,219.049552759985
154,"208_fs3-00011.jpg",319.859020184773,219.66060611776
155,"208_fs3-00011.jpg",319.890885285164,220.271503931151
156,"208_fs3-00011.jpg",319.938299399971,220.882251167315
157,"208_fs3-00011.jpg",320.00015254437,221.492852793411
158,"208_fs3-00011.jpg",320.075334733534,222.103313776597
159,"208_fs3-00011.jpg",320.16273598264,222.71363908403
160,"208_fs3-00011.jpg",320.261246306861,223.32383368287
161,"208_fs3-00011.jpg",320.369755721372,223.933902540274
162,"208_fs3-00011.jpg",320.487154241348,224.543850623402
163,"208_fs3-00011.jpg",320.612331881964,225.15368289941
164,"208_fs3-00011.jpg",320.744178658395,225.763404335457
165,"208_fs3-00011.jpg",320.881584585815,226.373019898702
166,"208_fs3-00011.jpg",321.0234396794,226.982534556302
167,"208_fs3-00011.jpg",321.168633954323,227.591953275416
168,"208_fs3-00011.jpg",321.31605742576,228.201281023202
169,"208_fs3-00011.jpg",321.464600108886,228.810522766819
170,"208_fs3-00011.jpg",321.613152018875,229.419683473424
171,"208_fs3-00011.jpg",321.760603170902,230.028768110176
172,"208_fs3-00011.jpg",321.905843580141,230.637781644233
173,"208_fs3-00011.jpg",322.047763261769,231.246729042754
174,"208_fs3-00011.jpg",322.185252230959,231.855615272895
175,"208_fs3-00011.jpg",322.317200502886,232.464445301817
176,"208_fs3-00011.jpg",322.442498092725,233.073224096676
177,"208_fs3-00011.jpg",322.560088862657,233.681956624632
178,"208_fs3-00011.jpg",322.674490364175,234.290647852842
179,"208_fs3-00011.jpg",322.789142829288,234.899302748464
180,"208_fs3-00011.jpg",322.90404500965,235.507926278658
181,"208_fs3-00011.jpg",323.019195656917,236.11652341058
182,"208_fs3-00011.jpg",323.134593522744,236.72509911139
183,"208_fs3-00011.jpg",323.250237358786,237.333658348245
184,"208_fs3-00011.jpg",323.366125916697,237.942206088304
185,"208_fs3-00011.jpg",323.482257948133,238.550747298725
186,"208_fs3-00011.jpg",323.598632204748,239.159286946667
187,"208_fs3-00011.jpg",323.715247438197,239.767829999286
188,"208_fs3-00011.jpg",323.832102400136,240.376381423743
189,"208_fs3-00011.jpg",323.94919584222,240.984946187194
190,"208_fs3-00011.jpg",324.066526516103,241.593529256798
191,"208_fs3-00011.jpg",324.18409317344,242.202135599714
192,"208_fs3-00011.jpg",324.301894565887,242.8107701831
193,"208_fs3-00011.jpg",324.419929445097,243.419437974113
194,"208_fs3-00011.jpg",324.538196562728,244.028143939912
195,"208_fs3-00011.jpg",324.656694670432,244.636893047655
196,"208_fs3-00011.jpg",324.775422519866,245.245690264501
197,"208_fs3-00011.jpg",324.894378862683,245.854540557608
198,"208_fs3-00011.jpg",325.01356245054,246.463448894134
199,"208_fs3-00011.jpg",325.132972035091,247.072420241237
200,"208_fs3-00011.jpg",325.252606367991,247.681459566075
1,"208_fs3-00012.jpg",388.167,217.167
2,"208_fs3-00012.jpg",387.898981156011,216.698403444258
3,"208_fs3-00012.jpg",387.625244141526,216.220751723433
4,"208_fs3-00012.jpg",387.345869873906,215.734446471618
5,"208_fs3-00012.jpg",387.060939270514,215.239889322903
6,"208_fs3-00012.jpg",386.770533248714,214.73748191138
7,"208_fs3-00012.jpg",386.474732725868,214.227625871143
8,"208_fs3-00012.jpg",386.173618619339,213.710722836281
9,"208_fs3-00012.jpg",385.867271846489,213.187174440888
10,"208_fs3-00012.jpg",385.555773324682,212.657382319056
11,"208_fs3-00012.jpg",385.239203971279,212.121748104875
12,"208_fs3-00012.jpg",384.917644703645,211.580673432438
13,"208_fs3-00012.jpg",384.591176439142,211.034559935837
14,"208_fs3-00012.jpg",384.259880095132,210.483809249163
15,"208_fs3-00012.jpg",383.923836588978,209.928823006509
16,"208_fs3-00012.jpg",383.583126838044,209.370002841966
17,"208_fs3-00012.jpg",383.237831759691,208.807750389627
18,"208_fs3-00012.jpg",382.888032271283,208.242467283582
19,"208_fs3-00012.jpg",382.533809290183,207.674555157924
20,"208_fs3-00012.jpg",382.175243733753,207.104415646745
21,"208_fs3-00012.jpg",381.812416519356,206.532450384137
22,"208_fs3-00012.jpg",381.445408564354,205.959061004191
23,"208_fs3-00012.jpg",381.074300786112,205.384649140999
24,"208_fs3-00012.jpg",380.69917410199,204.809616428654
25,"208_fs3-00012.jpg",380.320109429353,204.234364501246
26,"208_fs3-00012.jpg",379.937187685563,203.659294992869
27,"208_fs3-00012.jpg",379.550489787983,203.084809537613
28,"208_fs3-00012.jpg",379.160096653975,202.511309769571
29,"208_fs3-00012.jpg",378.766089200903,201.939197322835
30,"208_fs3-00012.jpg",378.368548346129,201.368873831495
31,"208_fs3-00012.jpg",377.967555007016,200.800740929645
32,"208_fs3-00012.jpg",377.563190100926,200.235200251376
33,"208_fs3-00012.jpg",377.155534545223,199.67265343078
34,"208_fs3-00012.jpg",376.744669257269,199.113502101949
35,"208_fs3-00012.jpg",376.330675154427,198.558147898974
36,"208_fs3-00012.jpg",375.913198108481,198.006992455948
37,"208_fs3-00012.jpg",375.488509587498,197.460437406962
38,"208_fs3-00012.jpg",375.055903837004,196.918884386109
39,"208_fs3-00012.jpg",374.615587992461,196.382735027479
40,"208_fs3-00012.jpg",374.16776918933,195.852390965166
41,"208_fs3-00012.jpg",373.71265456307,195.32825383326
42,"208_fs3-00012.jpg",373.250451249142,194.810725265854
43,"208_fs3-00012.jpg",372.781366383008,194.300206897039
44,"208_fs3-00012.jpg",372.305607100127,193.797100360908
45,"208_fs3-00012.jpg",371.82338053596,193.301807291552
46,"208_fs3-00012.jpg",371.334893825969,192.814729323063
47,"208_fs3-00012.jpg",370.840354105614,192.336268089533
48,"208_fs3-00012.jpg",370.339968510354,191.866825225054
49,"208_fs3-00012.jpg",369.833944175652,191.406802363717
50,"208_fs3-00012.jpg",369.322488236967,190.956601139615
51,"208_fs3-00012.jpg",368.80580782976,190.51662318684
52,"208_fs3-00012.jpg",368.284110089492,190.087270139483
53,"208_fs3-00012.jpg",367.757602151624,189.668943631635
54,"208_fs3-00012.jpg",367.226491151616,189.26204529739
55,"208_fs3-00012.jpg",366.690984224929,188.866976770839
56,"208_fs3-00012.jpg",366.151288507023,188.484139686073
57,"208_fs3-00012.jpg",365.607611133359,188.113935677185
58,"208_fs3-00012.jpg",365.060159239398,187.756766378266
59,"208_fs3-00012.jpg",364.5091399606,187.413033423409
60,"208_fs3-00012.jpg",363.954760432426,187.083138446705
61,"208_fs3-00012.jpg",363.397227790337,186.767483082245
62,"208_fs3-00012.jpg",362.836749169793,186.466468964123
63,"208_fs3-00012.jpg",362.273531706255,186.180497726429
64,"208_fs3-00012.jpg",361.707782535184,185.909971003256
65,"208_fs3-00012.jpg",361.13970879204,185.655290428695
66,"208_fs3-00012.jpg",360.569517612283,185.416857636839
67,"208_fs3-00012.jpg",359.997416131375,185.195074261778
68,"208_fs3-00012.jpg",359.423611484777,184.990341937606
69,"208_fs3-00012.jpg",358.848310807948,184.803062298413
70,"208_fs3-00012.jpg",358.271721236349,184.633636978293
71,"208_fs3-00012.jpg",357.693332425763,184.482464493817
72,"208_fs3-00012.jpg",357.102758488855,184.349714162333
73,"208_fs3-00012.jpg",356.49749549059,184.23517342062
74,"208_fs3-00012.jpg",355.878800880388,184.138593534116
75,"208_fs3-00012.jpg",355.247932107671,184.059725768262
76,"208_fs3-00012.jpg",354.60614662186,183.998321388498
77,"208_fs3-00012.jpg",353.954701872377,183.954131660263
78,"208_fs3-00012.jpg",353.294855308641,183.926907849
79,"208_fs3-00012.jpg",352.627864380075,183.916401220146
80,"208_fs3-00012.jpg",351.9549865361,183.922363039142
81,"208_fs3-00012.jpg",351.277479226136,183.944544571429
82,"208_fs3-00012.jpg",350.596599899606,183.982697082446
83,"208_fs3-00012.jpg",349.91360600593,184.036571837633
84,"208_fs3-00012.jpg",349.229754994529,184.105920102431
85,"208_fs3-00012.jpg",348.546304314826,184.190493142279
86,"208_fs3-00012.jpg",347.86451141624,184.290042222618
87,"208_fs3-00012.jpg",347.185633748193,184.404318608887
88,"208_fs3-00012.jpg",346.510928760107,184.533073566527
89,"208_fs3-00012.jpg",345.841653901402,184.676058360978
90,"208_fs3-00012.jpg",345.179066621501,184.833024257679
91,"208_fs3-00012.jpg",344.524424369823,185.003722522071
92,"208_fs3-00012.jpg",343.87898459579,185.187904419594
93,"208_fs3-00012.jpg",343.244004748824,185.385321215688
94,"208_fs3-00012.jpg",342.620742278345,185.595724175793
95,"208_fs3-00012.jpg",342.010454633775,185.818864565349
96,"208_fs3-00012.jpg",341.414399264535,186.054493649796
97,"208_fs3-00012.jpg",340.833833620046,186.302362694574
98,"208_fs3-00012.jpg",340.269548664078,186.562223090493
99,"208_fs3-00012.jpg",339.706708735064,186.83385437847
100,"208_fs3-00012.jpg",339.138468701094,187.117099695949
101,"208_fs3-00012.jpg",338.565853186023,187.411810909175
102,"208_fs3-00012.jpg",337.989886813709,187.717839884392
103,"208_fs3-00012.jpg",337.411594208008,188.035038487842
104,"208_fs3-00012.jpg",336.831999992776,188.36325858577
105,"208_fs3-00012.jpg",336.252128791871,188.702352044419
106,"208_fs3-00012.jpg",335.673005229148,189.052170730033
107,"208_fs3-00012.jpg",335.095653928464,189.412566508856
108,"208_fs3-00012.jpg",334.521099513676,189.783391247131
109,"208_fs3-00012.jpg",333.950366608641,190.164496811102
110,"208_fs3-00012.jpg",333.384479837214,190.555735067013
111,"208_fs3-00012.jpg",332.824463823253,190.956957881107
112,"208_fs3-00012.jpg",332.271343190614,191.368017119629
113,"208_fs3-00012.jpg",331.726142563154,191.788764648821
114,"208_fs3-00012.jpg",331.189886564729,192.219052334927
115,"208_fs3-00012.jpg",330.663599819196,192.658732044191
116,"208_fs3-00012.jpg",330.148306950411,193.107655642857
117,"208_fs3-00012.jpg",329.645032582232,193.565674997169
118,"208_fs3-00012.jpg",329.154801338514,194.032641973369
119,"208_fs3-00012.jpg",328.678637843114,194.508408437702
120,"208_fs3-00012.jpg",328.217566719888,194.992826256412
121,"208_fs3-00012.jpg",327.772612592694,195.485747295742
122,"208_fs3-00012.jpg",327.344800085388,195.987023421935
123,"208_fs3-00012.jpg",326.935153821826,196.496506501236
124,"208_fs3-00012.jpg",326.544698425865,197.014048399888
125,"208_fs3-00012.jpg",326.174458521362,197.539500984135
126,"208_fs3-00012.jpg",325.825458732173,198.072716120221
127,"208_fs3-00012.jpg",325.498723682155,198.613545674388
128,"208_fs3-00012.jpg",325.195277995164,199.161841512881
129,"208_fs3-00012.jpg",324.916146295056,199.717455501944
130,"208_fs3-00012.jpg",324.662178783398,200.280239477617
131,"208_fs3-00012.jpg",324.418190427571,200.850017187485
132,"208_fs3-00012.jpg",324.174379495016,201.426532250485
133,"208_fs3-00012.jpg",323.931445179038,202.009514090487
134,"208_fs3-00012.jpg",323.690086672943,202.598692131364
135,"208_fs3-00012.jpg",323.451003170038,203.193795796989
136,"208_fs3-00012.jpg",323.214893863628,203.794554511234
137,"208_fs3-00012.jpg",322.982457947021,204.40069769797
138,"208_fs3-00012.jpg",322.754394613521,205.011954781071
139,"208_fs3-00012.jpg",322.531403056435,205.628055184409
140,"208_fs3-00012.jpg",322.314182469069,206.248728331856
141,"208_fs3-00012.jpg",322.10343204473,206.873703647284
142,"208_fs3-00012.jpg",321.899850976723,207.502710554567
143,"208_fs3-00012.jpg",321.704138458354,208.135478477575
144,"208_fs3-00012.jpg",321.51699368293,208.771736840182
145,"208_fs3-00012.jpg",321.339115843757,209.411215066259
146,"208_fs3-00012.jpg",321.171204134141,210.053642579679
147,"208_fs3-00012.jpg",321.013957747388,210.698748804315
148,"208_fs3-00012.jpg",320.868075876804,211.346263164039
149,"208_fs3-00012.jpg",320.734257715695,211.995915082723
150,"208_fs3-00012.jpg",320.613202457368,212.64743398424
151,"208_fs3-00012.jpg",320.505609295128,213.300549292461
152,"208_fs3-00012.jpg",320.412177422282,213.954990431259
153,"208_fs3-00012.jpg",320.333606032135,214.610486824507
154,"208_fs3-00012.jpg",320.270594317994,215.266767896076
155,"208_fs3-00012.jpg",320.223841473166,215.92356306984
156,"208_fs3-00012.jpg",320.194046690955,216.58060176967
157,"208_fs3-00012.jpg",320.181909164669,217.237613419439
158,"208_fs3-00012.jpg",320.187037982188,217.894339880667
159,"208_fs3-00012.jpg",320.207410064776,218.550605794943
160,"208_fs3-00012.jpg",320.242411677985,219.206269608271
161,"208_fs3-00012.jpg",320.291466991554,219.861189866942
162,"208_fs3-00012.jpg",320.354000175222,220.515225117243
163,"208_fs3-00012.jpg",320.429435398728,221.168233905464
164,"208_fs3-00012.jpg",320.51719683181,221.820074777895
165,"208_fs3-00012.jpg",320.616708644206,222.470606280824
166,"208_fs3-00012.jpg",320.727395005655,223.11968696054
167,"208_fs3-00012.jpg",320.848680085896,223.767175363332
168,"208_fs3-00012.jpg",320.979988054667,224.412930035491
169,"208_fs3-00012.jpg",321.120743081707,225.056809523304
170,"208_fs3-00012.jpg",321.270369336754,225.69867237306
171,"208_fs3-00012.jpg",321.428290989547,226.33837713105
172,"208_fs3-00012.jpg",321.593932209824,226.975782343561
173,"208_fs3-00012.jpg",321.766717167325,227.610746556884
174,"208_fs3-00012.jpg",321.946070031786,228.243128317307
175,"208_fs3-00012.jpg",322.131414972948,228.872786171119
176,"208_fs3-00012.jpg",322.322176160548,229.49957866461
177,"208_fs3-00012.jpg",322.517777764326,230.123364344068
178,"208_fs3-00012.jpg",322.717643954019,230.744001755783
179,"208_fs3-00012.jpg",322.921198899366,231.361349446043
180,"208_fs3-00012.jpg",323.127866770106,231.975265961139
181,"208_fs3-00012.jpg",323.337071735978,232.585609847358
182,"208_fs3-00012.jpg",323.548237966719,233.192239650991
183,"208_fs3-00012.jpg",323.760789632069,233.795013918326
184,"208_fs3-00012.jpg",323.974150901766,234.393791195652
185,"208_fs3-00012.jpg",324.187745945548,234.988430029258
186,"208_fs3-00012.jpg",324.402517223444,235.578788965434
187,"208_fs3-00012.jpg",324.636914990935,236.164726550468
188,"208_fs3-00012.jpg",324.895132976635,236.746101330651
189,"208_fs3-00012.jpg",325.175375989858,237.32277185227
190,"208_fs3-00012.jpg",325.47584883992,237.894596661615
191,"208_fs3-00012.jpg",325.794756336135,238.461434304975
192,"208_fs3-00012.jpg",326.130303287817,239.023143328639
193,"208_fs3-00012.jpg",326.480694504282,239.579582278897
194,"208_fs3-00012.jpg",326.844134794845,240.130609702036
195,"208_fs3-00012.jpg",327.218828968819,240.676084144348
196,"208_fs3-00012.jpg",327.602981835521,241.21586415212
197,"208_fs3-00012.jpg",327.994798204264,241.749808271641
198,"208_fs3-00012.jpg",328.392482884364,242.277775049202
199,"208_fs3-00012.jpg",328.794240685135,242.79962303109
200,"208_fs3-00012.jpg",329.198276415892,243.315210763595
1,"208_fs3-00013.jpg",389.5,230.5
2,"208_fs3-00013.jpg",389.302432388221,230.022918809758
3,"208_fs3-00013.jpg",389.102559152652,229.538020954747
4,"208_fs3-00013.jpg",388.900405862054,229.04555866749
5,"208_fs3-00013.jpg",388.69599808519,228.545784180508
6,"208_fs3-00013.jpg",388.489361390822,228.038949726324
7,"208_fs3-00013.jpg",388.280521347714,227.52530753746
8,"208_fs3-00013.jpg",388.069503524626,227.005109846437
9,"208_fs3-00013.jpg",387.856333490321,226.478608885779
10,"208_fs3-00013.jpg",387.641036813562,225.946056888006
11,"208_fs3-00013.jpg",387.423639063111,225.40770608564
12,"208_fs3-00013.jpg",387.204165807731,224.863808711204
13,"208_fs3-00013.jpg",386.982642616183,224.314616997221
14,"208_fs3-00013.jpg",386.75909505723,223.760383176211
15,"208_fs3-00013.jpg",386.533548699635,223.201359480697
16,"208_fs3-00013.jpg",386.306029112159,222.6377981432
17,"208_fs3-00013.jpg",386.076561863565,222.069951396244
18,"208_fs3-00013.jpg",385.845172522616,221.49807147235
19,"208_fs3-00013.jpg",385.611886658073,220.922410604039
20,"208_fs3-00013.jpg",385.376729838699,220.343221023834
21,"208_fs3-00013.jpg",385.139727633257,219.760754964258
22,"208_fs3-00013.jpg",384.900905610509,219.175264657831
23,"208_fs3-00013.jpg",384.660289339216,218.587002337077
24,"208_fs3-00013.jpg",384.417904388142,217.996220234516
25,"208_fs3-00013.jpg",384.173776326049,217.403170582672
26,"208_fs3-00013.jpg",383.927930721699,216.808105614066
27,"208_fs3-00013.jpg",383.680393143854,216.21127756122
28,"208_fs3-00013.jpg",383.431189161277,215.612938656656
29,"208_fs3-00013.jpg",383.18034434273,215.013341132896
30,"208_fs3-00013.jpg",382.927884256976,214.412737222462
31,"208_fs3-00013.jpg",382.673834472776,213.811379157877
32,"208_fs3-00013.jpg",382.418220558894,213.209519171662
33,"208_fs3-00013.jpg",382.161068084091,212.607409496339
34,"208_fs3-00013.jpg",381.902402617129,212.00530236443
35,"208_fs3-00013.jpg",381.642249726772,211.403450008458
36,"208_fs3-00013.jpg",381.380634981782,210.802104660944
37,"208_fs3-00013.jpg",381.11758395092,210.20151855441
38,"208_fs3-00013.jpg",380.853122202949,209.601943921379
39,"208_fs3-00013.jpg",380.588181735292,209.003632994372
40,"208_fs3-00013.jpg",380.323634846146,208.406838005912
41,"208_fs3-00013.jpg",380.059214199099,207.81181118852
42,"208_fs3-00013.jpg",379.794651260418,207.218804774718
43,"208_fs3-00013.jpg",379.529677496373,206.62807099703
44,"208_fs3-00013.jpg",379.264024373231,206.039862087975
45,"208_fs3-00013.jpg",378.997423357262,205.454430280077
46,"208_fs3-00013.jpg",378.729605914734,204.872027805858
47,"208_fs3-00013.jpg",378.460303511915,204.292906897839
48,"208_fs3-00013.jpg",378.189247615074,203.717319788543
49,"208_fs3-00013.jpg",377.916169690479,203.145518710492
50,"208_fs3-00013.jpg",377.6408012044,202.577755896207
51,"208_fs3-00013.jpg",377.362873623103,202.014283578211
52,"208_fs3-00013.jpg",377.082118412858,201.455353989025
53,"208_fs3-00013.jpg",376.798267039934,200.901219361172
54,"208_fs3-00013.jpg",376.511050970599,200.352131927174
55,"208_fs3-00013.jpg",376.22020167112,199.808343919553
56,"208_fs3-00013.jpg",375.925450607768,199.270107570831
57,"208_fs3-00013.jpg",375.62652924681,198.737675113529
58,"208_fs3-00013.jpg",375.323169054515,198.211298780171
59,"208_fs3-00013.jpg",375.015101497152,197.691230803277
60,"208_fs3-00013.jpg",374.702058040988,197.17772341537
61,"208_fs3-00013.jpg",374.383770152293,196.671028848972
62,"208_fs3-00013.jpg",374.059969297335,196.171399336605
63,"208_fs3-00013.jpg",373.730386942382,195.679087110791
64,"208_fs3-00013.jpg",373.394754553703,195.194344404052
65,"208_fs3-00013.jpg",373.052803597566,194.71742344891
66,"208_fs3-00013.jpg",372.70426554024,194.248576477887
67,"208_fs3-00013.jpg",372.348871847994,193.788055723504
68,"208_fs3-00013.jpg",371.986353987095,193.336113418285
69,"208_fs3-00013.jpg",371.616443423814,192.893001794752
70,"208_fs3-00013.jpg",371.238871624416,192.458973085425
71,"208_fs3-00013.jpg",370.853370055173,192.034279522827
72,"208_fs3-00013.jpg",370.459299757729,191.619172727561
73,"208_fs3-00013.jpg",370.04937316974,191.21384061703
74,"208_fs3-00013.jpg",369.621432468048,190.818352591798
75,"208_fs3-00013.jpg",369.176242030428,190.43276513486
76,"208_fs3-00013.jpg",368.714566234653,190.05713472921
77,"208_fs3-00013.jpg",368.2371694585,189.691517857845
78,"208_fs3-00013.jpg",367.744816079741,189.335971003759
79,"208_fs3-00013.jpg",367.238270476153,188.990550649947
80,"208_fs3-00013.jpg",366.71829702551,188.655313279404
81,"208_fs3-00013.jpg",366.185660105587,188.330315375127
82,"208_fs3-00013.jpg",365.641124094157,188.015613420109
83,"208_fs3-00013.jpg",365.085453368997,187.711263897346
84,"208_fs3-00013.jpg",364.519412307881,187.417323289833
85,"208_fs3-00013.jpg",363.943765288583,187.133848080566
86,"208_fs3-00013.jpg",363.359276688878,186.860894752539
87,"208_fs3-00013.jpg",362.766710886542,186.598519788748
88,"208_fs3-00013.jpg",362.166832259347,186.346779672188
89,"208_fs3-00013.jpg",361.560405185071,186.105730885853
90,"208_fs3-00013.jpg",360.948194041486,185.87542991274
91,"208_fs3-00013.jpg",360.330963206368,185.655933235843
92,"208_fs3-00013.jpg",359.709477057492,185.447297338158
93,"208_fs3-00013.jpg",359.084499972631,185.249578702679
94,"208_fs3-00013.jpg",358.456796329562,185.062833812402
95,"208_fs3-00013.jpg",357.827130506058,184.887119150322
96,"208_fs3-00013.jpg",357.196266879895,184.722491199435
97,"208_fs3-00013.jpg",356.564969828847,184.569006442734
98,"208_fs3-00013.jpg",355.934003730688,184.426721363216
99,"208_fs3-00013.jpg",355.304132963194,184.295692443876
100,"208_fs3-00013.jpg",354.67612190414,184.175976167709
101,"208_fs3-00013.jpg",354.050734931299,184.067629017709
102,"208_fs3-00013.jpg",353.428736422446,183.970707476873
103,"208_fs3-00013.jpg",352.810890755358,183.885268028195
104,"208_fs3-00013.jpg",352.197962307807,183.81136715467
105,"208_fs3-00013.jpg",351.590715457569,183.749061339294
106,"208_fs3-00013.jpg",350.989914582418,183.698407065062
107,"208_fs3-00013.jpg",350.39632406013,183.659460814968
108,"208_fs3-00013.jpg",349.810708268479,183.632279072009
109,"208_fs3-00013.jpg",349.233831585239,183.616918319179
110,"208_fs3-00013.jpg",348.664331593824,183.613433278383
111,"208_fs3-00013.jpg",348.087796681877,183.621828947988
112,"208_fs3-00013.jpg",347.501976801679,183.642054868477
113,"208_fs3-00013.jpg",346.907593935961,183.674057668089
114,"208_fs3-00013.jpg",346.305370067454,183.717783975063
115,"208_fs3-00013.jpg",345.69602717889,183.773180417636
116,"208_fs3-00013.jpg",345.080287252998,183.840193624047
117,"208_fs3-00013.jpg",344.45887227251,183.918770222535
118,"208_fs3-00013.jpg",343.832504220157,184.008856841338
119,"208_fs3-00013.jpg",343.201905078671,184.110400108694
120,"208_fs3-00013.jpg",342.567796830781,184.223346652843
121,"208_fs3-00013.jpg",341.930901459219,184.347643102022
122,"208_fs3-00013.jpg",341.291940946716,184.48323608447
123,"208_fs3-00013.jpg",340.651637276003,184.630072228425
124,"208_fs3-00013.jpg",340.010712429811,184.788098162126
125,"208_fs3-00013.jpg",339.369888390871,184.957260513812
126,"208_fs3-00013.jpg",338.729887141914,185.13750591172
127,"208_fs3-00013.jpg",338.09143066567,185.32878098409
128,"208_fs3-00013.jpg",337.455240944872,185.531032359159
129,"208_fs3-00013.jpg",336.822039962249,185.744206665166
130,"208_fs3-00013.jpg",336.192549700533,185.96825053035
131,"208_fs3-00013.jpg",335.567492142455,186.20311058295
132,"208_fs3-00013.jpg",334.947589270746,186.448733451202
133,"208_fs3-00013.jpg",334.333563068136,186.705065763347
134,"208_fs3-00013.jpg",333.726135517357,186.972054147622
135,"208_fs3-00013.jpg",333.12602860114,187.249645232266
136,"208_fs3-00013.jpg",332.533964302216,187.537785645517
137,"208_fs3-00013.jpg",331.950664603315,187.836422015615
138,"208_fs3-00013.jpg",331.37685148717,188.145500970796
139,"208_fs3-00013.jpg",330.813246936509,188.464969139301
140,"208_fs3-00013.jpg",330.260572934066,188.794773149366
141,"208_fs3-00013.jpg",329.71955146257,189.134859629231
142,"208_fs3-00013.jpg",329.190904504753,189.485175207135
143,"208_fs3-00013.jpg",328.675354043345,189.845666511315
144,"208_fs3-00013.jpg",328.173622061079,190.21628017001
145,"208_fs3-00013.jpg",327.686430540683,190.596962811459
146,"208_fs3-00013.jpg",327.214501464891,190.987661063899
147,"208_fs3-00013.jpg",326.758556816432,191.38832155557
148,"208_fs3-00013.jpg",326.319318578037,191.79889091471
149,"208_fs3-00013.jpg",325.897508732438,192.219315769557
150,"208_fs3-00013.jpg",325.493849262365,192.649542748351
151,"208_fs3-00013.jpg",325.10906215055,193.089518479328
152,"208_fs3-00013.jpg",324.743869379724,193.539189590728
153,"208_fs3-00013.jpg",324.398992932617,193.99850271079
154,"208_fs3-00013.jpg",324.073490866949,194.467400391687
155,"208_fs3-00013.jpg",323.755795699078,194.945707811872
156,"208_fs3-00013.jpg",323.443601605921,195.433117925435
157,"208_fs3-00013.jpg",323.136969641979,195.929316627057
158,"208_fs3-00013.jpg",322.835960861751,196.43398981142
159,"208_fs3-00013.jpg",322.540636319738,196.946823373204
160,"208_fs3-00013.jpg",322.25105707044,197.467503207091
161,"208_fs3-00013.jpg",321.967284168356,197.99571520776
162,"208_fs3-00013.jpg",321.689378667986,198.531145269893
163,"208_fs3-00013.jpg",321.41740162383,199.073479288171
164,"208_fs3-00013.jpg",321.151414090389,199.622403157275
165,"208_fs3-00013.jpg",320.891477122161,200.177602771884
166,"208_fs3-00013.jpg",320.637651773647,200.738764026682
167,"208_fs3-00013.jpg",320.389999099347,201.305572816347
168,"208_fs3-00013.jpg",320.148580153761,201.877715035562
169,"208_fs3-00013.jpg",319.913455991388,202.454876579007
170,"208_fs3-00013.jpg",319.684687666729,203.036743341362
171,"208_fs3-00013.jpg",319.462336234282,203.62300121731
172,"208_fs3-00013.jpg",319.24646274855,204.21333610153
173,"208_fs3-00013.jpg",319.03712826403,204.807433888703
174,"208_fs3-00013.jpg",318.834393835223,205.404980473511
175,"208_fs3-00013.jpg",318.63832051663,206.005661750634
176,"208_fs3-00013.jpg",318.448969362749,206.609163614753
177,"208_fs3-00013.jpg",318.266401428081,207.215171960549
178,"208_fs3-00013.jpg",318.090677767125,207.823372682703
179,"208_fs3-00013.jpg",317.921859434383,208.433451675895
180,"208_fs3-00013.jpg",317.760007484352,209.045094834807
181,"208_fs3-00013.jpg",317.605182971534,209.65798805412
182,"208_fs3-00013.jpg",317.457446950428,210.271817228514
183,"208_fs3-00013.jpg",317.316558136992,210.88626825267
184,"208_fs3-00013.jpg",317.179278973852,211.501027021269
185,"208_fs3-00013.jpg",317.044929354685,212.115779428993
186,"208_fs3-00013.jpg",316.913777587676,212.730211370521
187,"208_fs3-00013.jpg",316.78609198101,213.344008740535
188,"208_fs3-00013.jpg",316.662140842873,213.956857433715
189,"208_fs3-00013.jpg",316.542192481449,214.568443344743
190,"208_fs3-00013.jpg",316.426515204924,215.178452368299
191,"208_fs3-00013.jpg",316.315377321482,215.786570399064
192,"208_fs3-00013.jpg",316.20904713931,216.39248333172
193,"208_fs3-00013.jpg",316.107792966592,216.995877060946
194,"208_fs3-00013.jpg",316.011883111513,217.596437481424
195,"208_fs3-00013.jpg",315.921585882259,218.193850487835
196,"208_fs3-00013.jpg",315.837169587014,218.78780197486
197,"208_fs3-00013.jpg",315.758902533964,219.377977837178
198,"208_fs3-00013.jpg",315.687053031294,219.964063969473
199,"208_fs3-00013.jpg",315.621889387189,220.545746266423
200,"208_fs3-00013.jpg",315.563679909834,221.122710622711
1,"208_fs3-00014.jpg",392.5,238.5
2,"208_fs3-00014.jpg",392.449949040962,237.9682040346
3,"208_fs3-00014.jpg",392.393791701508,237.430427338811
4,"208_fs3-00014.jpg",392.331626888059,236.88682962232
5,"208_fs3-00014.jpg",392.263553507032,236.337570594813
6,"208_fs3-00014.jpg",392.189670464846,235.782809965977
7,"208_fs3-00014.jpg",392.110076667921,235.222707445499
8,"208_fs3-00014.jpg",392.024871022676,234.657422743064
9,"208_fs3-00014.jpg",391.934152435528,234.08711556836
10,"208_fs3-00014.jpg",391.838019812898,233.511945631072
11,"208_fs3-00014.jpg",391.736572061203,232.932072640887
12,"208_fs3-00014.jpg",391.629908086864,232.347656307492
13,"208_fs3-00014.jpg",391.518126796298,231.758856340574
14,"208_fs3-00014.jpg",391.401327095924,231.165832449817
15,"208_fs3-00014.jpg",391.279607892162,230.56874434491
16,"208_fs3-00014.jpg",391.153068091431,229.967751735538
17,"208_fs3-00014.jpg",391.021806600148,229.363014331388
18,"208_fs3-00014.jpg",390.885922324734,228.754691842146
19,"208_fs3-00014.jpg",390.745514171607,228.142943977499
20,"208_fs3-00014.jpg",390.600681047186,227.527930447134
21,"208_fs3-00014.jpg",390.451521857889,226.909810960736
22,"208_fs3-00014.jpg",390.298135510136,226.288745227992
23,"208_fs3-00014.jpg",390.140620910345,225.664892958589
24,"208_fs3-00014.jpg",389.979076964936,225.038413862213
25,"208_fs3-00014.jpg",389.813602580328,224.40946764855
26,"208_fs3-00014.jpg",389.644296662938,223.778214027288
27,"208_fs3-00014.jpg",389.471258119186,223.144812708112
28,"208_fs3-00014.jpg",389.294585855492,222.509423400709
29,"208_fs3-00014.jpg",389.114378778273,221.872205814765
30,"208_fs3-00014.jpg",388.930735793949,221.233319659967
31,"208_fs3-00014.jpg",388.743755808938,220.592924646002
32,"208_fs3-00014.jpg",388.55353772966,219.951180482555
33,"208_fs3-00014.jpg",388.360180462533,219.308246879313
34,"208_fs3-00014.jpg",388.163782913977,218.664283545963
35,"208_fs3-00014.jpg",387.964443990409,218.019450192191
36,"208_fs3-00014.jpg",387.76226259825,217.373906527684
37,"208_fs3-00014.jpg",387.557337643917,216.727812262128
38,"208_fs3-00014.jpg",387.34976803383,216.081327105209
39,"208_fs3-00014.jpg",387.139652674408,215.434610766614
40,"208_fs3-00014.jpg",386.927090472069,214.78782295603
41,"208_fs3-00014.jpg",386.712180333233,214.141123383142
42,"208_fs3-00014.jpg",386.495021164318,213.494671757638
43,"208_fs3-00014.jpg",386.275711871743,212.848627789203
44,"208_fs3-00014.jpg",386.054351361927,212.203151187525
45,"208_fs3-00014.jpg",385.831038541289,211.558401662289
46,"208_fs3-00014.jpg",385.605872316247,210.914538923183
47,"208_fs3-00014.jpg",385.378951593222,210.271722679892
48,"208_fs3-00014.jpg",385.150375278631,209.630112642103
49,"208_fs3-00014.jpg",384.920242278893,208.989868519503
50,"208_fs3-00014.jpg",384.688651500428,208.351150021777
51,"208_fs3-00014.jpg",384.455701849654,207.714116858613
52,"208_fs3-00014.jpg",384.22149223299,207.078928739697
53,"208_fs3-00014.jpg",383.986121556854,206.445745374716
54,"208_fs3-00014.jpg",383.749688727667,205.814726473355
55,"208_fs3-00014.jpg",383.512292651847,205.186031745301
56,"208_fs3-00014.jpg",383.274032235812,204.559820900241
57,"208_fs3-00014.jpg",383.035006385981,203.936253647861
58,"208_fs3-00014.jpg",382.79370588928,203.315489697848
59,"208_fs3-00014.jpg",382.543955214543,202.697688759888
60,"208_fs3-00014.jpg",382.285281178418,202.083010543668
61,"208_fs3-00014.jpg",382.017851936123,201.471614758873
62,"208_fs3-00014.jpg",381.741835642875,200.863661115191
63,"208_fs3-00014.jpg",381.457400453891,200.259309322308
64,"208_fs3-00014.jpg",381.16471452439,199.65871908991
65,"208_fs3-00014.jpg",380.863946009589,199.062050127684
66,"208_fs3-00014.jpg",380.555263064705,198.469462145316
67,"208_fs3-00014.jpg",380.238833844957,197.881114852493
68,"208_fs3-00014.jpg",379.914826505561,197.297167958901
69,"208_fs3-00014.jpg",379.583409201737,196.717781174227
70,"208_fs3-00014.jpg",379.2447500887,196.143114208157
71,"208_fs3-00014.jpg",378.89901732167,195.573326770377
72,"208_fs3-00014.jpg",378.546379055863,195.008578570575
73,"208_fs3-00014.jpg",378.187003446497,194.449029318436
74,"208_fs3-00014.jpg",377.82105864879,193.894838723647
75,"208_fs3-00014.jpg",377.44871281796,193.346166495894
76,"208_fs3-00014.jpg",377.070134109224,192.803172344864
77,"208_fs3-00014.jpg",376.685490677799,192.266015980243
78,"208_fs3-00014.jpg",376.294950678904,191.734857111719
79,"208_fs3-00014.jpg",375.898682267757,191.209855448976
80,"208_fs3-00014.jpg",375.496853599573,190.691170701702
81,"208_fs3-00014.jpg",375.089632829573,190.178962579583
82,"208_fs3-00014.jpg",374.677188112972,189.673390792306
83,"208_fs3-00014.jpg",374.259687604989,189.174615049557
84,"208_fs3-00014.jpg",373.837299460842,188.682795061022
85,"208_fs3-00014.jpg",373.410191835747,188.198090536388
86,"208_fs3-00014.jpg",372.978532884923,187.720661185342
87,"208_fs3-00014.jpg",372.542490763588,187.25066671757
88,"208_fs3-00014.jpg",372.102233626958,186.788266842757
89,"208_fs3-00014.jpg",371.657929630252,186.333621270592
90,"208_fs3-00014.jpg",371.209746928687,185.88688971076
91,"208_fs3-00014.jpg",370.757853677482,185.448231872948
92,"208_fs3-00014.jpg",370.302418031852,185.017807466841
93,"208_fs3-00014.jpg",369.843608147017,184.595776202128
94,"208_fs3-00014.jpg",369.381592178194,184.182297788493
95,"208_fs3-00014.jpg",368.9165382806,183.777531935624
96,"208_fs3-00014.jpg",368.448614609454,183.381638353207
97,"208_fs3-00014.jpg",367.977989319972,182.994776750928
98,"208_fs3-00014.jpg",367.504830567372,182.617106838474
99,"208_fs3-00014.jpg",367.029306506873,182.248788325532
100,"208_fs3-00014.jpg",366.551585293691,181.889980921787
101,"208_fs3-00014.jpg",366.064653363199,181.540841645452
102,"208_fs3-00014.jpg",365.560717506324,181.201515351097
103,"208_fs3-00014.jpg",365.040636850871,180.872143458739
104,"208_fs3-00014.jpg",364.50528361298,180.552867388188
105,"208_fs3-00014.jpg",363.955530008796,180.243828559257
106,"208_fs3-00014.jpg",363.39224825446,179.945168391757
107,"208_fs3-00014.jpg",362.816310566114,179.657028305499
108,"208_fs3-00014.jpg",362.228589159901,179.379549720296
109,"208_fs3-00014.jpg",361.629956251963,179.112874055958
110,"208_fs3-00014.jpg",361.021284058443,178.857142732297
111,"208_fs3-00014.jpg",360.403444795483,178.612497169125
112,"208_fs3-00014.jpg",359.777310679226,178.379078786253
113,"208_fs3-00014.jpg",359.143753925813,178.157029003492
114,"208_fs3-00014.jpg",358.503646751388,177.946489240655
115,"208_fs3-00014.jpg",357.857861372092,177.747600917553
116,"208_fs3-00014.jpg",357.207270004069,177.560505453996
117,"208_fs3-00014.jpg",356.552744863459,177.385344269798
118,"208_fs3-00014.jpg",355.895158166407,177.222258784769
119,"208_fs3-00014.jpg",355.235382129053,177.071390418721
120,"208_fs3-00014.jpg",354.574288967541,176.932880591465
121,"208_fs3-00014.jpg",353.912750898013,176.806870722813
122,"208_fs3-00014.jpg",353.251640136612,176.693502232576
123,"208_fs3-00014.jpg",352.591828899479,176.592916540567
124,"208_fs3-00014.jpg",351.934189402757,176.505255066596
125,"208_fs3-00014.jpg",351.279593862588,176.430659230475
126,"208_fs3-00014.jpg",350.628914495116,176.369270452015
127,"208_fs3-00014.jpg",349.983023516481,176.321230151029
128,"208_fs3-00014.jpg",349.342793142828,176.286679747327
129,"208_fs3-00014.jpg",348.709095590297,176.265760660721
130,"208_fs3-00014.jpg",348.082803075031,176.258614311023
131,"208_fs3-00014.jpg",347.464787813174,176.265382118044
132,"208_fs3-00014.jpg",346.85591114544,176.28620549991
133,"208_fs3-00014.jpg",346.246455508645,176.321174340328
134,"208_fs3-00014.jpg",345.628034249006,176.370191812153
135,"208_fs3-00014.jpg",345.001589658762,176.433118817308
136,"208_fs3-00014.jpg",344.368064030152,176.509816257717
137,"208_fs3-00014.jpg",343.728399655417,176.600145035304
138,"208_fs3-00014.jpg",343.083538826794,176.703966051994
139,"208_fs3-00014.jpg",342.434423836524,176.821140209709
140,"208_fs3-00014.jpg",341.781996976845,176.951528410374
141,"208_fs3-00014.jpg",341.127200539996,177.094991555913
142,"208_fs3-00014.jpg",340.470976818218,177.25139054825
143,"208_fs3-00014.jpg",339.814268103749,177.420586289308
144,"208_fs3-00014.jpg",339.158016688828,177.602439681012
145,"208_fs3-00014.jpg",338.503164865694,177.796811625286
146,"208_fs3-00014.jpg",337.850654926588,178.003563024053
147,"208_fs3-00014.jpg",337.201429163747,178.222554779237
148,"208_fs3-00014.jpg",336.556429869412,178.453647792762
149,"208_fs3-00014.jpg",335.916599335821,178.696702966553
150,"208_fs3-00014.jpg",335.282879855214,178.951581202533
151,"208_fs3-00014.jpg",334.656213719829,179.218143402625
152,"208_fs3-00014.jpg",334.037543221907,179.496250468755
153,"208_fs3-00014.jpg",333.427810653686,179.785763302846
154,"208_fs3-00014.jpg",332.827958307406,180.086542806821
155,"208_fs3-00014.jpg",332.238928475305,180.398449882605
156,"208_fs3-00014.jpg",331.661663449624,180.721345432121
157,"208_fs3-00014.jpg",331.097105522601,181.055090357294
158,"208_fs3-00014.jpg",330.546196986475,181.399545560048
159,"208_fs3-00014.jpg",330.009880133486,181.754571942306
160,"208_fs3-00014.jpg",329.489097255873,182.120030405992
161,"208_fs3-00014.jpg",328.984790645875,182.49578185303
162,"208_fs3-00014.jpg",328.497902595732,182.881687185345
163,"208_fs3-00014.jpg",328.029375397682,183.277607304859
164,"208_fs3-00014.jpg",327.580151343965,183.683403113497
165,"208_fs3-00014.jpg",327.15117272682,184.098935513184
166,"208_fs3-00014.jpg",326.742591234802,184.524065405842
167,"208_fs3-00014.jpg",326.341793020634,184.958653693395
168,"208_fs3-00014.jpg",325.944288930918,185.402561277769
169,"208_fs3-00014.jpg",325.550318978066,185.855649060886
170,"208_fs3-00014.jpg",325.160123174492,186.31777794467
171,"208_fs3-00014.jpg",324.77394153261,186.788808831046
172,"208_fs3-00014.jpg",324.392014064834,187.268602621937
173,"208_fs3-00014.jpg",324.014580783577,187.757020219268
174,"208_fs3-00014.jpg",323.641881701253,188.253922524961
175,"208_fs3-00014.jpg",323.274156830276,188.759170440942
176,"208_fs3-00014.jpg",322.911646183059,189.272624869133
177,"208_fs3-00014.jpg",322.554589772016,189.794146711459
178,"208_fs3-00014.jpg",322.203227609561,190.323596869845
179,"208_fs3-00014.jpg",321.857799708108,190.860836246213
180,"208_fs3-00014.jpg",321.518546080069,191.405725742488
181,"208_fs3-00014.jpg",321.185706737859,191.958126260593
182,"208_fs3-00014.jpg",320.859521693892,192.517898702452
183,"208_fs3-00014.jpg",320.54023096058,193.08490396999
184,"208_fs3-00014.jpg",320.228074550339,193.659002965131
185,"208_fs3-00014.jpg",319.923292475581,194.240056589798
186,"208_fs3-00014.jpg",319.62612474872,194.827925745915
187,"208_fs3-00014.jpg",319.33681138217,195.422471335406
188,"208_fs3-00014.jpg",319.055592388345,196.023554260195
189,"208_fs3-00014.jpg",318.782707779658,196.631035422206
190,"208_fs3-00014.jpg",318.518397568522,197.244775723362
191,"208_fs3-00014.jpg",318.262901767353,197.864636065589
192,"208_fs3-00014.jpg",318.016460388562,198.490477350809
193,"208_fs3-00014.jpg",317.779313444565,199.122160480947
194,"208_fs3-00014.jpg",317.551700947774,199.759546357927
195,"208_fs3-00014.jpg",317.333862910604,200.402495883671
196,"208_fs3-00014.jpg",317.126039345468,201.050869960106
197,"208_fs3-00014.jpg",316.928470264779,201.704529489153
198,"208_fs3-00014.jpg",316.741395680952,202.363335372738
199,"208_fs3-00014.jpg",316.5650556064,203.027148512784
200,"208_fs3-00014.jpg",316.399690053536,203.695829811214
1,"208_fs3-00015.jpg",392.167,246.833
2,"208_fs3-00015.jpg",392.030391951145,246.223916609587
3,"208_fs3-00015.jpg",391.891775410847,245.610849035022
4,"208_fs3-00015.jpg",391.751172523598,244.993898432282
5,"208_fs3-00015.jpg",391.608605433888,244.373165957344
6,"208_fs3-00015.jpg",391.46409628621,243.748752766184
7,"208_fs3-00015.jpg",391.317667225054,243.12076001478
8,"208_fs3-00015.jpg",391.169340394912,242.489288859107
9,"208_fs3-00015.jpg",391.019137940275,241.854440455143
10,"208_fs3-00015.jpg",390.867082005633,241.216315958864
11,"208_fs3-00015.jpg",390.713194735479,240.575016526248
12,"208_fs3-00015.jpg",390.557498274304,239.93064331327
13,"208_fs3-00015.jpg",390.400014766599,239.283297475908
14,"208_fs3-00015.jpg",390.240766356854,238.633080170138
15,"208_fs3-00015.jpg",390.079775189563,237.980092551938
16,"208_fs3-00015.jpg",389.917063409215,237.324435777283
17,"208_fs3-00015.jpg",389.752653160301,236.666211002151
18,"208_fs3-00015.jpg",389.586566587314,236.005519382518
19,"208_fs3-00015.jpg",389.418825834744,235.342462074361
20,"208_fs3-00015.jpg",389.249453047083,234.677140233656
21,"208_fs3-00015.jpg",389.078470368822,234.009655016382
22,"208_fs3-00015.jpg",388.905899944452,233.340107578513
23,"208_fs3-00015.jpg",388.731763918464,232.668599076027
24,"208_fs3-00015.jpg",388.55608443535,231.995230664902
25,"208_fs3-00015.jpg",388.378883639601,231.320103501112
26,"208_fs3-00015.jpg",388.200183675709,230.643318740636
27,"208_fs3-00015.jpg",388.020006688163,229.964977539449
28,"208_fs3-00015.jpg",387.838374821456,229.28518105353
29,"208_fs3-00015.jpg",387.65531022008,228.604030438853
30,"208_fs3-00015.jpg",387.470835028524,227.921626851397
31,"208_fs3-00015.jpg",387.284971391281,227.238071447138
32,"208_fs3-00015.jpg",387.097741452841,226.553465382052
33,"208_fs3-00015.jpg",386.909167357696,225.867909812116
34,"208_fs3-00015.jpg",386.719271250338,225.181505893308
35,"208_fs3-00015.jpg",386.528075275257,224.494354781603
36,"208_fs3-00015.jpg",386.335601576945,223.806557632979
37,"208_fs3-00015.jpg",386.141872299893,223.118215603412
38,"208_fs3-00015.jpg",385.946909588592,222.429429848879
39,"208_fs3-00015.jpg",385.750735587533,221.740301525357
40,"208_fs3-00015.jpg",385.553372441208,221.050931788823
41,"208_fs3-00015.jpg",385.354842294108,220.361421795252
42,"208_fs3-00015.jpg",385.155167290724,219.671872700623
43,"208_fs3-00015.jpg",384.954369575548,218.982385660911
44,"208_fs3-00015.jpg",384.75247129307,218.293061832093
45,"208_fs3-00015.jpg",384.549494587783,217.604002370147
46,"208_fs3-00015.jpg",384.345461604177,216.915308431049
47,"208_fs3-00015.jpg",384.140394486743,216.227081170775
48,"208_fs3-00015.jpg",383.934315379973,215.539421745303
49,"208_fs3-00015.jpg",383.727246428357,214.852431310609
50,"208_fs3-00015.jpg",383.519677147979,214.166211022669
51,"208_fs3-00015.jpg",383.312391662784,213.480862037461
52,"208_fs3-00015.jpg",383.105224688759,212.796485510962
53,"208_fs3-00015.jpg",382.897989517035,212.113182599147
54,"208_fs3-00015.jpg",382.690499438747,211.431054457995
55,"208_fs3-00015.jpg",382.482567745025,210.750202243481
56,"208_fs3-00015.jpg",382.274007727003,210.070727111582
57,"208_fs3-00015.jpg",382.064632675813,209.392730218275
58,"208_fs3-00015.jpg",381.854255882587,208.716312719537
59,"208_fs3-00015.jpg",381.642690638458,208.041575771344
60,"208_fs3-00015.jpg",381.429750234559,207.368620529673
61,"208_fs3-00015.jpg",381.215247962021,206.697548150502
62,"208_fs3-00015.jpg",380.998997111978,206.028459789806
63,"208_fs3-00015.jpg",380.780810975562,205.361456603562
64,"208_fs3-00015.jpg",380.560502843905,204.696639747748
65,"208_fs3-00015.jpg",380.337886008139,204.03411037834
66,"208_fs3-00015.jpg",380.112773759398,203.373969651314
67,"208_fs3-00015.jpg",379.884979388814,202.716318722647
68,"208_fs3-00015.jpg",379.654316187518,202.061258748317
69,"208_fs3-00015.jpg",379.420597446644,201.408890884299
70,"208_fs3-00015.jpg",379.183636457325,200.759316286571
71,"208_fs3-00015.jpg",378.943246510691,200.11263611111
72,"208_fs3-00015.jpg",378.699240897877,199.468951513891
73,"208_fs3-00015.jpg",378.451432910014,198.828363650892
74,"208_fs3-00015.jpg",378.199635838235,198.19097367809
75,"208_fs3-00015.jpg",377.943662973673,197.55688275146
76,"208_fs3-00015.jpg",377.683327607459,196.926192026981
77,"208_fs3-00015.jpg",377.418443030727,196.299002660629
78,"208_fs3-00015.jpg",377.148822534608,195.67541580838
79,"208_fs3-00015.jpg",376.874279410236,195.055532626211
80,"208_fs3-00015.jpg",376.594626948742,194.439454270099
81,"208_fs3-00015.jpg",376.309678441259,193.827281896021
82,"208_fs3-00015.jpg",376.01924717892,193.219116659953
83,"208_fs3-00015.jpg",375.723146452858,192.615059717872
84,"208_fs3-00015.jpg",375.421189554204,192.015212225756
85,"208_fs3-00015.jpg",375.11318977409,191.419675339579
86,"208_fs3-00015.jpg",374.798960403651,190.828550215321
87,"208_fs3-00015.jpg",374.478314734017,190.241938008956
88,"208_fs3-00015.jpg",374.151066056322,189.659939876462
89,"208_fs3-00015.jpg",373.817027661698,189.082656973816
90,"208_fs3-00015.jpg",373.476012841277,188.510190456993
91,"208_fs3-00015.jpg",373.1240777686,187.942658032321
92,"208_fs3-00015.jpg",372.754156282049,187.380293704576
93,"208_fs3-00015.jpg",372.366707125054,186.823381338372
94,"208_fs3-00015.jpg",371.962385351524,186.272204988842
95,"208_fs3-00015.jpg",371.541846015365,185.727048711122
96,"208_fs3-00015.jpg",371.105744170481,185.188196560347
97,"208_fs3-00015.jpg",370.654734870781,184.655932591652
98,"208_fs3-00015.jpg",370.189473170171,184.130540860171
99,"208_fs3-00015.jpg",369.710614122556,183.612305421041
100,"208_fs3-00015.jpg",369.218812781843,183.101510329395
101,"208_fs3-00015.jpg",368.714724201938,182.598439640369
102,"208_fs3-00015.jpg",368.199003436748,182.103377409097
103,"208_fs3-00015.jpg",367.672305540179,181.616607690716
104,"208_fs3-00015.jpg",367.135285566138,181.138414540359
105,"208_fs3-00015.jpg",366.58859856853,180.669082013162
106,"208_fs3-00015.jpg",366.032899601263,180.208894164259
107,"208_fs3-00015.jpg",365.468843718242,179.758135048787
108,"208_fs3-00015.jpg",364.897085973374,179.317088721879
109,"208_fs3-00015.jpg",364.318281420565,178.886039238671
110,"208_fs3-00015.jpg",363.733085113721,178.465270654298
111,"208_fs3-00015.jpg",363.142152106749,178.055067023894
112,"208_fs3-00015.jpg",362.546137453556,177.655712402596
113,"208_fs3-00015.jpg",361.945696208046,177.267490845537
114,"208_fs3-00015.jpg",361.341483424128,176.890686407852
115,"208_fs3-00015.jpg",360.734154155707,176.525583144678
116,"208_fs3-00015.jpg",360.124363456689,176.172465111148
117,"208_fs3-00015.jpg",359.512766380981,175.831616362398
118,"208_fs3-00015.jpg",358.900017982489,175.503320953563
119,"208_fs3-00015.jpg",358.28677331512,175.187862939777
120,"208_fs3-00015.jpg",357.67368743278,174.885526376176
121,"208_fs3-00015.jpg",357.061415389375,174.596595317895
122,"208_fs3-00015.jpg",356.450612238812,174.321353820069
123,"208_fs3-00015.jpg",355.841933034996,174.060085937832
124,"208_fs3-00015.jpg",355.236032831835,173.81307572632
125,"208_fs3-00015.jpg",354.623427449387,173.580567028785
126,"208_fs3-00015.jpg",353.992337481616,173.362610138237
127,"208_fs3-00015.jpg",353.344026710201,173.159197187465
128,"208_fs3-00015.jpg",352.679802957439,172.970320297909
129,"208_fs3-00015.jpg",352.000974045627,172.795971591009
130,"208_fs3-00015.jpg",351.308847797063,172.636143188202
131,"208_fs3-00015.jpg",350.604732034045,172.490827210929
132,"208_fs3-00015.jpg",349.889934578869,172.36001578063
133,"208_fs3-00015.jpg",349.165763253834,172.243701018742
134,"208_fs3-00015.jpg",348.433525881237,172.141875046706
135,"208_fs3-00015.jpg",347.694530283375,172.054529985961
136,"208_fs3-00015.jpg",346.950084282546,171.981657957945
137,"208_fs3-00015.jpg",346.201495701047,171.9232510841
138,"208_fs3-00015.jpg",345.450072361176,171.879301485862
139,"208_fs3-00015.jpg",344.69712208523,171.849801284673
140,"208_fs3-00015.jpg",343.943952695507,171.834742601971
141,"208_fs3-00015.jpg",343.191872014304,171.834117559195
142,"208_fs3-00015.jpg",342.442187863918,171.847918277785
143,"208_fs3-00015.jpg",341.696208066648,171.876136879181
144,"208_fs3-00015.jpg",340.955240444789,171.91876548482
145,"208_fs3-00015.jpg",340.220592820641,171.975796216143
146,"208_fs3-00015.jpg",339.4935730165,172.047221194589
147,"208_fs3-00015.jpg",338.775488854664,172.133032541598
148,"208_fs3-00015.jpg",338.067648157431,172.233222378607
149,"208_fs3-00015.jpg",337.371358747097,172.347782827058
150,"208_fs3-00015.jpg",336.68792844596,172.476706008388
151,"208_fs3-00015.jpg",336.018665076318,172.619984044038
152,"208_fs3-00015.jpg",335.364876460469,172.777609055447
153,"208_fs3-00015.jpg",334.727870420709,172.949573164053
154,"208_fs3-00015.jpg",334.108954779336,173.135868491297
155,"208_fs3-00015.jpg",333.509437358647,173.336487158617
156,"208_fs3-00015.jpg",332.930625980941,173.551421287452
157,"208_fs3-00015.jpg",332.373828468514,173.780662999243
158,"208_fs3-00015.jpg",331.839995319654,174.024204415428
159,"208_fs3-00015.jpg",331.316243280996,174.282037657447
160,"208_fs3-00015.jpg",330.795684084358,174.554154846739
161,"208_fs3-00015.jpg",330.27846336724,174.840548104742
162,"208_fs3-00015.jpg",329.764726767141,175.141209552898
163,"208_fs3-00015.jpg",329.254619921562,175.456131312644
164,"208_fs3-00015.jpg",328.748288468003,175.78530550542
165,"208_fs3-00015.jpg",328.245878043962,176.128724252665
166,"208_fs3-00015.jpg",327.747534286941,176.486379675819
167,"208_fs3-00015.jpg",327.253402834438,176.858263896321
168,"208_fs3-00015.jpg",326.763629323955,177.24436903561
169,"208_fs3-00015.jpg",326.278359392989,177.644687215125
170,"208_fs3-00015.jpg",325.797738679042,178.059210556306
171,"208_fs3-00015.jpg",325.321912819613,178.487931180593
172,"208_fs3-00015.jpg",324.851027452202,178.930841209423
173,"208_fs3-00015.jpg",324.385228214309,179.387932764237
174,"208_fs3-00015.jpg",323.924660743434,179.859197966474
175,"208_fs3-00015.jpg",323.469470677076,180.344628937573
176,"208_fs3-00015.jpg",323.019803652735,180.844217798974
177,"208_fs3-00015.jpg",322.575805307911,181.357956672115
178,"208_fs3-00015.jpg",322.137621280104,181.885837678436
179,"208_fs3-00015.jpg",321.705397206814,182.427852939377
180,"208_fs3-00015.jpg",321.279278725541,182.983994576376
181,"208_fs3-00015.jpg",320.859411473784,183.554254710873
182,"208_fs3-00015.jpg",320.445941089043,184.138625464307
183,"208_fs3-00015.jpg",320.039013208818,184.737098958117
184,"208_fs3-00015.jpg",319.63877347061,185.349667313744
185,"208_fs3-00015.jpg",319.245367511916,185.976322652625
186,"208_fs3-00015.jpg",318.858940970239,186.6170570962
187,"208_fs3-00015.jpg",318.479639483077,187.271862765909
188,"208_fs3-00015.jpg",318.10760868793,187.940731783191
189,"208_fs3-00015.jpg",317.742994222298,188.623656269485
190,"208_fs3-00015.jpg",317.385941723681,189.320628346231
191,"208_fs3-00015.jpg",317.036596829578,190.031640134867
192,"208_fs3-00015.jpg",316.69510517749,190.756683756833
193,"208_fs3-00015.jpg",316.361612404917,191.495751333569
194,"208_fs3-00015.jpg",316.036264149357,192.248834986513
195,"208_fs3-00015.jpg",315.719206048312,193.015926837105
196,"208_fs3-00015.jpg",315.41058373928,193.797019006784
197,"208_fs3-00015.jpg",315.110542859762,194.592103616989
198,"208_fs3-00015.jpg",314.819229047258,195.40117278916
199,"208_fs3-00015.jpg",314.536787939267,196.224218644736
200,"208_fs3-00015.jpg",314.263365173288,197.061233305156
