points,Image,X,Y
1,206_fs1-00001.jpg,99.9041983657369,-17.2315452433758
2,206_fs1-00001.jpg,99.3859634961157,-17.207264251221
3,206_fs1-00001.jpg,98.8678014104416,-17.1842012989136
4,206_fs1-00001.jpg,98.349712234953,-17.1622839936595
5,206_fs1-00001.jpg,97.8316960958878,-17.141439942665
6,206_fs1-00001.jpg,97.3137531194844,-17.1215967531362
7,206_fs1-00001.jpg,96.7958834319808,-17.1026820322792
8,206_fs1-00001.jpg,96.2780871596154,-17.0846233873001
9,206_fs1-00001.jpg,95.7603644286263,-17.067348425405
10,206_fs1-00001.jpg,95.2427153652517,-17.0507847538001
11,206_fs1-00001.jpg,94.7251400957298,-17.0348599796914
12,206_fs1-00001.jpg,94.2076387462988,-17.0195017102851
13,206_fs1-00001.jpg,93.6902114431969,-17.0046375527873
14,206_fs1-00001.jpg,93.1728583126622,-16.9901951144041
15,206_fs1-00001.jpg,92.655579480933,-16.9761020023417
16,206_fs1-00001.jpg,92.1383750742474,-16.9622858238062
17,206_fs1-00001.jpg,91.6212452188438,-16.9486741860036
18,206_fs1-00001.jpg,91.1041900409601,-16.9351946961402
19,206_fs1-00001.jpg,90.5872096668348,-16.921774961422
20,206_fs1-00001.jpg,90.0703042227058,-16.9083425890551
21,206_fs1-00001.jpg,89.5534738348115,-16.8948251862456
22,206_fs1-00001.jpg,89.03671862939,-16.8811503601998
23,206_fs1-00001.jpg,88.5200387326796,-16.8672457181237
24,206_fs1-00001.jpg,88.0034342709183,-16.8530388672233
25,206_fs1-00001.jpg,87.4869053703445,-16.8384574147049
26,206_fs1-00001.jpg,86.9704521571962,-16.8234289677746
27,206_fs1-00001.jpg,86.4540747577117,-16.8078811336385
28,206_fs1-00001.jpg,85.9377732981293,-16.7917415195026
29,206_fs1-00001.jpg,85.421547904687,-16.7749377325732
30,206_fs1-00001.jpg,84.9053987036231,-16.7573973800563
31,206_fs1-00001.jpg,84.3893258211757,-16.7390480691581
32,206_fs1-00001.jpg,83.8733293835832,-16.7198174070847
33,206_fs1-00001.jpg,83.3574095170835,-16.6996330010421
34,206_fs1-00001.jpg,82.8415161843253,-16.6784224582366
35,206_fs1-00001.jpg,82.3254268801508,-16.6561133858742
36,206_fs1-00001.jpg,81.8091389162723,-16.6326333911611
37,206_fs1-00001.jpg,81.2926800841852,-16.6079100813033
38,206_fs1-00001.jpg,80.7760781753851,-16.5818710635071
39,206_fs1-00001.jpg,80.2593609813671,-16.5544439449784
40,206_fs1-00001.jpg,79.7425562936268,-16.5255563329235
41,206_fs1-00001.jpg,79.2256919036594,-16.4951358345484
42,206_fs1-00001.jpg,78.7087956029605,-16.4631100570593
43,206_fs1-00001.jpg,78.1918951830255,-16.4294066076623
44,206_fs1-00001.jpg,77.6750184353497,-16.3939530935636
45,206_fs1-00001.jpg,77.1581931514285,-16.3566771219691
46,206_fs1-00001.jpg,76.6414471227574,-16.3175063000851
47,206_fs1-00001.jpg,76.1248081408316,-16.2763682351177
48,206_fs1-00001.jpg,75.6083039971467,-16.233190534273
49,206_fs1-00001.jpg,75.091962483198,-16.187900804757
50,206_fs1-00001.jpg,74.5758113904809,-16.1404266537761
51,206_fs1-00001.jpg,74.0598785104908,-16.0906956885361
52,206_fs1-00001.jpg,73.5441916347232,-16.0386355162434
53,206_fs1-00001.jpg,73.0287785546734,-15.9841737441039
54,206_fs1-00001.jpg,72.5136670618367,-15.9272379793238
55,206_fs1-00001.jpg,71.9988849477087,-15.8677558291093
56,206_fs1-00001.jpg,71.4844600037847,-15.8056549006664
57,206_fs1-00001.jpg,70.9704200215601,-15.7408628012012
58,206_fs1-00001.jpg,70.4567927925303,-15.67330713792
59,206_fs1-00001.jpg,69.9436061081908,-15.6029155180288
60,206_fs1-00001.jpg,69.4308877600369,-15.5296155487337
61,206_fs1-00001.jpg,68.9186655395639,-15.4533348372408
62,206_fs1-00001.jpg,68.4069672382674,-15.3740009907563
63,206_fs1-00001.jpg,67.8958206476426,-15.2915416164863
64,206_fs1-00001.jpg,67.3852535591851,-15.2058843216369
65,206_fs1-00001.jpg,66.8752937643902,-15.1169567134142
66,206_fs1-00001.jpg,66.3659690547532,-15.0246863990243
67,206_fs1-00001.jpg,65.8573072217697,-14.9290009856735
68,206_fs1-00001.jpg,65.3493709065528,-14.8298360410734
69,206_fs1-00001.jpg,64.8423101554919,-14.7272592181673
70,206_fs1-00001.jpg,64.3360896887485,-14.62144692145
71,206_fs1-00001.jpg,63.8306525339992,-14.5125787938418
72,206_fs1-00001.jpg,63.3259417189205,-14.4008344782628
73,206_fs1-00001.jpg,62.8219002711892,-14.2863936176332
74,206_fs1-00001.jpg,62.318471218482,-14.1694358548731
75,206_fs1-00001.jpg,61.8155975884753,-14.0501408329027
76,206_fs1-00001.jpg,61.313222408846,-13.9286881946422
77,206_fs1-00001.jpg,60.8112887072706,-13.8052575830118
78,206_fs1-00001.jpg,60.3097395114258,-13.6800286409315
79,206_fs1-00001.jpg,59.8085178489882,-13.5531810113217
80,206_fs1-00001.jpg,59.3075667476344,-13.4248943371024
81,206_fs1-00001.jpg,58.8068292350412,-13.2953482611938
82,206_fs1-00001.jpg,58.3062483388851,-13.1647224265161
83,206_fs1-00001.jpg,57.8057670868428,-13.0331964759894
84,206_fs1-00001.jpg,57.305328506591,-12.9009500525339
85,206_fs1-00001.jpg,56.8048756258062,-12.7681627990699
86,206_fs1-00001.jpg,56.3043514721651,-12.6350143585173
87,206_fs1-00001.jpg,55.8036990733445,-12.5016843737965
88,206_fs1-00001.jpg,55.3028614570208,-12.3683524878276
89,206_fs1-00001.jpg,54.8017816508709,-12.2351983435307
90,206_fs1-00001.jpg,54.3004026825711,-12.1024015838261
91,206_fs1-00001.jpg,53.7986902033531,-11.9701413571296
92,206_fs1-00001.jpg,53.2971225786824,-11.8385309887643
93,206_fs1-00001.jpg,52.7958740891663,-11.7075526114146
94,206_fs1-00001.jpg,52.2948942260535,-11.5771728056218
95,206_fs1-00001.jpg,51.7941324805932,-11.4473581519271
96,206_fs1-00001.jpg,51.2935383440342,-11.3180752308717
97,206_fs1-00001.jpg,50.7930613076255,-11.1892906229968
98,206_fs1-00001.jpg,50.2926508626159,-11.0609709088435
99,206_fs1-00001.jpg,49.7922565002544,-10.933082668953
100,206_fs1-00001.jpg,49.2918277117899,-10.8055924838666
101,206_fs1-00001.jpg,48.7913139884714,-10.6784669341255
102,206_fs1-00001.jpg,48.2906648215478,-10.5516726002708
103,206_fs1-00001.jpg,47.7898297022678,-10.4251760628437
104,206_fs1-00001.jpg,47.2887581218806,-10.2989439023854
105,206_fs1-00001.jpg,46.787399571635,-10.1729426994372
106,206_fs1-00001.jpg,46.28570354278,-10.0471390345402
107,206_fs1-00001.jpg,45.7836195265645,-9.92149948823564
108,206_fs1-00001.jpg,45.2810970142373,-9.79599064106466
109,206_fs1-00001.jpg,44.7780854970475,-9.67057907356849
110,206_fs1-00001.jpg,44.2745344662438,-9.54523136628831
111,206_fs1-00001.jpg,43.7704522827322,-9.41992149139503
112,206_fs1-00001.jpg,43.2662114988939,-9.29483282455902
113,206_fs1-00001.jpg,42.7618503580958,-9.17038269547956
114,206_fs1-00001.jpg,42.2573246527109,-9.04700075451663
115,206_fs1-00001.jpg,41.7525901751119,-8.92511665203028
116,206_fs1-00001.jpg,41.2476027176718,-8.80516003838051
117,206_fs1-00001.jpg,40.7423180727633,-8.68756056392729
118,206_fs1-00001.jpg,40.2366920327594,-8.57274787903071
119,206_fs1-00001.jpg,39.7306803900328,-8.46115163405076
120,206_fs1-00001.jpg,39.2242389369566,-8.35320147934746
121,206_fs1-00001.jpg,38.7173234659035,-8.2493270652808
122,206_fs1-00001.jpg,38.2098897692464,-8.14995804221084
123,206_fs1-00001.jpg,37.7018936393581,-8.05552406049753
124,206_fs1-00001.jpg,37.1932908686116,-7.96645477050095
125,206_fs1-00001.jpg,36.6840372493796,-7.8831798225811
126,206_fs1-00001.jpg,36.1740885740351,-7.80612886709795
127,206_fs1-00001.jpg,35.663400634951,-7.73573155441159
128,206_fs1-00001.jpg,35.1519290938897,-7.67241753272654
129,206_fs1-00001.jpg,34.639439965293,-7.6164715525772
130,206_fs1-00001.jpg,34.1258176508279,-7.56764096747705
131,206_fs1-00001.jpg,33.6111650771055,-7.52554857255603
132,206_fs1-00001.jpg,33.0955851707369,-7.48981716294409
133,206_fs1-00001.jpg,32.5791808583331,-7.46006953377119
134,206_fs1-00001.jpg,32.0620550665053,-7.43592848016732
135,206_fs1-00001.jpg,31.5443107218646,-7.41701679726239
136,206_fs1-00001.jpg,31.0260507510221,-7.40295728018637
137,206_fs1-00001.jpg,30.5073780805889,-7.39337272406922
138,206_fs1-00001.jpg,29.9883956371761,-7.38788592404092
139,206_fs1-00001.jpg,29.4692063473948,-7.38611967523138
140,206_fs1-00001.jpg,28.9499131378562,-7.3876967727706
141,206_fs1-00001.jpg,28.4306189351714,-7.39224001178849
142,206_fs1-00001.jpg,27.9114266659514,-7.39937218741505
143,206_fs1-00001.jpg,27.3924392568073,-7.4087160947802
144,206_fs1-00001.jpg,26.8737596343503,-7.41989452901393
145,206_fs1-00001.jpg,26.3554907251914,-7.43253028524617
146,206_fs1-00001.jpg,25.8377354559419,-7.4462461586069
147,206_fs1-00001.jpg,25.3205967532127,-7.46066494422607
148,206_fs1-00001.jpg,24.804177543615,-7.47540943723359
149,206_fs1-00001.jpg,24.28858075376,-7.4901024327595
150,206_fs1-00001.jpg,23.7725713182074,-7.50447186246865
151,206_fs1-00001.jpg,23.2533738258821,-7.51913321529389
152,206_fs1-00001.jpg,22.7315170376919,-7.53514756930463
153,206_fs1-00001.jpg,22.207669804184,-7.5535793579181
154,206_fs1-00001.jpg,21.6825009759052,-7.57549301455154
155,206_fs1-00001.jpg,21.1566794034028,-7.60195297262223
156,206_fs1-00001.jpg,20.6308739372237,-7.63402366554732
157,206_fs1-00001.jpg,20.1057534279149,-7.6727695267441
158,206_fs1-00001.jpg,19.5819867260234,-7.7192549896298
159,206_fs1-00001.jpg,19.0602426820964,-7.77454448762168
160,206_fs1-00001.jpg,18.5411901466807,-7.83970245413693
161,206_fs1-00001.jpg,18.0254979703236,-7.91579332259278
162,206_fs1-00001.jpg,17.5138350035718,-8.0038815264065
163,206_fs1-00001.jpg,17.0068700969726,-8.10503149899532
164,206_fs1-00001.jpg,16.505272101073,-8.22030767377646
165,206_fs1-00001.jpg,16.0097098664199,-8.35077448416718
166,206_fs1-00001.jpg,15.5208522435604,-8.4974963635847
167,206_fs1-00001.jpg,15.0393680830416,-8.66153774544625
168,206_fs1-00001.jpg,14.566141967338,-8.84392047646529
169,206_fs1-00001.jpg,14.1025776840661,-9.04453216162318
170,206_fs1-00001.jpg,13.6476864457509,-9.26203288772572
171,206_fs1-00001.jpg,13.2001094746558,-9.49502146305298
172,206_fs1-00001.jpg,12.7584879930448,-9.74209669588507
173,206_fs1-00001.jpg,12.3214632231814,-10.001857394502
174,206_fs1-00001.jpg,11.8876763873292,-10.272902367184
175,206_fs1-00001.jpg,11.455768707752,-10.5538304222111
176,206_fs1-00001.jpg,11.0243814067136,-10.8432403678633
177,206_fs1-00001.jpg,10.5921557064775,-11.1397310124208
178,206_fs1-00001.jpg,10.1577328293074,-11.4419011641636
179,206_fs1-00001.jpg,9.71975399746708,-11.7483496313719
180,206_fs1-00001.jpg,9.27686043322012,-12.0576752223257
181,206_fs1-00001.jpg,8.8276945239989,-12.3684767453051
182,206_fs1-00001.jpg,8.37447958157554,-12.6793530085902
183,206_fs1-00001.jpg,7.92009170094894,-12.9889028204612
184,206_fs1-00001.jpg,7.46451433084445,-13.295724989198
185,206_fs1-00001.jpg,7.0077309199873,-13.5984183230808
186,206_fs1-00001.jpg,6.54972491710276,-13.8955816303897
187,206_fs1-00001.jpg,6.09047977091609,-14.1858137194047
188,206_fs1-00001.jpg,5.62997893015267,-14.467713398406
189,206_fs1-00001.jpg,5.16820584353769,-14.7398794756736
190,206_fs1-00001.jpg,4.70514395979643,-15.0009107594876
191,206_fs1-00001.jpg,4.24077672765418,-15.2494060581282
192,206_fs1-00001.jpg,3.77508759583617,-15.4839641798754
193,206_fs1-00001.jpg,3.3080600130678,-15.7031839330092
194,206_fs1-00001.jpg,2.83967742807425,-15.9056641258099
195,206_fs1-00001.jpg,2.36992328958081,-16.0900035665574
196,206_fs1-00001.jpg,1.89878104631276,-16.2548010635319
197,206_fs1-00001.jpg,1.42623414699534,-16.3986554250135
198,206_fs1-00001.jpg,0.952266040353948,-16.5201654592822
199,206_fs1-00001.jpg,0.4768601751137,-16.6179299746181
200,206_fs1-00001.jpg,0,-16.6905477793014
1,206_fs1-00002.jpg,100.557903634827,-17.6147517804285
2,206_fs1-00002.jpg,100.064826850385,-17.5912070137452
3,206_fs1-00002.jpg,99.5717586370885,-17.5675829531471
4,206_fs1-00002.jpg,99.078699056663,-17.5438756665681
5,206_fs1-00002.jpg,98.5856481708353,-17.5200812219425
6,206_fs1-00002.jpg,98.0926060413323,-17.4961956872044
7,206_fs1-00002.jpg,97.5995727298804,-17.4722151302879
8,206_fs1-00002.jpg,97.1065482982064,-17.4481356191272
9,206_fs1-00002.jpg,96.6135328080369,-17.4239532216562
10,206_fs1-00002.jpg,96.1205263210985,-17.3996640058093
11,206_fs1-00002.jpg,95.6275288991177,-17.3752640395205
12,206_fs1-00002.jpg,95.1345406038213,-17.3507493907239
13,206_fs1-00002.jpg,94.641561496936,-17.3261161273537
14,206_fs1-00002.jpg,94.1485916401882,-17.301360317344
15,206_fs1-00002.jpg,93.6556310953047,-17.276478028629
16,206_fs1-00002.jpg,93.1626799240121,-17.2514653291427
17,206_fs1-00002.jpg,92.6697381880369,-17.2263182868193
18,206_fs1-00002.jpg,92.1768059491059,-17.2010329695929
19,206_fs1-00002.jpg,91.6838832689457,-17.1756054453977
20,206_fs1-00002.jpg,91.1909702092829,-17.1500317821677
21,206_fs1-00002.jpg,90.698066831844,-17.1243080478372
22,206_fs1-00002.jpg,90.2051731983559,-17.0984303103402
23,206_fs1-00002.jpg,89.7122893120186,-17.0723946376108
24,206_fs1-00002.jpg,89.219392427026,-17.0461970975833
25,206_fs1-00002.jpg,88.7264673956369,-17.0198337581917
26,206_fs1-00002.jpg,88.2335192029601,-16.9933006873701
27,206_fs1-00002.jpg,87.7405528341043,-16.9665939530527
28,206_fs1-00002.jpg,87.2475732741785,-16.9397096231736
29,206_fs1-00002.jpg,86.7545855082915,-16.912643765667
30,206_fs1-00002.jpg,86.2615945215522,-16.8853924484669
31,206_fs1-00002.jpg,85.7686052990693,-16.8579517395075
32,206_fs1-00002.jpg,85.2756228259518,-16.830317706723
33,206_fs1-00002.jpg,84.7826520873084,-16.8024864180474
34,206_fs1-00002.jpg,84.289698068248,-16.7744539414149
35,206_fs1-00002.jpg,83.7967657538795,-16.7462163447596
36,206_fs1-00002.jpg,83.3038601293115,-16.7177696960156
37,206_fs1-00002.jpg,82.8109861796532,-16.6891100631171
38,206_fs1-00002.jpg,82.3181488900132,-16.6602335139983
39,206_fs1-00002.jpg,81.8253532455003,-16.6311361165931
40,206_fs1-00002.jpg,81.3326042312235,-16.6018139388358
41,206_fs1-00002.jpg,80.8399068322915,-16.5722630486605
42,206_fs1-00002.jpg,80.3472660338132,-16.5424795140013
43,206_fs1-00002.jpg,79.8546868208975,-16.5124594027924
44,206_fs1-00002.jpg,79.3621741786532,-16.4821987829678
45,206_fs1-00002.jpg,78.8697330921891,-16.4516937224617
46,206_fs1-00002.jpg,78.377368546614,-16.4209402892083
47,206_fs1-00002.jpg,77.8850855270368,-16.3899345511416
48,206_fs1-00002.jpg,77.3928890185663,-16.3586725761958
49,206_fs1-00002.jpg,76.9007081484631,-16.3271409919329
50,206_fs1-00002.jpg,76.4084030659121,-16.2952569064594
51,206_fs1-00002.jpg,75.9159943352164,-16.2629063669227
52,206_fs1-00002.jpg,75.4235073300326,-16.2299752760411
53,206_fs1-00002.jpg,74.9309674240174,-16.1963495365334
54,206_fs1-00002.jpg,74.4383999908275,-16.1619150511179
55,206_fs1-00002.jpg,73.9458304041194,-16.1265577225133
56,206_fs1-00002.jpg,73.45328403755,-16.0901634534381
57,206_fs1-00002.jpg,72.9607862647758,-16.0526181466107
58,206_fs1-00002.jpg,72.4683624594534,-16.0138077047498
59,206_fs1-00002.jpg,71.9760379952397,-15.9736180305738
60,206_fs1-00002.jpg,71.4838382457913,-15.9319350268013
61,206_fs1-00002.jpg,70.9917885847647,-15.8886445961508
62,206_fs1-00002.jpg,70.4999143858166,-15.8436326413409
63,206_fs1-00002.jpg,70.0082410226038,-15.79678506509
64,206_fs1-00002.jpg,69.5167938687829,-15.7479877701168
65,206_fs1-00002.jpg,69.0255982980106,-15.6971266591397
66,206_fs1-00002.jpg,68.5346796839435,-15.6440876348772
67,206_fs1-00002.jpg,68.0440634002382,-15.588756600048
68,206_fs1-00002.jpg,67.5537748205515,-15.5310194573705
69,206_fs1-00002.jpg,67.06383931854,-15.4707621095632
70,206_fs1-00002.jpg,66.5742822678604,-15.4078704593447
71,206_fs1-00002.jpg,66.0851290421693,-15.3422304094336
72,206_fs1-00002.jpg,65.5964050151234,-15.2737278625483
73,206_fs1-00002.jpg,65.1080358461657,-15.2022906192989
74,206_fs1-00002.jpg,64.6199144594949,-15.1280395377098
75,206_fs1-00002.jpg,64.1320458863035,-15.0511510452568
76,206_fs1-00002.jpg,63.6444353938822,-14.9718015744731
77,206_fs1-00002.jpg,63.1570882495221,-14.8901675578913
78,206_fs1-00002.jpg,62.6700097205138,-14.8064254280446
79,206_fs1-00002.jpg,62.1832050741482,-14.7207516174658
80,206_fs1-00002.jpg,61.6966795777162,-14.6333225586877
81,206_fs1-00002.jpg,61.2104384985086,-14.5443146842434
82,206_fs1-00002.jpg,60.7244871038162,-14.4539044266658
83,206_fs1-00002.jpg,60.2388306609299,-14.3622682184877
84,206_fs1-00002.jpg,59.7534744371404,-14.269582492242
85,206_fs1-00002.jpg,59.2684236997387,-14.1760236804618
86,206_fs1-00002.jpg,58.7836837160156,-14.0817682156799
87,206_fs1-00002.jpg,58.2992597532619,-13.9869925304292
88,206_fs1-00002.jpg,57.8151570787685,-13.8918730572426
89,206_fs1-00002.jpg,57.3313809598261,-13.7965862286531
90,206_fs1-00002.jpg,56.8479366637257,-13.7013084771936
91,206_fs1-00002.jpg,56.364829457758,-13.606216235397
92,206_fs1-00002.jpg,55.882064609214,-13.5114859357962
93,206_fs1-00002.jpg,55.3995008413587,-13.4172724329069
94,206_fs1-00002.jpg,54.9164426357886,-13.3232971041164
95,206_fs1-00002.jpg,54.4329819236777,-13.2288801180031
96,206_fs1-00002.jpg,53.9493339488291,-13.1333265309013
97,206_fs1-00002.jpg,53.4657139550455,-13.035941399145
98,206_fs1-00002.jpg,52.9823371861301,-12.9360297790685
99,206_fs1-00002.jpg,52.4994188858856,-12.8328967270061
100,206_fs1-00002.jpg,52.0171742981151,-12.7258472992917
101,206_fs1-00002.jpg,51.5358186666215,-12.6141865522596
102,206_fs1-00002.jpg,51.0555672352077,-12.4972195422441
103,206_fs1-00002.jpg,50.5766352476767,-12.3742513255792
104,206_fs1-00002.jpg,50.0992379478315,-12.2445869585992
105,206_fs1-00002.jpg,49.6235905794749,-12.1075314976382
106,206_fs1-00002.jpg,49.1499083864099,-11.9623899990304
107,206_fs1-00002.jpg,48.6784066124396,-11.8084675191099
108,206_fs1-00002.jpg,48.2093132834317,-11.6450696357848
109,206_fs1-00002.jpg,47.7438951597163,-11.4720164738748
110,206_fs1-00002.jpg,47.2824188129808,-11.2906065644338
111,206_fs1-00002.jpg,46.8242240449143,-11.1024023248472
112,206_fs1-00002.jpg,46.3686506572059,-10.9089661725002
113,206_fs1-00002.jpg,45.9150384515445,-10.7118605247778
114,206_fs1-00002.jpg,45.4627272296193,-10.5126477990654
115,206_fs1-00002.jpg,45.0110567931193,-10.3128904127483
116,206_fs1-00002.jpg,44.5593669437335,-10.1141507832115
117,206_fs1-00002.jpg,44.106997483151,-9.91799132784035
118,206_fs1-00002.jpg,43.6532882130607,-9.72597446402008
119,206_fs1-00002.jpg,43.1975789351519,-9.53966260913589
120,206_fs1-00002.jpg,42.7392094511135,-9.360618180573
121,206_fs1-00002.jpg,42.2775195626345,-9.19040359571662
122,206_fs1-00002.jpg,41.8118490714041,-9.03058127195203
123,206_fs1-00002.jpg,41.341735613065,-8.88264497924169
124,206_fs1-00002.jpg,40.8680050261121,-8.74668204437597
125,206_fs1-00002.jpg,40.3911796115471,-8.6214629663456
126,206_fs1-00002.jpg,39.9116598751999,-8.50570754415131
127,206_fs1-00002.jpg,39.4298463229009,-8.39813557679386
128,206_fs1-00002.jpg,38.9461394604799,-8.29746686327394
129,206_fs1-00002.jpg,38.4609397937671,-8.20242120259229
130,206_fs1-00002.jpg,37.9746478285927,-8.11171839374964
131,206_fs1-00002.jpg,37.4876640707867,-8.02407823574671
132,206_fs1-00002.jpg,37.0003890261793,-7.93822052758426
133,206_fs1-00002.jpg,36.5132232006005,-7.85286506826296
134,206_fs1-00002.jpg,36.0265670998805,-7.76673165678358
135,206_fs1-00002.jpg,35.5407840759782,-7.67854278168971
136,206_fs1-00002.jpg,35.0549701824307,-7.58758621455397
137,206_fs1-00002.jpg,34.5686170151843,-7.49440855012156
138,206_fs1-00002.jpg,34.0817675417726,-7.39972633914763
139,206_fs1-00002.jpg,33.5944647297296,-7.30425613238728
140,206_fs1-00002.jpg,33.1067515465892,-7.20871448059569
141,206_fs1-00002.jpg,32.6186709598852,-7.11381793452796
142,206_fs1-00002.jpg,32.1302659371514,-7.02028304493919
143,206_fs1-00002.jpg,31.6415794459218,-6.92882636258457
144,206_fs1-00002.jpg,31.1526544537301,-6.8401644382192
145,206_fs1-00002.jpg,30.6635339281103,-6.75501382259824
146,206_fs1-00002.jpg,30.1742608365963,-6.67409106647676
147,206_fs1-00002.jpg,29.6848781467218,-6.59811272060995
148,206_fs1-00002.jpg,29.1954288260206,-6.5277953357529
149,206_fs1-00002.jpg,28.7059558420269,-6.46385546266075
150,206_fs1-00002.jpg,28.2165021622742,-6.40700965208862
151,206_fs1-00002.jpg,27.7271107542966,-6.35797445479167
152,206_fs1-00002.jpg,27.2378245856278,-6.31746642152501
153,206_fs1-00002.jpg,26.7486866238018,-6.28620210304379
154,206_fs1-00002.jpg,26.2597398363524,-6.26489805010311
155,206_fs1-00002.jpg,25.7710271908134,-6.25427081345811
156,206_fs1-00002.jpg,25.2818228801279,-6.25490573334432
157,206_fs1-00002.jpg,24.7912039313247,-6.26666841105236
158,206_fs1-00002.jpg,24.2994905140471,-6.28917893991695
159,206_fs1-00002.jpg,23.807013815753,-6.3220572040689
160,206_fs1-00002.jpg,23.3141050239,-6.364923087639
161,206_fs1-00002.jpg,22.8210953259457,-6.41739647475811
162,206_fs1-00002.jpg,22.328315909348,-6.47909724955704
163,206_fs1-00002.jpg,21.8360979615645,-6.54964529616663
164,206_fs1-00002.jpg,21.3447726700527,-6.62866049871769
165,206_fs1-00002.jpg,20.8546712222706,-6.71576274134102
166,206_fs1-00002.jpg,20.3661248056756,-6.81057190816747
167,206_fs1-00002.jpg,19.8794646077255,-6.91270788332787
168,206_fs1-00002.jpg,19.395021815878,-7.02179055095303
169,206_fs1-00002.jpg,18.9131276175908,-7.13743979517378
170,206_fs1-00002.jpg,18.4341132003214,-7.25927550012091
171,206_fs1-00002.jpg,17.9580627275388,-7.38692178350274
172,206_fs1-00002.jpg,17.482955177352,-7.52017207830568
173,206_fs1-00002.jpg,17.0085003993524,-7.65904254318659
174,206_fs1-00002.jpg,16.5349838440204,-7.80356450481742
175,206_fs1-00002.jpg,16.0626909618364,-7.95376928987019
176,206_fs1-00002.jpg,15.5919072032808,-8.10968822501687
177,206_fs1-00002.jpg,15.1229180188337,-8.27135263692946
178,206_fs1-00002.jpg,14.6560088589757,-8.43879385227996
179,206_fs1-00002.jpg,14.1914651741871,-8.61204319774035
180,206_fs1-00002.jpg,13.7295724149482,-8.79113199998258
181,206_fs1-00002.jpg,13.2706160317395,-8.97609158567869
182,206_fs1-00002.jpg,12.8148814750411,-9.16695328150064
183,206_fs1-00002.jpg,12.3626541953336,-9.36374841412044
184,206_fs1-00002.jpg,11.9142196430972,-9.56650831021005
185,206_fs1-00002.jpg,11.4698632688123,-9.77526429644146
186,206_fs1-00002.jpg,11.0295370280313,-9.99004769948672
187,206_fs1-00002.jpg,10.5920450418277,-10.2108898460177
188,206_fs1-00002.jpg,10.1572730303159,-10.4378220627065
189,206_fs1-00002.jpg,9.72524805545083,-10.6708756762251
190,206_fs1-00002.jpg,9.29599717918728,-10.9100820132454
191,206_fs1-00002.jpg,8.86954746348016,-11.1554724004395
192,206_fs1-00002.jpg,8.44592597028435,-11.4070781644793
193,206_fs1-00002.jpg,8.02515976155473,-11.6649306320369
194,206_fs1-00002.jpg,7.60727589924619,-11.9290611297841
195,206_fs1-00002.jpg,7.19230144531355,-12.1995009843931
196,206_fs1-00002.jpg,6.78026346171168,-12.4762815225357
197,206_fs1-00002.jpg,6.3711890103956,-12.7594340708841
198,206_fs1-00002.jpg,5.96510515332,-13.04898995611
199,206_fs1-00002.jpg,5.56203895243988,-13.3449805048857
200,206_fs1-00002.jpg,5.16201746971007,-13.6474370438829
1,206_fs1-00003.jpg,97.5373344604116,-1.33974473619068
2,206_fs1-00003.jpg,97.1774300483532,-1.45628571561573
3,206_fs1-00003.jpg,96.8201426271567,-1.58449712144602
4,206_fs1-00003.jpg,96.4654674693934,-1.72391883564387
5,206_fs1-00003.jpg,96.1133998476345,-1.87409074017162
6,206_fs1-00003.jpg,95.7639350344513,-2.03455271699167
7,206_fs1-00003.jpg,95.417068302415,-2.20484464806628
8,206_fs1-00003.jpg,95.072794924097,-2.38450641535783
9,206_fs1-00003.jpg,94.7311101720686,-2.57307790082862
10,206_fs1-00003.jpg,94.3920093189009,-2.77009898644104
11,206_fs1-00003.jpg,94.0554876371653,-2.97510955415743
12,206_fs1-00003.jpg,93.721540399433,-3.18764948594009
13,206_fs1-00003.jpg,93.3901628782754,-3.40725866375135
14,206_fs1-00003.jpg,93.0613503462637,-3.63347696955358
15,206_fs1-00003.jpg,92.7350980759691,-3.86584428530912
16,206_fs1-00003.jpg,92.4114013399629,-4.1039004929803
17,206_fs1-00003.jpg,92.0902554108165,-4.34718547452945
18,206_fs1-00003.jpg,91.7716555611011,-4.59523911191891
19,206_fs1-00003.jpg,91.4555970633879,-4.84760128711105
20,206_fs1-00003.jpg,91.1420751902482,-5.10381188206819
21,206_fs1-00003.jpg,90.8310852142533,-5.36341077875264
22,206_fs1-00003.jpg,90.5231893742856,-5.62593785912676
23,206_fs1-00003.jpg,90.2211436691034,-5.8909330051529
24,206_fs1-00003.jpg,89.9246463310772,-6.15793609879339
25,206_fs1-00003.jpg,89.6329075251998,-6.42648702201055
26,206_fs1-00003.jpg,89.3451374164638,-6.69612565676675
27,206_fs1-00003.jpg,89.0605461698622,-6.96639188502434
28,206_fs1-00003.jpg,88.7783439503874,-7.2368255887456
29,206_fs1-00003.jpg,88.4977409230324,-7.50696664989292
30,206_fs1-00003.jpg,88.2179472527898,-7.77635495042861
31,206_fs1-00003.jpg,87.9381731046525,-8.04453037231502
32,206_fs1-00003.jpg,87.6576286436131,-8.31103279751449
33,206_fs1-00003.jpg,87.3755240346644,-8.57540210798936
34,206_fs1-00003.jpg,87.0910694427992,-8.83717818570196
35,206_fs1-00003.jpg,86.8034750330101,-9.09590091261464
36,206_fs1-00003.jpg,86.51195097029,-9.35111017068974
37,206_fs1-00003.jpg,86.2157074196315,-9.60234584188959
38,206_fs1-00003.jpg,85.9152010170031,-9.84925139716648
39,206_fs1-00003.jpg,85.6122385961057,-10.0920872995295
40,206_fs1-00003.jpg,85.3070310523648,-10.3313415109815
41,206_fs1-00003.jpg,84.9997635602683,-10.5675023521745
42,206_fs1-00003.jpg,84.6906212943037,-10.8010581437606
43,206_fs1-00003.jpg,84.3797894289585,-11.0324972063918
44,206_fs1-00003.jpg,84.0674531387205,-11.2623078607202
45,206_fs1-00003.jpg,83.7537975980772,-11.4909784273979
46,206_fs1-00003.jpg,83.4390079815162,-11.7189972270768
47,206_fs1-00003.jpg,83.1232694635251,-11.9468525804091
48,206_fs1-00003.jpg,82.8067672185915,-12.1750328080468
49,206_fs1-00003.jpg,82.4896864212031,-12.4040262306418
50,206_fs1-00003.jpg,82.1722122458474,-12.6343211688464
51,206_fs1-00003.jpg,81.854529867012,-12.8664059433125
52,206_fs1-00003.jpg,81.5368244591846,-13.1007688746922
53,206_fs1-00003.jpg,81.2192811968528,-13.3378982836375
54,206_fs1-00003.jpg,80.9020852545041,-13.5782824908005
55,206_fs1-00003.jpg,80.5854218066261,-13.8224098168333
56,206_fs1-00003.jpg,80.2695668401766,-14.0707528892788
57,206_fs1-00003.jpg,79.9552892685374,-14.3232744907751
58,206_fs1-00003.jpg,79.6425360241902,-14.579327865977
59,206_fs1-00003.jpg,79.3310740582728,-14.8382304282426
60,206_fs1-00003.jpg,79.020670321923,-15.0992995909298
61,206_fs1-00003.jpg,78.7110917662785,-15.3618527673968
62,206_fs1-00003.jpg,78.402105342477,-15.6252073710016
63,206_fs1-00003.jpg,78.0934780016564,-15.8886808151022
64,206_fs1-00003.jpg,77.7849766949545,-16.1515905130566
65,206_fs1-00003.jpg,77.476368373509,-16.4132538782228
66,206_fs1-00003.jpg,77.1674199884577,-16.672988323959
67,206_fs1-00003.jpg,76.8578984909382,-16.9301112636231
68,206_fs1-00003.jpg,76.5475708320886,-17.1839401105732
69,206_fs1-00003.jpg,76.2362039630464,-17.4337922781674
70,206_fs1-00003.jpg,75.9235648349495,-17.6789851797636
71,206_fs1-00003.jpg,75.6094203989357,-17.9188362287199
72,206_fs1-00003.jpg,75.2935376061426,-18.1526628383943
73,206_fs1-00003.jpg,74.9756834077082,-18.3797824221449
74,206_fs1-00003.jpg,74.6556247547701,-18.5995123933297
75,206_fs1-00003.jpg,74.3331285984661,-18.8111701653067
76,206_fs1-00003.jpg,74.0079618899341,-19.014073151434
77,206_fs1-00003.jpg,73.6798915803117,-19.2075387650697
78,206_fs1-00003.jpg,73.3486846207368,-19.3908844195717
79,206_fs1-00003.jpg,73.0141079623471,-19.563427528298
80,206_fs1-00003.jpg,72.6759285562803,-19.7244855046069
81,206_fs1-00003.jpg,72.3339133536743,-19.8733757618561
82,206_fs1-00003.jpg,71.9878293056669,-20.0094157134039
83,206_fs1-00003.jpg,71.6373864170809,-20.1319299257001
84,206_fs1-00003.jpg,71.2817039514754,-20.2407190797273
85,206_fs1-00003.jpg,70.9207794147826,-20.3363501630234
86,206_fs1-00003.jpg,70.5549101887395,-20.4194595079036
87,206_fs1-00003.jpg,70.1843936550834,-20.4906834466832
88,206_fs1-00003.jpg,69.8095271955513,-20.5506583116775
89,206_fs1-00003.jpg,69.4306081918804,-20.6000204352017
90,206_fs1-00003.jpg,69.0479340258076,-20.6394061495709
91,206_fs1-00003.jpg,68.6618020790704,-20.6694517871006
92,206_fs1-00003.jpg,68.2725097334056,-20.6907936801059
93,206_fs1-00003.jpg,67.8803543705505,-20.704068160902
94,206_fs1-00003.jpg,67.4856333722421,-20.7099115618043
95,206_fs1-00003.jpg,67.0886441202176,-20.7089602151279
96,206_fs1-00003.jpg,66.6896839962142,-20.7018504531881
97,206_fs1-00003.jpg,66.2890503819688,-20.6892186083003
98,206_fs1-00003.jpg,65.8870406592187,-20.6717010127794
99,206_fs1-00003.jpg,65.483952209701,-20.649933998941
100,206_fs1-00003.jpg,65.0800824151527,-20.6245538991001
101,206_fs1-00003.jpg,64.6757286573111,-20.5961970455721
102,206_fs1-00003.jpg,64.2711883179132,-20.5654997706722
103,206_fs1-00003.jpg,63.8667587786962,-20.5330984067156
104,206_fs1-00003.jpg,63.4627374213972,-20.4996292860176
105,206_fs1-00003.jpg,63.0594216277532,-20.4657287408934
106,206_fs1-00003.jpg,62.6571087795016,-20.4320331036583
107,206_fs1-00003.jpg,62.2560962583792,-20.3991787066275
108,206_fs1-00003.jpg,61.8566814461233,-20.3678018821163
109,206_fs1-00003.jpg,61.459161724471,-20.3385389624399
110,206_fs1-00003.jpg,61.0638344751594,-20.3120262799136
111,206_fs1-00003.jpg,60.6709970799257,-20.2889001668526
112,206_fs1-00003.jpg,60.2806153902024,-20.2697907705945
113,206_fs1-00003.jpg,59.8870963294562,-20.2547489195646
114,206_fs1-00003.jpg,59.4889771749201,-20.2427814158256
115,206_fs1-00003.jpg,59.0870920042536,-20.2327857026789
116,206_fs1-00003.jpg,58.6822748951157,-20.2236592234262
117,206_fs1-00003.jpg,58.2753599251656,-20.2142994213687
118,206_fs1-00003.jpg,57.8671811720626,-20.2036037398082
119,206_fs1-00003.jpg,57.4585727134659,-20.190469622046
120,206_fs1-00003.jpg,57.0503686270346,-20.1737945113837
121,206_fs1-00003.jpg,56.6434029904281,-20.1524758511227
122,206_fs1-00003.jpg,56.2385098813054,-20.1254110845647
123,206_fs1-00003.jpg,55.8365233773259,-20.091497655011
124,206_fs1-00003.jpg,55.4382775561487,-20.0496330057633
125,206_fs1-00003.jpg,55.044606495433,-19.9987145801229
126,206_fs1-00003.jpg,54.6563442728381,-19.9376398213914
127,206_fs1-00003.jpg,54.274324966023,-19.8653061728703
128,206_fs1-00003.jpg,53.8993826526471,-19.7806110778611
129,206_fs1-00003.jpg,53.5323514103696,-19.6824519796653
130,206_fs1-00003.jpg,53.1740653168497,-19.5697263215844
131,206_fs1-00003.jpg,52.8253584497466,-19.4413315469199
132,206_fs1-00003.jpg,52.4870648867194,-19.2961650989733
133,206_fs1-00003.jpg,52.1598292846738,-19.1331410240887
134,206_fs1-00003.jpg,51.8418022227495,-18.9520463563181
135,206_fs1-00003.jpg,51.5317731368099,-18.7539548112254
136,206_fs1-00003.jpg,51.2290665152171,-18.5400433687625
137,206_fs1-00003.jpg,50.9330068463331,-18.3114890088815
138,206_fs1-00003.jpg,50.6429186185202,-18.0694687115345
139,206_fs1-00003.jpg,50.3581263201406,-17.8151594566735
140,206_fs1-00003.jpg,50.0779544395563,-17.5497382242505
141,206_fs1-00003.jpg,49.8017274651296,-17.2743819942175
142,206_fs1-00003.jpg,49.5287698852226,-16.9902677465267
143,206_fs1-00003.jpg,49.2584061881974,-16.6985724611301
144,206_fs1-00003.jpg,48.9899608624162,-16.4004731179796
145,206_fs1-00003.jpg,48.7227583962412,-16.0971466970274
146,206_fs1-00003.jpg,48.4561232780345,-15.7897701782255
147,206_fs1-00003.jpg,48.1893799961583,-15.4795205415259
148,206_fs1-00003.jpg,47.9218530389746,-15.1675747668807
149,206_fs1-00003.jpg,47.6528668948458,-14.8551098342418
150,206_fs1-00003.jpg,47.3817460521339,-14.5433027235615
151,206_fs1-00003.jpg,47.1078149992011,-14.2333304147915
152,206_fs1-00003.jpg,46.8304420507368,-13.9263695220692
153,206_fs1-00003.jpg,46.5527110819559,-13.623300955997
154,206_fs1-00003.jpg,46.2766153491871,-13.3241768316883
155,206_fs1-00003.jpg,46.0018394047046,-13.0289051546665
156,206_fs1-00003.jpg,45.7280678007823,-12.7373939304553
157,206_fs1-00003.jpg,45.4549850896943,-12.4495511645781
158,206_fs1-00003.jpg,45.1822758237146,-12.1652848625585
159,206_fs1-00003.jpg,44.9096245551172,-11.88450302992
160,206_fs1-00003.jpg,44.6367158361762,-11.6071136721861
161,206_fs1-00003.jpg,44.3632342191654,-11.3330247948804
162,206_fs1-00003.jpg,44.088864256359,-11.0621444035264
163,206_fs1-00003.jpg,43.8132905000311,-10.7943805036475
164,206_fs1-00003.jpg,43.5361975024555,-10.5296411007675
165,206_fs1-00003.jpg,43.2572698159063,-10.2678342004097
166,206_fs1-00003.jpg,42.9761919926575,-10.0088678080976
167,206_fs1-00003.jpg,42.6926485849832,-9.75264992935499
168,206_fs1-00003.jpg,42.4063241451573,-9.49908856970515
169,206_fs1-00003.jpg,42.1156207384585,-9.24806364253823
170,206_fs1-00003.jpg,41.8185153011159,-8.99926267040686
171,206_fs1-00003.jpg,41.5159433967551,-8.75229256359148
172,206_fs1-00003.jpg,41.2089059753737,-8.50675995811116
173,206_fs1-00003.jpg,40.8984039869691,-8.26227148998493
174,206_fs1-00003.jpg,40.5854383815388,-8.01843379523183
175,206_fs1-00003.jpg,40.2710101090805,-7.77485350987098
176,206_fs1-00003.jpg,39.9561201195916,-7.53113726992143
177,206_fs1-00003.jpg,39.6417693630697,-7.28689171140226
178,206_fs1-00003.jpg,39.3289587895123,-7.0417234703325
179,206_fs1-00003.jpg,39.018689348917,-6.79523918273122
180,206_fs1-00003.jpg,38.7119619912812,-6.54704548461751
181,206_fs1-00003.jpg,38.4097776666025,-6.29674901201042
182,206_fs1-00003.jpg,38.1131373248784,-6.04395640092903
183,206_fs1-00003.jpg,37.8230419161065,-5.7882742873924
184,206_fs1-00003.jpg,37.5404923902843,-5.5293093074196
185,206_fs1-00003.jpg,37.2664896974093,-5.26666809702965
186,206_fs1-00003.jpg,37.0012854086908,-4.99995729224167
187,206_fs1-00003.jpg,36.74052540117,-4.72878352907469
188,206_fs1-00003.jpg,36.4833804749255,-4.45275344354781
189,206_fs1-00003.jpg,36.2299056189685,-4.17147367168008
190,206_fs1-00003.jpg,35.9801558223103,-3.88455084949055
191,206_fs1-00003.jpg,35.7341860739622,-3.59159161299831
192,206_fs1-00003.jpg,35.4920513629353,-3.29220259822242
193,206_fs1-00003.jpg,35.2538066782409,-2.98599044118194
194,206_fs1-00003.jpg,35.0195070088903,-2.67256177789591
195,206_fs1-00003.jpg,34.7892073438946,-2.35152324438343
196,206_fs1-00003.jpg,34.5629626722651,-2.02248147666356
197,206_fs1-00003.jpg,34.3408279830131,-1.68504311075537
198,206_fs1-00003.jpg,34.1228582651497,-1.33881478267793
199,206_fs1-00003.jpg,33.9091085076863,-0.983403128450249
200,206_fs1-00003.jpg,33.6996336996339,-0.61841478409147
1,206_fs1-00004.jpg,105.855170470555,11.4638619135698
2,206_fs1-00004.jpg,105.445915634194,11.1813117508798
3,206_fs1-00004.jpg,105.037526974418,10.9025979799303
4,206_fs1-00004.jpg,104.630003532611,10.6274823609234
5,206_fs1-00004.jpg,104.223344350159,10.3557266540608
6,206_fs1-00004.jpg,103.817548468448,10.0870926195446
7,206_fs1-00004.jpg,103.412614928862,9.82134201757671
8,206_fs1-00004.jpg,103.008542772786,9.55823660835907
9,206_fs1-00004.jpg,102.605331041605,9.29753815209358
10,206_fs1-00004.jpg,102.202978776705,9.03900840898223
11,206_fs1-00004.jpg,101.80148501947,8.78240913922693
12,206_fs1-00004.jpg,101.400848811285,8.52750210302966
13,206_fs1-00004.jpg,101.001069193536,8.27404906059232
14,206_fs1-00004.jpg,100.602145207608,8.02181177211685
15,206_fs1-00004.jpg,100.204075894885,7.7705519978052
16,206_fs1-00004.jpg,99.8068602967533,7.52003149785935
17,206_fs1-00004.jpg,99.4104974545974,7.27001203248116
18,206_fs1-00004.jpg,99.0149864098022,7.02025536187264
19,206_fs1-00004.jpg,98.6203262037532,6.77052324623571
20,206_fs1-00004.jpg,98.2265158778351,6.52057744577232
21,206_fs1-00004.jpg,97.8335544734331,6.27017972068438
22,206_fs1-00004.jpg,97.4414410319324,6.01909183117385
23,206_fs1-00004.jpg,97.0501745947179,5.76707553744268
24,206_fs1-00004.jpg,96.6597542031747,5.51389259969278
25,206_fs1-00004.jpg,96.2687073423846,5.25930477812611
26,206_fs1-00004.jpg,95.8758390704518,5.00307383294464
27,206_fs1-00004.jpg,95.4816016045528,4.74496152435023
28,206_fs1-00004.jpg,95.0864471861895,4.48472961254492
29,206_fs1-00004.jpg,94.6908280568634,4.22213985773058
30,206_fs1-00004.jpg,94.2951964580764,3.95695402010918
31,206_fs1-00004.jpg,93.9000046313301,3.68893385988264
32,206_fs1-00004.jpg,93.5057048181263,3.41784113725294
33,206_fs1-00004.jpg,93.1127492599668,3.14343761242196
34,206_fs1-00004.jpg,92.7215901983532,2.8654850455917
35,206_fs1-00004.jpg,92.3326798747873,2.58374519696406
36,206_fs1-00004.jpg,91.9464705307709,2.29797982674103
37,206_fs1-00004.jpg,91.5634144078057,2.00795069512449
38,206_fs1-00004.jpg,91.1839637473934,1.7134195623164
39,206_fs1-00004.jpg,90.8085707910357,1.41414818851871
40,206_fs1-00004.jpg,90.4376877802343,1.10989833393336
41,206_fs1-00004.jpg,90.0717669564912,0.800431758762301
42,206_fs1-00004.jpg,89.7112605613078,0.485510223207456
43,206_fs1-00004.jpg,89.356620836186,0.164895487470773
44,206_fs1-00004.jpg,89.0083000226276,-0.161650688245828
45,206_fs1-00004.jpg,88.6667536506929,-0.494365949070783
46,206_fs1-00004.jpg,88.3323359424165,-0.833289993692659
47,206_fs1-00004.jpg,88.0046173359769,-1.17797890630567
48,206_fs1-00004.jpg,87.6829618305013,-1.52791629342357
49,206_fs1-00004.jpg,87.3667334251169,-1.88258576156025
50,206_fs1-00004.jpg,87.055296118951,-2.24147091722952
51,206_fs1-00004.jpg,86.7480139111308,-2.60405536694515
52,206_fs1-00004.jpg,86.4442508007835,-2.96982271722098
53,206_fs1-00004.jpg,86.1433707870364,-3.33825657457086
54,206_fs1-00004.jpg,85.8447378690167,-3.70884054550859
55,206_fs1-00004.jpg,85.5477160458515,-4.08105823654802
56,206_fs1-00004.jpg,85.2516693166682,-4.45439325420293
57,206_fs1-00004.jpg,84.955961680594,-4.82832920498714
58,206_fs1-00004.jpg,84.659957136756,-5.20234969541448
59,206_fs1-00004.jpg,84.3630196842816,-5.5759383319988
60,206_fs1-00004.jpg,84.064513322298,-5.94857872125391
61,206_fs1-00004.jpg,83.7638020499322,-6.31975446969358
62,206_fs1-00004.jpg,83.4602498663118,-6.68894918383168
63,206_fs1-00004.jpg,83.1532207705637,-7.05564647018204
64,206_fs1-00004.jpg,82.8423096813777,-7.4193367596728
65,206_fs1-00004.jpg,82.5297696997576,-7.7798634377674
66,206_fs1-00004.jpg,82.2163777621539,-8.13758673630733
67,206_fs1-00004.jpg,81.9021947265565,-8.49290799205812
68,206_fs1-00004.jpg,81.5872814509554,-8.84622854178528
69,206_fs1-00004.jpg,81.2716987933404,-9.19794972225432
70,206_fs1-00004.jpg,80.9555076117015,-9.5484728702308
71,206_fs1-00004.jpg,80.6387687640285,-9.8981993224802
72,206_fs1-00004.jpg,80.3215431083115,-10.247530415768
73,206_fs1-00004.jpg,80.0038915025402,-10.5968674868598
74,206_fs1-00004.jpg,79.6858748047047,-10.9466118725211
75,206_fs1-00004.jpg,79.3675538727947,-11.2971649095173
76,206_fs1-00004.jpg,79.0489895648003,-11.6489279346141
77,206_fs1-00004.jpg,78.7302427387114,-12.0023022845768
78,206_fs1-00004.jpg,78.4113742525178,-12.3576892961711
79,206_fs1-00004.jpg,78.0924449642095,-12.7154903061625
80,206_fs1-00004.jpg,77.7735157317764,-13.0761066513164
81,206_fs1-00004.jpg,77.4546474132084,-13.4399396683984
82,206_fs1-00004.jpg,77.1359008664954,-13.807390694174
83,206_fs1-00004.jpg,76.8180248430031,-14.1788227177151
84,206_fs1-00004.jpg,76.5038455746334,-14.553976051838
85,206_fs1-00004.jpg,76.1931334562088,-14.9320853731676
86,206_fs1-00004.jpg,75.8852773958389,-15.312370737213
87,206_fs1-00004.jpg,75.5796663016329,-15.6940521994835
88,206_fs1-00004.jpg,75.2756890817004,-16.076349815488
89,206_fs1-00004.jpg,74.9727346441507,-16.4584836407357
90,206_fs1-00004.jpg,74.6701918970932,-16.8396737307358
91,206_fs1-00004.jpg,74.3674497486373,-17.2191401409973
92,206_fs1-00004.jpg,74.0638971068925,-17.5961029270294
93,206_fs1-00004.jpg,73.758922879968,-17.9697821443412
94,206_fs1-00004.jpg,73.4519159759733,-18.3393978484418
95,206_fs1-00004.jpg,73.1422653030179,-18.7041700948403
96,206_fs1-00004.jpg,72.8293597692111,-19.0633189390459
97,206_fs1-00004.jpg,72.5125882826623,-19.4160644365677
98,206_fs1-00004.jpg,72.1913397514808,-19.7616266429147
99,206_fs1-00004.jpg,71.8650030837762,-20.0992256135962
100,206_fs1-00004.jpg,71.5329671876578,-20.4280814041212
101,206_fs1-00004.jpg,71.194620971235,-20.7474140699988
102,206_fs1-00004.jpg,70.8493533426172,-21.0564436667382
103,206_fs1-00004.jpg,70.4965532099139,-21.3543902498485
104,206_fs1-00004.jpg,70.1356094812343,-21.6404738748388
105,206_fs1-00004.jpg,69.7659059138174,-21.9139146456771
106,206_fs1-00004.jpg,69.3855338943947,-22.1741891132976
107,206_fs1-00004.jpg,68.9938020011107,-22.4216290213875
108,206_fs1-00004.jpg,68.5914427987768,-22.6567441624825
109,206_fs1-00004.jpg,68.1791888522047,-22.880044329118
110,206_fs1-00004.jpg,67.7577727262056,-23.0920393138295
111,206_fs1-00004.jpg,67.3279269855912,-23.2932389091526
112,206_fs1-00004.jpg,66.8903841951729,-23.4841529076227
113,206_fs1-00004.jpg,66.4458769197621,-23.6652911017754
114,206_fs1-00004.jpg,65.9951377241703,-23.8371632841462
115,206_fs1-00004.jpg,65.5388991732091,-24.0002792472706
116,206_fs1-00004.jpg,65.0778938316897,-24.1551487836842
117,206_fs1-00004.jpg,64.6128542644238,-24.3022816859223
118,206_fs1-00004.jpg,64.1445130362229,-24.4421877465206
119,206_fs1-00004.jpg,63.6736027118982,-24.5753767580146
120,206_fs1-00004.jpg,63.2008558562614,-24.7023585129398
121,206_fs1-00004.jpg,62.7270050341239,-24.8236428038316
122,206_fs1-00004.jpg,62.2527828102972,-24.9397394232257
123,206_fs1-00004.jpg,61.7789217495927,-25.0511581636574
124,206_fs1-00004.jpg,61.3061544168219,-25.1584088176624
125,206_fs1-00004.jpg,60.8352133767963,-25.2620011777761
126,206_fs1-00004.jpg,60.3668311943274,-25.3624450365342
127,206_fs1-00004.jpg,59.9017404342266,-25.4602501864719
128,206_fs1-00004.jpg,59.438102945649,-25.5558862792132
129,206_fs1-00004.jpg,58.9638532608108,-25.6490593492707
130,206_fs1-00004.jpg,58.4786069465801,-25.7387911957343
131,206_fs1-00004.jpg,57.9838403918729,-25.8240794131065
132,206_fs1-00004.jpg,57.4810299856049,-25.9039215958902
133,206_fs1-00004.jpg,56.9716521166919,-25.977315338588
134,206_fs1-00004.jpg,56.4571831740499,-26.0432582357027
135,206_fs1-00004.jpg,55.9390995465947,-26.100747881737
136,206_fs1-00004.jpg,55.4188776232421,-26.1487818711935
137,206_fs1-00004.jpg,54.8979937929079,-26.186357798575
138,206_fs1-00004.jpg,54.377924444508,-26.2124732583842
139,206_fs1-00004.jpg,53.8601459669583,-26.2261258451237
140,206_fs1-00004.jpg,53.3461347491745,-26.2263131532964
141,206_fs1-00004.jpg,52.8373671800725,-26.2120327774049
142,206_fs1-00004.jpg,52.3353196485683,-26.182282311952
143,206_fs1-00004.jpg,51.8414685435775,-26.1360593514402
144,206_fs1-00004.jpg,51.357290254016,-26.0723614903724
145,206_fs1-00004.jpg,50.8842611687998,-25.9901863232512
146,206_fs1-00004.jpg,50.4238576768446,-25.8885314445794
147,206_fs1-00004.jpg,49.9775561670663,-25.7663944488596
148,206_fs1-00004.jpg,49.5468330283807,-25.6227729305947
149,206_fs1-00004.jpg,49.1331646497036,-25.4566644842872
150,206_fs1-00004.jpg,48.7380274199509,-25.2670667044398
151,206_fs1-00004.jpg,48.3628977280385,-25.0529771855554
152,206_fs1-00004.jpg,48.0092519628822,-24.8133935221366
153,206_fs1-00004.jpg,47.6743007384842,-24.5476392768213
154,206_fs1-00004.jpg,47.3514956149987,-24.2569105570367
155,206_fs1-00004.jpg,47.0399303850355,-23.9430708479331
156,206_fs1-00004.jpg,46.7387721509077,-23.6079844533944
157,206_fs1-00004.jpg,46.4471880149282,-23.2535156773043
158,206_fs1-00004.jpg,46.1643450794098,-22.8815288235466
159,206_fs1-00004.jpg,45.8894104466655,-22.493888196005
160,206_fs1-00004.jpg,45.6215512190081,-22.0924580985633
161,206_fs1-00004.jpg,45.3599344987505,-21.6791028351053
162,206_fs1-00004.jpg,45.1037273882058,-21.2556867095147
163,206_fs1-00004.jpg,44.8520969896867,-20.8240740256752
164,206_fs1-00004.jpg,44.6042104055063,-20.3861290874707
165,206_fs1-00004.jpg,44.3592347379773,-19.9437161987849
166,206_fs1-00004.jpg,44.1163370894126,-19.4986996635016
167,206_fs1-00004.jpg,43.8746845621254,-19.0529437855045
168,206_fs1-00004.jpg,43.6334442584283,-18.6083128686774
169,206_fs1-00004.jpg,43.391738525399,-18.1666627200271
170,206_fs1-00004.jpg,43.1483724780503,-17.7290877404292
171,206_fs1-00004.jpg,42.9036465877909,-17.295328900895
172,206_fs1-00004.jpg,42.6582836973656,-16.8649878445922
173,206_fs1-00004.jpg,42.4130066495193,-16.4376662146884
174,206_fs1-00004.jpg,42.1685382869969,-16.0129656543512
175,206_fs1-00004.jpg,41.925601452543,-15.5904878067483
176,206_fs1-00004.jpg,41.6849189889026,-15.1698343150472
177,206_fs1-00004.jpg,41.4472137388204,-14.7506068224157
178,206_fs1-00004.jpg,41.2132085450414,-14.3324069720214
179,206_fs1-00004.jpg,40.9836262503104,-13.9148364070318
180,206_fs1-00004.jpg,40.7591896973721,-13.4974967706147
181,206_fs1-00004.jpg,40.5406217289714,-13.0799897059376
182,206_fs1-00004.jpg,40.3286451878532,-12.6619168561683
183,206_fs1-00004.jpg,40.1239829167623,-12.2428798644742
184,206_fs1-00004.jpg,39.9273577584434,-11.8224803740231
185,206_fs1-00004.jpg,39.7394925556414,-11.4003200279826
186,206_fs1-00004.jpg,39.5611101511013,-10.9760004695204
187,206_fs1-00004.jpg,39.3929333875677,-10.549123341804
188,206_fs1-00004.jpg,39.2356851077855,-10.1192902880011
189,206_fs1-00004.jpg,39.0897442250748,-9.68610295127928
190,206_fs1-00004.jpg,38.9502067997623,-9.24916297480624
191,206_fs1-00004.jpg,38.8154921089362,-8.80807200174962
192,206_fs1-00004.jpg,38.6859016043651,-8.36243167527701
193,206_fs1-00004.jpg,38.5617367378177,-7.91184363855606
194,206_fs1-00004.jpg,38.4432989610624,-7.4559095347544
195,206_fs1-00004.jpg,38.3308897258678,-6.99423100703967
196,206_fs1-00004.jpg,38.2248104840027,-6.5264096985795
197,206_fs1-00004.jpg,38.1253626872355,-6.05204725254151
198,206_fs1-00004.jpg,38.0328477873347,-5.57074531209335
199,206_fs1-00004.jpg,37.9475672360692,-5.08210552040265
200,206_fs1-00004.jpg,37.8698224852073,-4.58572952063705
1,206_fs1-00005.jpg,117.103409411102,13.8983505019044
2,206_fs1-00005.jpg,116.690246610282,13.8925834084411
3,206_fs1-00005.jpg,116.278333017006,13.8846392452135
4,206_fs1-00005.jpg,115.867659885166,13.8744779727447
5,206_fs1-00005.jpg,115.458218468652,13.8620595515575
6,206_fs1-00005.jpg,115.050000021354,13.8473439421748
7,206_fs1-00005.jpg,114.642995797163,13.8302911051196
8,206_fs1-00005.jpg,114.23719704997,13.8108610009147
9,206_fs1-00005.jpg,113.832595033665,13.789013590083
10,206_fs1-00005.jpg,113.429181002138,13.7647088331476
11,206_fs1-00005.jpg,113.02694620928,13.7379066906312
12,206_fs1-00005.jpg,112.625881908982,13.7085671230568
13,206_fs1-00005.jpg,112.225979355134,13.6766500909474
14,206_fs1-00005.jpg,111.827229801627,13.6421155548257
15,206_fs1-00005.jpg,111.429624502351,13.6049234752147
16,206_fs1-00005.jpg,111.033154711197,13.5650338126374
17,206_fs1-00005.jpg,110.637811682055,13.5224065276165
18,206_fs1-00005.jpg,110.243586668816,13.4770015806752
19,206_fs1-00005.jpg,109.850470925371,13.4287789323361
20,206_fs1-00005.jpg,109.458455705609,13.3776985431223
21,206_fs1-00005.jpg,109.067532263422,13.3237203735567
22,206_fs1-00005.jpg,108.6776918527,13.2668043841622
23,206_fs1-00005.jpg,108.288925727333,13.2069105354616
24,206_fs1-00005.jpg,107.901225141212,13.1439987879779
25,206_fs1-00005.jpg,107.514581348228,13.078029102234
26,206_fs1-00005.jpg,107.128985602271,13.0089614387529
27,206_fs1-00005.jpg,106.744429157232,12.9367557580573
28,206_fs1-00005.jpg,106.360903267001,12.8613720206703
29,206_fs1-00005.jpg,105.978399185469,12.7827701871147
30,206_fs1-00005.jpg,105.596908166526,12.7009102179134
31,206_fs1-00005.jpg,105.216421464062,12.6157520735894
32,206_fs1-00005.jpg,104.836930331969,12.5272557146655
33,206_fs1-00005.jpg,104.458426024137,12.4353811016647
34,206_fs1-00005.jpg,104.080899794457,12.3400881951099
35,206_fs1-00005.jpg,103.704342896818,12.241336955524
36,206_fs1-00005.jpg,103.328746585112,12.1390873434298
37,206_fs1-00005.jpg,102.954102113229,12.0332993193504
38,206_fs1-00005.jpg,102.58040073506,11.9239328438085
39,206_fs1-00005.jpg,102.207633704494,11.8109478773272
40,206_fs1-00005.jpg,101.835792275423,11.6943043804293
41,206_fs1-00005.jpg,101.464867701738,11.5739623136377
42,206_fs1-00005.jpg,101.094851237328,11.4498816374754
43,206_fs1-00005.jpg,100.725631421394,11.3220223124652
44,206_fs1-00005.jpg,100.356328694439,11.1903442991301
45,206_fs1-00005.jpg,99.9869249238013,11.054807557993
46,206_fs1-00005.jpg,99.6176460354146,10.9153720495767
47,206_fs1-00005.jpg,99.248717955212,10.7719977344042
48,206_fs1-00005.jpg,98.880366609127,10.6246445729984
49,206_fs1-00005.jpg,98.5128179230926,10.4732725258822
50,206_fs1-00005.jpg,98.1462978230422,10.3178415535785
51,206_fs1-00005.jpg,97.7810322349089,10.1583116166103
52,206_fs1-00005.jpg,97.4172470846262,9.99464267550033
53,206_fs1-00005.jpg,97.0551682981272,9.82679469077164
54,206_fs1-00005.jpg,96.6950218013451,9.65472762294706
55,206_fs1-00005.jpg,96.3370335202132,9.47840143254956
56,206_fs1-00005.jpg,95.9814293806648,9.29777608010201
57,206_fs1-00005.jpg,95.6284353086331,9.11281152612733
58,206_fs1-00005.jpg,95.2782772300515,8.92346773114841
59,206_fs1-00005.jpg,94.931181070853,8.72970465568821
60,206_fs1-00005.jpg,94.5873727569709,8.53148226026957
61,206_fs1-00005.jpg,94.2470782143386,8.32876050541546
62,206_fs1-00005.jpg,93.9105233688893,8.12149935164874
63,206_fs1-00005.jpg,93.5779341465562,7.90965875949237
64,206_fs1-00005.jpg,93.2495364732725,7.6931986894692
65,206_fs1-00005.jpg,92.9255562749717,7.47207910210219
66,206_fs1-00005.jpg,92.6062194775868,7.24625995791419
67,206_fs1-00005.jpg,92.2907041949937,7.01572367406595
68,206_fs1-00005.jpg,91.9776435893422,6.78056994767744
69,206_fs1-00005.jpg,91.6670435300356,6.54093663617962
70,206_fs1-00005.jpg,91.3589194882366,6.29696161755396
71,206_fs1-00005.jpg,91.0532869351078,6.04878276978184
72,206_fs1-00005.jpg,90.7501613418121,5.79653797084467
73,206_fs1-00005.jpg,90.4495581795122,5.54036509872392
74,206_fs1-00005.jpg,90.1514929193706,5.280402031401
75,206_fs1-00005.jpg,89.8559810325502,5.01678664685727
76,206_fs1-00005.jpg,89.5630379902137,4.74965682307422
77,206_fs1-00005.jpg,89.2726792635237,4.47915043803326
78,206_fs1-00005.jpg,88.9849203236431,4.20540536971578
79,206_fs1-00005.jpg,88.6997766417343,3.92855949610322
80,206_fs1-00005.jpg,88.4172636889602,3.648750695177
81,206_fs1-00005.jpg,88.1373969364835,3.36611684491854
82,206_fs1-00005.jpg,87.860191855467,3.08079582330927
83,206_fs1-00005.jpg,87.5856639170732,2.79292550833057
84,206_fs1-00005.jpg,87.3138285924649,2.50264377796393
85,206_fs1-00005.jpg,87.0447013528048,2.2100885101907
86,206_fs1-00005.jpg,86.7782976692556,1.91539758299234
87,206_fs1-00005.jpg,86.5146330129801,1.61870887435026
88,206_fs1-00005.jpg,86.2537228551409,1.32016026224591
89,206_fs1-00005.jpg,85.9955826669007,1.01988962466064
90,206_fs1-00005.jpg,85.7400045499274,0.718029058148318
91,206_fs1-00005.jpg,85.4862365282273,0.414639214444719
92,206_fs1-00005.jpg,85.2342332115362,0.109732557443607
93,206_fs1-00005.jpg,84.9840140591538,-0.196679351657082
94,206_fs1-00005.jpg,84.73559853038,-0.504584951659325
95,206_fs1-00005.jpg,84.4890060845146,-0.813972681365129
96,206_fs1-00005.jpg,84.2442561808575,-1.12483097957653
97,206_fs1-00005.jpg,84.0013682787084,-1.43714828509553
98,206_fs1-00005.jpg,83.7603618373673,-1.75091303672417
99,206_fs1-00005.jpg,83.5212563161339,-2.0661136732644
100,206_fs1-00005.jpg,83.2840711743081,-2.3827386335183
101,206_fs1-00005.jpg,83.0488258711896,-2.70077635628783
102,206_fs1-00005.jpg,82.8155398660784,-3.02021528037503
103,206_fs1-00005.jpg,82.5842326182743,-3.34104384458192
104,206_fs1-00005.jpg,82.3549235870771,-3.66325048771049
105,206_fs1-00005.jpg,82.1276322317865,-3.98682364856276
106,206_fs1-00005.jpg,81.9023780117025,-4.31175176594076
107,206_fs1-00005.jpg,81.6791803861249,-4.6380232786465
108,206_fs1-00005.jpg,81.4580588143535,-4.96562662548197
109,206_fs1-00005.jpg,81.2390327556881,-5.29455024524921
110,206_fs1-00005.jpg,81.0221216694287,-5.62478257675019
111,206_fs1-00005.jpg,80.8073450148748,-5.95631205878698
112,206_fs1-00005.jpg,80.5947222513266,-6.28912713016155
113,206_fs1-00005.jpg,80.3842728380836,-6.62321622967593
114,206_fs1-00005.jpg,80.1760162344459,-6.95856779613214
115,206_fs1-00005.jpg,79.9699718997132,-7.29517026833221
116,206_fs1-00005.jpg,79.7661592931854,-7.63301208507809
117,206_fs1-00005.jpg,79.5646144026661,-7.97208168191605
118,206_fs1-00005.jpg,79.3662426622409,-8.3123659833276
119,206_fs1-00005.jpg,79.1713689171392,-8.65384800493109
120,206_fs1-00005.jpg,78.9797351841034,-8.99651013866861
121,206_fs1-00005.jpg,78.7910834798762,-9.34033477648225
122,206_fs1-00005.jpg,78.6051558212003,-9.68530431031408
123,206_fs1-00005.jpg,78.4216942248182,-10.0314011321062
124,206_fs1-00005.jpg,78.2404407074726,-10.3786076338007
125,206_fs1-00005.jpg,78.0611372859061,-10.7269062073397
126,206_fs1-00005.jpg,77.8835259768613,-11.0762792446652
127,206_fs1-00005.jpg,77.707348797081,-11.4267091377193
128,206_fs1-00005.jpg,77.5323477633075,-11.7781782784442
129,206_fs1-00005.jpg,77.3582648922836,-12.1306690587818
130,206_fs1-00005.jpg,77.184842200752,-12.4841638706744
131,206_fs1-00005.jpg,77.0118217054551,-12.8386451060639
132,206_fs1-00005.jpg,76.8389454231358,-13.1940951568925
133,206_fs1-00005.jpg,76.6659553705365,-13.5504964151022
134,206_fs1-00005.jpg,76.4925935643999,-13.9078312726351
135,206_fs1-00005.jpg,76.3186020214687,-14.2660821214334
136,206_fs1-00005.jpg,76.1437227584854,-14.6252313534391
137,206_fs1-00005.jpg,75.9676977921926,-14.9852613605943
138,206_fs1-00005.jpg,75.7902691393331,-15.346154534841
139,206_fs1-00005.jpg,75.6112010134989,-15.7078932428593
140,206_fs1-00005.jpg,75.4335379065466,-16.070411580775
141,206_fs1-00005.jpg,75.2591964295311,-16.4334948944746
142,206_fs1-00005.jpg,75.0876464644644,-16.796899968302
143,206_fs1-00005.jpg,74.9183578933587,-17.1603835866012
144,206_fs1-00005.jpg,74.7508005982259,-17.5237025337161
145,206_fs1-00005.jpg,74.5844444610782,-17.8866135939908
146,206_fs1-00005.jpg,74.4187593639276,-18.2488735517692
147,206_fs1-00005.jpg,74.2532151887862,-18.6102391913952
148,206_fs1-00005.jpg,74.0872818176661,-18.9704672972129
149,206_fs1-00005.jpg,73.9204291325792,-19.3293146535662
150,206_fs1-00005.jpg,73.7521270155378,-19.6865380447992
151,206_fs1-00005.jpg,73.5818453485538,-20.0418942552557
152,206_fs1-00005.jpg,73.4090540136393,-20.3951400692797
153,206_fs1-00005.jpg,73.2332228928064,-20.7460322712153
154,206_fs1-00005.jpg,73.0538218680672,-21.0943276454064
155,206_fs1-00005.jpg,72.8703208214336,-21.439782976197
156,206_fs1-00005.jpg,72.6821896349178,-21.782155047931
157,206_fs1-00005.jpg,72.488898190532,-22.1212006449524
158,206_fs1-00005.jpg,72.289916370288,-22.4566765516053
159,206_fs1-00005.jpg,72.084714056198,-22.7883395522335
160,206_fs1-00005.jpg,71.872761130274,-23.1159464311811
161,206_fs1-00005.jpg,71.6535270168335,-23.4392539735361
162,206_fs1-00005.jpg,71.4259955943511,-23.7580584460023
163,206_fs1-00005.jpg,71.1898185311525,-24.0723016164478
164,206_fs1-00005.jpg,70.9453693407579,-24.3819587625647
165,206_fs1-00005.jpg,70.6930215366881,-24.6870051620455
166,206_fs1-00005.jpg,70.4331486324635,-24.9874160925824
167,206_fs1-00005.jpg,70.1661241416046,-25.2831668318678
168,206_fs1-00005.jpg,69.892321577632,-25.5742326575939
169,206_fs1-00005.jpg,69.6121144540662,-25.8605888474532
170,206_fs1-00005.jpg,69.3258762844276,-26.1422106791379
171,206_fs1-00005.jpg,69.0339805822368,-26.4190734303404
172,206_fs1-00005.jpg,68.7368008610144,-26.691152378753
173,206_fs1-00005.jpg,68.4347106342809,-26.958422802068
174,206_fs1-00005.jpg,68.1280834155567,-27.2208599779778
175,206_fs1-00005.jpg,67.8172927183624,-27.4784391841746
176,206_fs1-00005.jpg,67.5027120562185,-27.7311356983508
177,206_fs1-00005.jpg,67.1847149426455,-27.9789247981987
178,206_fs1-00005.jpg,66.863674891164,-28.2217817614107
179,206_fs1-00005.jpg,66.5399654152944,-28.459681865679
180,206_fs1-00005.jpg,66.2139600285573,-28.6926003886961
181,206_fs1-00005.jpg,65.8860322444733,-28.9205126081541
182,206_fs1-00005.jpg,65.5565555765627,-29.1433938017455
183,206_fs1-00005.jpg,65.2259035383462,-29.3612192471626
184,206_fs1-00005.jpg,64.8944496433443,-29.5739642220977
185,206_fs1-00005.jpg,64.5625674050774,-29.781604004243
186,206_fs1-00005.jpg,64.2306303370661,-29.9841138712911
187,206_fs1-00005.jpg,63.899011952831,-30.1814691009341
188,206_fs1-00005.jpg,63.5672469960306,-30.3736449708644
189,206_fs1-00005.jpg,63.2301363401862,-30.5606167587743
190,206_fs1-00005.jpg,62.8870537598803,-30.7423597423561
191,206_fs1-00005.jpg,62.5384033853118,-30.9188491993023
192,206_fs1-00005.jpg,62.1845893466791,-31.090060407305
193,206_fs1-00005.jpg,61.8260157741809,-31.2559686440567
194,206_fs1-00005.jpg,61.4630867980158,-31.4165491872495
195,206_fs1-00005.jpg,61.0962065483824,-31.571777314576
196,206_fs1-00005.jpg,60.7257791554794,-31.7216283037284
197,206_fs1-00005.jpg,60.3522087495053,-31.8660774323989
198,206_fs1-00005.jpg,59.9758994606587,-32.00509997828
199,206_fs1-00005.jpg,59.5972554191382,-32.138671219064
200,206_fs1-00005.jpg,59.2166807551425,-32.2667664324432
1,206_fs1-00006.jpg,125.781910397295,10.832698205483
2,206_fs1-00006.jpg,125.360565054839,10.8912413517649
3,206_fs1-00006.jpg,124.939105683351,10.9501194122784
4,206_fs1-00006.jpg,124.517532866343,11.00927175373
5,206_fs1-00006.jpg,124.095847187328,11.0686377428264
6,206_fs1-00006.jpg,123.674049229816,11.1281567462742
7,206_fs1-00006.jpg,123.252139577318,11.1877681307801
8,206_fs1-00006.jpg,122.830118813346,11.2474112630506
9,206_fs1-00006.jpg,122.407987521412,11.3070255097924
10,206_fs1-00006.jpg,121.985746285028,11.3665502377121
11,206_fs1-00006.jpg,121.563395687703,11.4259248135164
12,206_fs1-00006.jpg,121.14093631295,11.4850886039118
13,206_fs1-00006.jpg,120.718368744281,11.5439809756051
14,206_fs1-00006.jpg,120.295693565206,11.6025412953028
15,206_fs1-00006.jpg,119.872911359238,11.6607089297115
16,206_fs1-00006.jpg,119.450022709887,11.718423245538
17,206_fs1-00006.jpg,119.027028200665,11.7756236094887
18,206_fs1-00006.jpg,118.603928415083,11.8322493882705
19,206_fs1-00006.jpg,118.180723936654,11.8882399485898
20,206_fs1-00006.jpg,117.757415348887,11.9435346571532
21,206_fs1-00006.jpg,117.334003235296,11.9980728806676
22,206_fs1-00006.jpg,116.91048817939,12.0517939858393
23,206_fs1-00006.jpg,116.486870764682,12.1046373393752
24,206_fs1-00006.jpg,116.063151574684,12.1565423079818
25,206_fs1-00006.jpg,115.639331192906,12.2074482583657
26,206_fs1-00006.jpg,115.215410202859,12.2572945572336
27,206_fs1-00006.jpg,114.791389188056,12.3060205712921
28,206_fs1-00006.jpg,114.367268732008,12.3535656672479
29,206_fs1-00006.jpg,113.943049418226,12.3998692118074
30,206_fs1-00006.jpg,113.518731830221,12.4448705716775
31,206_fs1-00006.jpg,113.094316551506,12.4885091135647
32,206_fs1-00006.jpg,112.669804165591,12.5307242041756
33,206_fs1-00006.jpg,112.245195255988,12.5714552102169
34,206_fs1-00006.jpg,111.820490406209,12.6106414983952
35,206_fs1-00006.jpg,111.39565451387,12.6482224354171
36,206_fs1-00006.jpg,110.970234284705,12.6841373879893
37,206_fs1-00006.jpg,110.544145956175,12.7183257228184
38,206_fs1-00006.jpg,110.117458770058,12.7507268066109
39,206_fs1-00006.jpg,109.690241968133,12.7812800060736
40,206_fs1-00006.jpg,109.262564792181,12.8099246879131
41,206_fs1-00006.jpg,108.834496483979,12.836600218836
42,206_fs1-00006.jpg,108.406106285308,12.8612459655489
43,206_fs1-00006.jpg,107.977463437946,12.8838012947584
44,206_fs1-00006.jpg,107.548637183673,12.9042055731712
45,206_fs1-00006.jpg,107.119696764269,12.922398167494
46,206_fs1-00006.jpg,106.690711421511,12.9383184444332
47,206_fs1-00006.jpg,106.26175039718,12.9519057706956
48,206_fs1-00006.jpg,105.832882933055,12.9630995129879
49,206_fs1-00006.jpg,105.404178270915,12.9718390380165
50,206_fs1-00006.jpg,104.975705652539,12.9780637124882
51,206_fs1-00006.jpg,104.547534319706,12.9817129031096
52,206_fs1-00006.jpg,104.119733514196,12.9827259765872
53,206_fs1-00006.jpg,103.692372477788,12.9810422996278
54,206_fs1-00006.jpg,103.265520452262,12.976601238938
55,206_fs1-00006.jpg,102.839246679396,12.9693421612244
56,206_fs1-00006.jpg,102.413620400969,12.9592044331935
57,206_fs1-00006.jpg,101.988710858761,12.9461274215521
58,206_fs1-00006.jpg,101.564587294552,12.9300504930069
59,206_fs1-00006.jpg,101.14131895012,12.9109130142643
60,206_fs1-00006.jpg,100.718975067244,12.888654352031
61,206_fs1-00006.jpg,100.297624887704,12.8632138730136
62,206_fs1-00006.jpg,99.8773376532798,12.8345309439189
63,206_fs1-00006.jpg,99.457748440051,12.8025420657835
64,206_fs1-00006.jpg,99.035394831046,12.7670839377017
65,206_fs1-00006.jpg,98.6099169757558,12.7278699509874
66,206_fs1-00006.jpg,98.1818134195192,12.6846058640995
67,206_fs1-00006.jpg,97.7515827076747,12.6369974354964
68,206_fs1-00006.jpg,97.3197233855612,12.5847504236368
69,206_fs1-00006.jpg,96.8867339985172,12.5275705869794
70,206_fs1-00006.jpg,96.4531130918814,12.4651636839828
71,206_fs1-00006.jpg,96.0193592109926,12.3972354731055
72,206_fs1-00006.jpg,95.5859709011894,12.3234917128063
73,206_fs1-00006.jpg,95.1534467078104,12.2436381615437
74,206_fs1-00006.jpg,94.7222851761944,12.1573805777764
75,206_fs1-00006.jpg,94.29298485168,12.064424719963
76,206_fs1-00006.jpg,93.8660442796059,11.9644763465621
77,206_fs1-00006.jpg,93.4419620053108,11.8572412160324
78,206_fs1-00006.jpg,93.0212365741334,11.7424250868324
79,206_fs1-00006.jpg,92.6043665314123,11.6197337174209
80,206_fs1-00006.jpg,92.1918504224862,11.4888728662564
81,206_fs1-00006.jpg,91.7841867926937,11.3495482917975
82,206_fs1-00006.jpg,91.3818741873737,11.201465752503
83,206_fs1-00006.jpg,90.9854111518647,11.0443310068314
84,206_fs1-00006.jpg,90.5952962315054,10.8778498132413
85,206_fs1-00006.jpg,90.2120279716345,10.7017279301913
86,206_fs1-00006.jpg,89.8361049175907,10.5156711161402
87,206_fs1-00006.jpg,89.4680256147127,10.3193851295464
88,206_fs1-00006.jpg,89.108288608339,10.1125757288688
89,206_fs1-00006.jpg,88.757277590597,9.89494910730625
90,206_fs1-00006.jpg,88.4100342666302,9.6663691781732
91,206_fs1-00006.jpg,88.0643295649784,9.42709122118654
92,206_fs1-00006.jpg,87.7210338441989,9.17743018321073
93,206_fs1-00006.jpg,87.3810174628488,8.91770101111024
94,206_fs1-00006.jpg,87.0451507794855,8.64821865174946
95,206_fs1-00006.jpg,86.7143041526661,8.36929805199284
96,206_fs1-00006.jpg,86.3893479409479,8.08125415870487
97,206_fs1-00006.jpg,86.0711525028881,7.78440191874995
98,206_fs1-00006.jpg,85.7605881970439,7.47905627899252
99,206_fs1-00006.jpg,85.4585253819727,7.16553218629704
100,206_fs1-00006.jpg,85.1658344162315,6.84414458752795
101,206_fs1-00006.jpg,84.8833856583777,6.51520842954969
102,206_fs1-00006.jpg,84.6120494669684,6.17903865922671
103,206_fs1-00006.jpg,84.352696200561,5.83595022342345
104,206_fs1-00006.jpg,84.1061962177126,5.48625806900435
105,206_fs1-00006.jpg,83.8732463519476,5.13027802586313
106,206_fs1-00006.jpg,83.6516628785608,4.76838752871947
107,206_fs1-00006.jpg,83.4398054975663,4.40106481867784
108,206_fs1-00006.jpg,83.2367261125888,4.02879746126354
109,206_fs1-00006.jpg,83.0414766272527,3.65207302200187
110,206_fs1-00006.jpg,82.8531089451828,3.27137906641823
111,206_fs1-00006.jpg,82.6706749700034,2.8872031600379
112,206_fs1-00006.jpg,82.4932266053391,2.50003286838617
113,206_fs1-00006.jpg,82.3198157548146,2.11035575698838
114,206_fs1-00006.jpg,82.1494943220542,1.7186593913699
115,206_fs1-00006.jpg,81.9813142106827,1.32543133705596
116,206_fs1-00006.jpg,81.8143273243245,0.931159159571962
117,206_fs1-00006.jpg,81.6475855666042,0.53633042444315
118,206_fs1-00006.jpg,81.4801408411463,0.141432697194915
119,206_fs1-00006.jpg,81.3110450515754,-0.253046456647468
120,206_fs1-00006.jpg,81.1393501015161,-0.646619471558637
121,206_fs1-00006.jpg,80.9641078945928,-1.03879878201332
122,206_fs1-00006.jpg,80.7843703344302,-1.42909682248617
123,206_fs1-00006.jpg,80.5983354844713,-1.8170455168374
124,206_fs1-00006.jpg,80.4015571567022,-2.20256104654266
125,206_fs1-00006.jpg,80.1948659963729,-2.58591133789074
126,206_fs1-00006.jpg,79.9798347993402,-2.96737728805942
127,206_fs1-00006.jpg,79.7580363614609,-3.34723979422657
128,206_fs1-00006.jpg,79.531043478592,-3.72577975356995
129,206_fs1-00006.jpg,79.3004289465903,-4.1032780632674
130,206_fs1-00006.jpg,79.0677655613126,-4.48001562049669
131,206_fs1-00006.jpg,78.8346261186158,-4.85627332243564
132,206_fs1-00006.jpg,78.6025834143568,-5.23233206626202
133,206_fs1-00006.jpg,78.3732102443925,-5.60847274915369
134,206_fs1-00006.jpg,78.1480794045796,-5.98497626828842
135,206_fs1-00006.jpg,77.928763690775,-6.36212352084405
136,206_fs1-00006.jpg,77.7168358988356,-6.74019540399831
137,206_fs1-00006.jpg,77.5138688246183,-7.11947281492908
138,206_fs1-00006.jpg,77.3214352639798,-7.50023665081412
139,206_fs1-00006.jpg,77.1411080127772,-7.88276780883126
140,206_fs1-00006.jpg,76.9744598668671,-8.2673471861583
141,206_fs1-00006.jpg,76.8230636221066,-8.65425567997301
142,206_fs1-00006.jpg,76.6884920743523,-9.04377418745324
143,206_fs1-00006.jpg,76.5723180194613,-9.43618360577676
144,206_fs1-00006.jpg,76.4761142532903,-9.83176483212139
145,206_fs1-00006.jpg,76.4014535716962,-10.230798763665
146,206_fs1-00006.jpg,76.3474399629711,-10.633557859967
147,206_fs1-00006.jpg,76.2979216407373,-11.0400823273791
148,206_fs1-00006.jpg,76.2498385367833,-11.4501566861728
149,206_fs1-00006.jpg,76.2033807335999,-11.8635523188488
150,206_fs1-00006.jpg,76.1587383136779,-12.2800406079077
151,206_fs1-00006.jpg,76.1161013595081,-12.6993929358501
152,206_fs1-00006.jpg,76.0756599535817,-13.1213806851766
153,206_fs1-00006.jpg,76.0376041783892,-13.5457752383878
154,206_fs1-00006.jpg,76.0021241164218,-13.9723479779844
155,206_fs1-00006.jpg,75.9694098501703,-14.4008702864669
156,206_fs1-00006.jpg,75.9396514621254,-14.831113546336
157,206_fs1-00006.jpg,75.9130390347783,-15.2628491400923
158,206_fs1-00006.jpg,75.8897626506196,-15.6958484502365
159,206_fs1-00006.jpg,75.8700123921403,-16.1298828592691
160,206_fs1-00006.jpg,75.8539783418313,-16.5647237496907
161,206_fs1-00006.jpg,75.8418505821834,-17.000142504002
162,206_fs1-00006.jpg,75.8338191956877,-17.4359105047037
163,206_fs1-00006.jpg,75.8300742648348,-17.8717991342962
164,206_fs1-00006.jpg,75.8314063821082,-18.3075823987137
165,206_fs1-00006.jpg,75.839515196069,-18.7430656857168
166,206_fs1-00006.jpg,75.8536915452098,-19.1780750574279
167,206_fs1-00006.jpg,75.8730442524569,-19.612436940293
168,206_fs1-00006.jpg,75.8966821407365,-20.045977760758
169,206_fs1-00006.jpg,75.9237140329749,-20.4785239452687
170,206_fs1-00006.jpg,75.9532487520986,-20.9099019202709
171,206_fs1-00006.jpg,75.9843951210338,-21.3399381122107
172,206_fs1-00006.jpg,76.0162619627068,-21.7684589475337
173,206_fs1-00006.jpg,76.0479581000441,-22.195290852686
174,206_fs1-00006.jpg,76.0785923559717,-22.6202602541134
175,206_fs1-00006.jpg,76.1072735534161,-23.0431935782618
176,206_fs1-00006.jpg,76.1331105153037,-23.4639172515769
177,206_fs1-00006.jpg,76.1552120645606,-23.8822577005049
178,206_fs1-00006.jpg,76.1726870241133,-24.2980413514913
179,206_fs1-00006.jpg,76.1846442168879,-24.7110946309823
180,206_fs1-00006.jpg,76.190192465811,-25.1212439654236
181,206_fs1-00006.jpg,76.182337349643,-25.5283157812611
182,206_fs1-00006.jpg,76.1450346525616,-25.9321365049407
183,206_fs1-00006.jpg,76.0787575019899,-26.3325325629083
184,206_fs1-00006.jpg,75.9848924220966,-26.7293303816097
185,206_fs1-00006.jpg,75.8648259370506,-27.1223563874908
186,206_fs1-00006.jpg,75.719944571021,-27.5114370069975
187,206_fs1-00006.jpg,75.5516348481764,-27.8963986665757
188,206_fs1-00006.jpg,75.3612832926858,-28.2770677926712
189,206_fs1-00006.jpg,75.1502764287181,-28.6532708117299
190,206_fs1-00006.jpg,74.9200007804421,-29.0248341501977
191,206_fs1-00006.jpg,74.6718428720268,-29.3915842345205
192,206_fs1-00006.jpg,74.407189227641,-29.7533474911441
193,206_fs1-00006.jpg,74.1274263714535,-30.1099503465144
194,206_fs1-00006.jpg,73.8339408276333,-30.4612192270773
195,206_fs1-00006.jpg,73.5281191203492,-30.8069805592787
196,206_fs1-00006.jpg,73.2113477737701,-31.1470607695643
197,206_fs1-00006.jpg,72.8850133120649,-31.4812862843802
198,206_fs1-00006.jpg,72.5505022594024,-31.8094835301723
199,206_fs1-00006.jpg,72.2092011399516,-32.1314789333862
200,206_fs1-00006.jpg,71.8624964778813,-32.447098920468
1,206_fs1-00007.jpg,141.470836855452,9.48020454529697
2,206_fs1-00007.jpg,141.012428917767,9.55758719382206
3,206_fs1-00007.jpg,140.55401843149,9.63397244383231
4,206_fs1-00007.jpg,140.095605414625,9.70938716881531
5,206_fs1-00007.jpg,139.637189885175,9.78385824225859
6,206_fs1-00007.jpg,139.178771861142,9.85741253764979
7,206_fs1-00007.jpg,138.720351360531,9.93007692847647
8,206_fs1-00007.jpg,138.261928401343,10.0018782882262
9,206_fs1-00007.jpg,137.803503001583,10.0728434903865
10,206_fs1-00007.jpg,137.345075179252,10.142999408445
11,206_fs1-00007.jpg,136.886644952354,10.2123729158893
12,206_fs1-00007.jpg,136.428212338891,10.280990886207
13,206_fs1-00007.jpg,135.969777356868,10.3488801928856
14,206_fs1-00007.jpg,135.511340024286,10.4160677094127
15,206_fs1-00007.jpg,135.052900359148,10.4825803092758
16,206_fs1-00007.jpg,134.594458379459,10.5484448659627
17,206_fs1-00007.jpg,134.13601410322,10.6136882529607
18,206_fs1-00007.jpg,133.677567548435,10.6783373437576
19,206_fs1-00007.jpg,133.219118733106,10.7424190118409
20,206_fs1-00007.jpg,132.760667675237,10.8059601306981
21,206_fs1-00007.jpg,132.30221439283,10.8689875738169
22,206_fs1-00007.jpg,131.843758903889,10.9315282146848
23,206_fs1-00007.jpg,131.385301226417,10.9936089267894
24,206_fs1-00007.jpg,130.926841378416,11.0552565836183
25,206_fs1-00007.jpg,130.468379377889,11.1164980586591
26,206_fs1-00007.jpg,130.00991524284,11.1773602253992
27,206_fs1-00007.jpg,129.551448991272,11.2378699573264
28,206_fs1-00007.jpg,129.092980641187,11.2980541279281
29,206_fs1-00007.jpg,128.634510210588,11.357939610692
30,206_fs1-00007.jpg,128.176037717478,11.4175532791057
31,206_fs1-00007.jpg,127.717563179861,11.4769220066566
32,206_fs1-00007.jpg,127.259086615739,11.5360726668325
33,206_fs1-00007.jpg,126.800608043116,11.5950321331208
34,206_fs1-00007.jpg,126.342127479994,11.6538272790091
35,206_fs1-00007.jpg,125.883644944376,11.7124849779851
36,206_fs1-00007.jpg,125.425160454265,11.7710321035363
37,206_fs1-00007.jpg,124.966674027664,11.8294955291502
38,206_fs1-00007.jpg,124.508185682577,11.8879021283145
39,206_fs1-00007.jpg,124.049695437006,11.9462787745167
40,206_fs1-00007.jpg,123.591203308954,12.0046523412444
41,206_fs1-00007.jpg,123.132709316424,12.0630497019852
42,206_fs1-00007.jpg,122.67421347742,12.1214977302267
43,206_fs1-00007.jpg,122.215715809943,12.1800232994564
44,206_fs1-00007.jpg,121.757248462637,12.2386532831619
45,206_fs1-00007.jpg,121.298851097758,12.2974145548308
46,206_fs1-00007.jpg,120.84051546809,12.3563339879506
47,206_fs1-00007.jpg,120.382233014391,12.415438456009
48,206_fs1-00007.jpg,119.923995177414,12.4747548324935
49,206_fs1-00007.jpg,119.465793397917,12.5343099908918
50,206_fs1-00007.jpg,119.007619116653,12.5941308046912
51,206_fs1-00007.jpg,118.549463774378,12.6542441473796
52,206_fs1-00007.jpg,118.091318811849,12.7146768924443
53,206_fs1-00007.jpg,117.633175669819,12.7754559133731
54,206_fs1-00007.jpg,117.175025789046,12.8366080836534
55,206_fs1-00007.jpg,116.716860610283,12.8981602767729
56,206_fs1-00007.jpg,116.258671574287,12.9601393662192
57,206_fs1-00007.jpg,115.800450121813,13.0225722254797
58,206_fs1-00007.jpg,115.342187693616,13.0854857280421
59,206_fs1-00007.jpg,114.883875730452,13.148906747394
60,206_fs1-00007.jpg,114.425505673077,13.212862157023
61,206_fs1-00007.jpg,113.967068962245,13.2773788304165
62,206_fs1-00007.jpg,113.508557038712,13.3424836410622
63,206_fs1-00007.jpg,113.049961343233,13.4082034624478
64,206_fs1-00007.jpg,112.591273316565,13.4745651680606
65,206_fs1-00007.jpg,112.132484399461,13.5415956313884
66,206_fs1-00007.jpg,111.673586032679,13.6093217259187
67,206_fs1-00007.jpg,111.214569656973,13.6777703251391
68,206_fs1-00007.jpg,110.755426713098,13.7469683025371
69,206_fs1-00007.jpg,110.29614864181,13.8169425316003
70,206_fs1-00007.jpg,109.836726883865,13.8877198858164
71,206_fs1-00007.jpg,109.377152880017,13.9593272386728
72,206_fs1-00007.jpg,108.917302663427,14.0317768837105
73,206_fs1-00007.jpg,108.45672784003,14.1048592339727
74,206_fs1-00007.jpg,107.995462899605,14.1781919749747
75,206_fs1-00007.jpg,107.533598166695,14.2513882365406
76,206_fs1-00007.jpg,107.071223965843,14.3240611484946
77,206_fs1-00007.jpg,106.608430621595,14.3958238406611
78,206_fs1-00007.jpg,106.145308458492,14.4662894428641
79,206_fs1-00007.jpg,105.681947801079,14.535071084928
80,206_fs1-00007.jpg,105.218438973899,14.601781896677
81,206_fs1-00007.jpg,104.754872301496,14.6660350079353
82,206_fs1-00007.jpg,104.291338108414,14.7274435485272
83,206_fs1-00007.jpg,103.827926719197,14.7856206482768
84,206_fs1-00007.jpg,103.364728458387,14.8401794370085
85,206_fs1-00007.jpg,102.901833650528,14.8907330445465
86,206_fs1-00007.jpg,102.439332620165,14.936894600715
87,206_fs1-00007.jpg,101.977315691841,14.9782772353381
88,206_fs1-00007.jpg,101.5158731901,15.0144940782403
89,206_fs1-00007.jpg,101.055095439484,15.0451582592456
90,206_fs1-00007.jpg,100.595072764538,15.0698829081784
91,206_fs1-00007.jpg,100.135895489806,15.0882811548628
92,206_fs1-00007.jpg,99.6776539398301,15.0999661291232
93,206_fs1-00007.jpg,99.2204384391553,15.1045509607837
94,206_fs1-00007.jpg,98.7643393123248,15.1016487796685
95,206_fs1-00007.jpg,98.3094468838823,15.0908727156019
96,206_fs1-00007.jpg,97.8558514783714,15.0718358984082
97,206_fs1-00007.jpg,97.4012302947779,15.0441887157751
98,206_fs1-00007.jpg,96.9430513828734,15.0077580396544
99,206_fs1-00007.jpg,96.4819913856601,14.9624229453375
100,206_fs1-00007.jpg,96.0187358343256,14.9080625160069
101,206_fs1-00007.jpg,95.5539702600572,14.8445558348452
102,206_fs1-00007.jpg,95.0883801940424,14.7717819850351
103,206_fs1-00007.jpg,94.6226511674686,14.689620049759
104,206_fs1-00007.jpg,94.1574687115233,14.5979491121997
105,206_fs1-00007.jpg,93.6935183573938,14.4966482555396
106,206_fs1-00007.jpg,93.2314856362677,14.3855965629612
107,206_fs1-00007.jpg,92.7720560793322,14.2646731176474
108,206_fs1-00007.jpg,92.315915217775,14.1337570027805
109,206_fs1-00007.jpg,91.8637485827833,13.9927273015431
110,206_fs1-00007.jpg,91.4162417055447,13.841463097118
111,206_fs1-00007.jpg,90.9740801172465,13.6798434726875
112,206_fs1-00007.jpg,90.5379493490763,13.5077475114344
113,206_fs1-00007.jpg,90.1085349322212,13.3250542965412
114,206_fs1-00007.jpg,89.686522397869,13.1316429111904
115,206_fs1-00007.jpg,89.272597277207,12.9273924385647
116,206_fs1-00007.jpg,88.8674451014225,12.7121819618466
117,206_fs1-00007.jpg,88.4717514017031,12.4858905642187
118,206_fs1-00007.jpg,88.0854611617648,12.2484095910076
119,206_fs1-00007.jpg,87.7043523067134,11.9999300385045
120,206_fs1-00007.jpg,87.3276940892088,11.7409526835671
121,206_fs1-00007.jpg,86.9555484856396,11.4719925918197
122,206_fs1-00007.jpg,86.587977472394,11.1935648288865
123,206_fs1-00007.jpg,86.2250430258605,10.9061844603917
124,206_fs1-00007.jpg,85.8668071224276,10.6103665519594
125,206_fs1-00007.jpg,85.5133317384838,10.3066261692138
126,206_fs1-00007.jpg,85.1646788504174,9.99547837777916
127,206_fs1-00007.jpg,84.8209104346169,9.67743824327968
128,206_fs1-00007.jpg,84.4820884674707,9.35302083133951
129,206_fs1-00007.jpg,84.1482749253672,9.02274120758281
130,206_fs1-00007.jpg,83.819531784695,8.68711443763385
131,206_fs1-00007.jpg,83.4959210218423,8.34665558711674
132,206_fs1-00007.jpg,83.1775046131976,8.00187972165577
133,206_fs1-00007.jpg,82.8643445351494,7.65330190687504
134,206_fs1-00007.jpg,82.5565027640861,7.30143720839877
135,206_fs1-00007.jpg,82.2540412763962,6.94680069185117
136,206_fs1-00007.jpg,81.9570205533166,6.58990742253155
137,206_fs1-00007.jpg,81.6579658808985,6.23114664861978
138,206_fs1-00007.jpg,81.3513971624131,5.87042491354518
139,206_fs1-00007.jpg,81.0397303036564,5.50753301708065
140,206_fs1-00007.jpg,80.7253812104242,5.14226175899896
141,206_fs1-00007.jpg,80.4107657885124,4.77440193907302
142,206_fs1-00007.jpg,80.0982999437168,4.40374435707562
143,206_fs1-00007.jpg,79.7903995818335,4.03007981277966
144,206_fs1-00007.jpg,79.4894806086582,3.65319910595792
145,206_fs1-00007.jpg,79.1979589299869,3.27289303638327
146,206_fs1-00007.jpg,78.9182504516154,2.88895240382857
147,206_fs1-00007.jpg,78.6527710793397,2.50116800806663
148,206_fs1-00007.jpg,78.4039367189556,2.1093306488703
149,206_fs1-00007.jpg,78.174163276259,1.71323112601243
150,206_fs1-00007.jpg,77.9658666570459,1.31266023926585
151,206_fs1-00007.jpg,77.781462767112,0.907408788403416
152,206_fs1-00007.jpg,77.6233675122533,0.497267573197973
153,206_fs1-00007.jpg,77.4939967982657,0.0820273934223508
154,206_fs1-00007.jpg,77.3898688203008,-0.338502182179496
155,206_fs1-00007.jpg,77.2898145672876,-0.764251190220847
156,206_fs1-00007.jpg,77.191877301614,-1.19495918248228
157,206_fs1-00007.jpg,77.096274939981,-1.63036135351715
158,206_fs1-00007.jpg,77.0032253990896,-2.07019289787891
159,206_fs1-00007.jpg,76.9129465956407,-2.51418901012093
160,206_fs1-00007.jpg,76.8256564463352,-2.96208488479667
161,206_fs1-00007.jpg,76.7415728678743,-3.41361571645945
162,206_fs1-00007.jpg,76.6609137769588,-3.86851669966276
163,206_fs1-00007.jpg,76.5838970902896,-4.32652302895997
164,206_fs1-00007.jpg,76.5107407245678,-4.78736989890447
165,206_fs1-00007.jpg,76.4416625964943,-5.25079250404971
166,206_fs1-00007.jpg,76.3768806227701,-5.71652603894907
167,206_fs1-00007.jpg,76.3166127200961,-6.18430569815595
168,206_fs1-00007.jpg,76.2610768051734,-6.65386667622377
169,206_fs1-00007.jpg,76.2104907947028,-7.12494416770596
170,206_fs1-00007.jpg,76.1650726053853,-7.59727336715591
171,206_fs1-00007.jpg,76.1250401539218,-8.07058946912699
172,206_fs1-00007.jpg,76.0906113570135,-8.54462766817264
173,206_fs1-00007.jpg,76.0620041313612,-9.0191231588463
174,206_fs1-00007.jpg,76.0394363936658,-9.49381113570132
175,206_fs1-00007.jpg,76.0231260606284,-9.96842679329112
176,206_fs1-00007.jpg,76.0132910489498,-10.4427053261691
177,206_fs1-00007.jpg,76.01015107125,-10.916381929634
178,206_fs1-00007.jpg,76.014998416677,-11.3892047297417
179,206_fs1-00007.jpg,76.0284935509199,-11.8609677123767
180,206_fs1-00007.jpg,76.0501662284865,-12.3314750254256
181,206_fs1-00007.jpg,76.079546203885,-12.8005308167752
182,206_fs1-00007.jpg,76.1161632316231,-13.2679392343122
183,206_fs1-00007.jpg,76.159547066209,-13.7335044259234
184,206_fs1-00007.jpg,76.2092274621504,-14.1970305394955
185,206_fs1-00007.jpg,76.2647341739555,-14.6583217229152
186,206_fs1-00007.jpg,76.3255969561321,-15.1171821240694
187,206_fs1-00007.jpg,76.3913455631883,-15.5734158908447
188,206_fs1-00007.jpg,76.4615097496319,-16.026827171128
189,206_fs1-00007.jpg,76.535619269971,-16.4772201128058
190,206_fs1-00007.jpg,76.6132038787134,-16.9243988637651
191,206_fs1-00007.jpg,76.6937933303673,-17.3681675718925
192,206_fs1-00007.jpg,76.7820586616844,-17.8083303850748
193,206_fs1-00007.jpg,76.9019893236614,-18.2446914511987
194,206_fs1-00007.jpg,77.0528439626286,-18.677054918151
195,206_fs1-00007.jpg,77.230106341685,-19.1052249338184
196,206_fs1-00007.jpg,77.4292602239298,-19.5290056460877
197,206_fs1-00007.jpg,77.6457893724619,-19.9482012028456
198,206_fs1-00007.jpg,77.8751775503806,-20.3626157519788
199,206_fs1-00007.jpg,78.1129085207849,-20.7720534413741
200,206_fs1-00007.jpg,78.354466046774,-21.1763184189183
1,206_fs1-00008.jpg,153.868695407157,7.65433810404608
2,206_fs1-00008.jpg,153.388118623963,7.68818777758275
3,206_fs1-00008.jpg,152.907696639419,7.72731329233781
4,206_fs1-00008.jpg,152.42743183183,7.77154616451156
5,206_fs1-00008.jpg,151.947326579502,7.82071791030441
6,206_fs1-00008.jpg,151.467383260741,7.87466004591667
7,206_fs1-00008.jpg,150.987604253854,7.93320408754869
8,206_fs1-00008.jpg,150.507991937146,7.99618155140081
9,206_fs1-00008.jpg,150.028548688922,8.06342395367344
10,206_fs1-00008.jpg,149.549276887489,8.13476281056685
11,206_fs1-00008.jpg,149.070178911153,8.21002963828147
12,206_fs1-00008.jpg,148.591257138218,8.28905595301757
13,206_fs1-00008.jpg,148.112513946993,8.37167327097555
14,206_fs1-00008.jpg,147.633951715781,8.45771310835576
15,206_fs1-00008.jpg,147.155572822889,8.54700698135855
16,206_fs1-00008.jpg,146.677379646623,8.63938640618426
17,206_fs1-00008.jpg,146.199374565289,8.73468289903323
18,206_fs1-00008.jpg,145.721559957192,8.83272797610582
19,206_fs1-00008.jpg,145.243938200638,8.93335315360238
20,206_fs1-00008.jpg,144.766511673934,9.03638994772328
21,206_fs1-00008.jpg,144.289282755385,9.14166987466885
22,206_fs1-00008.jpg,143.812253823297,9.24902445063944
23,206_fs1-00008.jpg,143.335427255976,9.35828519183539
24,206_fs1-00008.jpg,142.858805431727,9.46928361445708
25,206_fs1-00008.jpg,142.382390728857,9.58185123470483
26,206_fs1-00008.jpg,141.906238947176,9.69581956877903
27,206_fs1-00008.jpg,141.43064783765,9.81102013287997
28,206_fs1-00008.jpg,140.955625860599,9.92728444320807
29,206_fs1-00008.jpg,140.481128625595,10.0444440159636
30,206_fs1-00008.jpg,140.007111742209,10.162330367347
31,206_fs1-00008.jpg,139.533530820013,10.2807750135586
32,206_fs1-00008.jpg,139.060341468578,10.3996094707987
33,206_fs1-00008.jpg,138.587499297477,10.5186652552676
34,206_fs1-00008.jpg,138.114959916281,10.6377738831659
35,206_fs1-00008.jpg,137.642678934562,10.7567668706936
36,206_fs1-00008.jpg,137.170611961891,10.8754757340513
37,206_fs1-00008.jpg,136.698714607841,10.9937319894393
38,206_fs1-00008.jpg,136.226942481982,11.111367153058
39,206_fs1-00008.jpg,135.755251193886,11.2282127411075
40,206_fs1-00008.jpg,135.283596353126,11.3441002697885
41,206_fs1-00008.jpg,134.811933569273,11.4588612553011
42,206_fs1-00008.jpg,134.340218451898,11.5723272138457
43,206_fs1-00008.jpg,133.868406610573,11.6843296616227
44,206_fs1-00008.jpg,133.39645365487,11.7947001148325
45,206_fs1-00008.jpg,132.924315194361,11.9032700896753
46,206_fs1-00008.jpg,132.451946838617,12.0098711023516
47,206_fs1-00008.jpg,131.97930419721,12.1143346690616
48,206_fs1-00008.jpg,131.506342879712,12.2164923060058
49,206_fs1-00008.jpg,131.033018495694,12.3161755293845
50,206_fs1-00008.jpg,130.559286654728,12.413215855398
51,206_fs1-00008.jpg,130.085102966386,12.5074448002466
52,206_fs1-00008.jpg,129.610423040239,12.5986938801308
53,206_fs1-00008.jpg,129.135202485859,12.6867946112509
54,206_fs1-00008.jpg,128.659396912818,12.7715785098073
55,206_fs1-00008.jpg,128.182961930687,12.8528770920002
56,206_fs1-00008.jpg,127.705853149039,12.9305218740301
57,206_fs1-00008.jpg,127.228026177444,13.0043443720972
58,206_fs1-00008.jpg,126.749436168213,13.0741763087856
59,206_fs1-00008.jpg,126.270034000035,13.1399504292705
60,206_fs1-00008.jpg,125.789849603763,13.2018630297729
61,206_fs1-00008.jpg,125.308941366251,13.2601528452253
62,206_fs1-00008.jpg,124.827367674355,13.3150586105604
63,206_fs1-00008.jpg,124.345186914929,13.3668190607107
64,206_fs1-00008.jpg,123.862457474827,13.4156729306087
65,206_fs1-00008.jpg,123.379237740906,13.4618589551872
66,206_fs1-00008.jpg,122.895586100019,13.5056158693785
67,206_fs1-00008.jpg,122.411560939022,13.5471824081153
68,206_fs1-00008.jpg,121.927220644769,13.5867973063302
69,206_fs1-00008.jpg,121.442623604116,13.6246992989558
70,206_fs1-00008.jpg,120.957828203918,13.6611271209245
71,206_fs1-00008.jpg,120.472892831028,13.6963195071691
72,206_fs1-00008.jpg,119.987875872303,13.7305151926219
73,206_fs1-00008.jpg,119.502835714597,13.7639529122158
74,206_fs1-00008.jpg,119.017830744765,13.7968714008831
75,206_fs1-00008.jpg,118.532919349661,13.8295093935565
76,206_fs1-00008.jpg,118.048159916141,13.8621056251686
77,206_fs1-00008.jpg,117.56361083106,13.8948988306518
78,206_fs1-00008.jpg,117.079330481273,13.9281277449389
79,206_fs1-00008.jpg,116.595377253633,13.9620311029623
80,206_fs1-00008.jpg,116.111643102026,13.996809335576
81,206_fs1-00008.jpg,115.627895988643,14.0324461349656
82,206_fs1-00008.jpg,115.144132706874,14.0688490444481
83,206_fs1-00008.jpg,114.660352716927,14.1059255239305
84,206_fs1-00008.jpg,114.176555479007,14.1435830333193
85,206_fs1-00008.jpg,113.692740453322,14.1817290325216
86,206_fs1-00008.jpg,113.208907100078,14.2202709814439
87,206_fs1-00008.jpg,112.725054879482,14.259116339993
88,206_fs1-00008.jpg,112.241183251741,14.2981725680758
89,206_fs1-00008.jpg,111.757291677061,14.3373471255991
90,206_fs1-00008.jpg,111.273379615649,14.3765474724696
91,206_fs1-00008.jpg,110.789446527711,14.415681068594
92,206_fs1-00008.jpg,110.305491873455,14.4546553738791
93,206_fs1-00008.jpg,109.821515113088,14.4933778482318
94,206_fs1-00008.jpg,109.337515706814,14.5317559515588
95,206_fs1-00008.jpg,108.853493114843,14.5696971437668
96,206_fs1-00008.jpg,108.36944679738,14.6071088847627
97,206_fs1-00008.jpg,107.885376214631,14.6438986344532
98,206_fs1-00008.jpg,107.401280826804,14.6799738527451
99,206_fs1-00008.jpg,106.917160094105,14.7152419995452
100,206_fs1-00008.jpg,106.433013476742,14.7496105347602
101,206_fs1-00008.jpg,105.948840434919,14.7829869182969
102,206_fs1-00008.jpg,105.464640428846,14.8152786100621
103,206_fs1-00008.jpg,104.980412918727,14.8463930699626
104,206_fs1-00008.jpg,104.496086177321,14.8762366708357
105,206_fs1-00008.jpg,104.010539286766,14.9046265264919
106,206_fs1-00008.jpg,103.523534643324,14.9312254584069
107,206_fs1-00008.jpg,103.035266355139,14.9556809600881
108,206_fs1-00008.jpg,102.545928530353,14.9776405250428
109,206_fs1-00008.jpg,102.055715277109,14.9967516467783
110,206_fs1-00008.jpg,101.564820703549,15.0126618188022
111,206_fs1-00008.jpg,101.073438917817,15.0250185346216
112,206_fs1-00008.jpg,100.581764028054,15.0334692877439
113,206_fs1-00008.jpg,100.089990142405,15.0376615716766
114,206_fs1-00008.jpg,99.5983113690105,15.037242879927
115,206_fs1-00008.jpg,99.1069218160145,15.0318607060023
116,206_fs1-00008.jpg,98.6160155915593,15.02116254341
117,206_fs1-00008.jpg,98.1257868037878,15.0047958856575
118,206_fs1-00008.jpg,97.6364295608425,14.9824082262521
119,206_fs1-00008.jpg,97.1481379708663,14.9536470587011
120,206_fs1-00008.jpg,96.6611061420018,14.9181598765119
121,206_fs1-00008.jpg,96.1755281823917,14.8755941731918
122,206_fs1-00008.jpg,95.6915982001788,14.8255974422483
123,206_fs1-00008.jpg,95.2095103035057,14.7678171771886
124,206_fs1-00008.jpg,94.7294586005153,14.7019008715202
125,206_fs1-00008.jpg,94.2516371993502,14.6274960187503
126,206_fs1-00008.jpg,93.7762402081531,14.5442501123864
127,206_fs1-00008.jpg,93.3034617350667,14.4518106459358
128,206_fs1-00008.jpg,92.8334958882338,14.3498251129058
129,206_fs1-00008.jpg,92.366536775797,14.2379410068038
130,206_fs1-00008.jpg,91.9027033246913,14.1158078471189
131,206_fs1-00008.jpg,91.440430381535,13.9833412328154
132,206_fs1-00008.jpg,90.9791627704172,13.8409851902628
133,206_fs1-00008.jpg,90.519082669839,13.6892461185698
134,206_fs1-00008.jpg,90.060372258301,13.5286304168449
135,206_fs1-00008.jpg,89.6032137143041,13.3596444841966
136,206_fs1-00008.jpg,89.1477892163492,13.1827947197334
137,206_fs1-00008.jpg,88.6942809429373,12.998587522564
138,206_fs1-00008.jpg,88.242871072569,12.8075292917968
139,206_fs1-00008.jpg,87.7937417837454,12.6101264265403
140,206_fs1-00008.jpg,87.3470752549672,12.4068853259031
141,206_fs1-00008.jpg,86.9030536647353,12.1983123889937
142,206_fs1-00008.jpg,86.4618591915506,11.9849140149208
143,206_fs1-00008.jpg,86.0236740139138,11.7671966027927
144,206_fs1-00008.jpg,85.588680310326,11.5456665517181
145,206_fs1-00008.jpg,85.1570602592878,11.3208302608055
146,206_fs1-00008.jpg,84.7289960393003,11.0931941291634
147,206_fs1-00008.jpg,84.3046698288643,10.8632645559003
148,206_fs1-00008.jpg,83.8842638064806,10.6315479401248
149,206_fs1-00008.jpg,83.4649158587114,10.3985049375809
150,206_fs1-00008.jpg,83.0355039054588,10.1639253352731
151,206_fs1-00008.jpg,82.5971465646163,9.92708934640021
152,206_fs1-00008.jpg,82.1523188532227,9.68726446646693
153,206_fs1-00008.jpg,81.7034957883171,9.44371819097805
154,206_fs1-00008.jpg,81.2531523869382,9.1957180154383
155,206_fs1-00008.jpg,80.803763666125,8.94253143535244
156,206_fs1-00008.jpg,80.3578046429163,8.68342594622521
157,206_fs1-00008.jpg,79.9177503343512,8.41766904356135
158,206_fs1-00008.jpg,79.4860757574683,8.1445282228656
159,206_fs1-00008.jpg,79.0652559293067,7.86327097964272
160,206_fs1-00008.jpg,78.6577658669052,7.57316480939744
161,206_fs1-00008.jpg,78.2660805873027,7.27347720763453
162,206_fs1-00008.jpg,77.892675107538,6.9634756698587
163,206_fs1-00008.jpg,77.5400244446502,6.64242769157474
164,206_fs1-00008.jpg,77.2106036156779,6.30960076828734
165,206_fs1-00008.jpg,76.9068876376603,5.96426239550129
166,206_fs1-00008.jpg,76.6313515276361,5.60568006872134
167,206_fs1-00008.jpg,76.3864703026442,5.23312128345222
168,206_fs1-00008.jpg,76.1663334512851,4.84595652835466
169,206_fs1-00008.jpg,75.9508874203318,4.44451815736625
170,206_fs1-00008.jpg,75.7404171378169,4.02966296301287
171,206_fs1-00008.jpg,75.5363527093182,3.60225302292235
172,206_fs1-00008.jpg,75.3401242404131,3.16315041472248
173,206_fs1-00008.jpg,75.1531618366792,2.71321721604102
174,206_fs1-00008.jpg,74.976895603694,2.25331550450579
175,206_fs1-00008.jpg,74.8127556470351,1.78430735774458
176,206_fs1-00008.jpg,74.6621720722802,1.30705485338518
177,206_fs1-00008.jpg,74.5265749850066,0.822420069055397
178,206_fs1-00008.jpg,74.4073944907919,0.331265082382998
179,206_fs1-00008.jpg,74.3060606952138,-0.165548029004185
180,206_fs1-00008.jpg,74.2240037038497,-0.667157187478409
181,206_fs1-00008.jpg,74.1626536222772,-1.17270031541184
182,206_fs1-00008.jpg,74.1133000679786,-1.68131533517672
183,206_fs1-00008.jpg,74.0656144255465,-2.1921401691452
184,206_fs1-00008.jpg,74.0197079352033,-2.70431273968953
185,206_fs1-00008.jpg,73.9756952654076,-3.21697096918192
186,206_fs1-00008.jpg,73.9336910846183,-3.72925277999454
187,206_fs1-00008.jpg,73.8938100612941,-4.24029609449963
188,206_fs1-00008.jpg,73.8561668638937,-4.74923883506938
189,206_fs1-00008.jpg,73.8208761608759,-5.25521892407602
190,206_fs1-00008.jpg,73.7880526206993,-5.75737428389172
191,206_fs1-00008.jpg,73.7578109118227,-6.25484283688871
192,206_fs1-00008.jpg,73.7302657027047,-6.74676250543919
193,206_fs1-00008.jpg,73.7055316618043,-7.23227121191536
194,206_fs1-00008.jpg,73.6837234575801,-7.71050687868944
195,206_fs1-00008.jpg,73.6649557584907,-8.18060742813364
196,206_fs1-00008.jpg,73.649343232995,-8.64171078262015
197,206_fs1-00008.jpg,73.6370005495517,-9.0929548645212
198,206_fs1-00008.jpg,73.6280423766194,-9.53347759620894
199,206_fs1-00008.jpg,73.622583382657,-9.96241690005564
200,206_fs1-00008.jpg,73.6207382361231,-10.3789106984335
1,206_fs1-00009.jpg,165.680473372781,6.93300815194678
2,206_fs1-00009.jpg,165.267779564829,7.05551037971915
3,206_fs1-00009.jpg,164.854942223524,7.17653910711564
4,206_fs1-00009.jpg,164.441961957476,7.29611670788671
5,206_fs1-00009.jpg,164.028839375295,7.41426555578286
6,206_fs1-00009.jpg,163.615575085591,7.53100802455452
7,206_fs1-00009.jpg,163.202169696975,7.64636648795218
8,206_fs1-00009.jpg,162.788623818056,7.76036331972628
9,206_fs1-00009.jpg,162.374938057444,7.87302089362734
10,206_fs1-00009.jpg,161.961113023749,7.98436158340579
11,206_fs1-00009.jpg,161.547149325582,8.0944077628121
12,206_fs1-00009.jpg,161.133047571552,8.20318180559673
13,206_fs1-00009.jpg,160.718808370268,8.31070608551019
14,206_fs1-00009.jpg,160.304432330343,8.41700297630291
15,206_fs1-00009.jpg,159.889920060384,8.52209485172537
16,206_fs1-00009.jpg,159.475272169002,8.62600408552802
17,206_fs1-00009.jpg,159.060489264808,8.72875305146135
18,206_fs1-00009.jpg,158.645571956411,8.83036412327584
19,206_fs1-00009.jpg,158.230520852421,8.93085967472194
20,206_fs1-00009.jpg,157.815336561448,9.03026207955014
21,206_fs1-00009.jpg,157.400019692102,9.12859371151086
22,206_fs1-00009.jpg,156.984570852994,9.22587694435461
23,206_fs1-00009.jpg,156.568990652732,9.32213415183185
24,206_fs1-00009.jpg,156.153279699928,9.41738770769302
25,206_fs1-00009.jpg,155.737438603191,9.51165998568862
26,206_fs1-00009.jpg,155.321467971131,9.60497335956913
27,206_fs1-00009.jpg,154.905368412358,9.69735020308499
28,206_fs1-00009.jpg,154.489140535482,9.78881288998667
29,206_fs1-00009.jpg,154.072784949113,9.87938379402468
30,206_fs1-00009.jpg,153.656302261862,9.9690852889494
31,206_fs1-00009.jpg,153.239693082337,10.0579397485114
32,206_fs1-00009.jpg,152.82295801915,10.1459695464611
33,206_fs1-00009.jpg,152.40609768091,10.2331970565489
34,206_fs1-00009.jpg,151.989112676226,10.3196446525254
35,206_fs1-00009.jpg,151.57200361371,10.405334708141
36,206_fs1-00009.jpg,151.154771101971,10.4902895971462
37,206_fs1-00009.jpg,150.737415749619,10.5745316932914
38,206_fs1-00009.jpg,150.319938165264,10.6580833703271
39,206_fs1-00009.jpg,149.902338957516,10.7409670020038
40,206_fs1-00009.jpg,149.484618734985,10.8232049620719
41,206_fs1-00009.jpg,149.066777938996,10.904819624282
42,206_fs1-00009.jpg,148.648758023193,10.9858333623844
43,206_fs1-00009.jpg,148.230516629879,11.0662685501297
44,206_fs1-00009.jpg,147.812061261152,11.1461475612683
45,206_fs1-00009.jpg,147.393399419109,11.2254927695507
46,206_fs1-00009.jpg,146.974538605847,11.3043265487273
47,206_fs1-00009.jpg,146.555486323464,11.3826712725487
48,206_fs1-00009.jpg,146.136250074057,11.4605493147653
49,206_fs1-00009.jpg,145.716837359723,11.5379830491275
50,206_fs1-00009.jpg,145.29725568256,11.6149948493859
51,206_fs1-00009.jpg,144.877512544666,11.6916070892909
52,206_fs1-00009.jpg,144.457615448137,11.7678421425929
53,206_fs1-00009.jpg,144.03757189507,11.8437223830425
54,206_fs1-00009.jpg,143.617389387565,11.91927018439
55,206_fs1-00009.jpg,143.197075427717,11.994507920386
56,206_fs1-00009.jpg,142.776637517623,12.069457964781
57,206_fs1-00009.jpg,142.356083159382,12.1441426913254
58,206_fs1-00009.jpg,141.935419855091,12.2185844737697
59,206_fs1-00009.jpg,141.514655106847,12.2928056858643
60,206_fs1-00009.jpg,141.093796416748,12.3668287013597
61,206_fs1-00009.jpg,140.67285128689,12.4406758940064
62,206_fs1-00009.jpg,140.251827219372,12.5143696375548
63,206_fs1-00009.jpg,139.83073171629,12.5879323057555
64,206_fs1-00009.jpg,139.409572279742,12.6613862723588
65,206_fs1-00009.jpg,138.988356411825,12.7347539111153
66,206_fs1-00009.jpg,138.567091614637,12.8080575957755
67,206_fs1-00009.jpg,138.145785390275,12.8813197000897
68,206_fs1-00009.jpg,137.724445240836,12.9545625978085
69,206_fs1-00009.jpg,137.303078668418,13.0278086626822
70,206_fs1-00009.jpg,136.881693175118,13.1010802684615
71,206_fs1-00009.jpg,136.460296263033,13.1743997888968
72,206_fs1-00009.jpg,136.038895434262,13.2477895977385
73,206_fs1-00009.jpg,135.6174981909,13.3212720687371
74,206_fs1-00009.jpg,135.196112035046,13.394869575643
75,206_fs1-00009.jpg,134.77474272043,13.4685998601892
76,206_fs1-00009.jpg,134.353382734277,13.5424089467045
77,206_fs1-00009.jpg,133.932021238317,13.6161863928658
78,206_fs1-00009.jpg,133.510647727673,13.6898202292412
79,206_fs1-00009.jpg,133.089251697469,13.763198486399
80,206_fs1-00009.jpg,132.66782264283,13.8362091949074
81,206_fs1-00009.jpg,132.246350058879,13.9087403853345
82,206_fs1-00009.jpg,131.824823440742,13.9806800882487
83,206_fs1-00009.jpg,131.403232283542,14.0519163342181
84,206_fs1-00009.jpg,130.981566082403,14.1223371538109
85,206_fs1-00009.jpg,130.55981433245,14.1918305775954
86,206_fs1-00009.jpg,130.137966528807,14.2602846361397
87,206_fs1-00009.jpg,129.716012166598,14.3275873600121
88,206_fs1-00009.jpg,129.293940740948,14.3936267797807
89,206_fs1-00009.jpg,128.87174174698,14.4582909260138
90,206_fs1-00009.jpg,128.44940467982,14.5214678292796
91,206_fs1-00009.jpg,128.02691903459,14.5830455201463
92,206_fs1-00009.jpg,127.604274306416,14.6429120291821
93,206_fs1-00009.jpg,127.181459990421,14.7009553869552
94,206_fs1-00009.jpg,126.75846558173,14.7570636240338
95,206_fs1-00009.jpg,126.335280575468,14.8111247709861
96,206_fs1-00009.jpg,125.911894466757,14.8630268583804
97,206_fs1-00009.jpg,125.488296750724,14.9126579167849
98,206_fs1-00009.jpg,125.06447692249,14.9599059767677
99,206_fs1-00009.jpg,124.640424477182,15.0046590688971
100,206_fs1-00009.jpg,124.216128909924,15.0468052237413
101,206_fs1-00009.jpg,123.791560759644,15.0862682473532
102,206_fs1-00009.jpg,123.366705091959,15.1231278624807
103,206_fs1-00009.jpg,122.941577276951,15.1575062565153
104,206_fs1-00009.jpg,122.51619270463,15.1895256177588
105,206_fs1-00009.jpg,122.090566765003,15.2193081345133
106,206_fs1-00009.jpg,121.66471484808,15.2469759950806
107,206_fs1-00009.jpg,121.238652343869,15.2726513877628
108,206_fs1-00009.jpg,120.812394642379,15.2964565008618
109,206_fs1-00009.jpg,120.385957133618,15.3185135226795
110,206_fs1-00009.jpg,119.959355207596,15.3389446415178
111,206_fs1-00009.jpg,119.532604254322,15.3578720456788
112,206_fs1-00009.jpg,119.105719663803,15.3754179234644
113,206_fs1-00009.jpg,118.678716826048,15.3917044631766
114,206_fs1-00009.jpg,118.251611131067,15.4068538531172
115,206_fs1-00009.jpg,117.824417968869,15.4209882815882
116,206_fs1-00009.jpg,117.397152729461,15.4342299368917
117,206_fs1-00009.jpg,116.969830802852,15.4467010073294
118,206_fs1-00009.jpg,116.542467579052,15.4585236812035
119,206_fs1-00009.jpg,116.115078448068,15.4698201468158
120,206_fs1-00009.jpg,115.687678799911,15.4807125924683
121,206_fs1-00009.jpg,115.260284024587,15.491323206463
122,206_fs1-00009.jpg,114.832909512107,15.5017741771018
123,206_fs1-00009.jpg,114.405570652479,15.5121876926866
124,206_fs1-00009.jpg,113.978282835711,15.5226859415194
125,206_fs1-00009.jpg,113.551061451813,15.5333911119021
126,206_fs1-00009.jpg,113.123921890792,15.5444253921368
127,206_fs1-00009.jpg,112.696879542659,15.5559109705253
128,206_fs1-00009.jpg,112.26994979742,15.5679700353696
129,206_fs1-00009.jpg,111.843148045086,15.5807247749717
130,206_fs1-00009.jpg,111.416479653699,15.5942957108146
131,206_fs1-00009.jpg,110.989854518571,15.608732424341
132,206_fs1-00009.jpg,110.563245296048,15.6239886234944
133,206_fs1-00009.jpg,110.136649065301,15.6400112204639
134,206_fs1-00009.jpg,109.710062905504,15.6567471274383
135,206_fs1-00009.jpg,109.283483895828,15.6741432566067
136,206_fs1-00009.jpg,108.856909115444,15.692146520158
137,206_fs1-00009.jpg,108.430335643525,15.7107038302813
138,206_fs1-00009.jpg,108.003760559243,15.7297620991654
139,206_fs1-00009.jpg,107.57718094177,15.7492682389995
140,206_fs1-00009.jpg,107.150593870277,15.7691691619725
141,206_fs1-00009.jpg,106.723996423937,15.7894117802733
142,206_fs1-00009.jpg,106.297385681921,15.809943006091
143,206_fs1-00009.jpg,105.870758723401,15.8307097516145
144,206_fs1-00009.jpg,105.444112627549,15.8516589290328
145,206_fs1-00009.jpg,105.017444473538,15.872737450535
146,206_fs1-00009.jpg,104.590751340539,15.8938922283099
147,206_fs1-00009.jpg,104.164030307724,15.9150701745466
148,206_fs1-00009.jpg,103.737278454265,15.936218201434
149,206_fs1-00009.jpg,103.310487023601,15.9572823616784
150,206_fs1-00009.jpg,102.883594532539,15.9781668686836
151,206_fs1-00009.jpg,102.456598079669,15.9987161351577
152,206_fs1-00009.jpg,102.029513901286,16.0187699777614
153,206_fs1-00009.jpg,101.602358233683,16.0381682131553
154,206_fs1-00009.jpg,101.175147313154,16.0567506580001
155,206_fs1-00009.jpg,100.747897375994,16.0743571289565
156,206_fs1-00009.jpg,100.320624658496,16.0908274426851
157,206_fs1-00009.jpg,99.8933453969544,16.1060014158467
158,206_fs1-00009.jpg,99.4660758276628,16.1197188651019
159,206_fs1-00009.jpg,99.0388321869152,16.1318196071114
160,206_fs1-00009.jpg,98.6116307110057,16.1421434585358
161,206_fs1-00009.jpg,98.184487636228,16.1505302360359
162,206_fs1-00009.jpg,97.7574191988762,16.1568197562723
163,206_fs1-00009.jpg,97.3304416352443,16.1608518359057
164,206_fs1-00009.jpg,96.903571181626,16.1624662915968
165,206_fs1-00009.jpg,96.4768240743154,16.1615029400062
166,206_fs1-00009.jpg,96.0502165496064,16.1578015977946
167,206_fs1-00009.jpg,95.6237648437929,16.1512020816228
168,206_fs1-00009.jpg,95.1974851931689,16.1415442081513
169,206_fs1-00009.jpg,94.7713901039813,16.1286678024854
170,206_fs1-00009.jpg,94.3449953714686,16.1124275803861
171,206_fs1-00009.jpg,93.9180837566055,16.0927237972987
172,206_fs1-00009.jpg,93.490841213504,16.0694653842911
173,206_fs1-00009.jpg,93.0634536962762,16.0425612724314
174,206_fs1-00009.jpg,92.6361071590339,16.0119203927877
175,206_fs1-00009.jpg,92.2089875558895,15.977451676428
176,206_fs1-00009.jpg,91.7822808409547,15.9390640544204
177,206_fs1-00009.jpg,91.3561729683419,15.8966664578331
178,206_fs1-00009.jpg,90.9308498921628,15.850167817734
179,206_fs1-00009.jpg,90.5064975665296,15.7994770651913
180,206_fs1-00009.jpg,90.0833019455544,15.744503131273
181,206_fs1-00009.jpg,89.6614489833491,15.6851549470472
182,206_fs1-00009.jpg,89.2411246340259,15.6213414435819
183,206_fs1-00009.jpg,88.8223638932668,15.5529715519453
184,206_fs1-00009.jpg,88.4044431196293,15.4799542032054
185,206_fs1-00009.jpg,87.9872515902978,15.4021983284302
186,206_fs1-00009.jpg,87.570802508911,15.3196128586879
187,206_fs1-00009.jpg,87.1551090791073,15.2321067250465
188,206_fs1-00009.jpg,86.7401845045252,15.1395888585741
189,206_fs1-00009.jpg,86.3260419888034,15.0419681903387
190,206_fs1-00009.jpg,85.9126947355801,14.9391536514085
191,206_fs1-00009.jpg,85.5001559484942,14.8310541728515
192,206_fs1-00009.jpg,85.0884388311839,14.7175786857357
193,206_fs1-00009.jpg,84.6775565872879,14.5986361211293
194,206_fs1-00009.jpg,84.2675224204447,14.4741354101003
195,206_fs1-00009.jpg,83.8583495342928,14.3439854837168
196,206_fs1-00009.jpg,83.4500511324708,14.2080952730469
197,206_fs1-00009.jpg,83.0426404186171,14.0663737091586
198,206_fs1-00009.jpg,82.6361305963703,13.91872972312
199,206_fs1-00009.jpg,82.2305348693689,13.7650722459992
200,206_fs1-00009.jpg,81.8258664412514,13.6053102088642
1,206_fs1-00010.jpg,175.959425190195,6.54980161489416
2,206_fs1-00010.jpg,175.538266175637,6.62508184822684
3,206_fs1-00010.jpg,175.117061957207,6.70174139367535
4,206_fs1-00010.jpg,174.695812602086,6.77973968638378
5,206_fs1-00010.jpg,174.274518177459,6.85903616149619
6,206_fs1-00010.jpg,173.853178750508,6.93959025415666
7,206_fs1-00010.jpg,173.431794388417,7.02136139950929
8,206_fs1-00010.jpg,173.010365158369,7.10430903269813
9,206_fs1-00010.jpg,172.588891127547,7.18839258886729
10,206_fs1-00010.jpg,172.167372363135,7.27357150316081
11,206_fs1-00010.jpg,171.745808932316,7.35980521072278
12,206_fs1-00010.jpg,171.324200902272,7.4470531466973
13,206_fs1-00010.jpg,170.902548340188,7.53527474622845
14,206_fs1-00010.jpg,170.480851313247,7.62442944446028
15,206_fs1-00010.jpg,170.059109888631,7.71447667653686
16,206_fs1-00010.jpg,169.637324133525,7.8053758776023
17,206_fs1-00010.jpg,169.215494115111,7.89708648280069
18,206_fs1-00010.jpg,168.793619900572,7.98956792727608
19,206_fs1-00010.jpg,168.371701557093,8.08277964617253
20,206_fs1-00010.jpg,167.949739151855,8.17668107463416
21,206_fs1-00010.jpg,167.527732752043,8.27123164780505
22,206_fs1-00010.jpg,167.10568242484,8.36639080082924
23,206_fs1-00010.jpg,166.683588237428,8.46211796885083
24,206_fs1-00010.jpg,166.261450256992,8.55837258701388
25,206_fs1-00010.jpg,165.839268550714,8.65511409046252
26,206_fs1-00010.jpg,165.417043185778,8.75230191434076
27,206_fs1-00010.jpg,164.994774229366,8.84989549379273
28,206_fs1-00010.jpg,164.572461748663,8.94785426396248
29,206_fs1-00010.jpg,164.150105810852,9.04613765999412
30,206_fs1-00010.jpg,163.727706483115,9.14470511703169
31,206_fs1-00010.jpg,163.305263832636,9.2435160702193
32,206_fs1-00010.jpg,162.882777926598,9.34252995470098
33,206_fs1-00010.jpg,162.460248832185,9.44170620562087
34,206_fs1-00010.jpg,162.03767661658,9.54100425812302
35,206_fs1-00010.jpg,161.615061346965,9.64038354735149
36,206_fs1-00010.jpg,161.192403090525,9.73980350845039
37,206_fs1-00010.jpg,160.769701914442,9.8392235765638
38,206_fs1-00010.jpg,160.3469578859,9.93860318683576
39,206_fs1-00010.jpg,159.924171072082,10.0379017744104
40,206_fs1-00010.jpg,159.501341540172,10.1370787744317
41,206_fs1-00010.jpg,159.078469357352,10.2360936220439
42,206_fs1-00010.jpg,158.655554590806,10.3349057523909
43,206_fs1-00010.jpg,158.232661203749,10.4334746006169
44,206_fs1-00010.jpg,157.809851045873,10.531759601866
45,206_fs1-00010.jpg,157.387113360277,10.6297201912822
46,206_fs1-00010.jpg,156.964437365362,10.7273158040095
47,206_fs1-00010.jpg,156.541812279529,10.8245058751922
48,206_fs1-00010.jpg,156.119227321179,10.9212498399742
49,206_fs1-00010.jpg,155.696671708714,11.0175071334997
50,206_fs1-00010.jpg,155.274134660534,11.1132371909126
51,206_fs1-00010.jpg,154.85160539504,11.2083994473572
52,206_fs1-00010.jpg,154.429073130633,11.3029533379774
53,206_fs1-00010.jpg,154.006527085714,11.3968582979174
54,206_fs1-00010.jpg,153.583956478685,11.4900737623212
55,206_fs1-00010.jpg,153.161350527945,11.5825591663329
56,206_fs1-00010.jpg,152.738698451897,11.6742739450966
57,206_fs1-00010.jpg,152.315989468941,11.7651775337563
58,206_fs1-00010.jpg,151.893212797478,11.8552293674562
59,206_fs1-00010.jpg,151.470357655909,11.9443888813403
60,206_fs1-00010.jpg,151.047413262635,12.0326155105527
61,206_fs1-00010.jpg,150.624368836057,12.1198686902376
62,206_fs1-00010.jpg,150.201213594577,12.2061078555388
63,206_fs1-00010.jpg,149.777936756594,12.2912924416005
64,206_fs1-00010.jpg,149.354527540511,12.3753818835669
65,206_fs1-00010.jpg,148.930975164727,12.458335616582
66,206_fs1-00010.jpg,148.507268847645,12.5401130757899
67,206_fs1-00010.jpg,148.083397807665,12.6206736963345
68,206_fs1-00010.jpg,147.659351263188,12.6999769133602
69,206_fs1-00010.jpg,147.235118432615,12.7779821620108
70,206_fs1-00010.jpg,146.810688534347,12.8546488774305
71,206_fs1-00010.jpg,146.386050786785,12.9299364947633
72,206_fs1-00010.jpg,145.96119440833,13.0038044491534
73,206_fs1-00010.jpg,145.536108617383,13.0762121757448
74,206_fs1-00010.jpg,145.110782632345,13.1471191096816
75,206_fs1-00010.jpg,144.685205671617,13.2164846861079
76,206_fs1-00010.jpg,144.2593669536,13.2842683401677
77,206_fs1-00010.jpg,143.833255696695,13.3504295070052
78,206_fs1-00010.jpg,143.406861119303,13.4149276217643
79,206_fs1-00010.jpg,142.980172439825,13.4777221195893
80,206_fs1-00010.jpg,142.553178876662,13.5387724356241
81,206_fs1-00010.jpg,142.125865464279,13.5980381203667
82,206_fs1-00010.jpg,141.698145219654,13.6554913219184
83,206_fs1-00010.jpg,141.27000510482,13.7111279553304
84,206_fs1-00010.jpg,140.841468921044,13.7649465711732
85,206_fs1-00010.jpg,140.412560469593,13.8169457200171
86,206_fs1-00010.jpg,139.983303551734,13.8671239524326
87,206_fs1-00010.jpg,139.553721968734,13.9154798189899
88,206_fs1-00010.jpg,139.123839521859,13.9620118702595
89,206_fs1-00010.jpg,138.693680012376,14.0067186568116
90,206_fs1-00010.jpg,138.263267241552,14.0495987292168
91,206_fs1-00010.jpg,137.832625010653,14.0906506380453
92,206_fs1-00010.jpg,137.401777120948,14.1298729338675
93,206_fs1-00010.jpg,136.970747373701,14.1672641672539
94,206_fs1-00010.jpg,136.53955957018,14.2028228887746
95,206_fs1-00010.jpg,136.108237511652,14.2365476490003
96,206_fs1-00010.jpg,135.676804999384,14.2684369985011
97,206_fs1-00010.jpg,135.245285834642,14.2984894878475
98,206_fs1-00010.jpg,134.813703818694,14.3267036676099
99,206_fs1-00010.jpg,134.382082752805,14.3530780883586
100,206_fs1-00010.jpg,133.950446438243,14.3776113006639
101,206_fs1-00010.jpg,133.518818676274,14.4003018550963
102,206_fs1-00010.jpg,133.087223268166,14.4211483022262
103,206_fs1-00010.jpg,132.655684015184,14.4401491926238
104,206_fs1-00010.jpg,132.224224718597,14.4573030768596
105,206_fs1-00010.jpg,131.79286917967,14.4726085055039
106,206_fs1-00010.jpg,131.361637726068,14.4860640940342
107,206_fs1-00010.jpg,130.930298516799,14.4977116287879
108,206_fs1-00010.jpg,130.49871590252,14.5077107632064
109,206_fs1-00010.jpg,130.066912140715,14.5162410816546
110,206_fs1-00010.jpg,129.634909488868,14.5234821684977
111,206_fs1-00010.jpg,129.202730204466,14.5296136081004
112,206_fs1-00010.jpg,128.770396544992,14.5348149848279
113,206_fs1-00010.jpg,128.337930767931,14.5392658830451
114,206_fs1-00010.jpg,127.905355130769,14.543145887117
115,206_fs1-00010.jpg,127.47269189099,14.5466345814086
116,206_fs1-00010.jpg,127.03996330608,14.5499115502849
117,206_fs1-00010.jpg,126.607191633522,14.5531563781109
118,206_fs1-00010.jpg,126.174399130802,14.5565486492516
119,206_fs1-00010.jpg,125.741608055404,14.5602679480719
120,206_fs1-00010.jpg,125.308840664814,14.5644938589369
121,206_fs1-00010.jpg,124.876119216517,14.5694059662115
122,206_fs1-00010.jpg,124.443465967996,14.5751838542608
123,206_fs1-00010.jpg,124.010903176738,14.5820071074496
124,206_fs1-00010.jpg,123.578453100226,14.5900553101431
125,206_fs1-00010.jpg,123.146137995946,14.5995080467062
126,206_fs1-00010.jpg,122.713980121383,14.6105449015039
127,206_fs1-00010.jpg,122.282001734021,14.6233454589012
128,206_fs1-00010.jpg,121.850225091346,14.6380893032631
129,206_fs1-00010.jpg,121.418672450841,14.6549560189546
130,206_fs1-00010.jpg,120.987366069993,14.6741251903405
131,206_fs1-00010.jpg,120.556328206285,14.6957764017861
132,206_fs1-00010.jpg,120.125581117204,14.7200892376561
133,206_fs1-00010.jpg,119.695147060232,14.7472432823158
134,206_fs1-00010.jpg,119.265048292857,14.7774181201299
135,206_fs1-00010.jpg,118.835307072561,14.8107933354635
136,206_fs1-00010.jpg,118.405945532093,14.8475484987559
137,206_fs1-00010.jpg,117.976944290934,14.8877989078957
138,206_fs1-00010.jpg,117.548265256323,14.9314474372205
139,206_fs1-00010.jpg,117.119891382422,14.9783531364427
140,206_fs1-00010.jpg,116.691805623389,15.0283750552752
141,206_fs1-00010.jpg,116.263990933386,15.0813722434306
142,206_fs1-00010.jpg,115.836430266572,15.1372037506216
143,206_fs1-00010.jpg,115.409106577107,15.1957286265609
144,206_fs1-00010.jpg,114.982002819151,15.256805920961
145,206_fs1-00010.jpg,114.555101946866,15.3202946835348
146,206_fs1-00010.jpg,114.12838691441,15.3860539639948
147,206_fs1-00010.jpg,113.701840675944,15.4539428120538
148,206_fs1-00010.jpg,113.275446185627,15.5238202774245
149,206_fs1-00010.jpg,112.849186397621,15.5955454098194
150,206_fs1-00010.jpg,112.423044266085,15.6689772589514
151,206_fs1-00010.jpg,111.99700274518,15.743974874533
152,206_fs1-00010.jpg,111.571044789065,15.8203973062769
153,206_fs1-00010.jpg,111.1451533519,15.8981036038959
154,206_fs1-00010.jpg,110.719311387846,15.9769528171025
155,206_fs1-00010.jpg,110.293501851063,16.0568039956095
156,206_fs1-00010.jpg,109.867707695711,16.1375161891296
157,206_fs1-00010.jpg,109.44191187595,16.2189484473753
158,206_fs1-00010.jpg,109.01609734594,16.3009598200595
159,206_fs1-00010.jpg,108.590247059842,16.3834093568947
160,206_fs1-00010.jpg,108.164343971815,16.4661561075937
161,206_fs1-00010.jpg,107.738617478391,16.549054464177
162,206_fs1-00010.jpg,107.313287128755,16.6319388371664
163,206_fs1-00010.jpg,106.888284535779,16.7146382798994
164,206_fs1-00010.jpg,106.463541167129,16.7969818456499
165,206_fs1-00010.jpg,106.03898849047,16.878798587692
166,206_fs1-00010.jpg,105.614557973467,16.9599175592997
167,206_fs1-00010.jpg,105.190181083787,17.0401678137469
168,206_fs1-00010.jpg,104.765789289094,17.1193784043076
169,206_fs1-00010.jpg,104.341314057053,17.1973783842558
170,206_fs1-00010.jpg,103.916686855331,17.2739968068655
171,206_fs1-00010.jpg,103.491839151593,17.3490627254107
172,206_fs1-00010.jpg,103.066702413504,17.4224051931653
173,206_fs1-00010.jpg,102.641208108729,17.4938532634035
174,206_fs1-00010.jpg,102.215287704934,17.563235989399
175,206_fs1-00010.jpg,101.788872669784,17.630382424426
176,206_fs1-00010.jpg,101.361894470945,17.6951216217583
177,206_fs1-00010.jpg,100.93429902019,17.7572838651123
178,206_fs1-00010.jpg,100.506168833689,17.8167381646913
179,206_fs1-00010.jpg,100.077564985482,17.8733991244987
180,206_fs1-00010.jpg,99.6485305571385,17.9271839639263
181,206_fs1-00010.jpg,99.2191086302319,17.9780099023663
182,206_fs1-00010.jpg,98.7893422863336,18.0257941592107
183,206_fs1-00010.jpg,98.3592746070155,18.0704539538516
184,206_fs1-00010.jpg,97.9289486738493,18.111906505681
185,206_fs1-00010.jpg,97.4984075684069,18.150069034091
186,206_fs1-00010.jpg,97.06769437226,18.1848587584736
187,206_fs1-00010.jpg,96.6368521669805,18.216192898221
188,206_fs1-00010.jpg,96.2059240341403,18.243988672725
189,206_fs1-00010.jpg,95.774953055311,18.2681633013778
190,206_fs1-00010.jpg,95.3439018112927,18.2886340035715
191,206_fs1-00010.jpg,94.9126518247092,18.305317998698
192,206_fs1-00010.jpg,94.4812036651505,18.3181325061495
193,206_fs1-00010.jpg,94.0495601590244,18.326994745318
194,206_fs1-00010.jpg,93.6177241327388,18.3318219355956
195,206_fs1-00010.jpg,93.1856984127015,18.3325312963742
196,206_fs1-00010.jpg,92.7534858253205,18.329040047046
197,206_fs1-00010.jpg,92.3210891970036,18.3212654070031
198,206_fs1-00010.jpg,91.8885113541586,18.3091245956373
199,206_fs1-00010.jpg,91.4557551231934,18.2925348323409
200,206_fs1-00010.jpg,91.0228233305159,18.2714133365059
1,206_fs1-00011.jpg,188.222034375881,4.0251467825469
2,206_fs1-00011.jpg,187.767825683013,4.14230045985994
3,206_fs1-00011.jpg,187.31344344266,4.25969607001792
4,206_fs1-00011.jpg,186.858887583268,4.3773101225768
5,206_fs1-00011.jpg,186.404158033282,4.49511912709247
6,206_fs1-00011.jpg,185.949254721151,4.61309959312086
7,206_fs1-00011.jpg,185.494177575319,4.73122803021792
8,206_fs1-00011.jpg,185.038926524233,4.84948094793955
9,206_fs1-00011.jpg,184.583501496341,4.96783485584172
10,206_fs1-00011.jpg,184.127902420087,5.0862662634803
11,206_fs1-00011.jpg,183.67212922392,5.20475168041128
12,206_fs1-00011.jpg,183.216181836284,5.32326761619055
13,206_fs1-00011.jpg,182.760060185626,5.44179058037403
14,206_fs1-00011.jpg,182.303764200394,5.56029708251768
15,206_fs1-00011.jpg,181.847293809033,5.67876363217738
16,206_fs1-00011.jpg,181.390648939989,5.79716673890911
17,206_fs1-00011.jpg,180.93382952171,5.91548291226877
18,206_fs1-00011.jpg,180.47683548264,6.03368866181231
19,206_fs1-00011.jpg,180.019666751228,6.15176049709564
20,206_fs1-00011.jpg,179.562323255919,6.26967492767466
21,206_fs1-00011.jpg,179.10480492516,6.38740846310534
22,206_fs1-00011.jpg,178.647111687397,6.50493761294359
23,206_fs1-00011.jpg,178.189243471077,6.62223888674535
24,206_fs1-00011.jpg,177.731200204645,6.73928879406654
25,206_fs1-00011.jpg,177.272981816549,6.85606384446308
26,206_fs1-00011.jpg,176.814588235234,6.97254054749092
27,206_fs1-00011.jpg,176.356019389148,7.08869541270596
28,206_fs1-00011.jpg,175.897275206736,7.20450494966414
29,206_fs1-00011.jpg,175.438355616445,7.31994566792139
30,206_fs1-00011.jpg,174.979260546722,7.43499407703365
31,206_fs1-00011.jpg,174.519989926012,7.54962668655682
32,206_fs1-00011.jpg,174.060543682763,7.66382000604685
33,206_fs1-00011.jpg,173.60092174542,7.77755054505963
34,206_fs1-00011.jpg,173.14112404243,7.89079481315113
35,206_fs1-00011.jpg,172.68115050224,8.00352931987729
36,206_fs1-00011.jpg,172.221001053296,8.11573057479399
37,206_fs1-00011.jpg,171.760675624043,8.22737508745718
38,206_fs1-00011.jpg,171.30017414293,8.33843936742278
39,206_fs1-00011.jpg,170.839496538401,8.44889992424675
40,206_fs1-00011.jpg,170.378642738905,8.55873326748497
41,206_fs1-00011.jpg,169.917612672885,8.66791590669339
42,206_fs1-00011.jpg,169.456406268791,8.77642435142795
43,206_fs1-00011.jpg,168.995023455067,8.88423511124455
44,206_fs1-00011.jpg,168.53346416016,8.99132469569915
45,206_fs1-00011.jpg,168.071728312516,9.09766961434767
46,206_fs1-00011.jpg,167.609815840583,9.20324637674599
47,206_fs1-00011.jpg,167.147726672806,9.30803149245011
48,206_fs1-00011.jpg,166.685460737631,9.41200147101591
49,206_fs1-00011.jpg,166.222996592002,9.51513282199934
50,206_fs1-00011.jpg,165.760288866087,9.61740205495633
51,206_fs1-00011.jpg,165.297340325543,9.71878567944276
52,206_fs1-00011.jpg,164.834155544547,9.81926020501464
53,206_fs1-00011.jpg,164.370739097275,9.91880214122781
54,206_fs1-00011.jpg,163.907095557906,10.0173879976383
55,206_fs1-00011.jpg,163.443229500615,10.1149942838019
56,206_fs1-00011.jpg,162.97914549958,10.2115975092747
57,206_fs1-00011.jpg,162.514848128977,10.3071741836125
58,206_fs1-00011.jpg,162.050341962983,10.4017008163712
59,206_fs1-00011.jpg,161.585631575776,10.4951539171069
60,206_fs1-00011.jpg,161.120721541531,10.5875099953754
61,206_fs1-00011.jpg,160.655616434427,10.6787455607327
62,206_fs1-00011.jpg,160.190320828639,10.7688371227346
63,206_fs1-00011.jpg,159.724839298345,10.8577611909371
64,206_fs1-00011.jpg,159.259176417722,10.9454942748962
65,206_fs1-00011.jpg,158.793336760946,11.0320128841678
66,206_fs1-00011.jpg,158.327324902194,11.1172935283077
67,206_fs1-00011.jpg,157.861145415644,11.201312716872
68,206_fs1-00011.jpg,157.394802875472,11.2840469594165
69,206_fs1-00011.jpg,156.928301855854,11.3654727654971
70,206_fs1-00011.jpg,156.461646930969,11.44556664467
71,206_fs1-00011.jpg,155.994842674992,11.5243051064908
72,206_fs1-00011.jpg,155.527893662101,11.6016646605156
73,206_fs1-00011.jpg,155.060804466473,11.6776218163002
74,206_fs1-00011.jpg,154.593579662284,11.7521530834007
75,206_fs1-00011.jpg,154.126223823711,11.8252349713729
76,206_fs1-00011.jpg,153.658741524931,11.8968439897728
77,206_fs1-00011.jpg,153.191137340121,11.9669566481563
78,206_fs1-00011.jpg,152.723415843458,12.0355494560793
79,206_fs1-00011.jpg,152.25558160912,12.1025989230978
80,206_fs1-00011.jpg,151.787639211281,12.1680815587676
81,206_fs1-00011.jpg,151.31959322412,12.2319738726448
82,206_fs1-00011.jpg,150.851448221814,12.2942523742852
83,206_fs1-00011.jpg,150.383208778539,12.3548935732447
84,206_fs1-00011.jpg,149.914879468472,12.4138739790794
85,206_fs1-00011.jpg,149.446464865791,12.4711701013451
86,206_fs1-00011.jpg,148.977969544671,12.5267584495977
87,206_fs1-00011.jpg,148.50939807929,12.5806155333931
88,206_fs1-00011.jpg,148.040755043825,12.6327178622874
89,206_fs1-00011.jpg,147.572045012452,12.6830419458365
90,206_fs1-00011.jpg,147.103272559349,12.7315642935961
91,206_fs1-00011.jpg,146.634442258692,12.7782614151224
92,206_fs1-00011.jpg,146.165558684659,12.8231098199712
93,206_fs1-00011.jpg,145.696626411426,12.8660860176984
94,206_fs1-00011.jpg,145.227650013169,12.90716651786
95,206_fs1-00011.jpg,144.758634064067,12.9463278300119
96,206_fs1-00011.jpg,144.289583138295,12.98354646371
97,206_fs1-00011.jpg,143.820501810031,13.0187989285103
98,206_fs1-00011.jpg,143.351375783967,13.0520627549673
99,206_fs1-00011.jpg,142.881944476345,13.0833851999394
100,206_fs1-00011.jpg,142.412142132585,13.1129267676094
101,206_fs1-00011.jpg,141.941993046286,13.1408583344235
102,206_fs1-00011.jpg,141.471521511045,13.167350776828
103,206_fs1-00011.jpg,141.00075182046,13.1925749712692
104,206_fs1-00011.jpg,140.529708268129,13.2167017941935
105,206_fs1-00011.jpg,140.05841514765,13.2399021220471
106,206_fs1-00011.jpg,139.58689675262,13.2623468312762
107,206_fs1-00011.jpg,139.115177376638,13.2842067983272
108,206_fs1-00011.jpg,138.6432813133,13.3056528996464
109,206_fs1-00011.jpg,138.171232856206,13.3268560116801
110,206_fs1-00011.jpg,137.699056298952,13.3479870108745
111,206_fs1-00011.jpg,137.226775935136,13.3692167736759
112,206_fs1-00011.jpg,136.754416058357,13.3907161765307
113,206_fs1-00011.jpg,136.282000962211,13.4126560958851
114,206_fs1-00011.jpg,135.809554940298,13.4352074081853
115,206_fs1-00011.jpg,135.337102286214,13.4585409898778
116,206_fs1-00011.jpg,134.864667293557,13.4828277174087
117,206_fs1-00011.jpg,134.392274255925,13.5082384672245
118,206_fs1-00011.jpg,133.919947466916,13.5349441157712
119,206_fs1-00011.jpg,133.447711220128,13.5631155394953
120,206_fs1-00011.jpg,132.975589809158,13.5929236148431
121,206_fs1-00011.jpg,132.503607527604,13.6245392182607
122,206_fs1-00011.jpg,132.031788669064,13.6581332261946
123,206_fs1-00011.jpg,131.560157527136,13.693876515091
124,206_fs1-00011.jpg,131.088738395418,13.7319399613962
125,206_fs1-00011.jpg,130.617555567507,13.7724944415564
126,206_fs1-00011.jpg,130.146633337001,13.8157108320181
127,206_fs1-00011.jpg,129.675995997498,13.8617600092273
128,206_fs1-00011.jpg,129.205667842596,13.9108128496306
129,206_fs1-00011.jpg,128.735673165892,13.963040229674
130,206_fs1-00011.jpg,128.266036260984,14.018613025804
131,206_fs1-00011.jpg,127.79678142147,14.0777021144668
132,206_fs1-00011.jpg,127.327936674985,14.1404767952958
133,206_fs1-00011.jpg,126.859584533707,14.2069338875643
134,206_fs1-00011.jpg,126.391717438993,14.2767446525131
135,206_fs1-00011.jpg,125.924291496963,14.3495442294271
136,206_fs1-00011.jpg,125.457262813737,14.4249677575907
137,206_fs1-00011.jpg,124.990587495436,14.5026503762888
138,206_fs1-00011.jpg,124.524221648178,14.5822272248059
139,206_fs1-00011.jpg,124.058121378084,14.6633334424268
140,206_fs1-00011.jpg,123.592242791274,14.7456041684362
141,206_fs1-00011.jpg,123.126541993868,14.8286745421187
142,206_fs1-00011.jpg,122.660975091985,14.9121797027591
143,206_fs1-00011.jpg,122.195498191746,14.9957547896419
144,206_fs1-00011.jpg,121.73006739927,15.079034942052
145,206_fs1-00011.jpg,121.264638820678,15.1616552992739
146,206_fs1-00011.jpg,120.799168562089,15.2432510005925
147,206_fs1-00011.jpg,120.333612729624,15.3234571852922
148,206_fs1-00011.jpg,119.867927429402,15.4019089926579
149,206_fs1-00011.jpg,119.402068767543,15.4782415619742
150,206_fs1-00011.jpg,118.935992850167,15.5520900325258
151,206_fs1-00011.jpg,118.469655783395,15.6230895435974
152,206_fs1-00011.jpg,118.003013673345,15.6908752344737
153,206_fs1-00011.jpg,117.536022626138,15.7550822444393
154,206_fs1-00011.jpg,117.068638747894,15.8153457127789
155,206_fs1-00011.jpg,116.600818144733,15.8713007787773
156,206_fs1-00011.jpg,116.132516922775,15.922582581719
157,206_fs1-00011.jpg,115.6631369849,15.9689650537316
158,206_fs1-00011.jpg,115.192060161313,16.0109564996283
159,206_fs1-00011.jpg,114.719586696068,16.0493072038238
160,206_fs1-00011.jpg,114.246023133219,16.0847675992188
161,206_fs1-00011.jpg,113.771676016818,16.1180881187143
162,206_fs1-00011.jpg,113.296851890917,16.1500191952111
163,206_fs1-00011.jpg,112.821857299569,16.1813112616101
164,206_fs1-00011.jpg,112.346998786825,16.2127147508122
165,206_fs1-00011.jpg,111.872582896739,16.2449800957183
166,206_fs1-00011.jpg,111.398916173362,16.2788577292292
167,206_fs1-00011.jpg,110.926305160747,16.3150980842458
168,206_fs1-00011.jpg,110.455056402947,16.354451593669
169,206_fs1-00011.jpg,109.985476444012,16.3976686903997
170,206_fs1-00011.jpg,109.517871827997,16.4454998073386
171,206_fs1-00011.jpg,109.052549098953,16.4986953773868
172,206_fs1-00011.jpg,108.589814800932,16.5580058334451
173,206_fs1-00011.jpg,108.129975477987,16.6241816084143
174,206_fs1-00011.jpg,107.671987972581,16.6979475647741
175,206_fs1-00011.jpg,107.211833616818,16.7797233492569
176,206_fs1-00011.jpg,106.749828537195,16.8697278485827
177,206_fs1-00011.jpg,106.286656199865,16.9681764263283
178,206_fs1-00011.jpg,105.823000070977,17.0752844460706
179,206_fs1-00011.jpg,105.359543616683,17.1912672713863
180,206_fs1-00011.jpg,104.896970303132,17.3163402658523
181,206_fs1-00011.jpg,104.435963596477,17.4507187930454
182,206_fs1-00011.jpg,103.977206962868,17.5946182165424
183,206_fs1-00011.jpg,103.521383868456,17.7482538999201
184,206_fs1-00011.jpg,103.069177779392,17.9118412067554
185,206_fs1-00011.jpg,102.621272161825,18.085595500625
186,206_fs1-00011.jpg,102.178350481908,18.2697321451058
187,206_fs1-00011.jpg,101.741096205792,18.4644665037746
188,206_fs1-00011.jpg,101.310192799626,18.6700139402082
189,206_fs1-00011.jpg,100.886323729562,18.8865898179833
190,206_fs1-00011.jpg,100.47017246175,19.114409500677
191,206_fs1-00011.jpg,100.062422462342,19.3536883518659
192,206_fs1-00011.jpg,99.6637571974881,19.6046417351268
193,206_fs1-00011.jpg,99.2749272050926,19.8674850140366
194,206_fs1-00011.jpg,98.8962853442836,20.1424335521721
195,206_fs1-00011.jpg,98.5270798714719,20.4297027131101
196,206_fs1-00011.jpg,98.166478347227,20.7295078604275
197,206_fs1-00011.jpg,97.8136483321186,21.042064357701
198,206_fs1-00011.jpg,97.4677573867164,21.3675875685074
199,206_fs1-00011.jpg,97.1279730715901,21.7062928564237
200,206_fs1-00011.jpg,96.7934629473093,22.0583955850265
