points,Image,X,Y
1,206_fs2-00001.jpg,60.7044237813467,-49.9285456522655
2,206_fs2-00001.jpg,61.2280042199095,-49.8354797699878
3,206_fs2-00001.jpg,61.7517178286463,-49.7441081181192
4,206_fs2-00001.jpg,62.2755643826799,-49.6544162332819
5,206_fs2-00001.jpg,62.7995436571327,-49.5663896520985
6,206_fs2-00001.jpg,63.3236554271271,-49.4800139111909
7,206_fs2-00001.jpg,63.8478994677857,-49.3952745471817
8,206_fs2-00001.jpg,64.372275554231,-49.312157096693
9,206_fs2-00001.jpg,64.8967834615854,-49.2306470963472
10,206_fs2-00001.jpg,65.4214229649714,-49.1507300827667
11,206_fs2-00001.jpg,65.9461938395116,-49.0723915925737
12,206_fs2-00001.jpg,66.4710958603285,-48.9956171623904
13,206_fs2-00001.jpg,66.9961288025444,-48.9203923288394
14,206_fs2-00001.jpg,67.5212924412821,-48.8467026285429
15,206_fs2-00001.jpg,68.0465865516638,-48.774533598123
16,206_fs2-00001.jpg,68.5720109088122,-48.7038707742022
17,206_fs2-00001.jpg,69.0975652878497,-48.6346996934028
18,206_fs2-00001.jpg,69.6232494638988,-48.5670058923471
19,206_fs2-00001.jpg,70.1490632120821,-48.5007749076574
20,206_fs2-00001.jpg,70.675006307522,-48.4359922759559
21,206_fs2-00001.jpg,71.201078525341,-48.372643533865
22,206_fs2-00001.jpg,71.7272796406615,-48.3107142180071
23,206_fs2-00001.jpg,72.2536094286062,-48.2501898650044
24,206_fs2-00001.jpg,72.7800676642975,-48.1910560114791
25,206_fs2-00001.jpg,73.3066541228579,-48.1332981940537
26,206_fs2-00001.jpg,73.8333685794099,-48.0769019493504
27,206_fs2-00001.jpg,74.3602108090759,-48.0218528139916
28,206_fs2-00001.jpg,74.8871805869786,-47.9681363245995
29,206_fs2-00001.jpg,75.4142776882403,-47.9157380177965
30,206_fs2-00001.jpg,75.9415132589908,-47.8646434302049
31,206_fs2-00001.jpg,76.4689888327617,-47.8148380984469
32,206_fs2-00001.jpg,76.9967162903568,-47.7663075591448
33,206_fs2-00001.jpg,77.5246803892471,-47.7190373489211
34,206_fs2-00001.jpg,78.0528658869035,-47.6730130043981
35,206_fs2-00001.jpg,78.581257540797,-47.6282200621978
36,206_fs2-00001.jpg,79.1098401083988,-47.5846440589428
37,206_fs2-00001.jpg,79.6385983471797,-47.5422705312552
38,206_fs2-00001.jpg,80.1675170146107,-47.5010850157576
39,206_fs2-00001.jpg,80.6965808681628,-47.461073049072
40,206_fs2-00001.jpg,81.225774665307,-47.4222201678209
41,206_fs2-00001.jpg,81.7550831635144,-47.3845119086265
42,206_fs2-00001.jpg,82.2844911202558,-47.3479338081112
43,206_fs2-00001.jpg,82.8139832930024,-47.3124714028972
44,206_fs2-00001.jpg,83.3435444392251,-47.2781102296069
45,206_fs2-00001.jpg,83.8731593163948,-47.2448358248625
46,206_fs2-00001.jpg,84.4028126819826,-47.2126337252865
47,206_fs2-00001.jpg,84.9324892934595,-47.181489467501
48,206_fs2-00001.jpg,85.4621739082964,-47.1513885881285
49,206_fs2-00001.jpg,85.9918512839644,-47.1223166237911
50,206_fs2-00001.jpg,86.5215061779344,-47.0942591111112
51,206_fs2-00001.jpg,87.0511233476774,-47.0672015867112
52,206_fs2-00001.jpg,87.5806875506645,-47.0411295872133
53,206_fs2-00001.jpg,88.1101835443666,-47.0160286492398
54,206_fs2-00001.jpg,88.6395960862547,-46.9918843094131
55,206_fs2-00001.jpg,89.1689099337998,-46.9686821043554
56,206_fs2-00001.jpg,89.6981098444729,-46.9464075706891
57,206_fs2-00001.jpg,90.227180575745,-46.9250462450364
58,206_fs2-00001.jpg,90.7563327474186,-46.9045467623887
59,206_fs2-00001.jpg,91.2858523630486,-46.8846594593215
60,206_fs2-00001.jpg,91.815684975118,-46.8650683513189
61,206_fs2-00001.jpg,92.3457734110301,-46.8454574067516
62,206_fs2-00001.jpg,92.8760604981878,-46.82551059399
63,206_fs2-00001.jpg,93.4064890639946,-46.8049118814045
64,206_fs2-00001.jpg,93.9370019358534,-46.7833452373656
65,206_fs2-00001.jpg,94.4675419411675,-46.7604946302439
66,206_fs2-00001.jpg,94.99805190734,-46.7360440284098
67,206_fs2-00001.jpg,95.5284746617742,-46.7096774002337
68,206_fs2-00001.jpg,96.0587530318731,-46.6810787140862
69,206_fs2-00001.jpg,96.5888298450399,-46.6499319383378
70,206_fs2-00001.jpg,97.1186479286779,-46.6159210413589
71,206_fs2-00001.jpg,97.6481501101902,-46.57872999152
72,206_fs2-00001.jpg,98.1772792169799,-46.5380427571916
73,206_fs2-00001.jpg,98.7059780764502,-46.4935433067443
74,206_fs2-00001.jpg,99.2341895160042,-46.4449156085484
75,206_fs2-00001.jpg,99.7618563630452,-46.3918436309743
76,206_fs2-00001.jpg,100.288921444976,-46.3340113423928
77,206_fs2-00001.jpg,100.815327589201,-46.2711027111742
78,206_fs2-00001.jpg,101.341017623122,-46.202801705689
79,206_fs2-00001.jpg,101.865934374142,-46.1287922943076
80,206_fs2-00001.jpg,102.389995793802,-46.0487670751825
81,206_fs2-00001.jpg,102.912965098667,-45.9627556722733
82,206_fs2-00001.jpg,103.434876648077,-45.8712264127537
83,206_fs2-00001.jpg,103.955830599475,-45.7746770332507
84,206_fs2-00001.jpg,104.475927110302,-45.6736052703916
85,206_fs2-00001.jpg,104.995266338001,-45.5685088608034
86,206_fs2-00001.jpg,105.513948440014,-45.4598855411133
87,206_fs2-00001.jpg,106.032073573784,-45.3482330479485
88,206_fs2-00001.jpg,106.549741896753,-45.234049117936
89,206_fs2-00001.jpg,107.067053566363,-45.1178314877031
90,206_fs2-00001.jpg,107.584108740056,-45.0000778938769
91,206_fs2-00001.jpg,108.101007575275,-44.8812860730845
92,206_fs2-00001.jpg,108.617850229462,-44.761953761953
93,206_fs2-00001.jpg,109.134736860059,-44.6425786971097
94,206_fs2-00001.jpg,109.651767624509,-44.5236586151815
95,206_fs2-00001.jpg,110.169042680253,-44.4056912527958
96,206_fs2-00001.jpg,110.686662184734,-44.2891743465796
97,206_fs2-00001.jpg,111.204726295395,-44.17460563316
98,206_fs2-00001.jpg,111.723335169677,-44.0624828491642
99,206_fs2-00001.jpg,112.242588965023,-43.9533037312194
100,206_fs2-00001.jpg,112.762587838875,-43.8475660159527
101,206_fs2-00001.jpg,113.283431948676,-43.7457674399913
102,206_fs2-00001.jpg,113.805221451867,-43.6484057399621
103,206_fs2-00001.jpg,114.328056490203,-43.5559786523945
104,206_fs2-00001.jpg,114.851819484089,-43.4688511749205
105,206_fs2-00001.jpg,115.37629879968,-43.3868716772006
106,206_fs2-00001.jpg,115.901443255539,-43.3097628576645
107,206_fs2-00001.jpg,116.427201670227,-43.2372474147419
108,206_fs2-00001.jpg,116.953522862306,-43.1690480468624
109,206_fs2-00001.jpg,117.480355650339,-43.1048874524555
110,206_fs2-00001.jpg,118.007648852888,-43.0444883299509
111,206_fs2-00001.jpg,118.535351288515,-42.9875733777783
112,206_fs2-00001.jpg,119.063411775782,-42.9338652943671
113,206_fs2-00001.jpg,119.591779133251,-42.883086778147
114,206_fs2-00001.jpg,120.120402179485,-42.8349605275477
115,206_fs2-00001.jpg,120.649229733044,-42.7892092409987
116,206_fs2-00001.jpg,121.178210612493,-42.7455556169297
117,206_fs2-00001.jpg,121.707293636391,-42.7037223537702
118,206_fs2-00001.jpg,122.236427623303,-42.6634321499498
119,206_fs2-00001.jpg,122.765561391789,-42.6244077038983
120,206_fs2-00001.jpg,123.294643760412,-42.5863717140452
121,206_fs2-00001.jpg,123.823623547735,-42.54904687882
122,206_fs2-00001.jpg,124.352449572318,-42.5121558966525
123,206_fs2-00001.jpg,124.881070652725,-42.4754214659722
124,206_fs2-00001.jpg,125.409435607517,-42.4385662852087
125,206_fs2-00001.jpg,125.937493255257,-42.4013130527918
126,206_fs2-00001.jpg,126.465192414506,-42.3633844671508
127,206_fs2-00001.jpg,126.992684494418,-42.324512956615
128,206_fs2-00001.jpg,127.520382184686,-42.2845099108454
129,206_fs2-00001.jpg,128.048257783418,-42.2432250709265
130,206_fs2-00001.jpg,128.57626579941,-42.2005084321777
131,206_fs2-00001.jpg,129.104360741456,-42.1562099899178
132,206_fs2-00001.jpg,129.632497118352,-42.1101797394658
133,206_fs2-00001.jpg,130.160629438893,-42.0622676761409
134,206_fs2-00001.jpg,130.688712211874,-42.012323795262
135,206_fs2-00001.jpg,131.21669994609,-41.9601980921482
136,206_fs2-00001.jpg,131.744547150335,-41.9057405621185
137,206_fs2-00001.jpg,132.272208333406,-41.8488012004918
138,206_fs2-00001.jpg,132.799638004097,-41.7892300025874
139,206_fs2-00001.jpg,133.326790671204,-41.7268769637242
140,206_fs2-00001.jpg,133.853620843521,-41.6615920792212
141,206_fs2-00001.jpg,134.380083029843,-41.5932253443975
142,206_fs2-00001.jpg,134.906131738965,-41.521626754572
143,206_fs2-00001.jpg,135.431721479684,-41.446646305064
144,206_fs2-00001.jpg,135.956806760793,-41.3681339911923
145,206_fs2-00001.jpg,136.481342091088,-41.285939808276
146,206_fs2-00001.jpg,137.005298192549,-41.1999746659557
147,206_fs2-00001.jpg,137.528708821203,-41.1105438632727
148,206_fs2-00001.jpg,138.05161760603,-41.0181097694727
149,206_fs2-00001.jpg,138.574067974142,-40.9231351584606
150,206_fs2-00001.jpg,139.09610335265,-40.8260828041412
151,206_fs2-00001.jpg,139.617767168666,-40.7274154804193
152,206_fs2-00001.jpg,140.139102849299,-40.6275959611996
153,206_fs2-00001.jpg,140.660153821663,-40.5270870203872
154,206_fs2-00001.jpg,141.180963512867,-40.4263514318867
155,206_fs2-00001.jpg,141.701575350024,-40.325851969603
156,206_fs2-00001.jpg,142.222032760244,-40.2260514074409
157,206_fs2-00001.jpg,142.742379170638,-40.1274125193053
158,206_fs2-00001.jpg,143.262658008319,-40.030398079101
159,206_fs2-00001.jpg,143.782912700396,-39.9354708607327
160,206_fs2-00001.jpg,144.303186673982,-39.8430936381054
161,206_fs2-00001.jpg,144.824815805051,-39.7535929229554
162,206_fs2-00001.jpg,145.34964603392,-39.6664483517421
163,206_fs2-00001.jpg,145.877054486455,-39.58081470658
164,206_fs2-00001.jpg,146.406378559916,-39.4958461028585
165,206_fs2-00001.jpg,146.936955651564,-39.4106966559668
166,206_fs2-00001.jpg,147.46812315866,-39.3245204812943
167,206_fs2-00001.jpg,147.999218478463,-39.2364716942303
168,206_fs2-00001.jpg,148.529579008233,-39.1457044101642
169,206_fs2-00001.jpg,149.058542145233,-39.0513727444853
170,206_fs2-00001.jpg,149.585445286721,-38.9526308125829
171,206_fs2-00001.jpg,150.109625829958,-38.8486327298464
172,206_fs2-00001.jpg,150.630421172205,-38.7385326116651
173,206_fs2-00001.jpg,151.147168710721,-38.6214845734282
174,206_fs2-00001.jpg,151.659205842768,-38.4966427305252
175,206_fs2-00001.jpg,152.165869965606,-38.3631611983454
176,206_fs2-00001.jpg,152.666498476494,-38.2201940922782
177,206_fs2-00001.jpg,153.160428772695,-38.0668955277129
178,206_fs2-00001.jpg,153.647001676386,-37.9024196214414
179,206_fs2-00001.jpg,154.132018196981,-37.726039798344
180,206_fs2-00001.jpg,154.620125472751,-37.537474560122
181,206_fs2-00001.jpg,155.109797660854,-37.3365461736329
182,206_fs2-00001.jpg,155.599508918447,-37.1230769057346
183,206_fs2-00001.jpg,156.087733402689,-36.8968890232845
184,206_fs2-00001.jpg,156.572945270739,-36.6578047931406
185,206_fs2-00001.jpg,157.053618679755,-36.4056464821603
186,206_fs2-00001.jpg,157.528227786895,-36.1402363572014
187,206_fs2-00001.jpg,157.995246749319,-35.8613966851215
188,206_fs2-00001.jpg,158.453149724183,-35.5689497327784
189,206_fs2-00001.jpg,158.900410868648,-35.2627177670297
190,206_fs2-00001.jpg,159.33550433987,-34.942523054733
191,206_fs2-00001.jpg,159.75690429501,-34.6081878627461
192,206_fs2-00001.jpg,160.163084891224,-34.2595344579267
193,206_fs2-00001.jpg,160.552520285672,-33.8963851071325
194,206_fs2-00001.jpg,160.923684635512,-33.5185620772208
195,206_fs2-00001.jpg,161.275030268419,-33.1258876350498
196,206_fs2-00001.jpg,161.606354617081,-32.7181840474769
197,206_fs2-00001.jpg,161.919642271613,-32.2952735813599
198,206_fs2-00001.jpg,162.217025925309,-31.8569785035563
199,206_fs2-00001.jpg,162.500638271466,-31.4031210809238
200,206_fs2-00001.jpg,162.772612003381,-30.9335235803203
1,206_fs2-00002.jpg,62.124542124542,-46.2016742330862
2,206_fs2-00002.jpg,62.6344428532943,-46.1415687666001
3,206_fs2-00002.jpg,63.1443061432802,-46.0877155477563
4,206_fs2-00002.jpg,63.6541319350079,-46.0399060175808
5,206_fs2-00002.jpg,64.1639201689854,-45.9979316171006
6,206_fs2-00002.jpg,64.6736707857208,-45.9615837873419
7,206_fs2-00002.jpg,65.1833837257225,-45.9306539693312
8,206_fs2-00002.jpg,65.6930589294983,-45.9049336040948
9,206_fs2-00002.jpg,66.2026963375565,-45.8842141326596
10,206_fs2-00002.jpg,66.7122958904051,-45.8682869960518
11,206_fs2-00002.jpg,67.2218575285522,-45.8569436352977
12,206_fs2-00002.jpg,67.7313811925061,-45.8499754914242
13,206_fs2-00002.jpg,68.2408668227747,-45.8471740054575
14,206_fs2-00002.jpg,68.7503143598663,-45.8483306184241
15,206_fs2-00002.jpg,69.2597237442889,-45.8532367713505
16,206_fs2-00002.jpg,69.7690949165506,-45.8616839052631
17,206_fs2-00002.jpg,70.2784278171596,-45.8734634611885
18,206_fs2-00002.jpg,70.7877223866239,-45.8883668801532
19,206_fs2-00002.jpg,71.2969785654518,-45.9061856031835
20,206_fs2-00002.jpg,71.8061962941512,-45.9267110713059
21,206_fs2-00002.jpg,72.3153755132304,-45.949734725547
22,206_fs2-00002.jpg,72.8245161631974,-45.9750480069332
23,206_fs2-00002.jpg,73.3336181845604,-46.002442356491
24,206_fs2-00002.jpg,73.8426771594079,-46.0317092152468
25,206_fs2-00002.jpg,74.3516434631525,-46.0626400242272
26,206_fs2-00002.jpg,74.8605106081475,-46.0950262244586
27,206_fs2-00002.jpg,75.3692881663367,-46.1286592569674
28,206_fs2-00002.jpg,75.8779857096634,-46.1633305627801
29,206_fs2-00002.jpg,76.3866128100715,-46.1988315829233
30,206_fs2-00002.jpg,76.8951790395043,-46.2349537584233
31,206_fs2-00002.jpg,77.4036939699055,-46.2714885303068
32,206_fs2-00002.jpg,77.9121671732187,-46.3082273396
33,206_fs2-00002.jpg,78.4206082213874,-46.3449616273296
34,206_fs2-00002.jpg,78.9290266863553,-46.3814828345219
35,206_fs2-00002.jpg,79.4374321400658,-46.4175824022035
36,206_fs2-00002.jpg,79.9458341544626,-46.4530517714007
37,206_fs2-00002.jpg,80.4542423014892,-46.4876823831403
38,206_fs2-00002.jpg,80.9626661530893,-46.5212656784485
39,206_fs2-00002.jpg,81.4711152812064,-46.5535930983517
40,206_fs2-00002.jpg,81.9795992577841,-46.5844560838766
41,206_fs2-00002.jpg,82.4881276547659,-46.6136460760497
42,206_fs2-00002.jpg,82.9967100440956,-46.6409545158972
43,206_fs2-00002.jpg,83.5053559977164,-46.6661728444458
44,206_fs2-00002.jpg,84.0140750875722,-46.6890925027219
45,206_fs2-00002.jpg,84.5228768856065,-46.709504931752
46,206_fs2-00002.jpg,85.0317709637628,-46.7272015725625
47,206_fs2-00002.jpg,85.5407668939848,-46.74197386618
48,206_fs2-00002.jpg,86.0498728472566,-46.7536684941953
49,206_fs2-00002.jpg,86.5590845927293,-46.7623912765008
50,206_fs2-00002.jpg,87.0683925805925,-46.7683239550721
51,206_fs2-00002.jpg,87.5777872564635,-46.7716482815898
52,206_fs2-00002.jpg,88.0872590659598,-46.7725460077344
53,206_fs2-00002.jpg,88.5967984546986,-46.7711988851864
54,206_fs2-00002.jpg,89.1063958682973,-46.7677886656267
55,206_fs2-00002.jpg,89.6160417523734,-46.7624971007355
56,206_fs2-00002.jpg,90.1257265525442,-46.7555059421935
57,206_fs2-00002.jpg,90.6354407144271,-46.7469969416813
58,206_fs2-00002.jpg,91.1451746836394,-46.7371518508795
59,206_fs2-00002.jpg,91.6549189057985,-46.7261524214688
60,206_fs2-00002.jpg,92.1646638265218,-46.7141804051295
61,206_fs2-00002.jpg,92.6743998914266,-46.7014175535423
62,206_fs2-00002.jpg,93.1841175461304,-46.6880456183878
63,206_fs2-00002.jpg,93.6938072362504,-46.6742463513466
64,206_fs2-00002.jpg,94.2034594074041,-46.6602015040992
65,206_fs2-00002.jpg,94.7130645052089,-46.6460928283262
66,206_fs2-00002.jpg,95.222612975282,-46.6321020757083
67,206_fs2-00002.jpg,95.7320952632409,-46.6184109979258
68,206_fs2-00002.jpg,96.241501814703,-46.6052013466596
69,206_fs2-00002.jpg,96.7508230752856,-46.59265487359
70,206_fs2-00002.jpg,97.260049490606,-46.5809533303977
71,206_fs2-00002.jpg,97.7691715062817,-46.5702784687634
72,206_fs2-00002.jpg,98.2781909754693,-46.5608114700798
73,206_fs2-00002.jpg,98.7875776653902,-46.5525532403802
74,206_fs2-00002.jpg,99.297510797934,-46.5450684425773
75,206_fs2-00002.jpg,99.8078921356822,-46.5378570520053
76,206_fs2-00002.jpg,100.318623441216,-46.5304190439982
77,206_fs2-00002.jpg,100.829606477118,-46.5222543938904
78,206_fs2-00002.jpg,101.340743005969,-46.5128630770159
79,206_fs2-00002.jpg,101.85193479035,-46.5017450687092
80,206_fs2-00002.jpg,102.363083592843,-46.4884003443042
81,206_fs2-00002.jpg,102.87409117603,-46.4723288791351
82,206_fs2-00002.jpg,103.384859302491,-46.4530306485364
83,206_fs2-00002.jpg,103.89528973481,-46.430005627842
84,206_fs2-00002.jpg,104.405284235566,-46.4027537923862
85,206_fs2-00002.jpg,104.914744567342,-46.3707751175033
86,206_fs2-00002.jpg,105.42357249272,-46.3335695785273
87,206_fs2-00002.jpg,105.93166977428,-46.2906371507925
88,206_fs2-00002.jpg,106.438938174604,-46.241477809633
89,206_fs2-00002.jpg,106.945279456274,-46.1855915303832
90,206_fs2-00002.jpg,107.450595381871,-46.1224782883772
91,206_fs2-00002.jpg,107.954787713977,-46.0516380589492
92,206_fs2-00002.jpg,108.457758215174,-45.9725708174333
93,206_fs2-00002.jpg,108.959408648042,-45.8847765391638
94,206_fs2-00002.jpg,109.459533990852,-45.7877920277226
95,206_fs2-00002.jpg,109.957609572547,-45.6818710813244
96,206_fs2-00002.jpg,110.453772487764,-45.5679189159172
97,206_fs2-00002.jpg,110.948251049653,-45.4468644224801
98,206_fs2-00002.jpg,111.441273571366,-45.3196364919919
99,206_fs2-00002.jpg,111.933068366054,-45.1871640154316
100,206_fs2-00002.jpg,112.423863746871,-45.0503758837782
101,206_fs2-00002.jpg,112.913888026967,-44.9102009880105
102,206_fs2-00002.jpg,113.403369519495,-44.7675682191075
103,206_fs2-00002.jpg,113.892536537605,-44.6234064680482
104,206_fs2-00002.jpg,114.381617394449,-44.4786446258114
105,206_fs2-00002.jpg,114.870840403181,-44.3342115833763
106,206_fs2-00002.jpg,115.36043387695,-44.1910362317215
107,206_fs2-00002.jpg,115.850626128909,-44.0500474618261
108,206_fs2-00002.jpg,116.34164547221,-43.9121741646692
109,206_fs2-00002.jpg,116.833720220005,-43.7783452312294
110,206_fs2-00002.jpg,117.327078685444,-43.649489552486
111,206_fs2-00002.jpg,117.821949181681,-43.5265360194176
112,206_fs2-00002.jpg,118.318560021866,-43.4104135230034
113,206_fs2-00002.jpg,118.817133457387,-43.302050313722
114,206_fs2-00002.jpg,119.317418637908,-43.2020077453145
115,206_fs2-00002.jpg,119.819086969919,-43.1098667401421
116,206_fs2-00002.jpg,120.322007693123,-43.0250462033009
117,206_fs2-00002.jpg,120.826050047222,-42.9469650398869
118,206_fs2-00002.jpg,121.331083271917,-42.8750421549962
119,206_fs2-00002.jpg,121.83697660691,-42.8086964537249
120,206_fs2-00002.jpg,122.343599291902,-42.7473468411691
121,206_fs2-00002.jpg,122.850820566597,-42.6904122224247
122,206_fs2-00002.jpg,123.358509670695,-42.6373115025879
123,206_fs2-00002.jpg,123.866535843898,-42.5874635867547
124,206_fs2-00002.jpg,124.374768325909,-42.540287380021
125,206_fs2-00002.jpg,124.883076356428,-42.4952017874831
126,206_fs2-00002.jpg,125.391329175159,-42.451625714237
127,206_fs2-00002.jpg,125.899396021802,-42.4089780653787
128,206_fs2-00002.jpg,126.407146136059,-42.3666777460044
129,206_fs2-00002.jpg,126.914448757633,-42.32414366121
130,206_fs2-00002.jpg,127.421173126225,-42.2807947160915
131,206_fs2-00002.jpg,127.927188481537,-42.2360498157451
132,206_fs2-00002.jpg,128.432817990139,-42.1894139115877
133,206_fs2-00002.jpg,128.938526125292,-42.1407765901034
134,206_fs2-00002.jpg,129.444293101975,-42.0901348698644
135,206_fs2-00002.jpg,129.950098489922,-42.0374857743268
136,206_fs2-00002.jpg,130.455921858867,-41.9828263269471
137,206_fs2-00002.jpg,130.961742778544,-41.9261535511815
138,206_fs2-00002.jpg,131.467540818687,-41.8674644704864
139,206_fs2-00002.jpg,131.97329554903,-41.8067561083182
140,206_fs2-00002.jpg,132.478986539308,-41.7440254881329
141,206_fs2-00002.jpg,132.984593359254,-41.6792696333872
142,206_fs2-00002.jpg,133.490095578602,-41.6124855675372
143,206_fs2-00002.jpg,133.995472767087,-41.5436703140392
144,206_fs2-00002.jpg,134.500704494442,-41.4728208963496
145,206_fs2-00002.jpg,135.005770330402,-41.3999343379246
146,206_fs2-00002.jpg,135.510649844701,-41.3250076622207
147,206_fs2-00002.jpg,136.015322607072,-41.2480378926941
148,206_fs2-00002.jpg,136.519768187251,-41.1690220528011
149,206_fs2-00002.jpg,137.02396615497,-41.0879571659981
150,206_fs2-00002.jpg,137.527896079964,-41.0048402557413
151,206_fs2-00002.jpg,138.031537531967,-40.9196683454871
152,206_fs2-00002.jpg,138.534870080713,-40.8324384586919
153,206_fs2-00002.jpg,139.037901211273,-40.7431545938837
154,206_fs2-00002.jpg,139.540758086415,-40.6519541171135
155,206_fs2-00002.jpg,140.043452051509,-40.5590942641988
156,206_fs2-00002.jpg,140.545974763274,-40.4648365368392
157,206_fs2-00002.jpg,141.048317878429,-40.3694424367342
158,206_fs2-00002.jpg,141.550473053692,-40.273173465583
159,206_fs2-00002.jpg,142.052431945783,-40.1762911250853
160,206_fs2-00002.jpg,142.554186211421,-40.0790569169403
161,206_fs2-00002.jpg,143.055727507324,-39.9817323428477
162,206_fs2-00002.jpg,143.557047490212,-39.8845789045071
163,206_fs2-00002.jpg,144.058137816803,-39.7878581036175
164,206_fs2-00002.jpg,144.558990143816,-39.6918314418788
165,206_fs2-00002.jpg,145.059596127972,-39.5967604209902
166,206_fs2-00002.jpg,145.559947425987,-39.5029065426512
167,206_fs2-00002.jpg,146.060035694582,-39.4105313085614
168,206_fs2-00002.jpg,146.559852590475,-39.3198962204202
169,206_fs2-00002.jpg,147.059389770385,-39.231262779927
170,206_fs2-00002.jpg,147.558638891032,-39.1448924887814
171,206_fs2-00002.jpg,148.057591609134,-39.0610468486826
172,206_fs2-00002.jpg,148.556284800569,-38.979987063295
173,206_fs2-00002.jpg,149.059275461654,-38.9016298189223
174,206_fs2-00002.jpg,149.568588538777,-38.8248835159405
175,206_fs2-00002.jpg,150.082785624059,-38.7484730673623
176,206_fs2-00002.jpg,150.60042830962,-38.6711233861998
177,206_fs2-00002.jpg,151.120078187581,-38.5915593854656
178,206_fs2-00002.jpg,151.640296850062,-38.5085059781721
179,206_fs2-00002.jpg,152.159645889182,-38.4206880773316
180,206_fs2-00002.jpg,152.676686897062,-38.3268305959566
181,206_fs2-00002.jpg,153.189981465822,-38.2256584470595
182,206_fs2-00002.jpg,153.698091187582,-38.1158965436525
183,206_fs2-00002.jpg,154.199577654463,-37.9962697987482
184,206_fs2-00002.jpg,154.693002458585,-37.8655031253591
185,206_fs2-00002.jpg,155.176927192068,-37.7223214364973
186,206_fs2-00002.jpg,155.649913447031,-37.5654496451754
187,206_fs2-00002.jpg,156.110522815596,-37.3936126644059
188,206_fs2-00002.jpg,156.557316889882,-37.2055354072008
189,206_fs2-00002.jpg,156.98885923247,-36.999942786573
190,206_fs2-00002.jpg,157.408118932264,-36.7755597155347
191,206_fs2-00002.jpg,157.818692126698,-36.5311111070981
192,206_fs2-00002.jpg,158.220603784953,-36.265321874276
193,206_fs2-00002.jpg,158.613878876208,-35.9769169300804
194,206_fs2-00002.jpg,158.998542369643,-35.6646211875241
195,206_fs2-00002.jpg,159.37461923444,-35.3271595596191
196,206_fs2-00002.jpg,159.742134439779,-34.963256959378
197,206_fs2-00002.jpg,160.101112954839,-34.5716382998133
198,206_fs2-00002.jpg,160.451579748802,-34.1510284939372
199,206_fs2-00002.jpg,160.793559790847,-33.7001524547624
200,206_fs2-00002.jpg,161.127078050155,-33.2177350953009
1,206_fs2-00003.jpg,69.4580633042173,-26.1096295256571
2,206_fs2-00003.jpg,69.563663170847,-26.5308412359867
3,206_fs2-00003.jpg,69.6767435590482,-26.9512521965244
4,206_fs2-00003.jpg,69.7970344632603,-27.3707042834759
5,206_fs2-00003.jpg,69.9242658779224,-27.7890393730477
6,206_fs2-00003.jpg,70.0581677974741,-28.2060993414457
7,206_fs2-00003.jpg,70.1984702163546,-28.621726064876
8,206_fs2-00003.jpg,70.3449031290031,-29.0357614195448
9,206_fs2-00003.jpg,70.4971965298591,-29.4480472816582
10,206_fs2-00003.jpg,70.6550804133619,-29.8584255274222
11,206_fs2-00003.jpg,70.8182847739507,-30.2667380330432
12,206_fs2-00003.jpg,70.986539606065,-30.672826674727
13,206_fs2-00003.jpg,71.159574904144,-31.0765333286798
14,206_fs2-00003.jpg,71.3371206626271,-31.4776998711079
15,206_fs2-00003.jpg,71.5189068759536,-31.8761681782172
16,206_fs2-00003.jpg,71.7046635385628,-32.2717801262138
17,206_fs2-00003.jpg,71.8941206448941,-32.6643775913039
18,206_fs2-00003.jpg,72.0870081893867,-33.0538024496938
19,206_fs2-00003.jpg,72.2834342571405,-33.4398965775893
20,206_fs2-00003.jpg,72.488866305832,-33.8225018511965
21,206_fs2-00003.jpg,72.7047298079111,-34.2014601467218
22,206_fs2-00003.jpg,72.9304409544425,-34.5766133403712
23,206_fs2-00003.jpg,73.1654159364909,-34.9478033083507
24,206_fs2-00003.jpg,73.4090709451214,-35.3148719268664
25,206_fs2-00003.jpg,73.6608221713984,-35.6776610721247
26,206_fs2-00003.jpg,73.9200858063867,-36.0360126203313
27,206_fs2-00003.jpg,74.1862780411514,-36.3897684476927
28,206_fs2-00003.jpg,74.4588150667569,-36.7387704304149
29,206_fs2-00003.jpg,74.7371130742681,-37.0828604447038
30,206_fs2-00003.jpg,75.0205882547498,-37.4218803667658
31,206_fs2-00003.jpg,75.3086567992668,-37.7556720728068
32,206_fs2-00003.jpg,75.6007348988838,-38.0840774390331
33,206_fs2-00003.jpg,75.8962387446655,-38.4069383416506
34,206_fs2-00003.jpg,76.1945845276768,-38.7240966568655
35,206_fs2-00003.jpg,76.4951884389824,-39.0353942608841
36,206_fs2-00003.jpg,76.7974666696471,-39.3406730299123
37,206_fs2-00003.jpg,77.1024324998564,-39.6397898762935
38,206_fs2-00003.jpg,77.415565651435,-39.9328075842146
39,206_fs2-00003.jpg,77.7368929401959,-40.2199381786309
40,206_fs2-00003.jpg,78.0658558582574,-40.501397025711
41,206_fs2-00003.jpg,78.401895897738,-40.7773994916236
42,206_fs2-00003.jpg,78.7444545507562,-41.048160942537
43,206_fs2-00003.jpg,79.0929733094304,-41.3138967446201
44,206_fs2-00003.jpg,79.4468936658791,-41.5748222640412
45,206_fs2-00003.jpg,79.8056571122208,-41.8311528669692
46,206_fs2-00003.jpg,80.1687051405738,-42.0831039195723
47,206_fs2-00003.jpg,80.5354792430568,-42.3308907880194
48,206_fs2-00003.jpg,80.9054209117881,-42.5747288384787
49,206_fs2-00003.jpg,81.2779716388862,-42.8148334371191
50,206_fs2-00003.jpg,81.6525729164696,-43.0514199501091
51,206_fs2-00003.jpg,82.0286662366566,-43.2847037436171
52,206_fs2-00003.jpg,82.4056930915659,-43.514900183812
53,206_fs2-00003.jpg,82.7830949733158,-43.742224636862
54,206_fs2-00003.jpg,83.1603133740249,-43.966892468936
55,206_fs2-00003.jpg,83.5367897858115,-44.1891190462023
56,206_fs2-00003.jpg,83.9119657007942,-44.4091197348297
57,206_fs2-00003.jpg,84.2852826110912,-44.6271099009866
58,206_fs2-00003.jpg,84.6565986070343,-44.8433029674835
59,206_fs2-00003.jpg,85.0284997682347,-45.0578580951307
60,206_fs2-00003.jpg,85.4015412373873,-45.2708742683728
61,206_fs2-00003.jpg,85.7757333243761,-45.4824473414535
62,206_fs2-00003.jpg,86.1510863390851,-45.6926731686161
63,206_fs2-00003.jpg,86.5276105913982,-45.901647604104
64,206_fs2-00003.jpg,86.9053163911996,-46.1094665021609
65,206_fs2-00003.jpg,87.2842140483731,-46.3162257170299
66,206_fs2-00003.jpg,87.6643138728029,-46.5220211029546
67,206_fs2-00003.jpg,88.045626174373,-46.7269485141784
68,206_fs2-00003.jpg,88.4281612629672,-46.9311038049448
69,206_fs2-00003.jpg,88.8119294484696,-47.134582829497
70,206_fs2-00003.jpg,89.1969410407643,-47.3374814420787
71,206_fs2-00003.jpg,89.5832063497352,-47.5398954969332
72,206_fs2-00003.jpg,89.9707356852664,-47.7419208483041
73,206_fs2-00003.jpg,90.3595393572418,-47.9436533504346
74,206_fs2-00003.jpg,90.7496276755454,-48.1451888575682
75,206_fs2-00003.jpg,91.1410109500613,-48.3466232239483
76,206_fs2-00003.jpg,91.5336994906734,-48.5480523038185
77,206_fs2-00003.jpg,91.9277036072658,-48.7495719514221
78,206_fs2-00003.jpg,92.3230336097225,-48.9512780210025
79,206_fs2-00003.jpg,92.7196998079274,-49.1532663668032
80,206_fs2-00003.jpg,93.1177125117646,-49.3556328430677
81,206_fs2-00003.jpg,93.5170820311181,-49.5584733040394
82,206_fs2-00003.jpg,93.9179492421295,-49.7618687893844
83,206_fs2-00003.jpg,94.3212843495028,-49.9654308791978
84,206_fs2-00003.jpg,94.7271402052041,-50.1682166097926
85,206_fs2-00003.jpg,95.1353417601313,-50.3692510379311
86,206_fs2-00003.jpg,95.5457139651824,-50.5675592203756
87,206_fs2-00003.jpg,95.9580817712551,-50.7621662138883
88,206_fs2-00003.jpg,96.3722701292476,-50.9520970752316
89,206_fs2-00003.jpg,96.7881039900575,-51.1363768611676
90,206_fs2-00003.jpg,97.205408304583,-51.3140306284587
91,206_fs2-00003.jpg,97.6240080237218,-51.4840834338671
92,206_fs2-00003.jpg,98.043728098372,-51.6455603341551
93,206_fs2-00003.jpg,98.4643934794314,-51.7974863860849
94,206_fs2-00003.jpg,98.8858291177979,-51.9388866464188
95,206_fs2-00003.jpg,99.3078599643695,-52.0687861719193
96,206_fs2-00003.jpg,99.7303109700441,-52.1862100193483
97,206_fs2-00003.jpg,100.15300708572,-52.2901832454684
98,206_fs2-00003.jpg,100.575773262294,-52.3797309070417
99,206_fs2-00003.jpg,100.998434450665,-52.4538780608304
100,206_fs2-00003.jpg,101.420815601731,-52.511649763597
101,206_fs2-00003.jpg,101.842741666389,-52.5520710721036
102,206_fs2-00003.jpg,102.264037595538,-52.5741670431125
103,206_fs2-00003.jpg,102.684528340075,-52.5769627333859
104,206_fs2-00003.jpg,103.104038850898,-52.5594831996864
105,206_fs2-00003.jpg,103.52333892777,-52.5211730388684
106,206_fs2-00003.jpg,103.94337341048,-52.4633601148113
107,206_fs2-00003.jpg,104.364003977982,-52.3879005008832
108,206_fs2-00003.jpg,104.785090810848,-52.2966502971775
109,206_fs2-00003.jpg,105.206494089648,-52.1914656037872
110,206_fs2-00003.jpg,105.628073994954,-52.0742025208056
111,206_fs2-00003.jpg,106.049690707339,-51.9467171483258
112,206_fs2-00003.jpg,106.471204407372,-51.8108655864412
113,206_fs2-00003.jpg,106.892475275625,-51.6685039352449
114,206_fs2-00003.jpg,107.313363492671,-51.5214882948301
115,206_fs2-00003.jpg,107.733729239079,-51.3716747652901
116,206_fs2-00003.jpg,108.153432695422,-51.2209194467181
117,206_fs2-00003.jpg,108.572334042272,-51.0710784392072
118,206_fs2-00003.jpg,108.990293460198,-50.9240078428506
119,206_fs2-00003.jpg,109.407903765723,-50.7814363242658
120,206_fs2-00003.jpg,109.827313258055,-50.6435872844928
121,206_fs2-00003.jpg,110.248296902259,-50.5097015386154
122,206_fs2-00003.jpg,110.670433804542,-50.3790030032384
123,206_fs2-00003.jpg,111.09330307111,-50.2507155949667
124,206_fs2-00003.jpg,111.516483808172,-50.1240632304049
125,206_fs2-00003.jpg,111.939555121933,-49.9982698261581
126,206_fs2-00003.jpg,112.362096118601,-49.8725592988311
127,206_fs2-00003.jpg,112.783685904383,-49.7461555650287
128,206_fs2-00003.jpg,113.203903585485,-49.6182825413559
129,206_fs2-00003.jpg,113.622328268115,-49.4881641444174
130,206_fs2-00003.jpg,114.03853905848,-49.3550242908182
131,206_fs2-00003.jpg,114.452115062786,-49.2180868971629
132,206_fs2-00003.jpg,114.86263538724,-49.0765758800568
133,206_fs2-00003.jpg,115.26967913805,-48.9297151561043
134,206_fs2-00003.jpg,115.672825421423,-48.7767286419104
135,206_fs2-00003.jpg,116.071653343565,-48.6168402540801
136,206_fs2-00003.jpg,116.465742010683,-48.449273909218
137,206_fs2-00003.jpg,116.854670528985,-48.2732535239293
138,206_fs2-00003.jpg,117.238619127742,-48.0880948265484
139,206_fs2-00003.jpg,117.618877989546,-47.893876123811
140,206_fs2-00003.jpg,117.995676310181,-47.6910534077567
141,206_fs2-00003.jpg,118.369191543277,-47.4800853718174
142,206_fs2-00003.jpg,118.73960114246,-47.2614307094241
143,206_fs2-00003.jpg,119.107082561358,-47.0355481140084
144,206_fs2-00003.jpg,119.471813253601,-46.8028962790016
145,206_fs2-00003.jpg,119.833970672814,-46.5639338978351
146,206_fs2-00003.jpg,120.193732272628,-46.3191196639405
147,206_fs2-00003.jpg,120.551275506669,-46.0689122707489
148,206_fs2-00003.jpg,120.906777828566,-45.813770411692
149,206_fs2-00003.jpg,121.260416691947,-45.554152780201
150,206_fs2-00003.jpg,121.612369550439,-45.2905180697072
151,206_fs2-00003.jpg,121.962813857671,-45.0233249736423
152,206_fs2-00003.jpg,122.311927067271,-44.7530321854375
153,206_fs2-00003.jpg,122.659886632866,-44.4800983985242
154,206_fs2-00003.jpg,123.006870008085,-44.2049823063338
155,206_fs2-00003.jpg,123.353054646556,-43.9281426022978
156,206_fs2-00003.jpg,123.698618001907,-43.6500379798476
157,206_fs2-00003.jpg,124.043737527766,-43.3711271324145
158,206_fs2-00003.jpg,124.38859067776,-43.0918687534299
159,206_fs2-00003.jpg,124.733354905518,-42.8127215363253
160,206_fs2-00003.jpg,125.078207664668,-42.534144174532
161,206_fs2-00003.jpg,125.423326408838,-42.2565953614815
162,206_fs2-00003.jpg,125.768888591655,-41.980533790605
163,206_fs2-00003.jpg,126.115071666749,-41.7064181553341
164,206_fs2-00003.jpg,126.462053087746,-41.4347071491001
165,206_fs2-00003.jpg,126.810010308275,-41.1658594653345
166,206_fs2-00003.jpg,127.159120781964,-40.9003337974685
167,206_fs2-00003.jpg,127.509561962441,-40.6385888389337
168,206_fs2-00003.jpg,127.861511303333,-40.3810832831615
169,206_fs2-00003.jpg,128.21514625827,-40.1282758235832
170,206_fs2-00003.jpg,128.570644280879,-39.8806251536303
171,206_fs2-00003.jpg,128.928182824787,-39.638589966734
172,206_fs2-00003.jpg,129.288170495275,-39.402626264246
173,206_fs2-00003.jpg,129.656675562747,-39.17274689054
174,206_fs2-00003.jpg,130.035044293276,-38.9480322699029
175,206_fs2-00003.jpg,130.421559862872,-38.7274449553585
176,206_fs2-00003.jpg,130.814505447544,-38.5099474999306
177,206_fs2-00003.jpg,131.212164223302,-38.2945024566428
178,206_fs2-00003.jpg,131.612819366156,-38.0800723785192
179,206_fs2-00003.jpg,132.014754052116,-37.8656198185832
180,206_fs2-00003.jpg,132.416251457193,-37.6501073298588
181,206_fs2-00003.jpg,132.815594757394,-37.4324974653697
182,206_fs2-00003.jpg,133.211067128732,-37.2117527781396
183,206_fs2-00003.jpg,133.600951747214,-36.9868358211925
184,206_fs2-00003.jpg,133.983531788852,-36.756709147552
185,206_fs2-00003.jpg,134.357090429654,-36.5203353102418
186,206_fs2-00003.jpg,134.719910845631,-36.2766768622859
187,206_fs2-00003.jpg,135.070276212793,-36.0246963567078
188,206_fs2-00003.jpg,135.40646970715,-35.7633563465314
189,206_fs2-00003.jpg,135.72677450471,-35.4916193847805
190,206_fs2-00003.jpg,136.029473781484,-35.2084480244789
191,206_fs2-00003.jpg,136.312850713483,-34.9128048186503
192,206_fs2-00003.jpg,136.575280915138,-34.6036523203185
193,206_fs2-00003.jpg,136.821941037298,-34.2799530825073
194,206_fs2-00003.jpg,137.056727996064,-33.9406696582404
195,206_fs2-00003.jpg,137.279797840608,-33.5847646005415
196,206_fs2-00003.jpg,137.491306620102,-33.2112004624346
197,206_fs2-00003.jpg,137.691410383718,-32.8189397969433
198,206_fs2-00003.jpg,137.880265180626,-32.4069451570914
199,206_fs2-00003.jpg,138.058027059998,-31.9741790959026
200,206_fs2-00003.jpg,138.224852071006,-31.5196041664009
1,206_fs2-00004.jpg,62.5979149056071,-14.7111135117565
2,206_fs2-00004.jpg,62.9023219595865,-15.0633254748268
3,206_fs2-00004.jpg,63.2067065352173,-15.4123089200043
4,206_fs2-00004.jpg,63.511068663106,-15.7582406696672
5,206_fs2-00004.jpg,63.8154083738593,-16.1012975461933
6,206_fs2-00004.jpg,64.1197256980837,-16.4416563719607
7,206_fs2-00004.jpg,64.4240206663857,-16.7794939693473
8,206_fs2-00004.jpg,64.7282933093721,-17.1149871607312
9,206_fs2-00004.jpg,65.0325436576493,-17.4483127684903
10,206_fs2-00004.jpg,65.3367717418238,-17.7796476150025
11,206_fs2-00004.jpg,65.6409775925025,-18.1091685226461
12,206_fs2-00004.jpg,65.9451612402916,-18.4370523137987
13,206_fs2-00004.jpg,66.249322715798,-18.7634758108386
14,206_fs2-00004.jpg,66.553462049628,-19.0886158361437
15,206_fs2-00004.jpg,66.8575792723884,-19.412649212092
16,206_fs2-00004.jpg,67.1616744146857,-19.7357527610613
17,206_fs2-00004.jpg,67.4657475071265,-20.0581033054299
18,206_fs2-00004.jpg,67.7697985803173,-20.3798776675756
19,206_fs2-00004.jpg,68.0738276648647,-20.7012526698763
20,206_fs2-00004.jpg,68.3778347913753,-21.0224051347103
21,206_fs2-00004.jpg,68.6819778526906,-21.3435118844553
22,206_fs2-00004.jpg,68.9873966648787,-21.6647497414895
23,206_fs2-00004.jpg,69.294099716548,-21.9862955281907
24,206_fs2-00004.jpg,69.6018200473173,-22.308326066937
25,206_fs2-00004.jpg,69.9102906968055,-22.6310181801063
26,206_fs2-00004.jpg,70.2192447046313,-22.9545486900766
27,206_fs2-00004.jpg,70.5284151104136,-23.2790944192261
28,206_fs2-00004.jpg,70.8375349537711,-23.6048321899326
29,206_fs2-00004.jpg,71.1463372743227,-23.9319388245742
30,206_fs2-00004.jpg,71.4545551116871,-24.2605911455287
31,206_fs2-00004.jpg,71.7619215054832,-24.5909659751743
32,206_fs2-00004.jpg,72.0681694953298,-24.9232401358888
33,206_fs2-00004.jpg,72.3730321208457,-25.2575904500503
34,206_fs2-00004.jpg,72.6762424216496,-25.5941937400369
35,206_fs2-00004.jpg,72.9775334373604,-25.9332268282263
36,206_fs2-00004.jpg,73.2766382075969,-26.2748665369967
37,206_fs2-00004.jpg,73.573289771978,-26.6192896887261
38,206_fs2-00004.jpg,73.8672211701223,-26.9666731057924
39,206_fs2-00004.jpg,74.1581654416486,-27.3171936105737
40,206_fs2-00004.jpg,74.4456201867539,-27.6710157850956
41,206_fs2-00004.jpg,74.7279174892509,-28.0279252591065
42,206_fs2-00004.jpg,75.0055341897236,-28.3872650881437
43,206_fs2-00004.jpg,75.2793885705137,-28.7483532668529
44,206_fs2-00004.jpg,75.5503989139633,-29.1105077898793
45,206_fs2-00004.jpg,75.8194835024141,-29.4730466518687
46,206_fs2-00004.jpg,76.087560618208,-29.8352878474665
47,206_fs2-00004.jpg,76.355548543687,-30.1965493713183
48,206_fs2-00004.jpg,76.6243655611927,-30.5561492180697
49,206_fs2-00004.jpg,76.8949299530673,-30.913405382366
50,206_fs2-00004.jpg,77.1681600016524,-31.2676358588529
51,206_fs2-00004.jpg,77.4449739892899,-31.618158642176
52,206_fs2-00004.jpg,77.7262901983218,-31.9642917269807
53,206_fs2-00004.jpg,78.0131213356495,-32.3053591938419
54,206_fs2-00004.jpg,78.3073436966814,-32.6411532833184
55,206_fs2-00004.jpg,78.6086750078836,-32.9722582714088
56,206_fs2-00004.jpg,78.9161705567112,-33.2993349632657
57,206_fs2-00004.jpg,79.2288856306194,-33.6230441640419
58,206_fs2-00004.jpg,79.5458755170635,-33.9440466788901
59,206_fs2-00004.jpg,79.8661955034987,-34.2630033129631
60,206_fs2-00004.jpg,80.1889008773801,-34.5805748714137
61,206_fs2-00004.jpg,80.513046926163,-34.8974221593944
62,206_fs2-00004.jpg,80.8376889373026,-35.2142059820583
63,206_fs2-00004.jpg,81.1618821982541,-35.5315871445579
64,206_fs2-00004.jpg,81.4846819964727,-35.8502264520459
65,206_fs2-00004.jpg,81.8051436194135,-36.1707847096752
66,206_fs2-00004.jpg,82.1223223545318,-36.4939227225985
67,206_fs2-00004.jpg,82.4352734892828,-36.8203012959685
68,206_fs2-00004.jpg,82.7430523111217,-37.1505812349379
69,206_fs2-00004.jpg,83.0447141075036,-37.4854233446596
70,206_fs2-00004.jpg,83.3393141658839,-37.8254884302862
71,206_fs2-00004.jpg,83.6259077737178,-38.1714372969706
72,206_fs2-00004.jpg,83.9035502184603,-38.5239307498653
73,206_fs2-00004.jpg,84.1712967875667,-38.8836295941231
74,206_fs2-00004.jpg,84.4281993918904,-39.2511946145464
75,206_fs2-00004.jpg,84.6717059890338,-39.626929055886
76,206_fs2-00004.jpg,84.9020489383598,-40.0098674657546
77,206_fs2-00004.jpg,85.1219718136538,-40.3987631165846
78,206_fs2-00004.jpg,85.334218188701,-40.7923692808085
79,206_fs2-00004.jpg,85.5415316372867,-41.1894392308587
80,206_fs2-00004.jpg,85.7466557331961,-41.5887262391677
81,206_fs2-00004.jpg,85.9523340502146,-41.988983578168
82,206_fs2-00004.jpg,86.1613101621276,-42.388964520292
83,206_fs2-00004.jpg,86.3763276427201,-42.7874223379721
84,206_fs2-00004.jpg,86.6001300657776,-43.1831103036409
85,206_fs2-00004.jpg,86.8354610050853,-43.5747816897307
86,206_fs2-00004.jpg,87.0835341751456,-43.9612311966689
87,206_fs2-00004.jpg,87.3386542717903,-44.3419764463627
88,206_fs2-00004.jpg,87.5997393418007,-44.7171494734058
89,206_fs2-00004.jpg,87.8665389999927,-45.0869018585323
90,206_fs2-00004.jpg,88.1388028611821,-45.451385182476
91,206_fs2-00004.jpg,88.416280540185,-45.8107510259703
92,206_fs2-00004.jpg,88.6987216518174,-46.1651509697492
93,206_fs2-00004.jpg,88.9858758108953,-46.5147365945464
94,206_fs2-00004.jpg,89.2774926322345,-46.8596594810957
95,206_fs2-00004.jpg,89.5733217306511,-47.2000712101309
96,206_fs2-00004.jpg,89.873112720961,-47.5361233623856
97,206_fs2-00004.jpg,90.1766152179803,-47.8679675185938
98,206_fs2-00004.jpg,90.4835788365247,-48.195755259489
99,206_fs2-00004.jpg,90.7937531914105,-48.5196381658052
100,206_fs2-00004.jpg,91.1068878974534,-48.839767818276
101,206_fs2-00004.jpg,91.4227325694695,-49.1562957976352
102,206_fs2-00004.jpg,91.7410368222747,-49.4693736846165
103,206_fs2-00004.jpg,92.0615502706851,-49.7791530599537
104,206_fs2-00004.jpg,92.3840347054153,-50.0857854788982
105,206_fs2-00004.jpg,92.7097945317435,-50.3893853783047
106,206_fs2-00004.jpg,93.0397458095542,-50.6899558170062
107,206_fs2-00004.jpg,93.3737572378124,-50.9874790505785
108,206_fs2-00004.jpg,93.7116975154824,-51.2819373345975
109,206_fs2-00004.jpg,94.0534353415289,-51.573312924639
110,206_fs2-00004.jpg,94.3988394149167,-51.8615880762791
111,206_fs2-00004.jpg,94.7477784346103,-52.1467450450932
112,206_fs2-00004.jpg,95.1001210995743,-52.4287660866576
113,206_fs2-00004.jpg,95.4557361087733,-52.7076334565479
114,206_fs2-00004.jpg,95.814492161172,-52.9833294103402
115,206_fs2-00004.jpg,96.1762579557351,-53.2558362036101
116,206_fs2-00004.jpg,96.5409021914272,-53.5251360919335
117,206_fs2-00004.jpg,96.9082935672128,-53.7912113308864
118,206_fs2-00004.jpg,97.2783007820565,-54.0540441760446
119,206_fs2-00004.jpg,97.6507925349232,-54.313616882984
120,206_fs2-00004.jpg,98.0256375247773,-54.5699117072803
121,206_fs2-00004.jpg,98.4027044505835,-54.8229109045096
122,206_fs2-00004.jpg,98.7818620113064,-55.0725967302476
123,206_fs2-00004.jpg,99.1629789059106,-55.3189514400701
124,206_fs2-00004.jpg,99.5459238333609,-55.5619572895531
125,206_fs2-00004.jpg,99.9305654926217,-55.8015965342726
126,206_fs2-00004.jpg,100.316772582658,-56.037851429804
127,206_fs2-00004.jpg,100.704413802434,-56.2707042317236
128,206_fs2-00004.jpg,101.093357850914,-56.5001371956071
129,206_fs2-00004.jpg,101.483473427064,-56.7261325770304
130,206_fs2-00004.jpg,101.874629229847,-56.9486726315693
131,206_fs2-00004.jpg,102.266693958229,-57.1677396147995
132,206_fs2-00004.jpg,102.659987491434,-57.3833103064112
133,206_fs2-00004.jpg,103.056767186024,-57.5952514636986
134,206_fs2-00004.jpg,103.457204867923,-57.8033280017681
135,206_fs2-00004.jpg,103.861114416302,-58.0073009989435
136,206_fs2-00004.jpg,104.268309710334,-58.2069315335483
137,206_fs2-00004.jpg,104.67860462919,-58.4019806839061
138,206_fs2-00004.jpg,105.091813052042,-58.5922095283406
139,206_fs2-00004.jpg,105.507748858062,-58.7773791451755
140,206_fs2-00004.jpg,105.926225926421,-58.9572506127344
141,206_fs2-00004.jpg,106.347058136293,-59.1315850093408
142,206_fs2-00004.jpg,106.770059366848,-59.3001434133187
143,206_fs2-00004.jpg,107.195043497258,-59.4626869029913
144,206_fs2-00004.jpg,107.621824406695,-59.6189765566826
145,206_fs2-00004.jpg,108.050215974332,-59.7687734527161
146,206_fs2-00004.jpg,108.480032079339,-59.9118386694154
147,206_fs2-00004.jpg,108.911086600889,-60.0479332851042
148,206_fs2-00004.jpg,109.343193418154,-60.1768183781062
149,206_fs2-00004.jpg,109.776166410305,-60.2982550267449
150,206_fs2-00004.jpg,110.209819456515,-60.4120043093441
151,206_fs2-00004.jpg,110.643966435955,-60.5178273042272
152,206_fs2-00004.jpg,111.078421227797,-60.6154850897182
153,206_fs2-00004.jpg,111.513085985832,-60.7047386100331
154,206_fs2-00004.jpg,111.95706749375,-60.7851868073091
155,206_fs2-00004.jpg,112.414767312204,-60.8559521576414
156,206_fs2-00004.jpg,112.883649065577,-60.9160699821929
157,206_fs2-00004.jpg,113.361176378256,-60.9645756021264
158,206_fs2-00004.jpg,113.844812874623,-61.0005043386047
159,206_fs2-00004.jpg,114.332022179065,-61.0228915127908
160,206_fs2-00004.jpg,114.820267915966,-61.0307724458474
161,206_fs2-00004.jpg,115.30701370971,-61.0231824589373
162,206_fs2-00004.jpg,115.789723184682,-60.9991568732233
163,206_fs2-00004.jpg,116.265859965267,-60.9577310098684
164,206_fs2-00004.jpg,116.732887675849,-60.8979401900353
165,206_fs2-00004.jpg,117.188269940813,-60.8188197348869
166,206_fs2-00004.jpg,117.629470384544,-60.7194049655858
167,206_fs2-00004.jpg,118.053952631426,-60.5987312032951
168,206_fs2-00004.jpg,118.459180305844,-60.4558337691775
169,206_fs2-00004.jpg,118.842617032182,-60.2897479843958
170,206_fs2-00004.jpg,119.201726434826,-60.0995091701129
171,206_fs2-00004.jpg,119.537622730654,-59.8841780733037
172,206_fs2-00004.jpg,119.879958855369,-59.6437725185207
173,206_fs2-00004.jpg,120.231995607936,-59.3795357690478
174,206_fs2-00004.jpg,120.58901849278,-59.0927912161975
175,206_fs2-00004.jpg,120.946313014323,-58.7848622512822
176,206_fs2-00004.jpg,121.299164676989,-58.4570722656144
177,206_fs2-00004.jpg,121.642858985202,-58.1107446505067
178,206_fs2-00004.jpg,121.972681443386,-57.7472027972716
179,206_fs2-00004.jpg,122.283917555965,-57.3677700972215
180,206_fs2-00004.jpg,122.571852827362,-56.9737699416689
181,206_fs2-00004.jpg,122.831772762001,-56.5665257219265
182,206_fs2-00004.jpg,123.058962864306,-56.1473608293064
183,206_fs2-00004.jpg,123.248708638701,-55.7175986551215
184,206_fs2-00004.jpg,123.396295589609,-55.278562590684
185,206_fs2-00004.jpg,123.497009221454,-54.8315760273066
186,206_fs2-00004.jpg,123.546135038659,-54.3779623563017
187,206_fs2-00004.jpg,123.550295857988,-53.9190449689818
188,206_fs2-00004.jpg,123.550295857988,-53.4561472566594
189,206_fs2-00004.jpg,123.550295857988,-52.9905926106469
190,206_fs2-00004.jpg,123.550295857988,-52.523704422257
191,206_fs2-00004.jpg,123.550295857988,-52.056806082802
192,206_fs2-00004.jpg,123.550295857988,-51.5912209835946
193,206_fs2-00004.jpg,123.550295857988,-51.1282725159471
194,206_fs2-00004.jpg,123.550295857988,-50.6692840711721
195,206_fs2-00004.jpg,123.550295857988,-50.215579040582
196,206_fs2-00004.jpg,123.550295857988,-49.7684808154894
197,206_fs2-00004.jpg,123.550295857988,-49.3293127872068
198,206_fs2-00004.jpg,123.550295857988,-48.8993983470467
199,206_fs2-00004.jpg,123.550295857988,-48.4800608863214
200,206_fs2-00004.jpg,123.550295857988,-48.0726237963437
1,206_fs2-00005.jpg,40.7326007326006,-9.30113887101243
2,206_fs2-00005.jpg,41.1301236978393,-9.39723144973198
3,206_fs2-00005.jpg,41.5266161198758,-9.50013536315157
4,206_fs2-00005.jpg,41.9220783810218,-9.60965141819429
5,206_fs2-00005.jpg,42.3165108635886,-9.72558042178298
6,206_fs2-00005.jpg,42.7099139498876,-9.84772318084072
7,206_fs2-00005.jpg,43.1022880222303,-9.97588050229047
8,206_fs2-00005.jpg,43.4936334629281,-10.109853193055
9,206_fs2-00005.jpg,43.8839506542924,-10.2494420600574
10,206_fs2-00005.jpg,44.2732399786346,-10.3944479102207
11,206_fs2-00005.jpg,44.6615018182663,-10.5446715504678
12,206_fs2-00005.jpg,45.0487365554987,-10.6999137877216
13,206_fs2-00005.jpg,45.4349445726433,-10.8599754289052
14,206_fs2-00005.jpg,45.8201262520116,-11.0246572809414
15,206_fs2-00005.jpg,46.2042819759149,-11.1937601507533
16,206_fs2-00005.jpg,46.5874121266647,-11.3670848452638
17,206_fs2-00005.jpg,46.9695170865725,-11.5444321713958
18,206_fs2-00005.jpg,47.3505972379496,-11.7256029360723
19,206_fs2-00005.jpg,47.7306529631074,-11.9103979462163
20,206_fs2-00005.jpg,48.1096846443575,-12.0986180087508
21,206_fs2-00005.jpg,48.4876926640111,-12.2900639305986
22,206_fs2-00005.jpg,48.8646774043799,-12.4845365186829
23,206_fs2-00005.jpg,49.2406392477751,-12.6818365799265
24,206_fs2-00005.jpg,49.6155785765081,-12.8817649212524
25,206_fs2-00005.jpg,49.9894957728905,-13.0841223495835
26,206_fs2-00005.jpg,50.3623912192336,-13.2887096718428
27,206_fs2-00005.jpg,50.7342336356052,-13.4953276949533
28,206_fs2-00005.jpg,51.1042169201329,-13.7037772258379
29,206_fs2-00005.jpg,51.4721104377064,-13.9138590714196
30,206_fs2-00005.jpg,51.8380779656475,-14.1253740386213
31,206_fs2-00005.jpg,52.2022832812782,-14.3381229343662
32,206_fs2-00005.jpg,52.5648901619203,-14.5519065655769
33,206_fs2-00005.jpg,52.9260623848958,-14.7665257391766
34,206_fs2-00005.jpg,53.2859637275265,-14.9817812620882
35,206_fs2-00005.jpg,53.6447579671343,-15.1974739412346
36,206_fs2-00005.jpg,54.0026088810412,-15.413404583539
37,206_fs2-00005.jpg,54.3596802465689,-15.629373995924
38,206_fs2-00005.jpg,54.7161358410395,-15.8451829853128
39,206_fs2-00005.jpg,55.0721394417749,-16.0606323586283
40,206_fs2-00005.jpg,55.4278548260969,-16.2755229227935
41,206_fs2-00005.jpg,55.7834457713274,-16.4896554847313
42,206_fs2-00005.jpg,56.1390760547884,-16.7028308513646
43,206_fs2-00005.jpg,56.4949094538017,-16.9148498296166
44,206_fs2-00005.jpg,56.8511097456891,-17.12551322641
45,206_fs2-00005.jpg,57.2078407077728,-17.334621848668
46,206_fs2-00005.jpg,57.5652661173744,-17.5419765033133
47,206_fs2-00005.jpg,57.923549751816,-17.747377997269
48,206_fs2-00005.jpg,58.2828553884194,-17.9506271374581
49,206_fs2-00005.jpg,58.6433468045065,-18.1515247308035
50,206_fs2-00005.jpg,59.0051984990511,-18.3498719533834
51,206_fs2-00005.jpg,59.3690021958521,-18.54560302107
52,206_fs2-00005.jpg,59.7348647615665,-18.7389818853289
53,206_fs2-00005.jpg,60.1025644839966,-18.9303227033805
54,206_fs2-00005.jpg,60.4718796509444,-19.1199396324446
55,206_fs2-00005.jpg,60.8425885502123,-19.3081468297411
56,206_fs2-00005.jpg,61.2144694696026,-19.4952584524901
57,206_fs2-00005.jpg,61.5873006969173,-19.6815886579114
58,206_fs2-00005.jpg,61.9608605199589,-19.8674516032252
59,206_fs2-00005.jpg,62.3349272265294,-20.0531614456512
60,206_fs2-00005.jpg,62.7092791044311,-20.2390323424095
61,206_fs2-00005.jpg,63.0836944414662,-20.4253784507201
62,206_fs2-00005.jpg,63.457951525437,-20.612513927803
63,206_fs2-00005.jpg,63.8318286441457,-20.800752930878
64,206_fs2-00005.jpg,64.2051040853946,-20.9904096171653
65,206_fs2-00005.jpg,64.5775561369858,-21.1817981438845
66,206_fs2-00005.jpg,64.9489630867216,-21.375232668256
67,206_fs2-00005.jpg,65.3191032224041,-21.5710273474996
68,206_fs2-00005.jpg,65.6877548318357,-21.7694963388351
69,206_fs2-00005.jpg,66.0546962028186,-21.9709537994827
70,206_fs2-00005.jpg,66.419705623155,-22.1757138866623
71,206_fs2-00005.jpg,66.7825613806471,-22.3840907575938
72,206_fs2-00005.jpg,67.1430417630971,-22.5963985694972
73,206_fs2-00005.jpg,67.5009250583074,-22.8129514795925
74,206_fs2-00005.jpg,67.85598955408,-23.0340636450996
75,206_fs2-00005.jpg,68.2080135382173,-23.2600492232386
76,206_fs2-00005.jpg,68.5567752985214,-23.4912223712294
77,206_fs2-00005.jpg,68.9020531227947,-23.7278972462918
78,206_fs2-00005.jpg,69.2436252988392,-23.9703880056461
79,206_fs2-00005.jpg,69.5811675458419,-24.2189895572917
80,206_fs2-00005.jpg,69.9141179121993,-24.4735969691501
81,206_fs2-00005.jpg,70.2427259322064,-24.7337279389997
82,206_fs2-00005.jpg,70.5673490703451,-24.998885414099
83,206_fs2-00005.jpg,70.888344791097,-25.2685723417069
84,206_fs2-00005.jpg,71.206070558944,-25.5422916690818
85,206_fs2-00005.jpg,71.5208838383675,-25.8195463434822
86,206_fs2-00005.jpg,71.8331420938495,-26.099839312167
87,206_fs2-00005.jpg,72.1432027898716,-26.3826735223946
88,206_fs2-00005.jpg,72.4514233909155,-26.6675519214238
89,206_fs2-00005.jpg,72.7581613614631,-26.9539774565129
90,206_fs2-00005.jpg,73.0637741659959,-27.2414530749209
91,206_fs2-00005.jpg,73.3686192689958,-27.5294817239061
92,206_fs2-00005.jpg,73.6730541349444,-27.8175663507272
93,206_fs2-00005.jpg,73.9774362283235,-28.1052099026429
94,206_fs2-00005.jpg,74.2821230136148,-28.3919153269118
95,206_fs2-00005.jpg,74.5874719553,-28.6771855707923
96,206_fs2-00005.jpg,74.8938405178608,-28.9605235815433
97,206_fs2-00005.jpg,75.201586165779,-29.2414323064232
98,206_fs2-00005.jpg,75.5110663635364,-29.5194146926908
99,206_fs2-00005.jpg,75.8226385756145,-29.7939736876045
100,206_fs2-00005.jpg,76.1366602664951,-30.0646122384231
101,206_fs2-00005.jpg,76.45348890066,-30.3308332924051
102,206_fs2-00005.jpg,76.7734819425909,-30.5921397968092
103,206_fs2-00005.jpg,77.0969968567695,-30.8480346988939
104,206_fs2-00005.jpg,77.4243911076775,-31.0980209459179
105,206_fs2-00005.jpg,77.7560812129348,-31.3416025623908
106,206_fs2-00005.jpg,78.0948014556051,-31.5786542939732
107,206_fs2-00005.jpg,78.4409681306178,-31.8099621310399
108,206_fs2-00005.jpg,78.7933118776956,-32.0364495489304
109,206_fs2-00005.jpg,79.150563336561,-32.2590400229841
110,206_fs2-00005.jpg,79.5114531469369,-32.4786570285404
111,206_fs2-00005.jpg,79.8747119485458,-32.6962240409387
112,206_fs2-00005.jpg,80.2390703811104,-32.9126645355184
113,206_fs2-00005.jpg,80.6032590843535,-33.1289019876187
114,206_fs2-00005.jpg,80.9660086979976,-33.3458598725794
115,206_fs2-00005.jpg,81.3260498617655,-33.5644616657395
116,206_fs2-00005.jpg,81.6821132153797,-33.7856308424386
117,206_fs2-00005.jpg,82.0329293985631,-34.0102908780161
118,206_fs2-00005.jpg,82.3772290510383,-34.2393652478113
119,206_fs2-00005.jpg,82.7137428125279,-34.4737774271637
120,206_fs2-00005.jpg,83.0412013227545,-34.7144508914125
121,206_fs2-00005.jpg,83.3585135754769,-34.9623070030271
122,206_fs2-00005.jpg,83.6699037809217,-35.2178945171516
123,206_fs2-00005.jpg,83.9777014891339,-35.4809651091842
124,206_fs2-00005.jpg,84.282000229665,-35.7511677212998
125,206_fs2-00005.jpg,84.582893532066,-36.0281512956731
126,206_fs2-00005.jpg,84.8804749258884,-36.3115647744789
127,206_fs2-00005.jpg,85.1748379406833,-36.601057099892
128,206_fs2-00005.jpg,85.4660761060021,-36.8962772140875
129,206_fs2-00005.jpg,85.754282951396,-37.1968740592398
130,206_fs2-00005.jpg,86.0395520064163,-37.5024965775241
131,206_fs2-00005.jpg,86.3219768006142,-37.812793711115
132,206_fs2-00005.jpg,86.6016508635411,-38.1274144021872
133,206_fs2-00005.jpg,86.8786677247481,-38.446007592916
134,206_fs2-00005.jpg,87.1531209137867,-38.7682222254757
135,206_fs2-00005.jpg,87.4251039602079,-39.0937072420414
136,206_fs2-00005.jpg,87.6947103935632,-39.4221115847878
137,206_fs2-00005.jpg,87.9620337434038,-39.7530841958899
138,206_fs2-00005.jpg,88.2271675392809,-40.0862740175223
139,206_fs2-00005.jpg,88.4902053107459,-40.4213299918599
140,206_fs2-00005.jpg,88.7512405873499,-40.7579010610776
141,206_fs2-00005.jpg,89.0103668986443,-41.0956361673501
142,206_fs2-00005.jpg,89.2676728040009,-41.4341843114444
143,206_fs2-00005.jpg,89.5226681255727,-41.7732723644245
144,206_fs2-00005.jpg,89.7750578231355,-42.1128586160791
145,206_fs2-00005.jpg,90.0249522052885,-42.4529441492307
146,206_fs2-00005.jpg,90.272461580631,-42.7935300467024
147,206_fs2-00005.jpg,90.5176962577622,-43.1346173913167
148,206_fs2-00005.jpg,90.7607665452813,-43.4762072658967
149,206_fs2-00005.jpg,91.0017827517877,-43.8183007532652
150,206_fs2-00005.jpg,91.2408551858807,-44.1608989362451
151,206_fs2-00005.jpg,91.4780941561593,-44.504002897659
152,206_fs2-00005.jpg,91.713609971223,-44.8476137203298
153,206_fs2-00005.jpg,91.947512939671,-45.1917324870806
154,206_fs2-00005.jpg,92.1799133701026,-45.5363602807339
155,206_fs2-00005.jpg,92.4109215711168,-45.8814981841127
156,206_fs2-00005.jpg,92.6406478513132,-46.2271472800398
157,206_fs2-00005.jpg,92.8692025192909,-46.573308651338
158,206_fs2-00005.jpg,93.0966958836491,-46.9199833808302
159,206_fs2-00005.jpg,93.3232382529872,-47.2671725513392
160,206_fs2-00005.jpg,93.5489399359043,-47.6148772456878
161,206_fs2-00005.jpg,93.7739112409998,-47.9630985466989
162,206_fs2-00005.jpg,93.9982624768729,-48.3118375371953
163,206_fs2-00005.jpg,94.2221039521229,-48.6610952999998
164,206_fs2-00005.jpg,94.445545975349,-49.0108729179352
165,206_fs2-00005.jpg,94.6686977847769,-49.3611714738245
166,206_fs2-00005.jpg,94.8914284798071,-49.7119920504904
167,206_fs2-00005.jpg,95.1135803175379,-50.0633357307557
168,206_fs2-00005.jpg,95.3351419602524,-50.4152035974435
169,206_fs2-00005.jpg,95.556102070234,-50.7675967333762
170,206_fs2-00005.jpg,95.7764493097657,-51.120516221377
171,206_fs2-00005.jpg,95.9961723411307,-51.4739631442685
172,206_fs2-00005.jpg,96.2152598266122,-51.8279385848737
173,206_fs2-00005.jpg,96.4337004284933,-52.1824436260152
174,206_fs2-00005.jpg,96.6514828090572,-52.5374793505162
175,206_fs2-00005.jpg,96.8685956305871,-52.8930468411992
176,206_fs2-00005.jpg,97.0850275553661,-53.2491471808872
177,206_fs2-00005.jpg,97.3007672456774,-53.605781452403
178,206_fs2-00005.jpg,97.5158033638041,-53.9629507385695
179,206_fs2-00005.jpg,97.7301245720295,-54.3206561222094
180,206_fs2-00005.jpg,97.9437195326367,-54.6788986861454
181,206_fs2-00005.jpg,98.1565769079089,-55.0376795132008
182,206_fs2-00005.jpg,98.3686853601291,-55.396999686198
183,206_fs2-00005.jpg,98.5800335515806,-55.7568602879601
184,206_fs2-00005.jpg,98.7906101445466,-56.1172624013097
185,206_fs2-00005.jpg,99.0004038013103,-56.4782071090698
186,206_fs2-00005.jpg,99.2094031841547,-56.8396954940632
187,206_fs2-00005.jpg,99.417596955363,-57.2017286391127
188,206_fs2-00005.jpg,99.6249737772185,-57.5643076270412
189,206_fs2-00005.jpg,99.8315223120042,-57.9274335406716
190,206_fs2-00005.jpg,100.037231222003,-58.2911074628264
191,206_fs2-00005.jpg,100.242089169499,-58.6553304763288
192,206_fs2-00005.jpg,100.446084816775,-59.0201036640015
193,206_fs2-00005.jpg,100.649206826113,-59.3854281086672
194,206_fs2-00005.jpg,100.851443859798,-59.7513048931489
195,206_fs2-00005.jpg,101.052784580112,-60.1177351002694
196,206_fs2-00005.jpg,101.253217649338,-60.4847198128515
197,206_fs2-00005.jpg,101.45273172976,-60.8522601137181
198,206_fs2-00005.jpg,101.651315483661,-61.2203570856919
199,206_fs2-00005.jpg,101.848957573323,-61.5890118115959
200,206_fs2-00005.jpg,102.045646661031,-61.9582253742528
1,206_fs2-00006.jpg,34.2180896027047,9.25056583453835
2,206_fs2-00006.jpg,34.4868632471546,8.96242389001139
3,206_fs2-00006.jpg,34.7544814844672,8.66882065173911
4,206_fs2-00006.jpg,35.0209450562317,8.36992553200156
5,206_fs2-00006.jpg,35.2862547040374,8.06590794307891
6,206_fs2-00006.jpg,35.5504111694737,7.75693729725111
7,206_fs2-00006.jpg,35.8134151941296,7.44318300679834
8,206_fs2-00006.jpg,36.0752675195944,7.12481448400058
9,206_fs2-00006.jpg,36.3359688874575,6.80200114113802
10,206_fs2-00006.jpg,36.595520039308,6.47491239049066
11,206_fs2-00006.jpg,36.8539217167352,6.14371764433855
12,206_fs2-00006.jpg,37.1111746613283,5.80858631496181
13,206_fs2-00006.jpg,37.3672796146766,5.46968781464051
14,206_fs2-00006.jpg,37.6222373183693,5.12719155565475
15,206_fs2-00006.jpg,37.8760485139958,4.78126695028453
16,206_fs2-00006.jpg,38.1287139431451,4.43208341080998
17,206_fs2-00006.jpg,38.3802343474067,4.07981034951115
18,206_fs2-00006.jpg,38.6306104683696,3.72461717866815
19,206_fs2-00006.jpg,38.8798430476232,3.36667331056105
20,206_fs2-00006.jpg,39.1279328267568,3.00614815746985
21,206_fs2-00006.jpg,39.3748805473595,2.64321113167472
22,206_fs2-00006.jpg,39.6206869510206,2.27803164545571
23,206_fs2-00006.jpg,39.8653527793293,1.91077911109289
24,206_fs2-00006.jpg,40.1088787738749,1.54162294086632
25,206_fs2-00006.jpg,40.3512656762468,1.17073254705605
26,206_fs2-00006.jpg,40.592514228034,0.798277341942196
27,206_fs2-00006.jpg,40.8326251708258,0.424426737804822
28,206_fs2-00006.jpg,41.0715992462116,0.0493501469240414
29,206_fs2-00006.jpg,41.3094371957805,-0.326783018420144
30,206_fs2-00006.jpg,41.5461397611218,-0.70380334594762
31,206_fs2-00006.jpg,41.7817076838247,-1.08154142337833
32,206_fs2-00006.jpg,42.0160668500117,-1.4598278384322
33,206_fs2-00006.jpg,42.2465493346154,-1.83849317882908
34,206_fs2-00006.jpg,42.4722057020517,-2.21736803228902
35,206_fs2-00006.jpg,42.6935587427725,-2.59628298653183
36,206_fs2-00006.jpg,42.9111312472301,-2.97506862927753
37,206_fs2-00006.jpg,43.1254460058764,-3.35355554824599
38,206_fs2-00006.jpg,43.3370258091635,-3.73157433115711
39,206_fs2-00006.jpg,43.5463934475435,-4.10895556573092
40,206_fs2-00006.jpg,43.7540717114686,-4.48552983968722
41,206_fs2-00006.jpg,43.9605833913906,-4.86112774074604
42,206_fs2-00006.jpg,44.1664512777619,-5.23557985662723
43,206_fs2-00006.jpg,44.3721981610343,-5.60871677505077
44,206_fs2-00006.jpg,44.5783468316601,-5.98036908373649
45,206_fs2-00006.jpg,44.7854200800912,-6.35036737040446
46,206_fs2-00006.jpg,44.9939406967798,-6.71854222277454
47,206_fs2-00006.jpg,45.2044314721779,-7.08472422856653
48,206_fs2-00006.jpg,45.4174151967376,-7.44874397550063
49,206_fs2-00006.jpg,45.6334146609109,-7.81043205129652
50,206_fs2-00006.jpg,45.8529526551501,-8.16961904367417
51,206_fs2-00006.jpg,46.076551969907,-8.52613554035361
52,206_fs2-00006.jpg,46.3047353956339,-8.8798121290547
53,206_fs2-00006.jpg,46.5380257227828,-9.23047939749733
54,206_fs2-00006.jpg,46.7769457418057,-9.57796793340151
55,206_fs2-00006.jpg,47.0220182431548,-9.92210832448711
56,206_fs2-00006.jpg,47.2737660172821,-10.262731158474
57,206_fs2-00006.jpg,47.5325594556062,-10.5996729044732
58,206_fs2-00006.jpg,47.7979115703704,-10.9328665334205
59,206_fs2-00006.jpg,48.0694936511468,-11.2623239052797
60,206_fs2-00006.jpg,48.3470351693762,-11.5880591939429
61,206_fs2-00006.jpg,48.6302655964989,-11.9100865733016
62,206_fs2-00006.jpg,48.9189144039555,-12.2284202172477
63,206_fs2-00006.jpg,49.2127110631866,-12.5430742996729
64,206_fs2-00006.jpg,49.5113850456328,-12.8540629944689
65,206_fs2-00006.jpg,49.8146658227346,-13.1614004755274
66,206_fs2-00006.jpg,50.1222828659324,-13.4651009167404
67,206_fs2-00006.jpg,50.433965646667,-13.7651784919993
68,206_fs2-00006.jpg,50.7494436363788,-14.061647375196
69,206_fs2-00006.jpg,51.0684463065084,-14.3545217402223
70,206_fs2-00006.jpg,51.3907031284963,-14.6438157609698
71,206_fs2-00006.jpg,51.7159435737831,-14.9295436113304
72,206_fs2-00006.jpg,52.0438971138093,-15.2117194651956
73,206_fs2-00006.jpg,52.3742932200155,-15.4903574964574
74,206_fs2-00006.jpg,52.7068613638422,-15.7654718790074
75,206_fs2-00006.jpg,53.0413310167301,-16.0370767867373
76,206_fs2-00006.jpg,53.3774316501195,-16.305186393539
77,206_fs2-00006.jpg,53.7148927354511,-16.5698148733042
78,206_fs2-00006.jpg,54.0534437441654,-16.8309763999245
79,206_fs2-00006.jpg,54.392814147703,-17.0886851472916
80,206_fs2-00006.jpg,54.7327334175044,-17.3429552892975
81,206_fs2-00006.jpg,55.0729310250102,-17.5938009998338
82,206_fs2-00006.jpg,55.4131364416609,-17.8412364527923
83,206_fs2-00006.jpg,55.7530791388971,-18.0852758220647
84,206_fs2-00006.jpg,56.0936365536204,-18.3259421289007
85,206_fs2-00006.jpg,56.4379873350927,-18.5633526291227
86,206_fs2-00006.jpg,56.786130724553,-18.7976815191417
87,206_fs2-00006.jpg,57.1378373010783,-19.0291037852674
88,206_fs2-00006.jpg,57.4928776437453,-19.2577944138094
89,206_fs2-00006.jpg,57.8510223316308,-19.4839283910778
90,206_fs2-00006.jpg,58.2120419438115,-19.7076807033824
91,206_fs2-00006.jpg,58.5757070593644,-19.9292263370327
92,206_fs2-00006.jpg,58.9417882573662,-20.1487402783389
93,206_fs2-00006.jpg,59.3100561168936,-20.3663975136104
94,206_fs2-00006.jpg,59.6802812170235,-20.5823730291575
95,206_fs2-00006.jpg,60.0522341368328,-20.7968418112895
96,206_fs2-00006.jpg,60.4256854553981,-21.0099788463165
97,206_fs2-00006.jpg,60.8004057517963,-21.2219591205483
98,206_fs2-00006.jpg,61.1761656051042,-21.4329576202946
99,206_fs2-00006.jpg,61.5527355943985,-21.6431493318652
100,206_fs2-00006.jpg,61.9298862987561,-21.85270924157
101,206_fs2-00006.jpg,62.3073882972539,-22.0618123357187
102,206_fs2-00006.jpg,62.6850121689684,-22.2706336006213
103,206_fs2-00006.jpg,63.0625284929766,-22.4793480225875
104,206_fs2-00006.jpg,63.4397078483553,-22.6881305879269
105,206_fs2-00006.jpg,63.8163208141812,-22.8971562829496
106,206_fs2-00006.jpg,64.1921379695312,-23.1066000939653
107,206_fs2-00006.jpg,64.5669298934821,-23.3166370072838
108,206_fs2-00006.jpg,64.9404671651106,-23.5274420092148
109,206_fs2-00006.jpg,65.3125203634935,-23.7391900860683
110,206_fs2-00006.jpg,65.6828600677077,-23.952056224154
111,206_fs2-00006.jpg,66.0513111954652,-24.166214499173
112,206_fs2-00006.jpg,66.418853832282,-24.381736537674
113,206_fs2-00006.jpg,66.7859735107502,-24.5984990247431
114,206_fs2-00006.jpg,67.1527303888326,-24.8163568003137
115,206_fs2-00006.jpg,67.5191846244921,-25.0351647043186
116,206_fs2-00006.jpg,67.8853963756914,-25.2547775766913
117,206_fs2-00006.jpg,68.2514258003935,-25.4750502573646
118,206_fs2-00006.jpg,68.617333056561,-25.695837586272
119,206_fs2-00006.jpg,68.9831783021568,-25.9169944033464
120,206_fs2-00006.jpg,69.3490216951437,-26.138375548521
121,206_fs2-00006.jpg,69.7149233934845,-26.359835861729
122,206_fs2-00006.jpg,70.080943555142,-26.5812301829036
123,206_fs2-00006.jpg,70.4471423380789,-26.8024133519779
124,206_fs2-00006.jpg,70.8135799002583,-27.023240208885
125,206_fs2-00006.jpg,71.1803163996428,-27.2435655935581
126,206_fs2-00006.jpg,71.5474119941952,-27.4632443459303
127,206_fs2-00006.jpg,71.9149268418784,-27.6821313059348
128,206_fs2-00006.jpg,72.2829211006551,-27.9000813135048
129,206_fs2-00006.jpg,72.6514549284882,-28.1169492085733
130,206_fs2-00006.jpg,73.0205884833405,-28.3325898310736
131,206_fs2-00006.jpg,73.3903819231747,-28.5468580209388
132,206_fs2-00006.jpg,73.7608954059538,-28.759608618102
133,206_fs2-00006.jpg,74.1321890896404,-28.9706964624963
134,206_fs2-00006.jpg,74.5043231321974,-29.1799763940551
135,206_fs2-00006.jpg,74.8773769843857,-29.3873038473487
136,206_fs2-00006.jpg,75.2518646115956,-29.592626613154
137,206_fs2-00006.jpg,75.6278733403034,-29.7960840328103
138,206_fs2-00006.jpg,76.0052426780004,-29.9978392566712
139,206_fs2-00006.jpg,76.3838121321779,-30.198055435091
140,206_fs2-00006.jpg,76.7634212103272,-30.3968957184233
141,206_fs2-00006.jpg,77.1439094199395,-30.5945232570222
142,206_fs2-00006.jpg,77.5251162685059,-30.7911012012418
143,206_fs2-00006.jpg,77.906881263518,-30.9867927014359
144,206_fs2-00006.jpg,78.2890439124668,-31.1817609079586
145,206_fs2-00006.jpg,78.6714437228437,-31.3761689711638
146,206_fs2-00006.jpg,79.0539202021399,-31.5701800414055
147,206_fs2-00006.jpg,79.4363128578466,-31.7639572690375
148,206_fs2-00006.jpg,79.8184611974552,-31.9576638044141
149,206_fs2-00006.jpg,80.2002047284569,-32.1514627978889
150,206_fs2-00006.jpg,80.5813829583429,-32.3455173998162
151,206_fs2-00006.jpg,80.9618353946045,-32.5399907605497
152,206_fs2-00006.jpg,81.341401544733,-32.7350460304435
153,206_fs2-00006.jpg,81.7199209162197,-32.9308463598516
154,206_fs2-00006.jpg,82.0972330165557,-33.1275548991279
155,206_fs2-00006.jpg,82.4731773532325,-33.3253347986263
156,206_fs2-00006.jpg,82.8475934337411,-33.5243492087009
157,206_fs2-00006.jpg,83.2203207655729,-33.7247612797055
158,206_fs2-00006.jpg,83.591408654657,-33.9267331839894
159,206_fs2-00006.jpg,83.9627708858833,-34.1303853231477
160,206_fs2-00006.jpg,84.3347338983601,-34.3357815616039
161,206_fs2-00006.jpg,84.7070826676087,-34.542981747403
162,206_fs2-00006.jpg,85.0796021691503,-34.7520457285907
163,206_fs2-00006.jpg,85.4520773785062,-34.9630333532123
164,206_fs2-00006.jpg,85.8242932711976,-35.1760044693129
165,206_fs2-00006.jpg,86.1960348227458,-35.3910189249383
166,206_fs2-00006.jpg,86.5670870086719,-35.6081365681335
167,206_fs2-00006.jpg,86.9372348044973,-35.8274172469443
168,206_fs2-00006.jpg,87.3062631857433,-36.0489208094156
169,206_fs2-00006.jpg,87.6739571279309,-36.2727071035931
170,206_fs2-00006.jpg,88.0401016065815,-36.4988359775219
171,206_fs2-00006.jpg,88.4044815972164,-36.7273672792478
172,206_fs2-00006.jpg,88.7668820753566,-36.9583608568157
173,206_fs2-00006.jpg,89.1270880165237,-37.1918765582712
174,206_fs2-00006.jpg,89.4848843962387,-37.4279742316598
175,206_fs2-00006.jpg,89.8400561900228,-37.6667137250266
176,206_fs2-00006.jpg,90.1923883733975,-37.9081548864173
177,206_fs2-00006.jpg,90.5416659218838,-38.1523575638769
178,206_fs2-00006.jpg,90.887673811003,-38.399381605451
179,206_fs2-00006.jpg,91.2301970162764,-38.6492868591849
180,206_fs2-00006.jpg,91.5690207310899,-38.9021331731241
181,206_fs2-00006.jpg,91.9049074484835,-39.1579803953138
182,206_fs2-00006.jpg,92.2386994060799,-39.4168883737995
183,206_fs2-00006.jpg,92.5703849434913,-39.6789169566265
184,206_fs2-00006.jpg,92.8999524003299,-39.9441259918402
185,206_fs2-00006.jpg,93.2273901162081,-40.212575327486
186,206_fs2-00006.jpg,93.5526864307382,-40.4843248116092
187,206_fs2-00006.jpg,93.8758296835322,-40.7594342922552
188,206_fs2-00006.jpg,94.1968082142025,-41.0379636174695
189,206_fs2-00006.jpg,94.5156103623614,-41.3199726352973
190,206_fs2-00006.jpg,94.8322244676211,-41.6055211937839
191,206_fs2-00006.jpg,95.1466388695939,-41.894669140975
192,206_fs2-00006.jpg,95.458841907892,-42.1874763249158
193,206_fs2-00006.jpg,95.7688219221276,-42.4840025936517
194,206_fs2-00006.jpg,96.076567251913,-42.7843077952278
195,206_fs2-00006.jpg,96.3820662368605,-43.0884517776899
196,206_fs2-00006.jpg,96.6853072165823,-43.3964943890832
197,206_fs2-00006.jpg,96.9862785306906,-43.708495477453
198,206_fs2-00006.jpg,97.2849685187978,-44.0245148908448
199,206_fs2-00006.jpg,97.5813655205161,-44.3446124773038
200,206_fs2-00006.jpg,97.8754578754576,-44.6688480848755
1,206_fs2-00007.jpg,25.4719639335024,30.913005958517
2,206_fs2-00007.jpg,25.7555096832367,30.5425120659264
3,206_fs2-00007.jpg,26.0364015560571,30.1678228504061
4,206_fs2-00007.jpg,26.3146300380482,29.789050611367
5,206_fs2-00007.jpg,26.5901856152944,29.4063076482197
6,206_fs2-00007.jpg,26.8630587738804,29.0197062603751
7,206_fs2-00007.jpg,27.1332399998905,28.6293587472438
8,206_fs2-00007.jpg,27.4007197794094,28.2353774082366
9,206_fs2-00007.jpg,27.6654885985213,27.8378745427642
10,206_fs2-00007.jpg,27.9275369433109,27.4369624502374
11,206_fs2-00007.jpg,28.1868552998627,27.032753430067
12,206_fs2-00007.jpg,28.4434341542611,26.6253597816635
13,206_fs2-00007.jpg,28.6972639925906,26.2148938044379
14,206_fs2-00007.jpg,28.9483353009359,25.8014677978009
15,206_fs2-00007.jpg,29.1966385653812,25.3851940611631
16,206_fs2-00007.jpg,29.4421642720111,24.9661848939353
17,206_fs2-00007.jpg,29.6849029069102,24.5445525955283
18,206_fs2-00007.jpg,29.9248449561629,24.1204094653528
19,206_fs2-00007.jpg,30.1619809058537,23.6938678028195
20,206_fs2-00007.jpg,30.3963012420671,23.2650399073393
21,206_fs2-00007.jpg,30.6277964508876,22.8340380783227
22,206_fs2-00007.jpg,30.8564570183997,22.4009746151806
23,206_fs2-00007.jpg,31.0822734306879,21.9659618173238
24,206_fs2-00007.jpg,31.3052361738367,21.5291119841629
25,206_fs2-00007.jpg,31.5253357339305,21.0905374151086
26,206_fs2-00007.jpg,31.742562597054,20.6503504095718
27,206_fs2-00007.jpg,31.9569072492915,20.2086632669632
28,206_fs2-00007.jpg,32.1683601767276,19.7655882866935
29,206_fs2-00007.jpg,32.3769118654468,19.3212377681734
30,206_fs2-00007.jpg,32.5825528015335,18.8757240108138
31,206_fs2-00007.jpg,32.7848966957122,18.4291593140252
32,206_fs2-00007.jpg,32.9818223480282,17.9816559772186
33,206_fs2-00007.jpg,33.1734257496547,17.5333262998046
34,206_fs2-00007.jpg,33.3602166560725,17.0842825811939
35,206_fs2-00007.jpg,33.5427048227624,16.6346371207974
36,206_fs2-00007.jpg,33.7214000052052,16.1845022180256
37,206_fs2-00007.jpg,33.8968119588816,15.7339901722895
38,206_fs2-00007.jpg,34.0694504392725,15.2832132829997
39,206_fs2-00007.jpg,34.2398252018588,14.8322838495669
40,206_fs2-00007.jpg,34.4084460021211,14.381314171402
41,206_fs2-00007.jpg,34.5758225955403,13.9304165479156
42,206_fs2-00007.jpg,34.7424647375971,13.4797032785185
43,206_fs2-00007.jpg,34.9088821837724,13.0292866626214
44,206_fs2-00007.jpg,35.075584689547,12.5792789996351
45,206_fs2-00007.jpg,35.2430820104017,12.1297925889703
46,206_fs2-00007.jpg,35.4118839018172,11.6809397300377
47,206_fs2-00007.jpg,35.5825001192744,11.2328327222482
48,206_fs2-00007.jpg,35.7554404182541,10.7855838650124
49,206_fs2-00007.jpg,35.931214554237,10.339305457741
50,206_fs2-00007.jpg,36.110332282704,9.8941097998449
51,206_fs2-00007.jpg,36.2933032728947,9.4501091907178
52,206_fs2-00007.jpg,36.4789908722728,9.00737510395538
53,206_fs2-00007.jpg,36.6659280717792,8.56581934885571
54,206_fs2-00007.jpg,36.854060583534,8.12531470818425
55,206_fs2-00007.jpg,37.0433341196575,7.68573396470634
56,206_fs2-00007.jpg,37.2336943922699,7.24694990118746
57,206_fs2-00007.jpg,37.4250871134913,6.80883530039307
58,206_fs2-00007.jpg,37.6174579954418,6.37126294508852
59,206_fs2-00007.jpg,37.8107527502419,5.93410561803927
60,206_fs2-00007.jpg,38.0049170900115,5.49723610201079
61,206_fs2-00007.jpg,38.199896726871,5.06052717976843
62,206_fs2-00007.jpg,38.3956373729404,4.62385163407765
63,206_fs2-00007.jpg,38.5920847403401,4.18708224770387
64,206_fs2-00007.jpg,38.7891845411901,3.75009180341249
65,206_fs2-00007.jpg,38.9868824876107,3.31275308396903
66,206_fs2-00007.jpg,39.1851242917222,2.87493887213878
67,206_fs2-00007.jpg,39.3838556656445,2.43652195068728
68,206_fs2-00007.jpg,39.583022321498,1.99737510237986
69,206_fs2-00007.jpg,39.7825699714028,1.55737110998206
70,206_fs2-00007.jpg,39.9824443274792,1.11638275625921
71,206_fs2-00007.jpg,40.1825911018473,0.674282823976739
72,206_fs2-00007.jpg,40.3829560066274,0.230944095900156
73,206_fs2-00007.jpg,40.5834847539395,-0.213760645205241
74,206_fs2-00007.jpg,40.784123055904,-0.659958616573874
75,206_fs2-00007.jpg,40.9848166246409,-1.10777703544045
76,206_fs2-00007.jpg,41.1855111722706,-1.5573431190395
77,206_fs2-00007.jpg,41.3860722784549,-2.00878327193288
78,206_fs2-00007.jpg,41.5843988786758,-2.46209450949959
79,206_fs2-00007.jpg,41.7798566811971,-2.91700382916025
80,206_fs2-00007.jpg,41.9728160804087,-3.3732044213574
81,206_fs2-00007.jpg,42.1636474707001,-3.83038947653341
82,206_fs2-00007.jpg,42.3527212464613,-4.28825218513083
83,206_fs2-00007.jpg,42.5404078020818,-4.74648573759208
84,206_fs2-00007.jpg,42.7270775319516,-5.2047833243596
85,206_fs2-00007.jpg,42.9131008304603,-5.66283813587586
86,206_fs2-00007.jpg,43.0988480919976,-6.1203433625833
87,206_fs2-00007.jpg,43.2846897109534,-6.5769921949244
88,206_fs2-00007.jpg,43.4709960817174,-7.03247782334165
89,206_fs2-00007.jpg,43.6581375986793,-7.48649343827742
90,206_fs2-00007.jpg,43.8464846562288,-7.9387322301742
91,206_fs2-00007.jpg,44.0364076487559,-8.38888738947435
92,206_fs2-00007.jpg,44.22827697065,-8.83665210662059
93,206_fs2-00007.jpg,44.4224630163012,-9.28171957205507
94,206_fs2-00007.jpg,44.6193361800989,-9.72378297622049
95,206_fs2-00007.jpg,44.8192668564331,-10.1625355095591
96,206_fs2-00007.jpg,45.0226254396935,-10.5976703625136
97,206_fs2-00007.jpg,45.2297823242698,-11.0288807255262
98,206_fs2-00007.jpg,45.4411079045518,-11.4558597890394
99,206_fs2-00007.jpg,45.6569725749292,-11.8783007434959
100,206_fs2-00007.jpg,45.8777467297917,-12.2958967793378
101,206_fs2-00007.jpg,46.1038007635292,-12.7083410870079
102,206_fs2-00007.jpg,46.3355050705313,-13.1153268569483
103,206_fs2-00007.jpg,46.5732300451879,-13.5165472796017
104,206_fs2-00007.jpg,46.8173460818887,-13.9116955454105
105,206_fs2-00007.jpg,47.0682235750234,-14.3004648448172
106,206_fs2-00007.jpg,47.3262329189816,-14.6825483682641
107,206_fs2-00007.jpg,47.5922737442899,-15.0576472776453
108,206_fs2-00007.jpg,47.8703679831685,-15.4257032389673
109,206_fs2-00007.jpg,48.1607971723318,-15.786935250743
110,206_fs2-00007.jpg,48.4629733653198,-16.1415776955205
111,206_fs2-00007.jpg,48.7763086156723,-16.489864955848
112,206_fs2-00007.jpg,49.1002149769295,-16.8320314142736
113,206_fs2-00007.jpg,49.4341045026313,-17.1683114533457
114,206_fs2-00007.jpg,49.7773892463176,-17.4989394556123
115,206_fs2-00007.jpg,50.1294812615286,-17.8241498036218
116,206_fs2-00007.jpg,50.4897926018041,-18.1441768799222
117,206_fs2-00007.jpg,50.8577353206842,-18.4592550670617
118,206_fs2-00007.jpg,51.2327214717088,-18.7696187475887
119,206_fs2-00007.jpg,51.614163108418,-19.0755023040512
120,206_fs2-00007.jpg,52.0014722843518,-19.3771401189973
121,206_fs2-00007.jpg,52.3940610530501,-19.6747665749755
122,206_fs2-00007.jpg,52.7913414680528,-19.9686160545339
123,206_fs2-00007.jpg,53.1927255829002,-20.2589229402205
124,206_fs2-00007.jpg,53.597625451132,-20.5459216145837
125,206_fs2-00007.jpg,54.0054531262883,-20.8298464601717
126,206_fs2-00007.jpg,54.4156206619091,-21.1109318595325
127,206_fs2-00007.jpg,54.8275401115344,-21.3894121952144
128,206_fs2-00007.jpg,55.2406235287041,-21.6655218497657
129,206_fs2-00007.jpg,55.6542829669584,-21.9394952057345
130,206_fs2-00007.jpg,56.067930479837,-22.211566645669
131,206_fs2-00007.jpg,56.4809781208801,-22.4819705521173
132,206_fs2-00007.jpg,56.8928379436276,-22.7509413076278
133,206_fs2-00007.jpg,57.3029220016196,-23.0187132947486
134,206_fs2-00007.jpg,57.710642348396,-23.2855208960278
135,206_fs2-00007.jpg,58.1154110374968,-23.5515984940138
136,206_fs2-00007.jpg,58.516640122462,-23.8171804712546
137,206_fs2-00007.jpg,58.9151751201263,-24.0824709746123
138,206_fs2-00007.jpg,59.3155100484777,-24.3473107060647
139,206_fs2-00007.jpg,59.7180298450656,-24.6113000825726
140,206_fs2-00007.jpg,60.1227421214821,-24.8740352473017
141,206_fs2-00007.jpg,60.5296544893195,-25.1351123434174
142,206_fs2-00007.jpg,60.9387745601699,-25.3941275140859
143,206_fs2-00007.jpg,61.3501099456255,-25.6506769024726
144,206_fs2-00007.jpg,61.7636682572786,-25.9043566517432
145,206_fs2-00007.jpg,62.1794571067213,-26.1547629050636
146,206_fs2-00007.jpg,62.5974841055457,-26.4014918055994
147,206_fs2-00007.jpg,63.0177568653442,-26.6441394965165
148,206_fs2-00007.jpg,63.4402829977089,-26.8823021209803
149,206_fs2-00007.jpg,63.8650701142319,-27.1155758221568
150,206_fs2-00007.jpg,64.2921258265056,-27.3435567432116
151,206_fs2-00007.jpg,64.721457746122,-27.5658410273104
152,206_fs2-00007.jpg,65.1530734846734,-27.7820248176189
153,206_fs2-00007.jpg,65.5869806537519,-27.9917042573029
154,206_fs2-00007.jpg,66.0231868649498,-28.1944754895281
155,206_fs2-00007.jpg,66.4616997298593,-28.3899346574602
156,206_fs2-00007.jpg,66.9025268600725,-28.577677904265
157,206_fs2-00007.jpg,67.3463667056587,-28.7573836993345
158,206_fs2-00007.jpg,67.7941017005593,-28.9291810516827
159,206_fs2-00007.jpg,68.2455063681744,-29.093352310715
160,206_fs2-00007.jpg,68.700345519698,-29.2501799539234
161,206_fs2-00007.jpg,69.1583839663242,-29.3999464587997
162,206_fs2-00007.jpg,69.619386519247,-29.542934302836
163,206_fs2-00007.jpg,70.0831179896605,-29.6794259635243
164,206_fs2-00007.jpg,70.5493431887587,-29.8097039183563
165,206_fs2-00007.jpg,71.0178269277355,-29.9340506448242
166,206_fs2-00007.jpg,71.4883340177853,-30.0527486204198
167,206_fs2-00007.jpg,71.9606292701018,-30.1660803226351
168,206_fs2-00007.jpg,72.4344774958793,-30.2743282289622
169,206_fs2-00007.jpg,72.9096435063116,-30.3777748168928
170,206_fs2-00007.jpg,73.385892112593,-30.476702563919
171,206_fs2-00007.jpg,73.8629881259174,-30.5713939475329
172,206_fs2-00007.jpg,74.3406963574788,-30.6621314452261
173,206_fs2-00007.jpg,74.8187816184714,-30.7491975344908
174,206_fs2-00007.jpg,75.2970087200891,-30.8328746928188
175,206_fs2-00007.jpg,75.775142473526,-30.9134453977022
176,206_fs2-00007.jpg,76.2529476899762,-30.9911921266329
177,206_fs2-00007.jpg,76.7301891806337,-31.0663973571028
178,206_fs2-00007.jpg,77.2066317566926,-31.139343566604
179,206_fs2-00007.jpg,77.6820402293468,-31.2103132326283
180,206_fs2-00007.jpg,78.1561794097905,-31.2795888326677
181,206_fs2-00007.jpg,78.6292790012698,-31.3474528442141
182,206_fs2-00007.jpg,79.1026736817403,-31.4141877447596
183,206_fs2-00007.jpg,79.5764615212427,-31.4800760117961
184,206_fs2-00007.jpg,80.050638045244,-31.5454001228154
185,206_fs2-00007.jpg,80.525198779211,-31.6104425553096
186,206_fs2-00007.jpg,81.0001392486105,-31.6754857867708
187,206_fs2-00007.jpg,81.4754549789094,-31.7408122946906
188,206_fs2-00007.jpg,81.9511414955746,-31.8067045565612
189,206_fs2-00007.jpg,82.4271943240728,-31.8734450498744
190,206_fs2-00007.jpg,82.903608989871,-31.9413162521223
191,206_fs2-00007.jpg,83.380381018436,-32.0106006407967
192,206_fs2-00007.jpg,83.8575059352347,-32.0815806933898
193,206_fs2-00007.jpg,84.3349792657338,-32.1545388873933
194,206_fs2-00007.jpg,84.8127965354003,-32.2297577002993
195,206_fs2-00007.jpg,85.2909532697009,-32.3075196095996
196,206_fs2-00007.jpg,85.7694449941026,-32.3881070927864
197,206_fs2-00007.jpg,86.2482672340723,-32.4718026273514
198,206_fs2-00007.jpg,86.7274155150766,-32.5588886907867
199,206_fs2-00007.jpg,87.2068853625826,-32.6496477605842
200,206_fs2-00007.jpg,87.686672302057,-32.7443623142359
1,206_fs2-00008.jpg,12.0371935756552,50.9975368122784
2,206_fs2-00008.jpg,12.2638844442977,50.5166164845735
3,206_fs2-00008.jpg,12.4918234344008,50.0347698675916
4,206_fs2-00008.jpg,12.7210056547749,49.5520519586251
5,206_fs2-00008.jpg,12.9514262142309,49.0685177549661
6,206_fs2-00008.jpg,13.1830802215792,48.5842222539068
7,206_fs2-00008.jpg,13.4159627856307,48.0992204527396
8,206_fs2-00008.jpg,13.650069015196,47.6135673487566
9,206_fs2-00008.jpg,13.8853940190857,47.1273179392502
10,206_fs2-00008.jpg,14.1219329061104,46.6405272215126
11,206_fs2-00008.jpg,14.3596807850809,46.1532501928359
12,206_fs2-00008.jpg,14.5986327648077,45.6655418505125
13,206_fs2-00008.jpg,14.8387839541016,45.1774571918345
14,206_fs2-00008.jpg,15.0801294617733,44.6890512140944
15,206_fs2-00008.jpg,15.3226643966332,44.2003789145842
16,206_fs2-00008.jpg,15.5663838674922,43.7114952905962
17,206_fs2-00008.jpg,15.8112829831608,43.2224553394228
18,206_fs2-00008.jpg,16.0573568524498,42.733314058356
19,206_fs2-00008.jpg,16.3046005841698,42.2441264446882
20,206_fs2-00008.jpg,16.5530092871314,41.7549474957116
21,206_fs2-00008.jpg,16.8025780701453,41.2658322087185
22,206_fs2-00008.jpg,17.0533020420222,40.776835581001
23,206_fs2-00008.jpg,17.3051763115727,40.2880126098515
24,206_fs2-00008.jpg,17.5581959876074,39.7994182925623
25,206_fs2-00008.jpg,17.8123561789371,39.3111076264254
26,206_fs2-00008.jpg,18.0676519943723,38.8231356087333
27,206_fs2-00008.jpg,18.3240785427238,38.335557236778
28,206_fs2-00008.jpg,18.5816309328023,37.8484275078519
29,206_fs2-00008.jpg,18.8403042734182,37.3618014192472
30,206_fs2-00008.jpg,19.1000948408011,36.8757339682562
31,206_fs2-00008.jpg,19.3611042218632,36.3902801521712
32,206_fs2-00008.jpg,19.6233976698663,35.9054949682842
33,206_fs2-00008.jpg,19.886971454929,35.4214334138877
34,206_fs2-00008.jpg,20.1518218471697,34.9381504862737
35,206_fs2-00008.jpg,20.4179451167069,34.4557011827347
36,206_fs2-00008.jpg,20.685337533659,33.9741405005628
37,206_fs2-00008.jpg,20.9539953681444,33.4935234370503
38,206_fs2-00008.jpg,21.2239148902817,33.0139049894894
39,206_fs2-00008.jpg,21.4950923701892,32.5353401551724
40,206_fs2-00008.jpg,21.7675240779854,32.0578839313914
41,206_fs2-00008.jpg,22.0412062837888,31.5815913154389
42,206_fs2-00008.jpg,22.3161352577179,31.1065173046069
43,206_fs2-00008.jpg,22.592307269891,30.6327168961878
44,206_fs2-00008.jpg,22.8697185904267,30.1602450874738
45,206_fs2-00008.jpg,23.1483654894433,29.689156875757
46,206_fs2-00008.jpg,23.4282442370593,29.2195072583299
47,206_fs2-00008.jpg,23.7093511033933,28.7513512324846
48,206_fs2-00008.jpg,23.9916823585636,28.2847437955134
49,206_fs2-00008.jpg,24.2752342726886,27.8197399447085
50,206_fs2-00008.jpg,24.560003115887,27.3563946773621
51,206_fs2-00008.jpg,24.845985158277,26.8947629907666
52,206_fs2-00008.jpg,25.1331766699772,26.434899882214
53,206_fs2-00008.jpg,25.421573921106,25.9768603489969
54,206_fs2-00008.jpg,25.7111731817818,25.5206993884072
55,206_fs2-00008.jpg,26.0019707221231,25.0664719977373
56,206_fs2-00008.jpg,26.2939628122484,24.6142331742795
57,206_fs2-00008.jpg,26.5871457222761,24.1640379153259
58,206_fs2-00008.jpg,26.8815157223247,23.7159412181688
59,206_fs2-00008.jpg,27.1770690825125,23.2699980801005
60,206_fs2-00008.jpg,27.4738020729582,22.8262634984133
61,206_fs2-00008.jpg,27.77171096378,22.3847924703992
62,206_fs2-00008.jpg,28.0710546070235,21.9456391548734
63,206_fs2-00008.jpg,28.3774695471749,21.5087538388008
64,206_fs2-00008.jpg,28.6925482979859,21.0738837618208
65,206_fs2-00008.jpg,29.0153734883081,20.6407526504719
66,206_fs2-00008.jpg,29.3450277469927,20.2090842312928
67,206_fs2-00008.jpg,29.6805937028911,19.778602230822
68,206_fs2-00008.jpg,30.0211539848547,19.349030375598
69,206_fs2-00008.jpg,30.3657912217346,18.9200923921592
70,206_fs2-00008.jpg,30.7135880423824,18.4915120070443
71,206_fs2-00008.jpg,31.0636270756493,18.0630129467918
72,206_fs2-00008.jpg,31.4149909503867,17.6343189379401
73,206_fs2-00008.jpg,31.7667622954459,17.2051537070279
74,206_fs2-00008.jpg,32.1180237396782,16.7752409805937
75,206_fs2-00008.jpg,32.467857911935,16.3443044851759
76,206_fs2-00008.jpg,32.8153474410677,15.9120679473131
77,206_fs2-00008.jpg,33.1595749559275,15.4782550935439
78,206_fs2-00008.jpg,33.4996230853658,15.0425896504067
79,206_fs2-00008.jpg,33.834574458234,14.6047953444401
80,206_fs2-00008.jpg,34.1635117033834,14.1645959021826
81,206_fs2-00008.jpg,34.4855174496653,13.7217150501728
82,206_fs2-00008.jpg,34.7996743259311,13.2758765149492
83,206_fs2-00008.jpg,35.105064961032,12.8268040230502
84,206_fs2-00008.jpg,35.4007719838195,12.3742213010145
85,206_fs2-00008.jpg,35.685878023145,11.9178520753806
86,206_fs2-00008.jpg,35.9594657078596,11.4574200726869
87,206_fs2-00008.jpg,36.2206176668148,10.9926490194721
88,206_fs2-00008.jpg,36.4684165288619,10.5232626422746
89,206_fs2-00008.jpg,36.7021167436379,10.0489855625655
90,206_fs2-00008.jpg,36.9260327899438,9.56969707963395
91,206_fs2-00008.jpg,37.142705516936,9.08560579616824
92,206_fs2-00008.jpg,37.3525713321622,8.59696252114094
93,206_fs2-00008.jpg,37.55606664317,8.10401806352451
94,206_fs2-00008.jpg,37.7536278575071,7.60702323229151
95,206_fs2-00008.jpg,37.9456913827212,7.10622883641446
96,206_fs2-00008.jpg,38.1326936263599,6.60188568486586
97,206_fs2-00008.jpg,38.315070995971,6.09424458661829
98,206_fs2-00008.jpg,38.493259899102,5.58355635064413
99,206_fs2-00008.jpg,38.6676967433006,5.07007178591601
100,206_fs2-00008.jpg,38.8388179361145,4.5540417014065
101,206_fs2-00008.jpg,39.0070598850915,4.035716906088
102,206_fs2-00008.jpg,39.172858997779,3.51534820893306
103,206_fs2-00008.jpg,39.3366516817249,2.99318641891426
104,206_fs2-00008.jpg,39.4988743444768,2.46948234500405
105,206_fs2-00008.jpg,39.6599633935823,1.944486796175
106,206_fs2-00008.jpg,39.8203552365891,1.41845058139961
107,206_fs2-00008.jpg,39.9804862810449,0.891624509650399
108,206_fs2-00008.jpg,40.1407929344974,0.364259389899871
109,206_fs2-00008.jpg,40.3017116044941,-0.163393968879461
110,206_fs2-00008.jpg,40.4636786985829,-0.691084757715032
111,206_fs2-00008.jpg,40.6271306243113,-1.21856216763427
112,206_fs2-00008.jpg,40.7925037892271,-1.74557538966479
113,206_fs2-00008.jpg,40.9602346008778,-2.27187361483402
114,206_fs2-00008.jpg,41.1307594668111,-2.79720603416945
115,206_fs2-00008.jpg,41.3045147945749,-3.32132183869851
116,206_fs2-00008.jpg,41.4819369917166,-3.84397021944869
117,206_fs2-00008.jpg,41.6634624657839,-4.36490036744749
118,206_fs2-00008.jpg,41.8493373090433,-4.88386339026886
119,206_fs2-00008.jpg,42.0369784414876,-5.40075155308796
120,206_fs2-00008.jpg,42.2254357589071,-5.9156924550399
121,206_fs2-00008.jpg,42.4147009527271,-6.42883600370715
122,206_fs2-00008.jpg,42.6047657143732,-6.94033210667226
123,206_fs2-00008.jpg,42.7956217352706,-7.4503306715178
124,206_fs2-00008.jpg,42.9872607068447,-7.95898160582624
125,206_fs2-00008.jpg,43.1796743205211,-8.46643481718024
126,206_fs2-00008.jpg,43.372854267725,-8.97284021316216
127,206_fs2-00008.jpg,43.5667922398819,-9.47834770135466
128,206_fs2-00008.jpg,43.7614799284172,-9.98310718934033
129,206_fs2-00008.jpg,43.9569090247562,-10.4872685847015
130,206_fs2-00008.jpg,44.1530712203244,-10.9909817950208
131,206_fs2-00008.jpg,44.3499582065472,-11.4943967278809
132,206_fs2-00008.jpg,44.5475616748499,-11.9976632908641
133,206_fs2-00008.jpg,44.745873316658,-12.5009313915532
134,206_fs2-00008.jpg,44.9448848233969,-13.0043509375305
135,206_fs2-00008.jpg,45.1445878864919,-13.5080718363786
136,206_fs2-00008.jpg,45.3449741973685,-14.01224399568
137,206_fs2-00008.jpg,45.546035447452,-14.5170173230174
138,206_fs2-00008.jpg,45.7477633281679,-15.0225417259732
139,206_fs2-00008.jpg,45.9501495309416,-15.52896711213
140,206_fs2-00008.jpg,46.1531857471984,-16.0364433890702
141,206_fs2-00008.jpg,46.3568636683638,-16.5451204643764
142,206_fs2-00008.jpg,46.5611749858631,-17.0551482456312
143,206_fs2-00008.jpg,46.7661113911217,-17.5666766404172
144,206_fs2-00008.jpg,46.9715399581224,-18.0798547485306
145,206_fs2-00008.jpg,47.173410772169,-18.5946490364662
146,206_fs2-00008.jpg,47.3705809881516,-19.1106127546716
147,206_fs2-00008.jpg,47.5641507269859,-19.6272423426764
148,206_fs2-00008.jpg,47.7552201095882,-20.1440342400098
149,206_fs2-00008.jpg,47.9448892568741,-20.6604848862012
150,206_fs2-00008.jpg,48.1342582897598,-21.1760907207802
151,206_fs2-00008.jpg,48.324427329161,-21.690348183276
152,206_fs2-00008.jpg,48.5164964959939,-22.2027537132182
153,206_fs2-00008.jpg,48.7115659111741,-22.7128037501359
154,206_fs2-00008.jpg,48.9107356956179,-23.2199947335588
155,206_fs2-00008.jpg,49.1151059702411,-23.7238231030161
156,206_fs2-00008.jpg,49.3257768559595,-24.2237852980373
157,206_fs2-00008.jpg,49.5438484736893,-24.7193777581518
158,206_fs2-00008.jpg,49.7704209443461,-25.210096922889
159,206_fs2-00008.jpg,50.0065943888462,-25.6954392317783
160,206_fs2-00008.jpg,50.2534689281053,-26.174901124349
161,206_fs2-00008.jpg,50.5121446830394,-26.6479790401306
162,206_fs2-00008.jpg,50.7837217745645,-27.1141694186525
163,206_fs2-00008.jpg,51.0692302810199,-27.5729686994441
164,206_fs2-00008.jpg,51.368156388902,-28.0238733220348
165,206_fs2-00008.jpg,51.6800179706174,-28.466379725954
166,206_fs2-00008.jpg,52.0047094148901,-28.899984350731
167,206_fs2-00008.jpg,52.3421251104442,-29.3241836358953
168,206_fs2-00008.jpg,52.6921594460038,-29.7384740209764
169,206_fs2-00008.jpg,53.0547068102929,-30.1423519455035
170,206_fs2-00008.jpg,53.4296615920355,-30.535313849006
171,206_fs2-00008.jpg,53.8169181799559,-30.9168561710135
172,206_fs2-00008.jpg,54.216370962778,-31.2864753510553
173,206_fs2-00008.jpg,54.6279143292259,-31.6436678286607
174,206_fs2-00008.jpg,55.0514426680236,-31.9879300433593
175,206_fs2-00008.jpg,55.4868503678953,-32.3187584346803
176,206_fs2-00008.jpg,55.934031817565,-32.6356494421532
177,206_fs2-00008.jpg,56.3928814057568,-32.9380995053074
178,206_fs2-00008.jpg,56.8632935211947,-33.2256050636723
179,206_fs2-00008.jpg,57.3451625526028,-33.4976625567773
180,206_fs2-00008.jpg,57.8383828887052,-33.7537684241518
181,206_fs2-00008.jpg,58.3428489182259,-33.9934191053252
182,206_fs2-00008.jpg,58.8584550298891,-34.2161110398268
183,206_fs2-00008.jpg,59.3850956124186,-34.4213406671862
184,206_fs2-00008.jpg,59.9226650545388,-34.6086044269326
185,206_fs2-00008.jpg,60.4710577449736,-34.7773987585956
186,206_fs2-00008.jpg,61.030168072447,-34.9272201017045
187,206_fs2-00008.jpg,61.5998904256832,-35.0575648957886
188,206_fs2-00008.jpg,62.1801191934062,-35.1679295803775
189,206_fs2-00008.jpg,62.7707487643401,-35.2578105950004
190,206_fs2-00008.jpg,63.3716735272089,-35.3267043791868
191,206_fs2-00008.jpg,63.9827878707368,-35.3741073724661
192,206_fs2-00008.jpg,64.6039861836478,-35.3995160143678
193,206_fs2-00008.jpg,65.2351628546659,-35.4024267444212
194,206_fs2-00008.jpg,65.8762122725152,-35.3823360021556
195,206_fs2-00008.jpg,66.5270288259198,-35.3387402271005
196,206_fs2-00008.jpg,67.1875069036038,-35.2711358587854
197,206_fs2-00008.jpg,67.8575408942912,-35.1790193367395
198,206_fs2-00008.jpg,68.537025186706,-35.0618871004924
199,206_fs2-00008.jpg,69.2258541695725,-34.9192355895733
200,206_fs2-00008.jpg,69.9239222316146,-34.7505612435118
1,206_fs2-00009.jpg,13.1868131868131,74.1928030844679
2,206_fs2-00009.jpg,13.1868131868131,73.7261348357264
3,206_fs2-00009.jpg,13.1868131868131,73.2560643319178
4,206_fs2-00009.jpg,13.1868131868131,72.782686115196
5,206_fs2-00009.jpg,13.1868131868131,72.3060947277149
6,206_fs2-00009.jpg,13.1868131868131,71.8263847116285
7,206_fs2-00009.jpg,13.1868131868131,71.3436506090908
8,206_fs2-00009.jpg,13.1868131868131,70.8579869622556
9,206_fs2-00009.jpg,13.1868131868131,70.3694883132768
10,206_fs2-00009.jpg,13.1868131868131,69.8782492043085
11,206_fs2-00009.jpg,13.1868131868131,69.3843641775046
12,206_fs2-00009.jpg,13.1868131868131,68.8879277750189
13,206_fs2-00009.jpg,13.1868131868131,68.3890345390054
14,206_fs2-00009.jpg,13.1868131868131,67.8877790116181
15,206_fs2-00009.jpg,13.1868131868131,67.3842557350109
16,206_fs2-00009.jpg,13.1868131868131,66.8785592513377
17,206_fs2-00009.jpg,13.1868131868131,66.3707841027525
18,206_fs2-00009.jpg,13.1868131868131,65.8610248314091
19,206_fs2-00009.jpg,13.1868131868131,65.3493759794616
20,206_fs2-00009.jpg,13.1868131868131,64.8359320890638
21,206_fs2-00009.jpg,13.1868131868131,64.3207877023698
22,206_fs2-00009.jpg,13.1868131868131,63.8040373615333
23,206_fs2-00009.jpg,13.1868131868131,63.2857756087085
24,206_fs2-00009.jpg,13.1868131868131,62.7660969860491
25,206_fs2-00009.jpg,13.1868131868131,62.2450960357092
26,206_fs2-00009.jpg,13.1868131868131,61.7228672998426
27,206_fs2-00009.jpg,13.1868131868131,61.1995053206034
28,206_fs2-00009.jpg,13.1868131868131,60.6751046401453
29,206_fs2-00009.jpg,13.1868131868131,60.1497598006225
30,206_fs2-00009.jpg,13.1868131868131,59.6235653441887
31,206_fs2-00009.jpg,13.1868131868131,59.096615812998
32,206_fs2-00009.jpg,13.1868131868131,58.5690057492043
33,206_fs2-00009.jpg,13.1868131868131,58.0408296949615
34,206_fs2-00009.jpg,13.1868131868131,57.5121821924235
35,206_fs2-00009.jpg,13.1868131868131,56.9831577837443
36,206_fs2-00009.jpg,13.1868131868131,56.4538510110778
37,206_fs2-00009.jpg,13.1868131868131,55.924356416578
38,206_fs2-00009.jpg,13.1868131868131,55.3947685423987
39,206_fs2-00009.jpg,13.1868131868131,54.865181930694
40,206_fs2-00009.jpg,13.1868131868131,54.3356911236177
41,206_fs2-00009.jpg,13.1868131868131,53.8063906633238
42,206_fs2-00009.jpg,13.1868131868131,53.2773750919662
43,206_fs2-00009.jpg,13.1869230792458,52.7487389516988
44,206_fs2-00009.jpg,13.1939242689646,52.2205767846757
45,206_fs2-00009.jpg,13.2116366309144,51.6929831330507
46,206_fs2-00009.jpg,13.2397873144235,51.1660525389777
47,206_fs2-00009.jpg,13.2781034688203,50.6398795446108
48,206_fs2-00009.jpg,13.3263122434333,50.1145586921037
49,206_fs2-00009.jpg,13.3841407875908,49.5901845236106
50,206_fs2-00009.jpg,13.4513162506212,49.0668515812852
51,206_fs2-00009.jpg,13.5275657818528,48.5446544072815
52,206_fs2-00009.jpg,13.6126165306142,48.0236875437535
53,206_fs2-00009.jpg,13.7061956462337,47.5040455328551
54,206_fs2-00009.jpg,13.8080302780396,46.9858229167403
55,206_fs2-00009.jpg,13.9178475753603,46.4691142375628
56,206_fs2-00009.jpg,14.0353746875243,45.9540140374769
57,206_fs2-00009.jpg,14.16033876386,45.4406168586362
58,206_fs2-00009.jpg,14.2924669536956,44.9290172431949
59,206_fs2-00009.jpg,14.4314864063597,44.4193097333067
60,206_fs2-00009.jpg,14.5771242711805,43.9115888711257
61,206_fs2-00009.jpg,14.7291076974866,43.4059491988057
62,206_fs2-00009.jpg,14.8871638346062,42.9024852585007
63,206_fs2-00009.jpg,15.0510198318678,42.4012915923648
64,206_fs2-00009.jpg,15.2204028385998,41.9024627425516
65,206_fs2-00009.jpg,15.3950400041305,41.4060932512153
66,206_fs2-00009.jpg,15.5746584777884,40.9122776605097
67,206_fs2-00009.jpg,15.7589854089018,40.4211105125889
68,206_fs2-00009.jpg,15.947747946799,39.9326863496066
69,206_fs2-00009.jpg,16.1406732408087,39.4470997137169
70,206_fs2-00009.jpg,16.3374884402589,38.9644451470737
71,206_fs2-00009.jpg,16.5379206944783,38.4848171918309
72,206_fs2-00009.jpg,16.7416971527952,38.0083103901424
73,206_fs2-00009.jpg,16.9485449645379,37.5350192841622
74,206_fs2-00009.jpg,17.1581912790348,37.0650384160443
75,206_fs2-00009.jpg,17.3703632456144,36.5984623279425
76,206_fs2-00009.jpg,17.5847880136051,36.1353855620108
77,206_fs2-00009.jpg,17.8011927323352,35.6759026604032
78,206_fs2-00009.jpg,18.019304551133,35.2201081652735
79,206_fs2-00009.jpg,18.2388506193271,34.7680966187756
80,206_fs2-00009.jpg,18.4595580862457,34.3199625630637
81,206_fs2-00009.jpg,18.6811541012174,33.8758005402914
82,206_fs2-00009.jpg,18.9033658135704,33.4357050926129
83,206_fs2-00009.jpg,19.1259203726332,32.999770762182
84,206_fs2-00009.jpg,19.3485449277341,32.5680920911527
85,206_fs2-00009.jpg,19.5709666282015,32.140763621679
86,206_fs2-00009.jpg,19.7929126233639,31.7178798959146
87,206_fs2-00009.jpg,20.0141100625496,31.2995354560136
88,206_fs2-00009.jpg,20.2343277822912,30.8858248276817
89,206_fs2-00009.jpg,20.4638972353683,30.4767734487355
90,206_fs2-00009.jpg,20.7102940077805,30.0721798830241
91,206_fs2-00009.jpg,20.9725591903959,29.6717961945688
92,206_fs2-00009.jpg,21.2497338740821,29.2753744473906
93,206_fs2-00009.jpg,21.5408591497069,28.8826667055105
94,206_fs2-00009.jpg,21.844976108138,28.4934250329497
95,206_fs2-00009.jpg,22.1611258402432,28.1074014937292
96,206_fs2-00009.jpg,22.4883494368902,27.7243481518703
97,206_fs2-00009.jpg,22.8256879889469,27.344017071394
98,206_fs2-00009.jpg,23.172182587281,26.9661603163212
99,206_fs2-00009.jpg,23.5268743227601,26.5905299506733
100,206_fs2-00009.jpg,23.8888042862522,26.2168780384712
101,206_fs2-00009.jpg,24.2570135686249,25.8449566437362
102,206_fs2-00009.jpg,24.6305432607461,25.4745178304891
103,206_fs2-00009.jpg,25.0084344534834,25.1053136627512
104,206_fs2-00009.jpg,25.3897282377047,24.7370962045435
105,206_fs2-00009.jpg,25.7734657042776,24.3696175198872
106,206_fs2-00009.jpg,26.15868794407,24.0026296728033
107,206_fs2-00009.jpg,26.5444360479495,23.635884727313
108,206_fs2-00009.jpg,26.9297511067841,23.2691347474373
109,206_fs2-00009.jpg,27.3136742114414,22.9021317971973
110,206_fs2-00009.jpg,27.6952464527891,22.5346279406141
111,206_fs2-00009.jpg,28.0735089216952,22.1663752417089
112,206_fs2-00009.jpg,28.4475027090272,21.7971257645028
113,206_fs2-00009.jpg,28.816268905653,21.4266315730167
114,206_fs2-00009.jpg,29.1788486024403,21.0546447312718
115,206_fs2-00009.jpg,29.5342828902569,20.6809173032892
116,206_fs2-00009.jpg,29.8816128599705,20.3052013530901
117,206_fs2-00009.jpg,30.2198796024489,19.9272489446954
118,206_fs2-00009.jpg,30.5481242085599,19.5468121421263
119,206_fs2-00009.jpg,30.8659829063549,19.163644405623
120,206_fs2-00009.jpg,31.1816950158468,18.7776013916991
121,206_fs2-00009.jpg,31.4979623959304,18.38870877447
122,206_fs2-00009.jpg,31.8145073365974,17.9970083001687
123,206_fs2-00009.jpg,32.1310521278394,17.6025417150287
124,206_fs2-00009.jpg,32.4473190596484,17.2053507652831
125,206_fs2-00009.jpg,32.7630304220158,16.8054771971653
126,206_fs2-00009.jpg,33.0779085049335,16.4029627569086
127,206_fs2-00009.jpg,33.3916755983932,15.9978491907462
128,206_fs2-00009.jpg,33.7040539923865,15.5901782449114
129,206_fs2-00009.jpg,34.0147659769053,15.1799916656374
130,206_fs2-00009.jpg,34.3235338419411,14.7673311991577
131,206_fs2-00009.jpg,34.6300798774859,14.3522385917053
132,206_fs2-00009.jpg,34.9341263735311,13.9347555895137
133,206_fs2-00009.jpg,35.2353956200685,13.5149239388161
134,206_fs2-00009.jpg,35.53360990709,13.0927853858458
135,206_fs2-00009.jpg,35.8284915245871,12.668381676836
136,206_fs2-00009.jpg,36.1197627625516,12.2417545580201
137,206_fs2-00009.jpg,36.4071459109753,11.8129457756312
138,206_fs2-00009.jpg,36.6903632598497,11.3819970759028
139,206_fs2-00009.jpg,36.9691370991667,10.9489502050681
140,206_fs2-00009.jpg,37.243189718918,10.5138469093602
141,206_fs2-00009.jpg,37.5122434090952,10.0767289350126
142,206_fs2-00009.jpg,37.7760204596901,9.63763802825855
143,206_fs2-00009.jpg,38.0342431606944,9.19661593533129
144,206_fs2-00009.jpg,38.2866338020999,8.75370440246405
145,206_fs2-00009.jpg,38.5329146738981,8.30894517589019
146,206_fs2-00009.jpg,38.7728080660809,7.86238000184295
147,206_fs2-00009.jpg,39.0068599683186,7.41405062655559
148,206_fs2-00009.jpg,39.2393426260622,6.96399879626142
149,206_fs2-00009.jpg,39.4708683223903,6.51226625719374
150,206_fs2-00009.jpg,39.7013893708784,6.05889475558575
151,206_fs2-00009.jpg,39.9308580851018,5.60392603767082
152,206_fs2-00009.jpg,40.1592267786359,5.14740184968218
153,206_fs2-00009.jpg,40.3864477650561,4.6893639378531
154,206_fs2-00009.jpg,40.6124733579379,4.22985404841688
155,206_fs2-00009.jpg,40.8372558708566,3.76891392760683
156,206_fs2-00009.jpg,41.0607476173877,3.30658532165614
157,206_fs2-00009.jpg,41.2829009111065,2.84290997679818
158,206_fs2-00009.jpg,41.5036680655886,2.3779296392662
159,206_fs2-00009.jpg,41.7230013944093,1.91168605529344
160,206_fs2-00009.jpg,41.940853211144,1.44422097111323
161,206_fs2-00009.jpg,42.1571758293681,0.975576132958849
162,206_fs2-00009.jpg,42.371921562657,0.505793287063511
163,206_fs2-00009.jpg,42.5850427245862,0.034914179660575
164,206_fs2-00009.jpg,42.796491628731,-0.437019443016709
165,206_fs2-00009.jpg,43.0062205886668,-0.90996583473509
166,206_fs2-00009.jpg,43.2141819179692,-1.38388324926126
167,206_fs2-00009.jpg,43.4203279302134,-1.85872994036197
168,206_fs2-00009.jpg,43.6246109389749,-2.33446416180391
169,206_fs2-00009.jpg,43.8269832578291,-2.81104416735377
170,206_fs2-00009.jpg,44.0273972003514,-3.28842821077836
171,206_fs2-00009.jpg,44.2258050801173,-3.76657454584432
172,206_fs2-00009.jpg,44.422159210702,-4.24544142631839
173,206_fs2-00009.jpg,44.616411905681,-4.72498710596733
174,206_fs2-00009.jpg,44.8085154786299,-5.20516983855782
175,206_fs2-00009.jpg,44.9984222431239,-5.68594787785662
176,206_fs2-00009.jpg,45.1860845127384,-6.16727947763047
177,206_fs2-00009.jpg,45.3714546010489,-6.6491228916459
178,206_fs2-00009.jpg,45.5544848216309,-7.13143637366989
179,206_fs2-00009.jpg,45.7351274880596,-7.61417817746906
180,206_fs2-00009.jpg,45.9133349139104,-8.09730655681005
181,206_fs2-00009.jpg,46.089059412759,-8.58077976545974
182,206_fs2-00009.jpg,46.2622532981805,-9.06455605718463
183,206_fs2-00009.jpg,46.4328688837505,-9.54859368575171
184,206_fs2-00009.jpg,46.6008584830443,-10.0328509049275
185,206_fs2-00009.jpg,46.7661744096374,-10.5172859684787
186,206_fs2-00009.jpg,46.9287689771051,-11.0018571301723
187,206_fs2-00009.jpg,47.088594499023,-11.4865226437747
188,206_fs2-00009.jpg,47.2456032889663,-11.9712407630528
189,206_fs2-00009.jpg,47.3997476605105,-12.4559697417733
190,206_fs2-00009.jpg,47.5509799272309,-12.9406678337029
191,206_fs2-00009.jpg,47.6992524027031,-13.4252932926083
192,206_fs2-00009.jpg,47.8445174005025,-13.9098043722563
193,206_fs2-00009.jpg,47.9867272342043,-14.3941593264135
194,206_fs2-00009.jpg,48.1258342173841,-14.8783164088467
195,206_fs2-00009.jpg,48.2617906636173,-15.3622338733226
196,206_fs2-00009.jpg,48.3945488864792,-15.8458699736079
197,206_fs2-00009.jpg,48.5240611995453,-16.3291829634694
198,206_fs2-00009.jpg,48.6502799163909,-16.8121310966737
199,206_fs2-00009.jpg,48.7731573505916,-17.2946726269877
200,206_fs2-00009.jpg,48.8926458157226,-17.776765808178
1,206_fs2-00010.jpg,21.0989010989009,94.5478326702666
2,206_fs2-00010.jpg,20.9700895208346,94.0729311823
3,206_fs2-00010.jpg,20.8417972734914,93.5986458829812
4,206_fs2-00010.jpg,20.7140253789028,93.124959378545
5,206_fs2-00010.jpg,20.5867748591003,92.6518542752262
6,206_fs2-00010.jpg,20.4600467361153,92.1793131792599
7,206_fs2-00010.jpg,20.3338420319791,91.7073186968808
8,206_fs2-00010.jpg,20.2081617687234,91.2358534343238
9,206_fs2-00010.jpg,20.0830069683794,90.7648999978238
10,206_fs2-00010.jpg,19.9583786529788,90.2944409936156
11,206_fs2-00010.jpg,19.8342778445528,89.8244590279342
12,206_fs2-00010.jpg,19.710705565133,89.3549367070143
13,206_fs2-00010.jpg,19.5876628367508,88.8858566370909
14,206_fs2-00010.jpg,19.4651506814376,88.4172014243989
15,206_fs2-00010.jpg,19.3431701212249,87.948953675173
16,206_fs2-00010.jpg,19.2217221781442,87.4810959956482
17,206_fs2-00010.jpg,19.1008078742268,87.0136109920594
18,206_fs2-00010.jpg,18.9804282315043,86.5464812706414
19,206_fs2-00010.jpg,18.860584272008,86.079689437629
20,206_fs2-00010.jpg,18.7412770177694,85.6132180992572
21,206_fs2-00010.jpg,18.6225074908201,85.1470498617609
22,206_fs2-00010.jpg,18.5042767131912,84.6811673313748
23,206_fs2-00010.jpg,18.3865857069145,84.2155531143339
24,206_fs2-00010.jpg,18.2694354940213,83.750189816873
25,206_fs2-00010.jpg,18.152827096543,83.2850600452271
26,206_fs2-00010.jpg,18.0367615365111,82.8201464056309
27,206_fs2-00010.jpg,17.921239835957,82.3554315043193
28,206_fs2-00010.jpg,17.8062630169122,81.8908979475273
29,206_fs2-00010.jpg,17.6918321014081,81.4265283414896
30,206_fs2-00010.jpg,17.5779481114761,80.9623052924412
31,206_fs2-00010.jpg,17.4646120691478,80.4982114066169
32,206_fs2-00010.jpg,17.3518249964546,80.0342292902517
33,206_fs2-00010.jpg,17.2395879154279,79.5703415495803
34,206_fs2-00010.jpg,17.127901848099,79.1065307908376
35,206_fs2-00010.jpg,17.0167678164997,78.6427796202585
36,206_fs2-00010.jpg,16.9061868426611,78.179070644078
37,206_fs2-00010.jpg,16.7961599486148,77.7153864685307
38,206_fs2-00010.jpg,16.6866881563923,77.2517096998517
39,206_fs2-00010.jpg,16.5777724880249,76.7880229442758
40,206_fs2-00010.jpg,16.4694139655441,76.3243088080378
41,206_fs2-00010.jpg,16.3616136109814,75.8605498973727
42,206_fs2-00010.jpg,16.2543724463683,75.3967288185152
43,206_fs2-00010.jpg,16.147691493736,74.9328281777003
44,206_fs2-00010.jpg,16.0415717751162,74.4688305811629
45,206_fs2-00010.jpg,15.9360143125402,74.0047186351377
46,206_fs2-00010.jpg,15.8310201280395,73.5404749458598
47,206_fs2-00010.jpg,15.7265902436455,73.0760821195639
48,206_fs2-00010.jpg,15.6226377860093,72.6115227624849
49,206_fs2-00010.jpg,15.5188615785475,72.1467794808577
50,206_fs2-00010.jpg,15.415263822781,71.6818348809172
51,206_fs2-00010.jpg,15.3118756742109,71.2166715688982
52,206_fs2-00010.jpg,15.2087282883382,70.7512721510356
53,206_fs2-00010.jpg,15.1058528206639,70.2856192335643
54,206_fs2-00010.jpg,15.0032804266891,69.8196954227191
55,206_fs2-00010.jpg,14.9010422619148,69.3534833247349
56,206_fs2-00010.jpg,14.7991694818422,68.8869655458466
57,206_fs2-00010.jpg,14.6976932419722,68.4201246922891
58,206_fs2-00010.jpg,14.5966446978058,67.9529433702971
59,206_fs2-00010.jpg,14.4960550048442,67.4854041861057
60,206_fs2-00010.jpg,14.3959553185884,67.0174897459497
61,206_fs2-00010.jpg,14.2963767945394,66.5491826560638
62,206_fs2-00010.jpg,14.1973505881983,66.0804655226831
63,206_fs2-00010.jpg,14.0989078550662,65.6113209520423
64,206_fs2-00010.jpg,14.001079750644,65.1417315503764
65,206_fs2-00010.jpg,13.9038974304328,64.6716799239202
66,206_fs2-00010.jpg,13.8073920499338,64.2011486789086
67,206_fs2-00010.jpg,13.7115947646478,63.7301204215764
68,206_fs2-00010.jpg,13.6165367300761,63.2585777581586
69,206_fs2-00010.jpg,13.5222491017195,62.78650329489
70,206_fs2-00010.jpg,13.4287630350793,62.3138796380054
71,206_fs2-00010.jpg,13.3361096856563,61.8406893937398
72,206_fs2-00010.jpg,13.2443202089518,61.3669151683279
73,206_fs2-00010.jpg,13.1534257604666,60.8925395680048
74,206_fs2-00010.jpg,13.0634574957019,60.4175451990051
75,206_fs2-00010.jpg,12.9744465701588,59.9419146675639
76,206_fs2-00010.jpg,12.8864241393381,59.465630579916
77,206_fs2-00010.jpg,12.7994213587412,58.9886755422963
78,206_fs2-00010.jpg,12.7134693838689,58.5110321609396
79,206_fs2-00010.jpg,12.6285993702223,58.0326830420807
80,206_fs2-00010.jpg,12.5448424733024,57.5536107919547
81,206_fs2-00010.jpg,12.4622298486104,57.0737980167962
82,206_fs2-00010.jpg,12.3807926516473,56.5932273228403
83,206_fs2-00010.jpg,12.300562037914,56.1118813163218
84,206_fs2-00010.jpg,12.2215691629117,55.6297426034755
85,206_fs2-00010.jpg,12.1435433898832,55.1467950820504
86,206_fs2-00010.jpg,12.0634018634759,54.663083097582
87,206_fs2-00010.jpg,11.9806591157187,54.1787360177162
88,206_fs2-00010.jpg,11.8957310910124,53.6938895964741
89,206_fs2-00010.jpg,11.8090337337579,53.208679587877
90,206_fs2-00010.jpg,11.7209829883562,52.723241745946
91,206_fs2-00010.jpg,11.6319947992081,52.2377118247022
92,206_fs2-00010.jpg,11.5424851107144,51.7522255781668
93,206_fs2-00010.jpg,11.4528698672763,51.266918760361
94,206_fs2-00010.jpg,11.3635650132944,50.7819271253059
95,206_fs2-00010.jpg,11.2749864931698,50.2973864270226
96,206_fs2-00010.jpg,11.1875502513033,49.8134324195324
97,206_fs2-00010.jpg,11.1016722320957,49.3302008568564
98,206_fs2-00010.jpg,11.0177683799482,48.8478274930158
99,206_fs2-00010.jpg,10.9362546392614,48.3664480820316
100,206_fs2-00010.jpg,10.8575469544364,47.8861983779252
101,206_fs2-00010.jpg,10.7820612698739,47.4072141347175
102,206_fs2-00010.jpg,10.710213529975,46.9296311064299
103,206_fs2-00010.jpg,10.6424196791406,46.4535850470834
104,206_fs2-00010.jpg,10.5790956617714,45.9792117106991
105,206_fs2-00010.jpg,10.5206574222685,45.5066468512984
106,206_fs2-00010.jpg,10.4675209050326,45.0360262229023
107,206_fs2-00010.jpg,10.4201020544648,44.5674855795319
108,206_fs2-00010.jpg,10.3788168149659,44.1011606752085
109,206_fs2-00010.jpg,10.3440811309369,43.6371872639531
110,206_fs2-00010.jpg,10.3163109467786,43.175701099787
111,206_fs2-00010.jpg,10.2959222068918,42.7168379367314
112,206_fs2-00010.jpg,10.2833308556777,42.2607335288073
113,206_fs2-00010.jpg,10.2789528375368,41.8075236300359
114,206_fs2-00010.jpg,10.2992011053598,41.3573216157332
115,206_fs2-00010.jpg,10.3592904332897,40.9101471209048
116,206_fs2-00010.jpg,10.456287805196,40.4659952397139
117,206_fs2-00010.jpg,10.5872561735671,40.0248610662387
118,206_fs2-00010.jpg,10.7492584908912,39.5867396945575
119,206_fs2-00010.jpg,10.9393577096565,39.1516262187484
120,206_fs2-00010.jpg,11.1546167823514,38.7195157328896
121,206_fs2-00010.jpg,11.3920986614639,38.2904033310595
122,206_fs2-00010.jpg,11.6488662994825,37.8642841073359
123,206_fs2-00010.jpg,11.9219826488953,37.4411531557973
124,206_fs2-00010.jpg,12.2085106621907,37.0210055705218
125,206_fs2-00010.jpg,12.505513291857,36.6038364455875
126,206_fs2-00010.jpg,12.8100534903822,36.1896408750728
127,206_fs2-00010.jpg,13.1191942102548,35.7784139530558
128,206_fs2-00010.jpg,13.429998403963,35.3701507736146
129,206_fs2-00010.jpg,13.739529023995,34.9648464308275
130,206_fs2-00010.jpg,14.0448490228391,34.5624960187727
131,206_fs2-00010.jpg,14.3430213529836,34.1630946315283
132,206_fs2-00010.jpg,14.6311089669166,33.7666373631725
133,206_fs2-00010.jpg,14.9062967981732,33.3731193020942
134,206_fs2-00010.jpg,15.1788876960255,32.9825292727538
135,206_fs2-00010.jpg,15.4568387694825,32.5948378686721
136,206_fs2-00010.jpg,15.7399959648356,32.210012384946
137,206_fs2-00010.jpg,16.0282052283757,31.8280201166723
138,206_fs2-00010.jpg,16.321312506394,31.4488283589479
139,206_fs2-00010.jpg,16.6191637451815,31.0724044068697
140,206_fs2-00010.jpg,16.9216048910295,30.6987155555346
141,206_fs2-00010.jpg,17.228481890229,30.3277291000394
142,206_fs2-00010.jpg,17.5396406890711,29.9594123354809
143,206_fs2-00010.jpg,17.854927233847,29.5937325569562
144,206_fs2-00010.jpg,18.1741874708478,29.230657059562
145,206_fs2-00010.jpg,18.4972673463646,28.8701531383951
146,206_fs2-00010.jpg,18.8240128066885,28.5121880885526
147,206_fs2-00010.jpg,19.1542697981106,28.1567292051312
148,206_fs2-00010.jpg,19.4878842669222,27.8037437832278
149,206_fs2-00010.jpg,19.8247021594141,27.4531991179394
150,206_fs2-00010.jpg,20.1645694218777,27.1050625043627
151,206_fs2-00010.jpg,20.5073320006039,26.7593012375947
152,206_fs2-00010.jpg,20.852835841884,26.4158826127322
153,206_fs2-00010.jpg,21.200926892009,26.0747739248721
154,206_fs2-00010.jpg,21.55145109727,25.7359424691112
155,206_fs2-00010.jpg,21.9042544039583,25.3993555405465
156,206_fs2-00010.jpg,22.2591827583648,25.0649804342748
157,206_fs2-00010.jpg,22.6160821067807,24.732784445393
158,206_fs2-00010.jpg,22.9747983954971,24.4027348689979
159,206_fs2-00010.jpg,23.3351775708053,24.0747990001864
160,206_fs2-00010.jpg,23.6970655789961,23.7489441340555
161,206_fs2-00010.jpg,24.0603083663608,23.4251375657019
162,206_fs2-00010.jpg,24.4247518791905,23.1033465902225
163,206_fs2-00010.jpg,24.7902420637763,22.7835385027144
164,206_fs2-00010.jpg,25.1566248664093,22.4656805982741
165,206_fs2-00010.jpg,25.5237462333807,22.1497401719987
166,206_fs2-00010.jpg,25.8914521109816,21.8356845189851
167,206_fs2-00010.jpg,26.259588445503,21.5234809343301
168,206_fs2-00010.jpg,26.6280011832361,21.2130967131305
169,206_fs2-00010.jpg,26.996536270472,20.9044991504833
170,206_fs2-00010.jpg,27.3650396535018,20.5976555414853
171,206_fs2-00010.jpg,27.7333572786167,20.2925331812335
172,206_fs2-00010.jpg,28.1013350921078,19.9890993648245
173,206_fs2-00010.jpg,28.4688190402661,19.6873213873554
174,206_fs2-00010.jpg,28.8356550693828,19.3871665439231
175,206_fs2-00010.jpg,29.2016891257491,19.0886021296243
176,206_fs2-00010.jpg,29.5683700742197,18.791595439556
177,206_fs2-00010.jpg,29.9374319553847,18.496113768815
178,206_fs2-00010.jpg,30.3088193947423,18.2021244124983
179,206_fs2-00010.jpg,30.6824751334634,17.9095946657026
180,206_fs2-00010.jpg,31.0583419127191,17.6184918235248
181,206_fs2-00010.jpg,31.4363624736802,17.3287831810619
182,206_fs2-00010.jpg,31.8164795575178,17.0404360334106
183,206_fs2-00010.jpg,32.1986359054027,16.7534176756679
184,206_fs2-00010.jpg,32.582774258506,16.4676954029307
185,206_fs2-00010.jpg,32.9688373579986,16.1832365102958
186,206_fs2-00010.jpg,33.3567679450514,15.90000829286
187,206_fs2-00010.jpg,33.7465087608355,15.6179780457203
188,206_fs2-00010.jpg,34.1380025465218,15.3371130639736
189,206_fs2-00010.jpg,34.5311920432812,15.0573806427167
190,206_fs2-00010.jpg,34.9260199922847,14.7787480770464
191,206_fs2-00010.jpg,35.3224291347032,14.5011826620596
192,206_fs2-00010.jpg,35.7203622117078,14.2246516928533
193,206_fs2-00010.jpg,36.1197619644693,13.9491224645243
194,206_fs2-00010.jpg,36.5205711341588,13.6745622721695
195,206_fs2-00010.jpg,36.9227324619471,13.4009384108857
196,206_fs2-00010.jpg,37.3261886890053,13.1282181757697
197,206_fs2-00010.jpg,37.7308825565043,12.8563688619186
198,206_fs2-00010.jpg,38.136756805615,12.5853577644291
199,206_fs2-00010.jpg,38.5437541775085,12.3151521783981
200,206_fs2-00010.jpg,38.9518174133556,12.0457193989226
1,206_fs2-00011.jpg,28.0642434488586,112.400748984721
2,206_fs2-00011.jpg,27.9258908199926,111.913778004679
3,206_fs2-00011.jpg,27.7865850752926,111.428880076177
4,206_fs2-00011.jpg,27.6463318141419,110.946020268426
5,206_fs2-00011.jpg,27.5051366359239,110.465163650633
6,206_fs2-00011.jpg,27.3630051400217,109.986275292006
7,206_fs2-00011.jpg,27.2199429258188,109.509320261755
8,206_fs2-00011.jpg,27.0759555926984,109.034263629087
9,206_fs2-00011.jpg,26.931048740044,108.561070463211
10,206_fs2-00011.jpg,26.7852279672387,108.089705833335
11,206_fs2-00011.jpg,26.6384988736658,107.620134808668
12,206_fs2-00011.jpg,26.4908670587087,107.152322458419
13,206_fs2-00011.jpg,26.3423381217506,106.686233851795
14,206_fs2-00011.jpg,26.192917662175,106.221834058005
15,206_fs2-00011.jpg,26.0426112793651,105.759088146258
16,206_fs2-00011.jpg,25.8914245727041,105.297961185762
17,206_fs2-00011.jpg,25.7393631415754,104.838418245725
18,206_fs2-00011.jpg,25.5864325853624,104.380424395356
19,206_fs2-00011.jpg,25.4326385034482,103.923944703863
20,206_fs2-00011.jpg,25.2779864952163,103.468944240455
21,206_fs2-00011.jpg,25.1224821600499,103.01538807434
22,206_fs2-00011.jpg,24.9661310973324,102.563241274726
23,206_fs2-00011.jpg,24.8089389064469,102.112468910823
24,206_fs2-00011.jpg,24.650911186777,101.663036051838
25,206_fs2-00011.jpg,24.4920535377057,101.214907766979
26,206_fs2-00011.jpg,24.3323715586166,100.768049125456
27,206_fs2-00011.jpg,24.1718708488928,100.322425196476
28,206_fs2-00011.jpg,24.0105570079176,99.8780010492486
29,206_fs2-00011.jpg,23.8484356350744,99.4347417529816
30,206_fs2-00011.jpg,23.6855123297465,98.9926123768835
31,206_fs2-00011.jpg,23.5217926913172,98.5515779901627
32,206_fs2-00011.jpg,23.3572823191698,98.1116036620277
33,206_fs2-00011.jpg,23.1919868126876,97.6726544616869
34,206_fs2-00011.jpg,23.0259117712538,97.2346954583487
35,206_fs2-00011.jpg,22.8590627942519,96.7976917212216
36,206_fs2-00011.jpg,22.6914454810652,96.3616083195139
37,206_fs2-00011.jpg,22.5230654310768,95.9264103224342
38,206_fs2-00011.jpg,22.3539282436702,95.4920627991908
39,206_fs2-00011.jpg,22.1840395182286,95.0585308189922
40,206_fs2-00011.jpg,22.0134048541353,94.6257794510468
41,206_fs2-00011.jpg,21.8420298507737,94.1937737645629
42,206_fs2-00011.jpg,21.669920107527,93.7624788287491
43,206_fs2-00011.jpg,21.4970812237787,93.3318597128138
44,206_fs2-00011.jpg,21.3235187989118,92.9018814859654
45,206_fs2-00011.jpg,21.1492384323099,92.4725092174123
46,206_fs2-00011.jpg,20.974245723356,92.0437079763629
47,206_fs2-00011.jpg,20.7985462714337,91.6154428320257
48,206_fs2-00011.jpg,20.6221456759262,91.1876788536091
49,206_fs2-00011.jpg,20.4450495362168,90.7603811103215
50,206_fs2-00011.jpg,20.2672634516888,90.3335146713714
51,206_fs2-00011.jpg,20.0874267162395,89.9070446059671
52,206_fs2-00011.jpg,19.9021516409349,89.4809359833172
53,206_fs2-00011.jpg,19.7115362407664,89.05515387263
54,206_fs2-00011.jpg,19.5158620265875,88.6296633431139
55,206_fs2-00011.jpg,19.3154105092517,88.2044294639775
56,206_fs2-00011.jpg,19.1104631996124,87.779417304429
57,206_fs2-00011.jpg,18.9013016085232,87.354591933677
58,206_fs2-00011.jpg,18.6882072468374,86.9299184209298
59,206_fs2-00011.jpg,18.4714616254087,86.505361835396
60,206_fs2-00011.jpg,18.2513462550905,86.0808872462838
61,206_fs2-00011.jpg,18.0281426467362,85.6564597228018
62,206_fs2-00011.jpg,17.8021323111994,85.2320443341584
63,206_fs2-00011.jpg,17.5735967593336,84.8076061495619
64,206_fs2-00011.jpg,17.3428175019922,84.3831102382209
65,206_fs2-00011.jpg,17.1100760500287,83.9585216693437
66,206_fs2-00011.jpg,16.8756539142966,83.5338055121388
67,206_fs2-00011.jpg,16.6398326056494,83.1089268358147
68,206_fs2-00011.jpg,16.4028936349406,82.6838507095796
69,206_fs2-00011.jpg,16.1651185130237,82.258542202642
70,206_fs2-00011.jpg,15.9267887507521,81.8329663842105
71,206_fs2-00011.jpg,15.6881858589793,81.4070883234934
72,206_fs2-00011.jpg,15.4495913485588,80.9808730896991
73,206_fs2-00011.jpg,15.2112867303442,80.554285752036
74,206_fs2-00011.jpg,14.9735535151888,80.1272913797127
75,206_fs2-00011.jpg,14.7366732139462,79.6998550419375
76,206_fs2-00011.jpg,14.5009273374699,79.2719418079188
77,206_fs2-00011.jpg,14.2665973966133,78.8435167468651
78,206_fs2-00011.jpg,14.03396490223,78.4145449279847
79,206_fs2-00011.jpg,13.8033113651734,77.9849914204862
80,206_fs2-00011.jpg,13.574918296297,77.5548212935779
81,206_fs2-00011.jpg,13.3490672064542,77.1239996164683
82,206_fs2-00011.jpg,13.1260396064987,76.6924914583658
83,206_fs2-00011.jpg,12.9061170072838,76.2602618884789
84,206_fs2-00011.jpg,12.689580919663,75.8272759760158
85,206_fs2-00011.jpg,12.4767128544899,75.3934987901852
86,206_fs2-00011.jpg,12.2677943226179,74.9588954001953
87,206_fs2-00011.jpg,12.0631068349005,74.5234308752547
88,206_fs2-00011.jpg,11.8629319021911,74.0870702845717
89,206_fs2-00011.jpg,11.6675510353434,73.6497786973549
90,206_fs2-00011.jpg,11.4772457452107,73.2115211828125
91,206_fs2-00011.jpg,11.2922975426466,72.7722628101531
92,206_fs2-00011.jpg,11.1129879385044,72.331968648585
93,206_fs2-00011.jpg,10.9395984436378,71.8906037673167
94,206_fs2-00011.jpg,10.7724105689002,71.4481332355566
95,206_fs2-00011.jpg,10.6117058251451,71.0045221225132
96,206_fs2-00011.jpg,10.4577657232259,70.5597354973949
97,206_fs2-00011.jpg,10.3108717739962,70.11373842941
98,206_fs2-00011.jpg,10.1713054883095,69.6664959877671
99,206_fs2-00011.jpg,10.0393483770192,69.2179732416745
100,206_fs2-00011.jpg,9.91528195097874,68.7681352603407
101,206_fs2-00011.jpg,9.79938772104174,68.316947112974
102,206_fs2-00011.jpg,9.6919471980616,67.864373868783
103,206_fs2-00011.jpg,9.59076150528045,67.4103850707708
104,206_fs2-00011.jpg,9.4907001005007,66.9549845786891
105,206_fs2-00011.jpg,9.3916959478413,66.4981921373572
106,206_fs2-00011.jpg,9.29385926630232,66.0400275779861
107,206_fs2-00011.jpg,9.19730027488373,65.5805107317866
108,206_fs2-00011.jpg,9.10212919258561,65.11966142997
109,206_fs2-00011.jpg,9.00845623840792,64.6574995037471
110,206_fs2-00011.jpg,8.91639163135068,64.1940447843289
111,206_fs2-00011.jpg,8.82604559041397,63.7293171029265
112,206_fs2-00011.jpg,8.73752833459781,63.2633362907508
113,206_fs2-00011.jpg,8.65095008290217,62.7961221790128
114,206_fs2-00011.jpg,8.56642105432707,62.3276945989235
115,206_fs2-00011.jpg,8.48405146787258,61.8580733816939
116,206_fs2-00011.jpg,8.40395154253872,61.387278358535
117,206_fs2-00011.jpg,8.32623149732547,60.9153293606578
118,206_fs2-00011.jpg,8.25100155123289,60.4422462192732
119,206_fs2-00011.jpg,8.17837192326101,59.9680487655924
120,206_fs2-00011.jpg,8.1084528324098,59.4927568308261
121,206_fs2-00011.jpg,8.04135449767932,59.0163902461856
122,206_fs2-00011.jpg,7.97718713806955,58.5389688428817
123,206_fs2-00011.jpg,7.91606097258057,58.0605124521254
124,206_fs2-00011.jpg,7.85808622021239,57.5810409051277
125,206_fs2-00011.jpg,7.80337309996503,57.1005740330996
126,206_fs2-00011.jpg,7.75203183083846,56.6191316672522
127,206_fs2-00011.jpg,7.70417263183282,56.1367336387964
128,206_fs2-00011.jpg,7.65990572194801,55.6533997789431
129,206_fs2-00011.jpg,7.61934132018411,55.1691499189035
130,206_fs2-00011.jpg,7.58258964554108,54.6840038898884
131,206_fs2-00011.jpg,7.54976091701906,54.1979815231089
132,206_fs2-00011.jpg,7.52096535361801,53.7111026497759
133,206_fs2-00011.jpg,7.49595613068834,53.2233882584446
134,206_fs2-00011.jpg,7.47190297475919,52.7348977820461
135,206_fs2-00011.jpg,7.4481883078721,52.2457371055995
136,206_fs2-00011.jpg,7.42482938359115,51.7560148910043
137,206_fs2-00011.jpg,7.40184345548039,51.2658398001603
138,206_fs2-00011.jpg,7.37924777710379,50.7753204949674
139,206_fs2-00011.jpg,7.3570596020254,50.2845656373252
140,206_fs2-00011.jpg,7.33529618380931,49.7936838891334
141,206_fs2-00011.jpg,7.31397477601939,49.3027839122919
142,206_fs2-00011.jpg,7.29311263221985,48.8119743687005
143,206_fs2-00011.jpg,7.27272700597462,48.3213639202588
144,206_fs2-00011.jpg,7.25283515084772,47.8310612288665
145,206_fs2-00011.jpg,7.23345432040315,47.3411749564235
146,206_fs2-00011.jpg,7.214601768205,46.8518137648295
147,206_fs2-00011.jpg,7.19629474781732,46.3630863159842
148,206_fs2-00011.jpg,7.17855051280407,45.8751012717875
149,206_fs2-00011.jpg,7.16138631672931,45.3879672941389
150,206_fs2-00011.jpg,7.14481941315699,44.9017930449384
151,206_fs2-00011.jpg,7.12886705565126,44.4166871860856
152,206_fs2-00011.jpg,7.1135464977761,43.9327583794803
153,206_fs2-00011.jpg,7.09887499309548,43.4501152870223
154,206_fs2-00011.jpg,7.08486979517346,42.9688665706113
155,206_fs2-00011.jpg,7.07154815757411,42.489120892147
156,206_fs2-00011.jpg,7.05892733386145,42.0109869135292
157,206_fs2-00011.jpg,7.04702457759942,41.5345732966577
158,206_fs2-00011.jpg,7.03585714235214,41.0599887034322
159,206_fs2-00011.jpg,7.02544228168358,40.5873417957524
160,206_fs2-00011.jpg,7.0157972491578,40.1167412355181
161,206_fs2-00011.jpg,7.00693929833881,39.6482956846291
162,206_fs2-00011.jpg,6.99888568279067,39.1821138049851
163,206_fs2-00011.jpg,6.99165365607735,38.7183042584858
164,206_fs2-00011.jpg,6.9852604717629,38.2569757070311
165,206_fs2-00011.jpg,6.97972338341134,37.7982368125205
166,206_fs2-00011.jpg,6.97505964458674,37.3421962368541
167,206_fs2-00011.jpg,6.97128650885304,36.8889626419314
168,206_fs2-00011.jpg,6.96842122977438,36.4386446896521
169,206_fs2-00011.jpg,6.9664810609147,35.9913510419161
170,206_fs2-00011.jpg,6.96548325583802,35.5471903606232
171,206_fs2-00011.jpg,6.96857620206112,35.106271307673
172,206_fs2-00011.jpg,6.99754464148793,34.6687025449653
173,206_fs2-00011.jpg,7.05566295375348,34.2345927343999
174,206_fs2-00011.jpg,7.14183037050987,33.8040505378764
175,206_fs2-00011.jpg,7.25494612340941,33.3771846172948
176,206_fs2-00011.jpg,7.39390944410422,32.9541036345547
177,206_fs2-00011.jpg,7.55761956424664,32.5349162515557
178,206_fs2-00011.jpg,7.74497571548875,32.1197311301979
179,206_fs2-00011.jpg,7.9548771294829,31.7086569323808
180,206_fs2-00011.jpg,8.18622303788118,31.3018023200042
181,206_fs2-00011.jpg,8.43791267233593,30.8992759549679
182,206_fs2-00011.jpg,8.7088452644993,30.5011864991716
183,206_fs2-00011.jpg,8.99792004602358,30.107642614515
184,206_fs2-00011.jpg,9.30403624856086,29.718752962898
185,206_fs2-00011.jpg,9.62609310376348,29.3346262062202
186,206_fs2-00011.jpg,9.96298984328365,28.9553710063815
187,206_fs2-00011.jpg,10.3136256987735,28.5810960252815
188,206_fs2-00011.jpg,10.6768999018853,28.2119099248201
189,206_fs2-00011.jpg,11.0517116842713,27.8479213668969
190,206_fs2-00011.jpg,11.4369602775838,27.4892390134117
191,206_fs2-00011.jpg,11.8315449134748,27.1359715262643
192,206_fs2-00011.jpg,12.2343648235966,26.7882275673545
193,206_fs2-00011.jpg,12.6443192396015,26.4461157985818
194,206_fs2-00011.jpg,13.0603073931417,26.1097448818463
195,206_fs2-00011.jpg,13.4812285158694,25.7792234790475
196,206_fs2-00011.jpg,13.9059818394367,25.4546602520852
197,206_fs2-00011.jpg,14.3334665954961,25.1361638628592
198,206_fs2-00011.jpg,14.7625820156995,24.8238429732692
199,206_fs2-00011.jpg,15.1922273316994,24.517806245215
200,206_fs2-00011.jpg,15.6213017751478,24.2181623405963
1,206_fs2-00012.jpg,43.2797971259509,124.640816609404
2,206_fs2-00012.jpg,42.8840919096327,124.346836866098
3,206_fs2-00012.jpg,42.4912155630352,124.050293119356
4,206_fs2-00012.jpg,42.1011680192024,123.751195656748
5,206_fs2-00012.jpg,41.7139492111781,123.449554765842
6,206_fs2-00012.jpg,41.3295590720062,123.145380734208
7,206_fs2-00012.jpg,40.9479975347309,122.838683849417
8,206_fs2-00012.jpg,40.5692645323958,122.529474399036
9,206_fs2-00012.jpg,40.1933599980449,122.217762670636
10,206_fs2-00012.jpg,39.8202838647221,121.903558951786
11,206_fs2-00012.jpg,39.4500360654715,121.586873530056
12,206_fs2-00012.jpg,39.0826165333367,121.267716693015
13,206_fs2-00012.jpg,38.7180252013619,120.946098728232
14,206_fs2-00012.jpg,38.3562620025909,120.622029923276
15,206_fs2-00012.jpg,37.9973268700675,120.295520565718
16,206_fs2-00012.jpg,37.6412197368358,119.966580943127
17,206_fs2-00012.jpg,37.2879405359397,119.635221343071
18,206_fs2-00012.jpg,36.937489200423,119.301452053121
19,206_fs2-00012.jpg,36.5898656633296,118.965283360847
20,206_fs2-00012.jpg,36.2450698577036,118.626725553816
21,206_fs2-00012.jpg,35.9031017165887,118.285788919599
22,206_fs2-00012.jpg,35.563961173029,117.942483745766
23,206_fs2-00012.jpg,35.2276481600683,117.596820319885
24,206_fs2-00012.jpg,34.8941626107505,117.248808929526
25,206_fs2-00012.jpg,34.5635044581196,116.898459862259
26,206_fs2-00012.jpg,34.2356736352195,116.545783405653
27,206_fs2-00012.jpg,33.910670075094,116.190789847277
28,206_fs2-00012.jpg,33.5884937107872,115.833489474701
29,206_fs2-00012.jpg,33.2691444753428,115.473892575495
30,206_fs2-00012.jpg,32.952622301805,115.112009437227
31,206_fs2-00012.jpg,32.6389271232174,114.747850347467
32,206_fs2-00012.jpg,32.3280588726241,114.381425593785
33,206_fs2-00012.jpg,32.020017483069,114.01274546375
34,206_fs2-00012.jpg,31.714802887596,113.641820244931
35,206_fs2-00012.jpg,31.4124150192489,113.268660224898
36,206_fs2-00012.jpg,31.1128538110718,112.893275691221
37,206_fs2-00012.jpg,30.8161191961085,112.515676931468
38,206_fs2-00012.jpg,30.522211107403,112.135874233209
39,206_fs2-00012.jpg,30.2311294779991,111.753877884014
40,206_fs2-00012.jpg,29.9428742409409,111.369698171452
41,206_fs2-00012.jpg,29.6574424762055,110.983345383093
42,206_fs2-00012.jpg,29.3748007456338,110.594829806505
43,206_fs2-00012.jpg,29.0949443969639,110.204161729259
44,206_fs2-00012.jpg,28.8178797619578,109.811351438923
45,206_fs2-00012.jpg,28.5436131723777,109.416409223068
46,206_fs2-00012.jpg,28.2721509599854,109.019345369262
47,206_fs2-00012.jpg,28.0034994565428,108.620170165076
48,206_fs2-00012.jpg,27.7376649938122,108.218893898078
49,206_fs2-00012.jpg,27.4746539035553,107.815526855838
50,206_fs2-00012.jpg,27.2144725175343,107.410079325925
51,206_fs2-00012.jpg,26.957127167511,107.002561595909
52,206_fs2-00012.jpg,26.7026241852476,106.592983953359
53,206_fs2-00012.jpg,26.4509699025059,106.181356685845
54,206_fs2-00012.jpg,26.202170651048,105.767690080936
55,206_fs2-00012.jpg,25.9562327626359,105.351994426202
56,206_fs2-00012.jpg,25.7131625690315,104.934280009211
57,206_fs2-00012.jpg,25.4729664019969,104.514557117534
58,206_fs2-00012.jpg,25.2356505932939,104.09283603874
59,206_fs2-00012.jpg,25.0012214746848,103.669127060398
60,206_fs2-00012.jpg,24.7696853779314,103.243440470078
61,206_fs2-00012.jpg,24.5410486347956,102.815786555348
62,206_fs2-00012.jpg,24.3153175770397,102.38617560378
63,206_fs2-00012.jpg,24.0924985364253,101.954617902941
64,206_fs2-00012.jpg,23.8725978447147,101.521123740402
65,206_fs2-00012.jpg,23.6556218336698,101.085703403732
66,206_fs2-00012.jpg,23.4417827773335,100.648368797461
67,206_fs2-00012.jpg,23.2326317966676,100.209184648725
68,206_fs2-00012.jpg,23.0282291098523,99.7682790030324
69,206_fs2-00012.jpg,22.828257406332,99.3257836436474
70,206_fs2-00012.jpg,22.632399375551,98.8818303538332
71,206_fs2-00012.jpg,22.4403377069539,98.4365509168532
72,206_fs2-00012.jpg,22.2517550899849,97.9900771159706
73,206_fs2-00012.jpg,22.0663342140885,97.5425407344489
74,206_fs2-00012.jpg,21.883757768709,97.0940735555514
75,206_fs2-00012.jpg,21.7037084432909,96.6448073625415
76,206_fs2-00012.jpg,21.5258689272785,96.1948739386826
77,206_fs2-00012.jpg,21.3499219101162,95.7444050672379
78,206_fs2-00012.jpg,21.1755500812485,95.293532531471
79,206_fs2-00012.jpg,21.0024361301197,94.842388114645
80,206_fs2-00012.jpg,20.8302627461741,94.3911036000235
81,206_fs2-00012.jpg,20.6587126188563,93.9398107708697
82,206_fs2-00012.jpg,20.4874684376106,93.488641410447
83,206_fs2-00012.jpg,20.3162128918813,93.0377273020188
84,206_fs2-00012.jpg,20.1446286711129,92.5872002288485
85,206_fs2-00012.jpg,19.9723984647498,92.1371919741994
86,206_fs2-00012.jpg,19.7992049622363,91.6878343213348
87,206_fs2-00012.jpg,19.6247308530169,91.2392590535181
88,206_fs2-00012.jpg,19.4486588265359,90.7915979540128
89,206_fs2-00012.jpg,19.2706715722377,90.344982806082
90,206_fs2-00012.jpg,19.0904517795668,89.8995453929894
91,206_fs2-00012.jpg,18.9076821379675,89.455417497998
92,206_fs2-00012.jpg,18.7220453368842,89.0127309043715
93,206_fs2-00012.jpg,18.5332240657612,88.571617395373
94,206_fs2-00012.jpg,18.340901014043,88.1322087542659
95,206_fs2-00012.jpg,18.1447588711741,87.6946367643138
96,206_fs2-00012.jpg,17.9444803265987,87.2590332087798
97,206_fs2-00012.jpg,17.7397480697613,86.8255298709273
98,206_fs2-00012.jpg,17.5302060789522,86.3942578214471
99,206_fs2-00012.jpg,17.3148686948948,85.9652591376231
100,206_fs2-00012.jpg,17.0937685486607,85.5384015468867
101,206_fs2-00012.jpg,16.8673728722678,85.1135325324221
102,206_fs2-00012.jpg,16.6361488977338,84.6904995774137
103,206_fs2-00012.jpg,16.4005638570763,84.2691501650459
104,206_fs2-00012.jpg,16.1610849823133,83.8493317785028
105,206_fs2-00012.jpg,15.9181795054623,83.430891900969
106,206_fs2-00012.jpg,15.6723146585412,83.0136780156287
107,206_fs2-00012.jpg,15.4239576735676,82.5975376056663
108,206_fs2-00012.jpg,15.1735757825593,82.1823181542661
109,206_fs2-00012.jpg,14.9216362175341,81.7678671446124
110,206_fs2-00012.jpg,14.6686062105096,81.3540320598897
111,206_fs2-00012.jpg,14.4149529935037,80.9406603832821
112,206_fs2-00012.jpg,14.1611437985341,80.5275995979741
113,206_fs2-00012.jpg,13.9076458576184,80.1146971871501
114,206_fs2-00012.jpg,13.6549264027744,79.7018006339942
115,206_fs2-00012.jpg,13.4034526660199,79.2887574216909
116,206_fs2-00012.jpg,13.1536918793727,78.8754150334245
117,206_fs2-00012.jpg,12.9061112748504,78.4616209523794
118,206_fs2-00012.jpg,12.6611780844707,78.0472226617399
119,206_fs2-00012.jpg,12.4193595402515,77.6320676446903
120,206_fs2-00012.jpg,12.1811228742105,77.2160033844149
121,206_fs2-00012.jpg,11.9469353183653,76.7988773640982
122,206_fs2-00012.jpg,11.7172641047338,76.3805370669244
123,206_fs2-00012.jpg,11.4917751114999,75.9608380084071
124,206_fs2-00012.jpg,11.267665243438,75.5397465314639
125,206_fs2-00012.jpg,11.0446305509472,75.1173097468904
126,206_fs2-00012.jpg,10.8226545396093,74.6935765966129
127,206_fs2-00012.jpg,10.601720715006,74.2685960225572
128,206_fs2-00012.jpg,10.3818125827194,73.8424169666494
129,206_fs2-00012.jpg,10.1629136483312,73.4150883708154
130,206_fs2-00012.jpg,9.94500741742331,72.9866591769814
131,206_fs2-00012.jpg,9.72807739557754,72.5571783270732
132,206_fs2-00012.jpg,9.51210708837579,72.126694763017
133,206_fs2-00012.jpg,9.29708000139988,71.6952574267387
134,206_fs2-00012.jpg,9.08297964023171,71.2629152601643
135,206_fs2-00012.jpg,8.86978951045313,70.8297172052199
136,206_fs2-00012.jpg,8.65749311764591,70.3957122038315
137,206_fs2-00012.jpg,8.44607396739201,69.9609491979251
138,206_fs2-00012.jpg,8.23551556527326,69.5254771294266
139,206_fs2-00012.jpg,8.0258014168715,69.0893449402622
140,206_fs2-00012.jpg,7.81691502776857,68.6526015723577
141,206_fs2-00012.jpg,7.60883990354637,68.2152959676392
142,206_fs2-00012.jpg,7.40155954978678,67.7774770680329
143,206_fs2-00012.jpg,7.19505747207154,67.3391938154646
144,206_fs2-00012.jpg,6.98931717598259,66.9004951518602
145,206_fs2-00012.jpg,6.78432216710178,66.4614300191461
146,206_fs2-00012.jpg,6.58005595101093,66.0220473592479
147,206_fs2-00012.jpg,6.37650203329196,65.5823961140919
148,206_fs2-00012.jpg,6.17364391952663,65.142525225604
149,206_fs2-00012.jpg,5.97146511529689,64.7024836357102
150,206_fs2-00012.jpg,5.76994912618454,64.2623202863365
151,206_fs2-00012.jpg,5.56907945777147,63.822084119409
152,206_fs2-00012.jpg,5.36883961563956,63.3818240768537
153,206_fs2-00012.jpg,5.16921310537055,62.9415891005965
154,206_fs2-00012.jpg,4.97018343254643,62.5014281325634
155,206_fs2-00012.jpg,4.77173410274895,62.0613901146806
156,206_fs2-00012.jpg,4.57384862156005,61.621523988874
157,206_fs2-00012.jpg,4.37651049456156,61.1818786970696
158,206_fs2-00012.jpg,4.17557982304862,60.7424930292039
159,206_fs2-00012.jpg,3.96211362821703,60.3033184850572
160,206_fs2-00012.jpg,3.73764145930693,59.8642620687168
161,206_fs2-00012.jpg,3.50415370825135,59.4252304297409
162,206_fs2-00012.jpg,3.26364076698343,58.9861302176873
163,206_fs2-00012.jpg,3.01809302743612,58.5468680821141
164,206_fs2-00012.jpg,2.76950088154257,58.1073506725792
165,206_fs2-00012.jpg,2.51985472123579,57.6674846386406
166,206_fs2-00012.jpg,2.27114493844886,57.2271766298563
167,206_fs2-00012.jpg,2.02536192511479,56.7863332957843
168,206_fs2-00012.jpg,1.78449607316668,56.3448612859825
169,206_fs2-00012.jpg,1.55053777453759,55.9026672500088
170,206_fs2-00012.jpg,1.32547742116049,55.4596578374214
171,206_fs2-00012.jpg,1.11130540496856,55.0157396977782
172,206_fs2-00012.jpg,0.910012117894837,54.5708194806371
173,206_fs2-00012.jpg,0.723587951872275,54.1248038355561
174,206_fs2-00012.jpg,0.554023298834011,53.6775994120932
175,206_fs2-00012.jpg,0.40330855071312,53.2291128598064
176,206_fs2-00012.jpg,0.273434099442625,52.7792508282537
177,206_fs2-00012.jpg,0.166390336955601,52.327919966993
178,206_fs2-00012.jpg,0.0841676551850128,51.8750269255823
179,206_fs2-00012.jpg,0.028756446064051,51.4204783535796
180,206_fs2-00012.jpg,0.00214710152573616,50.9641809005429
181,206_fs2-00012.jpg,0,50.5060412160301
182,206_fs2-00012.jpg,0,50.0459659495993
183,206_fs2-00012.jpg,0,49.5838617508084
184,206_fs2-00012.jpg,0,49.1196352692153
185,206_fs2-00012.jpg,0,48.6531931543781
186,206_fs2-00012.jpg,0,48.1844420558548
187,206_fs2-00012.jpg,0,47.7132886232033
188,206_fs2-00012.jpg,0,47.2396395059815
189,206_fs2-00012.jpg,0,46.7634013537476
190,206_fs2-00012.jpg,0,46.2844808160593
191,206_fs2-00012.jpg,0,45.8027845424749
192,206_fs2-00012.jpg,0,45.3182191825521
193,206_fs2-00012.jpg,0,44.830691385849
194,206_fs2-00012.jpg,0,44.3401078019236
195,206_fs2-00012.jpg,0,43.8463750803338
196,206_fs2-00012.jpg,0,43.3493998706377
197,206_fs2-00012.jpg,0,42.8490888223931
198,206_fs2-00012.jpg,0,42.3453485851581
199,206_fs2-00012.jpg,0,41.8380858084907
200,206_fs2-00012.jpg,0,41.3272071419489
