points,Image,X,Y
1,206_fs3-00001.jpg,0,32.439247412918
2,206_fs3-00001.jpg,0.508104527078501,32.4785128840824
3,206_fs3-00001.jpg,1.01588349022143,32.5111505489909
4,206_fs3-00001.jpg,1.52333853856123,32.5373243881698
5,206_fs3-00001.jpg,2.03047132123032,32.5571983821459
6,206_fs3-00001.jpg,2.53728348736118,32.5709365114457
7,206_fs3-00001.jpg,3.04377668608623,32.5787027565958
8,206_fs3-00001.jpg,3.54995256653788,32.5806610981226
9,206_fs3-00001.jpg,4.05581277784862,32.5769755165529
10,206_fs3-00001.jpg,4.56135896915086,32.5678099924131
11,206_fs3-00001.jpg,5.06659278957707,32.5533285062297
12,206_fs3-00001.jpg,5.57151588825965,32.5336950385295
13,206_fs3-00001.jpg,6.07612991433106,32.5090735698388
14,206_fs3-00001.jpg,6.58043651692375,32.4796280806844
15,206_fs3-00001.jpg,7.08443734517016,32.4455225515928
16,206_fs3-00001.jpg,7.5881340482027,32.4069209630905
17,206_fs3-00001.jpg,8.09152827515385,32.363987295704
18,206_fs3-00001.jpg,8.59462167515602,32.3168855299601
19,206_fs3-00001.jpg,9.09741589734168,32.2657796463851
20,206_fs3-00001.jpg,9.59991259084325,32.2108336255057
21,206_fs3-00001.jpg,10.1021134047932,32.1522114478485
22,206_fs3-00001.jpg,10.6040199883239,32.09007709394
23,206_fs3-00001.jpg,11.1056339905678,32.0245945443068
24,206_fs3-00001.jpg,11.6069570606575,31.9559277794754
25,206_fs3-00001.jpg,12.1079908477252,31.8842407799723
26,206_fs3-00001.jpg,12.6087370009035,31.8096975263243
27,206_fs3-00001.jpg,13.1091971693249,31.7324619990578
28,206_fs3-00001.jpg,13.6093730021216,31.6526981786994
29,206_fs3-00001.jpg,14.1092476118947,31.5705700457756
30,206_fs3-00001.jpg,14.6085843837925,31.4862415808132
31,206_fs3-00001.jpg,15.1073414290193,31.3998767643384
32,206_fs3-00001.jpg,15.6055580450075,31.311639576878
33,206_fs3-00001.jpg,16.1032735291896,31.2216939989586
34,206_fs3-00001.jpg,16.6005271789979,31.1302040111066
35,206_fs3-00001.jpg,17.097358291865,31.0373335938486
36,206_fs3-00001.jpg,17.5938061652232,30.9432467277113
37,206_fs3-00001.jpg,18.089910096505,30.8481073932211
38,206_fs3-00001.jpg,18.5857093831429,30.7520795709048
39,206_fs3-00001.jpg,19.0812433225692,30.6553272412886
40,206_fs3-00001.jpg,19.5765512122165,30.5580143848994
41,206_fs3-00001.jpg,20.0716723495171,30.4603049822636
42,206_fs3-00001.jpg,20.5666460319035,30.3623630139077
43,206_fs3-00001.jpg,21.0615115568081,30.2643524603585
44,206_fs3-00001.jpg,21.5563082216634,30.1664373021423
45,206_fs3-00001.jpg,22.0510753239019,30.0687815197858
46,206_fs3-00001.jpg,22.5458521609558,29.9715490938156
47,206_fs3-00001.jpg,23.0406780302578,29.8749040047582
48,206_fs3-00001.jpg,23.5355922292401,29.7790102331402
49,206_fs3-00001.jpg,24.0306340553354,29.6840317594881
50,206_fs3-00001.jpg,24.5258428059759,29.5901325643285
51,206_fs3-00001.jpg,25.0212577785942,29.497476628188
52,206_fs3-00001.jpg,25.516930255606,29.4062263692287
53,206_fs3-00001.jpg,26.0130598050669,29.3164260834508
54,206_fs3-00001.jpg,26.5096661990077,29.2279213845142
55,206_fs3-00001.jpg,27.0066983942851,29.1405388330846
56,206_fs3-00001.jpg,27.5041053477557,29.0541049898275
57,206_fs3-00001.jpg,28.0018360162765,28.9684464154087
58,206_fs3-00001.jpg,28.4998393567042,28.8833896704936
59,206_fs3-00001.jpg,28.9980643258955,28.7987613157479
60,206_fs3-00001.jpg,29.4964598807073,28.7143879118373
61,206_fs3-00001.jpg,29.9949749779963,28.6300960194274
62,206_fs3-00001.jpg,30.4935585746192,28.5457121991836
63,206_fs3-00001.jpg,30.992159627433,28.4610630117718
64,206_fs3-00001.jpg,31.4907270932943,28.3759750178575
65,206_fs3-00001.jpg,31.9892099290599,28.2902747781062
66,206_fs3-00001.jpg,32.4875570915866,28.2037888531837
67,206_fs3-00001.jpg,32.9857175377312,28.1163438037555
68,206_fs3-00001.jpg,33.4836402243504,28.0277661904872
69,206_fs3-00001.jpg,33.981274108301,27.9378825740445
70,206_fs3-00001.jpg,34.4785681464398,27.846519515093
71,206_fs3-00001.jpg,34.9754712956236,27.7535035742982
72,206_fs3-00001.jpg,35.4719325127092,27.6586613123259
73,206_fs3-00001.jpg,35.9679007545532,27.5618192898415
74,206_fs3-00001.jpg,36.4633249780125,27.4628040675108
75,206_fs3-00001.jpg,36.958154139944,27.3614422059993
76,206_fs3-00001.jpg,37.4523371972043,27.2575602659727
77,206_fs3-00001.jpg,37.9458231066501,27.1509848080966
78,206_fs3-00001.jpg,38.4385608251385,27.0415423930365
79,206_fs3-00001.jpg,38.9304993095259,26.9290595814581
80,206_fs3-00001.jpg,39.4215875166693,26.8133629340271
81,206_fs3-00001.jpg,39.9117744034254,26.6942790114089
82,206_fs3-00001.jpg,40.4010089266511,26.5716343742693
83,206_fs3-00001.jpg,40.889240043203,26.4452555832738
84,206_fs3-00001.jpg,41.376416709938,26.3149691990882
85,206_fs3-00001.jpg,41.8624877100564,26.1806017917157
86,206_fs3-00001.jpg,42.3473547286947,26.042056320164
87,206_fs3-00001.jpg,42.8310142572118,25.8994971161102
88,206_fs3-00001.jpg,43.3135384553421,25.7531443668095
89,206_fs3-00001.jpg,43.7949994828203,25.6032182595166
90,206_fs3-00001.jpg,44.2754694993812,25.4499389814866
91,206_fs3-00001.jpg,44.7550206647593,25.2935267199745
92,206_fs3-00001.jpg,45.2337251386893,25.1342016622353
93,206_fs3-00001.jpg,45.7116550809059,24.9721839955239
94,206_fs3-00001.jpg,46.1888826511436,24.8076939070953
95,206_fs3-00001.jpg,46.6654800091372,24.6409515842045
96,206_fs3-00001.jpg,47.1415193146213,24.4721772141065
97,206_fs3-00001.jpg,47.6170727273305,24.3015909840562
98,206_fs3-00001.jpg,48.0922124069995,24.1294130813087
99,206_fs3-00001.jpg,48.5670105133629,23.9558636931189
100,206_fs3-00001.jpg,49.0415392061555,23.7811630067417
101,206_fs3-00001.jpg,49.5158706451117,23.6055312094322
102,206_fs3-00001.jpg,49.9900769899664,23.4291884884453
103,206_fs3-00001.jpg,50.464230400454,23.2523550310361
104,206_fs3-00001.jpg,50.9384030363093,23.0752510244594
105,206_fs3-00001.jpg,51.4126910005521,22.8980589125177
106,206_fs3-00001.jpg,51.8871088452729,22.7207719154018
107,206_fs3-00001.jpg,52.3615841410308,22.5433240792925
108,206_fs3-00001.jpg,52.836044164901,22.3656494302256
109,206_fs3-00001.jpg,53.3104161939587,22.1876819942369
110,206_fs3-00001.jpg,53.784627505279,22.0093557973619
111,206_fs3-00001.jpg,54.2586053759371,21.8306048656363
112,206_fs3-00001.jpg,54.7322770830083,21.6513632250958
113,206_fs3-00001.jpg,55.2055699035677,21.4715649017761
114,206_fs3-00001.jpg,55.6784111146905,21.2911439217129
115,206_fs3-00001.jpg,56.1507279934519,21.1100343109418
116,206_fs3-00001.jpg,56.6224478169271,20.9281700954985
117,206_fs3-00001.jpg,57.0934978621914,20.7454853014187
118,206_fs3-00001.jpg,57.5638054063198,20.5619139547381
119,206_fs3-00001.jpg,58.0332977263876,20.3773900814924
120,206_fs3-00001.jpg,58.50190209947,20.1918477077171
121,206_fs3-00001.jpg,58.969545802642,20.0052208594481
122,206_fs3-00001.jpg,59.4361561129791,19.8174435627209
123,206_fs3-00001.jpg,59.9016603075563,19.6284498435713
124,206_fs3-00001.jpg,60.3659856634489,19.4381737280349
125,206_fs3-00001.jpg,60.829059457732,19.2465492421474
126,206_fs3-00001.jpg,61.2908539377106,19.0535100868024
127,206_fs3-00001.jpg,61.752584383328,18.858930828277
128,206_fs3-00001.jpg,62.2146432674449,18.662558609533
129,206_fs3-00001.jpg,62.6767874863604,18.4641240108663
130,206_fs3-00001.jpg,63.1387739363731,18.263357612573
131,206_fs3-00001.jpg,63.6003595137819,18.0599899949494
132,206_fs3-00001.jpg,64.0613011148854,17.8537517382915
133,206_fs3-00001.jpg,64.5213556359826,17.6443734228954
134,206_fs3-00001.jpg,64.9802799733723,17.4315856290573
135,206_fs3-00001.jpg,65.4378310233532,17.2151189370732
136,206_fs3-00001.jpg,65.8937656822241,16.9947039272394
137,206_fs3-00001.jpg,66.3478408462837,16.7700711798518
138,206_fs3-00001.jpg,66.7998134118311,16.5409512752066
139,206_fs3-00001.jpg,67.2494402751647,16.3070747935999
140,206_fs3-00001.jpg,67.6964783325837,16.0681723153279
141,206_fs3-00001.jpg,68.1406844803866,15.8239744206866
142,206_fs3-00001.jpg,68.5818156148722,15.5742116899722
143,206_fs3-00001.jpg,69.0196286323394,15.3186147034808
144,206_fs3-00001.jpg,69.453880429087,15.0569140415085
145,206_fs3-00001.jpg,69.8842584030945,14.7888471002293
146,206_fs3-00001.jpg,70.3099651568114,14.5144849911886
147,206_fs3-00001.jpg,70.7311979507104,14.2343769188753
148,206_fs3-00001.jpg,71.1484156790778,13.9491089542578
149,206_fs3-00001.jpg,71.5620772362002,13.6592671683044
150,206_fs3-00001.jpg,71.972641516364,13.3654376319834
151,206_fs3-00001.jpg,72.3805674138555,13.0682064162628
152,206_fs3-00001.jpg,72.7863138229614,12.7681595921111
153,206_fs3-00001.jpg,73.1903396379681,12.4658832304964
154,206_fs3-00001.jpg,73.593103753162,12.1619634023871
155,206_fs3-00001.jpg,73.9950650628295,11.8569861787514
156,206_fs3-00001.jpg,74.3966824612571,11.5515376305575
157,206_fs3-00001.jpg,74.7984148427313,11.2462038287738
158,206_fs3-00001.jpg,75.2007211015384,10.9415708443684
159,206_fs3-00001.jpg,75.6040601319651,10.6382247483095
160,206_fs3-00001.jpg,76.0088908282977,10.3367516115656
161,206_fs3-00001.jpg,76.4156720848227,10.0377375051048
162,206_fs3-00001.jpg,76.8248627958264,9.74176849989544
163,206_fs3-00001.jpg,77.2369218555955,9.44943066690564
164,206_fs3-00001.jpg,77.6524232816998,9.16130658915222
165,206_fs3-00001.jpg,78.0737281887593,8.87760435259213
166,206_fs3-00001.jpg,78.5007767554713,8.59782897944041
167,206_fs3-00001.jpg,78.9324568954712,8.32140800093759
168,206_fs3-00001.jpg,79.3676565223948,8.04776894832423
169,206_fs3-00001.jpg,79.8052635498777,7.77633935284069
170,206_fs3-00001.jpg,80.2441658915552,7.50654674572763
171,206_fs3-00001.jpg,80.6832514610633,7.23781865822542
172,206_fs3-00001.jpg,81.1214081720373,6.96958262157466
173,206_fs3-00001.jpg,81.557523938113,6.70126616701572
174,206_fs3-00001.jpg,81.9904866729259,6.43229682578919
175,206_fs3-00001.jpg,82.4191842901116,6.16210212913552
176,206_fs3-00001.jpg,82.8425047033059,5.89010960829523
177,206_fs3-00001.jpg,83.2593358261441,5.61574679450882
178,206_fs3-00001.jpg,83.6685655722619,5.33844121901672
179,206_fs3-00001.jpg,84.069081855295,5.05762041305951
180,206_fs3-00001.jpg,84.459772588879,4.77271190787764
181,206_fs3-00001.jpg,84.8397353501268,4.48314323471158
182,206_fs3-00001.jpg,85.21383799057,4.18834192480188
183,206_fs3-00001.jpg,85.5844516277013,3.88773550938902
184,206_fs3-00001.jpg,85.9514701448938,3.58075151971349
185,206_fs3-00001.jpg,86.3147874255201,3.26681748701577
186,206_fs3-00001.jpg,86.6742973529532,2.94536094253635
187,206_fs3-00001.jpg,87.0298938105661,2.61580941751572
188,206_fs3-00001.jpg,87.3814706817314,2.27759044319441
189,206_fs3-00001.jpg,87.7289218498223,1.93013155081292
190,206_fs3-00001.jpg,88.0721411982115,1.57286027161172
191,206_fs3-00001.jpg,88.4110226102719,1.2052041368313
192,206_fs3-00001.jpg,88.7454599693765,0.826590677712147
193,206_fs3-00001.jpg,89.075347158898,0.436447425494748
194,206_fs3-00001.jpg,89.4005780622093,0.0342019114196432
195,206_fs3-00001.jpg,89.7210465626835,-0.380718333272682
196,206_fs3-00001.jpg,90.0366465436933,-0.808885777341743
197,206_fs3-00001.jpg,90.3472718886117,-1.25087288954711
198,206_fs3-00001.jpg,90.6528164808114,-1.70725213864813
199,206_fs3-00001.jpg,90.9531742036654,-2.17859599340449
200,206_fs3-00001.jpg,91.2482389405467,-2.66547692257558
1,206_fs3-00002.jpg,0.751385366770194,27.8482828219535
2,206_fs3-00002.jpg,1.24426688250753,27.846148568605
3,206_fs3-00002.jpg,1.73698380888493,27.8470063632494
4,206_fs3-00002.jpg,2.22953979855131,27.8507917542874
5,206_fs3-00002.jpg,2.72193850415553,27.8574402901201
6,206_fs3-00002.jpg,3.21418357834656,27.8668875191481
7,206_fs3-00002.jpg,3.70627867377326,27.8790689897725
8,206_fs3-00002.jpg,4.19822744308456,27.893920250394
9,206_fs3-00002.jpg,4.69003353892938,27.9113768494137
10,206_fs3-00002.jpg,5.18170061395662,27.9313743352324
11,206_fs3-00002.jpg,5.67323232081517,27.953848256251
12,206_fs3-00002.jpg,6.16463231215394,27.9787341608703
13,206_fs3-00002.jpg,6.65590424062188,28.0059675974912
14,206_fs3-00002.jpg,7.14705175886786,28.0354841145146
15,206_fs3-00002.jpg,7.63807851954081,28.0672192603415
16,206_fs3-00002.jpg,8.12898817528961,28.1011085833725
17,206_fs3-00002.jpg,8.6197843787632,28.1370876320088
18,206_fs3-00002.jpg,9.11047078261049,28.1750919546511
19,206_fs3-00002.jpg,9.60104846518274,28.2150570997004
20,206_fs3-00002.jpg,10.0913863397395,28.2569186155574
21,206_fs3-00002.jpg,10.5814418350426,28.3006120506232
22,206_fs3-00002.jpg,11.0712603232759,28.3460729532985
23,206_fs3-00002.jpg,11.5608871766231,28.3932368719844
24,206_fs3-00002.jpg,12.0503677672679,28.4420393550815
25,206_fs3-00002.jpg,12.5397474673941,28.4924159509908
26,206_fs3-00002.jpg,13.0290716491854,28.5443022081133
27,206_fs3-00002.jpg,13.5183856848255,28.5976336748498
28,206_fs3-00002.jpg,14.0077349464983,28.6523458996011
29,206_fs3-00002.jpg,14.4971476095481,28.7083732116858
30,206_fs3-00002.jpg,14.9864346919985,28.7655741189503
31,206_fs3-00002.jpg,15.4755553623181,28.8236880405647
32,206_fs3-00002.jpg,15.9645395625253,28.882443966343
33,206_fs3-00002.jpg,16.4534172346381,28.941570886099
34,206_fs3-00002.jpg,16.9422183206747,29.000797789647
35,206_fs3-00002.jpg,17.4309727626534,29.0598536668006
36,206_fs3-00002.jpg,17.9197105025922,29.1184675073741
37,206_fs3-00002.jpg,18.4084614825094,29.1763683011812
38,206_fs3-00002.jpg,18.8972556444232,29.2332850380361
39,206_fs3-00002.jpg,19.3861229303516,29.2889467077527
40,206_fs3-00002.jpg,19.875093282313,29.3430823001449
41,206_fs3-00002.jpg,20.3641966423254,29.3954208050268
42,206_fs3-00002.jpg,20.853462952407,29.4456912122122
43,206_fs3-00002.jpg,21.3429221545761,29.4936225115153
44,206_fs3-00002.jpg,21.8326041908507,29.5389436927499
45,206_fs3-00002.jpg,22.3225390032491,29.5813837457301
46,206_fs3-00002.jpg,22.8127565337894,29.6206716602697
47,206_fs3-00002.jpg,23.303291232888,29.6565365413209
48,206_fs3-00002.jpg,23.7944161713233,29.6887652071886
49,206_fs3-00002.jpg,24.2862035208624,29.7172956022277
50,206_fs3-00002.jpg,24.7785485976132,29.7420901043259
51,206_fs3-00002.jpg,25.2713467176833,29.7631110913712
52,206_fs3-00002.jpg,25.7644931971808,29.7803209412514
53,206_fs3-00002.jpg,26.2578833522133,29.7936820318544
54,206_fs3-00002.jpg,26.7514124988886,29.8031567410679
55,206_fs3-00002.jpg,27.2449759533145,29.80870744678
56,206_fs3-00002.jpg,27.7384690315989,29.8102965268783
57,206_fs3-00002.jpg,28.2317870498495,29.8078863592508
58,206_fs3-00002.jpg,28.7248253241741,29.8014393217853
59,206_fs3-00002.jpg,29.2174791706805,29.7909177923697
60,206_fs3-00002.jpg,29.7096439054767,29.7762841488918
61,206_fs3-00002.jpg,30.2012148446702,29.7575007692395
62,206_fs3-00002.jpg,30.692087304369,29.7345300313007
63,206_fs3-00002.jpg,31.1821566006808,29.707334312963
64,206_fs3-00002.jpg,31.6713180497134,29.6758759921146
65,206_fs3-00002.jpg,32.1595376743753,29.6401175608275
66,206_fs3-00002.jpg,32.6477746536138,29.6000297712143
67,206_fs3-00002.jpg,33.1362912749389,29.5555970619394
68,206_fs3-00002.jpg,33.6249953726814,29.5068051586836
69,206_fs3-00002.jpg,34.1137947811722,29.4536397871281
70,206_fs3-00002.jpg,34.602597334742,29.3960866729541
71,206_fs3-00002.jpg,35.0913108677217,29.3341315418427
72,206_fs3-00002.jpg,35.579843214442,29.2677601194749
73,206_fs3-00002.jpg,36.0681022092339,29.1969581315319
74,206_fs3-00002.jpg,36.555995686428,29.1217113036947
75,206_fs3-00002.jpg,37.0434314803553,29.0420053616446
76,206_fs3-00002.jpg,37.5303174253465,28.9578260310626
77,206_fs3-00002.jpg,38.0165613557325,28.8691590376298
78,206_fs3-00002.jpg,38.502071105844,28.7759901070273
79,206_fs3-00002.jpg,38.9867545100119,28.6783049649362
80,206_fs3-00002.jpg,39.470519402567,28.5760893370377
81,206_fs3-00002.jpg,39.95327361784,28.4693289490128
82,206_fs3-00002.jpg,40.4349249901619,28.3580095265427
83,206_fs3-00002.jpg,40.9153813538635,28.2421167953085
84,206_fs3-00002.jpg,41.3945505432754,28.1216364809913
85,206_fs3-00002.jpg,41.8723403927286,27.9965543092721
86,206_fs3-00002.jpg,42.3486587365539,27.8668560058322
87,206_fs3-00002.jpg,42.8234134090821,27.7325272963525
88,206_fs3-00002.jpg,43.2965122446439,27.5935539065143
89,206_fs3-00002.jpg,43.7678630775704,27.4499215619986
90,206_fs3-00002.jpg,44.2373987074958,27.3016181500329
91,206_fs3-00002.jpg,44.7052656720892,27.14869880417
92,206_fs3-00002.jpg,45.1715383152787,26.9912973815954
93,206_fs3-00002.jpg,45.6362573841034,26.8295522143858
94,206_fs3-00002.jpg,46.0994636256022,26.663601634618
95,206_fs3-00002.jpg,46.5611977868138,26.4935839743685
96,206_fs3-00002.jpg,47.0215006147774,26.3196375657142
97,206_fs3-00002.jpg,47.4804128565316,26.1419007407317
98,206_fs3-00002.jpg,47.9379752591153,25.9605118314977
99,206_fs3-00002.jpg,48.3942285695677,25.7756091700889
100,206_fs3-00002.jpg,48.8492135349273,25.587331088582
101,206_fs3-00002.jpg,49.3029709022332,25.3958159190537
102,206_fs3-00002.jpg,49.7555414185242,25.2012019935807
103,206_fs3-00002.jpg,50.2069658308394,25.0036276442397
104,206_fs3-00002.jpg,50.6572848862174,24.8032312031074
105,206_fs3-00002.jpg,51.1065393316972,24.6001510022605
106,206_fs3-00002.jpg,51.5547334069198,24.3945245681186
107,206_fs3-00002.jpg,52.0016088220866,24.1864621768038
108,206_fs3-00002.jpg,52.4471469511946,23.9760408946937
109,206_fs3-00002.jpg,52.8913968295801,23.7633357759857
110,206_fs3-00002.jpg,53.3344074925793,23.548421874877
111,206_fs3-00002.jpg,53.7762279755284,23.331374245565
112,206_fs3-00002.jpg,54.2169073137635,23.1122679422469
113,206_fs3-00002.jpg,54.656494542621,22.89117801912
114,206_fs3-00002.jpg,55.095038697437,22.6681795303816
115,206_fs3-00002.jpg,55.5325888135477,22.4433475302289
116,206_fs3-00002.jpg,55.9691939262894,22.2167570728594
117,206_fs3-00002.jpg,56.4049030709982,21.9884832124702
118,206_fs3-00002.jpg,56.8397652830104,21.7586010032587
119,206_fs3-00002.jpg,57.2738295976622,21.527185499422
120,206_fs3-00002.jpg,57.7071450502898,21.2943117551577
121,206_fs3-00002.jpg,58.1397606762293,21.0600548246628
122,206_fs3-00002.jpg,58.5717255108171,20.8244897621346
123,206_fs3-00002.jpg,59.0030734387613,20.5876871916054
124,206_fs3-00002.jpg,59.433783193644,20.3496730861637
125,206_fs3-00002.jpg,59.8638455518866,20.1104475625319
126,206_fs3-00002.jpg,60.2932530864207,19.8700104215751
127,206_fs3-00002.jpg,60.7219983701781,19.6283614641585
128,206_fs3-00002.jpg,61.1500739760903,19.3855004911472
129,206_fs3-00002.jpg,61.5774724770889,19.1414273034065
130,206_fs3-00002.jpg,62.0041864461057,18.8961417018016
131,206_fs3-00002.jpg,62.4302084560722,18.6496434871975
132,206_fs3-00002.jpg,62.8555310799201,18.4019324604594
133,206_fs3-00002.jpg,63.280146890581,18.1530084224524
134,206_fs3-00002.jpg,63.7040484609865,17.902871174042
135,206_fs3-00002.jpg,64.1272283640683,17.651520516093
136,206_fs3-00002.jpg,64.5496791727581,17.3989562494708
137,206_fs3-00002.jpg,64.9713934599872,17.1451781750404
138,206_fs3-00002.jpg,65.3923637986877,16.8901860936671
139,206_fs3-00002.jpg,65.8125827617909,16.6339798062159
140,206_fs3-00002.jpg,66.2320429222285,16.3765591135522
141,206_fs3-00002.jpg,66.6507368529322,16.117923816541
142,206_fs3-00002.jpg,67.0686571268336,15.8580737160476
143,206_fs3-00002.jpg,67.4857963168644,15.597008612937
144,206_fs3-00002.jpg,67.9021469959561,15.3347283080745
145,206_fs3-00002.jpg,68.3177127216886,15.071232063327
146,206_fs3-00002.jpg,68.7325283310068,14.8065105078547
147,206_fs3-00002.jpg,69.1465786204846,14.5405473224745
148,206_fs3-00002.jpg,69.5598423690051,14.2733259908611
149,206_fs3-00002.jpg,69.9722983554506,14.004829996689
150,206_fs3-00002.jpg,70.3839253587042,13.7350428236329
151,206_fs3-00002.jpg,70.7947021576484,13.4639479553672
152,206_fs3-00002.jpg,71.204607531166,13.1915288755669
153,206_fs3-00002.jpg,71.6136202581397,12.9177690679062
154,206_fs3-00002.jpg,72.0217191174524,12.64265201606
155,206_fs3-00002.jpg,72.4288828879866,12.3661612037027
156,206_fs3-00002.jpg,72.8350903486251,12.0882801145091
157,206_fs3-00002.jpg,73.2403202782508,11.8089922321537
158,206_fs3-00002.jpg,73.6445514557462,11.5282810403111
159,206_fs3-00002.jpg,74.0477626599941,11.246130022656
160,206_fs3-00002.jpg,74.4499326698774,10.9625226628629
161,206_fs3-00002.jpg,74.8510402642786,10.6774424446064
162,206_fs3-00002.jpg,75.2510375813784,10.3908745882201
163,206_fs3-00002.jpg,75.6497828038943,10.1028429660539
164,206_fs3-00002.jpg,76.0473178075279,9.81340939849878
165,206_fs3-00002.jpg,76.443713374648,9.52263730179482
166,206_fs3-00002.jpg,76.8390402876237,9.23059009218201
167,206_fs3-00002.jpg,77.233369328824,8.93733118590029
168,206_fs3-00002.jpg,77.6267712806178,8.64292399918963
169,206_fs3-00002.jpg,78.0193169253741,8.34743194829002
170,206_fs3-00002.jpg,78.411077045462,8.05091844944144
171,206_fs3-00002.jpg,78.8021224232503,7.75344691888387
172,206_fs3-00002.jpg,79.1925238411081,7.45508077285729
173,206_fs3-00002.jpg,79.5823520814044,7.15588342760162
174,206_fs3-00002.jpg,79.971677926508,6.85591829935692
175,206_fs3-00002.jpg,80.3605721587882,6.55524880436303
176,206_fs3-00002.jpg,80.7491055606137,6.25393835886007
177,206_fs3-00002.jpg,81.1373489143536,5.95205037908795
178,206_fs3-00002.jpg,81.5253730023769,5.64964828128666
179,206_fs3-00002.jpg,81.9132486070525,5.34679548169618
180,206_fs3-00002.jpg,82.3010465107494,5.04355539655648
181,206_fs3-00002.jpg,82.6888374958367,4.73999144210751
182,206_fs3-00002.jpg,83.0766923446833,4.43616703458923
183,206_fs3-00002.jpg,83.4646818396581,4.13214559024169
184,206_fs3-00002.jpg,83.8528767631303,3.82799052530481
185,206_fs3-00002.jpg,84.2413478974687,3.52376525601858
186,206_fs3-00002.jpg,84.6301660250423,3.21953319862303
187,206_fs3-00002.jpg,85.01940192822,2.91535776935802
188,206_fs3-00002.jpg,85.4090789636701,2.61130238446356
189,206_fs3-00002.jpg,85.7987250436869,2.30743046017972
190,206_fs3-00002.jpg,86.1882085198182,2.00380541274632
191,206_fs3-00002.jpg,86.5775383816138,1.70049065840351
192,206_fs3-00002.jpg,86.9667236186237,1.39754961339111
193,206_fs3-00002.jpg,87.3557732203974,1.0950456939492
194,206_fs3-00002.jpg,87.7446961764848,0.793042316317667
195,206_fs3-00002.jpg,88.1335014764357,0.491602896736595
196,206_fs3-00002.jpg,88.5221981098,0.190790851445854
197,206_fs3-00002.jpg,88.9107950661273,-0.109330403314516
198,206_fs3-00002.jpg,89.2993013349675,-0.40869745130459
199,206_fs3-00002.jpg,89.6877259058703,-0.70724687628433
200,206_fs3-00002.jpg,90.0760777683857,-1.00491526201381
1,206_fs3-00003.jpg,16.4929088006011,12.3547165591564
2,206_fs3-00003.jpg,16.4947659491957,12.7968532345054
3,206_fs3-00003.jpg,16.5002790260244,13.2370182597303
4,206_fs3-00003.jpg,16.5093604776547,13.6750873326984
5,206_fs3-00003.jpg,16.5219227506541,14.1109361512769
6,206_fs3-00003.jpg,16.5378782915902,14.5444404133329
7,206_fs3-00003.jpg,16.5571395470303,14.9754758167338
8,206_fs3-00003.jpg,16.5796189635421,15.4039180593466
9,206_fs3-00003.jpg,16.605228987693,15.8296428390387
10,206_fs3-00003.jpg,16.6338820660505,16.2525258536772
11,206_fs3-00003.jpg,16.6654906451821,16.6724428011293
12,206_fs3-00003.jpg,16.6999671716553,17.0892693792622
13,206_fs3-00003.jpg,16.7372240920376,17.5028812859433
14,206_fs3-00003.jpg,16.7771738528965,17.9131542190395
15,206_fs3-00003.jpg,16.8197289007994,18.3199638764183
16,206_fs3-00003.jpg,16.864801682314,18.7231859559467
17,206_fs3-00003.jpg,16.9123046440076,19.1226961554921
18,206_fs3-00003.jpg,16.9621502324479,19.5183701729215
19,206_fs3-00003.jpg,17.0142508942022,19.9100837061023
20,206_fs3-00003.jpg,17.0685190758381,20.2977124529016
21,206_fs3-00003.jpg,17.124867223923,20.6811321111866
22,206_fs3-00003.jpg,17.1832077850246,21.0602183788245
23,206_fs3-00003.jpg,17.2434532057102,21.4348469536826
24,206_fs3-00003.jpg,17.3055159325474,21.804893533628
25,206_fs3-00003.jpg,17.3740572608315,22.1702338165281
26,206_fs3-00003.jpg,17.4723373308529,22.5307435002499
27,206_fs3-00003.jpg,17.6018016009164,22.8862982826606
28,206_fs3-00003.jpg,17.7604654837972,23.2367738616276
29,206_fs3-00003.jpg,17.9463443922706,23.582045935018
30,206_fs3-00003.jpg,18.1574537391121,23.921990200699
31,206_fs3-00003.jpg,18.3918089370969,24.2564823565378
32,206_fs3-00003.jpg,18.6474253990002,24.5853981004017
33,206_fs3-00003.jpg,18.9223185375974,24.9086131301578
34,206_fs3-00003.jpg,19.2145037656639,25.2260031436734
35,206_fs3-00003.jpg,19.5219964959749,25.5374438388157
36,206_fs3-00003.jpg,19.8428121413057,25.8428109134518
37,206_fs3-00003.jpg,20.1749661144316,26.141980065449
38,206_fs3-00003.jpg,20.516473828128,26.4348269926745
39,206_fs3-00003.jpg,20.8653506951702,26.7212273929956
40,206_fs3-00003.jpg,21.2196121283334,27.0010569642793
41,206_fs3-00003.jpg,21.577273540393,27.2741914043929
42,206_fs3-00003.jpg,21.9363503441243,27.5405064112037
43,206_fs3-00003.jpg,22.2948579523025,27.7998776825788
44,206_fs3-00003.jpg,22.6508117777031,28.0521809163855
45,206_fs3-00003.jpg,23.0022272331013,28.2972918104909
46,206_fs3-00003.jpg,23.3471197312724,28.5350860627624
47,206_fs3-00003.jpg,23.6835046849917,28.765439371067
48,206_fs3-00003.jpg,24.0097793496891,28.9882281106796
49,206_fs3-00003.jpg,24.3374808654566,29.2034811413246
50,206_fs3-00003.jpg,24.6724910718412,29.4115720004578
51,206_fs3-00003.jpg,25.0143815730499,29.6129215625912
52,206_fs3-00003.jpg,25.3627239732897,29.8079507022367
53,206_fs3-00003.jpg,25.7170898767676,29.9970802939062
54,206_fs3-00003.jpg,26.0770508876907,30.1807312121115
55,206_fs3-00003.jpg,26.4421786102659,30.3593243313647
56,206_fs3-00003.jpg,26.8120446487003,30.5332805261777
57,206_fs3-00003.jpg,27.1862206072008,30.7030206710622
58,206_fs3-00003.jpg,27.5642780899746,30.8689656405302
59,206_fs3-00003.jpg,27.9457887012286,31.0315363090937
60,206_fs3-00003.jpg,28.3303240451698,31.1911535512645
61,206_fs3-00003.jpg,28.7174557260053,31.3482382415546
62,206_fs3-00003.jpg,29.1067553479421,31.5032112544757
63,206_fs3-00003.jpg,29.4977945151871,31.6564934645399
64,206_fs3-00003.jpg,29.8901448319475,31.8085057462591
65,206_fs3-00003.jpg,30.2833779024301,31.9596689741451
66,206_fs3-00003.jpg,30.6770653308421,32.1104040227099
67,206_fs3-00003.jpg,31.0707787213904,32.2611317664653
68,206_fs3-00003.jpg,31.4640896782821,32.4122730799232
69,206_fs3-00003.jpg,31.8565698057242,32.5642488375957
70,206_fs3-00003.jpg,32.2477907079237,32.7174799139945
71,206_fs3-00003.jpg,32.6373239890875,32.8723871836316
72,206_fs3-00003.jpg,33.0247412534228,33.0293915210189
73,206_fs3-00003.jpg,33.4097125620575,33.1889115910323
74,206_fs3-00003.jpg,33.794567915351,33.3510113330006
75,206_fs3-00003.jpg,34.1804224532233,33.5150129089178
76,206_fs3-00003.jpg,34.5672384877475,33.6801453849443
77,206_fs3-00003.jpg,34.9549783309967,33.8456378272406
78,206_fs3-00003.jpg,35.343604295044,34.0107193019671
79,206_fs3-00003.jpg,35.7330786919624,34.1746188752845
80,206_fs3-00003.jpg,36.1233638338252,34.3365656133531
81,206_fs3-00003.jpg,36.5144220327053,34.4957885823333
82,206_fs3-00003.jpg,36.9062156006757,34.6515168483858
83,206_fs3-00003.jpg,37.2987068498097,34.802979477671
84,206_fs3-00003.jpg,37.6918580921804,34.9494055363494
85,206_fs3-00003.jpg,38.0856316398607,35.0900240905814
86,206_fs3-00003.jpg,38.4799898049237,35.2240642065275
87,206_fs3-00003.jpg,38.8748948994427,35.3507549503483
88,206_fs3-00003.jpg,39.2703092354906,35.4693253882041
89,206_fs3-00003.jpg,39.6661951251405,35.5790045862556
90,206_fs3-00003.jpg,40.0625148804656,35.6790216106631
91,206_fs3-00003.jpg,40.4592308135388,35.7686055275872
92,206_fs3-00003.jpg,40.8563052364333,35.8469854031882
93,206_fs3-00003.jpg,41.2537004612222,35.9133903036268
94,206_fs3-00003.jpg,41.6513787999786,35.9670492950634
95,206_fs3-00003.jpg,42.0493025647756,36.0071914436584
96,206_fs3-00003.jpg,42.4474340676861,36.0330458155724
97,206_fs3-00003.jpg,42.8470998768917,36.0438969137451
98,206_fs3-00003.jpg,43.2521695660343,36.0396785595092
99,206_fs3-00003.jpg,43.6617662854004,36.020745811411
100,206_fs3-00003.jpg,44.0746430434768,35.987460853685
101,206_fs3-00003.jpg,44.4895528487502,35.940185870566
102,206_fs3-00003.jpg,44.9052487097075,35.8792830462886
103,206_fs3-00003.jpg,45.3204836348353,35.8051145650876
104,206_fs3-00003.jpg,45.7340106326205,35.7180426111977
105,206_fs3-00003.jpg,46.1445827115499,35.6184293688536
106,206_fs3-00003.jpg,46.5509528801101,35.50663702229
107,206_fs3-00003.jpg,46.9518741467882,35.3830277557416
108,206_fs3-00003.jpg,47.3460995200707,35.247963753443
109,206_fs3-00003.jpg,47.7323820084444,35.101807199629
110,206_fs3-00003.jpg,48.1094746203962,34.9449202785344
111,206_fs3-00003.jpg,48.4765931423986,34.7776655028389
112,206_fs3-00003.jpg,48.8385854001387,34.6004237965976
113,206_fs3-00003.jpg,49.1970955633672,34.4136039005949
114,206_fs3-00003.jpg,49.5521611950483,34.2176168661342
115,206_fs3-00003.jpg,49.9038198581461,34.0128737445193
116,206_fs3-00003.jpg,50.2521091156247,33.7997855870536
117,206_fs3-00003.jpg,50.5970665304482,33.5787634450408
118,206_fs3-00003.jpg,50.9387296655807,33.3502183697844
119,206_fs3-00003.jpg,51.2771360839864,33.1145614125882
120,206_fs3-00003.jpg,51.6123233486295,32.8722036247557
121,206_fs3-00003.jpg,51.9443290224739,32.6235560575905
122,206_fs3-00003.jpg,52.2731906684839,32.3690297623961
123,206_fs3-00003.jpg,52.5989458496234,32.1090357904762
124,206_fs3-00003.jpg,52.9216321288568,31.8439851931344
125,206_fs3-00003.jpg,53.2412870691481,31.5742890216742
126,206_fs3-00003.jpg,53.5579482334614,31.3003583273993
127,206_fs3-00003.jpg,53.8716531847608,31.0226041616133
128,206_fs3-00003.jpg,54.1824394860105,30.7414375756198
129,206_fs3-00003.jpg,54.4903447001745,30.4572696207223
130,206_fs3-00003.jpg,54.795406390217,30.1705113482245
131,206_fs3-00003.jpg,55.0976621191022,29.88157380943
132,206_fs3-00003.jpg,55.3971494497941,29.5908680556423
133,206_fs3-00003.jpg,55.6941067829971,29.2987971574898
134,206_fs3-00003.jpg,55.9899809986312,29.0055105424943
135,206_fs3-00003.jpg,56.2846807450519,28.7108575982782
136,206_fs3-00003.jpg,56.5777516170982,28.4146703702656
137,206_fs3-00003.jpg,56.8687392096089,28.1167809038805
138,206_fs3-00003.jpg,57.1571891174226,27.8170212445469
139,206_fs3-00003.jpg,57.4426469353783,27.5152234376889
140,206_fs3-00003.jpg,57.7246582583146,27.2112195287303
141,206_fs3-00003.jpg,58.0027686810705,26.9048415630954
142,206_fs3-00003.jpg,58.2765237984848,26.595921586208
143,206_fs3-00003.jpg,58.5454692053961,26.2842916434921
144,206_fs3-00003.jpg,58.8091504966434,25.9697837803718
145,206_fs3-00003.jpg,59.0671132670654,25.6522300422711
146,206_fs3-00003.jpg,59.3189031115009,25.3314624746139
147,206_fs3-00003.jpg,59.5640656247888,25.0073131228243
148,206_fs3-00003.jpg,59.8021464017677,24.6796140323264
149,206_fs3-00003.jpg,60.0326987308243,24.348197284551
150,206_fs3-00003.jpg,60.2566218552434,24.0129670938289
151,206_fs3-00003.jpg,60.4749958236036,23.6740509315636
152,206_fs3-00003.jpg,60.688141833634,23.3316193305987
153,206_fs3-00003.jpg,60.8963810830641,22.9858428237778
154,206_fs3-00003.jpg,61.100034769623,22.6368919439444
155,206_fs3-00003.jpg,61.29942409104,22.2849372239421
156,206_fs3-00003.jpg,61.4948702450443,21.9301491966144
157,206_fs3-00003.jpg,61.6866944293651,21.5726983948051
158,206_fs3-00003.jpg,61.8752178417318,21.2127553513575
159,206_fs3-00003.jpg,62.0607616798736,20.8504905991155
160,206_fs3-00003.jpg,62.2436471415196,20.4860746709224
161,206_fs3-00003.jpg,62.4241954243992,20.1196780996218
162,206_fs3-00003.jpg,62.6027277262417,19.7514714180575
163,206_fs3-00003.jpg,62.7795652447761,19.3816251590728
164,206_fs3-00003.jpg,62.9550291777319,19.0103098555114
165,206_fs3-00003.jpg,63.1294407228383,18.637696040217
166,206_fs3-00003.jpg,63.3031210778244,18.2639542460329
167,206_fs3-00003.jpg,63.4763914404196,17.8892550058029
168,206_fs3-00003.jpg,63.6495730083531,17.5137688523706
169,206_fs3-00003.jpg,63.8229869793541,17.1376663185793
170,206_fs3-00003.jpg,63.996954551152,16.7611179372728
171,206_fs3-00003.jpg,64.1717969214758,16.3842942412948
172,206_fs3-00003.jpg,64.347835288055,16.0073657634885
173,206_fs3-00003.jpg,64.5253908486187,15.6305030366978
174,206_fs3-00003.jpg,64.7047848008962,15.2538765937662
175,206_fs3-00003.jpg,64.8863383426167,14.8776569675371
176,206_fs3-00003.jpg,65.0703726715095,14.5020146908543
177,206_fs3-00003.jpg,65.2572089853039,14.1271202965613
178,206_fs3-00003.jpg,65.4471684817291,13.7531443175017
179,206_fs3-00003.jpg,65.6405723585142,13.3802572865189
180,206_fs3-00003.jpg,65.8377418133886,13.0086297364568
181,206_fs3-00003.jpg,66.0389980440816,12.6384322001587
182,206_fs3-00003.jpg,66.2446622483224,12.2698352104683
183,206_fs3-00003.jpg,66.4542336084433,11.9030093002291
184,206_fs3-00003.jpg,66.6665917128907,11.5381250022848
185,206_fs3-00003.jpg,66.8816177177534,11.1753528494788
186,206_fs3-00003.jpg,67.0992014113403,10.8148633746549
187,206_fs3-00003.jpg,67.3192325819606,10.4568271106565
188,206_fs3-00003.jpg,67.5416010179233,10.1014145903272
189,206_fs3-00003.jpg,67.7661965075374,9.74879634651069
190,206_fs3-00003.jpg,67.9929088391121,9.39914291205042
191,206_fs3-00003.jpg,68.2216278009563,9.05262481979003
192,206_fs3-00003.jpg,68.452243181379,8.70941260257302
193,206_fs3-00003.jpg,68.6846447686893,8.36967679324306
194,206_fs3-00003.jpg,68.9187223511962,8.03358792464371
195,206_fs3-00003.jpg,69.1543657172088,7.70131652961851
196,206_fs3-00003.jpg,69.3914646550362,7.37303314101104
197,206_fs3-00003.jpg,69.6299089529873,7.04890829166487
198,206_fs3-00003.jpg,69.8695883993712,6.72911251442366
199,206_fs3-00003.jpg,70.1103927824969,6.41381634213087
200,206_fs3-00003.jpg,70.3522118906735,6.10319030763014
1,206_fs3-00004.jpg,28.011646473185,-8.12053468532565
2,206_fs3-00004.jpg,27.8836045900571,-7.63473790621777
3,206_fs3-00004.jpg,27.7566869483641,-7.14997615977717
4,206_fs3-00004.jpg,27.6310277565712,-6.66620249907658
5,206_fs3-00004.jpg,27.5067612231433,-6.1833699771887
6,206_fs3-00004.jpg,27.3840215565455,-5.70143164718615
7,206_fs3-00004.jpg,27.2629429652428,-5.22034056214164
8,206_fs3-00004.jpg,27.1436596577003,-4.74004977512789
9,206_fs3-00004.jpg,27.026305842383,-4.2605123392176
10,206_fs3-00004.jpg,26.9110157277559,-3.78168130748338
11,206_fs3-00004.jpg,26.7979235222841,-3.30350973299795
12,206_fs3-00004.jpg,26.6871634344327,-2.82595066883403
13,206_fs3-00004.jpg,26.5788696726666,-2.3489571680642
14,206_fs3-00004.jpg,26.473176445451,-1.87248228376131
15,206_fs3-00004.jpg,26.3702179612508,-1.39647906899791
16,206_fs3-00004.jpg,26.2701284285311,-0.920900576846805
17,206_fs3-00004.jpg,26.173042055757,-0.445699860380557
18,206_fs3-00004.jpg,26.0790930513934,0.0291700273281208
19,206_fs3-00004.jpg,25.9884156239054,0.503756033206457
20,206_fs3-00004.jpg,25.9011439817581,0.97810510418185
21,206_fs3-00004.jpg,25.8174123334165,1.45226418718164
22,206_fs3-00004.jpg,25.7373548873456,1.926280229133
23,206_fs3-00004.jpg,25.6611058520106,2.40020017696338
24,206_fs3-00004.jpg,25.5887994358763,2.87407097760007
25,206_fs3-00004.jpg,25.5205698474079,3.34793957797035
26,206_fs3-00004.jpg,25.4565512950705,3.82185292500151
27,206_fs3-00004.jpg,25.3968779873289,4.29585796562094
28,206_fs3-00004.jpg,25.3416841326484,4.77000164675593
29,206_fs3-00004.jpg,25.2911039394939,5.24433091533376
30,206_fs3-00004.jpg,25.2452695940317,5.71889271828178
31,206_fs3-00004.jpg,25.2018267439135,6.19373400252726
32,206_fs3-00004.jpg,25.1586575193719,6.66890171499756
33,206_fs3-00004.jpg,25.1158466485678,7.14444280261995
34,206_fs3-00004.jpg,25.0734788596623,7.62040421232177
35,206_fs3-00004.jpg,25.0316388808164,8.09683289103037
36,206_fs3-00004.jpg,24.9904114401913,8.57377578567304
37,206_fs3-00004.jpg,24.9498812659479,9.05127984317704
38,206_fs3-00004.jpg,24.9101330862473,9.52939201046979
39,206_fs3-00004.jpg,24.8712516292506,10.0081592344785
40,206_fs3-00004.jpg,24.8333216231188,10.4876284621305
41,206_fs3-00004.jpg,24.796427796013,10.9678466403532
42,206_fs3-00004.jpg,24.7606548760942,11.4488607160738
43,206_fs3-00004.jpg,24.7260875915234,11.9307176362196
44,206_fs3-00004.jpg,24.6928106704617,12.413464347718
45,206_fs3-00004.jpg,24.6609088410703,12.8971477974964
46,206_fs3-00004.jpg,24.63046683151,13.3818149324819
47,206_fs3-00004.jpg,24.601569369942,13.8675126996019
48,206_fs3-00004.jpg,24.5743011845274,14.3542880457838
49,206_fs3-00004.jpg,24.5487470034271,14.8421879179548
50,206_fs3-00004.jpg,24.5249915548023,15.3312592630423
51,206_fs3-00004.jpg,24.5031195668139,15.8215490279736
52,206_fs3-00004.jpg,24.4832157676231,16.3131041596759
53,206_fs3-00004.jpg,24.4653648853908,16.8059716050766
54,206_fs3-00004.jpg,24.4496516482782,17.3001983111031
55,206_fs3-00004.jpg,24.4361607844462,17.7958312246826
56,206_fs3-00004.jpg,24.4249770220561,18.2929172927425
57,206_fs3-00004.jpg,24.4161850892687,18.7915034622099
58,206_fs3-00004.jpg,24.4098697142451,19.2916366800124
59,206_fs3-00004.jpg,24.4061156251464,19.7933638930771
60,206_fs3-00004.jpg,24.4050385646188,20.2967319891073
61,206_fs3-00004.jpg,24.4111705966833,20.801680179752
62,206_fs3-00004.jpg,24.4274553866085,21.3078174106731
63,206_fs3-00004.jpg,24.4535405420152,21.8146895190666
64,206_fs3-00004.jpg,24.4890736705242,22.3218423421285
65,206_fs3-00004.jpg,24.5337023797564,22.8288217170551
66,206_fs3-00004.jpg,24.5870742773328,23.3351734810423
67,206_fs3-00004.jpg,24.6488369708742,23.8404434712861
68,206_fs3-00004.jpg,24.7186380680014,24.3441775249827
69,206_fs3-00004.jpg,24.7961251763354,24.8459214793282
70,206_fs3-00004.jpg,24.880945903497,25.3452211715185
71,206_fs3-00004.jpg,24.9727478571071,25.8416224387497
72,206_fs3-00004.jpg,25.0711786447866,26.334671118218
73,206_fs3-00004.jpg,25.1758858741563,26.8239130471192
74,206_fs3-00004.jpg,25.286517152837,27.3088940626496
75,206_fs3-00004.jpg,25.4027200884498,27.7891600020052
76,206_fs3-00004.jpg,25.5241422886155,28.264256702382
77,206_fs3-00004.jpg,25.6504313609549,28.7337300009762
78,206_fs3-00004.jpg,25.7812349130889,29.1971257349836
79,206_fs3-00004.jpg,25.9162005526383,29.6539897416005
80,206_fs3-00004.jpg,26.0549758872242,30.1038678580229
81,206_fs3-00004.jpg,26.1972085244673,30.5463059214468
82,206_fs3-00004.jpg,26.3425460719885,30.9808497690684
83,206_fs3-00004.jpg,26.4906361374087,31.4070452380836
84,206_fs3-00004.jpg,26.6411263283487,31.8244381656885
85,206_fs3-00004.jpg,26.7936642524295,32.2325743890793
86,206_fs3-00004.jpg,26.9611631909633,32.6310821392512
87,206_fs3-00004.jpg,27.161749265025,33.0200389684178
88,206_fs3-00004.jpg,27.3935245657771,33.399674839186
89,206_fs3-00004.jpg,27.654414428057,33.7702198376471
90,206_fs3-00004.jpg,27.9423441867021,34.1319040498923
91,206_fs3-00004.jpg,28.2552391765495,34.4849575620126
92,206_fs3-00004.jpg,28.5910247324368,34.8296104600993
93,206_fs3-00004.jpg,28.9476261892013,35.1660928302435
94,206_fs3-00004.jpg,29.3229688816802,35.4946347585365
95,206_fs3-00004.jpg,29.7149781447111,35.8154663310694
96,206_fs3-00004.jpg,30.1215793131311,36.1288176339332
97,206_fs3-00004.jpg,30.5406977217777,36.4349187532193
98,206_fs3-00004.jpg,30.9702587054882,36.7339997750188
99,206_fs3-00004.jpg,31.4081875990999,37.0262907854229
100,206_fs3-00004.jpg,31.8524097374503,37.3120218705226
101,206_fs3-00004.jpg,32.3008504553766,37.5914231164093
102,206_fs3-00004.jpg,32.7514350877162,37.8647246091741
103,206_fs3-00004.jpg,33.2020889693065,38.132156434908
104,206_fs3-00004.jpg,33.6507374349848,38.3939486797024
105,206_fs3-00004.jpg,34.0953058195884,38.6503314296483
106,206_fs3-00004.jpg,34.5337194579547,38.901534770837
107,206_fs3-00004.jpg,34.9639036849211,39.1477887893595
108,206_fs3-00004.jpg,35.3838806016945,39.3893234392733
109,206_fs3-00004.jpg,35.8048689772017,39.6261557398563
110,206_fs3-00004.jpg,36.2350692107167,39.8576571525971
111,206_fs3-00004.jpg,36.6736828732556,40.083077262592
112,206_fs3-00004.jpg,37.1199115358349,40.301665654937
113,206_fs3-00004.jpg,37.5729567694706,40.5126719147286
114,206_fs3-00004.jpg,38.032020145179,40.7153456270626
115,206_fs3-00004.jpg,38.4963032339762,40.9089363770356
116,206_fs3-00004.jpg,38.9650076068785,41.0926937497434
117,206_fs3-00004.jpg,39.4373348349021,41.2658673302824
118,206_fs3-00004.jpg,39.9124864890632,41.4277067037488
119,206_fs3-00004.jpg,40.389664140378,41.5774614552387
120,206_fs3-00004.jpg,40.8680693598627,41.7143811698484
121,206_fs3-00004.jpg,41.3469037185336,41.837715432674
122,206_fs3-00004.jpg,41.8253687874069,41.9467138288117
123,206_fs3-00004.jpg,42.3026661374986,42.0406259433577
124,206_fs3-00004.jpg,42.7779973398251,42.1187013614082
125,206_fs3-00004.jpg,43.2505639654026,42.1801896680593
126,206_fs3-00004.jpg,43.7195675852473,42.2243404484074
127,206_fs3-00004.jpg,44.1842097703753,42.2504032875485
128,206_fs3-00004.jpg,44.6482329251942,42.2577665308123
129,206_fs3-00004.jpg,45.1179933180579,42.2466268187473
130,206_fs3-00004.jpg,45.5926936178911,42.2174726755131
131,206_fs3-00004.jpg,46.071444954994,42.1707930209195
132,206_fs3-00004.jpg,46.553358459667,42.1070767747767
133,206_fs3-00004.jpg,47.0375452622102,42.0268128568944
134,206_fs3-00004.jpg,47.5231164929241,41.9304901870828
135,206_fs3-00004.jpg,48.0091832821088,41.8185976851517
136,206_fs3-00004.jpg,48.4948567600647,41.6916242709112
137,206_fs3-00004.jpg,48.9792480570919,41.5500588641711
138,206_fs3-00004.jpg,49.4614683034909,41.3943903847416
139,206_fs3-00004.jpg,49.9406286295618,41.2251077524325
140,206_fs3-00004.jpg,50.415840165605,41.0426998870537
141,206_fs3-00004.jpg,50.8862140419206,40.8476557084153
142,206_fs3-00004.jpg,51.3508613888091,40.6404641363274
143,206_fs3-00004.jpg,51.8088933365707,40.4216140905996
144,206_fs3-00004.jpg,52.2594210155056,40.1915944910422
145,206_fs3-00004.jpg,52.7015555559141,39.9508942574649
146,206_fs3-00004.jpg,53.1344080880965,39.700002309678
147,206_fs3-00004.jpg,53.5570897423532,39.4394075674911
148,206_fs3-00004.jpg,53.9687116489842,39.1695989507144
149,206_fs3-00004.jpg,54.36838493829,38.8910653791579
150,206_fs3-00004.jpg,54.755479366696,38.6042954746266
151,206_fs3-00004.jpg,55.1443468080812,38.309625909214
152,206_fs3-00004.jpg,55.5411161567393,38.0069944068669
153,206_fs3-00004.jpg,55.9422508696171,37.6962740055233
154,206_fs3-00004.jpg,56.3442144036615,37.3773377431215
155,206_fs3-00004.jpg,56.7434702158194,37.0500586575997
156,206_fs3-00004.jpg,57.1364817630376,36.714309786896
157,206_fs3-00004.jpg,57.5197125022629,36.3699641689487
158,206_fs3-00004.jpg,57.8896258904421,36.016894841696
159,206_fs3-00004.jpg,58.2426853845223,35.654974843076
160,206_fs3-00004.jpg,58.5753544414501,35.2840772110271
161,206_fs3-00004.jpg,58.8840965181725,34.9040749834873
162,206_fs3-00004.jpg,59.1653750716364,34.5148411983949
163,206_fs3-00004.jpg,59.4156535587885,34.1162488936881
164,206_fs3-00004.jpg,59.6313954365757,33.708171107305
165,206_fs3-00004.jpg,59.8090641619449,33.2904808771839
166,206_fs3-00004.jpg,59.9523590655909,32.8630746847182
167,206_fs3-00004.jpg,60.089876976578,32.4262172764326
168,206_fs3-00004.jpg,60.2240568114222,31.9804661057698
169,206_fs3-00004.jpg,60.3538504787366,31.5263867077525
170,206_fs3-00004.jpg,60.4782098871341,31.0645446174037
171,206_fs3-00004.jpg,60.5960869452278,30.5955053697461
172,206_fs3-00004.jpg,60.7064335616306,30.1198344998027
173,206_fs3-00004.jpg,60.8082016449557,29.6380975425962
174,206_fs3-00004.jpg,60.900343103816,29.1508600331495
175,206_fs3-00004.jpg,60.9818098468245,28.6586875064854
176,206_fs3-00004.jpg,61.0515537825942,28.1621454976268
177,206_fs3-00004.jpg,61.1085268197382,27.6617995415965
178,206_fs3-00004.jpg,61.1516808668694,27.1582151734174
179,206_fs3-00004.jpg,61.179967832601,26.6519579281123
180,206_fs3-00004.jpg,61.1923396255458,26.1435933407039
181,206_fs3-00004.jpg,61.1928242697474,25.6336869462153
182,206_fs3-00004.jpg,61.1928242697474,25.1228042796692
183,206_fs3-00004.jpg,61.1928242697474,24.6115108760885
184,206_fs3-00004.jpg,61.1928242697474,24.1003722704959
185,206_fs3-00004.jpg,61.1928242697474,23.5899539979143
186,206_fs3-00004.jpg,61.1928242697474,23.0808215933666
187,206_fs3-00004.jpg,61.1928242697474,22.5735405918757
188,206_fs3-00004.jpg,61.1928242697474,22.0686765284643
189,206_fs3-00004.jpg,61.1928242697474,21.5667949381553
190,206_fs3-00004.jpg,61.1928242697474,21.0684613559715
191,206_fs3-00004.jpg,61.1928242697474,20.5742413169359
192,206_fs3-00004.jpg,61.1928242697474,20.084700356071
193,206_fs3-00004.jpg,61.1928242697474,19.6004040084
194,206_fs3-00004.jpg,61.1928242697474,19.1219178089456
195,206_fs3-00004.jpg,61.1928242697474,18.6498072927306
196,206_fs3-00004.jpg,61.1928242697474,18.1846379947779
197,206_fs3-00004.jpg,61.1928242697474,17.7269754501103
198,206_fs3-00004.jpg,61.1928242697474,17.2773851937506
199,206_fs3-00004.jpg,61.1928242697474,16.8364327607218
200,206_fs3-00004.jpg,61.1928242697474,16.4046836860466
1,206_fs3-00005.jpg,28.6578378886072,-20.2328667976578
2,206_fs3-00005.jpg,28.7083817145545,-19.8047364780759
3,206_fs3-00005.jpg,28.7567818956344,-19.3767151589284
4,206_fs3-00005.jpg,28.8030720753022,-18.9488002954761
5,206_fs3-00005.jpg,28.8472858970136,-18.5209893429798
6,206_fs3-00005.jpg,28.889457004224,-18.0932797567003
7,206_fs3-00005.jpg,28.9296190403889,-17.6656689918987
8,206_fs3-00005.jpg,28.9678056489637,-17.2381545038357
9,206_fs3-00005.jpg,29.0040504734041,-16.8107337477724
10,206_fs3-00005.jpg,29.0383871571653,-16.3834041789693
11,206_fs3-00005.jpg,29.070849343703,-15.9561632526876
12,206_fs3-00005.jpg,29.1014706764726,-15.529008424188
13,206_fs3-00005.jpg,29.1302847989297,-15.1019371487314
14,206_fs3-00005.jpg,29.1573253545295,-14.6749468815787
15,206_fs3-00005.jpg,29.1826259867279,-14.2480350779908
16,206_fs3-00005.jpg,29.20622033898,-13.8211991932286
17,206_fs3-00005.jpg,29.2281420547414,-13.3944366825528
18,206_fs3-00005.jpg,29.2484247774677,-12.9677450012244
19,206_fs3-00005.jpg,29.2671021506143,-12.5411216045044
20,206_fs3-00005.jpg,29.2842078176367,-12.1145639476534
21,206_fs3-00005.jpg,29.2997754219903,-11.6880694859324
22,206_fs3-00005.jpg,29.3138386071307,-11.2616356746024
23,206_fs3-00005.jpg,29.3264310165135,-10.835259968924
24,206_fs3-00005.jpg,29.3375862935938,-10.4089398241584
25,206_fs3-00005.jpg,29.3473380818274,-9.98267269556624
26,206_fs3-00005.jpg,29.3557200246698,-9.55645603840844
27,206_fs3-00005.jpg,29.3627657655763,-9.13028730794588
28,206_fs3-00005.jpg,29.3685089480024,-8.70416395943943
29,206_fs3-00005.jpg,29.3729832154037,-8.27808344814997
30,206_fs3-00005.jpg,29.3762222112357,-7.85204322933839
31,206_fs3-00005.jpg,29.3782595789537,-7.42604075826557
32,206_fs3-00005.jpg,29.3791289620134,-7.00007349019234
33,206_fs3-00005.jpg,29.3778911269723,-6.57413888037962
34,206_fs3-00005.jpg,29.3721961694286,-6.14823438408825
35,206_fs3-00005.jpg,29.3621464116162,-5.72235745657912
36,206_fs3-00005.jpg,29.3479696568819,-5.29650555311309
37,206_fs3-00005.jpg,29.3298937085727,-4.870676128951
38,206_fs3-00005.jpg,29.308146370035,-4.44486663935379
39,206_fs3-00005.jpg,29.2829554446159,-4.01907453958233
40,206_fs3-00005.jpg,29.2545487356619,-3.59329728489746
41,206_fs3-00005.jpg,29.22315404652,-3.16753233056005
42,206_fs3-00005.jpg,29.1889991805369,-2.74177713183099
43,206_fs3-00005.jpg,29.1523119410593,-2.31602914397115
44,206_fs3-00005.jpg,29.1133201314341,-1.89028582224137
45,206_fs3-00005.jpg,29.072251555008,-1.46454462190258
46,206_fs3-00005.jpg,29.0293340151278,-1.03880299821566
47,206_fs3-00005.jpg,28.9847953151402,-0.613058406441382
48,206_fs3-00005.jpg,28.938863258392,-0.187308301840744
49,206_fs3-00005.jpg,28.8917656482301,0.238449860325431
50,206_fs3-00005.jpg,28.8437302880011,0.66421862479632
51,206_fs3-00005.jpg,28.7949849810519,1.09000053631098
52,206_fs3-00005.jpg,28.7457575307292,1.51579813960859
53,206_fs3-00005.jpg,28.6962757403798,1.94161397942821
54,206_fs3-00005.jpg,28.6467674133505,2.36745060050907
55,206_fs3-00005.jpg,28.597460352988,2.79331054759018
56,206_fs3-00005.jpg,28.5485823626392,3.21919636541071
57,206_fs3-00005.jpg,28.5003612456507,3.64511059870983
58,206_fs3-00005.jpg,28.4530248053694,4.07105579222662
59,206_fs3-00005.jpg,28.4068008451421,4.49703449070023
60,206_fs3-00005.jpg,28.3619171683154,4.92304923886979
61,206_fs3-00005.jpg,28.3186015782363,5.34910258147443
62,206_fs3-00005.jpg,28.2770818782514,5.77519706325324
63,206_fs3-00005.jpg,28.2375858717076,6.20133522894537
64,206_fs3-00005.jpg,28.2003413619516,6.62751962328991
65,206_fs3-00005.jpg,28.1655761523301,7.05375279102611
66,206_fs3-00005.jpg,28.13351804619,7.48003727689292
67,206_fs3-00005.jpg,28.104175079226,7.90637555573016
68,206_fs3-00005.jpg,28.075988407711,8.3327679347862
69,206_fs3-00005.jpg,28.0485728783619,8.75921218776591
70,206_fs3-00005.jpg,28.0218843738243,9.18570594472527
71,206_fs3-00005.jpg,27.9958787767441,9.61224683572033
72,206_fs3-00005.jpg,27.9705119697666,10.0388324908071
73,206_fs3-00005.jpg,27.9457398355376,10.4654605400416
74,206_fs3-00005.jpg,27.9215182567027,10.8921286134799
75,206_fs3-00005.jpg,27.8978031159075,11.3188343411781
76,206_fs3-00005.jpg,27.8745502957976,11.7455753531921
77,206_fs3-00005.jpg,27.8517156790187,12.1723492795779
78,206_fs3-00005.jpg,27.8292551482164,12.5991537503917
79,206_fs3-00005.jpg,27.8071245860363,13.0259863956895
80,206_fs3-00005.jpg,27.785279875124,13.4528448455272
81,206_fs3-00005.jpg,27.7636768981251,13.879726729961
82,206_fs3-00005.jpg,27.7422715376853,14.3066296790468
83,206_fs3-00005.jpg,27.7210196764503,14.7335513228406
84,206_fs3-00005.jpg,27.6998771970655,15.1604892913986
85,206_fs3-00005.jpg,27.6787999821767,15.5874412147767
86,206_fs3-00005.jpg,27.6577439144294,16.014404723031
87,206_fs3-00005.jpg,27.6366648764694,16.4413774462175
88,206_fs3-00005.jpg,27.6155187509421,16.8683570143922
89,206_fs3-00005.jpg,27.5942614204933,17.2953410576113
90,206_fs3-00005.jpg,27.5728487677685,17.7223272059306
91,206_fs3-00005.jpg,27.5512366754134,18.1493130894062
92,206_fs3-00005.jpg,27.5293810260737,18.5762963380943
93,206_fs3-00005.jpg,27.5072377023948,19.0032745820507
94,206_fs3-00005.jpg,27.4847625870225,19.4302454513315
95,206_fs3-00005.jpg,27.4619115626024,19.8572065759928
96,206_fs3-00005.jpg,27.4386405117801,20.2841555860906
97,206_fs3-00005.jpg,27.4149053172012,20.711090111681
98,206_fs3-00005.jpg,27.3906618615114,21.1380077828198
99,206_fs3-00005.jpg,27.3658660273562,21.5649062295633
100,206_fs3-00005.jpg,27.3404736973814,21.9917830819674
101,206_fs3-00005.jpg,27.3144407542324,22.4186359700881
102,206_fs3-00005.jpg,27.287723080555,22.8454625239816
103,206_fs3-00005.jpg,27.2602765589947,23.2722603737038
104,206_fs3-00005.jpg,27.2320570721972,23.6990271493107
105,206_fs3-00005.jpg,27.2028239065851,24.1257604911743
106,206_fs3-00005.jpg,27.1709325762922,24.5524584069404
107,206_fs3-00005.jpg,27.1362144131027,24.9791193626953
108,206_fs3-00005.jpg,27.0989068665949,25.4057418533563
109,206_fs3-00005.jpg,27.0592473863472,25.8323243738409
110,206_fs3-00005.jpg,27.017473421938,26.2588654190664
111,206_fs3-00005.jpg,26.9738224229457,26.6853634839499
112,206_fs3-00005.jpg,26.9285318389486,27.111817063409
113,206_fs3-00005.jpg,26.8818391195252,27.538224652361
114,206_fs3-00005.jpg,26.8339817142537,27.964584745723
115,206_fs3-00005.jpg,26.7851970727127,28.3908958384126
116,206_fs3-00005.jpg,26.7357226444805,28.817156425347
117,206_fs3-00005.jpg,26.6857958791355,29.2433650014437
118,206_fs3-00005.jpg,26.635654226256,29.6695200616198
119,206_fs3-00005.jpg,26.5855351354205,30.0956201007927
120,206_fs3-00005.jpg,26.5356760562074,30.5216636138798
121,206_fs3-00005.jpg,26.486314438195,30.9476490957983
122,206_fs3-00005.jpg,26.4376877309617,31.3735750414658
123,206_fs3-00005.jpg,26.3900333840859,31.7994399457993
124,206_fs3-00005.jpg,26.343588847146,32.2252423037164
125,206_fs3-00005.jpg,26.2985915697205,32.6509806101343
126,206_fs3-00005.jpg,26.2552790013875,33.0766533599704
127,206_fs3-00005.jpg,26.2138885917256,33.5022590481419
128,206_fs3-00005.jpg,26.1746577903132,33.9277961695662
129,206_fs3-00005.jpg,26.1378240467286,34.3532632191607
130,206_fs3-00005.jpg,26.1036248105502,34.7786586918427
131,206_fs3-00005.jpg,26.0722975313564,35.2039810825296
132,206_fs3-00005.jpg,26.0440796587256,35.6292288861385
133,206_fs3-00005.jpg,26.0192086422361,36.0544005975869
134,206_fs3-00005.jpg,25.9979219314664,36.4794947117923
135,206_fs3-00005.jpg,25.9804569759949,36.9045097236717
136,206_fs3-00005.jpg,25.9670512253999,37.3294441281425
137,206_fs3-00005.jpg,25.9579421292598,37.7542964201222
138,206_fs3-00005.jpg,25.9533671371531,38.1790650945281
139,206_fs3-00005.jpg,25.9550493650508,38.6037468258338
140,206_fs3-00005.jpg,25.9703544319442,39.0283030717368
141,206_fs3-00005.jpg,25.9992679363303,39.4526634152829
142,206_fs3-00005.jpg,26.0406321372848,39.8767562895831
143,206_fs3-00005.jpg,26.0932892938838,40.3005101277486
144,206_fs3-00005.jpg,26.1560816652031,40.7238533628906
145,206_fs3-00005.jpg,26.2278515103187,41.1467144281202
146,206_fs3-00005.jpg,26.3074410883065,41.5690217565485
147,206_fs3-00005.jpg,26.3936926582423,41.9907037812867
148,206_fs3-00005.jpg,26.4854484792022,42.411688935446
149,206_fs3-00005.jpg,26.581550810262,42.8319056521374
150,206_fs3-00005.jpg,26.6808419104977,43.2512823644722
151,206_fs3-00005.jpg,26.7821640389851,43.6697475055614
152,206_fs3-00005.jpg,26.8852847524097,44.0872272555633
153,206_fs3-00005.jpg,27.0044680987505,44.503461391893
154,206_fs3-00005.jpg,27.1442249812315,44.9178666804228
155,206_fs3-00005.jpg,27.3036379704657,45.3298276959367
156,206_fs3-00005.jpg,27.4817896370662,45.738729013219
157,206_fs3-00005.jpg,27.6777625516459,46.1439552070538
158,206_fs3-00005.jpg,27.8906392848179,46.5448908522253
159,206_fs3-00005.jpg,28.1195024071952,46.9409205235177
160,206_fs3-00005.jpg,28.3634344893909,47.3314287957152
161,206_fs3-00005.jpg,28.6215181020179,47.715800243602
162,206_fs3-00005.jpg,28.8928358156893,48.0934194419622
163,206_fs3-00005.jpg,29.1764702010181,48.46367096558
164,206_fs3-00005.jpg,29.4715038286173,48.8259393892396
165,206_fs3-00005.jpg,29.7770192691,49.1796092877253
166,206_fs3-00005.jpg,30.0920990930792,49.5240652358211
167,206_fs3-00005.jpg,30.4158258711679,49.8586918083112
168,206_fs3-00005.jpg,30.7472821739791,50.1828735799799
169,206_fs3-00005.jpg,31.0855505721259,50.4959951256113
170,206_fs3-00005.jpg,31.4297136362213,50.7974410199896
171,206_fs3-00005.jpg,31.7788539368782,51.086595837899
172,206_fs3-00005.jpg,32.1320540447098,51.3628441541236
173,206_fs3-00005.jpg,32.4883965303291,51.6255705434477
174,206_fs3-00005.jpg,32.846963964349,51.8741595806554
175,206_fs3-00005.jpg,33.2068389173827,52.1079958405309
176,206_fs3-00005.jpg,33.567103960043,52.3264638978584
177,206_fs3-00005.jpg,33.9268416629431,52.528948327422
178,206_fs3-00005.jpg,34.285134596696,52.7148337040061
179,206_fs3-00005.jpg,34.6410653319147,52.8835046023946
180,206_fs3-00005.jpg,34.9937164392122,53.0343455973718
181,206_fs3-00005.jpg,35.342179346324,53.166741263722
182,206_fs3-00005.jpg,35.6934636930576,53.2800761762292
183,206_fs3-00005.jpg,36.0539713882193,53.3737349096777
184,206_fs3-00005.jpg,36.4233629012652,53.4471020388516
185,206_fs3-00005.jpg,36.8012987016516,53.4995621385352
186,206_fs3-00005.jpg,37.187439258835,53.5304997835125
187,206_fs3-00005.jpg,37.5814450422717,53.5392995485678
188,206_fs3-00005.jpg,37.9829765214179,53.5253460084853
189,206_fs3-00005.jpg,38.3916941657299,53.4880237380492
190,206_fs3-00005.jpg,38.8072584446642,53.4267173120435
191,206_fs3-00005.jpg,39.2293298276769,53.3408113052525
192,206_fs3-00005.jpg,39.6575687842244,53.2296902924605
193,206_fs3-00005.jpg,40.0916357837631,53.0927388484516
194,206_fs3-00005.jpg,40.5311912957492,52.9293415480099
195,206_fs3-00005.jpg,40.9758957896391,52.7388829659196
196,206_fs3-00005.jpg,41.425409734889,52.520747676965
197,206_fs3-00005.jpg,41.8793936009553,52.2743202559301
198,206_fs3-00005.jpg,42.3375078572943,51.9989852775992
199,206_fs3-00005.jpg,42.7994129733624,51.6941273167565
200,206_fs3-00005.jpg,43.2647694186157,51.3591309481861
1,206_fs3-00006.jpg,27.012303935381,-29.6326977359503
2,206_fs3-00006.jpg,27.1039541044129,-29.191898179549
3,206_fs3-00006.jpg,27.1955280820715,-28.7507320834217
4,206_fs3-00006.jpg,27.2868004442664,-28.3092072467898
5,206_fs3-00006.jpg,27.377545766907,-27.8673314688743
6,206_fs3-00006.jpg,27.4675386259026,-27.4251125488964
7,206_fs3-00006.jpg,27.5565535971629,-26.9825582860773
8,206_fs3-00006.jpg,27.6443652565971,-26.5396764796382
9,206_fs3-00006.jpg,27.7307481801148,-26.0964749288002
10,206_fs3-00006.jpg,27.8154769436254,-25.6529614327845
11,206_fs3-00006.jpg,27.8983261230384,-25.2091437908123
12,206_fs3-00006.jpg,27.9790702942632,-24.7650298021047
13,206_fs3-00006.jpg,28.0574840332092,-24.3206272658828
14,206_fs3-00006.jpg,28.133341915786,-23.875943981368
15,206_fs3-00006.jpg,28.2064185179029,-23.4309877477813
16,206_fs3-00006.jpg,28.2764884154695,-22.9857663643439
17,206_fs3-00006.jpg,28.3433261843951,-22.540287630277
18,206_fs3-00006.jpg,28.4067064005892,-22.0945593448017
19,206_fs3-00006.jpg,28.4664036399613,-21.6485893071393
20,206_fs3-00006.jpg,28.5221924784208,-21.2023853165107
21,206_fs3-00006.jpg,28.5738474918771,-20.7559551721374
22,206_fs3-00006.jpg,28.6211432562398,-20.3093066732404
23,206_fs3-00006.jpg,28.6638543474182,-19.8624476190409
24,206_fs3-00006.jpg,28.7017553413219,-19.41538580876
25,206_fs3-00006.jpg,28.7346208138602,-18.968129041619
26,206_fs3-00006.jpg,28.7622253409426,-18.5206851168389
27,206_fs3-00006.jpg,28.7843434984785,-18.073061833641
28,206_fs3-00006.jpg,28.8007498623775,-17.6252669912464
29,206_fs3-00006.jpg,28.8112190085489,-17.1773083888763
30,206_fs3-00006.jpg,28.8155255129023,-16.729193825752
31,206_fs3-00006.jpg,28.8156288156289,-16.2809311010944
32,206_fs3-00006.jpg,28.8156288156289,-15.8325280141248
33,206_fs3-00006.jpg,28.8156288156289,-15.3839923640644
34,206_fs3-00006.jpg,28.8156288156289,-14.9353319501344
35,206_fs3-00006.jpg,28.8156288156289,-14.4865545715558
36,206_fs3-00006.jpg,28.8156288156289,-14.0376680275499
37,206_fs3-00006.jpg,28.8156288156289,-13.5886801173378
38,206_fs3-00006.jpg,28.8156288156289,-13.1395986401408
39,206_fs3-00006.jpg,28.8156288156289,-12.69043139518
40,206_fs3-00006.jpg,28.8156288156289,-12.2411861816765
41,206_fs3-00006.jpg,28.8156288156289,-11.7918707988516
42,206_fs3-00006.jpg,28.8156288156289,-11.3424930459263
43,206_fs3-00006.jpg,28.8156288156289,-10.8930607221219
44,206_fs3-00006.jpg,28.8156288156289,-10.4435816266595
45,206_fs3-00006.jpg,28.8156288156289,-9.99406355876033
46,206_fs3-00006.jpg,28.8156288156289,-9.54451431764545
47,206_fs3-00006.jpg,28.8156288156289,-9.09494170253618
48,206_fs3-00006.jpg,28.8156288156289,-8.64535351265357
49,206_fs3-00006.jpg,28.8156288156289,-8.19575754721882
50,206_fs3-00006.jpg,28.8156288156289,-7.74616160545315
51,206_fs3-00006.jpg,28.8156288156289,-7.29657348657764
52,206_fs3-00006.jpg,28.8156288156289,-6.84700098981352
53,206_fs3-00006.jpg,28.8156288156289,-6.39745191438192
54,206_fs3-00006.jpg,28.8156288156289,-5.94793405950406
55,206_fs3-00006.jpg,28.8156288156289,-5.49845522440108
56,206_fs3-00006.jpg,28.8156288156289,-5.04902320829416
57,206_fs3-00006.jpg,28.8156288156289,-4.59964581040441
58,206_fs3-00006.jpg,28.8156288156289,-4.15033082995308
59,206_fs3-00006.jpg,28.8156288156289,-3.70108606616128
60,206_fs3-00006.jpg,28.8156288156289,-3.25191931825026
61,206_fs3-00006.jpg,28.8156288156289,-2.80283838544108
62,206_fs3-00006.jpg,28.8160606805631,-2.35385075913689
63,206_fs3-00006.jpg,28.8193512716105,-1.90495717275462
64,206_fs3-00006.jpg,28.8257392476152,-1.45615177582647
65,206_fs3-00006.jpg,28.8350579563789,-1.00742844489446
66,206_fs3-00006.jpg,28.8471407457031,-0.558781056500379
67,206_fs3-00006.jpg,28.8618209633894,-0.110203487186254
68,206_fs3-00006.jpg,28.8789319572393,0.338310386506066
69,206_fs3-00006.jpg,28.8983070750546,0.786766688034675
70,206_fs3-00006.jpg,28.9197796646368,1.23517154085761
71,206_fs3-00006.jpg,28.9431830737875,1.68353106843301
72,206_fs3-00006.jpg,28.9683506503083,2.13185139421893
73,206_fs3-00006.jpg,28.9951157420009,2.5801386416735
74,206_fs3-00006.jpg,29.0233116966668,3.02839893425477
75,206_fs3-00006.jpg,29.0527718621076,3.47663839542082
76,206_fs3-00006.jpg,29.0833295861249,3.92486314862975
77,206_fs3-00006.jpg,29.1148182165203,4.37307931733972
78,206_fs3-00006.jpg,29.1470711010955,4.82129302500869
79,206_fs3-00006.jpg,29.179921587652,5.26951039509481
80,206_fs3-00006.jpg,29.2132030239914,5.71773755105619
81,206_fs3-00006.jpg,29.2467487579154,6.16598061635091
82,206_fs3-00006.jpg,29.2803921372255,6.614245714437
83,206_fs3-00006.jpg,29.3139665097234,7.06253896877263
84,206_fs3-00006.jpg,29.3473052232105,7.51086650281582
85,206_fs3-00006.jpg,29.3802416254887,7.95923444002466
86,206_fs3-00006.jpg,29.4126090643593,8.40764890385731
87,206_fs3-00006.jpg,29.4442408876241,8.8561160177718
88,206_fs3-00006.jpg,29.4749704430847,9.30464190522622
89,206_fs3-00006.jpg,29.5046310785425,9.75323268967867
90,206_fs3-00006.jpg,29.5330561417994,10.2018944945872
91,206_fs3-00006.jpg,29.5600789806568,10.65063344341
92,206_fs3-00006.jpg,29.5855329429163,11.099455659605
93,206_fs3-00006.jpg,29.6092513763797,11.5483672666305
94,206_fs3-00006.jpg,29.6310676288483,11.9973743879444
95,206_fs3-00006.jpg,29.650815048124,12.4464831470049
96,206_fs3-00006.jpg,29.6683269820082,12.8956996672699
97,206_fs3-00006.jpg,29.6834367783025,13.3450300721977
98,206_fs3-00006.jpg,29.6959777848086,13.7944804852464
99,206_fs3-00006.jpg,29.7057833493281,14.2440570298739
100,206_fs3-00006.jpg,29.7126868196625,14.6937658295385
101,206_fs3-00006.jpg,29.7165215436135,15.1436130076981
102,206_fs3-00006.jpg,29.7171272129449,15.5936045391763
103,206_fs3-00006.jpg,29.7145078465259,16.0437364221949
104,206_fs3-00006.jpg,29.7087833388846,16.4939885497751
105,206_fs3-00006.jpg,29.7000660663047,16.9443393517612
106,206_fs3-00006.jpg,29.6884684050699,17.3947672579973
107,206_fs3-00006.jpg,29.6741027314638,17.8452506983275
108,206_fs3-00006.jpg,29.6570814217701,18.2957681025961
109,206_fs3-00006.jpg,29.6375168522725,18.746297900647
110,206_fs3-00006.jpg,29.6155213992545,19.1968185223245
111,206_fs3-00006.jpg,29.5912074389999,19.6473083974727
112,206_fs3-00006.jpg,29.5646873477924,20.0977459559357
113,206_fs3-00006.jpg,29.5360735019156,20.5481096275577
114,206_fs3-00006.jpg,29.5054782776532,20.9983778421828
115,206_fs3-00006.jpg,29.4730140512889,21.4485290296552
116,206_fs3-00006.jpg,29.4387931991062,21.898541619819
117,206_fs3-00006.jpg,29.4029280973889,22.3483940425182
118,206_fs3-00006.jpg,29.3655311224207,22.7980647275971
119,206_fs3-00006.jpg,29.3267146504852,23.2475321048998
120,206_fs3-00006.jpg,29.286591057866,23.6967746042705
121,206_fs3-00006.jpg,29.2452727208469,24.1457706555532
122,206_fs3-00006.jpg,29.2028720157116,24.5944986885921
123,206_fs3-00006.jpg,29.1595013187435,25.0429371332314
124,206_fs3-00006.jpg,29.1152730062265,25.4910644193151
125,206_fs3-00006.jpg,29.0702994544443,25.9388589766875
126,206_fs3-00006.jpg,29.0246930396804,26.3862992351926
127,206_fs3-00006.jpg,28.9785661382185,26.8333636246746
128,206_fs3-00006.jpg,28.9320311263424,27.2800305749777
129,206_fs3-00006.jpg,28.8852003803356,27.726278515946
130,206_fs3-00006.jpg,28.8381862764818,28.1720858774235
131,206_fs3-00006.jpg,28.7911011910648,28.6174310892545
132,206_fs3-00006.jpg,28.7440575003681,29.062292581283
133,206_fs3-00006.jpg,28.6971675806754,29.5066487833533
134,206_fs3-00006.jpg,28.6505438082704,29.9504781253095
135,206_fs3-00006.jpg,28.6042985594368,30.3937590369957
136,206_fs3-00006.jpg,28.5585442104583,30.836469948256
137,206_fs3-00006.jpg,28.5133931376184,31.2785892889345
138,206_fs3-00006.jpg,28.4689577172009,31.7200954888755
139,206_fs3-00006.jpg,28.4236088584134,32.1609744452002
140,206_fs3-00006.jpg,28.3723441969596,32.6012944154854
141,206_fs3-00006.jpg,28.3154514896617,33.0411747551269
142,206_fs3-00006.jpg,28.2536092217208,33.4807355840995
143,206_fs3-00006.jpg,28.1874958783375,33.9200970223785
144,206_fs3-00006.jpg,28.1177899447129,34.359379189939
145,206_fs3-00006.jpg,28.0451699060478,34.7987022067562
146,206_fs3-00006.jpg,27.9703142475432,35.2381861928052
147,206_fs3-00006.jpg,27.8939014543999,35.6779512680611
148,206_fs3-00006.jpg,27.8166100118189,36.1181175524991
149,206_fs3-00006.jpg,27.739118405001,36.5588051660943
150,206_fs3-00006.jpg,27.6621051191471,37.0001342288218
151,206_fs3-00006.jpg,27.5862486394581,37.4422248606568
152,206_fs3-00006.jpg,27.512227451135,37.8851971815745
153,206_fs3-00006.jpg,27.4407200393786,38.3291713115499
154,206_fs3-00006.jpg,27.3724048893898,38.7742673705582
155,206_fs3-00006.jpg,27.3079604863695,39.2206054785744
156,206_fs3-00006.jpg,27.2480653155186,39.668305755574
157,206_fs3-00006.jpg,27.193397862038,40.1174883215317
158,206_fs3-00006.jpg,27.1446366111287,40.5682732964229
159,206_fs3-00006.jpg,27.1024600479914,41.0207808002227
160,206_fs3-00006.jpg,27.0675466578272,41.4751309529062
161,206_fs3-00006.jpg,27.0405749258368,41.9314438744486
162,206_fs3-00006.jpg,27.0222233372212,42.3898396848249
163,206_fs3-00006.jpg,27.0131703771814,42.8504385040104
164,206_fs3-00006.jpg,27.012303935381,43.313341734455
165,206_fs3-00006.jpg,27.012303935381,43.7783558730271
166,206_fs3-00006.jpg,27.012303935381,44.2450525622642
167,206_fs3-00006.jpg,27.012303935381,44.7129969329508
168,206_fs3-00006.jpg,27.012303935381,45.1817541158717
169,206_fs3-00006.jpg,27.012303935381,45.6508892418113
170,206_fs3-00006.jpg,27.012303935381,46.1199674415544
171,206_fs3-00006.jpg,27.012303935381,46.5885538458855
172,206_fs3-00006.jpg,27.012303935381,47.0562135855893
173,206_fs3-00006.jpg,27.012303935381,47.5225117914502
174,206_fs3-00006.jpg,27.012303935381,47.987013594253
175,206_fs3-00006.jpg,27.012303935381,48.4492841247824
176,206_fs3-00006.jpg,27.012303935381,48.9088885138227
177,206_fs3-00006.jpg,27.012303935381,49.3653918921588
178,206_fs3-00006.jpg,27.012303935381,49.8183593905751
179,206_fs3-00006.jpg,27.012303935381,50.2673561398564
180,206_fs3-00006.jpg,27.012303935381,50.7119472707871
181,206_fs3-00006.jpg,27.012303935381,51.151697914152
182,206_fs3-00006.jpg,27.012303935381,51.5861732007356
183,206_fs3-00006.jpg,27.012303935381,52.0149382613226
184,206_fs3-00006.jpg,27.012303935381,52.4375582266975
185,206_fs3-00006.jpg,27.012303935381,52.853598227645
186,206_fs3-00006.jpg,27.012303935381,53.2626233949497
187,206_fs3-00006.jpg,27.012303935381,53.6641988593962
188,206_fs3-00006.jpg,27.0222701661614,54.057889751769
189,206_fs3-00006.jpg,27.0986305499563,54.4432612028529
190,206_fs3-00006.jpg,27.2438498446303,54.8198783434324
191,206_fs3-00006.jpg,27.4502735197025,55.1873063042921
192,206_fs3-00006.jpg,27.7102470446918,55.5451102162166
193,206_fs3-00006.jpg,28.0161158891172,55.8928552099907
194,206_fs3-00006.jpg,28.3602255224978,56.2301064163987
195,206_fs3-00006.jpg,28.7349214143524,56.5564289662254
196,206_fs3-00006.jpg,29.1325490342001,56.8713879902555
197,206_fs3-00006.jpg,29.5454538515599,57.1745486192734
198,206_fs3-00006.jpg,29.9659813359508,57.4654759840638
199,206_fs3-00006.jpg,30.3864769568917,57.7437352154113
200,206_fs3-00006.jpg,30.7992861839017,58.0088914441005
1,206_fs3-00007.jpg,31.3853667699824,-41.2416016525464
2,206_fs3-00007.jpg,31.3298680173134,-40.7612986408624
3,206_fs3-00007.jpg,31.2749272233828,-40.2810047968834
4,206_fs3-00007.jpg,31.2205800399944,-39.800719105144
5,206_fs3-00007.jpg,31.1668621189516,-39.3204405501792
6,206_fs3-00007.jpg,31.1138091120581,-38.8401681165237
7,206_fs3-00007.jpg,31.0614566711175,-38.3599007887122
8,206_fs3-00007.jpg,31.0098404479335,-37.8796375512795
9,206_fs3-00007.jpg,30.9589960943096,-37.3993773887606
10,206_fs3-00007.jpg,30.9089592620496,-36.9191192856901
11,206_fs3-00007.jpg,30.8597656029569,-36.4388622266028
12,206_fs3-00007.jpg,30.8114507688353,-35.9586051960335
13,206_fs3-00007.jpg,30.7640504114883,-35.4783471785171
14,206_fs3-00007.jpg,30.7176001827196,-34.9980871585882
15,206_fs3-00007.jpg,30.6721357343328,-34.5178241207818
16,206_fs3-00007.jpg,30.6276927181316,-34.0375570496325
17,206_fs3-00007.jpg,30.5843067859194,-33.5572849296752
18,206_fs3-00007.jpg,30.5420135895001,-33.0770067454446
19,206_fs3-00007.jpg,30.5008487806771,-32.5967214814756
20,206_fs3-00007.jpg,30.4608480112541,-32.116428122303
21,206_fs3-00007.jpg,30.4220469330348,-31.6361256524614
22,206_fs3-00007.jpg,30.3844811978227,-31.1558130564858
23,206_fs3-00007.jpg,30.3481864574215,-30.6754893189108
24,206_fs3-00007.jpg,30.3131983636348,-30.1951534242714
25,206_fs3-00007.jpg,30.2795525682662,-29.7148043571022
26,206_fs3-00007.jpg,30.2472847231192,-29.2344411019381
27,206_fs3-00007.jpg,30.2164304799977,-28.7540626433139
28,206_fs3-00007.jpg,30.1870254907052,-28.2736679657643
29,206_fs3-00007.jpg,30.1591054070453,-27.7932560538242
30,206_fs3-00007.jpg,30.1327058808216,-27.3128258920282
31,206_fs3-00007.jpg,30.1078625638377,-26.8323764649113
32,206_fs3-00007.jpg,30.0846111078973,-26.3519067570082
33,206_fs3-00007.jpg,30.062987164804,-25.8714157528537
34,206_fs3-00007.jpg,30.0430263863614,-25.3909024369825
35,206_fs3-00007.jpg,30.0247644243732,-24.9103657939295
36,206_fs3-00007.jpg,30.0082369306429,-24.4298048082296
37,206_fs3-00007.jpg,29.9934795569742,-23.9492184644173
38,206_fs3-00007.jpg,29.9805279551706,-23.4686057470276
39,206_fs3-00007.jpg,29.9694177770359,-22.9879656405952
40,206_fs3-00007.jpg,29.9601846743737,-22.5072971296549
41,206_fs3-00007.jpg,29.9528642989875,-22.0265991987416
42,206_fs3-00007.jpg,29.947492302681,-21.5458708323899
43,206_fs3-00007.jpg,29.9441043372578,-21.0651110151347
44,206_fs3-00007.jpg,29.9427360545215,-20.5843187315107
45,206_fs3-00007.jpg,29.9430613705057,-20.1034929660529
46,206_fs3-00007.jpg,29.9443902803795,-19.6226327032959
47,206_fs3-00007.jpg,29.9466436559577,-19.1417369277745
48,206_fs3-00007.jpg,29.9497567213547,-18.6608046240236
49,206_fs3-00007.jpg,29.9536647006846,-18.1798347765779
50,206_fs3-00007.jpg,29.9583028180619,-17.6988263699722
51,206_fs3-00007.jpg,29.9636062976006,-17.2177783887412
52,206_fs3-00007.jpg,29.9695103634152,-16.7366898174199
53,206_fs3-00007.jpg,29.9759502396198,-16.2555596405429
54,206_fs3-00007.jpg,29.9828611503287,-15.7743868426451
55,206_fs3-00007.jpg,29.9901783196561,-15.2931704082613
56,206_fs3-00007.jpg,29.9978369717165,-14.8119093219262
57,206_fs3-00007.jpg,30.0057723306238,-14.3306025681746
58,206_fs3-00007.jpg,30.0139196204926,-13.8492491315413
59,206_fs3-00007.jpg,30.022214065437,-13.3678479965612
60,206_fs3-00007.jpg,30.0305908895713,-12.8863981477689
61,206_fs3-00007.jpg,30.0389853170097,-12.4048985696994
62,206_fs3-00007.jpg,30.0473325718666,-11.9233482468873
63,206_fs3-00007.jpg,30.0555678782561,-11.4417461638675
64,206_fs3-00007.jpg,30.0636264602926,-10.9600913051747
65,206_fs3-00007.jpg,30.0714435420902,-10.4783826553438
66,206_fs3-00007.jpg,30.0789543477634,-9.99661919890951
67,206_fs3-00007.jpg,30.0860941014263,-9.51479992040663
68,206_fs3-00007.jpg,30.0927980271932,-9.03292380436994
69,206_fs3-00007.jpg,30.0990013491783,-8.55098983533429
70,206_fs3-00007.jpg,30.104639291496,-8.0689969978344
71,206_fs3-00007.jpg,30.1096470782605,-7.58694427640512
72,206_fs3-00007.jpg,30.113959933586,-7.10483065558117
73,206_fs3-00007.jpg,30.1175130815868,-6.62265511989739
74,206_fs3-00007.jpg,30.1202417463772,-6.14041665388856
75,206_fs3-00007.jpg,30.1220811520714,-5.65811424208948
76,206_fs3-00007.jpg,30.1229665227838,-5.17574686903492
77,206_fs3-00007.jpg,30.1226994595008,-4.69331425369302
78,206_fs3-00007.jpg,30.1208040571298,-4.21082609128058
79,206_fs3-00007.jpg,30.117370560758,-3.72829926951476
80,206_fs3-00007.jpg,30.1125422602419,-3.24575083504755
81,206_fs3-00007.jpg,30.1064624454382,-2.76319783453101
82,206_fs3-00007.jpg,30.0992744062036,-2.2806573146172
83,206_fs3-00007.jpg,30.0911214323949,-1.79814632195826
84,206_fs3-00007.jpg,30.0821468138687,-1.31568190320621
85,206_fs3-00007.jpg,30.0724938404817,-0.833281105013043
86,206_fs3-00007.jpg,30.0623058020905,-0.350960974030897
87,206_fs3-00007.jpg,30.051725988552,0.131261443088135
88,206_fs3-00007.jpg,30.0408976897227,0.613369099692136
89,206_fs3-00007.jpg,30.0299641954594,1.0953449491289
90,206_fs3-00007.jpg,30.0190687956188,1.5771719447464
91,206_fs3-00007.jpg,30.0083547800575,2.05883303989259
92,206_fs3-00007.jpg,29.9979654386322,2.54031118791545
93,206_fs3-00007.jpg,29.9880440611998,3.02158934216283
94,206_fs3-00007.jpg,29.9787339376167,3.50265045598275
95,206_fs3-00007.jpg,29.9701783577398,3.98347748272312
96,206_fs3-00007.jpg,29.9625206114257,4.46405337573185
97,206_fs3-00007.jpg,29.9559039885312,4.94436108835691
98,206_fs3-00007.jpg,29.9504717789128,5.42438357394622
99,206_fs3-00007.jpg,29.9463672724274,5.90410378584772
100,206_fs3-00007.jpg,29.9437337589315,6.38350467740941
101,206_fs3-00007.jpg,29.9427145282819,6.86256920197911
102,206_fs3-00007.jpg,29.9452500027999,7.34128845246971
103,206_fs3-00007.jpg,29.9536895372255,7.81969663612801
104,206_fs3-00007.jpg,29.9676213902378,8.29784218145613
105,206_fs3-00007.jpg,29.9866140312292,8.77577352577543
106,206_fs3-00007.jpg,30.010235929592,9.25353910640706
107,206_fs3-00007.jpg,30.0380555547183,9.73118736067232
108,206_fs3-00007.jpg,30.0696413760006,10.2087667258925
109,206_fs3-00007.jpg,30.1045618628312,10.6863256393889
110,206_fs3-00007.jpg,30.1423854846023,11.1639125384829
111,206_fs3-00007.jpg,30.1826807107063,11.6415758604954
112,206_fs3-00007.jpg,30.2250160105354,12.119364042748
113,206_fs3-00007.jpg,30.2689598534821,12.5973255225619
114,206_fs3-00007.jpg,30.3140807089386,13.0755087372584
115,206_fs3-00007.jpg,30.3599470462972,13.5539621241586
116,206_fs3-00007.jpg,30.4061273349501,14.0327341205839
117,206_fs3-00007.jpg,30.4521900442898,14.5118731638556
118,206_fs3-00007.jpg,30.4977036437086,14.9914276912949
119,206_fs3-00007.jpg,30.5422366025986,15.4714461402231
120,206_fs3-00007.jpg,30.5853573903524,15.9519769479614
121,206_fs3-00007.jpg,30.6266344763621,16.4330685518312
122,206_fs3-00007.jpg,30.66563633002,16.9147693891537
123,206_fs3-00007.jpg,30.7019314207185,17.3971278972502
124,206_fs3-00007.jpg,30.7350882178498,17.8801925134419
125,206_fs3-00007.jpg,30.7646751908064,18.3640116750501
126,206_fs3-00007.jpg,30.7902608089804,18.8486338193961
127,206_fs3-00007.jpg,30.8114135417643,19.3341073838012
128,206_fs3-00007.jpg,30.8277018585503,19.8204808055866
129,206_fs3-00007.jpg,30.8386942287306,20.3078025220735
130,206_fs3-00007.jpg,30.8439591216978,20.7961209705834
131,206_fs3-00007.jpg,30.844369305908,21.2854667926395
132,206_fs3-00007.jpg,30.844369305908,21.7756407248958
133,206_fs3-00007.jpg,30.844369305908,22.2662834564609
134,206_fs3-00007.jpg,30.844369305908,22.7570324292188
135,206_fs3-00007.jpg,30.844369305908,23.2475250850531
136,206_fs3-00007.jpg,30.844369305908,23.7373988658476
137,206_fs3-00007.jpg,30.844369305908,24.2262912134863
138,206_fs3-00007.jpg,30.844369305908,24.7138395698527
139,206_fs3-00007.jpg,30.844369305908,25.1996813768308
140,206_fs3-00007.jpg,30.844369305908,25.6834540763044
141,206_fs3-00007.jpg,30.844369305908,26.1647951101572
142,206_fs3-00007.jpg,30.844369305908,26.643341920273
143,206_fs3-00007.jpg,30.844369305908,27.1187319485356
144,206_fs3-00007.jpg,30.844369305908,27.590602636829
145,206_fs3-00007.jpg,30.844369305908,28.0585914270367
146,206_fs3-00007.jpg,30.844369305908,28.5223357610426
147,206_fs3-00007.jpg,30.8437985867494,28.9814736051911
148,206_fs3-00007.jpg,30.8155187802062,29.4358365193306
149,206_fs3-00007.jpg,30.7469662414017,29.8857379183125
150,206_fs3-00007.jpg,30.6413853749333,30.3315649277352
151,206_fs3-00007.jpg,30.5020205853982,30.7737046731964
152,206_fs3-00007.jpg,30.3321162773939,31.2125442802944
153,206_fs3-00007.jpg,30.1349168555176,31.648470874627
154,206_fs3-00007.jpg,29.9136667243668,32.0818715817925
155,206_fs3-00007.jpg,29.6716102885386,32.5131335273888
156,206_fs3-00007.jpg,29.4119919526305,32.9426438370139
157,206_fs3-00007.jpg,29.1380561212399,33.3707896362659
158,206_fs3-00007.jpg,28.8530471989639,33.7979580507428
159,206_fs3-00007.jpg,28.5602095904001,34.2245362060427
160,206_fs3-00007.jpg,28.2627877001457,34.6509112277636
161,206_fs3-00007.jpg,27.9640259327979,35.0774702415036
162,206_fs3-00007.jpg,27.6671686929543,35.5046003728606
163,206_fs3-00007.jpg,27.3754603852121,35.9326887474328
164,206_fs3-00007.jpg,27.0921454141686,36.3621224908182
165,206_fs3-00007.jpg,26.8204681844213,36.7932887286148
166,206_fs3-00007.jpg,26.5636731005673,37.2265745864206
167,206_fs3-00007.jpg,26.3250045672041,37.6623671898337
168,206_fs3-00007.jpg,26.107706988929,38.1010536644521
169,206_fs3-00007.jpg,25.9150247703393,38.543021135874
170,206_fs3-00007.jpg,25.7502023160324,38.9886567296971
171,206_fs3-00007.jpg,25.6164840306056,39.4383475715198
172,206_fs3-00007.jpg,25.5171143186562,39.89248078694
173,206_fs3-00007.jpg,25.4553375847815,40.3514435015557
174,206_fs3-00007.jpg,25.4343962937747,40.8156228404549
175,206_fs3-00007.jpg,25.4444256592657,41.2851490091633
176,206_fs3-00007.jpg,25.4729113998656,41.7591630286217
177,206_fs3-00007.jpg,25.5182175814929,42.2365678891993
178,206_fs3-00007.jpg,25.5787082700664,42.716266581265
179,206_fs3-00007.jpg,25.6527475315048,43.1971620951879
180,206_fs3-00007.jpg,25.7386994317266,43.6781574213372
181,206_fs3-00007.jpg,25.8349280366505,44.1581555500819
182,206_fs3-00007.jpg,25.9397974121952,44.636059471791
183,206_fs3-00007.jpg,26.0516716242794,45.1107721768337
184,206_fs3-00007.jpg,26.1689147388217,45.581196655579
185,206_fs3-00007.jpg,26.2898908217408,46.0462358983959
186,206_fs3-00007.jpg,26.4191089574224,46.5047928956537
187,206_fs3-00007.jpg,26.5781751702531,46.9557706377213
188,206_fs3-00007.jpg,26.7677413638428,47.3980721149678
189,206_fs3-00007.jpg,26.9862219203889,47.8306003177622
190,206_fs3-00007.jpg,27.2320312220883,48.2522582364738
191,206_fs3-00007.jpg,27.5035836511384,48.6619488614714
192,206_fs3-00007.jpg,27.7992935897363,49.0585751831243
193,206_fs3-00007.jpg,28.1175754200793,49.4410401918014
194,206_fs3-00007.jpg,28.4568435243646,49.8082468778719
195,206_fs3-00007.jpg,28.8155122847894,50.1590982317048
196,206_fs3-00007.jpg,29.1919960835509,50.4924972436693
197,206_fs3-00007.jpg,29.5847093028463,50.8073469041342
198,206_fs3-00007.jpg,29.9920663248728,51.1025502034689
199,206_fs3-00007.jpg,30.4124815318276,51.3770101320422
200,206_fs3-00007.jpg,30.844369305908,51.6296296802234
1,206_fs3-00008.jpg,45.8570489339722,-52.46729903209
2,206_fs3-00008.jpg,45.5573209188657,-52.0875690833886
3,206_fs3-00008.jpg,45.2595798498338,-51.7073381903725
4,206_fs3-00008.jpg,44.9638318536301,-51.3265901278897
5,206_fs3-00008.jpg,44.6700830570082,-50.9453086707882
6,206_fs3-00008.jpg,44.3783395867217,-50.5634775939162
7,206_fs3-00008.jpg,44.0886075695242,-50.1810806721219
8,206_fs3-00008.jpg,43.8008931321692,-49.7981016802533
9,206_fs3-00008.jpg,43.5152024014104,-49.4145243931585
10,206_fs3-00008.jpg,43.2315415040013,-49.0303325856857
11,206_fs3-00008.jpg,42.9499165666955,-48.6455100326829
12,206_fs3-00008.jpg,42.6703337162467,-48.2600405089983
13,206_fs3-00008.jpg,42.3927990794083,-47.87390778948
14,206_fs3-00008.jpg,42.1173187829341,-47.4870956489761
15,206_fs3-00008.jpg,41.8438989535775,-47.0995878623347
16,206_fs3-00008.jpg,41.5725457180921,-46.7113682044039
17,206_fs3-00008.jpg,41.3032652032317,-46.3224204500319
18,206_fs3-00008.jpg,41.0360635357496,-45.9327283740666
19,206_fs3-00008.jpg,40.7709468423996,-45.5422757513564
20,206_fs3-00008.jpg,40.5079212499352,-45.1510463567492
21,206_fs3-00008.jpg,40.24699288511,-44.7590239650931
22,206_fs3-00008.jpg,39.9881678746775,-44.3661923512364
23,206_fs3-00008.jpg,39.7314523453915,-43.9725352900271
24,206_fs3-00008.jpg,39.4768524240054,-43.5780365563132
25,206_fs3-00008.jpg,39.2243742372729,-43.182679924943
26,206_fs3-00008.jpg,38.9740239119475,-42.7864491707645
27,206_fs3-00008.jpg,38.7258075747828,-42.3893280686259
28,206_fs3-00008.jpg,38.4797313525324,-41.9913003933752
29,206_fs3-00008.jpg,38.23580137195,-41.5923499198606
30,206_fs3-00008.jpg,37.994023759789,-41.1924604229301
31,206_fs3-00008.jpg,37.7544046428031,-40.791615677432
32,206_fs3-00008.jpg,37.5169501477459,-40.3897994582142
33,206_fs3-00008.jpg,37.2816664013709,-39.986995540125
34,206_fs3-00008.jpg,37.0485595304317,-39.5831876980124
35,206_fs3-00008.jpg,36.817635661682,-39.1783597067245
36,206_fs3-00008.jpg,36.5889009218753,-38.7724953411094
37,206_fs3-00008.jpg,36.3623614377652,-38.3655783760153
38,206_fs3-00008.jpg,36.1380233361052,-37.9575925862903
39,206_fs3-00008.jpg,35.9158927436492,-37.5485217467825
40,206_fs3-00008.jpg,35.6959757871503,-37.1383496323399
41,206_fs3-00008.jpg,35.4782785933625,-36.7270600178107
42,206_fs3-00008.jpg,35.2628072890393,-36.3146366780431
43,206_fs3-00008.jpg,35.0495680009341,-35.9010633878851
44,206_fs3-00008.jpg,34.8361303834784,-35.4863239221849
45,206_fs3-00008.jpg,34.619785096105,-35.0704020557904
46,206_fs3-00008.jpg,34.4010687676932,-34.6532815635499
47,206_fs3-00008.jpg,34.1805278470056,-34.2349462203115
48,206_fs3-00008.jpg,33.9587087828048,-33.8153798009233
49,206_fs3-00008.jpg,33.7361580238535,-33.3945660802334
50,206_fs3-00008.jpg,33.5134220189142,-32.9724888330899
51,206_fs3-00008.jpg,33.2910472167496,-32.5491318343409
52,206_fs3-00008.jpg,33.0695800661223,-32.1244788588345
53,206_fs3-00008.jpg,32.8495670157948,-31.6985136814188
54,206_fs3-00008.jpg,32.6315545145299,-31.271220076942
55,206_fs3-00008.jpg,32.4160890110901,-30.8425818202522
56,206_fs3-00008.jpg,32.203716954238,-30.4125826861974
57,206_fs3-00008.jpg,31.9949847927363,-29.9812064496259
58,206_fs3-00008.jpg,31.7904389753476,-29.5484368853856
59,206_fs3-00008.jpg,31.5906259508344,-29.1142577683247
60,206_fs3-00008.jpg,31.3960921679594,-28.6786528732914
61,206_fs3-00008.jpg,31.2073840754853,-28.2416059751336
62,206_fs3-00008.jpg,31.0250481221746,-27.8031008486996
63,206_fs3-00008.jpg,30.8496307567899,-27.3631212688375
64,206_fs3-00008.jpg,30.6816784280939,-26.9216510103953
65,206_fs3-00008.jpg,30.5217375848491,-26.4786738482212
66,206_fs3-00008.jpg,30.3703546758183,-26.0341735571633
67,206_fs3-00008.jpg,30.2280761497639,-25.5881339120697
68,206_fs3-00008.jpg,30.0954484554487,-25.1405386877884
69,206_fs3-00008.jpg,29.9730180416351,-24.6913716591678
70,206_fs3-00008.jpg,29.861331357086,-24.2406166010557
71,206_fs3-00008.jpg,29.7609348505638,-23.7882572883004
72,206_fs3-00008.jpg,29.6723749708311,-23.3342774957499
73,206_fs3-00008.jpg,29.5950979795784,-22.8786622129274
74,206_fs3-00008.jpg,29.5204799384207,-22.4214370579781
75,206_fs3-00008.jpg,29.4466393513205,-21.9626769018426
76,206_fs3-00008.jpg,29.3736615335759,-21.5024595750309
77,206_fs3-00008.jpg,29.3016318004852,-21.0408629080527
78,206_fs3-00008.jpg,29.2306354673463,-20.577964731418
79,206_fs3-00008.jpg,29.1607578494573,-20.1138428756366
80,206_fs3-00008.jpg,29.0920842621165,-19.6485751712183
81,206_fs3-00008.jpg,29.0247000206219,-19.182239448673
82,206_fs3-00008.jpg,28.9586904402716,-18.7149135385107
83,206_fs3-00008.jpg,28.8941408363637,-18.2466752712411
84,206_fs3-00008.jpg,28.8311365241964,-17.7776024773741
85,206_fs3-00008.jpg,28.7697628190677,-17.3077729874195
86,206_fs3-00008.jpg,28.7101050362758,-16.8372646318873
87,206_fs3-00008.jpg,28.6522484911188,-16.3661552412873
88,206_fs3-00008.jpg,28.5962784988948,-15.8945226461293
89,206_fs3-00008.jpg,28.5422803749018,-15.4224446769232
90,206_fs3-00008.jpg,28.4903394344382,-14.9499991641789
91,206_fs3-00008.jpg,28.4405409928018,-14.4772639384062
92,206_fs3-00008.jpg,28.3929703652909,-14.004316830115
93,206_fs3-00008.jpg,28.3477128672035,-13.5312356698152
94,206_fs3-00008.jpg,28.3048538138378,-13.0580982880166
95,206_fs3-00008.jpg,28.2644785204919,-12.5849825152291
96,206_fs3-00008.jpg,28.2266723024639,-12.1119661819624
97,206_fs3-00008.jpg,28.1915204750519,-11.6391271187266
98,206_fs3-00008.jpg,28.159108353554,-11.1665431560314
99,206_fs3-00008.jpg,28.1295212532683,-10.6942921243868
100,206_fs3-00008.jpg,28.102844489493,-10.2224518543025
101,206_fs3-00008.jpg,28.0791633775261,-9.7511001762885
102,206_fs3-00008.jpg,28.0585632326658,-9.28031492085455
103,206_fs3-00008.jpg,28.0411293702102,-8.81017391851054
104,206_fs3-00008.jpg,28.0269471054574,-8.34075499976643
105,206_fs3-00008.jpg,28.0161017537054,-7.87213599513194
106,206_fs3-00008.jpg,28.0086786302525,-7.40439473511697
107,206_fs3-00008.jpg,28.0047630503967,-6.93760905023146
108,206_fs3-00008.jpg,28.0059285487638,-6.47185492721616
109,206_fs3-00008.jpg,28.0247684015581,-6.00714087141131
110,206_fs3-00008.jpg,28.0627152819337,-5.54339007998436
111,206_fs3-00008.jpg,28.1180227675513,-5.08052027944933
112,206_fs3-00008.jpg,28.1889444360715,-4.61844919632023
113,206_fs3-00008.jpg,28.2737338651548,-4.15709455711118
114,206_fs3-00008.jpg,28.3706446324619,-3.69637408833609
115,206_fs3-00008.jpg,28.4779303156534,-3.23620551650907
116,206_fs3-00008.jpg,28.5938444923899,-2.7765065681441
117,206_fs3-00008.jpg,28.7166407403321,-2.31719496975523
118,206_fs3-00008.jpg,28.8445726371405,-1.85818844785649
119,206_fs3-00008.jpg,28.9758937604757,-1.39940472896194
120,206_fs3-00008.jpg,29.1088576879984,-0.940761539585537
121,206_fs3-00008.jpg,29.2417179973692,-0.48217660624141
122,206_fs3-00008.jpg,29.3727282662487,-0.0235676554434576
123,206_fs3-00008.jpg,29.5001420722975,0.435147586294192
124,206_fs3-00008.jpg,29.6222129931762,0.894051392457584
125,206_fs3-00008.jpg,29.7371946065454,1.35322603653265
126,206_fs3-00008.jpg,29.8433404900658,1.81275379200531
127,206_fs3-00008.jpg,29.938904221398,2.27271693236162
128,206_fs3-00008.jpg,30.023383052466,2.73319637716281
129,206_fs3-00008.jpg,30.1055236344634,3.19422919487181
130,206_fs3-00008.jpg,30.1872965153437,3.65580010625763
131,206_fs3-00008.jpg,30.2686149094762,4.11789076211886
132,206_fs3-00008.jpg,30.3493920312301,4.58048281325392
133,206_fs3-00008.jpg,30.4295410949749,5.04355791046129
134,206_fs3-00008.jpg,30.5089753150798,5.50709770453955
135,206_fs3-00008.jpg,30.587607905914,5.97108384628717
136,206_fs3-00008.jpg,30.665352081847,6.43549798650258
137,206_fs3-00008.jpg,30.7421210572481,6.90032177598437
138,206_fs3-00008.jpg,30.8178280464864,7.365536865531
139,206_fs3-00008.jpg,30.8923862639313,7.83112490594101
140,206_fs3-00008.jpg,30.9657089239522,8.29706754801282
141,206_fs3-00008.jpg,31.0377092409183,8.76334644254501
142,206_fs3-00008.jpg,31.108300429199,9.22994324033607
143,206_fs3-00008.jpg,31.1773957031635,9.6968395921844
144,206_fs3-00008.jpg,31.2449082771811,10.1640171488887
145,206_fs3-00008.jpg,31.3107513656211,10.6314575612472
146,206_fs3-00008.jpg,31.374838182853,11.0991424800586
147,206_fs3-00008.jpg,31.4370819432458,11.5670535561214
148,206_fs3-00008.jpg,31.4973958611691,12.035172440234
149,206_fs3-00008.jpg,31.555693150992,12.503480783195
150,206_fs3-00008.jpg,31.6118870270839,12.9719602358028
151,206_fs3-00008.jpg,31.665890703814,13.4405924488559
152,206_fs3-00008.jpg,31.7176173955518,13.9093590731529
153,206_fs3-00008.jpg,31.7669803166664,14.3782417594923
154,206_fs3-00008.jpg,31.8143656545874,14.8472224292228
155,206_fs3-00008.jpg,31.8625057986835,15.3162894608259
156,206_fs3-00008.jpg,31.9115356575914,15.7854378229297
157,206_fs3-00008.jpg,31.9610739899825,16.2546627813191
158,206_fs3-00008.jpg,32.0107395545284,16.7239596017787
159,206_fs3-00008.jpg,32.0601511099007,17.1933235500934
160,206_fs3-00008.jpg,32.1089274147706,17.6627498920479
161,206_fs3-00008.jpg,32.1566872278101,18.1322338934272
162,206_fs3-00008.jpg,32.2030493076903,18.6017708200156
163,206_fs3-00008.jpg,32.247632413083,19.0713559375984
164,206_fs3-00008.jpg,32.2900553026596,19.5409845119601
165,206_fs3-00008.jpg,32.3299367350916,20.0106518088854
166,206_fs3-00008.jpg,32.3668954690507,20.4803530941593
167,206_fs3-00008.jpg,32.4005502632081,20.9500836335665
168,206_fs3-00008.jpg,32.4305198762357,21.4198386928917
169,206_fs3-00008.jpg,32.4564230668048,21.8896135379198
170,206_fs3-00008.jpg,32.4778785935869,22.3594034344354
171,206_fs3-00008.jpg,32.4945052152537,22.8292036482234
172,206_fs3-00008.jpg,32.5059216904765,23.2990094450686
173,206_fs3-00008.jpg,32.511746777927,23.7688160907558
174,206_fs3-00008.jpg,32.512057612383,24.2386188510696
175,206_fs3-00008.jpg,32.5091377126758,24.7084129917949
176,206_fs3-00008.jpg,32.5033335426158,25.1781937787165
177,206_fs3-00008.jpg,32.4946188320249,25.6479564776192
178,206_fs3-00008.jpg,32.4829673107247,26.1176963542877
179,206_fs3-00008.jpg,32.4683527085371,26.5874086745067
180,206_fs3-00008.jpg,32.450748755284,27.0570887040611
181,206_fs3-00008.jpg,32.4301291807869,27.5267317087357
182,206_fs3-00008.jpg,32.4064677148678,27.9963329543152
183,206_fs3-00008.jpg,32.3797380873484,28.4658877065845
184,206_fs3-00008.jpg,32.3499140280506,28.9353912313281
185,206_fs3-00008.jpg,32.316969266796,29.4048387943311
186,206_fs3-00008.jpg,32.2808775334065,29.8742256613781
187,206_fs3-00008.jpg,32.2416125577039,30.3435470982539
188,206_fs3-00008.jpg,32.19914806951,30.8127983707433
189,206_fs3-00008.jpg,32.1534577986465,31.281974744631
190,206_fs3-00008.jpg,32.1045154749353,31.7510714857019
191,206_fs3-00008.jpg,32.052294828198,32.2200838597407
192,206_fs3-00008.jpg,31.9967695882566,32.6890071325322
193,206_fs3-00008.jpg,31.9379134849327,33.1578365698612
194,206_fs3-00008.jpg,31.8757002480483,33.6265674375124
195,206_fs3-00008.jpg,31.810103607425,34.0951950012706
196,206_fs3-00008.jpg,31.7410972928846,34.5637145269207
197,206_fs3-00008.jpg,31.668655034249,35.0321212802473
198,206_fs3-00008.jpg,31.59275056134,35.5004105270353
199,206_fs3-00008.jpg,31.5133576039792,35.9685775330694
200,206_fs3-00008.jpg,31.4304498919885,36.4366175641344
1,206_fs3-00009.jpg,59.5848595848596,-53.2111705451923
2,206_fs3-00009.jpg,59.0808181848846,-52.9620550771788
3,206_fs3-00009.jpg,58.5793205951562,-52.7124606897821
4,206_fs3-00009.jpg,58.0803569544407,-52.4623152438937
5,206_fs3-00009.jpg,57.5839174015046,-52.2115466004053
6,206_fs3-00009.jpg,57.0899920751143,-51.9600826202084
7,206_fs3-00009.jpg,56.5985711140363,-51.7078511641947
8,206_fs3-00009.jpg,56.1096446570369,-51.4547800932557
9,206_fs3-00009.jpg,55.6232028428825,-51.2007972682832
10,206_fs3-00009.jpg,55.1392358103396,-50.9458305501688
11,206_fs3-00009.jpg,54.6577336981746,-50.689807799804
12,206_fs3-00009.jpg,54.1786866451539,-50.4326568780804
13,206_fs3-00009.jpg,53.7020847900439,-50.1743056458898
14,206_fs3-00009.jpg,53.2279182716111,-49.9146819641236
15,206_fs3-00009.jpg,52.7561772286218,-49.6537136936737
16,206_fs3-00009.jpg,52.2868517998425,-49.3913286954314
17,206_fs3-00009.jpg,51.8199321240396,-49.1274548302886
18,206_fs3-00009.jpg,51.3554083399796,-48.8620199591367
19,206_fs3-00009.jpg,50.8932705864288,-48.5949519428674
20,206_fs3-00009.jpg,50.4335090021537,-48.3261786423723
21,206_fs3-00009.jpg,49.9761137259206,-48.0556279185431
22,206_fs3-00009.jpg,49.521074896496,-47.7832276322714
23,206_fs3-00009.jpg,49.0683826526464,-47.5089056444487
24,206_fs3-00009.jpg,48.618027133138,-47.2325898159668
25,206_fs3-00009.jpg,48.1699984767374,-46.9542080077171
26,206_fs3-00009.jpg,47.724286822211,-46.6736880805914
27,206_fs3-00009.jpg,47.2808823083252,-46.3909578954813
28,206_fs3-00009.jpg,46.8397750738465,-46.1059453132784
29,206_fs3-00009.jpg,46.4009552575411,-45.8185781948742
30,206_fs3-00009.jpg,45.9644129981756,-45.5287844011605
31,206_fs3-00009.jpg,45.5301384345163,-45.2364917930288
32,206_fs3-00009.jpg,45.0981217053297,-44.9416282313708
33,206_fs3-00009.jpg,44.6683529493822,-44.644121577078
34,206_fs3-00009.jpg,44.2408223054403,-44.3438996910421
35,206_fs3-00009.jpg,43.8155199122703,-44.0408904341548
36,206_fs3-00009.jpg,43.3924359086386,-43.7350216673076
37,206_fs3-00009.jpg,42.9715604333117,-43.4262212513921
38,206_fs3-00009.jpg,42.552883625056,-43.1144170473
39,206_fs3-00009.jpg,42.1363956226379,-42.7995369159229
40,206_fs3-00009.jpg,41.7220865648239,-42.4815087181524
41,206_fs3-00009.jpg,41.3099465903803,-42.1602603148801
42,206_fs3-00009.jpg,40.8999658380735,-41.8357195669977
43,206_fs3-00009.jpg,40.4921344466701,-41.5078143353967
44,206_fs3-00009.jpg,40.0839978189612,-41.1764724809689
45,206_fs3-00009.jpg,39.6729946551872,-40.8416218646057
46,206_fs3-00009.jpg,39.2598597758611,-40.5031903471989
47,206_fs3-00009.jpg,38.8453367857221,-40.16110578964
48,206_fs3-00009.jpg,38.4301692895094,-39.8152960528207
49,206_fs3-00009.jpg,38.0151008919622,-39.4656889976325
50,206_fs3-00009.jpg,37.6008751978197,-39.1122124849671
51,206_fs3-00009.jpg,37.1882358118212,-38.7547943757162
52,206_fs3-00009.jpg,36.777926338706,-38.3933625307714
53,206_fs3-00009.jpg,36.3706903832131,-38.0278448110241
54,206_fs3-00009.jpg,35.967271550082,-37.6581690773662
55,206_fs3-00009.jpg,35.5684134440516,-37.284263190689
56,206_fs3-00009.jpg,35.1748596698614,-36.9060550118845
57,206_fs3-00009.jpg,34.7873538322506,-36.5234724018441
58,206_fs3-00009.jpg,34.4066395359583,-36.1364432214594
59,206_fs3-00009.jpg,34.0334603857238,-35.7448953316222
60,206_fs3-00009.jpg,33.6685599862864,-35.3487565932239
61,206_fs3-00009.jpg,33.3126819423851,-34.9479548671562
62,206_fs3-00009.jpg,32.9665698587594,-34.5424180143107
63,206_fs3-00009.jpg,32.6309673401483,-34.1320738955791
64,206_fs3-00009.jpg,32.3066179912912,-33.716850371853
65,206_fs3-00009.jpg,31.9942654169272,-33.2966753040239
66,206_fs3-00009.jpg,31.6946532217956,-32.8714765529836
67,206_fs3-00009.jpg,31.4085250106357,-32.4411819796236
68,206_fs3-00009.jpg,31.1366243881865,-32.0057194448355
69,206_fs3-00009.jpg,30.8730934150632,-31.5650400182532
70,206_fs3-00009.jpg,30.6064333748535,-31.1192498350425
71,206_fs3-00009.jpg,30.3370664320034,-30.6685185747562
72,206_fs3-00009.jpg,30.0656846615114,-30.2130161090789
73,206_fs3-00009.jpg,29.7929801383764,-29.7529123096954
74,206_fs3-00009.jpg,29.5196449375966,-29.2883770482903
75,206_fs3-00009.jpg,29.2463711341709,-28.8195801965484
76,206_fs3-00009.jpg,28.9738508030977,-28.3466916261542
77,206_fs3-00009.jpg,28.7027760193758,-27.8698812087925
78,206_fs3-00009.jpg,28.4338388580036,-27.3893188161481
79,206_fs3-00009.jpg,28.1677313939798,-26.9051743199055
80,206_fs3-00009.jpg,27.9051457023029,-26.4176175917496
81,206_fs3-00009.jpg,27.6467738579717,-25.9268185033649
82,206_fs3-00009.jpg,27.3933079359845,-25.4329469264362
83,206_fs3-00009.jpg,27.1454400113401,-24.9361727326481
84,206_fs3-00009.jpg,26.9038621590371,-24.4366657936854
85,206_fs3-00009.jpg,26.669266454074,-23.9345959812327
86,206_fs3-00009.jpg,26.4423449714494,-23.4301331669748
87,206_fs3-00009.jpg,26.223789786162,-22.9234472225963
88,206_fs3-00009.jpg,26.0142929732102,-22.4147080197819
89,206_fs3-00009.jpg,25.8145466075928,-21.9040854302163
90,206_fs3-00009.jpg,25.6252427643084,-21.3917493255842
91,206_fs3-00009.jpg,25.4470735183554,-20.8778695775703
92,206_fs3-00009.jpg,25.2807309447325,-20.3626160578594
93,206_fs3-00009.jpg,25.1269071184383,-19.8461586381359
94,206_fs3-00009.jpg,24.9862941144714,-19.3286671900848
95,206_fs3-00009.jpg,24.8595840078304,-18.8103115853907
96,206_fs3-00009.jpg,24.7474688735138,-18.2912616957381
97,206_fs3-00009.jpg,24.6506407865204,-17.7716873928119
98,206_fs3-00009.jpg,24.5697918218486,-17.2517585482968
99,206_fs3-00009.jpg,24.505614054497,-16.7316450338774
100,206_fs3-00009.jpg,24.4587995594644,-16.2115167212385
101,206_fs3-00009.jpg,24.4300404117492,-15.6915434820646
102,206_fs3-00009.jpg,24.42002868635,-15.1718951880405
103,206_fs3-00009.jpg,24.4259341811337,-14.6527132069371
104,206_fs3-00009.jpg,24.4439151105701,-14.1340174946843
105,206_fs3-00009.jpg,24.473576569751,-13.6157956868165
106,206_fs3-00009.jpg,24.5145251865048,-13.0980354185886
107,206_fs3-00009.jpg,24.5663675886597,-12.5807243252555
108,206_fs3-00009.jpg,24.6287104040442,-12.0638500420725
109,206_fs3-00009.jpg,24.7011602604865,-11.5474002042944
110,206_fs3-00009.jpg,24.7833237858148,-11.0313624471763
111,206_fs3-00009.jpg,24.8748076078577,-10.5157244059732
112,206_fs3-00009.jpg,24.9752183544433,-10.0004737159401
113,206_fs3-00009.jpg,25.0841626534,-9.48559801233199
114,206_fs3-00009.jpg,25.2012471325561,-8.97108493040389
115,206_fs3-00009.jpg,25.3260784197399,-8.45692210541091
116,206_fs3-00009.jpg,25.4582631427798,-7.94309717260796
117,206_fs3-00009.jpg,25.597407929504,-7.42959776725007
118,206_fs3-00009.jpg,25.7431194077409,-6.91641152459226
119,206_fs3-00009.jpg,25.8950042053188,-6.40352607988956
120,206_fs3-00009.jpg,26.052668950066,-5.89092906839699
121,206_fs3-00009.jpg,26.2157202698108,-5.37860812536957
122,206_fs3-00009.jpg,26.3837647923816,-4.86655088606227
123,206_fs3-00009.jpg,26.5564091456067,-4.35474498573012
124,206_fs3-00009.jpg,26.7332599573143,-3.8431780596282
125,206_fs3-00009.jpg,26.9139238553329,-3.33183774301142
126,206_fs3-00009.jpg,27.0980074674906,-2.82071167113486
127,206_fs3-00009.jpg,27.2851174216159,-2.30978747925354
128,206_fs3-00009.jpg,27.4748603455371,-1.79905280262244
129,206_fs3-00009.jpg,27.6668428670824,-1.28849527649658
130,206_fs3-00009.jpg,27.8606716140802,-0.778102536130973
131,206_fs3-00009.jpg,28.0559532143589,-0.267862216780657
132,206_fs3-00009.jpg,28.2522942957467,0.242238046299349
133,206_fs3-00009.jpg,28.4493014860719,0.752210617854075
134,206_fs3-00009.jpg,28.6465814131629,1.2620678626285
135,206_fs3-00009.jpg,28.8437407048479,1.77182214536759
136,206_fs3-00009.jpg,29.0403859889554,2.28148583081628
137,206_fs3-00009.jpg,29.2361238933136,2.79107128371965
138,206_fs3-00009.jpg,29.4305610457509,3.30059086882261
139,206_fs3-00009.jpg,29.6233040740954,3.81005695087021
140,206_fs3-00009.jpg,29.8139596061758,4.31948189460741
141,206_fs3-00009.jpg,30.00213426982,4.82887806477913
142,206_fs3-00009.jpg,30.1874346928566,5.33825782613047
143,206_fs3-00009.jpg,30.3694675031138,5.84763354340635
144,206_fs3-00009.jpg,30.5478393284199,6.35701758135178
145,206_fs3-00009.jpg,30.7221567966034,6.8664223047117
146,206_fs3-00009.jpg,30.8920265354924,7.37586007823114
147,206_fs3-00009.jpg,31.0570551729153,7.88534326665507
148,206_fs3-00009.jpg,31.2168493367004,8.39488423472847
149,206_fs3-00009.jpg,31.3710156546761,8.90449534719636
150,206_fs3-00009.jpg,31.5210547146894,9.41418926723838
151,206_fs3-00009.jpg,31.6798586026362,9.92398736398525
152,206_fs3-00009.jpg,31.8482368518699,10.4339208784086
153,206_fs3-00009.jpg,32.0241283092076,10.9440215842478
154,206_fs3-00009.jpg,32.2054718214669,11.4543212552425
155,206_fs3-00009.jpg,32.3902062354649,11.9648516651318
156,206_fs3-00009.jpg,32.5762703980191,12.4756445876554
157,206_fs3-00009.jpg,32.7616031559466,12.9867317965525
158,206_fs3-00009.jpg,32.9441433560649,13.4981450655628
159,206_fs3-00009.jpg,33.1218298451912,14.0099161684254
160,206_fs3-00009.jpg,33.2926014701429,14.52207687888
161,206_fs3-00009.jpg,33.4543970777372,15.0346589706659
162,206_fs3-00009.jpg,33.6051555147916,15.5476942175226
163,206_fs3-00009.jpg,33.7428156281232,16.0612143931894
164,206_fs3-00009.jpg,33.8653162645494,16.5752512714058
165,206_fs3-00009.jpg,33.9705962708876,17.0898366259112
166,206_fs3-00009.jpg,34.0565944939549,17.6050022304452
167,206_fs3-00009.jpg,34.1212497805689,18.1207798587469
168,206_fs3-00009.jpg,34.1627646515977,18.637201284556
169,206_fs3-00009.jpg,34.1947591053922,19.1542982816118
170,206_fs3-00009.jpg,34.2258326032907,19.6721026236538
171,206_fs3-00009.jpg,34.2559789322264,20.1906460844214
172,206_fs3-00009.jpg,34.2851918791326,20.709960437654
173,206_fs3-00009.jpg,34.3134652309425,21.230077457091
174,206_fs3-00009.jpg,34.3407927745892,21.7510289164719
175,206_fs3-00009.jpg,34.3671682970061,22.2728465895361
176,206_fs3-00009.jpg,34.3925855851265,22.795562250023
177,206_fs3-00009.jpg,34.4170384258834,23.319207671672
178,206_fs3-00009.jpg,34.4405206062101,23.8438146282226
179,206_fs3-00009.jpg,34.46302591304,24.3694148934142
180,206_fs3-00009.jpg,34.4845481333062,24.8960402409862
181,206_fs3-00009.jpg,34.505081053942,25.423722444678
182,206_fs3-00009.jpg,34.5246184618805,25.9524932782292
183,206_fs3-00009.jpg,34.543154144055,26.4823845153791
184,206_fs3-00009.jpg,34.5606818873988,27.013427929867
185,206_fs3-00009.jpg,34.5771954788451,27.5456552954325
186,206_fs3-00009.jpg,34.5926887053272,28.0790983858151
187,206_fs3-00009.jpg,34.6071553537782,28.613788974754
188,206_fs3-00009.jpg,34.6205892111314,29.1497588359887
189,206_fs3-00009.jpg,34.63298406432,29.6870397432588
190,206_fs3-00009.jpg,34.6443337002772,30.2256634703035
191,206_fs3-00009.jpg,34.6546319059364,30.7656617908623
192,206_fs3-00009.jpg,34.6638724682307,31.3070664786746
193,206_fs3-00009.jpg,34.6720491740934,31.8499093074799
194,206_fs3-00009.jpg,34.6791558104576,32.3942220510177
195,206_fs3-00009.jpg,34.6851861642567,32.9400364830272
196,206_fs3-00009.jpg,34.6901340224238,33.487384377248
197,206_fs3-00009.jpg,34.6939931718923,34.0362975074194
198,206_fs3-00009.jpg,34.6967573995953,34.5868076472809
199,206_fs3-00009.jpg,34.6984204924661,35.138946570572
200,206_fs3-00009.jpg,34.6989762374378,35.692746051032
1,206_fs3-00010.jpg,72.2081337465954,-55.0370369864432
2,206_fs3-00010.jpg,71.769016169587,-54.8793552298592
3,206_fs3-00010.jpg,71.330538484889,-54.7214442146588
4,206_fs3-00010.jpg,70.89270303929,-54.5632795231408
5,206_fs3-00010.jpg,70.4555121795784,-54.4048367376035
6,206_fs3-00010.jpg,70.0189682525428,-54.2460914403455
7,206_fs3-00010.jpg,69.5830736049718,-54.0870192136653
8,206_fs3-00010.jpg,69.1478305836538,-53.9275956398614
9,206_fs3-00010.jpg,68.7132415353774,-53.7677963012323
10,206_fs3-00010.jpg,68.2793088069311,-53.6075967800765
11,206_fs3-00010.jpg,67.8460347451036,-53.4469726586926
12,206_fs3-00010.jpg,67.4134216966832,-53.2858995193789
13,206_fs3-00010.jpg,66.9814720084587,-53.1243529444342
14,206_fs3-00010.jpg,66.5501880272184,-52.9623085161567
15,206_fs3-00010.jpg,66.1195720997509,-52.7997418168452
16,206_fs3-00010.jpg,65.6896265728447,-52.636628428798
17,206_fs3-00010.jpg,65.2603537932884,-52.4729439343138
18,206_fs3-00010.jpg,64.8317561078706,-52.3086639156909
19,206_fs3-00010.jpg,64.4038358633797,-52.1437639552279
20,206_fs3-00010.jpg,63.9765954066044,-51.9782196352234
21,206_fs3-00010.jpg,63.5500370843331,-51.8120065379757
22,206_fs3-00010.jpg,63.1241632433543,-51.6451002457835
23,206_fs3-00010.jpg,62.6989762304566,-51.4774763409453
24,206_fs3-00010.jpg,62.2744783924286,-51.3091104057594
25,206_fs3-00010.jpg,61.8506720760588,-51.1399780225246
26,206_fs3-00010.jpg,61.4275596281356,-50.9700547735392
27,206_fs3-00010.jpg,61.0051433954478,-50.7993162411018
28,206_fs3-00010.jpg,60.5834257247837,-50.627738007511
29,206_fs3-00010.jpg,60.1624089629319,-50.4552956550651
30,206_fs3-00010.jpg,59.742095456681,-50.2819647660627
31,206_fs3-00010.jpg,59.3224875528195,-50.1077209228024
32,206_fs3-00010.jpg,58.9035875981359,-49.9325397075826
33,206_fs3-00010.jpg,58.4853979394187,-49.7563967027019
34,206_fs3-00010.jpg,58.0679209234566,-49.5792674904587
35,206_fs3-00010.jpg,57.651158897038,-49.4011276531515
36,206_fs3-00010.jpg,57.2351142069514,-49.221952773079
37,206_fs3-00010.jpg,56.8197891999855,-49.0417184325394
38,206_fs3-00010.jpg,56.4051862229287,-48.8604002138316
39,206_fs3-00010.jpg,55.9913076225696,-48.6779736992538
40,206_fs3-00010.jpg,55.5781557456967,-48.4944144711046
41,206_fs3-00010.jpg,55.1657329390985,-48.3096981116825
42,206_fs3-00010.jpg,54.7540415495637,-48.1238002032861
43,206_fs3-00010.jpg,54.3430839238806,-47.9366963282138
44,206_fs3-00010.jpg,53.9328624088379,-47.7483620687642
45,206_fs3-00010.jpg,53.5233793512241,-47.5587730072357
46,206_fs3-00010.jpg,53.1146370978277,-47.3679047259268
47,206_fs3-00010.jpg,52.7066379954373,-47.1757328071362
48,206_fs3-00010.jpg,52.2990458098165,-46.9822328331623
49,206_fs3-00010.jpg,51.8906126130275,-46.7873803863036
50,206_fs3-00010.jpg,51.4813129705279,-46.5911510488585
51,206_fs3-00010.jpg,51.0712508157574,-46.3935204031257
52,206_fs3-00010.jpg,50.6605300821555,-46.1944640314036
53,206_fs3-00010.jpg,50.2492547031618,-45.9939575159908
54,206_fs3-00010.jpg,49.8375286122159,-45.7919764391857
55,206_fs3-00010.jpg,49.4254557427574,-45.5884963832869
56,206_fs3-00010.jpg,49.0131400282258,-45.3834929305928
57,206_fs3-00010.jpg,48.6006854020607,-45.176941663402
58,206_fs3-00010.jpg,48.1881957977018,-44.968818164013
59,206_fs3-00010.jpg,47.7757751485886,-44.7590980147243
60,206_fs3-00010.jpg,47.3635273881607,-44.5477567978344
61,206_fs3-00010.jpg,46.9515564498577,-44.3347700956418
62,206_fs3-00010.jpg,46.5399662671192,-44.1201134904451
63,206_fs3-00010.jpg,46.1288607733848,-43.9037625645427
64,206_fs3-00010.jpg,45.7183439020939,-43.6856929002331
65,206_fs3-00010.jpg,45.3085195866863,-43.4658800798149
66,206_fs3-00010.jpg,44.8994917606016,-43.2442996855866
67,206_fs3-00010.jpg,44.4913643572793,-43.0209272998466
68,206_fs3-00010.jpg,44.0842413101588,-42.7957385048935
69,206_fs3-00010.jpg,43.67822655268,-42.5687088830258
70,206_fs3-00010.jpg,43.2734240182824,-42.339814016542
71,206_fs3-00010.jpg,42.8699376404054,-42.1090294877407
72,206_fs3-00010.jpg,42.4678713524889,-41.8763308789202
73,206_fs3-00010.jpg,42.0673290879722,-41.6416937723792
74,206_fs3-00010.jpg,41.668414780295,-41.4050937504161
75,206_fs3-00010.jpg,41.2712323628969,-41.1665063953295
76,206_fs3-00010.jpg,40.8758857692175,-40.9259072894179
77,206_fs3-00010.jpg,40.4824789326963,-40.6832720149797
78,206_fs3-00010.jpg,40.091115786773,-40.4385761543135
79,206_fs3-00010.jpg,39.701900264887,-40.1917952897177
80,206_fs3-00010.jpg,39.3149363004781,-39.942905003491
81,206_fs3-00010.jpg,38.9303278269859,-39.6918808779319
82,206_fs3-00010.jpg,38.5481787778498,-39.4386984953387
83,206_fs3-00010.jpg,38.1685930865094,-39.18333343801
84,206_fs3-00010.jpg,37.7916746864044,-38.9257612882445
85,206_fs3-00010.jpg,37.4175275109743,-38.6659576283404
86,206_fs3-00010.jpg,37.0462554936588,-38.4038980405965
87,206_fs3-00010.jpg,36.6779625678974,-38.139558107311
88,206_fs3-00010.jpg,36.3127526671296,-37.8729134107827
89,206_fs3-00010.jpg,35.9507297247952,-37.60393953331
90,206_fs3-00010.jpg,35.5919976743336,-37.3326120571913
91,206_fs3-00010.jpg,35.2366604491844,-37.0589065647253
92,206_fs3-00010.jpg,34.8848219827873,-36.7827986382104
93,206_fs3-00010.jpg,34.5365862085818,-36.5042638599451
94,206_fs3-00010.jpg,34.1920570600076,-36.2232778122279
95,206_fs3-00010.jpg,33.8513384705041,-35.9398160773575
96,206_fs3-00010.jpg,33.5138241280391,-35.6538540354272
97,206_fs3-00010.jpg,33.1690597062652,-35.365352087106
98,206_fs3-00010.jpg,32.8144016091773,-35.0742456104977
99,206_fs3-00010.jpg,32.4509603155987,-34.780467605576
100,206_fs3-00010.jpg,32.0798463043529,-34.4839510723148
101,206_fs3-00010.jpg,31.7021700542633,-34.1846290106877
102,206_fs3-00010.jpg,31.3190420441535,-33.8824344206683
103,206_fs3-00010.jpg,30.9315727528469,-33.5773003022305
104,206_fs3-00010.jpg,30.5408726591669,-33.2691596553479
105,206_fs3-00010.jpg,30.148052241937,-32.9579454799942
106,206_fs3-00010.jpg,29.7542219799807,-32.6435907761432
107,206_fs3-00010.jpg,29.3604923521213,-32.3260285437685
108,206_fs3-00010.jpg,28.9679738371824,-32.0051917828438
109,206_fs3-00010.jpg,28.5777769139875,-31.6810134933428
110,206_fs3-00010.jpg,28.1910120613599,-31.3534266752393
111,206_fs3-00010.jpg,27.8087897581232,-31.022364328507
112,206_fs3-00010.jpg,27.4322204831008,-30.6877594531195
113,206_fs3-00010.jpg,27.0624147151161,-30.3495450490506
114,206_fs3-00010.jpg,26.7004829329927,-30.0076541162739
115,206_fs3-00010.jpg,26.3475356155539,-29.6620196547632
116,206_fs3-00010.jpg,26.0046832416232,-29.3125746644922
117,206_fs3-00010.jpg,25.6730362900241,-28.9592521454346
118,206_fs3-00010.jpg,25.35370523958,-28.6019850975641
119,206_fs3-00010.jpg,25.0478005691145,-28.2407065208544
120,206_fs3-00010.jpg,24.7564327574509,-27.8753494152791
121,206_fs3-00010.jpg,24.4807122834127,-27.5058467808121
122,206_fs3-00010.jpg,24.2217496258234,-27.1321316174269
123,206_fs3-00010.jpg,23.9806552635064,-26.7541369250974
124,206_fs3-00010.jpg,23.7585396752852,-26.3717957037972
125,206_fs3-00010.jpg,23.5565133399832,-25.9850409535001
126,206_fs3-00010.jpg,23.3756867364239,-25.5938056741796
127,206_fs3-00010.jpg,23.2171703434308,-25.1980228658096
128,206_fs3-00010.jpg,23.0820746398273,-24.7976255283638
129,206_fs3-00010.jpg,22.9715101044368,-24.3925466618157
130,206_fs3-00010.jpg,22.8865872160829,-23.9827192661393
131,206_fs3-00010.jpg,22.828416453589,-23.5680763413081
132,206_fs3-00010.jpg,22.7981082957785,-23.1485508872959
133,206_fs3-00010.jpg,22.7842967133664,-22.7241190851074
134,206_fs3-00010.jpg,22.7709937546312,-22.2949715738426
135,206_fs3-00010.jpg,22.7581394775648,-21.8613654451028
136,206_fs3-00010.jpg,22.7457479296867,-21.423557810588
137,206_fs3-00010.jpg,22.7338331585166,-20.9818057819986
138,206_fs3-00010.jpg,22.7224092115741,-20.5363664710349
139,206_fs3-00010.jpg,22.7114901363789,-20.0874969893973
140,206_fs3-00010.jpg,22.7010899804506,-19.6354544487859
141,206_fs3-00010.jpg,22.6912227913089,-19.1804959609012
142,206_fs3-00010.jpg,22.6819026164732,-18.7228786374434
143,206_fs3-00010.jpg,22.6731435034633,-18.2628595901128
144,206_fs3-00010.jpg,22.6649594997989,-17.8006959306098
145,206_fs3-00010.jpg,22.6573646529994,-17.3366447706345
146,206_fs3-00010.jpg,22.6503730105846,-16.8709632218874
147,206_fs3-00010.jpg,22.6439986200741,-16.4039083960687
148,206_fs3-00010.jpg,22.6382555289875,-15.9357374048786
149,206_fs3-00010.jpg,22.6331577848444,-15.4667073600177
150,206_fs3-00010.jpg,22.6287194351645,-14.997075373186
151,206_fs3-00010.jpg,22.6249545274673,-14.5270985560839
152,206_fs3-00010.jpg,22.6218771092726,-14.0570340204117
153,206_fs3-00010.jpg,22.6195012280999,-13.5871388778697
154,206_fs3-00010.jpg,22.6178409314689,-13.1176702401583
155,206_fs3-00010.jpg,22.6169102668992,-12.6488852189777
156,206_fs3-00010.jpg,22.6171086884854,-12.1810404337933
157,206_fs3-00010.jpg,22.6267565755657,-11.7143333678987
158,206_fs3-00010.jpg,22.6488640913409,-11.2488468808232
159,206_fs3-00010.jpg,22.6829532882421,-10.784650694249
160,206_fs3-00010.jpg,22.7285462187005,-10.3218145298585
161,206_fs3-00010.jpg,22.7851649351471,-9.86040810933406
162,206_fs3-00010.jpg,22.852331490013,-9.40050115435793
163,206_fs3-00010.jpg,22.9295679357292,-8.94216338661255
164,206_fs3-00010.jpg,23.016396324727,-8.48546452778015
165,206_fs3-00010.jpg,23.1123387094373,-8.03047429954307
166,206_fs3-00010.jpg,23.2169171422912,-7.5772624235837
167,206_fs3-00010.jpg,23.3296536757199,-7.12589862158433
168,206_fs3-00010.jpg,23.4500703621543,-6.67645261522728
169,206_fs3-00010.jpg,23.5776892540258,-6.22899412619489
170,206_fs3-00010.jpg,23.7120324037652,-5.78359287616945
171,206_fs3-00010.jpg,23.8526218638036,-5.3403185868334
172,206_fs3-00010.jpg,23.9989796865723,-4.89924097986898
173,206_fs3-00010.jpg,24.1506279245023,-4.46042977695851
174,206_fs3-00010.jpg,24.3070886300245,-4.02395469978438
175,206_fs3-00010.jpg,24.4678838555703,-3.58988547002889
176,206_fs3-00010.jpg,24.6325356535705,-3.15829180937436
177,206_fs3-00010.jpg,24.8005660764564,-2.72924343950314
178,206_fs3-00010.jpg,24.971497176659,-2.30281008209749
179,206_fs3-00010.jpg,25.1448510066093,-1.87906145883989
180,206_fs3-00010.jpg,25.3201496187386,-1.45806729141248
181,206_fs3-00010.jpg,25.4969150654778,-1.03989730149777
182,206_fs3-00010.jpg,25.6746693992581,-0.624621210777946
183,206_fs3-00010.jpg,25.8529346725105,-0.212308740935441
184,206_fs3-00010.jpg,26.0312329376662,0.196970386347516
185,206_fs3-00010.jpg,26.2090862471562,0.603146449388476
186,206_fs3-00010.jpg,26.3860166534116,1.00614972650521
187,206_fs3-00010.jpg,26.5692761655298,1.40591049601539
188,206_fs3-00010.jpg,26.7691788583345,1.80235903623657
189,206_fs3-00010.jpg,26.9845488219396,2.19542562548656
190,206_fs3-00010.jpg,27.2141128859058,2.58504054208294
191,206_fs3-00010.jpg,27.4565978797939,2.9711340643434
192,206_fs3-00010.jpg,27.7107306331645,3.35363647058563
193,206_fs3-00010.jpg,27.9752379755786,3.73247803912733
194,206_fs3-00010.jpg,28.2488467365967,4.10758904828606
195,206_fs3-00010.jpg,28.5302837457797,4.47889977637959
196,206_fs3-00010.jpg,28.8182758326882,4.84634050172559
197,206_fs3-00010.jpg,29.1115498268831,5.20984150264167
198,206_fs3-00010.jpg,29.4088325579251,5.56933305744559
199,206_fs3-00010.jpg,29.7088508553748,5.92474544445491
200,206_fs3-00010.jpg,30.0103315487932,6.27600894198736
1,206_fs3-00011.jpg,82.2391283929747,-58.6211451859361
2,206_fs3-00011.jpg,81.7904055590529,-58.4431415848406
3,206_fs3-00011.jpg,81.3417170539975,-58.2653661738584
4,206_fs3-00011.jpg,80.8930627309364,-58.0878115767873
5,206_fs3-00011.jpg,80.4444424429974,-57.9104704174247
6,206_fs3-00011.jpg,79.9958560433081,-57.7333353195684
7,206_fs3-00011.jpg,79.5473033849965,-57.556398907016
8,206_fs3-00011.jpg,79.0987843211902,-57.3796538035651
9,206_fs3-00011.jpg,78.650298705017,-57.2030926330133
10,206_fs3-00011.jpg,78.2018463896049,-57.0267080191584
11,206_fs3-00011.jpg,77.7534272280813,-56.8504925857979
12,206_fs3-00011.jpg,77.3050410735744,-56.6744389567294
13,206_fs3-00011.jpg,76.8566877792116,-56.4985397557507
14,206_fs3-00011.jpg,76.4083671981209,-56.3227876066592
15,206_fs3-00011.jpg,75.9600791834299,-56.1471751332528
16,206_fs3-00011.jpg,75.5118235882666,-55.9716949593289
17,206_fs3-00011.jpg,75.0636002657587,-55.7963397086853
18,206_fs3-00011.jpg,74.6154090690339,-55.6211020051194
19,206_fs3-00011.jpg,74.1672498512199,-55.4459744724292
20,206_fs3-00011.jpg,73.7191224654447,-55.270949734412
21,206_fs3-00011.jpg,73.271026764836,-55.0960204148656
22,206_fs3-00011.jpg,72.8229626025215,-54.9211791375876
23,206_fs3-00011.jpg,72.374929831629,-54.7464185263756
24,206_fs3-00011.jpg,71.9269283052864,-54.5717312050273
25,206_fs3-00011.jpg,71.4789578766214,-54.3971097973402
26,206_fs3-00011.jpg,71.0310183987616,-54.2225469271121
27,206_fs3-00011.jpg,70.5831097248351,-54.0480352181406
28,206_fs3-00011.jpg,70.1352317079694,-53.8735672942233
29,206_fs3-00011.jpg,69.6873842012924,-53.6991357791578
30,206_fs3-00011.jpg,69.2395670579319,-53.5247332967418
31,206_fs3-00011.jpg,68.7917801310156,-53.3503524707728
32,206_fs3-00011.jpg,68.3440232736714,-53.1759859250486
33,206_fs3-00011.jpg,67.8962963390269,-53.0016262833668
34,206_fs3-00011.jpg,67.44859918021,-52.8272661695249
35,206_fs3-00011.jpg,67.0009316503485,-52.6528982073207
36,206_fs3-00011.jpg,66.5532936025701,-52.4785150205518
37,206_fs3-00011.jpg,66.1056848900026,-52.3041092330157
38,206_fs3-00011.jpg,65.6581053657738,-52.1296734685102
39,206_fs3-00011.jpg,65.2105548830114,-51.9552003508329
40,206_fs3-00011.jpg,64.7630332948433,-51.7806825037813
41,206_fs3-00011.jpg,64.3155404543972,-51.6061125511532
42,206_fs3-00011.jpg,63.8680762148009,-51.4314831167462
43,206_fs3-00011.jpg,63.4206404291822,-51.2567868243578
44,206_fs3-00011.jpg,62.9732329506687,-51.0820162977858
45,206_fs3-00011.jpg,62.5258536323884,-50.9071641608278
46,206_fs3-00011.jpg,62.0785023274691,-50.7322230372814
47,206_fs3-00011.jpg,61.6311788890384,-50.5571855509442
48,206_fs3-00011.jpg,61.1837689315061,-50.3820443256138
49,206_fs3-00011.jpg,60.7359699933808,-50.206791985088
50,206_fs3-00011.jpg,60.2878011569603,-50.0314211531643
51,206_fs3-00011.jpg,59.8393013519781,-49.8559244536403
52,206_fs3-00011.jpg,59.3905095081678,-49.6802945103138
53,206_fs3-00011.jpg,58.9414645552629,-49.5045239469824
54,206_fs3-00011.jpg,58.4922054229969,-49.3286053874435
55,206_fs3-00011.jpg,58.0427710411035,-49.152531455495
56,206_fs3-00011.jpg,57.593200339316,-48.9762947749344
57,206_fs3-00011.jpg,57.1435322473681,-48.7998879695594
58,206_fs3-00011.jpg,56.6938056949934,-48.6233036631677
59,206_fs3-00011.jpg,56.2440596119252,-48.4465344795567
60,206_fs3-00011.jpg,55.7943329278973,-48.2695730425243
61,206_fs3-00011.jpg,55.3446645726432,-48.0924119758679
62,206_fs3-00011.jpg,54.8950934758963,-47.9150439033853
63,206_fs3-00011.jpg,54.4456585673902,-47.737461448874
64,206_fs3-00011.jpg,53.9963987768585,-47.5596572361317
65,206_fs3-00011.jpg,53.5473530340347,-47.3816238889561
66,206_fs3-00011.jpg,53.0985602686523,-47.2033540311448
67,206_fs3-00011.jpg,52.6500594104449,-47.0248402864954
68,206_fs3-00011.jpg,52.201889389146,-46.8460752788055
69,206_fs3-00011.jpg,51.7540891344892,-46.6670516318728
70,206_fs3-00011.jpg,51.3066975762081,-46.4877619694948
71,206_fs3-00011.jpg,50.859753644036,-46.3081989154693
72,206_fs3-00011.jpg,50.4132962677067,-46.128355093594
73,206_fs3-00011.jpg,49.9673643769536,-45.9482231276663
74,206_fs3-00011.jpg,49.5219969015102,-45.767795641484
75,206_fs3-00011.jpg,49.0772327711102,-45.5870652588446
76,206_fs3-00011.jpg,48.633110915487,-45.4060246035459
77,206_fs3-00011.jpg,48.1896702643743,-45.2246662993854
78,206_fs3-00011.jpg,47.7469497475054,-45.0429829701607
79,206_fs3-00011.jpg,47.304988294614,-44.8609672396696
80,206_fs3-00011.jpg,46.8638248354337,-44.6786117317096
81,206_fs3-00011.jpg,46.423498299698,-44.4959090700785
82,206_fs3-00011.jpg,45.9840476171403,-44.3128518785737
83,206_fs3-00011.jpg,45.5455117174943,-44.1294327809929
84,206_fs3-00011.jpg,45.10760846272,-43.945642927312
85,206_fs3-00011.jpg,44.6671049175124,-43.7614057911885
86,206_fs3-00011.jpg,44.2234820021035,-43.5765504052691
87,206_fs3-00011.jpg,43.7771535988134,-43.3908987884007
88,206_fs3-00011.jpg,43.328533589963,-43.2042729594302
89,206_fs3-00011.jpg,42.8780358578723,-43.0164949372045
90,206_fs3-00011.jpg,42.4260742848619,-42.8273867405704
91,206_fs3-00011.jpg,41.9730627532523,-42.6367703883749
92,206_fs3-00011.jpg,41.5194151453638,-42.4444678994649
93,206_fs3-00011.jpg,41.0655453435168,-42.2503012926873
94,206_fs3-00011.jpg,40.6118672300318,-42.0540925868889
95,206_fs3-00011.jpg,40.1587946872292,-41.8556638009166
96,206_fs3-00011.jpg,39.7067415974293,-41.6548369536173
97,206_fs3-00011.jpg,39.2561218429528,-41.451434063838
98,206_fs3-00011.jpg,38.8073493061198,-41.2452771504254
99,206_fs3-00011.jpg,38.3608378692509,-41.0361882322266
100,206_fs3-00011.jpg,37.9170014146665,-40.8239893280883
101,206_fs3-00011.jpg,37.476253824687,-40.6085024568575
102,206_fs3-00011.jpg,37.0390089816328,-40.3895496373811
103,206_fs3-00011.jpg,36.6056807678243,-40.1669528885059
104,206_fs3-00011.jpg,36.1766830655821,-39.9405342290789
105,206_fs3-00011.jpg,35.7524297572263,-39.7101156779469
106,206_fs3-00011.jpg,35.3333347250777,-39.4755192539569
107,206_fs3-00011.jpg,34.9198118514563,-39.2365669759557
108,206_fs3-00011.jpg,34.5122750186829,-38.9930808627902
109,206_fs3-00011.jpg,34.1111381090777,-38.7448829333073
110,206_fs3-00011.jpg,33.7168150049611,-38.491795206354
111,206_fs3-00011.jpg,33.3297195886537,-38.233639700777
112,206_fs3-00011.jpg,32.9502657424758,-37.9702384354233
113,206_fs3-00011.jpg,32.5788673487478,-37.7014134291397
114,206_fs3-00011.jpg,32.2159382897902,-37.4269867007732
115,206_fs3-00011.jpg,31.858552448532,-37.1467936922796
116,206_fs3-00011.jpg,31.4973418955284,-36.8608112866285
117,206_fs3-00011.jpg,31.1322628445077,-36.5691011320453
118,206_fs3-00011.jpg,30.7639228552481,-36.2717260247097
119,206_fs3-00011.jpg,30.3929294875278,-35.9687487608012
120,206_fs3-00011.jpg,30.0198903011252,-35.6602321364993
121,206_fs3-00011.jpg,29.6454128558185,-35.3462389479836
122,206_fs3-00011.jpg,29.2701047113858,-35.0268319914337
123,206_fs3-00011.jpg,28.8945734276055,-34.7020740630289
124,206_fs3-00011.jpg,28.5194265642559,-34.372027958949
125,206_fs3-00011.jpg,28.1452716811151,-34.0367564753735
126,206_fs3-00011.jpg,27.7727163379614,-33.6963224084819
127,206_fs3-00011.jpg,27.4023680945731,-33.3507885544537
128,206_fs3-00011.jpg,27.0348345107284,-33.0002177094685
129,206_fs3-00011.jpg,26.6707231462056,-32.6446726697058
130,206_fs3-00011.jpg,26.3106415607829,-32.2842162313451
131,206_fs3-00011.jpg,25.9551973142385,-31.9189111905661
132,206_fs3-00011.jpg,25.6049979663508,-31.5488203435482
133,206_fs3-00011.jpg,25.2606510768979,-31.1740064864711
134,206_fs3-00011.jpg,24.9227642056582,-30.7945324155141
135,206_fs3-00011.jpg,24.5919449124098,-30.410460926857
136,206_fs3-00011.jpg,24.2688007569311,-30.0218548166791
137,206_fs3-00011.jpg,23.9539392990002,-29.6287768811602
138,206_fs3-00011.jpg,23.6479680983954,-29.2312899164796
139,206_fs3-00011.jpg,23.351494714895,-28.829456718817
140,206_fs3-00011.jpg,23.0651267082773,-28.4233400843519
141,206_fs3-00011.jpg,22.7894716383203,-28.0130028092639
142,206_fs3-00011.jpg,22.5251370648025,-27.5985076897324
143,206_fs3-00011.jpg,22.2727305475021,-27.179917521937
144,206_fs3-00011.jpg,22.0328596461973,-26.7572951020573
145,206_fs3-00011.jpg,21.8061319206664,-26.3307032262728
146,206_fs3-00011.jpg,21.5931549306875,-25.9002046907631
147,206_fs3-00011.jpg,21.3945362360391,-25.4658622917077
148,206_fs3-00011.jpg,21.2108833964992,-25.027738825286
149,206_fs3-00011.jpg,21.0428039718463,-24.5858970876778
150,206_fs3-00011.jpg,20.8909055218584,-24.1403998750625
151,206_fs3-00011.jpg,20.7557956063139,-23.6913099836196
152,206_fs3-00011.jpg,20.6380817849911,-23.2386902095288
153,206_fs3-00011.jpg,20.5376292086743,-22.7826039689284
154,206_fs3-00011.jpg,20.4425039125117,-22.3231666792716
155,206_fs3-00011.jpg,20.3485610415267,-21.8605842696562
156,206_fs3-00011.jpg,20.2560686979948,-21.3950717408416
157,206_fs3-00011.jpg,20.1652949841913,-20.9268440935872
158,206_fs3-00011.jpg,20.0765080023918,-20.4561163286526
159,206_fs3-00011.jpg,19.9899758548715,-19.9831034467971
160,206_fs3-00011.jpg,19.9059666439058,-19.5080204487802
161,206_fs3-00011.jpg,19.8247484717703,-19.0310823353613
162,206_fs3-00011.jpg,19.7465894407403,-18.5525041072998
163,206_fs3-00011.jpg,19.6717576530911,-18.0725007653552
164,206_fs3-00011.jpg,19.6005212110983,-17.5912873102869
165,206_fs3-00011.jpg,19.5331482170372,-17.1090787428544
166,206_fs3-00011.jpg,19.4699067731832,-16.6260900638169
167,206_fs3-00011.jpg,19.4110649818117,-16.1425362739342
168,206_fs3-00011.jpg,19.3568909451982,-15.6586323739655
169,206_fs3-00011.jpg,19.3076527656179,-15.1745933646703
170,206_fs3-00011.jpg,19.2636185453465,-14.690634246808
171,206_fs3-00011.jpg,19.2250563866592,-14.2069700211381
172,206_fs3-00011.jpg,19.1922343918314,-13.72381568842
173,206_fs3-00011.jpg,19.1654206631387,-13.2413862494131
174,206_fs3-00011.jpg,19.1448833028563,-12.7598967048769
175,206_fs3-00011.jpg,19.1308904132597,-12.2795620555708
176,206_fs3-00011.jpg,19.1237100966242,-11.8005973022542
177,206_fs3-00011.jpg,19.1254439793371,-11.3232174456866
178,206_fs3-00011.jpg,19.147685893842,-10.8476374866274
179,206_fs3-00011.jpg,19.1917889270402,-10.374072425836
180,206_fs3-00011.jpg,19.2569871451262,-9.90273726407196
181,206_fs3-00011.jpg,19.3425146142947,-9.43384700209464
182,206_fs3-00011.jpg,19.4476054007402,-8.96761664066344
183,206_fs3-00011.jpg,19.5714935706572,-8.50426118053781
184,206_fs3-00011.jpg,19.7134131902404,-8.04399562247727
185,206_fs3-00011.jpg,19.8725983256844,-7.58703496724115
186,206_fs3-00011.jpg,20.0482830431836,-7.13359421558891
187,206_fs3-00011.jpg,20.2397014089327,-6.68388836828007
188,206_fs3-00011.jpg,20.4460874891263,-6.23813242607395
189,206_fs3-00011.jpg,20.6666753499589,-5.79654138973001
190,206_fs3-00011.jpg,20.900699057625,-5.35933026000777
191,206_fs3-00011.jpg,21.1473926783194,-4.92671403766656
192,206_fs3-00011.jpg,21.4059902782365,-4.49890772346589
193,206_fs3-00011.jpg,21.6757259235709,-4.07612631816517
194,206_fs3-00011.jpg,21.9558336805172,-3.65858482252378
195,206_fs3-00011.jpg,22.24554761527,-3.24649823730124
196,206_fs3-00011.jpg,22.5441017940238,-2.84008156325694
197,206_fs3-00011.jpg,22.8507302829732,-2.43954980115041
198,206_fs3-00011.jpg,23.1646671483128,-2.04511795174091
199,206_fs3-00011.jpg,23.4851464562372,-1.65700101578801
200,206_fs3-00011.jpg,23.8114022729409,-1.27541399405112
1,206_fs3-00012.jpg,93.7578660655584,-62.5884599224817
2,206_fs3-00012.jpg,93.311742073092,-62.3984189045494
3,206_fs3-00012.jpg,92.8654208908423,-62.209686945968
4,206_fs3-00012.jpg,92.418901616016,-62.0222370682362
5,206_fs3-00012.jpg,91.9721833458198,-61.8360422928529
6,206_fs3-00012.jpg,91.5252651774605,-61.6510756413168
7,206_fs3-00012.jpg,91.0781462081448,-61.4673101351268
8,206_fs3-00012.jpg,90.6308255350795,-61.2847187957816
9,206_fs3-00012.jpg,90.1833022554713,-61.10327464478
10,206_fs3-00012.jpg,89.735575466527,-60.9229507036209
11,206_fs3-00012.jpg,89.2876442654532,-60.7437199938029
12,206_fs3-00012.jpg,88.8395077494567,-60.565555536825
13,206_fs3-00012.jpg,88.3911650157442,-60.3884303541859
14,206_fs3-00012.jpg,87.9426151615225,-60.2123174673845
15,206_fs3-00012.jpg,87.4938572839984,-60.0371898979195
16,206_fs3-00012.jpg,87.0448904803785,-59.8630206672896
17,206_fs3-00012.jpg,86.5957138478696,-59.6897827969938
18,206_fs3-00012.jpg,86.1463264836785,-59.5174493085308
19,206_fs3-00012.jpg,85.6967274850118,-59.3459932233993
20,206_fs3-00012.jpg,85.2469159490763,-59.1753875630984
21,206_fs3-00012.jpg,84.7968909730787,-59.0056053491265
22,206_fs3-00012.jpg,84.3466516542259,-58.8366196029827
23,206_fs3-00012.jpg,83.8961970897244,-58.6684033461657
24,206_fs3-00012.jpg,83.4455263767811,-58.5009296001742
25,206_fs3-00012.jpg,82.9946386126027,-58.3341713865072
26,206_fs3-00012.jpg,82.543532894396,-58.1681017266633
27,206_fs3-00012.jpg,82.0922083193675,-58.0026936421415
28,206_fs3-00012.jpg,81.6406639847242,-57.8379201544404
29,206_fs3-00012.jpg,81.1888931901325,-57.6737542850589
30,206_fs3-00012.jpg,80.7367952800178,-57.5101690554957
31,206_fs3-00012.jpg,80.2843465160207,-57.3471374872497
32,206_fs3-00012.jpg,79.8315634207393,-57.1846326018197
33,206_fs3-00012.jpg,79.3784625167719,-57.0226274207045
34,206_fs3-00012.jpg,78.9250603267166,-56.8610949654028
35,206_fs3-00012.jpg,78.4713733731716,-56.7000082574135
36,206_fs3-00012.jpg,78.0174181787352,-56.5393403182353
37,206_fs3-00012.jpg,77.5632112660056,-56.3790641693671
38,206_fs3-00012.jpg,77.108769157581,-56.2191528323077
39,206_fs3-00012.jpg,76.6541083760597,-56.0595793285557
40,206_fs3-00012.jpg,76.1992454440397,-55.9003166796102
41,206_fs3-00012.jpg,75.7441968841195,-55.7413379069698
42,206_fs3-00012.jpg,75.2889792188971,-55.5826160321333
43,206_fs3-00012.jpg,74.8336089709709,-55.4241240765996
44,206_fs3-00012.jpg,74.3781026629389,-55.2658350618674
45,206_fs3-00012.jpg,73.9224768173995,-55.1077220094355
46,206_fs3-00012.jpg,73.4667479569509,-54.9497579408028
47,206_fs3-00012.jpg,73.0109326041912,-54.791915877468
48,206_fs3-00012.jpg,72.5550472817187,-54.6341688409299
49,206_fs3-00012.jpg,72.0991085121317,-54.4764898526874
50,206_fs3-00012.jpg,71.6431328180282,-54.3188519342391
51,206_fs3-00012.jpg,71.1871367220067,-54.161228107084
52,206_fs3-00012.jpg,70.7311367466652,-54.0035913927208
53,206_fs3-00012.jpg,70.2751494146019,-53.8459148126483
54,206_fs3-00012.jpg,69.8191912484151,-53.6881713883653
55,206_fs3-00012.jpg,69.3632787707031,-53.5303341413706
56,206_fs3-00012.jpg,68.9074285040641,-53.372376093163
57,206_fs3-00012.jpg,68.4516569710961,-53.2142702652414
58,206_fs3-00012.jpg,67.9959806943976,-53.0559896791044
59,206_fs3-00012.jpg,67.5404161965667,-52.8975073562509
60,206_fs3-00012.jpg,67.0849800002015,-52.7387963181797
61,206_fs3-00012.jpg,66.6296386182093,-52.579831404025
62,206_fs3-00012.jpg,66.1741756552226,-52.42061840667
63,206_fs3-00012.jpg,65.7185741646865,-52.2611890276943
64,206_fs3-00012.jpg,65.2628459561019,-52.101575767279
65,206_fs3-00012.jpg,64.80700283897,-51.9418111256055
66,206_fs3-00012.jpg,64.3510566227913,-51.781927602855
67,206_fs3-00012.jpg,63.8950191170671,-51.621957699209
68,206_fs3-00012.jpg,63.4389021312981,-51.4619339148485
69,206_fs3-00012.jpg,62.9827174749853,-51.3018887499551
70,206_fs3-00012.jpg,62.5264769576296,-51.1418547047099
71,206_fs3-00012.jpg,62.0701923887319,-50.9818642792943
72,206_fs3-00012.jpg,61.6138755777932,-50.8219499738895
73,206_fs3-00012.jpg,61.1575383343142,-50.6621442886769
74,206_fs3-00012.jpg,60.7011924677961,-50.5024797238377
75,206_fs3-00012.jpg,60.2448497877397,-50.3429887795533
76,206_fs3-00012.jpg,59.7885221036459,-50.1837039560049
77,206_fs3-00012.jpg,59.3322212250156,-50.024657753374
78,206_fs3-00012.jpg,58.8759589613497,-49.8658826718416
79,206_fs3-00012.jpg,58.4197471221492,-49.7074112115891
80,206_fs3-00012.jpg,57.963597516915,-49.549275872798
81,206_fs3-00012.jpg,57.5075219551481,-49.3915091556494
82,206_fs3-00012.jpg,57.0515322463492,-49.2341435603246
83,206_fs3-00012.jpg,56.5956402000193,-49.0772115870049
84,206_fs3-00012.jpg,56.1398576256595,-48.9207457358717
85,206_fs3-00012.jpg,55.6841963327705,-48.7647785071062
86,206_fs3-00012.jpg,55.2286681308533,-48.6093424008898
87,206_fs3-00012.jpg,54.7732848294089,-48.4544699174037
88,206_fs3-00012.jpg,54.318058237938,-48.3001935568292
89,206_fs3-00012.jpg,53.8630001659417,-48.1465458193476
90,206_fs3-00012.jpg,53.4081224229209,-47.9935592051403
91,206_fs3-00012.jpg,52.9534368183765,-47.8412662143885
92,206_fs3-00012.jpg,52.4989551618094,-47.6896993472735
93,206_fs3-00012.jpg,52.0446892627205,-47.5388911039767
94,206_fs3-00012.jpg,51.5906509306108,-47.3888739846792
95,206_fs3-00012.jpg,51.1368355813354,-47.2396804097289
96,206_fs3-00012.jpg,50.6822122670153,-47.0912982316713
97,206_fs3-00012.jpg,50.2262525198719,-46.9435966634439
98,206_fs3-00012.jpg,49.7690832534922,-46.7964253933101
99,206_fs3-00012.jpg,49.310831381463,-46.6496341095331
100,206_fs3-00012.jpg,48.8516238173711,-46.5030725003763
101,206_fs3-00012.jpg,48.3915874748033,-46.3565902541028
102,206_fs3-00012.jpg,47.9308492673466,-46.210037058976
103,206_fs3-00012.jpg,47.4695361085878,-46.0632626032592
104,206_fs3-00012.jpg,47.0077749121137,-45.9161165752157
105,206_fs3-00012.jpg,46.5456925915112,-45.7684486631086
106,206_fs3-00012.jpg,46.0834160603671,-45.6201085552015
107,206_fs3-00012.jpg,45.6210722322682,-45.4709459397574
108,206_fs3-00012.jpg,45.1587880208015,-45.3208105050397
109,206_fs3-00012.jpg,44.6966903395537,-45.1695519393117
110,206_fs3-00012.jpg,44.2349061021117,-45.0170199308367
111,206_fs3-00012.jpg,43.7735622220624,-44.863064167878
112,206_fs3-00012.jpg,43.3127856129926,-44.7075343386987
113,206_fs3-00012.jpg,42.8527031884891,-44.5502801315624
114,206_fs3-00012.jpg,42.3934418621389,-44.3911512347321
115,206_fs3-00012.jpg,41.9351285475286,-44.2299973364712
116,206_fs3-00012.jpg,41.4778901582453,-44.066668125043
117,206_fs3-00012.jpg,41.0218536078758,-43.9010132887108
118,206_fs3-00012.jpg,40.5671458100068,-43.7328825157379
119,206_fs3-00012.jpg,40.1138936782253,-43.5621254943874
120,206_fs3-00012.jpg,39.662224126118,-43.3885919129229
121,206_fs3-00012.jpg,39.2122640672719,-43.2121314596074
122,206_fs3-00012.jpg,38.7641404152738,-43.0325938227044
123,206_fs3-00012.jpg,38.3179800837105,-42.849828690477
124,206_fs3-00012.jpg,37.8739099861689,-42.6636857511886
125,206_fs3-00012.jpg,37.4320570362359,-42.4740146931024
126,206_fs3-00012.jpg,36.9925481474982,-42.2806652044818
127,206_fs3-00012.jpg,36.5555102335427,-42.08348697359
128,206_fs3-00012.jpg,36.1210702079563,-41.8823296886904
129,206_fs3-00012.jpg,35.6893549843258,-41.6770430380461
130,206_fs3-00012.jpg,35.2604914762381,-41.4674767099205
131,206_fs3-00012.jpg,34.83460659728,-41.2534803925769
132,206_fs3-00012.jpg,34.4118272610384,-41.0349037742786
133,206_fs3-00012.jpg,33.9917298069251,-40.8116058852631
134,206_fs3-00012.jpg,33.5722800636082,-40.5835797351291
135,206_fs3-00012.jpg,33.1534183374345,-40.3509185808161
136,206_fs3-00012.jpg,32.7353094512877,-40.1137180964179
137,206_fs3-00012.jpg,32.3181182280518,-39.8720739560284
138,206_fs3-00012.jpg,31.9020094906106,-39.6260818337415
139,206_fs3-00012.jpg,31.4871480618482,-39.3758374036511
140,206_fs3-00012.jpg,31.0736987646484,-39.1214363398511
141,206_fs3-00012.jpg,30.661826421895,-38.8629743164354
142,206_fs3-00012.jpg,30.2516958564721,-38.6005470074981
143,206_fs3-00012.jpg,29.8434718912636,-38.3342500871328
144,206_fs3-00012.jpg,29.4373193491533,-38.0641792294335
145,206_fs3-00012.jpg,29.0334030530252,-37.7904301084941
146,206_fs3-00012.jpg,28.6318878257632,-37.5130983984087
147,206_fs3-00012.jpg,28.2329384902513,-37.2322797732709
148,206_fs3-00012.jpg,27.8367198693732,-36.9480699071748
149,206_fs3-00012.jpg,27.4433967860129,-36.6605644742143
150,206_fs3-00012.jpg,27.0531340630544,-36.3698591484832
151,206_fs3-00012.jpg,26.6660965233816,-36.0760496040754
152,206_fs3-00012.jpg,26.2824489898782,-35.7792315150849
153,206_fs3-00012.jpg,25.9023562854285,-35.4795005556056
154,206_fs3-00012.jpg,25.525983232916,-35.1769523997313
155,206_fs3-00012.jpg,25.1534946552249,-34.8716827215559
156,206_fs3-00012.jpg,24.785055375239,-34.5637871951735
157,206_fs3-00012.jpg,24.4208302158423,-34.2533614946778
158,206_fs3-00012.jpg,24.0609839999186,-33.9405012941628
159,206_fs3-00012.jpg,23.7056815503518,-33.6253022677224
160,206_fs3-00012.jpg,23.3545931755581,-33.3078597032176
161,206_fs3-00012.jpg,22.9934190379263,-32.9881962544967
162,206_fs3-00012.jpg,22.6171822670902,-32.6661768410718
163,206_fs3-00012.jpg,22.2281519591737,-32.3416456940819
164,206_fs3-00012.jpg,21.8285972103011,-32.0144470446664
165,206_fs3-00012.jpg,21.4207871165964,-31.6844251239644
166,206_fs3-00012.jpg,21.0069907741837,-31.3514241631149
167,206_fs3-00012.jpg,20.5894772791873,-31.0152883932573
168,206_fs3-00012.jpg,20.1705157277313,-30.6758620455307
169,206_fs3-00012.jpg,19.7523752159397,-30.3329893510742
170,206_fs3-00012.jpg,19.3373248399367,-29.986514541027
171,206_fs3-00012.jpg,18.9276336958463,-29.6362818465283
172,206_fs3-00012.jpg,18.5255708797929,-29.2821354987173
173,206_fs3-00012.jpg,18.1334054879004,-28.923919728733
174,206_fs3-00012.jpg,17.753406616293,-28.5614787677148
175,206_fs3-00012.jpg,17.3878433610948,-28.1946568468018
176,206_fs3-00012.jpg,17.03898481843,-27.8232981971331
177,206_fs3-00012.jpg,16.7091000844227,-27.4472470498479
178,206_fs3-00012.jpg,16.400458255197,-27.0663476360855
179,206_fs3-00012.jpg,16.115328426877,-26.6804441869849
180,206_fs3-00012.jpg,15.8559796955869,-26.2893809336853
181,206_fs3-00012.jpg,15.6246811574507,-25.8930021073259
182,206_fs3-00012.jpg,15.4237019085927,-25.4911519390458
183,206_fs3-00012.jpg,15.2553110451369,-25.0836746599844
184,206_fs3-00012.jpg,15.1217776632076,-24.6704145012806
185,206_fs3-00012.jpg,15.0253708589287,-24.2512156940737
186,206_fs3-00012.jpg,14.9683597284244,-23.8259224695029
187,206_fs3-00012.jpg,14.9525694899354,-23.3943790587072
188,206_fs3-00012.jpg,14.9529243037482,-22.9564296928261
189,206_fs3-00012.jpg,14.9549129217054,-22.5119186029984
190,206_fs3-00012.jpg,14.9599652300657,-22.0606900203636
191,206_fs3-00012.jpg,14.9695111150881,-21.6025881760606
192,206_fs3-00012.jpg,14.9849804630314,-21.1374573012287
193,206_fs3-00012.jpg,15.0078031601545,-20.665141627007
194,206_fs3-00012.jpg,15.0394090927164,-20.1854853845348
195,206_fs3-00012.jpg,15.0812281469758,-19.6983328049512
196,206_fs3-00012.jpg,15.1346902091917,-19.2035281193954
197,206_fs3-00012.jpg,15.2012251656229,-18.7009155590065
198,206_fs3-00012.jpg,15.2822629025282,-18.1903393549237
199,206_fs3-00012.jpg,15.3792333061667,-17.6716437382862
200,206_fs3-00012.jpg,15.4935662627971,-17.1446729402331
