points,Image,X,Y
1,206_fs3-00001.jpg,0,31.8631333091494
2,206_fs3-00001.jpg,0.518463991725099,31.8057532820042
3,206_fs3-00001.jpg,1.03692299232691,31.7500887926936
4,206_fs3-00001.jpg,1.5553770085005,31.6960755068643
5,206_fs3-00001.jpg,2.07382604694092,31.6436490901632
6,206_fs3-00001.jpg,2.59227011434328,31.592745208237
7,206_fs3-00001.jpg,3.11070921740264,31.5432995267326
8,206_fs3-00001.jpg,3.62914336281409,31.4952477112967
9,206_fs3-00001.jpg,4.14757255727267,31.4485254275762
10,206_fs3-00001.jpg,4.6659968074735,31.4030683412178
11,206_fs3-00001.jpg,5.18441612011165,31.3588121178682
12,206_fs3-00001.jpg,5.70283050188215,31.3156924231745
13,206_fs3-00001.jpg,6.22123995948013,31.2736449227831
14,206_fs3-00001.jpg,6.73964449960064,31.2326052823412
15,206_fs3-00001.jpg,7.25804412893876,31.1925091674952
16,206_fs3-00001.jpg,7.77643885418959,31.1532922438922
17,206_fs3-00001.jpg,8.29482868204818,31.1148901771789
18,206_fs3-00001.jpg,8.81321361920959,31.077238633002
19,206_fs3-00001.jpg,9.33159367236894,31.0402732770084
20,206_fs3-00001.jpg,9.84996884822127,31.0039297748448
21,206_fs3-00001.jpg,10.3683391534617,30.9681437921581
22,206_fs3-00001.jpg,10.8867045947852,30.932850994595
23,206_fs3-00001.jpg,11.405065178887,30.8979870478024
24,206_fs3-00001.jpg,11.9234209124621,30.863487617427
25,206_fs3-00001.jpg,12.4417718022056,30.8292883691155
26,206_fs3-00001.jpg,12.9601178548125,30.795324968515
27,206_fs3-00001.jpg,13.4784590769779,30.761533081272
28,206_fs3-00001.jpg,13.9967954753969,30.7278483730334
29,206_fs3-00001.jpg,14.5151270567647,30.694206509446
30,206_fs3-00001.jpg,15.0334538448273,30.6605431561566
31,206_fs3-00001.jpg,15.5519125106916,30.6267939788119
32,206_fs3-00001.jpg,16.0706136655237,30.5928946430589
33,206_fs3-00001.jpg,16.5895273754556,30.5587808145441
34,206_fs3-00001.jpg,17.1086237066191,30.5243881589146
35,206_fs3-00001.jpg,17.627872725146,30.489652341817
36,206_fs3-00001.jpg,18.1472444971683,30.4545090288981
37,206_fs3-00001.jpg,18.6667090888178,30.4188938858048
38,206_fs3-00001.jpg,19.1862365662263,30.3827425781838
39,206_fs3-00001.jpg,19.7057969955257,30.3459907716819
40,206_fs3-00001.jpg,20.2253604428479,30.3085741319459
41,206_fs3-00001.jpg,20.7448969743247,30.2704283246227
42,206_fs3-00001.jpg,21.264376656088,30.2314890153589
43,206_fs3-00001.jpg,21.7837695542696,30.1916918698014
44,206_fs3-00001.jpg,22.3030457350014,30.1509725535971
45,206_fs3-00001.jpg,22.8221752644153,30.1092667323925
46,206_fs3-00001.jpg,23.341128208643,30.0665100718347
47,206_fs3-00001.jpg,23.8598746338166,30.0226382375703
48,206_fs3-00001.jpg,24.3783846060678,29.9775868952462
49,206_fs3-00001.jpg,24.8966281915285,29.9312917105091
50,206_fs3-00001.jpg,25.4145754563305,29.8836883490059
51,206_fs3-00001.jpg,25.9321964666058,29.8347124763833
52,206_fs3-00001.jpg,26.4494612884861,29.7842997582881
53,206_fs3-00001.jpg,26.9663399881033,29.7323858603671
54,206_fs3-00001.jpg,27.4828026315894,29.6789064482672
55,206_fs3-00001.jpg,27.9988192850761,29.6237971876351
56,206_fs3-00001.jpg,28.5143600146953,29.5669937441176
57,206_fs3-00001.jpg,29.0293948865788,29.5084317833614
58,206_fs3-00001.jpg,29.5439080499214,29.4480469425848
59,206_fs3-00001.jpg,30.0584579471407,29.3857662667633
60,206_fs3-00001.jpg,30.5732955736587,29.3214961844316
61,206_fs3-00001.jpg,31.0883508990466,29.2551400957745
62,206_fs3-00001.jpg,31.6035538928752,29.1866014009771
63,206_fs3-00001.jpg,32.1188345247156,29.1157835002239
64,206_fs3-00001.jpg,32.6341227641389,29.0425897937001
65,206_fs3-00001.jpg,33.1493485807158,28.9669236815903
66,206_fs3-00001.jpg,33.6644419440174,28.8886885640795
67,206_fs3-00001.jpg,34.1793328236149,28.8077878413525
68,206_fs3-00001.jpg,34.693951189079,28.7241249135942
69,206_fs3-00001.jpg,35.2082270099808,28.6376031809893
70,206_fs3-00001.jpg,35.7220902558913,28.5481260437229
71,206_fs3-00001.jpg,36.2354708963814,28.4555969019796
72,206_fs3-00001.jpg,36.7482989010222,28.3599191559445
73,206_fs3-00001.jpg,37.2605042393847,28.2609962058021
74,206_fs3-00001.jpg,37.7720168810397,28.1587314517377
75,206_fs3-00001.jpg,38.2827667955585,28.0530282939358
76,206_fs3-00001.jpg,38.7926839525118,27.9437901325814
77,206_fs3-00001.jpg,39.3016983214707,27.8309203678593
78,206_fs3-00001.jpg,39.8097398720061,27.7143223999544
79,206_fs3-00001.jpg,40.3167385736892,27.5938996290516
80,206_fs3-00001.jpg,40.8226243960907,27.4695554553356
81,206_fs3-00001.jpg,41.3273273087818,27.3411932789914
82,206_fs3-00001.jpg,41.8307772813335,27.2087165002038
83,206_fs3-00001.jpg,42.3329042833166,27.0720285191576
84,206_fs3-00001.jpg,42.8336382843023,26.9310327360377
85,206_fs3-00001.jpg,43.3329092538614,26.7856325510289
86,206_fs3-00001.jpg,43.8306512720541,26.6357337463799
87,206_fs3-00001.jpg,44.3268763675689,26.4813450688758
88,206_fs3-00001.jpg,44.8216448361103,26.3226153435835
89,206_fs3-00001.jpg,45.3150143760034,26.1597034215573
90,206_fs3-00001.jpg,45.8070426855734,25.9927681538512
91,206_fs3-00001.jpg,46.2977874631454,25.8219683915195
92,206_fs3-00001.jpg,46.7873064070445,25.6474629856164
93,206_fs3-00001.jpg,47.275657215596,25.4694107871961
94,206_fs3-00001.jpg,47.7628975871248,25.2879706473128
95,206_fs3-00001.jpg,48.2490852199561,25.1033014170206
96,206_fs3-00001.jpg,48.7342778124151,24.915561947374
97,206_fs3-00001.jpg,49.218533062827,24.7249110894269
98,206_fs3-00001.jpg,49.7019086695167,24.5315076942336
99,206_fs3-00001.jpg,50.1844623308097,24.3355106128483
100,206_fs3-00001.jpg,50.6662517450307,24.1370786963252
101,206_fs3-00001.jpg,51.1473346105051,23.9363707957185
102,206_fs3-00001.jpg,51.627768625558,23.7335457620824
103,206_fs3-00001.jpg,52.1076114885145,23.5287624464712
104,206_fs3-00001.jpg,52.5867983017327,23.3221761171146
105,206_fs3-00001.jpg,53.0648932694934,23.1138897282186
106,206_fs3-00001.jpg,53.5419009798595,22.9039666150867
107,206_fs3-00001.jpg,54.0178777184845,22.6924691308748
108,206_fs3-00001.jpg,54.4928797710218,22.4794596287389
109,206_fs3-00001.jpg,54.9669634231251,22.2650004618351
110,206_fs3-00001.jpg,55.4401849604477,22.0491539833192
111,206_fs3-00001.jpg,55.9126006686431,21.8319825463475
112,206_fs3-00001.jpg,56.3842668333649,21.6135485040757
113,206_fs3-00001.jpg,56.8552397402666,21.3939142096601
114,206_fs3-00001.jpg,57.3255756750016,21.1731420162564
115,206_fs3-00001.jpg,57.7953309232234,20.9512942770208
116,206_fs3-00001.jpg,58.2645617705855,20.7284333451094
117,206_fs3-00001.jpg,58.7333245027415,20.504621573678
118,206_fs3-00001.jpg,59.2016754053448,20.2799213158826
119,206_fs3-00001.jpg,59.6696707640489,20.0543949248794
120,206_fs3-00001.jpg,60.1373675823646,19.8281047503421
121,206_fs3-00001.jpg,60.6050396707471,19.601090678651
122,206_fs3-00001.jpg,61.0728080254966,19.3733167672846
123,206_fs3-00001.jpg,61.5405721169099,19.1447310895307
124,206_fs3-00001.jpg,62.0082314152842,18.9152817186775
125,206_fs3-00001.jpg,62.4756853909162,18.684916728013
126,206_fs3-00001.jpg,62.9428335141031,18.4535841908253
127,206_fs3-00001.jpg,63.4095752551416,18.2212321804024
128,206_fs3-00001.jpg,63.875810084329,17.9878087700324
129,206_fs3-00001.jpg,64.341437471962,17.7532620330032
130,206_fs3-00001.jpg,64.8063568883376,17.5175400426029
131,206_fs3-00001.jpg,65.2704678037529,17.2805908721197
132,206_fs3-00001.jpg,65.7336696885047,17.0423625948414
133,206_fs3-00001.jpg,66.1958620128901,16.8028032840563
134,206_fs3-00001.jpg,66.6569442472059,16.5618610130522
135,206_fs3-00001.jpg,67.1168158617492,16.3194838551173
136,206_fs3-00001.jpg,67.5753763268169,16.0756198835396
137,206_fs3-00001.jpg,68.032525112706,15.8302171716072
138,206_fs3-00001.jpg,68.4881616897134,15.583223792608
139,206_fs3-00001.jpg,68.9421855281361,15.3345878198301
140,206_fs3-00001.jpg,69.394496098271,15.0842573265617
141,206_fs3-00001.jpg,69.8453452548584,14.8321864411989
142,206_fs3-00001.jpg,70.2954343394551,14.5783751341817
143,206_fs3-00001.jpg,70.7447913797661,14.3228443573083
144,206_fs3-00001.jpg,71.1934210055222,14.0656151710289
145,206_fs3-00001.jpg,71.6413278464544,13.8067086357939
146,206_fs3-00001.jpg,72.0885165322939,13.5461458120537
147,206_fs3-00001.jpg,72.5349916927717,13.2839477602588
148,206_fs3-00001.jpg,72.9807579576186,13.0201355408594
149,206_fs3-00001.jpg,73.4258199565658,12.754730214306
150,206_fs3-00001.jpg,73.8701823193442,12.4877528410489
151,206_fs3-00001.jpg,74.313849675685,12.2192244815385
152,206_fs3-00001.jpg,74.756826655319,11.9491661962252
153,206_fs3-00001.jpg,75.1991178879774,11.6775990455595
154,206_fs3-00001.jpg,75.6407280033911,11.4045440899915
155,206_fs3-00001.jpg,76.0816616312911,11.1300223899718
156,206_fs3-00001.jpg,76.5219234014085,10.8540550059508
157,206_fs3-00001.jpg,76.9615179434743,10.5766629983787
158,206_fs3-00001.jpg,77.4004498872195,10.297867427706
159,206_fs3-00001.jpg,77.838723862375,10.0176893543831
160,206_fs3-00001.jpg,78.276344498672,9.73614983886034
161,206_fs3-00001.jpg,78.7133164258415,9.45326994158808
162,206_fs3-00001.jpg,79.1496442736143,9.16907072301672
163,206_fs3-00001.jpg,79.5853326717217,8.88357324359669
164,206_fs3-00001.jpg,80.0203862498946,8.59679856377829
165,206_fs3-00001.jpg,80.4548096378639,8.30876774401196
166,206_fs3-00001.jpg,80.8886074653608,8.01950184474805
167,206_fs3-00001.jpg,81.3217843621163,7.72902192643693
168,206_fs3-00001.jpg,81.7543449578613,7.43734904952902
169,206_fs3-00001.jpg,82.1862938823268,7.14450427447468
170,206_fs3-00001.jpg,82.617635765244,6.85050866172429
171,206_fs3-00001.jpg,83.0483752363437,6.55538327172826
172,206_fs3-00001.jpg,83.478516925357,6.2591491649369
173,206_fs3-00001.jpg,83.908065462015,5.96182740180069
174,206_fs3-00001.jpg,84.3370254760486,5.66343904276988
175,206_fs3-00001.jpg,84.7654015971889,5.36400514829495
176,206_fs3-00001.jpg,85.1931984551669,5.06354677882626
177,206_fs3-00001.jpg,85.6204206797136,4.76208499481419
178,206_fs3-00001.jpg,86.04707290056,4.45964085670914
179,206_fs3-00001.jpg,86.473159747437,4.15623542496144
180,206_fs3-00001.jpg,86.8986858500759,3.85188976002149
181,206_fs3-00001.jpg,87.3236558382075,3.54662492233973
182,206_fs3-00001.jpg,87.7478444039398,3.24046197236646
183,206_fs3-00001.jpg,88.1708295882389,2.93342197055205
184,206_fs3-00001.jpg,88.5926408846497,2.62552597734697
185,206_fs3-00001.jpg,89.0133194461167,2.31679505320153
186,206_fs3-00001.jpg,89.4329064255843,2.0072502585661
187,206_fs3-00001.jpg,89.851442975997,1.69691265389116
188,206_fs3-00001.jpg,90.2689702502992,1.38580329962701
189,206_fs3-00001.jpg,90.6855294014354,1.07394325622403
190,206_fs3-00001.jpg,91.1011615823501,0.761353584132621
191,206_fs3-00001.jpg,91.5159079459877,0.448055343803105
192,206_fs3-00001.jpg,91.9298096452927,0.134069595685958
193,206_fs3-00001.jpg,92.3429078332094,-0.180582599768456
194,206_fs3-00001.jpg,92.7552436626825,-0.495880182109829
195,206_fs3-00001.jpg,93.1668582866563,-0.811802090887682
196,206_fs3-00001.jpg,93.5777928580753,-1.12832726565171
197,206_fs3-00001.jpg,93.9880885298839,-1.44543464595154
198,206_fs3-00001.jpg,94.3977864550266,-1.76310317133675
199,206_fs3-00001.jpg,94.8069277864479,-2.08131178135693
200,206_fs3-00001.jpg,95.2155536770921,-2.40003941556176
1,206_fs3-00002.jpg,0.976800976800916,28.1237388005242
2,206_fs3-00002.jpg,1.48197539358671,28.1644157346301
3,206_fs3-00002.jpg,1.98719910076474,28.2056884125865
4,206_fs3-00002.jpg,2.49247220169076,28.2474957958059
5,206_fs3-00002.jpg,2.99779479972057,28.2897768457008
6,206_fs3-00002.jpg,3.50316699820991,28.3324705236833
7,206_fs3-00002.jpg,4.0085889005145,28.3755157911659
8,206_fs3-00002.jpg,4.51406060999017,28.4188516095611
9,206_fs3-00002.jpg,5.01958222999261,28.4624169402812
10,206_fs3-00002.jpg,5.52515386387762,28.5061507447385
11,206_fs3-00002.jpg,6.03077561500095,28.5499919843455
12,206_fs3-00002.jpg,6.53644758671837,28.5938796205145
13,206_fs3-00002.jpg,7.04216988238562,28.637752614658
14,206_fs3-00002.jpg,7.54794260535846,28.6815499281882
15,206_fs3-00002.jpg,8.05376585899268,28.7252105225177
16,206_fs3-00002.jpg,8.559639746644,28.7686733590587
17,206_fs3-00002.jpg,9.06556437166819,28.8118773992236
18,206_fs3-00002.jpg,9.571539837421,28.8547616044249
19,206_fs3-00002.jpg,10.0775662472582,28.8972649360749
20,206_fs3-00002.jpg,10.5836437045356,28.939326355586
21,206_fs3-00002.jpg,11.0897723126089,28.9808848243705
22,206_fs3-00002.jpg,11.5959521748338,29.021879303841
23,206_fs3-00002.jpg,12.1021833945662,29.0622487554097
24,206_fs3-00002.jpg,12.6084704759079,29.1019321404889
25,206_fs3-00002.jpg,13.1148489897374,29.1408684204912
26,206_fs3-00002.jpg,13.621321159726,29.1789965568288
27,206_fs3-00002.jpg,14.1278801398304,29.2162555109143
28,206_fs3-00002.jpg,14.6345190840076,29.2525842441599
29,206_fs3-00002.jpg,15.1412311462143,29.287921717978
30,206_fs3-00002.jpg,15.6480094804073,29.3222068937811
31,206_fs3-00002.jpg,16.1548472405435,29.3553787329814
32,206_fs3-00002.jpg,16.6617375805797,29.3873761969914
33,206_fs3-00002.jpg,17.1686736544727,29.4181382472235
34,206_fs3-00002.jpg,17.6756486161793,29.44760384509
35,206_fs3-00002.jpg,18.1826556196564,29.4757119520033
36,206_fs3-00002.jpg,18.6896878188607,29.5024015293759
37,206_fs3-00002.jpg,19.1967383677492,29.52761153862
38,206_fs3-00002.jpg,19.7038004202785,29.5512809411481
39,206_fs3-00002.jpg,20.2108671304055,29.5733486983726
40,206_fs3-00002.jpg,20.7179316520871,29.5937537717058
41,206_fs3-00002.jpg,21.2249871392801,29.6124351225601
42,206_fs3-00002.jpg,21.7320267459412,29.6293317123479
43,206_fs3-00002.jpg,22.2390436260273,29.6443825024816
44,206_fs3-00002.jpg,22.7460309334953,29.6575264543736
45,206_fs3-00002.jpg,23.2529818223018,29.6687025294362
46,206_fs3-00002.jpg,23.7598894464039,29.6778496890818
47,206_fs3-00002.jpg,24.2667469597582,29.6849068947228
48,206_fs3-00002.jpg,24.7736891804325,29.6898100021259
49,206_fs3-00002.jpg,25.2810905865657,29.6924625316679
50,206_fs3-00002.jpg,25.7889040392002,29.6927488022141
51,206_fs3-00002.jpg,26.2970547360166,29.6905528795504
52,206_fs3-00002.jpg,26.8054678746957,29.6857588294629
53,206_fs3-00002.jpg,27.3140686529183,29.6782507177377
54,206_fs3-00002.jpg,27.822782268365,29.6679126101607
55,206_fs3-00002.jpg,28.3315339187166,29.6546285725179
56,206_fs3-00002.jpg,28.8402488016539,29.6382826705953
57,206_fs3-00002.jpg,29.3488521148575,29.618758970179
58,206_fs3-00002.jpg,29.8572690560081,29.5959415370551
59,206_fs3-00002.jpg,30.3654248227866,29.5697144370095
60,206_fs3-00002.jpg,30.8732446128736,29.5399617358281
61,206_fs3-00002.jpg,31.3806536239499,29.5065674992971
62,206_fs3-00002.jpg,31.8875770536961,29.4694157932025
63,206_fs3-00002.jpg,32.3939400997931,29.4283906833303
64,206_fs3-00002.jpg,32.8996679599215,29.3833762354665
65,206_fs3-00002.jpg,33.4046858317621,29.3342565153971
66,206_fs3-00002.jpg,33.9089189129956,29.2809155889082
67,206_fs3-00002.jpg,34.4122924013027,29.2232375217857
68,206_fs3-00002.jpg,34.9147314943642,29.1611063798156
69,206_fs3-00002.jpg,35.4161613898607,29.0944062287841
70,206_fs3-00002.jpg,35.9168694031363,29.0230407242553
71,206_fs3-00002.jpg,36.4173680974517,28.9470290884856
72,206_fs3-00002.jpg,36.9175977156191,28.8664327751397
73,206_fs3-00002.jpg,37.4174906759569,28.7813133003397
74,206_fs3-00002.jpg,37.9169793967835,28.6917321802077
75,206_fs3-00002.jpg,38.4159962964174,28.5977509308661
76,206_fs3-00002.jpg,38.914473793177,28.499431068437
77,206_fs3-00002.jpg,39.4123443053805,28.3968341090426
78,206_fs3-00002.jpg,39.9095402513466,28.2900215688052
79,206_fs3-00002.jpg,40.4059940493935,28.179054963847
80,206_fs3-00002.jpg,40.9016381178398,28.0639958102901
81,206_fs3-00002.jpg,41.3964048750036,27.9449056242568
82,206_fs3-00002.jpg,41.8902267392036,27.8218459218693
83,206_fs3-00002.jpg,42.383036128758,27.6948782192498
84,206_fs3-00002.jpg,42.8747654619854,27.5640640325205
85,206_fs3-00002.jpg,43.365347157204,27.4294648778038
86,206_fs3-00002.jpg,43.8547136327323,27.2911422712215
87,206_fs3-00002.jpg,44.3427973068888,27.1491577288962
88,206_fs3-00002.jpg,44.8295305979918,27.00357276695
89,206_fs3-00002.jpg,45.314899516376,26.8544484271924
90,206_fs3-00002.jpg,45.7992448283789,26.7018315497358
91,206_fs3-00002.jpg,46.2826009542956,26.5457526601203
92,206_fs3-00002.jpg,46.7649212782272,26.3862413844483
93,206_fs3-00002.jpg,47.246159184275,26.2233273488225
94,206_fs3-00002.jpg,47.7262680565403,26.0570401793453
95,206_fs3-00002.jpg,48.2052012791242,25.8874095021193
96,206_fs3-00002.jpg,48.682912236128,25.7144649432469
97,206_fs3-00002.jpg,49.1593543116529,25.5382361288308
98,206_fs3-00002.jpg,49.6344808898002,25.3587526849734
99,206_fs3-00002.jpg,50.1082453546711,25.1760442377773
100,206_fs3-00002.jpg,50.5806010903667,24.9901404133449
101,206_fs3-00002.jpg,51.0515014809883,24.8010708377788
102,206_fs3-00002.jpg,51.5208999106372,24.6088651371816
103,206_fs3-00002.jpg,51.9887497634146,24.4135529376557
104,206_fs3-00002.jpg,52.4550310162706,24.2151639415387
105,206_fs3-00002.jpg,52.9201046412862,24.0137333737255
106,206_fs3-00002.jpg,53.3840849898326,23.8093056141747
107,206_fs3-00002.jpg,53.8469548482016,23.601925904287
108,206_fs3-00002.jpg,54.3086970026851,23.391639485463
109,206_fs3-00002.jpg,54.7692942395749,23.1784915991033
110,206_fs3-00002.jpg,55.228729345163,22.9625274866085
111,206_fs3-00002.jpg,55.6869851057412,22.7437923893792
112,206_fs3-00002.jpg,56.1440443076015,22.5223315488161
113,206_fs3-00002.jpg,56.5998897370357,22.2981902063198
114,206_fs3-00002.jpg,57.0545041803356,22.0714136032909
115,206_fs3-00002.jpg,57.5078704237933,21.84204698113
116,206_fs3-00002.jpg,57.9599712537006,21.6101355812378
117,206_fs3-00002.jpg,58.4107894563493,21.3757246450149
118,206_fs3-00002.jpg,58.8603078180315,21.1388594138619
119,206_fs3-00002.jpg,59.3085091250388,20.8995851291794
120,206_fs3-00002.jpg,59.7553761636633,20.6579470323681
121,206_fs3-00002.jpg,60.2008917201968,20.4139903648285
122,206_fs3-00002.jpg,60.6450396038518,20.1677603656697
123,206_fs3-00002.jpg,61.0879595949561,19.9192977190447
124,206_fs3-00002.jpg,61.5297408654895,19.6686290212983
125,206_fs3-00002.jpg,61.9703567331865,19.4157781535629
126,206_fs3-00002.jpg,62.4097805157816,19.1607689969703
127,206_fs3-00002.jpg,62.8479855310094,18.9036254326525
128,206_fs3-00002.jpg,63.2849450966047,18.6443713417418
129,206_fs3-00002.jpg,63.7206325303019,18.38303060537
130,206_fs3-00002.jpg,64.1550211498356,18.1196271046692
131,206_fs3-00002.jpg,64.5880842729405,17.8541847207715
132,206_fs3-00002.jpg,65.0197952173511,17.5867273348088
133,206_fs3-00002.jpg,65.4501273008021,17.3172788279133
134,206_fs3-00002.jpg,65.8790538410281,17.045863081217
135,206_fs3-00002.jpg,66.3065481557634,16.7725039758518
136,206_fs3-00002.jpg,66.7325835627429,16.4972253929499
137,206_fs3-00002.jpg,67.1571333797012,16.2200512136433
138,206_fs3-00002.jpg,67.5801709243727,15.941005319064
139,206_fs3-00002.jpg,68.0016695144921,15.660111590344
140,206_fs3-00002.jpg,68.4216331903746,15.3773923266261
141,206_fs3-00002.jpg,68.8401325718727,15.0928601552149
142,206_fs3-00002.jpg,69.2572209284655,14.8065240493987
143,206_fs3-00002.jpg,69.6729509764249,14.5183929756686
144,206_fs3-00002.jpg,70.0873754320223,14.228475900516
145,206_fs3-00002.jpg,70.5005470115296,13.936781790432
146,206_fs3-00002.jpg,70.9125184312184,13.6433196119077
147,206_fs3-00002.jpg,71.3233424073604,13.3480983314343
148,206_fs3-00002.jpg,71.7330716562274,13.0511269155031
149,206_fs3-00002.jpg,72.1417588940909,12.7524143306052
150,206_fs3-00002.jpg,72.5494568372226,12.4519695432319
151,206_fs3-00002.jpg,72.9562182018944,12.1498015198742
152,206_fs3-00002.jpg,73.3620957043777,11.8459192270234
153,206_fs3-00002.jpg,73.7671420609445,11.5403316311708
154,206_fs3-00002.jpg,74.1714099878662,11.2330476988073
155,206_fs3-00002.jpg,74.5749522014146,10.9240763964243
156,206_fs3-00002.jpg,74.9778214178615,10.6134266905129
157,206_fs3-00002.jpg,75.3800703534784,10.3011075475643
158,206_fs3-00002.jpg,75.7817517245371,9.98712793406975
159,206_fs3-00002.jpg,76.1829182473093,9.67149681652035
160,206_fs3-00002.jpg,76.5836226380666,9.35422316140733
161,206_fs3-00002.jpg,76.9839176130807,9.03531593522183
162,206_fs3-00002.jpg,77.3838030037817,8.71478431190837
163,206_fs3-00002.jpg,77.7809999022144,8.39270871270583
164,206_fs3-00002.jpg,78.1747044589714,8.06934462258965
165,206_fs3-00002.jpg,78.5655140567592,7.74497392871501
166,206_fs3-00002.jpg,78.9540260782841,7.41987851823706
167,206_fs3-00002.jpg,79.3408379062526,7.09434027831105
168,206_fs3-00002.jpg,79.726546923371,6.76864109609215
169,206_fs3-00002.jpg,80.1117505123457,6.44306285873552
170,206_fs3-00002.jpg,80.4970460558832,6.11788745339629
171,206_fs3-00002.jpg,80.8830309366899,5.79339676722975
172,206_fs3-00002.jpg,81.2703025374719,5.46987268739105
173,206_fs3-00002.jpg,81.6594582409359,5.14759710103527
174,206_fs3-00002.jpg,82.0510954297882,4.82685189531776
175,206_fs3-00002.jpg,82.4458114867352,4.50791895739354
176,206_fs3-00002.jpg,82.8442037944833,4.19108017441795
177,206_fs3-00002.jpg,83.2468697357388,3.87661743354602
178,206_fs3-00002.jpg,83.6544066932082,3.56481262193302
179,206_fs3-00002.jpg,84.0672150730534,3.25594762673416
180,206_fs3-00002.jpg,84.4831347435946,2.95030433510453
181,206_fs3-00002.jpg,84.9014175319384,2.64816463419936
182,206_fs3-00002.jpg,85.3220703944401,2.34981041117385
183,206_fs3-00002.jpg,85.7451002874549,2.05552355318321
184,206_fs3-00002.jpg,86.1705141673383,1.76558594738253
185,206_fs3-00002.jpg,86.5983189904454,1.48027948092704
186,206_fs3-00002.jpg,87.0285217131315,1.19988604097193
187,206_fs3-00002.jpg,87.461129291752,0.924687514672371
188,206_fs3-00002.jpg,87.896148682662,0.654965789183564
189,206_fs3-00002.jpg,88.333586842217,0.391002751660665
190,206_fs3-00002.jpg,88.7734507267722,0.133080289258885
191,206_fs3-00002.jpg,89.2157472926828,-0.118519710866622
192,206_fs3-00002.jpg,89.6604834963042,-0.363515361560644
193,206_fs3-00002.jpg,90.1076662939915,-0.601624775668029
194,206_fs3-00002.jpg,90.5573026421003,-0.832566066033621
195,206_fs3-00002.jpg,91.0093994969856,-1.05605734550215
196,206_fs3-00002.jpg,91.4639638150028,-1.27181672691847
197,206_fs3-00002.jpg,91.9210025525072,-1.47956232312742
198,206_fs3-00002.jpg,92.3805226658541,-1.6790122469738
199,206_fs3-00002.jpg,92.8425311113987,-1.8698846113025
200,206_fs3-00002.jpg,93.3070348454963,-2.05189752895819
1,206_fs3-00003.jpg,13.5249366018596,11.9213656750742
2,206_fs3-00003.jpg,13.6776800956195,12.3046918563657
3,206_fs3-00003.jpg,13.8349965794829,12.6891289225908
4,206_fs3-00003.jpg,13.99679863746,13.0745198393901
5,206_fs3-00003.jpg,14.1629988535612,13.460707572404
6,206_fs3-00003.jpg,14.3335098117967,13.8475350872728
7,206_fs3-00003.jpg,14.5082440961766,14.234845349637
8,206_fs3-00003.jpg,14.6871142907114,14.622481325137
9,206_fs3-00003.jpg,14.8700329794111,15.0102859794131
10,206_fs3-00003.jpg,15.0569127462861,15.3981022781057
11,206_fs3-00003.jpg,15.2476661753466,15.7857731868553
12,206_fs3-00003.jpg,15.4422058506029,16.1731416713022
13,206_fs3-00003.jpg,15.6404443560651,16.5600506970869
14,206_fs3-00003.jpg,15.8422942757437,16.9463432298497
15,206_fs3-00003.jpg,16.0476681936487,17.3318622352311
16,206_fs3-00003.jpg,16.2564786937904,17.7164506788714
17,206_fs3-00003.jpg,16.4686383601792,18.099951526411
18,206_fs3-00003.jpg,16.6840597768252,18.4822077434903
19,206_fs3-00003.jpg,16.9026555277387,18.8630622957497
20,206_fs3-00003.jpg,17.1243381969299,19.2423581488297
21,206_fs3-00003.jpg,17.3490203684091,19.6199382683706
22,206_fs3-00003.jpg,17.5766146261866,19.9956456200129
23,206_fs3-00003.jpg,17.8070335542725,20.3693231693968
24,206_fs3-00003.jpg,18.0401897366772,20.7408138821628
25,206_fs3-00003.jpg,18.2759957574108,21.1099607239514
26,206_fs3-00003.jpg,18.5143642004837,21.4766066604028
27,206_fs3-00003.jpg,18.7552076617523,21.8405946571576
28,206_fs3-00003.jpg,19.0001938023203,22.2017676798561
29,206_fs3-00003.jpg,19.2509369340623,22.5599686941386
30,206_fs3-00003.jpg,19.5072969200037,22.9150406656457
31,206_fs3-00003.jpg,19.7691336231703,23.2668265600176
32,206_fs3-00003.jpg,20.0363069065874,23.6151693428949
33,206_fs3-00003.jpg,20.3086766332807,23.9599119799178
34,206_fs3-00003.jpg,20.5861026662756,24.3008974367268
35,206_fs3-00003.jpg,20.8684448685976,24.6379686789623
36,206_fs3-00003.jpg,21.1555631032724,24.9709686722647
37,206_fs3-00003.jpg,21.4473172333254,25.2997403822744
38,206_fs3-00003.jpg,21.7435671217822,25.6241267746317
39,206_fs3-00003.jpg,22.0441726316682,25.9439708149771
40,206_fs3-00003.jpg,22.3489936260091,26.259115468951
41,206_fs3-00003.jpg,22.6578899678304,26.5694037021937
42,206_fs3-00003.jpg,22.9707215201574,26.8746784803457
43,206_fs3-00003.jpg,23.2873481460159,27.1747827690474
44,206_fs3-00003.jpg,23.6076297084314,27.4695595339392
45,206_fs3-00003.jpg,23.9314260704293,27.7588517406613
46,206_fs3-00003.jpg,24.2585970950352,28.0425023548544
47,206_fs3-00003.jpg,24.5890026452746,28.3203543421587
48,206_fs3-00003.jpg,24.9225025841731,28.5922506682146
49,206_fs3-00003.jpg,25.2589567747561,28.8580342986626
50,206_fs3-00003.jpg,25.5982250800493,29.1175481991431
51,206_fs3-00003.jpg,25.9401673630781,29.3706353352964
52,206_fs3-00003.jpg,26.2846434868681,29.6171386727628
53,206_fs3-00003.jpg,26.6315133144448,29.856901177183
54,206_fs3-00003.jpg,26.9806367088336,30.0897658141972
55,206_fs3-00003.jpg,27.3337264326041,30.3155882164208
56,206_fs3-00003.jpg,27.6943181032983,30.5343169111907
57,206_fs3-00003.jpg,28.0621737918032,30.7459417806269
58,206_fs3-00003.jpg,28.4369418437561,30.9504528959743
59,206_fs3-00003.jpg,28.8182706047938,31.1478403284776
60,206_fs3-00003.jpg,29.2058084205534,31.3380941493817
61,206_fs3-00003.jpg,29.5992036366716,31.5212044299313
62,206_fs3-00003.jpg,29.9981045987857,31.6971612413714
63,206_fs3-00003.jpg,30.4021596525325,31.8659546549467
64,206_fs3-00003.jpg,30.8110171435491,32.027574741902
65,206_fs3-00003.jpg,31.2243254174724,32.1820115734823
66,206_fs3-00003.jpg,31.6417328199393,32.3292552209322
67,206_fs3-00003.jpg,32.0628876965869,32.4692957554966
68,206_fs3-00003.jpg,32.4874383930521,32.6021232484204
69,206_fs3-00003.jpg,32.9150332549719,32.7277277709483
70,206_fs3-00003.jpg,33.3453206279834,32.8460993943252
71,206_fs3-00003.jpg,33.7779488577234,32.957228189796
72,206_fs3-00003.jpg,34.2125662898289,33.0611042286053
73,206_fs3-00003.jpg,34.6488212699371,33.157717581998
74,206_fs3-00003.jpg,35.0863621436847,33.2470583212191
75,206_fs3-00003.jpg,35.5248372567087,33.3291165175132
76,206_fs3-00003.jpg,35.9638949546463,33.4038822421253
77,206_fs3-00003.jpg,36.4031835831343,33.4713455663
78,206_fs3-00003.jpg,36.8423514878097,33.5314965612824
79,206_fs3-00003.jpg,37.2810470143095,33.584325298317
80,206_fs3-00003.jpg,37.7189185082706,33.6298218486489
81,206_fs3-00003.jpg,38.1556143153302,33.6679762835228
82,206_fs3-00003.jpg,38.5907827811251,33.6987786741835
83,206_fs3-00003.jpg,39.0240722512922,33.722219091876
84,206_fs3-00003.jpg,39.4551310714687,33.7382876078448
85,206_fs3-00003.jpg,39.8836075872915,33.746974293335
86,206_fs3-00003.jpg,40.3091501443974,33.7482692195912
87,206_fs3-00003.jpg,40.7314070884236,33.7421624578585
88,206_fs3-00003.jpg,41.1527905894173,33.728668386117
89,206_fs3-00003.jpg,41.5764245962065,33.7079165902363
90,206_fs3-00003.jpg,42.0020314211961,33.6800707548089
91,206_fs3-00003.jpg,42.4293235147926,33.6452945696355
92,206_fs3-00003.jpg,42.8580133274026,33.6037517245164
93,206_fs3-00003.jpg,43.2878133094326,33.5556059092521
94,206_fs3-00003.jpg,43.7184359112892,33.5010208136431
95,206_fs3-00003.jpg,44.1495935833789,33.4401601274897
96,206_fs3-00003.jpg,44.5809987761082,33.3731875405926
97,206_fs3-00003.jpg,45.0123639398837,33.3002667427521
98,206_fs3-00003.jpg,45.4434015251119,33.2215614237687
99,206_fs3-00003.jpg,45.8738239821994,33.1372352734428
100,206_fs3-00003.jpg,46.3033437615528,33.047451981575
101,206_fs3-00003.jpg,46.7316733135784,32.9523752379656
102,206_fs3-00003.jpg,47.1585250886829,32.8521687324152
103,206_fs3-00003.jpg,47.5836115372729,32.7469961547241
104,206_fs3-00003.jpg,48.0066451097549,32.6370211946929
105,206_fs3-00003.jpg,48.4273382565353,32.522407542122
106,206_fs3-00003.jpg,48.8454034280209,32.4033188868119
107,206_fs3-00003.jpg,49.260553074618,32.2799189185631
108,206_fs3-00003.jpg,49.6724996467332,32.1523713271758
109,206_fs3-00003.jpg,50.0809555947731,32.0208398024508
110,206_fs3-00003.jpg,50.4856333691443,31.8854880341884
111,206_fs3-00003.jpg,50.8862855487436,31.7464796548372
112,206_fs3-00003.jpg,51.2893418518003,31.603844430824
113,206_fs3-00003.jpg,51.6985935397063,31.4571921310632
114,206_fs3-00003.jpg,52.1125657413287,31.3060503724765
115,206_fs3-00003.jpg,52.5297835855344,31.1499467719863
116,206_fs3-00003.jpg,52.9487722011903,30.9884089465143
117,206_fs3-00003.jpg,53.3680567171635,30.8209645129825
118,206_fs3-00003.jpg,53.7861622623208,30.647141088313
119,206_fs3-00003.jpg,54.2016139655293,30.4664662894279
120,206_fs3-00003.jpg,54.6129369556559,30.278467733249
121,206_fs3-00003.jpg,55.0186563615674,30.0826730366984
122,206_fs3-00003.jpg,55.417297312131,29.878609816698
123,206_fs3-00003.jpg,55.8073849362135,29.6658056901699
124,206_fs3-00003.jpg,56.1874443626819,29.4437882740361
125,206_fs3-00003.jpg,56.5560007204032,29.2120851852185
126,206_fs3-00003.jpg,56.9115791382442,28.9702240406392
127,206_fs3-00003.jpg,57.252704745072,28.7177324572202
128,206_fs3-00003.jpg,57.5779026697536,28.4541380518833
129,206_fs3-00003.jpg,57.8856980411558,28.1789684415508
130,206_fs3-00003.jpg,58.1746159881457,27.8917512431444
131,206_fs3-00003.jpg,58.4431967669197,27.5920141182988
132,206_fs3-00003.jpg,58.6951465876602,27.2795336951409
133,206_fs3-00003.jpg,58.9348824211543,26.9549195233785
134,206_fs3-00003.jpg,59.1634503237031,26.6189551328955
135,206_fs3-00003.jpg,59.3818963516078,26.2724240535755
136,206_fs3-00003.jpg,59.5912665611696,25.9161098153023
137,206_fs3-00003.jpg,59.7926070086895,25.5507959479595
138,206_fs3-00003.jpg,59.9869637504687,25.177265981431
139,206_fs3-00003.jpg,60.1753828428084,24.7963034456004
140,206_fs3-00003.jpg,60.3589103420097,24.4086918703514
141,206_fs3-00003.jpg,60.5385923043738,24.0152147855679
142,206_fs3-00003.jpg,60.7154747862018,23.6166557211334
143,206_fs3-00003.jpg,60.8906038437948,23.2137982069318
144,206_fs3-00003.jpg,61.065025533454,22.8074257728467
145,206_fs3-00003.jpg,61.2397859114807,22.3983219487619
146,206_fs3-00003.jpg,61.4159310341757,21.987270264561
147,206_fs3-00003.jpg,61.5945069578405,21.5750542501279
148,206_fs3-00003.jpg,61.776559738776,21.1624574353462
149,206_fs3-00003.jpg,61.9631354332835,20.7502633500997
150,206_fs3-00003.jpg,62.155280097664,20.3392555242721
151,206_fs3-00003.jpg,62.3540397882189,19.930217487747
152,206_fs3-00003.jpg,62.560460561249,19.5239327704084
153,206_fs3-00003.jpg,62.7723184260308,19.1210664332268
154,206_fs3-00003.jpg,62.9857093885147,18.721697326615
155,206_fs3-00003.jpg,63.2005881635845,18.3257233093444
156,206_fs3-00003.jpg,63.4169275029556,17.9330421880021
157,206_fs3-00003.jpg,63.6347001583429,17.5435517691752
158,206_fs3-00003.jpg,63.8538788814618,17.1571498594506
159,206_fs3-00003.jpg,64.0744364240274,16.7737342654156
160,206_fs3-00003.jpg,64.2963455377548,16.3932027936571
161,206_fs3-00003.jpg,64.5195789743593,16.0154532507622
162,206_fs3-00003.jpg,64.744109485556,15.6403834433181
163,206_fs3-00003.jpg,64.96990982306,15.2678911779118
164,206_fs3-00003.jpg,65.1969527385867,14.8978742611304
165,206_fs3-00003.jpg,65.4252109838512,14.530230499561
166,206_fs3-00003.jpg,65.6546573105686,14.1648576997906
167,206_fs3-00003.jpg,65.885264470454,13.8016536684063
168,206_fs3-00003.jpg,66.1170052152228,13.4405162119952
169,206_fs3-00003.jpg,66.34985229659,13.0813431371444
170,206_fs3-00003.jpg,66.5837784662709,12.7240322504409
171,206_fs3-00003.jpg,66.8187564759806,12.3684813584719
172,206_fs3-00003.jpg,67.0547590774343,12.0145882678243
173,206_fs3-00003.jpg,67.2917590223472,11.6622507850853
174,206_fs3-00003.jpg,67.5297290624345,11.311366716842
175,206_fs3-00003.jpg,67.7686419494112,10.9618338696815
176,206_fs3-00003.jpg,68.0084704349927,10.6135500501907
177,206_fs3-00003.jpg,68.249187270894,10.2664130649569
178,206_fs3-00003.jpg,68.4907652088305,9.92032072056702
179,206_fs3-00003.jpg,68.7331770005171,9.57517082360818
180,206_fs3-00003.jpg,68.9763953976693,9.23086118066749
181,206_fs3-00003.jpg,69.2203931520019,8.88728959833202
182,206_fs3-00003.jpg,69.4651430152304,8.54435388318882
183,206_fs3-00003.jpg,69.7106177390698,8.20195184182495
184,206_fs3-00003.jpg,69.9567900752353,7.85998128082753
185,206_fs3-00003.jpg,70.203674176454,7.51834000678366
186,206_fs3-00003.jpg,70.4523728402696,7.17692582628035
187,206_fs3-00003.jpg,70.7033030413524,6.83563654590472
188,206_fs3-00003.jpg,70.9563509050463,6.49436997224387
189,206_fs3-00003.jpg,71.2114025566952,6.15302391188482
190,206_fs3-00003.jpg,71.4683441216428,5.81149617141466
191,206_fs3-00003.jpg,71.7270617252329,5.46968455742046
192,206_fs3-00003.jpg,71.9874414928095,5.1274868764894
193,206_fs3-00003.jpg,72.2493695497162,4.78480093520841
194,206_fs3-00003.jpg,72.512732021297,4.44152454016466
195,206_fs3-00003.jpg,72.7774150328956,4.09755549794522
196,206_fs3-00003.jpg,73.043304709856,3.75279161513714
197,206_fs3-00003.jpg,73.3102871775219,3.40713069832748
198,206_fs3-00003.jpg,73.5782485612372,3.0604705541034
199,206_fs3-00003.jpg,73.8470749863455,2.71270898905192
200,206_fs3-00003.jpg,74.116652578191,2.36374380976008
1,206_fs3-00004.jpg,27.8613693998309,-10.1994195226342
2,206_fs3-00004.jpg,27.7932577136288,-9.65429016119521
3,206_fs3-00004.jpg,27.7249085534877,-9.10892555495019
4,206_fs3-00004.jpg,27.6563214628739,-8.56334149685324
5,206_fs3-00004.jpg,27.5874959852538,-8.01755377985853
6,206_fs3-00004.jpg,27.5184316640934,-7.47157819692018
7,206_fs3-00004.jpg,27.4491280428593,-6.92543054099229
8,206_fs3-00004.jpg,27.3795846650176,-6.37912660502911
9,206_fs3-00004.jpg,27.3098010740347,-5.83268218198469
10,206_fs3-00004.jpg,27.2397768133768,-5.28611306481315
11,206_fs3-00004.jpg,27.1695114265102,-4.73943504646871
12,206_fs3-00004.jpg,27.0990044569012,-4.1926639199055
13,206_fs3-00004.jpg,27.0282554480161,-3.64581547807762
14,206_fs3-00004.jpg,26.9572639433212,-3.0989055139392
15,206_fs3-00004.jpg,26.8860294862827,-2.55194982044435
16,206_fs3-00004.jpg,26.814551620367,-2.0049641905473
17,206_fs3-00004.jpg,26.7428298890403,-1.45796441720216
18,206_fs3-00004.jpg,26.670863835769,-0.91096629336306
19,206_fs3-00004.jpg,26.5983735504591,-0.363985611984106
20,206_fs3-00004.jpg,26.5249253538958,0.182961833980585
21,206_fs3-00004.jpg,26.4506382757708,0.729860251576781
22,206_fs3-00004.jpg,26.3756424264391,1.27669384785037
23,206_fs3-00004.jpg,26.3000679162557,1.82344682984728
24,206_fs3-00004.jpg,26.2240448555754,2.3701034046133
25,206_fs3-00004.jpg,26.1477033547532,2.91664777919431
26,206_fs3-00004.jpg,26.0711735241439,3.46306416063618
27,206_fs3-00004.jpg,25.9945854741024,4.0093367559848
28,206_fs3-00004.jpg,25.9180693149837,4.55544977228601
29,206_fs3-00004.jpg,25.8417551571425,5.10138741658562
30,206_fs3-00004.jpg,25.7657731109339,5.64713389592953
31,206_fs3-00004.jpg,25.6902532867127,6.19267341736366
32,206_fs3-00004.jpg,25.6153257948339,6.73799018793375
33,206_fs3-00004.jpg,25.5411207456522,7.28306841468577
34,206_fs3-00004.jpg,25.4677682495227,7.82789230466557
35,206_fs3-00004.jpg,25.3953984168001,8.3724460649189
36,206_fs3-00004.jpg,25.3241413578395,8.91671390249178
37,206_fs3-00004.jpg,25.2541271829957,9.46068002442996
38,206_fs3-00004.jpg,25.1847636099104,10.0043306227326
39,206_fs3-00004.jpg,25.1112473690063,10.5477090576352
40,206_fs3-00004.jpg,25.0334798037351,11.0909230963689
41,206_fs3-00004.jpg,24.952446824924,11.6340839453238
42,206_fs3-00004.jpg,24.8691343433997,12.1773028108899
43,206_fs3-00004.jpg,24.7845282699892,12.7206908994575
44,206_fs3-00004.jpg,24.6996145155194,13.2643594174167
45,206_fs3-00004.jpg,24.6153789908172,13.8084195711577
46,206_fs3-00004.jpg,24.5328076067096,14.3529825670706
47,206_fs3-00004.jpg,24.4528862740234,14.8981596115455
48,206_fs3-00004.jpg,24.3766009035855,15.4440619109727
49,206_fs3-00004.jpg,24.304937406223,15.9908006717421
50,206_fs3-00004.jpg,24.2388816927626,16.5384871002441
51,206_fs3-00004.jpg,24.1794196740313,17.0872324028688
52,206_fs3-00004.jpg,24.1275372608561,17.6371477860062
53,206_fs3-00004.jpg,24.0842203640637,18.1883444560466
54,206_fs3-00004.jpg,24.0504548944813,18.74093361938
55,206_fs3-00004.jpg,24.0272267629356,19.2950264823968
56,206_fs3-00004.jpg,24.0155218802535,19.8507342514869
57,206_fs3-00004.jpg,24.0153059194136,20.408147111862
58,206_fs3-00004.jpg,24.0221354721133,20.9669830702371
59,206_fs3-00004.jpg,24.0350430173976,21.5266409540736
60,206_fs3-00004.jpg,24.0536527142584,22.0865092479815
61,206_fs3-00004.jpg,24.0775887216883,22.6459764365703
62,206_fs3-00004.jpg,24.1064751986796,23.2044310044497
63,206_fs3-00004.jpg,24.1399363042244,23.7612614362295
64,206_fs3-00004.jpg,24.1775961973152,24.3158562165194
65,206_fs3-00004.jpg,24.2190790369443,24.8676038299291
66,206_fs3-00004.jpg,24.2640089821039,25.4158927610683
67,206_fs3-00004.jpg,24.3120101917864,25.9601114945468
68,206_fs3-00004.jpg,24.362706824984,26.4996485149742
69,206_fs3-00004.jpg,24.4157230406892,27.0338923069603
70,206_fs3-00004.jpg,24.4706829978941,27.5622313551147
71,206_fs3-00004.jpg,24.532235155479,28.084072448567
72,206_fs3-00004.jpg,24.6231973688132,28.5991395929088
73,206_fs3-00004.jpg,24.7453046033698,29.1074252364995
74,206_fs3-00004.jpg,24.8972580884443,29.6089302921729
75,206_fs3-00004.jpg,25.0777590533319,30.1036556727627
76,206_fs3-00004.jpg,25.2855087273282,30.5916022911028
77,206_fs3-00004.jpg,25.5192083397284,31.0727710600269
78,206_fs3-00004.jpg,25.7775591198281,31.5471628923688
79,206_fs3-00004.jpg,26.0592622969226,32.0147787009623
80,206_fs3-00004.jpg,26.3630191003073,32.4756193986411
81,206_fs3-00004.jpg,26.6875307592776,32.929685898239
82,206_fs3-00004.jpg,27.0314985031288,33.3769791125899
83,206_fs3-00004.jpg,27.3936235611565,33.8174999545274
84,206_fs3-00004.jpg,27.772607162656,34.2512493368855
85,206_fs3-00004.jpg,28.1671505369226,34.6782281724977
86,206_fs3-00004.jpg,28.5759549132518,35.098437374198
87,206_fs3-00004.jpg,28.9977215209391,35.5118778548201
88,206_fs3-00004.jpg,29.4311515892796,35.9185505271977
89,206_fs3-00004.jpg,29.874946347569,36.3184563041648
90,206_fs3-00004.jpg,30.3278070251025,36.7115960985549
91,206_fs3-00004.jpg,30.7884348511756,37.097970823202
92,206_fs3-00004.jpg,31.2555310550836,37.4775813909399
93,206_fs3-00004.jpg,31.727796866122,37.8504287146021
94,206_fs3-00004.jpg,32.2039335135862,38.2165137070227
95,206_fs3-00004.jpg,32.6826422267715,38.5758372810352
96,206_fs3-00004.jpg,33.1626242349734,38.9284003494736
97,206_fs3-00004.jpg,33.6425807674872,39.2742038251716
98,206_fs3-00004.jpg,34.1212130536083,39.613248620963
99,206_fs3-00004.jpg,34.5972223226322,39.9455356496815
100,206_fs3-00004.jpg,35.0693098038542,40.2710658241609
101,206_fs3-00004.jpg,35.5361767265697,40.5898400572351
102,206_fs3-00004.jpg,35.9965243200742,40.9018592617377
103,206_fs3-00004.jpg,36.449053813663,41.2071243505026
104,206_fs3-00004.jpg,36.892483129865,41.5056362275844
105,206_fs3-00004.jpg,37.3416738529091,41.7971264969605
106,206_fs3-00004.jpg,37.8089560183872,42.0803509720341
107,206_fs3-00004.jpg,38.2921932853415,42.353844524814
108,206_fs3-00004.jpg,38.7892493128136,42.6161420273086
109,206_fs3-00004.jpg,39.2979877598459,42.8657783515266
110,206_fs3-00004.jpg,39.81627228548,43.1012883694765
111,206_fs3-00004.jpg,40.3419665487579,43.3212069531671
112,206_fs3-00004.jpg,40.8729342087217,43.5240689746068
113,206_fs3-00004.jpg,41.4070389244133,43.7084093058043
114,206_fs3-00004.jpg,41.9421443548746,43.8727628187681
115,206_fs3-00004.jpg,42.4761141591477,44.015664385507
116,206_fs3-00004.jpg,43.0068119962743,44.1356488780294
117,206_fs3-00004.jpg,43.5321015252966,44.231251168344
118,206_fs3-00004.jpg,44.0550983981294,44.3010847703277
119,206_fs3-00004.jpg,44.5936117533726,44.34485783892
120,206_fs3-00004.jpg,45.1469160006837,44.3630810878717
121,206_fs3-00004.jpg,45.7122727372382,44.3562836865563
122,206_fs3-00004.jpg,46.2869435602115,44.3249948043473
123,206_fs3-00004.jpg,46.868190066779,44.2697436106183
124,206_fs3-00004.jpg,47.453273854116,44.1910592747425
125,206_fs3-00004.jpg,48.0394565193981,44.0894709660937
126,206_fs3-00004.jpg,48.6239996598006,43.9655078540452
127,206_fs3-00004.jpg,49.2041648724989,43.8196991079706
128,206_fs3-00004.jpg,49.7772137546684,43.6525738972434
129,206_fs3-00004.jpg,50.3404079034846,43.464661391237
130,206_fs3-00004.jpg,50.8910089161228,43.2564907593249
131,206_fs3-00004.jpg,51.4262783897584,43.0285911708807
132,206_fs3-00004.jpg,51.9434779215668,42.7814917952779
133,206_fs3-00004.jpg,52.4398691087234,42.5157218018898
134,206_fs3-00004.jpg,52.9127135484038,42.2318103600901
135,206_fs3-00004.jpg,53.3592728377831,41.9302866392522
136,206_fs3-00004.jpg,53.776808574037,41.6116798087496
137,206_fs3-00004.jpg,54.1625823543406,41.2765190379558
138,206_fs3-00004.jpg,54.5207838109133,40.9253369185645
139,206_fs3-00004.jpg,54.8786047144736,40.5587188552691
140,206_fs3-00004.jpg,55.2380615726365,40.1772917451235
141,206_fs3-00004.jpg,55.5979289858325,39.7816836019853
142,206_fs3-00004.jpg,55.9569815544926,39.3725224397123
143,206_fs3-00004.jpg,56.3139938790476,38.9504362721621
144,206_fs3-00004.jpg,56.6677405599283,38.5160531131925
145,206_fs3-00004.jpg,57.0169961975654,38.0700009766613
146,206_fs3-00004.jpg,57.3605353923899,37.612907876426
147,206_fs3-00004.jpg,57.6971327448325,37.1454018263445
148,206_fs3-00004.jpg,58.025562855324,36.6681108402746
149,206_fs3-00004.jpg,58.3446003242953,36.1816629320737
150,206_fs3-00004.jpg,58.653019752177,35.6866861155998
151,206_fs3-00004.jpg,58.9495957394002,35.1838084047105
152,206_fs3-00004.jpg,59.2331028863955,34.6736578132636
153,206_fs3-00004.jpg,59.5023157935938,34.1568623551167
154,206_fs3-00004.jpg,59.7560090614259,33.6340500441276
155,206_fs3-00004.jpg,59.9929572903225,33.105848894154
156,206_fs3-00004.jpg,60.2119350807146,32.5728869190536
157,206_fs3-00004.jpg,60.4117170330329,32.0357921326842
158,206_fs3-00004.jpg,60.5910777477083,31.4951925489034
159,206_fs3-00004.jpg,60.7487918251714,30.9517161815689
160,206_fs3-00004.jpg,60.8836338658533,30.4059910445386
161,206_fs3-00004.jpg,60.9943784701845,29.8586451516701
162,206_fs3-00004.jpg,61.0798002385961,29.3103065168211
163,206_fs3-00004.jpg,61.1386737715187,28.7616031538494
164,206_fs3-00004.jpg,61.1709030038569,28.2131564420635
165,206_fs3-00004.jpg,61.191530325226,27.6651669595076
166,206_fs3-00004.jpg,61.2071588221146,27.117169626548
167,206_fs3-00004.jpg,61.2197969198398,26.5686405054634
168,206_fs3-00004.jpg,61.2314530437186,26.0190556585324
169,206_fs3-00004.jpg,61.2441356190682,25.4678911480338
170,206_fs3-00004.jpg,61.2598530712056,24.9146230362463
171,206_fs3-00004.jpg,61.2806138254479,24.3587273854485
172,206_fs3-00004.jpg,61.3075959298997,23.7998328780092
173,206_fs3-00004.jpg,61.3404229851832,23.2383881788508
174,206_fs3-00004.jpg,61.3791324548081,22.6751161478418
175,206_fs3-00004.jpg,61.4237684295612,22.1107398393038
176,206_fs3-00004.jpg,61.4743750002291,21.545982307558
177,206_fs3-00004.jpg,61.5309962575986,20.9815666069258
178,206_fs3-00004.jpg,61.5936762924565,20.4182157917284
179,206_fs3-00004.jpg,61.6624591955893,19.8566529162871
180,206_fs3-00004.jpg,61.737389057784,19.2976010349235
181,206_fs3-00004.jpg,61.8185099698271,18.7417832019587
182,206_fs3-00004.jpg,61.9058660225054,18.1899224717141
183,206_fs3-00004.jpg,61.9995013066056,17.642741898511
184,206_fs3-00004.jpg,62.0994599129144,17.1009645366707
185,206_fs3-00004.jpg,62.2057859322186,16.5653134405146
186,206_fs3-00004.jpg,62.318523455305,16.036511664364
187,206_fs3-00004.jpg,62.43771657296,15.5152822625402
188,206_fs3-00004.jpg,62.5634093759707,15.0023482893646
189,206_fs3-00004.jpg,62.6956459551235,14.4984327991584
190,206_fs3-00004.jpg,62.8344704012053,14.0042588462431
191,206_fs3-00004.jpg,63.0039365993297,13.5205494849399
192,206_fs3-00004.jpg,63.2322511938336,13.0480277695702
193,206_fs3-00004.jpg,63.5125050981619,12.5874167544553
194,206_fs3-00004.jpg,63.8375997060635,12.1394394939164
195,206_fs3-00004.jpg,64.2004364112874,11.7048190422751
196,206_fs3-00004.jpg,64.5939166075825,11.2842784538525
197,206_fs3-00004.jpg,65.0109416886978,10.87854078297
198,206_fs3-00004.jpg,65.4444130483822,10.4883290839489
199,206_fs3-00004.jpg,65.8872320803846,10.1143664111107
200,206_fs3-00004.jpg,66.332300178454,9.7573758187765
1,206_fs3-00005.jpg,28.8682257913026,-19.6593612902682
2,206_fs3-00005.jpg,28.8858810062871,-19.1224221992318
3,206_fs3-00005.jpg,28.9036153564097,-18.5855058199606
4,206_fs3-00005.jpg,28.9213165920765,-18.0486107632219
5,206_fs3-00005.jpg,28.9388724636939,-17.5117356397827
6,206_fs3-00005.jpg,28.9561707216682,-16.9748790604101
7,206_fs3-00005.jpg,28.9730991164055,-16.4380396358713
8,206_fs3-00005.jpg,28.9895453983122,-15.9012159769335
9,206_fs3-00005.jpg,29.0053973177944,-15.3644066943637
10,206_fs3-00005.jpg,29.0205426252584,-14.8276103989289
11,206_fs3-00005.jpg,29.0348690711105,-14.2908257013965
12,206_fs3-00005.jpg,29.0482644057569,-13.7540512125335
13,206_fs3-00005.jpg,29.0606163796039,-13.217285543107
14,206_fs3-00005.jpg,29.0718127430576,-12.6805273038842
15,206_fs3-00005.jpg,29.0817412465245,-12.1437751056321
16,206_fs3-00005.jpg,29.0902896404106,-11.6070275591179
17,206_fs3-00005.jpg,29.0973456751224,-11.0702832751087
18,206_fs3-00005.jpg,29.1027971010659,-10.5335408643717
19,206_fs3-00005.jpg,29.1065316686475,-9.99679893767387
20,206_fs3-00005.jpg,29.1084371282734,-9.46005610578248
21,206_fs3-00005.jpg,29.108669108669,-8.92331097946459
22,206_fs3-00005.jpg,29.108669108669,-8.38656216948738
23,206_fs3-00005.jpg,29.108669108669,-7.84980828661787
24,206_fs3-00005.jpg,29.108669108669,-7.31304794162327
25,206_fs3-00005.jpg,29.108669108669,-6.7762797452707
26,206_fs3-00005.jpg,29.108669108669,-6.23950230832719
27,206_fs3-00005.jpg,29.108669108669,-5.70271424155999
28,206_fs3-00005.jpg,29.108669108669,-5.16591415573617
29,206_fs3-00005.jpg,29.108669108669,-4.62910066162283
30,206_fs3-00005.jpg,29.108669108669,-4.09227236998714
31,206_fs3-00005.jpg,29.108669108669,-3.55542789159614
32,206_fs3-00005.jpg,29.108669108669,-3.01856583721707
33,206_fs3-00005.jpg,29.108669108669,-2.48168481761695
34,206_fs3-00005.jpg,29.108669108669,-1.94478344356298
35,206_fs3-00005.jpg,29.108669108669,-1.4078603258223
36,206_fs3-00005.jpg,29.108669108669,-0.87091407516192
37,206_fs3-00005.jpg,29.108669108669,-0.333943302349041
38,206_fs3-00005.jpg,29.108669108669,0.203053381849202
39,206_fs3-00005.jpg,29.108669108669,0.74007736666573
40,206_fs3-00005.jpg,29.108669108669,1.27713004133341
41,206_fs3-00005.jpg,29.108669108669,1.81421279508504
42,206_fs3-00005.jpg,29.108669108669,2.35132701715361
43,206_fs3-00005.jpg,29.108669108669,2.88847409677192
44,206_fs3-00005.jpg,29.108669108669,3.42565542317288
45,206_fs3-00005.jpg,29.108669108669,3.96287238558938
46,206_fs3-00005.jpg,29.108669108669,4.50012637325426
47,206_fs3-00005.jpg,29.1086505351864,5.03741877189691
48,206_fs3-00005.jpg,29.1062623003793,5.57474570035032
49,206_fs3-00005.jpg,29.0999909494552,6.1120874222587
50,206_fs3-00005.jpg,29.0900110006821,6.64942122983518
51,206_fs3-00005.jpg,29.0764969723279,7.18672441529299
52,206_fs3-00005.jpg,29.0596233826607,7.7239742708453
53,206_fs3-00005.jpg,29.0395647499484,8.2611480887054
54,206_fs3-00005.jpg,29.0164955924591,8.79822316108636
55,206_fs3-00005.jpg,28.9905904284607,9.33517678020144
56,206_fs3-00005.jpg,28.9620237762213,9.87198623826384
57,206_fs3-00005.jpg,28.9309701540088,10.4086288274867
58,206_fs3-00005.jpg,28.8976040800912,10.9450818400833
59,206_fs3-00005.jpg,28.8621000727365,11.4813225682668
60,206_fs3-00005.jpg,28.8246326502128,12.0173283042504
61,206_fs3-00005.jpg,28.7853763307879,12.5530763402473
62,206_fs3-00005.jpg,28.74450563273,13.0885439684707
63,206_fs3-00005.jpg,28.702195074307,13.6237084811337
64,206_fs3-00005.jpg,28.6586191737868,14.1585471704497
65,206_fs3-00005.jpg,28.6139524494376,14.6930373286317
66,206_fs3-00005.jpg,28.5683694195272,15.227156247893
67,206_fs3-00005.jpg,28.5220446023237,15.7608812204468
68,206_fs3-00005.jpg,28.4725108355782,16.2941871483413
69,206_fs3-00005.jpg,28.4123491321978,16.8270233758648
70,206_fs3-00005.jpg,28.3418801148821,17.3593237581593
71,206_fs3-00005.jpg,28.2619686563809,17.8910219336297
72,206_fs3-00005.jpg,28.1734796294437,18.4220515406803
73,206_fs3-00005.jpg,28.0772779068201,18.9523462177157
74,206_fs3-00005.jpg,27.9742283612597,19.4818396031406
75,206_fs3-00005.jpg,27.865195865512,20.0104653353594
76,206_fs3-00005.jpg,27.7510452923267,20.5381570527767
77,206_fs3-00005.jpg,27.6326415144534,21.0648483937971
78,206_fs3-00005.jpg,27.5108494046416,21.5904729968252
79,206_fs3-00005.jpg,27.386533835641,22.1149645002654
80,206_fs3-00005.jpg,27.260559680201,22.6382565425225
81,206_fs3-00005.jpg,27.1337918110714,23.1602827620009
82,206_fs3-00005.jpg,27.0070951010017,23.6809767971051
83,206_fs3-00005.jpg,26.8813344227414,24.2002722862398
84,206_fs3-00005.jpg,26.7573746490403,24.7181028678095
85,206_fs3-00005.jpg,26.6312258200687,25.2344169952285
86,206_fs3-00005.jpg,26.4831385944519,25.7494186860351
87,206_fs3-00005.jpg,26.3160061824615,26.2635276052919
88,206_fs3-00005.jpg,26.1357587937335,26.7771701775022
89,206_fs3-00005.jpg,25.9483266379034,27.2907728271699
90,206_fs3-00005.jpg,25.7596399246072,27.8047619787985
91,206_fs3-00005.jpg,25.5756288634806,28.3195640568918
92,206_fs3-00005.jpg,25.4022236641594,28.8356054859533
93,206_fs3-00005.jpg,25.2453545362793,29.3533126904867
94,206_fs3-00005.jpg,25.1109516894761,29.8731120949957
95,206_fs3-00005.jpg,25.0049453333858,30.3954301239839
96,206_fs3-00005.jpg,24.9332656776439,30.920693201955
97,206_fs3-00005.jpg,24.9018429318863,31.4493277534127
98,206_fs3-00005.jpg,24.9017011651142,31.9816716027195
99,206_fs3-00005.jpg,24.9048511199025,32.5174094687705
100,206_fs3-00005.jpg,24.910308048451,33.0559340124796
101,206_fs3-00005.jpg,24.9179695204206,33.5966365313379
102,206_fs3-00005.jpg,24.9277331054724,34.1389083228362
103,206_fs3-00005.jpg,24.9394963732672,34.6821406844657
104,206_fs3-00005.jpg,24.953156893466,35.225724913717
105,206_fs3-00005.jpg,24.9686122357297,35.7690523080814
106,206_fs3-00005.jpg,24.9857599697193,36.3115141650496
107,206_fs3-00005.jpg,25.0044976650956,36.8525017821127
108,206_fs3-00005.jpg,25.0247228915197,37.3914064567614
109,206_fs3-00005.jpg,25.0463332186524,37.927619486487
110,206_fs3-00005.jpg,25.0692262161548,38.4605321687802
111,206_fs3-00005.jpg,25.0932994536876,38.989535801132
112,206_fs3-00005.jpg,25.1184505009119,39.5140216810335
113,206_fs3-00005.jpg,25.1448706475008,40.0333812144738
114,206_fs3-00005.jpg,25.1962670477201,40.5470907326304
115,206_fs3-00005.jpg,25.286481550672,41.054863598276
116,206_fs3-00005.jpg,25.4137867014873,41.5564542060619
117,206_fs3-00005.jpg,25.576455045297,42.0516169506394
118,206_fs3-00005.jpg,25.772759127232,42.5401062266598
119,206_fs3-00005.jpg,26.0009714924233,43.0216764287744
120,206_fs3-00005.jpg,26.2593646860018,43.4960819516344
121,206_fs3-00005.jpg,26.5462112530984,43.9630771898912
122,206_fs3-00005.jpg,26.8597837388441,44.4224165381961
123,206_fs3-00005.jpg,27.1983546883698,44.8738543912004
124,206_fs3-00005.jpg,27.5601966468065,45.3171451435553
125,206_fs3-00005.jpg,27.943582159285,45.7520431899122
126,206_fs3-00005.jpg,28.3467837709364,46.1783029249224
127,206_fs3-00005.jpg,28.7680740268915,46.5956787432372
128,206_fs3-00005.jpg,29.2057254722813,47.0039250395078
129,206_fs3-00005.jpg,29.6580106522367,47.4027962083856
130,206_fs3-00005.jpg,30.1232021118887,47.7920466445219
131,206_fs3-00005.jpg,30.5995723963682,48.1714307425679
132,206_fs3-00005.jpg,31.0853940508061,48.540702897175
133,206_fs3-00005.jpg,31.5789396203334,48.8996175029944
134,206_fs3-00005.jpg,32.0784816500809,49.2479289546775
135,206_fs3-00005.jpg,32.5822926851798,49.5853916468756
136,206_fs3-00005.jpg,33.0886452707608,49.9117599742399
137,206_fs3-00005.jpg,33.5958119519549,50.2267883314218
138,206_fs3-00005.jpg,34.1020652738931,50.5302311130725
139,206_fs3-00005.jpg,34.6056777817062,50.8218427138434
140,206_fs3-00005.jpg,35.1049220205253,51.1013775283857
141,206_fs3-00005.jpg,35.5980705354812,51.3685899513508
142,206_fs3-00005.jpg,36.0833958717049,51.62323437739
143,206_fs3-00005.jpg,36.5591705743274,51.8650652011544
144,206_fs3-00005.jpg,37.0236671884795,52.0938368172955
145,206_fs3-00005.jpg,37.4751582592922,52.3093036204646
146,206_fs3-00005.jpg,37.9119163318965,52.5112200053129
147,206_fs3-00005.jpg,38.3322139514232,52.6993403664918
148,206_fs3-00005.jpg,38.7427328737118,52.8734190986524
149,206_fs3-00005.jpg,39.1542728292983,53.0332105964462
150,206_fs3-00005.jpg,39.5669028534427,53.1784692545245
151,206_fs3-00005.jpg,39.9806274935271,53.3089494675385
152,206_fs3-00005.jpg,40.3954512969331,53.4244056301395
153,206_fs3-00005.jpg,40.8113788110429,53.5245921369788
154,206_fs3-00005.jpg,41.2284145832381,53.6092633827078
155,206_fs3-00005.jpg,41.6465631609008,53.6781737619776
156,206_fs3-00005.jpg,42.0658290914128,53.7310776694397
157,206_fs3-00005.jpg,42.4862169221559,53.7677294997454
158,206_fs3-00005.jpg,42.9077312005122,53.7878836475459
159,206_fs3-00005.jpg,43.3303764738634,53.7912945074924
160,206_fs3-00005.jpg,43.7541572895915,53.7777164742364
161,206_fs3-00005.jpg,44.1790781950783,53.7469039424291
162,206_fs3-00005.jpg,44.6051437377058,53.6986113067218
163,206_fs3-00005.jpg,45.0323584648557,53.6325929617659
164,206_fs3-00005.jpg,45.4607269239102,53.5486033022125
165,206_fs3-00005.jpg,45.8902536622508,53.4463967227131
166,206_fs3-00005.jpg,46.3209432272597,53.3257276179189
167,206_fs3-00005.jpg,46.7528001663187,53.1863503824812
168,206_fs3-00005.jpg,47.1858290268096,53.0280194110512
169,206_fs3-00005.jpg,47.6200343561144,52.8504890982804
170,206_fs3-00005.jpg,48.0554207016149,52.65351383882
171,206_fs3-00005.jpg,48.491992610693,52.4368480273213
172,206_fs3-00005.jpg,48.9297546307307,52.2002460584356
173,206_fs3-00005.jpg,49.3687113091098,51.9434623268142
174,206_fs3-00005.jpg,49.8088671932121,51.6662512271084
175,206_fs3-00005.jpg,50.2502268304196,51.3683671539694
176,206_fs3-00005.jpg,50.6927947681143,51.0495645020487
177,206_fs3-00005.jpg,51.1365755536779,50.7095976659975
178,206_fs3-00005.jpg,51.5815737344923,50.348221040467
179,206_fs3-00005.jpg,52.0277938579394,49.9651890201087
180,206_fs3-00005.jpg,52.4752404714012,49.5602559995737
181,206_fs3-00005.jpg,52.9239181222595,49.1331763735134
182,206_fs3-00005.jpg,53.3738313578962,48.6837045365791
183,206_fs3-00005.jpg,53.8249847256931,48.2115948834221
184,206_fs3-00005.jpg,54.2773827730323,47.7166018086936
185,206_fs3-00005.jpg,54.7310300472955,47.1984797070451
186,206_fs3-00005.jpg,55.1859310958647,46.6569829731276
187,206_fs3-00005.jpg,55.6420904661217,46.0918660015927
188,206_fs3-00005.jpg,56.0995127054484,45.5028831870916
189,206_fs3-00005.jpg,56.5582023612268,44.8897889242755
190,206_fs3-00005.jpg,57.0181639808387,44.2523376077958
191,206_fs3-00005.jpg,57.4794021116659,43.5902836323038
192,206_fs3-00005.jpg,57.9419213010904,42.9033813924507
193,206_fs3-00005.jpg,58.4057260964942,42.1913852828879
194,206_fs3-00005.jpg,58.8708210452589,41.4540496982667
195,206_fs3-00005.jpg,59.3372106947666,40.6911290332384
196,206_fs3-00005.jpg,59.8048995923992,39.9023776824542
197,206_fs3-00005.jpg,60.2738922855385,39.0875500405654
198,206_fs3-00005.jpg,60.7441933215663,38.2464005022234
199,206_fs3-00005.jpg,61.2158072478647,37.3786834620795
200,206_fs3-00005.jpg,61.6887386118155,36.4841533147849
1,206_fs3-00006.jpg,28.9884474499859,-32.756008233069
2,206_fs3-00006.jpg,29.0077465618863,-32.3264398304041
3,206_fs3-00006.jpg,29.0275814558353,-31.8969866085596
4,206_fs3-00006.jpg,29.0479413633704,-31.4676449861793
5,206_fs3-00006.jpg,29.0688155160291,-31.0384113819065
6,206_fs3-00006.jpg,29.0901931453487,-30.6092822143846
7,206_fs3-00006.jpg,29.1120634828666,-30.1802539022571
8,206_fs3-00006.jpg,29.1344157601204,-29.7513228641675
9,206_fs3-00006.jpg,29.1572392086472,-29.3224855187593
10,206_fs3-00006.jpg,29.1805230599848,-28.8937382846758
11,206_fs3-00006.jpg,29.2042565456703,-28.4650775805606
12,206_fs3-00006.jpg,29.2284288972412,-28.0364998250571
13,206_fs3-00006.jpg,29.2530293462349,-27.6080014368088
14,206_fs3-00006.jpg,29.278047124189,-27.1795788344591
15,206_fs3-00006.jpg,29.3034714626406,-26.7512284366514
16,206_fs3-00006.jpg,29.3292915931274,-26.3229466620294
17,206_fs3-00006.jpg,29.3554967471867,-25.8947299292364
18,206_fs3-00006.jpg,29.3820761563558,-25.4665746569158
19,206_fs3-00006.jpg,29.4090190521723,-25.0384772637112
20,206_fs3-00006.jpg,29.4363146661735,-24.610434168266
21,206_fs3-00006.jpg,29.4639522298969,-24.1824417892236
22,206_fs3-00006.jpg,29.4919209748799,-23.7544965452275
23,206_fs3-00006.jpg,29.5202101326597,-23.3265948549212
24,206_fs3-00006.jpg,29.5488089347741,-22.8987331369482
25,206_fs3-00006.jpg,29.5777066127602,-22.4709078099518
26,206_fs3-00006.jpg,29.6075509681176,-22.0431152925755
27,206_fs3-00006.jpg,29.6409224151117,-21.6153520034629
28,206_fs3-00006.jpg,29.6776902571502,-21.1876143612574
29,206_fs3-00006.jpg,29.7174009224521,-20.7598987846023
30,206_fs3-00006.jpg,29.7596008392363,-20.3322016921413
31,206_fs3-00006.jpg,29.8038364357218,-19.9045195025178
32,206_fs3-00006.jpg,29.8496541401275,-19.4768486343751
33,206_fs3-00006.jpg,29.8966003806723,-19.0491855063568
34,206_fs3-00006.jpg,29.9442215855752,-18.6215265371063
35,206_fs3-00006.jpg,29.992064183055,-18.1938681452671
36,206_fs3-00006.jpg,30.0396746013307,-17.7662067494827
37,206_fs3-00006.jpg,30.0865992686212,-17.3385387683965
38,206_fs3-00006.jpg,30.1323846131455,-16.9108606206519
39,206_fs3-00006.jpg,30.1765770631225,-16.4831687248924
40,206_fs3-00006.jpg,30.2187230467711,-16.0554594997616
41,206_fs3-00006.jpg,30.2583689923102,-15.6277293639028
42,206_fs3-00006.jpg,30.2950613279588,-15.1999747359595
43,206_fs3-00006.jpg,30.3283464819357,-14.7721920345752
44,206_fs3-00006.jpg,30.35777088246,-14.3443776783933
45,206_fs3-00006.jpg,30.3828809577506,-13.9165280860573
46,206_fs3-00006.jpg,30.4032231360263,-13.4886396762106
47,206_fs3-00006.jpg,30.4183438455061,-13.0607088674967
48,206_fs3-00006.jpg,30.427789514409,-12.6327320785591
49,206_fs3-00006.jpg,30.4311065709538,-12.2047057280412
50,206_fs3-00006.jpg,30.4311073541843,-11.7766262457959
51,206_fs3-00006.jpg,30.4311073541843,-11.3484901086368
52,206_fs3-00006.jpg,30.4311073541843,-10.9202938056737
53,206_fs3-00006.jpg,30.4311073541843,-10.4920338260161
54,206_fs3-00006.jpg,30.4311073541843,-10.0637066587738
55,206_fs3-00006.jpg,30.4311073541843,-9.63530879305659
56,206_fs3-00006.jpg,30.4311073541843,-9.20683671797406
57,206_fs3-00006.jpg,30.4311073541843,-8.77828692263591
58,206_fs3-00006.jpg,30.4311073541843,-8.34965589615189
59,206_fs3-00006.jpg,30.4311073541843,-7.9209401276317
60,206_fs3-00006.jpg,30.4311073541843,-7.492136106185
61,206_fs3-00006.jpg,30.4311073541843,-7.06324032092152
62,206_fs3-00006.jpg,30.4311073541843,-6.63424926095098
63,206_fs3-00006.jpg,30.4311073541843,-6.20515941538304
64,206_fs3-00006.jpg,30.4311073541843,-5.77596727332747
65,206_fs3-00006.jpg,30.4311073541843,-5.34666932389382
66,206_fs3-00006.jpg,30.4311073541843,-4.91726205619199
67,206_fs3-00006.jpg,30.4311073541843,-4.48774195933152
68,206_fs3-00006.jpg,30.4311073541843,-4.05810552242218
69,206_fs3-00006.jpg,30.4311073541843,-3.6283492345737
70,206_fs3-00006.jpg,30.4311073541843,-3.19846958489575
71,206_fs3-00006.jpg,30.4311073541843,-2.76846306249797
72,206_fs3-00006.jpg,30.4311073541843,-2.33832615649015
73,206_fs3-00006.jpg,30.4311073541843,-1.90805535598201
74,206_fs3-00006.jpg,30.4311073541843,-1.47764715008316
75,206_fs3-00006.jpg,30.4311073541843,-1.0470980279033
76,206_fs3-00006.jpg,30.4311073541843,-0.616404478552226
77,206_fs3-00006.jpg,30.4311073541843,-0.185563034054553
78,206_fs3-00006.jpg,30.4311073541843,0.245424908406278
79,206_fs3-00006.jpg,30.4311073541843,0.676548674026094
80,206_fs3-00006.jpg,30.4311073541843,1.10779654557791
81,206_fs3-00006.jpg,30.4311073541843,1.53915680583458
82,206_fs3-00006.jpg,30.4311073541843,1.97061773756906
83,206_fs3-00006.jpg,30.4311073541843,2.40216762355419
84,206_fs3-00006.jpg,30.4311073541843,2.833794746563
85,206_fs3-00006.jpg,30.4311073541843,3.26548738936839
86,206_fs3-00006.jpg,30.4311073541843,3.6972338347432
87,206_fs3-00006.jpg,30.4311073541843,4.12902236546046
88,206_fs3-00006.jpg,30.4311073541843,4.560841264293
89,206_fs3-00006.jpg,30.4311073541843,4.99267881401374
90,206_fs3-00006.jpg,30.4311073541843,5.42452329739569
91,206_fs3-00006.jpg,30.4311073541843,5.8563629972117
92,206_fs3-00006.jpg,30.4311073541843,6.28818619623468
93,206_fs3-00006.jpg,30.4311073541843,6.71998117723757
94,206_fs3-00006.jpg,30.4311073541843,7.15173622299329
95,206_fs3-00006.jpg,30.4311073541843,7.58343961627475
96,206_fs3-00006.jpg,30.4311073541843,8.01507963985489
97,206_fs3-00006.jpg,30.4311073541843,8.44664457650657
98,206_fs3-00006.jpg,30.4311073541843,8.87812270900281
99,206_fs3-00006.jpg,30.4311073541843,9.30950232011645
100,206_fs3-00006.jpg,30.4311073541843,9.74077169262046
101,206_fs3-00006.jpg,30.4311073541843,10.1719191092877
102,206_fs3-00006.jpg,30.4311073541843,10.6029328528911
103,206_fs3-00006.jpg,30.4311073541843,11.0338012062037
104,206_fs3-00006.jpg,30.4311073541843,11.4645124519982
105,206_fs3-00006.jpg,30.4311073541843,11.8950548730477
106,206_fs3-00006.jpg,30.4311073541843,12.3254167521251
107,206_fs3-00006.jpg,30.4311073541843,12.7555863720032
108,206_fs3-00006.jpg,30.4311073541843,13.1855520154551
109,206_fs3-00006.jpg,30.4311073541843,13.6153019652535
110,206_fs3-00006.jpg,30.4311073541843,14.0448245041716
111,206_fs3-00006.jpg,30.4311073541843,14.474107914982
112,206_fs3-00006.jpg,30.4311073541843,14.9031404804578
113,206_fs3-00006.jpg,30.4311073541843,15.331910483372
114,206_fs3-00006.jpg,30.4311073541843,15.7604062064973
115,206_fs3-00006.jpg,30.4311073541843,16.1886159326068
116,206_fs3-00006.jpg,30.4311073541843,16.6165279444733
117,206_fs3-00006.jpg,30.4311073541843,17.0441305248698
118,206_fs3-00006.jpg,30.4311073541843,17.4714119565692
119,206_fs3-00006.jpg,30.4311073541843,17.8983605223445
120,206_fs3-00006.jpg,30.4311073541843,18.3249645049684
121,206_fs3-00006.jpg,30.4311073541843,18.751212187214
122,206_fs3-00006.jpg,30.4311073541843,19.1770918518542
123,206_fs3-00006.jpg,30.4311073541843,19.6025917816618
124,206_fs3-00006.jpg,30.4311073541843,20.0277002594099
125,206_fs3-00006.jpg,30.4311073541843,20.4524055678713
126,206_fs3-00006.jpg,30.4311073541843,20.876695989819
127,206_fs3-00006.jpg,30.4311073541843,21.3005598080258
128,206_fs3-00006.jpg,30.4311073541843,21.7239853052647
129,206_fs3-00006.jpg,30.4311073541843,22.1469607643086
130,206_fs3-00006.jpg,30.4311073541843,22.5694744679305
131,206_fs3-00006.jpg,30.4307647614687,22.9915147991203
132,206_fs3-00006.jpg,30.4192179081677,23.4130910537638
133,206_fs3-00006.jpg,30.3922478248919,23.8342590246331
134,206_fs3-00006.jpg,30.3511727335996,24.2550807707186
135,206_fs3-00006.jpg,30.2973108562491,24.6756183510109
136,206_fs3-00006.jpg,30.2319804147987,25.0959338245005
137,206_fs3-00006.jpg,30.1564996312067,25.516089250178
138,206_fs3-00006.jpg,30.0721867274314,25.936146687034
139,206_fs3-00006.jpg,29.9803599254311,26.3561681940588
140,206_fs3-00006.jpg,29.8823374471642,26.7762158302431
141,206_fs3-00006.jpg,29.7794375145889,27.1963516545775
142,206_fs3-00006.jpg,29.6729783496636,27.6166377260524
143,206_fs3-00006.jpg,29.5642781743466,28.0371361036584
144,206_fs3-00006.jpg,29.4546552105961,28.4579088463861
145,206_fs3-00006.jpg,29.3454276803704,28.8790180132259
146,206_fs3-00006.jpg,29.237913805628,29.3005256631685
147,206_fs3-00006.jpg,29.133431808327,29.7224938552043
148,206_fs3-00006.jpg,29.0332999104258,30.1449846483239
149,206_fs3-00006.jpg,28.9388363338827,30.5680601015178
150,206_fs3-00006.jpg,28.8513593006561,30.9917822737766
151,206_fs3-00006.jpg,28.7721870327042,31.4162132240908
152,206_fs3-00006.jpg,28.7026377519852,31.841415011451
153,206_fs3-00006.jpg,28.6440296804576,32.2674496948477
154,206_fs3-00006.jpg,28.5946506213889,32.6943723788319
155,206_fs3-00006.jpg,28.545820332389,33.1221610069339
156,206_fs3-00006.jpg,28.4969707292796,33.550745436779
157,206_fs3-00006.jpg,28.4481860869786,33.9800547974004
158,206_fs3-00006.jpg,28.399550680404,34.410018217831
159,206_fs3-00006.jpg,28.3511487844738,34.8405648271039
160,206_fs3-00006.jpg,28.3030646741062,35.2716237542523
161,206_fs3-00006.jpg,28.2553826242191,35.703124128309
162,206_fs3-00006.jpg,28.2081869097306,36.134995078307
163,206_fs3-00006.jpg,28.1615618055585,36.5671657332796
164,206_fs3-00006.jpg,28.115591586621,36.9995652222597
165,206_fs3-00006.jpg,28.0703605278361,37.4321226742804
166,206_fs3-00006.jpg,28.0259529041218,37.8647672183746
167,206_fs3-00006.jpg,27.9824529903962,38.2974279835755
168,206_fs3-00006.jpg,27.9399450615771,38.730034098916
169,206_fs3-00006.jpg,27.8985133925827,39.1625146934292
170,206_fs3-00006.jpg,27.858242258331,39.5947988961482
171,206_fs3-00006.jpg,27.81921593374,40.0268158361059
172,206_fs3-00006.jpg,27.7815186937277,40.4584946423355
173,206_fs3-00006.jpg,27.7452348132121,40.88976444387
174,206_fs3-00006.jpg,27.7104485671112,41.3205543697424
175,206_fs3-00006.jpg,27.6772442303431,41.7507935489857
176,206_fs3-00006.jpg,27.6457060778258,42.180411110633
177,206_fs3-00006.jpg,27.6159183844773,42.6093361837173
178,206_fs3-00006.jpg,27.5879654252156,43.0374978972717
179,206_fs3-00006.jpg,27.5619314749588,43.4648253803292
180,206_fs3-00006.jpg,27.5379008086248,43.8912477619228
181,206_fs3-00006.jpg,27.5159577011316,44.3166941710857
182,206_fs3-00006.jpg,27.4961864273974,44.7410937368507
183,206_fs3-00006.jpg,27.4786712623401,45.1643755882511
184,206_fs3-00006.jpg,27.4634964808777,45.5864688543197
185,206_fs3-00006.jpg,27.4507463579282,46.0073026640897
186,206_fs3-00006.jpg,27.4405051684097,46.4268061465941
187,206_fs3-00006.jpg,27.4328571872402,46.8449084308658
188,206_fs3-00006.jpg,27.4278866893377,47.2615386459381
189,206_fs3-00006.jpg,27.4256779496202,47.6766259208438
190,206_fs3-00006.jpg,27.4373404916974,48.0900993846162
191,206_fs3-00006.jpg,27.4900511241836,48.5018881662881
192,206_fs3-00006.jpg,27.5800845128864,48.9119213948926
193,206_fs3-00006.jpg,27.7019779628363,49.3201281994628
194,206_fs3-00006.jpg,27.8502687790643,49.7264377090317
195,206_fs3-00006.jpg,28.0194942666008,50.1307790526323
196,206_fs3-00006.jpg,28.2041917304765,50.5330813592978
197,206_fs3-00006.jpg,28.3988984757223,50.933273758061
198,206_fs3-00006.jpg,28.5981518073686,51.3312853779552
199,206_fs3-00006.jpg,28.7964890304463,51.7270453480132
200,206_fs3-00006.jpg,28.9884474499859,52.1204827972682
1,206_fs3-00007.jpg,31.6934347703578,-42.4413656107338
2,206_fs3-00007.jpg,31.6518680174113,-41.957637827548
3,206_fs3-00007.jpg,31.6107917166624,-41.4738592032641
4,206_fs3-00007.jpg,31.5702293513829,-40.9900304227077
5,206_fs3-00007.jpg,31.5302044048441,-40.5061521707044
6,206_fs3-00007.jpg,31.4907403603177,-40.0222251320798
7,206_fs3-00007.jpg,31.4518607010753,-39.5382499916593
8,206_fs3-00007.jpg,31.4135889103885,-39.0542274342686
9,206_fs3-00007.jpg,31.3759484715288,-38.5701581447333
10,206_fs3-00007.jpg,31.3389628677679,-38.0860428078788
11,206_fs3-00007.jpg,31.3026555823772,-37.6018821085308
12,206_fs3-00007.jpg,31.2670500986285,-37.1176767315148
13,206_fs3-00007.jpg,31.2321698997932,-36.6334273616564
14,206_fs3-00007.jpg,31.1980384691429,-36.1491346837811
15,206_fs3-00007.jpg,31.1646792899494,-35.6647993827145
16,206_fs3-00007.jpg,31.132115845484,-35.1804221432822
17,206_fs3-00007.jpg,31.1003716190184,-34.6960036503096
18,206_fs3-00007.jpg,31.0694700938241,-34.2115445886225
19,206_fs3-00007.jpg,31.0394347531729,-33.7270456430463
20,206_fs3-00007.jpg,31.0102890803361,-33.2425074984067
21,206_fs3-00007.jpg,30.9820565585855,-32.757930839529
22,206_fs3-00007.jpg,30.9543479741249,-32.2733163512391
23,206_fs3-00007.jpg,30.9258005954812,-31.7886647183623
24,206_fs3-00007.jpg,30.8965003050159,-31.3039766257243
25,206_fs3-00007.jpg,30.8666685209142,-30.8192527581505
26,206_fs3-00007.jpg,30.8365266613611,-30.3344938004667
27,206_fs3-00007.jpg,30.8062961445418,-29.8497004374983
28,206_fs3-00007.jpg,30.7761983886414,-29.3648733540709
29,206_fs3-00007.jpg,30.7464548118452,-28.8800132350101
30,206_fs3-00007.jpg,30.7172868323382,-28.3951207651414
31,206_fs3-00007.jpg,30.6889158683057,-27.9101966292904
32,206_fs3-00007.jpg,30.6615633379327,-27.4252415122826
33,206_fs3-00007.jpg,30.6354506594045,-26.9402560989437
34,206_fs3-00007.jpg,30.6107992509061,-26.4552410740991
35,206_fs3-00007.jpg,30.5878305306227,-25.9701971225745
36,206_fs3-00007.jpg,30.5667659167396,-25.4851249291953
37,206_fs3-00007.jpg,30.5478268274418,-25.0000251787872
38,206_fs3-00007.jpg,30.5312346809145,-24.5148985561758
39,206_fs3-00007.jpg,30.5172108953427,-24.0297457461865
40,206_fs3-00007.jpg,30.5059768889118,-23.5445674336449
41,206_fs3-00007.jpg,30.4977540798068,-23.0593643033767
42,206_fs3-00007.jpg,30.492763886213,-22.5741370402073
43,206_fs3-00007.jpg,30.4912228398819,-22.0888863289687
44,206_fs3-00007.jpg,30.492211757507,-21.6036128748769
45,206_fs3-00007.jpg,30.4948015834783,-21.1183174488876
46,206_fs3-00007.jpg,30.4988136037041,-20.6330008351829
47,206_fs3-00007.jpg,30.5040691040928,-20.1476638179451
48,206_fs3-00007.jpg,30.5103893705527,-19.6623071813566
49,206_fs3-00007.jpg,30.5175956889919,-19.1769317095996
50,206_fs3-00007.jpg,30.525509345319,-18.6915381868563
51,206_fs3-00007.jpg,30.5339516254422,-18.2061273973092
52,206_fs3-00007.jpg,30.5427438152697,-17.7207001251405
53,206_fs3-00007.jpg,30.55170720071,-17.2352571545323
54,206_fs3-00007.jpg,30.5606630676714,-16.7497992696672
55,206_fs3-00007.jpg,30.5694327020621,-16.2643272547272
56,206_fs3-00007.jpg,30.5778373897904,-15.7788418938948
57,206_fs3-00007.jpg,30.5856984167648,-15.2933439713521
58,206_fs3-00007.jpg,30.5928370688935,-14.8078342712815
59,206_fs3-00007.jpg,30.5990746320848,-14.3223135778653
60,206_fs3-00007.jpg,30.6042323922471,-13.8367826752857
61,206_fs3-00007.jpg,30.6081316352885,-13.3512423477251
62,206_fs3-00007.jpg,30.6105936471176,-12.8656933793657
63,206_fs3-00007.jpg,30.6114393817986,-12.380136554392
64,206_fs3-00007.jpg,30.6082298142209,-11.8945739912018
65,206_fs3-00007.jpg,30.5990603702016,-11.4090129567606
66,206_fs3-00007.jpg,30.5843892768474,-10.9234619597541
67,206_fs3-00007.jpg,30.5646747612647,-10.4379295088678
68,206_fs3-00007.jpg,30.5403750505599,-9.95242411278718
69,206_fs3-00007.jpg,30.5119483718396,-9.46695428019785
70,206_fs3-00007.jpg,30.4798529522103,-8.98152851978534
71,206_fs3-00007.jpg,30.4445470187785,-8.49615534023525
72,206_fs3-00007.jpg,30.4064887986508,-8.01084325023305
73,206_fs3-00007.jpg,30.3661365189336,-7.52560075846441
74,206_fs3-00007.jpg,30.3239484067333,-7.04043637361474
75,206_fs3-00007.jpg,30.2803826891566,-6.5553586043697
76,206_fs3-00007.jpg,30.23589759331,-6.07037595941483
77,206_fs3-00007.jpg,30.1909513462999,-5.58549694743562
78,206_fs3-00007.jpg,30.1460021752329,-5.1007300771177
79,206_fs3-00007.jpg,30.1015083072155,-4.61608385714658
80,206_fs3-00007.jpg,30.057927969354,-4.13156679620778
81,206_fs3-00007.jpg,30.0157193887552,-3.64718740298696
82,206_fs3-00007.jpg,29.9753407925255,-3.16295418616954
83,206_fs3-00007.jpg,29.9372504077713,-2.67887565444113
84,206_fs3-00007.jpg,29.9019064615993,-2.19496031648731
85,206_fs3-00007.jpg,29.8697671811158,-1.71121668099363
86,206_fs3-00007.jpg,29.8412907934275,-1.22765325664562
87,206_fs3-00007.jpg,29.8169355256408,-0.744278552128833
88,206_fs3-00007.jpg,29.7971596048621,-0.261101076128796
89,206_fs3-00007.jpg,29.7824212581982,0.221870662668948
90,206_fs3-00007.jpg,29.7731787127554,0.704628155578746
91,206_fs3-00007.jpg,29.7698901956402,1.18716289391512
92,206_fs3-00007.jpg,29.775418867756,1.66947230812502
93,206_fs3-00007.jpg,29.7919654837193,2.15157941592639
94,206_fs3-00007.jpg,29.8185937045296,2.63351412426834
95,206_fs3-00007.jpg,29.8543655015521,3.11530634019681
96,206_fs3-00007.jpg,29.898342846152,3.59698597075788
97,206_fs3-00007.jpg,29.9495877096946,4.0785829229975
98,206_fs3-00007.jpg,30.007162063545,4.56012710396163
99,206_fs3-00007.jpg,30.0701278790686,5.04164842069639
100,206_fs3-00007.jpg,30.1375471276304,5.52317678024775
101,206_fs3-00007.jpg,30.2084817805958,6.00474208966165
102,206_fs3-00007.jpg,30.28199380933,6.48637425598417
103,206_fs3-00007.jpg,30.3571451851981,6.96810318626126
104,206_fs3-00007.jpg,30.4329978795656,7.44995878753895
105,206_fs3-00007.jpg,30.5086138637974,7.93197096686322
106,206_fs3-00007.jpg,30.5830551092589,8.41416963128006
107,206_fs3-00007.jpg,30.6553835873153,8.89658468783557
108,206_fs3-00007.jpg,30.7246612693319,9.37924604357568
109,206_fs3-00007.jpg,30.7899501266737,9.86218360554636
110,206_fs3-00007.jpg,30.8503121307062,10.3454272807937
111,206_fs3-00007.jpg,30.9048092527945,10.8290069763636
112,206_fs3-00007.jpg,30.9525034643037,11.3129525993022
113,206_fs3-00007.jpg,30.9938079812664,11.7972919753768
114,206_fs3-00007.jpg,31.0351267365447,12.282012083096
115,206_fs3-00007.jpg,31.0772059139401,12.7670626114473
116,206_fs3-00007.jpg,31.1197950454525,13.2523918815398
117,206_fs3-00007.jpg,31.1626436630814,13.7379482144829
118,206_fs3-00007.jpg,31.2055012988271,14.2236799313856
119,206_fs3-00007.jpg,31.248117484689,14.7095353533571
120,206_fs3-00007.jpg,31.2902417526673,15.1954628015068
121,206_fs3-00007.jpg,31.3316236347616,15.6814105969438
122,206_fs3-00007.jpg,31.3720126629718,16.1673270607773
123,206_fs3-00007.jpg,31.4111583692978,16.6531605141166
124,206_fs3-00007.jpg,31.4488102857393,17.1388592780708
125,206_fs3-00007.jpg,31.4847179442962,17.6243716737491
126,206_fs3-00007.jpg,31.5186308769684,18.1096460222607
127,206_fs3-00007.jpg,31.5502986157557,18.5946306447149
128,206_fs3-00007.jpg,31.5794706926579,19.0792738622208
129,206_fs3-00007.jpg,31.6058966396748,19.5635239958877
130,206_fs3-00007.jpg,31.6293259888064,20.0473293668248
131,206_fs3-00007.jpg,31.6495082720523,20.5306382961413
132,206_fs3-00007.jpg,31.6661930214125,21.0133991049464
133,206_fs3-00007.jpg,31.6791297688869,21.4955601143492
134,206_fs3-00007.jpg,31.6880680464751,21.9770696454592
135,206_fs3-00007.jpg,31.6927573861771,22.4578760193853
136,206_fs3-00007.jpg,31.6911658468109,22.9379279404939
137,206_fs3-00007.jpg,31.6708764421356,23.4171850155402
138,206_fs3-00007.jpg,31.6307630533419,23.895619057389
139,206_fs3-00007.jpg,31.5723053165432,24.3732025239497
140,206_fs3-00007.jpg,31.4969828678523,24.8499078731318
141,206_fs3-00007.jpg,31.4062753433826,25.3257075628447
142,206_fs3-00007.jpg,31.301662379247,25.800574050998
143,206_fs3-00007.jpg,31.1846236115588,26.2744797955009
144,206_fs3-00007.jpg,31.056638676431,26.747397254263
145,206_fs3-00007.jpg,30.9191872099768,27.2192988851938
146,206_fs3-00007.jpg,30.7737488483093,27.6901571462026
147,206_fs3-00007.jpg,30.6218032275415,28.1599444951989
148,206_fs3-00007.jpg,30.4648299837867,28.6286333900921
149,206_fs3-00007.jpg,30.3043087531579,29.0961962887918
150,206_fs3-00007.jpg,30.1417191717683,29.5626056492074
151,206_fs3-00007.jpg,29.978540875731,30.0278339292482
152,206_fs3-00007.jpg,29.8162535011591,30.4918535868238
153,206_fs3-00007.jpg,29.6563366841656,30.9546370798436
154,206_fs3-00007.jpg,29.5002700608639,31.416156866217
155,206_fs3-00007.jpg,29.349533267367,31.8763854038535
156,206_fs3-00007.jpg,29.2056059397879,32.3352951506626
157,206_fs3-00007.jpg,29.061307685502,32.792882154321
158,206_fs3-00007.jpg,28.8973155803783,33.2493584613568
159,206_fs3-00007.jpg,28.7168983081971,33.7050520304324
160,206_fs3-00007.jpg,28.5244860106817,34.1602919275267
161,206_fs3-00007.jpg,28.3245088295554,34.6154072186187
162,206_fs3-00007.jpg,28.1213969065412,35.0707269696875
163,206_fs3-00007.jpg,27.9195803833625,35.5265802467122
164,206_fs3-00007.jpg,27.7234894017425,35.9832961156717
165,206_fs3-00007.jpg,27.5375541034044,36.4412036425451
166,206_fs3-00007.jpg,27.3662046300714,36.9006318933114
167,206_fs3-00007.jpg,27.2138711234667,37.3619099339496
168,206_fs3-00007.jpg,27.0849837253136,37.8253668304388
169,206_fs3-00007.jpg,26.9839725773353,38.2913316487581
170,206_fs3-00007.jpg,26.915267821255,38.7601334548863
171,206_fs3-00007.jpg,26.8831350325643,39.2321012273953
172,206_fs3-00007.jpg,26.8678412377856,39.7074124313122
173,206_fs3-00007.jpg,26.8534910677105,40.1857819254332
174,206_fs3-00007.jpg,26.8401106308361,40.6668365892771
175,206_fs3-00007.jpg,26.8277260356593,41.1502033023625
176,206_fs3-00007.jpg,26.8163633906772,41.635508944208
177,206_fs3-00007.jpg,26.8060488043868,42.1223803943324
178,206_fs3-00007.jpg,26.7968083852852,42.6104445322541
179,206_fs3-00007.jpg,26.7886682418693,43.099328237492
180,206_fs3-00007.jpg,26.7816544826363,43.5886583895647
181,206_fs3-00007.jpg,26.7757932160831,44.0780618679908
182,206_fs3-00007.jpg,26.7711105507068,44.5671655522889
183,206_fs3-00007.jpg,26.7676325950044,45.0555963219778
184,206_fs3-00007.jpg,26.765385457473,45.542981056576
185,206_fs3-00007.jpg,26.7643952466096,46.0289466356022
186,206_fs3-00007.jpg,26.7727815376089,46.5131199385751
187,206_fs3-00007.jpg,26.8110020227143,46.9951278450133
188,206_fs3-00007.jpg,26.8781272121642,47.4745972344355
189,206_fs3-00007.jpg,26.9720433244023,47.9511549863604
190,206_fs3-00007.jpg,27.0906365778727,48.4244279803065
191,206_fs3-00007.jpg,27.2317931910192,48.8940430957925
192,206_fs3-00007.jpg,27.3933993822858,49.3596272123372
193,206_fs3-00007.jpg,27.5733413701164,49.820807209459
194,206_fs3-00007.jpg,27.7695053729548,50.2772099666768
195,206_fs3-00007.jpg,27.9797776092451,50.7284623635091
196,206_fs3-00007.jpg,28.2020442974311,51.1741912794746
197,206_fs3-00007.jpg,28.4341916559567,51.6140235940919
198,206_fs3-00007.jpg,28.6741059032659,52.0475861868798
199,206_fs3-00007.jpg,28.9196732578026,52.4745059373567
200,206_fs3-00007.jpg,29.1687799380107,52.8944097250415
1,206_fs3-00008.jpg,46.3905325443787,-53.156120940874
2,206_fs3-00008.jpg,46.0281392155939,-52.7893547425472
3,206_fs3-00008.jpg,45.6696370975349,-52.4179719047732
4,206_fs3-00008.jpg,45.3150788518248,-52.0420641492966
5,206_fs3-00008.jpg,44.9645171400866,-51.6617231978619
6,206_fs3-00008.jpg,44.6180046239433,-51.277040772214
7,206_fs3-00008.jpg,44.2755939650181,-50.8881085940975
8,206_fs3-00008.jpg,43.9373378249339,-50.495018385257
9,206_fs3-00008.jpg,43.603288865314,-50.0978618674371
10,206_fs3-00008.jpg,43.2734997477813,-49.6967307623826
11,206_fs3-00008.jpg,42.9480231339588,-49.291716791838
12,206_fs3-00008.jpg,42.6269116854697,-48.8829116775481
13,206_fs3-00008.jpg,42.3102180639369,-48.4704071412575
14,206_fs3-00008.jpg,41.9979949309837,-48.0542949047107
15,206_fs3-00008.jpg,41.6902949482329,-47.6346666896526
16,206_fs3-00008.jpg,41.3871707773077,-47.2116142178278
17,206_fs3-00008.jpg,41.0886750798313,-46.7852292109808
18,206_fs3-00008.jpg,40.7948605174265,-46.3556033908563
19,206_fs3-00008.jpg,40.5057797517164,-45.9228284791992
20,206_fs3-00008.jpg,40.2214854443242,-45.4869961977538
21,206_fs3-00008.jpg,39.9420302568729,-45.048198268265
22,206_fs3-00008.jpg,39.6674668509855,-44.6065264124773
23,206_fs3-00008.jpg,39.3978478882852,-44.1620723521355
24,206_fs3-00008.jpg,39.1332260303949,-43.7149278089841
25,206_fs3-00008.jpg,38.8736539389378,-43.2651845047678
26,206_fs3-00008.jpg,38.6191842755368,-42.8129341612314
27,206_fs3-00008.jpg,38.3698079655205,-42.3582685001194
28,206_fs3-00008.jpg,38.1247984569858,-41.9012792431765
29,206_fs3-00008.jpg,37.8838804922034,-41.4420581121473
30,206_fs3-00008.jpg,37.6469881880798,-40.9806968287765
31,206_fs3-00008.jpg,37.4140556615214,-40.5172871148088
32,206_fs3-00008.jpg,37.1850170294347,-40.0519206919888
33,206_fs3-00008.jpg,36.9598064087261,-39.5846892820612
34,206_fs3-00008.jpg,36.7383579163022,-39.1156846067705
35,206_fs3-00008.jpg,36.5206056690692,-38.6449983878616
36,206_fs3-00008.jpg,36.3064837839338,-38.1727223470789
37,206_fs3-00008.jpg,36.0959263778023,-37.6989482061673
38,206_fs3-00008.jpg,35.8888675675813,-37.2237676868713
39,206_fs3-00008.jpg,35.6852414701771,-36.7472725109355
40,206_fs3-00008.jpg,35.4849822024962,-36.2695544001047
41,206_fs3-00008.jpg,35.2880238814451,-35.7907050761235
42,206_fs3-00008.jpg,35.0943006239302,-35.3108162607366
43,206_fs3-00008.jpg,34.903746546858,-34.8299796756885
44,206_fs3-00008.jpg,34.716295767135,-34.3482870427241
45,206_fs3-00008.jpg,34.5318824016675,-33.8658300835878
46,206_fs3-00008.jpg,34.3504405673621,-33.3827005200243
47,206_fs3-00008.jpg,34.1719043811252,-32.8989900737785
48,206_fs3-00008.jpg,33.9950258146254,-32.4147820012998
49,206_fs3-00008.jpg,33.8170600724281,-31.9300861669967
50,206_fs3-00008.jpg,33.6381974847278,-31.4448747676517
51,206_fs3-00008.jpg,33.458762120852,-30.9591196923519
52,206_fs3-00008.jpg,33.2790780501284,-30.4727928301843
53,206_fs3-00008.jpg,33.0994693418845,-29.9858660702357
54,206_fs3-00008.jpg,32.9202600654481,-29.4983113015931
55,206_fs3-00008.jpg,32.7417742901467,-29.0101004133435
56,206_fs3-00008.jpg,32.564336085308,-28.5212052945737
57,206_fs3-00008.jpg,32.3882695202596,-28.0315978343706
58,206_fs3-00008.jpg,32.2138986643291,-27.5412499218214
59,206_fs3-00008.jpg,32.0415475868443,-27.0501334460128
60,206_fs3-00008.jpg,31.8715403571326,-26.5582202960317
61,206_fs3-00008.jpg,31.7042010445218,-26.0654823609652
62,206_fs3-00008.jpg,31.5398537183394,-25.5718915299002
63,206_fs3-00008.jpg,31.3788224479132,-25.0774196919235
64,206_fs3-00008.jpg,31.2214313025707,-24.5820387361222
65,206_fs3-00008.jpg,31.0680043516396,-24.0857205515832
66,206_fs3-00008.jpg,30.9188656644474,-23.5884370273933
67,206_fs3-00008.jpg,30.7743393103219,-23.0901600526396
68,206_fs3-00008.jpg,30.6347493585907,-22.5908615164089
69,206_fs3-00008.jpg,30.5004198785813,-22.0905133077882
70,206_fs3-00008.jpg,30.3716749396215,-21.5890873158644
71,206_fs3-00008.jpg,30.2488386110388,-21.0865554297246
72,206_fs3-00008.jpg,30.132234962161,-20.5828895384555
73,206_fs3-00008.jpg,30.0221880623155,-20.0780615311441
74,206_fs3-00008.jpg,29.9190219808301,-19.5720432968774
75,206_fs3-00008.jpg,29.8230607870324,-19.0648067247423
76,206_fs3-00008.jpg,29.73462855025,-18.5563237038257
77,206_fs3-00008.jpg,29.6540493398105,-18.0465661232146
78,206_fs3-00008.jpg,29.5803857868635,-17.5355100195692
79,206_fs3-00008.jpg,29.5074609978495,-17.0232115088205
80,206_fs3-00008.jpg,29.4346918641818,-16.5097991021761
81,206_fs3-00008.jpg,29.3624212936614,-15.9954039167143
82,206_fs3-00008.jpg,29.2909921940895,-15.4801570695133
83,206_fs3-00008.jpg,29.2207474732672,-14.9641896776512
84,206_fs3-00008.jpg,29.1520300389955,-14.4476328582064
85,206_fs3-00008.jpg,29.0851827990754,-13.9306177282568
86,206_fs3-00008.jpg,29.0205486613081,-13.4132754048809
87,206_fs3-00008.jpg,28.9584705334947,-12.8957370051568
88,206_fs3-00008.jpg,28.8992913234361,-12.3781336461627
89,206_fs3-00008.jpg,28.8433539389336,-11.8605964449767
90,206_fs3-00008.jpg,28.7910012877881,-11.3432565186773
91,206_fs3-00008.jpg,28.7425762778007,-10.8262449843424
92,206_fs3-00008.jpg,28.6984218167726,-10.3096929590503
93,206_fs3-00008.jpg,28.6588808125048,-9.79373155987935
94,206_fs3-00008.jpg,28.6242961727983,-9.27849190390759
95,206_fs3-00008.jpg,28.5950108054543,-8.7641051082133
96,206_fs3-00008.jpg,28.5713676182738,-8.2507022898746
97,206_fs3-00008.jpg,28.5537095190579,-7.73841456596983
98,206_fs3-00008.jpg,28.5423794156076,-7.22737305357714
99,206_fs3-00008.jpg,28.5377202157241,-6.7177088697747
100,206_fs3-00008.jpg,28.5467195064361,-6.20952861766438
101,206_fs3-00008.jpg,28.580785981889,-5.70277331844682
102,206_fs3-00008.jpg,28.6380926920042,-5.19731546929557
103,206_fs3-00008.jpg,28.716514970294,-4.69302734895223
104,206_fs3-00008.jpg,28.8139281502709,-4.18978123615824
105,206_fs3-00008.jpg,28.9282075654473,-3.68744940965524
106,206_fs3-00008.jpg,29.0572285493356,-3.18590414818465
107,206_fs3-00008.jpg,29.1988664354483,-2.68501773048808
108,206_fs3-00008.jpg,29.3509965572977,-2.18466243530702
109,206_fs3-00008.jpg,29.5114942483963,-1.68471054138303
110,206_fs3-00008.jpg,29.6782348422565,-1.18503432745757
111,206_fs3-00008.jpg,29.8490936723907,-0.68550607227229
112,206_fs3-00008.jpg,30.0219460723114,-0.185998054568586
113,206_fs3-00008.jpg,30.1946673755309,0.313617446911906
114,206_fs3-00008.jpg,30.3651329155617,0.813468153427664
115,206_fs3-00008.jpg,30.5312180259162,1.31368178623723
116,206_fs3-00008.jpg,30.6907980401069,1.81438606659901
117,206_fs3-00008.jpg,30.841748291646,2.31570871577151
118,206_fs3-00008.jpg,30.9819441140461,2.81777745501319
119,206_fs3-00008.jpg,31.1092608408197,3.32072000558253
120,206_fs3-00008.jpg,31.221573805479,3.82466408873796
121,206_fs3-00008.jpg,31.3167583415366,4.32973742573796
122,206_fs3-00008.jpg,31.3926897825048,4.83606773784101
123,206_fs3-00008.jpg,31.44975684968,5.34377827222261
124,206_fs3-00008.jpg,31.5019243692925,5.85288790269288
125,206_fs3-00008.jpg,31.5517608474128,6.36331030674512
126,206_fs3-00008.jpg,31.5993534030872,6.87495452319627
127,206_fs3-00008.jpg,31.6447891553618,7.3877295908631
128,206_fs3-00008.jpg,31.6881552232826,7.90154454856253
129,206_fs3-00008.jpg,31.729538725896,8.41630843511143
130,206_fs3-00008.jpg,31.7690267822479,8.93193028932666
131,206_fs3-00008.jpg,31.8067065113844,9.44831915002504
132,206_fs3-00008.jpg,31.8426650323519,9.96538405602354
133,206_fs3-00008.jpg,31.8769894641963,10.4830340461389
134,206_fs3-00008.jpg,31.9097669259638,11.0011781591882
135,206_fs3-00008.jpg,31.9410845367005,11.519725433988
136,206_fs3-00008.jpg,31.9710294154526,12.0385849093554
137,206_fs3-00008.jpg,31.9996886812661,12.5576656241072
138,206_fs3-00008.jpg,32.0271494531872,13.0768766170602
139,206_fs3-00008.jpg,32.0534988502621,13.5961269270314
140,206_fs3-00008.jpg,32.0788239915369,14.1153255928376
141,206_fs3-00008.jpg,32.1032119960577,14.6343816532956
142,206_fs3-00008.jpg,32.1267499828706,15.1532041472224
143,206_fs3-00008.jpg,32.1495537828498,15.6717023880415
144,206_fs3-00008.jpg,32.172370021776,16.1898249842514
145,206_fs3-00008.jpg,32.1954009238974,16.7076003642621
146,206_fs3-00008.jpg,32.2185190523869,17.2250666358607
147,206_fs3-00008.jpg,32.2415969704176,17.7422619068343
148,206_fs3-00008.jpg,32.2645072411627,18.2592242849698
149,206_fs3-00008.jpg,32.2871224277951,18.7759918780544
150,206_fs3-00008.jpg,32.3093150934879,19.2926027938752
151,206_fs3-00008.jpg,32.3309578014142,19.809095140219
152,206_fs3-00008.jpg,32.351923114747,20.3255070248732
153,206_fs3-00008.jpg,32.3720835966595,20.8418765556245
154,206_fs3-00008.jpg,32.3913118103246,21.3582418402603
155,206_fs3-00008.jpg,32.4094803189155,21.8746409865674
156,206_fs3-00008.jpg,32.4264616856051,22.391112102333
157,206_fs3-00008.jpg,32.4421284735666,22.9076932953441
158,206_fs3-00008.jpg,32.456353245973,23.4244226733877
159,206_fs3-00008.jpg,32.4690085659974,23.9413383442509
160,206_fs3-00008.jpg,32.4799669968128,24.4584784157208
161,206_fs3-00008.jpg,32.4891011015923,24.9758809955845
162,206_fs3-00008.jpg,32.496283443509,25.4935841916289
163,206_fs3-00008.jpg,32.5013865857359,26.0116261116412
164,206_fs3-00008.jpg,32.5042830914461,26.5300448634083
165,206_fs3-00008.jpg,32.5045702243,27.0488778263231
166,206_fs3-00008.jpg,32.4968532026996,27.5680858441248
167,206_fs3-00008.jpg,32.4795337484763,28.087486980258
168,206_fs3-00008.jpg,32.4532027965556,28.6068836833475
169,206_fs3-00008.jpg,32.4184512818626,29.1260784020178
170,206_fs3-00008.jpg,32.3758701393228,29.6448735848934
171,206_fs3-00008.jpg,32.3260503038617,30.163071680599
172,206_fs3-00008.jpg,32.2695827104044,30.6804751377591
173,206_fs3-00008.jpg,32.2070582938764,31.1968864049982
174,206_fs3-00008.jpg,32.139067989203,31.7121079309409
175,206_fs3-00008.jpg,32.0662027313095,32.2259421642118
176,206_fs3-00008.jpg,31.9890534551215,32.7381915534354
177,206_fs3-00008.jpg,31.908211095564,33.2486585472363
178,206_fs3-00008.jpg,31.8242665875626,33.7571455942391
179,206_fs3-00008.jpg,31.7378108660426,34.2634551430684
180,206_fs3-00008.jpg,31.6494348659293,34.7673896423486
181,206_fs3-00008.jpg,31.5576042024822,35.2687515407044
182,206_fs3-00008.jpg,31.449347376089,35.7673432867604
183,206_fs3-00008.jpg,31.3229586339783,36.262967329141
184,206_fs3-00008.jpg,31.1791549930875,36.7554261164709
185,206_fs3-00008.jpg,31.0186534703542,37.2445220973745
186,206_fs3-00008.jpg,30.8421710827158,37.7300577204766
187,206_fs3-00008.jpg,30.6504248471099,38.2118354344016
188,206_fs3-00008.jpg,30.4441317804738,38.6896576877741
189,206_fs3-00008.jpg,30.2240088997449,39.1633269292187
190,206_fs3-00008.jpg,29.9907732218609,39.6326456073598
191,206_fs3-00008.jpg,29.7451417637591,40.0974161708223
192,206_fs3-00008.jpg,29.487831542377,40.5574410682304
193,206_fs3-00008.jpg,29.2195595746521,41.0125227482089
194,206_fs3-00008.jpg,28.9410428775218,41.4624636593823
195,206_fs3-00008.jpg,28.6529984679236,41.9070662503752
196,206_fs3-00008.jpg,28.356143362795,42.346132969812
197,206_fs3-00008.jpg,28.0511945790734,42.7794662663175
198,206_fs3-00008.jpg,27.7388691336963,43.206868588516
199,206_fs3-00008.jpg,27.4198840436012,43.6281423850323
200,206_fs3-00008.jpg,27.0949563257255,44.0430901044909
1,206_fs3-00009.jpg,59.697567389875,-52.4272771351071
2,206_fs3-00009.jpg,59.2580252341569,-52.1562141050114
3,206_fs3-00009.jpg,58.8188550363703,-51.888237422042
4,206_fs3-00009.jpg,58.3800680801833,-51.6231654908364
5,206_fs3-00009.jpg,57.9416756492642,-51.3608167160316
6,206_fs3-00009.jpg,57.5036890272814,-51.1010095022652
7,206_fs3-00009.jpg,57.0661194979031,-50.8435622541742
8,206_fs3-00009.jpg,56.6289783447977,-50.5882933763961
9,206_fs3-00009.jpg,56.1922768516334,-50.3350212735679
10,206_fs3-00009.jpg,55.7560263020787,-50.083564350327
11,206_fs3-00009.jpg,55.3202379798017,-49.8337410113108
12,206_fs3-00009.jpg,54.8849231684707,-49.5853696611564
13,206_fs3-00009.jpg,54.4500931517541,-49.3382687045012
14,206_fs3-00009.jpg,54.0157592133202,-49.0922565459823
15,206_fs3-00009.jpg,53.5819326368372,-48.8471515902372
16,206_fs3-00009.jpg,53.1486247059735,-48.6027722419029
17,206_fs3-00009.jpg,52.7158467043974,-48.3589369056169
18,206_fs3-00009.jpg,52.2836099157772,-48.1154639860164
19,206_fs3-00009.jpg,51.8519256237811,-47.8721718877387
20,206_fs3-00009.jpg,51.4208051120775,-47.6288790154211
21,206_fs3-00009.jpg,50.9890362267973,-47.3854037737007
22,206_fs3-00009.jpg,50.5553545116392,-47.1415645672149
23,206_fs3-00009.jpg,50.1200352491929,-46.897179800601
24,206_fs3-00009.jpg,49.6833562761356,-46.6520678784962
25,206_fs3-00009.jpg,49.2455954291448,-46.4060472055378
26,206_fs3-00009.jpg,48.8070305448977,-46.1589361863632
27,206_fs3-00009.jpg,48.3679394600715,-45.9105532256094
28,206_fs3-00009.jpg,47.9286000113436,-45.6607167279139
29,206_fs3-00009.jpg,47.4892900353913,-45.4092450979139
30,206_fs3-00009.jpg,47.0502873688919,-45.1559567402466
31,206_fs3-00009.jpg,46.6118698485225,-44.9006700595494
32,206_fs3-00009.jpg,46.1743153109607,-44.6432034604595
33,206_fs3-00009.jpg,45.7379015928836,-44.3833753476142
34,206_fs3-00009.jpg,45.3029065309685,-44.1210041256507
35,206_fs3-00009.jpg,44.8696079618928,-43.8559081992063
36,206_fs3-00009.jpg,44.4382837223336,-43.5879059729184
37,206_fs3-00009.jpg,44.0092116489684,-43.3168158514242
38,206_fs3-00009.jpg,43.5826695784744,-43.0424562393609
39,206_fs3-00009.jpg,43.1589353475289,-42.7646455413658
40,206_fs3-00009.jpg,42.7382867928092,-42.4832021620762
41,206_fs3-00009.jpg,42.3210017509925,-42.1979445061294
42,206_fs3-00009.jpg,41.9073580587563,-41.9086909781626
43,206_fs3-00009.jpg,41.4976335527777,-41.6152599828131
44,206_fs3-00009.jpg,41.0921060697341,-41.3174699247182
45,206_fs3-00009.jpg,40.6910534463028,-41.0151392085152
46,206_fs3-00009.jpg,40.294753519161,-40.7080862388413
47,206_fs3-00009.jpg,39.903484124986,-40.3961294203338
48,206_fs3-00009.jpg,39.5173615383014,-40.0790880726572
49,206_fs3-00009.jpg,39.133589672989,-39.7568744896126
50,206_fs3-00009.jpg,38.7514186485441,-39.4295727002066
51,206_fs3-00009.jpg,38.3713168571124,-39.0972852852361
52,206_fs3-00009.jpg,37.9937526908398,-38.7601148254977
53,206_fs3-00009.jpg,37.6191945418718,-38.4181639017883
54,206_fs3-00009.jpg,37.2481108023541,-38.0715350949047
55,206_fs3-00009.jpg,36.8809698644326,-37.7203309856435
56,206_fs3-00009.jpg,36.518240120253,-37.3646541548016
57,206_fs3-00009.jpg,36.160389961961,-37.0046071831757
58,206_fs3-00009.jpg,35.8078877817022,-36.6402926515626
59,206_fs3-00009.jpg,35.4612019716225,-36.2718131407591
60,206_fs3-00009.jpg,35.1208009238675,-35.8992712315619
61,206_fs3-00009.jpg,34.787153030583,-35.5227695047677
62,206_fs3-00009.jpg,34.4607266839147,-35.1424105411734
63,206_fs3-00009.jpg,34.1419902760083,-34.7582969215757
64,206_fs3-00009.jpg,33.8313901685912,-34.3705312232836
65,206_fs3-00009.jpg,33.5227570287809,-33.9791971058095
66,206_fs3-00009.jpg,33.2116728539038,-33.5843150432758
67,206_fs3-00009.jpg,32.8991422987417,-33.1858923338181
68,206_fs3-00009.jpg,32.5861700180763,-32.783936275572
69,206_fs3-00009.jpg,32.2737606666894,-32.3784541666731
70,206_fs3-00009.jpg,31.9629188993628,-31.9694533052571
71,206_fs3-00009.jpg,31.6546493708782,-31.5569409894596
72,206_fs3-00009.jpg,31.3499567360174,-31.1409245174162
73,206_fs3-00009.jpg,31.0498456495622,-30.7214111872626
74,206_fs3-00009.jpg,30.7553207662942,-30.2984082971344
75,206_fs3-00009.jpg,30.4673867409953,-29.8719231451673
76,206_fs3-00009.jpg,30.1870482284472,-29.4419630294968
77,206_fs3-00009.jpg,29.9153098834316,-29.0085352482586
78,206_fs3-00009.jpg,29.6531763607304,-28.5716470995883
79,206_fs3-00009.jpg,29.4016523151253,-28.1313058816216
80,206_fs3-00009.jpg,29.161742401398,-27.6875188924942
81,206_fs3-00009.jpg,28.9344512743303,-27.2402934303415
82,206_fs3-00009.jpg,28.720783588704,-26.7896367932992
83,206_fs3-00009.jpg,28.5217439993008,-26.3355562795031
84,206_fs3-00009.jpg,28.3383371609025,-25.8780591870886
85,206_fs3-00009.jpg,28.1715677282908,-25.4171528141916
86,206_fs3-00009.jpg,28.0209806780994,-24.9528458077476
87,206_fs3-00009.jpg,27.8736150145912,-24.4852006181248
88,206_fs3-00009.jpg,27.7265419103454,-24.0143503906157
89,206_fs3-00009.jpg,27.5802036637458,-23.5404330767574
90,206_fs3-00009.jpg,27.4350425731759,-23.0635866280866
91,206_fs3-00009.jpg,27.2915009370193,-22.5839489961402
92,206_fs3-00009.jpg,27.1500210536597,-22.1016581324552
93,206_fs3-00009.jpg,27.0110452214807,-21.6168519885684
94,206_fs3-00009.jpg,26.8750157388658,-21.1296685160167
95,206_fs3-00009.jpg,26.7423749041987,-20.6402456663371
96,206_fs3-00009.jpg,26.6135650158631,-20.1487213910664
97,206_fs3-00009.jpg,26.4890283722424,-19.6552336417416
98,206_fs3-00009.jpg,26.3692072717204,-19.1599203698994
99,206_fs3-00009.jpg,26.2545440126807,-18.6629195270768
100,206_fs3-00009.jpg,26.1454808935068,-18.1643690648108
101,206_fs3-00009.jpg,26.0424602125824,-17.6644069346382
102,206_fs3-00009.jpg,25.9459242682911,-17.1631710880958
103,206_fs3-00009.jpg,25.8563153590164,-16.6607994767207
104,206_fs3-00009.jpg,25.7740757831421,-16.1574300520496
105,206_fs3-00009.jpg,25.6996478390517,-15.6532007656195
106,206_fs3-00009.jpg,25.6334738251289,-15.1482495689673
107,206_fs3-00009.jpg,25.5759960397573,-14.6427144136298
108,206_fs3-00009.jpg,25.5276567813203,-14.136733251144
109,206_fs3-00009.jpg,25.4888983482018,-13.6304440330468
110,206_fs3-00009.jpg,25.4601630387853,-13.123984710875
111,206_fs3-00009.jpg,25.4418931514544,-12.6174932361656
112,206_fs3-00009.jpg,25.4345309845927,-12.1111075604554
113,206_fs3-00009.jpg,25.4382366090189,-11.6049573206499
114,206_fs3-00009.jpg,25.4524985473114,-11.0991189170147
115,206_fs3-00009.jpg,25.4769502014544,-10.5936477623707
116,206_fs3-00009.jpg,25.5112312222706,-10.0885992185998
117,206_fs3-00009.jpg,25.5549812605825,-9.58402864758403
118,206_fs3-00009.jpg,25.6078399672126,-9.07999141120536
119,206_fs3-00009.jpg,25.6694469929837,-8.57654287134591
120,206_fs3-00009.jpg,25.7394419887183,-8.07373838988764
121,206_fs3-00009.jpg,25.817464605239,-7.57163332871249
122,206_fs3-00009.jpg,25.9031544933683,-7.0702830497026
123,206_fs3-00009.jpg,25.9961513039289,-6.56974291473989
124,206_fs3-00009.jpg,26.0960946877434,-6.07006828570638
125,206_fs3-00009.jpg,26.2026242956343,-5.57131452448414
126,206_fs3-00009.jpg,26.3153797784242,-5.0735369929551
127,206_fs3-00009.jpg,26.4340007869357,-4.57679105300133
128,206_fs3-00009.jpg,26.5581269719915,-4.08113206650484
129,206_fs3-00009.jpg,26.687397984414,-3.58661539534756
130,206_fs3-00009.jpg,26.8214534750259,-3.09329640141164
131,206_fs3-00009.jpg,26.9599330946498,-2.601230446579
132,206_fs3-00009.jpg,27.1024764941083,-2.11047289273165
133,206_fs3-00009.jpg,27.2487233242239,-1.62107910175166
134,206_fs3-00009.jpg,27.3983132358192,-1.13310443552098
135,206_fs3-00009.jpg,27.550885879717,-0.646604255921602
136,206_fs3-00009.jpg,27.7060809067395,-0.161633924835655
137,206_fs3-00009.jpg,27.8635379677097,0.321751195854972
138,206_fs3-00009.jpg,28.0228967134499,0.803495744268218
139,206_fs3-00009.jpg,28.1837967947828,1.28354435852202
140,206_fs3-00009.jpg,28.345877862531,1.76184167673449
141,206_fs3-00009.jpg,28.508779567517,2.23833233702351
142,206_fs3-00009.jpg,28.6721415605635,2.71296097750707
143,206_fs3-00009.jpg,28.8356034924931,3.18567223630328
144,206_fs3-00009.jpg,28.9988050141283,3.65641075152996
145,206_fs3-00009.jpg,29.1613857762917,4.12512116130523
146,206_fs3-00009.jpg,29.322985429806,4.59174810374702
147,206_fs3-00009.jpg,29.4832436254936,5.05623621697328
148,206_fs3-00009.jpg,29.6418000141772,5.5185301391021
149,206_fs3-00009.jpg,29.8119339041726,5.97861156133581
150,206_fs3-00009.jpg,30.0055889600379,6.43661138575953
151,206_fs3-00009.jpg,30.220212849048,6.89269806849501
152,206_fs3-00009.jpg,30.4532531680115,7.34704006566432
153,206_fs3-00009.jpg,30.7021575137368,7.7998058333896
154,206_fs3-00009.jpg,30.9643734830323,8.25116382779305
155,206_fs3-00009.jpg,31.2373486727067,8.7012825049967
156,206_fs3-00009.jpg,31.5185306795683,9.15033032112274
157,206_fs3-00009.jpg,31.8053671004257,9.5984757322932
158,206_fs3-00009.jpg,32.0953055320874,10.0458871946303
159,206_fs3-00009.jpg,32.3857935713618,10.4927331642561
160,206_fs3-00009.jpg,32.6742788150574,10.9391820972928
161,206_fs3-00009.jpg,32.9582088599827,11.3854024498624
162,206_fs3-00009.jpg,33.2350313029463,11.8315626780871
163,206_fs3-00009.jpg,33.5021937407565,12.277831238089
164,206_fs3-00009.jpg,33.7571437702219,12.7243765859902
165,206_fs3-00009.jpg,33.997328988151,13.1713671779129
166,206_fs3-00009.jpg,34.2201969913523,13.6189714699792
167,206_fs3-00009.jpg,34.4231953766342,14.0673579183112
168,206_fs3-00009.jpg,34.6037717408052,14.516694979031
169,206_fs3-00009.jpg,34.7593736806738,14.9671511082608
170,206_fs3-00009.jpg,34.8874487930486,15.4188947621226
171,206_fs3-00009.jpg,34.9854446747379,15.8720943967386
172,206_fs3-00009.jpg,35.0508089225504,16.3269184682309
173,206_fs3-00009.jpg,35.0974640906227,16.7835354327217
174,206_fs3-00009.jpg,35.1428521267517,17.242113746333
175,206_fs3-00009.jpg,35.1869526589819,17.702821865187
176,206_fs3-00009.jpg,35.2297323300874,18.1658282454058
177,206_fs3-00009.jpg,35.2711577828423,18.6313013431115
178,206_fs3-00009.jpg,35.3111956600208,19.0994096144262
179,206_fs3-00009.jpg,35.3498126043969,19.5703215154722
180,206_fs3-00009.jpg,35.3869752587448,20.0442055023714
181,206_fs3-00009.jpg,35.4226502658386,20.5212300312461
182,206_fs3-00009.jpg,35.4568042684525,21.0015635582183
183,206_fs3-00009.jpg,35.4894039093605,21.4853745394101
184,206_fs3-00009.jpg,35.5204158313367,21.9728314309437
185,206_fs3-00009.jpg,35.5498066771553,22.4641026889412
186,206_fs3-00009.jpg,35.5775430895904,22.9593567695248
187,206_fs3-00009.jpg,35.6035917114162,23.4587621288164
188,206_fs3-00009.jpg,35.6279191854066,23.9624872229384
189,206_fs3-00009.jpg,35.6504921543359,24.4707005080128
190,206_fs3-00009.jpg,35.6712772609781,24.9835704401617
191,206_fs3-00009.jpg,35.6902411481074,25.5012654755072
192,206_fs3-00009.jpg,35.7073504584979,26.0239540701714
193,206_fs3-00009.jpg,35.7225718349237,26.5518046802766
194,206_fs3-00009.jpg,35.735871920159,27.0849857619447
195,206_fs3-00009.jpg,35.7472173569777,27.623665771298
196,206_fs3-00009.jpg,35.7565747881541,28.1680131644586
197,206_fs3-00009.jpg,35.7639108564624,28.7181963975485
198,206_fs3-00009.jpg,35.7691922046764,29.2743839266899
199,206_fs3-00009.jpg,35.7723854755706,29.8367442080049
200,206_fs3-00009.jpg,35.7734573119188,30.4054456976157
1,206_fs3-00010.jpg,72.4560909176294,-56.0188991882676
2,206_fs3-00010.jpg,71.9853401028801,-55.7718488323327
3,206_fs3-00010.jpg,71.5153085791637,-55.5286128087628
4,206_fs3-00010.jpg,71.0459914891442,-55.2890866450908
5,206_fs3-00010.jpg,70.5773839754854,-55.0531658688498
6,206_fs3-00010.jpg,70.1094811808513,-54.8207460075726
7,206_fs3-00010.jpg,69.6422782479057,-54.5917225887924
8,206_fs3-00010.jpg,69.1757703193125,-54.365991140042
9,206_fs3-00010.jpg,68.7099525377357,-54.1434471888543
10,206_fs3-00010.jpg,68.244820045839,-53.9239862627626
11,206_fs3-00010.jpg,67.7803679862865,-53.7075038892996
12,206_fs3-00010.jpg,67.316591501742,-53.4938955959983
13,206_fs3-00010.jpg,66.8534857348694,-53.2830569103917
14,206_fs3-00010.jpg,66.3910458283326,-53.0748833600128
15,206_fs3-00010.jpg,65.9292669247955,-52.8692704723947
16,206_fs3-00010.jpg,65.4681441669219,-52.6661137750701
17,206_fs3-00010.jpg,65.0076726973759,-52.4653087955722
18,206_fs3-00010.jpg,64.5478476588211,-52.2667510614338
19,206_fs3-00010.jpg,64.0886641939217,-52.0703361001881
20,206_fs3-00010.jpg,63.6301174453414,-51.8759594393678
21,206_fs3-00010.jpg,63.1722025557441,-51.683516606506
22,206_fs3-00010.jpg,62.7149146677939,-51.4929031291358
23,206_fs3-00010.jpg,62.2582489241544,-51.3040145347899
24,206_fs3-00010.jpg,61.8022004674897,-51.1167463510016
25,206_fs3-00010.jpg,61.3467644404636,-50.9309941053036
26,206_fs3-00010.jpg,60.89193598574,-50.7466533252289
27,206_fs3-00010.jpg,60.4377102459828,-50.5636195383107
28,206_fs3-00010.jpg,59.9840823638559,-50.3817882720817
29,206_fs3-00010.jpg,59.5310474820232,-50.2010550540751
30,206_fs3-00010.jpg,59.0786007431486,-50.0213154118237
31,206_fs3-00010.jpg,58.626737289896,-49.8424648728606
32,206_fs3-00010.jpg,58.1754522649292,-49.6643989647187
33,206_fs3-00010.jpg,57.7247408109123,-49.487013214931
34,206_fs3-00010.jpg,57.2745980705089,-49.3102031510304
35,206_fs3-00010.jpg,56.8250191863832,-49.13386430055
36,206_fs3-00010.jpg,56.3759993011989,-48.9578921910227
37,206_fs3-00010.jpg,55.92753355762,-48.7821823499815
38,206_fs3-00010.jpg,55.4796170983103,-48.6066303049593
39,206_fs3-00010.jpg,55.0322450659337,-48.4311315834892
40,206_fs3-00010.jpg,54.5854126031542,-48.255581713104
41,206_fs3-00010.jpg,54.1391148526355,-48.0798762213369
42,206_fs3-00010.jpg,53.6933469570417,-47.9039106357207
43,206_fs3-00010.jpg,53.2481040590366,-47.7275804837885
44,206_fs3-00010.jpg,52.8033813012841,-47.5507812930731
45,206_fs3-00010.jpg,52.3591738264481,-47.3734085911076
46,206_fs3-00010.jpg,51.9154767771925,-47.1953579054249
47,206_fs3-00010.jpg,51.4722852961812,-47.0165247635582
48,206_fs3-00010.jpg,51.029594526078,-46.8368046930401
49,206_fs3-00010.jpg,50.5873996095469,-46.6560932214039
50,206_fs3-00010.jpg,50.1456956892518,-46.4742858761824
51,206_fs3-00010.jpg,49.7044779078565,-46.2912781849085
52,206_fs3-00010.jpg,49.263741408025,-46.1069656751155
53,206_fs3-00010.jpg,48.8234813324211,-45.921243874336
54,206_fs3-00010.jpg,48.3836928237088,-45.7340083101032
55,206_fs3-00010.jpg,47.9443710245519,-45.54515450995
56,206_fs3-00010.jpg,47.5055110776143,-45.3545780014094
57,206_fs3-00010.jpg,47.0671081255599,-45.1621743120143
58,206_fs3-00010.jpg,46.6291573110527,-44.9678389692978
59,206_fs3-00010.jpg,46.1916537767564,-44.7714675007928
60,206_fs3-00010.jpg,45.7545926653351,-44.5729554340322
61,206_fs3-00010.jpg,45.3179691194525,-44.3721982965492
62,206_fs3-00010.jpg,44.8806562832406,-44.1690916158765
63,206_fs3-00010.jpg,44.4413751432944,-43.9635309195472
64,206_fs3-00010.jpg,44.0004524118462,-43.7554117350944
65,206_fs3-00010.jpg,43.558222117276,-43.5446295900508
66,206_fs3-00010.jpg,43.1150182879636,-43.3310800119496
67,206_fs3-00010.jpg,42.671174952289,-43.1146585283236
68,206_fs3-00010.jpg,42.2270261386321,-42.895260666706
69,206_fs3-00010.jpg,41.7829058753728,-42.6727819546296
70,206_fs3-00010.jpg,41.339148190891,-42.4471179196274
71,206_fs3-00010.jpg,40.8960871135666,-42.2181640892323
72,206_fs3-00010.jpg,40.4540566717795,-41.9858159909775
73,206_fs3-00010.jpg,40.0133908939096,-41.7499691523957
74,206_fs3-00010.jpg,39.5744238083369,-41.5105191010201
75,206_fs3-00010.jpg,39.1374894434411,-41.2673613643836
76,206_fs3-00010.jpg,38.7029218276023,-41.0203914700191
77,206_fs3-00010.jpg,38.2710549892004,-40.7695049454597
78,206_fs3-00010.jpg,37.8422229566152,-40.5145973182383
79,206_fs3-00010.jpg,37.4167597582266,-40.2555641158878
80,206_fs3-00010.jpg,36.9949994224146,-39.9923008659413
81,206_fs3-00010.jpg,36.5772759775591,-39.7247030959317
82,206_fs3-00010.jpg,36.16392345204,-39.452666333392
83,206_fs3-00010.jpg,35.7552758742371,-39.1760861058552
84,206_fs3-00010.jpg,35.3516672725304,-38.8948579408542
85,206_fs3-00010.jpg,34.9534316752999,-38.608877365922
86,206_fs3-00010.jpg,34.5609031109253,-38.3180399085917
87,206_fs3-00010.jpg,34.1744156077867,-38.022241096396
88,206_fs3-00010.jpg,33.7943031942639,-37.7213764568682
89,206_fs3-00010.jpg,33.4208998987368,-37.415341517541
90,206_fs3-00010.jpg,33.0507810352315,-37.1040429039429
91,206_fs3-00010.jpg,32.6791426515231,-36.7874472134537
92,206_fs3-00010.jpg,32.3068230956391,-36.4655412090705
93,206_fs3-00010.jpg,31.9347077251288,-36.1383116688624
94,206_fs3-00010.jpg,31.5636818975416,-35.8057453708986
95,206_fs3-00010.jpg,31.1946309704269,-35.4678290932483
96,206_fs3-00010.jpg,30.8284403013341,-35.1245496139807
97,206_fs3-00010.jpg,30.4659952478126,-34.7758937111651
98,206_fs3-00010.jpg,30.1081811674117,-34.4218481628704
99,206_fs3-00010.jpg,29.7558834176808,-34.0623997471661
100,206_fs3-00010.jpg,29.4099873561694,-33.6975352421213
101,206_fs3-00010.jpg,29.0713783404267,-33.3272414258052
102,206_fs3-00010.jpg,28.7409417280022,-32.9515050762869
103,206_fs3-00010.jpg,28.4195628764452,-32.5703129716358
104,206_fs3-00010.jpg,28.1081271433051,-32.183651889921
105,206_fs3-00010.jpg,27.8075198861313,-31.7915086092115
106,206_fs3-00010.jpg,27.5186264624732,-31.3938699075769
107,206_fs3-00010.jpg,27.2423322298802,-30.990722563086
108,206_fs3-00010.jpg,26.9795225459015,-30.5820533538082
109,206_fs3-00010.jpg,26.7310827680868,-30.1678490578128
110,206_fs3-00010.jpg,26.4976349013731,-29.7480965773991
111,206_fs3-00010.jpg,26.2653344022899,-29.322840278587
112,206_fs3-00010.jpg,26.0276299245558,-28.8922730956288
113,206_fs3-00010.jpg,25.7868725789972,-28.4566116535561
114,206_fs3-00010.jpg,25.5454134764407,-28.016072577401
115,206_fs3-00010.jpg,25.3056037277127,-27.5708724921951
116,206_fs3-00010.jpg,25.0697944436398,-27.1212280229702
117,206_fs3-00010.jpg,24.8403367350483,-26.6673557947582
118,206_fs3-00010.jpg,24.6195817127649,-26.2094724325909
119,206_fs3-00010.jpg,24.4098804876161,-25.7477945615001
120,206_fs3-00010.jpg,24.2135841704282,-25.2825388065177
121,206_fs3-00010.jpg,24.0330438720278,-24.8139217926753
122,206_fs3-00010.jpg,23.8706107032415,-24.3421601450048
123,206_fs3-00010.jpg,23.7286357748956,-23.8674704885381
124,206_fs3-00010.jpg,23.6094701978167,-23.3900694483069
125,206_fs3-00010.jpg,23.5154650828314,-22.9101736493431
126,206_fs3-00010.jpg,23.448971540766,-22.4279997166785
127,206_fs3-00010.jpg,23.4123406824471,-21.9437642753448
128,206_fs3-00010.jpg,23.4057660271597,-21.457683111991
129,206_fs3-00010.jpg,23.4072147421457,-20.9699316267266
130,206_fs3-00010.jpg,23.4103341921758,-20.4806277405417
131,206_fs3-00010.jpg,23.4151206709579,-19.989884983488
132,206_fs3-00010.jpg,23.4215704721999,-19.4978168856168
133,206_fs3-00010.jpg,23.4296798896098,-19.0045369769797
134,206_fs3-00010.jpg,23.4394452168956,-18.5101587876281
135,206_fs3-00010.jpg,23.4508627477652,-18.0147958476134
136,206_fs3-00010.jpg,23.4639287759265,-17.5185616869873
137,206_fs3-00010.jpg,23.4786395950876,-17.021569835801
138,206_fs3-00010.jpg,23.4949914989562,-16.5239338241061
139,206_fs3-00010.jpg,23.5129807812405,-16.0257671819541
140,206_fs3-00010.jpg,23.5326037356483,-15.5271834393965
141,206_fs3-00010.jpg,23.5538566558876,-15.0282961264846
142,206_fs3-00010.jpg,23.5767358356664,-14.5292187732701
143,206_fs3-00010.jpg,23.6012375686926,-14.0300649098043
144,206_fs3-00010.jpg,23.6273581486741,-13.5309480661387
145,206_fs3-00010.jpg,23.6550938693189,-13.0319817723249
146,206_fs3-00010.jpg,23.6844410243349,-12.5332795584141
147,206_fs3-00010.jpg,23.7153959074302,-12.0349549544581
148,206_fs3-00010.jpg,23.7479548123125,-11.5371214905081
149,206_fs3-00010.jpg,23.78211403269,-11.0398926966158
150,206_fs3-00010.jpg,23.8178698622706,-10.5433821028325
151,206_fs3-00010.jpg,23.8552185947621,-10.0477032392097
152,206_fs3-00010.jpg,23.8941565238725,-9.552969635799
153,206_fs3-00010.jpg,23.9346799433099,-9.05929482265174
154,206_fs3-00010.jpg,23.9767851467821,-8.56679232981935
155,206_fs3-00010.jpg,24.0204684279971,-8.07557568735348
156,206_fs3-00010.jpg,24.0657260806628,-7.58575842530541
157,206_fs3-00010.jpg,24.1125543984872,-7.09745407372679
158,206_fs3-00010.jpg,24.1609496751783,-6.61077616266891
159,206_fs3-00010.jpg,24.210908204444,-6.1258382221834
160,206_fs3-00010.jpg,24.2624262799922,-5.64275378232168
161,206_fs3-00010.jpg,24.3155001955309,-5.16163637313514
162,206_fs3-00010.jpg,24.370126244768,-4.68259952467537
163,206_fs3-00010.jpg,24.4263007214116,-4.20575676699383
164,206_fs3-00010.jpg,24.4840199191694,-3.73122163014187
165,206_fs3-00010.jpg,24.5432801317496,-3.25910764417108
166,206_fs3-00010.jpg,24.60407765286,-2.78952833913291
167,206_fs3-00010.jpg,24.6811977556872,-2.32261319463259
168,206_fs3-00010.jpg,24.7915181489346,-1.85856846093765
169,206_fs3-00010.jpg,24.9321433428943,-1.39762345764274
170,206_fs3-00010.jpg,25.1001123314045,-0.940007508845952
171,206_fs3-00010.jpg,25.2924641083031,-0.485949938645263
172,206_fs3-00010.jpg,25.5062376674282,-0.0356800711385858
173,206_fs3-00010.jpg,25.7384720026179,0.410572769576106
174,206_fs3-00010.jpg,25.9862061077102,0.852579259400784
175,206_fs3-00010.jpg,26.246478976543,1.29011007423753
176,206_fs3-00010.jpg,26.5163296029546,1.72293588998832
177,206_fs3-00010.jpg,26.7927969807829,2.15082738255518
178,206_fs3-00010.jpg,27.0729201038659,2.57355522784019
179,206_fs3-00010.jpg,27.3537379660417,2.99089010174532
180,206_fs3-00010.jpg,27.6322895611484,3.40260268017261
181,206_fs3-00010.jpg,27.9059535687033,3.80846363902407
182,206_fs3-00010.jpg,28.1845748132566,4.20824365420174
183,206_fs3-00010.jpg,28.4737358245489,4.6017134016077
184,206_fs3-00010.jpg,28.7732556473916,4.98864355714386
185,206_fs3-00010.jpg,29.0829533265959,5.36880479671237
186,206_fs3-00010.jpg,29.4026479069732,5.74196779621514
187,206_fs3-00010.jpg,29.7321584333351,6.10790323155425
188,206_fs3-00010.jpg,30.0713039504926,6.46638177863173
189,206_fs3-00010.jpg,30.4199035032573,6.81717411334961
190,206_fs3-00010.jpg,30.7777761364405,7.16005091160991
191,206_fs3-00010.jpg,31.1447408948536,7.49478284931462
192,206_fs3-00010.jpg,31.5206168233079,7.8211406023658
193,206_fs3-00010.jpg,31.9052229666147,8.13889484666544
194,206_fs3-00010.jpg,32.2983783695855,8.44781625811567
195,206_fs3-00010.jpg,32.6999020770315,8.74767551261834
196,206_fs3-00010.jpg,33.1096131337642,9.03824328607561
197,206_fs3-00010.jpg,33.5273305845949,9.3192902543895
198,206_fs3-00010.jpg,33.952873474335,9.59058709346192
199,206_fs3-00010.jpg,34.3860608477958,9.85190447919507
200,206_fs3-00010.jpg,34.8267117497887,10.1030130874908
1,206_fs3-00011.jpg,83.7043298581761,-58.8666497283259
2,206_fs3-00011.jpg,83.1973970536656,-58.6910194810858
3,206_fs3-00011.jpg,82.6905949379087,-58.5179201566775
4,206_fs3-00011.jpg,82.1839340499575,-58.3472596406383
5,206_fs3-00011.jpg,81.677424928864,-58.1789458185058
6,206_fs3-00011.jpg,81.1710781136801,-58.0128865758175
7,206_fs3-00011.jpg,80.664904143458,-57.848989798111
8,206_fs3-00011.jpg,80.1589135572496,-57.6871633709238
9,206_fs3-00011.jpg,79.6531168941069,-57.5273151797934
10,206_fs3-00011.jpg,79.1475246930819,-57.3693531102575
11,206_fs3-00011.jpg,78.6421474932268,-57.2131850478534
12,206_fs3-00011.jpg,78.1369958335934,-57.0587188781187
13,206_fs3-00011.jpg,77.6320802532338,-56.9058624865909
14,206_fs3-00011.jpg,77.1274112912,-56.7545237588077
15,206_fs3-00011.jpg,76.622999486544,-56.6046105803065
16,206_fs3-00011.jpg,76.1188553783179,-56.456030836625
17,206_fs3-00011.jpg,75.6149895055736,-56.3086924133004
18,206_fs3-00011.jpg,75.1114124073631,-56.1625031958705
19,206_fs3-00011.jpg,74.6081346227385,-56.0173710698728
20,206_fs3-00011.jpg,74.1051666907518,-55.8732039208448
21,206_fs3-00011.jpg,73.6025191504551,-55.729909634324
22,206_fs3-00011.jpg,73.1002025409002,-55.5873960958479
23,206_fs3-00011.jpg,72.5982274011392,-55.4455711909542
24,206_fs3-00011.jpg,72.0966042702242,-55.3043428051803
25,206_fs3-00011.jpg,71.5953436872072,-55.1636188240637
26,206_fs3-00011.jpg,71.0944561911401,-55.0233071331421
27,206_fs3-00011.jpg,70.5933941351947,-54.8833156179529
28,206_fs3-00011.jpg,70.0915753268749,-54.7435521640336
29,206_fs3-00011.jpg,69.589051910669,-54.6039246569219
30,206_fs3-00011.jpg,69.0858764582097,-54.4643409821551
31,206_fs3-00011.jpg,68.5821015411299,-54.324709025271
32,206_fs3-00011.jpg,68.0777797310623,-54.1849366718069
33,206_fs3-00011.jpg,67.5729635996395,-54.0449318073004
34,206_fs3-00011.jpg,67.0677057184944,-53.9046023172892
35,206_fs3-00011.jpg,66.5620586592596,-53.7638560873106
36,206_fs3-00011.jpg,66.0560749935678,-53.6226010029022
37,206_fs3-00011.jpg,65.549807293052,-53.4807449496016
38,206_fs3-00011.jpg,65.0433081293447,-53.3381958129464
39,206_fs3-00011.jpg,64.5366300740786,-53.1948614784739
40,206_fs3-00011.jpg,64.0298256988866,-53.0506498317218
41,206_fs3-00011.jpg,63.5229475754012,-52.9054687582275
42,206_fs3-00011.jpg,63.0160482752554,-52.7592261435287
43,206_fs3-00011.jpg,62.5091803700818,-52.6118298731629
44,206_fs3-00011.jpg,62.0023964315131,-52.4631878326676
45,206_fs3-00011.jpg,61.4957490311821,-52.3132079075803
46,206_fs3-00011.jpg,60.9892907407215,-52.1617979834386
47,206_fs3-00011.jpg,60.4830741317641,-52.0088659457799
48,206_fs3-00011.jpg,59.9771517759425,-51.8543196801419
49,206_fs3-00011.jpg,59.4715762448895,-51.698067072062
50,206_fs3-00011.jpg,58.9664001102379,-51.5400160070779
51,206_fs3-00011.jpg,58.4616759436203,-51.380074370727
52,206_fs3-00011.jpg,57.9574563166695,-51.2181500485468
53,206_fs3-00011.jpg,57.4537938010183,-51.0541509260748
54,206_fs3-00011.jpg,56.9507409682993,-50.8879848888488
55,206_fs3-00011.jpg,56.4483503901453,-50.7195598224061
56,206_fs3-00011.jpg,55.9466746381891,-50.5487836122843
57,206_fs3-00011.jpg,55.4457662840633,-50.3755641440209
58,206_fs3-00011.jpg,54.9456778994007,-50.1998093031535
59,206_fs3-00011.jpg,54.446462055834,-50.0214269752196
60,206_fs3-00011.jpg,53.948171324996,-49.8403250457567
61,206_fs3-00011.jpg,53.4508582785194,-49.6564114003023
62,206_fs3-00011.jpg,52.9545754880369,-49.4695939243941
63,206_fs3-00011.jpg,52.4593755251812,-49.2797805035694
64,206_fs3-00011.jpg,51.9653109615851,-49.086879023366
65,206_fs3-00011.jpg,51.4724343688814,-48.8907973693212
66,206_fs3-00011.jpg,50.9807983187027,-48.6914434269727
67,206_fs3-00011.jpg,50.4904553826818,-48.4887250818579
68,206_fs3-00011.jpg,50.0014581324514,-48.2825502195144
69,206_fs3-00011.jpg,49.5138591396443,-48.0728267254797
70,206_fs3-00011.jpg,49.0277109758931,-47.8594624852914
71,206_fs3-00011.jpg,48.5430662128307,-47.642365384487
72,206_fs3-00011.jpg,48.0599774220897,-47.421443308604
73,206_fs3-00011.jpg,47.5784971753029,-47.19660414318
74,206_fs3-00011.jpg,47.0986780441029,-46.9677557737524
75,206_fs3-00011.jpg,46.6205726001226,-46.7348060858588
76,206_fs3-00011.jpg,46.1442334149947,-46.4976629650369
77,206_fs3-00011.jpg,45.6697130603519,-46.256234296824
78,206_fs3-00011.jpg,45.197064107827,-46.0104279667578
79,206_fs3-00011.jpg,44.7263391290526,-45.7601518603757
80,206_fs3-00011.jpg,44.2575906956615,-45.5053138632153
81,206_fs3-00011.jpg,43.7908713792864,-45.2458218608141
82,206_fs3-00011.jpg,43.3262857049629,-44.9815847253828
83,206_fs3-00011.jpg,42.8651884423043,-44.7126685710433
84,206_fs3-00011.jpg,42.4079158984961,-44.439467731937
85,206_fs3-00011.jpg,41.9541420145178,-44.1624176476091
86,206_fs3-00011.jpg,41.5035407313486,-43.8819537576048
87,206_fs3-00011.jpg,41.0557859899679,-43.5985115014694
88,206_fs3-00011.jpg,40.6105517313551,-43.3125263187482
89,206_fs3-00011.jpg,40.1675118964895,-43.0244336489864
90,206_fs3-00011.jpg,39.7263404263505,-42.7346689317293
91,206_fs3-00011.jpg,39.2867112619174,-42.4436676065221
92,206_fs3-00011.jpg,38.8482983441697,-42.15186511291
93,206_fs3-00011.jpg,38.4107756140866,-41.8596968904384
94,206_fs3-00011.jpg,37.9738170126475,-41.5675983786525
95,206_fs3-00011.jpg,37.5370964808317,-41.2760050170976
96,206_fs3-00011.jpg,37.1002879596188,-40.9853522453188
97,206_fs3-00011.jpg,36.6630653899878,-40.6960755028615
98,206_fs3-00011.jpg,36.2251027129184,-40.4086102292709
99,206_fs3-00011.jpg,35.7860738693897,-40.1233918640923
100,206_fs3-00011.jpg,35.3456528003812,-39.8408558468709
101,206_fs3-00011.jpg,34.9033651187315,-39.5614346050412
102,206_fs3-00011.jpg,34.4560115838315,-39.2851987883259
103,206_fs3-00011.jpg,34.003236339546,-39.0115178612758
104,206_fs3-00011.jpg,33.546141516585,-38.7396809274819
105,206_fs3-00011.jpg,33.0858292456587,-38.4689770905347
106,206_fs3-00011.jpg,32.6234016574771,-38.1986954540254
107,206_fs3-00011.jpg,32.1599608827505,-37.9281251215446
108,206_fs3-00011.jpg,31.6966090521888,-37.6565551966831
109,206_fs3-00011.jpg,31.2344482965023,-37.3832747830319
110,206_fs3-00011.jpg,30.7745807464011,-37.1075729841817
111,206_fs3-00011.jpg,30.3181085325953,-36.8287389037233
112,206_fs3-00011.jpg,29.866133785795,-36.5460616452476
113,206_fs3-00011.jpg,29.4197586367104,-36.2588303123454
114,206_fs3-00011.jpg,28.9800852160514,-35.9663340086075
115,206_fs3-00011.jpg,28.5482156545284,-35.6678618376247
116,206_fs3-00011.jpg,28.1252520828514,-35.3627029029878
117,206_fs3-00011.jpg,27.7122966317305,-35.0501463082878
118,206_fs3-00011.jpg,27.3104514318759,-34.7294811571153
119,206_fs3-00011.jpg,26.9208186139976,-34.3999965530613
120,206_fs3-00011.jpg,26.5415945817704,-34.0609966615792
121,206_fs3-00011.jpg,26.1549505225228,-33.712188245691
122,206_fs3-00011.jpg,25.7605408366925,-33.353714592423
123,206_fs3-00011.jpg,25.3618571349657,-32.9857408498769
124,206_fs3-00011.jpg,24.9623910280289,-32.6084321661544
125,206_fs3-00011.jpg,24.5656341265684,-32.2219536893576
126,206_fs3-00011.jpg,24.1750780412705,-31.826470567588
127,206_fs3-00011.jpg,23.7942143828215,-31.4221479489477
128,206_fs3-00011.jpg,23.4265347619078,-31.0091509815383
129,206_fs3-00011.jpg,23.0755307892158,-30.5876448134617
130,206_fs3-00011.jpg,22.7446940754317,-30.1577945928198
131,206_fs3-00011.jpg,22.4375162312419,-29.7197654677142
132,206_fs3-00011.jpg,22.1574888673328,-29.273722586247
133,206_fs3-00011.jpg,21.9081035943906,-28.8198310965199
134,206_fs3-00011.jpg,21.6928520231018,-28.3582561466346
135,206_fs3-00011.jpg,21.5152257641526,-27.889162884693
136,206_fs3-00011.jpg,21.3752323543096,-27.4127190229169
137,206_fs3-00011.jpg,21.2446813536619,-26.9291862164828
138,206_fs3-00011.jpg,21.1171524176241,-26.4389449367286
139,206_fs3-00011.jpg,20.9932633373914,-25.9423832799506
140,206_fs3-00011.jpg,20.8736319041593,-25.4398893424454
141,206_fs3-00011.jpg,20.7588759091232,-24.9318512205094
142,206_fs3-00011.jpg,20.6496131434786,-24.418657010439
143,206_fs3-00011.jpg,20.5464613984207,-23.9006948085307
144,206_fs3-00011.jpg,20.4500384651451,-23.378352711081
145,206_fs3-00011.jpg,20.3609621348472,-22.8520188143863
146,206_fs3-00011.jpg,20.2798501987223,-22.322081214743
147,206_fs3-00011.jpg,20.2073204479659,-21.7889280084476
148,206_fs3-00011.jpg,20.1439906737734,-21.2529472917966
149,206_fs3-00011.jpg,20.0904786673402,-20.7145271610864
150,206_fs3-00011.jpg,20.0474022198618,-20.1740557126134
151,206_fs3-00011.jpg,20.0153791225334,-19.6319210426742
152,206_fs3-00011.jpg,19.9950271665506,-19.0885112475651
153,206_fs3-00011.jpg,19.9869641431088,-18.5442144235827
154,206_fs3-00011.jpg,19.9883179395065,-17.9994156437163
155,206_fs3-00011.jpg,19.9935816852094,-17.454481925122
156,206_fs3-00011.jpg,20.0025620204547,-16.9097736105866
157,206_fs3-00011.jpg,20.01514454576,-16.3656510321877
158,206_fs3-00011.jpg,20.0312148616434,-15.822474522003
159,206_fs3-00011.jpg,20.0506585686226,-15.2806044121101
160,206_fs3-00011.jpg,20.0733612672155,-14.7404010345867
161,206_fs3-00011.jpg,20.0992085579399,-14.2022247215104
162,206_fs3-00011.jpg,20.1280860413138,-13.6664358049588
163,206_fs3-00011.jpg,20.1598793178549,-13.1333946170097
164,206_fs3-00011.jpg,20.1944739880811,-12.6034614897407
165,206_fs3-00011.jpg,20.2317556525103,-12.0769967552295
166,206_fs3-00011.jpg,20.2716099116603,-11.5543607455535
167,206_fs3-00011.jpg,20.313922366049,-11.0359137927906
168,206_fs3-00011.jpg,20.3585786161942,-10.5220162290184
169,206_fs3-00011.jpg,20.4054642626137,-10.0130283863145
170,206_fs3-00011.jpg,20.4544649058255,-9.50931059675662
171,206_fs3-00011.jpg,20.5054661463473,-9.01122319242234
172,206_fs3-00011.jpg,20.5583535846971,-8.51912650538935
173,206_fs3-00011.jpg,20.6163282209776,-8.03338086773527
174,206_fs3-00011.jpg,20.7029709449948,-7.55434661153777
175,206_fs3-00011.jpg,20.8220947624431,-7.08238406887449
176,206_fs3-00011.jpg,20.9726915922174,-6.6178535718231
177,206_fs3-00011.jpg,21.1537533532123,-6.16111545246122
178,206_fs3-00011.jpg,21.3642719643227,-5.71253004286655
179,206_fs3-00011.jpg,21.6032393444433,-5.2724576751167
180,206_fs3-00011.jpg,21.8696474124689,-4.84125868128933
181,206_fs3-00011.jpg,22.1624880872943,-4.41929339346206
182,206_fs3-00011.jpg,22.4807532878143,-4.00692214371259
183,206_fs3-00011.jpg,22.8234349329236,-3.60450526411859
184,206_fs3-00011.jpg,23.1895249415171,-3.2124030867576
185,206_fs3-00011.jpg,23.5780152324894,-2.83097594370741
186,206_fs3-00011.jpg,23.9878977247353,-2.46058416704557
187,206_fs3-00011.jpg,24.4181643371497,-2.10158808884978
188,206_fs3-00011.jpg,24.8678069886273,-1.75434804119766
189,206_fs3-00011.jpg,25.3358175980628,-1.41922435616686
190,206_fs3-00011.jpg,25.8211880843511,-1.09657736583506
191,206_fs3-00011.jpg,26.3229103663869,-0.78676740227985
192,206_fs3-00011.jpg,26.839976363065,-0.490154797578953
193,206_fs3-00011.jpg,27.3713779932802,-0.207099883810031
194,206_fs3-00011.jpg,27.9161071759272,0.0620370069493674
195,206_fs3-00011.jpg,28.4731558299009,0.316895542621523
196,206_fs3-00011.jpg,29.0415158740959,0.557115391128775
197,206_fs3-00011.jpg,29.620179227407,0.782336220393518
198,206_fs3-00011.jpg,30.2081378087291,0.992197698338032
199,206_fs3-00011.jpg,30.8043835369569,1.18633949288471
200,206_fs3-00011.jpg,31.4079083309853,1.36440127195596
1,206_fs3-00012.jpg,93.2694655771578,-62.6386042695112
2,206_fs3-00012.jpg,92.8355904425914,-62.4744337490434
3,206_fs3-00012.jpg,92.4015485908906,-62.3101351909093
4,206_fs3-00012.jpg,91.9673396902286,-62.145727893544
5,206_fs3-00012.jpg,91.5329634087788,-61.9812311553828
6,206_fs3-00012.jpg,91.0984194147143,-61.816664274861
7,206_fs3-00012.jpg,90.6637073762086,-61.6520465504136
8,206_fs3-00012.jpg,90.2288269614348,-61.487397280476
9,206_fs3-00012.jpg,89.7937778385662,-61.3227357634835
10,206_fs3-00012.jpg,89.3585596757761,-61.1580812978711
11,206_fs3-00012.jpg,88.9231721412378,-60.9934531820741
12,206_fs3-00012.jpg,88.4876149031246,-60.8288707145277
13,206_fs3-00012.jpg,88.0518876296096,-60.6643531936672
14,206_fs3-00012.jpg,87.6159899888662,-60.4999199179279
15,206_fs3-00012.jpg,87.1799216490678,-60.3355901857448
16,206_fs3-00012.jpg,86.7436822783874,-60.1713832955532
17,206_fs3-00012.jpg,86.3072715449984,-60.0073185457883
18,206_fs3-00012.jpg,85.8706891170742,-59.8434152348855
19,206_fs3-00012.jpg,85.4339346627878,-59.6796926612798
20,206_fs3-00012.jpg,84.9970078503127,-59.5161701234065
21,206_fs3-00012.jpg,84.5599083478222,-59.3528669197008
22,206_fs3-00012.jpg,84.1226358234894,-59.1898023485979
23,206_fs3-00012.jpg,83.6851899454876,-59.0269957085332
24,206_fs3-00012.jpg,83.2475703819902,-58.8644662979417
25,206_fs3-00012.jpg,82.8097768011704,-58.7022334152588
26,206_fs3-00012.jpg,82.3718088712014,-58.5403163589195
27,206_fs3-00012.jpg,81.9336662602566,-58.3787344273592
28,206_fs3-00012.jpg,81.4953486365092,-58.2175069190131
29,206_fs3-00012.jpg,81.0568556681325,-58.0566531323164
30,206_fs3-00012.jpg,80.6181870232998,-57.8961923657043
31,206_fs3-00012.jpg,80.1793423701842,-57.736143917612
32,206_fs3-00012.jpg,79.7403213769592,-57.5765270864748
33,206_fs3-00012.jpg,79.3011236399659,-57.4173611707278
34,206_fs3-00012.jpg,78.8617482483741,-57.2586654688064
35,206_fs3-00012.jpg,78.4221958185479,-57.1004592791456
36,206_fs3-00012.jpg,77.9824673793783,-56.9427619001808
37,206_fs3-00012.jpg,77.542563959756,-56.7855926303471
38,206_fs3-00012.jpg,77.1024865885719,-56.6289707680799
39,206_fs3-00012.jpg,76.6622362947171,-56.4729156118142
40,206_fs3-00012.jpg,76.2218141070823,-56.3174464599853
41,206_fs3-00012.jpg,75.7812210545583,-56.1625826110285
42,206_fs3-00012.jpg,75.3404581660362,-56.008343363379
43,206_fs3-00012.jpg,74.8995264704068,-55.8547480154719
44,206_fs3-00012.jpg,74.4584269965611,-55.7018158657425
45,206_fs3-00012.jpg,74.0171607733898,-55.5495662126261
46,206_fs3-00012.jpg,73.5757288297838,-55.3980183545577
47,206_fs3-00012.jpg,73.1341321946342,-55.2471915899728
48,206_fs3-00012.jpg,72.6923718968317,-55.0971052173064
49,206_fs3-00012.jpg,72.2504489652672,-54.9477785349939
50,206_fs3-00012.jpg,71.8083644288316,-54.7992308414704
51,206_fs3-00012.jpg,71.3661193164159,-54.6514814351711
52,206_fs3-00012.jpg,70.9237146569109,-54.5045496145312
53,206_fs3-00012.jpg,70.4811514792075,-54.3584546779861
54,206_fs3-00012.jpg,70.0384308121966,-54.2132159239709
55,206_fs3-00012.jpg,69.595553684769,-54.0688526509209
56,206_fs3-00012.jpg,69.1525211258157,-53.9253841572711
57,206_fs3-00012.jpg,68.7093341642275,-53.782829741457
58,206_fs3-00012.jpg,68.2659938288954,-53.6412087019136
59,206_fs3-00012.jpg,67.8225011487103,-53.5005403370762
60,206_fs3-00012.jpg,67.3788571525629,-53.3608439453801
61,206_fs3-00012.jpg,66.9350628693443,-53.2221388252605
62,206_fs3-00012.jpg,66.4911193279452,-53.0844442751525
63,206_fs3-00012.jpg,66.0470275572566,-52.9477795934914
64,206_fs3-00012.jpg,65.6027885861694,-52.8121640787124
65,206_fs3-00012.jpg,65.1584034435745,-52.6776170292508
66,206_fs3-00012.jpg,64.7138731583627,-52.5441577435417
67,206_fs3-00012.jpg,64.2691976850368,-52.4118055152558
68,206_fs3-00012.jpg,63.824060559595,-52.2805538329659
69,206_fs3-00012.jpg,63.3782516106682,-52.1503100043501
70,206_fs3-00012.jpg,62.931829457533,-52.0209633675801
71,206_fs3-00012.jpg,62.484852719466,-51.8924032608275
72,206_fs3-00012.jpg,62.0373800157438,-51.7645190222638
73,206_fs3-00012.jpg,61.5894699656429,-51.6371999900608
74,206_fs3-00012.jpg,61.14118118844,-51.5103355023901
75,206_fs3-00012.jpg,60.6925723034115,-51.3838148974232
76,206_fs3-00012.jpg,60.243701929834,-51.2575275133319
77,206_fs3-00012.jpg,59.7946286869841,-51.1313626882876
78,206_fs3-00012.jpg,59.3454111941384,-51.0052097604621
79,206_fs3-00012.jpg,58.8961080705735,-50.8789580680269
80,206_fs3-00012.jpg,58.4467779355658,-50.7524969491537
81,206_fs3-00012.jpg,57.9974794083921,-50.6257157420142
82,206_fs3-00012.jpg,57.5482711083287,-50.4985037847798
83,206_fs3-00012.jpg,57.0992116546524,-50.3707504156224
84,206_fs3-00012.jpg,56.6503596666396,-50.2423449727133
85,206_fs3-00012.jpg,56.201773763567,-50.1131767942244
86,206_fs3-00012.jpg,55.7535125647111,-49.9831352183272
87,206_fs3-00012.jpg,55.3056346893485,-49.8521095831933
88,206_fs3-00012.jpg,54.8581987567557,-49.7199892269944
89,206_fs3-00012.jpg,54.4112633862094,-49.5866634879021
90,206_fs3-00012.jpg,53.964887196986,-49.452021704088
91,206_fs3-00012.jpg,53.5191288083622,-49.3159532137237
92,206_fs3-00012.jpg,53.0740468396144,-49.1783473549809
93,206_fs3-00012.jpg,52.6296999100194,-49.0390934660311
94,206_fs3-00012.jpg,52.1861466388536,-48.8980808850461
95,206_fs3-00012.jpg,51.7434456453936,-48.7551989501974
96,206_fs3-00012.jpg,51.3015316097933,-48.6103424010033
97,206_fs3-00012.jpg,50.8598813676363,-48.463497939075
98,206_fs3-00012.jpg,50.418459608865,-48.314729228376
99,206_fs3-00012.jpg,49.9773019041531,-48.1641023044209
100,206_fs3-00012.jpg,49.5364438241742,-48.0116832027244
101,206_fs3-00012.jpg,49.095920939602,-47.857537958801
102,206_fs3-00012.jpg,48.6557688211101,-47.7017326081655
103,206_fs3-00012.jpg,48.2160230393723,-47.5443331863323
104,206_fs3-00012.jpg,47.776719165062,-47.3854057288161
105,206_fs3-00012.jpg,47.3378927688531,-47.2250162711316
106,206_fs3-00012.jpg,46.8995794214191,-47.0632308487934
107,206_fs3-00012.jpg,46.4618146934337,-46.900115497316
108,206_fs3-00012.jpg,46.0246341555707,-46.7357362522141
109,206_fs3-00012.jpg,45.5880733785035,-46.5701591490023
110,206_fs3-00012.jpg,45.1521679329058,-46.4034502231953
111,206_fs3-00012.jpg,44.7169533894514,-46.2356755103076
112,206_fs3-00012.jpg,44.2824653188139,-46.0669010458539
113,206_fs3-00012.jpg,43.8487392916669,-45.8971928653488
114,206_fs3-00012.jpg,43.4158108786841,-45.7266170043068
115,206_fs3-00012.jpg,42.9837156505391,-45.5552394982427
116,206_fs3-00012.jpg,42.5524891779056,-45.383126382671
117,206_fs3-00012.jpg,42.1221670314573,-45.2103436931064
118,206_fs3-00012.jpg,41.6927098256267,-45.0369566395674
119,206_fs3-00012.jpg,41.2628809420892,-44.862957393524
120,206_fs3-00012.jpg,40.832358291984,-44.6882088154363
121,206_fs3-00012.jpg,40.4013077437339,-44.5125605212129
122,206_fs3-00012.jpg,39.9698951657614,-44.3358621267624
123,206_fs3-00012.jpg,39.5382864264895,-44.1579632479933
124,206_fs3-00012.jpg,39.1066473943409,-43.9787135008143
125,206_fs3-00012.jpg,38.6751439377384,-43.797962501134
126,206_fs3-00012.jpg,38.2439419251046,-43.615559864861
127,206_fs3-00012.jpg,37.8132072248624,-43.4313552079038
128,206_fs3-00012.jpg,37.3831057054346,-43.2451981461711
129,206_fs3-00012.jpg,36.9538032352438,-43.0569382955714
130,206_fs3-00012.jpg,36.5254656827129,-42.8664252720134
131,206_fs3-00012.jpg,36.0982589162646,-42.6735086914056
132,206_fs3-00012.jpg,35.6723488043216,-42.4780381696566
133,206_fs3-00012.jpg,35.2479012153068,-42.2798633226751
134,206_fs3-00012.jpg,34.8250820176428,-42.0788337663695
135,206_fs3-00012.jpg,34.4040570797525,-41.8747991166486
136,206_fs3-00012.jpg,33.9849922700586,-41.6676089894209
137,206_fs3-00012.jpg,33.5680534569839,-41.457113000595
138,206_fs3-00012.jpg,33.1534065089511,-41.2431607660795
139,206_fs3-00012.jpg,32.741217294383,-41.025601901783
140,206_fs3-00012.jpg,32.3316516817023,-40.8042860236141
141,206_fs3-00012.jpg,31.9248755393318,-40.5790627474813
142,206_fs3-00012.jpg,31.5210547356942,-40.3497816892933
143,206_fs3-00012.jpg,31.1203551392124,-40.1162924649587
144,206_fs3-00012.jpg,30.7229426183091,-39.8784446903861
145,206_fs3-00012.jpg,30.32895265425,-39.6360881616743
146,206_fs3-00012.jpg,29.9371163743936,-39.389135894407
147,206_fs3-00012.jpg,29.5468044673205,-39.1376568422169
148,206_fs3-00012.jpg,29.1581702486537,-38.8817435767427
149,206_fs3-00012.jpg,28.7713670340163,-38.6214886696233
150,206_fs3-00012.jpg,28.3865481390309,-38.3569846924975
151,206_fs3-00012.jpg,28.0038668793207,-38.0883242170041
152,206_fs3-00012.jpg,27.6234765705085,-37.8155998147819
153,206_fs3-00012.jpg,27.2455305282172,-37.5389040574699
154,206_fs3-00012.jpg,26.8701820680698,-37.2583295167069
155,206_fs3-00012.jpg,26.4975845056892,-36.9739687641315
156,206_fs3-00012.jpg,26.1278911566983,-36.6859143713828
157,206_fs3-00012.jpg,25.7612553367201,-36.3942589100996
158,206_fs3-00012.jpg,25.3978303613775,-36.0990949519206
159,206_fs3-00012.jpg,25.0377695462934,-35.8005150684847
160,206_fs3-00012.jpg,24.6812262070907,-35.4986118314308
161,206_fs3-00012.jpg,24.3283536593923,-35.1934778123976
162,206_fs3-00012.jpg,23.9793052188213,-34.8852055830242
163,206_fs3-00012.jpg,23.6342342010005,-34.5738877149491
164,206_fs3-00012.jpg,23.2932911179057,-34.2596167794227
165,206_fs3-00012.jpg,22.9504546834781,-33.9424415994636
166,206_fs3-00012.jpg,22.6015828560943,-33.6222467569776
167,206_fs3-00012.jpg,22.2488654424492,-33.2988782983052
168,206_fs3-00012.jpg,21.8944922492376,-32.9721822697865
169,206_fs3-00012.jpg,21.5406530831542,-32.6420047177617
170,206_fs3-00012.jpg,21.1895377508937,-32.3081916885711
171,206_fs3-00012.jpg,20.843336059151,-31.9705892285548
172,206_fs3-00012.jpg,20.5042378146208,-31.6290433840533
173,206_fs3-00012.jpg,20.1744328239979,-31.2834002014065
174,206_fs3-00012.jpg,19.8561108939771,-30.9335057269549
175,206_fs3-00012.jpg,19.5514618312532,-30.5792060070386
176,206_fs3-00012.jpg,19.2626754425208,-30.2203470879979
177,206_fs3-00012.jpg,18.9919415344748,-29.8567750161729
178,206_fs3-00012.jpg,18.74144991381,-29.4883358379041
179,206_fs3-00012.jpg,18.5133903872211,-29.1148755995314
180,206_fs3-00012.jpg,18.3087243728001,-28.7362403473953
181,206_fs3-00012.jpg,18.1115213080168,-28.3522761278358
182,206_fs3-00012.jpg,17.9167156497656,-27.9628289871933
183,206_fs3-00012.jpg,17.7248915051439,-27.5677449718081
184,206_fs3-00012.jpg,17.5366329812489,-27.1668701280202
185,206_fs3-00012.jpg,17.3525241851779,-26.76005050217
186,206_fs3-00012.jpg,17.1731492240282,-26.3471321405976
187,206_fs3-00012.jpg,16.9990922048969,-25.9279610896435
188,206_fs3-00012.jpg,16.8309372348814,-25.5023833956476
189,206_fs3-00012.jpg,16.669268421079,-25.0702451049503
190,206_fs3-00012.jpg,16.5146698705868,-24.6313922638919
191,206_fs3-00012.jpg,16.3677256905022,-24.1856709188124
192,206_fs3-00012.jpg,16.2290199879224,-23.7329271160523
193,206_fs3-00012.jpg,16.0991368699447,-23.2730069019517
194,206_fs3-00012.jpg,15.9786604436663,-22.8057563228508
195,206_fs3-00012.jpg,15.8681748161846,-22.3310214250899
196,206_fs3-00012.jpg,15.7682640945967,-21.8486482550092
197,206_fs3-00012.jpg,15.679512386,-21.3584828589489
198,206_fs3-00012.jpg,15.6025037974917,-20.8603712832493
199,206_fs3-00012.jpg,15.537822436169,-20.3541595742507
200,206_fs3-00012.jpg,15.4860524091293,-19.8396937782931
