points,Image,X,Y
1,208_fs2-00001.jpg,132.814877430262,11.3225031212971
2,208_fs2-00001.jpg,132.147484171117,11.3782317165293
3,208_fs2-00001.jpg,131.480091675986,11.4318232918567
4,208_fs2-00001.jpg,130.81269994384,11.4833076969733
5,208_fs2-00001.jpg,130.145308973649,11.5327147815735
6,208_fs2-00001.jpg,129.477918764383,11.5800743953515
7,208_fs2-00001.jpg,128.810529315012,11.6254163880013
8,208_fs2-00001.jpg,128.143140624506,11.6687706092173
9,208_fs2-00001.jpg,127.475752691835,11.7101669086936
10,208_fs2-00001.jpg,126.80836551597,11.7496351361243
11,208_fs2-00001.jpg,126.14097909588,11.7872051412037
12,208_fs2-00001.jpg,125.473593430536,11.822906773626
13,208_fs2-00001.jpg,124.806208518907,11.8567698830854
14,208_fs2-00001.jpg,124.138824359964,11.888824319276
15,208_fs2-00001.jpg,123.471440952677,11.9190999318921
16,208_fs2-00001.jpg,122.804058296016,11.9476265706278
17,208_fs2-00001.jpg,122.136676388951,11.9744340851774
18,208_fs2-00001.jpg,121.469295230452,11.999552325235
19,208_fs2-00001.jpg,120.801914819489,12.0230111404949
20,208_fs2-00001.jpg,120.134535155033,12.0448403806511
21,208_fs2-00001.jpg,119.467156236053,12.065069895398
22,208_fs2-00001.jpg,118.79977806152,12.0837295344296
23,208_fs2-00001.jpg,118.132400630403,12.1008491474403
24,208_fs2-00001.jpg,117.465023941673,12.1164585841241
25,208_fs2-00001.jpg,116.7976479943,12.1305876941753
26,208_fs2-00001.jpg,116.130272787254,12.1432663272881
27,208_fs2-00001.jpg,115.462898319505,12.1545243331566
28,208_fs2-00001.jpg,114.795524590023,12.1643915614752
29,208_fs2-00001.jpg,114.128151597778,12.1728978619378
30,208_fs2-00001.jpg,113.46077934174,12.1800730842388
31,208_fs2-00001.jpg,112.79340782088,12.1859470780723
32,208_fs2-00001.jpg,112.126037034168,12.1905496931326
33,208_fs2-00001.jpg,111.458666980573,12.1939107791138
34,208_fs2-00001.jpg,110.791297659066,12.1960601857101
35,208_fs2-00001.jpg,110.123929068617,12.1970277626156
36,208_fs2-00001.jpg,109.456561208195,12.1968433595247
37,208_fs2-00001.jpg,108.789194076772,12.1955368261315
38,208_fs2-00001.jpg,108.121827673317,12.1931380121301
39,208_fs2-00001.jpg,107.4544619968,12.1896767672148
40,208_fs2-00001.jpg,106.787097046192,12.1851829410798
41,208_fs2-00001.jpg,106.119732820462,12.1796863834193
42,208_fs2-00001.jpg,105.45236931858,12.1732169439273
43,208_fs2-00001.jpg,104.785006539517,12.1658044722983
44,208_fs2-00001.jpg,104.117644482243,12.1574788182263
45,208_fs2-00001.jpg,103.450283145727,12.1482698314055
46,208_fs2-00001.jpg,102.782922528941,12.1382073615301
47,208_fs2-00001.jpg,102.115563300362,12.1273212582943
48,208_fs2-00001.jpg,101.44820805614,12.1156413713923
49,208_fs2-00001.jpg,100.780856830907,12.1031975505184
50,208_fs2-00001.jpg,100.113509366128,12.0900196453666
51,208_fs2-00001.jpg,99.4461654032743,12.0761375056312
52,208_fs2-00001.jpg,98.7788246838122,12.0615809810063
53,208_fs2-00001.jpg,98.1114869492102,12.0463799211863
54,208_fs2-00001.jpg,97.4441519409365,12.0305641758652
55,208_fs2-00001.jpg,96.7768194004593,12.0141635947372
56,208_fs2-00001.jpg,96.1094890692465,11.9972080274966
57,208_fs2-00001.jpg,95.4421606887664,11.9797273238376
58,208_fs2-00001.jpg,94.774834000487,11.9617513334542
59,208_fs2-00001.jpg,94.1075087458765,11.9433099060408
60,208_fs2-00001.jpg,93.440184666403,11.9244328912915
61,208_fs2-00001.jpg,92.7728615035346,11.9051501389005
62,208_fs2-00001.jpg,92.1055389987394,11.885491498562
63,208_fs2-00001.jpg,91.4382168934855,11.8654868199702
64,208_fs2-00001.jpg,90.7708949292411,11.8451659528193
65,208_fs2-00001.jpg,90.1035728474743,11.8245587468034
66,208_fs2-00001.jpg,89.4362503896532,11.8036950516168
67,208_fs2-00001.jpg,88.7689272972459,11.7826047169537
68,208_fs2-00001.jpg,88.1016033117206,11.7613175925082
69,208_fs2-00001.jpg,87.4342781745452,11.7398635279746
70,208_fs2-00001.jpg,86.7669516271881,11.7182723730471
71,208_fs2-00001.jpg,86.0996234111172,11.6965739774197
72,208_fs2-00001.jpg,85.4322932678008,11.6747981907868
73,208_fs2-00001.jpg,84.7649609387068,11.6529748628424
74,208_fs2-00001.jpg,84.0976261653036,11.6311338432809
75,208_fs2-00001.jpg,83.430288689059,11.6093049817964
76,208_fs2-00001.jpg,82.7629482514413,11.5875181280831
77,208_fs2-00001.jpg,82.0956045939187,11.5658031318352
78,208_fs2-00001.jpg,81.4282574579591,11.5441898427468
79,208_fs2-00001.jpg,80.7609065850308,11.5227081105122
80,208_fs2-00001.jpg,80.0935517166018,11.5013877848256
81,208_fs2-00001.jpg,79.4261925941403,11.4802587153811
82,208_fs2-00001.jpg,78.7588289591143,11.459350751873
83,208_fs2-00001.jpg,78.0914605529921,11.4386937439954
84,208_fs2-00001.jpg,77.4240871172417,11.4183175414426
85,208_fs2-00001.jpg,76.7567083933312,11.3982519939087
86,208_fs2-00001.jpg,76.0893241227288,11.3785269510878
87,208_fs2-00001.jpg,75.4219340469026,11.3591722626743
88,208_fs2-00001.jpg,74.7545379073206,11.3402177783624
89,208_fs2-00001.jpg,74.087135444177,11.3216933471405
90,208_fs2-00001.jpg,73.4197258075479,11.3036195340742
91,208_fs2-00001.jpg,72.7523086805888,11.2859843736838
92,208_fs2-00001.jpg,72.0848844378881,11.2687687794417
93,208_fs2-00001.jpg,71.4174534540343,11.2519536648205
94,208_fs2-00001.jpg,70.750016103616,11.2355199432929
95,208_fs2-00001.jpg,70.0825727612216,11.2194485283314
96,208_fs2-00001.jpg,69.4151238014395,11.2037203334085
97,208_fs2-00001.jpg,68.7476695988584,11.1883162719968
98,208_fs2-00001.jpg,68.0802105280666,11.173217257569
99,208_fs2-00001.jpg,67.4127469636526,11.1584042035975
100,208_fs2-00001.jpg,66.745279280205,11.1438580235549
101,208_fs2-00001.jpg,66.0778078523123,11.1295596309138
102,208_fs2-00001.jpg,65.4103330545628,11.1154899391469
103,208_fs2-00001.jpg,64.7428552615451,11.1016298617265
104,208_fs2-00001.jpg,64.0753748478477,11.0879603121253
105,208_fs2-00001.jpg,63.4078921880591,11.074462203816
106,208_fs2-00001.jpg,62.7404076567677,11.061116450271
107,208_fs2-00001.jpg,62.0729216285621,11.0479039649629
108,208_fs2-00001.jpg,61.4054344780307,11.0348056613643
109,208_fs2-00001.jpg,60.737946579762,11.0218024529478
110,208_fs2-00001.jpg,60.0704583083444,11.0088752531859
111,208_fs2-00001.jpg,59.4029700383666,10.9960049755512
112,208_fs2-00001.jpg,58.7354821444169,10.9831725335163
113,208_fs2-00001.jpg,58.0679950010839,10.9703588405536
114,208_fs2-00001.jpg,57.4005089829561,10.9575448101359
115,208_fs2-00001.jpg,56.7330244646218,10.9447113557357
116,208_fs2-00001.jpg,56.0655418206698,10.9318393908255
117,208_fs2-00001.jpg,55.3980614256882,10.918909828878
118,208_fs2-00001.jpg,54.7305836542658,10.9059035833656
119,208_fs2-00001.jpg,54.0631088809909,10.892801567761
120,208_fs2-00001.jpg,53.3956374804521,10.8795846955366
121,208_fs2-00001.jpg,52.7281698272378,10.8662338801652
122,208_fs2-00001.jpg,52.0607062959365,10.8527300351192
123,208_fs2-00001.jpg,51.3932472611368,10.8390540738713
124,208_fs2-00001.jpg,50.7257930974271,10.825186909894
125,208_fs2-00001.jpg,50.0583441793958,10.8111094566598
126,208_fs2-00001.jpg,49.3909008816315,10.7968026276414
127,208_fs2-00001.jpg,48.7234635787227,10.7822473363113
128,208_fs2-00001.jpg,48.0560322767118,10.7674287735757
129,208_fs2-00001.jpg,47.3886064911259,10.7523520420839
130,208_fs2-00001.jpg,46.7211859467874,10.7370280339773
131,208_fs2-00001.jpg,46.0537703692851,10.7214676420401
132,208_fs2-00001.jpg,45.3863594842075,10.7056817590565
133,208_fs2-00001.jpg,44.7189530171431,10.6896812778107
134,208_fs2-00001.jpg,44.0515506936807,10.673477091087
135,208_fs2-00001.jpg,43.3841522394086,10.6570800916695
136,208_fs2-00001.jpg,42.7167573799157,10.6405011723425
137,208_fs2-00001.jpg,42.0493658407904,10.6237512258902
138,208_fs2-00001.jpg,41.3819773476214,10.6068411450968
139,208_fs2-00001.jpg,40.7145916259971,10.5897818227465
140,208_fs2-00001.jpg,40.0472084015063,10.5725841516235
141,208_fs2-00001.jpg,39.3798273997375,10.555259024512
142,208_fs2-00001.jpg,38.7124483462792,10.5378173341962
143,208_fs2-00001.jpg,38.0450709667202,10.5202699734604
144,208_fs2-00001.jpg,37.3776949866489,10.5026278350887
145,208_fs2-00001.jpg,36.7103201316539,10.4849018118654
146,208_fs2-00001.jpg,36.0429461273239,10.4671027965747
147,208_fs2-00001.jpg,35.3755726992475,10.4492416820008
148,208_fs2-00001.jpg,34.7081995730132,10.4313293609279
149,208_fs2-00001.jpg,34.0408264742096,10.4133767261401
150,208_fs2-00001.jpg,33.3734531284254,10.3953946704219
151,208_fs2-00001.jpg,32.7060792612489,10.3773940865572
152,208_fs2-00001.jpg,32.038704598269,10.3593858673303
153,208_fs2-00001.jpg,31.3713288650742,10.3413809055256
154,208_fs2-00001.jpg,30.703951787253,10.3233900939271
155,208_fs2-00001.jpg,30.0365730903941,10.305424325319
156,208_fs2-00001.jpg,29.369192500086,10.2874944924856
157,208_fs2-00001.jpg,28.7018097419174,10.2696114882111
158,208_fs2-00001.jpg,28.0344245414767,10.2517862052798
159,208_fs2-00001.jpg,27.3670366243527,10.2340295364758
160,208_fs2-00001.jpg,26.6996457161339,10.2163523745832
161,208_fs2-00001.jpg,26.0322515424089,10.1987656123864
162,208_fs2-00001.jpg,25.3648538287662,10.1812801426696
163,208_fs2-00001.jpg,24.6974523007945,10.1639068582169
164,208_fs2-00001.jpg,24.0300466840823,10.1466566518126
165,208_fs2-00001.jpg,23.3626367042183,10.1295404162409
166,208_fs2-00001.jpg,22.6952220867911,10.1125690442859
167,208_fs2-00001.jpg,22.0278025573892,10.095753428732
168,208_fs2-00001.jpg,21.3603778416012,10.0791044623633
169,208_fs2-00001.jpg,20.6929476650157,10.062633037964
170,208_fs2-00001.jpg,20.0255117532212,10.0463500483183
171,208_fs2-00001.jpg,19.3580698318065,10.0302663862105
172,208_fs2-00001.jpg,18.69062162636,10.0143929444247
173,208_fs2-00001.jpg,18.0231668624704,9.99874061574525
174,208_fs2-00001.jpg,17.3557052657262,9.98332029295625
175,208_fs2-00001.jpg,16.6882365747854,9.96814286884194
176,208_fs2-00001.jpg,16.0207616362831,9.9532192361865
177,208_fs2-00001.jpg,15.3532811796742,9.93856028777418
178,208_fs2-00001.jpg,14.6857953320543,9.92417691638917
179,208_fs2-00001.jpg,14.0183042205189,9.91008001481572
180,208_fs2-00001.jpg,13.3508079721636,9.89628047583795
181,208_fs2-00001.jpg,12.6833067140839,9.88278919224018
182,208_fs2-00001.jpg,12.0158005733754,9.86961705680659
183,208_fs2-00001.jpg,11.3482896771335,9.85677496232137
184,208_fs2-00001.jpg,10.6807741524538,9.8442738015687
185,208_fs2-00001.jpg,10.0132541264319,9.83212446733285
186,208_fs2-00001.jpg,9.34572972616326,9.82033785239804
187,208_fs2-00001.jpg,8.67820107874343,9.80892484954836
188,208_fs2-00001.jpg,8.01066831126803,9.79789635156817
189,208_fs2-00001.jpg,7.34313155083248,9.78726325124165
190,208_fs2-00001.jpg,6.67559092453246,9.77703644135295
191,208_fs2-00001.jpg,6.00804655946337,9.7672268146863
192,208_fs2-00001.jpg,5.34049858272078,9.75784526402589
193,208_fs2-00001.jpg,4.67294712140034,9.74890268215597
194,208_fs2-00001.jpg,4.00539230259744,9.74040996186079
195,208_fs2-00001.jpg,3.33783425340772,9.73237799592448
196,208_fs2-00001.jpg,2.67027310092664,9.72481767713134
197,208_fs2-00001.jpg,2.00270897224982,9.71773989826545
198,208_fs2-00001.jpg,1.33514199447274,9.71115555211117
199,208_fs2-00001.jpg,0.667572294690956,9.70507553145256
200,208_fs2-00001.jpg,0,9.69951072907395
1,208_fs2-00002.jpg,121.273598196675,-10.4075616856907
2,208_fs2-00002.jpg,121.029190632587,-9.81268026137707
3,208_fs2-00002.jpg,120.777442905873,-9.22081224494599
4,208_fs2-00002.jpg,120.518474478708,-8.63207166892016
5,208_fs2-00002.jpg,120.25240481327,-8.04657256582232
6,208_fs2-00002.jpg,119.979353371735,-7.46442896817524
7,208_fs2-00002.jpg,119.69943961628,-6.88575490850161
8,208_fs2-00002.jpg,119.412783009081,-6.3106644193241
9,208_fs2-00002.jpg,119.119503012317,-5.73927153316555
10,208_fs2-00002.jpg,118.819719088162,-5.17169028254858
11,208_fs2-00002.jpg,118.513550698795,-4.60803469999593
12,208_fs2-00002.jpg,118.201117306391,-4.04841881803031
13,208_fs2-00002.jpg,117.882538373127,-3.49295666917448
14,208_fs2-00002.jpg,117.557933361181,-2.9417622859512
15,208_fs2-00002.jpg,117.227421732729,-2.3949497008831
16,208_fs2-00002.jpg,116.891122949947,-1.85263294649292
17,208_fs2-00002.jpg,116.549156475013,-1.31492605530343
18,208_fs2-00002.jpg,116.201641770103,-0.781943059837317
19,208_fs2-00002.jpg,115.848698297394,-0.253797992617308
20,208_fs2-00002.jpg,115.490445519063,0.269395113833866
21,208_fs2-00002.jpg,115.127002897286,0.787522226993531
22,208_fs2-00002.jpg,114.75848989424,1.3004693143389
23,208_fs2-00002.jpg,114.385025972102,1.80812234334724
24,208_fs2-00002.jpg,114.006730593048,2.31036728149593
25,208_fs2-00002.jpg,113.623723219256,2.80709009626213
26,208_fs2-00002.jpg,113.236123312902,3.29817675512317
27,208_fs2-00002.jpg,112.844050336163,3.78351322555636
28,208_fs2-00002.jpg,112.447623751215,4.26298547503899
29,208_fs2-00002.jpg,112.046963020235,4.7364794710482
30,208_fs2-00002.jpg,111.642187605401,5.20388118106143
31,208_fs2-00002.jpg,111.233416968888,5.6650765725559
32,208_fs2-00002.jpg,110.820770572874,6.11995161300888
33,208_fs2-00002.jpg,110.404367879535,6.56839226989763
34,208_fs2-00002.jpg,109.984328351049,7.01028451069942
35,208_fs2-00002.jpg,109.56077144959,7.44551430289164
36,208_fs2-00002.jpg,109.133816637338,7.87396761395144
37,208_fs2-00002.jpg,108.703583376467,8.29553041135614
38,208_fs2-00002.jpg,108.266298686403,8.71008866258302
39,208_fs2-00002.jpg,107.816144505426,9.11752833510934
40,208_fs2-00002.jpg,107.353539165759,9.51773539641243
41,208_fs2-00002.jpg,106.878978914479,9.91059581396956
42,208_fs2-00002.jpg,106.392959998666,10.2959955552579
43,208_fs2-00002.jpg,105.895978665397,10.6738205877549
44,208_fs2-00002.jpg,105.38853116175,11.0439568789378
45,208_fs2-00002.jpg,104.871113734804,11.4062903962837
46,208_fs2-00002.jpg,104.344222631636,11.7607071072701
47,208_fs2-00002.jpg,103.808354099325,12.1070929793742
48,208_fs2-00002.jpg,103.26400438495,12.4453339800731
49,208_fs2-00002.jpg,102.711669735587,12.7753160768444
50,208_fs2-00002.jpg,102.151846398316,13.0969252371652
51,208_fs2-00002.jpg,101.585030620215,13.4100474285128
52,208_fs2-00002.jpg,101.011718648361,13.7145686183645
53,208_fs2-00002.jpg,100.432406729833,14.0103747741975
54,208_fs2-00002.jpg,99.8475911117093,14.2973518634892
55,208_fs2-00002.jpg,99.2577680410677,14.5753858537167
56,208_fs2-00002.jpg,98.6634337649866,14.8443627123575
57,208_fs2-00002.jpg,98.065084530544,15.1041684068888
58,208_fs2-00002.jpg,97.4632165848183,15.3546889047878
59,208_fs2-00002.jpg,96.8583261748874,15.5958101735318
60,208_fs2-00002.jpg,96.2509095478297,15.8274181805981
61,208_fs2-00002.jpg,95.6414629507232,16.049398893464
62,208_fs2-00002.jpg,95.0304826306461,16.2616382796068
63,208_fs2-00002.jpg,94.4184648346767,16.4640223065037
64,208_fs2-00002.jpg,93.805905809893,16.6564369416321
65,208_fs2-00002.jpg,93.1933018033733,16.8387681524691
66,208_fs2-00002.jpg,92.5811490621958,17.0109019064921
67,208_fs2-00002.jpg,91.9699438334385,17.1727241711783
68,208_fs2-00002.jpg,91.3601823641796,17.3241209140052
69,208_fs2-00002.jpg,90.7523609014975,17.4649781024498
70,208_fs2-00002.jpg,90.1469756924701,17.5951817039895
71,208_fs2-00002.jpg,89.5445229841757,17.7146176861015
72,208_fs2-00002.jpg,88.9454990236925,17.8231720162632
73,208_fs2-00002.jpg,88.3502672157162,17.9207309553146
74,208_fs2-00002.jpg,87.7535609296576,18.007270954813
75,208_fs2-00002.jpg,87.152619845707,18.0829855749
76,208_fs2-00002.jpg,86.547688037248,18.1481003821567
77,208_fs2-00002.jpg,85.9390095776639,18.2028409431645
78,208_fs2-00002.jpg,85.3268285403382,18.2474328245045
79,208_fs2-00002.jpg,84.7113889986543,18.2821015927581
80,208_fs2-00002.jpg,84.0929350259957,18.3070728145063
81,208_fs2-00002.jpg,83.4717106957457,18.3225720563306
82,208_fs2-00002.jpg,82.847960081288,18.3288248848121
83,208_fs2-00002.jpg,82.2219272560058,18.326056866532
84,208_fs2-00002.jpg,81.5938562932827,18.3144935680717
85,208_fs2-00002.jpg,80.963991266502,18.2943605560122
86,208_fs2-00002.jpg,80.3325762490472,18.265883396935
87,208_fs2-00002.jpg,79.6998553143018,18.2292876574212
88,208_fs2-00002.jpg,79.0660725356491,18.1847989040521
89,208_fs2-00002.jpg,78.4314719864727,18.1326427034087
90,208_fs2-00002.jpg,77.7962977401559,18.0730446220726
91,208_fs2-00002.jpg,77.1607938700823,18.0062302266249
92,208_fs2-00002.jpg,76.5252044496352,17.9324250836468
93,208_fs2-00002.jpg,75.889773552198,17.8518547597195
94,208_fs2-00002.jpg,75.2547452511543,17.7647448214243
95,208_fs2-00002.jpg,74.6203636198875,17.6713208353424
96,208_fs2-00002.jpg,73.986872731781,17.5718083680551
97,208_fs2-00002.jpg,73.3545166602182,17.4664329861437
98,208_fs2-00002.jpg,72.7235394785826,17.3554202561893
99,208_fs2-00002.jpg,72.0941852602576,17.2389957447731
100,208_fs2-00002.jpg,71.4666980786267,17.1173850184766
101,208_fs2-00002.jpg,70.8413220070733,16.9908136438808
102,208_fs2-00002.jpg,70.2183011189808,16.8595071875669
103,208_fs2-00002.jpg,69.5978794877328,16.7236912161163
104,208_fs2-00002.jpg,68.9803011867125,16.5835912961102
105,208_fs2-00002.jpg,68.3658102893035,16.4394329941299
106,208_fs2-00002.jpg,67.7546508688893,16.2914418767565
107,208_fs2-00002.jpg,67.1461904172318,16.1398238614734
108,208_fs2-00002.jpg,66.5393466254277,15.9846892076238
109,208_fs2-00002.jpg,65.9340381695147,15.8261191073106
110,208_fs2-00002.jpg,65.3301877786855,15.6641947459291
111,208_fs2-00002.jpg,64.7277181821327,15.4989973088745
112,208_fs2-00002.jpg,64.1265521090489,15.3306079815421
113,208_fs2-00002.jpg,63.5266122886266,15.159107949327
114,208_fs2-00002.jpg,62.9278214500586,14.9845783976245
115,208_fs2-00002.jpg,62.3301023225373,14.8071005118298
116,208_fs2-00002.jpg,61.7333776352555,14.6267554773382
117,208_fs2-00002.jpg,61.1375701174056,14.4436244795448
118,208_fs2-00002.jpg,60.5426024981804,14.2577887038449
119,208_fs2-00002.jpg,59.9483975067723,14.0693293356337
120,208_fs2-00002.jpg,59.3548778723741,13.8783275603064
121,208_fs2-00002.jpg,58.7619663241783,13.6848645632584
122,208_fs2-00002.jpg,58.1695855913775,13.4890215298847
123,208_fs2-00002.jpg,57.5776584031643,13.2908796455806
124,208_fs2-00002.jpg,56.9861074887313,13.0905200957414
125,208_fs2-00002.jpg,56.3948555772711,12.8880240657622
126,208_fs2-00002.jpg,55.8038253979764,12.6834727410384
127,208_fs2-00002.jpg,55.2129396800397,12.476947306965
128,208_fs2-00002.jpg,54.6221211526537,12.2685289489374
129,208_fs2-00002.jpg,54.0312925450108,12.0582988523508
130,208_fs2-00002.jpg,53.4403765863038,11.8463382026004
131,208_fs2-00002.jpg,52.8492960057253,11.6327281850813
132,208_fs2-00002.jpg,52.2579735324678,11.4175499851889
133,208_fs2-00002.jpg,51.6663318957239,11.2008847883184
134,208_fs2-00002.jpg,51.0742938246863,10.982813779865
135,208_fs2-00002.jpg,50.4817820485475,10.763418145224
136,208_fs2-00002.jpg,49.8887192965002,10.5427790697904
137,208_fs2-00002.jpg,49.2950301198587,10.3209777410416
138,208_fs2-00002.jpg,48.7016696231652,10.0981238626326
139,208_fs2-00002.jpg,48.1094112079066,9.87442724075237
140,208_fs2-00002.jpg,47.5181474928132,9.65011963484955
141,208_fs2-00002.jpg,46.927771096615,9.42543280437286
142,208_fs2-00002.jpg,46.3381746380422,9.2005985087709
143,208_fs2-00002.jpg,45.7492507358251,8.9758485074924
144,208_fs2-00002.jpg,45.1608920086935,8.75141455998602
145,208_fs2-00002.jpg,44.5729910753778,8.52752842570044
146,208_fs2-00002.jpg,43.9854405546081,8.3044218640843
147,208_fs2-00002.jpg,43.3981330651146,8.08232663458637
148,208_fs2-00002.jpg,42.8109612256272,7.86147449665526
149,208_fs2-00002.jpg,42.2238176548763,7.64209720973963
150,208_fs2-00002.jpg,41.6365949715919,7.42442653328817
151,208_fs2-00002.jpg,41.0491857945042,7.20869422674957
152,208_fs2-00002.jpg,40.4614827423433,6.99513204957248
153,208_fs2-00002.jpg,39.8733784338393,6.78397176120563
154,208_fs2-00002.jpg,39.2847654877224,6.57544512109763
155,208_fs2-00002.jpg,38.6955365227228,6.36978388869721
156,208_fs2-00002.jpg,38.1055841575705,6.16721982345297
157,208_fs2-00002.jpg,37.5148010109958,5.9679846848137
158,208_fs2-00002.jpg,36.9230797017287,5.77231023222794
159,208_fs2-00002.jpg,36.3303128484994,5.58042822514449
160,208_fs2-00002.jpg,35.736393070038,5.39257042301193
161,208_fs2-00002.jpg,35.1412129850747,5.20896858527902
162,208_fs2-00002.jpg,34.5446652123397,5.02985447139434
163,208_fs2-00002.jpg,33.9466423705629,4.85545984080665
164,208_fs2-00002.jpg,33.3470370784747,4.68601645296457
165,208_fs2-00002.jpg,32.7457419548051,4.52175606731686
166,208_fs2-00002.jpg,32.1426496182843,4.36291044331205
167,208_fs2-00002.jpg,31.5376526876424,4.20971134039894
168,208_fs2-00002.jpg,30.9306437816096,4.06239051802618
169,208_fs2-00002.jpg,30.3217766380788,3.9211797356424
170,208_fs2-00002.jpg,29.7117594555461,3.78631075269635
171,208_fs2-00002.jpg,29.100641955944,3.65801532863662
172,208_fs2-00002.jpg,28.4884264794245,3.53652522291196
173,208_fs2-00002.jpg,27.8751153661396,3.42207219497095
174,208_fs2-00002.jpg,27.2607109562413,3.3148880042624
175,208_fs2-00002.jpg,26.6452155898816,3.21520441023489
176,208_fs2-00002.jpg,26.0286316072125,3.12325317233706
177,208_fs2-00002.jpg,25.410961348386,3.03926605001772
178,208_fs2-00002.jpg,24.792207153554,2.96347480272544
179,208_fs2-00002.jpg,24.1723713628685,2.89611118990894
180,208_fs2-00002.jpg,23.5514563164816,2.83740697101683
181,208_fs2-00002.jpg,22.9294643545452,2.78759390549789
182,208_fs2-00002.jpg,22.3063978172113,2.74690375280073
183,208_fs2-00002.jpg,21.682259044632,2.71556827237401
184,208_fs2-00002.jpg,21.0570503769591,2.69381922366648
185,208_fs2-00002.jpg,20.4307741543447,2.68188836612677
186,208_fs2-00002.jpg,19.8034327169408,2.68000745920352
187,208_fs2-00002.jpg,19.1750284048994,2.68840826234543
188,208_fs2-00002.jpg,18.5455635583724,2.7073225350012
189,208_fs2-00002.jpg,17.9150405175118,2.73698203661951
190,208_fs2-00002.jpg,17.2834616224697,2.77761852664895
191,208_fs2-00002.jpg,16.650829213398,2.82946376453833
192,208_fs2-00002.jpg,16.0171456304487,2.89274950973623
193,208_fs2-00002.jpg,15.3824132137738,2.96770752169135
194,208_fs2-00002.jpg,14.7466343035254,3.05456955985238
195,208_fs2-00002.jpg,14.1098112398553,3.15356738366796
196,208_fs2-00002.jpg,13.4719463629155,3.26493275258679
197,208_fs2-00002.jpg,12.8330420128581,3.38889742605755
198,208_fs2-00002.jpg,12.1931005298351,3.52569316352896
199,208_fs2-00002.jpg,11.5521242539985,3.67555172444958
200,208_fs2-00002.jpg,10.9101155255001,3.83870486826817
1,208_fs2-00003.jpg,120.259227951536,-22.9406696034141
2,208_fs2-00003.jpg,119.943465977455,-22.5619595674459
3,208_fs2-00003.jpg,119.626072534052,-22.1711047756128
4,208_fs2-00003.jpg,119.307057127251,-21.7683996949867
5,208_fs2-00003.jpg,118.986429262975,-21.3541387926394
6,208_fs2-00003.jpg,118.664198447145,-20.928616535643
7,208_fs2-00003.jpg,118.340374185685,-20.4921273910693
8,208_fs2-00003.jpg,118.014965984518,-20.0449658259902
9,208_fs2-00003.jpg,117.687983349566,-19.5874263074775
10,208_fs2-00003.jpg,117.359435786753,-19.1198033026033
11,208_fs2-00003.jpg,117.029332802,-18.6423912784394
12,208_fs2-00003.jpg,116.697683901231,-18.1554847020577
13,208_fs2-00003.jpg,116.364498590368,-17.6593780405301
14,208_fs2-00003.jpg,116.029786375335,-17.1543657609286
15,208_fs2-00003.jpg,115.693556762054,-16.640742330325
16,208_fs2-00003.jpg,115.355819256448,-16.1188022157913
17,208_fs2-00003.jpg,115.016583364439,-15.5888398843992
18,208_fs2-00003.jpg,114.675858591951,-15.0511498032209
19,208_fs2-00003.jpg,114.333654444906,-14.5060264393281
20,208_fs2-00003.jpg,113.989980429227,-13.9537642597928
21,208_fs2-00003.jpg,113.644846050837,-13.3946577316868
22,208_fs2-00003.jpg,113.298260815658,-12.8290013220821
23,208_fs2-00003.jpg,112.950234229614,-12.2570894980506
24,208_fs2-00003.jpg,112.600775798627,-11.6792167266642
25,208_fs2-00003.jpg,112.24989502862,-11.0956774749948
26,208_fs2-00003.jpg,111.897601425515,-10.5067662101142
27,208_fs2-00003.jpg,111.543904495236,-9.91277739909452
28,208_fs2-00003.jpg,111.188813743706,-9.31400550900747
29,208_fs2-00003.jpg,110.832338676846,-8.71074500692509
30,208_fs2-00003.jpg,110.47448880058,-8.10329035991919
31,208_fs2-00003.jpg,110.115273620831,-7.49193603506171
32,208_fs2-00003.jpg,109.754702643521,-6.87697649942453
33,208_fs2-00003.jpg,109.392785374574,-6.25870622007966
34,208_fs2-00003.jpg,109.029531319911,-5.63741966409884
35,208_fs2-00003.jpg,108.664949985457,-5.01341129855416
36,208_fs2-00003.jpg,108.299050877132,-4.38697559051735
37,208_fs2-00003.jpg,107.931843500861,-3.75840700706044
38,208_fs2-00003.jpg,107.563337362567,-3.12800001525528
39,208_fs2-00003.jpg,107.193541968171,-2.49604908217378
40,208_fs2-00003.jpg,106.822466823596,-1.8628486748878
41,208_fs2-00003.jpg,106.450121434767,-1.22869326046936
42,208_fs2-00003.jpg,106.076515307604,-0.593877305990304
43,208_fs2-00003.jpg,105.701657948032,0.041304721477502
44,208_fs2-00003.jpg,105.325558861972,0.676558354862095
45,208_fs2-00003.jpg,104.948227555348,1.31158912709162
46,208_fs2-00003.jpg,104.569673534083,1.94610257109412
47,208_fs2-00003.jpg,104.189906304098,2.57980421979767
48,208_fs2-00003.jpg,103.809341577582,3.21239960613048
49,208_fs2-00003.jpg,103.429712655804,3.84359426302052
50,208_fs2-00003.jpg,103.051047078364,4.47309372339595
51,208_fs2-00003.jpg,102.673149887804,5.10060352018485
52,208_fs2-00003.jpg,102.295826126665,5.72582918631531
53,208_fs2-00003.jpg,101.91888083749,6.34847625471548
54,208_fs2-00003.jpg,101.542119062818,6.96825025831333
55,208_fs2-00003.jpg,101.165345845193,7.58485673003707
56,208_fs2-00003.jpg,100.788366227154,8.19800120281479
57,208_fs2-00003.jpg,100.410985251244,8.80738920957447
58,208_fs2-00003.jpg,100.033007960005,9.41272628324435
59,208_fs2-00003.jpg,99.6542393959763,10.0137179567524
60,208_fs2-00003.jpg,99.274484601701,10.6100697630268
61,208_fs2-00003.jpg,98.8935486197203,11.2014872349956
62,208_fs2-00003.jpg,98.5112364925754,11.787675905587
63,208_fs2-00003.jpg,98.1273532628078,12.3683413077289
64,208_fs2-00003.jpg,97.7417039729592,12.9431889743496
65,208_fs2-00003.jpg,97.3540936655708,13.511924438377
66,208_fs2-00003.jpg,96.9643273831841,14.0742532327394
67,208_fs2-00003.jpg,96.5722101683406,14.6298808903647
68,208_fs2-00003.jpg,96.1775470635818,15.1785129441811
69,208_fs2-00003.jpg,95.780143111449,15.7198549271166
70,208_fs2-00003.jpg,95.3798033544838,16.2536123720995
71,208_fs2-00003.jpg,94.9763328352277,16.7794908120577
72,208_fs2-00003.jpg,94.569536596222,17.2971957799193
73,208_fs2-00003.jpg,94.1592196800082,17.8064328086126
74,208_fs2-00003.jpg,93.7451871291277,18.3069074310654
75,208_fs2-00003.jpg,93.3272439861221,18.7983251802061
76,208_fs2-00003.jpg,92.9051952935328,19.2803915889625
77,208_fs2-00003.jpg,92.4788460939012,19.7528121902629
78,208_fs2-00003.jpg,92.0480014297688,20.2152925170353
79,208_fs2-00003.jpg,91.6124663436769,20.6675381022078
80,208_fs2-00003.jpg,91.1720458781673,21.1092544787085
81,208_fs2-00003.jpg,90.7265450757812,21.5401471794656
82,208_fs2-00003.jpg,90.2757689790601,21.9599217374071
83,208_fs2-00003.jpg,89.8195226305455,22.3682836854611
84,208_fs2-00003.jpg,89.3576110727787,22.7649385565556
85,208_fs2-00003.jpg,88.8898393483014,23.1495918836188
86,208_fs2-00003.jpg,88.4160124996549,23.5219491995788
87,208_fs2-00003.jpg,87.9359355693806,23.8817160373638
88,208_fs2-00003.jpg,87.4494136000201,24.2285979299016
89,208_fs2-00003.jpg,86.9562516341148,24.5623004101206
90,208_fs2-00003.jpg,86.4562547142061,24.8825290109487
91,208_fs2-00003.jpg,85.9492278828356,25.1889892653141
92,208_fs2-00003.jpg,85.4349761825446,25.4813867061448
93,208_fs2-00003.jpg,84.9093719137871,25.7594353215048
94,208_fs2-00003.jpg,84.3613928439162,26.0229391037936
95,208_fs2-00003.jpg,83.7919489643858,26.2717564056935
96,208_fs2-00003.jpg,83.2027651440116,26.5057463330135
97,208_fs2-00003.jpg,82.5955662516092,26.7247679915628
98,208_fs2-00003.jpg,81.9720771559943,26.9286804871502
99,208_fs2-00003.jpg,81.3340227259827,27.1173429255848
100,208_fs2-00003.jpg,80.6831278303901,27.2906144126757
101,208_fs2-00003.jpg,80.0211173380321,27.4483540542318
102,208_fs2-00003.jpg,79.3497161177245,27.5904209560622
103,208_fs2-00003.jpg,78.6706490382829,27.7166742239759
104,208_fs2-00003.jpg,77.9856409685231,27.8269729637818
105,208_fs2-00003.jpg,77.2964167772607,27.9211762812891
106,208_fs2-00003.jpg,76.6047013333114,27.9991432823068
107,208_fs2-00003.jpg,75.9122195054909,28.0607330726438
108,208_fs2-00003.jpg,75.2206961626149,28.1058047581091
109,208_fs2-00003.jpg,74.5318561734992,28.1342174445119
110,208_fs2-00003.jpg,73.8474244069593,28.1458302376611
111,208_fs2-00003.jpg,73.1691257318111,28.1405022433657
112,208_fs2-00003.jpg,72.4986850168701,28.1180925674348
113,208_fs2-00003.jpg,71.8378271309522,28.0784603156773
114,208_fs2-00003.jpg,71.1882769428729,28.0214645939024
115,208_fs2-00003.jpg,70.551759321448,27.9469645079189
116,208_fs2-00003.jpg,69.9264450568605,27.8548370739097
117,208_fs2-00003.jpg,69.2995022243724,27.745217441621
118,208_fs2-00003.jpg,68.6702106177751,27.6184345480119
119,208_fs2-00003.jpg,68.0392828382184,27.4748220385929
120,208_fs2-00003.jpg,67.4074314868517,27.3147135588742
121,208_fs2-00003.jpg,66.7753691648251,27.1384427543663
122,208_fs2-00003.jpg,66.1438084732879,26.9463432705796
123,208_fs2-00003.jpg,65.51346201339,26.7387487530245
124,208_fs2-00003.jpg,64.8850423862809,26.5159928472114
125,208_fs2-00003.jpg,64.2592621931104,26.2784091986505
126,208_fs2-00003.jpg,63.6368340350282,26.0263314528523
127,208_fs2-00003.jpg,63.0184705131839,25.7600932553273
128,208_fs2-00003.jpg,62.4048842287272,25.4800282515857
129,208_fs2-00003.jpg,61.7967877828078,25.186470087138
130,208_fs2-00003.jpg,61.1948937765754,24.8797524074947
131,208_fs2-00003.jpg,60.5999148111796,24.5602088581659
132,208_fs2-00003.jpg,60.0125634877701,24.2281730846621
133,208_fs2-00003.jpg,59.4335524074966,23.8839787324938
134,208_fs2-00003.jpg,58.8635941715087,23.5279594471712
135,208_fs2-00003.jpg,58.3034013809563,23.1604488742049
136,208_fs2-00003.jpg,57.7536866369888,22.7817806591051
137,208_fs2-00003.jpg,57.2151625407561,22.3922884473823
138,208_fs2-00003.jpg,56.6885416934077,21.9923058845468
139,208_fs2-00003.jpg,56.1743473102014,21.5821702389173
140,208_fs2-00003.jpg,55.6715449856877,21.1623088565622
141,208_fs2-00003.jpg,55.1792429622774,20.7332430808867
142,208_fs2-00003.jpg,54.6967007374146,20.295498662468
143,208_fs2-00003.jpg,54.2231778085431,19.8496013518829
144,208_fs2-00003.jpg,53.7579336731069,19.3960768997086
145,208_fs2-00003.jpg,53.3002278285497,18.9354510565221
146,208_fs2-00003.jpg,52.8493197723155,18.4682495729003
147,208_fs2-00003.jpg,52.4044690018482,17.9949981994204
148,208_fs2-00003.jpg,51.9649350145916,17.5162226866594
149,208_fs2-00003.jpg,51.5299773079896,17.0324487851941
150,208_fs2-00003.jpg,51.0988553794862,16.5442022456018
151,208_fs2-00003.jpg,50.6708287265251,16.0520088184593
152,208_fs2-00003.jpg,50.2451568465503,15.5563942543438
153,208_fs2-00003.jpg,49.8210992370057,15.0578843038322
154,208_fs2-00003.jpg,49.3979153953351,14.5570047175016
155,208_fs2-00003.jpg,48.9748648189825,14.054281245929
156,208_fs2-00003.jpg,48.5512070053917,13.5502396396914
157,208_fs2-00003.jpg,48.1262014520065,13.0454056493658
158,208_fs2-00003.jpg,47.699107656271,12.5403050255293
159,208_fs2-00003.jpg,47.2691851156289,12.0354635187588
160,208_fs2-00003.jpg,46.8356933275242,11.5314068796315
161,208_fs2-00003.jpg,46.3978917894006,11.0286608587243
162,208_fs2-00003.jpg,45.9550399987023,10.5277512066143
163,208_fs2-00003.jpg,45.5063974528728,10.0292036738783
164,208_fs2-00003.jpg,45.0512236493563,9.53354401109362
165,208_fs2-00003.jpg,44.5890125414936,9.04129704887873
166,208_fs2-00003.jpg,44.1247366867329,8.552862880909
167,208_fs2-00003.jpg,43.6604168614447,8.06839176593923
168,208_fs2-00003.jpg,43.1957323998427,7.58800417173006
169,208_fs2-00003.jpg,42.730362636141,7.1118205660423
170,208_fs2-00003.jpg,42.2639869045533,6.63996141663677
171,208_fs2-00003.jpg,41.7962845392938,6.17254719127419
172,208_fs2-00003.jpg,41.3269348745762,5.7096983577153
173,208_fs2-00003.jpg,40.8556172446145,5.25153538372086
174,208_fs2-00003.jpg,40.3820109836226,4.79817873705167
175,208_fs2-00003.jpg,39.9057954258143,4.3497488854685
176,208_fs2-00003.jpg,39.4266499054038,3.90636629673207
177,208_fs2-00003.jpg,38.9442537566047,3.46815143860317
178,208_fs2-00003.jpg,38.4582863136312,3.03522477884252
179,208_fs2-00003.jpg,37.9684269106969,2.60770678521095
180,208_fs2-00003.jpg,37.474354882016,2.18571792546919
181,208_fs2-00003.jpg,36.9757495618023,1.76937866737796
182,208_fs2-00003.jpg,36.4722902842697,1.35880947869805
183,208_fs2-00003.jpg,35.9636563836321,0.954130827190284
184,208_fs2-00003.jpg,35.4495271941034,0.555463180615334
185,208_fs2-00003.jpg,34.9295719650539,0.16292700673398
186,208_fs2-00003.jpg,34.4035393862016,-0.22335722669294
187,208_fs2-00003.jpg,33.8715417006636,-0.603269051904761
188,208_fs2-00003.jpg,33.3337406383264,-0.976688001140701
189,208_fs2-00003.jpg,32.7902979290765,-1.34349360663998
190,208_fs2-00003.jpg,32.2413753028006,-1.70356540064182
191,208_fs2-00003.jpg,31.687134489385,-2.05678291538544
192,208_fs2-00003.jpg,31.1277372187164,-2.40302568311017
193,208_fs2-00003.jpg,30.5633452206813,-2.74217323605518
194,208_fs2-00003.jpg,29.9941202251662,-3.07410510645968
195,208_fs2-00003.jpg,29.4202239620576,-3.39870082656302
196,208_fs2-00003.jpg,28.8418181612421,-3.71583992860434
197,208_fs2-00003.jpg,28.2590645526063,-4.02540194482287
198,208_fs2-00003.jpg,27.6721248660367,-4.3272664074579
199,208_fs2-00003.jpg,27.0811608314197,-4.62131284874869
200,208_fs2-00003.jpg,26.4863341786419,-4.9074208009344
1,208_fs2-00004.jpg,124.023668639053,-29.6129716603315
2,208_fs2-00004.jpg,123.472120083073,-29.2125444272147
3,208_fs2-00004.jpg,122.9241476411,-28.8053377781875
4,208_fs2-00004.jpg,122.379839580946,-28.3914529222926
5,208_fs2-00004.jpg,121.839284170423,-27.9709910685725
6,208_fs2-00004.jpg,121.302569677342,-27.5440534260697
7,208_fs2-00004.jpg,120.769784369516,-27.1107412038267
8,208_fs2-00004.jpg,120.241016514756,-26.6711556108862
9,208_fs2-00004.jpg,119.716354380875,-26.2253978562906
10,208_fs2-00004.jpg,119.195886235684,-25.7735691490824
11,208_fs2-00004.jpg,118.679700346995,-25.3157706983042
12,208_fs2-00004.jpg,118.16788498262,-24.8521037129986
13,208_fs2-00004.jpg,117.660528410371,-24.382669402208
14,208_fs2-00004.jpg,117.157718898059,-23.907568974975
15,208_fs2-00004.jpg,116.659544713497,-23.4269036403422
16,208_fs2-00004.jpg,116.166094124497,-22.9407746073521
17,208_fs2-00004.jpg,115.67745539887,-22.4492830850472
18,208_fs2-00004.jpg,115.193716804428,-21.95253028247
19,208_fs2-00004.jpg,114.714966608983,-21.4506174086632
20,208_fs2-00004.jpg,114.241293080347,-20.9436456726692
21,208_fs2-00004.jpg,113.772784486331,-20.4317162835304
22,208_fs2-00004.jpg,113.309529094749,-19.9149304502897
23,208_fs2-00004.jpg,112.851615173411,-19.3933893819893
24,208_fs2-00004.jpg,112.399130990129,-18.8671942876719
25,208_fs2-00004.jpg,111.952164812716,-18.33644637638
26,208_fs2-00004.jpg,111.510804908983,-17.8012468571562
27,208_fs2-00004.jpg,111.075139546742,-17.2616969390428
28,208_fs2-00004.jpg,110.645256993805,-16.7178978310827
29,208_fs2-00004.jpg,110.221245517984,-16.1699507423182
30,208_fs2-00004.jpg,109.80319338709,-15.6179568817919
31,208_fs2-00004.jpg,109.391188868936,-15.0620174585462
32,208_fs2-00004.jpg,108.985320231334,-14.5022336816239
33,208_fs2-00004.jpg,108.585675742094,-13.9387067600673
34,208_fs2-00004.jpg,108.19234366903,-13.371537902919
35,208_fs2-00004.jpg,107.805412279953,-12.8008283192217
36,208_fs2-00004.jpg,107.424969842675,-12.2266792180177
37,208_fs2-00004.jpg,107.051104625008,-11.6491918083497
38,208_fs2-00004.jpg,106.684177863426,-11.0684672992601
39,208_fs2-00004.jpg,106.325335695166,-10.4846068997915
40,208_fs2-00004.jpg,105.974355284307,-9.89771181898652
41,208_fs2-00004.jpg,105.630842471898,-9.30788326588754
42,208_fs2-00004.jpg,105.294403098986,-8.71522244953724
43,208_fs2-00004.jpg,104.964643006619,-8.11983057897805
44,208_fs2-00004.jpg,104.641168035843,-7.52180886325255
45,208_fs2-00004.jpg,104.323584027708,-6.92125851140327
46,208_fs2-00004.jpg,104.011496823259,-6.31828073247277
47,208_fs2-00004.jpg,103.704512263546,-5.71297673550356
48,208_fs2-00004.jpg,103.402236189614,-5.10544772953813
49,208_fs2-00004.jpg,103.104274442513,-4.49579492361914
50,208_fs2-00004.jpg,102.81023286329,-3.88411952678899
51,208_fs2-00004.jpg,102.519717292991,-3.27052274809034
52,208_fs2-00004.jpg,102.232333572665,-2.65510579656564
53,208_fs2-00004.jpg,101.94768754336,-2.03796988125742
54,208_fs2-00004.jpg,101.665385046122,-1.41921621120827
55,208_fs2-00004.jpg,101.385031922,-0.798945995460713
56,208_fs2-00004.jpg,101.10623401204,-0.177260443057264
57,208_fs2-00004.jpg,100.828597157292,0.445739236959525
58,208_fs2-00004.jpg,100.551727198801,1.0699518355471
59,208_fs2-00004.jpg,100.275229977616,1.69527614366302
60,208_fs2-00004.jpg,99.9987113347844,2.32161095226462
61,208_fs2-00004.jpg,99.7217771113536,2.94885505230945
62,208_fs2-00004.jpg,99.4440331483713,3.57690723475491
63,208_fs2-00004.jpg,99.1650852868849,4.20566629055855
64,208_fs2-00004.jpg,98.8845393679421,4.83503101067771
65,208_fs2-00004.jpg,98.6020012325905,5.46490018607
66,208_fs2-00004.jpg,98.3170767218776,6.0951726076928
67,208_fs2-00004.jpg,98.0293716768509,6.72574706650357
68,208_fs2-00004.jpg,97.7384919385582,7.35652235345975
69,208_fs2-00004.jpg,97.4440433480468,7.9873972595189
70,208_fs2-00004.jpg,97.1456317463645,8.61827057563841
71,208_fs2-00004.jpg,96.8428629745587,9.24904109277577
72,208_fs2-00004.jpg,96.5353428736771,9.87960760188844
73,208_fs2-00004.jpg,96.2226772847672,10.5098688939339
74,208_fs2-00004.jpg,95.9044720488766,11.1397237598695
75,208_fs2-00004.jpg,95.5803330070529,11.7690709906529
76,208_fs2-00004.jpg,95.253089314419,12.3977953028427
77,208_fs2-00004.jpg,94.9279053681508,13.0256925694867
78,208_fs2-00004.jpg,94.6044127992655,13.6525240924117
79,208_fs2-00004.jpg,94.2821423825318,14.278051095872
80,208_fs2-00004.jpg,93.9606248927183,14.902034804122
81,208_fs2-00004.jpg,93.639391104594,15.5242364414161
82,208_fs2-00004.jpg,93.3179717929274,16.1444172320088
83,208_fs2-00004.jpg,92.9958977324874,16.7623384001544
84,208_fs2-00004.jpg,92.6726996980426,17.3777611701072
85,208_fs2-00004.jpg,92.3479084643618,17.9904467661217
86,208_fs2-00004.jpg,92.0210548062137,18.6001564124523
87,208_fs2-00004.jpg,91.6916694983672,19.2066513333534
88,208_fs2-00004.jpg,91.3592833155908,19.8096927530793
89,208_fs2-00004.jpg,91.0234270326533,20.4090418958845
90,208_fs2-00004.jpg,90.6836314243236,21.0044599860233
91,208_fs2-00004.jpg,90.3394272653703,21.5957082477502
92,208_fs2-00004.jpg,89.9903453305621,22.1825479053194
93,208_fs2-00004.jpg,89.6359163946678,22.7647401829856
94,208_fs2-00004.jpg,89.2756712324561,23.3420463050029
95,208_fs2-00004.jpg,88.9091406186957,23.9142274956258
96,208_fs2-00004.jpg,88.5358553281555,24.4810449791087
97,208_fs2-00004.jpg,88.1553461356041,25.042259979706
98,208_fs2-00004.jpg,87.7671438158103,25.5976337216722
99,208_fs2-00004.jpg,87.3707791435428,26.1469274292614
100,208_fs2-00004.jpg,86.9657828935703,26.6899023267283
101,208_fs2-00004.jpg,86.5516858406615,27.2263196383271
102,208_fs2-00004.jpg,86.1280187595854,27.7559405883123
103,208_fs2-00004.jpg,85.6943124251104,28.2785264009382
104,208_fs2-00004.jpg,85.2500976120054,28.7938383004592
105,208_fs2-00004.jpg,84.7925661559876,29.3016142339722
106,208_fs2-00004.jpg,84.3126170738151,29.8012512986245
107,208_fs2-00004.jpg,83.8105936788898,30.2918879610996
108,208_fs2-00004.jpg,83.2878804084057,30.7726562486127
109,208_fs2-00004.jpg,82.7458616995569,31.2426881883792
110,208_fs2-00004.jpg,82.1859219895375,31.7011158076145
111,208_fs2-00004.jpg,81.6094457155416,32.1470711335341
112,208_fs2-00004.jpg,81.0178173147632,32.5796861933532
113,208_fs2-00004.jpg,80.4124212243966,32.9980930142872
114,208_fs2-00004.jpg,79.7946418816356,33.4014236235516
115,208_fs2-00004.jpg,79.1658637236745,33.7888100483617
116,208_fs2-00004.jpg,78.5274711877072,34.1593843159328
117,208_fs2-00004.jpg,77.880848710928,34.5122784534805
118,208_fs2-00004.jpg,77.2273807305307,34.84662448822
119,208_fs2-00004.jpg,76.5684516837097,35.1615544473667
120,208_fs2-00004.jpg,75.9054460076589,35.456200358136
121,208_fs2-00004.jpg,75.2397481395724,35.7296942477433
122,208_fs2-00004.jpg,74.5727425166443,35.9811681434039
123,208_fs2-00004.jpg,73.9058135760687,36.2097540723333
124,208_fs2-00004.jpg,73.2403457550397,36.4145840617468
125,208_fs2-00004.jpg,72.5777234907513,36.5947901388598
126,208_fs2-00004.jpg,71.9193312203977,36.7495043308877
127,208_fs2-00004.jpg,71.2665533811729,36.8778586650459
128,208_fs2-00004.jpg,70.620774410271,36.9789851685497
129,208_fs2-00004.jpg,69.9833787448861,37.0520158686144
130,208_fs2-00004.jpg,69.3557508222123,37.0960827924556
131,208_fs2-00004.jpg,68.7388608309021,37.1103192497942
132,208_fs2-00004.jpg,68.1154149712374,37.0942852348895
133,208_fs2-00004.jpg,67.4771164597429,37.0485831010583
134,208_fs2-00004.jpg,66.8259115935822,36.9739714000732
135,208_fs2-00004.jpg,66.163746669919,36.8712086837067
136,208_fs2-00004.jpg,65.492567985917,36.7410535037314
137,208_fs2-00004.jpg,64.8143218387399,36.58426441192
138,208_fs2-00004.jpg,64.1309545255513,36.4015999600448
139,208_fs2-00004.jpg,63.444412343515,36.1938186998787
140,208_fs2-00004.jpg,62.7566415897945,35.9616791831941
141,208_fs2-00004.jpg,62.0695885615536,35.7059399617635
142,208_fs2-00004.jpg,61.385199555956,35.4273595873597
143,208_fs2-00004.jpg,60.7054208701653,35.1266966117551
144,208_fs2-00004.jpg,60.0321988013452,34.8047095867223
145,208_fs2-00004.jpg,59.3674796466594,34.4621570640339
146,208_fs2-00004.jpg,58.7132097032716,34.0997975954625
147,208_fs2-00004.jpg,58.0713352683454,33.7183897327807
148,208_fs2-00004.jpg,57.4438026390445,33.318692027761
149,208_fs2-00004.jpg,56.8325581125326,32.901463032176
150,208_fs2-00004.jpg,56.2395479859734,32.4674612977983
151,208_fs2-00004.jpg,55.6667185565306,32.0174453764004
152,208_fs2-00004.jpg,55.1160161213677,31.552173819755
153,208_fs2-00004.jpg,54.5893869776486,31.0724051796346
154,208_fs2-00004.jpg,54.0887774225369,30.5788980078119
155,208_fs2-00004.jpg,53.6161337531962,30.0724108560592
156,208_fs2-00004.jpg,53.1734022667902,29.5537022761494
157,208_fs2-00004.jpg,52.7625292604827,29.0235308198548
158,208_fs2-00004.jpg,52.3810315050623,28.4826410093588
159,208_fs2-00004.jpg,52.0123978779961,27.9315768934825
160,208_fs2-00004.jpg,51.6545438843945,27.3707328914202
161,208_fs2-00004.jpg,51.3071115900051,26.8004998350661
162,208_fs2-00004.jpg,50.9697430605761,26.2212685563141
163,208_fs2-00004.jpg,50.6420803618556,25.6334298870582
164,208_fs2-00004.jpg,50.3237655595914,25.0373746591926
165,208_fs2-00004.jpg,50.0144407195315,24.4334937046111
166,208_fs2-00004.jpg,49.713747907424,23.8221778552079
167,208_fs2-00004.jpg,49.4213291890168,23.2038179428769
168,208_fs2-00004.jpg,49.136826630058,22.5788047995123
169,208_fs2-00004.jpg,48.8598822962954,21.947529257008
170,208_fs2-00004.jpg,48.5901382534772,21.3103821472581
171,208_fs2-00004.jpg,48.3272365673513,20.6677543021565
172,208_fs2-00004.jpg,48.0708193036658,20.0200365535974
173,208_fs2-00004.jpg,47.8205285281684,19.3676197334748
174,208_fs2-00004.jpg,47.5760063066074,18.7108946736827
175,208_fs2-00004.jpg,47.3368947047306,18.050252206115
176,208_fs2-00004.jpg,47.1028357882861,17.386083162666
177,208_fs2-00004.jpg,46.8734716230219,16.7187783752295
178,208_fs2-00004.jpg,46.648444274686,16.0487286756996
179,208_fs2-00004.jpg,46.4273958090262,15.3763248959704
180,208_fs2-00004.jpg,46.2099682917907,14.7019578679358
181,208_fs2-00004.jpg,45.9958037887274,14.02601842349
182,208_fs2-00004.jpg,45.7847005165796,13.3488973945268
183,208_fs2-00004.jpg,45.5769500457436,12.6709856129405
184,208_fs2-00004.jpg,45.3727043701688,11.9926739106249
185,208_fs2-00004.jpg,45.1721011011584,11.3143531194742
186,208_fs2-00004.jpg,44.9752778500156,10.6364140713823
187,208_fs2-00004.jpg,44.7823722280435,9.95924759824334
188,208_fs2-00004.jpg,44.5935218465453,9.28324453195131
189,208_fs2-00004.jpg,44.4088643168241,8.60879570440017
190,208_fs2-00004.jpg,44.2285372501829,7.93629194748405
191,208_fs2-00004.jpg,44.0526782579251,7.26612409309689
192,208_fs2-00004.jpg,43.8814249513537,6.59868297313284
193,208_fs2-00004.jpg,43.7149149417718,5.93435941948582
194,208_fs2-00004.jpg,43.5532858404826,5.27354426404992
195,208_fs2-00004.jpg,43.3966752587893,4.61662833871912
196,208_fs2-00004.jpg,43.2452208079949,3.96400247538753
197,208_fs2-00004.jpg,43.0990600994028,3.31605750594912
198,208_fs2-00004.jpg,42.9583307443158,2.67318426229792
199,208_fs2-00004.jpg,42.8231703540373,2.03577357632798
200,208_fs2-00004.jpg,42.6937165398704,1.40421627993334
1,208_fs2-00005.jpg,132.048464356157,-35.0680294230817
2,208_fs2-00005.jpg,131.497416023644,-34.6619264421806
3,208_fs2-00005.jpg,130.948119973485,-34.2590102686389
4,208_fs2-00005.jpg,130.400579640256,-33.8591060596135
5,208_fs2-00005.jpg,129.854798458535,-33.4620389722613
6,208_fs2-00005.jpg,129.310779862898,-33.0676341637393
7,208_fs2-00005.jpg,128.768527287925,-32.6757167912042
8,208_fs2-00005.jpg,128.22804416819,-32.2861120118131
9,208_fs2-00005.jpg,127.689333938273,-31.8986449827227
10,208_fs2-00005.jpg,127.152400032751,-31.5131408610901
11,208_fs2-00005.jpg,126.617245886199,-31.129424804072
12,208_fs2-00005.jpg,126.083874933197,-30.7473219688255
13,208_fs2-00005.jpg,125.552290608321,-30.3666575125073
14,208_fs2-00005.jpg,125.022496346149,-29.9872565922744
15,208_fs2-00005.jpg,124.494495581258,-29.6089443652838
16,208_fs2-00005.jpg,123.968291748225,-29.2315459886922
17,208_fs2-00005.jpg,123.443888281628,-28.8548866196566
18,208_fs2-00005.jpg,122.921288616044,-28.4787914153339
19,208_fs2-00005.jpg,122.40049618605,-28.103085532881
20,208_fs2-00005.jpg,121.881514426223,-27.7275941294548
21,208_fs2-00005.jpg,121.364346771142,-27.3521423622121
22,208_fs2-00005.jpg,120.848996655383,-26.97655538831
23,208_fs2-00005.jpg,120.335467513523,-26.6006583649053
24,208_fs2-00005.jpg,119.823762780141,-26.2242764491547
25,208_fs2-00005.jpg,119.313885889812,-25.8472347982154
26,208_fs2-00005.jpg,118.805840277115,-25.4693585692442
27,208_fs2-00005.jpg,118.299629376627,-25.090472919398
28,208_fs2-00005.jpg,117.795256622926,-24.7104030058336
29,208_fs2-00005.jpg,117.292725450587,-24.328973985708
30,208_fs2-00005.jpg,116.79203929419,-23.9460110161781
31,208_fs2-00005.jpg,116.293201588311,-23.5613392544007
32,208_fs2-00005.jpg,115.796215767528,-23.1747838575328
33,208_fs2-00005.jpg,115.301085266417,-22.7861699827313
34,208_fs2-00005.jpg,114.806052434162,-22.3953227871531
35,208_fs2-00005.jpg,114.303977395493,-22.002067427955
36,208_fs2-00005.jpg,113.795015185625,-21.606229062294
37,208_fs2-00005.jpg,113.280221457963,-21.2076328473269
38,208_fs2-00005.jpg,112.760651865908,-20.8061039402107
39,208_fs2-00005.jpg,112.237362062864,-20.4014674981023
40,208_fs2-00005.jpg,111.711407702233,-19.9935486781586
41,208_fs2-00005.jpg,111.18384443742,-19.5821726375363
42,208_fs2-00005.jpg,110.655727921826,-19.1671645333926
43,208_fs2-00005.jpg,110.128113808854,-18.7483495228842
44,208_fs2-00005.jpg,109.602057751908,-18.325552763168
45,208_fs2-00005.jpg,109.07861540439,-17.8985994114011
46,208_fs2-00005.jpg,108.558842419704,-17.4673146247401
47,208_fs2-00005.jpg,108.043794451252,-17.0315235603421
48,208_fs2-00005.jpg,107.534527152438,-16.591051375364
49,208_fs2-00005.jpg,107.032096176663,-16.1457232269626
50,208_fs2-00005.jpg,106.537557177332,-15.6953642722948
51,208_fs2-00005.jpg,106.051965807847,-15.2397996685176
52,208_fs2-00005.jpg,105.576377721611,-14.7788545727878
53,208_fs2-00005.jpg,105.111848572027,-14.3123541422624
54,208_fs2-00005.jpg,104.659434012498,-13.8401235340982
55,208_fs2-00005.jpg,104.220189696427,-13.3619879054522
56,208_fs2-00005.jpg,103.795171277217,-12.8777724134812
57,208_fs2-00005.jpg,103.385434408271,-12.3873022153421
58,208_fs2-00005.jpg,102.992034742991,-11.8904024681918
59,208_fs2-00005.jpg,102.616027934781,-11.3868983291874
60,208_fs2-00005.jpg,102.258469637044,-10.8766149554855
61,208_fs2-00005.jpg,101.920415503182,-10.3593775042431
62,208_fs2-00005.jpg,101.602921186599,-9.83501113261724
63,208_fs2-00005.jpg,101.306377384676,-9.30334275546022
64,208_fs2-00005.jpg,101.020650719519,-8.76434124997002
65,208_fs2-00005.jpg,100.741832648486,-8.21821957005653
66,208_fs2-00005.jpg,100.469717226799,-7.66521474980885
67,208_fs2-00005.jpg,100.204098509676,-7.10556382331617
68,208_fs2-00005.jpg,99.9447705523397,-6.53950382466758
69,208_fs2-00005.jpg,99.6915274100095,-5.96727178795209
70,208_fs2-00005.jpg,99.4441631379064,-5.38910474725895
71,208_fs2-00005.jpg,99.2024717912508,-4.80523973667715
72,208_fs2-00005.jpg,98.9662474252633,-4.21591379029587
73,208_fs2-00005.jpg,98.7352840951645,-3.62136394220425
74,208_fs2-00005.jpg,98.5093758561749,-3.02182722649133
75,208_fs2-00005.jpg,98.2883167635152,-2.41754067724628
76,208_fs2-00005.jpg,98.0719008724058,-1.8087413285582
77,208_fs2-00005.jpg,97.8599222380674,-1.19566621451617
78,208_fs2-00005.jpg,97.6521749157205,-0.578552369209262
79,208_fs2-00005.jpg,97.4484529605857,0.0423631732732588
80,208_fs2-00005.jpg,97.2485504278834,0.66684337884243
81,208_fs2-00005.jpg,97.0522613728344,1.29465121340911
82,208_fs2-00005.jpg,96.8593798506591,1.92554964288411
83,208_fs2-00005.jpg,96.6696999165782,2.55930163317839
84,208_fs2-00005.jpg,96.4830156258121,3.19567015020283
85,208_fs2-00005.jpg,96.2991210335815,3.83441815986828
86,208_fs2-00005.jpg,96.1178101951069,4.47530862808566
87,208_fs2-00005.jpg,95.9388771656089,5.11810452076588
88,208_fs2-00005.jpg,95.762116000308,5.76256880381976
89,208_fs2-00005.jpg,95.5873207544248,6.40846444315827
90,208_fs2-00005.jpg,95.4142854831799,7.0555544046922
91,208_fs2-00005.jpg,95.2428042417939,7.70360165433254
92,208_fs2-00005.jpg,95.0726710854872,8.35236915799015
93,208_fs2-00005.jpg,94.9036800694805,9.00161988157589
94,208_fs2-00005.jpg,94.7356252489943,9.65111679100062
95,208_fs2-00005.jpg,94.5683006792493,10.3006228521753
96,208_fs2-00005.jpg,94.4015004154658,10.9499010310108
97,208_fs2-00005.jpg,94.2350185128646,11.598714293418
98,208_fs2-00005.jpg,94.070626993076,12.2468348557899
99,208_fs2-00005.jpg,93.9143776787944,12.8941446532372
100,208_fs2-00005.jpg,93.7659556145377,13.5405974571378
101,208_fs2-00005.jpg,93.6245140224058,14.1861482842109
102,208_fs2-00005.jpg,93.4892061244987,14.8307521511758
103,208_fs2-00005.jpg,93.359185142916,15.4743640747518
104,208_fs2-00005.jpg,93.2336042997577,16.116939071658
105,208_fs2-00005.jpg,93.1116168171236,16.7584321586137
106,208_fs2-00005.jpg,92.9923759171136,17.3987983523381
107,208_fs2-00005.jpg,92.8750348218276,18.0379926695504
108,208_fs2-00005.jpg,92.7587467533653,18.6759701269699
109,208_fs2-00005.jpg,92.6426649338267,19.3126857413158
110,208_fs2-00005.jpg,92.5259425853116,19.9480945293074
111,208_fs2-00005.jpg,92.4077329299198,20.5821515076638
112,208_fs2-00005.jpg,92.2871891897512,21.2148116931043
113,208_fs2-00005.jpg,92.1634645869057,21.8460301023482
114,208_fs2-00005.jpg,92.0357123434832,22.4757617521145
115,208_fs2-00005.jpg,91.9030856815833,23.1039616591227
116,208_fs2-00005.jpg,91.7647378233062,23.7305848400919
117,208_fs2-00005.jpg,91.6198219907515,24.3555863117414
118,208_fs2-00005.jpg,91.4674914060191,24.9789210907904
119,208_fs2-00005.jpg,91.3068992912089,25.6005441939581
120,208_fs2-00005.jpg,91.1371988684208,26.2204106379637
121,208_fs2-00005.jpg,90.9575433597546,26.8384754395265
122,208_fs2-00005.jpg,90.7670859873101,27.4546936153658
123,208_fs2-00005.jpg,90.5649747652787,28.0690201788881
124,208_fs2-00005.jpg,90.3457673922175,28.6813146561684
125,208_fs2-00005.jpg,90.1056919230164,29.2910913190307
126,208_fs2-00005.jpg,89.8455045626727,29.8977864333927
127,208_fs2-00005.jpg,89.5659615161835,30.5008362651722
128,208_fs2-00005.jpg,89.2678189885459,31.099677080287
129,208_fs2-00005.jpg,88.9518331847569,31.6937451446548
130,208_fs2-00005.jpg,88.6187603098138,32.2824767241935
131,208_fs2-00005.jpg,88.2693565687137,32.8653080848206
132,208_fs2-00005.jpg,87.9043781664537,33.441675492454
133,208_fs2-00005.jpg,87.524581308031,34.0110152130115
134,208_fs2-00005.jpg,87.1307221984426,34.5727635124108
135,208_fs2-00005.jpg,86.7235570426857,35.1263566565696
136,208_fs2-00005.jpg,86.3038420457574,35.6712309114057
137,208_fs2-00005.jpg,85.8723334126549,36.2068225428369
138,208_fs2-00005.jpg,85.4297873483753,36.7325678167808
139,208_fs2-00005.jpg,84.9769600579157,37.2479029991554
140,208_fs2-00005.jpg,84.5146077462732,37.7522643558782
141,208_fs2-00005.jpg,84.0434866184451,38.2450881528671
142,208_fs2-00005.jpg,83.5643528794283,38.7258106560399
143,208_fs2-00005.jpg,83.07796273422,39.1938681313142
144,208_fs2-00005.jpg,82.5850723878175,39.6486968446079
145,208_fs2-00005.jpg,82.0864380452177,40.0897330618386
146,208_fs2-00005.jpg,81.5828159114178,40.5164130489241
147,208_fs2-00005.jpg,81.074962191415,40.9281730717823
148,208_fs2-00005.jpg,80.5636330902064,41.3244493963308
149,208_fs2-00005.jpg,80.0495848127891,41.7046782884874
150,208_fs2-00005.jpg,79.5335735641602,42.0682960141698
151,208_fs2-00005.jpg,79.016355549317,42.4147388392959
152,208_fs2-00005.jpg,78.4986869732564,42.7434430297833
153,208_fs2-00005.jpg,77.9813240409757,43.0538448515498
154,208_fs2-00005.jpg,77.4650229574718,43.3453805705132
155,208_fs2-00005.jpg,76.9396474749175,43.6175611027903
156,208_fs2-00005.jpg,76.3900919035163,43.8703151695069
157,208_fs2-00005.jpg,75.8180343634961,44.1037167671727
158,208_fs2-00005.jpg,75.2253256526155,44.3178400383922
159,208_fs2-00005.jpg,74.6138165686336,44.5127591257694
160,208_fs2-00005.jpg,73.9853579093092,44.6885481719087
161,208_fs2-00005.jpg,73.3418004724011,44.8452813194142
162,208_fs2-00005.jpg,72.6849950556683,44.9830327108901
163,208_fs2-00005.jpg,72.0167924568697,45.1018764889408
164,208_fs2-00005.jpg,71.3390434737641,45.2018867961703
165,208_fs2-00005.jpg,70.6535989041105,45.283137775183
166,208_fs2-00005.jpg,69.9623095456677,45.345703568583
167,208_fs2-00005.jpg,69.2670261961947,45.3896583189747
168,208_fs2-00005.jpg,68.5695996534503,45.4150761689621
169,208_fs2-00005.jpg,67.8718807151934,45.4220312611495
170,208_fs2-00005.jpg,67.1757201791828,45.4105977381412
171,208_fs2-00005.jpg,66.4829688431776,45.3808497425414
172,208_fs2-00005.jpg,65.7954775049366,45.3328614169542
173,208_fs2-00005.jpg,65.1150969622186,45.266706903984
174,208_fs2-00005.jpg,64.4436780127826,45.1824603462349
175,208_fs2-00005.jpg,63.7830714543874,45.0801958863111
176,208_fs2-00005.jpg,63.135128084792,44.959987666817
177,208_fs2-00005.jpg,62.5016987017552,44.8219098303566
178,208_fs2-00005.jpg,61.8846341030359,44.6660365195343
179,208_fs2-00005.jpg,61.285785086393,44.4924418769542
180,208_fs2-00005.jpg,60.7015317190815,44.3012000452206
181,208_fs2-00005.jpg,60.1220413422351,44.0923851669378
182,208_fs2-00005.jpg,59.5470700596425,43.8660713847098
183,208_fs2-00005.jpg,58.9766414065793,43.6223328411409
184,208_fs2-00005.jpg,58.4107789183217,43.3612436788355
185,208_fs2-00005.jpg,57.8495061301454,43.0828780403976
186,208_fs2-00005.jpg,57.2928465773263,42.7873100684316
187,208_fs2-00005.jpg,56.7408237951404,42.4746139055415
188,208_fs2-00005.jpg,56.1934613188635,42.1448636943318
189,208_fs2-00005.jpg,55.6507826837716,41.7981335774065
190,208_fs2-00005.jpg,55.1128114251406,41.4344976973699
191,208_fs2-00005.jpg,54.5795710782463,41.0540301968262
192,208_fs2-00005.jpg,54.0510851783646,40.6568052183797
193,208_fs2-00005.jpg,53.5273772607715,40.2428969046346
194,208_fs2-00005.jpg,53.0084708607429,39.8123793981951
195,208_fs2-00005.jpg,52.4943895135546,39.3653268416654
196,208_fs2-00005.jpg,51.9851567544825,38.9018133776497
197,208_fs2-00005.jpg,51.4807961188026,38.4219131487523
198,208_fs2-00005.jpg,50.9813311417907,37.9257002975774
199,208_fs2-00005.jpg,50.4867853587228,37.4132489667291
200,208_fs2-00005.jpg,49.9971823048747,36.8846332988118
1,208_fs2-00006.jpg,138.923640462102,-38.9226363546116
2,208_fs2-00006.jpg,138.322510209445,-38.5388498432211
3,208_fs2-00006.jpg,137.722926307539,-38.1623823906326
4,208_fs2-00006.jpg,137.124884816262,-37.7929733599649
5,208_fs2-00006.jpg,136.52838179549,-37.430362114337
6,208_fs2-00006.jpg,135.9334133051,-37.0742880168676
7,208_fs2-00006.jpg,135.33997540497,-36.7244904306755
8,208_fs2-00006.jpg,134.748064154978,-36.3807087188796
9,208_fs2-00006.jpg,134.157675614999,-36.0426822445989
10,208_fs2-00006.jpg,133.568805844911,-35.710150370952
11,208_fs2-00006.jpg,132.981450904592,-35.382852461058
12,208_fs2-00006.jpg,132.395606853919,-35.0605278780354
13,208_fs2-00006.jpg,131.811269752768,-34.7429159850034
14,208_fs2-00006.jpg,131.228435661017,-34.4297561450805
15,208_fs2-00006.jpg,130.647100638544,-34.1207877213859
16,208_fs2-00006.jpg,130.067260745225,-33.8157500770382
17,208_fs2-00006.jpg,129.488912040937,-33.5143825751563
18,208_fs2-00006.jpg,128.912050585557,-33.2164245788591
19,208_fs2-00006.jpg,128.336672438964,-32.9216154512653
20,208_fs2-00006.jpg,127.762773661034,-32.6296945554939
21,208_fs2-00006.jpg,127.190350311643,-32.3404012546637
22,208_fs2-00006.jpg,126.619398450671,-32.0534749118934
23,208_fs2-00006.jpg,126.049914137992,-31.7686548903021
24,208_fs2-00006.jpg,125.481893433485,-31.4856805530085
25,208_fs2-00006.jpg,124.915332397027,-31.2042912631314
26,208_fs2-00006.jpg,124.350227088496,-30.9242263837897
27,208_fs2-00006.jpg,123.786573567767,-30.6452252781023
28,208_fs2-00006.jpg,123.224367894719,-30.367027309188
29,208_fs2-00006.jpg,122.663606129228,-30.0893718401655
30,208_fs2-00006.jpg,122.104284331172,-29.8119982341539
31,208_fs2-00006.jpg,121.546398560427,-29.5346458542718
32,208_fs2-00006.jpg,120.989944876872,-29.2570540636383
33,208_fs2-00006.jpg,120.434919340383,-28.978962225372
34,208_fs2-00006.jpg,119.881318010838,-28.7001097025919
35,208_fs2-00006.jpg,119.329136948113,-28.4202358584167
36,208_fs2-00006.jpg,118.778372212085,-28.1390800559654
37,208_fs2-00006.jpg,118.229019862633,-27.8563816583567
38,208_fs2-00006.jpg,117.681075959633,-27.5718800287096
39,208_fs2-00006.jpg,117.134536562962,-27.2853145301428
40,208_fs2-00006.jpg,116.589397732497,-26.9964245257752
41,208_fs2-00006.jpg,116.045655528116,-26.7049493787257
42,208_fs2-00006.jpg,115.503306009696,-26.4106284521131
43,208_fs2-00006.jpg,114.959649961134,-26.1132011090561
44,208_fs2-00006.jpg,114.405137543441,-25.8124067126738
45,208_fs2-00006.jpg,113.840126749252,-25.5079846260849
46,208_fs2-00006.jpg,113.265981025286,-25.1996742124082
47,208_fs2-00006.jpg,112.684063818261,-24.8872148347627
48,208_fs2-00006.jpg,112.095738574895,-24.5703458562671
49,208_fs2-00006.jpg,111.502368741906,-24.2488066400402
50,208_fs2-00006.jpg,110.905317766013,-23.922336549201
51,208_fs2-00006.jpg,110.305949093934,-23.5906749468683
52,208_fs2-00006.jpg,109.705626172388,-23.2535611961609
53,208_fs2-00006.jpg,109.105712448092,-22.9107346601977
54,208_fs2-00006.jpg,108.507571367765,-22.5619347020975
55,208_fs2-00006.jpg,107.912566378125,-22.2069006849791
56,208_fs2-00006.jpg,107.322060925891,-21.8453719719614
57,208_fs2-00006.jpg,106.737418457781,-21.4770879261633
58,208_fs2-00006.jpg,106.160002420513,-21.1017879107035
59,208_fs2-00006.jpg,105.591176260806,-20.7192112887009
60,208_fs2-00006.jpg,105.032303425377,-20.3290974232744
61,208_fs2-00006.jpg,104.484747360945,-19.9311856775429
62,208_fs2-00006.jpg,103.949871514229,-19.5252154146251
63,208_fs2-00006.jpg,103.429039331947,-19.1109259976398
64,208_fs2-00006.jpg,102.923614260816,-18.688056789706
65,208_fs2-00006.jpg,102.434959747556,-18.2563471539424
66,208_fs2-00006.jpg,101.964439238884,-17.815536453468
67,208_fs2-00006.jpg,101.513416181519,-17.3653640514016
68,208_fs2-00006.jpg,101.08325402218,-16.905569310862
69,208_fs2-00006.jpg,100.675316207584,-16.435891594968
70,208_fs2-00006.jpg,100.29096618445,-15.9560702668385
71,208_fs2-00006.jpg,99.9315673994956,-15.4658446895924
72,208_fs2-00006.jpg,99.59848329944,-14.9649542263485
73,208_fs2-00006.jpg,99.293077331001,-14.4531382402255
74,208_fs2-00006.jpg,99.0162209673485,-13.9301371319374
75,208_fs2-00006.jpg,98.7530203323449,-13.3959054817695
76,208_fs2-00006.jpg,98.4959515480305,-12.8508729200552
77,208_fs2-00006.jpg,98.2450137336066,-12.2955329208179
78,208_fs2-00006.jpg,98.0002060082748,-11.7303789580814
79,208_fs2-00006.jpg,97.7615274912365,-11.155904505869
80,208_fs2-00006.jpg,97.5289773016932,-10.5726030382044
81,208_fs2-00006.jpg,97.3025545588464,-9.98096802911101
82,208_fs2-00006.jpg,97.0822583818975,-9.38149295261252
83,208_fs2-00006.jpg,96.8680878900479,-8.77467128273247
84,208_fs2-00006.jpg,96.6600422024993,-8.16099649349428
85,208_fs2-00006.jpg,96.4581204384529,-7.54096205892165
86,208_fs2-00006.jpg,96.2623217171104,-6.91506145303799
87,208_fs2-00006.jpg,96.0726451576731,-6.28378814986701
88,208_fs2-00006.jpg,95.8890898793425,-5.64763562343211
89,208_fs2-00006.jpg,95.7116550013201,-5.00709734775694
90,208_fs2-00006.jpg,95.5403396428075,-4.36266679686497
91,208_fs2-00006.jpg,95.3751429230059,-3.71483744477979
92,208_fs2-00006.jpg,95.2160639611169,-3.06410276552498
93,208_fs2-00006.jpg,95.063101876342,-2.41095623312401
94,208_fs2-00006.jpg,94.9162557878826,-1.75589132160053
95,208_fs2-00006.jpg,94.7755248149402,-1.099401504978
96,208_fs2-00006.jpg,94.6409080767164,-0.441980257280022
97,208_fs2-00006.jpg,94.5124046924124,0.215878947469889
98,208_fs2-00006.jpg,94.3900137812298,0.873682635248144
99,208_fs2-00006.jpg,94.27373446237,1.53093733203127
100,208_fs2-00006.jpg,94.1635658550347,2.18714956379563
101,208_fs2-00006.jpg,94.0595070784251,2.84182585651769
102,208_fs2-00006.jpg,93.9613972747638,3.49449829360628
103,208_fs2-00006.jpg,93.8684607778735,4.14506271460363
104,208_fs2-00006.jpg,93.780303321797,4.79368573289105
105,208_fs2-00006.jpg,93.6965860919717,5.440540413333
106,208_fs2-00006.jpg,93.6169702738351,6.08579982079397
107,208_fs2-00006.jpg,93.5411170528246,6.72963702013845
108,208_fs2-00006.jpg,93.4686876143775,7.37222507623102
109,208_fs2-00006.jpg,93.3993431439312,8.01373705393615
110,208_fs2-00006.jpg,93.3327448269233,8.6543460181183
111,208_fs2-00006.jpg,93.2685538487911,9.29422503364196
112,208_fs2-00006.jpg,93.206431394972,9.93354716537164
113,208_fs2-00006.jpg,93.1460386509033,10.5724854781719
114,208_fs2-00006.jpg,93.0870368020226,11.2112130369072
115,208_fs2-00006.jpg,93.0290870337672,11.849902906442
116,208_fs2-00006.jpg,92.9718505315745,12.4887281516408
117,208_fs2-00006.jpg,92.914988480882,13.1278618373682
118,208_fs2-00006.jpg,92.8581620671271,13.7674770284885
119,208_fs2-00006.jpg,92.8010324757471,14.4077467898665
120,208_fs2-00006.jpg,92.7432608921795,15.0488441863664
121,208_fs2-00006.jpg,92.6845085018616,15.6909422828528
122,208_fs2-00006.jpg,92.6244364902309,16.3342141441902
123,208_fs2-00006.jpg,92.5627060427249,16.9788328352432
124,208_fs2-00006.jpg,92.4989783447808,17.6249714208762
125,208_fs2-00006.jpg,92.4329145818362,18.2728029659537
126,208_fs2-00006.jpg,92.3641759393283,18.9225005353402
127,208_fs2-00006.jpg,92.2924236026947,19.5742371939002
128,208_fs2-00006.jpg,92.2173187812951,20.2281860064962
129,208_fs2-00006.jpg,92.1418091386323,20.8844185498158
130,208_fs2-00006.jpg,92.0687191033689,21.5426037181314
131,208_fs2-00006.jpg,91.9975781368323,22.2023105461067
132,208_fs2-00006.jpg,91.9279157003496,22.8631080684059
133,208_fs2-00006.jpg,91.8592612552479,23.524565319693
134,208_fs2-00006.jpg,91.7911442628545,24.1862513346319
135,208_fs2-00006.jpg,91.7230941844964,24.8477351478868
136,208_fs2-00006.jpg,91.654640481501,25.5085857941215
137,208_fs2-00006.jpg,91.5853126151953,26.1683723080001
138,208_fs2-00006.jpg,91.5146400469065,26.8266637241866
139,208_fs2-00006.jpg,91.4421522379619,27.483029077345
140,208_fs2-00006.jpg,91.3673786496885,28.1370374021393
141,208_fs2-00006.jpg,91.2898487434135,28.7882577332335
142,208_fs2-00006.jpg,91.2090919804642,29.4362591052916
143,208_fs2-00006.jpg,91.1246378221676,30.0806105529776
144,208_fs2-00006.jpg,91.036015729851,30.7208811109556
145,208_fs2-00006.jpg,90.9427551648415,31.3566398138895
146,208_fs2-00006.jpg,90.8443855884663,31.9874556964433
147,208_fs2-00006.jpg,90.7404364620526,32.6128977932811
148,208_fs2-00006.jpg,90.6304372469275,33.2325351390668
149,208_fs2-00006.jpg,90.5139174044182,33.8459367684644
150,208_fs2-00006.jpg,90.3904063958519,34.4526717161381
151,208_fs2-00006.jpg,90.2594336825558,35.0523090167516
152,208_fs2-00006.jpg,90.120528725857,35.6444177049692
153,208_fs2-00006.jpg,89.9684820319635,36.2285793150066
154,208_fs2-00006.jpg,89.7794379200041,36.804617471312
155,208_fs2-00006.jpg,89.5521996145422,37.3725750676817
156,208_fs2-00006.jpg,89.2891689309849,37.9325029192567
157,208_fs2-00006.jpg,88.9927476847392,38.4844518411781
158,208_fs2-00006.jpg,88.6653376912121,39.0284726485868
159,208_fs2-00006.jpg,88.3093407658108,39.5646161566239
160,208_fs2-00006.jpg,87.9271587239422,40.0929331804304
161,208_fs2-00006.jpg,87.5211933810135,40.6134745351472
162,208_fs2-00006.jpg,87.0938465524315,41.1262910359154
163,208_fs2-00006.jpg,86.6475200536034,41.631433497876
164,208_fs2-00006.jpg,86.1846156999362,42.12895273617
165,208_fs2-00006.jpg,85.7075353068369,42.6188995659384
166,208_fs2-00006.jpg,85.2186806897126,43.1013248023222
167,208_fs2-00006.jpg,84.7204536639703,43.5762792604625
168,208_fs2-00006.jpg,84.2152560450171,44.0438137555002
169,208_fs2-00006.jpg,83.70548964826,44.5039791025764
170,208_fs2-00006.jpg,83.193556289106,44.956826116832
171,208_fs2-00006.jpg,82.6818577829623,45.4024056134081
172,208_fs2-00006.jpg,82.1727959452357,45.8407684074457
173,208_fs2-00006.jpg,81.6687725913334,46.2719653140858
174,208_fs2-00006.jpg,81.1721895366624,46.6960471484693
175,208_fs2-00006.jpg,80.6854485966297,47.1130647257374
176,208_fs2-00006.jpg,80.2071334387977,47.523068861031
177,208_fs2-00006.jpg,79.7231752773769,47.9261103694911
178,208_fs2-00006.jpg,79.2320761685709,48.3222400662588
179,208_fs2-00006.jpg,78.7339198125603,48.7115087664749
180,208_fs2-00006.jpg,78.2287899095257,49.0939672852807
181,208_fs2-00006.jpg,77.7167701596483,49.469666437817
182,208_fs2-00006.jpg,77.1979442631084,49.8386570392249
183,208_fs2-00006.jpg,76.672395920087,50.2009899046454
184,208_fs2-00006.jpg,76.1402088307647,50.5567158492194
185,208_fs2-00006.jpg,75.6014666953223,50.9058856880881
186,208_fs2-00006.jpg,75.0562532139406,51.2485502363924
187,208_fs2-00006.jpg,74.5046520868003,51.5847603092732
188,208_fs2-00006.jpg,73.9467470140821,51.9145667218718
189,208_fs2-00006.jpg,73.3826216959669,52.2380202893289
190,208_fs2-00006.jpg,72.8123598326352,52.5551718267857
191,208_fs2-00006.jpg,72.236045124268,52.8660721493832
192,208_fs2-00006.jpg,71.6537612710459,53.1707720722623
193,208_fs2-00006.jpg,71.0655919731497,53.4693224105642
194,208_fs2-00006.jpg,70.4716209307601,53.7617739794296
195,208_fs2-00006.jpg,69.8719318440579,54.0481775939999
196,208_fs2-00006.jpg,69.2666084132238,54.3285840694158
197,208_fs2-00006.jpg,68.6557343384386,54.6030442208184
198,208_fs2-00006.jpg,68.039393319883,54.8716088633487
199,208_fs2-00006.jpg,67.4176690577378,55.1343288121478
200,208_fs2-00006.jpg,66.7906452521837,55.3912548823566
1,208_fs2-00007.jpg,143.386869540716,-43.2055329452005
2,208_fs2-00007.jpg,142.814114555956,-42.8348998634364
3,208_fs2-00007.jpg,142.241381103433,-42.4727984967644
4,208_fs2-00007.jpg,141.668669353084,-42.1189213320029
5,208_fs2-00007.jpg,141.095979474845,-41.77296085597
6,208_fs2-00007.jpg,140.523311638655,-41.4346095554844
7,208_fs2-00007.jpg,139.95066601445,-41.1035599173641
8,208_fs2-00007.jpg,139.378042772167,-40.7795044284276
9,208_fs2-00007.jpg,138.805442081744,-40.4621355754932
10,208_fs2-00007.jpg,138.232864113117,-40.1511458453792
11,208_fs2-00007.jpg,137.660309036224,-39.8462277249039
12,208_fs2-00007.jpg,137.087777021003,-39.5470737008857
13,208_fs2-00007.jpg,136.515268237389,-39.2533762601429
14,208_fs2-00007.jpg,135.942782855321,-38.964827889494
15,208_fs2-00007.jpg,135.370321044736,-38.6811210757569
16,208_fs2-00007.jpg,134.79788297557,-38.4019483057504
17,208_fs2-00007.jpg,134.225468817761,-38.1270020662926
18,208_fs2-00007.jpg,133.653078741246,-37.8559748442017
19,208_fs2-00007.jpg,133.080712915962,-37.5885591262964
20,208_fs2-00007.jpg,132.508371511846,-37.3244473993947
21,208_fs2-00007.jpg,131.936054698836,-37.063332150315
22,208_fs2-00007.jpg,131.363762646869,-36.8049058658758
23,208_fs2-00007.jpg,130.791495525882,-36.5488610328952
24,208_fs2-00007.jpg,130.219253505811,-36.2948901381917
25,208_fs2-00007.jpg,129.647036756595,-36.0426856685835
26,208_fs2-00007.jpg,129.07484544817,-35.7919401108891
27,208_fs2-00007.jpg,128.502679750474,-35.5423459519267
28,208_fs2-00007.jpg,127.930539833443,-35.2935956785146
29,208_fs2-00007.jpg,127.355731864454,-35.0453817774712
30,208_fs2-00007.jpg,126.774827495213,-34.7973967356149
31,208_fs2-00007.jpg,126.188418215501,-34.5493330397638
32,208_fs2-00007.jpg,125.597123605632,-34.3008831767365
33,208_fs2-00007.jpg,125.001563245922,-34.0517396333512
34,208_fs2-00007.jpg,124.402356716688,-33.8015948964262
35,208_fs2-00007.jpg,123.800123598244,-33.5501414527798
36,208_fs2-00007.jpg,123.195483470907,-33.2970717892305
37,208_fs2-00007.jpg,122.589055914993,-33.0420783925965
38,208_fs2-00007.jpg,121.981460510816,-32.7848537496961
39,208_fs2-00007.jpg,121.373316838694,-32.5250903473478
40,208_fs2-00007.jpg,120.76524447894,-32.2624806723697
41,208_fs2-00007.jpg,120.157863011873,-31.9967172115803
42,208_fs2-00007.jpg,119.551792017806,-31.7274924517978
43,208_fs2-00007.jpg,118.947651077056,-31.4544988798407
44,208_fs2-00007.jpg,118.346059769938,-31.1774289825273
45,208_fs2-00007.jpg,117.747637676768,-30.8959752466757
46,208_fs2-00007.jpg,117.153004377863,-30.6098301591045
47,208_fs2-00007.jpg,116.562779453537,-30.3186862066319
48,208_fs2-00007.jpg,115.977582484107,-30.0222358760763
49,208_fs2-00007.jpg,115.398033049887,-29.7201716542559
50,208_fs2-00007.jpg,114.824750731195,-29.4121860279892
51,208_fs2-00007.jpg,114.258355108345,-29.0979714840943
52,208_fs2-00007.jpg,113.699465761653,-28.7772205093898
53,208_fs2-00007.jpg,113.148702271436,-28.4496255906939
54,208_fs2-00007.jpg,112.606684218008,-28.114879214825
55,208_fs2-00007.jpg,112.074031181686,-27.7726738686012
56,208_fs2-00007.jpg,111.551362742785,-27.4227020388411
57,208_fs2-00007.jpg,111.039298481621,-27.0646562123629
58,208_fs2-00007.jpg,110.53845797851,-26.698228875985
59,208_fs2-00007.jpg,110.049460813767,-26.3231125165256
60,208_fs2-00007.jpg,109.572926567708,-25.9389996208032
61,208_fs2-00007.jpg,109.107964707381,-25.5455890466099
62,208_fs2-00007.jpg,108.642699163985,-25.1427963234658
63,208_fs2-00007.jpg,108.175074165663,-24.7308017193592
64,208_fs2-00007.jpg,107.70584373349,-24.3098016077386
65,208_fs2-00007.jpg,107.235761888543,-23.8799923620521
66,208_fs2-00007.jpg,106.765582651899,-23.4415703557481
67,208_fs2-00007.jpg,106.296060044633,-22.9947319622748
68,208_fs2-00007.jpg,105.827948087822,-22.5396735550805
69,208_fs2-00007.jpg,105.362000802543,-22.0765915076134
70,208_fs2-00007.jpg,104.898972209871,-21.6056821933219
71,208_fs2-00007.jpg,104.439616330884,-21.1271419856542
72,208_fs2-00007.jpg,103.984687186657,-20.6411672580587
73,208_fs2-00007.jpg,103.534938798267,-20.1479543839834
74,208_fs2-00007.jpg,103.09112518679,-19.6476997368769
75,208_fs2-00007.jpg,102.654000373302,-19.1405996901872
76,208_fs2-00007.jpg,102.22431837888,-18.6268506173627
77,208_fs2-00007.jpg,101.802833224601,-18.1066488918518
78,208_fs2-00007.jpg,101.39029893154,-17.5801908871026
79,208_fs2-00007.jpg,100.987469520775,-17.0476729765634
80,208_fs2-00007.jpg,100.59509901338,-16.5092915336825
81,208_fs2-00007.jpg,100.213941430434,-15.9652429319082
82,208_fs2-00007.jpg,99.844750793011,-15.4157235446887
83,208_fs2-00007.jpg,99.4882811221888,-14.8609297454724
84,208_fs2-00007.jpg,99.1452864390434,-14.3010579077075
85,208_fs2-00007.jpg,98.8165207646512,-13.7363044048423
86,208_fs2-00007.jpg,98.5027381200884,-13.166865610325
87,208_fs2-00007.jpg,98.2046925264315,-12.592937897604
88,208_fs2-00007.jpg,97.9231380047568,-12.0147176401275
89,208_fs2-00007.jpg,97.6588285761407,-11.4324012113437
90,208_fs2-00007.jpg,97.4125182616596,-10.846184984701
91,208_fs2-00007.jpg,97.1849610823897,-10.2562653336477
92,208_fs2-00007.jpg,96.9769110594075,-9.66283863163204
93,208_fs2-00007.jpg,96.7875275678516,-9.06610028698714
94,208_fs2-00007.jpg,96.6024077805891,-8.46620737628791
95,208_fs2-00007.jpg,96.4181705286717,-7.86326670634588
96,208_fs2-00007.jpg,96.2351040761262,-7.25738167610314
97,208_fs2-00007.jpg,96.0534966869797,-6.64865568450182
98,208_fs2-00007.jpg,95.8736366252592,-6.0371921304839
99,208_fs2-00007.jpg,95.6958121549917,-5.42309441299153
100,208_fs2-00007.jpg,95.5203115402041,-4.80646593096674
101,208_fs2-00007.jpg,95.3474230449235,-4.18741008335161
102,208_fs2-00007.jpg,95.1774349331769,-3.56603026908817
103,208_fs2-00007.jpg,95.0106354689912,-2.94242988711858
104,208_fs2-00007.jpg,94.8473129163934,-2.3167123363848
105,208_fs2-00007.jpg,94.6877555394105,-1.68898101582897
106,208_fs2-00007.jpg,94.5322516020696,-1.05933932439314
107,208_fs2-00007.jpg,94.3810893683975,-0.427890661019376
108,208_fs2-00007.jpg,94.2345571024213,0.205261575350221
109,208_fs2-00007.jpg,94.0929430681681,0.84001398577368
110,208_fs2-00007.jpg,93.9565355296647,1.4762631713088
111,208_fs2-00007.jpg,93.8256227509382,2.11390573301361
112,208_fs2-00007.jpg,93.7004929960156,2.75283827194602
113,208_fs2-00007.jpg,93.5814345289238,3.39295738916394
114,208_fs2-00007.jpg,93.4687356136898,4.03415968572529
115,208_fs2-00007.jpg,93.3626845143407,4.67634176268803
116,208_fs2-00007.jpg,93.2635694949034,5.31940022111007
117,208_fs2-00007.jpg,93.171678819405,5.9632316620494
118,208_fs2-00007.jpg,93.0873007518724,6.60773268656391
119,208_fs2-00007.jpg,93.0107235563326,7.25279989571146
120,208_fs2-00007.jpg,92.9422354968125,7.89832989055014
121,208_fs2-00007.jpg,92.8821248373392,8.5442192721377
122,208_fs2-00007.jpg,92.8306798419398,9.1903646415322
123,208_fs2-00007.jpg,92.7881887746411,9.83666259979157
124,208_fs2-00007.jpg,92.7549398994702,10.4830097479737
125,208_fs2-00007.jpg,92.731221480454,11.1293026871364
126,208_fs2-00007.jpg,92.7173217816195,11.7754380183379
127,208_fs2-00007.jpg,92.7134404057481,12.4213123872759
128,208_fs2-00007.jpg,92.7134404057481,13.0668511260906
129,208_fs2-00007.jpg,92.7134404057481,13.7120575099496
130,208_fs2-00007.jpg,92.7134404057481,14.3569479259714
131,208_fs2-00007.jpg,92.7134404057481,15.0015387612744
132,208_fs2-00007.jpg,92.7134404057481,15.6458464029771
133,208_fs2-00007.jpg,92.7134404057481,16.2898872381979
134,208_fs2-00007.jpg,92.7134404057481,16.9336776540553
135,208_fs2-00007.jpg,92.7134404057481,17.5772340376676
136,208_fs2-00007.jpg,92.7134404057481,18.2205727761534
137,208_fs2-00007.jpg,92.7134404057481,18.8637102566311
138,208_fs2-00007.jpg,92.7134404057481,19.506662866219
139,208_fs2-00007.jpg,92.7134404057481,20.1494469920358
140,208_fs2-00007.jpg,92.7134404057481,20.7920790211998
141,208_fs2-00007.jpg,92.7134404057481,21.4345753408293
142,208_fs2-00007.jpg,92.7134404057481,22.076952338043
143,208_fs2-00007.jpg,92.7134404057481,22.7192263999592
144,208_fs2-00007.jpg,92.7134404057481,23.3614139136964
145,208_fs2-00007.jpg,92.7134404057481,24.003531266373
146,208_fs2-00007.jpg,92.7134404057481,24.6455948451075
147,208_fs2-00007.jpg,92.7134404057481,25.2876210370183
148,208_fs2-00007.jpg,92.7134404057481,25.9296262292237
149,208_fs2-00007.jpg,92.7134404057481,26.5716268088424
150,208_fs2-00007.jpg,92.7134404057481,27.2136391629927
151,208_fs2-00007.jpg,92.7134404057481,27.8556796787931
152,208_fs2-00007.jpg,92.7134404057481,28.497764743362
153,208_fs2-00007.jpg,92.7134404057481,29.1399107438178
154,208_fs2-00007.jpg,92.7081593410646,29.7821207531468
155,208_fs2-00007.jpg,92.6859881358388,30.4242890974881
156,208_fs2-00007.jpg,92.647374200159,31.0662569969274
157,208_fs2-00007.jpg,92.5932486613511,31.7078653118929
158,208_fs2-00007.jpg,92.5245426467409,32.348954902813
159,208_fs2-00007.jpg,92.4421872836545,32.9893666301159
160,208_fs2-00007.jpg,92.3471136994178,33.6289413542298
161,208_fs2-00007.jpg,92.2402530213566,34.2675199355831
162,208_fs2-00007.jpg,92.1225363767969,34.9049432346041
163,208_fs2-00007.jpg,91.9948948930647,35.541052111721
164,208_fs2-00007.jpg,91.8582596974858,36.1756874273621
165,208_fs2-00007.jpg,91.7135619173863,36.8086900419557
166,208_fs2-00007.jpg,91.5617326800919,37.4399008159301
167,208_fs2-00007.jpg,91.4037031129287,38.0691606097135
168,208_fs2-00007.jpg,91.2404043432226,38.6963102837342
169,208_fs2-00007.jpg,91.0727674982995,39.3211906984206
170,208_fs2-00007.jpg,90.9017237054853,39.9436427142008
171,208_fs2-00007.jpg,90.7282040921059,40.5635071915032
172,208_fs2-00007.jpg,90.5531397854873,41.1806249907561
173,208_fs2-00007.jpg,90.3774619129554,41.7948369723877
174,208_fs2-00007.jpg,90.2021016018361,42.4059839968263
175,208_fs2-00007.jpg,90.0207594821997,43.0139069245002
176,208_fs2-00007.jpg,89.8243550650471,43.6184466158377
177,208_fs2-00007.jpg,89.6132072346803,44.219443931267
178,208_fs2-00007.jpg,89.3876834698205,44.8167397312164
179,208_fs2-00007.jpg,89.148151249189,45.4101748761143
180,208_fs2-00007.jpg,88.8949780515073,45.9995902263888
181,208_fs2-00007.jpg,88.6285313554967,46.5848266424683
182,208_fs2-00007.jpg,88.3491786398785,47.1657249847811
183,208_fs2-00007.jpg,88.0572873833742,47.7421261137554
184,208_fs2-00007.jpg,87.753225064705,48.3138708898195
185,208_fs2-00007.jpg,87.4373591625923,48.8808001734017
186,208_fs2-00007.jpg,87.1100571557575,49.4427548249303
187,208_fs2-00007.jpg,86.771686522922,49.9995757048335
188,208_fs2-00007.jpg,86.4226147428072,50.5511036735397
189,208_fs2-00007.jpg,86.0632092941343,51.097179591477
190,208_fs2-00007.jpg,85.6938376556246,51.6376443190739
191,208_fs2-00007.jpg,85.3148673059997,52.1723387167586
192,208_fs2-00007.jpg,84.9266657239809,52.7011036449593
193,208_fs2-00007.jpg,84.5296003882894,53.2237799641043
194,208_fs2-00007.jpg,84.1240387776467,53.7402085346219
195,208_fs2-00007.jpg,83.7103483707741,54.2502302169405
196,208_fs2-00007.jpg,83.288896646393,54.7536858714882
197,208_fs2-00007.jpg,82.8600510832248,55.2504163586933
198,208_fs2-00007.jpg,82.4241791599908,55.7402625389842
199,208_fs2-00007.jpg,81.9816483554123,56.2230652727892
200,208_fs2-00007.jpg,81.5328261482107,56.6986654205364
1,208_fs2-00008.jpg,148.841927303466,-46.7220164616839
2,208_fs2-00008.jpg,148.240537670195,-46.375369746216
3,208_fs2-00008.jpg,147.639613353677,-46.0359250578729
4,208_fs2-00008.jpg,147.039155480589,-45.7034568003486
5,208_fs2-00008.jpg,146.439165177611,-45.377739377337
6,208_fs2-00008.jpg,145.839643571422,-45.058547192532
7,208_fs2-00008.jpg,145.2405917887,-44.7456546496275
8,208_fs2-00008.jpg,144.642010956125,-44.4388361523173
9,208_fs2-00008.jpg,144.043902200375,-44.1378661042955
10,208_fs2-00008.jpg,143.44626664813,-43.8425189092558
11,208_fs2-00008.jpg,142.849105426068,-43.5525689708923
12,208_fs2-00008.jpg,142.252419660869,-43.2677906928987
13,208_fs2-00008.jpg,141.656210479211,-42.9879584789691
14,208_fs2-00008.jpg,141.060479007774,-42.7128467327972
15,208_fs2-00008.jpg,140.465226373236,-42.442229858077
16,208_fs2-00008.jpg,139.870453702276,-42.1758822585025
17,208_fs2-00008.jpg,139.276162121573,-41.9135783377675
18,208_fs2-00008.jpg,138.682352757807,-41.6550924995659
19,208_fs2-00008.jpg,138.089026737655,-41.4001991475916
20,208_fs2-00008.jpg,137.496185187798,-41.1486726855385
21,208_fs2-00008.jpg,136.903829234914,-40.9002875171005
22,208_fs2-00008.jpg,136.311960005682,-40.6548180459716
23,208_fs2-00008.jpg,135.720578626781,-40.4120386758456
24,208_fs2-00008.jpg,135.12968622489,-40.1717238104164
25,208_fs2-00008.jpg,134.539283926688,-39.9336478533779
26,208_fs2-00008.jpg,133.949372858854,-39.6975852084241
27,208_fs2-00008.jpg,133.359954148066,-39.4633102792488
28,208_fs2-00008.jpg,132.771028921005,-39.230597469546
29,208_fs2-00008.jpg,132.182598304348,-38.9992211830095
30,208_fs2-00008.jpg,131.594663424775,-38.7689558233332
31,208_fs2-00008.jpg,131.007225408965,-38.539575794211
32,208_fs2-00008.jpg,130.420285383596,-38.3108554993369
33,208_fs2-00008.jpg,129.833844475348,-38.0825693424048
34,208_fs2-00008.jpg,129.247903810899,-37.8544917271085
35,208_fs2-00008.jpg,128.66246451693,-37.6263970571419
36,208_fs2-00008.jpg,128.077527720117,-37.398059736199
37,208_fs2-00008.jpg,127.493094547141,-37.1692541679737
38,208_fs2-00008.jpg,126.90904894838,-36.9397547561598
39,208_fs2-00008.jpg,126.321374571275,-36.7093359044513
40,208_fs2-00008.jpg,125.728457048752,-36.477772016542
41,208_fs2-00008.jpg,125.130789977802,-36.2448374961259
42,208_fs2-00008.jpg,124.528866955414,-36.0103067468968
43,208_fs2-00008.jpg,123.92318157858,-35.7739541725488
44,208_fs2-00008.jpg,123.314227444291,-35.5355541767756
45,208_fs2-00008.jpg,122.702498149535,-35.2948811632712
46,208_fs2-00008.jpg,122.088487291306,-35.0517095357295
47,208_fs2-00008.jpg,121.472688466592,-34.8058136978443
48,208_fs2-00008.jpg,120.855595272385,-34.5569680533096
49,208_fs2-00008.jpg,120.237701305675,-34.3049470058193
50,208_fs2-00008.jpg,119.619500163453,-34.0495249590672
51,208_fs2-00008.jpg,119.001485442709,-33.7904763167474
52,208_fs2-00008.jpg,118.384150740434,-33.5275754825536
53,208_fs2-00008.jpg,117.767989653619,-33.2605968601799
54,208_fs2-00008.jpg,117.153495779253,-32.98931485332
55,208_fs2-00008.jpg,116.541162714329,-32.713503865668
56,208_fs2-00008.jpg,115.931484055836,-32.4329383009176
57,208_fs2-00008.jpg,115.324953400764,-32.1473925627628
58,208_fs2-00008.jpg,114.722064346105,-31.8566410548975
59,208_fs2-00008.jpg,114.123310488849,-31.5604581810156
60,208_fs2-00008.jpg,113.529185425987,-31.2586183448111
61,208_fs2-00008.jpg,112.940182754509,-30.9508959499777
62,208_fs2-00008.jpg,112.356796071406,-30.6370654002095
63,208_fs2-00008.jpg,111.779518973668,-30.3169010992003
64,208_fs2-00008.jpg,111.208845058286,-29.9901774506439
65,208_fs2-00008.jpg,110.645267922251,-29.6566688582344
66,208_fs2-00008.jpg,110.089281162553,-29.3161497256656
67,208_fs2-00008.jpg,109.541378376183,-28.9683944566315
68,208_fs2-00008.jpg,109.002053160131,-28.6131774548259
69,208_fs2-00008.jpg,108.471799111389,-28.2502731239426
70,208_fs2-00008.jpg,107.951109826945,-27.8794558676757
71,208_fs2-00008.jpg,107.440478903792,-27.5005000897191
72,208_fs2-00008.jpg,106.94039993892,-27.1131801937665
73,208_fs2-00008.jpg,106.451366529319,-26.7172705835121
74,208_fs2-00008.jpg,105.97387227198,-26.3125456626495
75,208_fs2-00008.jpg,105.508410763894,-25.8987798348728
76,208_fs2-00008.jpg,105.05547560205,-25.4757475038758
77,208_fs2-00008.jpg,104.607094807794,-25.0432805583822
78,208_fs2-00008.jpg,104.152940419452,-24.6015008092083
79,208_fs2-00008.jpg,103.694302789164,-24.1506212607114
80,208_fs2-00008.jpg,103.23253203332,-23.690854950625
81,208_fs2-00008.jpg,102.768978268313,-23.2224149166825
82,208_fs2-00008.jpg,102.304991610535,-22.7455141966175
83,208_fs2-00008.jpg,101.841922176378,-22.2603658281636
84,208_fs2-00008.jpg,101.381120082234,-21.7671828490542
85,208_fs2-00008.jpg,100.923935444495,-21.2661782970229
86,208_fs2-00008.jpg,100.471718379553,-20.7575652098031
87,208_fs2-00008.jpg,100.0258190038,-20.2415566251286
88,208_fs2-00008.jpg,99.5875874336274,-19.7183655807327
89,208_fs2-00008.jpg,99.1583737854281,-19.1882051143489
90,208_fs2-00008.jpg,98.7395281755938,-18.6512882637109
91,208_fs2-00008.jpg,98.3324007205166,-18.107828066552
92,208_fs2-00008.jpg,97.9383415365884,-17.558037560606
93,208_fs2-00008.jpg,97.5587007402012,-17.0021297836062
94,208_fs2-00008.jpg,97.1948284477471,-16.4403177732862
95,208_fs2-00008.jpg,96.8480747756181,-15.8728145673795
96,208_fs2-00008.jpg,96.5197898402062,-15.2998332036198
97,208_fs2-00008.jpg,96.2113237579033,-14.7215867197403
98,208_fs2-00008.jpg,95.9240266451016,-14.1382881534748
99,208_fs2-00008.jpg,95.659248618193,-13.5501505425567
100,208_fs2-00008.jpg,95.4183397935696,-12.9573869247195
101,208_fs2-00008.jpg,95.2026502876233,-12.3602103376969
102,208_fs2-00008.jpg,95.0135302167462,-11.7588338192222
103,208_fs2-00008.jpg,94.8523296973303,-11.1534704070291
104,208_fs2-00008.jpg,94.7199242267999,-10.5443330596848
105,208_fs2-00008.jpg,94.5987976781817,-9.93161339195791
106,208_fs2-00008.jpg,94.4796284514334,-9.31545293532361
107,208_fs2-00008.jpg,94.3625342707392,-8.6959860458237
108,208_fs2-00008.jpg,94.2476328602838,-8.07334707950019
109,208_fs2-00008.jpg,94.1350419442514,-7.44767039239503
110,208_fs2-00008.jpg,94.0248792468266,-6.81909034055008
111,208_fs2-00008.jpg,93.9172624921937,-6.18774128000729
112,208_fs2-00008.jpg,93.8123094045374,-5.55375756680854
113,208_fs2-00008.jpg,93.7101377080418,-4.91727355699578
114,208_fs2-00008.jpg,93.6108651268916,-4.27842360661094
115,208_fs2-00008.jpg,93.5146093852711,-3.63734207169591
116,208_fs2-00008.jpg,93.4214882073648,-2.99416330829263
117,208_fs2-00008.jpg,93.3316193173571,-2.34902167244303
118,208_fs2-00008.jpg,93.2451204394325,-1.702051520189
119,208_fs2-00008.jpg,93.1621092977753,-1.05338720757248
120,208_fs2-00008.jpg,93.0827036165701,-0.403163090635417
121,208_fs2-00008.jpg,93.0070211200014,0.248486474580318
122,208_fs2-00008.jpg,92.9351795322534,0.901427132032779
123,208_fs2-00008.jpg,92.8672965775106,1.55552452568008
124,208_fs2-00008.jpg,92.8034899799576,2.21064429948029
125,208_fs2-00008.jpg,92.7438774637787,2.86665209739141
126,208_fs2-00008.jpg,92.6885767531584,3.52341356337166
127,208_fs2-00008.jpg,92.637705572281,4.180794341379
128,208_fs2-00008.jpg,92.5913816453312,4.83866007537154
129,208_fs2-00008.jpg,92.5497226964932,5.49687640930739
130,208_fs2-00008.jpg,92.5128464499516,6.15530898714462
131,208_fs2-00008.jpg,92.4808706298908,6.81382345284129
132,208_fs2-00008.jpg,92.4539129604951,7.47228545035546
133,208_fs2-00008.jpg,92.4320911659491,8.13056062364529
134,208_fs2-00008.jpg,92.4155229704372,8.78851461666881
135,208_fs2-00008.jpg,92.4043260981439,9.44601307338411
136,208_fs2-00008.jpg,92.3986182732535,10.1029216377493
137,208_fs2-00008.jpg,92.3983462751007,10.7591088340608
138,208_fs2-00008.jpg,92.4023395626314,11.4145156348399
139,208_fs2-00008.jpg,92.4100423090941,12.0691590827113
140,208_fs2-00008.jpg,92.4210749290736,12.7230598255554
141,208_fs2-00008.jpg,92.4350578371547,13.3762385112522
142,208_fs2-00008.jpg,92.4516114479221,14.028715787682
143,208_fs2-00008.jpg,92.4703561759607,14.6805123027249
144,208_fs2-00008.jpg,92.4909124358552,15.3316487042612
145,208_fs2-00008.jpg,92.5129006421905,15.9821456401708
146,208_fs2-00008.jpg,92.5359412095513,16.6320237583341
147,208_fs2-00008.jpg,92.5596545525224,17.2813037066311
148,208_fs2-00008.jpg,92.5836610856886,17.930006132942
149,208_fs2-00008.jpg,92.6075812236347,18.578151685147
150,208_fs2-00008.jpg,92.6310353809455,19.2257610111263
151,208_fs2-00008.jpg,92.6536439722058,19.87285475876
152,208_fs2-00008.jpg,92.6750274120004,20.5194535759282
153,208_fs2-00008.jpg,92.694806114914,21.1655781105111
154,208_fs2-00008.jpg,92.7126004955314,21.811249010389
155,208_fs2-00008.jpg,92.7280309684376,22.4564869234418
156,208_fs2-00008.jpg,92.7407179482171,23.1013124975499
157,208_fs2-00008.jpg,92.7502818494548,23.7457463805934
158,208_fs2-00008.jpg,92.7563430867356,24.3898092204524
159,208_fs2-00008.jpg,92.7585220746441,25.0335216650071
160,208_fs2-00008.jpg,92.7558772220578,25.6769043621376
161,208_fs2-00008.jpg,92.7477048483692,26.3199779597242
162,208_fs2-00008.jpg,92.7340846462768,26.9627631056469
163,208_fs2-00008.jpg,92.7150967640763,27.605280447786
164,208_fs2-00008.jpg,92.6908213500632,28.2475506340215
165,208_fs2-00008.jpg,92.661338552533,28.8895943122337
166,208_fs2-00008.jpg,92.6267285197811,29.5314321303027
167,208_fs2-00008.jpg,92.587071400103,30.1730847361087
168,208_fs2-00008.jpg,92.5424473417943,30.8145727775319
169,208_fs2-00008.jpg,92.4929364931505,31.4559169024523
170,208_fs2-00008.jpg,92.438619002467,32.0971377587503
171,208_fs2-00008.jpg,92.3795750180394,32.7382559943057
172,208_fs2-00008.jpg,92.3158846881632,33.3792922569991
173,208_fs2-00008.jpg,92.2476281611339,34.0202671947103
174,208_fs2-00008.jpg,92.174885585247,34.6612014553197
175,208_fs2-00008.jpg,92.0977371087979,35.3021156867073
176,208_fs2-00008.jpg,92.0162628800823,35.9430305367534
177,208_fs2-00008.jpg,91.9305430473955,36.583966653338
178,208_fs2-00008.jpg,91.8406577590331,37.2249446843414
179,208_fs2-00008.jpg,91.7466871632906,37.8659852776437
180,208_fs2-00008.jpg,91.6487114084636,38.507109081125
181,208_fs2-00008.jpg,91.5468106428474,39.1483367426656
182,208_fs2-00008.jpg,91.4410650147377,39.7896889101456
183,208_fs2-00008.jpg,91.3315546724298,40.4311862314452
184,208_fs2-00008.jpg,91.2183597642195,41.0728493544444
185,208_fs2-00008.jpg,91.101560438402,41.7146989270236
186,208_fs2-00008.jpg,90.9812368432729,42.3567555970627
187,208_fs2-00008.jpg,90.8574691271278,42.9990400124421
188,208_fs2-00008.jpg,90.7303374382622,43.6415728210418
189,208_fs2-00008.jpg,90.5999219249714,44.284374670742
190,208_fs2-00008.jpg,90.4663027355512,44.927466209423
191,208_fs2-00008.jpg,90.3295600182968,45.5708680849647
192,208_fs2-00008.jpg,90.1897739215039,46.2146009452475
193,208_fs2-00008.jpg,90.0470245934679,46.8586854381514
194,208_fs2-00008.jpg,89.9013921824845,47.5031422115566
195,208_fs2-00008.jpg,89.752956836849,48.1479919133434
196,208_fs2-00008.jpg,89.6017987048569,48.7932551913918
197,208_fs2-00008.jpg,89.4479979348038,49.4389526935819
198,208_fs2-00008.jpg,89.2916346749852,50.0851050677941
199,208_fs2-00008.jpg,89.1327890736966,50.7317329619084
200,208_fs2-00008.jpg,88.9715412792334,51.3788570238049
1,208_fs2-00009.jpg,155.424063116371,-50.7344143202358
2,208_fs2-00009.jpg,154.785528048226,-50.457139041761
3,208_fs2-00009.jpg,154.147955388567,-50.1832870364077
4,208_fs2-00009.jpg,153.511344015826,-49.9127193262814
5,208_fs2-00009.jpg,152.875692808438,-49.6452969334876
6,208_fs2-00009.jpg,152.241000644837,-49.3808808801319
7,208_fs2-00009.jpg,151.607266403457,-49.1193321883198
8,208_fs2-00009.jpg,150.974488962731,-48.860511880157
9,208_fs2-00009.jpg,150.342667201095,-48.6042809777488
10,208_fs2-00009.jpg,149.71179999698,-48.350500503201
11,208_fs2-00009.jpg,149.081886228822,-48.0990314786191
12,208_fs2-00009.jpg,148.452924775055,-47.8497349261085
13,208_fs2-00009.jpg,147.824914514111,-47.6024718677749
14,208_fs2-00009.jpg,147.197854324426,-47.3571033257238
15,208_fs2-00009.jpg,146.571743084434,-47.1134903220607
16,208_fs2-00009.jpg,145.946579672567,-46.8714938788913
17,208_fs2-00009.jpg,145.32236296726,-46.6309750183211
18,208_fs2-00009.jpg,144.699091846948,-46.3917947624555
19,208_fs2-00009.jpg,144.076765190063,-46.1538141334003
20,208_fs2-00009.jpg,143.455381875041,-45.9168941532608
21,208_fs2-00009.jpg,142.834940780314,-45.6808958441428
22,208_fs2-00009.jpg,142.215440784316,-45.4456802281517
23,208_fs2-00009.jpg,141.596880765483,-45.211108327393
24,208_fs2-00009.jpg,140.979259602247,-44.9770411639724
25,208_fs2-00009.jpg,140.362576173042,-44.7433397599954
26,208_fs2-00009.jpg,139.746829356303,-44.5098651375675
27,208_fs2-00009.jpg,139.132018030464,-44.2764783187944
28,208_fs2-00009.jpg,138.518141073958,-44.0430403257815
29,208_fs2-00009.jpg,137.905197365218,-43.8094121806344
30,208_fs2-00009.jpg,137.293185782681,-43.5754549054586
31,208_fs2-00009.jpg,136.682105204778,-43.3410295223597
32,208_fs2-00009.jpg,136.071954509944,-43.1059970534433
33,208_fs2-00009.jpg,135.462732576614,-42.8702185208149
34,208_fs2-00009.jpg,134.85443828322,-42.6335549465801
35,208_fs2-00009.jpg,134.247070508197,-42.3958673528444
36,208_fs2-00009.jpg,133.640628129979,-42.1570167617134
37,208_fs2-00009.jpg,133.035110027,-41.9168641952926
38,208_fs2-00009.jpg,132.430515077693,-41.6752706756876
39,208_fs2-00009.jpg,131.826842160493,-41.4320972250039
40,208_fs2-00009.jpg,131.224090153833,-41.1872048653471
41,208_fs2-00009.jpg,130.622257936148,-40.9404546188227
42,208_fs2-00009.jpg,130.021344385872,-40.6917075075363
43,208_fs2-00009.jpg,129.421341012908,-40.4408245535935
44,208_fs2-00009.jpg,128.819893645278,-40.1876667790997
45,208_fs2-00009.jpg,128.215377600449,-39.9320952061606
46,208_fs2-00009.jpg,127.608158858259,-39.6739708568817
47,208_fs2-00009.jpg,126.998603398542,-39.4131547533685
48,208_fs2-00009.jpg,126.387077201136,-39.1495079177267
49,208_fs2-00009.jpg,125.773946245876,-38.8828913720617
50,208_fs2-00009.jpg,125.159576512599,-38.6131661384791
51,208_fs2-00009.jpg,124.544333981142,-38.3401932390845
52,208_fs2-00009.jpg,123.928584631341,-38.0638336959834
53,208_fs2-00009.jpg,123.312694443031,-37.7839485312813
54,208_fs2-00009.jpg,122.69702939605,-37.5003987670839
55,208_fs2-00009.jpg,122.081955470234,-37.2130454254967
56,208_fs2-00009.jpg,121.467838645419,-36.9217495286252
57,208_fs2-00009.jpg,120.855044901441,-36.6263720985749
58,208_fs2-00009.jpg,120.243940218136,-36.3267741574516
59,208_fs2-00009.jpg,119.634890575342,-36.0228167273605
60,208_fs2-00009.jpg,119.028261952894,-35.7143608304074
61,208_fs2-00009.jpg,118.424420330628,-35.4012674886978
62,208_fs2-00009.jpg,117.823731688382,-35.0833977243373
63,208_fs2-00009.jpg,117.22656200599,-34.7606125594313
64,208_fs2-00009.jpg,116.633277263291,-34.4327730160855
65,208_fs2-00009.jpg,116.044243440119,-34.0997401164054
66,208_fs2-00009.jpg,115.459826516311,-33.7613748824966
67,208_fs2-00009.jpg,114.880392471705,-33.4175383364645
68,208_fs2-00009.jpg,114.306307286134,-33.0680915004149
69,208_fs2-00009.jpg,113.737936939438,-32.7128953964531
70,208_fs2-00009.jpg,113.17564741145,-32.3518110466848
71,208_fs2-00009.jpg,112.619804682009,-31.9846994732155
72,208_fs2-00009.jpg,112.070774730949,-31.6114216981508
73,208_fs2-00009.jpg,111.528923538109,-31.2318387435963
74,208_fs2-00009.jpg,110.994617083323,-30.8458116316573
75,208_fs2-00009.jpg,110.468221346428,-30.4532013844396
76,208_fs2-00009.jpg,109.950102307261,-30.0538690240488
77,208_fs2-00009.jpg,109.440625945657,-29.6476755725902
78,208_fs2-00009.jpg,108.940158241454,-29.2344820521695
79,208_fs2-00009.jpg,108.449065174487,-28.8141494848923
80,208_fs2-00009.jpg,107.963470763215,-28.3865603740667
81,208_fs2-00009.jpg,107.475541692061,-27.9517505414039
82,208_fs2-00009.jpg,106.985831921396,-27.5098224535384
83,208_fs2-00009.jpg,106.495128602857,-27.0608788495175
84,208_fs2-00009.jpg,106.004218888082,-26.605022468388
85,208_fs2-00009.jpg,105.513889928709,-26.1423560491968
86,208_fs2-00009.jpg,105.024928876377,-25.6729823309912
87,208_fs2-00009.jpg,104.538122882724,-25.197004052818
88,208_fs2-00009.jpg,104.054259099386,-24.7145239537244
89,208_fs2-00009.jpg,103.574124678004,-24.2256447727572
90,208_fs2-00009.jpg,103.098506770213,-23.7304692489635
91,208_fs2-00009.jpg,102.628192527653,-23.2291001213903
92,208_fs2-00009.jpg,102.163969101962,-22.7216401290847
93,208_fs2-00009.jpg,101.706623644777,-22.2081920110936
94,208_fs2-00009.jpg,101.256943307737,-21.688858506464
95,208_fs2-00009.jpg,100.815715242479,-21.163742354243
96,208_fs2-00009.jpg,100.383726600641,-20.6329462934776
97,208_fs2-00009.jpg,99.9617645338625,-20.0965730632147
98,208_fs2-00009.jpg,99.5506161937803,-19.5547254025015
99,208_fs2-00009.jpg,99.1510687320327,-19.0075060503848
100,208_fs2-00009.jpg,98.7639093002576,-18.4550177459117
101,208_fs2-00009.jpg,98.3899250500932,-17.8973632281293
102,208_fs2-00009.jpg,98.0299031331775,-17.3346452360845
103,208_fs2-00009.jpg,97.6846307011484,-16.7669665088243
104,208_fs2-00009.jpg,97.354894905644,-16.1944297853958
105,208_fs2-00009.jpg,97.0414828983022,-15.6171378048459
106,208_fs2-00009.jpg,96.7451818307612,-15.0351933062217
107,208_fs2-00009.jpg,96.4667788546589,-14.4486990285702
108,208_fs2-00009.jpg,96.2070611216332,-13.8577577109384
109,208_fs2-00009.jpg,95.963745451993,-13.2624726595571
110,208_fs2-00009.jpg,95.7218746379125,-12.6629579516136
111,208_fs2-00009.jpg,95.4797330665538,-12.0593373054275
112,208_fs2-00009.jpg,95.2377779464751,-11.4517347796676
113,208_fs2-00009.jpg,94.9964664862346,-10.8402744330027
114,208_fs2-00009.jpg,94.7562558943904,-10.2250803241014
115,208_fs2-00009.jpg,94.5176033795008,-9.60627651163247
116,208_fs2-00009.jpg,94.280966150124,-8.98398705426473
117,208_fs2-00009.jpg,94.046801414818,-8.35833601066673
118,208_fs2-00009.jpg,93.8155663821412,-7.7294474395074
119,208_fs2-00009.jpg,93.5877182606518,-7.0974453994553
120,208_fs2-00009.jpg,93.3637142589079,-6.46245394917923
121,208_fs2-00009.jpg,93.1440115854676,-5.8245971473479
122,208_fs2-00009.jpg,92.9290674488892,-5.18399905263004
123,208_fs2-00009.jpg,92.719339057731,-4.5407837236944
124,208_fs2-00009.jpg,92.5152836205509,-3.89507521920967
125,208_fs2-00009.jpg,92.3173583459074,-3.2469975978446
126,208_fs2-00009.jpg,92.1260204423585,-2.59667491826792
127,208_fs2-00009.jpg,91.9417271184625,-1.94423123914834
128,208_fs2-00009.jpg,91.7649355827775,-1.28979061915459
129,208_fs2-00009.jpg,91.5961030438617,-0.633477116955419
130,208_fs2-00009.jpg,91.4356867102733,0.0245852087804792
131,208_fs2-00009.jpg,91.2841437905706,0.684272299384361
132,208_fs2-00009.jpg,91.1419314933116,1.34546009618748
133,208_fs2-00009.jpg,91.0095070270547,2.00802454052121
134,208_fs2-00009.jpg,90.8873276003579,2.67184157371668
135,208_fs2-00009.jpg,90.7758504217795,3.3367871371052
136,208_fs2-00009.jpg,90.6755326998776,4.00273717201816
137,208_fs2-00009.jpg,90.5868316432106,4.66956761978668
138,208_fs2-00009.jpg,90.5102044603364,5.33715442174213
139,208_fs2-00009.jpg,90.4461083598134,6.00537351921571
140,208_fs2-00009.jpg,90.3950005501997,6.67410085353879
141,208_fs2-00009.jpg,90.3573382400535,7.34321236604256
142,208_fs2-00009.jpg,90.3335786379331,8.01258399805829
143,208_fs2-00009.jpg,90.3241789523966,8.68209169091733
144,208_fs2-00009.jpg,90.3241880670837,9.3516220302896
145,208_fs2-00009.jpg,90.3247496797562,10.0211265546242
146,208_fs2-00009.jpg,90.3257223240911,10.6905812982016
147,208_fs2-00009.jpg,90.3271045361272,11.3599623403406
148,208_fs2-00009.jpg,90.3288948519033,12.0292457603603
149,208_fs2-00009.jpg,90.3310918074582,12.6984076375797
150,208_fs2-00009.jpg,90.3336939388308,13.3674240513176
151,208_fs2-00009.jpg,90.3366997820597,14.0362710808933
152,208_fs2-00009.jpg,90.3401078731837,14.7049248056255
153,208_fs2-00009.jpg,90.3439167482418,15.3733613048333
154,208_fs2-00009.jpg,90.3481249432726,16.0415566578357
155,208_fs2-00009.jpg,90.352730994315,16.7094869439517
156,208_fs2-00009.jpg,90.3577334374077,17.3771282425002
157,208_fs2-00009.jpg,90.3631308085896,18.0444566328002
158,208_fs2-00009.jpg,90.3689216438993,18.7114481941708
159,208_fs2-00009.jpg,90.3751044793759,19.3780790059309
160,208_fs2-00009.jpg,90.3816778510579,20.0443251473995
161,208_fs2-00009.jpg,90.3886402949842,20.7101626978957
162,208_fs2-00009.jpg,90.3959903471937,21.3755677367382
163,208_fs2-00009.jpg,90.403726543725,22.0405163432463
164,208_fs2-00009.jpg,90.411847420617,22.7049845967387
165,208_fs2-00009.jpg,90.4203515139085,23.3689485765346
166,208_fs2-00009.jpg,90.4292373596382,24.032384361953
167,208_fs2-00009.jpg,90.438503493845,24.6952680323127
168,208_fs2-00009.jpg,90.4481484525677,25.3575756669329
169,208_fs2-00009.jpg,90.458170771845,26.0192833451324
170,208_fs2-00009.jpg,90.4685689877157,26.6803671462303
171,208_fs2-00009.jpg,90.4793416362187,27.3408031495455
172,208_fs2-00009.jpg,90.4904872533927,28.0005674343971
173,208_fs2-00009.jpg,90.5020043752765,28.659636080104
174,208_fs2-00009.jpg,90.519103138434,29.3179851659851
175,208_fs2-00009.jpg,90.5522347757991,29.9755907713596
176,208_fs2-00009.jpg,90.6010960146978,30.6324289755465
177,208_fs2-00009.jpg,90.6650482785652,31.2884758578645
178,208_fs2-00009.jpg,90.7434529908368,31.9437074976328
179,208_fs2-00009.jpg,90.8356715749476,32.5980999741704
180,208_fs2-00009.jpg,90.9410654543331,33.2516293667962
181,208_fs2-00009.jpg,91.0589960524285,33.9042717548292
182,208_fs2-00009.jpg,91.1888247926691,34.5560032175884
183,208_fs2-00009.jpg,91.3299130984901,35.2067998343928
184,208_fs2-00009.jpg,91.4816223933269,35.8566376845614
185,208_fs2-00009.jpg,91.6433141006146,36.5054928474131
186,208_fs2-00009.jpg,91.8143496437886,37.153341402267
187,208_fs2-00009.jpg,91.9940904462842,37.800159428442
188,208_fs2-00009.jpg,92.1818979315366,38.4459230052572
189,208_fs2-00009.jpg,92.3771335229811,39.0906082120314
190,208_fs2-00009.jpg,92.5791586440531,39.7341911280838
191,208_fs2-00009.jpg,92.7873347181877,40.3766478327333
192,208_fs2-00009.jpg,93.0010231688202,41.0179544052988
193,208_fs2-00009.jpg,93.2195854193859,41.6580869250993
194,208_fs2-00009.jpg,93.4423828933201,42.2970214714539
195,208_fs2-00009.jpg,93.6687770140582,42.9347341236815
196,208_fs2-00009.jpg,93.8981292050352,43.5712009611011
197,208_fs2-00009.jpg,94.1298008896866,44.2063980630318
198,208_fs2-00009.jpg,94.3631534914476,44.8403015087924
199,208_fs2-00009.jpg,94.5975484337534,45.472887377702
200,208_fs2-00009.jpg,94.8323471400395,46.1041317490796
1,208_fs2-00010.jpg,160.450831220062,-54.5890212517656
2,208_fs2-00010.jpg,159.840697909375,-54.2331683586925
3,208_fs2-00010.jpg,159.230707051578,-53.883702150989
4,208_fs2-00010.jpg,158.620860673124,-53.5404476891234
5,208_fs2-00010.jpg,158.011160800466,-53.203230033564
6,208_fs2-00010.jpg,157.401609460056,-52.8718742447787
7,208_fs2-00010.jpg,156.792208678348,-52.5462053832359
8,208_fs2-00010.jpg,156.182960481794,-52.2260485094038
9,208_fs2-00010.jpg,155.573866896848,-51.9112286837505
10,208_fs2-00010.jpg,154.964929949963,-51.6015709667442
11,208_fs2-00010.jpg,154.356151667591,-51.2969004188532
12,208_fs2-00010.jpg,153.747534076185,-50.9970421005455
13,208_fs2-00010.jpg,153.139079202199,-50.7018210722895
14,208_fs2-00010.jpg,152.530789072085,-50.4110623945533
15,208_fs2-00010.jpg,151.922665712296,-50.124591127805
16,208_fs2-00010.jpg,151.314711149285,-49.8422323325129
17,208_fs2-00010.jpg,150.706927409506,-49.5638110691452
18,208_fs2-00010.jpg,150.099316519411,-49.2891523981701
19,208_fs2-00010.jpg,149.491880505453,-49.0180813800557
20,208_fs2-00010.jpg,148.884621394085,-48.7504230752702
21,208_fs2-00010.jpg,148.27754121176,-48.4860025442819
22,208_fs2-00010.jpg,147.670641984931,-48.224644847559
23,208_fs2-00010.jpg,147.063925740051,-47.9661750455695
24,208_fs2-00010.jpg,146.457394503573,-47.7104181987817
25,208_fs2-00010.jpg,145.85105030195,-47.4571993676639
26,208_fs2-00010.jpg,145.244895161634,-47.2063436126842
27,208_fs2-00010.jpg,144.638931109079,-46.9576759943107
28,208_fs2-00010.jpg,144.033160170738,-46.7110215730117
29,208_fs2-00010.jpg,143.427584373064,-46.4662054092554
30,208_fs2-00010.jpg,142.822205742509,-46.22305256351
31,208_fs2-00010.jpg,142.217026305527,-45.9813880962436
32,208_fs2-00010.jpg,141.61204808857,-45.7410370679244
33,208_fs2-00010.jpg,141.007273118092,-45.5018245390207
34,208_fs2-00010.jpg,140.402703420545,-45.2635755700006
35,208_fs2-00010.jpg,139.798341022382,-45.0261152213323
36,208_fs2-00010.jpg,139.194020961236,-44.789268553484
37,208_fs2-00010.jpg,138.586429771321,-44.552860626924
38,208_fs2-00010.jpg,137.974501458638,-44.3167165021203
39,208_fs2-00010.jpg,137.358533880481,-44.0806612395413
40,208_fs2-00010.jpg,136.738824894144,-43.8445198996549
41,208_fs2-00010.jpg,136.115672356922,-43.6081175429296
42,208_fs2-00010.jpg,135.489374126109,-43.3712792298334
43,208_fs2-00010.jpg,134.860228059,-43.1338300208346
44,208_fs2-00010.jpg,134.22853201289,-42.8955949764014
45,208_fs2-00010.jpg,133.594583845073,-42.6563991570018
46,208_fs2-00010.jpg,132.958681412843,-42.4160676231042
47,208_fs2-00010.jpg,132.321122573495,-42.1744254351767
48,208_fs2-00010.jpg,131.682205184324,-41.9312976536875
49,208_fs2-00010.jpg,131.042227102623,-41.6865093391049
50,208_fs2-00010.jpg,130.401486185689,-41.4398855518969
51,208_fs2-00010.jpg,129.760280290814,-41.1912513525318
52,208_fs2-00010.jpg,129.118907275294,-40.9404318014778
53,208_fs2-00010.jpg,128.477664996423,-40.687251959203
54,208_fs2-00010.jpg,127.836851311496,-40.4315368861758
55,208_fs2-00010.jpg,127.196764077807,-40.1731116428641
56,208_fs2-00010.jpg,126.55770115265,-39.9118012897363
57,208_fs2-00010.jpg,125.919960393321,-39.6474308872606
58,208_fs2-00010.jpg,125.283839657113,-39.379825495905
59,208_fs2-00010.jpg,124.649636801322,-39.1088101761379
60,208_fs2-00010.jpg,124.017649683241,-38.8342099884274
61,208_fs2-00010.jpg,123.388176160166,-38.5558499932417
62,208_fs2-00010.jpg,122.76151408939,-38.273555251049
63,208_fs2-00010.jpg,122.137961328209,-37.9871508223175
64,208_fs2-00010.jpg,121.517815733917,-37.6964617675154
65,208_fs2-00010.jpg,120.901375163808,-37.4013131471108
66,208_fs2-00010.jpg,120.288937475176,-37.101530021572
67,208_fs2-00010.jpg,119.680800525318,-36.7969374513671
68,208_fs2-00010.jpg,119.077262171526,-36.4873604969644
69,208_fs2-00010.jpg,118.478620271095,-36.172624218832
70,208_fs2-00010.jpg,117.885172681321,-35.8525536774382
71,208_fs2-00010.jpg,117.297217259497,-35.526973933251
72,208_fs2-00010.jpg,116.715051862918,-35.1957100467388
73,208_fs2-00010.jpg,116.138974348878,-34.8585870783697
74,208_fs2-00010.jpg,115.569282574672,-34.5154300886118
75,208_fs2-00010.jpg,115.006274397595,-34.1660641379335
76,208_fs2-00010.jpg,114.450247674941,-33.8103142868028
77,208_fs2-00010.jpg,113.901500264005,-33.448005595688
78,208_fs2-00010.jpg,113.360330022081,-33.0789631250573
79,208_fs2-00010.jpg,112.827034806463,-32.7030119353788
80,208_fs2-00010.jpg,112.301912474447,-32.3199770871208
81,208_fs2-00010.jpg,111.785260883326,-31.9296836407514
82,208_fs2-00010.jpg,111.277377890395,-31.5319566567388
83,208_fs2-00010.jpg,110.778561352949,-31.1266211955512
84,208_fs2-00010.jpg,110.289109128283,-30.7135023176568
85,208_fs2-00010.jpg,109.808904502958,-30.2924268123937
86,208_fs2-00010.jpg,109.33211862793,-29.8633435546049
87,208_fs2-00010.jpg,108.856951719403,-29.4264020349937
88,208_fs2-00010.jpg,108.383622451068,-28.9817704041707
89,208_fs2-00010.jpg,107.912349496613,-28.5296168127466
90,208_fs2-00010.jpg,107.443351529729,-28.0701094113323
91,208_fs2-00010.jpg,106.976847224107,-27.6034163505382
92,208_fs2-00010.jpg,106.513055253434,-27.1297057809752
93,208_fs2-00010.jpg,106.052194291403,-26.649145853254
94,208_fs2-00010.jpg,105.594483011702,-26.1619047179851
95,208_fs2-00010.jpg,105.140140088021,-25.6681505257794
96,208_fs2-00010.jpg,104.689384194051,-25.1680514272474
97,208_fs2-00010.jpg,104.24243400348,-24.6617755729999
98,208_fs2-00010.jpg,103.79950819,-24.1494911136477
99,208_fs2-00010.jpg,103.360825427299,-23.6313661998013
100,208_fs2-00010.jpg,102.926604389069,-23.1075689820715
101,208_fs2-00010.jpg,102.497063748998,-22.578267611069
102,208_fs2-00010.jpg,102.072422180776,-22.0436302374044
103,208_fs2-00010.jpg,101.652898358095,-21.5038250116885
104,208_fs2-00010.jpg,101.238710954642,-20.959020084532
105,208_fs2-00010.jpg,100.830078644109,-20.4093836065454
106,208_fs2-00010.jpg,100.427220100184,-19.8550837283397
107,208_fs2-00010.jpg,100.030353996559,-19.2962886005253
108,208_fs2-00010.jpg,99.639699006923,-18.733166373713
109,208_fs2-00010.jpg,99.2554738049655,-18.1658851985136
110,208_fs2-00010.jpg,98.8778970643767,-17.5946132255377
111,208_fs2-00010.jpg,98.5071874588464,-17.0195186053959
112,208_fs2-00010.jpg,98.1435636620647,-16.4407694886991
113,208_fs2-00010.jpg,97.7872443477212,-15.8585340260578
114,208_fs2-00010.jpg,97.438448189506,-15.2729803680828
115,208_fs2-00010.jpg,97.0973938611089,-14.6842766653848
116,208_fs2-00010.jpg,96.7643000362199,-14.0925910685744
117,208_fs2-00010.jpg,96.4393853885286,-13.4980917282624
118,208_fs2-00010.jpg,96.1228685917253,-12.9009467950595
119,208_fs2-00010.jpg,95.8149683194995,-12.3013244195762
120,208_fs2-00010.jpg,95.5159032455414,-11.6993927524235
121,208_fs2-00010.jpg,95.2258920435407,-11.0953199442118
122,208_fs2-00010.jpg,94.9450178421504,-10.4892740296602
123,208_fs2-00010.jpg,94.667032192394,-9.881381088701
124,208_fs2-00010.jpg,94.3887967963825,-9.27166313419707
125,208_fs2-00010.jpg,94.1108049182659,-8.66012631972052
126,208_fs2-00010.jpg,93.8335498221947,-8.04677679884344
127,208_fs2-00010.jpg,93.557524772319,-7.43162072513792
128,208_fs2-00010.jpg,93.2832230327892,-6.8146642521761
129,208_fs2-00010.jpg,93.0111378677553,-6.19591353353002
130,208_fs2-00010.jpg,92.7417625413678,-5.57537472277181
131,208_fs2-00010.jpg,92.4755903177768,-4.95305397347357
132,208_fs2-00010.jpg,92.2131144611326,-4.32895743920739
133,208_fs2-00010.jpg,91.9548282355855,-3.7030912735454
134,208_fs2-00010.jpg,91.7012249052856,-3.07546163005964
135,208_fs2-00010.jpg,91.4527977343833,-2.44607466232225
136,208_fs2-00010.jpg,91.2100399870288,-1.81493652390532
137,208_fs2-00010.jpg,90.9734449273723,-1.18205336838099
138,208_fs2-00010.jpg,90.743505819564,-0.5474313493213
139,208_fs2-00010.jpg,90.5207159277543,0.0889233797016686
140,208_fs2-00010.jpg,90.3055685160934,0.727004665115714
141,208_fs2-00010.jpg,90.0985568487314,1.36680635334886
142,208_fs2-00010.jpg,89.9001741898188,2.00832229082891
143,208_fs2-00010.jpg,89.7109138035057,2.65154632398384
144,208_fs2-00010.jpg,89.5312689539423,3.29647229924149
145,208_fs2-00010.jpg,89.361732905279,3.94309406302983
146,208_fs2-00010.jpg,89.2027989216659,4.59140546177667
147,208_fs2-00010.jpg,89.0549602672534,5.24140034190998
148,208_fs2-00010.jpg,88.9187102061916,5.89307254985761
149,208_fs2-00010.jpg,88.7945420026308,6.54641593204752
150,208_fs2-00010.jpg,88.6829489207213,7.20142433490759
151,208_fs2-00010.jpg,88.5844242246133,7.85809160486571
152,208_fs2-00010.jpg,88.499461178457,8.51641158834974
153,208_fs2-00010.jpg,88.422040005665,9.17635907367071
154,208_fs2-00010.jpg,88.3455487410472,9.83782872501536
155,208_fs2-00010.jpg,88.2702489050677,10.5006941534679
156,208_fs2-00010.jpg,88.1964038620776,11.1648289700208
157,208_fs2-00010.jpg,88.1242769764283,11.8301067856668
158,208_fs2-00010.jpg,88.054131612471,12.4964012113985
159,208_fs2-00010.jpg,87.9862311345569,13.1635858582083
160,208_fs2-00010.jpg,87.9208389070374,13.831534337089
161,208_fs2-00010.jpg,87.8582182942636,14.5001202590329
162,208_fs2-00010.jpg,87.7986326605868,15.1692172350329
163,208_fs2-00010.jpg,87.7423453703583,15.8386988760814
164,208_fs2-00010.jpg,87.6896197879293,16.5084387931709
165,208_fs2-00010.jpg,87.6407192776511,17.1783105972942
166,208_fs2-00010.jpg,87.5959072038749,17.8481878994438
167,208_fs2-00010.jpg,87.555446930952,18.5179443106122
168,208_fs2-00010.jpg,87.5196018232337,19.1874534417921
169,208_fs2-00010.jpg,87.4886352450712,19.8565889039759
170,208_fs2-00010.jpg,87.4628105608157,20.5252243081565
171,208_fs2-00010.jpg,87.4423911348186,21.1932332653261
172,208_fs2-00010.jpg,87.427640331431,21.8604893864776
173,208_fs2-00010.jpg,87.4188215150043,22.5268662826034
174,208_fs2-00010.jpg,87.4162536468958,23.1922375646961
175,208_fs2-00010.jpg,87.4285118519989,23.8564768437485
176,208_fs2-00010.jpg,87.4612150972408,24.5194577307528
177,208_fs2-00010.jpg,87.5137658992313,25.1810538367019
178,208_fs2-00010.jpg,87.5855667745807,25.8411387725882
179,208_fs2-00010.jpg,87.6760202398988,26.4995861494044
180,208_fs2-00010.jpg,87.7845288117958,27.156269578143
181,208_fs2-00010.jpg,87.9104950068817,27.8110626697966
182,208_fs2-00010.jpg,88.0533213417665,28.4638390353578
183,208_fs2-00010.jpg,88.2124103330604,29.1144722858192
184,208_fs2-00010.jpg,88.3871644973732,29.7628360321734
185,208_fs2-00010.jpg,88.5769863513152,30.4088038854129
186,208_fs2-00010.jpg,88.7812784114962,31.0522494565303
187,208_fs2-00010.jpg,88.9994431945265,31.6930463565182
188,208_fs2-00010.jpg,89.2308832170158,32.3310681963692
189,208_fs2-00010.jpg,89.4750009955745,32.9661885870759
190,208_fs2-00010.jpg,89.7311990468125,33.5982811396309
191,208_fs2-00010.jpg,89.9988798873399,34.2272194650267
192,208_fs2-00010.jpg,90.2774460337666,34.8528771742559
193,208_fs2-00010.jpg,90.5663000027027,35.4751278783111
194,208_fs2-00010.jpg,90.8648443107583,36.0938451881849
195,208_fs2-00010.jpg,91.1724814745434,36.7089027148699
196,208_fs2-00010.jpg,91.4886140106681,37.3201740693586
197,208_fs2-00010.jpg,91.8126444357425,37.9275328626437
198,208_fs2-00010.jpg,92.1439752663764,38.5308527057176
199,208_fs2-00010.jpg,92.4820090191801,39.1300072095731
200,208_fs2-00010.jpg,92.8261482107634,39.7248699852026
1,208_fs2-00011.jpg,166.153846153846,-56.0542227169672
2,208_fs2-00011.jpg,165.509313929475,-55.8460701943686
3,208_fs2-00011.jpg,164.866055800862,-55.6386832955121
4,208_fs2-00011.jpg,164.224072082371,-55.4320011909635
5,208_fs2-00011.jpg,163.583363088366,-55.2259630512888
6,208_fs2-00011.jpg,162.943929133212,-55.0205080470539
7,208_fs2-00011.jpg,162.305770531273,-54.8155753488244
8,208_fs2-00011.jpg,161.668887596914,-54.6111041271664
9,208_fs2-00011.jpg,161.033280644498,-54.4070335526456
10,208_fs2-00011.jpg,160.398949988391,-54.2033027958279
11,208_fs2-00011.jpg,159.765895942956,-53.9998510272793
12,208_fs2-00011.jpg,159.134118822558,-53.7966174175655
13,208_fs2-00011.jpg,158.503618941562,-53.5935411372524
14,208_fs2-00011.jpg,157.874396614332,-53.3905613569058
15,208_fs2-00011.jpg,157.246452155232,-53.1876172470916
16,208_fs2-00011.jpg,156.619785878626,-52.9846479783757
17,208_fs2-00011.jpg,155.994398098879,-52.7815927213239
18,208_fs2-00011.jpg,155.370289130356,-52.578390646502
19,208_fs2-00011.jpg,154.74745928742,-52.3749809244761
20,208_fs2-00011.jpg,154.125908884436,-52.1713027258118
21,208_fs2-00011.jpg,153.505638235768,-51.967295221075
22,208_fs2-00011.jpg,152.886647655782,-51.7628975808316
23,208_fs2-00011.jpg,152.26893745884,-51.5580489756475
24,208_fs2-00011.jpg,151.652507959309,-51.3526885760885
25,208_fs2-00011.jpg,151.037359471551,-51.1467555527205
26,208_fs2-00011.jpg,150.423492309931,-50.9401890761093
27,208_fs2-00011.jpg,149.810906788814,-50.7329283168207
28,208_fs2-00011.jpg,149.199603222564,-50.5249124454207
29,208_fs2-00011.jpg,148.589581925546,-50.3160806324752
30,208_fs2-00011.jpg,147.980843212123,-50.1063720485498
31,208_fs2-00011.jpg,147.373387396661,-49.8957258642106
32,208_fs2-00011.jpg,146.767214793523,-49.6840812500233
33,208_fs2-00011.jpg,146.162325717074,-49.4713773765538
34,208_fs2-00011.jpg,145.558720481678,-49.2575534143681
35,208_fs2-00011.jpg,144.9563994017,-49.0425485340318
36,208_fs2-00011.jpg,144.355362791504,-48.8263019061109
37,208_fs2-00011.jpg,143.755610965455,-48.6087527011713
38,208_fs2-00011.jpg,143.157144237916,-48.3898400897788
39,208_fs2-00011.jpg,142.559962923253,-48.1695032424992
40,208_fs2-00011.jpg,141.964067335829,-47.9476813298985
41,208_fs2-00011.jpg,141.369457790009,-47.7243135225424
42,208_fs2-00011.jpg,140.776134600158,-47.4993389909968
43,208_fs2-00011.jpg,140.184098080639,-47.2726969058277
44,208_fs2-00011.jpg,139.593348545818,-47.0443264376007
45,208_fs2-00011.jpg,139.003886310057,-46.8141667568819
46,208_fs2-00011.jpg,138.415711687723,-46.582157034237
47,208_fs2-00011.jpg,137.828824993179,-46.3482364402319
48,208_fs2-00011.jpg,137.243226540789,-46.1123441454325
49,208_fs2-00011.jpg,136.658916644919,-45.8744193204046
50,208_fs2-00011.jpg,136.075895619932,-45.634401135714
51,208_fs2-00011.jpg,135.494163780192,-45.3922287619267
52,208_fs2-00011.jpg,134.913721440065,-45.1478413696085
53,208_fs2-00011.jpg,134.334568913914,-44.9011781293252
54,208_fs2-00011.jpg,133.756706516104,-44.6521782116428
55,208_fs2-00011.jpg,133.180134560999,-44.400780787127
56,208_fs2-00011.jpg,132.604853362964,-44.1469250263437
57,208_fs2-00011.jpg,132.030863236363,-43.8905500998587
58,208_fs2-00011.jpg,131.45816449556,-43.6315951782381
59,208_fs2-00011.jpg,130.88675745492,-43.3699994320475
60,208_fs2-00011.jpg,130.316128298538,-43.1057020318527
61,208_fs2-00011.jpg,129.743790982747,-42.8386421482199
62,208_fs2-00011.jpg,129.169594994085,-42.5687589517146
63,208_fs2-00011.jpg,128.593749518769,-42.2959916129029
64,208_fs2-00011.jpg,128.016463743017,-42.0202793023506
65,208_fs2-00011.jpg,127.437946853047,-41.7415611906234
66,208_fs2-00011.jpg,126.858408035077,-41.4597764482874
67,208_fs2-00011.jpg,126.278056475326,-41.1748642459082
68,208_fs2-00011.jpg,125.697101360012,-40.8867637540519
69,208_fs2-00011.jpg,125.115751875353,-40.5954141432842
70,208_fs2-00011.jpg,124.534217207566,-40.300754584171
71,208_fs2-00011.jpg,123.95270654287,-40.0027242472781
72,208_fs2-00011.jpg,123.371429067484,-39.7012623031715
73,208_fs2-00011.jpg,122.790593967625,-39.396307922417
74,208_fs2-00011.jpg,122.210410429511,-39.0878002755804
75,208_fs2-00011.jpg,121.63108763936,-38.7756785332275
76,208_fs2-00011.jpg,121.052834783391,-38.4598818659243
77,208_fs2-00011.jpg,120.475861047822,-38.1403494442366
78,208_fs2-00011.jpg,119.900375618871,-37.8170204387303
79,208_fs2-00011.jpg,119.326587682756,-37.4898340199711
80,208_fs2-00011.jpg,118.754706425695,-37.158729358525
81,208_fs2-00011.jpg,118.184941033906,-36.8236456249579
82,208_fs2-00011.jpg,117.617500693607,-36.4845219898355
83,208_fs2-00011.jpg,117.052594591017,-36.1412976237237
84,208_fs2-00011.jpg,116.490431912353,-35.7939116971885
85,208_fs2-00011.jpg,115.931221843834,-35.4423033807956
86,208_fs2-00011.jpg,115.375173571678,-35.0864118451109
87,208_fs2-00011.jpg,114.822496282102,-34.7261762607002
88,208_fs2-00011.jpg,114.273399161326,-34.3615357981295
89,208_fs2-00011.jpg,113.728091395567,-33.9924296279646
90,208_fs2-00011.jpg,113.186782171043,-33.6187969207712
91,208_fs2-00011.jpg,112.649680673972,-33.2405768471153
92,208_fs2-00011.jpg,112.116996090573,-32.8577085775628
93,208_fs2-00011.jpg,111.588937607064,-32.4701312826795
94,208_fs2-00011.jpg,111.065714409662,-32.0777841330313
95,208_fs2-00011.jpg,110.547535684587,-31.6806062991839
96,208_fs2-00011.jpg,110.034610618055,-31.2785369517034
97,208_fs2-00011.jpg,109.527148396285,-30.8715152611554
98,208_fs2-00011.jpg,109.025358205496,-30.4594803981059
99,208_fs2-00011.jpg,108.529449231905,-30.0423715331207
100,208_fs2-00011.jpg,108.03963066173,-29.6201278367658
101,208_fs2-00011.jpg,107.55611168119,-29.1926884796069
102,208_fs2-00011.jpg,107.079101476502,-28.7599926322099
103,208_fs2-00011.jpg,106.608809233886,-28.3219794651407
104,208_fs2-00011.jpg,106.145444139558,-27.878588148965
105,208_fs2-00011.jpg,105.689215379738,-27.4297578542489
106,208_fs2-00011.jpg,105.240332140642,-26.975427751558
107,208_fs2-00011.jpg,104.79900360849,-26.5155370114584
108,208_fs2-00011.jpg,104.365438969499,-26.0500248045158
109,208_fs2-00011.jpg,103.939847409888,-25.5788303012961
110,208_fs2-00011.jpg,103.519963037282,-25.1019265035455
111,208_fs2-00011.jpg,103.103435073439,-24.6194224229018
112,208_fs2-00011.jpg,102.690370249228,-24.1314612456339
113,208_fs2-00011.jpg,102.280875302504,-23.6381861580112
114,208_fs2-00011.jpg,101.875056971124,-23.139740346303
115,208_fs2-00011.jpg,101.473021992946,-22.6362669967787
116,208_fs2-00011.jpg,101.074877105825,-22.1279092957076
117,208_fs2-00011.jpg,100.680729047619,-21.6148104293589
118,208_fs2-00011.jpg,100.290684556184,-21.097113584002
119,208_fs2-00011.jpg,99.9048503693779,-20.5749619459062
120,208_fs2-00011.jpg,99.5233332250563,-20.0484987013409
121,208_fs2-00011.jpg,99.1462398610764,-19.5178670365753
122,208_fs2-00011.jpg,98.7736770152948,-18.9832101378788
123,208_fs2-00011.jpg,98.4057514255684,-18.4446711915206
124,208_fs2-00011.jpg,98.0425698297539,-17.9023933837702
125,208_fs2-00011.jpg,97.684238965708,-17.3565199008967
126,208_fs2-00011.jpg,97.3308655712875,-16.8071939291697
127,208_fs2-00011.jpg,96.9825563843492,-16.2545586548582
128,208_fs2-00011.jpg,96.6394181427497,-15.6987572642317
129,208_fs2-00011.jpg,96.301557584346,-15.1399329435595
130,208_fs2-00011.jpg,95.9690814469946,-14.578228879111
131,208_fs2-00011.jpg,95.6420964685523,-14.0137882571553
132,208_fs2-00011.jpg,95.320709386876,-13.4467542639619
133,208_fs2-00011.jpg,95.0050269398224,-12.8772700858
134,208_fs2-00011.jpg,94.6951558652481,-12.305478908939
135,208_fs2-00011.jpg,94.39120290101,-11.7315239196482
136,208_fs2-00011.jpg,94.0932747849648,-11.1555483041969
137,208_fs2-00011.jpg,93.8014782549693,-10.5776952488544
138,208_fs2-00011.jpg,93.5159200488802,-9.99810793989008
139,208_fs2-00011.jpg,93.2367069045542,-9.41692956357315
140,208_fs2-00011.jpg,92.9622889646105,-8.83429839457165
141,208_fs2-00011.jpg,92.685460927123,-8.25027042686372
142,208_fs2-00011.jpg,92.4059398543776,-7.66483349544086
143,208_fs2-00011.jpg,92.124386680119,-7.07797337946079
144,208_fs2-00011.jpg,91.8414623380926,-6.48967585808117
145,208_fs2-00011.jpg,91.5578277620431,-5.89992671045985
146,208_fs2-00011.jpg,91.2741438857158,-5.30871171575461
147,208_fs2-00011.jpg,90.9910716428556,-4.71601665312323
148,208_fs2-00011.jpg,90.7092719672074,-4.12182730172333
149,208_fs2-00011.jpg,90.4294057925164,-3.52612944071279
150,208_fs2-00011.jpg,90.1521340525276,-2.92890884924935
151,208_fs2-00011.jpg,89.878117680986,-2.33015130649073
152,208_fs2-00011.jpg,89.6080176116366,-1.72984259159477
153,208_fs2-00011.jpg,89.3424947782244,-1.12796848371914
154,208_fs2-00011.jpg,89.0822101144944,-0.524514762021681
155,208_fs2-00011.jpg,88.8278245541918,0.0805327943399448
156,208_fs2-00011.jpg,88.5799990310615,0.687188406207895
157,208_fs2-00011.jpg,88.3393944788485,1.29546629442439
158,208_fs2-00011.jpg,88.1066718312979,1.90538067983181
159,208_fs2-00011.jpg,87.8824920221547,2.51694578327221
160,208_fs2-00011.jpg,87.6675159851638,3.13017582558797
161,208_fs2-00011.jpg,87.4624046540704,3.74508502762126
162,208_fs2-00011.jpg,87.2678189626195,4.36168761021435
163,208_fs2-00011.jpg,87.084419844556,4.97999779420945
164,208_fs2-00011.jpg,86.912868233625,5.60002980044885
165,208_fs2-00011.jpg,86.7538250635715,6.22179784977476
166,208_fs2-00011.jpg,86.6079512681406,6.84531616302939
167,208_fs2-00011.jpg,86.4759077810773,7.47059896105503
168,208_fs2-00011.jpg,86.3583555361266,8.09766046469394
169,208_fs2-00011.jpg,86.2559554670334,8.72651489478829
170,208_fs2-00011.jpg,86.1693685075429,9.3571764721803
171,208_fs2-00011.jpg,86.0992555914001,9.98965941771235
172,208_fs2-00011.jpg,86.041249483629,10.6239682089529
173,208_fs2-00011.jpg,85.984732064994,11.2600309958354
174,208_fs2-00011.jpg,85.929500459769,11.8977399518373
175,208_fs2-00011.jpg,85.8757388940278,12.5369870392557
176,208_fs2-00011.jpg,85.8236315938443,13.177664220388
177,208_fs2-00011.jpg,85.7733627852922,13.8196634575315
178,208_fs2-00011.jpg,85.7251166944454,14.4628767129834
179,208_fs2-00011.jpg,85.6790775473776,15.1071959490411
180,208_fs2-00011.jpg,85.6354295701627,15.7525131280018
181,208_fs2-00011.jpg,85.5943569888745,16.3987202121629
182,208_fs2-00011.jpg,85.5560440295868,17.0457091638216
183,208_fs2-00011.jpg,85.5206749183733,17.6933719452753
184,208_fs2-00011.jpg,85.488433881308,18.3416005188211
185,208_fs2-00011.jpg,85.4595051444647,18.9902868467565
186,208_fs2-00011.jpg,85.434072933917,19.6393228913787
187,208_fs2-00011.jpg,85.412321475739,20.2886006149849
188,208_fs2-00011.jpg,85.3944349960042,20.9380119798726
189,208_fs2-00011.jpg,85.3805977207866,21.5874489483389
190,208_fs2-00011.jpg,85.3709938761601,22.2368034826812
191,208_fs2-00011.jpg,85.3658076881982,22.8859675451968
192,208_fs2-00011.jpg,85.3648915187378,23.5348330981829
193,208_fs2-00011.jpg,85.3648915187378,24.1832921039368
194,208_fs2-00011.jpg,85.3648915187378,24.8312365247559
195,208_fs2-00011.jpg,85.3648915187378,25.4785583229375
196,208_fs2-00011.jpg,85.3648915187378,26.1251494607787
197,208_fs2-00011.jpg,85.3648915187378,26.770901900577
198,208_fs2-00011.jpg,85.3648915187378,27.4157076046296
199,208_fs2-00011.jpg,85.3648915187378,28.0594585352337
200,208_fs2-00011.jpg,85.3648915187378,28.7020466546868
