points,Image,X,Y
1,208_fs3-00001.jpg,0,-39.2288291737776
2,208_fs3-00001.jpg,0.659691791317186,-39.182321880812
3,208_fs3-00001.jpg,1.31938938771117,-39.1366302586646
4,208_fs3-00001.jpg,1.97909285451232,-39.0917524148176
5,208_fs3-00001.jpg,2.63880225705094,-39.0476864567534
6,208_fs3-00001.jpg,3.29851766065758,-39.0044304919541
7,208_fs3-00001.jpg,3.95823913066249,-38.9619826279019
8,208_fs3-00001.jpg,4.61796673239616,-38.920340972079
9,208_fs3-00001.jpg,5.27770053118888,-38.8795036319677
10,208_fs3-00001.jpg,5.93744059237116,-38.8394687150502
11,208_fs3-00001.jpg,6.5971869812733,-38.8002343288087
12,208_fs3-00001.jpg,7.25693976322572,-38.7617985807254
13,208_fs3-00001.jpg,7.91669900355879,-38.7241595782826
14,208_fs3-00001.jpg,8.57646476760294,-38.6873154289624
15,208_fs3-00001.jpg,9.23623712068854,-38.6512642402472
16,208_fs3-00001.jpg,9.89601612814596,-38.616004119619
17,208_fs3-00001.jpg,10.5558018553056,-38.5815331745602
18,208_fs3-00001.jpg,11.2155943674979,-38.5478495125529
19,208_fs3-00001.jpg,11.8753937300532,-38.5149512410794
20,208_fs3-00001.jpg,12.5352000083018,-38.4828364676219
21,208_fs3-00001.jpg,13.1950132675743,-38.4515032996626
22,208_fs3-00001.jpg,13.854833573201,-38.4209498446837
23,208_fs3-00001.jpg,14.5146609905123,-38.3911742101675
24,208_fs3-00001.jpg,15.1744955848384,-38.3621745035962
25,208_fs3-00001.jpg,15.83433742151,-38.333948832452
26,208_fs3-00001.jpg,16.4941865658573,-38.3064953042171
27,208_fs3-00001.jpg,17.1540430832107,-38.2798120263737
28,208_fs3-00001.jpg,17.8139070389006,-38.2538971064041
29,208_fs3-00001.jpg,18.4737784982574,-38.2287486517904
30,208_fs3-00001.jpg,19.1336575266116,-38.204364770015
31,208_fs3-00001.jpg,19.7935441892935,-38.18074356856
32,208_fs3-00001.jpg,20.4534385516334,-38.1578831549076
33,208_fs3-00001.jpg,21.1133406789618,-38.1357816365401
34,208_fs3-00001.jpg,21.7732506366091,-38.1144371209397
35,208_fs3-00001.jpg,22.4331684899056,-38.0938477155886
36,208_fs3-00001.jpg,23.0930943041818,-38.074011527969
37,208_fs3-00001.jpg,23.7530281447679,-38.0549266655631
38,208_fs3-00001.jpg,24.4129700769946,-38.0365912358533
39,208_fs3-00001.jpg,25.072920166192,-38.0190033463215
40,208_fs3-00001.jpg,25.7328784776907,-38.0021611044502
41,208_fs3-00001.jpg,26.3928450768209,-37.9860626177216
42,208_fs3-00001.jpg,27.0528200289131,-37.9707059936178
43,208_fs3-00001.jpg,27.7128033992977,-37.956089339621
44,208_fs3-00001.jpg,28.3727952533051,-37.9422107632135
45,208_fs3-00001.jpg,29.0327956562656,-37.9290683718776
46,208_fs3-00001.jpg,29.6928046735097,-37.9166602730954
47,208_fs3-00001.jpg,30.3528223703677,-37.9049845743491
48,208_fs3-00001.jpg,31.0128488121701,-37.894039383121
49,208_fs3-00001.jpg,31.6728840642472,-37.8838228068933
50,208_fs3-00001.jpg,32.3329297315845,-37.8743329531482
51,208_fs3-00001.jpg,32.9930287736339,-37.865567929368
52,208_fs3-00001.jpg,33.653198558746,-37.8575258430348
53,208_fs3-00001.jpg,34.3134362358589,-37.8502048016309
54,208_fs3-00001.jpg,34.9737389539105,-37.8436029126384
55,208_fs3-00001.jpg,35.6341038618387,-37.8377182835398
56,208_fs3-00001.jpg,36.2945281085816,-37.832549021817
57,208_fs3-00001.jpg,36.9550088430769,-37.8280932349524
58,208_fs3-00001.jpg,37.6155432142629,-37.8243490304281
59,208_fs3-00001.jpg,38.2761283710773,-37.8213145157265
60,208_fs3-00001.jpg,38.9367614624582,-37.8189877983297
61,208_fs3-00001.jpg,39.5974396373435,-37.8173669857199
62,208_fs3-00001.jpg,40.2581600446711,-37.8164501853794
63,208_fs3-00001.jpg,40.9189198333791,-37.8162355047904
64,208_fs3-00001.jpg,41.5797161524052,-37.8167210514351
65,208_fs3-00001.jpg,42.2405461506877,-37.8179049327957
66,208_fs3-00001.jpg,42.9014069771644,-37.8197852563544
67,208_fs3-00001.jpg,43.5622957807731,-37.8223601295935
68,208_fs3-00001.jpg,44.223209710452,-37.8256276599953
69,208_fs3-00001.jpg,44.884145915139,-37.8295859550418
70,208_fs3-00001.jpg,45.545101543772,-37.8342331222153
71,208_fs3-00001.jpg,46.2060737452889,-37.8395672689981
72,208_fs3-00001.jpg,46.8670596686278,-37.8455865028724
73,208_fs3-00001.jpg,47.5280564627266,-37.8522889313203
74,208_fs3-00001.jpg,48.1890612765233,-37.8596726618241
75,208_fs3-00001.jpg,48.8500712589557,-37.8677358018661
76,208_fs3-00001.jpg,49.5110835589619,-37.8764764589285
77,208_fs3-00001.jpg,50.1720953254799,-37.8858927404933
78,208_fs3-00001.jpg,50.8331037074475,-37.895982754043
79,208_fs3-00001.jpg,51.4941058538028,-37.9067446070598
80,208_fs3-00001.jpg,52.1550989134836,-37.9181764070257
81,208_fs3-00001.jpg,52.8160800354281,-37.9302762614231
82,208_fs3-00001.jpg,53.477046368574,-37.9430422777342
83,208_fs3-00001.jpg,54.1379950618594,-37.9564725634412
84,208_fs3-00001.jpg,54.7989232642223,-37.9705652260263
85,208_fs3-00001.jpg,55.4598281246005,-37.9853183729717
86,208_fs3-00001.jpg,56.1207067919321,-38.0007301117597
87,208_fs3-00001.jpg,56.781556415155,-38.0167985498724
88,208_fs3-00001.jpg,57.4423741432071,-38.0335217947922
89,208_fs3-00001.jpg,58.1031571250265,-38.0508979540012
90,208_fs3-00001.jpg,58.763902509551,-38.0689251349816
91,208_fs3-00001.jpg,59.4246074457187,-38.0876014452157
92,208_fs3-00001.jpg,60.0852690824675,-38.1069249921857
93,208_fs3-00001.jpg,60.7458845687353,-38.1268938833738
94,208_fs3-00001.jpg,61.4064510534602,-38.1475062262622
95,208_fs3-00001.jpg,62.06696568558,-38.1687601283331
96,208_fs3-00001.jpg,62.7274256140327,-38.1906536970688
97,208_fs3-00001.jpg,63.3878279877563,-38.2131850399515
98,208_fs3-00001.jpg,64.0481699556888,-38.2363522644634
99,208_fs3-00001.jpg,64.708448666768,-38.2601534780868
100,208_fs3-00001.jpg,65.368661269932,-38.2845867883038
101,208_fs3-00001.jpg,66.0288049141187,-38.3096503025966
102,208_fs3-00001.jpg,66.6888767482661,-38.3353421284475
103,208_fs3-00001.jpg,67.3488739213122,-38.3616603733388
104,208_fs3-00001.jpg,68.0087935821948,-38.3886031447525
105,208_fs3-00001.jpg,68.6686328798519,-38.4161685501711
106,208_fs3-00001.jpg,69.3283889632216,-38.4443546970765
107,208_fs3-00001.jpg,69.9880589812417,-38.4731596929513
108,208_fs3-00001.jpg,70.6476400828503,-38.5025816452773
109,208_fs3-00001.jpg,71.3071294169852,-38.5326186615371
110,208_fs3-00001.jpg,71.9665241325845,-38.5632688492127
111,208_fs3-00001.jpg,72.625821378586,-38.5945303157863
112,208_fs3-00001.jpg,73.2850183039278,-38.6264011687403
113,208_fs3-00001.jpg,73.9441120575478,-38.6588795155568
114,208_fs3-00001.jpg,74.603099788384,-38.691963463718
115,208_fs3-00001.jpg,75.2619786453743,-38.7256511207062
116,208_fs3-00001.jpg,75.9207457774567,-38.7599405940036
117,208_fs3-00001.jpg,76.5793983335691,-38.7948299910923
118,208_fs3-00001.jpg,77.2379334626496,-38.8303174194547
119,208_fs3-00001.jpg,77.8963483136359,-38.8664009865729
120,208_fs3-00001.jpg,78.5546400354663,-38.9030787999291
121,208_fs3-00001.jpg,79.2128057770784,-38.9403489670057
122,208_fs3-00001.jpg,79.8709509214142,-38.9782115034643
123,208_fs3-00001.jpg,80.5296463076494,-39.0167058920426
124,208_fs3-00001.jpg,81.1889313579708,-39.0559087722723
125,208_fs3-00001.jpg,81.8487536703796,-39.0958982292819
126,208_fs3-00001.jpg,82.509060842877,-39.1367523481993
127,208_fs3-00001.jpg,83.1698004734645,-39.178549214153
128,208_fs3-00001.jpg,83.8309201601432,-39.2213669122711
129,208_fs3-00001.jpg,84.4923675009146,-39.2652835276818
130,208_fs3-00001.jpg,85.1540900937798,-39.3103771455132
131,208_fs3-00001.jpg,85.8160355367401,-39.3567258508936
132,208_fs3-00001.jpg,86.4781514277969,-39.4044077289512
133,208_fs3-00001.jpg,87.1403853649515,-39.4535008648142
134,208_fs3-00001.jpg,87.8026849462051,-39.5040833436107
135,208_fs3-00001.jpg,88.4649977695591,-39.5562332504691
136,208_fs3-00001.jpg,89.1272714330146,-39.6100286705174
137,208_fs3-00001.jpg,89.7894535345731,-39.6655476888839
138,208_fs3-00001.jpg,90.4514916722358,-39.7228683906968
139,208_fs3-00001.jpg,91.1133334440039,-39.7820688610844
140,208_fs3-00001.jpg,91.7749264478788,-39.8432271851746
141,208_fs3-00001.jpg,92.4362182818618,-39.9064214480959
142,208_fs3-00001.jpg,93.0971565439542,-39.9717297349764
143,208_fs3-00001.jpg,93.7576888321572,-40.0392301309443
144,208_fs3-00001.jpg,94.4177627444722,-40.1090007211277
145,208_fs3-00001.jpg,95.0773258789004,-40.181119590655
146,208_fs3-00001.jpg,95.7363258334431,-40.2556648246542
147,208_fs3-00001.jpg,96.3947102061016,-40.3327145082537
148,208_fs3-00001.jpg,97.0524265948773,-40.4123467265815
149,208_fs3-00001.jpg,97.7094225977713,-40.4946395647661
150,208_fs3-00001.jpg,98.3656458127851,-40.5796711079353
151,208_fs3-00001.jpg,99.0210438379198,-40.6675194412175
152,208_fs3-00001.jpg,99.6755642711768,-40.7582626497411
153,208_fs3-00001.jpg,100.329154710557,-40.8519788186339
154,208_fs3-00001.jpg,100.981762754063,-40.9487460330244
155,208_fs3-00001.jpg,101.633335999694,-41.0486423780407
156,208_fs3-00001.jpg,102.283822045453,-41.151745938811
157,208_fs3-00001.jpg,102.933168489341,-41.2581348004635
158,208_fs3-00001.jpg,103.581322929359,-41.3678870481264
159,208_fs3-00001.jpg,104.228232963508,-41.4810807669279
160,208_fs3-00001.jpg,104.873846189789,-41.5977940419963
161,208_fs3-00001.jpg,105.518110206205,-41.7181049584596
162,208_fs3-00001.jpg,106.160972610755,-41.8420916014462
163,208_fs3-00001.jpg,106.802381001443,-41.9698320560842
164,208_fs3-00001.jpg,107.442282976268,-42.1014044075018
165,208_fs3-00001.jpg,108.080644410927,-42.2368867408273
166,208_fs3-00001.jpg,108.717867666701,-42.3763571411887
167,208_fs3-00001.jpg,109.354138626177,-42.5198936937144
168,208_fs3-00001.jpg,109.989460734628,-42.6675744835324
169,208_fs3-00001.jpg,110.623837437327,-42.8194775957711
170,208_fs3-00001.jpg,111.257272179547,-42.9756811155587
171,208_fs3-00001.jpg,111.889768406561,-43.1362631280233
172,208_fs3-00001.jpg,112.521329563643,-43.301301718293
173,208_fs3-00001.jpg,113.151959096064,-43.4708749714963
174,208_fs3-00001.jpg,113.781660449099,-43.6450609727611
175,208_fs3-00001.jpg,114.41043706802,-43.8239378072157
176,208_fs3-00001.jpg,115.038292398101,-44.0075835599885
177,208_fs3-00001.jpg,115.665229884614,-44.1960763162074
178,208_fs3-00001.jpg,116.291252972833,-44.3894941610008
179,208_fs3-00001.jpg,116.91636510803,-44.5879151794968
180,208_fs3-00001.jpg,117.540569735479,-44.7914174568236
181,208_fs3-00001.jpg,118.163870300453,-45.0000790781095
182,208_fs3-00001.jpg,118.786270248225,-45.2139781284826
183,208_fs3-00001.jpg,119.407773024067,-45.4331926930712
184,208_fs3-00001.jpg,120.028382073254,-45.6578008570033
185,208_fs3-00001.jpg,120.648100841058,-45.8878807054074
186,208_fs3-00001.jpg,121.266932772752,-46.1235103234114
187,208_fs3-00001.jpg,121.884881313609,-46.3647677961438
188,208_fs3-00001.jpg,122.501949908903,-46.6117312087325
189,208_fs3-00001.jpg,123.118142003905,-46.8644786463059
190,208_fs3-00001.jpg,123.733461043891,-47.1230881939921
191,208_fs3-00001.jpg,124.347910474131,-47.3876379369194
192,208_fs3-00001.jpg,124.961493739901,-47.658205960216
193,208_fs3-00001.jpg,125.574214286472,-47.93487034901
194,208_fs3-00001.jpg,126.186075559118,-48.2177091884296
195,208_fs3-00001.jpg,126.797081003111,-48.5068005636031
196,208_fs3-00001.jpg,127.407234063725,-48.8022225596586
197,208_fs3-00001.jpg,128.016538186234,-49.1040532617244
198,208_fs3-00001.jpg,128.624996815909,-49.4123707549287
199,208_fs3-00001.jpg,129.232613398024,-49.7272531243996
200,208_fs3-00001.jpg,129.839391377853,-50.0487784552654
1,208_fs3-00002.jpg,10.0084530853761,-25.974391303955
2,208_fs3-00002.jpg,10.4760687252722,-26.2247239047465
3,208_fs3-00002.jpg,10.945286993151,-26.4853678293503
4,208_fs3-00002.jpg,11.4161007091417,-26.7559437251893
5,208_fs3-00002.jpg,11.8885026933736,-27.0360722396863
6,208_fs3-00002.jpg,12.3624857659759,-27.3253740202642
7,208_fs3-00002.jpg,12.8380427470777,-27.6234697143461
8,208_fs3-00002.jpg,13.3151664568084,-27.9299799693548
9,208_fs3-00002.jpg,13.7938497152972,-28.2445254327132
10,208_fs3-00002.jpg,14.2740853426733,-28.5667267518442
11,208_fs3-00002.jpg,14.755866159066,-28.8962045741709
12,208_fs3-00002.jpg,15.2391849846044,-29.2325795471161
13,208_fs3-00002.jpg,15.7240346394179,-29.5754723181027
14,208_fs3-00002.jpg,16.2104079436355,-29.9245035345536
15,208_fs3-00002.jpg,16.6982977173867,-30.2792938438917
16,208_fs3-00002.jpg,17.1876967808006,-30.63946389354
17,208_fs3-00002.jpg,17.6785979540064,-31.0046343309214
18,208_fs3-00002.jpg,18.1709940571334,-31.3744258034588
19,208_fs3-00002.jpg,18.6648779103108,-31.7484589585752
20,208_fs3-00002.jpg,19.1602423336678,-32.1263544436934
21,208_fs3-00002.jpg,19.6570801473338,-32.5077329062363
22,208_fs3-00002.jpg,20.1553841714378,-32.8922149936269
23,208_fs3-00002.jpg,20.6551472261091,-33.2794213532881
24,208_fs3-00002.jpg,21.1563621314771,-33.6689726326429
25,208_fs3-00002.jpg,21.6590217076708,-34.0604894791141
26,208_fs3-00002.jpg,22.1631187748196,-34.4535925401247
27,208_fs3-00002.jpg,22.6686461530527,-34.8479024630975
28,208_fs3-00002.jpg,23.1755966624992,-35.2430398954555
29,208_fs3-00002.jpg,23.6839631232885,-35.6386254846216
30,208_fs3-00002.jpg,24.1937383555498,-36.0342798780188
31,208_fs3-00002.jpg,24.7049151794123,-36.4296237230699
32,208_fs3-00002.jpg,25.2174864150052,-36.8242776671979
33,208_fs3-00002.jpg,25.7314448824578,-37.2178623578256
34,208_fs3-00002.jpg,26.2467834018993,-37.6099984423761
35,208_fs3-00002.jpg,26.7634947934589,-38.0003065682722
36,208_fs3-00002.jpg,27.2815718772659,-38.3884073829369
37,208_fs3-00002.jpg,27.8012349470104,-38.773921533793
38,208_fs3-00002.jpg,28.3227685726261,-39.1564696682635
39,208_fs3-00002.jpg,28.8461496606185,-39.5356724337713
40,208_fs3-00002.jpg,29.3713536149864,-39.9111504777393
41,208_fs3-00002.jpg,29.8983558397284,-40.2825244475904
42,208_fs3-00002.jpg,30.4271317388434,-40.6494149907477
43,208_fs3-00002.jpg,30.95765671633,-41.0114427546338
44,208_fs3-00002.jpg,31.489906176187,-41.3682283866719
45,208_fs3-00002.jpg,32.0238555224131,-41.7193925342848
46,208_fs3-00002.jpg,32.5594801590071,-42.0645558448954
47,208_fs3-00002.jpg,33.0967554899676,-42.4033389659267
48,208_fs3-00002.jpg,33.6356569192934,-42.7353625448015
49,208_fs3-00002.jpg,34.1761598509833,-43.0602472289429
50,208_fs3-00002.jpg,34.7182396890359,-43.3776136657736
51,208_fs3-00002.jpg,35.26187183745,-43.6870825027167
52,208_fs3-00002.jpg,35.8070317002244,-43.988274387195
53,208_fs3-00002.jpg,36.3536946813577,-44.2808099666314
54,208_fs3-00002.jpg,36.9018361848487,-44.564309888449
55,208_fs3-00002.jpg,37.4514316146962,-44.8383948000706
56,208_fs3-00002.jpg,38.0024563748988,-45.102685348919
57,208_fs3-00002.jpg,38.5548858694553,-45.3568021824173
58,208_fs3-00002.jpg,39.1086955023644,-45.6003659479884
59,208_fs3-00002.jpg,39.6638606776249,-45.8329972930552
60,208_fs3-00002.jpg,40.2203567992354,-46.0543168650405
61,208_fs3-00002.jpg,40.7781592711948,-46.2639453113674
62,208_fs3-00002.jpg,41.3372434975017,-46.4615032794587
63,208_fs3-00002.jpg,41.8975848821549,-46.6466114167373
64,208_fs3-00002.jpg,42.4591588291531,-46.8188903706262
65,208_fs3-00002.jpg,43.0219407424951,-46.9779607885483
66,208_fs3-00002.jpg,43.5859060261795,-47.1234433179265
67,208_fs3-00002.jpg,44.1510300842052,-47.2549586061837
68,208_fs3-00002.jpg,44.7172883205707,-47.3721273007429
69,208_fs3-00002.jpg,45.284656139275,-47.4745700490269
70,208_fs3-00002.jpg,45.8531089443167,-47.5619074984588
71,208_fs3-00002.jpg,46.4227001999274,-47.6337637917723
72,208_fs3-00002.jpg,46.9946598262142,-47.69004796505
73,208_fs3-00002.jpg,47.5693282552361,-47.7311603381612
74,208_fs3-00002.jpg,48.1465863443617,-47.757549886713
75,208_fs3-00002.jpg,48.7263149509598,-47.7696655863119
76,208_fs3-00002.jpg,49.3083949323992,-47.767956412565
77,208_fs3-00002.jpg,49.8927071460485,-47.7528713410789
78,208_fs3-00002.jpg,50.4791324492765,-47.7248593474605
79,208_fs3-00002.jpg,51.0675516994519,-47.6843694073164
80,208_fs3-00002.jpg,51.6578457539435,-47.6318504962537
81,208_fs3-00002.jpg,52.24989547012,-47.5677515898791
82,208_fs3-00002.jpg,52.8435817053502,-47.4925216637992
83,208_fs3-00002.jpg,53.4387853170027,-47.4066096936211
84,208_fs3-00002.jpg,54.0353871624462,-47.3104646549514
85,208_fs3-00002.jpg,54.6332680990497,-47.204535523397
86,208_fs3-00002.jpg,55.2323089841817,-47.0892712745645
87,208_fs3-00002.jpg,55.8323906752109,-46.965120884061
88,208_fs3-00002.jpg,56.4333940295063,-46.8325333274932
89,208_fs3-00002.jpg,57.0351999044364,-46.6919575804677
90,208_fs3-00002.jpg,57.6376891573699,-46.5438426185915
91,208_fs3-00002.jpg,58.2407426456758,-46.3886374174714
92,208_fs3-00002.jpg,58.8442412267225,-46.2267909527141
93,208_fs3-00002.jpg,59.448065757879,-46.0587521999265
94,208_fs3-00002.jpg,60.0520970965139,-45.8849701347154
95,208_fs3-00002.jpg,60.656216099996,-45.7058937326874
96,208_fs3-00002.jpg,61.260303625694,-45.5219719694496
97,208_fs3-00002.jpg,61.8642405309766,-45.3336538206086
98,208_fs3-00002.jpg,62.4679076732126,-45.1413882617712
99,208_fs3-00002.jpg,63.0711859097707,-44.9456242685443
100,208_fs3-00002.jpg,63.6739560980196,-44.7468108165346
101,208_fs3-00002.jpg,64.276099095328,-44.545396881349
102,208_fs3-00002.jpg,64.8774957590648,-44.3418314385943
103,208_fs3-00002.jpg,65.4780269465986,-44.1365634638771
104,208_fs3-00002.jpg,66.0775735152982,-43.9300419328045
105,208_fs3-00002.jpg,66.6760163225323,-43.7227158209831
106,208_fs3-00002.jpg,67.2732362256696,-43.5150341040197
107,208_fs3-00002.jpg,67.8691140820789,-43.3074457575212
108,208_fs3-00002.jpg,68.4635307491288,-43.1003997570943
109,208_fs3-00002.jpg,69.0565537521089,-42.8943342442519
110,208_fs3-00002.jpg,69.6489235310445,-42.6895187817949
111,208_fs3-00002.jpg,70.240759590754,-42.4860897702975
112,208_fs3-00002.jpg,70.832095715986,-42.2841799832626
113,208_fs3-00002.jpg,71.4229656914893,-42.0839221941936
114,208_fs3-00002.jpg,72.0134033020125,-41.8854491765936
115,208_fs3-00002.jpg,72.6034423323043,-41.6888937039656
116,208_fs3-00002.jpg,73.1931165671132,-41.494388549813
117,208_fs3-00002.jpg,73.7824597911882,-41.3020664876388
118,208_fs3-00002.jpg,74.3715057892778,-41.1120602909461
119,208_fs3-00002.jpg,74.9602883461305,-40.9245027332382
120,208_fs3-00002.jpg,75.5488412464953,-40.7395265880182
121,208_fs3-00002.jpg,76.1371982751207,-40.5572646287893
122,208_fs3-00002.jpg,76.7253932167554,-40.3778496290545
123,208_fs3-00002.jpg,77.313459856148,-40.2014143623171
124,208_fs3-00002.jpg,77.9014319780474,-40.0280916020803
125,208_fs3-00002.jpg,78.489343367202,-39.8580141218471
126,208_fs3-00002.jpg,79.0772278083606,-39.6913146951208
127,208_fs3-00002.jpg,79.6651190862718,-39.5281260954044
128,208_fs3-00002.jpg,80.2530509856845,-39.3685810962012
129,208_fs3-00002.jpg,80.8410572913471,-39.2128124710143
130,208_fs3-00002.jpg,81.4291717880084,-39.0609529933469
131,208_fs3-00002.jpg,82.0174282604171,-38.913135436702
132,208_fs3-00002.jpg,82.6058604933219,-38.769492574583
133,208_fs3-00002.jpg,83.1945022714713,-38.6301571804928
134,208_fs3-00002.jpg,83.7833873796141,-38.4952620279348
135,208_fs3-00002.jpg,84.372549602499,-38.3649398904119
136,208_fs3-00002.jpg,84.9620227248747,-38.2393235414275
137,208_fs3-00002.jpg,85.5518405314897,-38.1185457544846
138,208_fs3-00002.jpg,86.1420368070928,-38.0027393030865
139,208_fs3-00002.jpg,86.7326453364327,-37.8920369607361
140,208_fs3-00002.jpg,87.3236999042579,-37.7865715009368
141,208_fs3-00002.jpg,87.9152342953174,-37.6864756971918
142,208_fs3-00002.jpg,88.5072822943595,-37.5918823230039
143,208_fs3-00002.jpg,89.0998776861331,-37.5029241518766
144,208_fs3-00002.jpg,89.6930542553869,-37.419733957313
145,208_fs3-00002.jpg,90.2868457868694,-37.3424445128161
146,208_fs3-00002.jpg,90.8812860653294,-37.2711885918892
147,208_fs3-00002.jpg,91.4764088755156,-37.2060989680353
148,208_fs3-00002.jpg,92.0722480021766,-37.1473084147578
149,208_fs3-00002.jpg,92.6688372300611,-37.0949497055597
150,208_fs3-00002.jpg,93.2663274804281,-37.0491548026592
151,208_fs3-00002.jpg,93.8660040349158,-37.0100149477259
152,208_fs3-00002.jpg,94.4680480123781,-36.9775624593615
153,208_fs3-00002.jpg,95.0722510466271,-36.9518250478473
154,208_fs3-00002.jpg,95.6784047714745,-36.9328304234649
155,208_fs3-00002.jpg,96.2863008207325,-36.9206062964956
156,208_fs3-00002.jpg,96.8957308282129,-36.9151803772208
157,208_fs3-00002.jpg,97.5064864277277,-36.916580375922
158,208_fs3-00002.jpg,98.1183592530888,-36.9248340028804
159,208_fs3-00002.jpg,98.7311409381083,-36.9399689683776
160,208_fs3-00002.jpg,99.344623116598,-36.9620129826949
161,208_fs3-00002.jpg,99.95859742237,-36.9909937561137
162,208_fs3-00002.jpg,100.572855489236,-37.0269389989155
163,208_fs3-00002.jpg,101.187188951008,-37.0698764213817
164,208_fs3-00002.jpg,101.801389441499,-37.1198337337935
165,208_fs3-00002.jpg,102.415248594519,-37.1768386464325
166,208_fs3-00002.jpg,103.028558043881,-37.2409188695801
167,208_fs3-00002.jpg,103.641109423397,-37.3121021135176
168,208_fs3-00002.jpg,104.25269436688,-37.3904160885265
169,208_fs3-00002.jpg,104.86310450814,-37.4758885048882
170,208_fs3-00002.jpg,105.472131480989,-37.568547072884
171,208_fs3-00002.jpg,106.079566919241,-37.6684195027954
172,208_fs3-00002.jpg,106.685202456706,-37.7755335049037
173,208_fs3-00002.jpg,107.288829727197,-37.8899167894905
174,208_fs3-00002.jpg,107.890240364525,-38.011597066837
175,208_fs3-00002.jpg,108.489226002503,-38.1406020472247
176,208_fs3-00002.jpg,109.085578274943,-38.276959440935
177,208_fs3-00002.jpg,109.679088815656,-38.4206969582494
178,208_fs3-00002.jpg,110.269549258454,-38.571842309449
179,208_fs3-00002.jpg,110.85675123715,-38.7304232048155
180,208_fs3-00002.jpg,111.440486385555,-38.8964673546302
181,208_fs3-00002.jpg,112.020546337481,-39.0700024691746
182,208_fs3-00002.jpg,112.596731486172,-39.2510562587299
183,208_fs3-00002.jpg,113.169621667046,-39.4396564335777
184,208_fs3-00002.jpg,113.739714952685,-39.6358307039992
185,208_fs3-00002.jpg,114.307078862503,-39.8396067802761
186,208_fs3-00002.jpg,114.871780915915,-40.0510123726895
187,208_fs3-00002.jpg,115.433888632334,-40.2700751915209
188,208_fs3-00002.jpg,115.993469531175,-40.4968229470518
189,208_fs3-00002.jpg,116.550591131851,-40.7312833495636
190,208_fs3-00002.jpg,117.105320953777,-40.9734841093376
191,208_fs3-00002.jpg,117.657726516366,-41.2234529366552
192,208_fs3-00002.jpg,118.207875339033,-41.4812175417979
193,208_fs3-00002.jpg,118.755834941191,-41.746805635047
194,208_fs3-00002.jpg,119.301672842256,-42.0202449266841
195,208_fs3-00002.jpg,119.84545656164,-42.3015631269903
196,208_fs3-00002.jpg,120.387253618758,-42.5907879462473
197,208_fs3-00002.jpg,120.927131533024,-42.8879470947363
198,208_fs3-00002.jpg,121.465157823851,-43.1930682827388
199,208_fs3-00002.jpg,122.001400010655,-43.5061792205362
200,208_fs3-00002.jpg,122.535925612849,-43.8273076184098
1,208_fs3-00003.jpg,26.756832910679,-0.277011760421686
2,208_fs3-00003.jpg,26.5990118427708,-0.900890801263245
3,208_fs3-00003.jpg,26.4497918462218,-1.52963429401979
4,208_fs3-00003.jpg,26.3089319181241,-2.16306147114068
5,208_fs3-00003.jpg,26.1761910555701,-2.80099156507532
6,208_fs3-00003.jpg,26.0513282556521,-3.44324380827305
7,208_fs3-00003.jpg,25.9341025154623,-4.08963743318327
8,208_fs3-00003.jpg,25.824272832093,-4.73999167225534
9,208_fs3-00003.jpg,25.7215982026365,-5.3941257579387
10,208_fs3-00003.jpg,25.625837624185,-6.05185892268267
11,208_fs3-00003.jpg,25.5367500938308,-6.71301039893666
12,208_fs3-00003.jpg,25.4540946086662,-7.37739941915001
13,208_fs3-00003.jpg,25.3776301657835,-8.04484521577217
14,208_fs3-00003.jpg,25.3071157622749,-8.71516702125246
15,208_fs3-00003.jpg,25.2423103952328,-9.38818406804029
16,208_fs3-00003.jpg,25.1829730617493,-10.063715588585
17,208_fs3-00003.jpg,25.1288627589169,-10.7415808153361
18,208_fs3-00003.jpg,25.0797384838276,-11.4215989807427
19,208_fs3-00003.jpg,25.0353592335739,-12.1035893172545
20,208_fs3-00003.jpg,24.995484005248,-12.7873710573207
21,208_fs3-00003.jpg,24.9598717959421,-13.4727634333906
22,208_fs3-00003.jpg,24.9282816027486,-14.1595856779138
23,208_fs3-00003.jpg,24.9004724227597,-14.8476570233396
24,208_fs3-00003.jpg,24.8762032530677,-15.5367967021172
25,208_fs3-00003.jpg,24.8552330907649,-16.2268239466963
26,208_fs3-00003.jpg,24.8373209329435,-16.917557989526
27,208_fs3-00003.jpg,24.8222257766959,-17.6088180630558
28,208_fs3-00003.jpg,24.8097066191141,-18.3004233997351
29,208_fs3-00003.jpg,24.7995224572908,-18.9921932320133
30,208_fs3-00003.jpg,24.7914322883179,-19.6839467923397
31,208_fs3-00003.jpg,24.7851951092878,-20.3755033131637
32,208_fs3-00003.jpg,24.7805699172929,-21.0666820269347
33,208_fs3-00003.jpg,24.7773157094253,-21.7573021661021
34,208_fs3-00003.jpg,24.7751914827774,-22.4471829631151
35,208_fs3-00003.jpg,24.7739562344413,-23.1361436504233
36,208_fs3-00003.jpg,24.7733689615094,-23.8240034604761
37,208_fs3-00003.jpg,24.7731886610741,-24.5105816257228
38,208_fs3-00003.jpg,24.7743870957014,-25.1956973786127
39,208_fs3-00003.jpg,24.794366247269,-25.8791699515952
40,208_fs3-00003.jpg,24.8380676432733,-26.5608185771198
41,208_fs3-00003.jpg,24.9044346414958,-27.2404624876358
42,208_fs3-00003.jpg,24.9924105997184,-27.9179209155926
43,208_fs3-00003.jpg,25.1009388757226,-28.5930130934396
44,208_fs3-00003.jpg,25.2289628272903,-29.2655582536261
45,208_fs3-00003.jpg,25.3754258122029,-29.9353756286016
46,208_fs3-00003.jpg,25.5392711882424,-30.6022844508153
47,208_fs3-00003.jpg,25.7194423131902,-31.2661039527168
48,208_fs3-00003.jpg,25.9148825448282,-31.9266533667553
49,208_fs3-00003.jpg,26.124535240938,-32.5837519253803
50,208_fs3-00003.jpg,26.3473437593012,-33.2372188610411
51,208_fs3-00003.jpg,26.5822514576997,-33.8868734061871
52,208_fs3-00003.jpg,26.8282016939149,-34.5325347932677
53,208_fs3-00003.jpg,27.0841378257288,-35.1740222547323
54,208_fs3-00003.jpg,27.3490032109229,-35.8111550230302
55,208_fs3-00003.jpg,27.6217412072789,-36.4437523306109
56,208_fs3-00003.jpg,27.9012951725785,-37.0716334099237
57,208_fs3-00003.jpg,28.1866084646034,-37.694617493418
58,208_fs3-00003.jpg,28.4766244411352,-38.3125238135431
59,208_fs3-00003.jpg,28.7702864599558,-38.9251716027485
60,208_fs3-00003.jpg,29.0665378788467,-39.5323800934835
61,208_fs3-00003.jpg,29.3643220555896,-40.1339685181976
62,208_fs3-00003.jpg,29.6625823479663,-40.72975610934
63,208_fs3-00003.jpg,29.9602621137583,-41.3195620993602
64,208_fs3-00003.jpg,30.2563047107475,-41.9032057207076
65,208_fs3-00003.jpg,30.5553039232918,-42.4805019882424
66,208_fs3-00003.jpg,30.876593960453,-43.0512109784238
67,208_fs3-00003.jpg,31.2208529789047,-43.6150542997824
68,208_fs3-00003.jpg,31.5869039114264,-44.1717527690737
69,208_fs3-00003.jpg,31.9735696907973,-44.7210272030529
70,208_fs3-00003.jpg,32.3796732497968,-45.2625984184755
71,208_fs3-00003.jpg,32.8040375212042,-45.7961872320967
72,208_fs3-00003.jpg,33.2454854377988,-46.3215144606721
73,208_fs3-00003.jpg,33.70283993236,-46.8383009209569
74,208_fs3-00003.jpg,34.1749239376671,-47.3462674297064
75,208_fs3-00003.jpg,34.6605603864994,-47.8451348036762
76,208_fs3-00003.jpg,35.1585722116361,-48.3346238596215
77,208_fs3-00003.jpg,35.6677823458568,-48.8144554142978
78,208_fs3-00003.jpg,36.1870137219406,-49.2843502844603
79,208_fs3-00003.jpg,36.7150892726669,-49.7440292868645
80,208_fs3-00003.jpg,37.2508319308151,-50.1932132382657
81,208_fs3-00003.jpg,37.7930646291643,-50.6316229554194
82,208_fs3-00003.jpg,38.3406103004941,-51.0589792550807
83,208_fs3-00003.jpg,38.8922918775837,-51.4750029540052
84,208_fs3-00003.jpg,39.4469322932124,-51.8794148689483
85,208_fs3-00003.jpg,40.0033544801595,-52.2719358166651
86,208_fs3-00003.jpg,40.5603813712044,-52.6522866139113
87,208_fs3-00003.jpg,41.1168358991264,-53.0201880774421
88,208_fs3-00003.jpg,41.6721948637785,-53.3753603765416
89,208_fs3-00003.jpg,42.2418740591943,-53.717427391917
90,208_fs3-00003.jpg,42.831559516058,-54.0458154725065
91,208_fs3-00003.jpg,43.4395707152794,-54.3599267307586
92,208_fs3-00003.jpg,44.064227137769,-54.6591632791221
93,208_fs3-00003.jpg,44.7038482644367,-54.9429272300454
94,208_fs3-00003.jpg,45.3567535761928,-55.2106206959774
95,208_fs3-00003.jpg,46.0212625539473,-55.4616457893666
96,208_fs3-00003.jpg,46.6956946786105,-55.6954046226617
97,208_fs3-00003.jpg,47.3783694310924,-55.9112993083113
98,208_fs3-00003.jpg,48.0676062923031,-56.1087319587641
99,208_fs3-00003.jpg,48.761724743153,-56.2871046864688
100,208_fs3-00003.jpg,49.4590442645519,-56.445819603874
101,208_fs3-00003.jpg,50.1578843374102,-56.5842788234283
102,208_fs3-00003.jpg,50.8565644426379,-56.7018844575803
103,208_fs3-00003.jpg,51.5534040611452,-56.7980386187789
104,208_fs3-00003.jpg,52.2467226738423,-56.8721434194725
105,208_fs3-00003.jpg,52.9348397616392,-56.9236009721098
106,208_fs3-00003.jpg,53.616074805446,-56.9518133891396
107,208_fs3-00003.jpg,54.2887472861731,-56.9561827830103
108,208_fs3-00003.jpg,54.9511766847304,-56.9361112661708
109,208_fs3-00003.jpg,55.6016824820281,-56.8910009510695
110,208_fs3-00003.jpg,56.2385841589764,-56.8202539501553
111,208_fs3-00003.jpg,56.8602011964854,-56.7232723758767
112,208_fs3-00003.jpg,57.4706479195997,-56.5997168362483
113,208_fs3-00003.jpg,58.0757743628222,-56.4503452959781
114,208_fs3-00003.jpg,58.6758372133424,-56.2762068617096
115,208_fs3-00003.jpg,59.2710909146334,-56.0783506422247
116,208_fs3-00003.jpg,59.8617899101683,-55.8578257463056
117,208_fs3-00003.jpg,60.4481886434205,-55.6156812827342
118,208_fs3-00003.jpg,61.0305415578629,-55.3529663602927
119,208_fs3-00003.jpg,61.609103096969,-55.070730087763
120,208_fs3-00003.jpg,62.1841277042118,-54.7700215739273
121,208_fs3-00003.jpg,62.7558698230646,-54.4518899275676
122,208_fs3-00003.jpg,63.3245838970005,-54.1173842574659
123,208_fs3-00003.jpg,63.8905243694927,-53.7675536724043
124,208_fs3-00003.jpg,64.4539456840144,-53.4034472811648
125,208_fs3-00003.jpg,65.0151022840388,-53.0261141925295
126,208_fs3-00003.jpg,65.5742486130391,-52.6366035152805
127,208_fs3-00003.jpg,66.1316391144884,-52.2359643581997
128,208_fs3-00003.jpg,66.68752823186,-51.8252458300693
129,208_fs3-00003.jpg,67.2421704086271,-51.4054970396713
130,208_fs3-00003.jpg,67.7958200882628,-50.9777670957878
131,208_fs3-00003.jpg,68.3487317142402,-50.5431051072007
132,208_fs3-00003.jpg,68.9011597300327,-50.1025601826921
133,208_fs3-00003.jpg,69.4533585791134,-49.6571814310443
134,208_fs3-00003.jpg,70.0055827049555,-49.208017961039
135,208_fs3-00003.jpg,70.5580865510321,-48.7561188814584
136,208_fs3-00003.jpg,71.1111245608165,-48.3025333010846
137,208_fs3-00003.jpg,71.6649511777819,-47.8483103286996
138,208_fs3-00003.jpg,72.2198208454013,-47.3944990730855
139,208_fs3-00003.jpg,72.7759880071482,-46.9421486430242
140,208_fs3-00003.jpg,73.3337071064955,-46.492308147298
141,208_fs3-00003.jpg,73.8932325869165,-46.0460266946887
142,208_fs3-00003.jpg,74.4548188918844,-45.6043533939785
143,208_fs3-00003.jpg,75.0187204648723,-45.1683373539494
144,208_fs3-00003.jpg,75.5851917493536,-44.7390276833835
145,208_fs3-00003.jpg,76.1544871888012,-44.3174734910627
146,208_fs3-00003.jpg,76.7268594199626,-43.9047238775636
147,208_fs3-00003.jpg,77.3005781461043,-43.5015327663009
148,208_fs3-00003.jpg,77.874059246815,-43.107578884693
149,208_fs3-00003.jpg,78.4474374812222,-42.722296220315
150,208_fs3-00003.jpg,79.020847608453,-42.3451187607419
151,208_fs3-00003.jpg,79.5944243876351,-41.9754804935492
152,208_fs3-00003.jpg,80.1683025778957,-41.6128154063119
153,208_fs3-00003.jpg,80.7426169383622,-41.2565574866053
154,208_fs3-00003.jpg,81.317502228162,-40.9061407220044
155,208_fs3-00003.jpg,81.8930932064225,-40.5609991000846
156,208_fs3-00003.jpg,82.4695246322709,-40.2205666084209
157,208_fs3-00003.jpg,83.0469312648347,-39.8842772345886
158,208_fs3-00003.jpg,83.6254478632413,-39.5515649661629
159,208_fs3-00003.jpg,84.205209186618,-39.221863790719
160,208_fs3-00003.jpg,84.7863499940923,-38.894607695832
161,208_fs3-00003.jpg,85.3690050447914,-38.5692306690771
162,208_fs3-00003.jpg,85.9533090978429,-38.2451666980296
163,208_fs3-00003.jpg,86.5393969123739,-37.9218497702645
164,208_fs3-00003.jpg,87.1274032475119,-37.5987138733572
165,208_fs3-00003.jpg,87.7174628623843,-37.2751929948828
166,208_fs3-00003.jpg,88.3097105161185,-36.9507211224164
167,208_fs3-00003.jpg,88.9034777258696,-36.6248581725455
168,208_fs3-00003.jpg,89.4973304094356,-36.2981054441783
169,208_fs3-00003.jpg,90.0915503019576,-35.9713903854927
170,208_fs3-00003.jpg,90.6864729918983,-35.6456425468913
171,208_fs3-00003.jpg,91.2824340677199,-35.3217914787765
172,208_fs3-00003.jpg,91.8797691178851,-35.0007667315511
173,208_fs3-00003.jpg,92.4788137308564,-34.6834978556174
174,208_fs3-00003.jpg,93.0799034950962,-34.3709144013781
175,208_fs3-00003.jpg,93.683373999067,-34.0639459192357
176,208_fs3-00003.jpg,94.2895608312314,-33.7635219595929
177,208_fs3-00003.jpg,94.8987995800518,-33.4705720728519
178,208_fs3-00003.jpg,95.5114258339908,-33.1860258094156
179,208_fs3-00003.jpg,96.1277751815107,-32.9108127196864
180,208_fs3-00003.jpg,96.7481832110741,-32.6458623540668
181,208_fs3-00003.jpg,97.3729855111436,-32.3921042629596
182,208_fs3-00003.jpg,98.0025176701815,-32.150467996767
183,208_fs3-00003.jpg,98.6371152766504,-31.9218831058919
184,208_fs3-00003.jpg,99.276881081543,-31.7072791407365
185,208_fs3-00003.jpg,99.9210446362973,-31.5075856517036
186,208_fs3-00003.jpg,100.56947177388,-31.3237321891957
187,208_fs3-00003.jpg,101.222118413007,-31.1566483036154
188,208_fs3-00003.jpg,101.878940472395,-31.007263545365
189,208_fs3-00003.jpg,102.53989387076,-30.8765074648474
190,208_fs3-00003.jpg,103.204934526819,-30.7653096124649
191,208_fs3-00003.jpg,103.874018359287,-30.6745995386202
192,208_fs3-00003.jpg,104.547101286882,-30.6053067937158
193,208_fs3-00003.jpg,105.224139228319,-30.5583609281541
194,208_fs3-00003.jpg,105.905088102314,-30.5346914923379
195,208_fs3-00003.jpg,106.589903827585,-30.5352280366697
196,208_fs3-00003.jpg,107.278542322847,-30.5609001115519
197,208_fs3-00003.jpg,107.970959506817,-30.6126372673873
198,208_fs3-00003.jpg,108.66711129821,-30.6913690545781
199,208_fs3-00003.jpg,109.366953615744,-30.7980250235272
200,208_fs3-00003.jpg,110.070442378135,-30.9335347246369
1,208_fs3-00004.jpg,29.461820231051,12.2786377183048
2,208_fs3-00004.jpg,29.461820231051,11.5709608576821
3,208_fs3-00004.jpg,29.461820231051,10.8645415297925
4,208_fs3-00004.jpg,29.461820231051,10.1593386128697
5,208_fs3-00004.jpg,29.461820231051,9.45531098514789
6,208_fs3-00004.jpg,29.461820231051,8.75241752486079
7,208_fs3-00004.jpg,29.461820231051,8.05061711024243
8,208_fs3-00004.jpg,29.461820231051,7.34986861952669
9,208_fs3-00004.jpg,29.461820231051,6.65013093094748
10,208_fs3-00004.jpg,29.461820231051,5.95136292273872
11,208_fs3-00004.jpg,29.461820231051,5.25352347313438
12,208_fs3-00004.jpg,29.461820231051,4.55657146036833
13,208_fs3-00004.jpg,29.461820231051,3.86046576267452
14,208_fs3-00004.jpg,29.461820231051,3.16516525828683
15,208_fs3-00004.jpg,29.461820231051,2.47062882543921
16,208_fs3-00004.jpg,29.461820231051,1.77681534236561
17,208_fs3-00004.jpg,29.461820231051,1.08368368729987
18,208_fs3-00004.jpg,29.461820231051,0.391192738475979
19,208_fs3-00004.jpg,29.461820231051,-0.300698625872172
20,208_fs3-00004.jpg,29.461820231051,-0.992031527510647
21,208_fs3-00004.jpg,29.461820231051,-1.68284708820553
22,208_fs3-00004.jpg,29.461820231051,-2.37318642972289
23,208_fs3-00004.jpg,29.461820231051,-3.06309067382887
24,208_fs3-00004.jpg,29.461820231051,-3.75260094228946
25,208_fs3-00004.jpg,29.461820231051,-4.44175835687079
26,208_fs3-00004.jpg,29.461820231051,-5.13060403933895
27,208_fs3-00004.jpg,29.461820231051,-5.81917911145999
28,208_fs3-00004.jpg,29.461820231051,-6.507524695
29,208_fs3-00004.jpg,29.461820231051,-7.19568191172505
30,208_fs3-00004.jpg,29.461820231051,-7.88369188340124
31,208_fs3-00004.jpg,29.461820231051,-8.57159573179464
32,208_fs3-00004.jpg,29.461820231051,-9.25943457867132
33,208_fs3-00004.jpg,29.461820231051,-9.9472495457974
34,208_fs3-00004.jpg,29.4618191785587,-10.6350817549389
35,208_fs3-00004.jpg,29.4580205361267,-11.3229723278619
36,208_fs3-00004.jpg,29.4472520186406,-12.0109623863326
37,208_fs3-00004.jpg,29.4300768868031,-12.6990930521169
38,208_fs3-00004.jpg,29.4070584013171,-13.387405446981
39,208_fs3-00004.jpg,29.3787598228855,-14.075940692691
40,208_fs3-00004.jpg,29.345744412211,-14.7647399110128
41,208_fs3-00004.jpg,29.3085754299967,-15.4538442237127
42,208_fs3-00004.jpg,29.2678161369451,-16.1432947525567
43,208_fs3-00004.jpg,29.2240297937593,-16.8331326193108
44,208_fs3-00004.jpg,29.1777796611421,-17.5233989457412
45,208_fs3-00004.jpg,29.1296289997962,-18.2141348536139
46,208_fs3-00004.jpg,29.0801410704247,-18.9053814646951
47,208_fs3-00004.jpg,29.0298791337302,-19.5971799007507
48,208_fs3-00004.jpg,28.9794064504157,-20.2895712835468
49,208_fs3-00004.jpg,28.9292862811839,-20.9825967348496
50,208_fs3-00004.jpg,28.8800818867379,-21.6762973764251
51,208_fs3-00004.jpg,28.8323565277802,-22.3707143300395
52,208_fs3-00004.jpg,28.7866734650138,-23.0658887174588
53,208_fs3-00004.jpg,28.7435959591417,-23.7618616604489
54,208_fs3-00004.jpg,28.7036872708666,-24.4586742807761
55,208_fs3-00004.jpg,28.6675106608913,-25.1563677002065
56,208_fs3-00004.jpg,28.6356293899187,-25.8549830405061
57,208_fs3-00004.jpg,28.6086067186516,-26.554561423441
58,208_fs3-00004.jpg,28.587005907793,-27.2551439707771
59,208_fs3-00004.jpg,28.5713902180455,-27.9567718042808
60,208_fs3-00004.jpg,28.5623229101121,-28.659486045718
61,208_fs3-00004.jpg,28.560285563495,-29.3633272554518
62,208_fs3-00004.jpg,28.5636636421036,-30.068256739911
63,208_fs3-00004.jpg,28.57156299782,-30.7740753813279
64,208_fs3-00004.jpg,28.5838912969913,-31.4805646892532
65,208_fs3-00004.jpg,28.6005562059643,-32.1875061732372
66,208_fs3-00004.jpg,28.621465391086,-32.8946813428305
67,208_fs3-00004.jpg,28.6465265187034,-33.6018717075835
68,208_fs3-00004.jpg,28.6756472551633,-34.3088587770468
69,208_fs3-00004.jpg,28.7087352668127,-35.0154240607708
70,208_fs3-00004.jpg,28.7456982199986,-35.7213490683061
71,208_fs3-00004.jpg,28.7864437810679,-36.4264153092032
72,208_fs3-00004.jpg,28.8308796163675,-37.1304042930125
73,208_fs3-00004.jpg,28.8789133922444,-37.8330975292846
74,208_fs3-00004.jpg,28.9304527750456,-38.5342765275699
75,208_fs3-00004.jpg,28.9854054311179,-39.2337227974189
76,208_fs3-00004.jpg,29.0436790268084,-39.9312178483823
77,208_fs3-00004.jpg,29.1051812284639,-40.6265431900104
78,208_fs3-00004.jpg,29.1698197024314,-41.3194803318537
79,208_fs3-00004.jpg,29.2375021150579,-42.0098107834627
80,208_fs3-00004.jpg,29.3081361326902,-42.697316054388
81,208_fs3-00004.jpg,29.3816294216753,-43.3817776541801
82,208_fs3-00004.jpg,29.4578896483603,-44.0629770923893
83,208_fs3-00004.jpg,29.5368244790919,-44.7406958785664
84,208_fs3-00004.jpg,29.6183415802172,-45.4147155222616
85,208_fs3-00004.jpg,29.7023486180831,-46.0848175330256
86,208_fs3-00004.jpg,29.7887532590366,-46.7507834204088
87,208_fs3-00004.jpg,29.8774631694245,-47.4123946939618
88,208_fs3-00004.jpg,29.9683860155939,-48.0694328632349
89,208_fs3-00004.jpg,30.0702706003462,-48.7216629930996
90,208_fs3-00004.jpg,30.2151678285143,-49.3686288716708
91,208_fs3-00004.jpg,30.404275794405,-50.0097157955792
92,208_fs3-00004.jpg,30.635629127253,-50.6443056138469
93,208_fs3-00004.jpg,30.9072624562936,-51.2717801754957
94,208_fs3-00004.jpg,31.2172104107614,-51.8915213295477
95,208_fs3-00004.jpg,31.5635076198917,-52.5029109250248
96,208_fs3-00004.jpg,31.9441887129191,-53.105330810949
97,208_fs3-00004.jpg,32.3572883190787,-53.6981628363423
98,208_fs3-00004.jpg,32.8008410676055,-54.2807888502267
99,208_fs3-00004.jpg,33.2728815877344,-54.8525907016241
100,208_fs3-00004.jpg,33.7714445087003,-55.4129502395564
101,208_fs3-00004.jpg,34.2945644597381,-55.9612493130458
102,208_fs3-00004.jpg,34.8402760700828,-56.496869771114
103,208_fs3-00004.jpg,35.4066139689694,-57.0191934627832
104,208_fs3-00004.jpg,35.9916127856328,-57.5276022370753
105,208_fs3-00004.jpg,36.5933071493079,-58.0214779430123
106,208_fs3-00004.jpg,37.2097316892296,-58.5002024296161
107,208_fs3-00004.jpg,37.8389210346329,-58.9631575459087
108,208_fs3-00004.jpg,38.4789098147528,-59.409725140912
109,208_fs3-00004.jpg,39.1277326588241,-59.8392870636481
110,208_fs3-00004.jpg,39.7834241960819,-60.251225163139
111,208_fs3-00004.jpg,40.4440190557611,-60.6449212884066
112,208_fs3-00004.jpg,41.1075518670966,-61.0197572884727
113,208_fs3-00004.jpg,41.7720572593232,-61.3751150123596
114,208_fs3-00004.jpg,42.4355698616761,-61.7103763090891
115,208_fs3-00004.jpg,43.0961243033902,-62.0249230276832
116,208_fs3-00004.jpg,43.7517552137002,-62.3181370171638
117,208_fs3-00004.jpg,44.4004972218413,-62.589400126553
118,208_fs3-00004.jpg,45.0403849570484,-62.8380942048726
119,208_fs3-00004.jpg,45.6694530485563,-63.0636011011448
120,208_fs3-00004.jpg,46.2857361256001,-63.2653026643914
121,208_fs3-00004.jpg,46.8872688174146,-63.4425807436345
122,208_fs3-00004.jpg,47.4883504818432,-63.5949256413128
123,208_fs3-00004.jpg,48.111786044354,-63.722437564019
124,208_fs3-00004.jpg,48.7558332642424,-63.825429754011
125,208_fs3-00004.jpg,49.4184872310018,-63.9042156760212
126,208_fs3-00004.jpg,50.0977430341259,-63.9591087947822
127,208_fs3-00004.jpg,50.791595763108,-63.9904225750264
128,208_fs3-00004.jpg,51.4980405074417,-63.9984704814862
129,208_fs3-00004.jpg,52.2150723566203,-63.9835659788941
130,208_fs3-00004.jpg,52.9406864001376,-63.9460225319827
131,208_fs3-00004.jpg,53.6728777274869,-63.8861536054843
132,208_fs3-00004.jpg,54.4096414281618,-63.8042726641315
133,208_fs3-00004.jpg,55.1489725916556,-63.7006931726567
134,208_fs3-00004.jpg,55.8888663074621,-63.5757285957924
135,208_fs3-00004.jpg,56.6273176650745,-63.429692398271
136,208_fs3-00004.jpg,57.3623217539865,-63.2628980448251
137,208_fs3-00004.jpg,58.0918736636914,-63.0756590001871
138,208_fs3-00004.jpg,58.8139684836829,-62.8682887290894
139,208_fs3-00004.jpg,59.5266013034543,-62.6411006962646
140,208_fs3-00004.jpg,60.2277672124993,-62.3944083664451
141,208_fs3-00004.jpg,60.9154613003112,-62.1285252043633
142,208_fs3-00004.jpg,61.5876786563837,-61.8437646747519
143,208_fs3-00004.jpg,62.24241437021,-61.5404402423431
144,208_fs3-00004.jpg,62.8776635312839,-61.2188653718696
145,208_fs3-00004.jpg,63.4914212290988,-60.8793535280637
146,208_fs3-00004.jpg,64.0816825531481,-60.5222181756579
147,208_fs3-00004.jpg,64.6464425929253,-60.1477727793847
148,208_fs3-00004.jpg,65.1869542176796,-59.7563556545958
149,208_fs3-00004.jpg,65.7118786724512,-59.348555788411
150,208_fs3-00004.jpg,66.2226908309828,-58.9251074194312
151,208_fs3-00004.jpg,66.7203466031525,-58.4867465641175
152,208_fs3-00004.jpg,67.2058018988383,-58.0342092389315
153,208_fs3-00004.jpg,67.6800126279182,-57.5682314603346
154,208_fs3-00004.jpg,68.1439347002703,-57.0895492447882
155,208_fs3-00004.jpg,68.5985240257726,-56.5988986087538
156,208_fs3-00004.jpg,69.0447365143031,-56.0970155686927
157,208_fs3-00004.jpg,69.4835280757397,-55.5846361410664
158,208_fs3-00004.jpg,69.9158546199607,-55.0624963423363
159,208_fs3-00004.jpg,70.3426720568439,-54.5313321889639
160,208_fs3-00004.jpg,70.7649362962675,-53.9918796974105
161,208_fs3-00004.jpg,71.1836032481094,-53.4448748841376
162,208_fs3-00004.jpg,71.5996288222477,-52.8910537656066
163,208_fs3-00004.jpg,72.0139689285604,-52.331152358279
164,208_fs3-00004.jpg,72.4275794769255,-51.7659066786162
165,208_fs3-00004.jpg,72.8414163772211,-51.1960527430795
166,208_fs3-00004.jpg,73.2564355393251,-50.6223265681304
167,208_fs3-00004.jpg,73.6735928731156,-50.0454641702304
168,208_fs3-00004.jpg,74.0938442884707,-49.4662015658408
169,208_fs3-00004.jpg,74.5181456952684,-48.8852747714232
170,208_fs3-00004.jpg,74.9474530033867,-48.3034198034388
171,208_fs3-00004.jpg,75.3827221227035,-47.7213726783492
172,208_fs3-00004.jpg,75.824908963097,-47.1398694126158
173,208_fs3-00004.jpg,76.2749694344452,-46.5596460226999
174,208_fs3-00004.jpg,76.7338594466261,-45.981438525063
175,208_fs3-00004.jpg,77.2025349095177,-45.4059829361666
176,208_fs3-00004.jpg,77.681951732998,-44.834015272472
177,208_fs3-00004.jpg,78.1706487873413,-44.2662715504408
178,208_fs3-00004.jpg,78.6636354451892,-43.7034877865343
179,208_fs3-00004.jpg,79.1606537523073,-43.1463999972139
180,208_fs3-00004.jpg,79.661638690062,-42.595744198941
181,208_fs3-00004.jpg,80.1665252398199,-42.0522564081772
182,208_fs3-00004.jpg,80.6752483829477,-41.5166726413838
183,208_fs3-00004.jpg,81.187743100812,-40.9897289150222
184,208_fs3-00004.jpg,81.7039443747794,-40.4721612455539
185,208_fs3-00004.jpg,82.2237871862165,-39.9647056494403
186,208_fs3-00004.jpg,82.7472065164899,-39.4680981431427
187,208_fs3-00004.jpg,83.2741373469663,-38.9830747431227
188,208_fs3-00004.jpg,83.8045146590121,-38.5103714658418
189,208_fs3-00004.jpg,84.3382734339942,-38.0507243277611
190,208_fs3-00004.jpg,84.8753486532789,-37.6048693453423
191,208_fs3-00004.jpg,85.4156752982331,-37.1735425350468
192,208_fs3-00004.jpg,85.9591883502231,-36.7574799133359
193,208_fs3-00004.jpg,86.5058227906158,-36.3574174966711
194,208_fs3-00004.jpg,87.0555136007777,-35.9740913015138
195,208_fs3-00004.jpg,87.6081957620754,-35.6082373443254
196,208_fs3-00004.jpg,88.1638042558754,-35.2605916415675
197,208_fs3-00004.jpg,88.7222740635445,-34.9318902097013
198,208_fs3-00004.jpg,89.2835401664492,-34.6228690651883
199,208_fs3-00004.jpg,89.8475375459561,-34.3342642244899
200,208_fs3-00004.jpg,90.4142011834319,-34.0668117040677
1,208_fs3-00005.jpg,28.4925331079177,26.5699873942698
2,208_fs3-00005.jpg,28.6981086264702,25.8958518810215
3,208_fs3-00005.jpg,28.8990347676213,25.2204240068964
4,208_fs3-00005.jpg,29.095264616837,24.5437370611611
5,208_fs3-00005.jpg,29.2867512595832,23.8658243330824
6,208_fs3-00005.jpg,29.4734477813259,23.1867191119268
7,208_fs3-00005.jpg,29.6553072675312,22.5064546869609
8,208_fs3-00005.jpg,29.8322828036649,21.8250643474514
9,208_fs3-00005.jpg,30.004327475193,21.1425813826648
10,208_fs3-00005.jpg,30.1713943675816,20.4590390818678
11,208_fs3-00005.jpg,30.3334365662965,19.774470734327
12,208_fs3-00005.jpg,30.4904071568038,19.0889096293091
13,208_fs3-00005.jpg,30.6422592245694,18.4023890560806
14,208_fs3-00005.jpg,30.7889458550592,17.7149423039081
15,208_fs3-00005.jpg,30.9304201337394,17.0266026620583
16,208_fs3-00005.jpg,31.0666351460758,16.3374034197978
17,208_fs3-00005.jpg,31.1975439775345,15.6473778663932
18,208_fs3-00005.jpg,31.3230997135813,14.9565592911112
19,208_fs3-00005.jpg,31.4432554396822,14.2649809832183
20,208_fs3-00005.jpg,31.5579642413034,13.5726762319811
21,208_fs3-00005.jpg,31.6671792039106,12.8796783266664
22,208_fs3-00005.jpg,31.7708534129698,12.1860205565406
23,208_fs3-00005.jpg,31.8689399539472,11.4917362108705
24,208_fs3-00005.jpg,31.9613919123085,10.7968585789226
25,208_fs3-00005.jpg,32.0481623735199,10.1014209499636
26,208_fs3-00005.jpg,32.1292044230472,9.40545661326001
27,208_fs3-00005.jpg,32.2044711463565,8.70899885807853
28,208_fs3-00005.jpg,32.2739156289136,8.01208097368578
29,208_fs3-00005.jpg,32.3374909561847,7.31473624934833
30,208_fs3-00005.jpg,32.3951502136356,6.61699797433286
31,208_fs3-00005.jpg,32.4468464867323,5.91889943790594
32,208_fs3-00005.jpg,32.4925328609409,5.22047392933419
33,208_fs3-00005.jpg,32.5321624217272,4.52175473788424
34,208_fs3-00005.jpg,32.5656882545573,3.82277515282271
35,208_fs3-00005.jpg,32.5930634448971,3.12356846341623
36,208_fs3-00005.jpg,32.6142410782126,2.42416795893141
37,208_fs3-00005.jpg,32.6291742399698,1.72460692863484
38,208_fs3-00005.jpg,32.6378160156345,1.02491866179315
39,208_fs3-00005.jpg,32.6401117718363,0.325136447673003
40,208_fs3-00005.jpg,32.6356017908984,-0.374706424459049
41,208_fs3-00005.jpg,32.6242969091007,-1.07457666533634
42,208_fs3-00005.jpg,32.6065593054985,-1.77444098569225
43,208_fs3-00005.jpg,32.5827511591471,-2.47426609626021
44,208_fs3-00005.jpg,32.553234649102,-3.17401870777357
45,208_fs3-00005.jpg,32.5183719544185,-3.8736655309657
46,208_fs3-00005.jpg,32.4785252541519,-4.57317327657
47,208_fs3-00005.jpg,32.4340567273576,-5.27250865531985
48,208_fs3-00005.jpg,32.385328553091,-5.97163837794861
49,208_fs3-00005.jpg,32.3327029104075,-6.67052915518971
50,208_fs3-00005.jpg,32.2765419783623,-7.3691476977765
51,208_fs3-00005.jpg,32.2172079360108,-8.06746071644235
52,208_fs3-00005.jpg,32.1550629624085,-8.76543492192067
53,208_fs3-00005.jpg,32.0904692366105,-9.46303702494481
54,208_fs3-00005.jpg,32.0237889376725,-10.1602337362482
55,208_fs3-00005.jpg,31.9553842446496,-10.8569917665642
56,208_fs3-00005.jpg,31.8856173365972,-11.5532778266261
57,208_fs3-00005.jpg,31.8148503925707,-12.2490586271674
58,208_fs3-00005.jpg,31.7434455916256,-12.9443008789216
59,208_fs3-00005.jpg,31.671765112817,-13.6389712926217
60,208_fs3-00005.jpg,31.6001711352003,-14.3330365790015
61,208_fs3-00005.jpg,31.529025837831,-15.0264634487941
62,208_fs3-00005.jpg,31.4586913997644,-15.719218612733
63,208_fs3-00005.jpg,31.3895300000559,-16.4112687815516
64,208_fs3-00005.jpg,31.316804048628,-17.102593446788
65,208_fs3-00005.jpg,31.2319235102091,-17.7932582109361
66,208_fs3-00005.jpg,31.1360502461692,-18.4833642313769
67,208_fs3-00005.jpg,31.0305678159761,-19.1730127774605
68,208_fs3-00005.jpg,30.9168597790974,-19.8623051185367
69,208_fs3-00005.jpg,30.7963096950007,-20.5513425239556
70,208_fs3-00005.jpg,30.6703011231539,-21.2402262630672
71,208_fs3-00005.jpg,30.5402176230245,-21.9290576052215
72,208_fs3-00005.jpg,30.4074427540804,-22.6179378197683
73,208_fs3-00005.jpg,30.2733600757891,-23.3069681760577
74,208_fs3-00005.jpg,30.1393531476184,-23.9962499434397
75,208_fs3-00005.jpg,30.0068055290359,-24.6858843912642
76,208_fs3-00005.jpg,29.8771007795095,-25.3759727888812
77,208_fs3-00005.jpg,29.7516224585067,-26.0666164056408
78,208_fs3-00005.jpg,29.6317541254953,-26.7579165108927
79,208_fs3-00005.jpg,29.5188793399429,-27.4499743739871
80,208_fs3-00005.jpg,29.4143816613173,-28.1428912642739
81,208_fs3-00005.jpg,29.3196446490861,-28.8367684511031
82,208_fs3-00005.jpg,29.2360518627171,-29.5317072038247
83,208_fs3-00005.jpg,29.1649868616779,-30.2278087917885
84,208_fs3-00005.jpg,29.1078332054362,-30.9251744843447
85,208_fs3-00005.jpg,29.0659744534598,-31.6239055508432
86,208_fs3-00005.jpg,29.0407941652164,-32.3241032606339
87,208_fs3-00005.jpg,29.0335596822514,-33.0258687798357
88,208_fs3-00005.jpg,29.0359567383524,-33.7292244618659
89,208_fs3-00005.jpg,29.0421542216295,-34.4339734099814
90,208_fs3-00005.jpg,29.0520855674133,-35.1398809056623
91,208_fs3-00005.jpg,29.0656842110341,-35.8467122303888
92,208_fs3-00005.jpg,29.0828835878226,-36.5542326656411
93,208_fs3-00005.jpg,29.1036171331093,-37.2622074928992
94,208_fs3-00005.jpg,29.1278182822245,-37.9704019936434
95,208_fs3-00005.jpg,29.1554204704989,-38.6785814493537
96,208_fs3-00005.jpg,29.1863571332628,-39.3865111415104
97,208_fs3-00005.jpg,29.220561705847,-40.0939563515935
98,208_fs3-00005.jpg,29.2579676235817,-40.8006823610833
99,208_fs3-00005.jpg,29.2985083217976,-41.5064544514598
100,208_fs3-00005.jpg,29.3421172358251,-42.2110379042032
101,208_fs3-00005.jpg,29.3887278009947,-42.9141980007937
102,208_fs3-00005.jpg,29.438273452637,-43.6157000227114
103,208_fs3-00005.jpg,29.4906876260824,-44.3153092514364
104,208_fs3-00005.jpg,29.5459037566614,-45.012790968449
105,208_fs3-00005.jpg,29.6038552797046,-45.7079104552292
106,208_fs3-00005.jpg,29.6644756305424,-46.4004329932571
107,208_fs3-00005.jpg,29.7276982445053,-47.090123864013
108,208_fs3-00005.jpg,29.7934565569238,-47.776748348977
109,208_fs3-00005.jpg,29.8616840031285,-48.4600717296292
110,208_fs3-00005.jpg,29.9323140184498,-49.1398592874498
111,208_fs3-00005.jpg,30.0052800382182,-49.8158763039188
112,208_fs3-00005.jpg,30.0805154977643,-50.4878880605166
113,208_fs3-00005.jpg,30.1636141339961,-51.1556651621301
114,208_fs3-00005.jpg,30.2821133798731,-51.8190784491047
115,208_fs3-00005.jpg,30.4375636559862,-52.4780880234285
116,208_fs3-00005.jpg,30.6274676716488,-53.1326571064792
117,208_fs3-00005.jpg,30.8493281361742,-53.7827489196346
118,208_fs3-00005.jpg,31.1006477588757,-54.4283266842725
119,208_fs3-00005.jpg,31.3789292490665,-55.0693536217707
120,208_fs3-00005.jpg,31.6816753160601,-55.7057929535069
121,208_fs3-00005.jpg,32.0063886691698,-56.3376079008588
122,208_fs3-00005.jpg,32.3505720177089,-56.9647616852044
123,208_fs3-00005.jpg,32.7117280709907,-57.5872175279212
124,208_fs3-00005.jpg,33.0873595383285,-58.2049386503871
125,208_fs3-00005.jpg,33.4749691290357,-58.8178882739799
126,208_fs3-00005.jpg,33.8720595524256,-59.4260296200773
127,208_fs3-00005.jpg,34.2761335178115,-60.0293259100571
128,208_fs3-00005.jpg,34.6846937345068,-60.6277403652971
129,208_fs3-00005.jpg,35.0952429118246,-61.221236207175
130,208_fs3-00005.jpg,35.5052837590786,-61.8097766570686
131,208_fs3-00005.jpg,35.9123189855817,-62.3933249363557
132,208_fs3-00005.jpg,36.3142623563634,-62.9718434978525
133,208_fs3-00005.jpg,36.7275517333835,-63.5450401380186
134,208_fs3-00005.jpg,37.1610256639477,-64.1120010126048
135,208_fs3-00005.jpg,37.6136270370036,-64.6717192012124
136,208_fs3-00005.jpg,38.0842987414983,-65.2231877834427
137,208_fs3-00005.jpg,38.5719836663791,-65.7653998388972
138,208_fs3-00005.jpg,39.0756247005933,-66.2973484471773
139,208_fs3-00005.jpg,39.5941647330881,-66.8180266878841
140,208_fs3-00005.jpg,40.1265466528107,-67.3264276406192
141,208_fs3-00005.jpg,40.6717133487084,-67.821544384984
142,208_fs3-00005.jpg,41.2286077097285,-68.3023700005798
143,208_fs3-00005.jpg,41.7961726248182,-68.7678975670079
144,208_fs3-00005.jpg,42.3733509829248,-69.2171201638697
145,208_fs3-00005.jpg,42.9590856729954,-69.6490308707666
146,208_fs3-00005.jpg,43.5523195839775,-70.0626227673
147,208_fs3-00005.jpg,44.1519956048182,-70.4568889330712
148,208_fs3-00005.jpg,44.7570566244647,-70.8308224476816
149,208_fs3-00005.jpg,45.3664455318644,-71.1834163907326
150,208_fs3-00005.jpg,45.9791052159645,-71.5136638418255
151,208_fs3-00005.jpg,46.5939785657123,-71.8205578805617
152,208_fs3-00005.jpg,47.2100084700549,-72.1030915865425
153,208_fs3-00005.jpg,47.8261378179397,-72.3602580393695
154,208_fs3-00005.jpg,48.4413094983139,-72.5910503186438
155,208_fs3-00005.jpg,49.0544670477248,-72.7944615040325
156,208_fs3-00005.jpg,49.6794367728897,-72.9697185449166
157,208_fs3-00005.jpg,50.3287066853886,-73.1169655673783
158,208_fs3-00005.jpg,50.9997992220372,-73.2365715053058
159,208_fs3-00005.jpg,51.6902368196515,-73.3289052925869
160,208_fs3-00005.jpg,52.3975419150473,-73.3943358631098
161,208_fs3-00005.jpg,53.1192369450405,-73.4332321507626
162,208_fs3-00005.jpg,53.8528443464469,-73.4459630894333
163,208_fs3-00005.jpg,54.5958865560826,-73.4328976130099
164,208_fs3-00005.jpg,55.3458860107633,-73.3944046553807
165,208_fs3-00005.jpg,56.1003651473048,-73.3308531504337
166,208_fs3-00005.jpg,56.8568464025232,-73.2426120320569
167,208_fs3-00005.jpg,57.6128522132343,-73.1300502341384
168,208_fs3-00005.jpg,58.365905016254,-72.9935366905663
169,208_fs3-00005.jpg,59.1135272483981,-72.8334403352286
170,208_fs3-00005.jpg,59.8532413464825,-72.6501301020135
171,208_fs3-00005.jpg,60.5825697473232,-72.4439749248089
172,208_fs3-00005.jpg,61.299034887736,-72.2153437375031
173,208_fs3-00005.jpg,62.0001592045367,-71.964605473984
174,208_fs3-00005.jpg,62.6834651345412,-71.6921290681397
175,208_fs3-00005.jpg,63.3464751145656,-71.3982834538583
176,208_fs3-00005.jpg,63.9867115814255,-71.083437565028
177,208_fs3-00005.jpg,64.6016969719369,-70.7479603355366
178,208_fs3-00005.jpg,65.1889537229157,-70.3922206992724
179,208_fs3-00005.jpg,65.7460042711778,-70.0165875901234
180,208_fs3-00005.jpg,66.270371053539,-69.6214299419777
181,208_fs3-00005.jpg,66.7691574777818,-69.2071166887232
182,208_fs3-00005.jpg,67.2596465975419,-68.7740167642483
183,208_fs3-00005.jpg,67.7419076850545,-68.3224991024408
184,208_fs3-00005.jpg,68.2155439682117,-67.8529326371889
185,208_fs3-00005.jpg,68.6801586749054,-67.3656863023806
186,208_fs3-00005.jpg,69.1353550330275,-66.861129031904
187,208_fs3-00005.jpg,69.58073627047,-66.3396297596473
188,208_fs3-00005.jpg,70.015905615125,-65.8015574194984
189,208_fs3-00005.jpg,70.4404662948841,-65.2472809453455
190,208_fs3-00005.jpg,70.8540215376395,-64.6771692710765
191,208_fs3-00005.jpg,71.2561745712831,-64.0915913305796
192,208_fs3-00005.jpg,71.6465286237069,-63.490916057743
193,208_fs3-00005.jpg,72.0246869228027,-62.8755123864545
194,208_fs3-00005.jpg,72.3902526964626,-62.2457492506024
195,208_fs3-00005.jpg,72.7428291725785,-61.6019955840746
196,208_fs3-00005.jpg,73.0820195790423,-60.9446203207593
197,208_fs3-00005.jpg,73.407427143746,-60.2739923945445
198,208_fs3-00005.jpg,73.7186550945815,-59.5904807393184
199,208_fs3-00005.jpg,74.0153066594408,-58.8944542889689
200,208_fs3-00005.jpg,74.2969850662158,-58.1862819773842
1,208_fs3-00006.jpg,29.2814877430261,39.0129290679807
2,208_fs3-00006.jpg,29.4712906256391,38.3698319086184
3,208_fs3-00006.jpg,29.6602307922479,37.7251017180812
4,208_fs3-00006.jpg,29.8481049453713,37.0787743530832
5,208_fs3-00006.jpg,30.0347097875285,36.4308856703384
6,208_fs3-00006.jpg,30.2198420212384,35.7814715265609
7,208_fs3-00006.jpg,30.4032983490201,35.1305677784647
8,208_fs3-00006.jpg,30.5848754733926,34.4782102827638
9,208_fs3-00006.jpg,30.764370096875,33.8244348961723
10,208_fs3-00006.jpg,30.9415789219863,33.1692774754041
11,208_fs3-00006.jpg,31.1162986512454,32.5127738771734
12,208_fs3-00006.jpg,31.2883259871713,31.8549599581941
13,208_fs3-00006.jpg,31.4574576322833,31.1958715751802
14,208_fs3-00006.jpg,31.6234902891002,30.5355445848459
15,208_fs3-00006.jpg,31.7862206601411,29.8740148439051
16,208_fs3-00006.jpg,31.945445447925,29.2113182090719
17,208_fs3-00006.jpg,32.1009613549709,28.5474905370604
18,208_fs3-00006.jpg,32.2525650837978,27.8825676845844
19,208_fs3-00006.jpg,32.4000533369249,27.2165855083581
20,208_fs3-00006.jpg,32.543222816871,26.5495798650956
21,208_fs3-00006.jpg,32.6818702261553,25.8815866115107
22,208_fs3-00006.jpg,32.8157922672967,25.2126416043176
23,208_fs3-00006.jpg,32.9447856428143,24.5427807002303
24,208_fs3-00006.jpg,33.0686470552271,23.8720397559628
25,208_fs3-00006.jpg,33.1871732070541,23.2004546282292
26,208_fs3-00006.jpg,33.3001608008144,22.5280611737435
27,208_fs3-00006.jpg,33.4074065390269,21.8548952492197
28,208_fs3-00006.jpg,33.5087071242108,21.1809927113719
29,208_fs3-00006.jpg,33.6038592588849,20.506389416914
30,208_fs3-00006.jpg,33.6926596455684,19.8311212225602
31,208_fs3-00006.jpg,33.7749049867803,19.1552239850244
32,208_fs3-00006.jpg,33.8503919850396,18.4787335610207
33,208_fs3-00006.jpg,33.9189173428653,17.8016858072631
34,208_fs3-00006.jpg,33.9802777627764,17.1241165804656
35,208_fs3-00006.jpg,34.0342699472919,16.4460617373423
36,208_fs3-00006.jpg,34.080690598931,15.7675571346073
37,208_fs3-00006.jpg,34.1193364202126,15.0886386289744
38,208_fs3-00006.jpg,34.1500041136558,14.4093420771579
39,208_fs3-00006.jpg,34.176242199031,13.7297033358716
40,208_fs3-00006.jpg,34.2019899948893,13.0497582618297
41,208_fs3-00006.jpg,34.2272353319161,12.3695427117461
42,208_fs3-00006.jpg,34.2519648789682,11.689092542335
43,208_fs3-00006.jpg,34.2761653049022,11.0084436103102
44,208_fs3-00006.jpg,34.2998232785749,10.327631772386
45,208_fs3-00006.jpg,34.3229254688429,9.6466928852762
46,208_fs3-00006.jpg,34.345458544563,8.96566280569493
47,208_fs3-00006.jpg,34.3674091745919,8.28457739035625
48,208_fs3-00006.jpg,34.3887640277862,7.60347249597413
49,208_fs3-00006.jpg,34.4095097730027,6.92238397926263
50,208_fs3-00006.jpg,34.429633079098,6.24134769693578
51,208_fs3-00006.jpg,34.449120614929,5.56039950570764
52,208_fs3-00006.jpg,34.4679590493523,4.87957526229221
53,208_fs3-00006.jpg,34.4861350512244,4.19891082340351
54,208_fs3-00006.jpg,34.5036352894023,3.51844204575559
55,208_fs3-00006.jpg,34.5204464327426,2.83820478606248
56,208_fs3-00006.jpg,34.5365551501019,2.15823490103821
57,208_fs3-00006.jpg,34.5519481103372,1.47856824739679
58,208_fs3-00006.jpg,34.5666119823048,0.799240681852325
59,208_fs3-00006.jpg,34.5805334348616,0.120288061118771
60,208_fs3-00006.jpg,34.5936991368644,-0.558253758089819
61,208_fs3-00006.jpg,34.6060957571697,-1.2363489190594
62,208_fs3-00006.jpg,34.6177099646344,-1.91396156507597
63,208_fs3-00006.jpg,34.628528428115,-2.59105583942545
64,208_fs3-00006.jpg,34.6385378164684,-3.26759588539386
65,208_fs3-00006.jpg,34.6477247985512,-3.94354584626711
66,208_fs3-00006.jpg,34.6560760432201,-4.61886986533122
67,208_fs3-00006.jpg,34.6635782193318,-5.29353208587216
68,208_fs3-00006.jpg,34.6702179957431,-5.96749665117585
69,208_fs3-00006.jpg,34.6759820413106,-6.6407277045283
70,208_fs3-00006.jpg,34.680857024891,-7.31318938921547
71,208_fs3-00006.jpg,34.6848296153411,-7.98484584852329
72,208_fs3-00006.jpg,34.6878864815174,-8.65566122573782
73,208_fs3-00006.jpg,34.6900142922768,-9.32559966414493
74,208_fs3-00006.jpg,34.691199716476,-9.99462530703062
75,208_fs3-00006.jpg,34.6906484285061,-10.6627025378728
76,208_fs3-00006.jpg,34.6728291109845,-11.3298218349073
77,208_fs3-00006.jpg,34.6326924073256,-11.9960228333066
78,208_fs3-00006.jpg,34.5715632781273,-12.6613506091616
79,208_fs3-00006.jpg,34.4907666839875,-13.3258502385633
80,208_fs3-00006.jpg,34.3916275855041,-13.9895667976026
81,208_fs3-00006.jpg,34.275470943275,-14.6525453623704
82,208_fs3-00006.jpg,34.1436217178982,-15.3148310089577
83,208_fs3-00006.jpg,33.9974048699714,-15.9764688134553
84,208_fs3-00006.jpg,33.8381453600927,-16.6375038519543
85,208_fs3-00006.jpg,33.66716814886,-17.2979812005455
86,208_fs3-00006.jpg,33.4857981968711,-17.95794593532
87,208_fs3-00006.jpg,33.2953604647241,-18.6174431323685
88,208_fs3-00006.jpg,33.0971799130167,-19.2765178677822
89,208_fs3-00006.jpg,32.8925815023469,-19.9352152176518
90,208_fs3-00006.jpg,32.6828901933126,-20.5935802580683
91,208_fs3-00006.jpg,32.4694309465117,-21.2516580651227
92,208_fs3-00006.jpg,32.2535287225422,-21.9094937149059
93,208_fs3-00006.jpg,32.0365084820019,-22.5671322835088
94,208_fs3-00006.jpg,31.8196951854888,-23.2246188470224
95,208_fs3-00006.jpg,31.6044137936007,-23.8819984815375
96,208_fs3-00006.jpg,31.3919892669356,-24.5393162631452
97,208_fs3-00006.jpg,31.1837465660914,-25.1966172679363
98,208_fs3-00006.jpg,30.981010651666,-25.8539465720018
99,208_fs3-00006.jpg,30.7851064842573,-26.5113492514327
100,208_fs3-00006.jpg,30.5973590244631,-27.1688703823197
101,208_fs3-00006.jpg,30.4190932328816,-27.826555040754
102,208_fs3-00006.jpg,30.2516340701104,-28.4844483028263
103,208_fs3-00006.jpg,30.0963064967476,-29.1425952446278
104,208_fs3-00006.jpg,29.954435473391,-29.8010409422492
105,208_fs3-00006.jpg,29.8273459606386,-30.4598304717815
106,208_fs3-00006.jpg,29.7163629190883,-31.1190089093157
107,208_fs3-00006.jpg,29.622811309338,-31.7786213309426
108,208_fs3-00006.jpg,29.5479800269052,-32.438712812795
109,208_fs3-00006.jpg,29.4820065087661,-33.0993286553239
110,208_fs3-00006.jpg,29.4164929046765,-33.7605149077445
111,208_fs3-00006.jpg,29.3515469885086,-34.4223177753133
112,208_fs3-00006.jpg,29.2872765341347,-35.0847834632873
113,208_fs3-00006.jpg,29.2237893154268,-35.7479581769233
114,208_fs3-00006.jpg,29.1611931062572,-36.4118881214781
115,208_fs3-00006.jpg,29.0995956804979,-37.0766195022084
116,208_fs3-00006.jpg,29.0391048120212,-37.7421985243712
117,208_fs3-00006.jpg,28.9798282746991,-38.4086713932232
118,208_fs3-00006.jpg,28.9218738424039,-39.0760843140212
119,208_fs3-00006.jpg,28.8653492890077,-39.744483492022
120,208_fs3-00006.jpg,28.8103623883827,-40.4139151324825
121,208_fs3-00006.jpg,28.757020914401,-41.0844254406593
122,208_fs3-00006.jpg,28.7054326409348,-41.7560606218094
123,208_fs3-00006.jpg,28.6557053418562,-42.4288668811896
124,208_fs3-00006.jpg,28.6079467910375,-43.1028904240567
125,208_fs3-00006.jpg,28.5622647623508,-43.7781774556674
126,208_fs3-00006.jpg,28.5187670296681,-44.4547741812786
127,208_fs3-00006.jpg,28.4775613668618,-45.132726806147
128,208_fs3-00006.jpg,28.4387555478039,-45.8120815355295
129,208_fs3-00006.jpg,28.4024573463665,-46.492884574683
130,208_fs3-00006.jpg,28.368774536422,-47.1751821288642
131,208_fs3-00006.jpg,28.3378148918424,-47.8590204033298
132,208_fs3-00006.jpg,28.3096861864999,-48.5444456033368
133,208_fs3-00006.jpg,28.2844961942666,-49.231503934142
134,208_fs3-00006.jpg,28.2623526890147,-49.920241601002
135,208_fs3-00006.jpg,28.2433634446164,-50.6107048091738
136,208_fs3-00006.jpg,28.2276362349438,-51.3029397639142
137,208_fs3-00006.jpg,28.2152788338691,-51.9969926704799
138,208_fs3-00006.jpg,28.2063990152644,-52.6929097341278
139,208_fs3-00006.jpg,28.2011045530019,-53.3907371601146
140,208_fs3-00006.jpg,28.1995477658378,-54.0905211093742
141,208_fs3-00006.jpg,28.210926164365,-54.7921726677607
142,208_fs3-00006.jpg,28.2416525466032,-55.4951697304238
143,208_fs3-00006.jpg,28.291064410998,-56.198903528936
144,208_fs3-00006.jpg,28.3584992559951,-56.9027652948699
145,208_fs3-00006.jpg,28.4432945800401,-57.606146259798
146,208_fs3-00006.jpg,28.5447878815785,-58.3084376552926
147,208_fs3-00006.jpg,28.6623166590561,-59.0090307129264
148,208_fs3-00006.jpg,28.7952184109184,-59.7073166642719
149,208_fs3-00006.jpg,28.9428306356111,-60.4026867409015
150,208_fs3-00006.jpg,29.1044908315797,-61.0945321743878
151,208_fs3-00006.jpg,29.2795364972698,-61.7822441963031
152,208_fs3-00006.jpg,29.4673051311272,-62.4652140382201
153,208_fs3-00006.jpg,29.6671342315973,-63.1428329317113
154,208_fs3-00006.jpg,29.8783612971259,-63.8144921083491
155,208_fs3-00006.jpg,30.1003238261586,-64.4795827997061
156,208_fs3-00006.jpg,30.3323593171408,-65.1374962373547
157,208_fs3-00006.jpg,30.5738052685182,-65.7876236528675
158,208_fs3-00006.jpg,30.8239991787366,-66.4293562778169
159,208_fs3-00006.jpg,31.0822785462415,-67.0620853437755
160,208_fs3-00006.jpg,31.3479808694785,-67.6852020823157
161,208_fs3-00006.jpg,31.6204436468931,-68.2980977250101
162,208_fs3-00006.jpg,31.8990043769311,-68.9001635034311
163,208_fs3-00006.jpg,32.183000558038,-69.4907906491513
164,208_fs3-00006.jpg,32.4717696886595,-70.0693703937431
165,208_fs3-00006.jpg,32.7646492672412,-70.6352939687791
166,208_fs3-00006.jpg,33.0609767922287,-71.1879526058318
167,208_fs3-00006.jpg,33.3600897620676,-71.7267375364736
168,208_fs3-00006.jpg,33.6621442168229,-72.2510397610951
169,208_fs3-00006.jpg,34.0013438428955,-72.760177787743
170,208_fs3-00006.jpg,34.3930473779352,-73.2532949677659
171,208_fs3-00006.jpg,34.8331873153332,-73.7295087233597
172,208_fs3-00006.jpg,35.3176961484808,-74.1879364767204
173,208_fs3-00006.jpg,35.842506370769,-74.6276956500441
174,208_fs3-00006.jpg,36.4035504755891,-75.0479036655266
175,208_fs3-00006.jpg,36.9967609563323,-75.447677945364
176,208_fs3-00006.jpg,37.6180703063898,-75.8261359117523
177,208_fs3-00006.jpg,38.2634110191527,-76.1823949868873
178,208_fs3-00006.jpg,38.9287155880123,-76.5155725929652
179,208_fs3-00006.jpg,39.6099165063598,-76.8247861521818
180,208_fs3-00006.jpg,40.3029462675864,-77.1091530867332
181,208_fs3-00006.jpg,41.0037373650832,-77.3677908188153
182,208_fs3-00006.jpg,41.7082222922414,-77.5998167706241
183,208_fs3-00006.jpg,42.4123335424522,-77.8043483643556
184,208_fs3-00006.jpg,43.1120036091069,-77.9805030222057
185,208_fs3-00006.jpg,43.8031649855966,-78.1273981663705
186,208_fs3-00006.jpg,44.4817501653126,-78.2441512190459
187,208_fs3-00006.jpg,45.1436916416459,-78.329879602428
188,208_fs3-00006.jpg,45.7849222466037,-78.3837007387125
189,208_fs3-00006.jpg,46.4169625366588,-78.4047320500956
190,208_fs3-00006.jpg,47.0536181844707,-78.3920909587733
191,208_fs3-00006.jpg,47.6946726186176,-78.3448948869414
192,208_fs3-00006.jpg,48.3399092676774,-78.2622612567961
193,208_fs3-00006.jpg,48.9891115602279,-78.1433074905331
194,208_fs3-00006.jpg,49.6420629248473,-77.9871510103487
195,208_fs3-00006.jpg,50.2985467901134,-77.7929092384386
196,208_fs3-00006.jpg,50.9583465846042,-77.559699596999
197,208_fs3-00006.jpg,51.6212457368976,-77.2866395082256
198,208_fs3-00006.jpg,52.2870276755717,-76.9728463943147
199,208_fs3-00006.jpg,52.9554758292043,-76.6174376774621
200,208_fs3-00006.jpg,53.6263736263735,-76.2195307798638
1,208_fs3-00007.jpg,34.1504649196956,50.2386264475242
2,208_fs3-00007.jpg,34.0865106419305,49.5554663801144
3,208_fs3-00007.jpg,34.0260080266895,48.8726184280038
4,208_fs3-00007.jpg,33.9688613217,48.190075516244
5,208_fs3-00007.jpg,33.9149747746894,47.5078305698865
6,208_fs3-00007.jpg,33.8642526333851,46.8258765139829
7,208_fs3-00007.jpg,33.8165991455145,46.1442062735848
8,208_fs3-00007.jpg,33.7719185588051,45.4628127737437
9,208_fs3-00007.jpg,33.7301151209841,44.7816889395113
10,208_fs3-00007.jpg,33.6910930797791,44.1008276959389
11,208_fs3-00007.jpg,33.6547566829173,43.4202219680784
12,208_fs3-00007.jpg,33.6210101781263,42.739864680981
13,208_fs3-00007.jpg,33.5897578131333,42.0597487596986
14,208_fs3-00007.jpg,33.5609038356658,41.3798671292825
15,208_fs3-00007.jpg,33.5343524934513,40.7002127147845
16,208_fs3-00007.jpg,33.510008034217,40.0207784412559
17,208_fs3-00007.jpg,33.4877747056904,39.3415572337485
18,208_fs3-00007.jpg,33.4675567555989,38.6625420173137
19,208_fs3-00007.jpg,33.4492584316699,37.9837257170032
20,208_fs3-00007.jpg,33.4327839816308,37.3051012578685
21,208_fs3-00007.jpg,33.418037653209,36.6266615649611
22,208_fs3-00007.jpg,33.4049236941318,35.9483995633326
23,208_fs3-00007.jpg,33.3933463521267,35.2703081780346
24,208_fs3-00007.jpg,33.3832098749211,34.5923803341187
25,208_fs3-00007.jpg,33.3744185102424,33.9146089566364
26,208_fs3-00007.jpg,33.366876505818,33.2369869706392
27,208_fs3-00007.jpg,33.3604881093752,32.5595073011788
28,208_fs3-00007.jpg,33.3551575686415,31.8821628733067
29,208_fs3-00007.jpg,33.3507891313442,31.2049466120744
30,208_fs3-00007.jpg,33.3472870452109,30.5278514425336
31,208_fs3-00007.jpg,33.3445555579688,29.8508702897358
32,208_fs3-00007.jpg,33.3424989173454,29.1739960787324
33,208_fs3-00007.jpg,33.3410213710681,28.4972217345753
34,208_fs3-00007.jpg,33.3400271668642,27.8205401823158
35,208_fs3-00007.jpg,33.3394205524611,27.1439443470055
36,208_fs3-00007.jpg,33.3391057755864,26.4674271536961
37,208_fs3-00007.jpg,33.3389870839673,25.790981527439
38,208_fs3-00007.jpg,33.3389687253313,25.1146003932859
39,208_fs3-00007.jpg,33.3438231850432,24.4382766762882
40,208_fs3-00007.jpg,33.3589456534325,23.7620033014977
41,208_fs3-00007.jpg,33.3836735673059,23.0857731939657
42,208_fs3-00007.jpg,33.4173318534396,22.4095792787439
43,208_fs3-00007.jpg,33.4592454386093,21.7334144808839
44,208_fs3-00007.jpg,33.5087392495911,21.0572717254372
45,208_fs3-00007.jpg,33.5651382131609,20.3811439374553
46,208_fs3-00007.jpg,33.6277672560946,19.7050240419899
47,208_fs3-00007.jpg,33.6959513051682,19.0289049640925
48,208_fs3-00007.jpg,33.7690152871576,18.3527796288147
49,208_fs3-00007.jpg,33.8462841288389,17.676640961208
50,208_fs3-00007.jpg,33.9270827569878,17.000481886324
51,208_fs3-00007.jpg,34.0107360983804,16.3242953292142
52,208_fs3-00007.jpg,34.0965690797926,15.6480742149303
53,208_fs3-00007.jpg,34.1839066280003,14.9718114685238
54,208_fs3-00007.jpg,34.2720736697796,14.2955000150461
55,208_fs3-00007.jpg,34.3603951319063,13.6191327795491
56,208_fs3-00007.jpg,34.4481959411565,12.9427026870841
57,208_fs3-00007.jpg,34.5348010243059,12.2662026627027
58,208_fs3-00007.jpg,34.6195353081307,11.5896256314565
59,208_fs3-00007.jpg,34.7017237194066,10.912964518397
60,208_fs3-00007.jpg,34.7806911849098,10.236212248576
61,208_fs3-00007.jpg,34.8557626314161,9.55936174704473
62,208_fs3-00007.jpg,34.9262629857014,8.88240593885499
63,208_fs3-00007.jpg,34.9915171745418,8.20533774905823
64,208_fs3-00007.jpg,35.0508501247131,7.52815010270609
65,208_fs3-00007.jpg,35.1035867629914,6.85083592485006
66,208_fs3-00007.jpg,35.1490520161524,6.17338814054176
67,208_fs3-00007.jpg,35.1865708109723,5.49579967483271
68,208_fs3-00007.jpg,35.215468074227,4.81806345277451
69,208_fs3-00007.jpg,35.2352037621908,4.14017241031667
70,208_fs3-00007.jpg,35.2513955246584,3.46212312088539
71,208_fs3-00007.jpg,35.2672748606142,2.78392104927983
72,208_fs3-00007.jpg,35.2828211589343,2.10557299355648
73,208_fs3-00007.jpg,35.2980138084952,1.42708575177193
74,208_fs3-00007.jpg,35.3128321981731,0.748466121982716
75,208_fs3-00007.jpg,35.3272557168444,0.0697209022453933
76,208_fs3-00007.jpg,35.3412637533854,-0.609143109383524
77,208_fs3-00007.jpg,35.3548356966725,-1.28811911484749
78,208_fs3-00007.jpg,35.3679509355819,-1.96720031608993
79,208_fs3-00007.jpg,35.3805888589899,-2.64637991505433
80,208_fs3-00007.jpg,35.3927288557729,-3.32565111368413
81,208_fs3-00007.jpg,35.4043503148073,-4.0050071139228
82,208_fs3-00007.jpg,35.4154326249693,-4.68444111771376
83,208_fs3-00007.jpg,35.4259551751352,-5.36394632700049
84,208_fs3-00007.jpg,35.4358973541815,-6.04351594372648
85,208_fs3-00007.jpg,35.4452385509843,-6.72314316983511
86,208_fs3-00007.jpg,35.4539581544201,-7.40282120726991
87,208_fs3-00007.jpg,35.4620355533651,-8.08254325797429
88,208_fs3-00007.jpg,35.4694501366957,-8.76230252389172
89,208_fs3-00007.jpg,35.4761812932882,-9.44209220696564
90,208_fs3-00007.jpg,35.4822084120188,-10.1219055091395
91,208_fs3-00007.jpg,35.4875108817641,-10.8017356323569
92,208_fs3-00007.jpg,35.4920680914002,-11.481575778561
93,208_fs3-00007.jpg,35.4958594298035,-12.1614191496955
94,208_fs3-00007.jpg,35.4988642858503,-12.8412589477038
95,208_fs3-00007.jpg,35.5010620484169,-13.5210883745293
96,208_fs3-00007.jpg,35.5024321063797,-14.2009006321156
97,208_fs3-00007.jpg,35.5029538486149,-14.8806889224059
98,208_fs3-00007.jpg,35.4969667100588,-15.5604378600535
99,208_fs3-00007.jpg,35.4765222355313,-16.2400850034539
100,208_fs3-00007.jpg,35.4422143941713,-16.9195518755024
101,208_fs3-00007.jpg,35.394714833327,-17.5987599855495
102,208_fs3-00007.jpg,35.3346952003467,-18.2776308429453
103,208_fs3-00007.jpg,35.2628271425785,-18.95608595704
104,208_fs3-00007.jpg,35.1797823073706,-19.6340468371838
105,208_fs3-00007.jpg,35.0862323420712,-20.3114349927269
106,208_fs3-00007.jpg,34.9828488940285,-20.9881719330194
107,208_fs3-00007.jpg,34.8703036105908,-21.6641791674117
108,208_fs3-00007.jpg,34.7492681391062,-22.339378205254
109,208_fs3-00007.jpg,34.6204141269229,-23.0136905558963
110,208_fs3-00007.jpg,34.4844132213891,-23.6870377286889
111,208_fs3-00007.jpg,34.3419370698531,-24.3593412329821
112,208_fs3-00007.jpg,34.193657319663,-25.030522578126
113,208_fs3-00007.jpg,34.040245618167,-25.700503273471
114,208_fs3-00007.jpg,33.8823736127134,-26.369204828367
115,208_fs3-00007.jpg,33.7207129506504,-27.0365487521644
116,208_fs3-00007.jpg,33.5559352793261,-27.7024565542133
117,208_fs3-00007.jpg,33.3887122460887,-28.3668497438641
118,208_fs3-00007.jpg,33.2197154982865,-29.0296498304668
119,208_fs3-00007.jpg,33.0496166832677,-29.6907783233717
120,208_fs3-00007.jpg,32.8790874483804,-30.350156731929
121,208_fs3-00007.jpg,32.7087994409729,-31.0077065654889
122,208_fs3-00007.jpg,32.5394243083933,-31.6633493334016
123,208_fs3-00007.jpg,32.3716336979899,-32.3170065450173
124,208_fs3-00007.jpg,32.2060992571109,-32.9685997096862
125,208_fs3-00007.jpg,32.0434926331044,-33.6180503367586
126,208_fs3-00007.jpg,31.8844854733188,-34.2652799355846
127,208_fs3-00007.jpg,31.7297494251021,-34.9102100155144
128,208_fs3-00007.jpg,31.5708097909112,-35.552807257553
129,208_fs3-00007.jpg,31.3959196144355,-36.1932757110131
130,208_fs3-00007.jpg,31.2064154733532,-36.831897121062
131,208_fs3-00007.jpg,31.0037255875108,-37.4689532774074
132,208_fs3-00007.jpg,30.789278176755,-38.1047259697569
133,208_fs3-00007.jpg,30.5645014609325,-38.7394969878181
134,208_fs3-00007.jpg,30.3308236598898,-39.3735481212986
135,208_fs3-00007.jpg,30.0896729934735,-40.007161159906
136,208_fs3-00007.jpg,29.8424776815304,-40.6406178933479
137,208_fs3-00007.jpg,29.5906659439069,-41.274200111332
138,208_fs3-00007.jpg,29.3356660004497,-41.9081896035657
139,208_fs3-00007.jpg,29.0789060710055,-42.5428681597567
140,208_fs3-00007.jpg,28.8218143754208,-43.1785175696126
141,208_fs3-00007.jpg,28.5658191335423,-43.8154196228411
142,208_fs3-00007.jpg,28.3123485652166,-44.4538561091497
143,208_fs3-00007.jpg,28.0628308902903,-45.094108818246
144,208_fs3-00007.jpg,27.81869432861,-45.7364595398376
145,208_fs3-00007.jpg,27.5813671000224,-46.3811900636322
146,208_fs3-00007.jpg,27.3522774243741,-47.0285821793373
147,208_fs3-00007.jpg,27.1328535215115,-47.6789176766605
148,208_fs3-00007.jpg,26.9245236112816,-48.3324783453094
149,208_fs3-00007.jpg,26.7287159135308,-48.9895459749917
150,208_fs3-00007.jpg,26.5468586481057,-49.6504023554149
151,208_fs3-00007.jpg,26.380380034853,-50.3153292762867
152,208_fs3-00007.jpg,26.2307082936193,-50.9846085273146
153,208_fs3-00007.jpg,26.0992716442511,-51.6585218982063
154,208_fs3-00007.jpg,25.9874983065953,-52.3373511786693
155,208_fs3-00007.jpg,25.8968165004982,-53.0213781584112
156,208_fs3-00007.jpg,25.8286544458066,-53.7108846271397
157,208_fs3-00007.jpg,25.7844403623671,-54.4061523745624
158,208_fs3-00007.jpg,25.7656024700264,-55.1074631903868
159,208_fs3-00007.jpg,25.7650042265425,-55.8149833782898
160,208_fs3-00007.jpg,25.7650042265425,-56.5279963797441
161,208_fs3-00007.jpg,25.7650042265425,-57.245378151661
162,208_fs3-00007.jpg,25.7650042265425,-57.9660024623952
163,208_fs3-00007.jpg,25.7650042265425,-58.6887430803013
164,208_fs3-00007.jpg,25.7650042265425,-59.4124737737341
165,208_fs3-00007.jpg,25.7650042265425,-60.1360683110482
166,208_fs3-00007.jpg,25.7650042265425,-60.8584004605982
167,208_fs3-00007.jpg,25.7650042265425,-61.5783439907388
168,208_fs3-00007.jpg,25.7650042265425,-62.2947726698247
169,208_fs3-00007.jpg,25.7650042265425,-63.0065602662104
170,208_fs3-00007.jpg,25.7650042265425,-63.7125805482507
171,208_fs3-00007.jpg,25.7650042265425,-64.4117072843001
172,208_fs3-00007.jpg,25.7650042265425,-65.1028142427135
173,208_fs3-00007.jpg,25.7650042265425,-65.7847751918454
174,208_fs3-00007.jpg,25.7650042265425,-66.4564639000505
175,208_fs3-00007.jpg,25.7650042265425,-67.1167541356834
176,208_fs3-00007.jpg,25.7650042265425,-67.7645196670988
177,208_fs3-00007.jpg,25.7650042265425,-68.3986342626513
178,208_fs3-00007.jpg,25.7650042265425,-69.0179716906956
179,208_fs3-00007.jpg,25.7650042265425,-69.6214057195864
180,208_fs3-00007.jpg,25.7650042265425,-70.2078101176783
181,208_fs3-00007.jpg,25.7650042265425,-70.776058653326
182,208_fs3-00007.jpg,25.7891533522675,-71.3250250948841
183,208_fs3-00007.jpg,25.9055336464495,-71.8535832107072
184,208_fs3-00007.jpg,26.1130588781822,-72.3606067691502
185,208_fs3-00007.jpg,26.4059652936413,-72.8449695385674
186,208_fs3-00007.jpg,26.7784891390023,-73.3055452873138
187,208_fs3-00007.jpg,27.2248666604409,-73.7412077837438
188,208_fs3-00007.jpg,27.7393341041326,-74.1508307962122
189,208_fs3-00007.jpg,28.316127716253,-74.5332880930737
190,208_fs3-00007.jpg,28.949483742978,-74.8874534426827
191,208_fs3-00007.jpg,29.633638430483,-75.2122006133941
192,208_fs3-00007.jpg,30.3628280249435,-75.5064033735625
193,208_fs3-00007.jpg,31.1312887725353,-75.7689354915425
194,208_fs3-00007.jpg,31.933256919434,-75.9986707356888
195,208_fs3-00007.jpg,32.7629687118152,-76.1944828743561
196,208_fs3-00007.jpg,33.6146603958545,-76.3552456758989
197,208_fs3-00007.jpg,34.4825682177274,-76.4798329086721
198,208_fs3-00007.jpg,35.3609284236097,-76.5671183410301
199,208_fs3-00007.jpg,36.2439772596769,-76.6159757413277
200,208_fs3-00007.jpg,37.1259509721047,-76.6252788779196
1,208_fs3-00008.jpg,44.2716258100874,56.4600972843797
2,208_fs3-00008.jpg,43.8591861244566,55.9273596876549
3,208_fs3-00008.jpg,43.4519979816163,55.3895251851899
4,208_fs3-00008.jpg,43.0502844432658,54.846695708007
5,208_fs3-00008.jpg,42.6542685711041,54.2989731871282
6,208_fs3-00008.jpg,42.2641734268305,53.7464595535757
7,208_fs3-00008.jpg,41.8802220721442,53.1892567383718
8,208_fs3-00008.jpg,41.5026375687443,52.6274666725386
9,208_fs3-00008.jpg,41.13164297833,52.0611912870982
10,208_fs3-00008.jpg,40.7674613626006,51.4905325130728
11,208_fs3-00008.jpg,40.410315783255,50.9155922814847
12,208_fs3-00008.jpg,40.0604293019927,50.3364725233559
13,208_fs3-00008.jpg,39.7180249805127,49.7532751697087
14,208_fs3-00008.jpg,39.3833258805142,49.1661021515652
15,208_fs3-00008.jpg,39.0565550636965,48.5750553999475
16,208_fs3-00008.jpg,38.7379355917586,47.980236845878
17,208_fs3-00008.jpg,38.4276905263998,47.3817484203786
18,208_fs3-00008.jpg,38.1260429293192,46.7796920544716
19,208_fs3-00008.jpg,37.833215862216,46.1741696791792
20,208_fs3-00008.jpg,37.5494323867894,45.5652832255235
21,208_fs3-00008.jpg,37.2749155647386,44.9531346245268
22,208_fs3-00008.jpg,37.0098884577628,44.3378258072111
23,208_fs3-00008.jpg,36.7545741275612,43.7194587045986
24,208_fs3-00008.jpg,36.5091956358328,43.0981352477116
25,208_fs3-00008.jpg,36.273976044277,42.4739573675722
26,208_fs3-00008.jpg,36.0491384145928,41.8470269952025
27,208_fs3-00008.jpg,35.8349058084796,41.2174460616247
28,208_fs3-00008.jpg,35.6315012876364,40.585316497861
29,208_fs3-00008.jpg,35.4391479137623,39.9507402349336
30,208_fs3-00008.jpg,35.2580687485568,39.3138192038647
31,208_fs3-00008.jpg,35.0884868537187,38.6746553356763
32,208_fs3-00008.jpg,34.9306252909475,38.0333505613907
33,208_fs3-00008.jpg,34.7847071219422,37.3900068120301
34,208_fs3-00008.jpg,34.6509554084021,36.7447260186166
35,208_fs3-00008.jpg,34.5295932120263,36.0976101121724
36,208_fs3-00008.jpg,34.4208435945139,35.4487610237196
37,208_fs3-00008.jpg,34.3243356676284,34.7982806842805
38,208_fs3-00008.jpg,34.2315413782644,34.1462710248772
39,208_fs3-00008.jpg,34.1398842207003,33.4928339765318
40,208_fs3-00008.jpg,34.0497227218601,32.8380714702666
41,208_fs3-00008.jpg,33.9614154086676,32.1820854371037
42,208_fs3-00008.jpg,33.8753208080469,31.5249778080653
43,208_fs3-00008.jpg,33.7917974469217,30.8668505141735
44,208_fs3-00008.jpg,33.711203852216,30.2078054864506
45,208_fs3-00008.jpg,33.6338985508537,29.5479446559186
46,208_fs3-00008.jpg,33.5602400697587,28.8873699535998
47,208_fs3-00008.jpg,33.4905869358549,28.2261833105164
48,208_fs3-00008.jpg,33.4252976760662,27.5644866576904
49,208_fs3-00008.jpg,33.3647308173165,26.9023819261441
50,208_fs3-00008.jpg,33.3092448865297,26.2399710468997
51,208_fs3-00008.jpg,33.2591984106298,25.5773559509793
52,208_fs3-00008.jpg,33.2149499165405,24.914638569405
53,208_fs3-00008.jpg,33.176857931186,24.2519208331992
54,208_fs3-00008.jpg,33.1452809814899,23.5893046733838
55,208_fs3-00008.jpg,33.1205775943762,22.9268920209812
56,208_fs3-00008.jpg,33.1031062967689,22.2647848070134
57,208_fs3-00008.jpg,33.0932256155919,21.6030849625026
58,208_fs3-00008.jpg,33.0914549190865,20.9418940258113
59,208_fs3-00008.jpg,33.1011190709062,20.2812711380046
60,208_fs3-00008.jpg,33.1228696934397,19.6211957151162
61,208_fs3-00008.jpg,33.1559809142092,18.9616383682267
62,208_fs3-00008.jpg,33.1997268607372,18.3025697084165
63,208_fs3-00008.jpg,33.2533816605462,17.6439603467661
64,208_fs3-00008.jpg,33.3162194411586,16.9857808943559
65,208_fs3-00008.jpg,33.3875143300968,16.3280019622665
66,208_fs3-00008.jpg,33.4665404548833,15.6705941615782
67,208_fs3-00008.jpg,33.5525719430406,15.0135281033717
68,208_fs3-00008.jpg,33.6448829220909,14.3567743987272
69,208_fs3-00008.jpg,33.7427475195569,13.7003036587254
70,208_fs3-00008.jpg,33.8454398629609,13.0440864944467
71,208_fs3-00008.jpg,33.9522340798254,12.3880935169715
72,208_fs3-00008.jpg,34.0624042976728,11.7322953373804
73,208_fs3-00008.jpg,34.1752246440255,11.0766625667538
74,208_fs3-00008.jpg,34.289969246406,10.4211658161722
75,208_fs3-00008.jpg,34.4059122323368,9.76577569671602
76,208_fs3-00008.jpg,34.5223277293402,9.11046281946579
77,208_fs3-00008.jpg,34.6384898649387,8.45519779550199
78,208_fs3-00008.jpg,34.7536727666548,7.79995123590507
79,208_fs3-00008.jpg,34.8671505620109,7.14469375175551
80,208_fs3-00008.jpg,34.9781973785294,6.48939595413378
81,208_fs3-00008.jpg,35.0860873437327,5.83402845412036
82,208_fs3-00008.jpg,35.1900945851434,5.17856186279573
83,208_fs3-00008.jpg,35.2894932302838,4.52296679124032
84,208_fs3-00008.jpg,35.3835574066763,3.86721385053468
85,208_fs3-00008.jpg,35.4715612418435,3.21127365175923
86,208_fs3-00008.jpg,35.5527788633078,2.55511680599446
87,208_fs3-00008.jpg,35.6266204400187,1.89871394274678
88,208_fs3-00008.jpg,35.699650866379,1.2420433973295
89,208_fs3-00008.jpg,35.7754314598643,0.585103100628288
90,208_fs3-00008.jpg,35.8534282725621,-0.0721059475931725
91,208_fs3-00008.jpg,35.9331073565599,-0.729582747571129
92,208_fs3-00008.jpg,36.0139347639454,-1.38732629954183
93,208_fs3-00008.jpg,36.095376546806,-2.04533560374159
94,208_fs3-00008.jpg,36.1768987572293,-2.70360966040664
95,208_fs3-00008.jpg,36.2579674473029,-3.3621474697733
96,208_fs3-00008.jpg,36.3380486691144,-4.02094803207783
97,208_fs3-00008.jpg,36.4166084747512,-4.68001034755645
98,208_fs3-00008.jpg,36.493112916301,-5.33933341644553
99,208_fs3-00008.jpg,36.5670280458513,-5.99891623898125
100,208_fs3-00008.jpg,36.6378199154896,-6.65875781539992
101,208_fs3-00008.jpg,36.7049545773036,-7.31885714593784
102,208_fs3-00008.jpg,36.7678980833807,-7.97921323083125
103,208_fs3-00008.jpg,36.8261164858085,-8.63982507031642
104,208_fs3-00008.jpg,36.8790758366747,-9.30069166462965
105,208_fs3-00008.jpg,36.9262421880667,-9.96181201400719
106,208_fs3-00008.jpg,36.9670815920721,-10.6231851186853
107,208_fs3-00008.jpg,37.0010601007784,-11.2848099789003
108,208_fs3-00008.jpg,37.0276437662732,-11.9466855948884
109,208_fs3-00008.jpg,37.0462986406442,-12.608810966886
110,208_fs3-00008.jpg,37.0564907759787,-13.2711850951292
111,208_fs3-00008.jpg,37.0580212699606,-13.9338065620535
112,208_fs3-00008.jpg,37.0541834280139,-14.596654291679
113,208_fs3-00008.jpg,37.046084837546,-15.2596794974649
114,208_fs3-00008.jpg,37.0339007895296,-15.9228313049041
115,208_fs3-00008.jpg,37.0178065749375,-16.5860588394897
116,208_fs3-00008.jpg,36.9979774847426,-17.2493112267145
117,208_fs3-00008.jpg,36.9745888099177,-17.9125375920716
118,208_fs3-00008.jpg,36.9478158414355,-18.5756870610539
119,208_fs3-00008.jpg,36.9178338702688,-19.2387087591544
120,208_fs3-00008.jpg,36.8848181873905,-19.901551811866
121,208_fs3-00008.jpg,36.8489440837734,-20.5641653446817
122,208_fs3-00008.jpg,36.8103868503903,-21.2264984830944
123,208_fs3-00008.jpg,36.769321778214,-21.8885003525972
124,208_fs3-00008.jpg,36.7259241582172,-22.550120078683
125,208_fs3-00008.jpg,36.6803692813729,-23.2113067868447
126,208_fs3-00008.jpg,36.6328324386537,-23.8720096025752
127,208_fs3-00008.jpg,36.5834889210327,-24.5321776513677
128,208_fs3-00008.jpg,36.5325140194823,-25.1917600587149
129,208_fs3-00008.jpg,36.4800830249757,-25.85070595011
130,208_fs3-00008.jpg,36.4263712284854,-26.5089644510458
131,208_fs3-00008.jpg,36.3715539209845,-27.1664846870152
132,208_fs3-00008.jpg,36.3148038515621,-27.8232156874583
133,208_fs3-00008.jpg,36.2461351683889,-28.4791022216652
134,208_fs3-00008.jpg,36.1634218186216,-29.134083199664
135,208_fs3-00008.jpg,36.0672723040205,-29.7880971053877
136,208_fs3-00008.jpg,35.9582951263459,-30.4410824227694
137,208_fs3-00008.jpg,35.8370987873582,-31.0929776357422
138,208_fs3-00008.jpg,35.7042917888177,-31.7437212282393
139,208_fs3-00008.jpg,35.5604826324848,-32.3932516841935
140,208_fs3-00008.jpg,35.4062798201199,-33.0415074875381
141,208_fs3-00008.jpg,35.2422918534832,-33.6884271222061
142,208_fs3-00008.jpg,35.0691272343351,-34.3339490721307
143,208_fs3-00008.jpg,34.887394464436,-34.9780118212447
144,208_fs3-00008.jpg,34.6977020455462,-35.6205538534815
145,208_fs3-00008.jpg,34.5006584794261,-36.261513652774
146,208_fs3-00008.jpg,34.296872267836,-36.9008297030553
147,208_fs3-00008.jpg,34.0869519125362,-37.5384404882585
148,208_fs3-00008.jpg,33.8715059152872,-38.1742844923168
149,208_fs3-00008.jpg,33.6511427778491,-38.8083001991631
150,208_fs3-00008.jpg,33.4264710019825,-39.4404260927305
151,208_fs3-00008.jpg,33.1980990894476,-40.0706006569522
152,208_fs3-00008.jpg,32.9666355420048,-40.6987623757611
153,208_fs3-00008.jpg,32.7326888614144,-41.3248497330905
154,208_fs3-00008.jpg,32.4968675494368,-41.9488012128733
155,208_fs3-00008.jpg,32.2597801078323,-42.5705552990427
156,208_fs3-00008.jpg,32.0220350383614,-43.1900504755317
157,208_fs3-00008.jpg,31.7842408427841,-43.8072252262735
158,208_fs3-00008.jpg,31.5470060228611,-44.422018035201
159,208_fs3-00008.jpg,31.3109390803526,-45.0343673862474
160,208_fs3-00008.jpg,31.0766485170189,-45.6442117633457
161,208_fs3-00008.jpg,30.8447428346204,-46.2514896504291
162,208_fs3-00008.jpg,30.6092816486216,-46.8561500966872
163,208_fs3-00008.jpg,30.3428093491896,-47.458318169655
164,208_fs3-00008.jpg,30.0460648757202,-48.0582642354676
165,208_fs3-00008.jpg,29.7235292624626,-48.6562630106311
166,208_fs3-00008.jpg,29.3796835436661,-49.2525892116517
167,208_fs3-00008.jpg,29.01900875358,-49.8475175550355
168,208_fs3-00008.jpg,28.6459859264535,-50.4413227572887
169,208_fs3-00008.jpg,28.2650960965357,-51.0342795349174
170,208_fs3-00008.jpg,27.8808202980761,-51.6266626044276
171,208_fs3-00008.jpg,27.4976395653238,-52.2187466823256
172,208_fs3-00008.jpg,27.120034932528,-52.8108064851174
173,208_fs3-00008.jpg,26.7524874339379,-53.4031167293092
174,208_fs3-00008.jpg,26.3994781038029,-53.9959521314071
175,208_fs3-00008.jpg,26.0654879763722,-54.5895874079173
176,208_fs3-00008.jpg,25.7549980858949,-55.1842972753458
177,208_fs3-00008.jpg,25.4724894666204,-55.7803564501989
178,208_fs3-00008.jpg,25.2224431527978,-56.3780396489825
179,208_fs3-00008.jpg,25.0093401786765,-56.9776215882029
180,208_fs3-00008.jpg,24.8376615785056,-57.5793769843663
181,208_fs3-00008.jpg,24.7118883865344,-58.1835805539786
182,208_fs3-00008.jpg,24.6365016370121,-58.7905070135461
183,208_fs3-00008.jpg,24.6154478000144,-59.4004310795748
184,208_fs3-00008.jpg,24.6197283404819,-60.0136274685709
185,208_fs3-00008.jpg,24.6316424770162,-60.6303708970406
186,208_fs3-00008.jpg,24.6524735271623,-61.2509360814899
187,208_fs3-00008.jpg,24.6835048084651,-61.8755977384251
188,208_fs3-00008.jpg,24.7260196384697,-62.504630584352
189,208_fs3-00008.jpg,24.7813013347212,-63.1383093357771
190,208_fs3-00008.jpg,24.8506332147645,-63.7769087092064
191,208_fs3-00008.jpg,24.9352985961447,-64.4207034211459
192,208_fs3-00008.jpg,25.0365807964069,-65.0699681881019
193,208_fs3-00008.jpg,25.155763133096,-65.7249777265804
194,208_fs3-00008.jpg,25.2941289237572,-66.3860067530876
195,208_fs3-00008.jpg,25.4529614859353,-67.0533299841296
196,208_fs3-00008.jpg,25.6335441371755,-67.7272221362126
197,208_fs3-00008.jpg,25.8371601950228,-68.4079579258426
198,208_fs3-00008.jpg,26.0650929770221,-69.0958120695259
199,208_fs3-00008.jpg,26.3186258007187,-69.7910592837684
200,208_fs3-00008.jpg,26.5990419836574,-70.4939742850765
1,208_fs3-00009.jpg,60.7720484643562,59.2327092877609
2,208_fs3-00009.jpg,60.0906473412365,59.1063260944602
3,208_fs3-00009.jpg,59.4151929120505,58.9677201777548
4,208_fs3-00009.jpg,58.7458288461317,58.8170231429136
5,208_fs3-00009.jpg,58.0826988128138,58.6543665952057
6,208_fs3-00009.jpg,57.4259464814305,58.4798821399
7,208_fs3-00009.jpg,56.7757155213155,58.2937013822657
8,208_fs3-00009.jpg,56.1321496018023,58.0959559275717
9,208_fs3-00009.jpg,55.4953923922247,57.886777381087
10,208_fs3-00009.jpg,54.8655875619165,57.6662973480807
11,208_fs3-00009.jpg,54.2428787802111,57.4346474338218
12,208_fs3-00009.jpg,53.6274097164423,57.1919592435792
13,208_fs3-00009.jpg,53.0193240399437,56.9383643826221
14,208_fs3-00009.jpg,52.4187654200491,56.6739944562194
15,208_fs3-00009.jpg,51.8258775260921,56.3989810696401
16,208_fs3-00009.jpg,51.2408040274063,56.1134558281533
17,208_fs3-00009.jpg,50.6636885933255,55.817550337028
18,208_fs3-00009.jpg,50.0946748931832,55.5113962015332
19,208_fs3-00009.jpg,49.5339065963132,55.1951250269379
20,208_fs3-00009.jpg,48.9815273720491,54.8688684185111
21,208_fs3-00009.jpg,48.4376808897246,54.5327579815218
22,208_fs3-00009.jpg,47.9025108186734,54.1869253212392
23,208_fs3-00009.jpg,47.3761608282291,53.831502042932
24,208_fs3-00009.jpg,46.8587745877254,53.4666197518696
25,208_fs3-00009.jpg,46.3504957664959,53.0924100533207
26,208_fs3-00009.jpg,45.8514680338744,52.7090045525544
27,208_fs3-00009.jpg,45.3618350591944,52.3165348548398
28,208_fs3-00009.jpg,44.8817405117898,51.9151325654458
29,208_fs3-00009.jpg,44.411328060994,51.5049292896416
30,208_fs3-00009.jpg,43.9487180467762,51.086056632696
31,208_fs3-00009.jpg,43.4825290237937,50.6586461998782
32,208_fs3-00009.jpg,43.0120619952057,50.2228295964571
33,208_fs3-00009.jpg,42.5386318180275,49.7787384277017
34,208_fs3-00009.jpg,42.0635533492743,49.3265042988812
35,208_fs3-00009.jpg,41.5881414459614,48.8662588152644
36,208_fs3-00009.jpg,41.113710965104,48.3981335821204
37,208_fs3-00009.jpg,40.6415767637172,47.9222602047182
38,208_fs3-00009.jpg,40.1730536988164,47.4387702883268
39,208_fs3-00009.jpg,39.7094566274168,46.9477954382153
40,208_fs3-00009.jpg,39.2521004065335,46.4494672596527
41,208_fs3-00009.jpg,38.802299893182,45.943917357908
42,208_fs3-00009.jpg,38.3613699443772,45.4312773382502
43,208_fs3-00009.jpg,37.9306254171345,44.9116788059483
44,208_fs3-00009.jpg,37.5113811684693,44.3852533662713
45,208_fs3-00009.jpg,37.1049520553965,43.8521326244883
46,208_fs3-00009.jpg,36.7126529349315,43.3124481858682
47,208_fs3-00009.jpg,36.3357986640896,42.7663316556802
48,208_fs3-00009.jpg,35.9757040998858,42.2139146391932
49,208_fs3-00009.jpg,35.6336840993356,41.6553287416762
50,208_fs3-00009.jpg,35.3110535194541,41.0907055683982
51,208_fs3-00009.jpg,35.0091272172565,40.5201767246283
52,208_fs3-00009.jpg,34.7292200497581,39.9438738156355
53,208_fs3-00009.jpg,34.4726468739741,39.3619284466888
54,208_fs3-00009.jpg,34.2407225469198,38.7744722230571
55,208_fs3-00009.jpg,34.0347619256103,38.1816367500096
56,208_fs3-00009.jpg,33.8560798670608,37.5835536328153
57,208_fs3-00009.jpg,33.7057942254028,36.9803545123433
58,208_fs3-00009.jpg,33.5679444410941,36.3722011434001
59,208_fs3-00009.jpg,33.4320497800983,35.7593401770618
60,208_fs3-00009.jpg,33.2985105986695,35.1420331173368
61,208_fs3-00009.jpg,33.1677272530616,34.5205414682336
62,208_fs3-00009.jpg,33.0401000995288,33.8951267337605
63,208_fs3-00009.jpg,32.9160294943253,33.2660504179259
64,208_fs3-00009.jpg,32.7959157937051,32.6335740247383
65,208_fs3-00009.jpg,32.6801593539223,31.997959058206
66,208_fs3-00009.jpg,32.569160531231,31.3594670223376
67,208_fs3-00009.jpg,32.4633196818852,30.7183594211413
68,208_fs3-00009.jpg,32.3630371621391,30.0748977586256
69,208_fs3-00009.jpg,32.2687133282468,29.429343538799
70,208_fs3-00009.jpg,32.1807485364624,28.7819582656698
71,208_fs3-00009.jpg,32.0995431430399,28.1330034432464
72,208_fs3-00009.jpg,32.0254975042333,27.4827405755373
73,208_fs3-00009.jpg,31.959011976297,26.8314311665508
74,208_fs3-00009.jpg,31.9004869154849,26.1793367202954
75,208_fs3-00009.jpg,31.850322678051,25.5267187407795
76,208_fs3-00009.jpg,31.8089196202496,24.8738387320115
77,208_fs3-00009.jpg,31.7766780983347,24.2209581979998
78,208_fs3-00009.jpg,31.7539984685603,23.5683386427529
79,208_fs3-00009.jpg,31.7412810871807,22.9162415702791
80,208_fs3-00009.jpg,31.7388647952007,22.2649274589996
81,208_fs3-00009.jpg,31.7458110208982,21.6145599215723
82,208_fs3-00009.jpg,31.7613863998018,20.965127555224
83,208_fs3-00009.jpg,31.7852109244433,20.3166005657011
84,208_fs3-00009.jpg,31.8169045873544,19.6689491587504
85,208_fs3-00009.jpg,31.8560873810667,19.0221435401185
86,208_fs3-00009.jpg,31.9023792981121,18.3761539155518
87,208_fs3-00009.jpg,31.9554003310223,17.7309504907971
88,208_fs3-00009.jpg,32.0147704723288,17.0865034716009
89,208_fs3-00009.jpg,32.0801097145636,16.4427830637098
90,208_fs3-00009.jpg,32.1510380502583,15.7997594728705
91,208_fs3-00009.jpg,32.2271754719445,15.1574029048295
92,208_fs3-00009.jpg,32.3081419721541,14.5156835653334
93,208_fs3-00009.jpg,32.3935575434187,13.8745716601289
94,208_fs3-00009.jpg,32.4830421782701,13.2340373949624
95,208_fs3-00009.jpg,32.5762158692399,12.5940509755807
96,208_fs3-00009.jpg,32.6726986088599,11.9545826077303
97,208_fs3-00009.jpg,32.7721103896618,11.3156024971579
98,208_fs3-00009.jpg,32.8740712041773,10.6770808496099
99,208_fs3-00009.jpg,32.9782010449382,10.0389878708331
100,208_fs3-00009.jpg,33.0841199044761,9.40129376657404
101,208_fs3-00009.jpg,33.1914477753228,8.76396874257927
102,208_fs3-00009.jpg,33.2998046500099,8.12698300459542
103,208_fs3-00009.jpg,33.4088105210693,7.49030675836909
104,208_fs3-00009.jpg,33.5180853810326,6.8539102096469
105,208_fs3-00009.jpg,33.6272492224315,6.21776356417541
106,208_fs3-00009.jpg,33.7359220377978,5.58183702770128
107,208_fs3-00009.jpg,33.8437238196631,4.94610080597104
108,208_fs3-00009.jpg,33.9502745605592,4.31052510473131
109,208_fs3-00009.jpg,34.0551942530178,3.67508012972871
110,208_fs3-00009.jpg,34.1581028895706,3.03973608670984
111,208_fs3-00009.jpg,34.2586204627494,2.40446318142128
112,208_fs3-00009.jpg,34.3563669650858,1.76923161960963
113,208_fs3-00009.jpg,34.4509623891116,1.13401160702151
114,208_fs3-00009.jpg,34.5420267273584,0.498773349403507
115,208_fs3-00009.jpg,34.629200000307,-0.136512946895181
116,208_fs3-00009.jpg,34.7177679540133,-0.771874143716019
117,208_fs3-00009.jpg,34.8117006229163,-1.40732737913908
118,208_fs3-00009.jpg,34.9104706029848,-2.04288777798584
119,208_fs3-00009.jpg,35.0135504901882,-2.67857046507783
120,208_fs3-00009.jpg,35.1204128804951,-3.31439056523658
121,208_fs3-00009.jpg,35.2305303698748,-3.95036320328359
122,208_fs3-00009.jpg,35.3433755542963,-4.58650350404039
123,208_fs3-00009.jpg,35.4584210297286,-5.22282659232849
124,208_fs3-00009.jpg,35.5751393921407,-5.85934759296939
125,208_fs3-00009.jpg,35.6930032375017,-6.49608163078463
126,208_fs3-00009.jpg,35.8114851617806,-7.13304383059571
127,208_fs3-00009.jpg,35.9300577609465,-7.77024931722417
128,208_fs3-00009.jpg,36.0481936309683,-8.4077132154915
129,208_fs3-00009.jpg,36.1653653678152,-9.04545065021924
130,208_fs3-00009.jpg,36.2810455674561,-9.68347674622888
131,208_fs3-00009.jpg,36.3947068258601,-10.3218066283419
132,208_fs3-00009.jpg,36.5058217389962,-10.9604554213799
133,208_fs3-00009.jpg,36.6138629028334,-11.5994382501644
134,208_fs3-00009.jpg,36.7183029133409,-12.2387702395169
135,208_fs3-00009.jpg,36.8186143664875,-12.8784665142588
136,208_fs3-00009.jpg,36.9142698582424,-13.5185421992118
137,208_fs3-00009.jpg,37.0047419845746,-14.1590124191972
138,208_fs3-00009.jpg,37.0895033414531,-14.7998922990368
139,208_fs3-00009.jpg,37.1680265248469,-15.4411969635519
140,208_fs3-00009.jpg,37.2397841307252,-16.082941537564
141,208_fs3-00009.jpg,37.3042487550568,-16.7251411458948
142,208_fs3-00009.jpg,37.3608929938109,-17.3678109133657
143,208_fs3-00009.jpg,37.4091894429566,-18.0109659647981
144,208_fs3-00009.jpg,37.4486106984627,-18.6546214250138
145,208_fs3-00009.jpg,37.4786293562984,-19.2987924188341
146,208_fs3-00009.jpg,37.4987180124326,-19.9434940710806
147,208_fs3-00009.jpg,37.5083492628345,-20.5887415065747
148,208_fs3-00009.jpg,37.5078366561636,-21.2345455096844
149,208_fs3-00009.jpg,37.500213039845,-21.8808564977678
150,208_fs3-00009.jpg,37.48600082942,-22.5275806535008
151,208_fs3-00009.jpg,37.4654211959011,-23.174623143673
152,208_fs3-00009.jpg,37.4386953103007,-23.8218891350736
153,208_fs3-00009.jpg,37.4060443436309,-24.4692837944923
154,208_fs3-00009.jpg,37.3676894669042,-25.1167122887182
155,208_fs3-00009.jpg,37.323851851133,-25.7640797845409
156,208_fs3-00009.jpg,37.2747526673295,-26.4112914487498
157,208_fs3-00009.jpg,37.2206130865061,-27.0582524481343
158,208_fs3-00009.jpg,37.1616542796752,-27.7048679494839
159,208_fs3-00009.jpg,37.098097417849,-28.351043119588
160,208_fs3-00009.jpg,37.03016367204,-28.9966831252359
161,208_fs3-00009.jpg,36.9580742132604,-29.6416931332171
162,208_fs3-00009.jpg,36.8820502125226,-30.285978310321
163,208_fs3-00009.jpg,36.802312840839,-30.9294438233372
164,208_fs3-00009.jpg,36.7190832692219,-31.5719948390548
165,208_fs3-00009.jpg,36.6325826686835,-32.2135365242636
166,208_fs3-00009.jpg,36.5430322102364,-32.8539740457527
167,208_fs3-00009.jpg,36.4506530648927,-33.4932125703116
168,208_fs3-00009.jpg,36.3556664036649,-34.1311572647299
169,208_fs3-00009.jpg,36.2582933975652,-34.7677132957968
170,208_fs3-00009.jpg,36.1587552176061,-35.4027858303018
171,208_fs3-00009.jpg,36.0572730347999,-36.0362800350344
172,208_fs3-00009.jpg,35.9540680201588,-36.6681010767839
173,208_fs3-00009.jpg,35.8493613446953,-37.2981541223398
174,208_fs3-00009.jpg,35.7433741794217,-37.9263443384915
175,208_fs3-00009.jpg,35.6330704543337,-38.5525768920284
176,208_fs3-00009.jpg,35.5075299357563,-39.1767569497401
177,208_fs3-00009.jpg,35.366325575745,-39.7987896784157
178,208_fs3-00009.jpg,35.2099956897397,-40.4185802448448
179,208_fs3-00009.jpg,35.0390785931807,-41.0360338158169
180,208_fs3-00009.jpg,34.8541126015081,-41.6510555581213
181,208_fs3-00009.jpg,34.6556360301621,-42.2635506385475
182,208_fs3-00009.jpg,34.4441871945827,-42.8734242238849
183,208_fs3-00009.jpg,34.2203044102101,-43.4805814809228
184,208_fs3-00009.jpg,33.9845259924844,-44.0849275764508
185,208_fs3-00009.jpg,33.7373902568456,-44.6863676772582
186,208_fs3-00009.jpg,33.4794355187341,-45.2848069501346
187,208_fs3-00009.jpg,33.2112000935898,-45.8801505618692
188,208_fs3-00009.jpg,32.9332222968529,-46.4723036792516
189,208_fs3-00009.jpg,32.6460404439635,-47.061171469071
190,208_fs3-00009.jpg,32.3501928503618,-47.6466590981171
191,208_fs3-00009.jpg,32.0462178314878,-48.2286717331791
192,208_fs3-00009.jpg,31.7346537027817,-48.8071145410466
193,208_fs3-00009.jpg,31.4160387796837,-49.3818926885088
194,208_fs3-00009.jpg,31.0909113776337,-49.9529113423553
195,208_fs3-00009.jpg,30.7598098120721,-50.5200756693756
196,208_fs3-00009.jpg,30.4232723984388,-51.0832908363589
197,208_fs3-00009.jpg,30.0818374521741,-51.6424620100948
198,208_fs3-00009.jpg,29.736043288718,-52.1974943573726
199,208_fs3-00009.jpg,29.3864282235106,-52.7482930449817
200,208_fs3-00009.jpg,29.0335305719922,-53.2947632397117
1,208_fs3-00010.jpg,77.6331360946745,49.4271302514127
2,208_fs3-00010.jpg,76.9711640351489,49.7614267554234
3,208_fs3-00010.jpg,76.3107420576534,50.0837851711474
4,208_fs3-00010.jpg,75.6518806342191,50.3942110332557
5,208_fs3-00010.jpg,74.9945902368772,50.6927098764193
6,208_fs3-00010.jpg,74.338881337659,50.9792872353091
7,208_fs3-00010.jpg,73.6847644085956,51.2539486445961
8,208_fs3-00010.jpg,73.0322499217183,51.5166996389512
9,208_fs3-00010.jpg,72.3813483490583,51.7675457530455
10,208_fs3-00010.jpg,71.7320701626467,52.00649252155
11,208_fs3-00010.jpg,71.0844258345148,52.2335454791356
12,208_fs3-00010.jpg,70.4384258366937,52.4487101604733
13,208_fs3-00010.jpg,69.7940806412147,52.651992100234
14,208_fs3-00010.jpg,69.151400720109,52.8433968330888
15,208_fs3-00010.jpg,68.5103965454078,53.0229298937086
16,208_fs3-00010.jpg,67.8710785891423,53.1905968167645
17,208_fs3-00010.jpg,67.2334573233436,53.3464031369273
18,208_fs3-00010.jpg,66.5975432200431,53.4903543888681
19,208_fs3-00010.jpg,65.9633467512718,53.6224561072578
20,208_fs3-00010.jpg,65.330878389061,53.7427138267674
21,208_fs3-00010.jpg,64.700148605442,53.8511330820679
22,208_fs3-00010.jpg,64.0711678724459,53.9477194078303
23,208_fs3-00010.jpg,63.4439466621038,54.0324783387256
24,208_fs3-00010.jpg,62.8184954464471,54.1054154094246
25,208_fs3-00010.jpg,62.1948246975069,54.1665361545985
26,208_fs3-00010.jpg,61.5729448873145,54.2158461089182
27,208_fs3-00010.jpg,60.952866487901,54.2533508070546
28,208_fs3-00010.jpg,60.3345999712976,54.2790557836787
29,208_fs3-00010.jpg,59.7181558095355,54.2929665734616
30,208_fs3-00010.jpg,59.103544474646,54.2950887110741
31,208_fs3-00010.jpg,58.4907764386602,54.2854277311873
32,208_fs3-00010.jpg,57.8798621736094,54.2639891684722
33,208_fs3-00010.jpg,57.2708121515248,54.2307785575997
34,208_fs3-00010.jpg,56.6636368444375,54.1858014332408
35,208_fs3-00010.jpg,56.0583467243787,54.1290633300664
36,208_fs3-00010.jpg,55.4549522633798,54.0605697827477
37,208_fs3-00010.jpg,54.8507028807731,53.9803263259554
38,208_fs3-00010.jpg,54.2323424998194,53.8883384943607
39,208_fs3-00010.jpg,53.5993758465489,53.7846118226344
40,208_fs3-00010.jpg,52.9532638136458,53.6691518454477
41,208_fs3-00010.jpg,52.2954672937943,53.5419640974714
42,208_fs3-00010.jpg,51.6274471796785,53.4030541133764
43,208_fs3-00010.jpg,50.9506643639827,53.2524274278339
44,208_fs3-00010.jpg,50.266579739391,53.0900895755148
45,208_fs3-00010.jpg,49.5766541985877,52.91604609109
46,208_fs3-00010.jpg,48.882348634257,52.7303025092306
47,208_fs3-00010.jpg,48.185123939083,52.5328643646075
48,208_fs3-00010.jpg,47.4864410057498,52.3237371918916
49,208_fs3-00010.jpg,46.7877607269419,52.102926525754
50,208_fs3-00010.jpg,46.0905439953432,51.8704379008657
51,208_fs3-00010.jpg,45.3962517036381,51.6262768518976
52,208_fs3-00010.jpg,44.7063447445107,51.3704489135206
53,208_fs3-00010.jpg,44.0222840106451,51.1029596204059
54,208_fs3-00010.jpg,43.3455303947258,50.8238145072243
55,208_fs3-00010.jpg,42.6775447894366,50.5330191086469
56,208_fs3-00010.jpg,42.019788087462,50.2305789593445
57,208_fs3-00010.jpg,41.373721181486,49.9164995939882
58,208_fs3-00010.jpg,40.7408049641929,49.590786547249
59,208_fs3-00010.jpg,40.1225003282668,49.2534453537979
60,208_fs3-00010.jpg,39.520268166392,48.9044815483057
61,208_fs3-00010.jpg,38.9355693712527,48.5439006654436
62,208_fs3-00010.jpg,38.369864835533,48.1717082398824
63,208_fs3-00010.jpg,37.8246154519172,47.7879098062932
64,208_fs3-00010.jpg,37.3012821130894,47.3925108993469
65,208_fs3-00010.jpg,36.8013257117339,46.9855170537145
66,208_fs3-00010.jpg,36.3262071405347,46.566933804067
67,208_fs3-00010.jpg,35.8773872921761,46.1367666850753
68,208_fs3-00010.jpg,35.4563270593425,45.6950212314105
69,208_fs3-00010.jpg,35.0644873347177,45.2417029777436
70,208_fs3-00010.jpg,34.7033290109862,44.7768174587454
71,208_fs3-00010.jpg,34.3743129808321,44.3003702090869
72,208_fs3-00010.jpg,34.0789001369396,43.8123667634393
73,208_fs3-00010.jpg,33.8185513719928,43.3128126564733
74,208_fs3-00010.jpg,33.5947275786761,42.8017134228601
75,208_fs3-00010.jpg,33.3989429245758,42.2791020534661
76,208_fs3-00010.jpg,33.2065066813906,41.7452623262519
77,208_fs3-00010.jpg,33.0163723019378,41.2006123339131
78,208_fs3-00010.jpg,32.828763564368,40.6455714436503
79,208_fs3-00010.jpg,32.6439042468318,40.0805590226638
80,208_fs3-00010.jpg,32.4620181274799,39.5059944381537
81,208_fs3-00010.jpg,32.2833289844629,38.9222970573206
82,208_fs3-00010.jpg,32.1080605959313,38.3298862473646
83,208_fs3-00010.jpg,31.936436740036,37.7291813754861
84,208_fs3-00010.jpg,31.7686811949274,37.1206018088855
85,208_fs3-00010.jpg,31.6050177387561,36.5045669147631
86,208_fs3-00010.jpg,31.445670149673,35.8814960603192
87,208_fs3-00010.jpg,31.2908622058285,35.2518086127541
88,208_fs3-00010.jpg,31.1408176853733,34.6159239392681
89,208_fs3-00010.jpg,30.9957603664581,33.9742614070616
90,208_fs3-00010.jpg,30.8559140272334,33.327240383335
91,208_fs3-00010.jpg,30.72150244585,32.6752802352884
92,208_fs3-00010.jpg,30.5927494004583,32.0188003301223
93,208_fs3-00010.jpg,30.4698786692092,31.3582200350369
94,208_fs3-00010.jpg,30.353114030253,30.6939587172327
95,208_fs3-00010.jpg,30.2426792617406,30.0264357439099
96,208_fs3-00010.jpg,30.1387981418226,29.3560704822688
97,208_fs3-00010.jpg,30.0416944486495,28.6832822995098
98,208_fs3-00010.jpg,29.9515919603721,28.0084905628332
99,208_fs3-00010.jpg,29.8687144551408,27.3321146394394
100,208_fs3-00010.jpg,29.7932857111065,26.6545738965286
101,208_fs3-00010.jpg,29.7255295064196,25.9762877013011
102,208_fs3-00010.jpg,29.6656696192309,25.2976754209574
103,208_fs3-00010.jpg,29.6139298276909,24.6191564226977
104,208_fs3-00010.jpg,29.5705339099504,23.9411500737224
105,208_fs3-00010.jpg,29.5357056441598,23.2640757412317
106,208_fs3-00010.jpg,29.5096688084699,22.5883527924261
107,208_fs3-00010.jpg,29.4926471810313,21.9144005945057
108,208_fs3-00010.jpg,29.4848645399946,21.2426385146711
109,208_fs3-00010.jpg,29.4861671778558,20.5734594928509
110,208_fs3-00010.jpg,29.495343826856,19.9069582098365
111,208_fs3-00010.jpg,29.5120211710868,19.2430410910514
112,208_fs3-00010.jpg,29.5359043794982,18.581611606462
113,208_fs3-00010.jpg,29.5666986210401,17.9225732260354
114,208_fs3-00010.jpg,29.6041090646625,17.2658294197381
115,208_fs3-00010.jpg,29.6478408793153,16.6112836575371
116,208_fs3-00010.jpg,29.6975992339484,15.9588394093989
117,208_fs3-00010.jpg,29.7530892975118,15.3084001452904
118,208_fs3-00010.jpg,29.8140162389553,14.6598693351784
119,208_fs3-00010.jpg,29.8800852272291,14.0131504490296
120,208_fs3-00010.jpg,29.9510014312828,13.3681469568107
121,208_fs3-00010.jpg,30.0264700200666,12.7247623284885
122,208_fs3-00010.jpg,30.1061961625304,12.0829000340299
123,208_fs3-00010.jpg,30.189885027624,11.4424635434014
124,208_fs3-00010.jpg,30.2772417842974,10.8033563265699
125,208_fs3-00010.jpg,30.3679716015006,10.1654818535022
126,208_fs3-00010.jpg,30.4617796481834,9.52874359416504
127,208_fs3-00010.jpg,30.5583710932959,8.8930450185251
128,208_fs3-00010.jpg,30.657451105788,8.25828959654919
129,208_fs3-00010.jpg,30.7587248546096,7.62438079820407
130,208_fs3-00010.jpg,30.8618975087106,6.99122209345646
131,208_fs3-00010.jpg,30.9666742370409,6.35871695227317
132,208_fs3-00010.jpg,31.0727602085506,5.72676884462095
133,208_fs3-00010.jpg,31.1798605921895,5.09528124046653
134,208_fs3-00010.jpg,31.2876805569076,4.46415760977669
135,208_fs3-00010.jpg,31.3959252716547,3.83330142251819
136,208_fs3-00010.jpg,31.504299905381,3.20261614865777
137,208_fs3-00010.jpg,31.6125096270362,2.57200525816222
138,208_fs3-00010.jpg,31.7202596055704,1.94137222099826
139,208_fs3-00010.jpg,31.8272550099334,1.31062050713265
140,208_fs3-00010.jpg,31.9332010090752,0.679653586532197
141,208_fs3-00010.jpg,32.0378027719457,0.0483749291636002
142,208_fs3-00010.jpg,32.1407654674949,-0.583311995006341
143,208_fs3-00010.jpg,32.2436557029707,-1.21550026111407
144,208_fs3-00010.jpg,32.3562558885162,-1.84821102164605
145,208_fs3-00010.jpg,32.4793973844448,-2.48139746151813
146,208_fs3-00010.jpg,32.6123292754615,-3.1150101025587
147,208_fs3-00010.jpg,32.7543006462714,-3.7489994665961
148,208_fs3-00010.jpg,32.9045605815795,-4.38331607545877
149,208_fs3-00010.jpg,33.0623581660909,-5.01791045097505
150,208_fs3-00010.jpg,33.2269424845106,-5.6527331149733
151,208_fs3-00010.jpg,33.3975626215439,-6.28773458928188
152,208_fs3-00010.jpg,33.5734676618957,-6.92286539572919
153,208_fs3-00010.jpg,33.7539066902711,-7.55807605614359
154,208_fs3-00010.jpg,33.9381287913752,-8.19331709235345
155,208_fs3-00010.jpg,34.1253830499131,-8.82853902618717
156,208_fs3-00010.jpg,34.3149185505897,-9.46369237947309
157,208_fs3-00010.jpg,34.5059843781103,-10.0987276740396
158,208_fs3-00010.jpg,34.6978296171799,-10.733595431715
159,208_fs3-00010.jpg,34.8897033525035,-11.3682461743277
160,208_fs3-00010.jpg,35.0808546687862,-12.0026304237062
161,208_fs3-00010.jpg,35.2705326507332,-12.6366987016787
162,208_fs3-00010.jpg,35.4579863830494,-13.2704015300737
163,208_fs3-00010.jpg,35.6424649504399,-13.9036894307194
164,208_fs3-00010.jpg,35.82321743761,-14.5365129254443
165,208_fs3-00010.jpg,35.9994929292644,-15.1688225360768
166,208_fs3-00010.jpg,36.1705405101085,-15.8005687844452
167,208_fs3-00010.jpg,36.3356092648472,-16.4317021923779
168,208_fs3-00010.jpg,36.4939482781856,-17.0621732817032
169,208_fs3-00010.jpg,36.6448066348288,-17.6919325742496
170,208_fs3-00010.jpg,36.7874334194818,-18.3209305918454
171,208_fs3-00010.jpg,36.9210777168498,-18.9491178563189
172,208_fs3-00010.jpg,37.0449886116378,-19.5764448894986
173,208_fs3-00010.jpg,37.158415188551,-20.2028622132129
174,208_fs3-00010.jpg,37.2606065322942,-20.82832034929
175,208_fs3-00010.jpg,37.3508117275727,-21.4527698195584
176,208_fs3-00010.jpg,37.4282798590915,-22.0761611458464
177,208_fs3-00010.jpg,37.4922600115556,-22.6984448499825
178,208_fs3-00010.jpg,37.5420012696703,-23.3195714537949
179,208_fs3-00010.jpg,37.5767527181404,-23.939491479112
180,208_fs3-00010.jpg,37.5957634416712,-24.5581554477622
181,208_fs3-00010.jpg,37.5971438068663,-25.175513881574
182,208_fs3-00010.jpg,37.5673304492395,-25.7915173023756
183,208_fs3-00010.jpg,37.5039577836395,-26.4061162319955
184,208_fs3-00010.jpg,37.4087892744211,-27.019261192262
185,208_fs3-00010.jpg,37.2835883859394,-27.6309027050034
186,208_fs3-00010.jpg,37.1301185825495,-28.2409912920482
187,208_fs3-00010.jpg,36.9501433286064,-28.8494774752247
188,208_fs3-00010.jpg,36.7454260884651,-29.4563117763613
189,208_fs3-00010.jpg,36.5177303264805,-30.0614447172864
190,208_fs3-00010.jpg,36.2688195070079,-30.6648268198283
191,208_fs3-00010.jpg,36.0004570944021,-31.2664086058154
192,208_fs3-00010.jpg,35.7144065530182,-31.8661405970761
193,208_fs3-00010.jpg,35.4124313472112,-32.4639733154387
194,208_fs3-00010.jpg,35.0962949413361,-33.0598572827317
195,208_fs3-00010.jpg,34.767760799748,-33.6537430207833
196,208_fs3-00010.jpg,34.4285923868019,-34.245581051422
197,208_fs3-00010.jpg,34.0805531668528,-34.8353218964761
198,208_fs3-00010.jpg,33.7254066042556,-35.422916077774
199,208_fs3-00010.jpg,33.3649161633656,-36.0083141171442
200,208_fs3-00010.jpg,33.0008453085376,-36.5914665364149
1,208_fs3-00011.jpg,87.5739644970415,36.6686067236584
2,208_fs3-00011.jpg,87.1484881980344,37.017667019891
3,208_fs3-00011.jpg,86.7195213463324,37.3717550654465
4,208_fs3-00011.jpg,86.2871025937512,37.7305599540582
5,208_fs3-00011.jpg,85.8512705921066,38.0937707794596
6,208_fs3-00011.jpg,85.4120639932143,38.4610766353838
7,208_fs3-00011.jpg,84.9695214488903,38.8321666155643
8,208_fs3-00011.jpg,84.5236816109502,39.2067298137344
9,208_fs3-00011.jpg,84.0745831312099,39.5844553236274
10,208_fs3-00011.jpg,83.6222646614852,39.9650322389766
11,208_fs3-00011.jpg,83.1667648535919,40.3481496535153
12,208_fs3-00011.jpg,82.7081223593457,40.7334966609769
13,208_fs3-00011.jpg,82.2463758305624,41.1207623550947
14,208_fs3-00011.jpg,81.7815639190579,41.509635829602
15,208_fs3-00011.jpg,81.3137252766479,41.8998061782322
16,208_fs3-00011.jpg,80.8428985551483,42.2909624947185
17,208_fs3-00011.jpg,80.3691224063747,42.6827938727943
18,208_fs3-00011.jpg,79.8924354821431,43.0749894061929
19,208_fs3-00011.jpg,79.4128764342692,43.4672381886477
20,208_fs3-00011.jpg,78.9304839145688,43.859229313892
21,208_fs3-00011.jpg,78.4452965748577,44.2506518756591
22,208_fs3-00011.jpg,77.9573530669517,44.6411949676823
23,208_fs3-00011.jpg,77.4666920426665,45.0305476836949
24,208_fs3-00011.jpg,76.973352153818,45.4183991174303
25,208_fs3-00011.jpg,76.4773720522219,45.8044383626218
26,208_fs3-00011.jpg,75.9787903896942,46.1883545130027
27,208_fs3-00011.jpg,75.4776458180505,46.5698366623064
28,208_fs3-00011.jpg,74.9739769891066,46.9485739042662
29,208_fs3-00011.jpg,74.4678225546783,47.3242553326153
30,208_fs3-00011.jpg,73.9592211665815,47.6965700410872
31,208_fs3-00011.jpg,73.4482114766319,48.0652071234151
32,208_fs3-00011.jpg,72.9348321366454,48.4298556733325
33,208_fs3-00011.jpg,72.4191217984376,48.7902047845725
34,208_fs3-00011.jpg,71.9011191138244,49.1459435508685
35,208_fs3-00011.jpg,71.3808627346216,49.4967610659539
36,208_fs3-00011.jpg,70.858391312645,49.842346423562
37,208_fs3-00011.jpg,70.3337434997104,50.1823887174261
38,208_fs3-00011.jpg,69.8069579476336,50.5165770412795
39,208_fs3-00011.jpg,69.2780733082303,50.8446004888555
40,208_fs3-00011.jpg,68.7471282333164,51.1661481538876
41,208_fs3-00011.jpg,68.2141613747076,51.4809091301089
42,208_fs3-00011.jpg,67.6792113842198,51.7885725112529
43,208_fs3-00011.jpg,67.1423169136687,52.0888273910529
44,208_fs3-00011.jpg,66.6035166148702,52.3813628632421
45,208_fs3-00011.jpg,66.0628491396399,52.6658680215539
46,208_fs3-00011.jpg,65.5203531397938,52.9420319597217
47,208_fs3-00011.jpg,64.9760672671476,53.2095437714787
48,208_fs3-00011.jpg,64.4299624909805,53.4680925505583
49,208_fs3-00011.jpg,63.8758069568008,53.7173673906938
50,208_fs3-00011.jpg,63.3101310460047,53.9570573856185
51,208_fs3-00011.jpg,62.7338086544137,54.1868516290658
52,208_fs3-00011.jpg,62.1477136778493,54.406439214769
53,208_fs3-00011.jpg,61.552720012133,54.6155092364614
54,208_fs3-00011.jpg,60.9497015530862,54.8137507878763
55,208_fs3-00011.jpg,60.3395321965305,55.0008529627471
56,208_fs3-00011.jpg,59.7230858382873,55.1765048548071
57,208_fs3-00011.jpg,59.101236374178,55.3403955577896
58,208_fs3-00011.jpg,58.4748577000243,55.4922141654279
59,208_fs3-00011.jpg,57.8448237116475,55.6316497714554
60,208_fs3-00011.jpg,57.2120083048691,55.7583914696054
61,208_fs3-00011.jpg,56.5772853755107,55.8721283536112
62,208_fs3-00011.jpg,55.9415288193936,55.9725495172061
63,208_fs3-00011.jpg,55.3056125323394,56.0593440541235
64,208_fs3-00011.jpg,54.6704104101696,56.1322010580967
65,208_fs3-00011.jpg,54.0367963487056,56.190809622859
66,208_fs3-00011.jpg,53.405644243769,56.2348588421438
67,208_fs3-00011.jpg,52.7778279911811,56.2640378096843
68,208_fs3-00011.jpg,52.1542214867636,56.2780356192139
69,208_fs3-00011.jpg,51.5356986263378,56.2765413644659
70,208_fs3-00011.jpg,50.9231333057252,56.2592441391736
71,208_fs3-00011.jpg,50.3173994207474,56.2258330370704
72,208_fs3-00011.jpg,49.7193708672258,56.1759971518896
73,208_fs3-00011.jpg,49.1299215409819,56.1094255773646
74,208_fs3-00011.jpg,48.5499253378371,56.0258074072286
75,208_fs3-00011.jpg,47.980256153613,55.9248317352149
76,208_fs3-00011.jpg,47.4217878841309,55.806187655057
77,208_fs3-00011.jpg,46.8753944252126,55.669564260488
78,208_fs3-00011.jpg,46.3390609237325,55.5146722288711
79,208_fs3-00011.jpg,45.7998274736991,55.3416041222117
80,208_fs3-00011.jpg,45.2566968382484,55.150779871843
81,208_fs3-00011.jpg,44.7104674374472,54.9426300085108
82,208_fs3-00011.jpg,44.1619376913623,54.7175850629614
83,208_fs3-00011.jpg,43.6119060200605,54.4760755659409
84,208_fs3-00011.jpg,43.0611708436086,54.2185320481952
85,208_fs3-00011.jpg,42.5105305820733,53.9453850404706
86,208_fs3-00011.jpg,41.9607836555215,53.657065073513
87,208_fs3-00011.jpg,41.4127284840201,53.3540026780686
88,208_fs3-00011.jpg,40.8671634876357,53.0366283848835
89,208_fs3-00011.jpg,40.3248870864351,52.7053727247038
90,208_fs3-00011.jpg,39.7866977004853,52.3606662282754
91,208_fs3-00011.jpg,39.2533937498529,52.0029394263447
92,208_fs3-00011.jpg,38.7257736546048,51.6326228496575
93,208_fs3-00011.jpg,38.2046358348077,51.25014702896
94,208_fs3-00011.jpg,37.6907787105285,50.8559424949983
95,208_fs3-00011.jpg,37.185000701834,50.4504397785185
96,208_fs3-00011.jpg,36.688100228791,50.0340694102667
97,208_fs3-00011.jpg,36.2008757114662,49.6072619209889
98,208_fs3-00011.jpg,35.7241255699264,49.1704478414313
99,208_fs3-00011.jpg,35.2586482242385,48.7240577023399
100,208_fs3-00011.jpg,34.8052420944692,48.2685220344609
101,208_fs3-00011.jpg,34.3647056006855,47.8042713685402
102,208_fs3-00011.jpg,33.9378371629539,47.3317362353241
103,208_fs3-00011.jpg,33.5254352013413,46.8513471655585
104,208_fs3-00011.jpg,33.1282981359146,46.3635346899896
105,208_fs3-00011.jpg,32.7472243867406,45.8687293393635
106,208_fs3-00011.jpg,32.3830123738859,45.3673616444262
107,208_fs3-00011.jpg,32.0364605174175,44.8598621359239
108,208_fs3-00011.jpg,31.7083672374022,44.3466613446026
109,208_fs3-00011.jpg,31.3995309539067,43.8281898012084
110,208_fs3-00011.jpg,31.110695002296,43.3048780193817
111,208_fs3-00011.jpg,30.8294484112546,42.7770918528238
112,208_fs3-00011.jpg,30.5464337162328,42.2449864022346
113,208_fs3-00011.jpg,30.2624576924841,41.7086739007627
114,208_fs3-00011.jpg,29.9783271152618,41.1682665815569
115,208_fs3-00011.jpg,29.6948487598194,40.6238766777659
116,208_fs3-00011.jpg,29.4128294014103,40.0756164225383
117,208_fs3-00011.jpg,29.1330758152878,39.5235980490229
118,208_fs3-00011.jpg,28.8563947767055,38.9679337903684
119,208_fs3-00011.jpg,28.5835930609167,38.4087358797234
120,208_fs3-00011.jpg,28.3154774431747,37.8461165502368
121,208_fs3-00011.jpg,28.0528546987331,37.2801880350571
122,208_fs3-00011.jpg,27.7965316028452,36.7110625673331
123,208_fs3-00011.jpg,27.5473149307645,36.1388523802135
124,208_fs3-00011.jpg,27.3060114577443,35.563669706847
125,208_fs3-00011.jpg,27.073427959038,34.9856267803823
126,208_fs3-00011.jpg,26.8503712098992,34.404835833968
127,208_fs3-00011.jpg,26.6376479855811,33.821409100753
128,208_fs3-00011.jpg,26.4360650613372,33.2354588138859
129,208_fs3-00011.jpg,26.2464292124208,32.6470972065154
130,208_fs3-00011.jpg,26.0695472140854,32.0564365117903
131,208_fs3-00011.jpg,25.9062258415846,31.4635889628591
132,208_fs3-00011.jpg,25.7572718701715,30.8686667928707
133,208_fs3-00011.jpg,25.6234920750995,30.2717822349736
134,208_fs3-00011.jpg,25.5056932316223,29.6730475223168
135,208_fs3-00011.jpg,25.4046821149931,29.0725748880487
136,208_fs3-00011.jpg,25.3212655004653,28.4704765653181
137,208_fs3-00011.jpg,25.2562501632924,27.8668647872738
138,208_fs3-00011.jpg,25.2104428787278,27.2618517870645
139,208_fs3-00011.jpg,25.1846504220248,26.6555497978388
140,208_fs3-00011.jpg,25.1789847912489,26.0480710284079
141,208_fs3-00011.jpg,25.180309088144,25.4395251438618
142,208_fs3-00011.jpg,25.1833458893173,24.8300170712729
143,208_fs3-00011.jpg,25.1880734572417,24.2196512205508
144,208_fs3-00011.jpg,25.1944700543901,23.6085320016052
145,208_fs3-00011.jpg,25.2025139432358,22.9967638243457
146,208_fs3-00011.jpg,25.2121833862515,22.3844510986822
147,208_fs3-00011.jpg,25.2234566459102,21.7716982345243
148,208_fs3-00011.jpg,25.236311984685,21.1586096417815
149,208_fs3-00011.jpg,25.2507276650488,20.5452897303638
150,208_fs3-00011.jpg,25.2666819494746,19.9318429101807
151,208_fs3-00011.jpg,25.2841531004354,19.318373591142
152,208_fs3-00011.jpg,25.3031193804042,18.7049861831573
153,208_fs3-00011.jpg,25.323559051854,18.0917850961363
154,208_fs3-00011.jpg,25.3454503772576,17.4788747399888
155,208_fs3-00011.jpg,25.3687716190882,16.8663595246244
156,208_fs3-00011.jpg,25.3935010398188,16.2543438599528
157,208_fs3-00011.jpg,25.4196169019222,15.6429321558838
158,208_fs3-00011.jpg,25.4470974678714,15.0322288223269
159,208_fs3-00011.jpg,25.4759210001395,14.4223382691919
160,208_fs3-00011.jpg,25.5060657611995,13.8133649063885
161,208_fs3-00011.jpg,25.5375100135242,13.2054131438263
162,208_fs3-00011.jpg,25.5702320195868,12.5985873914152
163,208_fs3-00011.jpg,25.6042100418601,11.9929920590648
164,208_fs3-00011.jpg,25.6394223428172,11.3887315566847
165,208_fs3-00011.jpg,25.6758471849311,10.7859102941846
166,208_fs3-00011.jpg,25.7134628306746,10.1846326814743
167,208_fs3-00011.jpg,25.7522475425209,9.58500312846343
168,208_fs3-00011.jpg,25.7921795829428,8.9871260450617
169,208_fs3-00011.jpg,25.8332372144135,8.39110584117881
170,208_fs3-00011.jpg,25.8753986994058,7.79704692672442
171,208_fs3-00011.jpg,25.9205523738403,7.20505371160826
172,208_fs3-00011.jpg,25.9843783618381,6.61523060574001
173,208_fs3-00011.jpg,26.0697578783195,6.02768201902936
174,208_fs3-00011.jpg,26.1759554674761,5.44251236138601
175,208_fs3-00011.jpg,26.3022356734991,4.85982604271965
176,208_fs3-00011.jpg,26.4478630405802,4.27972747293995
177,208_fs3-00011.jpg,26.6121021129107,3.70232106195664
178,208_fs3-00011.jpg,26.794217434682,3.12771121967941
179,208_fs3-00011.jpg,26.9934735500856,2.55600235601793
180,208_fs3-00011.jpg,27.209135003313,1.98729888088189
181,208_fs3-00011.jpg,27.4404663385555,1.42170520418102
182,208_fs3-00011.jpg,27.6867321000046,0.859325735824967
183,208_fs3-00011.jpg,27.9471968318517,0.300264885723493
184,208_fs3-00011.jpg,28.2211250782883,-0.255372936213803
185,208_fs3-00011.jpg,28.5077813835057,-0.807483320077154
186,208_fs3-00011.jpg,28.8064302916956,-1.35596185595688
187,208_fs3-00011.jpg,29.1163363470492,-1.90070413394332
188,208_fs3-00011.jpg,29.436764093758,-2.44160574412672
189,208_fs3-00011.jpg,29.7669780760135,-2.97856227659744
190,208_fs3-00011.jpg,30.1062428380069,-3.51146932144582
191,208_fs3-00011.jpg,30.45382292393,-4.04022246876207
192,208_fs3-00011.jpg,30.808982877974,-4.56471730863655
193,208_fs3-00011.jpg,31.1709872443304,-5.08484943115957
194,208_fs3-00011.jpg,31.5391005671905,-5.60051442642143
195,208_fs3-00011.jpg,31.912587390746,-6.11160788451244
196,208_fs3-00011.jpg,32.2907122591881,-6.61802539552289
197,208_fs3-00011.jpg,32.6727397167084,-7.11966254954308
198,208_fs3-00011.jpg,33.0579343074982,-7.61641493666335
199,208_fs3-00011.jpg,33.4455605757491,-8.10817814697401
200,208_fs3-00011.jpg,33.8348830656523,-8.59484777056534
1,208_fs3-00012.jpg,90.7297830374754,24.135498805935
2,208_fs3-00012.jpg,90.4954523110028,24.634080367945
3,208_fs3-00012.jpg,90.2544308322408,25.1379943147303
4,208_fs3-00012.jpg,90.006815501408,25.6469695433803
5,208_fs3-00012.jpg,89.7527032187232,26.1607349509841
6,208_fs3-00012.jpg,89.4921908844051,26.6790194346311
7,208_fs3-00012.jpg,89.2253753986724,27.2015518914105
8,208_fs3-00012.jpg,88.9523536617439,27.7280612184117
9,208_fs3-00012.jpg,88.6732225738381,28.2582763127238
10,208_fs3-00012.jpg,88.3880790351739,28.7919260714362
11,208_fs3-00012.jpg,88.0970199459699,29.3287393916382
12,208_fs3-00012.jpg,87.8001422064448,29.868445170419
13,208_fs3-00012.jpg,87.4975427168174,30.4107723048679
14,208_fs3-00012.jpg,87.1893183773064,30.9554496920742
15,208_fs3-00012.jpg,86.8755660881305,31.5022062291271
16,208_fs3-00012.jpg,86.5563827495083,32.0507708131159
17,208_fs3-00012.jpg,86.2318652616586,32.60087234113
18,208_fs3-00012.jpg,85.9021105248002,33.1522397102585
19,208_fs3-00012.jpg,85.5672154391517,33.7046018175908
20,208_fs3-00012.jpg,85.2272769049317,34.2576875602161
21,208_fs3-00012.jpg,84.8823918223592,34.8112258352238
22,208_fs3-00012.jpg,84.5326570916527,35.3649455397031
23,208_fs3-00012.jpg,84.1781696130309,35.9185755707432
24,208_fs3-00012.jpg,83.8190262867126,36.4718448254334
25,208_fs3-00012.jpg,83.4553240129164,37.0244822008631
26,208_fs3-00012.jpg,83.0871596918612,37.5762165941215
27,208_fs3-00012.jpg,82.7146302237655,38.1267769022978
28,208_fs3-00012.jpg,82.3378325088482,38.6758920224814
29,208_fs3-00012.jpg,81.9568634473279,39.2232908517615
30,208_fs3-00012.jpg,81.5718199394233,39.7687022872274
31,208_fs3-00012.jpg,81.1827988853531,40.3118552259684
32,208_fs3-00012.jpg,80.7898971853361,40.8524785650738
33,208_fs3-00012.jpg,80.3932117395909,41.3903012016328
34,208_fs3-00012.jpg,79.9928394483363,41.9250520327347
35,208_fs3-00012.jpg,79.588877211791,42.4564599554688
36,208_fs3-00012.jpg,79.1814219301737,42.9842538669243
37,208_fs3-00012.jpg,78.770570503703,43.5081626641906
38,208_fs3-00012.jpg,78.3564198325977,44.0279152443569
39,208_fs3-00012.jpg,77.9390668170766,44.5432405045125
40,208_fs3-00012.jpg,77.5186083573583,45.0538673417467
41,208_fs3-00012.jpg,77.0951413536615,45.5595246531487
42,208_fs3-00012.jpg,76.668762706205,46.0599413358079
43,208_fs3-00012.jpg,76.2395693152073,46.5548462868134
44,208_fs3-00012.jpg,75.8076580808874,47.0439684032546
45,208_fs3-00012.jpg,75.3731259034639,47.5270365822208
46,208_fs3-00012.jpg,74.9360696831554,48.0037797208012
47,208_fs3-00012.jpg,74.4965863201808,48.4739267160851
48,208_fs3-00012.jpg,74.0527508750198,48.9372064651618
49,208_fs3-00012.jpg,73.5964907602639,49.3933478651205
50,208_fs3-00012.jpg,73.127414112838,49.8420798130506
51,208_fs3-00012.jpg,72.6460496305595,50.2831312060413
52,208_fs3-00012.jpg,72.1529260112457,50.7162309411819
53,208_fs3-00012.jpg,71.648571952714,51.1411079155617
54,208_fs3-00012.jpg,71.1335161527818,51.5574910262698
55,208_fs3-00012.jpg,70.6082873092664,51.9651091703957
56,208_fs3-00012.jpg,70.0734141199852,52.3636912450287
57,208_fs3-00012.jpg,69.5294252827554,52.7529661472578
58,208_fs3-00012.jpg,68.9768494953946,53.1326627741726
59,208_fs3-00012.jpg,68.41621545572,53.5025100228621
60,208_fs3-00012.jpg,67.848051861549,53.8622367904158
61,208_fs3-00012.jpg,67.2728874106991,54.2115719739228
62,208_fs3-00012.jpg,66.6912508009874,54.5502444704725
63,208_fs3-00012.jpg,66.1036707302314,54.8779831771541
64,208_fs3-00012.jpg,65.5106758962485,55.194516991057
65,208_fs3-00012.jpg,64.912794996856,55.4995748092703
66,208_fs3-00012.jpg,64.3105567298712,55.7928855288834
67,208_fs3-00012.jpg,63.7044897931115,56.0741780469855
68,208_fs3-00012.jpg,63.0951228843944,56.3431812606659
69,208_fs3-00012.jpg,62.482984701537,56.599624067014
70,208_fs3-00012.jpg,61.8686039423569,56.8432353631189
71,208_fs3-00012.jpg,61.2525093046713,57.0737440460699
72,208_fs3-00012.jpg,60.6352294862977,57.2908790129564
73,208_fs3-00012.jpg,60.0172931850533,57.4943691608675
74,208_fs3-00012.jpg,59.3992290987557,57.6839433868927
75,208_fs3-00012.jpg,58.7815659252219,57.8593305881211
76,208_fs3-00012.jpg,58.1648323622695,58.020259661642
77,208_fs3-00012.jpg,57.5495571077159,58.1664595045447
78,208_fs3-00012.jpg,56.9362688593783,58.2976590139185
79,208_fs3-00012.jpg,56.3254963150742,58.4135870868527
80,208_fs3-00012.jpg,55.7177681726208,58.5139726204364
81,208_fs3-00012.jpg,55.1136131298356,58.5985445117592
82,208_fs3-00012.jpg,54.5135598845359,58.6670316579101
83,208_fs3-00012.jpg,53.9181371345392,58.7191629559784
84,208_fs3-00012.jpg,53.3278735776626,58.7546673030535
85,208_fs3-00012.jpg,52.7375812937652,58.7733172205435
86,208_fs3-00012.jpg,52.1369305353826,58.7751903255393
87,208_fs3-00012.jpg,51.5266264600876,58.7604944865623
88,208_fs3-00012.jpg,50.9076625119337,58.7294380595354
89,208_fs3-00012.jpg,50.281032134974,58.6822294003814
90,208_fs3-00012.jpg,49.647728773262,58.6190768650232
91,208_fs3-00012.jpg,49.0087458708509,58.5401888093838
92,208_fs3-00012.jpg,48.365076871794,58.445773589386
93,208_fs3-00012.jpg,47.7177152201447,58.3360395609527
94,208_fs3-00012.jpg,47.0676543599562,58.2111950800068
95,208_fs3-00012.jpg,46.4158877352819,58.0714485024712
96,208_fs3-00012.jpg,45.763408790175,57.9170081842687
97,208_fs3-00012.jpg,45.111210968689,57.7480824813223
98,208_fs3-00012.jpg,44.4602877148769,57.5648797495548
99,208_fs3-00012.jpg,43.8116324727923,57.3676083448892
100,208_fs3-00012.jpg,43.1662386864884,57.1564766232483
101,208_fs3-00012.jpg,42.5250998000184,56.931692940555
102,208_fs3-00012.jpg,41.8892092574358,56.6934656527321
103,208_fs3-00012.jpg,41.2595605027938,56.4420031157027
104,208_fs3-00012.jpg,40.6371469801457,56.1775136853895
105,208_fs3-00012.jpg,40.0229621335449,55.9002057177155
106,208_fs3-00012.jpg,39.4179994070445,55.6102875686035
107,208_fs3-00012.jpg,38.823252244698,55.3079675939764
108,208_fs3-00012.jpg,38.2397140905587,54.9934541497572
109,208_fs3-00012.jpg,37.6683783886799,54.6669555918686
110,208_fs3-00012.jpg,37.1102385831147,54.3286802762337
111,208_fs3-00012.jpg,36.5662881179167,53.9788365587752
112,208_fs3-00012.jpg,36.0375204371391,53.6176327954161
113,208_fs3-00012.jpg,35.5249289848351,53.2452773420792
114,208_fs3-00012.jpg,35.0295072050581,52.8619785546875
115,208_fs3-00012.jpg,34.5522485418614,52.4679447891638
116,208_fs3-00012.jpg,34.0941464392984,52.063384401431
117,208_fs3-00012.jpg,33.6501157644255,51.6485069868305
118,208_fs3-00012.jpg,33.1981667998067,51.2235393302013
119,208_fs3-00012.jpg,32.737730274519,50.7887207880023
120,208_fs3-00012.jpg,32.2705493638296,50.344291004104
121,208_fs3-00012.jpg,31.7983672430057,49.8904896223768
122,208_fs3-00012.jpg,31.3229270873147,49.4275562866914
123,208_fs3-00012.jpg,30.8459720720236,48.9557306409182
124,208_fs3-00012.jpg,30.3692453724,48.4752523289277
125,208_fs3-00012.jpg,29.8944901637108,47.9863609945904
126,208_fs3-00012.jpg,29.4234496212234,47.4892962817768
127,208_fs3-00012.jpg,28.9578669202052,46.9842978343575
128,208_fs3-00012.jpg,28.4994852359231,46.4716052962029
129,208_fs3-00012.jpg,28.0500477436447,45.9514583111836
130,208_fs3-00012.jpg,27.611297618637,45.42409652317
131,208_fs3-00012.jpg,27.1849780361674,44.8897595760328
132,208_fs3-00012.jpg,26.7728321715031,44.3486871136423
133,208_fs3-00012.jpg,26.3766031999112,43.8011187798691
134,208_fs3-00012.jpg,25.9980342966592,43.2472942185836
135,208_fs3-00012.jpg,25.6388686370143,42.6874530736565
136,208_fs3-00012.jpg,25.3008493962436,42.1218349889582
137,208_fs3-00012.jpg,24.9857197496144,41.5506796083592
138,208_fs3-00012.jpg,24.6952228723941,40.9742265757301
139,208_fs3-00012.jpg,24.4311019398497,40.3927155349412
140,208_fs3-00012.jpg,24.1951001272487,39.8063861298632
141,208_fs3-00012.jpg,23.9889606098582,39.2154780043666
142,208_fs3-00012.jpg,23.8144265629454,38.6202308023218
143,208_fs3-00012.jpg,23.6732411617777,38.0208841675993
144,208_fs3-00012.jpg,23.5671475816222,37.4176777440698
145,208_fs3-00012.jpg,23.4978889977463,36.8108511756036
146,208_fs3-00012.jpg,23.4672085854172,36.2006441060713
147,208_fs3-00012.jpg,23.4657650042266,35.5872901352578
148,208_fs3-00012.jpg,23.4657650042266,34.9709672452774
149,208_fs3-00012.jpg,23.4657650042266,34.3518234522421
150,208_fs3-00012.jpg,23.4657650042266,33.7300064820841
151,208_fs3-00012.jpg,23.4657650042266,33.1056640607357
152,208_fs3-00012.jpg,23.4657650042266,32.4789439141288
153,208_fs3-00012.jpg,23.4657650042266,31.8499937681957
154,208_fs3-00012.jpg,23.4657650042266,31.2189613488684
155,208_fs3-00012.jpg,23.4657650042266,30.5859943820792
156,208_fs3-00012.jpg,23.4657650042266,29.95124059376
157,208_fs3-00012.jpg,23.4657650042266,29.3148477098432
158,208_fs3-00012.jpg,23.4657650042266,28.6769634562608
159,208_fs3-00012.jpg,23.4657650042266,28.0377355589449
160,208_fs3-00012.jpg,23.4657650042266,27.3973117438276
161,208_fs3-00012.jpg,23.4657650042266,26.7558397368412
162,208_fs3-00012.jpg,23.4657650042266,26.1134672639178
163,208_fs3-00012.jpg,23.4657650042266,25.4703420509894
164,208_fs3-00012.jpg,23.4657650042266,24.8266118239882
165,208_fs3-00012.jpg,23.4657650042266,24.1824243088464
166,208_fs3-00012.jpg,23.4657650042266,23.5379272314961
167,208_fs3-00012.jpg,23.4657650042266,22.8932683178694
168,208_fs3-00012.jpg,23.4657650042266,22.2485952938984
169,208_fs3-00012.jpg,23.4657650042266,21.6040558855154
170,208_fs3-00012.jpg,23.4657650042266,20.9597978186523
171,208_fs3-00012.jpg,23.4657650042266,20.3159688192414
172,208_fs3-00012.jpg,23.4657650042266,19.6727166132148
173,208_fs3-00012.jpg,23.4733638064736,19.0301889265046
174,208_fs3-00012.jpg,23.4981363963745,18.388533485043
175,208_fs3-00012.jpg,23.539507323216,17.7478980147621
176,208_fs3-00012.jpg,23.5968564740725,17.108430241594
177,208_fs3-00012.jpg,23.6695637360186,16.4702778914709
178,208_fs3-00012.jpg,23.7570089961287,15.8335886903249
179,208_fs3-00012.jpg,23.8585721414775,15.1985103640882
180,208_fs3-00012.jpg,23.9736330591394,14.5651906386927
181,208_fs3-00012.jpg,24.1015716361889,13.9337772400708
182,208_fs3-00012.jpg,24.2417677597005,13.3044178941546
183,208_fs3-00012.jpg,24.3936013167487,12.6772603268761
184,208_fs3-00012.jpg,24.5564521944081,12.0524522641675
185,208_fs3-00012.jpg,24.7297002797531,11.4301414319609
186,208_fs3-00012.jpg,24.9127254598583,10.8104755561886
187,208_fs3-00012.jpg,25.1049076217981,10.1936023627825
188,208_fs3-00012.jpg,25.305626652647,9.57966957767493
189,208_fs3-00012.jpg,25.5142624394798,8.96882492679791
190,208_fs3-00012.jpg,25.7301948693706,8.36121613608358
191,208_fs3-00012.jpg,25.9528038293942,7.75699093146414
192,208_fs3-00012.jpg,26.1814692066249,7.15629703887166
193,208_fs3-00012.jpg,26.4155708881374,6.5592821842383
194,208_fs3-00012.jpg,26.6544887610061,5.9660940934962
195,208_fs3-00012.jpg,26.8976027123055,5.3768804925775
196,208_fs3-00012.jpg,27.1442926291101,4.7917891074143
197,208_fs3-00012.jpg,27.3939383984945,4.21096766393876
198,208_fs3-00012.jpg,27.6459199075331,3.63456388808302
199,208_fs3-00012.jpg,27.8996170433006,3.06272550577921
200,208_fs3-00012.jpg,28.1544096928712,2.49560024295945
1,208_fs3-00013.jpg,92.1724429416737,15.7951212347883
2,208_fs3-00013.jpg,91.96380454845,16.2297172370749
3,208_fs3-00013.jpg,91.7524901373114,16.6744396926674
4,208_fs3-00013.jpg,91.5385269185193,17.1289897818217
5,208_fs3-00013.jpg,91.3219421023349,17.5930686847935
6,208_fs3-00013.jpg,91.1027628990196,18.0663775818388
7,208_fs3-00013.jpg,90.8810165188347,18.5486176532134
8,208_fs3-00013.jpg,90.6567301720415,19.0394900791732
9,208_fs3-00013.jpg,90.4299310689013,19.5386960399741
10,208_fs3-00013.jpg,90.2006464196755,20.0459367158719
11,208_fs3-00013.jpg,89.9689034346254,20.5609132871225
12,208_fs3-00013.jpg,89.7347293240121,21.0833269339818
13,208_fs3-00013.jpg,89.4981512980972,21.6128788367056
14,208_fs3-00013.jpg,89.2591965671418,22.1492701755498
15,208_fs3-00013.jpg,89.0178923414074,22.6922021307702
16,208_fs3-00013.jpg,88.7742658311551,23.2413758826228
17,208_fs3-00013.jpg,88.5283442466464,23.7964926113634
18,208_fs3-00013.jpg,88.2801547981425,24.3572534972479
19,208_fs3-00013.jpg,88.0297246959049,24.923359720532
20,208_fs3-00013.jpg,87.7770811501946,25.4945124614718
21,208_fs3-00013.jpg,87.5222513712731,26.0704129003231
22,208_fs3-00013.jpg,87.2652625694018,26.6507622173417
23,208_fs3-00013.jpg,87.0061419548418,27.2352615927834
24,208_fs3-00013.jpg,86.7449167378546,27.8236122069043
25,208_fs3-00013.jpg,86.4816141287014,28.4155152399601
26,208_fs3-00013.jpg,86.2162613376436,29.0106718722066
27,208_fs3-00013.jpg,85.9488855749424,29.6087832838999
28,208_fs3-00013.jpg,85.6795140508592,30.2095506552957
29,208_fs3-00013.jpg,85.4081739756552,30.8126751666499
30,208_fs3-00013.jpg,85.1348925595919,31.4178579982183
31,208_fs3-00013.jpg,84.8596970129306,32.0248003302569
32,208_fs3-00013.jpg,84.5826145459324,32.6332033430214
33,208_fs3-00013.jpg,84.3036723688588,33.2427682167679
34,208_fs3-00013.jpg,84.022897691971,33.8531961317521
35,208_fs3-00013.jpg,83.7403177255304,34.4641882682299
36,208_fs3-00013.jpg,83.4559596797984,35.0754458064572
37,208_fs3-00013.jpg,83.169850765036,35.6866699266897
38,208_fs3-00013.jpg,82.8820181915048,36.2975618091835
39,208_fs3-00013.jpg,82.5924891694661,36.9078226341944
40,208_fs3-00013.jpg,82.301290909181,37.5171535819782
41,208_fs3-00013.jpg,82.0088296120801,38.1252558327908
42,208_fs3-00013.jpg,81.7157082755359,38.7318305668881
43,208_fs3-00013.jpg,81.4217757777538,39.3365789645259
44,208_fs3-00013.jpg,81.1268661337726,39.9392022059601
45,208_fs3-00013.jpg,80.8308133586313,40.5394014714466
46,208_fs3-00013.jpg,80.5334514673685,41.1368779412413
47,208_fs3-00013.jpg,80.2346144750231,41.7313327955999
48,208_fs3-00013.jpg,79.9341363966339,42.3224672147784
49,208_fs3-00013.jpg,79.6318512472398,42.9099823790326
50,208_fs3-00013.jpg,79.3275930418794,43.4935794686185
51,208_fs3-00013.jpg,79.0211957955916,44.0729596637918
52,208_fs3-00013.jpg,78.7124935234152,44.6478241448085
53,208_fs3-00013.jpg,78.4013202403892,45.2178740919244
54,208_fs3-00013.jpg,78.0875099615521,45.7828106853953
55,208_fs3-00013.jpg,77.7708967019429,46.3423351054772
56,208_fs3-00013.jpg,77.4513144766004,46.8961485324259
57,208_fs3-00013.jpg,77.1285973005633,47.4439521464972
58,208_fs3-00013.jpg,76.8025791888705,47.9854471279471
59,208_fs3-00013.jpg,76.4730941565609,48.5203346570314
60,208_fs3-00013.jpg,76.1399762186731,49.0483159140061
61,208_fs3-00013.jpg,75.803059390246,49.5690920791268
62,208_fs3-00013.jpg,75.4621776863185,50.0823643326495
63,208_fs3-00013.jpg,75.1171651219292,50.5878338548301
64,208_fs3-00013.jpg,74.7678557121171,51.0852018259245
65,208_fs3-00013.jpg,74.4140834719209,51.5741694261884
66,208_fs3-00013.jpg,74.0556824163796,52.0544378358779
67,208_fs3-00013.jpg,73.6924865605317,52.5257082352487
68,208_fs3-00013.jpg,73.3243299194162,52.9876818045566
69,208_fs3-00013.jpg,72.951046508072,53.4400597240577
70,208_fs3-00013.jpg,72.5724703415376,53.8825431740077
71,208_fs3-00013.jpg,72.1884354348521,54.3148333346626
72,208_fs3-00013.jpg,71.7987758030542,54.736631386278
73,208_fs3-00013.jpg,71.4033254611827,55.1476385091101
74,208_fs3-00013.jpg,71.0019184242765,55.5475558834146
75,208_fs3-00013.jpg,70.5943887073742,55.9360846894473
76,208_fs3-00013.jpg,70.1805703255149,56.3129261074642
77,208_fs3-00013.jpg,69.7602972937371,56.677781317721
78,208_fs3-00013.jpg,69.3334036270798,57.0303515004738
79,208_fs3-00013.jpg,68.8997233405818,57.3703378359783
80,208_fs3-00013.jpg,68.4588125787714,57.697442082834
81,208_fs3-00013.jpg,68.0018352131288,58.0114847958456
82,208_fs3-00013.jpg,67.5254096783604,58.3125497315264
83,208_fs3-00013.jpg,67.0305940532067,58.6007559746005
84,208_fs3-00013.jpg,66.5184464164082,58.8762226097918
85,208_fs3-00013.jpg,65.9900248467051,59.1390687218245
86,208_fs3-00013.jpg,65.4463874228382,59.3894133954226
87,208_fs3-00013.jpg,64.8885922235478,59.6273757153102
88,208_fs3-00013.jpg,64.3176973275744,59.8530747662112
89,208_fs3-00013.jpg,63.7347608136583,60.0666296328498
90,208_fs3-00013.jpg,63.1408407605403,60.26815939995
91,208_fs3-00013.jpg,62.5369952469607,60.4577831522359
92,208_fs3-00013.jpg,61.9242823516598,60.6356199744315
93,208_fs3-00013.jpg,61.3037601533783,60.8017889512608
94,208_fs3-00013.jpg,60.6764867308567,60.956409167448
95,208_fs3-00013.jpg,60.0435201628352,61.0995997077169
96,208_fs3-00013.jpg,59.4059185280545,61.2314796567919
97,208_fs3-00013.jpg,58.7647399052549,61.3521680993967
98,208_fs3-00013.jpg,58.1210423731771,61.4617841202557
99,208_fs3-00013.jpg,57.4758840105613,61.5604468040926
100,208_fs3-00013.jpg,56.8303228961482,61.6482752356317
101,208_fs3-00013.jpg,56.1854171086781,61.7253884995969
102,208_fs3-00013.jpg,55.5422247268915,61.7919056807124
103,208_fs3-00013.jpg,54.9018038295289,61.8479458637022
104,208_fs3-00013.jpg,54.2652124953307,61.8936281332902
105,208_fs3-00013.jpg,53.6335088030375,61.9290715742007
106,208_fs3-00013.jpg,53.0077508313897,61.9543952711576
107,208_fs3-00013.jpg,52.3889966591277,61.9697183088849
108,208_fs3-00013.jpg,51.7783043649921,61.9751597721068
109,208_fs3-00013.jpg,51.1767320277232,61.9708387455473
110,208_fs3-00013.jpg,50.5849932298293,61.9568741017425
111,208_fs3-00013.jpg,49.9914145615239,61.9333323563737
112,208_fs3-00013.jpg,49.3904158707662,61.900159363099
113,208_fs3-00013.jpg,48.7827732149551,61.8572840358667
114,208_fs3-00013.jpg,48.1692626514898,61.804635288625
115,208_fs3-00013.jpg,47.5506602377695,61.7421420353221
116,208_fs3-00013.jpg,46.9277420311934,61.6697331899063
117,208_fs3-00013.jpg,46.3012840891604,61.5873376663256
118,208_fs3-00013.jpg,45.6720624690699,61.4948843785284
119,208_fs3-00013.jpg,45.0408532283208,61.3923022404628
120,208_fs3-00013.jpg,44.4084324243123,61.2795201660771
121,208_fs3-00013.jpg,43.7755761144437,61.1564670693195
122,208_fs3-00013.jpg,43.1430603561138,61.0230718641381
123,208_fs3-00013.jpg,42.5116612067221,60.8792634644813
124,208_fs3-00013.jpg,41.8821547236675,60.7249707842971
125,208_fs3-00013.jpg,41.2553169643492,60.5601227375338
126,208_fs3-00013.jpg,40.6319239861663,60.3846482381397
127,208_fs3-00013.jpg,40.012751846518,60.1984762000629
128,208_fs3-00013.jpg,39.3985766028034,60.0015355372517
129,208_fs3-00013.jpg,38.7901743124216,59.7937551636542
130,208_fs3-00013.jpg,38.1883210327718,59.5750639932186
131,208_fs3-00013.jpg,37.5937928212531,59.3453909398933
132,208_fs3-00013.jpg,37.0073657352646,59.1046649176263
133,208_fs3-00013.jpg,36.4298158322055,58.852814840366
134,208_fs3-00013.jpg,35.8619191694749,58.5897696220604
135,208_fs3-00013.jpg,35.3044518044719,58.3154581766579
136,208_fs3-00013.jpg,34.7581897945956,58.0298094181066
137,208_fs3-00013.jpg,34.2239091972453,57.7327522603547
138,208_fs3-00013.jpg,33.70238606982,57.4242156173505
139,208_fs3-00013.jpg,33.1943964697189,57.1041284030422
140,208_fs3-00013.jpg,32.7007164543411,56.7724195313779
141,208_fs3-00013.jpg,32.2221220810857,56.4290179163059
142,208_fs3-00013.jpg,31.7593894073519,56.0738524717744
143,208_fs3-00013.jpg,31.3132944905387,55.7068521117316
144,208_fs3-00013.jpg,30.883309337294,55.3279488268727
145,208_fs3-00013.jpg,30.4560174384056,54.9372216100339
146,208_fs3-00013.jpg,30.0283381501153,54.5349579728711
147,208_fs3-00013.jpg,29.601083514509,54.1214612804025
148,208_fs3-00013.jpg,29.1750655736725,53.697034897646
149,208_fs3-00013.jpg,28.7510963696917,53.2619821896196
150,208_fs3-00013.jpg,28.3299879446524,52.8166065213413
151,208_fs3-00013.jpg,27.9125523406405,52.3612112578291
152,208_fs3-00013.jpg,27.4996015997419,51.896099764101
153,208_fs3-00013.jpg,27.0919477640425,51.4215754051749
154,208_fs3-00013.jpg,26.690402875628,50.9379415460689
155,208_fs3-00013.jpg,26.2957789765845,50.445501551801
156,208_fs3-00013.jpg,25.9088881089976,49.9445587873892
157,208_fs3-00013.jpg,25.5305423149535,49.4354166178514
158,208_fs3-00013.jpg,25.1615536365377,48.9183784082057
159,208_fs3-00013.jpg,24.8027341158364,48.39374752347
160,208_fs3-00013.jpg,24.4548957949352,47.8618273286624
161,208_fs3-00013.jpg,24.1188507159201,47.3229211888008
162,208_fs3-00013.jpg,23.7954109208769,46.7773324689032
163,208_fs3-00013.jpg,23.4853884518915,46.2253645339877
164,208_fs3-00013.jpg,23.1895953510499,45.6673207490722
165,208_fs3-00013.jpg,22.9088436604377,45.1035044791747
166,208_fs3-00013.jpg,22.643945422141,44.5342190893132
167,208_fs3-00013.jpg,22.3957126782455,43.9597679445057
168,208_fs3-00013.jpg,22.1649574708371,43.3804544097702
169,208_fs3-00013.jpg,21.9524918420018,42.7965818501247
170,208_fs3-00013.jpg,21.7591278338253,42.2084536305872
171,208_fs3-00013.jpg,21.5856774883936,41.6163731161757
172,208_fs3-00013.jpg,21.4317888800394,41.0206436719081
173,208_fs3-00013.jpg,21.283324197926,40.4215686628025
174,208_fs3-00013.jpg,21.1361399215588,39.8194514538769
175,208_fs3-00013.jpg,20.9905469023305,39.2145954101493
176,208_fs3-00013.jpg,20.8468559916339,38.6073038966376
177,208_fs3-00013.jpg,20.7053780408617,37.9978802783598
178,208_fs3-00013.jpg,20.5664239014067,37.386627920334
179,208_fs3-00013.jpg,20.4303044246616,36.7738501875781
180,208_fs3-00013.jpg,20.2973304620193,36.1598504451102
181,208_fs3-00013.jpg,20.1678128648724,35.5449320579482
182,208_fs3-00013.jpg,20.0420624846137,34.9293983911101
183,208_fs3-00013.jpg,19.920390172636,34.313552809614
184,208_fs3-00013.jpg,19.803106780332,33.6976986784777
185,208_fs3-00013.jpg,19.6905231590945,33.0821393627193
186,208_fs3-00013.jpg,19.5829501603162,32.4671782273569
187,208_fs3-00013.jpg,19.4806986353898,31.8531186374083
188,208_fs3-00013.jpg,19.3840794357083,31.2402639578916
189,208_fs3-00013.jpg,19.2934034126642,30.6289175538249
190,208_fs3-00013.jpg,19.2089814176504,30.019382790226
191,208_fs3-00013.jpg,19.1311243020595,29.4119630321129
192,208_fs3-00013.jpg,19.0601429172845,28.8069616445037
193,208_fs3-00013.jpg,18.9963481147179,28.2046819924164
194,208_fs3-00013.jpg,18.9400507457526,27.605427440869
195,208_fs3-00013.jpg,18.8915616617813,27.0095013548794
196,208_fs3-00013.jpg,18.8511917141968,26.4172070994656
197,208_fs3-00013.jpg,18.8192517543919,25.8288480396457
198,208_fs3-00013.jpg,18.7960526337592,25.2447275404376
199,208_fs3-00013.jpg,18.7819052036916,24.6651489668593
200,208_fs3-00013.jpg,18.7771203155818,24.0904156839289
1,208_fs3-00014.jpg,94.0659340659341,5.53871097837808
2,208_fs3-00014.jpg,93.8947586363423,6.05399496887622
3,208_fs3-00014.jpg,93.7225034296861,6.57572260513845
4,208_fs3-00014.jpg,93.5491770554366,7.10371659287239
5,208_fs3-00014.jpg,93.3747881230647,7.63779963778566
6,208_fs3-00014.jpg,93.1993452420414,8.17779444558587
7,208_fs3-00014.jpg,93.0228570218379,8.72352372198068
8,208_fs3-00014.jpg,92.8453320719252,9.27481017267772
9,208_fs3-00014.jpg,92.6667790017742,9.83147650338455
10,208_fs3-00014.jpg,92.487206420856,10.3933454198089
11,208_fs3-00014.jpg,92.3066229386416,10.9602396276583
12,208_fs3-00014.jpg,92.1250371646021,11.5319818326404
13,208_fs3-00014.jpg,91.9424577082085,12.1083947404629
14,208_fs3-00014.jpg,91.7588931789318,12.6893010568333
15,208_fs3-00014.jpg,91.5743521862429,13.2745234874594
16,208_fs3-00014.jpg,91.3888433396131,13.8638847380486
17,208_fs3-00014.jpg,91.2023752485133,14.4572075143087
18,208_fs3-00014.jpg,91.0149565224145,15.0543145219473
19,208_fs3-00014.jpg,90.8265957707878,15.655028466672
20,208_fs3-00014.jpg,90.6373016031041,16.2591720541904
21,208_fs3-00014.jpg,90.4470826288346,16.8665679902101
22,208_fs3-00014.jpg,90.2559474574501,17.4770389804388
23,208_fs3-00014.jpg,90.0639046984219,18.0904077305842
24,208_fs3-00014.jpg,89.8709629612208,18.7064969463538
25,208_fs3-00014.jpg,89.677130855318,19.3251293334552
26,208_fs3-00014.jpg,89.4824169901844,19.9461275975961
27,208_fs3-00014.jpg,89.2868299752911,20.5693144444841
28,208_fs3-00014.jpg,89.0903784201091,21.1945125798269
29,208_fs3-00014.jpg,88.8930709341094,21.821544709332
30,208_fs3-00014.jpg,88.6949161267631,22.4502335387071
31,208_fs3-00014.jpg,88.4959226075412,23.0804017736598
32,208_fs3-00014.jpg,88.2960989859147,23.7118721198978
33,208_fs3-00014.jpg,88.0954538713547,24.3444672831286
34,208_fs3-00014.jpg,87.8939958733321,24.97800996906
35,208_fs3-00014.jpg,87.691733601318,25.6123228833994
36,208_fs3-00014.jpg,87.4886756647834,26.2472287318546
37,208_fs3-00014.jpg,87.2848306731995,26.8825502201332
38,208_fs3-00014.jpg,87.0802072360371,27.5181100539428
39,208_fs3-00014.jpg,86.8748139627673,28.153730938991
40,208_fs3-00014.jpg,86.6686594628612,28.7892355809854
41,208_fs3-00014.jpg,86.4617523457897,29.4244466856338
42,208_fs3-00014.jpg,86.2542311268431,30.0591869586436
43,208_fs3-00014.jpg,86.0483928002909,30.6932791057226
44,208_fs3-00014.jpg,85.8448406915716,31.3265458325783
45,208_fs3-00014.jpg,85.6432627101281,31.9588098449184
46,208_fs3-00014.jpg,85.4433467654034,32.5898938484505
47,208_fs3-00014.jpg,85.2447807668403,33.2196205488823
48,208_fs3-00014.jpg,85.0472526238818,33.8478126519213
49,208_fs3-00014.jpg,84.8504502459708,34.4742928632752
50,208_fs3-00014.jpg,84.65406154255,35.0988838886516
51,208_fs3-00014.jpg,84.4577744230627,35.7214084337582
52,208_fs3-00014.jpg,84.2612767969514,36.3416892043025
53,208_fs3-00014.jpg,84.0642565736593,36.9595489059922
54,208_fs3-00014.jpg,83.8664016626292,37.574810244535
55,208_fs3-00014.jpg,83.6673999733039,38.1872959256384
56,208_fs3-00014.jpg,83.4669394151265,38.79682865501
57,208_fs3-00014.jpg,83.2647078975398,39.4032311383576
58,208_fs3-00014.jpg,83.0603933299867,40.0063260813887
59,208_fs3-00014.jpg,82.8536836219101,40.605936189811
60,208_fs3-00014.jpg,82.644266682753,41.201884169332
61,208_fs3-00014.jpg,82.4318304219581,41.7939927256594
62,208_fs3-00014.jpg,82.2160627489686,42.3820845645009
63,208_fs3-00014.jpg,81.9966515732271,42.965982391564
64,208_fs3-00014.jpg,81.7732848041767,43.5455089125564
65,208_fs3-00014.jpg,81.5456503512603,44.1204868331857
66,208_fs3-00014.jpg,81.3134361239207,44.6907388591595
67,208_fs3-00014.jpg,81.0763300316009,45.2560876961855
68,208_fs3-00014.jpg,80.8340199837438,45.8163560499713
69,208_fs3-00014.jpg,80.5861938897922,46.3713666262245
70,208_fs3-00014.jpg,80.3325396591892,46.9209421306528
71,208_fs3-00014.jpg,80.0727452013775,47.4649052689637
72,208_fs3-00014.jpg,79.8064984258002,48.0030787468649
73,208_fs3-00014.jpg,79.5334872418999,48.5352852700641
74,208_fs3-00014.jpg,79.2533995591199,49.0613475442687
75,208_fs3-00014.jpg,78.9659232869028,49.5810882751866
76,208_fs3-00014.jpg,78.6707463346917,50.0943301685253
77,208_fs3-00014.jpg,78.3675566119294,50.6008959299923
78,208_fs3-00014.jpg,78.0560420280588,51.1006082652954
79,208_fs3-00014.jpg,77.7317988506908,51.5933017400803
80,208_fs3-00014.jpg,77.3885880732013,52.0788802851799
81,208_fs3-00014.jpg,77.0270314871252,52.5572729752036
82,208_fs3-00014.jpg,76.6478378360251,53.0284089198167
83,208_fs3-00014.jpg,76.2517158634636,53.4922172286847
84,208_fs3-00014.jpg,75.8393743130033,53.9486270114728
85,208_fs3-00014.jpg,75.4115219282066,54.3975673778466
86,208_fs3-00014.jpg,74.9688674526363,54.8389674374712
87,208_fs3-00014.jpg,74.5121196298549,55.2727563000122
88,208_fs3-00014.jpg,74.041987203425,55.6988630751348
89,208_fs3-00014.jpg,73.5591789169091,56.1172168725045
90,208_fs3-00014.jpg,73.0644035138699,56.5277468017865
91,208_fs3-00014.jpg,72.5583697378699,56.9303819726464
92,208_fs3-00014.jpg,72.0417863324718,57.3250514947495
93,208_fs3-00014.jpg,71.5153620412379,57.7116844777611
94,208_fs3-00014.jpg,70.9798056077311,58.0902100313466
95,208_fs3-00014.jpg,70.4358257755139,58.4605572651713
96,208_fs3-00014.jpg,69.8841312881488,58.8226552889007
97,208_fs3-00014.jpg,69.3254308891984,59.1764332122002
98,208_fs3-00014.jpg,68.7604333222254,59.521820144735
99,208_fs3-00014.jpg,68.1898473307922,59.8587451961705
100,208_fs3-00014.jpg,67.6143816584615,60.1871374761722
101,208_fs3-00014.jpg,67.0347450487958,60.5069260944055
102,208_fs3-00014.jpg,66.4516462453578,60.8180401605355
103,208_fs3-00014.jpg,65.86579399171,61.1204087842279
104,208_fs3-00014.jpg,65.277897031415,61.4139610751478
105,208_fs3-00014.jpg,64.6886641080354,61.6986261429607
106,208_fs3-00014.jpg,64.0988039651338,61.974333097332
107,208_fs3-00014.jpg,63.5090253462727,62.241011047927
108,208_fs3-00014.jpg,62.9200369950147,62.4985891044111
109,208_fs3-00014.jpg,62.3325476549225,62.7469963764497
110,208_fs3-00014.jpg,61.7472660695585,62.9861619737081
111,208_fs3-00014.jpg,61.1649009824854,63.2160150058518
112,208_fs3-00014.jpg,60.5861611372658,63.436484582546
113,208_fs3-00014.jpg,60.0117552774623,63.6474998134562
114,208_fs3-00014.jpg,59.4415571597305,63.8489894422232
115,208_fs3-00014.jpg,58.8643941083972,64.0408574745613
116,208_fs3-00014.jpg,58.2771367277806,64.2229678845254
117,208_fs3-00014.jpg,57.6805256114961,64.3951809974668
118,208_fs3-00014.jpg,57.075301353159,64.5573571387368
119,208_fs3-00014.jpg,56.4622045463847,64.7093566336869
120,208_fs3-00014.jpg,55.8419757847886,64.8510398076682
121,208_fs3-00014.jpg,55.2153556619862,64.9822669860322
122,208_fs3-00014.jpg,54.5830847715926,65.1028984941301
123,208_fs3-00014.jpg,53.9459037072234,65.2127946573132
124,208_fs3-00014.jpg,53.3045530624939,65.3118158009329
125,208_fs3-00014.jpg,52.6597734310195,65.3998222503406
126,208_fs3-00014.jpg,52.0123054064155,65.4766743308874
127,208_fs3-00014.jpg,51.3628895822973,65.5422323679248
128,208_fs3-00014.jpg,50.7122665522803,65.5963566868041
129,208_fs3-00014.jpg,50.06117690998,65.6389076128766
130,208_fs3-00014.jpg,49.4103612490115,65.6697454714936
131,208_fs3-00014.jpg,48.7605601629904,65.6887305880064
132,208_fs3-00014.jpg,48.1125142455321,65.6957232877664
133,208_fs3-00014.jpg,47.4669640902517,65.6905838961248
134,208_fs3-00014.jpg,46.8246502907649,65.673172738433
135,208_fs3-00014.jpg,46.1863134406869,65.6433501400424
136,208_fs3-00014.jpg,45.5526941336331,65.6009764263042
137,208_fs3-00014.jpg,44.9245329632189,65.5459119225698
138,208_fs3-00014.jpg,44.3025705230597,65.4780169541905
139,208_fs3-00014.jpg,43.6875474067708,65.3971518465175
140,208_fs3-00014.jpg,43.0802042079676,65.3031769249023
141,208_fs3-00014.jpg,42.4812815202655,65.1959525146962
142,208_fs3-00014.jpg,41.8915199372799,65.0753389412504
143,208_fs3-00014.jpg,41.3059722646923,64.9412206646494
144,208_fs3-00014.jpg,40.7134605622126,64.7936657350398
145,208_fs3-00014.jpg,40.114655050585,64.6328265758239
146,208_fs3-00014.jpg,39.5106252104069,64.4588560552339
147,208_fs3-00014.jpg,38.9024405222754,64.2719070415022
148,208_fs3-00014.jpg,38.2911704667878,64.0721324028611
149,208_fs3-00014.jpg,37.6778845245412,63.8596850075429
150,208_fs3-00014.jpg,37.063652176133,63.6347177237801
151,208_fs3-00014.jpg,36.4495429021604,63.3973834198048
152,208_fs3-00014.jpg,35.8366261832206,63.1478349638495
153,208_fs3-00014.jpg,35.2259714999108,62.8862252241465
154,208_fs3-00014.jpg,34.6186483328283,62.612707068928
155,208_fs3-00014.jpg,34.0157261625703,62.3274333664265
156,208_fs3-00014.jpg,33.4182744697342,62.0305569848742
157,208_fs3-00014.jpg,32.827362734917,61.7222307925036
158,208_fs3-00014.jpg,32.244060438716,61.4026076575468
159,208_fs3-00014.jpg,31.6694370617285,61.0718404482363
160,208_fs3-00014.jpg,31.1045620845517,60.7300820328043
161,208_fs3-00014.jpg,30.5505049877828,60.3774852794832
162,208_fs3-00014.jpg,30.0083352520192,60.0142030565054
163,208_fs3-00014.jpg,29.4791223578579,59.6403882321031
164,208_fs3-00014.jpg,28.9639357858963,59.2561936745087
165,208_fs3-00014.jpg,28.4638450167316,58.8617722519545
166,208_fs3-00014.jpg,27.979919530961,58.4572768326729
167,208_fs3-00014.jpg,27.5132288091818,58.0428602848961
168,208_fs3-00014.jpg,27.0648423319911,57.6186754768565
169,208_fs3-00014.jpg,26.6358295799864,57.1848752767865
170,208_fs3-00014.jpg,26.2272600337647,56.7416125529183
171,208_fs3-00014.jpg,25.8402031739233,56.2890401734844
172,208_fs3-00014.jpg,25.4757284810594,55.8273110067169
173,208_fs3-00014.jpg,25.1302221851379,55.3565779208483
174,208_fs3-00014.jpg,24.7891858861906,54.8769937841108
175,208_fs3-00014.jpg,24.4518355404159,54.3887114647368
176,208_fs3-00014.jpg,24.118550729837,53.8918838309587
177,208_fs3-00014.jpg,23.7897110364774,53.3866637510088
178,208_fs3-00014.jpg,23.4656960423605,52.8732040931193
179,208_fs3-00014.jpg,23.1468853295096,52.3516577255227
180,208_fs3-00014.jpg,22.8336584799482,51.8221775164512
181,208_fs3-00014.jpg,22.5263950756997,51.2849163341372
182,208_fs3-00014.jpg,22.2254746987873,50.740027046813
183,208_fs3-00014.jpg,21.9312769312345,50.1876625227109
184,208_fs3-00014.jpg,21.6441813550648,49.6279756300633
185,208_fs3-00014.jpg,21.3645675523015,49.0611192371025
186,208_fs3-00014.jpg,21.0928151049678,48.4872462120608
187,208_fs3-00014.jpg,20.8293035950874,47.9065094231706
188,208_fs3-00014.jpg,20.5744126046835,47.3190617386641
189,208_fs3-00014.jpg,20.3285217157795,46.7250560267738
190,208_fs3-00014.jpg,20.0920105103989,46.1246451557319
191,208_fs3-00014.jpg,19.8652585705649,45.5179819937707
192,208_fs3-00014.jpg,19.648645478301,44.9052194091227
193,208_fs3-00014.jpg,19.4425508156307,44.2865102700201
194,208_fs3-00014.jpg,19.2473541645771,43.6620074446952
195,208_fs3-00014.jpg,19.0634351071639,43.0318638013804
196,208_fs3-00014.jpg,18.8911732254143,42.396232208308
197,208_fs3-00014.jpg,18.7309481013517,41.7552655337104
198,208_fs3-00014.jpg,18.5831393169994,41.1091166458199
199,208_fs3-00014.jpg,18.4481264543811,40.4579384128687
200,208_fs3-00014.jpg,18.3262890955199,39.8018837030893
1,208_fs3-00015.jpg,96.6356720202874,-3.99636932593305
2,208_fs3-00015.jpg,96.4478513872103,-3.39098976769378
3,208_fs3-00015.jpg,96.2602961713195,-2.78326300861789
4,208_fs3-00015.jpg,96.0730072807535,-2.17325056557738
5,208_fs3-00015.jpg,95.8859856236508,-1.56101395544425
6,208_fs3-00015.jpg,95.6992321081497,-0.946614695090574
7,208_fs3-00015.jpg,95.5127476423888,-0.330114301388335
8,208_fs3-00015.jpg,95.3265331345066,0.288425708790413
9,208_fs3-00015.jpg,95.1405894926415,0.908943818573675
10,208_fs3-00015.jpg,94.9549176249319,1.5313785110894
11,208_fs3-00015.jpg,94.7695184395164,2.15566826946559
12,208_fs3-00015.jpg,94.5843928445333,2.7817515768302
13,208_fs3-00015.jpg,94.3995417481212,3.40956691631121
14,208_fs3-00015.jpg,94.2149660584186,4.03905277103658
15,208_fs3-00015.jpg,94.0306666835638,4.6701476241343
16,208_fs3-00015.jpg,93.8466445316952,5.30278995873238
17,208_fs3-00015.jpg,93.6629005109515,5.93691825795875
18,208_fs3-00015.jpg,93.4794355294711,6.57247100494138
19,208_fs3-00015.jpg,93.2962504953924,7.20938668280829
20,208_fs3-00015.jpg,93.1133463168538,7.84760377468743
21,208_fs3-00015.jpg,92.930723901994,8.48706076370675
22,208_fs3-00015.jpg,92.7483841589512,9.12769613299426
23,208_fs3-00015.jpg,92.566327995864,9.76944836567796
24,208_fs3-00015.jpg,92.3845563208707,10.4122559448858
25,208_fs3-00015.jpg,92.20307004211,11.0560573537457
26,208_fs3-00015.jpg,92.0218700677202,11.7007910753857
27,208_fs3-00015.jpg,91.8409573058399,12.3463955929338
28,208_fs3-00015.jpg,91.6603326646074,12.9928093895178
29,208_fs3-00015.jpg,91.4799970521613,13.639970948266
30,208_fs3-00015.jpg,91.2999513766399,14.2878187523061
31,208_fs3-00015.jpg,91.1201965461818,14.9362912847661
32,208_fs3-00015.jpg,90.9407334689254,15.5853270287741
33,208_fs3-00015.jpg,90.7615630530092,16.2348644674581
34,208_fs3-00015.jpg,90.5826862065717,16.8848420839459
35,208_fs3-00015.jpg,90.4041038377512,17.5351983613656
36,208_fs3-00015.jpg,90.2258168546863,18.1858717828451
37,208_fs3-00015.jpg,90.0478261655155,18.8368008315124
38,208_fs3-00015.jpg,89.8701326783771,19.4879239904955
39,208_fs3-00015.jpg,89.6932264393623,20.1391797429224
40,208_fs3-00015.jpg,89.5198235280245,20.7905065719211
41,208_fs3-00015.jpg,89.3500915034919,21.4418429606194
42,208_fs3-00015.jpg,89.1837316295091,22.0931273921455
43,208_fs3-00015.jpg,89.0204451698204,22.7442983496272
44,208_fs3-00015.jpg,88.8599333881705,23.3952943161926
45,208_fs3-00015.jpg,88.7018975483037,24.0460537749696
46,208_fs3-00015.jpg,88.5460389139647,24.6965152090862
47,208_fs3-00015.jpg,88.3920587488977,25.3466171016704
48,208_fs3-00015.jpg,88.2396583168475,25.9962979358501
49,208_fs3-00015.jpg,88.0885388815583,26.6454961947533
50,208_fs3-00015.jpg,87.9384017067749,27.2941503615081
51,208_fs3-00015.jpg,87.7889480562415,27.9421989192423
52,208_fs3-00015.jpg,87.6398791937027,28.589580351084
53,208_fs3-00015.jpg,87.490896382903,29.2362331401611
54,208_fs3-00015.jpg,87.3417008875869,29.8820957696016
55,208_fs3-00015.jpg,87.1919939714988,30.5271067225335
56,208_fs3-00015.jpg,87.0414768983832,31.1712044820848
57,208_fs3-00015.jpg,86.8898509319848,31.8143275313833
58,208_fs3-00015.jpg,86.7368173360477,32.4564143535572
59,208_fs3-00015.jpg,86.5820773743168,33.0974034317344
60,208_fs3-00015.jpg,86.4253323105363,33.7372332490428
61,208_fs3-00015.jpg,86.2662834084508,34.3758422886105
62,208_fs3-00015.jpg,86.1046319318047,35.0131690335654
63,208_fs3-00015.jpg,85.9400791443426,35.6491519670354
64,208_fs3-00015.jpg,85.7723263098089,36.2837295721486
65,208_fs3-00015.jpg,85.6010746919482,36.916840332033
66,208_fs3-00015.jpg,85.4260255545049,37.5484227298165
67,208_fs3-00015.jpg,85.2468801612235,38.178415248627
68,208_fs3-00015.jpg,85.0633397758484,38.8067563715926
69,208_fs3-00015.jpg,84.8751056621243,39.4333845818413
70,208_fs3-00015.jpg,84.6818790837954,40.058238362501
71,208_fs3-00015.jpg,84.4833613046065,40.6812561966996
72,208_fs3-00015.jpg,84.2792535883019,41.3023765675653
73,208_fs3-00015.jpg,84.069257198626,41.9215379582258
74,208_fs3-00015.jpg,83.8530733993235,42.5386788518093
75,208_fs3-00015.jpg,83.6304034541388,43.1537377314437
76,208_fs3-00015.jpg,83.4009486268163,43.766653080257
77,208_fs3-00015.jpg,83.1644101811007,44.3773633813771
78,208_fs3-00015.jpg,82.9190908957908,44.9857981553747
79,208_fs3-00015.jpg,82.6618870866358,45.5918156309262
80,208_fs3-00015.jpg,82.3929713569341,46.195239993236
81,208_fs3-00015.jpg,82.1126360074348,46.7958952166829
82,208_fs3-00015.jpg,81.8211733388873,47.3936052756456
83,208_fs3-00015.jpg,81.5188756520407,47.988194144503
84,208_fs3-00015.jpg,81.2060352476442,48.5794857976339
85,208_fs3-00015.jpg,80.882944426447,49.1673042094173
86,208_fs3-00015.jpg,80.5498954891981,49.7514733542318
87,208_fs3-00015.jpg,80.2071807366471,50.3318172064563
88,208_fs3-00015.jpg,79.8550924695429,50.9081597404698
89,208_fs3-00015.jpg,79.4939229886348,51.4803249306509
90,208_fs3-00015.jpg,79.123964594672,52.0481367513786
91,208_fs3-00015.jpg,78.7455095884037,52.6114191770316
92,208_fs3-00015.jpg,78.3588502705791,53.1699961819889
93,208_fs3-00015.jpg,77.9642789419473,53.7236917406291
94,208_fs3-00015.jpg,77.5620879032576,54.2723298273312
95,208_fs3-00015.jpg,77.1525694552593,54.815734416474
96,208_fs3-00015.jpg,76.7360158987013,55.3537294824364
97,208_fs3-00015.jpg,76.3127195343331,55.8861389995971
98,208_fs3-00015.jpg,75.8829726629037,56.4127869423349
99,208_fs3-00015.jpg,75.4470675851625,56.9334972850288
100,208_fs3-00015.jpg,75.0052966018584,57.4480940020575
101,208_fs3-00015.jpg,74.5579520137409,57.9564010677999
102,208_fs3-00015.jpg,74.1053261215591,58.4582424566348
103,208_fs3-00015.jpg,73.6477112260621,58.9534421429411
104,208_fs3-00015.jpg,73.1853996279992,59.4418241010976
105,208_fs3-00015.jpg,72.7186836281195,59.923212305483
106,208_fs3-00015.jpg,72.2478555271724,60.3974307304763
107,208_fs3-00015.jpg,71.7732076259068,60.8643033504562
108,208_fs3-00015.jpg,71.2950322250722,61.3236541398017
109,208_fs3-00015.jpg,70.8136216254176,61.7753070728915
110,208_fs3-00015.jpg,70.3292681276923,62.2190861241044
111,208_fs3-00015.jpg,69.8422640326455,62.6548152678193
112,208_fs3-00015.jpg,69.3529016410263,63.0823184784151
113,208_fs3-00015.jpg,68.861473253584,63.5014197302705
114,208_fs3-00015.jpg,68.3682711710678,63.9119429977644
115,208_fs3-00015.jpg,67.8735876942268,64.3137122552757
116,208_fs3-00015.jpg,67.3760469598378,64.7065493802518
117,208_fs3-00015.jpg,66.8639544307244,65.0902152289526
118,208_fs3-00015.jpg,66.3357134282681,65.4644015502971
119,208_fs3-00015.jpg,65.7922020613638,65.8287963711872
120,208_fs3-00015.jpg,65.2342984389065,66.1830877185253
121,208_fs3-00015.jpg,64.6628806697914,66.5269636192134
122,208_fs3-00015.jpg,64.0788268629135,66.8601121001539
123,208_fs3-00015.jpg,63.4830151271678,67.1822211882487
124,208_fs3-00015.jpg,62.8763235714494,67.4929789104002
125,208_fs3-00015.jpg,62.2596303046533,67.7920732935104
126,208_fs3-00015.jpg,61.6338134356747,68.0791923644816
127,208_fs3-00015.jpg,60.9997510734086,68.354024150216
128,208_fs3-00015.jpg,60.3583213267499,68.6162566776156
129,208_fs3-00015.jpg,59.7104023045939,68.8655779735828
130,208_fs3-00015.jpg,59.0568721158355,69.1016760650197
131,208_fs3-00015.jpg,58.3986088693697,69.3242389788284
132,208_fs3-00015.jpg,57.7364906740918,69.5329547419111
133,208_fs3-00015.jpg,57.0713956388966,69.72751138117
134,208_fs3-00015.jpg,56.4042018726793,69.9075969235073
135,208_fs3-00015.jpg,55.7357874843349,70.0728993958251
136,208_fs3-00015.jpg,55.0670305827585,70.2231068250257
137,208_fs3-00015.jpg,54.3988092768452,70.3579072380112
138,208_fs3-00015.jpg,53.7320016754899,70.4769886616837
139,208_fs3-00015.jpg,53.0674858875878,70.5800391229456
140,208_fs3-00015.jpg,52.4061400220339,70.6667466486988
141,208_fs3-00015.jpg,51.7488421877232,70.7367992658457
142,208_fs3-00015.jpg,51.0964704935509,70.7898850012884
143,208_fs3-00015.jpg,50.449903048412,70.825691881929
144,208_fs3-00015.jpg,49.8100179612014,70.8439079346697
145,208_fs3-00015.jpg,49.1776933408144,70.8442211864128
146,208_fs3-00015.jpg,48.5490286408516,70.8263658639278
147,208_fs3-00015.jpg,47.9136858378205,70.7904636534029
148,208_fs3-00015.jpg,47.2721305622083,70.7368296972271
149,208_fs3-00015.jpg,46.6252994203612,70.6657805647452
150,208_fs3-00015.jpg,45.974129018625,70.577632825302
151,208_fs3-00015.jpg,45.319555963346,70.4727030482423
152,208_fs3-00015.jpg,44.6625168608702,70.3513078029109
153,208_fs3-00015.jpg,44.0039483175435,70.2137636586527
154,208_fs3-00015.jpg,43.344786939712,70.0603871848123
155,208_fs3-00015.jpg,42.6859693337218,69.8914949507347
156,208_fs3-00015.jpg,42.0284321059189,69.7074035257646
157,208_fs3-00015.jpg,41.3731118626492,69.5084294792468
158,208_fs3-00015.jpg,40.720945210259,69.2948893805262
159,208_fs3-00015.jpg,40.0728687550941,69.0670997989475
160,208_fs3-00015.jpg,39.4298191035007,68.8253773038556
161,208_fs3-00015.jpg,38.7927328618247,68.5700384645953
162,208_fs3-00015.jpg,38.1625466364122,68.3013998505112
163,208_fs3-00015.jpg,37.5401970336093,68.0197780309484
164,208_fs3-00015.jpg,36.9266206597619,67.7254895752516
165,208_fs3-00015.jpg,36.3227541212161,67.4188510527655
166,208_fs3-00015.jpg,35.729534024318,67.100179032835
167,208_fs3-00015.jpg,35.1478969754135,66.7697900848049
168,208_fs3-00015.jpg,34.5787795808488,66.42800077802
169,208_fs3-00015.jpg,34.0231184469698,66.0751276818251
170,208_fs3-00015.jpg,33.4818501801226,65.7114873655649
171,208_fs3-00015.jpg,32.952701043581,65.3373963985844
172,208_fs3-00015.jpg,32.4278400097631,64.9531713502283
173,208_fs3-00015.jpg,31.9069697354562,64.5591287898415
174,208_fs3-00015.jpg,31.3902166718638,64.1555852867686
175,208_fs3-00015.jpg,30.8777072701893,63.7428574103546
176,208_fs3-00015.jpg,30.3695679816362,63.3212617299442
177,208_fs3-00015.jpg,29.8659252574079,62.8911148148823
178,208_fs3-00015.jpg,29.3669055487078,62.4527332345136
179,208_fs3-00015.jpg,28.8726353067395,62.0064335581829
180,208_fs3-00015.jpg,28.3832409827062,61.5525323552352
181,208_fs3-00015.jpg,27.8988490278116,61.091346195015
182,208_fs3-00015.jpg,27.419585893259,60.6231916468674
183,208_fs3-00015.jpg,26.9455780302518,60.148385280137
184,208_fs3-00015.jpg,26.4769518899936,59.6672436641687
185,208_fs3-00015.jpg,26.0138339236877,59.1800833683073
186,208_fs3-00015.jpg,25.5563505825376,58.6872209618975
187,208_fs3-00015.jpg,25.1046283177467,58.1889730142843
188,208_fs3-00015.jpg,24.6587935805186,57.6856560948123
189,208_fs3-00015.jpg,24.2189728220566,57.1775867728265
190,208_fs3-00015.jpg,23.7852924935642,56.6650816176715
191,208_fs3-00015.jpg,23.3578790462448,56.1484571986923
192,208_fs3-00015.jpg,22.9368589313019,55.6280300852336
193,208_fs3-00015.jpg,22.5223585999389,55.1041168466402
194,208_fs3-00015.jpg,22.1145045033592,54.577034052257
195,208_fs3-00015.jpg,21.7134230927663,54.0470982714287
196,208_fs3-00015.jpg,21.3192408193636,53.5146260735001
197,208_fs3-00015.jpg,20.9320841343547,52.9799340278161
198,208_fs3-00015.jpg,20.5520794889429,52.4433387037214
199,208_fs3-00015.jpg,20.1793533343316,51.9051566705608
200,208_fs3-00015.jpg,19.8140321217244,51.3657044976793
