points,Image,X,Y
1,206_fs2-00001.jpg,61.4558091481168,-47.9690833806466
2,206_fs2-00001.jpg,61.9823347515338,-47.9436518629401
3,206_fs2-00001.jpg,62.5088077354895,-47.916938243589
4,206_fs2-00001.jpg,63.0352278715031,-47.8889740574393
5,206_fs2-00001.jpg,63.5615949310937,-47.8597908393368
6,206_fs2-00001.jpg,64.0879086857805,-47.8294201241275
7,206_fs2-00001.jpg,64.6141689070824,-47.7978934466572
8,206_fs2-00001.jpg,65.1403753665186,-47.765242341772
9,206_fs2-00001.jpg,65.6665278356082,-47.7314983443176
10,206_fs2-00001.jpg,66.1926260858704,-47.69669298914
11,206_fs2-00001.jpg,66.718669888824,-47.6608578110853
12,206_fs2-00001.jpg,67.2446590159884,-47.6240243449992
13,206_fs2-00001.jpg,67.7705932388824,-47.5862241257275
14,206_fs2-00001.jpg,68.2964723290254,-47.5474886881165
15,206_fs2-00001.jpg,68.8222960579364,-47.5078495670117
16,206_fs2-00001.jpg,69.3480641971344,-47.4673382972593
17,206_fs2-00001.jpg,69.8737765181386,-47.4259864137052
18,206_fs2-00001.jpg,70.399432792468,-47.3838254511952
19,206_fs2-00001.jpg,70.9250327916417,-47.3408869445752
20,206_fs2-00001.jpg,71.4505762871789,-47.2972024286913
21,206_fs2-00001.jpg,71.9760630505987,-47.2528034383893
22,206_fs2-00001.jpg,72.5014867858667,-47.2077215085151
23,206_fs2-00001.jpg,73.0268398531927,-47.1619881739146
24,206_fs2-00001.jpg,73.5521250173033,-47.1156349694338
25,206_fs2-00001.jpg,74.0773451475,-47.0686934299185
26,206_fs2-00001.jpg,74.6025031130845,-47.0211950902147
27,206_fs2-00001.jpg,75.1276017833583,-46.9731714851683
28,206_fs2-00001.jpg,75.6526440276231,-46.9246541496252
29,206_fs2-00001.jpg,76.1776327151804,-46.8756746184314
30,206_fs2-00001.jpg,76.7025707153319,-46.8262644264328
31,206_fs2-00001.jpg,77.227460897379,-46.7764551084751
32,206_fs2-00001.jpg,77.7523061306236,-46.7262781994044
33,206_fs2-00001.jpg,78.277109284367,-46.6757652340667
34,206_fs2-00001.jpg,78.801873227911,-46.6249477473077
35,206_fs2-00001.jpg,79.326600830557,-46.5738572739735
36,206_fs2-00001.jpg,79.8512949616068,-46.52252534891
37,206_fs2-00001.jpg,80.3759584903618,-46.470983506963
38,206_fs2-00001.jpg,80.9005942861238,-46.4192632829785
39,206_fs2-00001.jpg,81.4252052181943,-46.3673962118024
40,206_fs2-00001.jpg,81.9497941558748,-46.3154138282806
41,206_fs2-00001.jpg,82.4743639684671,-46.263347667259
42,206_fs2-00001.jpg,82.9989175252726,-46.2112292635835
43,206_fs2-00001.jpg,83.5234578375731,-46.1590901348341
44,206_fs2-00001.jpg,84.047997374132,-46.106950025026
45,206_fs2-00001.jpg,84.5725414175998,-46.0547964220287
46,206_fs2-00001.jpg,85.0970880407926,-46.0026113391353
47,206_fs2-00001.jpg,85.6216353165262,-45.9503767896388
48,206_fs2-00001.jpg,86.1461813176168,-45.8980747868321
49,206_fs2-00001.jpg,86.6707241168803,-45.8456873440085
50,206_fs2-00001.jpg,87.1952617871328,-45.7931964744611
51,206_fs2-00001.jpg,87.7197924011904,-45.7405841914828
52,206_fs2-00001.jpg,88.2443140318689,-45.6878325083666
53,206_fs2-00001.jpg,88.7688247519845,-45.6349234384057
54,206_fs2-00001.jpg,89.2933226343532,-45.5818389948932
55,206_fs2-00001.jpg,89.817805751791,-45.5285611911221
56,206_fs2-00001.jpg,90.3422721771139,-45.4750720403855
57,206_fs2-00001.jpg,90.866719983138,-45.4213535559765
58,206_fs2-00001.jpg,91.3911472426792,-45.3673877511881
59,206_fs2-00001.jpg,91.9155520285536,-45.3131566393133
60,206_fs2-00001.jpg,92.4399324135772,-45.2586422336453
61,206_fs2-00001.jpg,92.964286470566,-45.2038265474772
62,206_fs2-00001.jpg,93.4886122723361,-45.1486915941019
63,206_fs2-00001.jpg,94.0129078917035,-45.0932193868127
64,206_fs2-00001.jpg,94.5371714014842,-45.0373919389025
65,206_fs2-00001.jpg,95.0614008744942,-44.9811912636643
66,206_fs2-00001.jpg,95.5855943835495,-44.9245993743913
67,206_fs2-00001.jpg,96.1097500014662,-44.8675982843765
68,206_fs2-00001.jpg,96.6338658010603,-44.810170006913
69,206_fs2-00001.jpg,97.1579398551478,-44.7522965552939
70,206_fs2-00001.jpg,97.6819702365447,-44.6939599428123
71,206_fs2-00001.jpg,98.2059550180671,-44.635142182761
72,206_fs2-00001.jpg,98.729892272531,-44.5758252884334
73,206_fs2-00001.jpg,99.2537800727524,-44.5159912731225
74,206_fs2-00001.jpg,99.7776164915472,-44.4556221501211
75,206_fs2-00001.jpg,100.301399601732,-44.3946999327227
76,206_fs2-00001.jpg,100.825127476122,-44.33320663422
77,206_fs2-00001.jpg,101.348798187533,-44.2711242679063
78,206_fs2-00001.jpg,101.872409808782,-44.2084348470745
79,206_fs2-00001.jpg,102.395960412685,-44.1451203850178
80,206_fs2-00001.jpg,102.919448072058,-44.0811628950291
81,206_fs2-00001.jpg,103.442870859716,-44.0165443904017
82,206_fs2-00001.jpg,103.966226848476,-43.9512468844284
83,206_fs2-00001.jpg,104.489514111153,-43.8852523904025
84,206_fs2-00001.jpg,105.012730720565,-43.818542921617
85,206_fs2-00001.jpg,105.535874472534,-43.751100519548
86,206_fs2-00001.jpg,106.058929345489,-43.6829196161874
87,206_fs2-00001.jpg,106.58188937262,-43.6140264146203
88,206_fs2-00001.jpg,107.104758003071,-43.5444521388421
89,206_fs2-00001.jpg,107.627538685985,-43.4742280128482
90,206_fs2-00001.jpg,108.150234870507,-43.4033852606341
91,206_fs2-00001.jpg,108.67285000578,-43.331955106195
92,206_fs2-00001.jpg,109.195387540948,-43.2599687735262
93,206_fs2-00001.jpg,109.717850925156,-43.1874574866234
94,206_fs2-00001.jpg,110.240243607547,-43.1144524694818
95,206_fs2-00001.jpg,110.762569037266,-43.0409849460966
96,206_fs2-00001.jpg,111.284830663457,-42.9670861404634
97,206_fs2-00001.jpg,111.807031935263,-42.8927872765776
98,206_fs2-00001.jpg,112.329176301829,-42.8181195784343
99,206_fs2-00001.jpg,112.851267212298,-42.7431142700292
100,206_fs2-00001.jpg,113.373308115814,-42.6678025753575
101,206_fs2-00001.jpg,113.895302461522,-42.5922157184146
102,206_fs2-00001.jpg,114.417253698566,-42.5163849231959
103,206_fs2-00001.jpg,114.939165276089,-42.4403414136967
104,206_fs2-00001.jpg,115.461040643236,-42.3641164139125
105,206_fs2-00001.jpg,115.98288324915,-42.2877411478386
106,206_fs2-00001.jpg,116.504696542976,-42.2112468394703
107,206_fs2-00001.jpg,117.026483973858,-42.1346647128031
108,206_fs2-00001.jpg,117.548248990939,-42.0580259918323
109,206_fs2-00001.jpg,118.069995043364,-41.9813619005533
110,206_fs2-00001.jpg,118.591725580276,-41.9047036629614
111,206_fs2-00001.jpg,119.11344405082,-41.8280825030522
112,206_fs2-00001.jpg,119.635153904139,-41.7515296448208
113,206_fs2-00001.jpg,120.156858589378,-41.6750763122628
114,206_fs2-00001.jpg,120.678561555681,-41.5987537293735
115,206_fs2-00001.jpg,121.200266252191,-41.5225931201481
116,206_fs2-00001.jpg,121.721976128053,-41.4466257085822
117,206_fs2-00001.jpg,122.243694632411,-41.3708827186712
118,206_fs2-00001.jpg,122.765425214408,-41.2953953744102
119,206_fs2-00001.jpg,123.287171323189,-41.2201948997948
120,206_fs2-00001.jpg,123.808936407897,-41.1453125188203
121,206_fs2-00001.jpg,124.330723917677,-41.0707794554822
122,206_fs2-00001.jpg,124.852537301673,-40.9966269337757
123,206_fs2-00001.jpg,125.374380009028,-40.9228861776962
124,206_fs2-00001.jpg,125.896255488888,-40.8495884112392
125,206_fs2-00001.jpg,126.418167190394,-40.7767648583999
126,206_fs2-00001.jpg,126.940118562693,-40.7044467431739
127,206_fs2-00001.jpg,127.462113054927,-40.6326652895563
128,206_fs2-00001.jpg,127.984154116241,-40.5614517215427
129,206_fs2-00001.jpg,128.506245195778,-40.4908372631284
130,206_fs2-00001.jpg,129.028389742684,-40.4208531383086
131,206_fs2-00001.jpg,129.550591206101,-40.351530571079
132,206_fs2-00001.jpg,130.072853035173,-40.2829007854348
133,206_fs2-00001.jpg,130.595178679046,-40.2149950053713
134,206_fs2-00001.jpg,131.117576292304,-40.1478444327252
135,206_fs2-00001.jpg,131.640561702175,-40.0814526053214
136,206_fs2-00001.jpg,132.164414521808,-40.0157414023065
137,206_fs2-00001.jpg,132.689038274543,-39.9506177091149
138,206_fs2-00001.jpg,133.214336483718,-39.8859884111812
139,206_fs2-00001.jpg,133.740212672672,-39.8217603939399
140,206_fs2-00001.jpg,134.266570364743,-39.7578405428255
141,206_fs2-00001.jpg,134.79331308327,-39.6941357432725
142,206_fs2-00001.jpg,135.320344351592,-39.6305528807154
143,206_fs2-00001.jpg,135.847567693048,-39.5669988405888
144,206_fs2-00001.jpg,136.374886630977,-39.5033805083272
145,206_fs2-00001.jpg,136.902204688716,-39.4396047693649
146,206_fs2-00001.jpg,137.429425389606,-39.3755785091367
147,206_fs2-00001.jpg,137.956452256984,-39.311208613077
148,206_fs2-00001.jpg,138.483188814189,-39.2464019666204
149,206_fs2-00001.jpg,139.009538584561,-39.1810654552014
150,206_fs2-00001.jpg,139.535405091437,-39.1151059642543
151,206_fs2-00001.jpg,140.060691858157,-39.0484303792139
152,206_fs2-00001.jpg,140.585302408059,-38.9809455855145
153,206_fs2-00001.jpg,141.109140264482,-38.9125584685909
154,206_fs2-00001.jpg,141.632108950764,-38.8431759138773
155,206_fs2-00001.jpg,142.154111990245,-38.7727048068083
156,206_fs2-00001.jpg,142.675052906264,-38.7010520328186
157,206_fs2-00001.jpg,143.194835222158,-38.6281244773425
158,206_fs2-00001.jpg,143.713362461267,-38.5538290258146
159,206_fs2-00001.jpg,144.230538146929,-38.4780725636695
160,206_fs2-00001.jpg,144.746265802483,-38.4007619763414
161,206_fs2-00001.jpg,145.260448951268,-38.3218041492653
162,206_fs2-00001.jpg,145.772991116623,-38.2411059678753
163,206_fs2-00001.jpg,146.283795821886,-38.1585743176062
164,206_fs2-00001.jpg,146.793852435383,-38.0741089929862
165,206_fs2-00001.jpg,147.311308683823,-37.9873808087816
166,206_fs2-00001.jpg,147.836825021591,-37.897787623528
167,206_fs2-00001.jpg,148.369133280374,-37.8047113243808
168,206_fs2-00001.jpg,148.906965291855,-37.7075337984955
169,206_fs2-00001.jpg,149.44905288772,-37.605636933028
170,206_fs2-00001.jpg,149.994127899654,-37.4984026151335
171,206_fs2-00001.jpg,150.540922159341,-37.3852127319676
172,206_fs2-00001.jpg,151.088167498467,-37.265449170686
173,206_fs2-00001.jpg,151.634595748716,-37.1384938184442
174,206_fs2-00001.jpg,152.178938741773,-37.0037285623977
175,206_fs2-00001.jpg,152.719928309324,-36.8605352897021
176,206_fs2-00001.jpg,153.256296283053,-36.7082958875128
177,206_fs2-00001.jpg,153.786774494646,-36.5463922429856
178,206_fs2-00001.jpg,154.310094775787,-36.3742062432758
179,206_fs2-00001.jpg,154.824988958161,-36.1911197755393
180,206_fs2-00001.jpg,155.330188873453,-35.9965147269312
181,206_fs2-00001.jpg,155.824426353348,-35.7897729846075
182,206_fs2-00001.jpg,156.306433229531,-35.5702764357234
183,206_fs2-00001.jpg,156.774941333687,-35.3374069674346
184,206_fs2-00001.jpg,157.228682497502,-35.0905464668967
185,206_fs2-00001.jpg,157.666388552659,-34.8290768212652
186,206_fs2-00001.jpg,158.086791330844,-34.5523799176956
187,206_fs2-00001.jpg,158.488622663742,-34.2598376433435
188,206_fs2-00001.jpg,158.870614383038,-33.9508318853644
189,206_fs2-00001.jpg,159.231498320416,-33.6247445309141
190,206_fs2-00001.jpg,159.573080094466,-33.2809574671478
191,206_fs2-00001.jpg,159.902133150046,-32.9188525812212
192,206_fs2-00001.jpg,160.219014185244,-32.5378117602899
193,206_fs2-00001.jpg,160.523772458812,-32.1372168915094
194,206_fs2-00001.jpg,160.816457229503,-31.7164498620352
195,206_fs2-00001.jpg,161.097117756068,-31.2748925590231
196,206_fs2-00001.jpg,161.365803297258,-30.8119268696283
197,206_fs2-00001.jpg,161.622563111827,-30.3269346810066
198,206_fs2-00001.jpg,161.867446458525,-29.8192978803135
199,206_fs2-00001.jpg,162.100502596105,-29.2883983547043
200,206_fs2-00001.jpg,162.321780783319,-28.733617991335
1,206_fs2-00002.jpg,64.003005541467,-43.1827585943216
2,206_fs2-00002.jpg,64.5037241664747,-43.2704378558715
3,206_fs2-00002.jpg,65.0045961573542,-43.3577542721468
4,206_fs2-00002.jpg,65.5056212876595,-43.4446585786447
5,206_fs2-00002.jpg,66.0067993309441,-43.531101510862
6,206_fs2-00002.jpg,66.508130060762,-43.6170338042953
7,206_fs2-00002.jpg,67.0096132506669,-43.7024061944417
8,206_fs2-00002.jpg,67.5112486742126,-43.7871694167978
9,206_fs2-00002.jpg,68.0130361049527,-43.8712742068608
10,206_fs2-00002.jpg,68.5149753164412,-43.9546713001273
11,206_fs2-00002.jpg,69.0170660822318,-44.0373114320942
12,206_fs2-00002.jpg,69.5193081758782,-44.1191453382584
13,206_fs2-00002.jpg,70.0217013709342,-44.2001237541166
14,206_fs2-00002.jpg,70.5242454409537,-44.2801974151658
15,206_fs2-00002.jpg,71.0269401594903,-44.3593170569029
16,206_fs2-00002.jpg,71.5297853000978,-44.4374334148247
17,206_fs2-00002.jpg,72.0327806363301,-44.5144972244279
18,206_fs2-00002.jpg,72.5359259417409,-44.5904592212096
19,206_fs2-00002.jpg,73.0392209898839,-44.6652701406665
20,206_fs2-00002.jpg,73.5426655543129,-44.7388807182954
21,206_fs2-00002.jpg,74.0462594085818,-44.8112416895933
22,206_fs2-00002.jpg,74.5500023262443,-44.8823037900569
23,206_fs2-00002.jpg,75.053894080854,-44.9520177551832
24,206_fs2-00002.jpg,75.557934445965,-45.0203343204689
25,206_fs2-00002.jpg,76.0621231951308,-45.0872042214111
26,206_fs2-00002.jpg,76.5664601019054,-45.1525781935063
27,206_fs2-00002.jpg,77.0709449398423,-45.2164069722517
28,206_fs2-00002.jpg,77.5755774824955,-45.2786412931438
29,206_fs2-00002.jpg,78.0803575034186,-45.3392318916797
30,206_fs2-00002.jpg,78.5852847761656,-45.3981295033562
31,206_fs2-00002.jpg,79.0903590742901,-45.4552848636702
32,206_fs2-00002.jpg,79.5955801713458,-45.5106487081184
33,206_fs2-00002.jpg,80.1009478408867,-45.5641717721978
34,206_fs2-00002.jpg,80.6064618564664,-45.6158047914053
35,206_fs2-00002.jpg,81.1121219916388,-45.6654985012374
36,206_fs2-00002.jpg,81.6179311220176,-45.7132036371913
37,206_fs2-00002.jpg,82.1241283564784,-45.7588709347638
38,206_fs2-00002.jpg,82.6308383332288,-45.8024511294517
39,206_fs2-00002.jpg,83.1380253912749,-45.8438949567518
40,206_fs2-00002.jpg,83.6456538696224,-45.883153152161
41,206_fs2-00002.jpg,84.1536881072774,-45.9201764511762
42,206_fs2-00002.jpg,84.6620924432457,-45.9549155892942
43,206_fs2-00002.jpg,85.1708312165333,-45.9873213020118
44,206_fs2-00002.jpg,85.6798687661462,-46.0173443248259
45,206_fs2-00002.jpg,86.1891694310901,-46.0449353932333
46,206_fs2-00002.jpg,86.6986975503712,-46.0700452427311
47,206_fs2-00002.jpg,87.2084174629952,-46.0926246088159
48,206_fs2-00002.jpg,87.7182935079681,-46.1126242269845
49,206_fs2-00002.jpg,88.2282900242959,-46.1299948327339
50,206_fs2-00002.jpg,88.7383713509844,-46.1446871615609
51,206_fs2-00002.jpg,89.2485018270397,-46.1566519489625
52,206_fs2-00002.jpg,89.7586457914675,-46.1658399304353
53,206_fs2-00002.jpg,90.2687675832739,-46.1722018414762
54,206_fs2-00002.jpg,90.7788315414648,-46.1756884175823
55,206_fs2-00002.jpg,91.2888020050461,-46.1762503942501
56,206_fs2-00002.jpg,91.7986433130237,-46.1738385069767
57,206_fs2-00002.jpg,92.3083198044036,-46.1684034912588
58,206_fs2-00002.jpg,92.8177958181917,-46.1598960825934
59,206_fs2-00002.jpg,93.3270356933938,-46.1482670164772
60,206_fs2-00002.jpg,93.836003769016,-46.1334670284073
61,206_fs2-00002.jpg,94.3446643840642,-46.1154468538803
62,206_fs2-00002.jpg,94.8529818775443,-46.094157228393
63,206_fs2-00002.jpg,95.3609205884621,-46.0695488874425
64,206_fs2-00002.jpg,95.8684448558238,-46.0415725665255
65,206_fs2-00002.jpg,96.375519018635,-46.0101790011388
66,206_fs2-00002.jpg,96.8821074159019,-45.9753189267794
67,206_fs2-00002.jpg,97.3881743866303,-45.9369430789442
68,206_fs2-00002.jpg,97.8936842698262,-45.8950021931298
69,206_fs2-00002.jpg,98.3986014044954,-45.8494470048332
70,206_fs2-00002.jpg,98.9029206185064,-45.8002327219317
71,206_fs2-00002.jpg,99.406779687657,-45.7473976323628
72,206_fs2-00002.jpg,99.9102154555782,-45.6910534048204
73,206_fs2-00002.jpg,100.413245775044,-45.631314231142
74,206_fs2-00002.jpg,100.915888498829,-45.5682943031646
75,206_fs2-00002.jpg,101.418161479706,-45.5021078127255
76,206_fs2-00002.jpg,101.920082570451,-45.4328689516617
77,206_fs2-00002.jpg,102.421669623837,-45.3606919118107
78,206_fs2-00002.jpg,102.922940492639,-45.2856908850093
79,206_fs2-00002.jpg,103.423913029631,-45.2079800630951
80,206_fs2-00002.jpg,103.924605087586,-45.127673637905
81,206_fs2-00002.jpg,104.42503451928,-45.0448858012763
82,206_fs2-00002.jpg,104.925219177486,-44.9597307450462
83,206_fs2-00002.jpg,105.425176914978,-44.8723226610518
84,206_fs2-00002.jpg,105.924925584532,-44.7827757411305
85,206_fs2-00002.jpg,106.42448303892,-44.6912041771193
86,206_fs2-00002.jpg,106.923867130917,-44.5977221608555
87,206_fs2-00002.jpg,107.423095713297,-44.5024438841762
88,206_fs2-00002.jpg,107.922186638835,-44.4054835389187
89,206_fs2-00002.jpg,108.421157760304,-44.30695531692
90,206_fs2-00002.jpg,108.92002693048,-44.2069734100176
91,206_fs2-00002.jpg,109.418812002135,-44.1056520100484
92,206_fs2-00002.jpg,109.917530828044,-44.0031053088497
93,206_fs2-00002.jpg,110.416201260982,-43.8994474982588
94,206_fs2-00002.jpg,110.914841153722,-43.7947927701127
95,206_fs2-00002.jpg,111.413468359039,-43.6892553162488
96,206_fs2-00002.jpg,111.912100729707,-43.5829493285041
97,206_fs2-00002.jpg,112.4107561185,-43.475988998716
98,206_fs2-00002.jpg,112.909452378193,-43.3684885187215
99,206_fs2-00002.jpg,113.408207361558,-43.2605620803579
100,206_fs2-00002.jpg,113.907038921372,-43.1523238754622
101,206_fs2-00002.jpg,114.405964910407,-43.0438880958719
102,206_fs2-00002.jpg,114.905003181438,-42.935368933424
103,206_fs2-00002.jpg,115.40417158724,-42.8268805799557
104,206_fs2-00002.jpg,115.903487980586,-42.7185372273043
105,206_fs2-00002.jpg,116.40297021425,-42.6104530673069
106,206_fs2-00002.jpg,116.902636141008,-42.5027422918007
107,206_fs2-00002.jpg,117.402503613632,-42.395519092623
108,206_fs2-00002.jpg,117.902590484897,-42.2888976616108
109,206_fs2-00002.jpg,118.402893397846,-42.1829915799102
110,206_fs2-00002.jpg,118.903188143599,-42.0778838635746
111,206_fs2-00002.jpg,119.403417778037,-41.9736133509817
112,206_fs2-00002.jpg,119.903592075993,-41.8702154309653
113,206_fs2-00002.jpg,120.403720812298,-41.7677254923589
114,206_fs2-00002.jpg,120.903813761785,-41.6661789239957
115,206_fs2-00002.jpg,121.403880699286,-41.5656111147098
116,206_fs2-00002.jpg,121.903931399634,-41.4660574533342
117,206_fs2-00002.jpg,122.403975637662,-41.3675533287028
118,206_fs2-00002.jpg,122.9040231882,-41.2701341296489
119,206_fs2-00002.jpg,123.404083826083,-41.1738352450062
120,206_fs2-00002.jpg,123.904167326142,-41.0786920636082
121,206_fs2-00002.jpg,124.404283463209,-40.9847399742885
122,206_fs2-00002.jpg,124.904442012118,-40.8920143658804
123,206_fs2-00002.jpg,125.4046527477,-40.8005506272176
124,206_fs2-00002.jpg,125.904925444788,-40.7103841471337
125,206_fs2-00002.jpg,126.405269878214,-40.6215503144621
126,206_fs2-00002.jpg,126.90569582281,-40.5340845180365
127,206_fs2-00002.jpg,127.406213053409,-40.4480221466902
128,206_fs2-00002.jpg,127.906831344844,-40.3633985892569
129,206_fs2-00002.jpg,128.407560471947,-40.2802492345702
130,206_fs2-00002.jpg,128.908410209549,-40.1986094714636
131,206_fs2-00002.jpg,129.409390332484,-40.1185146887705
132,206_fs2-00002.jpg,129.910510615584,-40.0400002753245
133,206_fs2-00002.jpg,130.411780833681,-39.9631016199592
134,206_fs2-00002.jpg,130.913210761607,-39.887854111508
135,206_fs2-00002.jpg,131.414810174196,-39.8142931388046
136,206_fs2-00002.jpg,131.916588846279,-39.7424540906825
137,206_fs2-00002.jpg,132.418556552689,-39.6723723559752
138,206_fs2-00002.jpg,132.920723068258,-39.6040833235162
139,206_fs2-00002.jpg,133.423243733856,-39.5376137628367
140,206_fs2-00002.jpg,133.926713802041,-39.4728520691307
141,206_fs2-00002.jpg,134.431096196876,-39.4095750924035
142,206_fs2-00002.jpg,134.936275397333,-39.3475565074482
143,206_fs2-00002.jpg,135.442135882383,-39.2865699890576
144,206_fs2-00002.jpg,135.948562130998,-39.226389212025
145,206_fs2-00002.jpg,136.455438622147,-39.166787851143
146,206_fs2-00002.jpg,136.962649834803,-39.1075395812048
147,206_fs2-00002.jpg,137.470080247936,-39.0484180770035
148,206_fs2-00002.jpg,137.977614340518,-38.9891970133318
149,206_fs2-00002.jpg,138.48513659152,-38.9296500649829
150,206_fs2-00002.jpg,138.992531479913,-38.8695509067497
151,206_fs2-00002.jpg,139.499683484668,-38.8086732134252
152,206_fs2-00002.jpg,140.006477084757,-38.7467906598024
153,206_fs2-00002.jpg,140.51279675915,-38.6836769206742
154,206_fs2-00002.jpg,141.018526986819,-38.6191056708337
155,206_fs2-00002.jpg,141.523552246735,-38.5528505850739
156,206_fs2-00002.jpg,142.027757017869,-38.4846853381877
157,206_fs2-00002.jpg,142.531025779192,-38.414383604968
158,206_fs2-00002.jpg,143.033243009676,-38.3417190602079
159,206_fs2-00002.jpg,143.534293188292,-38.2664653787004
160,206_fs2-00002.jpg,144.03406079401,-38.1883962352384
161,206_fs2-00002.jpg,144.532430305802,-38.1072853046151
162,206_fs2-00002.jpg,145.02928620264,-38.0229062616231
163,206_fs2-00002.jpg,145.524512963493,-37.9350327810557
164,206_fs2-00002.jpg,146.018745233249,-37.8434367667237
165,206_fs2-00002.jpg,146.515583463663,-37.7478555232436
166,206_fs2-00002.jpg,147.014997382713,-37.6479948550799
167,206_fs2-00002.jpg,147.516376602344,-37.5435594172342
168,206_fs2-00002.jpg,148.019110734503,-37.4342538647081
169,206_fs2-00002.jpg,148.522589391135,-37.3197828525036
170,206_fs2-00002.jpg,149.026202184186,-37.1998510356224
171,206_fs2-00002.jpg,149.529338725601,-37.0741630690661
172,206_fs2-00002.jpg,150.031388627327,-36.9424236078365
173,206_fs2-00002.jpg,150.531741501309,-36.8043373069354
174,206_fs2-00002.jpg,151.029786959494,-36.6596088213645
175,206_fs2-00002.jpg,151.524914613826,-36.5079428061255
176,206_fs2-00002.jpg,152.016514076251,-36.3490439162202
177,206_fs2-00002.jpg,152.503974958716,-36.1826168066503
178,206_fs2-00002.jpg,152.986686873166,-36.0083661324176
179,206_fs2-00002.jpg,153.464039431547,-35.8259965485237
180,206_fs2-00002.jpg,153.935422245804,-35.6352127099706
181,206_fs2-00002.jpg,154.400224927883,-35.4357192717597
182,206_fs2-00002.jpg,154.857837089731,-35.227220888893
183,206_fs2-00002.jpg,155.307648343293,-35.0094222163722
184,206_fs2-00002.jpg,155.749048300514,-34.7820279091989
185,206_fs2-00002.jpg,156.18142657334,-34.544742622375
186,206_fs2-00002.jpg,156.606056062585,-34.2972710109021
187,206_fs2-00002.jpg,157.025209598611,-34.0393177297822
188,206_fs2-00002.jpg,157.438913390757,-33.7705874340166
189,206_fs2-00002.jpg,157.847182215108,-33.4907847786076
190,206_fs2-00002.jpg,158.250030847746,-33.1996144185564
191,206_fs2-00002.jpg,158.647474064755,-32.8967810088651
192,206_fs2-00002.jpg,159.039526642218,-32.5819892045353
193,206_fs2-00002.jpg,159.426203356219,-32.2549436605688
194,206_fs2-00002.jpg,159.80751898284,-31.9153490319671
195,206_fs2-00002.jpg,160.183488298166,-31.5629099737324
196,206_fs2-00002.jpg,160.554126078279,-31.197331140866
197,206_fs2-00002.jpg,160.919447099262,-30.81831718837
198,206_fs2-00002.jpg,161.279466137201,-30.4255727712458
199,206_fs2-00002.jpg,161.634197968176,-30.0188025444954
200,206_fs2-00002.jpg,161.983657368273,-29.5977111631204
1,206_fs2-00003.jpg,71.0585141354372,-28.2001343809284
2,206_fs2-00003.jpg,71.270127022833,-28.572853374595
3,206_fs2-00003.jpg,71.484259786637,-28.9422739233788
4,206_fs2-00003.jpg,71.7008791643526,-29.3084343131128
5,206_fs2-00003.jpg,71.9199518934833,-29.6713728296296
6,206_fs2-00003.jpg,72.1414447115327,-30.0311277587624
7,206_fs2-00003.jpg,72.3653243560044,-30.3877373863437
8,206_fs2-00003.jpg,72.5915575644017,-30.7412399982065
9,206_fs2-00003.jpg,72.8201110742285,-31.0916738801835
10,206_fs2-00003.jpg,73.050951622988,-31.4390773181078
11,206_fs2-00003.jpg,73.2840459481838,-31.783488597812
12,206_fs2-00003.jpg,73.5193607873196,-32.124946005129
13,206_fs2-00003.jpg,73.7568628778988,-32.4634878258917
14,206_fs2-00003.jpg,73.9965189574249,-32.7991523459327
15,206_fs2-00003.jpg,74.2382957634015,-33.1319778510851
16,206_fs2-00003.jpg,74.4821600333322,-33.4620026271817
17,206_fs2-00003.jpg,74.7280785047204,-33.7892649600553
18,206_fs2-00003.jpg,74.9760179150697,-34.1138031355388
19,206_fs2-00003.jpg,75.2259450018837,-34.4356554394648
20,206_fs2-00003.jpg,75.4778265026658,-34.7548601576664
21,206_fs2-00003.jpg,75.7316291549196,-35.0714555759763
22,206_fs2-00003.jpg,75.9873196961486,-35.3854799802273
23,206_fs2-00003.jpg,76.2448648638564,-35.6969716562523
24,206_fs2-00003.jpg,76.5042313955464,-36.0059688898842
25,206_fs2-00003.jpg,76.7653860287223,-36.3125099669559
26,206_fs2-00003.jpg,77.0282955008876,-36.6166331732999
27,206_fs2-00003.jpg,77.2929265495457,-36.9183767947494
28,206_fs2-00003.jpg,77.5592459122003,-37.217779117137
29,206_fs2-00003.jpg,77.8272203263548,-37.5148784262956
30,206_fs2-00003.jpg,78.0968165295129,-37.8097130080581
31,206_fs2-00003.jpg,78.3680012591779,-38.1023211482574
32,206_fs2-00003.jpg,78.6407412528536,-38.3927411327261
33,206_fs2-00003.jpg,78.9150032480433,-38.6810112472972
34,206_fs2-00003.jpg,79.1907539822506,-38.9671697778034
35,206_fs2-00003.jpg,79.4679601929791,-39.2512550100778
36,206_fs2-00003.jpg,79.7466045553053,-39.5333052299529
37,206_fs2-00003.jpg,80.0280849649,-39.8133587232619
38,206_fs2-00003.jpg,80.313231671089,-40.0914537758374
39,206_fs2-00003.jpg,80.601919099559,-40.3676286735122
40,206_fs2-00003.jpg,80.8940216759967,-40.6419217021192
41,206_fs2-00003.jpg,81.1894138260884,-40.9143711474914
42,206_fs2-00003.jpg,81.4879699755207,-41.1850152954614
43,206_fs2-00003.jpg,81.7895645499804,-41.4538924318622
44,206_fs2-00003.jpg,82.0940719751538,-41.7210408425265
45,206_fs2-00003.jpg,82.4013666767275,-41.9864988132872
46,206_fs2-00003.jpg,82.7113230803882,-42.2503046299771
47,206_fs2-00003.jpg,83.0238156118224,-42.5124965784291
48,206_fs2-00003.jpg,83.3387186967166,-42.773112944476
49,206_fs2-00003.jpg,83.6559067607574,-43.0321920139507
50,206_fs2-00003.jpg,83.9752542296313,-43.289772072686
51,206_fs2-00003.jpg,84.296635529025,-43.5458914065147
52,206_fs2-00003.jpg,84.6199250846249,-43.8005883012696
53,206_fs2-00003.jpg,84.9449973221177,-44.0539010427835
54,206_fs2-00003.jpg,85.2717266671899,-44.3058679168895
55,206_fs2-00003.jpg,85.599987545528,-44.5565272094202
56,206_fs2-00003.jpg,85.9296543828187,-44.8059172062085
57,206_fs2-00003.jpg,86.2606016047484,-45.0540761930872
58,206_fs2-00003.jpg,86.5927036370038,-45.3010424558893
59,206_fs2-00003.jpg,86.9258349052714,-45.5468542804474
60,206_fs2-00003.jpg,87.2598698352377,-45.7915499525944
61,206_fs2-00003.jpg,87.5946828525893,-46.0351677581632
62,206_fs2-00003.jpg,87.9301483830129,-46.2777459829867
63,206_fs2-00003.jpg,88.2661408521948,-46.5193229128976
64,206_fs2-00003.jpg,88.6029186741504,-46.7599114101495
65,206_fs2-00003.jpg,88.9415701449538,-46.9992523459855
66,206_fs2-00003.jpg,89.2821749738579,-47.23692168855
67,206_fs2-00003.jpg,89.6247373412648,-47.4724930959047
68,206_fs2-00003.jpg,89.9692614275768,-47.7055402261117
69,206_fs2-00003.jpg,90.3157514131958,-47.9356367372325
70,206_fs2-00003.jpg,90.6642114785241,-48.1623562873291
71,206_fs2-00003.jpg,91.0146458039638,-48.3852725344631
72,206_fs2-00003.jpg,91.367058569917,-48.6039591366964
73,206_fs2-00003.jpg,91.721453956786,-48.8179897520907
74,206_fs2-00003.jpg,92.0778361449727,-49.0269380387081
75,206_fs2-00003.jpg,92.4362093148794,-49.23037765461
76,206_fs2-00003.jpg,92.7965776469081,-49.4278822578585
77,206_fs2-00003.jpg,93.1589453214611,-49.6190255065153
78,206_fs2-00003.jpg,93.5233165189405,-49.8033810586421
79,206_fs2-00003.jpg,93.8896954197484,-49.9805225723009
80,206_fs2-00003.jpg,94.258086204287,-50.1500237055532
81,206_fs2-00003.jpg,94.6284930529584,-50.311458116461
82,206_fs2-00003.jpg,95.0009201461647,-50.4643994630861
83,206_fs2-00003.jpg,95.375371664308,-50.6084214034903
84,206_fs2-00003.jpg,95.7518517877906,-50.7430975957353
85,206_fs2-00003.jpg,96.1303646970146,-50.868001697883
86,206_fs2-00003.jpg,96.5112778607153,-50.9827258328493
87,206_fs2-00003.jpg,96.8963466968229,-51.0872161295089
88,206_fs2-00003.jpg,97.2855660393946,-51.1817374064022
89,206_fs2-00003.jpg,97.678657724069,-51.2665658592003
90,206_fs2-00003.jpg,98.0753435864846,-51.3419776835742
91,206_fs2-00003.jpg,98.4753454622801,-51.4082490751949
92,206_fs2-00003.jpg,98.878385187094,-51.4656562297336
93,206_fs2-00003.jpg,99.2841845965648,-51.5144753428609
94,206_fs2-00003.jpg,99.6924655263311,-51.5549826102482
95,206_fs2-00003.jpg,100.102949812032,-51.5874542275664
96,206_fs2-00003.jpg,100.515359289305,-51.6121663904865
97,206_fs2-00003.jpg,100.929415793789,-51.6293952946796
98,206_fs2-00003.jpg,101.344841161123,-51.6394171358168
99,206_fs2-00003.jpg,101.761357226945,-51.6425081095689
100,206_fs2-00003.jpg,102.178685826894,-51.6389444116071
101,206_fs2-00003.jpg,102.596548796609,-51.6290022376023
102,206_fs2-00003.jpg,103.014667971727,-51.6129577832256
103,206_fs2-00003.jpg,103.432765187889,-51.5910872441481
104,206_fs2-00003.jpg,103.850562280731,-51.5636668160407
105,206_fs2-00003.jpg,104.267781085893,-51.5309726945745
106,206_fs2-00003.jpg,104.684143439013,-51.4932810754206
107,206_fs2-00003.jpg,105.09937117573,-51.4508681542497
108,206_fs2-00003.jpg,105.513186131683,-51.4040101267332
109,206_fs2-00003.jpg,105.925310142509,-51.352983188542
110,206_fs2-00003.jpg,106.335465043848,-51.2980635353471
111,206_fs2-00003.jpg,106.743372671338,-51.2395273628194
112,206_fs2-00003.jpg,107.148754860617,-51.1776508666302
113,206_fs2-00003.jpg,107.551333447325,-51.1127102424504
114,206_fs2-00003.jpg,107.950830267099,-51.0449816859509
115,206_fs2-00003.jpg,108.349188756716,-50.9746861207417
116,206_fs2-00003.jpg,108.74878105694,-50.901795503241
117,206_fs2-00003.jpg,109.149424855822,-50.8262117212863
118,206_fs2-00003.jpg,109.550934098191,-50.7478366588552
119,206_fs2-00003.jpg,109.95312272888,-50.6665721999259
120,206_fs2-00003.jpg,110.355804692716,-50.582320228476
121,206_fs2-00003.jpg,110.758793934532,-50.4949826284832
122,206_fs2-00003.jpg,111.161904399157,-50.4044612839256
123,206_fs2-00003.jpg,111.564950031421,-50.3106580787808
124,206_fs2-00003.jpg,111.967744776155,-50.2134748970268
125,206_fs2-00003.jpg,112.370102578189,-50.1128136226413
126,206_fs2-00003.jpg,112.771837382354,-50.0085761396022
127,206_fs2-00003.jpg,113.172763133479,-49.9006643318872
128,206_fs2-00003.jpg,113.572693776396,-49.7889800834744
129,206_fs2-00003.jpg,113.971443255934,-49.6734252783413
130,206_fs2-00003.jpg,114.368825516923,-49.553901800466
131,206_fs2-00003.jpg,114.764654504195,-49.4303115338261
132,206_fs2-00003.jpg,115.158744162579,-49.3025563623995
133,206_fs2-00003.jpg,115.550908436906,-49.1705381701641
134,206_fs2-00003.jpg,115.940961272005,-49.0341588410978
135,206_fs2-00003.jpg,116.328716612708,-48.8933202591783
136,206_fs2-00003.jpg,116.713988403844,-48.7479243083833
137,206_fs2-00003.jpg,117.096590590244,-48.5978728726908
138,206_fs2-00003.jpg,117.476337116739,-48.4430678360786
139,206_fs2-00003.jpg,117.853041928158,-48.2834110825246
140,206_fs2-00003.jpg,118.226518969331,-48.1188044960064
141,206_fs2-00003.jpg,118.59658218509,-47.949149960502
142,206_fs2-00003.jpg,118.963045520265,-47.7743493599893
143,206_fs2-00003.jpg,119.325722919685,-47.594304578446
144,206_fs2-00003.jpg,119.684428328181,-47.4089174998498
145,206_fs2-00003.jpg,120.038975690583,-47.2180900081788
146,206_fs2-00003.jpg,120.389178951722,-47.0217239874106
147,206_fs2-00003.jpg,120.7348577515,-46.8197213352602
148,206_fs2-00003.jpg,121.077100369384,-46.6120289289305
149,206_fs2-00003.jpg,121.416816654743,-46.3987386982947
150,206_fs2-00003.jpg,121.754001195904,-46.1799717574969
151,206_fs2-00003.jpg,122.088648581194,-45.9558492206811
152,206_fs2-00003.jpg,122.420753398939,-45.7264922019913
153,206_fs2-00003.jpg,122.750310237465,-45.4920218155715
154,206_fs2-00003.jpg,123.077313685099,-45.252559175566
155,206_fs2-00003.jpg,123.401758330167,-45.0082253961186
156,206_fs2-00003.jpg,123.723638760996,-44.7591415913735
157,206_fs2-00003.jpg,124.042949565913,-44.5054288754745
158,206_fs2-00003.jpg,124.359685333243,-44.247208362566
159,206_fs2-00003.jpg,124.673840651313,-43.9846011667918
160,206_fs2-00003.jpg,124.98541010845,-43.717728402296
161,206_fs2-00003.jpg,125.294388292979,-43.4467111832226
162,206_fs2-00003.jpg,125.600769793229,-43.1716706237158
163,206_fs2-00003.jpg,125.904549197524,-42.8927278379196
164,206_fs2-00003.jpg,126.205721094191,-42.6100039399779
165,206_fs2-00003.jpg,126.504280071558,-42.3236200440348
166,206_fs2-00003.jpg,126.80022071795,-42.0336972642344
167,206_fs2-00003.jpg,127.093537621693,-41.7403567147209
168,206_fs2-00003.jpg,127.384225371115,-41.443719509638
169,206_fs2-00003.jpg,127.672278554542,-41.14390676313
170,206_fs2-00003.jpg,127.9576917603,-40.8410395893409
171,206_fs2-00003.jpg,128.240459576715,-40.5352391024146
172,206_fs2-00003.jpg,128.520576592115,-40.2266264164954
173,206_fs2-00003.jpg,128.794775476465,-39.9153660153563
174,206_fs2-00003.jpg,129.060638774783,-39.6018032792676
175,206_fs2-00003.jpg,129.319735058363,-39.2863307457344
176,206_fs2-00003.jpg,129.573633603002,-38.9693409523848
177,206_fs2-00003.jpg,129.823903684496,-38.6512264368467
178,206_fs2-00003.jpg,130.07211457864,-38.3323797367484
179,206_fs2-00003.jpg,130.319835561232,-38.013193389718
180,206_fs2-00003.jpg,130.568635908066,-37.6940599333835
181,206_fs2-00003.jpg,130.82008489494,-37.3753719053731
182,206_fs2-00003.jpg,131.075751797648,-37.0575218433147
183,206_fs2-00003.jpg,131.337205891988,-36.7409022848366
184,206_fs2-00003.jpg,131.606016453755,-36.4259057675669
185,206_fs2-00003.jpg,131.881313728415,-36.1129248291335
186,206_fs2-00003.jpg,132.15937887763,-35.8023520071646
187,206_fs2-00003.jpg,132.440136661312,-35.4945798392883
188,206_fs2-00003.jpg,132.723595556855,-35.1900008631328
189,206_fs2-00003.jpg,133.009764041656,-34.8890076163261
190,206_fs2-00003.jpg,133.298650593108,-34.5919926364962
191,206_fs2-00003.jpg,133.590263688607,-34.2993484612714
192,206_fs2-00003.jpg,133.884611805548,-34.0114676282795
193,206_fs2-00003.jpg,134.181703421326,-33.728742675149
194,206_fs2-00003.jpg,134.481547013337,-33.4515661395076
195,206_fs2-00003.jpg,134.784151058976,-33.1803305589837
196,206_fs2-00003.jpg,135.089524035638,-32.9154284712051
197,206_fs2-00003.jpg,135.397674420717,-32.6572524138002
198,206_fs2-00003.jpg,135.708610691609,-32.4061949243968
199,206_fs2-00003.jpg,136.022341325709,-32.1626485406232
200,206_fs2-00003.jpg,136.338874800413,-31.9270058001075
1,206_fs2-00004.jpg,64.4688644688644,-12.6539711424574
2,206_fs2-00004.jpg,64.7522233942425,-13.0250025539913
3,206_fs2-00004.jpg,65.0354558375798,-13.3953264479876
4,206_fs2-00004.jpg,65.3185620111744,-13.7649641779948
5,206_fs2-00004.jpg,65.6015421273244,-14.1339370975616
6,206_fs2-00004.jpg,65.884396398328,-14.5022665602366
7,206_fs2-00004.jpg,66.1671250364832,-14.8699739195685
8,206_fs2-00004.jpg,66.4497282540883,-15.2370805291058
9,206_fs2-00004.jpg,66.7322062634412,-15.6036077423972
10,206_fs2-00004.jpg,67.0145592768401,-15.9695769129914
11,206_fs2-00004.jpg,67.2967875065832,-16.335009394437
12,206_fs2-00004.jpg,67.5788911649685,-16.6999265402824
13,206_fs2-00004.jpg,67.8608704642943,-17.0643497040763
14,206_fs2-00004.jpg,68.1427256168585,-17.4283002393676
15,206_fs2-00004.jpg,68.4244568349594,-17.7917994997047
16,206_fs2-00004.jpg,68.7060643308949,-18.1548688386362
17,206_fs2-00004.jpg,68.9875483169634,-18.5175296097107
18,206_fs2-00004.jpg,69.2689090054629,-18.8798031664769
19,206_fs2-00004.jpg,69.5501466086914,-19.2417108624835
20,206_fs2-00004.jpg,69.8312613389472,-19.6032740512791
21,206_fs2-00004.jpg,70.1122534085283,-19.9645140864121
22,206_fs2-00004.jpg,70.3931230297329,-20.3254523214314
23,206_fs2-00004.jpg,70.673870414859,-20.6861101098855
24,206_fs2-00004.jpg,70.9544957762049,-21.0465088053229
25,206_fs2-00004.jpg,71.2349993260686,-21.4066697612925
26,206_fs2-00004.jpg,71.5153812767482,-21.7666143313427
27,206_fs2-00004.jpg,71.7956418405419,-22.1263638690223
28,206_fs2-00004.jpg,72.0757812297478,-22.4859397278797
29,206_fs2-00004.jpg,72.355799656664,-22.8453632614637
30,206_fs2-00004.jpg,72.6356973335886,-23.2046558233228
31,206_fs2-00004.jpg,72.9154744728197,-23.5638387670058
32,206_fs2-00004.jpg,73.1951312866556,-23.9229334460612
33,206_fs2-00004.jpg,73.4746679873941,-24.2819612140376
34,206_fs2-00004.jpg,73.7540847873337,-24.6409434244837
35,206_fs2-00004.jpg,74.0333818987722,-24.9999014309481
36,206_fs2-00004.jpg,74.3125595340078,-25.3588565869793
37,206_fs2-00004.jpg,74.5916179053388,-25.717830246126
38,206_fs2-00004.jpg,74.8705572250631,-26.076843761937
39,206_fs2-00004.jpg,75.149377705479,-26.4359184879606
40,206_fs2-00004.jpg,75.4280795588844,-26.7950757777458
41,206_fs2-00004.jpg,75.7066663523889,-27.1543369848409
42,206_fs2-00004.jpg,75.9852404161106,-27.5137234627947
43,206_fs2-00004.jpg,76.2638394879794,-27.8732565651557
44,206_fs2-00004.jpg,76.5424495400993,-28.2329576454727
45,206_fs2-00004.jpg,76.8210565445743,-28.5928480572941
46,206_fs2-00004.jpg,77.0996464735081,-28.9529491541686
47,206_fs2-00004.jpg,77.3782052990048,-29.3132822896449
48,206_fs2-00004.jpg,77.6567189931682,-29.6738688172716
49,206_fs2-00004.jpg,77.9351735281023,-30.0347300905972
50,206_fs2-00004.jpg,78.2135548759111,-30.3958874631707
51,206_fs2-00004.jpg,78.4918490086984,-30.7573622885402
52,206_fs2-00004.jpg,78.7700418985681,-31.1191759202546
53,206_fs2-00004.jpg,79.0481195176242,-31.4813497118625
54,206_fs2-00004.jpg,79.3260678379706,-31.8439050169126
55,206_fs2-00004.jpg,79.6038728317112,-32.2068631889533
56,206_fs2-00004.jpg,79.88152047095,-32.5702455815335
57,206_fs2-00004.jpg,80.1589967277908,-32.9340735482016
58,206_fs2-00004.jpg,80.4362875743377,-33.2983684425063
59,206_fs2-00004.jpg,80.7133789826944,-33.6631516179964
60,206_fs2-00004.jpg,80.990256924965,-34.0284444282202
61,206_fs2-00004.jpg,81.2669073732533,-34.3942682267265
62,206_fs2-00004.jpg,81.5433162996633,-34.7606443670638
63,206_fs2-00004.jpg,81.819469676299,-35.127594202781
64,206_fs2-00004.jpg,82.0953534752641,-35.4951390874264
65,206_fs2-00004.jpg,82.3709536686627,-35.8633003745489
66,206_fs2-00004.jpg,82.6462562285986,-36.2320994176969
67,206_fs2-00004.jpg,82.9212471271759,-36.6015575704191
68,206_fs2-00004.jpg,83.1959123364984,-36.9716961862641
69,206_fs2-00004.jpg,83.47023782867,-37.3425366187806
70,206_fs2-00004.jpg,83.7442095757947,-37.7141002215172
71,206_fs2-00004.jpg,84.0178135499763,-38.0864083480226
72,206_fs2-00004.jpg,84.2910357233189,-38.4594823518452
73,206_fs2-00004.jpg,84.5638620679263,-38.8333435865338
74,206_fs2-00004.jpg,84.8362785559024,-39.208013405637
75,206_fs2-00004.jpg,85.1082711593513,-39.5835131627033
76,206_fs2-00004.jpg,85.3798258503767,-39.9598642112815
77,206_fs2-00004.jpg,85.6509179287814,-40.3370878897033
78,206_fs2-00004.jpg,85.9198977229091,-40.715174048509
79,206_fs2-00004.jpg,86.185813987971,-41.0940147932946
80,206_fs2-00004.jpg,86.4489971324076,-41.4734833193197
81,206_fs2-00004.jpg,86.7097775646596,-41.8534528218439
82,206_fs2-00004.jpg,86.9684856931675,-42.2337964961266
83,206_fs2-00004.jpg,87.2254519263718,-42.6143875374275
84,206_fs2-00004.jpg,87.4810066727132,-42.9950991410062
85,206_fs2-00004.jpg,87.7354803406322,-43.375804502122
86,206_fs2-00004.jpg,87.9892033385693,-43.7563768160347
87,206_fs2-00004.jpg,88.2425060749651,-44.1366892780037
88,206_fs2-00004.jpg,88.4957189582603,-44.5166150832887
89,206_fs2-00004.jpg,88.7491723968952,-44.8960274271492
90,206_fs2-00004.jpg,89.0031967993106,-45.2747995048446
91,206_fs2-00004.jpg,89.2581225739469,-45.6528045116347
92,206_fs2-00004.jpg,89.5142801292448,-46.029915642779
93,206_fs2-00004.jpg,89.7719998736447,-46.4060060935369
94,206_fs2-00004.jpg,90.0316122155874,-46.7809490591682
95,206_fs2-00004.jpg,90.2934475635132,-47.1546177349321
96,206_fs2-00004.jpg,90.5578363258628,-47.5268853160885
97,206_fs2-00004.jpg,90.8251089110768,-47.8976249978969
98,206_fs2-00004.jpg,91.0955957275957,-48.2667099756167
99,206_fs2-00004.jpg,91.36962718386,-48.6340134445074
100,206_fs2-00004.jpg,91.6475336883104,-48.9994085998288
101,206_fs2-00004.jpg,91.9296456493873,-49.3627686368404
102,206_fs2-00004.jpg,92.2162934755315,-49.7239667508018
103,206_fs2-00004.jpg,92.5078075751833,-50.0828761369722
104,206_fs2-00004.jpg,92.8045183567834,-50.4393699906117
105,206_fs2-00004.jpg,93.1067489766982,-50.7933215111676
106,206_fs2-00004.jpg,93.4135265268689,-51.1446133582346
107,206_fs2-00004.jpg,93.7239524868796,-51.4931577874795
108,206_fs2-00004.jpg,94.0379724383888,-51.8388728265958
109,206_fs2-00004.jpg,94.355531963055,-52.1816765032768
110,206_fs2-00004.jpg,94.6765766425368,-52.521486845216
111,206_fs2-00004.jpg,95.0010520584926,-52.8582218801067
112,206_fs2-00004.jpg,95.328903792581,-53.1917996356424
113,206_fs2-00004.jpg,95.6600774264605,-53.5221381395164
114,206_fs2-00004.jpg,95.9945185417898,-53.8491554194221
115,206_fs2-00004.jpg,96.3321727202272,-54.1727695030529
116,206_fs2-00004.jpg,96.6729855434313,-54.4928984181023
117,206_fs2-00004.jpg,97.0169025930606,-54.8094601922635
118,206_fs2-00004.jpg,97.3638694507737,-55.12237285323
119,206_fs2-00004.jpg,97.7138316982292,-55.4315544286952
120,206_fs2-00004.jpg,98.0667349170854,-55.7369229463526
121,206_fs2-00004.jpg,98.422524689001,-56.0383964338954
122,206_fs2-00004.jpg,98.7811465956345,-56.3358929190171
123,206_fs2-00004.jpg,99.1425462186445,-56.629330429411
124,206_fs2-00004.jpg,99.5066691396894,-56.9186269927706
125,206_fs2-00004.jpg,99.8734609404278,-57.2037006367891
126,206_fs2-00004.jpg,100.242867202518,-57.4844693891603
127,206_fs2-00004.jpg,100.614833507619,-57.7608512775771
128,206_fs2-00004.jpg,100.989305437389,-58.0327643297333
129,206_fs2-00004.jpg,101.366228573487,-58.300126573322
130,206_fs2-00004.jpg,101.74554849757,-58.5628560360368
131,206_fs2-00004.jpg,102.127210791299,-58.820870745571
132,206_fs2-00004.jpg,102.51116103633,-59.074088729618
133,206_fs2-00004.jpg,102.897344814324,-59.3224280158712
134,206_fs2-00004.jpg,103.285707706937,-59.565806632024
135,206_fs2-00004.jpg,103.676195295829,-59.8041426057698
136,206_fs2-00004.jpg,104.068753162659,-60.0373539648019
137,206_fs2-00004.jpg,104.463326889084,-60.2653587368138
138,206_fs2-00004.jpg,104.859862056764,-60.4880749494989
139,206_fs2-00004.jpg,105.258304247357,-60.7054206305506
140,206_fs2-00004.jpg,105.658599042521,-60.9173138076623
141,206_fs2-00004.jpg,106.060692023915,-61.1236725085272
142,206_fs2-00004.jpg,106.464528773197,-61.3244147608389
143,206_fs2-00004.jpg,106.870054872027,-61.5194585922907
144,206_fs2-00004.jpg,107.277218946693,-61.7087220290817
145,206_fs2-00004.jpg,107.69169917063,-61.8919939891639
146,206_fs2-00004.jpg,108.117858033697,-62.068581575557
147,206_fs2-00004.jpg,108.554442919566,-62.2376795191939
148,206_fs2-00004.jpg,109.00020121191,-62.398482551007
149,206_fs2-00004.jpg,109.4538802944,-62.550185401929
150,206_fs2-00004.jpg,109.91422755071,-62.6919828028925
151,206_fs2-00004.jpg,110.379990364512,-62.8230694848302
152,206_fs2-00004.jpg,110.849916119478,-62.9426401786745
153,206_fs2-00004.jpg,111.322752199281,-63.0498896153582
154,206_fs2-00004.jpg,111.797245987594,-63.1440125258139
155,206_fs2-00004.jpg,112.272144868088,-63.2242036409741
156,206_fs2-00004.jpg,112.746196224437,-63.2896576917715
157,206_fs2-00004.jpg,113.218147440313,-63.3395694091387
158,206_fs2-00004.jpg,113.686745899388,-63.3731335240083
159,206_fs2-00004.jpg,114.150738985336,-63.3895447673128
160,206_fs2-00004.jpg,114.608874081827,-63.387997869985
161,206_fs2-00004.jpg,115.059898572535,-63.3676875629575
162,206_fs2-00004.jpg,115.502559841133,-63.3278085771628
163,206_fs2-00004.jpg,115.935605271292,-63.2675556435336
164,206_fs2-00004.jpg,116.357782246686,-63.1861234930024
165,206_fs2-00004.jpg,116.772746592233,-63.0827593606786
166,206_fs2-00004.jpg,117.198797607415,-62.9575076617012
167,206_fs2-00004.jpg,117.634877487955,-62.8110324496075
168,206_fs2-00004.jpg,118.077621727485,-62.6440140657321
169,206_fs2-00004.jpg,118.523665819638,-62.4571328514098
170,206_fs2-00004.jpg,118.969645258045,-62.2510691479752
171,206_fs2-00004.jpg,119.412195536337,-62.0265032967628
172,206_fs2-00004.jpg,119.847952148148,-61.7841156391075
173,206_fs2-00004.jpg,120.273550587108,-61.524586516344
174,206_fs2-00004.jpg,120.68562634685,-61.2485962698067
175,206_fs2-00004.jpg,121.080814921006,-60.9568252408305
176,206_fs2-00004.jpg,121.455751803207,-60.64995377075
177,206_fs2-00004.jpg,121.807072487086,-60.3286622008999
178,206_fs2-00004.jpg,122.131412466274,-59.9936308726147
179,206_fs2-00004.jpg,122.425407234403,-59.6455401272293
180,206_fs2-00004.jpg,122.685692285105,-59.2850703060782
181,206_fs2-00004.jpg,122.908903112013,-58.9129017504962
182,206_fs2-00004.jpg,123.095681001357,-58.5297148018179
183,206_fs2-00004.jpg,123.274648912422,-58.136189801378
184,206_fs2-00004.jpg,123.451314076032,-57.733007090511
185,206_fs2-00004.jpg,123.624715731237,-57.3208470105519
186,206_fs2-00004.jpg,123.793893117085,-56.9003899028351
187,206_fs2-00004.jpg,123.957885472626,-56.4723161086954
188,206_fs2-00004.jpg,124.115732036907,-56.0373059694673
189,206_fs2-00004.jpg,124.266472048978,-55.5960398264857
190,206_fs2-00004.jpg,124.409144747889,-55.1491980210851
191,206_fs2-00004.jpg,124.542789372687,-54.6974608946002
192,206_fs2-00004.jpg,124.666445162421,-54.2415087883658
193,206_fs2-00004.jpg,124.779151356141,-53.7820220437164
194,206_fs2-00004.jpg,124.879947192895,-53.3196810019867
195,206_fs2-00004.jpg,124.967871911733,-52.8551660045115
196,206_fs2-00004.jpg,125.041964751702,-52.3891573926253
197,206_fs2-00004.jpg,125.101264951853,-51.9223355076628
198,206_fs2-00004.jpg,125.144811751233,-51.4553806909587
199,206_fs2-00004.jpg,125.171644388892,-50.9889732838477
200,206_fs2-00004.jpg,125.180802103879,-50.5237936276645
1,206_fs2-00005.jpg,43.1295200525968,-8.83693347926589
2,206_fs2-00005.jpg,43.5310649284625,-9.06159275559924
3,206_fs2-00005.jpg,43.9325722201896,-9.28171264557272
4,206_fs2-00005.jpg,44.3340421058205,-9.49745351000013
5,206_fs2-00005.jpg,44.7354747633978,-9.70897570969555
6,206_fs2-00005.jpg,45.1368703709637,-9.91643960547253
7,206_fs2-00005.jpg,45.5382291065607,-10.1200055581452
8,206_fs2-00005.jpg,45.9395511482311,-10.3198339285273
9,206_fs2-00005.jpg,46.3408366740175,-10.5160850774328
10,206_fs2-00005.jpg,46.742085861962,-10.7089193656755
11,206_fs2-00005.jpg,47.1432988901072,-10.8984971540692
12,206_fs2-00005.jpg,47.5444759364954,-11.0849788034279
13,206_fs2-00005.jpg,47.9456171791691,-11.2685246745656
14,206_fs2-00005.jpg,48.3467227961706,-11.4492951282958
15,206_fs2-00005.jpg,48.7477929655424,-11.6274505254327
16,206_fs2-00005.jpg,49.1488278653267,-11.80315122679
17,206_fs2-00005.jpg,49.5498276735661,-11.9765575931816
18,206_fs2-00005.jpg,49.9507925683029,-12.1478299854214
19,206_fs2-00005.jpg,50.3517227275795,-12.3171287643232
20,206_fs2-00005.jpg,50.7526183294383,-12.4846142907011
21,206_fs2-00005.jpg,51.1534795519217,-12.6504469253687
22,206_fs2-00005.jpg,51.5543065730722,-12.81478702914
23,206_fs2-00005.jpg,51.955099570932,-12.9777949628289
24,206_fs2-00005.jpg,52.3558587235435,-13.1396310872491
25,206_fs2-00005.jpg,52.7565842089493,-13.3004557632147
26,206_fs2-00005.jpg,53.1572762051916,-13.4604293515395
27,206_fs2-00005.jpg,53.5579348903129,-13.6197122130372
28,206_fs2-00005.jpg,53.9585604423556,-13.7784647085219
29,206_fs2-00005.jpg,54.3591530393621,-13.9368471988074
30,206_fs2-00005.jpg,54.7597128593747,-14.0950200447076
31,206_fs2-00005.jpg,55.1602400804359,-14.2531436070361
32,206_fs2-00005.jpg,55.560734880588,-14.4113782466072
33,206_fs2-00005.jpg,55.9614700865759,-14.5698843242345
34,206_fs2-00005.jpg,56.3638650129562,-14.728822200732
35,206_fs2-00005.jpg,56.7679265376788,-14.8883522369135
36,206_fs2-00005.jpg,57.1734210337436,-15.0486347935929
37,206_fs2-00005.jpg,57.5801148741502,-15.209830231584
38,206_fs2-00005.jpg,57.9877744318985,-15.3720989117007
39,206_fs2-00005.jpg,58.3961660799883,-15.535601194757
40,206_fs2-00005.jpg,58.8050561914195,-15.7004974415667
41,206_fs2-00005.jpg,59.2142111391918,-15.8669480129436
42,206_fs2-00005.jpg,59.623397296305,-16.0351132697016
43,206_fs2-00005.jpg,60.0323810357589,-16.2051535726546
44,206_fs2-00005.jpg,60.4409287305534,-16.3772292826164
45,206_fs2-00005.jpg,60.8488067536882,-16.5515007604009
46,206_fs2-00005.jpg,61.2557814781631,-16.7281283668221
47,206_fs2-00005.jpg,61.6616192769779,-16.9072724626939
48,206_fs2-00005.jpg,62.0660865231326,-17.0890934088299
49,206_fs2-00005.jpg,62.4689495896268,-17.2737515660441
50,206_fs2-00005.jpg,62.8699748494603,-17.4614072951505
51,206_fs2-00005.jpg,63.2689286756331,-17.6522209569628
52,206_fs2-00005.jpg,63.6655774411448,-17.8463529122948
53,206_fs2-00005.jpg,64.0596875189952,-18.0439635219607
54,206_fs2-00005.jpg,64.4510252821843,-18.2452131467742
55,206_fs2-00005.jpg,64.8393571037117,-18.450262147549
56,206_fs2-00005.jpg,65.2244493565773,-18.6592708850992
57,206_fs2-00005.jpg,65.606068413781,-18.8723997202386
58,206_fs2-00005.jpg,65.9839806483224,-19.0898090137811
59,206_fs2-00005.jpg,66.3579564911579,-19.311659109134
60,206_fs2-00005.jpg,66.7287852654234,-19.5380455459438
61,206_fs2-00005.jpg,67.097241396641,-19.7688528747283
62,206_fs2-00005.jpg,67.4634045415035,-20.0039227787159
63,206_fs2-00005.jpg,67.8273543567038,-20.2430969411354
64,206_fs2-00005.jpg,68.1891704989351,-20.4862170452153
65,206_fs2-00005.jpg,68.5489326248904,-20.7331247741844
66,206_fs2-00005.jpg,68.9067203912625,-20.9836618112711
67,206_fs2-00005.jpg,69.2626134547446,-21.2376698397039
68,206_fs2-00005.jpg,69.6166914720296,-21.4949905427118
69,206_fs2-00005.jpg,69.9690340998105,-21.755465603523
70,206_fs2-00005.jpg,70.3197209947802,-22.0189367053664
71,206_fs2-00005.jpg,70.6688318136319,-22.2852455314704
72,206_fs2-00005.jpg,71.0164462130584,-22.5542337650638
73,206_fs2-00005.jpg,71.3626438497528,-22.825743089375
74,206_fs2-00005.jpg,71.707504380408,-23.0996151876328
75,206_fs2-00005.jpg,72.0511074617171,-23.3756917430657
76,206_fs2-00005.jpg,72.3935327503731,-23.6538144389023
77,206_fs2-00005.jpg,72.7348599030689,-23.9338249583712
78,206_fs2-00005.jpg,73.0751685764975,-24.215564984701
79,206_fs2-00005.jpg,73.414538427352,-24.4988762011204
80,206_fs2-00005.jpg,73.7530491123253,-24.783600290858
81,206_fs2-00005.jpg,74.0907802881105,-25.0695789371423
82,206_fs2-00005.jpg,74.4278116114004,-25.356653823202
83,206_fs2-00005.jpg,74.7642227388881,-25.6446666322656
84,206_fs2-00005.jpg,75.1000933272667,-25.9334590475619
85,206_fs2-00005.jpg,75.435503033229,-26.2228727523192
86,206_fs2-00005.jpg,75.7705315134681,-26.5127494297664
87,206_fs2-00005.jpg,76.1052584246771,-26.8029307631319
88,206_fs2-00005.jpg,76.4397634235488,-27.0932584356445
89,206_fs2-00005.jpg,76.7741261667762,-27.3835741305327
90,206_fs2-00005.jpg,77.1084263110524,-27.6737195310251
91,206_fs2-00005.jpg,77.4427781056938,-27.9635679119697
92,206_fs2-00005.jpg,77.7771830125108,-28.2531805314865
93,206_fs2-00005.jpg,78.1114911767827,-28.5426878989524
94,206_fs2-00005.jpg,78.4455512949234,-28.8322206322276
95,206_fs2-00005.jpg,78.7792120633463,-29.1219093491723
96,206_fs2-00005.jpg,79.112322178465,-29.4118846676467
97,206_fs2-00005.jpg,79.4447303366931,-29.702277205511
98,206_fs2-00005.jpg,79.7762852344443,-29.9932175806252
99,206_fs2-00005.jpg,80.1068355681321,-30.2848364108498
100,206_fs2-00005.jpg,80.4362300341701,-30.5772643140448
101,206_fs2-00005.jpg,80.764317328972,-30.8706319080703
102,206_fs2-00005.jpg,81.0909461489512,-31.1650698107867
103,206_fs2-00005.jpg,81.4159651905215,-31.4607086400539
104,206_fs2-00005.jpg,81.7392231500964,-31.7576790137324
105,206_fs2-00005.jpg,82.0605687240896,-32.0561115496821
106,206_fs2-00005.jpg,82.3798506089146,-32.3561368657633
107,206_fs2-00005.jpg,82.6969175009849,-32.6578855798363
108,206_fs2-00005.jpg,83.0116180967143,-32.9614883097611
109,206_fs2-00005.jpg,83.3238010925163,-33.2670756733979
110,206_fs2-00005.jpg,83.6333151848045,-33.574778288607
111,206_fs2-00005.jpg,83.9400090699926,-33.8847267732486
112,206_fs2-00005.jpg,84.243731444494,-34.1970517451828
113,206_fs2-00005.jpg,84.5446223491272,-34.5118764344187
114,206_fs2-00005.jpg,84.8438053973423,-34.8292117701111
115,206_fs2-00005.jpg,85.1414003366463,-35.1489813246237
116,206_fs2-00005.jpg,85.4373969168503,-35.4711063701577
117,206_fs2-00005.jpg,85.731784887766,-35.7955081789146
118,206_fs2-00005.jpg,86.0245539992047,-36.1221080230956
119,206_fs2-00005.jpg,86.3156940009777,-36.4508271749021
120,206_fs2-00005.jpg,86.6051946428964,-36.7815869065354
121,206_fs2-00005.jpg,86.8930456747724,-37.1143084901969
122,206_fs2-00005.jpg,87.1792368464169,-37.4489131980879
123,206_fs2-00005.jpg,87.4637579076413,-37.7853223024098
124,206_fs2-00005.jpg,87.746598608257,-38.1234570753638
125,206_fs2-00005.jpg,88.0277486980755,-38.4632387891513
126,206_fs2-00005.jpg,88.3071979269081,-38.8045887159738
127,206_fs2-00005.jpg,88.5849360445662,-39.1474281280323
128,206_fs2-00005.jpg,88.8609528008613,-39.4916782975284
129,206_fs2-00005.jpg,89.1352379456046,-39.8372604966635
130,206_fs2-00005.jpg,89.4077812286076,-40.1840959976387
131,206_fs2-00005.jpg,89.6785723996818,-40.5321060726553
132,206_fs2-00005.jpg,89.9476012086384,-40.8812119939149
133,206_fs2-00005.jpg,90.2148574052889,-41.2313350336188
134,206_fs2-00005.jpg,90.4803307394447,-41.5823964639682
135,206_fs2-00005.jpg,90.7440109609172,-41.9343175571645
136,206_fs2-00005.jpg,91.0058878195177,-42.287019585409
137,206_fs2-00005.jpg,91.2659510650577,-42.640423820903
138,206_fs2-00005.jpg,91.5240632170839,-42.9944595953016
139,206_fs2-00005.jpg,91.7799261082442,-43.3491338378066
140,206_fs2-00005.jpg,92.0336229479648,-43.704496826578
141,206_fs2-00005.jpg,92.2852576500615,-44.0605993127666
142,206_fs2-00005.jpg,92.5349341283505,-44.4174920475234
143,206_fs2-00005.jpg,92.7827562966478,-44.7752257819994
144,206_fs2-00005.jpg,93.0288280687694,-45.1338512673453
145,206_fs2-00005.jpg,93.2732533585312,-45.4934192547122
146,206_fs2-00005.jpg,93.5161360797494,-45.8539804952508
147,206_fs2-00005.jpg,93.7575801462399,-46.215585740112
148,206_fs2-00005.jpg,93.9976894718187,-46.5782857404469
149,206_fs2-00005.jpg,94.2365679703019,-46.9421312474061
150,206_fs2-00005.jpg,94.4743195555054,-47.3071730121408
151,206_fs2-00005.jpg,94.7110481412453,-47.6734617858016
152,206_fs2-00005.jpg,94.9468576413376,-48.0410483195395
153,206_fs2-00005.jpg,95.1818519695983,-48.4099833645055
154,206_fs2-00005.jpg,95.4161350398434,-48.7803176718503
155,206_fs2-00005.jpg,95.6498107658888,-49.152101992725
156,206_fs2-00005.jpg,95.8829830615508,-49.5253870782803
157,206_fs2-00005.jpg,96.1157558406452,-49.9002236796673
158,206_fs2-00005.jpg,96.3482330169881,-50.2766625480367
159,206_fs2-00005.jpg,96.5805185043954,-50.6547544345395
160,206_fs2-00005.jpg,96.8127162166833,-51.0345500903265
161,206_fs2-00005.jpg,97.0449300676676,-51.4161002665487
162,206_fs2-00005.jpg,97.2772639711645,-51.799455714357
163,206_fs2-00005.jpg,97.5098218409898,-52.1846671849021
164,206_fs2-00005.jpg,97.7427075909598,-52.5717854293351
165,206_fs2-00005.jpg,97.9747614938951,-52.9608406308596
166,206_fs2-00005.jpg,98.2016260709025,-53.3515826899899
167,206_fs2-00005.jpg,98.4236272600453,-53.7435589865687
168,206_fs2-00005.jpg,98.6415661658933,-54.1363124015447
169,206_fs2-00005.jpg,98.8562438930164,-54.5293858158666
170,206_fs2-00005.jpg,99.0684615459845,-54.9223221104827
171,206_fs2-00005.jpg,99.2790202293675,-55.3146641663418
172,206_fs2-00005.jpg,99.4887210477353,-55.7059548643925
173,206_fs2-00005.jpg,99.6983651056578,-56.0957370855833
174,206_fs2-00005.jpg,99.9087535077049,-56.4835537108629
175,206_fs2-00005.jpg,100.120687358447,-56.8689476211799
176,206_fs2-00005.jpg,100.334967762453,-57.2514616974828
177,206_fs2-00005.jpg,100.552395824293,-57.6306388207203
178,206_fs2-00005.jpg,100.773772648538,-58.006021871841
179,206_fs2-00005.jpg,100.999899339757,-58.3771537317933
180,206_fs2-00005.jpg,101.23157700252,-58.7435772815262
181,206_fs2-00005.jpg,101.469606741397,-59.1048354019879
182,206_fs2-00005.jpg,101.714789660957,-59.4604709741272
183,206_fs2-00005.jpg,101.967926865772,-59.8100268788927
184,206_fs2-00005.jpg,102.22981946041,-60.153045997233
185,206_fs2-00005.jpg,102.501268549442,-60.4890712100965
186,206_fs2-00005.jpg,102.783378271726,-60.8176453984321
187,206_fs2-00005.jpg,103.078184945034,-61.1383114431883
188,206_fs2-00005.jpg,103.385401582686,-61.4506122253135
189,206_fs2-00005.jpg,103.704393003282,-61.7540906257567
190,206_fs2-00005.jpg,104.034524025424,-62.0482895254661
191,206_fs2-00005.jpg,104.375159467714,-62.3327518053906
192,206_fs2-00005.jpg,104.725664148751,-62.6070203464785
193,206_fs2-00005.jpg,105.085402887139,-62.8706380296786
194,206_fs2-00005.jpg,105.453740501477,-63.1231477359396
195,206_fs2-00005.jpg,105.830041810369,-63.3640923462099
196,206_fs2-00005.jpg,106.213671632413,-63.5930147414382
197,206_fs2-00005.jpg,106.603994786213,-63.809457802573
198,206_fs2-00005.jpg,107.00037609037,-64.012964410563
199,206_fs2-00005.jpg,107.402180363484,-64.2030774463568
200,206_fs2-00005.jpg,107.808772424157,-64.3793397909029
1,206_fs2-00006.jpg,33.9025077486615,9.57200800659882
2,206_fs2-00006.jpg,34.1629983209581,9.21207328152349
3,206_fs2-00006.jpg,34.4242416553821,8.84996538610164
4,206_fs2-00006.jpg,34.6862298350306,8.48578557530658
5,206_fs2-00006.jpg,34.9489549430008,8.11963510411164
6,206_fs2-00006.jpg,35.2124090623898,7.75161522749011
7,206_fs2-00006.jpg,35.4765842762948,7.38182720041527
8,206_fs2-00006.jpg,35.741472667813,7.01037227786048
9,206_fs2-00006.jpg,36.0070663200414,6.63735171479908
10,206_fs2-00006.jpg,36.2733573160772,6.26286676620435
11,206_fs2-00006.jpg,36.5403377390177,5.88701868704959
12,206_fs2-00006.jpg,36.8079996719597,5.50990873230813
13,206_fs2-00006.jpg,37.0763351980007,5.13163815695327
14,206_fs2-00006.jpg,37.3453364002377,4.75230821595829
15,206_fs2-00006.jpg,37.6149953617678,4.37202016429666
16,206_fs2-00006.jpg,37.8853041656882,3.99087525694148
17,206_fs2-00006.jpg,38.156254895096,3.60897474886622
18,206_fs2-00006.jpg,38.4278396330884,3.22641989504416
19,206_fs2-00006.jpg,38.7000504627625,2.84331195044854
20,206_fs2-00006.jpg,38.9728794672155,2.45975217005275
21,206_fs2-00006.jpg,39.2463187295446,2.07584180883009
22,206_fs2-00006.jpg,39.5203603328467,1.6916821217539
23,206_fs2-00006.jpg,39.7949963602192,1.30737436379746
24,206_fs2-00006.jpg,40.0702188947592,0.923019789934017
25,206_fs2-00006.jpg,40.3460200195637,0.538719655137015
26,206_fs2-00006.jpg,40.62239181773,0.15457521437969
27,206_fs2-00006.jpg,40.8993263723551,-0.229312277364613
28,206_fs2-00006.jpg,41.1768157665363,-0.612841565122608
29,206_fs2-00006.jpg,41.4548520833707,-0.995911393920949
30,206_fs2-00006.jpg,41.7334274059554,-1.37842050878635
31,206_fs2-00006.jpg,42.0125338173876,-1.76026765474546
32,206_fs2-00006.jpg,42.291726555187,-2.14135157682506
33,206_fs2-00006.jpg,42.5701230047071,-2.52157102005174
34,206_fs2-00006.jpg,42.8479273730387,-2.90082472945215
35,206_fs2-00006.jpg,43.1253863827841,-3.27901145005313
36,206_fs2-00006.jpg,43.4027467565454,-3.65602992688122
37,206_fs2-00006.jpg,43.6802552169249,-4.03177890496318
38,206_fs2-00006.jpg,43.9581584865248,-4.40615712932561
39,206_fs2-00006.jpg,44.2367032879473,-4.77906334499539
40,206_fs2-00006.jpg,44.5161363437946,-5.15039629699902
41,206_fs2-00006.jpg,44.7967043766689,-5.5200547303632
42,206_fs2-00006.jpg,45.0786541091723,-5.88793739011464
43,206_fs2-00006.jpg,45.3622322639072,-6.25394302128018
44,206_fs2-00006.jpg,45.6476855634756,-6.61797036888629
45,206_fs2-00006.jpg,45.93526073048,-6.97991817795969
46,206_fs2-00006.jpg,46.2252044875223,-7.3396851935272
47,206_fs2-00006.jpg,46.5177635572049,-7.69717016061543
48,206_fs2-00006.jpg,46.8131846621299,-8.05227182425097
49,206_fs2-00006.jpg,47.1117145248995,-8.40488892946064
50,206_fs2-00006.jpg,47.413599868116,-8.75492022127105
51,206_fs2-00006.jpg,47.7190874143816,-9.10226444470891
52,206_fs2-00006.jpg,48.0284238862984,-9.44682034480093
53,206_fs2-00006.jpg,48.3418560064687,-9.78848666657382
54,206_fs2-00006.jpg,48.6595903426779,-10.1271661200469
55,206_fs2-00006.jpg,48.9815526960909,-10.4628086027108
56,206_fs2-00006.jpg,49.3075789199755,-10.7953949834517
57,206_fs2-00006.jpg,49.637507650519,-11.1249066715887
58,206_fs2-00006.jpg,49.971177523909,-11.4513250764408
59,206_fs2-00006.jpg,50.3084271763329,-11.7746316073265
60,206_fs2-00006.jpg,50.6490952439785,-12.0948076735648
61,206_fs2-00006.jpg,50.9930203630329,-12.4118346844747
62,206_fs2-00006.jpg,51.340041169684,-12.725694049375
63,206_fs2-00006.jpg,51.6899963001189,-13.0363671775846
64,206_fs2-00006.jpg,52.0427243905254,-13.3438354784223
65,206_fs2-00006.jpg,52.3980640770909,-13.648080361207
66,206_fs2-00006.jpg,52.7558539960029,-13.9490832352576
67,206_fs2-00006.jpg,53.1159327834488,-14.2468255098929
68,206_fs2-00006.jpg,53.4781390756164,-14.5412885944318
69,206_fs2-00006.jpg,53.8423115086928,-14.8324538981932
70,206_fs2-00006.jpg,54.2082887188658,-15.120302830496
71,206_fs2-00006.jpg,54.5759093423228,-15.404816800659
72,206_fs2-00006.jpg,54.9450120152513,-15.6859772180011
73,206_fs2-00006.jpg,55.3154353738389,-15.9637654918412
74,206_fs2-00006.jpg,55.6870180542729,-16.2381630314979
75,206_fs2-00006.jpg,56.0595986927408,-16.5091512462906
76,206_fs2-00006.jpg,56.4330159254304,-16.7767115455378
77,206_fs2-00006.jpg,56.8071500447128,-17.0408254864524
78,206_fs2-00006.jpg,57.1837450916662,-17.3015245606945
79,206_fs2-00006.jpg,57.5636563284211,-17.5589625756911
80,206_fs2-00006.jpg,57.9466987419492,-17.8133117228058
81,206_fs2-00006.jpg,58.3326873192217,-18.0647441934019
82,206_fs2-00006.jpg,58.7214370472103,-18.313432178843
83,206_fs2-00006.jpg,59.1127629128863,-18.5595478704921
84,206_fs2-00006.jpg,59.5064799032212,-18.803263459713
85,206_fs2-00006.jpg,59.9024030051865,-19.0447511378687
86,206_fs2-00006.jpg,60.3003472057537,-19.284183096323
87,206_fs2-00006.jpg,60.7001274918941,-19.5217315264391
88,206_fs2-00006.jpg,61.1015588505793,-19.7575686195803
89,206_fs2-00006.jpg,61.5044562687807,-19.9918665671103
90,206_fs2-00006.jpg,61.9086347334699,-20.2247975603921
91,206_fs2-00006.jpg,62.3139092316181,-20.4565337907893
92,206_fs2-00006.jpg,62.720094750197,-20.6872474496654
93,206_fs2-00006.jpg,63.127006276178,-20.9171107283837
94,206_fs2-00006.jpg,63.5344587965325,-21.1462958183075
95,206_fs2-00006.jpg,63.942267298232,-21.3749749108003
96,206_fs2-00006.jpg,64.350246768248,-21.6033201972255
97,206_fs2-00006.jpg,64.7582121935519,-21.8315038689465
98,206_fs2-00006.jpg,65.1659785611152,-22.0596981173265
99,206_fs2-00006.jpg,65.5733608579093,-22.2880751337293
100,206_fs2-00006.jpg,65.9801740709058,-22.516807109518
101,206_fs2-00006.jpg,66.3862331870761,-22.746066236056
102,206_fs2-00006.jpg,66.7913531933916,-22.9760247047068
103,206_fs2-00006.jpg,67.1953490768237,-23.2068547068337
104,206_fs2-00006.jpg,67.5980358243441,-23.4387284338003
105,206_fs2-00006.jpg,67.9996714603335,-23.6717889881434
106,206_fs2-00006.jpg,68.4011557424143,-23.9059531488505
107,206_fs2-00006.jpg,68.802561934136,-24.1410316426909
108,206_fs2-00006.jpg,69.2039314614558,-24.3768345889741
109,206_fs2-00006.jpg,69.6053057503315,-24.6131721070097
110,206_fs2-00006.jpg,70.0067262267206,-24.8498543161072
111,206_fs2-00006.jpg,70.4082343165808,-25.0866913355761
112,206_fs2-00006.jpg,70.8098714458696,-25.3234932847258
113,206_fs2-00006.jpg,71.2116790405447,-25.5600702828659
114,206_fs2-00006.jpg,71.6136985265636,-25.7962324493059
115,206_fs2-00006.jpg,72.0159713298838,-26.0317899033553
116,206_fs2-00006.jpg,72.4185388764629,-26.2665527643235
117,206_fs2-00006.jpg,72.8214425922587,-26.5003311515202
118,206_fs2-00006.jpg,73.2247239032286,-26.7329351842548
119,206_fs2-00006.jpg,73.6284242353302,-26.9641749818368
120,206_fs2-00006.jpg,74.0325850145211,-27.1938606635757
121,206_fs2-00006.jpg,74.4372476667589,-27.4218023487812
122,206_fs2-00006.jpg,74.8424536180013,-27.6478101567625
123,206_fs2-00006.jpg,75.2482442942057,-27.8716942068293
124,206_fs2-00006.jpg,75.6546611213298,-28.093264618291
125,206_fs2-00006.jpg,76.0617455253311,-28.3123315104572
126,206_fs2-00006.jpg,76.4695389321672,-28.5287050026374
127,206_fs2-00006.jpg,76.8780827677958,-28.742195214141
128,206_fs2-00006.jpg,77.2875185623281,-28.9526139127042
129,206_fs2-00006.jpg,77.6998616787979,-29.1599598648969
130,206_fs2-00006.jpg,78.1155576376368,-29.3645885005407
131,206_fs2-00006.jpg,78.5341675183766,-29.5668953327691
132,206_fs2-00006.jpg,78.9552524005491,-29.7672758747161
133,206_fs2-00006.jpg,79.3783733636858,-29.9661256395153
134,206_fs2-00006.jpg,79.8030914873185,-30.1638401403003
135,206_fs2-00006.jpg,80.228967850979,-30.3608148902049
136,206_fs2-00006.jpg,80.655563534199,-30.5574454023629
137,206_fs2-00006.jpg,81.08243961651,-30.7541271899078
138,206_fs2-00006.jpg,81.509157177444,-30.9512557659733
139,206_fs2-00006.jpg,81.9352772965325,-31.1492266436934
140,206_fs2-00006.jpg,82.3603610533074,-31.3484353362014
141,206_fs2-00006.jpg,82.7839695273003,-31.5492773566314
142,206_fs2-00006.jpg,83.2056637980429,-31.7521482181168
143,206_fs2-00006.jpg,83.625004945067,-31.9574434337914
144,206_fs2-00006.jpg,84.0415540479042,-32.1655585167888
145,206_fs2-00006.jpg,84.4548721860862,-32.3768889802429
146,206_fs2-00006.jpg,84.8645204391449,-32.5918303372874
147,206_fs2-00006.jpg,85.2700598866118,-32.8107781010558
148,206_fs2-00006.jpg,85.6710516080188,-33.034127784682
149,206_fs2-00006.jpg,86.0670566828975,-33.2622749012996
150,206_fs2-00006.jpg,86.4576361907796,-33.4956149640424
151,206_fs2-00006.jpg,86.8423839684181,-33.7345433637686
152,206_fs2-00006.jpg,87.2241149674298,-33.9793326950104
153,206_fs2-00006.jpg,87.6047477447982,-34.2299019799257
154,206_fs2-00006.jpg,87.9841274101968,-34.4861069888018
155,206_fs2-00006.jpg,88.3620990732989,-34.747803491926
156,206_fs2-00006.jpg,88.7385078437779,-35.014847259586
157,206_fs2-00006.jpg,89.1131988313073,-35.2870940620689
158,206_fs2-00006.jpg,89.4860171455605,-35.5643996696624
159,206_fs2-00006.jpg,89.8568078962109,-35.8466198526539
160,206_fs2-00006.jpg,90.2254161929319,-36.1336103813306
161,206_fs2-00006.jpg,90.591687145397,-36.4252270259802
162,206_fs2-00006.jpg,90.9554658632795,-36.7213255568901
163,206_fs2-00006.jpg,91.3165974562529,-37.0217617443475
164,206_fs2-00006.jpg,91.6749270339905,-37.3263913586401
165,206_fs2-00006.jpg,92.0302997061659,-37.6350701700551
166,206_fs2-00006.jpg,92.3825605824524,-37.9476539488801
167,206_fs2-00006.jpg,92.7315547725233,-38.2639984654023
168,206_fs2-00006.jpg,93.0771273860523,-38.5839594899095
169,206_fs2-00006.jpg,93.4191235327127,-38.9073927926888
170,206_fs2-00006.jpg,93.7573883221777,-39.2341541440278
171,206_fs2-00006.jpg,94.091766864121,-39.5640993142139
172,206_fs2-00006.jpg,94.4221042682159,-39.8970840735345
173,206_fs2-00006.jpg,94.7482456441359,-40.232964192277
174,206_fs2-00006.jpg,95.0700361015543,-40.571595440729
175,206_fs2-00006.jpg,95.3873207501445,-40.9128335891776
176,206_fs2-00006.jpg,95.69994469958,-41.2565344079105
177,206_fs2-00006.jpg,96.0080005979012,-41.6025545695983
178,206_fs2-00006.jpg,96.3171911407139,-41.9508827567262
179,206_fs2-00006.jpg,96.6286684813729,-42.301777330186
180,206_fs2-00006.jpg,96.9407071697641,-42.6555295751482
181,206_fs2-00006.jpg,97.2515817557731,-43.0124307767833
182,206_fs2-00006.jpg,97.5595667892859,-43.3727722202616
183,206_fs2-00006.jpg,97.8629368201881,-43.7368451907536
184,206_fs2-00006.jpg,98.1599663983654,-44.1049409734297
185,206_fs2-00006.jpg,98.4489300737037,-44.4773508534604
186,206_fs2-00006.jpg,98.7281023960887,-44.8543661160162
187,206_fs2-00006.jpg,98.9957579154061,-45.2362780462673
188,206_fs2-00006.jpg,99.2501711815417,-45.6233779293843
189,206_fs2-00006.jpg,99.4896167443813,-46.0159570505377
190,206_fs2-00006.jpg,99.7123691538106,-46.4143066948978
191,206_fs2-00006.jpg,99.9167029597153,-46.8187181476351
192,206_fs2-00006.jpg,100.102156262324,-47.2294826939201
193,206_fs2-00006.jpg,100.27757330041,-47.6468916189231
194,206_fs2-00006.jpg,100.444432784365,-48.0712362078145
195,206_fs2-00006.jpg,100.602033920616,-48.5028077457649
196,206_fs2-00006.jpg,100.74967591559,-48.9418975179447
197,206_fs2-00006.jpg,100.886657975714,-49.3887968095243
198,206_fs2-00006.jpg,101.012279307414,-49.843796905674
199,206_fs2-00006.jpg,101.125839117118,-50.3071890915645
200,206_fs2-00006.jpg,101.226636611252,-50.7792646523661
1,206_fs2-00007.jpg,25.2240067624683,31.7153347653101
2,206_fs2-00007.jpg,25.4990842809131,31.2659681421492
3,206_fs2-00007.jpg,25.7737756355597,30.8183831499749
4,206_fs2-00007.jpg,26.0480827946408,30.3724982679541
5,206_fs2-00007.jpg,26.3220077263886,29.9282319752537
6,206_fs2-00007.jpg,26.5955523990356,29.4855027510407
7,206_fs2-00007.jpg,26.8687187808141,29.0442290744818
8,206_fs2-00007.jpg,27.1415088399566,28.604329424744
9,206_fs2-00007.jpg,27.4139245446955,28.1657222809942
10,206_fs2-00007.jpg,27.6859678632632,27.7283261223993
11,206_fs2-00007.jpg,27.957640763892,27.2920594281261
12,206_fs2-00007.jpg,28.2289452148145,26.8568406773416
13,206_fs2-00007.jpg,28.499883184263,26.4225883492127
14,206_fs2-00007.jpg,28.7704566404698,25.9892209229062
15,206_fs2-00007.jpg,29.0406675516675,25.5566568775891
16,206_fs2-00007.jpg,29.3105178860884,25.1248146924282
17,206_fs2-00007.jpg,29.5800096119649,24.6936128465905
18,206_fs2-00007.jpg,29.8491446975294,24.2629698192428
19,206_fs2-00007.jpg,30.1179251110144,23.832804089552
20,206_fs2-00007.jpg,30.3863528206522,23.4030341366851
21,206_fs2-00007.jpg,30.6544297946753,22.9735784398088
22,206_fs2-00007.jpg,30.9221580013159,22.5443554780902
23,206_fs2-00007.jpg,31.1895394088067,22.1152837306961
24,206_fs2-00007.jpg,31.4565759853799,21.6862816767933
25,206_fs2-00007.jpg,31.7232696992679,21.2572677955489
26,206_fs2-00007.jpg,31.9896225187032,20.8281605661297
27,206_fs2-00007.jpg,32.2556364119183,20.3988784677025
28,206_fs2-00007.jpg,32.5213133471453,19.9693399794343
29,206_fs2-00007.jpg,32.787337144446,19.5394635804921
30,206_fs2-00007.jpg,33.0559519940632,19.1091677500425
31,206_fs2-00007.jpg,33.3269119719956,18.6783709672526
32,206_fs2-00007.jpg,33.5997394377273,18.2469917112892
33,206_fs2-00007.jpg,33.873956750742,17.8149484613194
34,206_fs2-00007.jpg,34.1490862705236,17.3821596965099
35,206_fs2-00007.jpg,34.4246503565558,16.9485438960275
36,206_fs2-00007.jpg,34.7001713683226,16.5140195390393
37,206_fs2-00007.jpg,34.9751716653078,16.0785051047122
38,206_fs2-00007.jpg,35.249173606995,15.6419190722129
39,206_fs2-00007.jpg,35.5216995528684,15.2041799207086
40,206_fs2-00007.jpg,35.7922718624116,14.7652061293658
41,206_fs2-00007.jpg,36.0604128951085,14.3249161773517
42,206_fs2-00007.jpg,36.3256450104428,13.8832285438331
43,206_fs2-00007.jpg,36.5874905678986,13.4400617079769
44,206_fs2-00007.jpg,36.8454719269594,12.99533414895
45,206_fs2-00007.jpg,37.0991114471094,12.5489643459192
46,206_fs2-00007.jpg,37.3479314878321,12.1008707780516
47,206_fs2-00007.jpg,37.5914544086115,11.6509719245138
48,206_fs2-00007.jpg,37.8292025689314,11.199186264473
49,206_fs2-00007.jpg,38.0606983282757,10.7454322770959
50,206_fs2-00007.jpg,38.2854640461281,10.2896284415494
51,206_fs2-00007.jpg,38.5032199404467,9.83169670014411
52,206_fs2-00007.jpg,38.714907055753,9.371627942901
53,206_fs2-00007.jpg,38.9211133912006,8.90947653790136
54,206_fs2-00007.jpg,39.1223080361214,8.44529922009622
55,206_fs2-00007.jpg,39.318960079847,7.97915272443674
56,206_fs2-00007.jpg,39.5115386117097,7.51109378587404
57,206_fs2-00007.jpg,39.7005127210412,7.04117913935937
58,206_fs2-00007.jpg,39.8863514971734,6.56946551984373
59,206_fs2-00007.jpg,40.0695240294382,6.09600966227839
60,206_fs2-00007.jpg,40.2504994071675,5.62086830161439
61,206_fs2-00007.jpg,40.4297467196932,5.14409817280296
62,206_fs2-00007.jpg,40.6077350563472,4.66575601079512
63,206_fs2-00007.jpg,40.7849335064615,4.18589855054211
64,206_fs2-00007.jpg,40.9618111593678,3.70458252699507
65,206_fs2-00007.jpg,41.1388371043981,3.22186467510505
66,206_fs2-00007.jpg,41.3164804308843,2.73780172982333
67,206_fs2-00007.jpg,41.4952102281584,2.25245042610095
68,206_fs2-00007.jpg,41.6754955855521,1.76586749888907
69,206_fs2-00007.jpg,41.8578055923974,1.27810968313884
70,206_fs2-00007.jpg,42.0426093380262,0.789233713801423
71,206_fs2-00007.jpg,42.2303759117704,0.299296325827868
72,206_fs2-00007.jpg,42.4211361916439,-0.191644432439034
73,206_fs2-00007.jpg,42.6099465956337,-0.683456885413477
74,206_fs2-00007.jpg,42.7956462598531,-1.17589811611299
75,206_fs2-00007.jpg,42.9786816376343,-1.66871596736144
76,206_fs2-00007.jpg,43.1594991823092,-2.16165828198274
77,206_fs2-00007.jpg,43.3385453472097,-2.65447290280082
78,206_fs2-00007.jpg,43.5162665856678,-3.14690767263954
79,206_fs2-00007.jpg,43.6931093510154,-3.63871043432289
80,206_fs2-00007.jpg,43.8695200965845,-4.12962903067478
81,206_fs2-00007.jpg,44.045945275707,-4.61941130451908
82,206_fs2-00007.jpg,44.2228313417149,-5.10780509867959
83,206_fs2-00007.jpg,44.4006247479401,-5.59455825598047
84,206_fs2-00007.jpg,44.5797719477146,-6.07941861924553
85,206_fs2-00007.jpg,44.7607193943703,-6.56213403129857
86,206_fs2-00007.jpg,44.9439135412392,-7.04245233496363
87,206_fs2-00007.jpg,45.1298008416532,-7.52012137306451
88,206_fs2-00007.jpg,45.3188277489443,-7.99488898842537
89,206_fs2-00007.jpg,45.5114407164444,-8.46650302386979
90,206_fs2-00007.jpg,45.7080861974854,-8.93471132222191
91,206_fs2-00007.jpg,45.9092106453994,-9.39926172630555
92,206_fs2-00007.jpg,46.1152605135183,-9.85990207894474
93,206_fs2-00007.jpg,46.326682255174,-10.3163802229632
94,206_fs2-00007.jpg,46.5439223236984,-10.768444001185
95,206_fs2-00007.jpg,46.7674271724237,-11.2158412564339
96,206_fs2-00007.jpg,46.9976432546815,-11.6583198315341
97,206_fs2-00007.jpg,47.235017023804,-12.0956275693092
98,206_fs2-00007.jpg,47.4799949331231,-12.5275123125832
99,206_fs2-00007.jpg,47.7330234359707,-12.9537219041802
100,206_fs2-00007.jpg,47.9969381394122,-13.3740379875297
101,206_fs2-00007.jpg,48.2752998041441,-13.7884403625957
102,206_fs2-00007.jpg,48.567401749519,-14.1969808173187
103,206_fs2-00007.jpg,48.8724841926851,-14.5997112416554
104,206_fs2-00007.jpg,49.1897873507908,-14.9966835255626
105,206_fs2-00007.jpg,49.5185514409844,-15.387949558997
106,206_fs2-00007.jpg,49.858016680414,-15.7735612319153
107,206_fs2-00007.jpg,50.2074232862282,-16.1535704342742
108,206_fs2-00007.jpg,50.566011475575,-16.5280290560307
109,206_fs2-00007.jpg,50.9330214656027,-16.8969889871413
110,206_fs2-00007.jpg,51.3076934734598,-17.2605021175627
111,206_fs2-00007.jpg,51.6892677162944,-17.6186203372519
112,206_fs2-00007.jpg,52.0769844112549,-17.9713955361653
113,206_fs2-00007.jpg,52.4700837754895,-18.3188796042599
114,206_fs2-00007.jpg,52.8678060261465,-18.6611244314925
115,206_fs2-00007.jpg,53.2693913803741,-18.9981819078195
116,206_fs2-00007.jpg,53.6740800553208,-19.3301039231978
117,206_fs2-00007.jpg,54.0811122681347,-19.6569423675843
118,206_fs2-00007.jpg,54.4897282359643,-19.9787491309356
119,206_fs2-00007.jpg,54.8991681759576,-20.2955761032084
120,206_fs2-00007.jpg,55.308672305263,-20.6074751743595
121,206_fs2-00007.jpg,55.7174808410289,-20.9144982343456
122,206_fs2-00007.jpg,56.1248340004034,-21.2166971731235
123,206_fs2-00007.jpg,56.5321678456535,-21.5141190724784
124,206_fs2-00007.jpg,56.9450529563319,-21.8067636388784
125,206_fs2-00007.jpg,57.3635920055124,-22.0946036265163
126,206_fs2-00007.jpg,57.7875404220863,-22.3776114779641
127,206_fs2-00007.jpg,58.2166536349444,-22.6557596357937
128,206_fs2-00007.jpg,58.6506870729779,-22.9290205425769
129,206_fs2-00007.jpg,59.0893961650778,-23.1973666408855
130,206_fs2-00007.jpg,59.5325363401351,-23.4607703732914
131,206_fs2-00007.jpg,59.9798630270408,-23.7192041823665
132,206_fs2-00007.jpg,60.4311316546861,-23.9726405106826
133,206_fs2-00007.jpg,60.886097651962,-24.2210518008116
134,206_fs2-00007.jpg,61.3445164477594,-24.4644104953252
135,206_fs2-00007.jpg,61.8061434709694,-24.7026890367954
136,206_fs2-00007.jpg,62.2707341504831,-24.935859867794
137,206_fs2-00007.jpg,62.7380439151916,-25.1638954308929
138,206_fs2-00007.jpg,63.2078281939858,-25.3867681686639
139,206_fs2-00007.jpg,63.6798424157568,-25.6044505236789
140,206_fs2-00007.jpg,64.1538420093956,-25.8169149385097
141,206_fs2-00007.jpg,64.6295824037933,-26.0241338557283
142,206_fs2-00007.jpg,65.106819027841,-26.2260797179064
143,206_fs2-00007.jpg,65.5853073104296,-26.4227249676159
144,206_fs2-00007.jpg,66.0648026804502,-26.6140420474286
145,206_fs2-00007.jpg,66.5450605667938,-26.8000033999165
146,206_fs2-00007.jpg,67.0258363983516,-26.9805814676513
147,206_fs2-00007.jpg,67.5068856040145,-27.1557486932049
148,206_fs2-00007.jpg,67.9879636126735,-27.3254775191492
149,206_fs2-00007.jpg,68.4688258532198,-27.489740388056
150,206_fs2-00007.jpg,68.9492277545443,-27.6485097424973
151,206_fs2-00007.jpg,69.4289302832163,-27.8017580309588
152,206_fs2-00007.jpg,69.9102158114993,-27.94951589245
153,206_fs2-00007.jpg,70.394931103157,-28.0920150169633
154,206_fs2-00007.jpg,70.8828321074599,-28.2295304844114
155,206_fs2-00007.jpg,71.3736747736781,-28.3623373747076
156,206_fs2-00007.jpg,71.867215051082,-28.490710767765
157,206_fs2-00007.jpg,72.363208888942,-28.6149257434964
158,206_fs2-00007.jpg,72.8614122365283,-28.735257381815
159,206_fs2-00007.jpg,73.3615810431113,-28.8519807626338
160,206_fs2-00007.jpg,73.8634712579613,-28.9653709658659
161,206_fs2-00007.jpg,74.3668388303486,-29.0757030714242
162,206_fs2-00007.jpg,74.8714397095436,-29.1832521592218
163,206_fs2-00007.jpg,75.3770298448164,-29.2882933091718
164,206_fs2-00007.jpg,75.8833651854376,-29.3911016011872
165,206_fs2-00007.jpg,76.3902016806774,-29.4919521151811
166,206_fs2-00007.jpg,76.8972952798061,-29.5911199310664
167,206_fs2-00007.jpg,77.4044019320941,-29.6888801287563
168,206_fs2-00007.jpg,77.9112775868115,-29.7855077881637
169,206_fs2-00007.jpg,78.4176781932289,-29.8812779892017
170,206_fs2-00007.jpg,78.9233597006165,-29.9764658117834
171,206_fs2-00007.jpg,79.4280780582446,-30.0713463358219
172,206_fs2-00007.jpg,79.9315892153836,-30.1661946412299
173,206_fs2-00007.jpg,80.4336491213037,-30.2612858079209
174,206_fs2-00007.jpg,80.9340137252753,-30.3568949158075
175,206_fs2-00007.jpg,81.4324389765687,-30.4532970448031
176,206_fs2-00007.jpg,81.9289633699319,-30.5507672748206
177,206_fs2-00007.jpg,82.424969436693,-30.649580685773
178,206_fs2-00007.jpg,82.9206776893878,-30.7500123575734
179,206_fs2-00007.jpg,83.4160878512979,-30.8523373701348
180,206_fs2-00007.jpg,83.9111996457049,-30.9568308033703
181,206_fs2-00007.jpg,84.4060127958905,-31.0637677371928
182,206_fs2-00007.jpg,84.9005270251362,-31.1734232515155
183,206_fs2-00007.jpg,85.3947420567237,-31.2860724262514
184,206_fs2-00007.jpg,85.8886576139346,-31.4019903413135
185,206_fs2-00007.jpg,86.3822734200505,-31.5214520766149
186,206_fs2-00007.jpg,86.875589198353,-31.6447327120686
187,206_fs2-00007.jpg,87.3686046721238,-31.7721073275876
188,206_fs2-00007.jpg,87.8613195646444,-31.903851003085
189,206_fs2-00007.jpg,88.3537335991965,-32.0402388184739
190,206_fs2-00007.jpg,88.8458464990617,-32.1815458536672
191,206_fs2-00007.jpg,89.3376579875217,-32.3280471885781
192,206_fs2-00007.jpg,89.829167787858,-32.4800179031195
193,206_fs2-00007.jpg,90.3203756233522,-32.6377330772045
194,206_fs2-00007.jpg,90.811281217286,-32.8014677907461
195,206_fs2-00007.jpg,91.3018842929411,-32.9714971236574
196,206_fs2-00007.jpg,91.7921845735989,-33.1480961558515
197,206_fs2-00007.jpg,92.2821817825412,-33.3315399672413
198,206_fs2-00007.jpg,92.7718756430494,-33.5221036377397
199,206_fs2-00007.jpg,93.2612658784054,-33.7200622472602
200,206_fs2-00007.jpg,93.7503522118907,-33.9256908757155
1,206_fs2-00008.jpg,12.0597351366583,51.7096993750593
2,206_fs2-00008.jpg,12.3237653012661,51.2051774880981
3,206_fs2-00008.jpg,12.5891690013324,50.7021462158178
4,206_fs2-00008.jpg,12.8559426300698,50.2005750733033
5,206_fs2-00008.jpg,13.1240825806909,49.7004335756392
6,206_fs2-00008.jpg,13.3935852464083,49.2016912379103
7,206_fs2-00008.jpg,13.6644470204347,48.7043175752011
8,206_fs2-00008.jpg,13.9366642959827,48.2082821025965
9,206_fs2-00008.jpg,14.2102334662647,47.7135543351812
10,206_fs2-00008.jpg,14.4851509244934,47.2201037880398
11,206_fs2-00008.jpg,14.7614130638815,46.727899976257
12,206_fs2-00008.jpg,15.0390162776416,46.2369124149176
13,206_fs2-00008.jpg,15.3179569589861,45.7471106191062
14,206_fs2-00008.jpg,15.5982315011278,45.2584641039076
15,206_fs2-00008.jpg,15.8798362972792,44.7709423844065
16,206_fs2-00008.jpg,16.162767740653,44.2845149756875
17,206_fs2-00008.jpg,16.4470222244616,43.7991513928354
18,206_fs2-00008.jpg,16.7325961419179,43.3148211509349
19,206_fs2-00008.jpg,17.0194858862342,42.8314937650707
20,206_fs2-00008.jpg,17.3076878506234,42.3491387503274
21,206_fs2-00008.jpg,17.5971984282978,41.8677256217899
22,206_fs2-00008.jpg,17.8880140124702,41.3872238945427
23,206_fs2-00008.jpg,18.1801309963532,40.9076030836707
24,206_fs2-00008.jpg,18.4742269268164,40.4288327042584
25,206_fs2-00008.jpg,18.7709740460908,39.9508822713906
26,206_fs2-00008.jpg,19.0701957329316,39.4737213001521
27,206_fs2-00008.jpg,19.3717143056814,38.9973193056275
28,206_fs2-00008.jpg,19.6753520826832,38.5216458029015
29,206_fs2-00008.jpg,19.9809313822797,38.0466703070588
30,206_fs2-00008.jpg,20.2882745228138,37.5723623331842
31,206_fs2-00008.jpg,20.5972038226283,37.0986913963623
32,206_fs2-00008.jpg,20.9075416000659,36.6256270116779
33,206_fs2-00008.jpg,21.2191101734696,36.1531386942155
34,206_fs2-00008.jpg,21.5317318611822,35.6811959590601
35,206_fs2-00008.jpg,21.8452289815464,35.2097683212961
36,206_fs2-00008.jpg,22.159423852905,34.7388252960085
37,206_fs2-00008.jpg,22.474138793601,34.2683363982817
38,206_fs2-00008.jpg,22.7891961219771,33.7982711432007
39,206_fs2-00008.jpg,23.104418156376,33.3285990458501
40,206_fs2-00008.jpg,23.4196272151407,32.8592896213145
41,206_fs2-00008.jpg,23.734645616614,32.3903123846786
42,206_fs2-00008.jpg,24.0492956791387,31.9216368510273
43,206_fs2-00008.jpg,24.3633997210575,31.4532325354451
44,206_fs2-00008.jpg,24.6767800607133,30.9850689530169
45,206_fs2-00008.jpg,24.989259016449,30.5171156188272
46,206_fs2-00008.jpg,25.3006589066073,30.0493420479609
47,206_fs2-00008.jpg,25.6108020495311,29.5817177555025
48,206_fs2-00008.jpg,25.9199622596533,29.114211427657
49,206_fs2-00008.jpg,26.2306241074468,28.6467727853683
50,206_fs2-00008.jpg,26.5429687634452,28.1793326391424
51,206_fs2-00008.jpg,26.8567260559609,27.7118209815706
52,206_fs2-00008.jpg,27.1716258133066,27.2441678052438
53,206_fs2-00008.jpg,27.4873978637947,26.7763031027532
54,206_fs2-00008.jpg,27.8037720357378,26.30815686669
55,206_fs2-00008.jpg,28.1204781574482,25.8396590896452
56,206_fs2-00008.jpg,28.4372460572387,25.3707397642098
57,206_fs2-00008.jpg,28.7538055634216,24.9013288829751
58,206_fs2-00008.jpg,29.0698865043095,24.4313564385321
59,206_fs2-00008.jpg,29.3852187082148,23.9607524234719
60,206_fs2-00008.jpg,29.6995320034503,23.4894468303857
61,206_fs2-00008.jpg,30.0125562183281,23.0173696518644
62,206_fs2-00008.jpg,30.324021181161,22.5444508804994
63,206_fs2-00008.jpg,30.6336567202615,22.0706205088815
64,206_fs2-00008.jpg,30.941192663942,21.5958085296019
65,206_fs2-00008.jpg,31.246358840515,21.1199449352518
66,206_fs2-00008.jpg,31.5488850782931,20.6429597184222
67,206_fs2-00008.jpg,31.8485012055888,20.1647828717042
68,206_fs2-00008.jpg,32.1449370507145,19.685344387689
69,206_fs2-00008.jpg,32.4379224419829,19.2045742589677
70,206_fs2-00008.jpg,32.7271872077064,18.7224024781312
71,206_fs2-00008.jpg,33.0124611761975,18.2387590377709
72,206_fs2-00008.jpg,33.2938732736062,17.7535757448472
73,206_fs2-00008.jpg,33.5737911913973,17.2668299359092
74,206_fs2-00008.jpg,33.8525628472821,16.7785466933935
75,206_fs2-00008.jpg,34.1300817372989,16.2887533576803
76,206_fs2-00008.jpg,34.4062413574861,15.7974772691499
77,206_fs2-00008.jpg,34.6809352038823,15.3047457681824
78,206_fs2-00008.jpg,34.9540567725258,14.810586195158
79,206_fs2-00008.jpg,35.2254995594552,14.3150258904569
80,206_fs2-00008.jpg,35.4951570607088,13.8180921944593
81,206_fs2-00008.jpg,35.7629227723251,13.3198124475455
82,206_fs2-00008.jpg,36.0286901903426,12.8202139900955
83,206_fs2-00008.jpg,36.2923528107997,12.3193241624896
84,206_fs2-00008.jpg,36.5538041297348,11.8171703051079
85,206_fs2-00008.jpg,36.8129376431865,11.3137797583308
86,206_fs2-00008.jpg,37.0696468471931,10.8091798625383
87,206_fs2-00008.jpg,37.3238252377931,10.3033979581106
88,206_fs2-00008.jpg,37.5753663110249,9.79646138542807
89,206_fs2-00008.jpg,37.8241635629271,9.2883974848707
90,206_fs2-00008.jpg,38.0701104895379,8.77923359681881
91,206_fs2-00008.jpg,38.313100586896,8.2689970616525
92,206_fs2-00008.jpg,38.5530273510397,7.75771521975207
93,206_fs2-00008.jpg,38.7897842780075,7.24541541149762
94,206_fs2-00008.jpg,39.0232648638378,6.73212497726939
95,206_fs2-00008.jpg,39.2533626045691,6.21787125744754
96,206_fs2-00008.jpg,39.4799718763614,5.7026815917514
97,206_fs2-00008.jpg,39.7035281268904,5.18657396556353
98,206_fs2-00008.jpg,39.9244961837329,4.66953347852683
99,206_fs2-00008.jpg,40.1429322726257,4.15153800743951
100,206_fs2-00008.jpg,40.3588926193054,3.63256542909977
101,206_fs2-00008.jpg,40.5724334495088,3.11259362030574
102,206_fs2-00008.jpg,40.7836109889727,2.59160045785558
103,206_fs2-00008.jpg,40.9924814634337,2.06956381854746
104,206_fs2-00008.jpg,41.1991010986286,1.54646157917949
105,206_fs2-00008.jpg,41.4035261202941,1.02227161654992
106,206_fs2-00008.jpg,41.6058127541669,0.496971807456873
107,206_fs2-00008.jpg,41.8060172259839,-0.0294599713014918
108,206_fs2-00008.jpg,42.0041957614815,-0.557045842926982
109,206_fs2-00008.jpg,42.2004045863966,-1.08580793062151
110,206_fs2-00008.jpg,42.394699926466,-1.61576835758683
111,206_fs2-00008.jpg,42.5871380074263,-2.14694924702485
112,206_fs2-00008.jpg,42.7777750550143,-2.67937272213732
113,206_fs2-00008.jpg,42.9666672949667,-3.21306090612615
114,206_fs2-00008.jpg,43.1538709530203,-3.7480359221932
115,206_fs2-00008.jpg,43.3394422549116,-4.28431989354021
116,206_fs2-00008.jpg,43.5234374263775,-4.82193494336911
117,206_fs2-00008.jpg,43.7059126931547,-5.36090319488164
118,206_fs2-00008.jpg,43.88692428098,-5.90124677127972
119,206_fs2-00008.jpg,44.06581624201,-6.44298404200367
120,206_fs2-00008.jpg,44.2384399256921,-6.98604310979852
121,206_fs2-00008.jpg,44.4046852956598,-7.53025957173838
122,206_fs2-00008.jpg,44.5652372553101,-8.07546482325665
123,206_fs2-00008.jpg,44.7207807080405,-8.62149025978658
124,206_fs2-00008.jpg,44.8720005572483,-9.16816727676166
125,206_fs2-00008.jpg,45.0195817063309,-9.71532726961505
126,206_fs2-00008.jpg,45.1642090586855,-10.2628016337803
127,206_fs2-00008.jpg,45.3065675177095,-10.8104217646907
128,206_fs2-00008.jpg,45.4473419868003,-11.3580190577794
129,206_fs2-00008.jpg,45.5872173693551,-11.90542490848
130,206_fs2-00008.jpg,45.7268785687712,-12.4524707122257
131,206_fs2-00008.jpg,45.8670104884461,-12.99898786445
132,206_fs2-00008.jpg,46.008298031777,-13.5448077605861
133,206_fs2-00008.jpg,46.1514261021613,-14.0897617960674
134,206_fs2-00008.jpg,46.2970796029963,-14.6336813663271
135,206_fs2-00008.jpg,46.4459434376793,-15.1763978667989
136,206_fs2-00008.jpg,46.5987025096077,-15.7177426929159
137,206_fs2-00008.jpg,46.7560417221788,-16.2575472401113
138,206_fs2-00008.jpg,46.9186459787899,-16.7956429038188
139,206_fs2-00008.jpg,47.0872001828383,-17.3318610794715
140,206_fs2-00008.jpg,47.2623892377214,-17.866033162503
141,206_fs2-00008.jpg,47.4448980468366,-18.3979905483463
142,206_fs2-00008.jpg,47.6354115135811,-18.9275646324351
143,206_fs2-00008.jpg,47.8346145413522,-19.4545868102024
144,206_fs2-00008.jpg,48.0431920335473,-19.9788884770818
145,206_fs2-00008.jpg,48.2618288935638,-20.5003010285064
146,206_fs2-00008.jpg,48.4934364008313,-21.0186023698446
147,206_fs2-00008.jpg,48.7424533170019,-21.5331765294006
148,206_fs2-00008.jpg,49.008194791605,-22.0432315636134
149,206_fs2-00008.jpg,49.2898288067292,-22.5479747109023
150,206_fs2-00008.jpg,49.586523344463,-23.0466132096867
151,206_fs2-00008.jpg,49.8974463868952,-23.538354298386
152,206_fs2-00008.jpg,50.2217659161142,-24.0224052154196
153,206_fs2-00008.jpg,50.5586499142087,-24.4979731992069
154,206_fs2-00008.jpg,50.9072663632674,-24.9642654881671
155,206_fs2-00008.jpg,51.2667832453787,-25.4204893207198
156,206_fs2-00008.jpg,51.6363685426314,-25.8658519352842
157,206_fs2-00008.jpg,52.015190237114,-26.2995605702799
158,206_fs2-00008.jpg,52.4024163109152,-26.7208224641262
159,206_fs2-00008.jpg,52.7972147461235,-27.1288448552423
160,206_fs2-00008.jpg,53.1987535248276,-27.5228349820478
161,206_fs2-00008.jpg,53.606200629116,-27.902000082962
162,206_fs2-00008.jpg,54.0187240410774,-28.2655473964041
163,206_fs2-00008.jpg,54.4354917428004,-28.6126841607938
164,206_fs2-00008.jpg,54.8558513727496,-28.9426181242327
165,206_fs2-00008.jpg,55.2908655655563,-29.2548544849489
166,206_fs2-00008.jpg,55.7463128793082,-29.5496954823988
167,206_fs2-00008.jpg,56.2205701288241,-29.8275754571696
168,206_fs2-00008.jpg,56.7120141289229,-30.0889287498485
169,206_fs2-00008.jpg,57.2190216944234,-30.3341897010225
170,206_fs2-00008.jpg,57.7399696401444,-30.5637926512788
171,206_fs2-00008.jpg,58.2732347809047,-30.7781719412047
172,206_fs2-00008.jpg,58.8171939315231,-30.9777619113871
173,206_fs2-00008.jpg,59.3702239068186,-31.1629969024134
174,206_fs2-00008.jpg,59.9307015216099,-31.3343112548705
175,206_fs2-00008.jpg,60.4970035907157,-31.4921393093457
176,206_fs2-00008.jpg,61.0675069289551,-31.6369154064261
177,206_fs2-00008.jpg,61.6405883511467,-31.7690738866988
178,206_fs2-00008.jpg,62.2146246721094,-31.8890490907511
179,206_fs2-00008.jpg,62.787992706662,-31.9972753591699
180,206_fs2-00008.jpg,63.3590692696234,-32.0941870325425
181,206_fs2-00008.jpg,63.9262311758124,-32.1802184514561
182,206_fs2-00008.jpg,64.4878552400478,-32.2558039564977
183,206_fs2-00008.jpg,65.0423182771484,-32.3213778882547
184,206_fs2-00008.jpg,65.5929143196508,-32.377374587314
185,206_fs2-00008.jpg,66.1453049301631,-32.4242283942627
186,206_fs2-00008.jpg,66.6994913310128,-32.4623736496882
187,206_fs2-00008.jpg,67.2554528964014,-32.4922446941773
188,206_fs2-00008.jpg,67.8131690005307,-32.5142758683176
189,206_fs2-00008.jpg,68.3726190176022,-32.5289015126958
190,206_fs2-00008.jpg,68.9337823218178,-32.5365559678994
191,206_fs2-00008.jpg,69.496638287379,-32.5376735745153
192,206_fs2-00008.jpg,70.0611662884875,-32.5326886731308
193,206_fs2-00008.jpg,70.6273456993451,-32.5220356043329
194,206_fs2-00008.jpg,71.1951558941534,-32.5061487087089
195,206_fs2-00008.jpg,71.7645762471141,-32.4854623268459
196,206_fs2-00008.jpg,72.3355861324289,-32.4604107993309
197,206_fs2-00008.jpg,72.9081649242994,-32.4314284667513
198,206_fs2-00008.jpg,73.4822919969274,-32.398949669694
199,206_fs2-00008.jpg,74.0579467245145,-32.3634087487465
200,206_fs2-00008.jpg,74.6351084812624,-32.3252400444954
1,206_fs2-00009.jpg,14.1786418709495,74.1160110121402
2,206_fs2-00009.jpg,14.1048717762018,73.6211000880061
3,206_fs2-00009.jpg,14.0349410117568,73.1247917635884
4,206_fs2-00009.jpg,13.9687618610927,72.6271442306091
5,206_fs2-00009.jpg,13.9062466076877,72.1282156807903
6,206_fs2-00009.jpg,13.8473075350199,71.6280643058543
7,206_fs2-00009.jpg,13.7918569265676,71.126748297523
8,206_fs2-00009.jpg,13.7398070658088,70.6243258475186
9,206_fs2-00009.jpg,13.6910702362218,70.1208551475631
10,206_fs2-00009.jpg,13.6455587212848,69.6163943893787
11,206_fs2-00009.jpg,13.6031848044759,69.1110017646876
12,206_fs2-00009.jpg,13.5638607692733,68.6047354652117
13,206_fs2-00009.jpg,13.5274988991551,68.0976536826731
14,206_fs2-00009.jpg,13.4940114775997,67.5898146087941
15,206_fs2-00009.jpg,13.4633107880851,67.0812764352966
16,206_fs2-00009.jpg,13.4353091140895,66.5720973539028
17,206_fs2-00009.jpg,13.4099187390911,66.0623355563349
18,206_fs2-00009.jpg,13.387051946568,65.5520492343148
19,206_fs2-00009.jpg,13.3666210199985,65.0412965795647
20,206_fs2-00009.jpg,13.3485382428608,64.5301357838067
21,206_fs2-00009.jpg,13.332715898633,64.0186250387629
22,206_fs2-00009.jpg,13.3190662707931,63.5068225361555
23,206_fs2-00009.jpg,13.3075016428196,62.9947864677064
24,206_fs2-00009.jpg,13.2979342981905,62.4825750251379
25,206_fs2-00009.jpg,13.2902765203841,61.970246400172
26,206_fs2-00009.jpg,13.2844405928784,61.4578587845307
27,206_fs2-00009.jpg,13.2803387991517,60.9454703699363
28,206_fs2-00009.jpg,13.2778834226821,60.4331393481109
29,206_fs2-00009.jpg,13.2769867469478,59.9209239107765
30,206_fs2-00009.jpg,13.2794100979864,59.4088822496552
31,206_fs2-00009.jpg,13.2876491816454,58.8970725564691
32,206_fs2-00009.jpg,13.3014572073228,58.3855530229403
33,206_fs2-00009.jpg,13.3205642866706,57.874381840791
34,206_fs2-00009.jpg,13.3447005313412,57.3636172017432
35,206_fs2-00009.jpg,13.3735960529866,56.8533172975191
36,206_fs2-00009.jpg,13.4069809632589,56.3435403198407
37,206_fs2-00009.jpg,13.4445853738105,55.8343444604301
38,206_fs2-00009.jpg,13.4861393962934,55.3257879110096
39,206_fs2-00009.jpg,13.5313731423597,54.817928863301
40,206_fs2-00009.jpg,13.5800167236616,54.3108255090266
41,206_fs2-00009.jpg,13.6318002518512,53.8045360399085
42,206_fs2-00009.jpg,13.6864538385809,53.2991186476687
43,206_fs2-00009.jpg,13.7437075955026,52.7946315240294
44,206_fs2-00009.jpg,13.8032916342685,52.2911328607127
45,206_fs2-00009.jpg,13.8649360665308,51.7886808494406
46,206_fs2-00009.jpg,13.9283710039417,51.2873336819353
47,206_fs2-00009.jpg,13.9933265581533,50.7871495499189
48,206_fs2-00009.jpg,14.0595328408177,50.2881866451134
49,206_fs2-00009.jpg,14.1267199635871,49.790503159241
50,206_fs2-00009.jpg,14.1949669264617,49.2941571662474
51,206_fs2-00009.jpg,14.2725408301379,48.7991900398229
52,206_fs2-00009.jpg,14.3625993373607,48.3056093105448
53,206_fs2-00009.jpg,14.4645538956149,47.8134184165327
54,206_fs2-00009.jpg,14.5778159523848,47.3226207959065
55,206_fs2-00009.jpg,14.7017969551548,46.8332198867859
56,206_fs2-00009.jpg,14.8359083514094,46.3452191272909
57,206_fs2-00009.jpg,14.9795615886329,45.858621955541
58,206_fs2-00009.jpg,15.1321681143099,45.3734318096563
59,206_fs2-00009.jpg,15.2931393759247,44.8896521277563
60,206_fs2-00009.jpg,15.4618868209619,44.4072863479611
61,206_fs2-00009.jpg,15.6378218969057,43.9263379083903
62,206_fs2-00009.jpg,15.8203560512407,43.4468102471637
63,206_fs2-00009.jpg,16.0089007314513,42.9687068024011
64,206_fs2-00009.jpg,16.2028673850219,42.4920310122224
65,206_fs2-00009.jpg,16.401667459437,42.0167863147473
66,206_fs2-00009.jpg,16.604712402181,41.5429761480956
67,206_fs2-00009.jpg,16.8114136607383,41.0706039503872
68,206_fs2-00009.jpg,17.0211826825932,40.5996731597417
69,206_fs2-00009.jpg,17.2334309152305,40.1301872142791
70,206_fs2-00009.jpg,17.4475698061343,39.662149552119
71,206_fs2-00009.jpg,17.6630108027892,39.1955636113814
72,206_fs2-00009.jpg,17.8791653526795,38.730432830186
73,206_fs2-00009.jpg,18.0954449032898,38.2667606466525
74,206_fs2-00009.jpg,18.3112609021044,37.8045504989009
75,206_fs2-00009.jpg,18.5260247966079,37.3438058250508
76,206_fs2-00009.jpg,18.7391480342845,36.8845300632221
77,206_fs2-00009.jpg,18.9506873118343,36.4267268932391
78,206_fs2-00009.jpg,19.1663304405918,35.9704097422209
79,206_fs2-00009.jpg,19.387395097019,35.5156049062713
80,206_fs2-00009.jpg,19.6136951545529,35.0623395626832
81,206_fs2-00009.jpg,19.8450444866309,34.6106408887494
82,206_fs2-00009.jpg,20.0812569666898,34.1605360617628
83,206_fs2-00009.jpg,20.3221464681669,33.7120522590161
84,206_fs2-00009.jpg,20.5675268644993,33.2652166578022
85,206_fs2-00009.jpg,20.8172120291241,32.8200564354139
86,206_fs2-00009.jpg,21.0710158354784,32.376598769144
87,206_fs2-00009.jpg,21.3287521569994,31.9348708362853
88,206_fs2-00009.jpg,21.5902348671243,31.4948998141307
89,206_fs2-00009.jpg,21.85527783929,31.056712879973
90,206_fs2-00009.jpg,22.1236949469338,30.6203372111049
91,206_fs2-00009.jpg,22.3953000634929,30.1857999848194
92,206_fs2-00009.jpg,22.6699070624041,29.7531283784092
93,206_fs2-00009.jpg,22.9473298171049,29.3223495691672
94,206_fs2-00009.jpg,23.2273822010322,28.8934907343861
95,206_fs2-00009.jpg,23.5098780876233,28.4665790513588
96,206_fs2-00009.jpg,23.7946313503151,28.0416416973781
97,206_fs2-00009.jpg,24.0814558625449,27.6187058497369
98,206_fs2-00009.jpg,24.3701654977498,27.1977986857279
99,206_fs2-00009.jpg,24.6605741293669,26.778947382644
100,206_fs2-00009.jpg,24.9524956308333,26.362179117778
101,206_fs2-00009.jpg,25.2457438755862,25.9475210684227
102,206_fs2-00009.jpg,25.5401327370627,25.5350004118709
103,206_fs2-00009.jpg,25.8354760886999,25.1246443254155
104,206_fs2-00009.jpg,26.1315878039349,24.7164799863492
105,206_fs2-00009.jpg,26.4282817562049,24.310534571965
106,206_fs2-00009.jpg,26.725371818947,23.9068352595555
107,206_fs2-00009.jpg,27.0243697441592,23.5054000017078
108,206_fs2-00009.jpg,27.329215109038,23.1061644190149
109,206_fs2-00009.jpg,27.6396684605199,22.7090208580352
110,206_fs2-00009.jpg,27.9552832467118,22.3138612805199
111,206_fs2-00009.jpg,28.2756129157204,21.9205776482208
112,206_fs2-00009.jpg,28.6002109156525,21.5290619228894
113,206_fs2-00009.jpg,28.9286306946149,21.1392060662773
114,206_fs2-00009.jpg,29.2604257007144,20.7509020401361
115,206_fs2-00009.jpg,29.5951493820579,20.3640418062173
116,206_fs2-00009.jpg,29.932355186752,19.9785173262727
117,206_fs2-00009.jpg,30.2715965629037,19.5942205620536
118,206_fs2-00009.jpg,30.6124269586197,19.2110434753119
119,206_fs2-00009.jpg,30.9543998220067,18.828878027799
120,206_fs2-00009.jpg,31.2970686011716,18.4476161812664
121,206_fs2-00009.jpg,31.6399867442213,18.0671498974659
122,206_fs2-00009.jpg,31.9827076992624,17.6873711381489
123,206_fs2-00009.jpg,32.3247849144019,17.3081718650672
124,206_fs2-00009.jpg,32.6657718377464,16.9294440399721
125,206_fs2-00009.jpg,33.0052219174028,16.5510796246155
126,206_fs2-00009.jpg,33.3426886014779,16.1729705807487
127,206_fs2-00009.jpg,33.6777253380785,15.7950088701235
128,206_fs2-00009.jpg,34.0098855753113,15.4170864544913
129,206_fs2-00009.jpg,34.3387227612832,15.0390952956039
130,206_fs2-00009.jpg,34.6642154350234,14.6609273939692
131,206_fs2-00009.jpg,34.9914834764008,14.2824770927191
132,206_fs2-00009.jpg,35.3218239304169,13.9036423759964
133,206_fs2-00009.jpg,35.6548199325415,13.5243215423138
134,206_fs2-00009.jpg,35.9900546182446,13.1444128901844
135,206_fs2-00009.jpg,36.327111122996,12.7638147181212
136,206_fs2-00009.jpg,36.6655725822657,12.3824253246373
137,206_fs2-00009.jpg,37.0050221315235,12.0001430082456
138,206_fs2-00009.jpg,37.3450429062394,11.6168660674591
139,206_fs2-00009.jpg,37.6852180418833,11.2324928007907
140,206_fs2-00009.jpg,38.025130673925,10.8469215067535
141,206_fs2-00009.jpg,38.3643639378346,10.4600504838605
142,206_fs2-00009.jpg,38.7025009690819,10.0717780306246
143,206_fs2-00009.jpg,39.0391249031368,9.68200244555891
144,206_fs2-00009.jpg,39.3738188754692,9.29062202717631
145,206_fs2-00009.jpg,39.7061660215491,8.89753507398984
146,206_fs2-00009.jpg,40.0357494768462,8.50263988451252
147,206_fs2-00009.jpg,40.3621523768306,8.1058347572573
148,206_fs2-00009.jpg,40.6849578569722,7.7070179907372
149,206_fs2-00009.jpg,41.0037490527408,7.30608788346518
150,206_fs2-00009.jpg,41.3181090996063,6.90294273395426
151,206_fs2-00009.jpg,41.6276211330388,6.49748084071734
152,206_fs2-00009.jpg,41.931868288508,6.08960050226756
153,206_fs2-00009.jpg,42.2304337014839,5.67920001711786
154,206_fs2-00009.jpg,42.5229005074364,5.26617768378117
155,206_fs2-00009.jpg,42.8088518418354,4.85043180077054
156,206_fs2-00009.jpg,43.0878708401508,4.43186066659888
157,206_fs2-00009.jpg,43.3595406378525,4.01036257977933
158,206_fs2-00009.jpg,43.6234443704105,3.58583583882472
159,206_fs2-00009.jpg,43.8791651732946,3.15817874224814
160,206_fs2-00009.jpg,44.130826046504,2.72730187227035
161,206_fs2-00009.jpg,44.3874766856293,2.29321167856517
162,206_fs2-00009.jpg,44.6482054179426,1.85595965180903
163,206_fs2-00009.jpg,44.9117457638145,1.4155975435396
164,206_fs2-00009.jpg,45.1768312436156,0.972177105294406
165,206_fs2-00009.jpg,45.4421953777168,0.525750088611062
166,206_fs2-00009.jpg,45.7065716864885,0.0763682450271403
167,206_fs2-00009.jpg,45.9686936903016,-0.375916673919789
168,206_fs2-00009.jpg,46.2272949095267,-0.831052916692101
169,206_fs2-00009.jpg,46.4811088645344,-1.28898873175228
170,206_fs2-00009.jpg,46.7288690756955,-1.74967236756271
171,206_fs2-00009.jpg,46.9693090633806,-2.21305207258581
172,206_fs2-00009.jpg,47.2011623479605,-2.67907609528402
173,206_fs2-00009.jpg,47.4231624498056,-3.1476926841197
174,206_fs2-00009.jpg,47.6340428892868,-3.6188500875553
175,206_fs2-00009.jpg,47.8325371867748,-4.09249655405324
176,206_fs2-00009.jpg,48.0173788626402,-4.56858033207595
177,206_fs2-00009.jpg,48.1873014372536,-5.04704967008581
178,206_fs2-00009.jpg,48.3410384309857,-5.52785281654519
179,206_fs2-00009.jpg,48.4773233642073,-6.01093801991669
180,206_fs2-00009.jpg,48.594889757289,-6.49625352866258
181,206_fs2-00009.jpg,48.6924711306014,-6.98374759124533
182,206_fs2-00009.jpg,48.7688010045153,-7.47336845612733
183,206_fs2-00009.jpg,48.824627072417,-7.96506437177095
184,206_fs2-00009.jpg,48.8755105641814,-8.45878358663867
185,206_fs2-00009.jpg,48.9248286558372,-8.95447434919299
186,206_fs2-00009.jpg,48.9723853547641,-9.45208490789616
187,206_fs2-00009.jpg,49.0179846683418,-9.95156351121068
188,206_fs2-00009.jpg,49.0614306039497,-10.452858407599
189,206_fs2-00009.jpg,49.1025271689676,-10.9559178455235
190,206_fs2-00009.jpg,49.1410783707749,-11.4606900734466
191,206_fs2-00009.jpg,49.1768882167515,-11.9671233398307
192,206_fs2-00009.jpg,49.2097607142767,-12.4751658931382
193,206_fs2-00009.jpg,49.2394998707302,-12.9847659818315
194,206_fs2-00009.jpg,49.2659096934917,-13.4958718543731
195,206_fs2-00009.jpg,49.2887941899407,-14.0084317592255
196,206_fs2-00009.jpg,49.3079573674568,-14.5223939448509
197,206_fs2-00009.jpg,49.3232032334196,-15.0377066597118
198,206_fs2-00009.jpg,49.3343357952089,-15.5543181522708
199,206_fs2-00009.jpg,49.341159060204,-16.07217667099
200,206_fs2-00009.jpg,49.3434770357847,-16.5912304643319
1,206_fs2-00010.jpg,21.6173570019723,94.3583327929236
2,206_fs2-00010.jpg,21.4759383437016,93.8726913413153
3,206_fs2-00010.jpg,21.334410261155,93.3875525279148
4,206_fs2-00010.jpg,21.192773424527,92.9028999018745
5,206_fs2-00010.jpg,21.0510285040124,92.418717012347
6,206_fs2-00010.jpg,20.9091761698054,91.9349874084846
7,206_fs2-00010.jpg,20.7672170921009,91.4516946394401
8,206_fs2-00010.jpg,20.6251519410931,90.9688222543659
9,206_fs2-00010.jpg,20.4829813869767,90.4863538024144
10,206_fs2-00010.jpg,20.3407060999462,90.0042728327383
11,206_fs2-00010.jpg,20.1983267501961,89.5225628944899
12,206_fs2-00010.jpg,20.0558440079211,89.041207536822
13,206_fs2-00010.jpg,19.9132585433156,88.5601903088868
14,206_fs2-00010.jpg,19.7705710265741,88.079494759837
15,206_fs2-00010.jpg,19.6277821278913,87.5991044388251
16,206_fs2-00010.jpg,19.4848925174616,87.1190028950035
17,206_fs2-00010.jpg,19.3419028654796,86.6391736775249
18,206_fs2-00010.jpg,19.1988138421398,86.1596003355416
19,206_fs2-00010.jpg,19.0556261176367,85.6802664182063
20,206_fs2-00010.jpg,18.912340362165,85.2011554746714
21,206_fs2-00010.jpg,18.7689572459191,84.7222510540894
22,206_fs2-00010.jpg,18.6254774390935,84.243536705613
23,206_fs2-00010.jpg,18.4819016118828,83.7649959783944
24,206_fs2-00010.jpg,18.3382304344817,83.2866124215864
25,206_fs2-00010.jpg,18.1944645770844,82.8083695843414
26,206_fs2-00010.jpg,18.0506047098858,82.3302510158119
27,206_fs2-00010.jpg,17.9066515030801,81.8522402651503
28,206_fs2-00010.jpg,17.7626056268621,81.3743208815094
29,206_fs2-00010.jpg,17.6184677514262,80.8964764140414
30,206_fs2-00010.jpg,17.4742385469669,80.4186904118991
31,206_fs2-00010.jpg,17.3299186836789,79.9409464242348
32,206_fs2-00010.jpg,17.1855088317566,79.4632280002011
33,206_fs2-00010.jpg,17.0407559359013,78.9855186889504
34,206_fs2-00010.jpg,16.8940412687875,78.5078020396354
35,206_fs2-00010.jpg,16.7452986737517,78.0300616014085
36,206_fs2-00010.jpg,16.5947951108317,77.5522809234223
37,206_fs2-00010.jpg,16.4427975400656,77.0744435548292
38,206_fs2-00010.jpg,16.2895729214913,76.5965330447817
39,206_fs2-00010.jpg,16.1353882151468,76.1185329424325
40,206_fs2-00010.jpg,15.9805103810701,75.6404267969339
41,206_fs2-00010.jpg,15.8252063792992,75.1621981574385
42,206_fs2-00010.jpg,15.669743169872,74.6838305730988
43,206_fs2-00010.jpg,15.5143877128265,74.2053075930673
44,206_fs2-00010.jpg,15.3594069682007,73.7266127664966
45,206_fs2-00010.jpg,15.2050678960326,73.2477296425391
46,206_fs2-00010.jpg,15.0516374563601,72.7686417703474
47,206_fs2-00010.jpg,14.8993826092212,72.289332699074
48,206_fs2-00010.jpg,14.7485703146539,71.8097859778713
49,206_fs2-00010.jpg,14.5994675326962,71.3299851558919
50,206_fs2-00010.jpg,14.4523412233861,70.8499137822884
51,206_fs2-00010.jpg,14.3074583467615,70.3695554062131
52,206_fs2-00010.jpg,14.1650858628603,69.8888935768188
53,206_fs2-00010.jpg,14.0254907317207,69.4079118432577
54,206_fs2-00010.jpg,13.8889399133806,68.9265937546825
55,206_fs2-00010.jpg,13.7557003678778,68.4449228602457
56,206_fs2-00010.jpg,13.6260390552505,67.9628827090997
57,206_fs2-00010.jpg,13.5002229355366,67.4804568503972
58,206_fs2-00010.jpg,13.378518968774,66.9976288332906
59,206_fs2-00010.jpg,13.2599463645026,66.5143819864793
60,206_fs2-00010.jpg,13.1381256149906,66.030695088793
61,206_fs2-00010.jpg,13.0127268609427,65.5465426408706
62,206_fs2-00010.jpg,12.884470342862,65.0618989772985
63,206_fs2-00010.jpg,12.7540763012519,64.5767384326631
64,206_fs2-00010.jpg,12.6222649766156,64.0910353415508
65,206_fs2-00010.jpg,12.489756609456,63.6047640385477
66,206_fs2-00010.jpg,12.3572714402766,63.1178988582403
67,206_fs2-00010.jpg,12.2255297095805,62.6304141352149
68,206_fs2-00010.jpg,12.0952516578708,62.1422842040578
69,206_fs2-00010.jpg,11.9671575256509,61.6534833993555
70,206_fs2-00010.jpg,11.8419675534237,61.1639860556942
71,206_fs2-00010.jpg,11.7204019816927,60.6737665076603
72,206_fs2-00010.jpg,11.6031810509609,60.18279908984
73,206_fs2-00010.jpg,11.4910250017315,59.6910581368199
74,206_fs2-00010.jpg,11.3846540745079,59.1985179831861
75,206_fs2-00010.jpg,11.284788509793,58.7051529635251
76,206_fs2-00010.jpg,11.1921485480902,58.210937412423
77,206_fs2-00010.jpg,11.1074544299026,57.7158456644665
78,206_fs2-00010.jpg,11.0314263957334,57.2198520542417
79,206_fs2-00010.jpg,10.9647846860858,56.722930916335
80,206_fs2-00010.jpg,10.9082495414631,56.2250565853327
81,206_fs2-00010.jpg,10.8625412023683,55.7262033958212
82,206_fs2-00010.jpg,10.8283799093048,55.2263456823868
83,206_fs2-00010.jpg,10.8064859027756,54.7254577796159
84,206_fs2-00010.jpg,10.797579423284,54.2235140220947
85,206_fs2-00010.jpg,10.7974077204846,53.7205061724291
86,206_fs2-00010.jpg,10.7974077204846,53.2165386909049
87,206_fs2-00010.jpg,10.7974077204846,52.711760870214
88,206_fs2-00010.jpg,10.7974077204846,52.206322117794
89,206_fs2-00010.jpg,10.7974077204846,51.7003718410824
90,206_fs2-00010.jpg,10.7974077204846,51.1940594475169
91,206_fs2-00010.jpg,10.7974077204846,50.6875343445349
92,206_fs2-00010.jpg,10.7974077204846,50.1809459395742
93,206_fs2-00010.jpg,10.7974077204846,49.6744436400722
94,206_fs2-00010.jpg,10.7974077204846,49.1681768534665
95,206_fs2-00010.jpg,10.7974077204846,48.6622949871947
96,206_fs2-00010.jpg,10.7974077204846,48.1569474486944
97,206_fs2-00010.jpg,10.7974077204846,47.6522836454032
98,206_fs2-00010.jpg,10.7974077204846,47.1484529847586
99,206_fs2-00010.jpg,10.7974077204846,46.6456048741982
100,206_fs2-00010.jpg,10.7974077204846,46.1438887211596
101,206_fs2-00010.jpg,10.7974077204846,45.6434539330804
102,206_fs2-00010.jpg,10.7974077204846,45.1444499173981
103,206_fs2-00010.jpg,10.7974077204846,44.6470260815503
104,206_fs2-00010.jpg,10.7974077204846,44.1513318329747
105,206_fs2-00010.jpg,10.7974077204846,43.6575165791087
106,206_fs2-00010.jpg,10.7974077204846,43.1657297273899
107,206_fs2-00010.jpg,10.7974077204846,42.676120685256
108,206_fs2-00010.jpg,10.7974077204846,42.1888388601445
109,206_fs2-00010.jpg,10.8065014227358,41.7040321345533
110,206_fs2-00010.jpg,10.8469004664915,41.2218346056106
111,206_fs2-00010.jpg,10.9180018951473,40.7423730490741
112,206_fs2-00010.jpg,11.0180447963207,40.2657741732007
113,206_fs2-00010.jpg,11.1452682576291,39.7921646862474
114,206_fs2-00010.jpg,11.2979113666901,39.3216712964713
115,206_fs2-00010.jpg,11.4742132111214,38.8544207121295
116,206_fs2-00010.jpg,11.6724128785402,38.3905396414791
117,206_fs2-00010.jpg,11.8907494565642,37.930154792777
118,206_fs2-00010.jpg,12.1274620328109,37.4733928742803
119,206_fs2-00010.jpg,12.3807896948978,37.020380594246
120,206_fs2-00010.jpg,12.6489715304425,36.5712446609313
121,206_fs2-00010.jpg,12.9302466270624,36.1261117825932
122,206_fs2-00010.jpg,13.2228540723752,35.6851086674886
123,206_fs2-00010.jpg,13.5250329539982,35.2483620238746
124,206_fs2-00010.jpg,13.8350223595491,34.8159985600084
125,206_fs2-00010.jpg,14.1510613766453,34.3881449841469
126,206_fs2-00010.jpg,14.4713890929044,33.9649280045472
127,206_fs2-00010.jpg,14.7942445959438,33.5464743294664
128,206_fs2-00010.jpg,15.1178669733812,33.1329106671615
129,206_fs2-00010.jpg,15.440495312834,32.7243637258894
130,206_fs2-00010.jpg,15.7603687019198,32.3209602139074
131,206_fs2-00010.jpg,16.075726228256,31.9228268394724
132,206_fs2-00010.jpg,16.3848069794603,31.5300903108414
133,206_fs2-00010.jpg,16.6858500431501,31.1428773362716
134,206_fs2-00010.jpg,16.9843269581378,30.7612965601235
135,206_fs2-00010.jpg,17.2945853336491,30.3853179969042
136,206_fs2-00010.jpg,17.616476880718,30.014847462576
137,206_fs2-00010.jpg,17.94933998977,29.6497904233142
138,206_fs2-00010.jpg,18.2925130512307,29.2900523452945
139,206_fs2-00010.jpg,18.6453344555261,28.9355386946923
140,206_fs2-00010.jpg,19.0071425930817,28.5861549376831
141,206_fs2-00010.jpg,19.377275854323,28.2418065404424
142,206_fs2-00010.jpg,19.755072629676,27.9023989691458
143,206_fs2-00010.jpg,20.1398713095663,27.5678376899687
144,206_fs2-00010.jpg,20.5310102844194,27.2380281690866
145,206_fs2-00010.jpg,20.9278279446612,26.9128758726751
146,206_fs2-00010.jpg,21.3296626807172,26.5922862669097
147,206_fs2-00010.jpg,21.7358528830133,26.2761648179658
148,206_fs2-00010.jpg,22.1457369419749,25.964416992019
149,206_fs2-00010.jpg,22.5586532480279,25.6569482552448
150,206_fs2-00010.jpg,22.9739401915979,25.3536640738186
151,206_fs2-00010.jpg,23.3909361631106,25.0544699139161
152,206_fs2-00010.jpg,23.8089795529917,24.7592712417126
153,206_fs2-00010.jpg,24.2274087516668,24.4679735233837
154,206_fs2-00010.jpg,24.6455621495617,24.180482225105
155,206_fs2-00010.jpg,25.062778137102,23.8967028130518
156,206_fs2-00010.jpg,25.4783951047134,23.6165407533998
157,206_fs2-00010.jpg,25.8917514428216,23.3399015123244
158,206_fs2-00010.jpg,26.3021855418522,23.0666905560011
159,206_fs2-00010.jpg,26.709035792231,22.7968133506055
160,206_fs2-00010.jpg,27.1119451549055,22.5301748133945
161,206_fs2-00010.jpg,27.5193712810166,22.2665775054523
162,206_fs2-00010.jpg,27.9347619071505,22.0056021440934
163,206_fs2-00010.jpg,28.3572523692295,21.7468004158146
164,206_fs2-00010.jpg,28.7859780031755,21.489724007113
165,206_fs2-00010.jpg,29.2200741449108,21.2339246044856
166,206_fs2-00010.jpg,29.6586761303575,20.9789538944295
167,206_fs2-00010.jpg,30.1009192954377,20.7243635634417
168,206_fs2-00010.jpg,30.5459389760734,20.4697052980193
169,206_fs2-00010.jpg,30.992870508187,20.2145307846592
170,206_fs2-00010.jpg,31.4408492277004,19.9583917098586
171,206_fs2-00010.jpg,31.8890104705357,19.7008397601144
172,206_fs2-00010.jpg,32.3364895726152,19.4414266219237
173,206_fs2-00010.jpg,32.7824218698609,19.1797039817835
174,206_fs2-00010.jpg,33.2259426981948,18.9152235261909
175,206_fs2-00010.jpg,33.6661873935394,18.6475369416428
176,206_fs2-00010.jpg,34.1022912918164,18.3761959146365
177,206_fs2-00010.jpg,34.5333897289482,18.1007521316687
178,206_fs2-00010.jpg,34.9586180408567,17.8207572792368
179,206_fs2-00010.jpg,35.3771115634643,17.5357630438375
180,206_fs2-00010.jpg,35.7880056326929,17.2453211119681
181,206_fs2-00010.jpg,36.1904355844647,16.9489831701254
182,206_fs2-00010.jpg,36.5835367547018,16.6463009048066
183,206_fs2-00010.jpg,36.9664444793263,16.3368260025087
184,206_fs2-00010.jpg,37.3382940942604,16.0201101497287
185,206_fs2-00010.jpg,37.6982209354261,15.6957050329638
186,206_fs2-00010.jpg,38.0453603387457,15.3631623387108
187,206_fs2-00010.jpg,38.3788476401412,15.0220337534668
188,206_fs2-00010.jpg,38.7011189705819,14.6718709637289
189,206_fs2-00010.jpg,39.0156369005232,14.3122256559942
190,206_fs2-00010.jpg,39.3225130817336,13.9426495167595
191,206_fs2-00010.jpg,39.6218563752819,13.5626942325221
192,206_fs2-00010.jpg,39.9137756422369,13.1719114897789
193,206_fs2-00010.jpg,40.1983797436673,12.7698529750269
194,206_fs2-00010.jpg,40.4757775406421,12.3560703747632
195,206_fs2-00010.jpg,40.74607789423,11.9301153754849
196,206_fs2-00010.jpg,41.0093896654998,11.491539663689
197,206_fs2-00010.jpg,41.2658217155204,11.0398949258724
198,206_fs2-00010.jpg,41.5154829053604,10.5747328485323
199,206_fs2-00010.jpg,41.7584820960888,10.0956051181657
200,206_fs2-00010.jpg,41.9949281487742,9.60206342126958
1,206_fs2-00011.jpg,29.8450267681036,113.02274530349
2,206_fs2-00011.jpg,29.64168604716,112.557397710079
3,206_fs2-00011.jpg,29.4385520518097,112.092503471743
4,206_fs2-00011.jpg,29.2356232011692,111.628039943848
5,206_fs2-00011.jpg,29.0328979143552,111.163984481757
6,206_fs2-00011.jpg,28.8303746104841,110.700314440835
7,206_fs2-00011.jpg,28.6280517086724,110.237007176446
8,206_fs2-00011.jpg,28.4259276280366,109.774040043955
9,206_fs2-00011.jpg,28.2240007876933,109.311390398727
10,206_fs2-00011.jpg,28.0222696067591,108.849035596126
11,206_fs2-00011.jpg,27.8207325043503,108.386952991517
12,206_fs2-00011.jpg,27.6193878995836,107.925119940265
13,206_fs2-00011.jpg,27.4182342115755,107.463513797733
14,206_fs2-00011.jpg,27.2172698594424,107.002111919286
15,206_fs2-00011.jpg,27.0164932623009,106.540891660289
16,206_fs2-00011.jpg,26.8159028392675,106.079830376107
17,206_fs2-00011.jpg,26.6154970094587,105.618905422104
18,206_fs2-00011.jpg,26.4152741919912,105.158094153645
19,206_fs2-00011.jpg,26.2152328059813,104.697373926093
20,206_fs2-00011.jpg,26.0153712705456,104.236722094814
21,206_fs2-00011.jpg,25.8156880048007,103.776116015173
22,206_fs2-00011.jpg,25.616181427863,103.315533042533
23,206_fs2-00011.jpg,25.416849958849,102.85495053226
24,206_fs2-00011.jpg,25.2176920168753,102.394345839717
25,206_fs2-00011.jpg,25.0187060210585,101.93369632027
26,206_fs2-00011.jpg,24.819890390515,101.472979329283
27,206_fs2-00011.jpg,24.6212435443613,101.01217222212
28,206_fs2-00011.jpg,24.422763169182,100.551252354147
29,206_fs2-00011.jpg,24.2242468431699,100.090197080727
30,206_fs2-00011.jpg,24.0255808251169,99.6289837572249
31,206_fs2-00011.jpg,23.826829013682,99.1675897390059
32,206_fs2-00011.jpg,23.6280553075242,98.7059923814342
33,206_fs2-00011.jpg,23.4293236053026,98.2441690398742
34,206_fs2-00011.jpg,23.2306978056761,97.7820970696907
35,206_fs2-00011.jpg,23.0322418073039,97.3197538262481
36,206_fs2-00011.jpg,22.834019508845,96.857116664911
37,206_fs2-00011.jpg,22.6360948089583,96.3941629410439
38,206_fs2-00011.jpg,22.438531606303,95.9308700100113
39,206_fs2-00011.jpg,22.2413937995381,95.4672152271779
40,206_fs2-00011.jpg,22.0447452873226,95.0031759479082
41,206_fs2-00011.jpg,21.8486499683156,94.5387295275667
42,206_fs2-00011.jpg,21.653171741176,94.0738533215179
43,206_fs2-00011.jpg,21.458374504563,93.6085246851265
44,206_fs2-00011.jpg,21.2643221571356,93.142720973757
45,206_fs2-00011.jpg,21.0710785975527,92.6764195427739
46,206_fs2-00011.jpg,20.8787077244735,92.2095977475417
47,206_fs2-00011.jpg,20.6872734365569,91.7422329434251
48,206_fs2-00011.jpg,20.4968396324621,91.2743024857886
49,206_fs2-00011.jpg,20.3077487665335,90.8057924744126
50,206_fs2-00011.jpg,20.1204215067114,90.3367447584259
51,206_fs2-00011.jpg,19.934698388339,89.8672230790264
52,206_fs2-00011.jpg,19.7504099001439,89.3972912293202
53,206_fs2-00011.jpg,19.567386530854,88.9270130024132
54,206_fs2-00011.jpg,19.3854587691966,88.4564521914114
55,206_fs2-00011.jpg,19.2044571038996,87.9856725894207
56,206_fs2-00011.jpg,19.0242120236905,87.5147379895473
57,206_fs2-00011.jpg,18.844554017297,87.0437121848969
58,206_fs2-00011.jpg,18.6653135734467,86.5726589685756
59,206_fs2-00011.jpg,18.4863211808673,86.1016421336895
60,206_fs2-00011.jpg,18.3074073282864,85.6307254733444
61,206_fs2-00011.jpg,18.1284025044318,85.1599727806464
62,206_fs2-00011.jpg,17.9491371980309,84.6894478487014
63,206_fs2-00011.jpg,17.7694418978115,84.2192144706153
64,206_fs2-00011.jpg,17.5891470925012,83.7493364394943
65,206_fs2-00011.jpg,17.4080832708276,83.2798775484442
66,206_fs2-00011.jpg,17.2260809215185,82.8109015905711
67,206_fs2-00011.jpg,17.0429705333014,82.3424723589808
68,206_fs2-00011.jpg,16.858582594904,81.8746536467795
69,206_fs2-00011.jpg,16.6727475950539,81.4075092470731
70,206_fs2-00011.jpg,16.4852960224788,80.9411029529674
71,206_fs2-00011.jpg,16.2960583659063,80.4754985575686
72,206_fs2-00011.jpg,16.1048651140641,80.0107598539826
73,206_fs2-00011.jpg,15.9114999644551,79.5469502552088
74,206_fs2-00011.jpg,15.7148808163871,79.0840855905167
75,206_fs2-00011.jpg,15.5149005372402,78.6220884062661
76,206_fs2-00011.jpg,15.3119409062418,78.1608704090309
77,206_fs2-00011.jpg,15.1063837026188,77.7003433053853
78,206_fs2-00011.jpg,14.8986107055985,77.2404188019033
79,206_fs2-00011.jpg,14.689003694408,76.7810086051589
80,206_fs2-00011.jpg,14.4779444482745,76.3220244217264
81,206_fs2-00011.jpg,14.265814746425,75.8633779581796
82,206_fs2-00011.jpg,14.0529963680867,75.4049809210926
83,206_fs2-00011.jpg,13.8398710924868,74.9467450170396
84,206_fs2-00011.jpg,13.6268206988523,74.4885819525946
85,206_fs2-00011.jpg,13.4142269664105,74.0304034343316
86,206_fs2-00011.jpg,13.2024716743885,73.5721211688247
87,206_fs2-00011.jpg,12.9919366020134,73.1136468626481
88,206_fs2-00011.jpg,12.7830035285124,72.6548922223756
89,206_fs2-00011.jpg,12.5760542331125,72.1957689545815
90,206_fs2-00011.jpg,12.371470495041,71.7361887658398
91,206_fs2-00011.jpg,12.169634093525,71.2760633627244
92,206_fs2-00011.jpg,11.9709268077917,70.8153044518096
93,206_fs2-00011.jpg,11.775730417068,70.3538237396693
94,206_fs2-00011.jpg,11.5844267005813,69.8915329328777
95,206_fs2-00011.jpg,11.397114576876,69.4283441662943
96,206_fs2-00011.jpg,11.2094145822098,68.9642056572217
97,206_fs2-00011.jpg,11.0199974849431,68.499128515872
98,206_fs2-00011.jpg,10.829233964544,68.0331301674299
99,206_fs2-00011.jpg,10.6374947004803,67.5662280370796
100,206_fs2-00011.jpg,10.4451503722199,67.0984395500057
101,206_fs2-00011.jpg,10.2525716592309,66.6297821313925
102,206_fs2-00011.jpg,10.060129240981,66.1602732064243
103,206_fs2-00011.jpg,9.86819379693827,65.6899302002858
104,206_fs2-00011.jpg,9.67713600657061,65.2187705381612
105,206_fs2-00011.jpg,9.48732654934588,64.746811645235
106,206_fs2-00011.jpg,9.2991361047321,64.2740709466916
107,206_fs2-00011.jpg,9.1129353521971,63.8005658677154
108,206_fs2-00011.jpg,8.92909497120888,63.3263138334908
109,206_fs2-00011.jpg,8.74798564123529,62.8513322692023
110,206_fs2-00011.jpg,8.56997804174432,62.3756386000342
111,206_fs2-00011.jpg,8.39544285220381,61.899250251171
112,206_fs2-00011.jpg,8.22475075208177,61.4221846477971
113,206_fs2-00011.jpg,8.05827242084609,60.9444592150969
114,206_fs2-00011.jpg,7.89637853796467,60.4660913782548
115,206_fs2-00011.jpg,7.73943978290544,59.9870985624552
116,206_fs2-00011.jpg,7.58782683513635,59.5074981928826
117,206_fs2-00011.jpg,7.44191037412526,59.0273076947213
118,206_fs2-00011.jpg,7.30206107934021,58.5465444931559
119,206_fs2-00011.jpg,7.16864963024898,58.0652260133706
120,206_fs2-00011.jpg,7.04204670631958,57.5833696805499
121,206_fs2-00011.jpg,6.92262298701996,57.1009929198783
122,206_fs2-00011.jpg,6.81074915181796,56.61811315654
123,206_fs2-00011.jpg,6.70533155552465,56.1347447565756
124,206_fs2-00011.jpg,6.59943467665215,55.6508446813928
125,206_fs2-00011.jpg,6.49256277963832,55.1663188779828
126,206_fs2-00011.jpg,6.38524444701869,54.6810715178184
127,206_fs2-00011.jpg,6.27800826132903,54.1950067723723
128,206_fs2-00011.jpg,6.17138280510488,53.7080288131174
129,206_fs2-00011.jpg,6.06589666088195,53.2200418115262
130,206_fs2-00011.jpg,5.96207841119593,52.7309499390718
131,206_fs2-00011.jpg,5.86045663858238,52.2406573672268
132,206_fs2-00011.jpg,5.76155992557699,51.749068267464
133,206_fs2-00011.jpg,5.66591685471536,51.2560868112561
134,206_fs2-00011.jpg,5.5740560085332,50.761617170076
135,206_fs2-00011.jpg,5.48650596956617,50.2655635153964
136,206_fs2-00011.jpg,5.4037953203499,49.7678300186901
137,206_fs2-00011.jpg,5.32645264342005,49.2683208514298
138,206_fs2-00011.jpg,5.25500652131223,48.7669401850884
139,206_fs2-00011.jpg,5.18998553656206,48.2635921911386
140,206_fs2-00011.jpg,5.13191827170527,47.7581810410531
141,206_fs2-00011.jpg,5.08133330927751,47.2506109063048
142,206_fs2-00011.jpg,5.03875923181437,46.7407859583664
143,206_fs2-00011.jpg,5.00472462185155,46.2286103687106
144,206_fs2-00011.jpg,4.97975806192466,45.7139883088104
145,206_fs2-00011.jpg,4.96438813456939,45.1968239501383
146,206_fs2-00011.jpg,4.95914342232129,44.6770214641673
147,206_fs2-00011.jpg,4.96312343688288,44.1546328965202
148,206_fs2-00011.jpg,4.97486865913112,43.6303027746791
149,206_fs2-00011.jpg,4.99407342236839,43.1048239933153
150,206_fs2-00011.jpg,5.02043206029475,42.5789894471
151,206_fs2-00011.jpg,5.05363890661016,42.0535920307048
152,206_fs2-00011.jpg,5.09338829501456,41.529424638801
153,206_fs2-00011.jpg,5.13937455920802,41.0072801660598
154,206_fs2-00011.jpg,5.19129203289049,40.4879515071528
155,206_fs2-00011.jpg,5.24883504976191,39.9722315567513
156,206_fs2-00011.jpg,5.31169794352229,39.4609132095266
157,206_fs2-00011.jpg,5.37957504787164,38.9547893601501
158,206_fs2-00011.jpg,5.45216069650991,38.4546529032931
159,206_fs2-00011.jpg,5.52914922313715,37.9612967336271
160,206_fs2-00011.jpg,5.61023496145322,37.4755137458233
161,206_fs2-00011.jpg,5.69511224515821,36.9980968345533
162,206_fs2-00011.jpg,5.78347540795204,36.5298388944883
163,206_fs2-00011.jpg,5.8750187835347,36.0715328202996
164,206_fs2-00011.jpg,5.96943670560626,35.6239715066587
165,206_fs2-00011.jpg,6.06787727961,35.18794428519
166,206_fs2-00011.jpg,6.19949660064719,34.7638430021527
167,206_fs2-00011.jpg,6.37367410168054,34.3513049924578
168,206_fs2-00011.jpg,6.58757628812424,33.9498832911209
169,206_fs2-00011.jpg,6.8383696653928,33.5591309331577
170,206_fs2-00011.jpg,7.12322073890039,33.178600953584
171,206_fs2-00011.jpg,7.43929601406148,32.8078463874153
172,206_fs2-00011.jpg,7.78376199629031,32.4464202696676
173,206_fs2-00011.jpg,8.15378519100125,32.0938756353563
174,206_fs2-00011.jpg,8.54653210360868,31.7497655194971
175,206_fs2-00011.jpg,8.95916923952683,31.413642957106
176,206_fs2-00011.jpg,9.38886310417007,31.0850609831983
177,206_fs2-00011.jpg,9.83278020295279,30.76357263279
178,206_fs2-00011.jpg,10.2880870412893,30.4487309408966
179,206_fs2-00011.jpg,10.7519501245939,30.1400889425339
180,206_fs2-00011.jpg,11.2215359582809,29.8371996727175
181,206_fs2-00011.jpg,11.6940110477647,29.5396161664632
182,206_fs2-00011.jpg,12.1665418984596,29.2468914587866
183,206_fs2-00011.jpg,12.6362950157799,28.9585785847035
184,206_fs2-00011.jpg,13.10043690514,28.6742305792295
185,206_fs2-00011.jpg,13.5561340719541,28.3934004773803
186,206_fs2-00011.jpg,14.0005530216368,28.1156413141716
187,206_fs2-00011.jpg,14.4308602596022,27.840506124619
188,206_fs2-00011.jpg,14.8442222912647,27.5675479437384
189,206_fs2-00011.jpg,15.2485063193046,27.2963198065454
190,206_fs2-00011.jpg,15.6570860549045,27.0263747480556
191,206_fs2-00011.jpg,16.069785775098,26.7572658032848
192,206_fs2-00011.jpg,16.4863464336015,26.4885460072487
193,206_fs2-00011.jpg,16.9065089841311,26.2197683949629
194,206_fs2-00011.jpg,17.3300143804033,25.9504860014432
195,206_fs2-00011.jpg,17.7566035761342,25.6802518617051
196,206_fs2-00011.jpg,18.1860175250402,25.4086190107645
197,206_fs2-00011.jpg,18.6179971808374,25.1351404836371
198,206_fs2-00011.jpg,19.0522834972423,24.8593693153384
199,206_fs2-00011.jpg,19.488617427971,24.5808585408843
200,206_fs2-00011.jpg,19.9267399267399,24.2991611952903
1,206_fs2-00012.jpg,42.7387996618766,127.314094979455
2,206_fs2-00012.jpg,42.4270223816852,126.920478936874
3,206_fs2-00012.jpg,42.1154381150046,126.530199255458
4,206_fs2-00012.jpg,41.8040455641875,126.143126374824
5,206_fs2-00012.jpg,41.4928434315866,125.759130734586
6,206_fs2-00012.jpg,41.1818304195544,125.378082774361
7,206_fs2-00012.jpg,40.8710052304438,124.999852933763
8,206_fs2-00012.jpg,40.5603665666074,124.624311652409
9,206_fs2-00012.jpg,40.2499131303979,124.251329369914
10,206_fs2-00012.jpg,39.9396436241681,123.880776525892
11,206_fs2-00012.jpg,39.6295567502706,123.512523559961
12,206_fs2-00012.jpg,39.319651211058,123.146440911735
13,206_fs2-00012.jpg,39.0099257088833,122.78239902083
14,206_fs2-00012.jpg,38.7003789460989,122.420268326861
15,206_fs2-00012.jpg,38.3910096250576,122.059919269444
16,206_fs2-00012.jpg,38.0818164481121,121.701222288194
17,206_fs2-00012.jpg,37.772798117615,121.344047822727
18,206_fs2-00012.jpg,37.4639533359192,120.988266312659
19,206_fs2-00012.jpg,37.1552808053773,120.633748197604
20,206_fs2-00012.jpg,36.8467792283419,120.280363917179
21,206_fs2-00012.jpg,36.5384473071658,119.927983910999
22,206_fs2-00012.jpg,36.2302837442017,119.57647861868
23,206_fs2-00012.jpg,35.9222872418022,119.225718479836
24,206_fs2-00012.jpg,35.6144565023201,118.875573934084
25,206_fs2-00012.jpg,35.3067902281081,118.525915421038
26,206_fs2-00012.jpg,34.9992871215188,118.176613380316
27,206_fs2-00012.jpg,34.691945884905,117.827538251531
28,206_fs2-00012.jpg,34.3847652206193,117.4785604743
29,206_fs2-00012.jpg,34.0777438310144,117.129550488238
30,206_fs2-00012.jpg,33.7708804184431,116.78037873296
31,206_fs2-00012.jpg,33.464173685258,116.430915648082
32,206_fs2-00012.jpg,33.1567602630996,116.08103167322
33,206_fs2-00012.jpg,32.8460664271594,115.73059724799
34,206_fs2-00012.jpg,32.5323904933811,115.379482812005
35,206_fs2-00012.jpg,32.2162591029444,115.027558804883
36,206_fs2-00012.jpg,31.8981988970293,114.674695666239
37,206_fs2-00012.jpg,31.5787365168156,114.320763835687
38,206_fs2-00012.jpg,31.2583986034833,113.965633752845
39,206_fs2-00012.jpg,30.9377117982123,113.609175857326
40,206_fs2-00012.jpg,30.6172027421824,113.251260588747
41,206_fs2-00012.jpg,30.2973980765736,112.891758386724
42,206_fs2-00012.jpg,29.9788244425657,112.530539690871
43,206_fs2-00012.jpg,29.6620084813386,112.167474940804
44,206_fs2-00012.jpg,29.3474768340722,111.802434576139
45,206_fs2-00012.jpg,29.0357561419464,111.435289036491
46,206_fs2-00012.jpg,28.7273730461411,111.065908761476
47,206_fs2-00012.jpg,28.4228541878362,110.69416419071
48,206_fs2-00012.jpg,28.1227262082115,110.319925763807
49,206_fs2-00012.jpg,27.8275157484471,109.943063920383
50,206_fs2-00012.jpg,27.5377494497226,109.563449100054
51,206_fs2-00012.jpg,27.2539539532182,109.180951742436
52,206_fs2-00012.jpg,26.9766559001135,108.795442287143
53,206_fs2-00012.jpg,26.7063819315887,108.406791173792
54,206_fs2-00012.jpg,26.4436586888234,108.014868841998
55,206_fs2-00012.jpg,26.1884166032961,107.619553393138
56,206_fs2-00012.jpg,25.9379681098589,107.220862579675
57,206_fs2-00012.jpg,25.6917498397868,106.81893608186
58,206_fs2-00012.jpg,25.4495670551833,106.413917676567
59,206_fs2-00012.jpg,25.2112250181518,106.005951140673
60,206_fs2-00012.jpg,24.9765289907956,105.595180251053
61,206_fs2-00012.jpg,24.7452842352182,105.181748784581
62,206_fs2-00012.jpg,24.5172960135229,104.765800518135
63,206_fs2-00012.jpg,24.2923695878132,104.347479228588
64,206_fs2-00012.jpg,24.0703102201924,103.926928692817
65,206_fs2-00012.jpg,23.8509231727641,103.504292687697
66,206_fs2-00012.jpg,23.6340137076315,103.079714990104
67,206_fs2-00012.jpg,23.4193870868981,102.653339376912
68,206_fs2-00012.jpg,23.2068485726672,102.225309624997
69,206_fs2-00012.jpg,22.9962034270424,101.795769511235
70,206_fs2-00012.jpg,22.787256912127,101.364862812502
71,206_fs2-00012.jpg,22.5798142900243,100.932733305671
72,206_fs2-00012.jpg,22.3736808228379,100.49952476762
73,206_fs2-00012.jpg,22.168661772671,100.065380975224
74,206_fs2-00012.jpg,21.9645624016272,99.6304457053567
75,206_fs2-00012.jpg,21.7611879718097,99.1948627348951
76,206_fs2-00012.jpg,21.5583437453221,98.7587758407143
77,206_fs2-00012.jpg,21.3558349842676,98.3223287996896
78,206_fs2-00012.jpg,21.1534669507498,97.8856653886965
79,206_fs2-00012.jpg,20.951044906872,97.4489293846104
80,206_fs2-00012.jpg,20.7492747711832,97.0122483042622
81,206_fs2-00012.jpg,20.5496158143317,96.5756436905887
82,206_fs2-00012.jpg,20.35196352904,96.1390946262156
83,206_fs2-00012.jpg,20.1561808079931,95.7025800805218
84,206_fs2-00012.jpg,19.962130543876,95.266079022886
85,206_fs2-00012.jpg,19.7696756293737,94.8295704226871
86,206_fs2-00012.jpg,19.5786789571713,94.3930332493038
87,206_fs2-00012.jpg,19.389003419954,93.9564464721148
88,206_fs2-00012.jpg,19.2005119104065,93.519789060499
89,206_fs2-00012.jpg,19.0130673212141,93.0830399838352
90,206_fs2-00012.jpg,18.8265325450618,92.6461782115021
91,206_fs2-00012.jpg,18.6407704746345,92.2091827128785
92,206_fs2-00012.jpg,18.4556440026174,91.7720324573432
93,206_fs2-00012.jpg,18.2710160216954,91.334706414275
94,206_fs2-00012.jpg,18.0867494245536,90.8971835530526
95,206_fs2-00012.jpg,17.902707103877,90.4594428430549
96,206_fs2-00012.jpg,17.7187519523508,90.0214632536606
97,206_fs2-00012.jpg,17.5347468626598,89.5832237542485
98,206_fs2-00012.jpg,17.3505547274892,89.1447033141973
99,206_fs2-00012.jpg,17.1660384395239,88.705880902886
100,206_fs2-00012.jpg,16.9810608914491,88.2667354896931
101,206_fs2-00012.jpg,16.7954849759497,87.8272460439977
102,206_fs2-00012.jpg,16.6091735857108,87.3873915351782
103,206_fs2-00012.jpg,16.4219896134175,86.9471509326137
104,206_fs2-00012.jpg,16.2349261898846,86.5065155684075
105,206_fs2-00012.jpg,16.0492568394027,86.0655364510957
106,206_fs2-00012.jpg,15.8648078120832,85.6242825722321
107,206_fs2-00012.jpg,15.6814003056812,85.1828229270357
108,206_fs2-00012.jpg,15.498855517952,84.7412265107254
109,206_fs2-00012.jpg,15.3169946466506,84.2995623185201
110,206_fs2-00012.jpg,15.1356388895323,83.8578993456389
111,206_fs2-00012.jpg,14.9546094443522,83.4163065873007
112,206_fs2-00012.jpg,14.7737275088656,82.9748530387244
113,206_fs2-00012.jpg,14.5928142808275,82.533607695129
114,206_fs2-00012.jpg,14.4116909579932,82.0926395517333
115,206_fs2-00012.jpg,14.2301787381178,81.6520176037565
116,206_fs2-00012.jpg,14.0480988189566,81.2118108464174
117,206_fs2-00012.jpg,13.8652723982647,80.772088274935
118,206_fs2-00012.jpg,13.6815206737973,80.3329188845282
119,206_fs2-00012.jpg,13.4966648433094,79.8943716704159
120,206_fs2-00012.jpg,13.3105261045565,79.4565156278172
121,206_fs2-00012.jpg,13.1229256552935,79.019419751951
122,206_fs2-00012.jpg,12.9336846932757,78.5831530380362
123,206_fs2-00012.jpg,12.7426244162583,78.1477844812919
124,206_fs2-00012.jpg,12.5495660219964,77.7133830769368
125,206_fs2-00012.jpg,12.3543307082452,77.28001782019
126,206_fs2-00012.jpg,12.1567396727599,76.8477577062704
127,206_fs2-00012.jpg,11.9566141132957,76.4166717303971
128,206_fs2-00012.jpg,11.7537752276077,75.9868288877889
129,206_fs2-00012.jpg,11.5476943911382,75.5582847946426
130,206_fs2-00012.jpg,11.3378230375682,75.1310087011171
131,206_fs2-00012.jpg,11.1244161306509,74.7049355539671
132,206_fs2-00012.jpg,10.9077426678084,74.2800002129495
133,206_fs2-00012.jpg,10.688071646463,73.8561375378213
134,206_fs2-00012.jpg,10.4656720640371,73.4332823883393
135,206_fs2-00012.jpg,10.2408129179529,73.0113696242605
136,206_fs2-00012.jpg,10.0137632056326,72.5903341053418
137,206_fs2-00012.jpg,9.78479192449868,72.17011069134
138,206_fs2-00012.jpg,9.55416807197327,71.750634242012
139,206_fs2-00012.jpg,9.32216064547868,71.331839617115
140,206_fs2-00012.jpg,9.08903864243717,70.9136616764055
141,206_fs2-00012.jpg,8.85507106027103,70.4960352796407
142,206_fs2-00012.jpg,8.62052689640262,70.0788952865773
143,206_fs2-00012.jpg,8.38567514825411,69.6621765569724
144,206_fs2-00012.jpg,8.15078481324781,69.2458139505828
145,206_fs2-00012.jpg,7.91612488880605,68.8297423271654
146,206_fs2-00012.jpg,7.68196437235105,68.4138965464772
147,206_fs2-00012.jpg,7.44857226130517,67.998211468275
148,206_fs2-00012.jpg,7.21621755309059,67.5826219523157
149,206_fs2-00012.jpg,6.98516924512961,67.1670628583563
150,206_fs2-00012.jpg,6.75569633484457,66.7514690461536
151,206_fs2-00012.jpg,6.52806781965768,66.3357753754646
152,206_fs2-00012.jpg,6.30255269699126,65.9199167060462
153,206_fs2-00012.jpg,6.07941996426757,65.5038278976553
154,206_fs2-00012.jpg,5.85893861890895,65.0874438100487
155,206_fs2-00012.jpg,5.63893988604082,64.6706990201194
156,206_fs2-00012.jpg,5.41004318340998,64.253523801533
157,206_fs2-00012.jpg,5.17259777852371,63.8358450787645
158,206_fs2-00012.jpg,4.92810830503254,63.4175896879973
159,206_fs2-00012.jpg,4.6780793965869,62.998684465415
160,206_fs2-00012.jpg,4.42401568683732,62.5790562472012
161,206_fs2-00012.jpg,4.16742180943419,62.1586318695394
162,206_fs2-00012.jpg,3.90980239802803,61.7373381686131
163,206_fs2-00012.jpg,3.65266208626929,61.315101980606
164,206_fs2-00012.jpg,3.39750550780843,60.8918501417016
165,206_fs2-00012.jpg,3.14583729629589,60.4675094880834
166,206_fs2-00012.jpg,2.89916208538222,60.042006855935
167,206_fs2-00012.jpg,2.65898450871782,59.6152690814401
168,206_fs2-00012.jpg,2.42680919995314,59.1872230007821
169,206_fs2-00012.jpg,2.20414079273866,58.7577954501445
170,206_fs2-00012.jpg,1.99248392072491,58.326913265711
171,206_fs2-00012.jpg,1.79334321756227,57.8945032836652
172,206_fs2-00012.jpg,1.60822331690122,57.4604923401905
173,206_fs2-00012.jpg,1.4386288523923,57.0248072714705
174,206_fs2-00012.jpg,1.28606445768588,56.5873749136888
175,206_fs2-00012.jpg,1.15203476643251,56.148122103029
176,206_fs2-00012.jpg,1.03804441228255,55.7069756756746
177,206_fs2-00012.jpg,0.945598028886593,55.2638624678092
178,206_fs2-00012.jpg,0.874291431137124,54.8187093156163
179,206_fs2-00012.jpg,0.808210519848728,54.3714430552795
180,206_fs2-00012.jpg,0.743586630839218,53.9219905229824
181,206_fs2-00012.jpg,0.68057750207663,53.4702785549085
182,206_fs2-00012.jpg,0.619340871528948,53.0162339872413
183,206_fs2-00012.jpg,0.560034477164265,52.5597836561645
184,206_fs2-00012.jpg,0.502816056950621,52.1008543978616
185,206_fs2-00012.jpg,0.447843348856054,51.6393730485161
186,206_fs2-00012.jpg,0.395274090848602,51.1752664443117
187,206_fs2-00012.jpg,0.345266020896361,50.7084614214318
188,206_fs2-00012.jpg,0.297976876967311,50.23888481606
189,206_fs2-00012.jpg,0.25356439702955,49.7664634643799
190,206_fs2-00012.jpg,0.212186319051114,49.2911242025751
191,206_fs2-00012.jpg,0.174000381000042,48.8127938668291
192,206_fs2-00012.jpg,0.139164320844429,48.3313992933255
193,206_fs2-00012.jpg,0.107835876552201,47.8468673182477
194,206_fs2-00012.jpg,0.0801727860915662,47.3591247777795
195,206_fs2-00012.jpg,0.0563327874304491,46.8680985081044
196,206_fs2-00012.jpg,0.0364736185369452,46.3737153454059
197,206_fs2-00012.jpg,0.0207530173790929,45.8759021258675
198,206_fs2-00012.jpg,0.00932872192498735,45.3745856856728
199,206_fs2-00012.jpg,0.00235847014261026,44.8696928610054
200,206_fs2-00012.jpg,0,44.3611504880489
