points,Image,X,Y
1,206_fs1-00001.jpg,101.707523245985,-17.2582338850176
2,206_fs1-00001.jpg,101.181181212441,-17.2855612410985
3,206_fs1-00001.jpg,100.655029986618,-17.3098419969454
4,206_fs1-00001.jpg,100.129070489604,-17.331107104261
5,206_fs1-00001.jpg,99.6033036424888,-17.3493875147481
6,206_fs1-00001.jpg,99.0777303663608,-17.3647141801094
7,206_fs1-00001.jpg,98.5523515823087,-17.3771180520476
8,206_fs1-00001.jpg,98.0271682114217,-17.3866300822654
9,206_fs1-00001.jpg,97.5021811747885,-17.3932812224657
10,206_fs1-00001.jpg,96.9773913934979,-17.3971024243511
11,206_fs1-00001.jpg,96.4527997886388,-17.3981246396243
12,206_fs1-00001.jpg,95.9284072813,-17.3963788199881
13,206_fs1-00001.jpg,95.4042147925704,-17.3918959171453
14,206_fs1-00001.jpg,94.8802232435389,-17.3847068827984
15,206_fs1-00001.jpg,94.3564335552942,-17.3748426686504
16,206_fs1-00001.jpg,93.8328466489253,-17.3623342264038
17,206_fs1-00001.jpg,93.309463445521,-17.3472125077614
18,206_fs1-00001.jpg,92.7862848661701,-17.3295084644261
19,206_fs1-00001.jpg,92.2633118319616,-17.3092530481003
20,206_fs1-00001.jpg,91.7405452639842,-17.2864772104871
21,206_fs1-00001.jpg,91.2179860833268,-17.2612119032889
22,206_fs1-00001.jpg,90.6956352110782,-17.2334880782087
23,206_fs1-00001.jpg,90.1734935683274,-17.203336686949
24,206_fs1-00001.jpg,89.6515620761631,-17.1707886812127
25,206_fs1-00001.jpg,89.1298416556742,-17.1358750127025
26,206_fs1-00001.jpg,88.6083332279496,-17.098626633121
27,206_fs1-00001.jpg,88.0870377140781,-17.0590744941711
28,206_fs1-00001.jpg,87.5659560351485,-17.0172495475554
29,206_fs1-00001.jpg,87.0450891122498,-16.9731827449768
30,206_fs1-00001.jpg,86.5244378664707,-16.9269050381378
31,206_fs1-00001.jpg,86.0040032189001,-16.8784473787412
32,206_fs1-00001.jpg,85.4837860906269,-16.8278407184899
33,206_fs1-00001.jpg,84.9637874027399,-16.7751160090864
34,206_fs1-00001.jpg,84.444008076328,-16.7203042022336
35,206_fs1-00001.jpg,83.92444903248,-16.6634362496342
36,206_fs1-00001.jpg,83.4051111922847,-16.6045431029908
37,206_fs1-00001.jpg,82.8859954768311,-16.5436557140063
38,206_fs1-00001.jpg,82.367102807208,-16.4808050343833
39,206_fs1-00001.jpg,81.8484341045041,-16.4160220158246
40,206_fs1-00001.jpg,81.3299902898085,-16.3493376100329
41,206_fs1-00001.jpg,80.8117722842098,-16.280782768711
42,206_fs1-00001.jpg,80.2937810087971,-16.2103884435615
43,206_fs1-00001.jpg,79.7760173846591,-16.1381855862872
44,206_fs1-00001.jpg,79.2584823328846,-16.0642051485909
45,206_fs1-00001.jpg,78.7411767745626,-15.9884780821752
46,206_fs1-00001.jpg,78.2241016307819,-15.9110353387429
47,206_fs1-00001.jpg,77.7072578226313,-15.8319078699968
48,206_fs1-00001.jpg,77.1906462711997,-15.7511266276395
49,206_fs1-00001.jpg,76.6742678975759,-15.6687225633738
50,206_fs1-00001.jpg,76.1581236228488,-15.5847266289023
51,206_fs1-00001.jpg,75.6422143681072,-15.499169775928
52,206_fs1-00001.jpg,75.1265755825368,-15.4120829561533
53,206_fs1-00001.jpg,74.6114177056233,-15.3234971212812
54,206_fs1-00001.jpg,74.0967623139544,-15.2334432230143
55,206_fs1-00001.jpg,73.5825926911117,-15.1419522130554
56,206_fs1-00001.jpg,73.0688921206769,-15.0490550431072
57,206_fs1-00001.jpg,72.5556438862316,-14.9547826648724
58,206_fs1-00001.jpg,72.0428312713576,-14.8591660300537
59,206_fs1-00001.jpg,71.5304375596365,-14.7622360903539
60,206_fs1-00001.jpg,71.0184460346501,-14.6640237974757
61,206_fs1-00001.jpg,70.5068399799799,-14.5645601031219
62,206_fs1-00001.jpg,69.9956026792076,-14.4638759589951
63,206_fs1-00001.jpg,69.4847174159151,-14.3620023167981
64,206_fs1-00001.jpg,68.9741674736838,-14.2589701282336
65,206_fs1-00001.jpg,68.4639361360956,-14.1548103450044
66,206_fs1-00001.jpg,67.954006686732,-14.0495539188132
67,206_fs1-00001.jpg,67.4443624091749,-13.9432318013627
68,206_fs1-00001.jpg,66.9349865870057,-13.8358749443557
69,206_fs1-00001.jpg,66.4258625038063,-13.7275142994948
70,206_fs1-00001.jpg,65.9169734431583,-13.6181808184828
71,206_fs1-00001.jpg,65.4083026886433,-13.5079054530225
72,206_fs1-00001.jpg,64.8998335238432,-13.3967191548165
73,206_fs1-00001.jpg,64.3915492323395,-13.2846528755677
74,206_fs1-00001.jpg,63.8834330977139,-13.1717375669786
75,206_fs1-00001.jpg,63.3754684035482,-13.0580041807521
76,206_fs1-00001.jpg,62.8676384334238,-12.9434836685909
77,206_fs1-00001.jpg,62.3599264709227,-12.8282069821977
78,206_fs1-00001.jpg,61.8523157996265,-12.7122050732753
79,206_fs1-00001.jpg,61.3447897031167,-12.5955088935263
80,206_fs1-00001.jpg,60.8373314649751,-12.4781493946535
81,206_fs1-00001.jpg,60.3299243687835,-12.3601575283597
82,206_fs1-00001.jpg,59.8225516981234,-12.2415642463475
83,206_fs1-00001.jpg,59.3151967365766,-12.1224005003197
84,206_fs1-00001.jpg,58.8078427677247,-12.002697241979
85,206_fs1-00001.jpg,58.3004730751493,-11.8824854230282
86,206_fs1-00001.jpg,57.7930709424323,-11.76179599517
87,206_fs1-00001.jpg,57.2856196531552,-11.640659910107
88,206_fs1-00001.jpg,56.7781024908998,-11.5191081195422
89,206_fs1-00001.jpg,56.2705027392477,-11.397171575178
90,206_fs1-00001.jpg,55.7628036817806,-11.2748812287174
91,206_fs1-00001.jpg,55.2549886020802,-11.1522680318631
92,206_fs1-00001.jpg,54.7470407837282,-11.0293629363176
93,206_fs1-00001.jpg,54.2389435103062,-10.9061968937839
94,206_fs1-00001.jpg,53.7306800653959,-10.7828008559646
95,206_fs1-00001.jpg,53.2222337325791,-10.6592057745624
96,206_fs1-00001.jpg,52.7135877954373,-10.5354426012802
97,206_fs1-00001.jpg,52.2047255375523,-10.4115422878205
98,206_fs1-00001.jpg,51.6956302425057,-10.2875357858861
99,206_fs1-00001.jpg,51.1862851938793,-10.1634540471799
100,206_fs1-00001.jpg,50.6766736752547,-10.0393280234044
101,206_fs1-00001.jpg,50.1667789702135,-9.91518866626245
102,206_fs1-00001.jpg,49.6565843623375,-9.79106692745677
103,206_fs1-00001.jpg,49.1460731352084,-9.66699375869007
104,206_fs1-00001.jpg,48.6352285724078,-9.54300011166509
105,206_fs1-00001.jpg,48.1240339575174,-9.41911693808458
106,206_fs1-00001.jpg,47.6124725741189,-9.29537518965122
107,206_fs1-00001.jpg,47.1005277057939,-9.17180581806778
108,206_fs1-00001.jpg,46.5881826361242,-9.04843977503697
109,206_fs1-00001.jpg,46.0754206486914,-8.92530801226152
110,206_fs1-00001.jpg,45.5622250270773,-8.80244148144416
111,206_fs1-00001.jpg,45.0485790548634,-8.67987113428765
112,206_fs1-00001.jpg,44.5344426368167,-8.55763007681915
113,206_fs1-00001.jpg,44.0195666484797,-8.43585509901013
114,206_fs1-00001.jpg,43.5039350811803,-8.31483050193455
115,206_fs1-00001.jpg,42.9876074637081,-8.19485184939344
116,206_fs1-00001.jpg,42.470643324853,-8.07621470518797
117,206_fs1-00001.jpg,41.9531021934048,-7.95921463311913
118,206_fs1-00001.jpg,41.4350435981532,-7.84414719698802
119,206_fs1-00001.jpg,40.916527067888,-7.73130796059576
120,206_fs1-00001.jpg,40.3976121313991,-7.62099248774337
121,206_fs1-00001.jpg,39.878358317476,-7.51349634223195
122,206_fs1-00001.jpg,39.3588251549087,-7.40911508786257
123,206_fs1-00001.jpg,38.839072172487,-7.30814428843635
124,206_fs1-00001.jpg,38.3191588990006,-7.21087950775433
125,206_fs1-00001.jpg,37.7991448632392,-7.11761630961757
126,206_fs1-00001.jpg,37.2790895939928,-7.02865025782719
127,206_fs1-00001.jpg,36.759052620051,-6.94427691618424
128,206_fs1-00001.jpg,36.2390934702036,-6.8647918484898
129,206_fs1-00001.jpg,35.7192716732404,-6.79049061854496
130,206_fs1-00001.jpg,35.1996467579512,-6.7216687901508
131,206_fs1-00001.jpg,34.6802782531257,-6.65862192710838
132,206_fs1-00001.jpg,34.1612256875539,-6.60164559321879
133,206_fs1-00001.jpg,33.6425485900253,-6.55103535228309
134,206_fs1-00001.jpg,33.1243064893299,-6.5070867681024
135,206_fs1-00001.jpg,32.6065589142573,-6.47009540447775
136,206_fs1-00001.jpg,32.0893653935974,-6.44035682521024
137,206_fs1-00001.jpg,31.5727854561399,-6.41816659410094
138,206_fs1-00001.jpg,31.0568786306747,-6.40382027495093
139,206_fs1-00001.jpg,30.5417044459915,-6.3976134315613
140,206_fs1-00001.jpg,30.02732243088,-6.39984162773311
141,206_fs1-00001.jpg,29.5137921141301,-6.41080042726745
142,206_fs1-00001.jpg,29.0011730245316,-6.43078539396538
143,206_fs1-00001.jpg,28.4893466622336,-6.46005833370654
144,206_fs1-00001.jpg,27.9778501981125,-6.49854561624275
145,206_fs1-00001.jpg,27.4666623250137,-6.54598151254299
146,206_fs1-00001.jpg,26.9557904268049,-6.60209802612823
147,206_fs1-00001.jpg,26.445241887354,-6.6666271605194
148,206_fs1-00001.jpg,25.9350240905289,-6.73930091923748
149,206_fs1-00001.jpg,25.4251444201974,-6.81985130580338
150,206_fs1-00001.jpg,24.9156102602275,-6.9080103237381
151,206_fs1-00001.jpg,24.406428994487,-7.00350997656255
152,206_fs1-00001.jpg,23.8976080068439,-7.10608226779772
153,206_fs1-00001.jpg,23.3891546811659,-7.21545920096452
154,206_fs1-00001.jpg,22.881076401321,-7.33137277958392
155,206_fs1-00001.jpg,22.373380551177,-7.45355500717687
156,206_fs1-00001.jpg,21.8660745146019,-7.58173788726435
157,206_fs1-00001.jpg,21.3591656754635,-7.71565342336729
158,206_fs1-00001.jpg,20.8526614176297,-7.8550336190066
159,206_fs1-00001.jpg,20.3465691249684,-7.99961047770333
160,206_fs1-00001.jpg,19.8408961813474,-8.14911600297833
161,206_fs1-00001.jpg,19.3356499706346,-8.3032821983526
162,206_fs1-00001.jpg,18.830837876698,-8.46184106734708
163,206_fs1-00001.jpg,18.3264672834053,-8.62452461348275
164,206_fs1-00001.jpg,17.8225455746246,-8.79106484028051
165,206_fs1-00001.jpg,17.3190801342236,-8.96119375126136
166,206_fs1-00001.jpg,16.8160783460703,-9.13464334994623
167,206_fs1-00001.jpg,16.3135475940325,-9.31114563985608
168,206_fs1-00001.jpg,15.8114952619781,-9.49043262451184
169,206_fs1-00001.jpg,15.3099287337749,-9.6722363074345
170,206_fs1-00001.jpg,14.8088553932909,-9.85628869214497
171,206_fs1-00001.jpg,14.308282624394,-10.0423217821642
172,206_fs1-00001.jpg,13.808217810952,-10.2300675810132
173,206_fs1-00001.jpg,13.3086682431077,-10.4192580922129
174,206_fs1-00001.jpg,12.8096190890606,-10.6096253192842
175,206_fs1-00001.jpg,12.3110545272932,-10.8009012657481
176,206_fs1-00001.jpg,11.8129730422588,-10.9928179351255
177,206_fs1-00001.jpg,11.3153731184108,-11.1851073309375
178,206_fs1-00001.jpg,10.8182532402025,-11.3775014567048
179,206_fs1-00001.jpg,10.3216118920873,-11.5697323159486
180,206_fs1-00001.jpg,9.82544755851842,-11.7615319121897
181,206_fs1-00001.jpg,9.32975872394923,-11.9526322489491
182,206_fs1-00001.jpg,8.83454387283308,-12.1427653297478
183,206_fs1-00001.jpg,8.33980148962326,-12.3316631581066
184,206_fs1-00001.jpg,7.84553005877308,-12.5190577375467
185,206_fs1-00001.jpg,7.35172806473594,-12.7046810715888
186,206_fs1-00001.jpg,6.8583939919651,-12.8882651637539
187,206_fs1-00001.jpg,6.3655263249139,-13.0695420175631
188,206_fs1-00001.jpg,5.87312354803572,-13.2482436365372
189,206_fs1-00001.jpg,5.38118414578383,-13.4241020241973
190,206_fs1-00001.jpg,4.88970660261151,-13.5968491840642
191,206_fs1-00001.jpg,4.3986894029722,-13.7662171196589
192,206_fs1-00001.jpg,3.90813103131916,-13.9319378345024
193,206_fs1-00001.jpg,3.41802997210573,-14.0937433321156
194,206_fs1-00001.jpg,2.92838470978523,-14.2513656160195
195,206_fs1-00001.jpg,2.43919372881095,-14.404536689735
196,206_fs1-00001.jpg,1.95045551363631,-14.5529885567831
197,206_fs1-00001.jpg,1.46216854871454,-14.6964532206847
198,206_fs1-00001.jpg,0.974331318499026,-14.8346626849607
199,206_fs1-00001.jpg,0.486942307443087,-14.9673489531322
200,206_fs1-00001.jpg,0,-15.0942440287201
1,206_fs1-00002.jpg,103.12764158918,-16.8299442259587
2,206_fs1-00002.jpg,102.602028900685,-16.73352293847
3,206_fs1-00002.jpg,102.076447732871,-16.6422094402899
4,206_fs1-00002.jpg,101.550897966466,-16.555863651717
5,206_fs1-00002.jpg,101.025379482196,-16.4743454930498
6,206_fs1-00002.jpg,100.499892160786,-16.3975148845867
7,206_fs1-00002.jpg,99.9744358829625,-16.3252317466263
8,206_fs1-00002.jpg,99.449010529452,-16.257355999467
9,206_fs1-00002.jpg,98.9236159809805,-16.1937475634074
10,206_fs1-00002.jpg,98.3982521182741,-16.134266358746
11,206_fs1-00002.jpg,97.872918822059,-16.0787723057813
12,206_fs1-00002.jpg,97.3476159730612,-16.0271253248117
13,206_fs1-00002.jpg,96.8223434520071,-15.9791853361359
14,206_fs1-00002.jpg,96.2971011396227,-15.9348122600522
15,206_fs1-00002.jpg,95.7718889166341,-15.8938660168591
16,206_fs1-00002.jpg,95.2467066637675,-15.8562065268553
17,206_fs1-00002.jpg,94.7215542617491,-15.8216937103392
18,206_fs1-00002.jpg,94.1964315913049,-15.7901874876092
19,206_fs1-00002.jpg,93.6713385331612,-15.761547778964
20,206_fs1-00002.jpg,93.1462749680441,-15.735634504702
21,206_fs1-00002.jpg,92.6212407766796,-15.7123075851217
22,206_fs1-00002.jpg,92.0962358397941,-15.6914269405216
23,206_fs1-00002.jpg,91.5712600381135,-15.6728524912002
24,206_fs1-00002.jpg,91.0463132523641,-15.656444157456
25,206_fs1-00002.jpg,90.5213953632721,-15.6420618595875
26,206_fs1-00002.jpg,89.9965062515634,-15.6295655178932
27,206_fs1-00002.jpg,89.4716457979644,-15.6188150526717
28,206_fs1-00002.jpg,88.9468138832011,-15.6096703842214
29,206_fs1-00002.jpg,88.4220103879996,-15.6019914328408
30,206_fs1-00002.jpg,87.8972351930863,-15.5956381188285
31,206_fs1-00002.jpg,87.372488179187,-15.5904703624829
32,206_fs1-00002.jpg,86.8477692270281,-15.5863480841025
33,206_fs1-00002.jpg,86.3230782173356,-15.5831312039859
34,206_fs1-00002.jpg,85.7984150308358,-15.5806796424315
35,206_fs1-00002.jpg,85.2737795482547,-15.5788533197378
36,206_fs1-00002.jpg,84.7491716503185,-15.5775121562035
37,206_fs1-00002.jpg,84.2245912177534,-15.5765160721269
38,206_fs1-00002.jpg,83.7000381312854,-15.5757249878065
39,206_fs1-00002.jpg,83.1755122716408,-15.5749988235409
40,206_fs1-00002.jpg,82.6510135195456,-15.5741974996285
41,206_fs1-00002.jpg,82.1265417557261,-15.5731809363679
42,206_fs1-00002.jpg,81.6020968609083,-15.5718090540576
43,206_fs1-00002.jpg,81.0776787158185,-15.569941772996
44,206_fs1-00002.jpg,80.5532858190647,-15.5674390134818
45,206_fs1-00002.jpg,80.0285345984597,-15.5641606958133
46,206_fs1-00002.jpg,79.5031659834823,-15.559966740289
47,206_fs1-00002.jpg,78.9772403415244,-15.5547170672076
48,206_fs1-00002.jpg,78.4508180399776,-15.5482715968675
49,206_fs1-00002.jpg,77.9239594462339,-15.5404902495671
50,206_fs1-00002.jpg,77.3967249276851,-15.531232945605
51,206_fs1-00002.jpg,76.869174851723,-15.5203596052798
52,206_fs1-00002.jpg,76.3413695857394,-15.5077301488898
53,206_fs1-00002.jpg,75.8133694971261,-15.4932044967336
54,206_fs1-00002.jpg,75.285234953275,-15.4766425691097
55,206_fs1-00002.jpg,74.7570263215778,-15.4579042863167
56,206_fs1-00002.jpg,74.2288039694264,-15.4368495686529
57,206_fs1-00002.jpg,73.7006282642126,-15.413338336417
58,206_fs1-00002.jpg,73.1725595733282,-15.3872305099074
59,206_fs1-00002.jpg,72.6446582641651,-15.3583860094226
60,206_fs1-00002.jpg,72.1169847041149,-15.3266647552611
61,206_fs1-00002.jpg,71.5895992605697,-15.2919266677215
62,206_fs1-00002.jpg,71.0625623009212,-15.2540316671021
63,206_fs1-00002.jpg,70.5359341925611,-15.2128396737016
64,206_fs1-00002.jpg,70.0097753028814,-15.1682106078185
65,206_fs1-00002.jpg,69.4841459992738,-15.1200043897512
66,206_fs1-00002.jpg,68.9591066491301,-15.0680809397982
67,206_fs1-00002.jpg,68.4347176198423,-15.0123001782581
68,206_fs1-00002.jpg,67.911039278802,-14.9525220254293
69,206_fs1-00002.jpg,67.3881319934012,-14.8886064016103
70,206_fs1-00002.jpg,66.8660561310316,-14.8204132270997
71,206_fs1-00002.jpg,66.344872059085,-14.747802422196
72,206_fs1-00002.jpg,65.8246401449533,-14.6706339071976
73,206_fs1-00002.jpg,65.3054207560282,-14.5887676024031
74,206_fs1-00002.jpg,64.7872742597017,-14.502063428111
75,206_fs1-00002.jpg,64.2702610233655,-14.4103813046197
76,206_fs1-00002.jpg,63.7544414144114,-14.3135811522278
77,206_fs1-00002.jpg,63.2398758002313,-14.2115228912338
78,206_fs1-00002.jpg,62.7266245482169,-14.1040664419361
79,206_fs1-00002.jpg,62.2147480257601,-13.9910717246333
80,206_fs1-00002.jpg,61.7044072011466,-13.8724127914611
81,206_fs1-00002.jpg,61.1959955037085,-13.748172807322
82,206_fs1-00002.jpg,60.6894433532232,-13.6185947233822
83,206_fs1-00002.jpg,60.1846328084856,-13.4839255329621
84,206_fs1-00002.jpg,59.6814459282907,-13.3444122293821
85,206_fs1-00002.jpg,59.1797647714333,-13.2003018059625
86,206_fs1-00002.jpg,58.6794713967084,-13.0518412560236
87,206_fs1-00002.jpg,58.1804478629109,-12.8992775728858
88,206_fs1-00002.jpg,57.6825762288357,-12.7428577498694
89,206_fs1-00002.jpg,57.1857385532779,-12.5828287802948
90,206_fs1-00002.jpg,56.6898168950323,-12.4194376574822
91,206_fs1-00002.jpg,56.1946933128938,-12.2529313747521
92,206_fs1-00002.jpg,55.7002498656575,-12.0835569254247
93,206_fs1-00002.jpg,55.2063686121181,-11.9115613028204
94,206_fs1-00002.jpg,54.7129316110707,-11.7371915002595
95,206_fs1-00002.jpg,54.2198209213102,-11.5606945110624
96,206_fs1-00002.jpg,53.7269186016316,-11.3823173285494
97,206_fs1-00002.jpg,53.2341067108296,-11.2023069460408
98,206_fs1-00002.jpg,52.7412673076993,-11.020910356857
99,206_fs1-00002.jpg,52.2482824510357,-10.8383745543183
100,206_fs1-00002.jpg,51.7550341996337,-10.654946531745
101,206_fs1-00002.jpg,51.2614046122881,-10.4708732824575
102,206_fs1-00002.jpg,50.7672757477939,-10.2864017997762
103,206_fs1-00002.jpg,50.272529664946,-10.1017790770212
104,206_fs1-00002.jpg,49.7770484225395,-9.91725210751309
105,206_fs1-00002.jpg,49.2807140793691,-9.73306788457208
106,206_fs1-00002.jpg,48.7834086942299,-9.54947340151853
107,206_fs1-00002.jpg,48.2850143259167,-9.36671565167273
108,206_fs1-00002.jpg,47.7854130332246,-9.18504162835509
109,206_fs1-00002.jpg,47.2844868749485,-9.00469832488594
110,206_fs1-00002.jpg,46.7821179098831,-8.82593273458556
111,206_fs1-00002.jpg,46.2781881968237,-8.64899185077434
112,206_fs1-00002.jpg,45.7725797945649,-8.47412266677256
113,206_fs1-00002.jpg,45.2651871786799,-8.30157199492689
114,206_fs1-00002.jpg,44.7561405074363,-8.13157342727902
115,206_fs1-00002.jpg,44.2455804873777,-7.9643385768598
116,206_fs1-00002.jpg,43.7336016695235,-7.80007698080732
117,206_fs1-00002.jpg,43.2202986048929,-7.63899817625958
118,206_fs1-00002.jpg,42.7057658445052,-7.48131170035467
119,206_fs1-00002.jpg,42.1900979393796,-7.32722709023059
120,206_fs1-00002.jpg,41.6733894405353,-7.17695388302548
121,206_fs1-00002.jpg,41.1557348989916,-7.03070161587732
122,206_fs1-00002.jpg,40.6372288657677,-6.88867982592421
123,206_fs1-00002.jpg,40.117965891883,-6.75109805030417
124,206_fs1-00002.jpg,39.5980405283565,-6.61816582615526
125,206_fs1-00002.jpg,39.0775473262077,-6.49009269061557
126,206_fs1-00002.jpg,38.5565808364556,-6.36708818082312
127,206_fs1-00002.jpg,38.0352356101197,-6.24936183391597
128,206_fs1-00002.jpg,37.5136061982191,-6.13712318703219
129,206_fs1-00002.jpg,36.9917871517731,-6.03058177730981
130,206_fs1-00002.jpg,36.4698730218008,-5.92994714188688
131,206_fs1-00002.jpg,35.9479583593216,-5.83542881790149
132,206_fs1-00002.jpg,35.4261377153548,-5.74723634249165
133,206_fs1-00002.jpg,34.9045056409195,-5.66557925279545
134,206_fs1-00002.jpg,34.383156687035,-5.59066708595094
135,206_fs1-00002.jpg,33.8621854047205,-5.52270937909617
136,206_fs1-00002.jpg,33.3416863449954,-5.46191566936918
137,206_fs1-00002.jpg,32.8217540588789,-5.40849549390802
138,206_fs1-00002.jpg,32.3024830973901,-5.36265838985079
139,206_fs1-00002.jpg,31.7839680115483,-5.3246138943355
140,206_fs1-00002.jpg,31.2663033523729,-5.2945715445002
141,206_fs1-00002.jpg,30.749583670883,-5.27274087748296
142,206_fs1-00002.jpg,30.2339035180979,-5.25933143042187
143,206_fs1-00002.jpg,29.7193574450368,-5.2545527404549
144,206_fs1-00002.jpg,29.206040002719,-5.25861434472017
145,206_fs1-00002.jpg,28.6940457421637,-5.27172578035575
146,206_fs1-00002.jpg,28.1834206151979,-5.29409600006809
147,206_fs1-00002.jpg,27.6727698704596,-5.32582210817634
148,206_fs1-00002.jpg,27.1614899902191,-5.36675733401526
149,206_fs1-00002.jpg,26.6496807555405,-5.41672277079513
150,206_fs1-00002.jpg,26.1374419474878,-5.4755395117262
151,206_fs1-00002.jpg,25.6248733471253,-5.5430286500187
152,206_fs1-00002.jpg,25.1120747355169,-5.61901127888294
153,206_fs1-00002.jpg,24.5991458937268,-5.70330849152916
154,206_fs1-00002.jpg,24.0861866028189,-5.79574138116763
155,206_fs1-00002.jpg,23.5732966438576,-5.8961310410086
156,206_fs1-00002.jpg,23.0605757979068,-6.00429856426231
157,206_fs1-00002.jpg,22.5481238460306,-6.12006504413904
158,206_fs1-00002.jpg,22.0360405692932,-6.24325157384908
159,206_fs1-00002.jpg,21.5244257487585,-6.37367924660265
160,206_fs1-00002.jpg,21.0133791654907,-6.51116915561002
161,206_fs1-00002.jpg,20.5030006005539,-6.65554239408144
162,206_fs1-00002.jpg,19.9933898350123,-6.8066200552272
163,206_fs1-00002.jpg,19.4846466499297,-6.96422323225752
164,206_fs1-00002.jpg,18.9768708263705,-7.12817301838271
165,206_fs1-00002.jpg,18.4701621453986,-7.29829050681298
166,206_fs1-00002.jpg,17.9646203880782,-7.47439679075862
167,206_fs1-00002.jpg,17.4603453354733,-7.65631296342988
168,206_fs1-00002.jpg,16.957436768648,-7.84386011803704
169,206_fs1-00002.jpg,16.4559944686665,-8.03685934779034
170,206_fs1-00002.jpg,15.9561182165927,-8.23513174590002
171,206_fs1-00002.jpg,15.4579077934909,-8.43849840557638
172,206_fs1-00002.jpg,14.961462980425,-8.64678042002967
173,206_fs1-00002.jpg,14.4668835584593,-8.85979888247016
174,206_fs1-00002.jpg,13.9742693086577,-9.07737488610806
175,206_fs1-00002.jpg,13.4837200120844,-9.29932952415371
176,206_fs1-00002.jpg,12.9953354498035,-9.52548388981728
177,206_fs1-00002.jpg,12.509215402879,-9.75565907630912
178,206_fs1-00002.jpg,12.025459652375,-9.9896761768394
179,206_fs1-00002.jpg,11.5441679793558,-10.2273562846185
180,206_fs1-00002.jpg,11.0654401648852,-10.4685204928565
181,206_fs1-00002.jpg,10.5893756263438,-10.7129898947638
182,206_fs1-00002.jpg,10.1159258486928,-10.9605855835507
183,206_fs1-00002.jpg,9.64496025443839,-11.2111286524273
184,206_fs1-00002.jpg,9.17641949434977,-11.464440194604
185,206_fs1-00002.jpg,8.71024421919645,-11.720341303291
186,206_fs1-00002.jpg,8.24637507974768,-11.9786530716986
187,206_fs1-00002.jpg,7.78475272677281,-12.239196593037
188,206_fs1-00002.jpg,7.32531781104115,-12.5017929605165
189,206_fs1-00002.jpg,6.86801098332205,-12.7662632673473
190,206_fs1-00002.jpg,6.41277289438489,-13.0324286067397
191,206_fs1-00002.jpg,5.9595441949989,-13.300110071904
192,206_fs1-00002.jpg,5.50826553593345,-13.5691287560505
193,206_fs1-00002.jpg,5.05887756795789,-13.8393057523893
194,206_fs1-00002.jpg,4.61132094184154,-14.1104621541308
195,206_fs1-00002.jpg,4.16553630835381,-14.3824190544852
196,206_fs1-00002.jpg,3.72146431826388,-14.6549975466628
197,206_fs1-00002.jpg,3.27904562234119,-14.9280187238738
198,206_fs1-00002.jpg,2.83822087135502,-15.2013036793285
199,206_fs1-00002.jpg,2.39893071607474,-15.4746735062371
200,206_fs1-00002.jpg,1.96111580726966,-15.74794929781
1,206_fs1-00003.jpg,100.986193293886,3.88575033588981
2,206_fs1-00003.jpg,100.694496123601,3.56553623891435
3,206_fs1-00003.jpg,100.400435111134,3.24360837318417
4,206_fs1-00003.jpg,100.104033484698,2.9200696216387
5,206_fs1-00003.jpg,99.8053144725076,2.59502286721732
6,206_fs1-00003.jpg,99.5043013027773,2.26857099285945
7,206_fs1-00003.jpg,99.2010172037208,1.94081688150447
8,206_fs1-00003.jpg,98.8954854035524,1.61186341609181
9,206_fs1-00003.jpg,98.5877291304863,1.28181347956084
10,206_fs1-00003.jpg,98.2777716127365,0.950769954850983
11,206_fs1-00003.jpg,97.9656360785173,0.618835724901658
12,206_fs1-00003.jpg,97.6513457560427,0.286113672652249
13,206_fs1-00003.jpg,97.334923873527,-0.0472933189578555
14,206_fs1-00003.jpg,97.0163936591842,-0.38128236698924
15,206_fs1-00003.jpg,96.6957783412286,-0.715750588502488
16,206_fs1-00003.jpg,96.3731011478742,-1.05059510055821
17,206_fs1-00003.jpg,96.0483853073353,-1.38571302021703
18,206_fs1-00003.jpg,95.7216540478259,-1.72100146453948
19,206_fs1-00003.jpg,95.3929305975602,-2.0563575505862
20,206_fs1-00003.jpg,95.0622381847524,-2.39167839541778
21,206_fs1-00003.jpg,94.7296000376166,-2.72686111609482
22,206_fs1-00003.jpg,94.395039384367,-3.06180282967793
23,206_fs1-00003.jpg,94.0585794532176,-3.39640065322766
24,206_fs1-00003.jpg,93.7202434723828,-3.73055170380468
25,206_fs1-00003.jpg,93.3800546700766,-4.06415309846952
26,206_fs1-00003.jpg,93.038036274513,-4.39710195428282
27,206_fs1-00003.jpg,92.6942115139065,-4.72929538830513
28,206_fs1-00003.jpg,92.3486036164709,-5.0606305175971
29,206_fs1-00003.jpg,92.0012358104206,-5.39100445921932
30,206_fs1-00003.jpg,91.6521313239696,-5.72031433023236
31,206_fs1-00003.jpg,91.3013133853321,-6.04845724769683
32,206_fs1-00003.jpg,90.9488052227222,-6.37533032867333
33,206_fs1-00003.jpg,90.5946300643542,-6.70083069022243
34,206_fs1-00003.jpg,90.2388111384421,-7.02485544940478
35,206_fs1-00003.jpg,89.8813716732001,-7.34730172328096
36,206_fs1-00003.jpg,89.5223348968423,-7.66806662891153
37,206_fs1-00003.jpg,89.1617240375829,-7.98704728335713
38,206_fs1-00003.jpg,88.7995623236361,-8.30414080367834
39,206_fs1-00003.jpg,88.435872983216,-8.61924430693574
40,206_fs1-00003.jpg,88.0706792445366,-8.93225491018995
41,206_fs1-00003.jpg,87.7040043358123,-9.24306973050156
42,206_fs1-00003.jpg,87.3358714852571,-9.5515858849312
43,206_fs1-00003.jpg,86.9663039210852,-9.8577004905394
44,206_fs1-00003.jpg,86.5953248715107,-10.1613106643868
45,206_fs1-00003.jpg,86.2229575647478,-10.462313523534
46,206_fs1-00003.jpg,85.8492252290106,-10.7606061850416
47,206_fs1-00003.jpg,85.4741510925133,-11.0560857659702
48,206_fs1-00003.jpg,85.09775838347,-11.3486493833803
49,206_fs1-00003.jpg,84.7200703300949,-11.6381941543327
50,206_fs1-00003.jpg,84.3411101606021,-11.9246171958878
51,206_fs1-00003.jpg,83.9609011032058,-12.2078156251063
52,206_fs1-00003.jpg,83.5794663861201,-12.4876865590487
53,206_fs1-00003.jpg,83.1968292375592,-12.7641271147757
54,206_fs1-00003.jpg,82.8130128857372,-13.0370344093479
55,206_fs1-00003.jpg,82.4268202539639,-13.3063055598259
56,206_fs1-00003.jpg,82.0365345609051,-13.5718376832702
57,206_fs1-00003.jpg,81.6422794572809,-13.8335278967415
58,206_fs1-00003.jpg,81.2441956362276,-14.0912733173003
59,206_fs1-00003.jpg,80.8424237908811,-14.3449710620073
60,206_fs1-00003.jpg,80.4371046143776,-14.594518247923
61,206_fs1-00003.jpg,80.0283787998531,-14.8398119921081
62,206_fs1-00003.jpg,79.6163870404438,-15.0807494116231
63,206_fs1-00003.jpg,79.2012700292858,-15.3172276235287
64,206_fs1-00003.jpg,78.7831684595151,-15.5491437448854
65,206_fs1-00003.jpg,78.362223024268,-15.7763948927538
66,206_fs1-00003.jpg,77.9385744166803,-15.9988781841946
67,206_fs1-00003.jpg,77.5123633298884,-16.2164907362682
68,206_fs1-00003.jpg,77.0837304570282,-16.4291296660355
69,206_fs1-00003.jpg,76.6528164912359,-16.6366920905568
70,206_fs1-00003.jpg,76.2197621256476,-16.8390751268929
71,206_fs1-00003.jpg,75.7847080533994,-17.0361758921043
72,206_fs1-00003.jpg,75.3477949676273,-17.2278915032516
73,206_fs1-00003.jpg,74.9091635614676,-17.4141190773954
74,206_fs1-00003.jpg,74.4689545280561,-17.5947557315963
75,206_fs1-00003.jpg,74.0273085605292,-17.7696985829149
76,206_fs1-00003.jpg,73.5843663520229,-17.9388447484119
77,206_fs1-00003.jpg,73.1402685956732,-18.1020913451477
78,206_fs1-00003.jpg,72.6951559846163,-18.259335490183
79,206_fs1-00003.jpg,72.2491692119884,-18.4104743005785
80,206_fs1-00003.jpg,71.8024489709254,-18.5554048933946
81,206_fs1-00003.jpg,71.3551359545635,-18.694024385692
82,206_fs1-00003.jpg,70.9073708560387,-18.8262298945313
83,206_fs1-00003.jpg,70.4592943684873,-18.9519185369731
84,206_fs1-00003.jpg,70.0110471850452,-19.070987430078
85,206_fs1-00003.jpg,69.5627699988487,-19.1833336909066
86,206_fs1-00003.jpg,69.1146035030338,-19.2888544365194
87,206_fs1-00003.jpg,68.6666883907365,-19.3874467839771
88,206_fs1-00003.jpg,68.219165355093,-19.4790078503402
89,206_fs1-00003.jpg,67.7721562327234,-19.5634347513608
90,206_fs1-00003.jpg,67.3219020545907,-19.6406205334868
91,206_fs1-00003.jpg,66.8658362729958,-19.7104451722462
92,206_fs1-00003.jpg,66.4044350339612,-19.7727860240037
93,206_fs1-00003.jpg,65.93817448351,-19.8275204451239
94,206_fs1-00003.jpg,65.4675307676647,-19.8745257919716
95,206_fs1-00003.jpg,64.9929800324481,-19.9136794209113
96,206_fs1-00003.jpg,64.514998423883,-19.9448586883078
97,206_fs1-00003.jpg,64.034062087992,-19.9679409505258
98,206_fs1-00003.jpg,63.5506471707981,-19.98280356393
99,206_fs1-00003.jpg,63.0652298183238,-19.9893238848849
100,206_fs1-00003.jpg,62.5782861765919,-19.9873792697553
101,206_fs1-00003.jpg,62.0902923916253,-19.9768470749059
102,206_fs1-00003.jpg,61.6017246094466,-19.9576046567013
103,206_fs1-00003.jpg,61.1130589760786,-19.9295293715063
104,206_fs1-00003.jpg,60.624771637544,-19.8924985756855
105,206_fs1-00003.jpg,60.1373387398656,-19.8463896256035
106,206_fs1-00003.jpg,59.6512364290662,-19.7910798776251
107,206_fs1-00003.jpg,59.1669408511684,-19.7264466881149
108,206_fs1-00003.jpg,58.6849281521951,-19.6523674134376
109,206_fs1-00003.jpg,58.2056744781689,-19.568719409958
110,206_fs1-00003.jpg,57.7296559751127,-19.4753800340406
111,206_fs1-00003.jpg,57.2573487890491,-19.3722266420501
112,206_fs1-00003.jpg,56.7892290660009,-19.2591365903512
113,206_fs1-00003.jpg,56.3257729519909,-19.1359872353087
114,206_fs1-00003.jpg,55.8674565930419,-19.0026559332871
115,206_fs1-00003.jpg,55.4147561351764,-18.8590200406512
116,206_fs1-00003.jpg,54.9681477244174,-18.7049569137656
117,206_fs1-00003.jpg,54.5281075067876,-18.540343908995
118,206_fs1-00003.jpg,54.0951116283096,-18.365058382704
119,206_fs1-00003.jpg,53.6696362350063,-18.1789776912575
120,206_fs1-00003.jpg,53.2521574729004,-17.98197919102
121,206_fs1-00003.jpg,52.8431514880146,-17.7739402383562
122,206_fs1-00003.jpg,52.4430924629611,-17.55473825103
123,206_fs1-00003.jpg,52.0519233678144,-17.3243779500115
124,206_fs1-00003.jpg,51.6689308772596,-17.0832593036613
125,206_fs1-00003.jpg,51.2934729528501,-16.8318587614196
126,206_fs1-00003.jpg,50.9249075561389,-16.5706527727263
127,206_fs1-00003.jpg,50.5625926486794,-16.3001177870215
128,206_fs1-00003.jpg,50.2058861920245,-16.0207302537454
129,206_fs1-00003.jpg,49.8541461477275,-15.732966622338
130,206_fs1-00003.jpg,49.5067304773415,-15.4373033422392
131,206_fs1-00003.jpg,49.1629971424198,-15.1342168628893
132,206_fs1-00003.jpg,48.8223041045155,-14.8241836337282
133,206_fs1-00003.jpg,48.4840093251817,-14.5076801041961
134,206_fs1-00003.jpg,48.1474707659715,-14.1851827237329
135,206_fs1-00003.jpg,47.8120463884383,-13.8571679417788
136,206_fs1-00003.jpg,47.4770941541352,-13.5241122077738
137,206_fs1-00003.jpg,47.1419720246153,-13.186491971158
138,206_fs1-00003.jpg,46.8060379614317,-12.8447836813714
139,206_fs1-00003.jpg,46.4686499261376,-12.4994637878542
140,206_fs1-00003.jpg,46.1291658802863,-12.1510087400463
141,206_fs1-00003.jpg,45.7869437854309,-11.7998949873878
142,206_fs1-00003.jpg,45.4413416031245,-11.4465989793189
143,206_fs1-00003.jpg,45.0917172949203,-11.0915971652795
144,206_fs1-00003.jpg,44.7374288223715,-10.7353659947097
145,206_fs1-00003.jpg,44.3785667358302,-10.3783816085292
146,206_fs1-00003.jpg,44.0199435790408,-10.0211112898975
147,206_fs1-00003.jpg,43.6623984522821,-9.66401235847053
148,206_fs1-00003.jpg,43.3057411965314,-9.30754160327544
149,206_fs1-00003.jpg,42.9497816527663,-8.95215581333935
150,206_fs1-00003.jpg,42.5943296619641,-8.59831177768933
151,206_fs1-00003.jpg,42.2391950651025,-8.24646628535251
152,206_fs1-00003.jpg,41.8841877031589,-7.89707612535599
153,206_fs1-00003.jpg,41.5291174171107,-7.55059808672689
154,206_fs1-00003.jpg,41.1737940479355,-7.20748895849229
155,206_fs1-00003.jpg,40.8180274366107,-6.86820552967936
156,206_fs1-00003.jpg,40.4616274241139,-6.53320458931515
157,206_fs1-00003.jpg,40.1044038514225,-6.2029429264268
158,206_fs1-00003.jpg,39.746166559514,-5.8778773300414
159,206_fs1-00003.jpg,39.3867253893659,-5.55846458918606
160,206_fs1-00003.jpg,39.0258901819556,-5.24516149288789
161,206_fs1-00003.jpg,38.6634707782607,-4.938424830174
162,206_fs1-00003.jpg,38.2992770192586,-4.63871139007153
163,206_fs1-00003.jpg,37.9331187459268,-4.34647796160755
164,206_fs1-00003.jpg,37.5648057992428,-4.06218133380915
165,206_fs1-00003.jpg,37.1941480201842,-3.78627829570351
166,206_fs1-00003.jpg,36.8209552497282,-3.51922563631766
167,206_fs1-00003.jpg,36.4450373288525,-3.26148014467879
168,206_fs1-00003.jpg,36.0662040985346,-3.01349860981392
169,206_fs1-00003.jpg,35.684265399752,-2.77573782075024
170,206_fs1-00003.jpg,35.299031073482,-2.54865456651478
171,206_fs1-00003.jpg,34.9103109607021,-2.33270563613473
172,206_fs1-00003.jpg,34.51791490239,-2.12834781863714
173,206_fs1-00003.jpg,34.121652739523,-1.93603790304914
174,206_fs1-00003.jpg,33.7213343130787,-1.75623267839782
175,206_fs1-00003.jpg,33.3167694640345,-1.58938893371032
176,206_fs1-00003.jpg,32.9077680333679,-1.43596345801376
177,206_fs1-00003.jpg,32.4941230115825,-1.29641304033518
178,206_fs1-00003.jpg,32.0755374758035,-1.17119446970176
179,206_fs1-00003.jpg,31.6520434984861,-1.06076453514058
180,206_fs1-00003.jpg,31.2237514190271,-0.965580025678719
181,206_fs1-00003.jpg,30.7907715768233,-0.886097730343323
182,206_fs1-00003.jpg,30.3532143112712,-0.822774438161503
183,206_fs1-00003.jpg,29.9111899617677,-0.776066938160369
184,206_fs1-00003.jpg,29.4648088677092,-0.746432019367006
185,206_fs1-00003.jpg,29.0141813684926,-0.734326470808526
186,206_fs1-00003.jpg,28.5594178035144,-0.740207081512068
187,206_fs1-00003.jpg,28.1006285121715,-0.764530640504717
188,206_fs1-00003.jpg,27.6379238338603,-0.807753936813555
189,206_fs1-00003.jpg,27.1714141079777,-0.870333759465751
190,206_fs1-00003.jpg,26.7012096739202,-0.952726897488361
191,206_fs1-00003.jpg,26.2274208710847,-1.05539013990855
192,206_fs1-00003.jpg,25.7501580388677,-1.17878027575335
193,206_fs1-00003.jpg,25.2695315166658,-1.32335409404993
194,206_fs1-00003.jpg,24.785651643876,-1.48956838382537
195,206_fs1-00003.jpg,24.2986287598946,-1.67787993410681
196,206_fs1-00003.jpg,23.8085732041185,-1.88874553392134
197,206_fs1-00003.jpg,23.3155953159443,-2.12262197229603
198,206_fs1-00003.jpg,22.8198054347688,-2.37996603825806
199,206_fs1-00003.jpg,22.3213138999885,-2.66123452083448
200,206_fs1-00003.jpg,21.8202310510002,-2.96688420905244
1,206_fs1-00004.jpg,105.494505494505,14.6606164953712
2,206_fs1-00004.jpg,105.122010595246,14.3457168965642
3,206_fs1-00004.jpg,104.750305017257,14.0291402845674
4,206_fs1-00004.jpg,104.379390061249,13.7109094651534
5,206_fs1-00004.jpg,104.009267027935,13.3910472440949
6,206_fs1-00004.jpg,103.639937218028,13.0695764271645
7,206_fs1-00004.jpg,103.271401932239,12.7465198201348
8,206_fs1-00004.jpg,102.903662471281,12.4219002287782
9,206_fs1-00004.jpg,102.536720135866,12.0957404588677
10,206_fs1-00004.jpg,102.170576226707,11.7680633161756
11,206_fs1-00004.jpg,101.805232044515,11.4388916064746
12,206_fs1-00004.jpg,101.440688890004,11.1082481355373
13,206_fs1-00004.jpg,101.076948063885,10.7761557091364
14,206_fs1-00004.jpg,100.714010866871,10.4426371330445
15,206_fs1-00004.jpg,100.351878599673,10.107715213034
16,206_fs1-00004.jpg,99.9905525630052,9.77141275487776
17,206_fs1-00004.jpg,99.6300340575785,9.43375256434828
18,206_fs1-00004.jpg,99.2703243841057,9.09475744721817
19,206_fs1-00004.jpg,98.9114248432989,8.75445020926009
20,206_fs1-00004.jpg,98.5533367358705,8.41285365624657
21,206_fs1-00004.jpg,98.1960613625328,8.06999059395031
22,206_fs1-00004.jpg,97.8396000239981,7.72588382814385
23,206_fs1-00004.jpg,97.4839540209786,7.38055616459982
24,206_fs1-00004.jpg,97.1291246541866,7.03403040909083
25,206_fs1-00004.jpg,96.7751132243345,6.68632936738953
26,206_fs1-00004.jpg,96.4219210321345,6.33747584526847
27,206_fs1-00004.jpg,96.0695493782989,5.98749264850031
28,206_fs1-00004.jpg,95.71799956354,5.63640258285761
29,206_fs1-00004.jpg,95.3672728885701,5.28422845411302
30,206_fs1-00004.jpg,95.0173706541015,4.93099306803916
31,206_fs1-00004.jpg,94.6682941608464,4.5767192304086
32,206_fs1-00004.jpg,94.3200447095172,4.22142974699395
33,206_fs1-00004.jpg,93.9726236008261,3.86514742356786
34,206_fs1-00004.jpg,93.6260321354854,3.50789506590291
35,206_fs1-00004.jpg,93.2802716142075,3.14969547977174
36,206_fs1-00004.jpg,92.9353433377046,2.7905714709469
37,206_fs1-00004.jpg,92.591248606689,2.43054584520107
38,206_fs1-00004.jpg,92.247988721873,2.06964140830684
39,206_fs1-00004.jpg,91.9055649839688,1.70788096603678
40,206_fs1-00004.jpg,91.5639786936888,1.34528732416354
41,206_fs1-00004.jpg,91.2232311517453,0.981883288459727
42,206_fs1-00004.jpg,90.8833236588504,0.617691664697958
43,206_fs1-00004.jpg,90.5442575157167,0.252735258650802
44,206_fs1-00004.jpg,90.2069107398136,-0.112963123909083
45,206_fs1-00004.jpg,89.8722525602823,-0.479380677209122
46,206_fs1-00004.jpg,89.5401277882483,-0.846494595476685
47,206_fs1-00004.jpg,89.2103786088176,-1.21428207293914
48,206_fs1-00004.jpg,88.8828472070962,-1.58272030382392
49,206_fs1-00004.jpg,88.5573757681903,-1.95178648235841
50,206_fs1-00004.jpg,88.233806477206,-2.32145780276997
51,206_fs1-00004.jpg,87.9119815192494,-2.69171145928601
52,206_fs1-00004.jpg,87.5917430794266,-3.06252464613391
53,206_fs1-00004.jpg,87.2729333428436,-3.43387455754109
54,206_fs1-00004.jpg,86.9553944946067,-3.80573838773489
55,206_fs1-00004.jpg,86.6389687198218,-4.17809333094274
56,206_fs1-00004.jpg,86.3234982035951,-4.55091658139199
57,206_fs1-00004.jpg,86.0088251310327,-4.92418533331008
58,206_fs1-00004.jpg,85.6947916872408,-5.29787678092438
59,206_fs1-00004.jpg,85.3812400573253,-5.67196811846225
60,206_fs1-00004.jpg,85.0680124263924,-6.04643654015112
61,206_fs1-00004.jpg,84.7549509795483,-6.42125924021838
62,206_fs1-00004.jpg,84.4418979018989,-6.79641341289138
63,206_fs1-00004.jpg,84.1286953785504,-7.17187625239754
64,206_fs1-00004.jpg,83.8151855946089,-7.54762495296424
65,206_fs1-00004.jpg,83.5012107351806,-7.92363670881886
66,206_fs1-00004.jpg,83.1866129853714,-8.29988871418882
67,206_fs1-00004.jpg,82.8712345302876,-8.67635816330147
68,206_fs1-00004.jpg,82.5549175550352,-9.05302225038426
69,206_fs1-00004.jpg,82.2375042447203,-9.42985816966453
70,206_fs1-00004.jpg,81.918836784449,-9.80684311536967
71,206_fs1-00004.jpg,81.5987573593274,-10.1839542817271
72,206_fs1-00004.jpg,81.2771081544616,-10.5611688629641
73,206_fs1-00004.jpg,80.9537313549578,-10.9384640533083
74,206_fs1-00004.jpg,80.628469145922,-11.3158170469868
75,206_fs1-00004.jpg,80.3011637124603,-11.6932050382272
76,206_fs1-00004.jpg,79.9716572396788,-12.0706052212568
77,206_fs1-00004.jpg,79.6397919126837,-12.4479947903031
78,206_fs1-00004.jpg,79.305409916581,-12.8253509395933
79,206_fs1-00004.jpg,78.9683534364768,-13.2026508633549
80,206_fs1-00004.jpg,78.6284646574773,-13.5798717558153
81,206_fs1-00004.jpg,78.2855857646885,-13.9569908112019
82,206_fs1-00004.jpg,77.9395589432165,-14.333985223742
83,206_fs1-00004.jpg,77.5915031109749,-14.7108013533679
84,206_fs1-00004.jpg,77.2431582256793,-15.0872171041577
85,206_fs1-00004.jpg,76.894409872943,-15.4629531402246
86,206_fs1-00004.jpg,76.545126748347,-15.8377300785683
87,206_fs1-00004.jpg,76.1951775474723,-16.2112685361887
88,206_fs1-00004.jpg,75.8444309658998,-16.5832891300854
89,206_fs1-00004.jpg,75.4927556992104,-16.9535124772583
90,206_fs1-00004.jpg,75.140020442985,-17.3216591947071
91,206_fs1-00004.jpg,74.7860938928044,-17.6874498994316
92,206_fs1-00004.jpg,74.4308447442498,-18.0506052084314
93,206_fs1-00004.jpg,74.0741416929018,-18.4108457387065
94,206_fs1-00004.jpg,73.7158534343415,-18.7678921072565
95,206_fs1-00004.jpg,73.3558486641498,-19.1214649310812
96,206_fs1-00004.jpg,72.9939960779076,-19.4712848271804
97,206_fs1-00004.jpg,72.6301643711958,-19.8170724125538
98,206_fs1-00004.jpg,72.2642222395953,-20.1585483042012
99,206_fs1-00004.jpg,71.8960383786871,-20.4954331191223
100,206_fs1-00004.jpg,71.525481484052,-20.827447474317
101,206_fs1-00004.jpg,71.1524202512709,-21.1543119867849
102,206_fs1-00004.jpg,70.7767233759249,-21.4757472735258
103,206_fs1-00004.jpg,70.3982595535948,-21.7914739515395
104,206_fs1-00004.jpg,70.0168974798614,-22.1012126378258
105,206_fs1-00004.jpg,69.6325058503058,-22.4046839493844
106,206_fs1-00004.jpg,69.2449533605089,-22.701608503215
107,206_fs1-00004.jpg,68.8541087060515,-22.9917069163175
108,206_fs1-00004.jpg,68.4598405825145,-23.2746998056916
109,206_fs1-00004.jpg,68.062017685479,-23.550307788337
110,206_fs1-00004.jpg,67.6605087105257,-23.8182514812535
111,206_fs1-00004.jpg,67.2551823532357,-24.0782515014409
112,206_fs1-00004.jpg,66.8459073091898,-24.3300284658989
113,206_fs1-00004.jpg,66.432552273969,-24.5733029916273
114,206_fs1-00004.jpg,66.0149859431542,-24.8077956956259
115,206_fs1-00004.jpg,65.5930770123261,-25.0332271948943
116,206_fs1-00004.jpg,65.1661823898211,-25.2493179230489
117,206_fs1-00004.jpg,64.7245019008867,-25.4557691959771
118,206_fs1-00004.jpg,64.2654219468002,-25.6522467472185
119,206_fs1-00004.jpg,63.7903856822728,-25.8384124300812
120,206_fs1-00004.jpg,63.3008362620158,-26.0139280978734
121,206_fs1-00004.jpg,62.7982168407403,-26.1784556039031
122,206_fs1-00004.jpg,62.2839705731577,-26.3316568014785
123,206_fs1-00004.jpg,61.7595406139791,-26.4731935439075
124,206_fs1-00004.jpg,61.2263701179159,-26.6027276844985
125,206_fs1-00004.jpg,60.6859022396792,-26.7199210765595
126,206_fs1-00004.jpg,60.1395801339803,-26.8244355733985
127,206_fs1-00004.jpg,59.5888469555304,-26.9159330283237
128,206_fs1-00004.jpg,59.0351458590408,-26.9940752946433
129,206_fs1-00004.jpg,58.4799199992226,-27.0585242256652
130,206_fs1-00004.jpg,57.9246125307872,-27.1089416746977
131,206_fs1-00004.jpg,57.3706666084457,-27.1449894950488
132,206_fs1-00004.jpg,56.8195253869095,-27.1663295400267
133,206_fs1-00004.jpg,56.2726320208898,-27.1726236629394
134,206_fs1-00004.jpg,55.7314296650977,-27.1635337170951
135,206_fs1-00004.jpg,55.1973614742445,-27.1387215558019
136,206_fs1-00004.jpg,54.6718706030415,-27.0978490323679
137,206_fs1-00004.jpg,54.1564002061999,-27.0405780001011
138,206_fs1-00004.jpg,53.652393438431,-26.9665703123098
139,206_fs1-00004.jpg,53.161293454446,-26.875487822302
140,206_fs1-00004.jpg,52.684543408956,-26.7669923833858
141,206_fs1-00004.jpg,52.2235864566724,-26.6407458488694
142,206_fs1-00004.jpg,51.7798657523064,-26.4964100720608
143,206_fs1-00004.jpg,51.3548244505693,-26.3336469062681
144,206_fs1-00004.jpg,50.9499057061722,-26.1521182047996
145,206_fs1-00004.jpg,50.5665526738264,-25.9514858209632
146,206_fs1-00004.jpg,50.2062085082433,-25.7314116080671
147,206_fs1-00004.jpg,49.8698318494402,-25.4915601992608
148,206_fs1-00004.jpg,49.5477464074114,-25.2319307631519
149,206_fs1-00004.jpg,49.2353124611904,-24.9531712065103
150,206_fs1-00004.jpg,48.9320449577456,-24.6560038354654
151,206_fs1-00004.jpg,48.6374588440449,-24.3411509561465
152,206_fs1-00004.jpg,48.3510690670567,-24.0093348746832
153,206_fs1-00004.jpg,48.072390573749,-23.6612778972049
154,206_fs1-00004.jpg,47.8009383110899,-23.2977023298408
155,206_fs1-00004.jpg,47.5362272260476,-22.9193304787205
156,206_fs1-00004.jpg,47.2777722655903,-22.5268846499734
157,206_fs1-00004.jpg,47.0250883766861,-22.1210871497288
158,206_fs1-00004.jpg,46.7776905063031,-21.7026602841162
159,206_fs1-00004.jpg,46.5350936014095,-21.272326359265
160,206_fs1-00004.jpg,46.2968126089735,-20.8308076813045
161,206_fs1-00004.jpg,46.0623624759631,-20.3788265563643
162,206_fs1-00004.jpg,45.8312581493465,-19.9171052905737
163,206_fs1-00004.jpg,45.6030145760919,-19.4463661900621
164,206_fs1-00004.jpg,45.3771467031675,-18.9673315609589
165,206_fs1-00004.jpg,45.1531694775412,-18.4807237093936
166,206_fs1-00004.jpg,44.9305978461813,-17.9872649414955
167,206_fs1-00004.jpg,44.7089467560561,-17.4876775633941
168,206_fs1-00004.jpg,44.4877311541335,-16.9826838812188
169,206_fs1-00004.jpg,44.2664659873817,-16.4730062010989
170,206_fs1-00004.jpg,44.0446662027689,-15.9593668291639
171,206_fs1-00004.jpg,43.8218467472632,-15.4424880715433
172,206_fs1-00004.jpg,43.5975225678328,-14.9230922343663
173,206_fs1-00004.jpg,43.3712086114458,-14.4019016237625
174,206_fs1-00004.jpg,43.1431405134887,-13.8796385458611
175,206_fs1-00004.jpg,42.916019352677,-13.3570253067917
176,206_fs1-00004.jpg,42.6901693784293,-12.8347842126837
177,206_fs1-00004.jpg,42.4656053461423,-12.3136375696664
178,206_fs1-00004.jpg,42.2423420112127,-11.7943076838693
179,206_fs1-00004.jpg,42.0203941290372,-11.2775168614218
180,206_fs1-00004.jpg,41.7997764550127,-10.7639874084532
181,206_fs1-00004.jpg,41.5805037445358,-10.254441631093
182,206_fs1-00004.jpg,41.3625907530032,-9.74960183547066
183,206_fs1-00004.jpg,41.1460522358117,-9.25019032771553
184,206_fs1-00004.jpg,40.9309029483581,-8.75692941395701
185,206_fs1-00004.jpg,40.717157646039,-8.2705414003245
186,206_fs1-00004.jpg,40.5048310842513,-7.79174859294744
187,206_fs1-00004.jpg,40.2939380183916,-7.32127329795526
188,206_fs1-00004.jpg,40.0844932038567,-6.85983782147733
189,206_fs1-00004.jpg,39.8765113960432,-6.40816446964305
190,206_fs1-00004.jpg,39.670007350348,-5.96697554858187
191,206_fs1-00004.jpg,39.4649958221679,-5.53699336442318
192,206_fs1-00004.jpg,39.2614915668994,-5.11894022329639
193,206_fs1-00004.jpg,39.0595093399394,-4.7135384313309
194,206_fs1-00004.jpg,38.8590638966846,-4.32151029465615
195,206_fs1-00004.jpg,38.6601699925317,-3.94357811940151
196,206_fs1-00004.jpg,38.4628423828776,-3.58046421169641
197,206_fs1-00004.jpg,38.2670958231188,-3.23289087767026
198,206_fs1-00004.jpg,38.0729450686521,-2.90158042345246
199,206_fs1-00004.jpg,37.8804048748743,-2.58725515517244
200,206_fs1-00004.jpg,37.6894899971822,-2.29063737895959
1,206_fs1-00005.jpg,117.666948436179,14.6606164953713
2,206_fs1-00005.jpg,117.110933357331,14.729958348617
3,206_fs1-00005.jpg,116.557710850742,14.7907409066654
4,206_fs1-00005.jpg,116.00729506326,14.8430082569672
5,206_fs1-00005.jpg,115.459700141736,14.8868044869734
6,206_fs1-00005.jpg,114.91494023302,14.9221736841346
7,206_fs1-00005.jpg,114.373029483962,14.9491599359017
8,206_fs1-00005.jpg,113.833982041412,14.9678073297257
9,206_fs1-00005.jpg,113.29781205222,14.9781599530572
10,206_fs1-00005.jpg,112.764533663237,14.9802618933471
11,206_fs1-00005.jpg,112.234161021311,14.9741572380462
12,206_fs1-00005.jpg,111.706708273293,14.9598900746055
13,206_fs1-00005.jpg,111.182189566033,14.9375044904756
14,206_fs1-00005.jpg,110.66061904638,14.9070445731075
15,206_fs1-00005.jpg,110.142010861186,14.8685544099519
16,206_fs1-00005.jpg,109.6263791573,14.8220780884596
17,206_fs1-00005.jpg,109.113738081572,14.7676596960816
18,206_fs1-00005.jpg,108.604101780851,14.7053433202686
19,206_fs1-00005.jpg,108.097484401988,14.6351730484715
20,206_fs1-00005.jpg,107.593900091834,14.557192968141
21,206_fs1-00005.jpg,107.093362997237,14.4714471667281
22,206_fs1-00005.jpg,106.595887265048,14.3779797316835
23,206_fs1-00005.jpg,106.101487042117,14.2768347504581
24,206_fs1-00005.jpg,105.610176475293,14.1680563105026
25,206_fs1-00005.jpg,105.121969711428,14.051688499268
26,206_fs1-00005.jpg,104.63688089737,13.927775404205
27,206_fs1-00005.jpg,104.154924179971,13.7963611127645
28,206_fs1-00005.jpg,103.676113706078,13.6574897123973
29,206_fs1-00005.jpg,103.200463622544,13.5112052905542
30,206_fs1-00005.jpg,102.727988076218,13.357551934686
31,206_fs1-00005.jpg,102.258701213949,13.1965737322437
32,206_fs1-00005.jpg,101.792617182588,13.0283147706779
33,206_fs1-00005.jpg,101.329750128985,12.8528191374396
34,206_fs1-00005.jpg,100.87011419999,12.6701309199796
35,206_fs1-00005.jpg,100.413723542452,12.4802942057486
36,206_fs1-00005.jpg,99.9605923032223,12.2833530821976
37,206_fs1-00005.jpg,99.5105747547835,12.0793516367772
38,206_fs1-00005.jpg,99.0608040258031,11.8683339569385
39,206_fs1-00005.jpg,98.6104907647634,11.6503441301322
40,206_fs1-00005.jpg,98.1599978981416,11.425426243809
41,206_fs1-00005.jpg,97.709688352415,11.19362438542
42,206_fs1-00005.jpg,97.2599250540608,10.9549826424158
43,206_fs1-00005.jpg,96.8110709295563,10.7095451022473
44,206_fs1-00005.jpg,96.3634889053786,10.4573558523653
45,206_fs1-00005.jpg,95.9175419080051,10.1984589802207
46,206_fs1-00005.jpg,95.4735928639129,9.93289857326428
47,206_fs1-00005.jpg,95.0320046995794,9.66071871894687
48,206_fs1-00005.jpg,94.5931403414818,9.38196350471929
49,206_fs1-00005.jpg,94.1573627160972,9.09667701803238
50,206_fs1-00005.jpg,93.725034749903,8.80490334633694
51,206_fs1-00005.jpg,93.2965193693765,8.50668657708385
52,206_fs1-00005.jpg,92.8721795009947,8.20207079772391
53,206_fs1-00005.jpg,92.452378071235,7.89110009570791
54,206_fs1-00005.jpg,92.0374780065747,7.57381855848672
55,206_fs1-00005.jpg,91.6278422334909,7.25027027351118
56,206_fs1-00005.jpg,91.2238336784609,6.92049932823207
57,206_fs1-00005.jpg,90.8258152679621,6.58454981010024
58,206_fs1-00005.jpg,90.4341499284714,6.24246580656651
59,206_fs1-00005.jpg,90.0492005864664,5.89429140508176
60,206_fs1-00005.jpg,89.671330168424,5.54007069309671
61,206_fs1-00005.jpg,89.3009016008218,5.17984775806229
62,206_fs1-00005.jpg,88.9382778101368,4.81366668742928
63,206_fs1-00005.jpg,88.5838217228463,4.44157156864847
64,206_fs1-00005.jpg,88.2378962654275,4.06360648917078
65,206_fs1-00005.jpg,87.9008643643578,3.67981553644697
66,206_fs1-00005.jpg,87.5730889461143,3.29024279792787
67,206_fs1-00005.jpg,87.2549329371743,2.89493236106432
68,206_fs1-00005.jpg,86.9467311852811,2.49392865855822
69,206_fs1-00005.jpg,86.6477754888451,2.08734131097526
70,206_fs1-00005.jpg,86.3572261529592,1.67542163401637
71,206_fs1-00005.jpg,86.0745507879776,1.25843954798512
72,206_fs1-00005.jpg,85.7992170042541,0.836664973184952
73,206_fs1-00005.jpg,85.5306924121428,0.410367829919352
74,206_fs1-00005.jpg,85.2684446219976,-0.0201819615081433
75,206_fs1-00005.jpg,85.0119412441726,-0.454714480794109
76,206_fs1-00005.jpg,84.7606498890217,-0.892959807635037
77,206_fs1-00005.jpg,84.5140381668989,-1.33464802172745
78,206_fs1-00005.jpg,84.2715736881582,-1.77950920276783
79,206_fs1-00005.jpg,84.0327240631537,-2.2272734304527
80,206_fs1-00005.jpg,83.7969569022392,-2.67767078447861
81,206_fs1-00005.jpg,83.5637398157688,-3.13043134454202
82,206_fs1-00005.jpg,83.3325404140966,-3.58528519033948
83,206_fs1-00005.jpg,83.1028263075763,-4.04196240156747
84,206_fs1-00005.jpg,82.8740651065621,-4.50019305792253
85,206_fs1-00005.jpg,82.645724421408,-4.95970723910116
86,206_fs1-00005.jpg,82.4172718624678,-5.42023502479989
87,206_fs1-00005.jpg,82.1881750400958,-5.88150649471524
88,206_fs1-00005.jpg,81.9579015646457,-6.34325172854366
89,206_fs1-00005.jpg,81.7259190464716,-6.80520080598174
90,206_fs1-00005.jpg,81.4916950959275,-7.26708380672594
91,206_fs1-00005.jpg,81.2546973233675,-7.72863081047279
92,206_fs1-00005.jpg,81.0143933391453,-8.18957189691884
93,206_fs1-00005.jpg,80.7702507536152,-8.64963714576052
94,206_fs1-00005.jpg,80.5237570893913,-9.10857454316204
95,206_fs1-00005.jpg,80.2801138420069,-9.56631028072044
96,206_fs1-00005.jpg,80.0393001905399,-10.0228727299294
97,206_fs1-00005.jpg,79.8009625808418,-10.4782914729549
98,206_fs1-00005.jpg,79.5647474587643,-10.9325960919631
99,206_fs1-00005.jpg,79.3303012701589,-11.3858161691201
100,206_fs1-00005.jpg,79.0972704608773,-11.837981286592
101,206_fs1-00005.jpg,78.8653014767712,-12.2891210265449
102,206_fs1-00005.jpg,78.634040763692,-12.739264971145
103,206_fs1-00005.jpg,78.4031347674916,-13.1884427025582
104,206_fs1-00005.jpg,78.1722299340215,-13.6366838029508
105,206_fs1-00005.jpg,77.9409727091333,-14.0840178544888
106,206_fs1-00005.jpg,77.7090095386787,-14.5304744393383
107,206_fs1-00005.jpg,77.4759868685093,-14.9760831396654
108,206_fs1-00005.jpg,77.2415511444767,-15.4208735376362
109,206_fs1-00005.jpg,77.0053488124324,-15.8648752154169
110,206_fs1-00005.jpg,76.7670263182283,-16.3081177551735
111,206_fs1-00005.jpg,76.5262301077159,-16.7506307390721
112,206_fs1-00005.jpg,76.2826066267467,-17.1924437492789
113,206_fs1-00005.jpg,76.0358023211725,-17.6335863679599
114,206_fs1-00005.jpg,75.785463636845,-18.0740881772813
115,206_fs1-00005.jpg,75.5312370196155,-18.5139787594091
116,206_fs1-00005.jpg,75.2727689153359,-18.9532876965094
117,206_fs1-00005.jpg,75.0097057698578,-19.3920445707485
118,206_fs1-00005.jpg,74.7416940290327,-19.8302789642922
119,206_fs1-00005.jpg,74.4683801387123,-20.2680204593069
120,206_fs1-00005.jpg,74.1894105447482,-20.7052986379584
121,206_fs1-00005.jpg,73.9044316929921,-21.142143082413
122,206_fs1-00005.jpg,73.6130900292956,-21.5785833748369
123,206_fs1-00005.jpg,73.3150149712367,-22.0146273543416
124,206_fs1-00005.jpg,73.0099950092095,-22.4499140407815
125,206_fs1-00005.jpg,72.6981873800159,-22.8837745142208
126,206_fs1-00005.jpg,72.3797757125881,-23.3155304119177
127,206_fs1-00005.jpg,72.0549436358585,-23.7445033711308
128,206_fs1-00005.jpg,71.7238747787592,-24.1700150291183
129,206_fs1-00005.jpg,71.3867527702224,-24.5913870231386
130,206_fs1-00005.jpg,71.0437612391805,-25.00794099045
131,206_fs1-00005.jpg,70.6950838145656,-25.4189985683109
132,206_fs1-00005.jpg,70.3409041253101,-25.8238813939797
133,206_fs1-00005.jpg,69.9814058003461,-26.2219111047146
134,206_fs1-00005.jpg,69.6167724686059,-26.612409337774
135,206_fs1-00005.jpg,69.2471877590217,-26.9946977304164
136,206_fs1-00005.jpg,68.8728353005258,-27.3680979199
137,206_fs1-00005.jpg,68.4938987220505,-27.7319315434831
138,206_fs1-00005.jpg,68.1105616525278,-28.0855202384242
139,206_fs1-00005.jpg,67.7230077208903,-28.4281856419816
140,206_fs1-00005.jpg,67.33142055607,-28.7592493914136
141,206_fs1-00005.jpg,66.9359837869991,-29.0780331239786
142,206_fs1-00005.jpg,66.53688104261,-29.3838584769349
143,206_fs1-00005.jpg,66.1342959518349,-29.6760470875409
144,206_fs1-00005.jpg,65.7284121436061,-29.953920593055
145,206_fs1-00005.jpg,65.3194132468557,-30.2168006307354
146,206_fs1-00005.jpg,64.907482890516,-30.4640088378406
147,206_fs1-00005.jpg,64.4928047035193,-30.6948668516289
148,206_fs1-00005.jpg,64.0755623147977,-30.9086963093586
149,206_fs1-00005.jpg,63.6559393532836,-31.1048188482881
150,206_fs1-00005.jpg,63.2299522677378,-31.2826299067742
151,206_fs1-00005.jpg,62.7892699007947,-31.4420896539493
152,206_fs1-00005.jpg,62.3345257535458,-31.5834191251668
153,206_fs1-00005.jpg,61.8666561622441,-31.7068407618497
154,206_fs1-00005.jpg,61.3865974631429,-31.8125770054211
155,206_fs1-00005.jpg,60.8952859924954,-31.9008502973041
156,206_fs1-00005.jpg,60.3936580865548,-31.9718830789217
157,206_fs1-00005.jpg,59.8826500815741,-32.025897791697
158,206_fs1-00005.jpg,59.3631983138067,-32.0631168770532
159,206_fs1-00005.jpg,58.8362391195056,-32.0837627764132
160,206_fs1-00005.jpg,58.3027088349241,-32.0880579312
161,206_fs1-00005.jpg,57.7635437963153,-32.0762247828369
162,206_fs1-00005.jpg,57.2196803399325,-32.0484857727469
163,206_fs1-00005.jpg,56.6720548020288,-32.0050633423529
164,206_fs1-00005.jpg,56.1216035188573,-31.9461799330782
165,206_fs1-00005.jpg,55.5692628266713,-31.8720579863457
166,206_fs1-00005.jpg,55.015969061724,-31.7829199435786
167,206_fs1-00005.jpg,54.4626585602686,-31.6789882461999
168,206_fs1-00005.jpg,53.910267658558,-31.5604853356326
169,206_fs1-00005.jpg,53.3597326928457,-31.4276336532999
170,206_fs1-00005.jpg,52.8119899993848,-31.2806556406248
171,206_fs1-00005.jpg,52.2679759144285,-31.1197737390304
172,206_fs1-00005.jpg,51.7286267742298,-30.9452103899398
173,206_fs1-00005.jpg,51.1948789150421,-30.757188034776
174,206_fs1-00005.jpg,50.6676686731185,-30.555929114962
175,206_fs1-00005.jpg,50.1479323847121,-30.3416560719211
176,206_fs1-00005.jpg,49.6366063860762,-30.1145913470761
177,206_fs1-00005.jpg,49.134627013464,-29.8749573818503
178,206_fs1-00005.jpg,48.6429306031285,-29.6229766176666
179,206_fs1-00005.jpg,48.1624534913231,-29.3588714959482
180,206_fs1-00005.jpg,47.6941320143009,-29.0828644581181
181,206_fs1-00005.jpg,47.238902508315,-28.7951779455993
182,206_fs1-00005.jpg,46.7977013096186,-28.496034399815
183,206_fs1-00005.jpg,46.371464754465,-28.1856562621882
184,206_fs1-00005.jpg,45.9611291791073,-27.8642659741421
185,206_fs1-00005.jpg,45.5676309197987,-27.5320859770995
186,206_fs1-00005.jpg,45.1919063127922,-27.1893387124837
187,206_fs1-00005.jpg,44.8339623769203,-26.8362466217177
188,206_fs1-00005.jpg,44.4874416815555,-26.4730321462246
189,206_fs1-00005.jpg,44.1507605903817,-26.0999177274274
190,206_fs1-00005.jpg,43.8236707067608,-25.7171258067492
191,206_fs1-00005.jpg,43.5059236340552,-25.3248788256131
192,206_fs1-00005.jpg,43.1972709756269,-24.9233992254421
193,206_fs1-00005.jpg,42.897464334838,-24.5129094476594
194,206_fs1-00005.jpg,42.6062553150509,-24.0936319336879
195,206_fs1-00005.jpg,42.3233955196274,-23.6657891249507
196,206_fs1-00005.jpg,42.0486365519298,-23.229603462871
197,206_fs1-00005.jpg,41.7817300153202,-22.7852973888718
198,206_fs1-00005.jpg,41.5224275131608,-22.3330933443762
199,206_fs1-00005.jpg,41.2704806488137,-21.8732137708072
200,206_fs1-00005.jpg,41.025641025641,-21.4058811095879
1,206_fs1-00006.jpg,128.825021132713,10.986342051866
2,206_fs1-00006.jpg,128.344133633033,10.8404935322672
3,206_fs1-00006.jpg,127.863181401585,10.7097218620949
4,206_fs1-00006.jpg,127.382164925695,10.5935862985947
5,206_fs1-00006.jpg,126.901084692694,10.4916460990123
6,206_fs1-00006.jpg,126.419941189909,10.4034605205932
7,206_fs1-00006.jpg,125.938734904669,10.3285888205831
8,206_fs1-00006.jpg,125.457466324302,10.2665902562276
9,206_fs1-00006.jpg,124.976135936136,10.2170240847723
10,206_fs1-00006.jpg,124.494744227501,10.1794495634629
11,206_fs1-00006.jpg,124.013291685724,10.153425949545
12,206_fs1-00006.jpg,123.531778798134,10.1385125002641
13,206_fs1-00006.jpg,123.050206052059,10.134268472866
14,206_fs1-00006.jpg,122.568573934827,10.1402531245962
15,206_fs1-00006.jpg,122.086882933768,10.1560257127004
16,206_fs1-00006.jpg,121.605133536209,10.1811454944242
17,206_fs1-00006.jpg,121.12332622948,10.2151717270131
18,206_fs1-00006.jpg,120.641461500907,10.2576636677129
19,206_fs1-00006.jpg,120.15953983782,10.3081805737691
20,206_fs1-00006.jpg,119.677561727547,10.3662817024274
21,206_fs1-00006.jpg,119.195527657417,10.4315263109334
22,206_fs1-00006.jpg,118.713438114757,10.5034736565327
23,206_fs1-00006.jpg,118.231293586897,10.5816829964709
24,206_fs1-00006.jpg,117.749094561165,10.6657135879937
25,206_fs1-00006.jpg,117.266841524889,10.7551246883467
26,206_fs1-00006.jpg,116.784534965397,10.8494755547754
27,206_fs1-00006.jpg,116.302175370019,10.9483254445256
28,206_fs1-00006.jpg,115.819763226082,11.0512336148428
29,206_fs1-00006.jpg,115.337299020914,11.1577593229727
30,206_fs1-00006.jpg,114.854783241845,11.2674618261609
31,206_fs1-00006.jpg,114.372216376203,11.379900381653
32,206_fs1-00006.jpg,113.889598911315,11.4946342466946
33,206_fs1-00006.jpg,113.406931334511,11.6112226785314
34,206_fs1-00006.jpg,112.924214133119,11.7292249344089
35,206_fs1-00006.jpg,112.441447794467,11.8482002715729
36,206_fs1-00006.jpg,111.958632805884,11.9677079472688
37,206_fs1-00006.jpg,111.475769654698,12.0873072187424
38,206_fs1-00006.jpg,110.992858828237,12.2065573432393
39,206_fs1-00006.jpg,110.50990081383,12.3250175780051
40,206_fs1-00006.jpg,110.026896098806,12.4422471802853
41,206_fs1-00006.jpg,109.543845170492,12.5578054073257
42,206_fs1-00006.jpg,109.060748516217,12.6712515163718
43,206_fs1-00006.jpg,108.57760662331,12.7821447646693
44,206_fs1-00006.jpg,108.094419979099,12.8900444094638
45,206_fs1-00006.jpg,107.611018818047,12.9945097080009
46,206_fs1-00006.jpg,107.123468165857,13.0950999175262
47,206_fs1-00006.jpg,106.630606072547,13.1913742952854
48,206_fs1-00006.jpg,106.133081900401,13.2828920985241
49,206_fs1-00006.jpg,105.631545011703,13.3692125844879
50,206_fs1-00006.jpg,105.126644768736,13.4498950104224
51,206_fs1-00006.jpg,104.619030533785,13.5244986335732
52,206_fs1-00006.jpg,104.109351669133,13.592582711186
53,206_fs1-00006.jpg,103.598257537064,13.6537065005064
54,206_fs1-00006.jpg,103.086397499862,13.7074292587801
55,206_fs1-00006.jpg,102.574420919811,13.7533102432525
56,206_fs1-00006.jpg,102.062977159195,13.7909087111694
57,206_fs1-00006.jpg,101.552715580298,13.8197839197764
58,206_fs1-00006.jpg,101.044285545403,13.839495126319
59,206_fs1-00006.jpg,100.538336416794,13.849601588043
60,206_fs1-00006.jpg,100.035517556755,13.849662562194
61,206_fs1-00006.jpg,99.5364783275706,13.8392373060175
62,206_fs1-00006.jpg,99.041868091524,13.8178850767592
63,206_fs1-00006.jpg,98.552336210899,13.7851651316646
64,206_fs1-00006.jpg,98.0685320479797,13.7406367279796
65,206_fs1-00006.jpg,97.5911049650497,13.6838591229495
66,206_fs1-00006.jpg,97.1207043243932,13.6143915738202
67,206_fs1-00006.jpg,96.6579794882937,13.5317933378371
68,206_fs1-00006.jpg,96.2035798190353,13.435623672246
69,206_fs1-00006.jpg,95.7581546789017,13.3254418342923
70,206_fs1-00006.jpg,95.3223534301769,13.2008070812219
71,206_fs1-00006.jpg,94.8968254351447,13.0612786702802
72,206_fs1-00006.jpg,94.482220056089,12.906415858713
73,206_fs1-00006.jpg,94.0787030728055,12.7357823917222
74,206_fs1-00006.jpg,93.6794307407322,12.5492733902695
75,206_fs1-00006.jpg,93.2821467879621,12.347336906363
76,206_fs1-00006.jpg,92.887049884979,12.1304734654177
77,206_fs1-00006.jpg,92.4943387022667,11.8991835928485
78,206_fs1-00006.jpg,92.1042119103089,11.6539678140707
79,206_fs1-00006.jpg,91.7168681795896,11.3953266544993
80,206_fs1-00006.jpg,91.3325061805924,11.1237606395492
81,206_fs1-00006.jpg,90.9513245838012,10.8397702946357
82,206_fs1-00006.jpg,90.5735220596997,10.5438561451737
83,206_fs1-00006.jpg,90.1992972787718,10.2365187165784
84,206_fs1-00006.jpg,89.8288489115013,9.91825853426465
85,206_fs1-00006.jpg,89.4623756283719,9.5895761236477
86,206_fs1-00006.jpg,89.1000760998674,9.25097201014253
87,206_fs1-00006.jpg,88.7421489964717,8.90294671916422
88,206_fs1-00006.jpg,88.3887929886685,8.54600077612784
89,206_fs1-00006.jpg,88.0402067469416,8.18063470644842
90,206_fs1-00006.jpg,87.6965889417748,7.80734903554105
91,206_fs1-00006.jpg,87.358138243652,7.4266442888208
92,206_fs1-00006.jpg,87.0250533230569,7.03902099170267
93,206_fs1-00006.jpg,86.6975328504732,6.64497966960181
94,206_fs1-00006.jpg,86.3757754963849,6.2450208479332
95,206_fs1-00006.jpg,86.0599799312757,5.83964505211196
96,206_fs1-00006.jpg,85.7503448256293,5.42935280755313
97,206_fs1-00006.jpg,85.4470688499296,5.01464463967176
98,206_fs1-00006.jpg,85.1503506746604,4.59602107388292
99,206_fs1-00006.jpg,84.8603889703055,4.1739826356017
100,206_fs1-00006.jpg,84.5773824073486,3.74902985024312
101,206_fs1-00006.jpg,84.3015296562736,3.32166324322225
102,206_fs1-00006.jpg,84.0330293875643,2.89238333995414
103,206_fs1-00006.jpg,83.7720802717043,2.46169066585389
104,206_fs1-00006.jpg,83.5188809791777,2.03008574633654
105,206_fs1-00006.jpg,83.2727440047763,1.59806085906513
106,206_fs1-00006.jpg,83.027205947209,1.16585595448103
107,206_fs1-00006.jpg,82.7813022370623,0.73341800928327
108,206_fs1-00006.jpg,82.5354846143247,0.300677566225573
109,206_fs1-00006.jpg,82.2902048189845,-0.132434831938355
110,206_fs1-00006.jpg,82.0459145910305,-0.56598864245484
111,206_fs1-00006.jpg,81.8030656704511,-1.00005332257018
112,206_fs1-00006.jpg,81.5621097972347,-1.4346983295307
113,206_fs1-00006.jpg,81.32349871137,-1.86999312058273
114,206_fs1-00006.jpg,81.0876841528454,-2.30600715297251
115,206_fs1-00006.jpg,80.8551178616494,-2.74280988394639
116,206_fs1-00006.jpg,80.6262515777705,-3.1804707707507
117,206_fs1-00006.jpg,80.4015370411973,-3.61905927063171
118,206_fs1-00006.jpg,80.1814259919183,-4.05864484083571
119,206_fs1-00006.jpg,79.966370169922,-4.49929693860909
120,206_fs1-00006.jpg,79.7568213151968,-4.94108502119806
121,206_fs1-00006.jpg,79.5532311677313,-5.38407854584901
122,206_fs1-00006.jpg,79.3560514675141,-5.82834696980819
123,206_fs1-00006.jpg,79.1657339545336,-6.27395975032192
124,206_fs1-00006.jpg,78.9827303687782,-6.72098634463654
125,206_fs1-00006.jpg,78.8074924502366,-7.16949620999833
126,206_fs1-00006.jpg,78.6404719388973,-7.6195588036536
127,206_fs1-00006.jpg,78.4821205747488,-8.07124358284867
128,206_fs1-00006.jpg,78.3328900977795,-8.52462000482984
129,206_fs1-00006.jpg,78.193232247978,-8.97975752684343
130,206_fs1-00006.jpg,78.0635987653328,-9.43672560613572
131,206_fs1-00006.jpg,77.9444413898324,-9.89559369995305
132,206_fs1-00006.jpg,77.8362118614652,-10.3564312655417
133,206_fs1-00006.jpg,77.73936192022,-10.819307760148
134,206_fs1-00006.jpg,77.6543433060851,-11.2842926410182
135,206_fs1-00006.jpg,77.5810412262657,-11.7514529895779
136,206_fs1-00006.jpg,77.5148153564726,-12.2207733325789
137,206_fs1-00006.jpg,77.4541767275289,-12.6921363063168
138,206_fs1-00006.jpg,77.3986704390786,-13.1654182503466
139,206_fs1-00006.jpg,77.3478415907659,-13.6404955042234
140,206_fs1-00006.jpg,77.3012352822347,-14.1172444075021
141,206_fs1-00006.jpg,77.2583966131291,-14.5955412997377
142,206_fs1-00006.jpg,77.2188706830931,-15.0752625204852
143,206_fs1-00006.jpg,77.1822025917708,-15.5562844092998
144,206_fs1-00006.jpg,77.1479374388061,-16.0384833057364
145,206_fs1-00006.jpg,77.1156203238431,-16.52173554935
146,206_fs1-00006.jpg,77.084796346526,-17.0059174796956
147,206_fs1-00006.jpg,77.0550106064986,-17.4909054363283
148,206_fs1-00006.jpg,77.0258082034051,-17.9765757588031
149,206_fs1-00006.jpg,76.9967342368894,-18.4628047866749
150,206_fs1-00006.jpg,76.9673338065957,-18.9494688594988
151,206_fs1-00006.jpg,76.9371520121679,-19.4364443168298
152,206_fs1-00006.jpg,76.9057339532501,-19.923607498223
153,206_fs1-00006.jpg,76.8726247294863,-20.4108347432333
154,206_fs1-00006.jpg,76.8373694405205,-20.8980023914158
155,206_fs1-00006.jpg,76.7995131859969,-21.3849867823254
156,206_fs1-00006.jpg,76.7586010655595,-21.8716642555173
157,206_fs1-00006.jpg,76.7141781788522,-22.3579111505464
158,206_fs1-00006.jpg,76.6657896255191,-22.8436038069676
159,206_fs1-00006.jpg,76.6129805052042,-23.3286185643362
160,206_fs1-00006.jpg,76.5552959175517,-23.812831762207
161,206_fs1-00006.jpg,76.4922809622055,-24.2961197401351
162,206_fs1-00006.jpg,76.4234807388096,-24.7783588376754
163,206_fs1-00006.jpg,76.3484403470081,-25.2594253943831
164,206_fs1-00006.jpg,76.2576334693919,-25.7390936665349
165,206_fs1-00006.jpg,76.1426241127593,-26.2167268587869
166,206_fs1-00006.jpg,76.0047174283047,-26.6915847287442
167,206_fs1-00006.jpg,75.8452186132337,-27.1629270340108
168,206_fs1-00006.jpg,75.6654328647521,-27.6300135321906
169,206_fs1-00006.jpg,75.4666653800653,-28.0921039808878
170,206_fs1-00006.jpg,75.2502213563791,-28.5484581377063
171,206_fs1-00006.jpg,75.0174059908991,-28.9983357602502
172,206_fs1-00006.jpg,74.769524480831,-29.4409966061234
173,206_fs1-00006.jpg,74.5078820233804,-29.87570043293
174,206_fs1-00006.jpg,74.2337838157528,-30.3017069982739
175,206_fs1-00006.jpg,73.9485350551541,-30.7182760597592
176,206_fs1-00006.jpg,73.6534409387897,-31.12466737499
177,206_fs1-00006.jpg,73.3498066638654,-31.5201407015701
178,206_fs1-00006.jpg,73.0389374275867,-31.9039557971037
179,206_fs1-00006.jpg,72.7221384271595,-32.2753724191947
180,206_fs1-00006.jpg,72.4007148597891,-32.6336503254472
181,206_fs1-00006.jpg,72.0759719226813,-32.9780492734651
182,206_fs1-00006.jpg,71.7492148130418,-33.3078290208525
183,206_fs1-00006.jpg,71.4217487280762,-33.6222493252134
184,206_fs1-00006.jpg,71.0904121595565,-33.9205699441518
185,206_fs1-00006.jpg,70.7395205146092,-34.2020506352717
186,206_fs1-00006.jpg,70.3683653895325,-34.4659511561772
187,206_fs1-00006.jpg,69.9778398776173,-34.7115312644722
188,206_fs1-00006.jpg,69.5688370721545,-34.9380507177607
189,206_fs1-00006.jpg,69.1422500664347,-35.1447692736468
190,206_fs1-00006.jpg,68.6989719537489,-35.3309466897345
191,206_fs1-00006.jpg,68.2398958273878,-35.4958427236278
192,206_fs1-00006.jpg,67.7659147806423,-35.6387171329307
193,206_fs1-00006.jpg,67.2779219068032,-35.7588296752472
194,206_fs1-00006.jpg,66.7768102991614,-35.8554401081813
195,206_fs1-00006.jpg,66.2634730510075,-35.927808189337
196,206_fs1-00006.jpg,65.7388032556325,-35.9751936763185
197,206_fs1-00006.jpg,65.2036940063271,-35.9968563267295
198,206_fs1-00006.jpg,64.6590383963823,-35.9920558981743
199,206_fs1-00006.jpg,64.1057295190888,-35.9600521482568
200,206_fs1-00006.jpg,63.5446604677373,-35.9001048345809
1,206_fs1-00007.jpg,140.456466610313,11.8880044919901
2,206_fs1-00007.jpg,139.966642168456,11.7667689647226
3,206_fs1-00007.jpg,139.477160585463,11.6555954034681
4,206_fs1-00007.jpg,138.988022386848,11.5542672436778
5,206_fs1-00007.jpg,138.499228098122,11.4625679208025
6,206_fs1-00007.jpg,138.0107782448,11.3802808702931
7,206_fs1-00007.jpg,137.522673352392,11.3071895276008
8,206_fs1-00007.jpg,137.034913946411,11.2430773281763
9,206_fs1-00007.jpg,136.54750055237,11.1877277074707
10,206_fs1-00007.jpg,136.060433695782,11.1409241009349
11,206_fs1-00007.jpg,135.573713902159,11.1024499440199
12,206_fs1-00007.jpg,135.087341697014,11.0720886721766
13,206_fs1-00007.jpg,134.601317605859,11.049623720856
14,206_fs1-00007.jpg,134.115642154206,11.034838525509
15,206_fs1-00007.jpg,133.630315867568,11.0275165215867
16,206_fs1-00007.jpg,133.145339271459,11.0274411445399
17,206_fs1-00007.jpg,132.660712891389,11.0343958298197
18,206_fs1-00007.jpg,132.176437252873,11.0481640128769
19,206_fs1-00007.jpg,131.692512881422,11.0685291291626
20,206_fs1-00007.jpg,131.208940302549,11.0952746141277
21,206_fs1-00007.jpg,130.725720041766,11.1281839032231
22,206_fs1-00007.jpg,130.242852624586,11.1670404318998
23,206_fs1-00007.jpg,129.760338576521,11.2116276356089
24,206_fs1-00007.jpg,129.278178423085,11.2617289498011
25,206_fs1-00007.jpg,128.796372689789,11.3171278099275
26,206_fs1-00007.jpg,128.314921902146,11.3776076514391
27,206_fs1-00007.jpg,127.833826585669,11.4429519097868
28,206_fs1-00007.jpg,127.35308726587,11.5129440204215
29,206_fs1-00007.jpg,126.872704468262,11.5873674187943
30,206_fs1-00007.jpg,126.392678718357,11.666005540356
31,206_fs1-00007.jpg,125.913010541668,11.7486418205577
32,206_fs1-00007.jpg,125.433700463707,11.8350596948502
33,206_fs1-00007.jpg,124.954749009987,11.9250425986847
34,206_fs1-00007.jpg,124.476156706021,12.0183739675119
35,206_fs1-00007.jpg,123.997992101204,12.1148372367828
36,206_fs1-00007.jpg,123.52068157308,12.2142158419486
37,206_fs1-00007.jpg,123.044253791204,12.31629321846
38,206_fs1-00007.jpg,122.568653879866,12.420852801768
39,206_fs1-00007.jpg,122.093826963355,12.5276780273236
40,206_fs1-00007.jpg,121.61971816596,12.6365523305778
41,206_fs1-00007.jpg,121.146272611973,12.7472591469815
42,206_fs1-00007.jpg,120.673435425682,12.8595819119857
43,206_fs1-00007.jpg,120.201151731376,12.9733040610413
44,206_fs1-00007.jpg,119.729366653346,13.0882090295993
45,206_fs1-00007.jpg,119.258025315882,13.2040802531106
46,206_fs1-00007.jpg,118.787072843272,13.3207011670262
47,206_fs1-00007.jpg,118.316454359807,13.4378552067971
48,206_fs1-00007.jpg,117.846114989776,13.5553258078742
49,206_fs1-00007.jpg,117.375999857469,13.6728964057085
50,206_fs1-00007.jpg,116.906054087175,13.790350435751
51,206_fs1-00007.jpg,116.436222803185,13.9074713334525
52,206_fs1-00007.jpg,115.966451129787,14.024042534264
53,206_fs1-00007.jpg,115.496684191272,14.1398474736366
54,206_fs1-00007.jpg,115.02686711193,14.2546695870211
55,206_fs1-00007.jpg,114.556945016049,14.3682923098686
56,206_fs1-00007.jpg,114.086863027919,14.48049907763
57,206_fs1-00007.jpg,113.616566271831,14.5910733257562
58,206_fs1-00007.jpg,113.145999872073,14.6997984896981
59,206_fs1-00007.jpg,112.675108952936,14.8064580049069
60,206_fs1-00007.jpg,112.203838638709,14.9108353068333
61,206_fs1-00007.jpg,111.732134053682,15.0127138309284
62,206_fs1-00007.jpg,111.259940322144,15.1118770126432
63,206_fs1-00007.jpg,110.787202568386,15.2081082874286
64,206_fs1-00007.jpg,110.313865916696,15.3011910907354
65,206_fs1-00007.jpg,109.839875491364,15.3909088580148
66,206_fs1-00007.jpg,109.365176416681,15.4770450247177
67,206_fs1-00007.jpg,108.889713816936,15.5593830262949
68,206_fs1-00007.jpg,108.413432816417,15.6377062981976
69,206_fs1-00007.jpg,107.935730118803,15.7117987863637
70,206_fs1-00007.jpg,107.453493288302,15.7814559519445
71,206_fs1-00007.jpg,106.96659186249,15.8464846471367
72,206_fs1-00007.jpg,106.47544530233,15.9066922097891
73,206_fs1-00007.jpg,105.980473068789,15.9618859777508
74,206_fs1-00007.jpg,105.482094622829,16.0118732888709
75,206_fs1-00007.jpg,104.980729425417,16.0564614809983
76,206_fs1-00007.jpg,104.476796937516,16.0954578919822
77,206_fs1-00007.jpg,103.970716620091,16.1286698596714
78,206_fs1-00007.jpg,103.462907934106,16.1559047219152
79,206_fs1-00007.jpg,102.953790340527,16.1769698165624
80,206_fs1-00007.jpg,102.443783300317,16.1916724814621
81,206_fs1-00007.jpg,101.933306274441,16.1998200544634
82,206_fs1-00007.jpg,101.422778723864,16.2012198734152
83,206_fs1-00007.jpg,100.912620109551,16.1956792761666
84,206_fs1-00007.jpg,100.403249892466,16.1830056005667
85,206_fs1-00007.jpg,99.8950875335726,16.1630061844644
86,206_fs1-00007.jpg,99.3885524938366,16.1354883657088
87,206_fs1-00007.jpg,98.8840642342224,16.1002594821489
88,206_fs1-00007.jpg,98.3820422156943,16.0571268716338
89,206_fs1-00007.jpg,97.882905899217,16.0058978720124
90,206_fs1-00007.jpg,97.3870747457551,15.9463798211338
91,206_fs1-00007.jpg,96.894968216273,15.8783800568471
92,206_fs1-00007.jpg,96.4070057717354,15.8017059170012
93,206_fs1-00007.jpg,95.9236068731069,15.7161647394452
94,206_fs1-00007.jpg,95.445190981352,15.6215638620281
95,206_fs1-00007.jpg,94.9721775574353,15.5177106225989
96,206_fs1-00007.jpg,94.5049860623212,15.4044123590068
97,206_fs1-00007.jpg,94.0440359569745,15.2814764091006
98,206_fs1-00007.jpg,93.5897467023597,15.1487101107294
99,206_fs1-00007.jpg,93.1425377594413,15.0059208017423
100,206_fs1-00007.jpg,92.7028285891839,14.8529158199883
101,206_fs1-00007.jpg,92.2710386525521,14.6895025033164
102,206_fs1-00007.jpg,91.8475874105105,14.5154881895756
103,206_fs1-00007.jpg,91.4328943240235,14.330680216615
104,206_fs1-00007.jpg,91.0273788540558,14.1348859222836
105,206_fs1-00007.jpg,90.6286393913493,13.927927208986
106,206_fs1-00007.jpg,90.2254271375831,13.7098501244423
107,206_fs1-00007.jpg,89.817359336061,13.4808764995628
108,206_fs1-00007.jpg,89.4053978280387,13.2412328779307
109,206_fs1-00007.jpg,88.9905044547717,12.9911458031285
110,206_fs1-00007.jpg,88.5736410575158,12.7308418187392
111,206_fs1-00007.jpg,88.1557694775266,12.4605474683455
112,206_fs1-00007.jpg,87.7378515560596,12.1804892955302
113,206_fs1-00007.jpg,87.3208491343706,11.8908938438763
114,206_fs1-00007.jpg,86.9057240537152,11.5919876569664
115,206_fs1-00007.jpg,86.4934381553489,11.2839972783834
116,206_fs1-00007.jpg,86.0849532805276,10.9671492517101
117,206_fs1-00007.jpg,85.6812312705067,10.6416701205293
118,206_fs1-00007.jpg,85.283233966542,10.3077864284239
119,206_fs1-00007.jpg,84.891923209889,9.96572471897662
120,206_fs1-00007.jpg,84.5082608418035,9.61571153577029
121,206_fs1-00007.jpg,84.1332087035409,9.25797342238775
122,206_fs1-00007.jpg,83.767728636357,8.89273692241176
123,206_fs1-00007.jpg,83.4127824815075,8.52022857942518
124,206_fs1-00007.jpg,83.0693320802479,8.14067493701077
125,206_fs1-00007.jpg,82.738339273834,7.7543025387514
126,206_fs1-00007.jpg,82.4207659035212,7.36133792822989
127,206_fs1-00007.jpg,82.1175738105653,6.962007649029
128,206_fs1-00007.jpg,81.8297248362219,6.55653824473154
129,206_fs1-00007.jpg,81.5581808217467,6.14515625892039
130,206_fs1-00007.jpg,81.3039036083953,5.72808823517829
131,206_fs1-00007.jpg,81.0678550374233,5.3055607170881
132,206_fs1-00007.jpg,80.8509969500863,4.8778002482326
133,206_fs1-00007.jpg,80.65429118764,4.44503337219462
134,206_fs1-00007.jpg,80.47869959134,4.00748663255698
135,206_fs1-00007.jpg,80.3251840024421,3.56538657290247
136,206_fs1-00007.jpg,80.1939828935846,3.11895968904807
137,206_fs1-00007.jpg,80.0702485444181,2.6684268337828
138,206_fs1-00007.jpg,79.9480001460282,2.21399797302868
139,206_fs1-00007.jpg,79.8275400263649,1.75588183196766
140,206_fs1-00007.jpg,79.7091705133786,1.29428713578156
141,206_fs1-00007.jpg,79.5931939350193,0.829422609652283
142,206_fs1-00007.jpg,79.4799126192373,0.36149697876175
143,206_fs1-00007.jpg,79.3696288939828,-0.109281031708207
144,206_fs1-00007.jpg,79.262645087206,-0.582702696575666
145,206_fs1-00007.jpg,79.159263526857,-1.05855929065874
146,206_fs1-00007.jpg,79.059786540886,-1.53664208877555
147,206_fs1-00007.jpg,78.9645164572433,-2.01674236574419
148,206_fs1-00007.jpg,78.873755603879,-2.4986513963828
149,206_fs1-00007.jpg,78.7878063087434,-2.9821604555095
150,206_fs1-00007.jpg,78.7069708997865,-3.46706081794238
151,206_fs1-00007.jpg,78.6315517049587,-3.95314375849955
152,206_fs1-00007.jpg,78.56185105221,-4.44020055199914
153,206_fs1-00007.jpg,78.4981712694908,-4.92802247325926
154,206_fs1-00007.jpg,78.4408146847512,-5.41640079709802
155,206_fs1-00007.jpg,78.3900836259413,-5.90512679833355
156,206_fs1-00007.jpg,78.3462804210113,-6.39399175178394
157,206_fs1-00007.jpg,78.3097073979116,-6.88278693226729
158,206_fs1-00007.jpg,78.2806668845922,-7.37130361460177
159,206_fs1-00007.jpg,78.2594612090033,-7.85933307360543
160,206_fs1-00007.jpg,78.2463926990951,-8.34666658409643
161,206_fs1-00007.jpg,78.2417636828179,-8.83309542089285
162,206_fs1-00007.jpg,78.2508669223772,-9.31845231884131
163,206_fs1-00007.jpg,78.2782813539238,-9.80275437531179
164,206_fs1-00007.jpg,78.3220622836889,-10.2860699146716
165,206_fs1-00007.jpg,78.3802578812595,-10.7684672633134
166,206_fs1-00007.jpg,78.4509163162227,-11.25001474763
167,206_fs1-00007.jpg,78.5320857581655,-11.7307806940142
168,206_fs1-00007.jpg,78.6218143766749,-12.2108334288589
169,206_fs1-00007.jpg,78.7181503413381,-12.6902412785568
170,206_fs1-00007.jpg,78.8191418217421,-13.1690725695007
171,206_fs1-00007.jpg,78.9228369874739,-13.6473956280833
172,206_fs1-00007.jpg,79.0272840081207,-14.1252787806975
173,206_fs1-00007.jpg,79.1305310532694,-14.6027903537361
174,206_fs1-00007.jpg,79.2306262925071,-15.0799986735918
175,206_fs1-00007.jpg,79.3256178954209,-15.5569720666575
176,206_fs1-00007.jpg,79.4135540315978,-16.0337788593259
177,206_fs1-00007.jpg,79.4924828706249,-16.5104873779898
178,206_fs1-00007.jpg,79.5604525820893,-16.9871659490421
179,206_fs1-00007.jpg,79.6155113355779,-17.4638828988754
180,206_fs1-00007.jpg,79.6557073006779,-17.9407065538827
181,206_fs1-00007.jpg,79.6790886469764,-18.4177052404566
182,206_fs1-00007.jpg,79.6844170462082,-18.89494728499
183,206_fs1-00007.jpg,79.684298367094,-19.3725010138756
184,206_fs1-00007.jpg,79.6837304794075,-19.8504347535063
185,206_fs1-00007.jpg,79.6823582376333,-20.3288168302748
186,206_fs1-00007.jpg,79.6798264962557,-20.8077155705739
187,206_fs1-00007.jpg,79.6757801097592,-21.2871993007965
188,206_fs1-00007.jpg,79.6698639326283,-21.7673363473353
189,206_fs1-00007.jpg,79.6617228193474,-22.2481950365831
190,206_fs1-00007.jpg,79.6510016244009,-22.7298436949326
191,206_fs1-00007.jpg,79.6373452022733,-23.2123506487768
192,206_fs1-00007.jpg,79.620398407449,-23.6957842245083
193,206_fs1-00007.jpg,79.5998060944125,-24.1802127485199
194,206_fs1-00007.jpg,79.5752131176482,-24.6657045472045
195,206_fs1-00007.jpg,79.5462643316405,-25.1523279469549
196,206_fs1-00007.jpg,79.5126045908739,-25.6401512741637
197,206_fs1-00007.jpg,79.4738787498327,-26.1292428552239
198,206_fs1-00007.jpg,79.4297316630016,-26.6196710165282
199,206_fs1-00007.jpg,79.3798081848649,-27.1115040844694
200,206_fs1-00007.jpg,79.323753169907,-27.6048103854402
1,206_fs1-00008.jpg,155.446604677374,10.6482186368196
2,206_fs1-00008.jpg,154.960643804258,10.7468203339942
3,206_fs1-00008.jpg,154.474598430396,10.8442131063583
4,206_fs1-00008.jpg,153.98846866468,10.940407210521
5,206_fs1-00008.jpg,153.502254616,11.0354129030915
6,206_fs1-00008.jpg,153.015956393247,11.1292404406788
7,206_fs1-00008.jpg,152.529574105311,11.2219000798921
8,206_fs1-00008.jpg,152.043107861083,11.3134020773404
9,206_fs1-00008.jpg,151.556557769453,11.403756689633
10,206_fs1-00008.jpg,151.069923939312,11.4929741733789
11,206_fs1-00008.jpg,150.583206479551,11.5810647851872
12,206_fs1-00008.jpg,150.09640549906,11.668038781667
13,206_fs1-00008.jpg,149.60952110673,11.7539064194274
14,206_fs1-00008.jpg,149.122553411452,11.8386779550776
15,206_fs1-00008.jpg,148.635502522116,11.9223636452266
16,206_fs1-00008.jpg,148.148368547612,12.0049737464837
17,206_fs1-00008.jpg,147.661151596832,12.0865185154578
18,206_fs1-00008.jpg,147.173851778666,12.1670082087581
19,206_fs1-00008.jpg,146.686469202004,12.2464530829937
20,206_fs1-00008.jpg,146.199003975738,12.3248633947738
21,206_fs1-00008.jpg,145.711456208757,12.4022494007074
22,206_fs1-00008.jpg,145.223826009953,12.4786213574036
23,206_fs1-00008.jpg,144.736113488215,12.5539895214716
24,206_fs1-00008.jpg,144.248318752435,12.6283641495205
25,206_fs1-00008.jpg,143.760441911504,12.7017554981594
26,206_fs1-00008.jpg,143.272483074311,12.7741738239973
27,206_fs1-00008.jpg,142.784442349748,12.8456293836435
28,206_fs1-00008.jpg,142.296319846705,12.916132433707
29,206_fs1-00008.jpg,141.808115674072,12.9856932307969
30,206_fs1-00008.jpg,141.319829940741,13.0543220315224
31,206_fs1-00008.jpg,140.831462755601,13.1220290924925
32,206_fs1-00008.jpg,140.343014227544,13.1888246703164
33,206_fs1-00008.jpg,139.85448446546,13.2547190216033
34,206_fs1-00008.jpg,139.36587357824,13.319722402962
35,206_fs1-00008.jpg,138.877181674774,13.383845071002
36,206_fs1-00008.jpg,138.388408863953,13.4470972823321
37,206_fs1-00008.jpg,137.899555254668,13.5094892935615
38,206_fs1-00008.jpg,137.410620955809,13.5710313612994
39,206_fs1-00008.jpg,136.921606076266,13.6317337421549
40,206_fs1-00008.jpg,136.432510724931,13.691606692737
41,206_fs1-00008.jpg,135.943335010694,13.7506604696549
42,206_fs1-00008.jpg,135.454079042445,13.8089053295178
43,206_fs1-00008.jpg,134.964742929076,13.8663515289346
44,206_fs1-00008.jpg,134.475326779476,13.9230093245145
45,206_fs1-00008.jpg,133.985830702537,13.9788889728667
46,206_fs1-00008.jpg,133.496254807149,14.0340007306002
47,206_fs1-00008.jpg,133.006599202202,14.0883548543242
48,206_fs1-00008.jpg,132.516863996588,14.1419616006477
49,206_fs1-00008.jpg,132.027049299196,14.1948312261799
50,206_fs1-00008.jpg,131.537155218918,14.2469739875299
51,206_fs1-00008.jpg,131.047145531869,14.2984001413068
52,206_fs1-00008.jpg,130.556960172911,14.3491199441198
53,206_fs1-00008.jpg,130.066604221477,14.3991436525779
54,206_fs1-00008.jpg,129.576083959437,14.4484815232902
55,206_fs1-00008.jpg,129.085405668664,14.4971438128658
56,206_fs1-00008.jpg,128.59457563103,14.545140777914
57,206_fs1-00008.jpg,128.103600128407,14.5924826750437
58,206_fs1-00008.jpg,127.612485442667,14.6391797608641
59,206_fs1-00008.jpg,127.121237855681,14.6852422919843
60,206_fs1-00008.jpg,126.629863649323,14.7306805250134
61,206_fs1-00008.jpg,126.138369105462,14.7755047165606
62,206_fs1-00008.jpg,125.646760505973,14.8197251232349
63,206_fs1-00008.jpg,125.155044132726,14.8633520016454
64,206_fs1-00008.jpg,124.663226267594,14.9063956084013
65,206_fs1-00008.jpg,124.171313192448,14.9488662001117
66,206_fs1-00008.jpg,123.679311189161,14.9907740333857
67,206_fs1-00008.jpg,123.187226539605,15.0321293648324
68,206_fs1-00008.jpg,122.695065525651,15.0729424510609
69,206_fs1-00008.jpg,122.202834429171,15.1132235486803
70,206_fs1-00008.jpg,121.710539532038,15.1529829142997
71,206_fs1-00008.jpg,121.218187116123,15.1922308045284
72,206_fs1-00008.jpg,120.725783463299,15.2309774759752
73,206_fs1-00008.jpg,120.233334855436,15.2692331852495
74,206_fs1-00008.jpg,119.740847574409,15.3070081889602
75,206_fs1-00008.jpg,119.248327902087,15.3443127437166
76,206_fs1-00008.jpg,118.755782120344,15.3811571061276
77,206_fs1-00008.jpg,118.263216511051,15.4175515328025
78,206_fs1-00008.jpg,117.77063735608,15.4535062803503
79,206_fs1-00008.jpg,117.278050937303,15.4890316053802
80,206_fs1-00008.jpg,116.785463536592,15.5241377645012
81,206_fs1-00008.jpg,116.29288143582,15.5588350143225
82,206_fs1-00008.jpg,115.800310916857,15.5931336114532
83,206_fs1-00008.jpg,115.307758261577,15.6270438125024
84,206_fs1-00008.jpg,114.81522975185,15.6605758740792
85,206_fs1-00008.jpg,114.32273166955,15.6937400527927
86,206_fs1-00008.jpg,113.830270296547,15.7265466052521
87,206_fs1-00008.jpg,113.337851914715,15.7590057880664
88,206_fs1-00008.jpg,112.845482805924,15.7911278578447
89,206_fs1-00008.jpg,112.353169252047,15.8229230711963
90,206_fs1-00008.jpg,111.860917534956,15.8544016847301
91,206_fs1-00008.jpg,111.368733936522,15.8855739550553
92,206_fs1-00008.jpg,110.876624738619,15.916450138781
93,206_fs1-00008.jpg,110.384596223117,15.9470404925164
94,206_fs1-00008.jpg,109.892654671889,15.9773552728705
95,206_fs1-00008.jpg,109.400806366806,16.0074047364524
96,206_fs1-00008.jpg,108.909057589741,16.0371991398713
97,206_fs1-00008.jpg,108.417273834589,16.0667476027882
98,206_fs1-00008.jpg,107.923170208768,16.0959640097938
99,206_fs1-00008.jpg,107.426132819092,16.1245965559462
100,206_fs1-00008.jpg,106.926408927844,16.1523768392177
101,206_fs1-00008.jpg,106.424245797304,16.1790364575808
102,206_fs1-00008.jpg,105.919890689754,16.2043070090079
103,206_fs1-00008.jpg,105.413590867475,16.2279200914715
104,206_fs1-00008.jpg,104.905593592748,16.2496073029439
105,206_fs1-00008.jpg,104.396146127856,16.2691002413975
106,206_fs1-00008.jpg,103.885495735079,16.2861305048048
107,206_fs1-00008.jpg,103.373889676699,16.3004296911382
108,206_fs1-00008.jpg,102.861575214997,16.3117293983701
109,206_fs1-00008.jpg,102.348799612255,16.319761224473
110,206_fs1-00008.jpg,101.835810130753,16.3242567674191
111,206_fs1-00008.jpg,101.322854032774,16.324947625181
112,206_fs1-00008.jpg,100.810178580599,16.321565395731
113,206_fs1-00008.jpg,100.298031036509,16.3138416770416
114,206_fs1-00008.jpg,99.7866586627852,16.3015080670853
115,206_fs1-00008.jpg,99.2763087217094,16.2842961638343
116,206_fs1-00008.jpg,98.7672284755631,16.2619375652611
117,206_fs1-00008.jpg,98.2596651866274,16.2341638693381
118,206_fs1-00008.jpg,97.7538661171838,16.2007066740379
119,206_fs1-00008.jpg,97.2500785295138,16.1612975773326
120,206_fs1-00008.jpg,96.7485496858985,16.1156681771949
121,206_fs1-00008.jpg,96.2495268486196,16.063550071597
122,206_fs1-00008.jpg,95.7532572799583,16.0046748585115
123,206_fs1-00008.jpg,95.2599882421961,15.9387741359107
124,206_fs1-00008.jpg,94.7699669976143,15.865579501767
125,206_fs1-00008.jpg,94.2834408084944,15.7848225540529
126,206_fs1-00008.jpg,93.8006569371177,15.6962348907407
127,206_fs1-00008.jpg,93.3218626457656,15.599548109803
128,206_fs1-00008.jpg,92.8473051967195,15.494493809212
129,206_fs1-00008.jpg,92.3772318522609,15.3808035869402
130,206_fs1-00008.jpg,91.911889874671,15.2582090409601
131,206_fs1-00008.jpg,91.4515265262313,15.126441769244
132,206_fs1-00008.jpg,90.9963890692232,14.9852333697644
133,206_fs1-00008.jpg,90.546724765928,14.8343154404936
134,206_fs1-00008.jpg,90.1027808786272,14.6734195794042
135,206_fs1-00008.jpg,89.6648046696022,14.5022773844684
136,206_fs1-00008.jpg,89.2330434011343,14.3206204536588
137,206_fs1-00008.jpg,88.8049687546496,14.1282002678465
138,206_fs1-00008.jpg,88.371764545837,13.9250122905184
139,206_fs1-00008.jpg,87.9338174690581,13.7112157148344
140,206_fs1-00008.jpg,87.4923248440983,13.4869727613849
141,206_fs1-00008.jpg,87.048483990743,13.2524456507604
142,206_fs1-00008.jpg,86.6034922287779,13.0077966035512
143,206_fs1-00008.jpg,86.1585468779884,12.7531878403479
144,206_fs1-00008.jpg,85.7148452581599,12.4887815817408
145,206_fs1-00008.jpg,85.273584689078,12.2147400483203
146,206_fs1-00008.jpg,84.8359624905282,11.931225460677
147,206_fs1-00008.jpg,84.4031759822959,11.6384000394011
148,206_fs1-00008.jpg,83.9764224841666,11.3364260050832
149,206_fs1-00008.jpg,83.5568993159259,11.0254655783136
150,206_fs1-00008.jpg,83.1458037973592,10.7056809796829
151,206_fs1-00008.jpg,82.7443332482521,10.3772344297813
152,206_fs1-00008.jpg,82.3536849883899,10.0402881491994
153,206_fs1-00008.jpg,81.9750563375582,9.6950043585276
154,206_fs1-00008.jpg,81.6096446155425,9.34154527835628
155,206_fs1-00008.jpg,81.2586471421283,8.98007312927589
156,206_fs1-00008.jpg,80.9232612371011,8.61075013187684
157,206_fs1-00008.jpg,80.6046842202463,8.2337385067496
158,206_fs1-00008.jpg,80.3041134113495,7.84920047448455
159,206_fs1-00008.jpg,80.0227461301961,7.45729825567213
160,206_fs1-00008.jpg,79.7617796965716,7.05819407090277
161,206_fs1-00008.jpg,79.5224114302616,6.65205014076693
162,206_fs1-00008.jpg,79.3053671675183,6.23902882709268
163,206_fs1-00008.jpg,79.0954779773264,5.81932429217437
164,206_fs1-00008.jpg,78.8854723212693,5.39320258429242
165,206_fs1-00008.jpg,78.6760229453496,4.96093962494129
166,206_fs1-00008.jpg,78.4678025955701,4.52281133561539
167,206_fs1-00008.jpg,78.2614840179332,4.07909363780914
168,206_fs1-00008.jpg,78.0577399584416,3.63006245301696
169,206_fs1-00008.jpg,77.8572431630979,3.17599370273325
170,206_fs1-00008.jpg,77.6606663779045,2.71716330845248
171,206_fs1-00008.jpg,77.4686823488642,2.25384719166902
172,206_fs1-00008.jpg,77.2819638219795,1.78632127387735
173,206_fs1-00008.jpg,77.1011835432529,1.31486147657185
174,206_fs1-00008.jpg,76.9270142586872,0.839743721246947
175,206_fs1-00008.jpg,76.7601287142847,0.361243929397091
176,206_fs1-00008.jpg,76.6011996560483,-0.120361977483327
177,206_fs1-00008.jpg,76.4508998299803,-0.604798077899886
178,206_fs1-00008.jpg,76.3099019820835,-1.09178845035814
179,206_fs1-00008.jpg,76.1788788583603,-1.58105717336366
180,206_fs1-00008.jpg,76.0585032048135,-2.07232832542206
181,206_fs1-00008.jpg,75.9494477674456,-2.5653259850389
182,206_fs1-00008.jpg,75.8523852922591,-3.05977423071974
183,206_fs1-00008.jpg,75.7679885252567,-3.55539714097017
184,206_fs1-00008.jpg,75.6969302124409,-4.05191879429577
185,206_fs1-00008.jpg,75.6398830998143,-4.54906326920215
186,206_fs1-00008.jpg,75.5975199333795,-5.04655464419483
187,206_fs1-00008.jpg,75.5705134591391,-5.54411699777941
188,206_fs1-00008.jpg,75.5595364230958,-6.04147440846145
189,206_fs1-00008.jpg,75.5642589362641,-6.53835095474659
190,206_fs1-00008.jpg,75.582957642932,-7.03447071514034
191,206_fs1-00008.jpg,75.6152542513405,-7.52955776814832
192,206_fs1-00008.jpg,75.6608041894723,-8.02333619227608
193,206_fs1-00008.jpg,75.7192628853105,-8.51553006602919
194,206_fs1-00008.jpg,75.7902857668377,-9.00586346791326
195,206_fs1-00008.jpg,75.873528262037,-9.49406047643387
196,206_fs1-00008.jpg,75.9686457988911,-9.97984517009655
197,206_fs1-00008.jpg,76.075293805383,-10.4629416274069
198,206_fs1-00008.jpg,76.1931277094953,-10.9430739268705
199,206_fs1-00008.jpg,76.3218029392112,-11.419966146993
200,206_fs1-00008.jpg,76.4609749225135,-11.8933423662799
1,206_fs1-00009.jpg,166.852634544942,8.79981063456532
2,206_fs1-00009.jpg,166.365493578141,8.88265590679589
3,206_fs1-00009.jpg,165.878324440007,8.96607595767827
4,206_fs1-00009.jpg,165.391127115417,9.05005223570205
5,206_fs1-00009.jpg,164.903901589251,9.13456618935678
6,206_fs1-00009.jpg,164.416647846386,9.21959926713205
7,206_fs1-00009.jpg,163.929365871703,9.30513291751745
8,206_fs1-00009.jpg,163.442055650078,9.39114858900257
9,206_fs1-00009.jpg,162.954717166392,9.47762773007693
10,206_fs1-00009.jpg,162.467350405521,9.56455178923017
11,206_fs1-00009.jpg,161.979955352346,9.65190221495183
12,206_fs1-00009.jpg,161.492531991744,9.73966045573152
13,206_fs1-00009.jpg,161.005080308594,9.82780796005881
14,206_fs1-00009.jpg,160.517600287775,9.91632617642324
15,206_fs1-00009.jpg,160.030091914166,10.0051965533144
16,206_fs1-00009.jpg,159.542555172644,10.0944005392219
17,206_fs1-00009.jpg,159.054990048088,10.1839195826354
18,206_fs1-00009.jpg,158.567396525377,10.2737351320443
19,206_fs1-00009.jpg,158.079774589391,10.3638286359382
20,206_fs1-00009.jpg,157.592124225006,10.4541815428069
21,206_fs1-00009.jpg,157.104445417102,10.5447753011397
22,206_fs1-00009.jpg,156.616738150557,10.6355913594263
23,206_fs1-00009.jpg,156.12900241025,10.7266111661563
24,206_fs1-00009.jpg,155.641238181059,10.8178161698192
25,206_fs1-00009.jpg,155.153445447864,10.9091878189047
26,206_fs1-00009.jpg,154.665624195542,11.0007075619023
27,206_fs1-00009.jpg,154.177774408972,11.0923568473016
28,206_fs1-00009.jpg,153.689896073034,11.1841171235921
29,206_fs1-00009.jpg,153.201989172604,11.2759698392635
30,206_fs1-00009.jpg,152.714053692562,11.3678964428053
31,206_fs1-00009.jpg,152.226089617787,11.4598783827071
32,206_fs1-00009.jpg,151.738096933157,11.5518971074585
33,206_fs1-00009.jpg,151.250075623551,11.643934065549
34,206_fs1-00009.jpg,150.762025673847,11.7359707054683
35,206_fs1-00009.jpg,150.273947068923,11.827988475706
36,206_fs1-00009.jpg,149.78583979366,11.9199688247514
37,206_fs1-00009.jpg,149.297703832934,12.0118932010944
38,206_fs1-00009.jpg,148.809539171624,12.1037430532244
39,206_fs1-00009.jpg,148.32134579461,12.195499829631
40,206_fs1-00009.jpg,147.833123686769,12.2871449788039
41,206_fs1-00009.jpg,147.344872832981,12.3786599492325
42,206_fs1-00009.jpg,146.856619907048,12.4700261894065
43,206_fs1-00009.jpg,146.368439455065,12.5612251478154
44,206_fs1-00009.jpg,145.880328602215,12.6522382729489
45,206_fs1-00009.jpg,145.392279252988,12.7430470132964
46,206_fs1-00009.jpg,144.904283311879,12.8336328173476
47,206_fs1-00009.jpg,144.416332683377,12.9239771335921
48,206_fs1-00009.jpg,143.928419271977,13.0140614105194
49,206_fs1-00009.jpg,143.440534982169,13.1038670966192
50,206_fs1-00009.jpg,142.952671718446,13.1933756403809
51,206_fs1-00009.jpg,142.464821385301,13.2825684902942
52,206_fs1-00009.jpg,141.976975887225,13.3714270948486
53,206_fs1-00009.jpg,141.489127128711,13.4599329025337
54,206_fs1-00009.jpg,141.00126701425,13.5480673618391
55,206_fs1-00009.jpg,140.513387448335,13.6358119212545
56,206_fs1-00009.jpg,140.025480335458,13.7231480292693
57,206_fs1-00009.jpg,139.537537580112,13.8100571343731
58,206_fs1-00009.jpg,139.049551086788,13.8965206850555
59,206_fs1-00009.jpg,138.561512759978,13.9825201298062
60,206_fs1-00009.jpg,138.073414504176,14.0680369171146
61,206_fs1-00009.jpg,137.585248223872,14.1530524954703
62,206_fs1-00009.jpg,137.097005823559,14.237548313363
63,206_fs1-00009.jpg,136.608679207729,14.3215058192822
64,206_fs1-00009.jpg,136.120260280875,14.4049064617175
65,206_fs1-00009.jpg,135.631740947489,14.4877316891584
66,206_fs1-00009.jpg,135.143113112062,14.5699629500946
67,206_fs1-00009.jpg,134.654368679087,14.6515816930156
68,206_fs1-00009.jpg,134.165499553056,14.732569366411
69,206_fs1-00009.jpg,133.676497638461,14.8129074187704
70,206_fs1-00009.jpg,133.187354839795,14.8925772985833
71,206_fs1-00009.jpg,132.69806306155,14.9715604543394
72,206_fs1-00009.jpg,132.208614208217,15.0498383345282
73,206_fs1-00009.jpg,131.719000184289,15.1273923876392
74,206_fs1-00009.jpg,131.229212894258,15.2042040621622
75,206_fs1-00009.jpg,130.739244242617,15.2802548065866
76,206_fs1-00009.jpg,130.249086133856,15.355526069402
77,206_fs1-00009.jpg,129.75873047247,15.429999299098
78,206_fs1-00009.jpg,129.268169162949,15.5036559441642
79,206_fs1-00009.jpg,128.777394109786,15.5764774530901
80,206_fs1-00009.jpg,128.286397217473,15.6484452743654
81,206_fs1-00009.jpg,127.795170390503,15.7195408564797
82,206_fs1-00009.jpg,127.303705533367,15.7897456479224
83,206_fs1-00009.jpg,126.811978772323,15.8590410002572
84,206_fs1-00009.jpg,126.319830507894,15.9274040256321
85,206_fs1-00009.jpg,125.827236772053,15.9948060396508
86,206_fs1-00009.jpg,125.334217167694,16.0612179399797
87,206_fs1-00009.jpg,124.84079129771,16.1266106242853
88,206_fs1-00009.jpg,124.346978764994,16.190954990234
89,206_fs1-00009.jpg,123.85279917244,16.2542219354922
90,206_fs1-00009.jpg,123.358272122939,16.3163823577265
91,206_fs1-00009.jpg,122.863417219386,16.3774071546032
92,206_fs1-00009.jpg,122.368254064674,16.4372672237888
93,206_fs1-00009.jpg,121.872802261696,16.4959334629498
94,206_fs1-00009.jpg,121.377081413345,16.5533767697526
95,206_fs1-00009.jpg,120.881111122514,16.6095680418636
96,206_fs1-00009.jpg,120.384910992096,16.6644781769493
97,206_fs1-00009.jpg,119.888500624985,16.7180780726762
98,206_fs1-00009.jpg,119.391899624074,16.7703386267106
99,206_fs1-00009.jpg,118.895127592256,16.8212307367192
100,206_fs1-00009.jpg,118.398204132424,16.8707253003682
101,206_fs1-00009.jpg,117.901148847472,16.9187932153241
102,206_fs1-00009.jpg,117.403981340291,16.9654053792535
103,206_fs1-00009.jpg,116.906721213777,17.0105326898227
104,206_fs1-00009.jpg,116.409388070821,17.0541460446982
105,206_fs1-00009.jpg,115.912001514318,17.0962163415464
106,206_fs1-00009.jpg,115.414581147159,17.1367144780338
107,206_fs1-00009.jpg,114.917146572239,17.1756113518269
108,206_fs1-00009.jpg,114.419717392451,17.212877860592
109,206_fs1-00009.jpg,113.922313210687,17.2484849019957
110,206_fs1-00009.jpg,113.424953629841,17.2824033737044
111,206_fs1-00009.jpg,112.927658252807,17.3146041733845
112,206_fs1-00009.jpg,112.430446682476,17.3450581987024
113,206_fs1-00009.jpg,111.933338521743,17.3737363473247
114,206_fs1-00009.jpg,111.436353373501,17.4006095169178
115,206_fs1-00009.jpg,110.939510840642,17.4256486051481
116,206_fs1-00009.jpg,110.442830526061,17.4488245096821
117,206_fs1-00009.jpg,109.946332032649,17.4701081281862
118,206_fs1-00009.jpg,109.450034963301,17.4894703583269
119,206_fs1-00009.jpg,108.953958920909,17.5068820977706
120,206_fs1-00009.jpg,108.458123508367,17.5223142441837
121,206_fs1-00009.jpg,107.962548328568,17.5357376952328
122,206_fs1-00009.jpg,107.467252984405,17.5471233485843
123,206_fs1-00009.jpg,106.972257078771,17.5564421019045
124,206_fs1-00009.jpg,106.47758021456,17.5636648528601
125,206_fs1-00009.jpg,105.983241994664,17.5687624991173
126,206_fs1-00009.jpg,105.489262021977,17.5717059383427
127,206_fs1-00009.jpg,104.995659899392,17.5724660682027
128,206_fs1-00009.jpg,104.502455229801,17.5710137863638
129,206_fs1-00009.jpg,104.0096676161,17.5673199904924
130,206_fs1-00009.jpg,103.517316661179,17.561355578255
131,206_fs1-00009.jpg,103.025421967933,17.5530914473179
132,206_fs1-00009.jpg,102.534003139255,17.5424984953477
133,206_fs1-00009.jpg,102.043079778038,17.5295476200108
134,206_fs1-00009.jpg,101.552671487176,17.5142097189737
135,206_fs1-00009.jpg,101.06279786956,17.4964556899027
136,206_fs1-00009.jpg,100.573478528085,17.4762564304645
137,206_fs1-00009.jpg,100.08470812898,17.4535828180775
138,206_fs1-00009.jpg,99.5931462317743,17.4283718286719
139,206_fs1-00009.jpg,99.0967534742488,17.4004572777612
140,206_fs1-00009.jpg,98.5959866885596,17.3696534301243
141,206_fs1-00009.jpg,98.0913027068631,17.3357745505403
142,206_fs1-00009.jpg,97.5831583613158,17.2986349037881
143,206_fs1-00009.jpg,97.0720104840742,17.2580487546468
144,206_fs1-00009.jpg,96.5583159072946,17.2138303678954
145,206_fs1-00009.jpg,96.0425314631337,17.165794008313
146,206_fs1-00009.jpg,95.5251139837478,17.1137539406786
147,206_fs1-00009.jpg,95.0065203012934,17.0575244297712
148,206_fs1-00009.jpg,94.487207247927,16.9969197403699
149,206_fs1-00009.jpg,93.967631655805,16.9317541372536
150,206_fs1-00009.jpg,93.4482503570839,16.8618418852013
151,206_fs1-00009.jpg,92.9295201839202,16.7869972489922
152,206_fs1-00009.jpg,92.4118979684703,16.7070344934053
153,206_fs1-00009.jpg,91.8958405428908,16.6217678832195
154,206_fs1-00009.jpg,91.3818047393379,16.5310116832139
155,206_fs1-00009.jpg,90.8702473899683,16.4345801581675
156,206_fs1-00009.jpg,90.3616253269383,16.3322875728594
157,206_fs1-00009.jpg,89.8563953824045,16.2239481920686
158,206_fs1-00009.jpg,89.3550143885233,16.109376280574
159,206_fs1-00009.jpg,88.8579391774512,15.9883861031548
160,206_fs1-00009.jpg,88.3656265813446,15.86079192459
161,206_fs1-00009.jpg,87.87853343236,15.7264080096585
162,206_fs1-00009.jpg,87.3971165626539,15.5850486231394
163,206_fs1-00009.jpg,86.9218328043826,15.4365280298118
164,206_fs1-00009.jpg,86.4531389897028,15.2806604944547
165,206_fs1-00009.jpg,85.9914919507708,15.117260281847
166,206_fs1-00009.jpg,85.5373485197431,14.9461416567678
167,206_fs1-00009.jpg,85.0911655287762,14.7671188839963
168,206_fs1-00009.jpg,84.6533998100265,14.5800062283112
169,206_fs1-00009.jpg,84.2245081956505,14.3846179544918
170,206_fs1-00009.jpg,83.8049475178047,14.180768327317
171,206_fs1-00009.jpg,83.3951746086455,13.9682716115659
172,206_fs1-00009.jpg,82.9956463003294,13.7469420720174
173,206_fs1-00009.jpg,82.6068194250129,13.5165939734506
174,206_fs1-00009.jpg,82.2290904313015,13.2770415806446
175,206_fs1-00009.jpg,81.8582997659746,13.0280991583783
176,206_fs1-00009.jpg,81.4917475877153,12.7695809714308
177,206_fs1-00009.jpg,81.1295091635509,12.5013012845811
178,206_fs1-00009.jpg,80.7716597605084,12.2230743626083
179,206_fs1-00009.jpg,80.4182746456149,11.9347144702913
180,206_fs1-00009.jpg,80.0694290858974,11.6360358724093
181,206_fs1-00009.jpg,79.725198348383,11.3268528337411
182,206_fs1-00009.jpg,79.3856577000988,11.0069796190659
183,206_fs1-00009.jpg,79.0508824080718,10.6762304931626
184,206_fs1-00009.jpg,78.7209477393291,10.3344197208104
185,206_fs1-00009.jpg,78.3959289608978,9.98136156678822
186,206_fs1-00009.jpg,78.0759013398049,9.61687029587506
187,206_fs1-00009.jpg,77.7609401430775,9.24076017285
188,206_fs1-00009.jpg,77.4511206377427,8.85284546249204
189,206_fs1-00009.jpg,77.1465180908275,8.45294042958022
190,206_fs1-00009.jpg,76.847207769359,8.04085933889354
191,206_fs1-00009.jpg,76.5532649403643,7.61641645521107
192,206_fs1-00009.jpg,76.2647648708704,7.17942604331179
193,206_fs1-00009.jpg,75.9817828279044,6.7297023679748
194,206_fs1-00009.jpg,75.7043940784934,6.26705969397904
195,206_fs1-00009.jpg,75.4326738896644,5.79131228610359
196,206_fs1-00009.jpg,75.1666975284445,5.30227440912745
197,206_fs1-00009.jpg,74.9065402618608,4.79976032782966
198,206_fs1-00009.jpg,74.6522773569403,4.28358430698927
199,206_fs1-00009.jpg,74.4039840807101,3.75356061138524
200,206_fs1-00009.jpg,74.1617357001973,3.20950350579668
1,206_fs1-00010.jpg,177.897999436461,5.23824399607568
2,206_fs1-00010.jpg,177.457970376378,5.44530779336245
3,206_fs1-00010.jpg,177.017477434956,5.65012316765072
4,206_fs1-00010.jpg,176.576520364745,5.85269448462415
5,206_fs1-00010.jpg,176.135098918293,6.05302610996637
6,206_fs1-00010.jpg,175.693212848151,6.25112240936105
7,206_fs1-00010.jpg,175.250861906867,6.44698774849184
8,206_fs1-00010.jpg,174.808045846991,6.64062649304233
9,206_fs1-00010.jpg,174.364764421072,6.83204300869619
10,206_fs1-00010.jpg,173.92101738166,7.02124166113705
11,206_fs1-00010.jpg,173.476804481303,7.20822681604858
12,206_fs1-00010.jpg,173.032125472551,7.39300283911442
13,206_fs1-00010.jpg,172.586980107953,7.57557409601816
14,206_fs1-00010.jpg,172.141368140059,7.75594495244349
15,206_fs1-00010.jpg,171.695289321418,7.93411977407402
16,206_fs1-00010.jpg,171.248743404579,8.11010292659344
17,206_fs1-00010.jpg,170.801730142092,8.28389877568534
18,206_fs1-00010.jpg,170.354249286505,8.45551168703338
19,206_fs1-00010.jpg,169.906300590368,8.6249460263212
20,206_fs1-00010.jpg,169.45788380623,8.79220615923245
21,206_fs1-00010.jpg,169.008998686641,8.95729645145076
22,206_fs1-00010.jpg,168.559644984151,9.12022126865978
23,206_fs1-00010.jpg,168.109822451307,9.28098497654315
24,206_fs1-00010.jpg,167.65953084066,9.43959194078451
25,206_fs1-00010.jpg,167.208769904758,9.5960465270675
26,206_fs1-00010.jpg,166.757539396152,9.75035310107575
27,206_fs1-00010.jpg,166.30583906739,9.90251602849293
28,206_fs1-00010.jpg,165.853668671022,10.0525396750027
29,206_fs1-00010.jpg,165.401027959597,10.2004284062886
30,206_fs1-00010.jpg,164.947916685664,10.3461865880343
31,206_fs1-00010.jpg,164.494334601773,10.4898185859236
32,206_fs1-00010.jpg,164.040281460473,10.6313287656399
33,206_fs1-00010.jpg,163.585757014312,10.770721492867
34,206_fs1-00010.jpg,163.130761015842,10.9080011332886
35,206_fs1-00010.jpg,162.67529321761,11.0431720525881
36,206_fs1-00010.jpg,162.219353372166,11.1762386164494
37,206_fs1-00010.jpg,161.762941232059,11.307205190556
38,206_fs1-00010.jpg,161.30605654984,11.4360761405915
39,206_fs1-00010.jpg,160.848699078056,11.5628558322397
40,206_fs1-00010.jpg,160.390868569257,11.6875486311841
41,206_fs1-00010.jpg,159.932564775993,11.8101589031084
42,206_fs1-00010.jpg,159.473787450813,11.9306910136962
43,206_fs1-00010.jpg,159.014536346266,12.0491493286312
44,206_fs1-00010.jpg,158.554811214901,12.165538213597
45,206_fs1-00010.jpg,158.094611809269,12.2798620342773
46,206_fs1-00010.jpg,157.633937881917,12.3921251563557
47,206_fs1-00010.jpg,157.172789185395,12.5023319455158
48,206_fs1-00010.jpg,156.711165472253,12.6104867674413
49,206_fs1-00010.jpg,156.248941362749,12.7165939878158
50,206_fs1-00010.jpg,155.785871328209,12.820657972323
51,206_fs1-00010.jpg,155.321970913429,12.9226830866465
52,206_fs1-00010.jpg,154.857263646317,13.02267369647
53,206_fs1-00010.jpg,154.39177305478,13.120634167477
54,206_fs1-00010.jpg,153.925522666724,13.2165688653512
55,206_fs1-00010.jpg,153.458536010056,13.3104821557764
56,206_fs1-00010.jpg,152.990836612683,13.402378404436
57,206_fs1-00010.jpg,152.522448002513,13.4922619770138
58,206_fs1-00010.jpg,152.053393707452,13.5801372391934
59,206_fs1-00010.jpg,151.583697255406,13.6660085566584
60,206_fs1-00010.jpg,151.113382174284,13.7498802950925
61,206_fs1-00010.jpg,150.642471991992,13.8317568201794
62,206_fs1-00010.jpg,150.170990236436,13.9116424976025
63,206_fs1-00010.jpg,149.698960435525,13.9895416930457
64,206_fs1-00010.jpg,149.226406117164,14.0654587721926
65,206_fs1-00010.jpg,148.75335080926,14.1393981007267
66,206_fs1-00010.jpg,148.279818039722,14.2113640443317
67,206_fs1-00010.jpg,147.805831336455,14.2813609686913
68,206_fs1-00010.jpg,147.331414227366,14.3493932394891
69,206_fs1-00010.jpg,146.856590240363,14.4154652224088
70,206_fs1-00010.jpg,146.381382903352,14.4795812831339
71,206_fs1-00010.jpg,145.90581574424,14.5417457873482
72,206_fs1-00010.jpg,145.429912290935,14.6019631007353
73,206_fs1-00010.jpg,144.953696071343,14.6602375889788
74,206_fs1-00010.jpg,144.477190613371,14.7165736177623
75,206_fs1-00010.jpg,144.000419444926,14.7709755527696
76,206_fs1-00010.jpg,143.523406093915,14.8234477596841
77,206_fs1-00010.jpg,143.046174088245,14.8739946041897
78,206_fs1-00010.jpg,142.568746955823,14.9226204519699
79,206_fs1-00010.jpg,142.091148224555,14.9693296687083
80,206_fs1-00010.jpg,141.61340142235,15.0141266200887
81,206_fs1-00010.jpg,141.135530077113,15.0570156717945
82,206_fs1-00010.jpg,140.657557716751,15.0980011895096
83,206_fs1-00010.jpg,140.179507869173,15.1370875389175
84,206_fs1-00010.jpg,139.701404062283,15.1742790857019
85,206_fs1-00010.jpg,139.22326982399,15.2095801955464
86,206_fs1-00010.jpg,138.745128682201,15.2429952341346
87,206_fs1-00010.jpg,138.267004164822,15.2745285671503
88,206_fs1-00010.jpg,137.78891979976,15.304184560277
89,206_fs1-00010.jpg,137.310899114922,15.3319675791983
90,206_fs1-00010.jpg,136.832965638215,15.357881989598
91,206_fs1-00010.jpg,136.355142897547,15.3819321571596
92,206_fs1-00010.jpg,135.877454420823,15.4041224475668
93,206_fs1-00010.jpg,135.399923735952,15.4244572265033
94,206_fs1-00010.jpg,134.922574370839,15.4429408596527
95,206_fs1-00010.jpg,134.445429853392,15.4595777126985
96,206_fs1-00010.jpg,133.968513711518,15.4743721513246
97,206_fs1-00010.jpg,133.491849473123,15.4873285412145
98,206_fs1-00010.jpg,133.015460666115,15.4984512480518
99,206_fs1-00010.jpg,132.539370818401,15.5077446375202
100,206_fs1-00010.jpg,132.063603457887,15.5152130753033
101,206_fs1-00010.jpg,131.588012456837,15.5208686198124
102,206_fs1-00010.jpg,131.112099700108,15.5248074310981
103,206_fs1-00010.jpg,130.63584862982,15.5271775018002
104,206_fs1-00010.jpg,130.159278916329,15.5281275856798
105,206_fs1-00010.jpg,129.682410229993,15.5278064364982
106,206_fs1-00010.jpg,129.205262241167,15.5263628080163
107,206_fs1-00010.jpg,128.727854620208,15.5239454539954
108,206_fs1-00010.jpg,128.250207037472,15.5207031281965
109,206_fs1-00010.jpg,127.772339163315,15.5167845843808
110,206_fs1-00010.jpg,127.294270668094,15.5123385763095
111,206_fs1-00010.jpg,126.816021222164,15.5075138577435
112,206_fs1-00010.jpg,126.337610495883,15.5024591824441
113,206_fs1-00010.jpg,125.859058159607,15.4973233041723
114,206_fs1-00010.jpg,125.380383883692,15.4922549766893
115,206_fs1-00010.jpg,124.901607338494,15.4874029537563
116,206_fs1-00010.jpg,124.422748194369,15.4829159891343
117,206_fs1-00010.jpg,123.943826121674,15.4789428365844
118,206_fs1-00010.jpg,123.464860790766,15.4756322498678
119,206_fs1-00010.jpg,122.985871872,15.4731329827456
120,206_fs1-00010.jpg,122.506879035733,15.4715937889789
121,206_fs1-00010.jpg,122.027901952321,15.4711634223289
122,206_fs1-00010.jpg,121.54896029212,15.4719906365566
123,206_fs1-00010.jpg,121.070073725487,15.4742241854233
124,206_fs1-00010.jpg,120.591261922779,15.4780128226899
125,206_fs1-00010.jpg,120.112544554351,15.4835053021177
126,206_fs1-00010.jpg,119.633941290559,15.4908503774677
127,206_fs1-00010.jpg,119.155471801761,15.5001968025011
128,206_fs1-00010.jpg,118.677155758312,15.5116933309791
129,206_fs1-00010.jpg,118.199012830569,15.5254887166626
130,206_fs1-00010.jpg,117.721062688888,15.5417317133129
131,206_fs1-00010.jpg,117.243325003625,15.560571074691
132,206_fs1-00010.jpg,116.765819445136,15.5821555545582
133,206_fs1-00010.jpg,116.288565683779,15.6066339066755
134,206_fs1-00010.jpg,115.811583389909,15.634154884804
135,206_fs1-00010.jpg,115.334892233883,15.6648672427048
136,206_fs1-00010.jpg,114.858511886057,15.6989197341392
137,206_fs1-00010.jpg,114.382462016786,15.7364611128681
138,206_fs1-00010.jpg,113.906762296429,15.7776401326528
139,206_fs1-00010.jpg,113.43143239534,15.8226055472543
140,206_fs1-00010.jpg,112.956491983877,15.8715061104338
141,206_fs1-00010.jpg,112.481960732395,15.9244905759524
142,206_fs1-00010.jpg,112.007858311251,15.9817076975712
143,206_fs1-00010.jpg,111.534204390801,16.0433062290514
144,206_fs1-00010.jpg,111.061018641402,16.109434924154
145,206_fs1-00010.jpg,110.588320733409,16.1802425366402
146,206_fs1-00010.jpg,110.11613033718,16.2558778202711
147,206_fs1-00010.jpg,109.64446712307,16.3364895288078
148,206_fs1-00010.jpg,109.173350995757,16.4222264116455
149,206_fs1-00010.jpg,108.702962632888,16.5131493668017
150,206_fs1-00010.jpg,108.233415615799,16.6090058471
151,206_fs1-00010.jpg,107.764664705047,16.7094734286064
152,206_fs1-00010.jpg,107.296664661192,16.8142296873869
153,206_fs1-00010.jpg,106.829370244793,16.9229521995077
154,206_fs1-00010.jpg,106.362736216409,17.0353185410349
155,206_fs1-00010.jpg,105.896717336598,17.1510062880344
156,206_fs1-00010.jpg,105.43126836592,17.2696930165723
157,206_fs1-00010.jpg,104.966344064934,17.3910563027148
158,206_fs1-00010.jpg,104.501899194198,17.5147737225278
159,206_fs1-00010.jpg,104.037888514271,17.6405228520775
160,206_fs1-00010.jpg,103.574266785713,17.7679812674299
161,206_fs1-00010.jpg,103.110988769083,17.896826544651
162,206_fs1-00010.jpg,102.648009224939,18.026736259807
163,206_fs1-00010.jpg,102.18528291384,18.1573879889639
164,206_fs1-00010.jpg,101.722764596345,18.2884593081878
165,206_fs1-00010.jpg,101.260409033014,18.4196277935447
166,206_fs1-00010.jpg,100.798170984404,18.5505710211007
167,206_fs1-00010.jpg,100.336005211076,18.6809665669218
168,206_fs1-00010.jpg,99.8738664735881,18.8104920070743
169,206_fs1-00010.jpg,99.4117095324991,18.938824917624
170,206_fs1-00010.jpg,98.9494891483679,19.065642874637
171,206_fs1-00010.jpg,98.4871600817538,19.1906234541796
172,206_fs1-00010.jpg,98.0246770932155,19.3134442323176
173,206_fs1-00010.jpg,97.561994943312,19.4337827851172
174,206_fs1-00010.jpg,97.0990683926023,19.5513166886444
175,206_fs1-00010.jpg,96.6358522016454,19.6657235189653
176,206_fs1-00010.jpg,96.1723011310001,19.776680852146
177,206_fs1-00010.jpg,95.7083699412255,19.8838662642525
178,206_fs1-00010.jpg,95.2440133928804,19.9869573313509
179,206_fs1-00010.jpg,94.779186246524,20.0856316295072
180,206_fs1-00010.jpg,94.313843262715,20.1795667347876
181,206_fs1-00010.jpg,93.8479392020124,20.2684402232581
182,206_fs1-00010.jpg,93.3814288249753,20.3519296709848
183,206_fs1-00010.jpg,92.9142668921625,20.4297126540337
184,206_fs1-00010.jpg,92.446408164133,20.5014667484708
185,206_fs1-00010.jpg,91.9778074014457,20.5668695303624
186,206_fs1-00010.jpg,91.5084193646597,20.6255985757743
187,206_fs1-00010.jpg,91.0381988143338,20.6773314607728
188,206_fs1-00010.jpg,90.5671005110271,20.7217457614238
189,206_fs1-00010.jpg,90.0950626448012,20.7585190537934
190,206_fs1-00010.jpg,89.6218794852161,20.7873289139477
191,206_fs1-00010.jpg,89.1475847265735,20.8078529179528
192,206_fs1-00010.jpg,88.6722845850824,20.8197686418747
193,206_fs1-00010.jpg,88.1960852769516,20.8227536617794
194,206_fs1-00010.jpg,87.7190930183898,20.8164855537332
195,206_fs1-00010.jpg,87.241414025606,20.8006418938019
196,206_fs1-00010.jpg,86.7631545148091,20.7749002580518
197,206_fs1-00010.jpg,86.2844207022077,20.7389382225488
198,206_fs1-00010.jpg,85.805318804011,20.692433363359
199,206_fs1-00010.jpg,85.3259550364276,20.6350632565484
200,206_fs1-00010.jpg,84.8464356156663,20.5665054781833
1,206_fs1-00011.jpg,188.1243542782,4.87757902002608
2,206_fs1-00011.jpg,187.637516437147,5.02870217983121
3,206_fs1-00011.jpg,187.150428362395,5.17937459901435
4,206_fs1-00011.jpg,186.663088648495,5.32957853950461
5,206_fs1-00011.jpg,186.175495889996,5.47929626323108
6,206_fs1-00011.jpg,185.687648681451,5.62851003212293
7,206_fs1-00011.jpg,185.199545617411,5.77720210810926
8,206_fs1-00011.jpg,184.711185292425,5.92535475311922
9,206_fs1-00011.jpg,184.222566301045,6.0729502290819
10,206_fs1-00011.jpg,183.733687237821,6.21997079792644
11,206_fs1-00011.jpg,183.244546697305,6.36639872158199
12,206_fs1-00011.jpg,182.755143274047,6.51221626197764
13,206_fs1-00011.jpg,182.265475562598,6.65740568104255
14,206_fs1-00011.jpg,181.775542157509,6.80194924070582
15,206_fs1-00011.jpg,181.285341653331,6.94582920289659
16,206_fs1-00011.jpg,180.794872644614,7.08902782954397
17,206_fs1-00011.jpg,180.30413372591,7.2315273825771
18,206_fs1-00011.jpg,179.813123491769,7.37331012392511
19,206_fs1-00011.jpg,179.321840536742,7.51435831551711
20,206_fs1-00011.jpg,178.83028345538,7.65465421928224
21,206_fs1-00011.jpg,178.338450842234,7.79418009714962
22,206_fs1-00011.jpg,177.846341291854,7.93291821104836
23,206_fs1-00011.jpg,177.353953398791,8.0708508229076
24,206_fs1-00011.jpg,176.861285757597,8.20796019465647
25,206_fs1-00011.jpg,176.368336962822,8.3442285882241
26,206_fs1-00011.jpg,175.875105609017,8.47963826553959
27,206_fs1-00011.jpg,175.381590290732,8.61417148853209
28,206_fs1-00011.jpg,174.887789602519,8.74781051913075
29,206_fs1-00011.jpg,174.393702138929,8.88053761926463
30,206_fs1-00011.jpg,173.899326494511,9.0123350508629
31,206_fs1-00011.jpg,173.404661263818,9.14318507585466
32,206_fs1-00011.jpg,172.909705041399,9.27306995616908
33,206_fs1-00011.jpg,172.414456421806,9.40197195373526
34,206_fs1-00011.jpg,171.91891399959,9.5298733304823
35,206_fs1-00011.jpg,171.423076369301,9.65675634833934
36,206_fs1-00011.jpg,170.92694212549,9.78260326923555
37,206_fs1-00011.jpg,170.430509862709,9.90739635509999
38,206_fs1-00011.jpg,169.933778175507,10.0311178678618
39,206_fs1-00011.jpg,169.436745658435,10.1537500694502
40,206_fs1-00011.jpg,168.939410906046,10.2752752217942
41,206_fs1-00011.jpg,168.44174895609,10.3956755868229
42,206_fs1-00011.jpg,167.943728891556,10.5149334264656
43,206_fs1-00011.jpg,167.44535731003,10.6330310026512
44,206_fs1-00011.jpg,166.946641124352,10.749950577309
45,206_fs1-00011.jpg,166.447587247361,10.8656744123681
46,206_fs1-00011.jpg,165.948202591898,10.9801847697576
47,206_fs1-00011.jpg,165.448494070803,11.0934639114065
48,206_fs1-00011.jpg,164.948468596914,11.2054940992442
49,206_fs1-00011.jpg,164.448133083071,11.3162575951995
50,206_fs1-00011.jpg,163.947494442115,11.4257366612018
51,206_fs1-00011.jpg,163.446559586886,11.5339135591801
52,206_fs1-00011.jpg,162.945335430222,11.6407705510636
53,206_fs1-00011.jpg,162.443828884963,11.7462898987813
54,206_fs1-00011.jpg,161.94204686395,11.8504538642624
55,206_fs1-00011.jpg,161.439996280022,11.9532447094361
56,206_fs1-00011.jpg,160.937684046019,12.0546446962314
57,206_fs1-00011.jpg,160.435117074781,12.1546360865775
58,206_fs1-00011.jpg,159.932302279146,12.2532011424034
59,206_fs1-00011.jpg,159.429246571956,12.3503221256384
60,206_fs1-00011.jpg,158.925956866049,12.4459812982116
61,206_fs1-00011.jpg,158.422440074266,12.540160922052
62,206_fs1-00011.jpg,157.918703109446,12.6328432590889
63,206_fs1-00011.jpg,157.414752884429,12.7240105712512
64,206_fs1-00011.jpg,156.910596312054,12.8136451204683
65,206_fs1-00011.jpg,156.406240305162,12.901729168669
66,206_fs1-00011.jpg,155.901691776592,12.9882449777828
67,206_fs1-00011.jpg,155.396957639184,13.0731748097385
68,206_fs1-00011.jpg,154.892044805778,13.1565009264654
69,206_fs1-00011.jpg,154.386960189213,13.2382055898926
70,206_fs1-00011.jpg,153.881710702329,13.3182710619492
71,206_fs1-00011.jpg,153.376303257966,13.3966796045644
72,206_fs1-00011.jpg,152.870744768963,13.4734134796672
73,206_fs1-00011.jpg,152.365042148161,13.5484549491867
74,206_fs1-00011.jpg,151.859202308399,13.6217862750522
75,206_fs1-00011.jpg,151.353232162516,13.6933897191928
76,206_fs1-00011.jpg,150.847138623353,13.7632475435375
77,206_fs1-00011.jpg,150.34092860375,13.8313420100155
78,206_fs1-00011.jpg,149.834609016545,13.8976553805559
79,206_fs1-00011.jpg,149.328186774579,13.9621699170878
80,206_fs1-00011.jpg,148.821668790691,14.0248678815404
81,206_fs1-00011.jpg,148.315061977722,14.0857315358429
82,206_fs1-00011.jpg,147.80837324851,14.1447431419242
83,206_fs1-00011.jpg,147.301609515896,14.2018849617136
84,206_fs1-00011.jpg,146.79477769272,14.2571392571401
85,206_fs1-00011.jpg,146.28788469182,14.310488290133
86,206_fs1-00011.jpg,145.780937426038,14.3619143226212
87,206_fs1-00011.jpg,145.273942808212,14.411399616534
88,206_fs1-00011.jpg,144.766907751182,14.4589264338005
89,206_fs1-00011.jpg,144.259831437005,14.5044771727436
90,206_fs1-00011.jpg,143.752478851346,14.5480614668831
91,206_fs1-00011.jpg,143.244749560913,14.5897489099078
92,206_fs1-00011.jpg,142.73666082701,14.6296170851756
93,206_fs1-00011.jpg,142.228229910942,14.6677435760444
94,206_fs1-00011.jpg,141.719474074013,14.7042059658722
95,206_fs1-00011.jpg,141.210410577527,14.7390818380169
96,206_fs1-00011.jpg,140.701056682787,14.7724487758363
97,206_fs1-00011.jpg,140.1914296511,14.8043843626884
98,206_fs1-00011.jpg,139.681546743767,14.8349661819311
99,206_fs1-00011.jpg,139.171425222095,14.8642718169223
100,206_fs1-00011.jpg,138.661082347386,14.8923788510199
101,206_fs1-00011.jpg,138.150535380945,14.9193648675819
102,206_fs1-00011.jpg,137.639801584077,14.9453074499661
103,206_fs1-00011.jpg,137.128898218085,14.9702841815305
104,206_fs1-00011.jpg,136.617842544274,14.994372645633
105,206_fs1-00011.jpg,136.106651823947,15.0176504256314
106,206_fs1-00011.jpg,135.59534331841,15.0401951048838
107,206_fs1-00011.jpg,135.083934288966,15.0620842667481
108,206_fs1-00011.jpg,134.572441996919,15.083395494582
109,206_fs1-00011.jpg,134.060883703574,15.1042063717436
110,206_fs1-00011.jpg,133.549276670235,15.1245944815908
111,206_fs1-00011.jpg,133.037638158205,15.1446374074814
112,206_fs1-00011.jpg,132.52598542879,15.1644127327735
113,206_fs1-00011.jpg,132.014335743293,15.1839980408248
114,206_fs1-00011.jpg,131.502706363019,15.2034709149934
115,206_fs1-00011.jpg,130.991114549272,15.2229089386371
116,206_fs1-00011.jpg,130.479577563355,15.2423896951138
117,206_fs1-00011.jpg,129.968112666574,15.2619907677816
118,206_fs1-00011.jpg,129.456737120232,15.2817897399982
119,206_fs1-00011.jpg,128.945468185633,15.3018641951215
120,206_fs1-00011.jpg,128.434323124082,15.3222917165097
121,206_fs1-00011.jpg,127.923319196883,15.3431498875204
122,206_fs1-00011.jpg,127.41247366534,15.3645162915116
123,206_fs1-00011.jpg,126.901803790757,15.3864685118413
124,206_fs1-00011.jpg,126.391326834439,15.4090841318674
125,206_fs1-00011.jpg,125.88106005769,15.4324407349477
126,206_fs1-00011.jpg,125.371020721813,15.4566159044402
127,206_fs1-00011.jpg,124.861226088113,15.4816872237029
128,206_fs1-00011.jpg,124.351693417895,15.5077322760935
129,206_fs1-00011.jpg,123.842439972462,15.5348286449701
130,206_fs1-00011.jpg,123.333483013118,15.5630539136905
131,206_fs1-00011.jpg,122.824585780851,15.5924864683961
132,206_fs1-00011.jpg,122.314366871245,15.6232222837563
133,206_fs1-00011.jpg,121.802770161122,15.6553744499096
134,206_fs1-00011.jpg,121.289979837912,15.6890567651448
135,206_fs1-00011.jpg,120.776180089049,15.7243830277502
136,206_fs1-00011.jpg,120.261555101964,15.7614670360145
137,206_fs1-00011.jpg,119.746289064088,15.8004225882261
138,206_fs1-00011.jpg,119.230566162854,15.8413634826735
139,206_fs1-00011.jpg,118.714570585694,15.8844035176453
140,206_fs1-00011.jpg,118.198486520039,15.9296564914299
141,206_fs1-00011.jpg,117.682498153322,15.977236202316
142,206_fs1-00011.jpg,117.166789672974,16.027256448592
143,206_fs1-00011.jpg,116.651545266427,16.0798310285464
144,206_fs1-00011.jpg,116.136949121114,16.1350737404677
145,206_fs1-00011.jpg,115.623185424465,16.1930983826444
146,206_fs1-00011.jpg,115.110438363913,16.2540187533652
147,206_fs1-00011.jpg,114.59889212689,16.3179486509184
148,206_fs1-00011.jpg,114.088730900828,16.3850018735926
149,206_fs1-00011.jpg,113.580138873158,16.4552922196764
150,206_fs1-00011.jpg,113.073300231313,16.5289334874581
151,206_fs1-00011.jpg,112.568399162724,16.6060394752265
152,206_fs1-00011.jpg,112.065619854823,16.6867239812698
153,206_fs1-00011.jpg,111.565146495042,16.7711008038768
154,206_fs1-00011.jpg,111.067163270814,16.8592837413358
155,206_fs1-00011.jpg,110.571854369569,16.9513865919355
156,206_fs1-00011.jpg,110.07940397874,17.0475231539643
157,206_fs1-00011.jpg,109.589996285759,17.1478072257107
158,206_fs1-00011.jpg,109.103815478057,17.2523526054633
159,206_fs1-00011.jpg,108.621045743067,17.3612730915106
160,206_fs1-00011.jpg,108.140989361215,17.474682482141
161,206_fs1-00011.jpg,107.662075718658,17.5926945756432
162,206_fs1-00011.jpg,107.184283400102,17.7154231703056
163,206_fs1-00011.jpg,106.70762904567,17.8429820644167
164,206_fs1-00011.jpg,106.232129295484,17.9754850562651
165,206_fs1-00011.jpg,105.757800789668,18.1130459441392
166,206_fs1-00011.jpg,105.284660168345,18.2557785263276
167,206_fs1-00011.jpg,104.812724071636,18.4037966011188
168,206_fs1-00011.jpg,104.342009139665,18.5572139668014
169,206_fs1-00011.jpg,103.872532012555,18.7161444216637
170,206_fs1-00011.jpg,103.404309330428,18.8807017639944
171,206_fs1-00011.jpg,102.937357733407,19.050999792082
172,206_fs1-00011.jpg,102.471693861615,19.2271523042149
173,206_fs1-00011.jpg,102.007334355174,19.4092730986818
174,206_fs1-00011.jpg,101.544295854208,19.597475973771
175,206_fs1-00011.jpg,101.082594998838,19.7918747277712
176,206_fs1-00011.jpg,100.622248429189,19.9925831589708
177,206_fs1-00011.jpg,100.163272785382,20.1997150656584
178,206_fs1-00011.jpg,99.7056847075406,20.4133842461224
179,206_fs1-00011.jpg,99.2495008357872,20.6337044986514
180,206_fs1-00011.jpg,98.7947378102445,20.8607896215339
181,206_fs1-00011.jpg,98.3414122710355,21.0947534130585
182,206_fs1-00011.jpg,97.8895408582828,21.3357096715136
183,206_fs1-00011.jpg,97.4391402121092,21.5837721951877
184,206_fs1-00011.jpg,96.9902269726375,21.8390547823694
185,206_fs1-00011.jpg,96.5428177799904,22.1016712313472
186,206_fs1-00011.jpg,96.0969292742907,22.3717353404096
187,206_fs1-00011.jpg,95.6525780956611,22.6493609078451
188,206_fs1-00011.jpg,95.2097808842244,22.9346617319422
189,206_fs1-00011.jpg,94.7685542801033,23.2277516109894
190,206_fs1-00011.jpg,94.3289149234206,23.5287443432754
191,206_fs1-00011.jpg,93.890879454299,23.8377537270885
192,206_fs1-00011.jpg,93.4544645128614,24.1548935607173
193,206_fs1-00011.jpg,93.0196867392304,24.4802776424503
194,206_fs1-00011.jpg,92.5865627735288,24.814019770576
195,206_fs1-00011.jpg,92.1551092558794,25.1562337433829
196,206_fs1-00011.jpg,91.725342826405,25.5070333591597
197,206_fs1-00011.jpg,91.2972801252282,25.8665324161946
198,206_fs1-00011.jpg,90.8709377924718,26.2348447127764
199,206_fs1-00011.jpg,90.4463324682587,26.6120840471935
200,206_fs1-00011.jpg,90.0234807927114,26.9983642177344
