points,Image,X,Y
1,206_fs2-00001.jpg,62.0709542430485,-48.0847232079815
2,206_fs2-00001.jpg,62.5961650407935,-48.026023785558
3,206_fs2-00001.jpg,63.1213677197823,-47.9676380522346
4,206_fs2-00001.jpg,63.6465622816249,-47.9095569209291
5,206_fs2-00001.jpg,64.1717487279311,-47.8517713045592
6,206_fs2-00001.jpg,64.6969270603108,-47.7942721160429
7,206_fs2-00001.jpg,65.2220972803737,-47.737050268298
8,206_fs2-00001.jpg,65.7472593897298,-47.6800966742422
9,206_fs2-00001.jpg,66.2724133899889,-47.6234022467934
10,206_fs2-00001.jpg,66.7975592827608,-47.5669578988694
11,206_fs2-00001.jpg,67.3226970696555,-47.5107545433879
12,206_fs2-00001.jpg,67.8478267522827,-47.4547830932669
13,206_fs2-00001.jpg,68.3729483322524,-47.3990344614243
14,206_fs2-00001.jpg,68.8980618111744,-47.3434995607775
15,206_fs2-00001.jpg,69.4231671906584,-47.2881693042447
16,206_fs2-00001.jpg,69.9482644723145,-47.2330346047436
17,206_fs2-00001.jpg,70.4733536577525,-47.178086375192
18,206_fs2-00001.jpg,70.9984347485821,-47.1233155285076
19,206_fs2-00001.jpg,71.5235077464133,-47.0687129776084
20,206_fs2-00001.jpg,72.0485726528559,-47.0142696354122
21,206_fs2-00001.jpg,72.5736294695197,-46.9599764148367
22,206_fs2-00001.jpg,73.0986781980147,-46.9058242287999
23,206_fs2-00001.jpg,73.6237188399507,-46.8518039902194
24,206_fs2-00001.jpg,74.1487513969374,-46.7979066120132
25,206_fs2-00001.jpg,74.6737758705849,-46.7441230070988
26,206_fs2-00001.jpg,75.1987922625029,-46.6904440883945
27,206_fs2-00001.jpg,75.7238005743013,-46.6368607688177
28,206_fs2-00001.jpg,76.2488008075899,-46.5833639612865
29,206_fs2-00001.jpg,76.7737929639787,-46.5299445787185
30,206_fs2-00001.jpg,77.2987770450774,-46.4765935340316
31,206_fs2-00001.jpg,77.8237530524959,-46.4233017401436
32,206_fs2-00001.jpg,78.348720987844,-46.3700601099724
33,206_fs2-00001.jpg,78.8736808527318,-46.3168595564358
34,206_fs2-00001.jpg,79.3986326487688,-46.2636909924514
35,206_fs2-00001.jpg,79.9235763775651,-46.2105453309374
36,206_fs2-00001.jpg,80.4485120407305,-46.1574134848112
37,206_fs2-00001.jpg,80.9734396398748,-46.1042863669908
38,206_fs2-00001.jpg,81.4983591766078,-46.0511548903942
39,206_fs2-00001.jpg,82.0232706525396,-45.998009967939
40,206_fs2-00001.jpg,82.5481740692799,-45.9448425125431
41,206_fs2-00001.jpg,83.0730694284384,-45.8916434371242
42,206_fs2-00001.jpg,83.5979567316253,-45.8384036546002
43,206_fs2-00001.jpg,84.1228359804501,-45.7851140778889
44,206_fs2-00001.jpg,84.6477071765229,-45.7317656199081
45,206_fs2-00001.jpg,85.1725703284419,-45.6783491935758
46,206_fs2-00001.jpg,85.6974309773381,-45.6248557118095
47,206_fs2-00001.jpg,86.22229342401,-45.5712760875272
48,206_fs2-00001.jpg,86.7471569324217,-45.5176012336468
49,206_fs2-00001.jpg,87.272020766537,-45.4638220630858
50,206_fs2-00001.jpg,87.7968841903201,-45.4099294887624
51,206_fs2-00001.jpg,88.3217464677349,-45.3559144235941
52,206_fs2-00001.jpg,88.8466068627454,-45.301767780499
53,206_fs2-00001.jpg,89.3714646393157,-45.2474804723947
54,206_fs2-00001.jpg,89.8963190614096,-45.193043412199
55,206_fs2-00001.jpg,90.4211693929912,-45.1384475128298
56,206_fs2-00001.jpg,90.9460148980245,-45.0836836872051
57,206_fs2-00001.jpg,91.4708548404736,-45.0287428482424
58,206_fs2-00001.jpg,91.9956884843023,-44.9736159088596
59,206_fs2-00001.jpg,92.5205150934747,-44.9182937819747
60,206_fs2-00001.jpg,93.0453339319548,-44.8627673805052
61,206_fs2-00001.jpg,93.5701442637066,-44.8070276173692
62,206_fs2-00001.jpg,94.094945352694,-44.7510654054844
63,206_fs2-00001.jpg,94.6197364628812,-44.6948716577686
64,206_fs2-00001.jpg,95.144516858232,-44.6384372871397
65,206_fs2-00001.jpg,95.6692858027104,-44.5817532065153
66,206_fs2-00001.jpg,96.1940425602805,-44.5248103288135
67,206_fs2-00001.jpg,96.7187863949064,-44.4675995669521
68,206_fs2-00001.jpg,97.2435165705518,-44.4101118338486
69,206_fs2-00001.jpg,97.7682323511809,-44.3523380424211
70,206_fs2-00001.jpg,98.2929330007577,-44.2942691055873
71,206_fs2-00001.jpg,98.8176177832461,-44.2358959362651
72,206_fs2-00001.jpg,99.3422859626101,-44.1772094473721
73,206_fs2-00001.jpg,99.8669368028138,-44.1182005518264
74,206_fs2-00001.jpg,100.391569567821,-44.0588601625457
75,206_fs2-00001.jpg,100.916183521596,-43.9991791924479
76,206_fs2-00001.jpg,101.440777928103,-43.9391485544506
77,206_fs2-00001.jpg,101.965352051305,-43.8787591614718
78,206_fs2-00001.jpg,102.489905155167,-43.8180019264293
79,206_fs2-00001.jpg,103.014436503652,-43.7568677622408
80,206_fs2-00001.jpg,103.538945360725,-43.6953475818241
81,206_fs2-00001.jpg,104.06343099035,-43.6334322980973
82,206_fs2-00001.jpg,104.58789265649,-43.5711128239779
83,206_fs2-00001.jpg,105.11232962311,-43.5083800723839
84,206_fs2-00001.jpg,105.636741154174,-43.4452249562331
85,206_fs2-00001.jpg,106.161126513645,-43.3816383884432
86,206_fs2-00001.jpg,106.685484965487,-43.317611281932
87,206_fs2-00001.jpg,107.209815773666,-43.2531345496175
88,206_fs2-00001.jpg,107.734118202144,-43.1881991044174
89,206_fs2-00001.jpg,108.258400702901,-43.1227966149607
90,206_fs2-00001.jpg,108.782716405689,-43.0569360334439
91,206_fs2-00001.jpg,109.307071127877,-42.9906435414771
92,206_fs2-00001.jpg,109.831461476651,-42.9239460655509
93,206_fs2-00001.jpg,110.355884059197,-42.8568705321554
94,206_fs2-00001.jpg,110.880335482701,-42.7894438677814
95,206_fs2-00001.jpg,111.404812354348,-42.721692998919
96,206_fs2-00001.jpg,111.929311281326,-42.653644852059
97,206_fs2-00001.jpg,112.453828870819,-42.5853263536916
98,206_fs2-00001.jpg,112.978361730013,-42.5167644303074
99,206_fs2-00001.jpg,113.502906466095,-42.447986008397
100,206_fs2-00001.jpg,114.027459686251,-42.3790180144504
101,206_fs2-00001.jpg,114.552017997665,-42.3098873749585
102,206_fs2-00001.jpg,115.076578007525,-42.2406210164115
103,206_fs2-00001.jpg,115.601136323017,-42.1712458652999
104,206_fs2-00001.jpg,116.125689551325,-42.1017888481143
105,206_fs2-00001.jpg,116.650234299636,-42.0322768913449
106,206_fs2-00001.jpg,117.174767175136,-41.9627369214824
107,206_fs2-00001.jpg,117.69928478501,-41.8931958650172
108,206_fs2-00001.jpg,118.223783736446,-41.8236806484395
109,206_fs2-00001.jpg,118.748260636628,-41.75421819824
110,206_fs2-00001.jpg,119.272712092742,-41.6848354409092
111,206_fs2-00001.jpg,119.797134711975,-41.6155593029375
112,206_fs2-00001.jpg,120.321525101513,-41.5464167108152
113,206_fs2-00001.jpg,120.84587986854,-41.4774345910329
114,206_fs2-00001.jpg,121.370195620244,-41.408639870081
115,206_fs2-00001.jpg,121.89446896381,-41.34005947445
116,206_fs2-00001.jpg,122.418696506424,-41.2717203306303
117,206_fs2-00001.jpg,122.942874855272,-41.2036493651124
118,206_fs2-00001.jpg,123.46700061754,-41.1358735043868
119,206_fs2-00001.jpg,123.991070400414,-41.0684196749438
120,206_fs2-00001.jpg,124.515080811079,-41.0013148032739
121,206_fs2-00001.jpg,125.039028456722,-40.9345858158677
122,206_fs2-00001.jpg,125.562909944528,-40.8682596392155
123,206_fs2-00001.jpg,126.086721881684,-40.8023631998079
124,206_fs2-00001.jpg,126.610460875375,-40.7369234241351
125,206_fs2-00001.jpg,127.134123532787,-40.6719672386878
126,206_fs2-00001.jpg,127.657706461107,-40.6075215699564
127,206_fs2-00001.jpg,128.181206267519,-40.5436133444312
128,206_fs2-00001.jpg,128.704619559211,-40.4802694886029
129,206_fs2-00001.jpg,129.227942943368,-40.4175169289618
130,206_fs2-00001.jpg,129.751173027175,-40.3553825919983
131,206_fs2-00001.jpg,130.274306417819,-40.2938934042029
132,206_fs2-00001.jpg,130.797339722486,-40.2330762920663
133,206_fs2-00001.jpg,131.320269548361,-40.1729581820785
134,206_fs2-00001.jpg,131.843092502631,-40.1135660007304
135,206_fs2-00001.jpg,132.365805192481,-40.054926674512
136,206_fs2-00001.jpg,132.888404225098,-39.9970671299142
137,206_fs2-00001.jpg,133.410886207667,-39.9400142934273
138,206_fs2-00001.jpg,133.933247747374,-39.8837950915416
139,206_fs2-00001.jpg,134.455485451405,-39.8284364507476
140,206_fs2-00001.jpg,134.977595926946,-39.7739652975359
141,206_fs2-00001.jpg,135.499575781183,-39.7204085583969
142,206_fs2-00001.jpg,136.021422530785,-39.6677931589052
143,206_fs2-00001.jpg,136.544401057242,-39.6160962468353
144,206_fs2-00001.jpg,137.069515385429,-39.5651114008418
145,206_fs2-00001.jpg,137.596567934571,-39.5145898938889
146,206_fs2-00001.jpg,138.125361123894,-39.4642829989404
147,206_fs2-00001.jpg,138.655697372622,-39.4139419889609
148,206_fs2-00001.jpg,139.18737909998,-39.3633181369141
149,206_fs2-00001.jpg,139.720208725194,-39.3121627157644
150,206_fs2-00001.jpg,140.25398866749,-39.2602269984758
151,206_fs2-00001.jpg,140.788521346091,-39.2072622580126
152,206_fs2-00001.jpg,141.323609180223,-39.1530197673385
153,206_fs2-00001.jpg,141.859054589111,-39.0972507994182
154,206_fs2-00001.jpg,142.394659991981,-39.0397066272154
155,206_fs2-00001.jpg,142.930227808057,-38.9801385236944
156,206_fs2-00001.jpg,143.465560456565,-38.9182977618194
157,206_fs2-00001.jpg,144.000460356729,-38.8539356145542
158,206_fs2-00001.jpg,144.534729927775,-38.7868033548633
159,206_fs2-00001.jpg,145.068171588928,-38.7166522557106
160,206_fs2-00001.jpg,145.600587759414,-38.6432335900603
161,206_fs2-00001.jpg,146.131780858456,-38.5662986308766
162,206_fs2-00001.jpg,146.661553305281,-38.4855986511234
163,206_fs2-00001.jpg,147.189707519113,-38.4008849237652
164,206_fs2-00001.jpg,147.716045919178,-38.3119087217657
165,206_fs2-00001.jpg,148.240370924701,-38.2184213180894
166,206_fs2-00001.jpg,148.762484954906,-38.1201739857001
167,206_fs2-00001.jpg,149.28219042902,-38.0169179975622
168,206_fs2-00001.jpg,149.799289766266,-37.9084046266397
169,206_fs2-00001.jpg,150.313585385871,-37.7943851458966
170,206_fs2-00001.jpg,150.824879707059,-37.6746108282973
171,206_fs2-00001.jpg,151.332975149056,-37.5488329468057
172,206_fs2-00001.jpg,151.837674131086,-37.4168027743861
173,206_fs2-00001.jpg,152.338779072375,-37.2782715840024
174,206_fs2-00001.jpg,152.836092392148,-37.132990648619
175,206_fs2-00001.jpg,153.32941650963,-36.9807112411998
176,206_fs2-00001.jpg,153.818553844046,-36.8211846347091
177,206_fs2-00001.jpg,154.303306814621,-36.6541621021109
178,206_fs2-00001.jpg,154.78347784058,-36.4793949163695
179,206_fs2-00001.jpg,155.258870183813,-36.2966343504486
180,206_fs2-00001.jpg,155.730103725576,-36.1056316773129
181,206_fs2-00001.jpg,156.197870289897,-35.9061381699261
182,206_fs2-00001.jpg,156.662224837786,-35.6979051012526
183,206_fs2-00001.jpg,157.123222330252,-35.4806837442563
184,206_fs2-00001.jpg,157.580917728305,-35.2542253719014
185,206_fs2-00001.jpg,158.035365992956,-35.0182812571522
186,206_fs2-00001.jpg,158.486622085214,-34.7726026729726
187,206_fs2-00001.jpg,158.934740966088,-34.5169408923268
188,206_fs2-00001.jpg,159.37977759659,-34.2510471881789
189,206_fs2-00001.jpg,159.821786937729,-33.9746728334931
190,206_fs2-00001.jpg,160.260823950515,-33.6875691012335
191,206_fs2-00001.jpg,160.696943595957,-33.3894872643642
192,206_fs2-00001.jpg,161.130200835066,-33.0801785958493
193,206_fs2-00001.jpg,161.560650628852,-32.759394368653
194,206_fs2-00001.jpg,161.988347938324,-32.4268858557393
195,206_fs2-00001.jpg,162.413347724493,-32.0824043300725
196,206_fs2-00001.jpg,162.835704948368,-31.7257010646167
197,206_fs2-00001.jpg,163.25547457096,-31.3565273323358
198,206_fs2-00001.jpg,163.672711553278,-30.9746344061943
199,206_fs2-00001.jpg,164.087470856332,-30.579773559156
200,206_fs2-00001.jpg,164.499807441133,-30.1716960641851
1,206_fs2-00002.jpg,63.1830045858682,-45.4623882779545
2,206_fs2-00002.jpg,63.7080775390539,-45.4652500761018
3,206_fs2-00002.jpg,64.2331072230762,-45.4694652986489
4,206_fs2-00002.jpg,64.7580938567761,-45.4749725826657
5,206_fs2-00002.jpg,65.2830376589951,-45.4817105652216
6,206_fs2-00002.jpg,65.8079388485742,-45.4896178833863
7,206_fs2-00002.jpg,66.3327976443549,-45.4986331742294
8,206_fs2-00002.jpg,66.8576142651784,-45.5086950748205
9,206_fs2-00002.jpg,67.382388929886,-45.5197422222292
10,206_fs2-00002.jpg,67.9071218573188,-45.5317132535252
11,206_fs2-00002.jpg,68.4318132663182,-45.544546805778
12,206_fs2-00002.jpg,68.9564633757255,-45.5581815160572
13,206_fs2-00002.jpg,69.4810724043818,-45.5725560214325
14,206_fs2-00002.jpg,70.0056405711286,-45.5876089589735
15,206_fs2-00002.jpg,70.530168094807,-45.6032789657497
16,206_fs2-00002.jpg,71.0546551942583,-45.6195046788308
17,206_fs2-00002.jpg,71.5791020883237,-45.6362247352864
18,206_fs2-00002.jpg,72.1035089958445,-45.653377772186
19,206_fs2-00002.jpg,72.6278761356621,-45.6709024265994
20,206_fs2-00002.jpg,73.1522037266176,-45.688737335596
21,206_fs2-00002.jpg,73.6764919875524,-45.7068211362458
22,206_fs2-00002.jpg,74.2007411373077,-45.7250924656179
23,206_fs2-00002.jpg,74.7249513947247,-45.7434899607821
24,206_fs2-00002.jpg,75.2491229786447,-45.7619522588082
25,206_fs2-00002.jpg,75.773256107909,-45.7804179967656
26,206_fs2-00002.jpg,76.2973510013589,-45.798825811724
27,206_fs2-00002.jpg,76.8214078778356,-45.817114340753
28,206_fs2-00002.jpg,77.3454269561803,-45.8352222209222
29,206_fs2-00002.jpg,77.8694084552344,-45.8530880893011
30,206_fs2-00002.jpg,78.3933525938392,-45.8706505829595
31,206_fs2-00002.jpg,78.9172595908357,-45.8878483389669
32,206_fs2-00002.jpg,79.4411296650655,-45.9046199943929
33,206_fs2-00002.jpg,79.9649630353696,-45.9209041863072
34,206_fs2-00002.jpg,80.4887599205894,-45.9366395517793
35,206_fs2-00002.jpg,81.0125205395662,-45.9517647278788
36,206_fs2-00002.jpg,81.5362451111411,-45.9662183516755
37,206_fs2-00002.jpg,82.0599338541555,-45.9799390602388
38,206_fs2-00002.jpg,82.5835869874507,-45.9928654906384
39,206_fs2-00002.jpg,83.1072047298678,-46.0049362799438
40,206_fs2-00002.jpg,83.6307873002482,-46.0160900652248
41,206_fs2-00002.jpg,84.1543349174332,-46.026265483551
42,206_fs2-00002.jpg,84.6778478002639,-46.0354011719917
43,206_fs2-00002.jpg,85.2013261675817,-46.0434357676168
44,206_fs2-00002.jpg,85.7247702382277,-46.0503079074959
45,206_fs2-00002.jpg,86.2481802310434,-46.0559562286986
46,206_fs2-00002.jpg,86.77155636487,-46.0603193682943
47,206_fs2-00002.jpg,87.2948988585486,-46.0633359633529
48,206_fs2-00002.jpg,87.8182079309207,-46.0649446509438
49,206_fs2-00002.jpg,88.3414838008273,-46.0650840681367
50,206_fs2-00002.jpg,88.8647266871099,-46.0636928520012
51,206_fs2-00002.jpg,89.3880610885891,-46.060709639607
52,206_fs2-00002.jpg,89.9116437548466,-46.0560730680235
53,206_fs2-00002.jpg,90.4354490511739,-46.0497217743204
54,206_fs2-00002.jpg,90.9594501695178,-46.0415943955674
55,206_fs2-00002.jpg,91.4836203018253,-46.031629568834
56,206_fs2-00002.jpg,92.0079326400432,-46.01976593119
57,206_fs2-00002.jpg,92.5323603761185,-46.0059421197047
58,206_fs2-00002.jpg,93.0568767019981,-45.9900967714479
59,206_fs2-00002.jpg,93.581454809629,-45.9721685234892
60,206_fs2-00002.jpg,94.106067890958,-45.9520960128982
61,206_fs2-00002.jpg,94.6306891379321,-45.9298178767444
62,206_fs2-00002.jpg,95.1552917424982,-45.9052727520976
63,206_fs2-00002.jpg,95.6798488966031,-45.8783992760273
64,206_fs2-00002.jpg,96.2043337921939,-45.8491360856031
65,206_fs2-00002.jpg,96.7287196212175,-45.8174218178946
66,206_fs2-00002.jpg,97.2529795756207,-45.7831951099716
67,206_fs2-00002.jpg,97.7770868473506,-45.7463945989034
68,206_fs2-00002.jpg,98.3010146283539,-45.7069589217598
69,206_fs2-00002.jpg,98.8247361105776,-45.6648267156103
70,206_fs2-00002.jpg,99.3482244859688,-45.6199366175247
71,206_fs2-00002.jpg,99.8714529464742,-45.5722272645725
72,206_fs2-00002.jpg,100.394394684041,-45.5216372938233
73,206_fs2-00002.jpg,100.917022890615,-45.4681053423466
74,206_fs2-00002.jpg,101.439310758145,-45.4115700472123
75,206_fs2-00002.jpg,101.961231478577,-45.3519700454896
76,206_fs2-00002.jpg,102.482758243857,-45.2892439742484
77,206_fs2-00002.jpg,103.003864245934,-45.2233304705583
78,206_fs2-00002.jpg,103.524522676753,-45.1541681714888
79,206_fs2-00002.jpg,104.044706728261,-45.0816957141097
80,206_fs2-00002.jpg,104.564389592407,-45.0058517354904
81,206_fs2-00002.jpg,105.083544461135,-44.9265748727005
82,206_fs2-00002.jpg,105.602144526394,-44.8438037628098
83,206_fs2-00002.jpg,106.120162980131,-44.7574770428877
84,206_fs2-00002.jpg,106.637573014291,-44.667533350004
85,206_fs2-00002.jpg,107.154347820823,-44.5739113212282
86,206_fs2-00002.jpg,107.670447716548,-44.4765502925722
87,206_fs2-00002.jpg,108.185575099354,-44.375479795206
88,206_fs2-00002.jpg,108.699670720572,-44.2709076416598
89,206_fs2-00002.jpg,109.212809129786,-44.1630625685219
90,206_fs2-00002.jpg,109.725064876582,-44.0521733123803
91,206_fs2-00002.jpg,110.236512510544,-43.9384686098232
92,206_fs2-00002.jpg,110.747226581258,-43.822177197439
93,206_fs2-00002.jpg,111.257281638309,-43.7035278118155
94,206_fs2-00002.jpg,111.766752231282,-43.5827491895412
95,206_fs2-00002.jpg,112.275712909762,-43.460070067204
96,206_fs2-00002.jpg,112.784238223334,-43.335719181392
97,206_fs2-00002.jpg,113.292402721583,-43.2099252686937
98,206_fs2-00002.jpg,113.800280954094,-43.082917065697
99,206_fs2-00002.jpg,114.307947470453,-42.9549233089901
100,206_fs2-00002.jpg,114.815476820244,-42.8261727351612
101,206_fs2-00002.jpg,115.322943553053,-42.6968940807984
102,206_fs2-00002.jpg,115.830422218464,-42.5673160824899
103,206_fs2-00002.jpg,116.337987366063,-42.4376674768238
104,206_fs2-00002.jpg,116.845713545435,-42.3081770003884
105,206_fs2-00002.jpg,117.353675306164,-42.1790733897718
106,206_fs2-00002.jpg,117.861947197837,-42.050585381562
107,206_fs2-00002.jpg,118.370603770038,-41.9229417123475
108,206_fs2-00002.jpg,118.879719572351,-41.7963711187161
109,206_fs2-00002.jpg,119.389369154363,-41.6711023372561
110,206_fs2-00002.jpg,119.899627065658,-41.5473641045556
111,206_fs2-00002.jpg,120.410567855822,-41.4253851572029
112,206_fs2-00002.jpg,120.922266074439,-41.3053942317861
113,206_fs2-00002.jpg,121.434796271094,-41.1876200648933
114,206_fs2-00002.jpg,121.948232995373,-41.0722913931127
115,206_fs2-00002.jpg,122.462597286407,-40.9596319908119
116,206_fs2-00002.jpg,122.977587906013,-40.8497444056163
117,206_fs2-00002.jpg,123.493121966237,-40.7426058802111
118,206_fs2-00002.jpg,124.009171305758,-40.6381878791415
119,206_fs2-00002.jpg,124.525707763258,-40.5364618669528
120,206_fs2-00002.jpg,125.042703177417,-40.4373993081903
121,206_fs2-00002.jpg,125.560129386914,-40.3409716673991
122,206_fs2-00002.jpg,126.077958230431,-40.2471504091243
123,206_fs2-00002.jpg,126.596161546647,-40.1559069979115
124,206_fs2-00002.jpg,127.114711174243,-40.0672128983055
125,206_fs2-00002.jpg,127.633578951898,-39.9810395748519
126,206_fs2-00002.jpg,128.152736718294,-39.8973584920956
127,206_fs2-00002.jpg,128.672156312111,-39.8161411145821
128,206_fs2-00002.jpg,129.191809572028,-39.7373589068565
129,206_fs2-00002.jpg,129.711668336727,-39.6609833334639
130,206_fs2-00002.jpg,130.231704444887,-39.5869858589497
131,206_fs2-00002.jpg,130.751889735188,-39.5153379478591
132,206_fs2-00002.jpg,131.272196046312,-39.4460110647373
133,206_fs2-00002.jpg,131.792595216938,-39.3789766741295
134,206_fs2-00002.jpg,132.313059085746,-39.314206240581
135,206_fs2-00002.jpg,132.833559491418,-39.2516712286369
136,206_fs2-00002.jpg,133.354068272632,-39.1913431028425
137,206_fs2-00002.jpg,133.87455726807,-39.133193327743
138,206_fs2-00002.jpg,134.394998316412,-39.0771933678837
139,206_fs2-00002.jpg,134.915363256337,-39.0233146878097
140,206_fs2-00002.jpg,135.435623926527,-38.9715287520663
141,206_fs2-00002.jpg,135.955752165662,-38.9218070251987
142,206_fs2-00002.jpg,136.475719812421,-38.8741209717521
143,206_fs2-00002.jpg,136.995498705486,-38.8284420562719
144,206_fs2-00002.jpg,137.515060683535,-38.784741743303
145,206_fs2-00002.jpg,138.034377585251,-38.742991497391
146,206_fs2-00002.jpg,138.554203780971,-38.7031460097573
147,206_fs2-00002.jpg,139.076831504492,-38.6649730740651
148,206_fs2-00002.jpg,139.602153819317,-38.6281236394521
149,206_fs2-00002.jpg,140.129883508241,-38.5922468687599
150,206_fs2-00002.jpg,140.659733354057,-38.55699192483
151,206_fs2-00002.jpg,141.191416139556,-38.5220079705041
152,206_fs2-00002.jpg,141.724644647533,-38.4869441686237
153,206_fs2-00002.jpg,142.259131660779,-38.4514496820303
154,206_fs2-00002.jpg,142.794589962088,-38.4151736735656
155,206_fs2-00002.jpg,143.330732334252,-38.377765306071
156,206_fs2-00002.jpg,143.867271560065,-38.3388737423883
157,206_fs2-00002.jpg,144.403920422319,-38.298148145359
158,206_fs2-00002.jpg,144.940391703808,-38.2552376778246
159,206_fs2-00002.jpg,145.476398187323,-38.2097915026267
160,206_fs2-00002.jpg,146.011652655658,-38.1614587826069
161,206_fs2-00002.jpg,146.545867891606,-38.1098886806068
162,206_fs2-00002.jpg,147.078756677959,-38.0547303594679
163,206_fs2-00002.jpg,147.610031797511,-37.9956329820319
164,206_fs2-00002.jpg,148.139406033054,-37.9322457111402
165,206_fs2-00002.jpg,148.666592167381,-37.8642177096345
166,206_fs2-00002.jpg,149.191302983285,-37.7911981403564
167,206_fs2-00002.jpg,149.713251263559,-37.7128361661474
168,206_fs2-00002.jpg,150.232149790996,-37.628780949849
169,206_fs2-00002.jpg,150.747711348388,-37.538681654303
170,206_fs2-00002.jpg,151.259648718529,-37.4421874423509
171,206_fs2-00002.jpg,151.767674684211,-37.3389474768341
172,206_fs2-00002.jpg,152.271502028228,-37.2286109205943
173,206_fs2-00002.jpg,152.770843533371,-37.1108269364732
174,206_fs2-00002.jpg,153.265411982434,-36.9852446873121
175,206_fs2-00002.jpg,153.75492015821,-36.8515133359528
176,206_fs2-00002.jpg,154.239080843491,-36.7092820452369
177,206_fs2-00002.jpg,154.717606821071,-36.5581999780057
178,206_fs2-00002.jpg,155.190210873743,-36.3979162971011
179,206_fs2-00002.jpg,155.657041107594,-36.2280801653644
180,206_fs2-00002.jpg,156.11995919932,-36.0483407456373
181,206_fs2-00002.jpg,156.579236803099,-35.8583472007614
182,206_fs2-00002.jpg,157.034901186563,-35.6577486935783
183,206_fs2-00002.jpg,157.486979617342,-35.4461943869296
184,206_fs2-00002.jpg,157.935499363067,-35.2233334436566
185,206_fs2-00002.jpg,158.380487691371,-34.9888150266012
186,206_fs2-00002.jpg,158.821971869884,-34.7422882986049
187,206_fs2-00002.jpg,159.259979166237,-34.4834024225092
188,206_fs2-00002.jpg,159.694536848061,-34.2118065611557
189,206_fs2-00002.jpg,160.125672182988,-33.9271498773859
190,206_fs2-00002.jpg,160.553412438649,-33.6290815340415
191,206_fs2-00002.jpg,160.977784882675,-33.3172506939641
192,206_fs2-00002.jpg,161.398816782698,-32.9913065199951
193,206_fs2-00002.jpg,161.816535406347,-32.6508981749762
194,206_fs2-00002.jpg,162.230968021256,-32.2956748217491
195,206_fs2-00002.jpg,162.642141895054,-31.925285623155
196,206_fs2-00002.jpg,163.050084295374,-31.5393797420359
197,206_fs2-00002.jpg,163.454822489846,-31.1376063412332
198,206_fs2-00002.jpg,163.856383746101,-30.7196145835883
199,206_fs2-00002.jpg,164.254795331771,-30.2850536319431
200,206_fs2-00002.jpg,164.650084514487,-29.8335726491388
1,206_fs2-00003.jpg,70.1633746431614,-23.694754202628
2,206_fs2-00003.jpg,70.3382879156508,-24.1617316244815
3,206_fs2-00003.jpg,70.5182514275945,-24.6258919723355
4,206_fs2-00003.jpg,70.7031736155406,-25.0872152157452
5,206_fs2-00003.jpg,70.8929629160371,-25.5456813242657
6,206_fs2-00003.jpg,71.0875277656319,-26.0012702674522
7,206_fs2-00003.jpg,71.286776600873,-26.4539620148599
8,206_fs2-00003.jpg,71.4906178583083,-26.9037365360442
9,206_fs2-00003.jpg,71.6989599744859,-27.35057380056
10,206_fs2-00003.jpg,71.9117113859538,-27.7944537779627
11,206_fs2-00003.jpg,72.1287805292599,-28.2353564378075
12,206_fs2-00003.jpg,72.3500758409522,-28.6732617496495
13,206_fs2-00003.jpg,72.5755057575786,-29.1081496830439
14,206_fs2-00003.jpg,72.8049787156872,-29.540000207546
15,206_fs2-00003.jpg,73.0384031518259,-29.968793292711
16,206_fs2-00003.jpg,73.2756875025427,-30.3945089080941
17,206_fs2-00003.jpg,73.5167402043856,-30.8171270232504
18,206_fs2-00003.jpg,73.7614696939025,-31.2366276077351
19,206_fs2-00003.jpg,74.0097844076415,-31.6529906311035
20,206_fs2-00003.jpg,74.2615927821506,-32.0661960629108
21,206_fs2-00003.jpg,74.5168032539776,-32.4762238727121
22,206_fs2-00003.jpg,74.7753242596706,-32.8830540300627
23,206_fs2-00003.jpg,75.0370642357775,-33.2866665045178
24,206_fs2-00003.jpg,75.3019316188464,-33.6870412656324
25,206_fs2-00003.jpg,75.5698348454251,-34.0841582829621
26,206_fs2-00003.jpg,75.8406823520618,-34.4779975260618
27,206_fs2-00003.jpg,76.1143825753044,-34.8685389644866
28,206_fs2-00003.jpg,76.3908439517007,-35.255762567792
29,206_fs2-00003.jpg,76.6699749177989,-35.6396483055332
30,206_fs2-00003.jpg,76.9516839101469,-36.0201761472651
31,206_fs2-00003.jpg,77.2358793652927,-36.3973260625431
32,206_fs2-00003.jpg,77.5224697197843,-36.7710780209224
33,206_fs2-00003.jpg,77.8113634101696,-37.1414119919581
34,206_fs2-00003.jpg,78.1024688729966,-37.5083079452056
35,206_fs2-00003.jpg,78.3956945448132,-37.87174585022
36,206_fs2-00003.jpg,78.6909488621676,-38.2317056765564
37,206_fs2-00003.jpg,78.9910964281012,-38.58816739377
38,206_fs2-00003.jpg,79.2991947291854,-38.9411109714162
39,206_fs2-00003.jpg,79.6149316782341,-39.2905163790501
40,206_fs2-00003.jpg,79.9379927863112,-39.6363635862268
41,206_fs2-00003.jpg,80.2680635644809,-39.9786325625017
42,206_fs2-00003.jpg,80.6048295238072,-40.3173032774297
43,206_fs2-00003.jpg,80.9479761753541,-40.6523557005664
44,206_fs2-00003.jpg,81.2971890301858,-40.9837698014666
45,206_fs2-00003.jpg,81.6521535993662,-41.3115255496858
46,206_fs2-00003.jpg,82.0125553939595,-41.6356029147791
47,206_fs2-00003.jpg,82.3780799250297,-41.9559818663017
48,206_fs2-00003.jpg,82.7484127036408,-42.2726423738088
49,206_fs2-00003.jpg,83.1232392408571,-42.5855644068556
50,206_fs2-00003.jpg,83.5022450477423,-42.8947279349972
51,206_fs2-00003.jpg,83.8851156353608,-43.2001129277889
52,206_fs2-00003.jpg,84.2715365147764,-43.501699354786
53,206_fs2-00003.jpg,84.6611931970534,-43.7994671855435
54,206_fs2-00003.jpg,85.0537711932556,-44.0933963896168
55,206_fs2-00003.jpg,85.4489560144473,-44.383466936561
56,206_fs2-00003.jpg,85.8464331716924,-44.6696587959313
57,206_fs2-00003.jpg,86.245888176055,-44.9519519372828
58,206_fs2-00003.jpg,86.6470065385993,-45.230326330171
59,206_fs2-00003.jpg,87.0494737703891,-45.5047619441507
60,206_fs2-00003.jpg,87.4529753824887,-45.7752387487774
61,206_fs2-00003.jpg,87.8571968859621,-46.0417367136062
62,206_fs2-00003.jpg,88.2618237918733,-46.3042358081923
63,206_fs2-00003.jpg,88.6674007044422,-46.5627106567901
64,206_fs2-00003.jpg,89.0776346736175,-46.8170444401647
65,206_fs2-00003.jpg,89.4928007826398,-47.0670435804397
66,206_fs2-00003.jpg,89.9126760311283,-47.3125121196492
67,206_fs2-00003.jpg,90.3370374187019,-47.5532540998274
68,206_fs2-00003.jpg,90.7656619449795,-47.7890735630082
69,206_fs2-00003.jpg,91.19832660958,-48.019774551226
70,206_fs2-00003.jpg,91.6348084121225,-48.2451611065148
71,206_fs2-00003.jpg,92.0748843522259,-48.4650372709087
72,206_fs2-00003.jpg,92.5183314295091,-48.679207086442
73,206_fs2-00003.jpg,92.9649266435912,-48.8874745951486
74,206_fs2-00003.jpg,93.4144469940911,-49.0896438390628
75,206_fs2-00003.jpg,93.8666694806276,-49.2855188602187
76,206_fs2-00003.jpg,94.3213711028198,-49.4749037006505
77,206_fs2-00003.jpg,94.7783288602866,-49.6576024023921
78,206_fs2-00003.jpg,95.2373197526471,-49.8334190074779
79,206_fs2-00003.jpg,95.6981207795201,-50.0021575579419
80,206_fs2-00003.jpg,96.1605089405246,-50.1636220958182
81,206_fs2-00003.jpg,96.6242612352795,-50.317616663141
82,206_fs2-00003.jpg,97.0891546634039,-50.4639453019444
83,206_fs2-00003.jpg,97.5549662245165,-50.6024120542626
84,206_fs2-00003.jpg,98.0214729182366,-50.7328209621298
85,206_fs2-00003.jpg,98.4884517441829,-50.8549760675798
86,206_fs2-00003.jpg,98.9556797019745,-50.9686814126471
87,206_fs2-00003.jpg,99.4229337912303,-51.0737410393655
88,206_fs2-00003.jpg,99.8899910115692,-51.1699589897694
89,206_fs2-00003.jpg,100.35662836261,-51.257139305893
90,206_fs2-00003.jpg,100.822622843972,-51.3350860297701
91,206_fs2-00003.jpg,101.287751455274,-51.4036032034351
92,206_fs2-00003.jpg,101.751791196135,-51.462494868922
93,206_fs2-00003.jpg,102.21723063502,-51.5115978851673
94,206_fs2-00003.jpg,102.687174784209,-51.5509084684844
95,206_fs2-00003.jpg,103.16118299368,-51.5804711377739
96,206_fs2-00003.jpg,103.638801571145,-51.600330422683
97,206_fs2-00003.jpg,104.119576824316,-51.6105308528587
98,206_fs2-00003.jpg,104.603055060906,-51.6111169579482
99,206_fs2-00003.jpg,105.088782588626,-51.6021332675985
100,206_fs2-00003.jpg,105.57630571519,-51.5836243114566
101,206_fs2-00003.jpg,106.06517074831,-51.5556346191697
102,206_fs2-00003.jpg,106.554923995697,-51.5182087203847
103,206_fs2-00003.jpg,107.045111765065,-51.4713911447488
104,206_fs2-00003.jpg,107.535280364126,-51.415226421909
105,206_fs2-00003.jpg,108.024976100592,-51.3497590815126
106,206_fs2-00003.jpg,108.513745282175,-51.2750336532063
107,206_fs2-00003.jpg,109.001134216587,-51.1910946666375
108,206_fs2-00003.jpg,109.486689211542,-51.097986651453
109,206_fs2-00003.jpg,109.969956574751,-50.9957541373001
110,206_fs2-00003.jpg,110.450482613927,-50.8844416538258
111,206_fs2-00003.jpg,110.927813636782,-50.7640937306772
112,206_fs2-00003.jpg,111.401495951028,-50.6347548975012
113,206_fs2-00003.jpg,111.871075864379,-50.496469683945
114,206_fs2-00003.jpg,112.336099684545,-50.3492826196558
115,206_fs2-00003.jpg,112.79611371924,-50.1932382342805
116,206_fs2-00003.jpg,113.250664276175,-50.0283810574661
117,206_fs2-00003.jpg,113.699297663064,-49.8547556188599
118,206_fs2-00003.jpg,114.141560187618,-49.6724064481089
119,206_fs2-00003.jpg,114.578009156526,-49.4813950910083
120,206_fs2-00003.jpg,115.009878527487,-49.2818627377256
121,206_fs2-00003.jpg,115.437429803763,-49.0739738606633
122,206_fs2-00003.jpg,115.860921735648,-48.8578929350824
123,206_fs2-00003.jpg,116.280613073436,-48.6337844362435
124,206_fs2-00003.jpg,116.696762567419,-48.4018128394076
125,206_fs2-00003.jpg,117.109628967892,-48.1621426198353
126,206_fs2-00003.jpg,117.519471025149,-47.9149382527874
127,206_fs2-00003.jpg,117.926547489481,-47.6603642135247
128,206_fs2-00003.jpg,118.331117111185,-47.3985849773081
129,206_fs2-00003.jpg,118.733438640552,-47.1297650193982
130,206_fs2-00003.jpg,119.133770827876,-46.854068815056
131,206_fs2-00003.jpg,119.532372423451,-46.5716608395421
132,206_fs2-00003.jpg,119.929502177571,-46.2827055681173
133,206_fs2-00003.jpg,120.325418840529,-45.9873674760424
134,206_fs2-00003.jpg,120.720381162619,-45.6858110385782
135,206_fs2-00003.jpg,121.114533546278,-45.3782013830251
136,206_fs2-00003.jpg,121.505563460094,-45.0647845638553
137,206_fs2-00003.jpg,121.892642926935,-44.7459649121948
138,206_fs2-00003.jpg,122.275998507901,-44.422165099184
139,206_fs2-00003.jpg,122.65585676409,-44.0938077959635
140,206_fs2-00003.jpg,123.032444256602,-43.7613156736734
141,206_fs2-00003.jpg,123.405987546537,-43.4251114034543
142,206_fs2-00003.jpg,123.776713194993,-43.0856176564466
143,206_fs2-00003.jpg,124.14484776307,-42.7432571037905
144,206_fs2-00003.jpg,124.510617811868,-42.3984524166266
145,206_fs2-00003.jpg,124.874249902486,-42.0516262660953
146,206_fs2-00003.jpg,125.235970596024,-41.7032013233369
147,206_fs2-00003.jpg,125.596006453579,-41.353600259492
148,206_fs2-00003.jpg,125.954584036253,-41.0032457457007
149,206_fs2-00003.jpg,126.311929905145,-40.6525604531035
150,206_fs2-00003.jpg,126.668270621353,-40.301967052841
151,206_fs2-00003.jpg,127.023832745977,-39.9518882160533
152,206_fs2-00003.jpg,127.378842840117,-39.6027466138812
153,206_fs2-00003.jpg,127.733527464872,-39.2549649174646
154,206_fs2-00003.jpg,128.088113181341,-38.9089657979443
155,206_fs2-00003.jpg,128.442826550624,-38.5651719264604
156,206_fs2-00003.jpg,128.797894133819,-38.2240059741536
157,206_fs2-00003.jpg,129.153542492028,-37.8858906121641
158,206_fs2-00003.jpg,129.509998186348,-37.5512485116325
159,206_fs2-00003.jpg,129.867487777879,-37.2205023436989
160,206_fs2-00003.jpg,130.226237827721,-36.894074779504
161,206_fs2-00003.jpg,130.586474896973,-36.572388490188
162,206_fs2-00003.jpg,130.948425546734,-36.2558661468914
163,206_fs2-00003.jpg,131.312316338104,-35.9449304207545
164,206_fs2-00003.jpg,131.678373832183,-35.6400039829178
165,206_fs2-00003.jpg,132.046824590068,-35.3415095045216
166,206_fs2-00003.jpg,132.417895172861,-35.0498696567066
167,206_fs2-00003.jpg,132.791812141659,-34.7655071106128
168,206_fs2-00003.jpg,133.168802057564,-34.4888445373808
169,206_fs2-00003.jpg,133.549091481673,-34.2203046081509
170,206_fs2-00003.jpg,133.932906975087,-33.9603099940637
171,206_fs2-00003.jpg,134.320475098904,-33.7092833662594
172,206_fs2-00003.jpg,134.712022414225,-33.4676473958785
173,206_fs2-00003.jpg,135.107775482148,-33.2358247540614
174,206_fs2-00003.jpg,135.507960863773,-33.0142381119485
175,206_fs2-00003.jpg,135.912805120199,-32.8033101406801
176,206_fs2-00003.jpg,136.322534812526,-32.6034635113968
177,206_fs2-00003.jpg,136.737376501853,-32.4151208952389
178,206_fs2-00003.jpg,137.15755674928,-32.2387049633467
179,206_fs2-00003.jpg,137.583330702084,-32.0746383868607
180,206_fs2-00003.jpg,138.015573075532,-31.9233438369213
181,206_fs2-00003.jpg,138.454419654728,-31.7852439846689
182,206_fs2-00003.jpg,138.89961407933,-31.6607615012438
183,206_fs2-00003.jpg,139.350899988993,-31.5503190577867
184,206_fs2-00003.jpg,139.808021023372,-31.4543393254376
185,206_fs2-00003.jpg,140.270720822123,-31.3732449753372
186,206_fs2-00003.jpg,140.738743024902,-31.3074586786258
187,206_fs2-00003.jpg,141.211831271363,-31.2574031064437
188,206_fs2-00003.jpg,141.689729201164,-31.2235009299315
189,206_fs2-00003.jpg,142.172180453958,-31.2061748202295
190,206_fs2-00003.jpg,142.658928669403,-31.205847448478
191,206_fs2-00003.jpg,143.149717487153,-31.2229414858176
192,206_fs2-00003.jpg,143.644290546864,-31.2578796033885
193,206_fs2-00003.jpg,144.142391488192,-31.3110844723313
194,206_fs2-00003.jpg,144.643763950792,-31.3829787637863
195,206_fs2-00003.jpg,145.14815157432,-31.4739851488939
196,206_fs2-00003.jpg,145.655297998431,-31.5845262987945
197,206_fs2-00003.jpg,146.164946862782,-31.7150248846285
198,206_fs2-00003.jpg,146.676841807027,-31.8659035775364
199,206_fs2-00003.jpg,147.190726470822,-32.0375850486584
200,206_fs2-00003.jpg,147.706344493824,-32.230491969135
1,206_fs2-00004.jpg,64.5054428313833,-12.9649711651529
2,206_fs2-00004.jpg,64.819913870556,-13.3112571072037
3,206_fs2-00004.jpg,65.1337171879503,-13.6574346877053
4,206_fs2-00004.jpg,65.4468558288599,-14.0035202662446
5,206_fs2-00004.jpg,65.7593328385791,-14.3495302024084
6,206_fs2-00004.jpg,66.0711512624018,-14.6954808557836
7,206_fs2-00004.jpg,66.382314145622,-15.0413885859572
8,206_fs2-00004.jpg,66.6928245335338,-15.387269752516
9,206_fs2-00004.jpg,67.0026854714312,-15.7331407150471
10,206_fs2-00004.jpg,67.3119000046081,-16.0790178331371
11,206_fs2-00004.jpg,67.6204711783586,-16.4249174663732
12,206_fs2-00004.jpg,67.9284020379768,-16.7708559743421
13,206_fs2-00004.jpg,68.2356956287566,-17.1168497166307
14,206_fs2-00004.jpg,68.542354995992,-17.4629150528261
15,206_fs2-00004.jpg,68.8483831849771,-17.809068342515
16,206_fs2-00004.jpg,69.153783241006,-18.1553259452843
17,206_fs2-00004.jpg,69.4585582093724,-18.5017042207211
18,206_fs2-00004.jpg,69.7627111353706,-18.8482195284121
19,206_fs2-00004.jpg,70.0662450642946,-19.1948882279443
20,206_fs2-00004.jpg,70.3691630414383,-19.5417266789047
21,206_fs2-00004.jpg,70.6714681120957,-19.88875124088
22,206_fs2-00004.jpg,70.973163321561,-20.2359782734572
23,206_fs2-00004.jpg,71.2742517151281,-20.5834241362232
24,206_fs2-00004.jpg,71.5747363380909,-20.9311051887649
25,206_fs2-00004.jpg,71.8746202357436,-21.2790377906692
26,206_fs2-00004.jpg,72.1739064533802,-21.6272383015229
27,206_fs2-00004.jpg,72.4725980362946,-21.9757230809132
28,206_fs2-00004.jpg,72.7706980297809,-22.3245084884266
29,206_fs2-00004.jpg,73.0682094791331,-22.6736108836504
30,206_fs2-00004.jpg,73.3651354296452,-23.0230466261712
31,206_fs2-00004.jpg,73.6614789266113,-23.372832075576
32,206_fs2-00004.jpg,73.9572430153253,-23.7229835914519
33,206_fs2-00004.jpg,74.2524307410812,-24.0735175333854
34,206_fs2-00004.jpg,74.5470451491731,-24.4244502609637
35,206_fs2-00004.jpg,74.8410892848951,-24.7757981337737
36,206_fs2-00004.jpg,75.134566193541,-25.1275775114022
37,206_fs2-00004.jpg,75.4274789204051,-25.4798047534361
38,206_fs2-00004.jpg,75.7198305107811,-25.8324962194624
39,206_fs2-00004.jpg,76.0116240099632,-26.1856682690678
40,206_fs2-00004.jpg,76.3028624632454,-26.5393372618394
41,206_fs2-00004.jpg,76.5935489159216,-26.8935195573641
42,206_fs2-00004.jpg,76.8836864132861,-27.2482315152287
43,206_fs2-00004.jpg,77.1732780006326,-27.6034894950201
44,206_fs2-00004.jpg,77.4623267232553,-27.9593098563254
45,206_fs2-00004.jpg,77.7506660457926,-28.3157089587312
46,206_fs2-00004.jpg,78.0380720808857,-28.6727031618247
47,206_fs2-00004.jpg,78.3245701118456,-29.0303088251925
48,206_fs2-00004.jpg,78.6101872697297,-29.3885423084219
49,206_fs2-00004.jpg,78.894950685596,-29.7474199710994
50,206_fs2-00004.jpg,79.178887490502,-30.1069581728121
51,206_fs2-00004.jpg,79.4620248155056,-30.4671732731468
52,206_fs2-00004.jpg,79.7443897916643,-30.8280816316905
53,206_fs2-00004.jpg,80.0260095500361,-31.1896996080301
54,206_fs2-00004.jpg,80.3069112216784,-31.5520435617526
55,206_fs2-00004.jpg,80.5871219376492,-31.9151298524446
56,206_fs2-00004.jpg,80.866668829006,-32.2789748396933
57,206_fs2-00004.jpg,81.1455790268067,-32.6435948830854
58,206_fs2-00004.jpg,81.4238796621089,-33.009006342208
59,206_fs2-00004.jpg,81.7015978659703,-33.3752255766478
60,206_fs2-00004.jpg,81.9787607694487,-33.7422689459918
61,206_fs2-00004.jpg,82.2553955036018,-34.110152809827
62,206_fs2-00004.jpg,82.5315291994873,-34.47889352774
63,206_fs2-00004.jpg,82.8071889881629,-34.8485074593181
64,206_fs2-00004.jpg,83.0824020006863,-35.2190109641479
65,206_fs2-00004.jpg,83.3571953681152,-35.5904204018165
66,206_fs2-00004.jpg,83.6315962215074,-35.9627521319106
67,206_fs2-00004.jpg,83.9056316919206,-36.3360225140173
68,206_fs2-00004.jpg,84.1793289104126,-36.7102479077234
69,206_fs2-00004.jpg,84.4527150080409,-37.0854446726158
70,206_fs2-00004.jpg,84.7258171158633,-37.4616291682814
71,206_fs2-00004.jpg,84.9986623649376,-37.8388177543072
72,206_fs2-00004.jpg,85.2712778863214,-38.2170267902799
73,206_fs2-00004.jpg,85.5436908110726,-38.5962726357866
74,206_fs2-00004.jpg,85.8159087240917,-38.9765716140502
75,206_fs2-00004.jpg,86.0862231332319,-39.3579069145199
76,206_fs2-00004.jpg,86.3537018777834,-39.7401674422941
77,206_fs2-00004.jpg,86.618604731362,-40.1232254438792
78,206_fs2-00004.jpg,86.8811914675837,-40.5069531657819
79,206_fs2-00004.jpg,87.1417218600643,-40.8912228545085
80,206_fs2-00004.jpg,87.4004556824195,-41.2759067565653
81,206_fs2-00004.jpg,87.6576527082653,-41.660877118459
82,206_fs2-00004.jpg,87.9135727112176,-42.046006186696
83,206_fs2-00004.jpg,88.1684754648921,-42.4311662077828
84,206_fs2-00004.jpg,88.4226207429047,-42.8162294282257
85,206_fs2-00004.jpg,88.6762683188713,-43.2010680945312
86,206_fs2-00004.jpg,88.9296779664076,-43.5855544532058
87,206_fs2-00004.jpg,89.1831094591296,-43.969560750756
88,206_fs2-00004.jpg,89.436822570653,-44.3529592336882
89,206_fs2-00004.jpg,89.6910770745938,-44.7356221485088
90,206_fs2-00004.jpg,89.9461327445677,-45.1174217417243
91,206_fs2-00004.jpg,90.2022493541907,-45.4982302598413
92,206_fs2-00004.jpg,90.4596866770784,-45.877919949366
93,206_fs2-00004.jpg,90.7187044868469,-46.256363056805
94,206_fs2-00004.jpg,90.9795625571119,-46.6334318286648
95,206_fs2-00004.jpg,91.2425206614893,-47.0089985114517
96,206_fs2-00004.jpg,91.5078385735949,-47.3829353516722
97,206_fs2-00004.jpg,91.7757760670447,-47.7551145958329
98,206_fs2-00004.jpg,92.0465929154543,-48.1254084904402
99,206_fs2-00004.jpg,92.3205488924397,-48.4936892820004
100,206_fs2-00004.jpg,92.5979037716166,-48.85982921702
101,206_fs2-00004.jpg,92.8789173266011,-49.2237005420057
102,206_fs2-00004.jpg,93.1638493310088,-49.5851755034637
103,206_fs2-00004.jpg,93.4529595584556,-49.9441263479005
104,206_fs2-00004.jpg,93.7465077825575,-50.3004253218227
105,206_fs2-00004.jpg,94.0447537769302,-50.6539446717366
106,206_fs2-00004.jpg,94.3477806777754,-51.00455874644
107,206_fs2-00004.jpg,94.6546048325405,-51.3521937687962
108,206_fs2-00004.jpg,94.9649791342875,-51.6968298709092
109,206_fs2-00004.jpg,95.2788410091563,-52.0384496943981
110,206_fs2-00004.jpg,95.5961278832867,-52.3770358808823
111,206_fs2-00004.jpg,95.9167771828184,-52.7125710719809
112,206_fs2-00004.jpg,96.2407263338912,-53.0450379093132
113,206_fs2-00004.jpg,96.567912762645,-53.3744190344985
114,206_fs2-00004.jpg,96.8982738952196,-53.700697089156
115,206_fs2-00004.jpg,97.2317471577548,-54.0238547149051
116,206_fs2-00004.jpg,97.5682699763904,-54.3438745533647
117,206_fs2-00004.jpg,97.9077797772661,-54.6607392461545
118,206_fs2-00004.jpg,98.2502139865218,-54.9744314348935
119,206_fs2-00004.jpg,98.5955100302974,-55.2849337612009
120,206_fs2-00004.jpg,98.9436053347326,-55.592228866696
121,206_fs2-00004.jpg,99.2944373259672,-55.8962993929981
122,206_fs2-00004.jpg,99.6479434301411,-56.1971279817264
123,206_fs2-00004.jpg,100.004061073394,-56.4946972745002
124,206_fs2-00004.jpg,100.362727681866,-56.7889899129388
125,206_fs2-00004.jpg,100.723880681696,-57.0799885386613
126,206_fs2-00004.jpg,101.087457499025,-57.3676757932871
127,206_fs2-00004.jpg,101.453395559992,-57.6520343184354
128,206_fs2-00004.jpg,101.821632290737,-57.9330467557253
129,206_fs2-00004.jpg,102.192105117401,-58.2106957467763
130,206_fs2-00004.jpg,102.564751466121,-58.4849639332074
131,206_fs2-00004.jpg,102.93950876304,-58.7558339566381
132,206_fs2-00004.jpg,103.316314434295,-59.0232884586875
133,206_fs2-00004.jpg,103.695105906028,-59.2873100809749
134,206_fs2-00004.jpg,104.075820604378,-59.5478814651196
135,206_fs2-00004.jpg,104.458395955484,-59.8049852527408
136,206_fs2-00004.jpg,104.842769385487,-60.0586040854576
137,206_fs2-00004.jpg,105.228878320526,-60.3087206048895
138,206_fs2-00004.jpg,105.616660186742,-60.5553174526556
139,206_fs2-00004.jpg,106.006052410273,-60.7983772703752
140,206_fs2-00004.jpg,106.39699241726,-61.0378826996675
141,206_fs2-00004.jpg,106.789417633843,-61.2738163821519
142,206_fs2-00004.jpg,107.189299828126,-61.5060938244736
143,206_fs2-00004.jpg,107.603856214661,-61.7342819415491
144,206_fs2-00004.jpg,108.031282795819,-61.9578348568633
145,206_fs2-00004.jpg,108.46971909386,-62.1762066366998
146,206_fs2-00004.jpg,108.917304631045,-62.3888513473424
147,206_fs2-00004.jpg,109.372178929634,-62.595223055075
148,206_fs2-00004.jpg,109.832481511889,-62.7947758261815
149,206_fs2-00004.jpg,110.29635190007,-62.9869637269457
150,206_fs2-00004.jpg,110.761929616437,-63.1712408236513
151,206_fs2-00004.jpg,111.227354183251,-63.3470611825823
152,206_fs2-00004.jpg,111.690765122774,-63.5138788700223
153,206_fs2-00004.jpg,112.150301957265,-63.6711479522555
154,206_fs2-00004.jpg,112.604104208985,-63.8183224955654
155,206_fs2-00004.jpg,113.050311400195,-63.9548565662358
156,206_fs2-00004.jpg,113.487063053155,-64.0802042305508
157,206_fs2-00004.jpg,113.912498690127,-64.1938195547942
158,206_fs2-00004.jpg,114.324757833371,-64.2951566052495
159,206_fs2-00004.jpg,114.721980005148,-64.3836694482008
160,206_fs2-00004.jpg,115.102304727718,-64.4588121499319
161,206_fs2-00004.jpg,115.463871523341,-64.5200387767267
162,206_fs2-00004.jpg,115.808509933971,-64.5668033948688
163,206_fs2-00004.jpg,116.149776351158,-64.5985600706422
164,206_fs2-00004.jpg,116.48900638683,-64.6147628703308
165,206_fs2-00004.jpg,116.826061835221,-64.6148658602182
166,206_fs2-00004.jpg,117.160804490563,-64.5983231065883
167,206_fs2-00004.jpg,117.493096147092,-64.5645886757251
168,206_fs2-00004.jpg,117.822798599039,-64.5131166339123
169,206_fs2-00004.jpg,118.14977364064,-64.4433610474336
170,206_fs2-00004.jpg,118.473883066126,-64.3547759825731
171,206_fs2-00004.jpg,118.794988669732,-64.2468155056144
172,206_fs2-00004.jpg,119.112952245691,-64.1189336828415
173,206_fs2-00004.jpg,119.427635588237,-63.9705845805381
174,206_fs2-00004.jpg,119.738900491603,-63.801222264988
175,206_fs2-00004.jpg,120.046608750022,-63.6103008024753
176,206_fs2-00004.jpg,120.350622157729,-63.3972742592834
177,206_fs2-00004.jpg,120.650802508956,-63.1615967016965
178,206_fs2-00004.jpg,120.947011597937,-62.9027221959983
179,206_fs2-00004.jpg,121.239111218906,-62.6201048084725
180,206_fs2-00004.jpg,121.526963166095,-62.3131986054031
181,206_fs2-00004.jpg,121.810429233739,-61.981457653074
182,206_fs2-00004.jpg,122.089371216071,-61.6243360177687
183,206_fs2-00004.jpg,122.363650907325,-61.2412877657713
184,206_fs2-00004.jpg,122.633130101733,-60.8317669633656
185,206_fs2-00004.jpg,122.89767059353,-60.3952276768354
186,206_fs2-00004.jpg,123.157134176949,-59.9311239724645
187,206_fs2-00004.jpg,123.411382646223,-59.4389099165367
188,206_fs2-00004.jpg,123.660277795586,-58.918039575336
189,206_fs2-00004.jpg,123.903681419271,-58.367967015146
190,206_fs2-00004.jpg,124.141455311512,-57.7881463022506
191,206_fs2-00004.jpg,124.373461266543,-57.1780315029337
192,206_fs2-00004.jpg,124.599561078596,-56.5370766834791
193,206_fs2-00004.jpg,124.819616541906,-55.8647359101706
194,206_fs2-00004.jpg,125.033489450706,-55.160463249292
195,206_fs2-00004.jpg,125.241041599228,-54.4237127671273
196,206_fs2-00004.jpg,125.442134781708,-53.6539385299602
197,206_fs2-00004.jpg,125.636630792378,-52.8505946040744
198,206_fs2-00004.jpg,125.824391425471,-52.0131350557539
199,206_fs2-00004.jpg,126.005278475222,-51.1410139512826
200,206_fs2-00004.jpg,126.179153735863,-50.233685356944
1,206_fs2-00005.jpg,41.1598994858401,-6.93134666998964
2,206_fs2-00005.jpg,41.600368513512,-7.13985350525201
3,206_fs2-00005.jpg,42.0403625881311,-7.34636218852751
4,206_fs2-00005.jpg,42.4798818776765,-7.55095481293318
5,206_fs2-00005.jpg,42.918926550127,-7.75371347158631
6,206_fs2-00005.jpg,43.3574967734617,-7.95472025760404
7,206_fs2-00005.jpg,43.7955927156594,-8.15405726410364
8,206_fs2-00005.jpg,44.2332145446992,-8.35180658420217
9,206_fs2-00005.jpg,44.67036242856,-8.54805031101677
10,206_fs2-00005.jpg,45.1070365352207,-8.74287053766471
11,206_fs2-00005.jpg,45.5432370326603,-8.93634935726328
12,206_fs2-00005.jpg,45.9789640888579,-9.1285688629294
13,206_fs2-00005.jpg,46.4142178717922,-9.31961114778045
14,206_fs2-00005.jpg,46.8489985494423,-9.50955830493359
15,206_fs2-00005.jpg,47.2833062897872,-9.69849242750598
16,206_fs2-00005.jpg,47.7171412608057,-9.88649560861467
17,206_fs2-00005.jpg,48.1505036304769,-10.073649941377
18,206_fs2-00005.jpg,48.5833935667798,-10.2600375189102
19,206_fs2-00005.jpg,49.0158112376931,-10.4457404343313
20,206_fs2-00005.jpg,49.447756811196,-10.6308407807575
21,206_fs2-00005.jpg,49.8792304552674,-10.8154206513061
22,206_fs2-00005.jpg,50.3102323378862,-10.9995621390941
23,206_fs2-00005.jpg,50.7407626270315,-11.1833473372388
24,206_fs2-00005.jpg,51.1708214906821,-11.3668583388574
25,206_fs2-00005.jpg,51.600409096817,-11.550177237067
26,206_fs2-00005.jpg,52.0295256134152,-11.7333861249849
27,206_fs2-00005.jpg,52.4581712084556,-11.9165670957281
28,206_fs2-00005.jpg,52.8863460499171,-12.0998022424139
29,206_fs2-00005.jpg,53.3140503057788,-12.2831736581596
30,206_fs2-00005.jpg,53.7412841440196,-12.4667634360821
31,206_fs2-00005.jpg,54.1680477326185,-12.6506536692987
32,206_fs2-00005.jpg,54.5943412395544,-12.8349264509267
33,206_fs2-00005.jpg,55.0201648328062,-13.0196638740832
34,206_fs2-00005.jpg,55.445518680353,-13.2049480318853
35,206_fs2-00005.jpg,55.8704029501736,-13.3908610174503
36,206_fs2-00005.jpg,56.2948178102471,-13.5774849238953
37,206_fs2-00005.jpg,56.7187634285524,-13.7649018443374
38,206_fs2-00005.jpg,57.1422399730685,-13.953193871894
39,206_fs2-00005.jpg,57.5652476117742,-14.1424430996822
40,206_fs2-00005.jpg,57.9885586065595,-14.3327316208191
41,206_fs2-00005.jpg,58.4128899053358,-14.5241415284219
42,206_fs2-00005.jpg,58.8381026291685,-14.716754915608
43,206_fs2-00005.jpg,59.2640577894689,-14.9106538754942
44,206_fs2-00005.jpg,59.6906163976485,-15.1059205011979
45,206_fs2-00005.jpg,60.1176394651187,-15.3026368858363
46,206_fs2-00005.jpg,60.5449880032907,-15.5008851225265
47,206_fs2-00005.jpg,60.9725230235761,-15.7007473043857
48,206_fs2-00005.jpg,61.4001055373863,-15.9023055245312
49,206_fs2-00005.jpg,61.8275965561326,-16.10564187608
50,206_fs2-00005.jpg,62.2548570912264,-16.3108384521494
51,206_fs2-00005.jpg,62.6817481540791,-16.5179773458565
52,206_fs2-00005.jpg,63.1081307561022,-16.7271406503185
53,206_fs2-00005.jpg,63.533865908707,-16.9384104586526
54,206_fs2-00005.jpg,63.9588146233048,-17.1518688639761
55,206_fs2-00005.jpg,64.3828379113072,-17.3675979594059
56,206_fs2-00005.jpg,64.8057967841254,-17.5856798380594
57,206_fs2-00005.jpg,65.227552253171,-17.8061965930538
58,206_fs2-00005.jpg,65.6479653298553,-18.0292303175061
59,206_fs2-00005.jpg,66.0668970255896,-18.2548631045336
60,206_fs2-00005.jpg,66.4842083517855,-18.4831770472535
61,206_fs2-00005.jpg,66.8997603198541,-18.714254238783
62,206_fs2-00005.jpg,67.3134139412071,-18.9481767722392
63,206_fs2-00005.jpg,67.7250302272557,-19.1850267407393
64,206_fs2-00005.jpg,68.1344701894114,-19.4248862374004
65,206_fs2-00005.jpg,68.5415948390855,-19.6678373553398
66,206_fs2-00005.jpg,68.9462651876895,-19.9139621876747
67,206_fs2-00005.jpg,69.3483422466347,-20.1633428275222
68,206_fs2-00005.jpg,69.7476870273326,-20.4160613679995
69,206_fs2-00005.jpg,70.1441605411944,-20.6721999022238
70,206_fs2-00005.jpg,70.5376237996318,-20.9318405233122
71,206_fs2-00005.jpg,70.9279378140559,-21.1950653243821
72,206_fs2-00005.jpg,71.3149635958783,-21.4619563985505
73,206_fs2-00005.jpg,71.6985621565103,-21.7325958389346
74,206_fs2-00005.jpg,72.0785945073632,-22.0070657386515
75,206_fs2-00005.jpg,72.4552387608562,-22.2854341794857
76,206_fs2-00005.jpg,72.8292663256824,-22.5676428152975
77,206_fs2-00005.jpg,73.2007863778894,-22.8535662550651
78,206_fs2-00005.jpg,73.5698710311957,-23.1430784928306
79,206_fs2-00005.jpg,73.9365923993201,-23.436053522636
80,206_fs2-00005.jpg,74.3010225959812,-23.7323653385233
81,206_fs2-00005.jpg,74.6632337348979,-24.0318879345347
82,206_fs2-00005.jpg,75.0232979297885,-24.3344953047121
83,206_fs2-00005.jpg,75.3812872943719,-24.6400614430977
84,206_fs2-00005.jpg,75.7372739423667,-24.9484603437336
85,206_fs2-00005.jpg,76.0913299874916,-25.2595660006618
86,206_fs2-00005.jpg,76.4435275434653,-25.5732524079243
87,206_fs2-00005.jpg,76.7939387240065,-25.8893935595632
88,206_fs2-00005.jpg,77.1426356428337,-26.2078634496204
89,206_fs2-00005.jpg,77.4896904136658,-26.5285360721384
90,206_fs2-00005.jpg,77.8351751502212,-26.8512854211588
91,206_fs2-00005.jpg,78.1791619662188,-27.1759854907239
92,206_fs2-00005.jpg,78.5217229753771,-27.5025102748756
93,206_fs2-00005.jpg,78.862930291415,-27.8307337676562
94,206_fs2-00005.jpg,79.202856028051,-28.1605299631075
95,206_fs2-00005.jpg,79.5415722990037,-28.4917728552718
96,206_fs2-00005.jpg,79.879151217992,-28.824336438191
97,206_fs2-00005.jpg,80.2156648987344,-29.1580947059072
98,206_fs2-00005.jpg,80.5511854549496,-29.4929216524624
99,206_fs2-00005.jpg,80.8857850003563,-29.8286912718988
100,206_fs2-00005.jpg,81.2195356486731,-30.1652775582583
101,206_fs2-00005.jpg,81.5525095136188,-30.5025545055832
102,206_fs2-00005.jpg,81.884778708912,-30.8403961079153
103,206_fs2-00005.jpg,82.2164153482713,-31.1786763592967
104,206_fs2-00005.jpg,82.5474915454155,-31.5172692537696
105,206_fs2-00005.jpg,82.8780794140632,-31.856048785376
106,206_fs2-00005.jpg,83.2082510679331,-32.1948889481579
107,206_fs2-00005.jpg,83.5380786207438,-32.5336637361574
108,206_fs2-00005.jpg,83.8677140441568,-32.8722505727625
109,206_fs2-00005.jpg,84.1977381223352,-33.2106263169064
110,206_fs2-00005.jpg,84.5281415124455,-33.5488802353448
111,206_fs2-00005.jpg,84.8587880714071,-33.8871076308704
112,206_fs2-00005.jpg,85.1895416561396,-34.2254038062754
113,206_fs2-00005.jpg,85.5202661235624,-34.5638640643527
114,206_fs2-00005.jpg,85.8508253305948,-34.9025837078945
115,206_fs2-00005.jpg,86.1810831341566,-35.2416580396935
116,206_fs2-00005.jpg,86.5109033911669,-35.5811823625422
117,206_fs2-00005.jpg,86.8401499585454,-35.921251979233
118,206_fs2-00005.jpg,87.1686866932115,-36.2619621925584
119,206_fs2-00005.jpg,87.4963774520847,-36.6034083053112
120,206_fs2-00005.jpg,87.8230860920844,-36.9456856202837
121,206_fs2-00005.jpg,88.1486764701301,-37.2888894402684
122,206_fs2-00005.jpg,88.4730124431412,-37.633115068058
123,206_fs2-00005.jpg,88.7959578680372,-37.9784578064447
124,206_fs2-00005.jpg,89.1173766017376,-38.3250129582214
125,206_fs2-00005.jpg,89.437132501162,-38.6728758261805
126,206_fs2-00005.jpg,89.7550894232295,-39.0221417131143
127,206_fs2-00005.jpg,90.0711112248599,-39.3729059218156
128,206_fs2-00005.jpg,90.3850617629724,-39.7252637550768
129,206_fs2-00005.jpg,90.6968048944867,-40.0793105156903
130,206_fs2-00005.jpg,91.0062044763221,-40.4351415064489
131,206_fs2-00005.jpg,91.3131243653982,-40.792852030145
132,206_fs2-00005.jpg,91.6174284186343,-41.1525373895709
133,206_fs2-00005.jpg,91.91898049295,-41.5142928875194
134,206_fs2-00005.jpg,92.2176444452647,-41.8782138267829
135,206_fs2-00005.jpg,92.5132841324979,-42.244395510154
136,206_fs2-00005.jpg,92.805763411569,-42.6129332404252
137,206_fs2-00005.jpg,93.0949461393975,-42.9839223203889
138,206_fs2-00005.jpg,93.3806961729028,-43.3574580528377
139,206_fs2-00005.jpg,93.6628773690045,-43.7336357405642
140,206_fs2-00005.jpg,93.941353584622,-44.1125506863609
141,206_fs2-00005.jpg,94.2159785919939,-44.4942980866815
142,206_fs2-00005.jpg,94.4860671054115,-44.878916639992
143,206_fs2-00005.jpg,94.751451011437,-45.26629576677
144,206_fs2-00005.jpg,95.0123884037438,-45.656300517577
145,206_fs2-00005.jpg,95.2691373760052,-46.0487959429748
146,206_fs2-00005.jpg,95.5219560218943,-46.4436470935252
147,206_fs2-00005.jpg,95.7711024350844,-46.8407190197898
148,206_fs2-00005.jpg,96.0168347092488,-47.2398767723304
149,206_fs2-00005.jpg,96.2594109380608,-47.6409854017089
150,206_fs2-00005.jpg,96.4990892151936,-48.0439099584867
151,206_fs2-00005.jpg,96.7361276343205,-48.4485154932259
152,206_fs2-00005.jpg,96.9707842891148,-48.8546670564882
153,206_fs2-00005.jpg,97.2033172732497,-49.2622296988351
154,206_fs2-00005.jpg,97.4339846803985,-49.6710684708285
155,206_fs2-00005.jpg,97.6630446042344,-50.0810484230303
156,206_fs2-00005.jpg,97.8907551384308,-50.4920346060018
157,206_fs2-00005.jpg,98.1173743766608,-50.9038920703053
158,206_fs2-00005.jpg,98.3431604125979,-51.3164858665021
159,206_fs2-00005.jpg,98.5683713399151,-51.7296810451542
160,206_fs2-00005.jpg,98.7932652522858,-52.1433426568232
161,206_fs2-00005.jpg,99.0181002433833,-52.557335752071
162,206_fs2-00005.jpg,99.2431344068808,-52.9715253814592
163,206_fs2-00005.jpg,99.4686258364516,-53.3857765955495
164,206_fs2-00005.jpg,99.6948326257689,-53.7999544449039
165,206_fs2-00005.jpg,99.922012868506,-54.213923980084
166,206_fs2-00005.jpg,100.150424658336,-54.6275502516514
167,206_fs2-00005.jpg,100.380326088933,-55.040698310168
168,206_fs2-00005.jpg,100.611975253969,-55.4532332061955
169,206_fs2-00005.jpg,100.845630247118,-55.8650199902958
170,206_fs2-00005.jpg,101.081549162053,-56.2759237130304
171,206_fs2-00005.jpg,101.319990092448,-56.6858094249612
172,206_fs2-00005.jpg,101.561211131975,-57.0945421766498
173,206_fs2-00005.jpg,101.805470374308,-57.5019870186581
174,206_fs2-00005.jpg,102.053025913121,-57.9080090015478
175,206_fs2-00005.jpg,102.304135842086,-58.3124731758806
176,206_fs2-00005.jpg,102.559058254876,-58.7152445922183
177,206_fs2-00005.jpg,102.818051245166,-59.1161883011226
178,206_fs2-00005.jpg,103.081372906628,-59.5151693531553
179,206_fs2-00005.jpg,103.349281332935,-59.9120527988781
180,206_fs2-00005.jpg,103.621582836737,-60.3067036888527
181,206_fs2-00005.jpg,103.897657191037,-60.6989870736409
182,206_fs2-00005.jpg,104.177370173652,-61.0887680038045
183,206_fs2-00005.jpg,104.46059181584,-61.4759115299052
184,206_fs2-00005.jpg,104.747192148858,-61.8602827025047
185,206_fs2-00005.jpg,105.037041203961,-62.2417465721647
186,206_fs2-00005.jpg,105.330009012406,-62.6201681894472
187,206_fs2-00005.jpg,105.625965605451,-62.9954126049136
188,206_fs2-00005.jpg,105.924781014351,-63.3673448691258
189,206_fs2-00005.jpg,106.226325270363,-63.7358300326457
190,206_fs2-00005.jpg,106.530468404743,-64.1007331460348
191,206_fs2-00005.jpg,106.837080448749,-64.4619192598549
192,206_fs2-00005.jpg,107.146031433636,-64.8192534246678
193,206_fs2-00005.jpg,107.457191390662,-65.1726006910354
194,206_fs2-00005.jpg,107.770430351082,-65.5218261095191
195,206_fs2-00005.jpg,108.085618346154,-65.8667947306809
196,206_fs2-00005.jpg,108.402625407133,-66.2073716050824
197,206_fs2-00005.jpg,108.721321565277,-66.5434217832854
198,206_fs2-00005.jpg,109.041576851843,-66.8748103158517
199,206_fs2-00005.jpg,109.363261298085,-67.201402253343
200,206_fs2-00005.jpg,109.686244935262,-67.5230626463211
1,206_fs2-00006.jpg,32.2033859139419,13.175725744775
2,206_fs2-00006.jpg,32.4685716560922,12.7435592715327
3,206_fs2-00006.jpg,32.7354573625531,12.3128676019468
4,206_fs2-00006.jpg,33.0040191863548,11.8836391510216
5,206_fs2-00006.jpg,33.2742332805275,11.4558623337609
6,206_fs2-00006.jpg,33.5460757981012,11.0295255651691
7,206_fs2-00006.jpg,33.8195228921062,10.6046172602503
8,206_fs2-00006.jpg,34.0945507155727,10.1811258340085
9,206_fs2-00006.jpg,34.3711354215307,9.75903970144805
10,206_fs2-00006.jpg,34.6492531630103,9.33834727757289
11,206_fs2-00006.jpg,34.9288800930419,8.91903697738729
12,206_fs2-00006.jpg,35.2099923646554,8.50109721589524
13,206_fs2-00006.jpg,35.4925661308811,8.08451640810102
14,206_fs2-00006.jpg,35.7765775447491,7.66928296900875
15,206_fs2-00006.jpg,36.0620027592896,7.25538531362247
16,206_fs2-00006.jpg,36.3488179275327,6.84281185694641
17,206_fs2-00006.jpg,36.6369992025086,6.43155101398469
18,206_fs2-00006.jpg,36.9265227372474,6.02159119974135
19,206_fs2-00006.jpg,37.2173646847793,5.61292082922068
20,206_fs2-00006.jpg,37.5095011981344,5.20552831742668
21,206_fs2-00006.jpg,37.8029084303429,4.79940207936357
22,206_fs2-00006.jpg,38.0975625344349,4.39453053003547
23,206_fs2-00006.jpg,38.3934396634406,3.99090208444653
24,206_fs2-00006.jpg,38.6905159703902,3.58850515760082
25,206_fs2-00006.jpg,38.9887676083137,3.18732816450256
26,206_fs2-00006.jpg,39.2881707302413,2.7873595201558
27,206_fs2-00006.jpg,39.5887014892033,2.38858763956478
28,206_fs2-00006.jpg,39.8903360382297,1.99100093773353
29,206_fs2-00006.jpg,40.1930505303507,1.59458782966624
30,206_fs2-00006.jpg,40.4968211185964,1.19933673036707
31,206_fs2-00006.jpg,40.8016239559971,0.805236054840123
32,206_fs2-00006.jpg,41.1074351955828,0.412274218089522
33,206_fs2-00006.jpg,41.4142309903836,0.0204396351193736
34,206_fs2-00006.jpg,41.7219874934299,-0.37027927906604
35,206_fs2-00006.jpg,42.0306808577516,-0.759894109462778
36,206_fs2-00006.jpg,42.340287236379,-1.14841644106656
37,206_fs2-00006.jpg,42.6511232142423,-1.53585785887327
38,206_fs2-00006.jpg,42.9640346663423,-1.92222994787886
39,206_fs2-00006.jpg,43.2790347860449,-2.3075442930791
40,206_fs2-00006.jpg,43.5960928065057,-2.69181247946989
41,206_fs2-00006.jpg,43.9151779608803,-3.0750460920471
42,206_fs2-00006.jpg,44.2362594823243,-3.45725671580658
43,206_fs2-00006.jpg,44.5593066039935,-3.83845593574421
44,206_fs2-00006.jpg,44.8842885590435,-4.21865533685587
45,206_fs2-00006.jpg,45.2111745806299,-4.59786650413736
46,206_fs2-00006.jpg,45.5399339019083,-4.97610102258449
47,206_fs2-00006.jpg,45.8705357560345,-5.35337047719332
48,206_fs2-00006.jpg,46.202949376164,-5.72968645295958
49,206_fs2-00006.jpg,46.5371439954525,-6.10506053487921
50,206_fs2-00006.jpg,46.8730888470557,-6.47950430794805
51,206_fs2-00006.jpg,47.2107531641292,-6.8530293571618
52,206_fs2-00006.jpg,47.5501061798287,-7.22564726751665
53,206_fs2-00006.jpg,47.8911171273098,-7.59736962400808
54,206_fs2-00006.jpg,48.2337552397281,-7.96820801163227
55,206_fs2-00006.jpg,48.5779897502393,-8.33817401538494
56,206_fs2-00006.jpg,48.9237898919991,-8.70727922026202
57,206_fs2-00006.jpg,49.2710042739005,-9.0755292767065
58,206_fs2-00006.jpg,49.6192640250591,-9.442864319129
59,206_fs2-00006.jpg,49.9685849280451,-9.8091838063263
60,206_fs2-00006.jpg,50.3190104885187,-10.1743865872659
61,206_fs2-00006.jpg,50.6705842121398,-10.5383715109152
62,206_fs2-00006.jpg,51.0233496045686,-10.9010374262415
63,206_fs2-00006.jpg,51.377350171465,-11.2622831822123
64,206_fs2-00006.jpg,51.7326294184891,-11.622007627795
65,206_fs2-00006.jpg,52.089230851301,-11.9801096119568
66,206_fs2-00006.jpg,52.4471979755606,-12.3364879836653
67,206_fs2-00006.jpg,52.8065742969281,-12.6910415918879
68,206_fs2-00006.jpg,53.1674033210635,-13.0436692855919
69,206_fs2-00006.jpg,53.5297285536269,-13.3942699137447
70,206_fs2-00006.jpg,53.8935935002781,-13.7427423253137
71,206_fs2-00006.jpg,54.2590416666774,-14.0889853692664
72,206_fs2-00006.jpg,54.6261165584849,-14.4328978945701
73,206_fs2-00006.jpg,54.9948616813603,-14.7743787501921
74,206_fs2-00006.jpg,55.365320540964,-15.1133267850999
75,206_fs2-00006.jpg,55.7375366429558,-15.449640848261
76,206_fs2-00006.jpg,56.1115534929959,-15.7832197886426
77,206_fs2-00006.jpg,56.4874145967443,-16.1139624552123
78,206_fs2-00006.jpg,56.865163459861,-16.4417676969372
79,206_fs2-00006.jpg,57.2448435880061,-16.766534362785
80,206_fs2-00006.jpg,57.6264984868397,-17.0881613017229
81,206_fs2-00006.jpg,58.0101716620217,-17.4065473627184
82,206_fs2-00006.jpg,58.3959066192123,-17.7215913947388
83,206_fs2-00006.jpg,58.7837468640714,-18.0331922467516
84,206_fs2-00006.jpg,59.1737359022591,-18.3412487677242
85,206_fs2-00006.jpg,59.5659172394355,-18.6456598066239
86,206_fs2-00006.jpg,59.9603343812605,-18.9463242124181
87,206_fs2-00006.jpg,60.3570308333943,-19.2431408340743
88,206_fs2-00006.jpg,60.756242140923,-19.5360119740165
89,206_fs2-00006.jpg,61.15934358907,-19.8249409902941
90,206_fs2-00006.jpg,61.566450761639,-20.1100460075062
91,206_fs2-00006.jpg,61.9773840840155,-20.3914513598161
92,206_fs2-00006.jpg,62.3919639815854,-20.6692813813867
93,206_fs2-00006.jpg,62.8100108797341,-20.9436604063814
94,206_fs2-00006.jpg,63.2313452038473,-21.2147127689632
95,206_fs2-00006.jpg,63.6557873793107,-21.4825628032954
96,206_fs2-00006.jpg,64.0831578315098,-21.747334843541
97,206_fs2-00006.jpg,64.5132769858303,-22.0091532238632
98,206_fs2-00006.jpg,64.9459652676579,-22.2681422784253
99,206_fs2-00006.jpg,65.3810431023782,-22.5244263413903
100,206_fs2-00006.jpg,65.8183309153766,-22.7781297469215
101,206_fs2-00006.jpg,66.2576491320391,-23.0293768291819
102,206_fs2-00006.jpg,66.6988181777511,-23.2782919223347
103,206_fs2-00006.jpg,67.1416584778983,-23.5249993605433
104,206_fs2-00006.jpg,67.5859904578663,-23.7696234779706
105,206_fs2-00006.jpg,68.0316345430408,-24.0122886087798
106,206_fs2-00006.jpg,68.4784111588073,-24.2531190871341
107,206_fs2-00006.jpg,68.9261407305515,-24.4922392471966
108,206_fs2-00006.jpg,69.374643683659,-24.7297734231306
109,206_fs2-00006.jpg,69.8237404435156,-24.9658459490991
110,206_fs2-00006.jpg,70.2732514355067,-25.2005811592654
111,206_fs2-00006.jpg,70.7229970850181,-25.4341033877925
112,206_fs2-00006.jpg,71.1727978174353,-25.6665369688438
113,206_fs2-00006.jpg,71.622474058144,-25.8980062365821
114,206_fs2-00006.jpg,72.0718462325298,-26.128635525171
115,206_fs2-00006.jpg,72.5207347659783,-26.3585491687734
116,206_fs2-00006.jpg,72.9689600838753,-26.5878715015525
117,206_fs2-00006.jpg,73.4163426116062,-26.8167268576714
118,206_fs2-00006.jpg,73.8627027745568,-27.0452395712934
119,206_fs2-00006.jpg,74.3078609981127,-27.2735339765815
120,206_fs2-00006.jpg,74.7516377076594,-27.501734407699
121,206_fs2-00006.jpg,75.1938533285827,-27.729965198809
122,206_fs2-00006.jpg,75.6343282862682,-27.9583506840747
123,206_fs2-00006.jpg,76.0728830061014,-28.1870151976592
124,206_fs2-00006.jpg,76.5093379134681,-28.4160830737256
125,206_fs2-00006.jpg,76.9435134337538,-28.6456786464373
126,206_fs2-00006.jpg,77.3752299923441,-28.8759262499572
127,206_fs2-00006.jpg,77.8049188013837,-29.1069500941394
128,206_fs2-00006.jpg,78.2389288669967,-29.3388684603268
129,206_fs2-00006.jpg,78.6785547858781,-29.5717912266587
130,206_fs2-00006.jpg,79.1232488428266,-29.8058276330697
131,206_fs2-00006.jpg,79.5724633226407,-30.0410869194943
132,206_fs2-00006.jpg,80.0256505101191,-30.2776783258665
133,206_fs2-00006.jpg,80.4822626900605,-30.515711092121
134,206_fs2-00006.jpg,80.9417521472635,-30.7552944581919
135,206_fs2-00006.jpg,81.4035711665267,-30.9965376640138
136,206_fs2-00006.jpg,81.8671720326489,-31.2395499495208
137,206_fs2-00006.jpg,82.3320070304284,-31.4844405546475
138,206_fs2-00006.jpg,82.7975284446642,-31.7313187193282
139,206_fs2-00006.jpg,83.2631885601548,-31.980293683497
140,206_fs2-00006.jpg,83.7284396616988,-32.2314746870886
141,206_fs2-00006.jpg,84.1927340340949,-32.4849709700371
142,206_fs2-00006.jpg,84.6555239621418,-32.7408917722769
143,206_fs2-00006.jpg,85.116261730638,-32.9993463337425
144,206_fs2-00006.jpg,85.5743996243822,-33.2604438943682
145,206_fs2-00006.jpg,86.0293899281731,-33.5242936940883
146,206_fs2-00006.jpg,86.4806849268093,-33.7910049728371
147,206_fs2-00006.jpg,86.9277369050894,-34.0606869705491
148,206_fs2-00006.jpg,87.3699981478122,-34.3334489271586
149,206_fs2-00006.jpg,87.8069209397761,-34.6094000825998
150,206_fs2-00006.jpg,88.2379575657799,-34.8886496768073
151,206_fs2-00006.jpg,88.6625603106222,-35.1713069497154
152,206_fs2-00006.jpg,89.0801814591017,-35.4574811412584
153,206_fs2-00006.jpg,89.4902732960169,-35.7472814913706
154,206_fs2-00006.jpg,89.8922881061666,-36.0408172399864
155,206_fs2-00006.jpg,90.2856781743494,-36.3381976270403
156,206_fs2-00006.jpg,90.6698957853639,-36.6395318924664
157,206_fs2-00006.jpg,91.0443932240088,-36.9449292761993
158,206_fs2-00006.jpg,91.4086227750826,-37.2544990181731
159,206_fs2-00006.jpg,91.7620367233841,-37.5683503583223
160,206_fs2-00006.jpg,92.1040873537119,-37.8865925365813
161,206_fs2-00006.jpg,92.4342269508647,-38.2093347928845
162,206_fs2-00006.jpg,92.7519077996409,-38.5366863671661
163,206_fs2-00006.jpg,93.0565821848394,-38.8687564993604
164,206_fs2-00006.jpg,93.3480772910827,-39.2056544294019
165,206_fs2-00006.jpg,93.6341503160999,-39.547489397225
166,206_fs2-00006.jpg,93.9179662026914,-39.8943706427639
167,206_fs2-00006.jpg,94.1993829213077,-40.2464074059531
168,206_fs2-00006.jpg,94.478258442399,-40.6037089267268
169,206_fs2-00006.jpg,94.7544507364153,-40.9663844450195
170,206_fs2-00006.jpg,95.027817773807,-41.3345432007656
171,206_fs2-00006.jpg,95.2982175250242,-41.7082944338992
172,206_fs2-00006.jpg,95.5655079605172,-42.0877473843548
173,206_fs2-00006.jpg,95.829547050736,-42.4730112920669
174,206_fs2-00006.jpg,96.090192766131,-42.8641953969696
175,206_fs2-00006.jpg,96.3473030771523,-43.2614089389975
176,206_fs2-00006.jpg,96.6007359542502,-43.6647611580847
177,206_fs2-00006.jpg,96.8503493678749,-44.0743612941657
178,206_fs2-00006.jpg,97.0960012884765,-44.490318587175
179,206_fs2-00006.jpg,97.3375496865053,-44.9127422770466
180,206_fs2-00006.jpg,97.5748525324115,-45.3417416037151
181,206_fs2-00006.jpg,97.8077677966452,-45.7774258071149
182,206_fs2-00006.jpg,98.0361534496567,-46.2199041271801
183,206_fs2-00006.jpg,98.2598674618962,-46.6692858038453
184,206_fs2-00006.jpg,98.4787678038139,-47.1256800770447
185,206_fs2-00006.jpg,98.69271244586,-47.5891961867129
186,206_fs2-00006.jpg,98.9015593584846,-48.0599433727838
187,206_fs2-00006.jpg,99.1051665121381,-48.5380308751923
188,206_fs2-00006.jpg,99.3033918772705,-49.0235679338724
189,206_fs2-00006.jpg,99.4960934243322,-49.5166637887585
190,206_fs2-00006.jpg,99.6831291237733,-50.017427679785
191,206_fs2-00006.jpg,99.864356946044,-50.5259688468863
192,206_fs2-00006.jpg,100.039634861595,-51.0423965299968
193,206_fs2-00006.jpg,100.208820840875,-51.5668199690506
194,206_fs2-00006.jpg,100.371772854336,-52.0993484039823
195,206_fs2-00006.jpg,100.528348872427,-52.6400910747262
196,206_fs2-00006.jpg,100.678406865599,-53.1891572212166
197,206_fs2-00006.jpg,100.821804804302,-53.7466560833878
198,206_fs2-00006.jpg,100.958400658986,-54.3126969011743
199,206_fs2-00006.jpg,101.088052400101,-54.8873889145105
200,206_fs2-00006.jpg,101.210617998097,-55.4708413633305
1,206_fs2-00007.jpg,22.2249882432364,35.1537477227969
2,206_fs2-00007.jpg,22.6231984091215,34.7504587466513
3,206_fs2-00007.jpg,23.0186814022099,34.3444791026831
4,206_fs2-00007.jpg,23.4114167733351,33.9358338974026
5,206_fs2-00007.jpg,23.8013840733306,33.5245482373206
6,206_fs2-00007.jpg,24.1885628530299,33.1106472289474
7,206_fs2-00007.jpg,24.5729326632662,32.6941559787936
8,206_fs2-00007.jpg,24.9544730548731,32.2750995933696
9,206_fs2-00007.jpg,25.333163578684,31.8535031791861
10,206_fs2-00007.jpg,25.7089837855324,31.4293918427535
11,206_fs2-00007.jpg,26.0819132262517,31.0027906905824
12,206_fs2-00007.jpg,26.4519314516753,30.5737248291832
13,206_fs2-00007.jpg,26.8190180126367,30.1422193650665
14,206_fs2-00007.jpg,27.1831524599692,29.7082994047427
15,206_fs2-00007.jpg,27.5443143445065,29.2719900547225
16,206_fs2-00007.jpg,27.9024832170817,28.8333164215163
17,206_fs2-00007.jpg,28.2576386285286,28.3923036116345
18,206_fs2-00007.jpg,28.6097601296804,27.9489767315879
19,206_fs2-00007.jpg,28.9588272713706,27.5033608878867
20,206_fs2-00007.jpg,29.3048196044327,27.0554811870417
21,206_fs2-00007.jpg,29.6477166797,26.6053627355632
22,206_fs2-00007.jpg,29.987498048006,26.1530306399619
23,206_fs2-00007.jpg,30.3241432601842,25.6985100067481
24,206_fs2-00007.jpg,30.657631867068,25.2418259424325
25,206_fs2-00007.jpg,30.9879434194909,24.7830035535255
26,206_fs2-00007.jpg,31.3150574682862,24.3220679465376
27,206_fs2-00007.jpg,31.6389535642874,23.8590442279795
28,206_fs2-00007.jpg,31.959611258328,23.3939575043615
29,206_fs2-00007.jpg,32.2770101012413,22.9268328821942
30,206_fs2-00007.jpg,32.5911296438609,22.4576954679881
31,206_fs2-00007.jpg,32.9019494370202,21.9865703682538
32,206_fs2-00007.jpg,33.2094490315525,21.5134826895016
33,206_fs2-00007.jpg,33.5136079782915,21.0384575382423
34,206_fs2-00007.jpg,33.8144058280704,20.5615200209862
35,206_fs2-00007.jpg,34.1118221317227,20.0826952442439
36,206_fs2-00007.jpg,34.4058364400819,19.6020083145259
37,206_fs2-00007.jpg,34.6964283039814,19.1194843383427
38,206_fs2-00007.jpg,34.9835772742546,18.6351484222048
39,206_fs2-00007.jpg,35.267262901735,18.1490256726228
40,206_fs2-00007.jpg,35.5474647372561,17.6611411961071
41,206_fs2-00007.jpg,35.8241623316512,17.1715200991683
42,206_fs2-00007.jpg,36.0973352357537,16.6801874883169
43,206_fs2-00007.jpg,36.3669630003973,16.1871684700633
44,206_fs2-00007.jpg,36.6330251764152,15.6924881509182
45,206_fs2-00007.jpg,36.8954178692945,15.1961716373921
46,206_fs2-00007.jpg,37.1522898873716,14.6982440359953
47,206_fs2-00007.jpg,37.4031491999412,14.1987304532386
48,206_fs2-00007.jpg,37.6483443954567,13.6976559956322
49,206_fs2-00007.jpg,37.8882240623718,13.1950457696869
50,206_fs2-00007.jpg,38.1231367891399,12.6909248819131
51,206_fs2-00007.jpg,38.3534311642148,12.1853184388212
52,206_fs2-00007.jpg,38.5794557760498,11.678251546922
53,206_fs2-00007.jpg,38.8015592130987,11.1697493127257
54,206_fs2-00007.jpg,39.0200900638148,10.659836842743
55,206_fs2-00007.jpg,39.235396916652,10.1485392434844
56,206_fs2-00007.jpg,39.4478283600635,9.63588162146033
57,206_fs2-00007.jpg,39.6577329825031,9.12188908318143
58,206_fs2-00007.jpg,39.8654593724243,8.60658673515809
59,206_fs2-00007.jpg,40.0713561182807,8.08999968390088
60,206_fs2-00007.jpg,40.2757718085257,7.57215303592034
61,206_fs2-00007.jpg,40.4790550316131,7.05307189772691
62,206_fs2-00007.jpg,40.6815543759963,6.53278137583118
63,206_fs2-00007.jpg,40.8836184301289,6.01130657674366
64,206_fs2-00007.jpg,41.0855957824645,5.48867260697483
65,206_fs2-00007.jpg,41.2878350214567,4.9649045730352
66,206_fs2-00007.jpg,41.4906847355589,4.44002758143529
67,206_fs2-00007.jpg,41.6944935132248,3.91406673868562
68,206_fs2-00007.jpg,41.8996099429078,3.38704715129671
69,206_fs2-00007.jpg,42.1063826130617,2.85899392577909
70,206_fs2-00007.jpg,42.3151601121399,2.32993216864327
71,206_fs2-00007.jpg,42.5262910285961,1.79988698639971
72,206_fs2-00007.jpg,42.7401239508837,1.268883485559
73,206_fs2-00007.jpg,42.9570074674564,0.736946772631597
74,206_fs2-00007.jpg,43.1772901667676,0.204101954128021
75,206_fs2-00007.jpg,43.401320637271,-0.329625863441152
76,206_fs2-00007.jpg,43.6294474674202,-0.864211573565456
77,206_fs2-00007.jpg,43.8620192456685,-1.39963006973443
78,206_fs2-00007.jpg,44.0992106707259,-1.93585572138301
79,206_fs2-00007.jpg,44.3367753686425,-2.47278164892924
80,206_fs2-00007.jpg,44.572986504772,-3.01013253388669
81,206_fs2-00007.jpg,44.8081438144437,-3.54761213242773
82,206_fs2-00007.jpg,45.0425470329872,-4.08492420072463
83,206_fs2-00007.jpg,45.2764958957318,-4.62177249494988
84,206_fs2-00007.jpg,45.5102901380068,-5.15786077127581
85,206_fs2-00007.jpg,45.7442294951419,-5.6928927858749
86,206_fs2-00007.jpg,45.9786137024663,-6.22657229491932
87,206_fs2-00007.jpg,46.2137424953095,-6.75860305458156
88,206_fs2-00007.jpg,46.4499156090008,-7.28868882103399
89,206_fs2-00007.jpg,46.6874327788698,-7.81653335044899
90,206_fs2-00007.jpg,46.9265937402457,-8.34184039899895
91,206_fs2-00007.jpg,47.1676982284581,-8.86431372285625
92,206_fs2-00007.jpg,47.4110459788363,-9.38365707819315
93,206_fs2-00007.jpg,47.6569367267098,-9.89957422118215
94,206_fs2-00007.jpg,47.9056702074079,-10.4117689079956
95,206_fs2-00007.jpg,48.1575461562601,-10.919944894806
96,206_fs2-00007.jpg,48.4128643085958,-11.4238059377854
97,206_fs2-00007.jpg,48.6719243997443,-11.9230557931065
98,206_fs2-00007.jpg,48.9350261650353,-12.4173982169415
99,206_fs2-00007.jpg,49.2024693397979,-12.9065369654629
100,206_fs2-00007.jpg,49.4745536593616,-13.3901757948428
101,206_fs2-00007.jpg,49.7515788590559,-13.8680184612539
102,206_fs2-00007.jpg,50.0338446742102,-14.3397687208686
103,206_fs2-00007.jpg,50.3216508401539,-14.805130329859
104,206_fs2-00007.jpg,50.6152970922164,-15.2638070443975
105,206_fs2-00007.jpg,50.9150831657271,-15.7155026206567
106,206_fs2-00007.jpg,51.2213087960154,-16.1599208148088
107,206_fs2-00007.jpg,51.5342737184107,-16.5967653830263
108,206_fs2-00007.jpg,51.8542776682425,-17.0257400814814
109,206_fs2-00007.jpg,52.1816203808402,-17.4465486663467
110,206_fs2-00007.jpg,52.5166015915331,-17.8588948937943
111,206_fs2-00007.jpg,52.861978395057,-18.2625513141792
112,206_fs2-00007.jpg,53.2201750415538,-18.6575761902499
113,206_fs2-00007.jpg,53.5907961561032,-19.0441019468354
114,206_fs2-00007.jpg,53.973445950399,-19.4222610089051
115,206_fs2-00007.jpg,54.367728636135,-19.7921858014284
116,206_fs2-00007.jpg,54.7732484250049,-20.1540087493749
117,206_fs2-00007.jpg,55.1896095287022,-20.5078622777137
118,206_fs2-00007.jpg,55.616416158921,-20.8538788114146
119,206_fs2-00007.jpg,56.0532725273547,-21.1921907754467
120,206_fs2-00007.jpg,56.4997828456972,-21.5229305947796
121,206_fs2-00007.jpg,56.955551325642,-21.8462306943824
122,206_fs2-00007.jpg,57.4201821788831,-22.1622234992249
123,206_fs2-00007.jpg,57.893279617114,-22.4710414342764
124,206_fs2-00007.jpg,58.3744478520286,-22.7728169245061
125,206_fs2-00007.jpg,58.8632910953204,-23.0676823948838
126,206_fs2-00007.jpg,59.3594135586833,-23.3557702703785
127,206_fs2-00007.jpg,59.862419453811,-23.6372129759598
128,206_fs2-00007.jpg,60.3719129923971,-23.9121429365973
129,206_fs2-00007.jpg,60.8874983861354,-24.18069257726
130,206_fs2-00007.jpg,61.4087798467196,-24.4429943229177
131,206_fs2-00007.jpg,61.9353615858435,-24.6991805985396
132,206_fs2-00007.jpg,62.4668478152006,-24.9493838290951
133,206_fs2-00007.jpg,63.0028427464848,-25.1937364395538
134,206_fs2-00007.jpg,63.5429505913898,-25.4323708548849
135,206_fs2-00007.jpg,64.0867755616093,-25.6654195000579
136,206_fs2-00007.jpg,64.633921868837,-25.8930148000422
137,206_fs2-00007.jpg,65.1839937247667,-26.1152891798072
138,206_fs2-00007.jpg,65.7365953410919,-26.3323750643224
139,206_fs2-00007.jpg,66.2913309295066,-26.5444048785571
140,206_fs2-00007.jpg,66.8478047017043,-26.7515110474808
141,206_fs2-00007.jpg,67.4056208693788,-26.953825996063
142,206_fs2-00007.jpg,67.9643836442239,-27.1514821492728
143,206_fs2-00007.jpg,68.5236972379332,-27.3446119320799
144,206_fs2-00007.jpg,69.0831658622004,-27.5333477694535
145,206_fs2-00007.jpg,69.6423937287193,-27.7178220863632
146,206_fs2-00007.jpg,70.2009850491835,-27.8981673077784
147,206_fs2-00007.jpg,70.7585440352869,-28.0745158586683
148,206_fs2-00007.jpg,71.3146748987232,-28.2470001640025
149,206_fs2-00007.jpg,71.8689818511859,-28.4157526487505
150,206_fs2-00007.jpg,72.4210691043689,-28.5809057378814
151,206_fs2-00007.jpg,72.9705408699659,-28.7425918563649
152,206_fs2-00007.jpg,73.5170013596706,-28.9009434291702
153,206_fs2-00007.jpg,74.0600547851767,-29.0560928812669
154,206_fs2-00007.jpg,74.5993053581779,-29.2081726376244
155,206_fs2-00007.jpg,75.134357290368,-29.357315123212
156,206_fs2-00007.jpg,75.6648147934406,-29.5036527629991
157,206_fs2-00007.jpg,76.1908780385899,-29.6473179819553
158,206_fs2-00007.jpg,76.7170515172213,-29.7884432050498
159,206_fs2-00007.jpg,77.2443422264396,-29.927160857252
160,206_fs2-00007.jpg,77.7727455281487,-30.0636033635315
161,206_fs2-00007.jpg,78.3022567842522,-30.1979031488576
162,206_fs2-00007.jpg,78.8328713566539,-30.3301926381998
163,206_fs2-00007.jpg,79.3645846072576,-30.4606042565273
164,206_fs2-00007.jpg,79.897391897967,-30.5892704288098
165,206_fs2-00007.jpg,80.4312885906858,-30.7163235800165
166,206_fs2-00007.jpg,80.9662700473178,-30.8418961351169
167,206_fs2-00007.jpg,81.5023316297668,-30.9661205190803
168,206_fs2-00007.jpg,82.0394686999364,-31.0891291568764
169,206_fs2-00007.jpg,82.5776766197305,-31.2110544734742
170,206_fs2-00007.jpg,83.1169507510527,-31.3320288938435
171,206_fs2-00007.jpg,83.6572864558069,-31.4521848429535
172,206_fs2-00007.jpg,84.1986790958968,-31.5716547457736
173,206_fs2-00007.jpg,84.741124033226,-31.6905710272733
174,206_fs2-00007.jpg,85.2846166296983,-31.8090661124219
175,206_fs2-00007.jpg,85.8291522472177,-31.9272724261889
176,206_fs2-00007.jpg,86.3747262476876,-32.0453223935438
177,206_fs2-00007.jpg,86.921333993012,-32.163348439456
178,206_fs2-00007.jpg,87.4689708450944,-32.2814829888947
179,206_fs2-00007.jpg,88.0176321658388,-32.3998584668294
180,206_fs2-00007.jpg,88.5673133171488,-32.5186072982296
181,206_fs2-00007.jpg,89.1180096609281,-32.6378619080646
182,206_fs2-00007.jpg,89.6697165590806,-32.757754721304
183,206_fs2-00007.jpg,90.22242937351,-32.8784181629171
184,206_fs2-00007.jpg,90.7761434661199,-32.9999846578732
185,206_fs2-00007.jpg,91.3308541988142,-33.1225866311418
186,206_fs2-00007.jpg,91.8865569334966,-33.2463565076924
187,206_fs2-00007.jpg,92.4432470320709,-33.3714267124943
188,206_fs2-00007.jpg,93.0009198564408,-33.497929670517
189,206_fs2-00007.jpg,93.55957076851,-33.6259978067298
190,206_fs2-00007.jpg,94.1191951301822,-33.7557635461022
191,206_fs2-00007.jpg,94.6797883033613,-33.8873593136036
192,206_fs2-00007.jpg,95.241345649951,-34.0209175342033
193,206_fs2-00007.jpg,95.803862531855,-34.1565706328709
194,206_fs2-00007.jpg,96.3673343109771,-34.2944510345757
195,206_fs2-00007.jpg,96.931756349221,-34.4346911642872
196,206_fs2-00007.jpg,97.4971240084904,-34.5774234469747
197,206_fs2-00007.jpg,98.0634326506891,-34.7227803076077
198,206_fs2-00007.jpg,98.6306776377209,-34.8708941711555
199,206_fs2-00007.jpg,99.1988543314895,-35.0218974625877
200,206_fs2-00007.jpg,99.7679580938986,-35.1759226068735
1,206_fs2-00008.jpg,10.9767493026897,53.7505355503538
2,206_fs2-00008.jpg,11.2434673512117,53.1596235667648
3,206_fs2-00008.jpg,11.5125316230407,52.5755566764109
4,206_fs2-00008.jpg,11.7839130133621,51.9981744181072
5,206_fs2-00008.jpg,12.0575824173613,51.4273163306685
6,206_fs2-00008.jpg,12.3335107302237,50.8628219529101
7,206_fs2-00008.jpg,12.6116688471346,50.304530823647
8,206_fs2-00008.jpg,12.8920276632794,49.7522824816941
9,206_fs2-00008.jpg,13.1745580738435,49.2059164658666
10,206_fs2-00008.jpg,13.4592309740124,48.6652723149795
11,206_fs2-00008.jpg,13.7460172589712,48.1301895678478
12,206_fs2-00008.jpg,14.0348878239055,47.6005077632865
13,206_fs2-00008.jpg,14.3258135640006,47.0760664401108
14,206_fs2-00008.jpg,14.6187653744418,46.5567051371355
15,206_fs2-00008.jpg,14.9137141504146,46.0422633931759
16,206_fs2-00008.jpg,15.2106307871044,45.5325807470469
17,206_fs2-00008.jpg,15.5094861796965,45.0274967375636
18,206_fs2-00008.jpg,15.8102512233762,44.5268509035409
19,206_fs2-00008.jpg,16.112896813329,44.030482783794
20,206_fs2-00008.jpg,16.4173938447403,43.5382319171379
21,206_fs2-00008.jpg,16.7237132127954,43.0499378423876
22,206_fs2-00008.jpg,17.0318258126796,42.5654400983582
23,206_fs2-00008.jpg,17.3417025395785,42.0845782238648
24,206_fs2-00008.jpg,17.6533142886773,41.6071917577223
25,206_fs2-00008.jpg,17.9666319551614,41.1331202387457
26,206_fs2-00008.jpg,18.2816264342162,40.6622032057502
27,206_fs2-00008.jpg,18.5982686210271,40.1942801975508
28,206_fs2-00008.jpg,18.9165294107794,39.7291907529624
29,206_fs2-00008.jpg,19.2363796986586,39.2667744108003
30,206_fs2-00008.jpg,19.55779037985,38.8068707098793
31,206_fs2-00008.jpg,19.880732349539,38.3493191890146
32,206_fs2-00008.jpg,20.2051765029109,37.8939593870212
33,206_fs2-00008.jpg,20.5310937351512,37.4406308427141
34,206_fs2-00008.jpg,20.8584549414451,36.9891730949084
35,206_fs2-00008.jpg,21.1872310169782,36.539425682419
36,206_fs2-00008.jpg,21.5173928569357,36.0912281440611
37,206_fs2-00008.jpg,21.8489113565031,35.6444200186497
38,206_fs2-00008.jpg,22.1817574108657,35.1988408449998
39,206_fs2-00008.jpg,22.5159019152089,34.7543301619265
40,206_fs2-00008.jpg,22.8513157647181,34.3107275082448
41,206_fs2-00008.jpg,23.1912606250553,33.8678724227698
42,206_fs2-00008.jpg,23.5397406364083,33.4256044443164
43,206_fs2-00008.jpg,23.896018611591,32.9837631116998
44,206_fs2-00008.jpg,24.2593306694232,32.542187963735
45,206_fs2-00008.jpg,24.6289129287248,32.1007185392369
46,206_fs2-00008.jpg,25.0040015083157,31.6591943770208
47,206_fs2-00008.jpg,25.3838325270159,31.2174550159015
48,206_fs2-00008.jpg,25.7676421036452,30.7753399946942
49,206_fs2-00008.jpg,26.1546663570236,30.3326888522138
50,206_fs2-00008.jpg,26.5441414059709,29.8893411272755
51,206_fs2-00008.jpg,26.9353033693071,29.4451363586942
52,206_fs2-00008.jpg,27.3273883658521,28.9999140852851
53,206_fs2-00008.jpg,27.7196325144257,28.5535138458631
54,206_fs2-00008.jpg,28.1112719338478,28.1057751792433
55,206_fs2-00008.jpg,28.5015427429384,27.6565376242406
56,206_fs2-00008.jpg,28.8896810605173,27.2056407196703
57,206_fs2-00008.jpg,29.2749230054046,26.7529240043473
58,206_fs2-00008.jpg,29.6565046964199,26.2982270170866
59,206_fs2-00008.jpg,30.0336622523834,25.8413892967034
60,206_fs2-00008.jpg,30.4056317921147,25.3822503820125
61,206_fs2-00008.jpg,30.771649434434,24.9206498118292
62,206_fs2-00008.jpg,31.1309512981611,24.4564271249683
63,206_fs2-00008.jpg,31.4827735021157,23.989421860245
64,206_fs2-00008.jpg,31.826352165118,23.5194735564743
65,206_fs2-00008.jpg,32.1609234059877,23.0464217524712
66,206_fs2-00008.jpg,32.4857233435449,22.5701059870508
67,206_fs2-00008.jpg,32.8015012823601,22.0903745139656
68,206_fs2-00008.jpg,33.1142895913521,21.6072126168409
69,206_fs2-00008.jpg,33.424739483544,21.1207145615834
70,206_fs2-00008.jpg,33.732776316614,20.6309776271307
71,206_fs2-00008.jpg,34.0383254482402,20.1380990924209
72,206_fs2-00008.jpg,34.3413122361008,19.6421762363918
73,206_fs2-00008.jpg,34.6416620378739,19.1433063379811
74,206_fs2-00008.jpg,34.9393002112375,18.6415866761269
75,206_fs2-00008.jpg,35.23415211387,18.137114529767
76,206_fs2-00008.jpg,35.5261431034493,17.6299871778392
77,206_fs2-00008.jpg,35.8151985376535,17.1203018992814
78,206_fs2-00008.jpg,36.1012437741609,16.6081559730315
79,206_fs2-00008.jpg,36.3842041706496,16.0936466780274
80,206_fs2-00008.jpg,36.6640050847977,15.5768712932069
81,206_fs2-00008.jpg,36.9405718742833,15.0579270975078
82,206_fs2-00008.jpg,37.2138298967844,14.5369113698682
83,206_fs2-00008.jpg,37.4837045099794,14.0139213892257
84,206_fs2-00008.jpg,37.7501210715463,13.4890544345183
85,206_fs2-00008.jpg,38.0130049391632,12.9624077846839
86,206_fs2-00008.jpg,38.2722814705083,12.4340787186604
87,206_fs2-00008.jpg,38.5278760232596,11.9041645153856
88,206_fs2-00008.jpg,38.7797139550954,11.3727624537972
89,206_fs2-00008.jpg,39.0277206236937,10.8399698128334
90,206_fs2-00008.jpg,39.2718213867327,10.3058838714319
91,206_fs2-00008.jpg,39.5119416018905,9.77060190853052
92,206_fs2-00008.jpg,39.7480066268452,9.23422120306719
93,206_fs2-00008.jpg,39.979941819275,8.69683903397981
94,206_fs2-00008.jpg,40.207672536858,8.15855268020618
95,206_fs2-00008.jpg,40.4310713051293,7.61945903857679
96,206_fs2-00008.jpg,40.6491723179774,7.07961719291632
97,206_fs2-00008.jpg,40.8618948753514,6.53901693168501
98,206_fs2-00008.jpg,41.0695761567366,5.9976406310364
99,206_fs2-00008.jpg,41.2725533416184,5.45547066712419
100,206_fs2-00008.jpg,41.4711636094824,4.91248941610189
101,206_fs2-00008.jpg,41.6657441398139,4.36867925412321
102,206_fs2-00008.jpg,41.8566321120983,3.82402255734166
103,206_fs2-00008.jpg,42.0441647058212,3.2785017019109
104,206_fs2-00008.jpg,42.2286791004679,2.73209906398449
105,206_fs2-00008.jpg,42.4105124755238,2.18479701971614
106,206_fs2-00008.jpg,42.5900020104744,1.63657794525938
107,206_fs2-00008.jpg,42.7674848848052,1.08742421676777
108,206_fs2-00008.jpg,42.9432982780015,0.537318210394972
109,206_fs2-00008.jpg,43.1177793695487,-0.01375769770533
110,206_fs2-00008.jpg,43.2912653389324,-0.565821131379664
111,206_fs2-00008.jpg,43.4640933656378,-1.11888971447439
112,206_fs2-00008.jpg,43.6366006291506,-1.67298107083587
113,206_fs2-00008.jpg,43.809124308956,-2.22811282431047
114,206_fs2-00008.jpg,43.9820015845396,-2.78430259874466
115,206_fs2-00008.jpg,44.1555696353868,-3.3415680179848
116,206_fs2-00008.jpg,44.3301656409828,-3.89992670587725
117,206_fs2-00008.jpg,44.5061267808134,-4.45939628626849
118,206_fs2-00008.jpg,44.6837902343638,-5.01999438300476
119,206_fs2-00008.jpg,44.8634931811195,-5.58173861993265
120,206_fs2-00008.jpg,45.0455728005659,-6.14464662089841
121,206_fs2-00008.jpg,45.2303662721883,-6.70873600974852
122,206_fs2-00008.jpg,45.4182107754725,-7.27402441032922
123,206_fs2-00008.jpg,45.6094434899036,-7.84052944648721
124,206_fs2-00008.jpg,45.8044015949671,-8.40826874206851
125,206_fs2-00008.jpg,46.0034222701485,-8.97725992091983
126,206_fs2-00008.jpg,46.2064603603233,-9.54751878648466
127,206_fs2-00008.jpg,46.408466085427,-10.1189391462831
128,206_fs2-00008.jpg,46.6080960294925,-10.6912179800999
129,206_fs2-00008.jpg,46.8057656200939,-11.2640343989498
130,206_fs2-00008.jpg,47.0018902848054,-11.8370675138478
131,206_fs2-00008.jpg,47.1968854512012,-12.4099964358089
132,206_fs2-00008.jpg,47.3911665468555,-12.9825002758478
133,206_fs2-00008.jpg,47.5851489993423,-13.5542581449797
134,206_fs2-00008.jpg,47.7792482362358,-14.1249491542192
135,206_fs2-00008.jpg,47.9738796851101,-14.6942524145815
136,206_fs2-00008.jpg,48.1694587735396,-15.2618470370814
137,206_fs2-00008.jpg,48.3664009290982,-15.8274121327336
138,206_fs2-00008.jpg,48.5651215793601,-16.3906268125534
139,206_fs2-00008.jpg,48.7660361518995,-16.9511701875554
140,206_fs2-00008.jpg,48.9695600742905,-17.5087213687547
141,206_fs2-00008.jpg,49.1761087741073,-18.0629594671661
142,206_fs2-00008.jpg,49.386097678924,-18.6135635938046
143,206_fs2-00008.jpg,49.5999422163149,-19.160212859685
144,206_fs2-00008.jpg,49.818057813854,-19.7025863758222
145,206_fs2-00008.jpg,50.0408598991154,-20.2403632532314
146,206_fs2-00008.jpg,50.2687638996734,-20.7732226029272
147,206_fs2-00008.jpg,50.5021852431021,-21.3008435359246
148,206_fs2-00008.jpg,50.7415393569757,-21.8229051632385
149,206_fs2-00008.jpg,50.9872416688683,-22.3390865958839
150,206_fs2-00008.jpg,51.239707606354,-22.8490669448756
151,206_fs2-00008.jpg,51.499352597007,-23.3525253212286
152,206_fs2-00008.jpg,51.7665920684015,-23.8491408359578
153,206_fs2-00008.jpg,52.0418414481115,-24.338592600078
154,206_fs2-00008.jpg,52.3255161637114,-24.8205597246043
155,206_fs2-00008.jpg,52.6180316427752,-25.2947213205514
156,206_fs2-00008.jpg,52.919803312877,-25.7607564989345
157,206_fs2-00008.jpg,53.231305821169,-26.2183443707682
158,206_fs2-00008.jpg,53.5551948338007,-26.6671640470676
159,206_fs2-00008.jpg,53.8926051008467,-27.1068946388476
160,206_fs2-00008.jpg,54.2433722011739,-27.537215257123
161,206_fs2-00008.jpg,54.607331713649,-27.9578050129088
162,206_fs2-00008.jpg,54.9843192171389,-28.3683430172198
163,206_fs2-00008.jpg,55.3741702905104,-28.7685083810712
164,206_fs2-00008.jpg,55.7767205126304,-29.1579802154776
165,206_fs2-00008.jpg,56.1918054623656,-29.5364376314541
166,206_fs2-00008.jpg,56.6192607185827,-29.9035597400156
167,206_fs2-00008.jpg,57.0589218601487,-30.2590256521768
168,206_fs2-00008.jpg,57.5106244659304,-30.602514478953
169,206_fs2-00008.jpg,57.9742041147945,-30.9337053313587
170,206_fs2-00008.jpg,58.449496385608,-31.2522773204091
171,206_fs2-00008.jpg,58.9363368572374,-31.5579095571189
172,206_fs2-00008.jpg,59.4345611085499,-31.8502811525032
173,206_fs2-00008.jpg,59.944004718412,-32.1290712175767
174,206_fs2-00008.jpg,60.4645032656907,-32.3939588633546
175,206_fs2-00008.jpg,60.9958923292527,-32.6446232008516
176,206_fs2-00008.jpg,61.5380074879648,-32.8807433410828
177,206_fs2-00008.jpg,62.090684320694,-33.1019983950628
178,206_fs2-00008.jpg,62.6537584063068,-33.3080674738068
179,206_fs2-00008.jpg,63.2270653236703,-33.4986296883296
180,206_fs2-00008.jpg,63.8104406516512,-33.6733641496461
181,206_fs2-00008.jpg,64.4037199691163,-33.8319499687712
182,206_fs2-00008.jpg,65.0067388549325,-33.9740662567199
183,206_fs2-00008.jpg,65.6193328879664,-34.0993921245071
184,206_fs2-00008.jpg,66.2413376470851,-34.2076066831476
185,206_fs2-00008.jpg,66.8725887111551,-34.2983890436564
186,206_fs2-00008.jpg,67.5129216590435,-34.3714183170484
187,206_fs2-00008.jpg,68.162172069617,-34.4263736143385
188,206_fs2-00008.jpg,68.8201755217423,-34.4629340465415
189,206_fs2-00008.jpg,69.4867675942864,-34.4807787246726
190,206_fs2-00008.jpg,70.161783866116,-34.4795867597465
191,206_fs2-00008.jpg,70.8450599160979,-34.4590372627782
192,206_fs2-00008.jpg,71.536431323099,-34.4188093447825
193,206_fs2-00008.jpg,72.2357336659861,-34.3585821167744
194,206_fs2-00008.jpg,72.9428025236259,-34.2780346897687
195,206_fs2-00008.jpg,73.6574734748853,-34.1768461747806
196,206_fs2-00008.jpg,74.3795820986311,-34.0546956828247
197,206_fs2-00008.jpg,75.1089639737301,-33.911262324916
198,206_fs2-00008.jpg,75.8454546790492,-33.7462252120695
199,206_fs2-00008.jpg,76.5888897934551,-33.5592634553
200,206_fs2-00008.jpg,77.3391048958146,-33.3500561656226
1,206_fs2-00009.jpg,15.1694796492662,76.4048043584689
2,206_fs2-00009.jpg,15.0850923390728,75.8879750944026
3,206_fs2-00009.jpg,15.004991318829,75.3698437346474
4,206_fs2-00009.jpg,14.9290744647563,74.8504597280254
5,206_fs2-00009.jpg,14.8572396530764,74.3298725233588
6,206_fs2-00009.jpg,14.7893847600106,73.8081315694697
7,206_fs2-00009.jpg,14.7254076617808,73.28528631518
8,206_fs2-00009.jpg,14.6652062346084,72.7613862093119
9,206_fs2-00009.jpg,14.6086783547151,72.2364807006876
10,206_fs2-00009.jpg,14.5557218983224,71.710619238129
11,206_fs2-00009.jpg,14.5062347416518,71.1838512704584
12,206_fs2-00009.jpg,14.460114760925,70.6562262464977
13,206_fs2-00009.jpg,14.4172598323635,70.1277936150691
14,206_fs2-00009.jpg,14.377567832189,69.5986028249946
15,206_fs2-00009.jpg,14.3409366366229,69.0687033250964
16,206_fs2-00009.jpg,14.3072641218869,68.5381445641966
17,206_fs2-00009.jpg,14.2764481642026,68.0069759911171
18,206_fs2-00009.jpg,14.2483866397915,67.4752470546802
19,206_fs2-00009.jpg,14.2229774248752,66.9430072037079
20,206_fs2-00009.jpg,14.2001183956753,66.4103058870223
21,206_fs2-00009.jpg,14.1797074284133,65.8771925534456
22,206_fs2-00009.jpg,14.161642399311,65.3437166517997
23,206_fs2-00009.jpg,14.1458211845897,64.8099276309068
24,206_fs2-00009.jpg,14.1321416604712,64.275874939589
25,206_fs2-00009.jpg,14.120501703177,63.7416080266683
26,206_fs2-00009.jpg,14.1107991889286,63.2071763409669
27,206_fs2-00009.jpg,14.1029319939476,62.6726293313068
28,206_fs2-00009.jpg,14.0967979944557,62.1380164465102
29,206_fs2-00009.jpg,14.0922950666744,61.6033871353991
30,206_fs2-00009.jpg,14.0893210868252,61.0687908467957
31,206_fs2-00009.jpg,14.0877739311298,60.5342770295219
32,206_fs2-00009.jpg,14.0878463111404,59.9998951324
33,206_fs2-00009.jpg,14.0933504707631,59.4656946042519
34,206_fs2-00009.jpg,14.105283862783,58.9317248938999
35,206_fs2-00009.jpg,14.1233888650377,58.3980354501658
36,206_fs2-00009.jpg,14.1474078553645,57.864675721872
37,206_fs2-00009.jpg,14.177083211601,57.3316951578404
38,206_fs2-00009.jpg,14.2121573115846,56.7991432068933
39,206_fs2-00009.jpg,14.2523725331528,56.2670693178525
40,206_fs2-00009.jpg,14.2974712541431,55.7355229395403
41,206_fs2-00009.jpg,14.347195852393,55.2045535207787
42,206_fs2-00009.jpg,14.40128870574,54.6742105103898
43,206_fs2-00009.jpg,14.4594921920215,54.1445433571957
44,206_fs2-00009.jpg,14.5215486890751,53.6156015100186
45,206_fs2-00009.jpg,14.5872005747381,53.0874344176804
46,206_fs2-00009.jpg,14.6561902268482,52.5600915290033
47,206_fs2-00009.jpg,14.7282600232428,52.0336222928094
48,206_fs2-00009.jpg,14.8031523417593,51.5080761579207
49,206_fs2-00009.jpg,14.8806095602353,50.9835025731595
50,206_fs2-00009.jpg,14.9603740565082,50.4599509873476
51,206_fs2-00009.jpg,15.0421882084155,49.9374708493073
52,206_fs2-00009.jpg,15.1257943937946,49.4161116078606
53,206_fs2-00009.jpg,15.2109349904832,48.8959227118297
54,206_fs2-00009.jpg,15.2973523763187,48.3769536100365
55,206_fs2-00009.jpg,15.3847889291385,47.8592537513032
56,206_fs2-00009.jpg,15.4729870267801,47.342872584452
57,206_fs2-00009.jpg,15.5624621603117,46.8278595130907
58,206_fs2-00009.jpg,15.6618435779468,46.3142616098532
59,206_fs2-00009.jpg,15.7732707672658,45.8021225383464
60,206_fs2-00009.jpg,15.896323212825,45.2914856915369
61,206_fs2-00009.jpg,16.0305803991804,44.7823944623913
62,206_fs2-00009.jpg,16.1756218108881,44.2748922438764
63,206_fs2-00009.jpg,16.3310269325043,43.769022428959
64,206_fs2-00009.jpg,16.4963752485851,43.2648284106056
65,206_fs2-00009.jpg,16.6712462436868,42.7623535817829
66,206_fs2-00009.jpg,16.8552194023653,42.2616413354577
67,206_fs2-00009.jpg,17.0478742091769,41.7627350645967
68,206_fs2-00009.jpg,17.2487901486776,41.2656781621666
69,206_fs2-00009.jpg,17.4575467054237,40.770514021134
70,206_fs2-00009.jpg,17.6737233639713,40.2772860344656
71,206_fs2-00009.jpg,17.8968996088764,39.7860375951283
72,206_fs2-00009.jpg,18.1266549246953,39.2968120960886
73,206_fs2-00009.jpg,18.362568795984,38.8096529303131
74,206_fs2-00009.jpg,18.6042207072988,38.3246034907688
75,206_fs2-00009.jpg,18.8511901431957,37.8417071704221
76,206_fs2-00009.jpg,19.1030565882309,37.3610073622399
77,206_fs2-00009.jpg,19.3593995269605,36.8825474591889
78,206_fs2-00009.jpg,19.6197984439407,36.4063708542356
79,206_fs2-00009.jpg,19.8838328237276,35.9325209403468
80,206_fs2-00009.jpg,20.1510821508773,35.4610411104893
81,206_fs2-00009.jpg,20.421125909946,34.9919747576297
82,206_fs2-00009.jpg,20.6935435854898,34.5253652747347
83,206_fs2-00009.jpg,20.9679146620649,34.0612560547709
84,206_fs2-00009.jpg,21.2438186242273,33.5996904907052
85,206_fs2-00009.jpg,21.5208349565332,33.1407119755042
86,206_fs2-00009.jpg,21.7985431435389,32.6843639021345
87,206_fs2-00009.jpg,22.0765226698003,32.230689663563
88,206_fs2-00009.jpg,22.3543530198737,31.7797326527562
89,206_fs2-00009.jpg,22.6316136783151,31.3315362626809
90,206_fs2-00009.jpg,22.9078841296808,30.8861438863037
91,206_fs2-00009.jpg,23.1827438585267,30.4435989165915
92,206_fs2-00009.jpg,23.4557723494092,30.0039447465108
93,206_fs2-00009.jpg,23.7270684160774,29.5672240224356
94,206_fs2-00009.jpg,24.0043174491403,29.1334224324872
95,206_fs2-00009.jpg,24.28987499747,28.7024295692333
96,206_fs2-00009.jpg,24.5833151674316,28.2741257735229
97,206_fs2-00009.jpg,24.8842120653903,27.8483913862052
98,206_fs2-00009.jpg,25.1921397977111,27.4251067481292
99,206_fs2-00009.jpg,25.5066724707593,27.0041522001441
100,206_fs2-00009.jpg,25.8273841908999,26.5854080830991
101,206_fs2-00009.jpg,26.1538490644981,26.1687547378432
102,206_fs2-00009.jpg,26.485641197919,25.7540725052257
103,206_fs2-00009.jpg,26.8223346975277,25.3412417260955
104,206_fs2-00009.jpg,27.1635036696892,24.9301427413019
105,206_fs2-00009.jpg,27.5087222207689,24.520655891694
106,206_fs2-00009.jpg,27.8575644571317,24.1126615181209
107,206_fs2-00009.jpg,28.2096044851428,23.7060399614318
108,206_fs2-00009.jpg,28.5644164111674,23.3006715624757
109,206_fs2-00009.jpg,28.9215743415706,22.8964366621017
110,206_fs2-00009.jpg,29.2806523827174,22.4932156011591
111,206_fs2-00009.jpg,29.6412246409731,22.090888720497
112,206_fs2-00009.jpg,30.0028652227026,21.6893363609644
113,206_fs2-00009.jpg,30.3651482342712,21.2884388634105
114,206_fs2-00009.jpg,30.727647782044,20.8880765686844
115,206_fs2-00009.jpg,31.0899379723862,20.4881298176353
116,206_fs2-00009.jpg,31.4515929116627,20.0884789511123
117,206_fs2-00009.jpg,31.8121867062388,19.6890043099644
118,206_fs2-00009.jpg,32.1712934624796,19.2895862350409
119,206_fs2-00009.jpg,32.5284872867501,18.8901050671909
120,206_fs2-00009.jpg,32.8833422854157,18.4904411472634
121,206_fs2-00009.jpg,33.2354325648412,18.0904748161076
122,206_fs2-00009.jpg,33.584332231392,17.6900864145728
123,206_fs2-00009.jpg,33.9296153914331,17.2891562835079
124,206_fs2-00009.jpg,34.2708561513296,16.887564763762
125,206_fs2-00009.jpg,34.6076286174467,16.4851921961844
126,206_fs2-00009.jpg,34.9395068961494,16.0819189216242
127,206_fs2-00009.jpg,35.266065093803,15.6776252809304
128,206_fs2-00009.jpg,35.5868773167725,15.2721916149522
129,206_fs2-00009.jpg,35.90376451018,14.8655008440819
130,206_fs2-00009.jpg,36.2270546632134,14.4574821209583
131,206_fs2-00009.jpg,36.5575034301438,14.0481045475652
132,206_fs2-00009.jpg,36.8944244115531,13.6373385404387
133,206_fs2-00009.jpg,37.2371312080235,13.2251545161149
134,206_fs2-00009.jpg,37.584937420137,12.8115228911299
135,206_fs2-00009.jpg,37.9371566484758,12.3964140820199
136,206_fs2-00009.jpg,38.2931024936218,11.9797985053211
137,206_fs2-00009.jpg,38.6520885561572,11.5616465775695
138,206_fs2-00009.jpg,39.0134284366641,11.1419287153013
139,206_fs2-00009.jpg,39.3764357357245,10.7206153350527
140,206_fs2-00009.jpg,39.7404240539206,10.2976768533597
141,206_fs2-00009.jpg,40.1047069918344,9.87308368675855
142,206_fs2-00009.jpg,40.468598150048,9.44680625178529
143,206_fs2-00009.jpg,40.8314111291435,9.01881496497612
144,206_fs2-00009.jpg,41.192459529703,8.58908024286717
145,206_fs2-00009.jpg,41.5510569523086,8.15757250199459
146,206_fs2-00009.jpg,41.9065169975422,7.72426215889448
147,206_fs2-00009.jpg,42.2581532659862,7.28911963010302
148,206_fs2-00009.jpg,42.6052793582223,6.8521153321563
149,206_fs2-00009.jpg,42.9472088748329,6.41321968159048
150,206_fs2-00009.jpg,43.2832554164,5.97240309494168
151,206_fs2-00009.jpg,43.6127325835057,5.52963598874601
152,206_fs2-00009.jpg,43.934953976732,5.08488877953971
153,206_fs2-00009.jpg,44.249233196661,4.63813188385882
154,206_fs2-00009.jpg,44.5548838438748,4.18933571823953
155,206_fs2-00009.jpg,44.8512195189556,3.73847069921794
156,206_fs2-00009.jpg,45.1375538224853,3.28550724333019
157,206_fs2-00009.jpg,45.4132003550461,2.83041576711241
158,206_fs2-00009.jpg,45.67747271722,2.37316668710076
159,206_fs2-00009.jpg,45.9296845095892,1.91373041983138
160,206_fs2-00009.jpg,46.1691493327357,1.45207738184041
161,206_fs2-00009.jpg,46.3951807872416,0.988177989663939
162,206_fs2-00009.jpg,46.607092473689,0.522002659838165
163,206_fs2-00009.jpg,46.8041979926599,0.0535218088991769
164,206_fs2-00009.jpg,46.9858109447365,-0.417294146616882
165,206_fs2-00009.jpg,47.1512449305008,-0.890474790173869
166,206_fs2-00009.jpg,47.299813550535,-1.36604970523564
167,206_fs2-00009.jpg,47.430830405421,-1.84404847526605
168,206_fs2-00009.jpg,47.5436090957411,-2.32450068372901
169,206_fs2-00009.jpg,47.6375480737657,-2.80743591408833
170,206_fs2-00009.jpg,47.7229645605044,-3.29288374980786
171,206_fs2-00009.jpg,47.8072600846799,-3.78087377435156
172,206_fs2-00009.jpg,47.8903207660506,-4.27143557118319
173,206_fs2-00009.jpg,47.9720327243754,-4.76459872376671
174,206_fs2-00009.jpg,48.0522820794129,-5.26039281556581
175,206_fs2-00009.jpg,48.1309549509218,-5.75884743004457
176,206_fs2-00009.jpg,48.2079374586606,-6.25999215066673
177,206_fs2-00009.jpg,48.2831157223882,-6.76385656089627
178,206_fs2-00009.jpg,48.3563758618632,-7.27047024419682
179,206_fs2-00009.jpg,48.4276039968443,-7.77986278403245
180,206_fs2-00009.jpg,48.4966862470901,-8.29206376386702
181,206_fs2-00009.jpg,48.5635087323593,-8.80710276716428
182,206_fs2-00009.jpg,48.6279575724105,-9.32500937738808
183,206_fs2-00009.jpg,48.6899188870025,-9.84581317800252
184,206_fs2-00009.jpg,48.7492787958939,-10.3695437524711
185,206_fs2-00009.jpg,48.8059234188433,-10.896230684258
186,206_fs2-00009.jpg,48.8597388756096,-11.425903556827
187,206_fs2-00009.jpg,48.9106112859512,-11.9585919536418
188,206_fs2-00009.jpg,48.958426769627,-12.4943254581665
189,206_fs2-00009.jpg,49.0030714463956,-13.0331336538648
190,206_fs2-00009.jpg,49.0444314360155,-13.5750461242007
191,206_fs2-00009.jpg,49.0823928582456,-14.1200924526379
192,206_fs2-00009.jpg,49.1168418328445,-14.6683022226404
193,206_fs2-00009.jpg,49.1476644795709,-15.219705017672
194,206_fs2-00009.jpg,49.1747469181834,-15.7743304211966
195,206_fs2-00009.jpg,49.1979752684406,-16.332208016678
196,206_fs2-00009.jpg,49.2172356501014,-16.8933673875801
197,206_fs2-00009.jpg,49.2324141829243,-17.4578381173667
198,206_fs2-00009.jpg,49.243396986668,-18.0256497895019
199,206_fs2-00009.jpg,49.2500701810912,-18.5968319874493
200,206_fs2-00009.jpg,49.2523198859525,-19.1714142946728
1,206_fs2-00010.jpg,22.2249882432365,96.0610455531716
2,206_fs2-00010.jpg,22.1080545442212,95.5235975339574
3,206_fs2-00010.jpg,21.990067951813,94.9868309062044
4,206_fs2-00010.jpg,21.8710434605956,94.4507281182048
5,206_fs2-00010.jpg,21.7509960651523,93.9152716182509
6,206_fs2-00010.jpg,21.6299407600668,93.3804438546347
7,206_fs2-00010.jpg,21.5078925399227,92.8462272756485
8,206_fs2-00010.jpg,21.3848663993034,92.3126043295845
9,206_fs2-00010.jpg,21.2608773327926,91.7795574647349
10,206_fs2-00010.jpg,21.1359403349738,91.2470691293919
11,206_fs2-00010.jpg,21.0100704004305,90.7151217718476
12,206_fs2-00010.jpg,20.8832825237463,90.1836978403944
13,206_fs2-00010.jpg,20.7555916995047,89.6527797833242
14,206_fs2-00010.jpg,20.6270129222894,89.1223500489294
15,206_fs2-00010.jpg,20.4975611866838,88.5923910855022
16,206_fs2-00010.jpg,20.3672514872716,88.0628853413348
17,206_fs2-00010.jpg,20.2360988186362,87.5338152647192
18,206_fs2-00010.jpg,20.1041181753612,87.0051633039479
19,206_fs2-00010.jpg,19.9713245520302,86.4769119073128
20,206_fs2-00010.jpg,19.8377329432267,85.9490435231063
21,206_fs2-00010.jpg,19.7033583435343,85.4215405996205
22,206_fs2-00010.jpg,19.5682157475366,84.8943855851476
23,206_fs2-00010.jpg,19.432320149817,84.3675609279799
24,206_fs2-00010.jpg,19.2956865449592,83.8410490764094
25,206_fs2-00010.jpg,19.1583299275466,83.3148324787284
26,206_fs2-00010.jpg,19.0202652921629,82.7888935832291
27,206_fs2-00010.jpg,18.8815076333916,82.2632148382038
28,206_fs2-00010.jpg,18.7420719458162,81.7377786919445
29,206_fs2-00010.jpg,18.6019530674642,81.2125675927435
30,206_fs2-00010.jpg,18.4594476955364,80.687563988893
31,206_fs2-00010.jpg,18.3137083676095,80.1627503286851
32,206_fs2-00010.jpg,18.1650893849719,79.6381090604122
33,206_fs2-00010.jpg,18.0139450489118,79.1136226323663
34,206_fs2-00010.jpg,17.8606296607174,78.5892734928396
35,206_fs2-00010.jpg,17.705497521677,78.0650440901244
36,206_fs2-00010.jpg,17.5489029330789,77.5409168725128
37,206_fs2-00010.jpg,17.3912001962112,77.0168742882971
38,206_fs2-00010.jpg,17.2327436123624,76.4928987857695
39,206_fs2-00010.jpg,17.0738874828205,75.968972813222
40,206_fs2-00010.jpg,16.9149861088739,75.445078818947
41,206_fs2-00010.jpg,16.7563937918108,74.9211992512366
42,206_fs2-00010.jpg,16.5984648329195,74.397316558383
43,206_fs2-00010.jpg,16.4415535334882,73.8734131886785
44,206_fs2-00010.jpg,16.2860141948053,73.3494715904151
45,206_fs2-00010.jpg,16.1322011181588,72.8254742118851
46,206_fs2-00010.jpg,15.9804686048371,72.3014035013808
47,206_fs2-00010.jpg,15.8311709561286,71.7772419071942
48,206_fs2-00010.jpg,15.6846624733213,71.2529718776176
49,206_fs2-00010.jpg,15.5412974577035,70.7285758609432
50,206_fs2-00010.jpg,15.4014302105636,70.2040363054632
51,206_fs2-00010.jpg,15.2621686651913,69.6793344265363
52,206_fs2-00010.jpg,15.1171333412098,69.1544419885383
53,206_fs2-00010.jpg,14.9668645477468,68.6293263835692
54,206_fs2-00010.jpg,14.8121388193994,68.1039549800091
55,206_fs2-00010.jpg,14.6537326907645,67.5782951462381
56,206_fs2-00010.jpg,14.492422696439,67.0523142506364
57,206_fs2-00010.jpg,14.3289853710196,66.5259796615841
58,206_fs2-00010.jpg,14.1641972491034,65.9992587474615
59,206_fs2-00010.jpg,13.9988348652874,65.4721188766487
60,206_fs2-00010.jpg,13.8336747541683,64.9445274175257
61,206_fs2-00010.jpg,13.6694934503431,64.4164517384729
62,206_fs2-00010.jpg,13.5070674884086,63.8878592078703
63,206_fs2-00010.jpg,13.3471734029619,63.3587171940982
64,206_fs2-00010.jpg,13.1905877285997,62.8289930655367
65,206_fs2-00010.jpg,13.038086999919,62.2986541905659
66,206_fs2-00010.jpg,12.8904477515167,61.767667937566
67,206_fs2-00010.jpg,12.7484465179897,61.2360016749172
68,206_fs2-00010.jpg,12.612859833935,60.7036227709996
69,206_fs2-00010.jpg,12.4844642339493,60.1704985941934
70,206_fs2-00010.jpg,12.3640362526296,59.6365965128787
71,206_fs2-00010.jpg,12.2523524245729,59.1018838954358
72,206_fs2-00010.jpg,12.150189284376,58.5663281102447
73,206_fs2-00010.jpg,12.0583233666358,58.0298965256857
74,206_fs2-00010.jpg,11.9775312059492,57.4925565101389
75,206_fs2-00010.jpg,11.9085893369132,56.9542754319845
76,206_fs2-00010.jpg,11.8522742941246,56.4150206596025
77,206_fs2-00010.jpg,11.8093626121803,55.8747595613733
78,206_fs2-00010.jpg,11.7806308256773,55.3334595056768
79,206_fs2-00010.jpg,11.7668554692124,54.7910878608934
80,206_fs2-00010.jpg,11.7663695666342,54.2476183736833
81,206_fs2-00010.jpg,11.7702091970938,53.7031131381775
82,206_fs2-00010.jpg,11.7773812886405,53.1576988052929
83,206_fs2-00010.jpg,11.7877914926281,52.611503498792
84,206_fs2-00010.jpg,11.8013454604102,52.0646553424375
85,206_fs2-00010.jpg,11.8179488433407,51.5172824599919
86,206_fs2-00010.jpg,11.8375072927732,50.9695129752176
87,206_fs2-00010.jpg,11.8599264600614,50.4214750118774
88,206_fs2-00010.jpg,11.8851119965591,49.8732966937338
89,206_fs2-00010.jpg,11.9129695536198,49.3251061445492
90,206_fs2-00010.jpg,11.9434047825974,48.7770314880863
91,206_fs2-00010.jpg,11.9763233348455,48.2292008481076
92,206_fs2-00010.jpg,12.0116308617178,47.6817423483757
93,206_fs2-00010.jpg,12.0492330145681,47.1347841126531
94,206_fs2-00010.jpg,12.0890354447501,46.5884542647024
95,206_fs2-00010.jpg,12.1309438036174,46.0428809282862
96,206_fs2-00010.jpg,12.1748637425238,45.4981922271669
97,206_fs2-00010.jpg,12.2207009128229,44.9545162851072
98,206_fs2-00010.jpg,12.2683609658685,44.4119812258696
99,206_fs2-00010.jpg,12.3177495530143,43.8707151732167
100,206_fs2-00010.jpg,12.368772325614,43.330846250911
101,206_fs2-00010.jpg,12.4213349350212,42.7925025827151
102,206_fs2-00010.jpg,12.4753430325898,42.2558122923915
103,206_fs2-00010.jpg,12.5379400001735,41.7209121558211
104,206_fs2-00010.jpg,12.6240993481646,41.1880056685631
105,206_fs2-00010.jpg,12.7332422633293,40.6573273516508
106,206_fs2-00010.jpg,12.8642509339073,40.1291118981712
107,206_fs2-00010.jpg,13.0160075481385,39.6035940012112
108,206_fs2-00010.jpg,13.1873942942624,39.0810083538577
109,206_fs2-00010.jpg,13.3772933605188,38.5615896491976
110,206_fs2-00010.jpg,13.5845869351473,38.0455725803179
111,206_fs2-00010.jpg,13.8081572063877,37.5331918403055
112,206_fs2-00010.jpg,14.0468863624797,37.0246821222473
113,206_fs2-00010.jpg,14.2996565916631,36.5202781192302
114,206_fs2-00010.jpg,14.5653500821774,36.0202145243412
115,206_fs2-00010.jpg,14.8428490222623,35.5247260306672
116,206_fs2-00010.jpg,15.1310356001578,35.0340473312951
117,206_fs2-00010.jpg,15.4287920041033,34.5484131193119
118,206_fs2-00010.jpg,15.7350004223386,34.0680580878044
119,206_fs2-00010.jpg,16.0485430431035,33.5932169298597
120,206_fs2-00010.jpg,16.3683020546375,33.1241243385645
121,206_fs2-00010.jpg,16.6931596451805,32.661015007006
122,206_fs2-00010.jpg,17.0219980029722,32.2041236282708
123,206_fs2-00010.jpg,17.3536993162521,31.7536848954461
124,206_fs2-00010.jpg,17.6871457732601,31.3099335016187
125,206_fs2-00010.jpg,18.0212195622359,30.8731041398756
126,206_fs2-00010.jpg,18.3548028714191,30.4434315033037
127,206_fs2-00010.jpg,18.6867778890494,30.0211502849899
128,206_fs2-00010.jpg,19.0160268033666,29.606495178021
129,206_fs2-00010.jpg,19.3414318026104,29.1997008754842
130,206_fs2-00010.jpg,19.6639650795395,28.8009940567982
131,206_fs2-00010.jpg,19.9984339618455,28.4103589191618
132,206_fs2-00010.jpg,20.3473818713112,28.0274996430646
133,206_fs2-00010.jpg,20.7101201014632,27.6521048396535
134,206_fs2-00010.jpg,21.0859599458283,27.2838631200755
135,206_fs2-00010.jpg,21.4742126979331,26.9224630954774
136,206_fs2-00010.jpg,21.8741896513042,26.5675933770061
137,206_fs2-00010.jpg,22.2852020994683,26.2189425758086
138,206_fs2-00010.jpg,22.7065613359521,25.8761993030316
139,206_fs2-00010.jpg,23.1375786542823,25.5390521698221
140,206_fs2-00010.jpg,23.5775653479855,25.2071897873271
141,206_fs2-00010.jpg,24.0258327105882,24.8803007666933
142,206_fs2-00010.jpg,24.4816920356174,24.5580737190677
143,206_fs2-00010.jpg,24.9444546165994,24.2401972555971
144,206_fs2-00010.jpg,25.4134317470612,23.9263599874285
145,206_fs2-00010.jpg,25.8879347205292,23.6162505257088
146,206_fs2-00010.jpg,26.3672748305302,23.3095574815848
147,206_fs2-00010.jpg,26.8507633705908,23.0059694662034
148,206_fs2-00010.jpg,27.3377116342377,22.7051750907115
149,206_fs2-00010.jpg,27.8274309149975,22.4068629662561
150,206_fs2-00010.jpg,28.3192325063969,22.1107217039839
151,206_fs2-00010.jpg,28.8124277019626,21.816439915042
152,206_fs2-00010.jpg,29.3063277952213,21.5237062105771
153,206_fs2-00010.jpg,29.8002440796994,21.2322092017363
154,206_fs2-00010.jpg,30.2934878489239,20.9416374996663
155,206_fs2-00010.jpg,30.7853703964213,20.6516797155141
156,206_fs2-00010.jpg,31.2752030157182,20.3620244604265
157,206_fs2-00010.jpg,31.7622970003413,20.0723603455505
158,206_fs2-00010.jpg,32.2459636438174,19.7823759820329
159,206_fs2-00010.jpg,32.725514239673,19.4917599810207
160,206_fs2-00010.jpg,33.2002600814348,19.2002009536606
161,206_fs2-00010.jpg,33.6695124626295,18.9073875110997
162,206_fs2-00010.jpg,34.1325826767837,18.6130082644848
163,206_fs2-00010.jpg,34.5887820174241,18.3167518249628
164,206_fs2-00010.jpg,35.0374217780774,18.0183068036806
165,206_fs2-00010.jpg,35.4778132522702,17.7173618117851
166,206_fs2-00010.jpg,35.9092677335291,17.4136054604231
167,206_fs2-00010.jpg,36.3310965153809,17.1067263607417
168,206_fs2-00010.jpg,36.7426108913522,16.7964131238875
169,206_fs2-00010.jpg,37.1431221549696,16.4823543610077
170,206_fs2-00010.jpg,37.5319415997598,16.1642386832489
171,206_fs2-00010.jpg,37.909467038147,15.8417547017582
172,206_fs2-00010.jpg,38.2826657178878,15.5145910276825
173,206_fs2-00010.jpg,38.6528891870967,15.1824362721685
174,206_fs2-00010.jpg,39.0201230077037,14.8449790463633
175,206_fs2-00010.jpg,39.3843527416388,14.5019079614136
176,206_fs2-00010.jpg,39.7455639508319,14.1529116284665
177,206_fs2-00010.jpg,40.1037421972128,13.7976786586687
178,206_fs2-00010.jpg,40.4588730427117,13.4358976631672
179,206_fs2-00010.jpg,40.8109420492583,13.0672572531089
180,206_fs2-00010.jpg,41.1599347787827,12.6914460396407
181,206_fs2-00010.jpg,41.5058367932148,12.3081526339094
182,206_fs2-00010.jpg,41.8486336544846,11.9170656470619
183,206_fs2-00010.jpg,42.1883109245218,11.5178736902452
184,206_fs2-00010.jpg,42.5248541652567,11.1102653746061
185,206_fs2-00010.jpg,42.8582489386189,10.6939293112915
186,206_fs2-00010.jpg,43.1884808065386,10.2685541114484
187,206_fs2-00010.jpg,43.5155353309456,9.8338283862235
188,206_fs2-00010.jpg,43.8393980737699,9.38944074676385
189,206_fs2-00010.jpg,44.1600545969414,8.93507980421629
190,206_fs2-00010.jpg,44.4774904623901,8.4704341697277
191,206_fs2-00010.jpg,44.7916912320459,7.99519245444492
192,206_fs2-00010.jpg,45.1026424678387,7.50904326951496
193,206_fs2-00010.jpg,45.4103297316985,7.01167522608466
194,206_fs2-00010.jpg,45.7147385855552,6.50277693530091
195,206_fs2-00010.jpg,46.0158545913388,5.98203700831056
196,206_fs2-00010.jpg,46.3136633109793,5.44914405626059
197,206_fs2-00010.jpg,46.6081503064065,4.90378669029781
198,206_fs2-00010.jpg,46.8993011395503,4.34565352156915
199,206_fs2-00010.jpg,47.1871013723408,3.77443316122151
200,206_fs2-00010.jpg,47.4715365667079,3.18981422040173
1,206_fs2-00011.jpg,31.3768620104949,116.731656993014
2,206_fs2-00011.jpg,31.167941343532,116.217751515718
3,206_fs2-00011.jpg,30.9592542683442,115.702812371903
4,206_fs2-00011.jpg,30.7508005057541,115.186868920576
5,206_fs2-00011.jpg,30.5425797765843,114.669950520743
6,206_fs2-00011.jpg,30.3345918016576,114.152086531409
7,206_fs2-00011.jpg,30.1268363017966,113.633306311581
8,206_fs2-00011.jpg,29.9193129978239,113.113639220264
9,206_fs2-00011.jpg,29.7120216105622,112.593114616466
10,206_fs2-00011.jpg,29.5049618608342,112.071761859192
11,206_fs2-00011.jpg,29.2981334694625,111.549610307448
12,206_fs2-00011.jpg,29.0915361572698,111.02668932024
13,206_fs2-00011.jpg,28.8851696450787,110.503028256574
14,206_fs2-00011.jpg,28.6790336537119,109.978656475457
15,206_fs2-00011.jpg,28.4731279039921,109.453603335894
16,206_fs2-00011.jpg,28.2674521167419,108.927898196892
17,206_fs2-00011.jpg,28.062006012784,108.401570417456
18,206_fs2-00011.jpg,27.856789312941,107.874649356593
19,206_fs2-00011.jpg,27.6518017380356,107.347164373309
20,206_fs2-00011.jpg,27.4470430088904,106.81914482661
21,206_fs2-00011.jpg,27.2425128463282,106.290620075502
22,206_fs2-00011.jpg,27.0382109711715,105.761619478991
23,206_fs2-00011.jpg,26.834137104243,105.232172396083
24,206_fs2-00011.jpg,26.6302909663654,104.702308185785
25,206_fs2-00011.jpg,26.4266722783613,104.172056207101
26,206_fs2-00011.jpg,26.2232807610534,103.64144581904
27,206_fs2-00011.jpg,26.0201161352645,103.110506380605
28,206_fs2-00011.jpg,25.8171781218169,102.579267250805
29,206_fs2-00011.jpg,25.6144664415336,102.047757788644
30,206_fs2-00011.jpg,25.4119808152371,101.516007353128
31,206_fs2-00011.jpg,25.2097209637501,100.984045303265
32,206_fs2-00011.jpg,25.0076866078953,100.45190099806
33,206_fs2-00011.jpg,24.8058774684952,99.9196037965185
34,206_fs2-00011.jpg,24.6042932663726,99.3871830576473
35,206_fs2-00011.jpg,24.4029337223502,98.8546681404524
36,206_fs2-00011.jpg,24.202063520606,98.3220884039397
37,206_fs2-00011.jpg,24.002382794913,97.7894732071155
38,206_fs2-00011.jpg,23.8038347247415,97.2568519089858
39,206_fs2-00011.jpg,23.6063153125804,96.7242538685566
40,206_fs2-00011.jpg,23.4097205609187,96.1917084448341
41,206_fs2-00011.jpg,23.2139464722451,95.6592449968243
42,206_fs2-00011.jpg,23.0188890490487,95.1268928835334
43,206_fs2-00011.jpg,22.8244442938184,94.5946814639674
44,206_fs2-00011.jpg,22.6305082090429,94.0626400971324
45,206_fs2-00011.jpg,22.4369767972113,93.5307981420346
46,206_fs2-00011.jpg,22.2437460608124,92.9991849576799
47,206_fs2-00011.jpg,22.0507120023352,92.4678299030745
48,206_fs2-00011.jpg,21.8577706242685,91.9367623372245
49,206_fs2-00011.jpg,21.6648179291013,91.4060116191359
50,206_fs2-00011.jpg,21.4717499193223,90.8756071078149
51,206_fs2-00011.jpg,21.2784625974207,90.3455781622674
52,206_fs2-00011.jpg,21.0848519658852,89.8159541414997
53,206_fs2-00011.jpg,20.8908140272047,89.2867644045178
54,206_fs2-00011.jpg,20.6962447838682,88.7580383103278
55,206_fs2-00011.jpg,20.5010402383646,88.2298052179358
56,206_fs2-00011.jpg,20.3050963931827,87.7020944863478
57,206_fs2-00011.jpg,20.1083092508114,87.1749354745701
58,206_fs2-00011.jpg,19.9105748137397,86.6483575416085
59,206_fs2-00011.jpg,19.7117890844565,86.1223900464693
60,206_fs2-00011.jpg,19.5118480654506,85.5970623481585
61,206_fs2-00011.jpg,19.310647759211,85.0724038056821
62,206_fs2-00011.jpg,19.1080841682266,84.5484437780465
63,206_fs2-00011.jpg,18.9040532949862,84.0252116242575
64,206_fs2-00011.jpg,18.6984511419788,83.5027367033211
65,206_fs2-00011.jpg,18.4911737116932,82.9810483742438
66,206_fs2-00011.jpg,18.2821170066185,82.4601759960313
67,206_fs2-00011.jpg,18.070471167717,81.9401440371016
68,206_fs2-00011.jpg,17.8541053222486,81.4209206698051
69,206_fs2-00011.jpg,17.6332626488211,80.9024380092073
70,206_fs2-00011.jpg,17.4083681567315,80.3846275811145
71,206_fs2-00011.jpg,17.1798468552767,79.8674209113328
72,206_fs2-00011.jpg,16.9481237537539,79.3507495256686
73,206_fs2-00011.jpg,16.71362386146,78.834544949928
74,206_fs2-00011.jpg,16.476772187692,78.3187387099172
75,206_fs2-00011.jpg,16.2379937417471,77.8032623314425
76,206_fs2-00011.jpg,15.9977135329221,77.2880473403101
77,206_fs2-00011.jpg,15.7563565705142,76.7730252623263
78,206_fs2-00011.jpg,15.5143478638203,76.2581276232971
79,206_fs2-00011.jpg,15.2721124221375,75.743285949029
80,206_fs2-00011.jpg,15.0300752547628,75.2284317653281
81,206_fs2-00011.jpg,14.7886613709932,74.7134965980007
82,206_fs2-00011.jpg,14.5482957801258,74.1984119728529
83,206_fs2-00011.jpg,14.3094034914575,73.683109415691
84,206_fs2-00011.jpg,14.0724095142854,73.1675204523212
85,206_fs2-00011.jpg,13.8377388579065,72.6515766085498
86,206_fs2-00011.jpg,13.6058165316178,72.1352094101829
87,206_fs2-00011.jpg,13.3770675447165,71.6183503830269
88,206_fs2-00011.jpg,13.1519169064993,71.1009310528879
89,206_fs2-00011.jpg,12.9307896262634,70.5828829455721
90,206_fs2-00011.jpg,12.714110713306,70.0641375868858
91,206_fs2-00011.jpg,12.5023051769238,69.5446265026353
92,206_fs2-00011.jpg,12.2957980264139,69.0242812186266
93,206_fs2-00011.jpg,12.0950142710735,68.5030332606661
94,206_fs2-00011.jpg,11.9003789201995,67.9808141545601
95,206_fs2-00011.jpg,11.7123169830889,67.4575554261146
96,206_fs2-00011.jpg,11.5312368364552,66.9331886023398
97,206_fs2-00011.jpg,11.3505712996972,66.4076558185384
98,206_fs2-00011.jpg,11.1652145548155,65.8809356527714
99,206_fs2-00011.jpg,10.9758970726173,65.3530145025467
100,206_fs2-00011.jpg,10.7833493239095,64.8238787653718
101,206_fs2-00011.jpg,10.5883017794993,64.2935148387546
102,206_fs2-00011.jpg,10.3914849101936,63.7619091202029
103,206_fs2-00011.jpg,10.1936291867995,63.2290480072243
104,206_fs2-00011.jpg,9.99546508012418,62.6949178973265
105,206_fs2-00011.jpg,9.79772306097453,62.1595051880175
106,206_fs2-00011.jpg,9.60113360015771,61.6227962768048
107,206_fs2-00011.jpg,9.40642716848077,61.0847775611963
108,206_fs2-00011.jpg,9.21433423675069,60.5454354386996
109,206_fs2-00011.jpg,9.02558527577457,60.0047563068226
110,206_fs2-00011.jpg,8.84091075635945,59.4627265630729
111,206_fs2-00011.jpg,8.66104114931244,58.9193326049584
112,206_fs2-00011.jpg,8.4867069254405,58.3745608299867
113,206_fs2-00011.jpg,8.31863855555082,57.8283976356657
114,206_fs2-00011.jpg,8.15756651045029,57.2808294195029
115,206_fs2-00011.jpg,8.00422126094605,56.7318425790063
116,206_fs2-00011.jpg,7.85933327784522,56.1814235116835
117,206_fs2-00011.jpg,7.72363303195471,55.6295586150423
118,206_fs2-00011.jpg,7.59785099408168,55.0762342865904
119,206_fs2-00011.jpg,7.48271763503317,54.5214369238356
120,206_fs2-00011.jpg,7.37896342561623,53.9651529242856
121,206_fs2-00011.jpg,7.28731883663784,53.4073686854481
122,206_fs2-00011.jpg,7.20851433890516,52.848070604831
123,206_fs2-00011.jpg,7.14328040322522,52.287245079942
124,206_fs2-00011.jpg,7.09234750040503,51.7248785082887
125,206_fs2-00011.jpg,7.05644610125171,51.1609572873789
126,206_fs2-00011.jpg,7.03630667657222,50.5954678147205
127,206_fs2-00011.jpg,7.03219791254838,50.0283974651795
128,206_fs2-00011.jpg,7.03649025881157,49.4598208669641
129,206_fs2-00011.jpg,7.04612060613181,48.8899675620976
130,206_fs2-00011.jpg,7.06091622215735,48.319083016328
131,206_fs2-00011.jpg,7.08070437453642,47.7474126954035
132,206_fs2-00011.jpg,7.10531233091723,47.1752020650722
133,206_fs2-00011.jpg,7.13456735894795,46.6026965910823
134,206_fs2-00011.jpg,7.16829672627682,46.0301417391819
135,206_fs2-00011.jpg,7.20632770055198,45.4577829751193
136,206_fs2-00011.jpg,7.24848754942167,44.8858657646424
137,206_fs2-00011.jpg,7.29460354053407,44.3146355734995
138,206_fs2-00011.jpg,7.34450294153743,43.7443378674387
139,206_fs2-00011.jpg,7.39801302007993,43.1752181122082
140,206_fs2-00011.jpg,7.4549610438097,42.6075217735561
141,206_fs2-00011.jpg,7.51517428037505,42.0414943172304
142,206_fs2-00011.jpg,7.57847999742415,41.4773812089796
143,206_fs2-00011.jpg,7.64470546260515,40.9154279145515
144,206_fs2-00011.jpg,7.71367794356632,40.3558798996945
145,206_fs2-00011.jpg,7.78522470795582,39.7989826301565
146,206_fs2-00011.jpg,7.85917302342187,39.2449815716859
147,206_fs2-00011.jpg,7.93535015761267,38.6941221900306
148,206_fs2-00011.jpg,8.01358337817641,38.1466499509389
149,206_fs2-00011.jpg,8.09369995276131,37.6028103201589
150,206_fs2-00011.jpg,8.17552714901558,37.0628487634389
151,206_fs2-00011.jpg,8.25889223458734,36.5270107465267
152,206_fs2-00011.jpg,8.346728694018,35.9955417351708
153,206_fs2-00011.jpg,8.45254624641035,35.4686871951191
154,206_fs2-00011.jpg,8.57770800704748,34.9466925921199
155,206_fs2-00011.jpg,8.72194855582921,34.4298033919213
156,206_fs2-00011.jpg,8.88500247265557,33.9182650602714
157,206_fs2-00011.jpg,9.0666043374265,33.4123230629184
158,206_fs2-00011.jpg,9.26648873004194,32.9122228656104
159,206_fs2-00011.jpg,9.48439023040186,32.4182099340956
160,206_fs2-00011.jpg,9.72004341840614,31.930529734122
161,206_fs2-00011.jpg,9.97318287395478,31.449427731438
162,206_fs2-00011.jpg,10.2435431769478,30.9751493917915
163,206_fs2-00011.jpg,10.5308589072849,30.5079401809309
164,206_fs2-00011.jpg,10.8348646448663,30.0480455646041
165,206_fs2-00011.jpg,11.1552949695919,29.5957110085594
166,206_fs2-00011.jpg,11.4918844613615,29.1511819785448
167,206_fs2-00011.jpg,11.8443677000752,28.7147039403085
168,206_fs2-00011.jpg,12.2124792656328,28.2865223595988
169,206_fs2-00011.jpg,12.5959537379344,27.8668827021637
170,206_fs2-00011.jpg,12.9945256968799,27.4560304337514
171,206_fs2-00011.jpg,13.4079297223692,27.05421102011
172,206_fs2-00011.jpg,13.8359003943023,26.6616699269876
173,206_fs2-00011.jpg,14.2781722925791,26.2786526201324
174,206_fs2-00011.jpg,14.7344799970997,25.9054045652927
175,206_fs2-00011.jpg,15.2045580877638,25.5421712282164
176,206_fs2-00011.jpg,15.6881411444716,25.1891980746517
177,206_fs2-00011.jpg,16.1849637471228,24.8467305703468
178,206_fs2-00011.jpg,16.6947604756175,24.5150141810499
179,206_fs2-00011.jpg,17.2172659098557,24.1942943725091
180,206_fs2-00011.jpg,17.7522146297372,23.8848166104725
181,206_fs2-00011.jpg,18.299341215162,23.5868263606883
182,206_fs2-00011.jpg,18.8583802460301,23.3005690889046
183,206_fs2-00011.jpg,19.4290663022414,23.0262902608695
184,206_fs2-00011.jpg,20.0111339636959,22.7642353423313
185,206_fs2-00011.jpg,20.6043178102935,22.514649799038
186,206_fs2-00011.jpg,21.2083524219341,22.2777790967378
187,206_fs2-00011.jpg,21.8229723785178,22.0538687011789
188,206_fs2-00011.jpg,22.4479122599444,21.8431640781095
189,206_fs2-00011.jpg,23.0829066461139,21.6459106932775
190,206_fs2-00011.jpg,23.7276901169263,21.4623540124311
191,206_fs2-00011.jpg,24.3819972522815,21.2927395013187
192,206_fs2-00011.jpg,25.0455626320795,21.1373126256882
193,206_fs2-00011.jpg,25.7181208362201,20.9963188512879
194,206_fs2-00011.jpg,26.3994064446034,20.8700036438658
195,206_fs2-00011.jpg,27.0891540371293,20.7586124691701
196,206_fs2-00011.jpg,27.7870981936977,20.662390792949
197,206_fs2-00011.jpg,28.4929734942086,20.5815840809506
198,206_fs2-00011.jpg,29.2065145185619,20.5164377989231
199,206_fs2-00011.jpg,29.9274558466577,20.4671974126144
200,206_fs2-00011.jpg,30.6555320583957,20.4341083877731
1,206_fs2-00012.jpg,45.9837935405032,130.932840424967
2,206_fs2-00012.jpg,45.5973334819769,130.591006175489
3,206_fs2-00012.jpg,45.2129214950863,130.246696114585
4,206_fs2-00012.jpg,44.830567725058,129.899933191448
5,206_fs2-00012.jpg,44.4502823171182,129.550740355269
6,206_fs2-00012.jpg,44.0720754164934,129.199140555241
7,206_fs2-00012.jpg,43.6959571684101,128.845156740555
8,206_fs2-00012.jpg,43.3219377180945,128.488811860405
9,206_fs2-00012.jpg,42.9500272107733,128.130128863982
10,206_fs2-00012.jpg,42.5802357916726,127.769130700478
11,206_fs2-00012.jpg,42.2125736060191,127.405840319086
12,206_fs2-00012.jpg,41.847050799039,127.040280668997
13,206_fs2-00012.jpg,41.4836775159588,126.672474699405
14,206_fs2-00012.jpg,41.122463902005,126.302445359501
15,206_fs2-00012.jpg,40.7634201024039,125.930215598477
16,206_fs2-00012.jpg,40.4065562623819,125.555808365526
17,206_fs2-00012.jpg,40.0518825271654,125.17924660984
18,206_fs2-00012.jpg,39.6994090419809,124.800553280611
19,206_fs2-00012.jpg,39.3491459520548,124.419751327031
20,206_fs2-00012.jpg,39.0011034026135,124.036863698293
21,206_fs2-00012.jpg,38.6552915388834,123.651913343588
22,206_fs2-00012.jpg,38.3117205060909,123.264923212109
23,206_fs2-00012.jpg,37.9704004494624,122.875916253049
24,206_fs2-00012.jpg,37.6313415142244,122.484915415598
25,206_fs2-00012.jpg,37.2945538456032,122.09194364895
26,206_fs2-00012.jpg,36.9600475888253,121.697023902297
27,206_fs2-00012.jpg,36.6278328891171,121.30017912483
28,206_fs2-00012.jpg,36.297919891705,120.901432265743
29,206_fs2-00012.jpg,35.9703187418153,120.500806274227
30,206_fs2-00012.jpg,35.6450395846746,120.098324099474
31,206_fs2-00012.jpg,35.3220925655093,119.694008690677
32,206_fs2-00012.jpg,35.0014878295457,119.287882997028
33,206_fs2-00012.jpg,34.6832355220102,118.879969967719
34,206_fs2-00012.jpg,34.3673457881293,118.470292551943
35,206_fs2-00012.jpg,34.0538287731294,118.05887369889
36,206_fs2-00012.jpg,33.7426946222369,117.645736357755
37,206_fs2-00012.jpg,33.4339534806782,117.230903477728
38,206_fs2-00012.jpg,33.1276154936797,116.814398008003
39,206_fs2-00012.jpg,32.8236908064679,116.396242897771
40,206_fs2-00012.jpg,32.5221895642691,115.976461096224
41,206_fs2-00012.jpg,32.2231219123098,115.555075552556
42,206_fs2-00012.jpg,31.9264979958164,115.132109215957
43,206_fs2-00012.jpg,31.6323279600152,114.70758503562
44,206_fs2-00012.jpg,31.3406219501328,114.281525960737
45,206_fs2-00012.jpg,31.0513901113954,113.853954940501
46,206_fs2-00012.jpg,30.7646425890297,113.424894924104
47,206_fs2-00012.jpg,30.4804575291499,112.994368860738
48,206_fs2-00012.jpg,30.1990721117182,112.562399699595
49,206_fs2-00012.jpg,29.920442433611,112.129010389867
50,206_fs2-00012.jpg,29.6444964229888,111.694223880747
51,206_fs2-00012.jpg,29.3711620080122,111.258063121426
52,206_fs2-00012.jpg,29.1003671168418,110.820551061098
53,206_fs2-00012.jpg,28.8320396776379,110.381710648953
54,206_fs2-00012.jpg,28.5661076185611,109.941564834185
55,206_fs2-00012.jpg,28.3024988677721,109.500136565986
56,206_fs2-00012.jpg,28.0411413534313,109.057448793547
57,206_fs2-00012.jpg,27.7819630036992,108.613524466061
58,206_fs2-00012.jpg,27.5248917467363,108.168386532721
59,206_fs2-00012.jpg,27.2698555107032,107.722057942717
60,206_fs2-00012.jpg,27.0167822237603,107.274561645244
61,206_fs2-00012.jpg,26.7655998140684,106.825920589492
62,206_fs2-00012.jpg,26.5162362097878,106.376157724654
63,206_fs2-00012.jpg,26.2686193390791,105.925295999922
64,206_fs2-00012.jpg,26.0226771301027,105.473358364489
65,206_fs2-00012.jpg,25.7783375110193,105.020367767547
66,206_fs2-00012.jpg,25.5355284099895,104.566347158287
67,206_fs2-00012.jpg,25.2941777551735,104.111319485902
68,206_fs2-00012.jpg,25.0542134747321,103.655307699584
69,206_fs2-00012.jpg,24.8155634968257,103.198334748526
70,206_fs2-00012.jpg,24.578155749615,102.740423581919
71,206_fs2-00012.jpg,24.3419181612602,102.281597148956
72,206_fs2-00012.jpg,24.1067786599222,101.821878398829
73,206_fs2-00012.jpg,23.8726651737612,101.361290280731
74,206_fs2-00012.jpg,23.6395056309379,100.899855743852
75,206_fs2-00012.jpg,23.4072279596128,100.437597737387
76,206_fs2-00012.jpg,23.1757600879465,99.974539210526
77,206_fs2-00012.jpg,22.9450299440995,99.5107031124622
78,206_fs2-00012.jpg,22.7149654562322,99.0461123923877
79,206_fs2-00012.jpg,22.4854945525051,98.5807899994946
80,206_fs2-00012.jpg,22.256545161079,98.1147588829751
81,206_fs2-00012.jpg,22.0280452101142,97.6480419920215
82,206_fs2-00012.jpg,21.7999226277713,97.180662275826
83,206_fs2-00012.jpg,21.572199253945,96.7126427724247
84,206_fs2-00012.jpg,21.3463310495615,96.2440137787037
85,206_fs2-00012.jpg,21.1227391304888,95.7748181188663
86,206_fs2-00012.jpg,20.9012949514895,95.3050998590446
87,206_fs2-00012.jpg,20.6818699673264,94.834903065371
88,206_fs2-00012.jpg,20.4643356327621,94.3642718039777
89,206_fs2-00012.jpg,20.2485634025592,93.8932501409971
90,206_fs2-00012.jpg,20.0344247314805,93.4218821425614
91,206_fs2-00012.jpg,19.8217910742886,92.9502118748029
92,206_fs2-00012.jpg,19.6105338857462,92.4782834038539
93,206_fs2-00012.jpg,19.400524620616,92.0061407958466
94,206_fs2-00012.jpg,19.1916347336605,91.5338281169135
95,206_fs2-00012.jpg,18.9837356796426,91.0613894331867
96,206_fs2-00012.jpg,18.7766989133248,90.5888688107985
97,206_fs2-00012.jpg,18.5703958894698,90.1163103158813
98,206_fs2-00012.jpg,18.3646980628404,89.6437580145673
99,206_fs2-00012.jpg,18.1594768881992,89.1712559729888
100,206_fs2-00012.jpg,17.9546038203087,88.698848257278
101,206_fs2-00012.jpg,17.7499503139318,88.2265789335674
102,206_fs2-00012.jpg,17.5453878238311,87.7544920679891
103,206_fs2-00012.jpg,17.3407878047693,87.2826317266754
104,206_fs2-00012.jpg,17.136021711509,86.8110419757588
105,206_fs2-00012.jpg,16.9309609988128,86.3397668813712
106,206_fs2-00012.jpg,16.7254771214436,85.8688505096453
107,206_fs2-00012.jpg,16.5194415341639,85.3983369267131
108,206_fs2-00012.jpg,16.3127256917364,84.928270198707
109,206_fs2-00012.jpg,16.1052010489238,84.4586943917592
110,206_fs2-00012.jpg,15.8967390604888,83.9896535720021
111,206_fs2-00012.jpg,15.687211181194,83.521191805568
112,206_fs2-00012.jpg,15.4764888658021,83.0533531585891
113,206_fs2-00012.jpg,15.2644435690758,82.5861816971976
114,206_fs2-00012.jpg,15.0509467457776,82.119721487526
115,206_fs2-00012.jpg,14.8358698506704,81.6540165957065
116,206_fs2-00012.jpg,14.6190843385168,81.1891110878713
117,206_fs2-00012.jpg,14.400120559517,80.7250368499065
118,206_fs2-00012.jpg,14.1785829877982,80.2617673519549
119,206_fs2-00012.jpg,13.9546017637786,79.7992585728056
120,206_fs2-00012.jpg,13.7283085937149,79.337466488018
121,206_fs2-00012.jpg,13.4998351838644,78.8763470731519
122,206_fs2-00012.jpg,13.2693132404839,78.4158563037668
123,206_fs2-00012.jpg,13.0368744698305,77.9559501554222
124,206_fs2-00012.jpg,12.802650578161,77.4965846036778
125,206_fs2-00012.jpg,12.5667732717325,77.0377156240931
126,206_fs2-00012.jpg,12.3293742568021,76.5792991922278
127,206_fs2-00012.jpg,12.0905852396266,76.1212912836413
128,206_fs2-00012.jpg,11.850537926463,75.6636478738934
129,206_fs2-00012.jpg,11.6093640235684,75.2063249385435
130,206_fs2-00012.jpg,11.3671952371997,74.7492784531513
131,206_fs2-00012.jpg,11.1241632736138,74.2924643932763
132,206_fs2-00012.jpg,10.8803998390679,73.8358387344782
133,206_fs2-00012.jpg,10.6360366398188,73.3793574523165
134,206_fs2-00012.jpg,10.3912053821236,72.9229765223508
135,206_fs2-00012.jpg,10.1460377722392,72.4666519201406
136,206_fs2-00012.jpg,9.90066551642263,72.0103396212456
137,206_fs2-00012.jpg,9.65522032093082,71.5539956012254
138,206_fs2-00012.jpg,9.40983389202086,71.0975758356395
139,206_fs2-00012.jpg,9.1646379359496,70.6410363000476
140,206_fs2-00012.jpg,8.91976415897415,70.1843329700091
141,206_fs2-00012.jpg,8.67534426735136,69.7274218210837
142,206_fs2-00012.jpg,8.43150996733834,69.2702588288311
143,206_fs2-00012.jpg,8.18839296519201,68.8127999688106
144,206_fs2-00012.jpg,7.94612496716934,68.355001216582
145,206_fs2-00012.jpg,7.70483767952732,67.8968185477048
146,206_fs2-00012.jpg,7.46466280852297,67.4382079377386
147,206_fs2-00012.jpg,7.22573206041329,66.9791253622431
148,206_fs2-00012.jpg,6.9881771414552,66.5195267967777
149,206_fs2-00012.jpg,6.75212975790572,66.059368216902
150,206_fs2-00012.jpg,6.51772161602179,65.5986055981758
151,206_fs2-00012.jpg,6.28508442206044,65.1371949161584
152,206_fs2-00012.jpg,6.05434988227864,64.6750921464096
153,206_fs2-00012.jpg,5.82564970293339,64.2122532644888
154,206_fs2-00012.jpg,5.59911559028166,63.7486342459558
155,206_fs2-00012.jpg,5.37487925058042,63.28419106637
156,206_fs2-00012.jpg,5.15307239008666,62.8188797012911
157,206_fs2-00012.jpg,4.93382671505736,62.3526561262786
158,206_fs2-00012.jpg,4.7172739317495,61.8854763168921
159,206_fs2-00012.jpg,4.50354574642012,61.4172962486912
160,206_fs2-00012.jpg,4.29277386532613,60.9480718972355
161,206_fs2-00012.jpg,4.08508999472457,60.4777592380846
162,206_fs2-00012.jpg,3.88062584087237,60.0063142467981
163,206_fs2-00012.jpg,3.67951311002651,59.5336928989354
164,206_fs2-00012.jpg,3.48188350844401,59.0598511700564
165,206_fs2-00012.jpg,3.28786874238187,58.5847450357204
166,206_fs2-00012.jpg,3.09760051809707,58.1083304714871
167,206_fs2-00012.jpg,2.91121054184657,57.6305634529161
168,206_fs2-00012.jpg,2.72883051988731,57.151399955567
169,206_fs2-00012.jpg,2.55059215847632,56.6707959549993
170,206_fs2-00012.jpg,2.37662716387064,56.1887074267727
171,206_fs2-00012.jpg,2.20196797895733,55.7050964671085
172,206_fs2-00012.jpg,2.01789362149651,55.2199695900292
173,206_fs2-00012.jpg,1.82691318054805,54.7333529022136
174,206_fs2-00012.jpg,1.63184926303313,54.2452725961946
175,206_fs2-00012.jpg,1.43552447587297,53.7557548645054
176,206_fs2-00012.jpg,1.24076142598892,53.2648258996791
177,206_fs2-00012.jpg,1.05038272030208,52.7725118942485
178,206_fs2-00012.jpg,0.867210965733705,52.278839040747
179,206_fs2-00012.jpg,0.694068769205046,51.7838335317073
180,206_fs2-00012.jpg,0.533778737637363,51.2875215596627
181,206_fs2-00012.jpg,0.389163477951854,50.7899293171461
182,206_fs2-00012.jpg,0.263045597069777,50.2910829966906
183,206_fs2-00012.jpg,0.158247701912273,49.7910087908293
184,206_fs2-00012.jpg,0.0775923994007144,49.2897328920952
185,206_fs2-00012.jpg,0.0239022964561855,48.7872814930213
186,206_fs2-00012.jpg,0,48.2836807861408
187,206_fs2-00012.jpg,0.000468877031096326,47.7789569639866
188,206_fs2-00012.jpg,0.00741712489258362,47.2731362190918
189,206_fs2-00012.jpg,0.0210151956335949,46.7662447439895
190,206_fs2-00012.jpg,0.0422812334864489,46.2583087312127
191,206_fs2-00012.jpg,0.0722333826836348,45.7493543732945
192,206_fs2-00012.jpg,0.111889787457585,45.2394078627678
193,206_fs2-00012.jpg,0.162268592040732,44.7284953921658
194,206_fs2-00012.jpg,0.224387940665451,44.2166431540215
195,206_fs2-00012.jpg,0.299265977564289,43.703877340868
196,206_fs2-00012.jpg,0.387920846969564,43.1902241452382
197,206_fs2-00012.jpg,0.491370693113822,42.6757097596653
198,206_fs2-00012.jpg,0.610633660229382,42.1603603766823
199,206_fs2-00012.jpg,0.746727892548734,41.6442021888223
200,206_fs2-00012.jpg,0.900671534304308,41.1272613886183
