points,Image,X,Y
1,208_fs2-00001.jpg,133.265708650324,11.4147931836748
2,208_fs2-00001.jpg,132.595072334258,11.361750471448
3,208_fs2-00001.jpg,131.924462162309,11.313137180582
4,208_fs2-00001.jpg,131.253877961984,11.2688460462815
5,208_fs2-00001.jpg,130.583319560794,11.2287698037514
6,208_fs2-00001.jpg,129.912786786248,11.1928011881963
7,208_fs2-00001.jpg,129.242279465854,11.1608329348213
8,208_fs2-00001.jpg,128.571797427123,11.1327577788309
9,208_fs2-00001.jpg,127.901340497562,11.1084684554302
10,208_fs2-00001.jpg,127.230908504681,11.0878576998238
11,208_fs2-00001.jpg,126.560501275989,11.0708182472166
12,208_fs2-00001.jpg,125.890118638996,11.0572428328134
13,208_fs2-00001.jpg,125.21976042121,11.047024191819
14,208_fs2-00001.jpg,124.549426450141,11.0400550594382
15,208_fs2-00001.jpg,123.879116553298,11.0362281708759
16,208_fs2-00001.jpg,123.20883055819,11.0354362613367
17,208_fs2-00001.jpg,122.538568292326,11.0375720660256
18,208_fs2-00001.jpg,121.868329583215,11.0425283201474
19,208_fs2-00001.jpg,121.198114258366,11.0501977589067
20,208_fs2-00001.jpg,120.527922145289,11.0604731175086
21,208_fs2-00001.jpg,119.857753071492,11.0732471311578
22,208_fs2-00001.jpg,119.187606864485,11.088412535059
23,208_fs2-00001.jpg,118.517483351777,11.1058620644171
24,208_fs2-00001.jpg,117.847382360877,11.1254884544369
25,208_fs2-00001.jpg,117.177303719294,11.1471844403233
26,208_fs2-00001.jpg,116.507247254538,11.1708427572809
27,208_fs2-00001.jpg,115.837212794117,11.1963561405147
28,208_fs2-00001.jpg,115.16720016554,11.2236173252294
29,208_fs2-00001.jpg,114.497209196317,11.2525190466299
30,208_fs2-00001.jpg,113.827239713957,11.2829540399209
31,208_fs2-00001.jpg,113.157291545969,11.3148150403072
32,208_fs2-00001.jpg,112.487364519862,11.3479947829938
33,208_fs2-00001.jpg,111.817458463145,11.3823860031853
34,208_fs2-00001.jpg,111.147573203328,11.4178814360866
35,208_fs2-00001.jpg,110.477708567919,11.4543738169025
36,208_fs2-00001.jpg,109.807864384428,11.4917558808379
37,208_fs2-00001.jpg,109.138040480364,11.5299203630975
38,208_fs2-00001.jpg,108.468236683235,11.568759998886
39,208_fs2-00001.jpg,107.798455768096,11.6081675234084
40,208_fs2-00001.jpg,107.128735223626,11.6480356718695
41,208_fs2-00001.jpg,106.459082438105,11.688257179474
42,208_fs2-00001.jpg,105.789492221226,11.7287247814268
43,208_fs2-00001.jpg,105.119959382683,11.7693312129326
44,208_fs2-00001.jpg,104.45047873217,11.8099692091964
45,208_fs2-00001.jpg,103.781045079381,11.8505315054228
46,208_fs2-00001.jpg,103.11165323401,11.8909108368167
47,208_fs2-00001.jpg,102.44229800575,11.9309999385829
48,208_fs2-00001.jpg,101.772974204296,11.9706915459263
49,208_fs2-00001.jpg,101.10367663934,12.0098783940516
50,208_fs2-00001.jpg,100.434400120578,12.0484532181636
51,208_fs2-00001.jpg,99.7651394577018,12.0863087534672
52,208_fs2-00001.jpg,99.0958894604065,12.1233377351671
53,208_fs2-00001.jpg,98.4266449383854,12.1594328984681
54,208_fs2-00001.jpg,97.7574007013325,12.1944869785752
55,208_fs2-00001.jpg,97.0881515589415,12.228392710693
56,208_fs2-00001.jpg,96.4188923209064,12.2610428300264
57,208_fs2-00001.jpg,95.7496177969207,12.2923300717802
58,208_fs2-00001.jpg,95.0803227966784,12.3221471711593
59,208_fs2-00001.jpg,94.4110021298734,12.3503868633683
60,208_fs2-00001.jpg,93.7416506061992,12.3769418836122
61,208_fs2-00001.jpg,93.07226303535,12.4017049670957
62,208_fs2-00001.jpg,92.4028342270192,12.4245688490236
63,208_fs2-00001.jpg,91.733358990901,12.4454262646008
64,208_fs2-00001.jpg,91.0638321366889,12.4641699490321
65,208_fs2-00001.jpg,90.3942484740768,12.4806926375222
66,208_fs2-00001.jpg,89.7246028127587,12.494887065276
67,208_fs2-00001.jpg,89.0548866658777,12.5066618302079
68,208_fs2-00001.jpg,88.3850955363882,12.516025114599
69,208_fs2-00001.jpg,87.7152352702487,12.5230236564756
70,208_fs2-00001.jpg,87.0453118544698,12.5277042777311
71,208_fs2-00001.jpg,86.3753312760618,12.5301138002586
72,208_fs2-00001.jpg,85.705299522035,12.5302990459517
73,208_fs2-00001.jpg,85.0352225793999,12.5283068367035
74,208_fs2-00001.jpg,84.365106435167,12.5241839944074
75,208_fs2-00001.jpg,83.6949570763464,12.5179773409567
76,208_fs2-00001.jpg,83.0247804899486,12.5097336982447
77,208_fs2-00001.jpg,82.3545826629841,12.4994998881647
78,208_fs2-00001.jpg,81.6843695824632,12.48732273261
79,208_fs2-00001.jpg,81.0141472353963,12.473249053474
80,208_fs2-00001.jpg,80.3439216087938,12.4573256726499
81,208_fs2-00001.jpg,79.673698689666,12.4395994120311
82,208_fs2-00001.jpg,79.0034844650234,12.4201170935108
83,208_fs2-00001.jpg,78.3332849218763,12.3989255389824
84,208_fs2-00001.jpg,77.6631060472351,12.3760715703393
85,208_fs2-00001.jpg,76.9929538281103,12.3516020094746
86,208_fs2-00001.jpg,76.3228342515121,12.3255636782818
87,208_fs2-00001.jpg,75.6527533044511,12.298003398654
88,208_fs2-00001.jpg,74.9827169739375,12.2689679924848
89,208_fs2-00001.jpg,74.3127312469817,12.2385042816672
90,208_fs2-00001.jpg,73.6428021105943,12.2066590880947
91,208_fs2-00001.jpg,72.9729355517854,12.1734792336606
92,208_fs2-00001.jpg,72.3031375575656,12.1390115402582
93,208_fs2-00001.jpg,71.6334141149451,12.1033028297808
94,208_fs2-00001.jpg,70.9637712109345,12.0663999241217
95,208_fs2-00001.jpg,70.294214832544,12.0283496451742
96,208_fs2-00001.jpg,69.6247509667841,11.9891988148316
97,208_fs2-00001.jpg,68.9553857609051,11.9489942709587
98,208_fs2-00001.jpg,68.2861295698578,11.907788215085
99,208_fs2-00001.jpg,67.6169808446533,11.8656459743171
100,208_fs2-00001.jpg,66.9479325611377,11.8226348463857
101,208_fs2-00001.jpg,66.2789776951575,11.7788221290214
102,208_fs2-00001.jpg,65.6101092225589,11.7342751199549
103,208_fs2-00001.jpg,64.9413201191881,11.6890611169169
104,208_fs2-00001.jpg,64.2726033608915,11.643247417638
105,208_fs2-00001.jpg,63.6039519235152,11.5969013198489
106,208_fs2-00001.jpg,62.9353587829057,11.5500901212802
107,208_fs2-00001.jpg,62.2668169149092,11.5028811196625
108,208_fs2-00001.jpg,61.5983192953719,11.4553416127266
109,208_fs2-00001.jpg,60.9298589001401,11.4075388982031
110,208_fs2-00001.jpg,60.2614287050602,11.3595402738226
111,208_fs2-00001.jpg,59.5930216859783,11.3114130373159
112,208_fs2-00001.jpg,58.9246308187408,11.2632244864135
113,208_fs2-00001.jpg,58.2562490791939,11.2150419188462
114,208_fs2-00001.jpg,57.587869443184,11.1669326323445
115,208_fs2-00001.jpg,56.9194848865573,11.1189639246392
116,208_fs2-00001.jpg,56.25108838516,11.0712030934608
117,208_fs2-00001.jpg,55.5826729148385,11.0237174365401
118,208_fs2-00001.jpg,54.914231451439,10.9765742516078
119,208_fs2-00001.jpg,54.2457569708079,10.9298408363944
120,208_fs2-00001.jpg,53.5772424487913,10.8835844886306
121,208_fs2-00001.jpg,52.9086808612356,10.8378725060471
122,208_fs2-00001.jpg,52.240065183987,10.7927721863745
123,208_fs2-00001.jpg,51.5713883928919,10.7483508273435
124,208_fs2-00001.jpg,50.9026434637964,10.7046757266849
125,208_fs2-00001.jpg,50.233823372547,10.661814182129
126,208_fs2-00001.jpg,49.5649210949898,10.6198334914068
127,208_fs2-00001.jpg,48.8959296069711,10.5788009522489
128,208_fs2-00001.jpg,48.2268418843373,10.5387838623857
129,208_fs2-00001.jpg,47.5576539645125,10.4998488674731
130,208_fs2-00001.jpg,46.8883990757893,10.4620264251455
131,208_fs2-00001.jpg,46.2190898522218,10.4252925279218
132,208_fs2-00001.jpg,45.5497284908903,10.3896186682051
133,208_fs2-00001.jpg,44.8803171888747,10.3549763383988
134,208_fs2-00001.jpg,44.2108581432552,10.321337030906
135,208_fs2-00001.jpg,43.5413535511117,10.2886722381299
136,208_fs2-00001.jpg,42.8718056095245,10.2569534524737
137,208_fs2-00001.jpg,42.2022165155736,10.2261521663409
138,208_fs2-00001.jpg,41.532588466339,10.1962398721343
139,208_fs2-00001.jpg,40.8629236589008,10.1671880622574
140,208_fs2-00001.jpg,40.1932242903391,10.1389682291134
141,208_fs2-00001.jpg,39.523492557734,10.1115518651054
142,208_fs2-00001.jpg,38.8537306581655,10.0849104626367
143,208_fs2-00001.jpg,38.1839407887138,10.0590155141105
144,208_fs2-00001.jpg,37.5141251464588,10.03383851193
145,208_fs2-00001.jpg,36.8442859284808,10.0093509484985
146,208_fs2-00001.jpg,36.1744253318596,9.98552431621908
147,208_fs2-00001.jpg,35.5045455536755,9.96233010749506
148,208_fs2-00001.jpg,34.8346487910085,9.93973981472965
149,208_fs2-00001.jpg,34.1647372409387,9.91772493032607
150,208_fs2-00001.jpg,33.4948131005461,9.89625694668752
151,208_fs2-00001.jpg,32.8248785669109,9.87530735621726
152,208_fs2-00001.jpg,32.154935837113,9.85484765131844
153,208_fs2-00001.jpg,31.4849871082327,9.83484932439427
154,208_fs2-00001.jpg,30.8150345773499,9.81528386784805
155,208_fs2-00001.jpg,30.1450804415447,9.79612277408302
156,208_fs2-00001.jpg,29.4751268978973,9.77733753550228
157,208_fs2-00001.jpg,28.8051761434876,9.75889964450909
158,208_fs2-00001.jpg,28.1352303753957,9.74078059350671
159,208_fs2-00001.jpg,27.4652917907018,9.7229518748984
160,208_fs2-00001.jpg,26.7953625864859,9.70538498108726
161,208_fs2-00001.jpg,26.1254449598281,9.6880514044766
162,208_fs2-00001.jpg,25.4555411078085,9.67092263746957
163,208_fs2-00001.jpg,24.7856532275071,9.65397017246943
164,208_fs2-00001.jpg,24.1157835160039,9.63716550187939
165,208_fs2-00001.jpg,23.4459341703792,9.62048011810271
166,208_fs2-00001.jpg,22.7761045013072,9.60388551354259
167,208_fs2-00001.jpg,22.106275295782,9.58735318060218
168,208_fs2-00001.jpg,21.4364426098967,9.57085461168481
169,208_fs2-00001.jpg,20.7666064504978,9.5543612991936
170,208_fs2-00001.jpg,20.0967668244314,9.53784473553185
171,208_fs2-00001.jpg,19.426923738544,9.52127641310273
172,208_fs2-00001.jpg,18.7570771996819,9.50462782430941
173,208_fs2-00001.jpg,18.0872272146915,9.48787046155525
174,208_fs2-00001.jpg,17.4173737904191,9.47097581724336
175,208_fs2-00001.jpg,16.747516933711,9.45391538377697
176,208_fs2-00001.jpg,16.0776566514137,9.43666065355933
177,208_fs2-00001.jpg,15.4077929503734,9.41918311899366
178,208_fs2-00001.jpg,14.7379258374366,9.40145427248314
179,208_fs2-00001.jpg,14.0680553194495,9.38344560643105
180,208_fs2-00001.jpg,13.3981814032585,9.36512861324059
181,208_fs2-00001.jpg,12.72830409571,9.34647478531491
182,208_fs2-00001.jpg,12.0584234036503,9.32745561505732
183,208_fs2-00001.jpg,11.3885393339258,9.30804259487098
184,208_fs2-00001.jpg,10.7186518933827,9.28820721715914
185,208_fs2-00001.jpg,10.0487610888675,9.26792097432502
186,208_fs2-00001.jpg,9.37886692722657,9.24715535877181
187,208_fs2-00001.jpg,8.70896941530611,9.22588186290278
188,208_fs2-00001.jpg,8.03906855995263,9.20407197912107
189,208_fs2-00001.jpg,7.36916436801232,9.18169719983001
190,208_fs2-00001.jpg,6.69925684633165,9.15872901743273
191,208_fs2-00001.jpg,6.02934600175695,9.13513892433247
192,208_fs2-00001.jpg,5.35943184113455,9.11089841293244
193,208_fs2-00001.jpg,4.68951437131079,9.0859789756359
194,208_fs2-00001.jpg,4.01959359913201,9.06035210484606
195,208_fs2-00001.jpg,3.34966953144459,9.03398929296611
196,208_fs2-00001.jpg,2.67974217509487,9.00686203239928
197,208_fs2-00001.jpg,2.00981153692919,8.97894181554881
198,208_fs2-00001.jpg,1.33987762379394,8.95020013481786
199,208_fs2-00001.jpg,0.669940442535449,8.92060848260974
200,208_fs2-00001.jpg,0,8.89013835132761
1,208_fs2-00002.jpg,122.242885319808,-10.1349391352882
2,208_fs2-00002.jpg,121.966829530743,-9.48324800643093
3,208_fs2-00002.jpg,121.683918226461,-8.83876723479892
4,208_fs2-00002.jpg,121.394252970707,-8.20151286974885
5,208_fs2-00002.jpg,121.097935327227,-7.57150096063725
6,208_fs2-00002.jpg,120.795066859768,-6.94874755682071
7,208_fs2-00002.jpg,120.485749132074,-6.33326870765586
8,208_fs2-00002.jpg,120.170083707891,-5.72508046249931
9,208_fs2-00002.jpg,119.848172150966,-5.12419887070763
10,208_fs2-00002.jpg,119.520116025044,-4.53063998163736
11,208_fs2-00002.jpg,119.18601689387,-3.94441984464521
12,208_fs2-00002.jpg,118.845976321191,-3.3655545090877
13,208_fs2-00002.jpg,118.500095870752,-2.79406002432142
14,208_fs2-00002.jpg,118.148477106298,-2.22995243970303
15,208_fs2-00002.jpg,117.791221591576,-1.67324780458904
16,208_fs2-00002.jpg,117.428430890332,-1.12396216833611
17,208_fs2-00002.jpg,117.06020656631,-0.582111580300818
18,208_fs2-00002.jpg,116.686650183257,-0.0477120898397061
19,208_fs2-00002.jpg,116.307863304918,0.479220253690585
20,208_fs2-00002.jpg,115.92394749504,0.998669400933409
21,208_fs2-00002.jpg,115.535004317367,1.51061930253223
22,208_fs2-00002.jpg,115.141135335646,2.01505390913053
23,208_fs2-00002.jpg,114.742442113623,2.51195717137153
24,208_fs2-00002.jpg,114.339026215042,3.00131303989878
25,208_fs2-00002.jpg,113.93098920365,3.48310546535566
26,208_fs2-00002.jpg,113.518432643192,3.95731839838555
27,208_fs2-00002.jpg,113.101458097415,4.42393578963186
28,208_fs2-00002.jpg,112.680167130064,4.88294158973798
29,208_fs2-00002.jpg,112.254661304884,5.33431974934734
30,208_fs2-00002.jpg,111.825042185622,5.77805421910335
31,208_fs2-00002.jpg,111.391411336022,6.21412894964936
32,208_fs2-00002.jpg,110.953870319832,6.6425278916289
33,208_fs2-00002.jpg,110.512520700796,7.06323499568521
34,208_fs2-00002.jpg,110.06746404266,7.4762342124618
35,208_fs2-00002.jpg,109.61880190917,7.88150949260211
36,208_fs2-00002.jpg,109.166635864072,8.27904478674941
37,208_fs2-00002.jpg,108.711067471112,8.66882404554724
38,208_fs2-00002.jpg,108.252198294034,9.05083121963895
39,208_fs2-00002.jpg,107.790129896586,9.4250502596679
40,208_fs2-00002.jpg,107.324963842512,9.79146511627755
41,208_fs2-00002.jpg,106.856801695558,10.1500597401113
42,208_fs2-00002.jpg,106.38574501947,10.5008180818126
43,208_fs2-00002.jpg,105.911895377994,10.8437240920247
44,208_fs2-00002.jpg,105.433055134449,11.1787617213912
45,208_fs2-00002.jpg,104.941450164924,11.5059149205554
46,208_fs2-00002.jpg,104.436946160084,11.8251676401607
47,208_fs2-00002.jpg,103.920122636962,12.1365038308505
48,208_fs2-00002.jpg,103.391559112594,12.4399074432683
49,208_fs2-00002.jpg,102.851835104014,12.7353624280574
50,208_fs2-00002.jpg,102.301530128256,13.0228527358612
51,208_fs2-00002.jpg,101.741223702356,13.3023623173232
52,208_fs2-00002.jpg,101.171495343347,13.5738751230868
53,208_fs2-00002.jpg,100.592924568265,13.8373751037953
54,208_fs2-00002.jpg,100.006090894143,14.0928462100921
55,208_fs2-00002.jpg,99.4115738380173,14.3402723926208
56,208_fs2-00002.jpg,98.8099529169209,14.5796376020245
57,208_fs2-00002.jpg,98.201807647889,14.8109257889469
58,208_fs2-00002.jpg,97.5877175479561,15.0341209040313
59,208_fs2-00002.jpg,96.9682621341568,15.2492068979211
60,208_fs2-00002.jpg,96.3440209235255,15.4561677212596
61,208_fs2-00002.jpg,95.7155734330968,15.6549873246903
62,208_fs2-00002.jpg,95.0834991799052,15.8456496588566
63,208_fs2-00002.jpg,94.4483776809853,16.028138674402
64,208_fs2-00002.jpg,93.8107884533718,16.2024383219698
65,208_fs2-00002.jpg,93.171311014099,16.3685325522034
66,208_fs2-00002.jpg,92.5305248802015,16.5264053157462
67,208_fs2-00002.jpg,91.8890095687139,16.6760405632416
68,208_fs2-00002.jpg,91.2473445966708,16.817422245333
69,208_fs2-00002.jpg,90.6061094811066,16.950534312664
70,208_fs2-00002.jpg,89.9658837390559,17.0753607158777
71,208_fs2-00002.jpg,89.3272468875533,17.1918854056177
72,208_fs2-00002.jpg,88.6907784436332,17.3000923325274
73,208_fs2-00002.jpg,88.0570579243304,17.3999654472501
74,208_fs2-00002.jpg,87.4266648466792,17.4914887004293
75,208_fs2-00002.jpg,86.8001787277143,17.5746460427083
76,208_fs2-00002.jpg,86.1781790844702,17.6494214247306
77,208_fs2-00002.jpg,85.5612454339814,17.7157987971397
78,208_fs2-00002.jpg,84.9471446681035,17.7737747856702
79,208_fs2-00002.jpg,84.3309121957499,17.8234319849911
80,208_fs2-00002.jpg,83.7125492595692,17.8648886991417
81,208_fs2-00002.jpg,83.092177942811,17.8982633482502
82,208_fs2-00002.jpg,82.4699203287246,17.9236743524451
83,208_fs2-00002.jpg,81.8458985005597,17.9412401318549
84,208_fs2-00002.jpg,81.2202345415657,17.9510791066079
85,208_fs2-00002.jpg,80.593050534992,17.9533096968325
86,208_fs2-00002.jpg,79.964468564088,17.9480503226573
87,208_fs2-00002.jpg,79.3346107121034,17.9354194042106
88,208_fs2-00002.jpg,78.7035990622875,17.9155353616208
89,208_fs2-00002.jpg,78.0715556978898,17.8885166150164
90,208_fs2-00002.jpg,77.4386027021598,17.8544815845257
91,208_fs2-00002.jpg,76.804862158347,17.8135486902773
92,208_fs2-00002.jpg,76.1704561497008,17.7658363523995
93,208_fs2-00002.jpg,75.5355067594707,17.7114629910207
94,208_fs2-00002.jpg,74.9001360709062,17.6505470262694
95,208_fs2-00002.jpg,74.2644661672567,17.5832068782739
96,208_fs2-00002.jpg,73.6286191317718,17.5095609671628
97,208_fs2-00002.jpg,72.9927170477008,17.4297277130644
98,208_fs2-00002.jpg,72.3568819982932,17.3438255361071
99,208_fs2-00002.jpg,71.7212360667986,17.2519728564194
100,208_fs2-00002.jpg,71.0859013364664,17.1542880941297
101,208_fs2-00002.jpg,70.4509998905461,17.0508896693664
102,208_fs2-00002.jpg,69.8166538122871,16.9418960022579
103,208_fs2-00002.jpg,69.1829851849389,16.8274255129327
104,208_fs2-00002.jpg,68.550116091751,16.7075966215191
105,208_fs2-00002.jpg,67.9181686159728,16.5825277481456
106,208_fs2-00002.jpg,67.2872648408539,16.4523373129406
107,208_fs2-00002.jpg,66.6575268496436,16.3171437360326
108,208_fs2-00002.jpg,66.0290767255916,16.17706543755
109,208_fs2-00002.jpg,65.402036551947,16.0322208376211
110,208_fs2-00002.jpg,64.7765284119597,15.8827283563744
111,208_fs2-00002.jpg,64.1526743888789,15.7287064139383
112,208_fs2-00002.jpg,63.5305965659542,15.5702734304413
113,208_fs2-00002.jpg,62.910417026435,15.4075478260117
114,208_fs2-00002.jpg,62.2922578535708,15.2406480207779
115,208_fs2-00002.jpg,61.676241130611,15.0696924348686
116,208_fs2-00002.jpg,61.0624889408052,14.8947994884119
117,208_fs2-00002.jpg,60.4511216591794,14.7160876486156
118,208_fs2-00002.jpg,59.842137811554,14.53368625484
119,208_fs2-00002.jpg,59.2353907263581,14.3477493567257
120,208_fs2-00002.jpg,58.6307343696952,14.1584344187405
121,208_fs2-00002.jpg,58.0280227076685,13.9658989053519
122,208_fs2-00002.jpg,57.4271097063814,13.7703002810275
123,208_fs2-00002.jpg,56.8278493319372,13.5717960102349
124,208_fs2-00002.jpg,56.2300955504392,13.3705435574419
125,208_fs2-00002.jpg,55.6337023279909,13.166700387116
126,208_fs2-00002.jpg,55.0385236306955,12.9604239637247
127,208_fs2-00002.jpg,54.4444134246564,12.7518717517358
128,208_fs2-00002.jpg,53.8512256759769,12.541201215617
129,208_fs2-00002.jpg,53.2588143507604,12.3285698198357
130,208_fs2-00002.jpg,52.6670334151102,12.1141350288597
131,208_fs2-00002.jpg,52.0757368351297,11.8980543071564
132,208_fs2-00002.jpg,51.4847785769221,11.6804851191937
133,208_fs2-00002.jpg,50.8940126065909,11.461584929439
134,208_fs2-00002.jpg,50.3032928902393,11.2415112023601
135,208_fs2-00002.jpg,49.7124733939708,11.0204214024245
136,208_fs2-00002.jpg,49.1214080838885,10.7984729940998
137,208_fs2-00002.jpg,48.529950926096,10.5758234418537
138,208_fs2-00002.jpg,47.9379558866965,10.3526302101539
139,208_fs2-00002.jpg,47.3452769317934,10.1290507634679
140,208_fs2-00002.jpg,46.75176802749,9.90524256626327
141,208_fs2-00002.jpg,46.1572831398896,9.6813630830078
142,208_fs2-00002.jpg,45.5616762350957,9.45756977816899
143,208_fs2-00002.jpg,44.9648012792114,9.23402011621448
144,208_fs2-00002.jpg,44.3665122383403,9.01087156161191
145,208_fs2-00002.jpg,43.7666657770969,8.78828158191607
146,208_fs2-00002.jpg,43.1662020413176,8.56643237917604
147,208_fs2-00002.jpg,42.5659124280171,8.34559069080615
148,208_fs2-00002.jpg,41.9657235849214,8.12604129870277
149,208_fs2-00002.jpg,41.3655621597565,7.90806898476228
150,208_fs2-00002.jpg,40.7653548002485,7.69195853088121
151,208_fs2-00002.jpg,40.1650281541234,7.47799471895576
152,208_fs2-00002.jpg,39.5645088691073,7.26646233088252
153,208_fs2-00002.jpg,38.9637235929262,7.05764614855775
154,208_fs2-00002.jpg,38.3625989733061,6.85183095387788
155,208_fs2-00002.jpg,37.761061657973,6.64930152873939
156,208_fs2-00002.jpg,37.159038294653,6.45034265503858
157,208_fs2-00002.jpg,36.5564555310722,6.25523911467189
158,208_fs2-00002.jpg,35.9532400149565,6.06427568953569
159,208_fs2-00002.jpg,35.349318394032,5.8777371615264
160,208_fs2-00002.jpg,34.7446173160247,5.69590831254044
161,208_fs2-00002.jpg,34.1390634286606,5.51907392447418
162,208_fs2-00002.jpg,33.5325833796659,5.34751877922406
163,208_fs2-00002.jpg,32.9251038167665,5.18152765868643
164,208_fs2-00002.jpg,32.3165513876884,5.02138534475768
165,208_fs2-00002.jpg,31.7068527401578,4.86737661933421
166,208_fs2-00002.jpg,31.0959345219005,4.71978626431246
167,208_fs2-00002.jpg,30.4837233806427,4.57889906158886
168,208_fs2-00002.jpg,29.8701459641105,4.44499979305971
169,208_fs2-00002.jpg,29.2551289200297,4.31837324062144
170,208_fs2-00002.jpg,28.6385990261781,4.19930418617048
171,208_fs2-00002.jpg,28.0208689398062,4.08807741160319
172,208_fs2-00002.jpg,27.4022709564628,3.98497769881601
173,208_fs2-00002.jpg,26.7828016898276,3.89028982970535
174,208_fs2-00002.jpg,26.1624577535804,3.80429858616753
175,208_fs2-00002.jpg,25.541235761401,3.72728875009904
176,208_fs2-00002.jpg,24.9191323269691,3.65954510339617
177,208_fs2-00002.jpg,24.2961440639647,3.60135242795542
178,208_fs2-00002.jpg,23.6722675860673,3.55299550567315
179,208_fs2-00002.jpg,23.047499506957,3.51475911844574
180,208_fs2-00002.jpg,22.4218364403134,3.48692804816966
181,208_fs2-00002.jpg,21.7952749998163,3.46978707674117
182,208_fs2-00002.jpg,21.1678117991456,3.46362098605681
183,208_fs2-00002.jpg,20.539443451981,3.46871455801295
184,208_fs2-00002.jpg,19.9101665720023,3.4853525745059
185,208_fs2-00002.jpg,19.2799777728893,3.51381981743214
186,208_fs2-00002.jpg,18.6488736683218,3.55440106868804
187,208_fs2-00002.jpg,18.0168508719796,3.60738111017002
188,208_fs2-00002.jpg,17.3839059975424,3.67304472377447
189,208_fs2-00002.jpg,16.7500356586901,3.75167669139779
190,208_fs2-00002.jpg,16.1152364691025,3.84356179493636
191,208_fs2-00002.jpg,15.4795050424593,3.94898481628655
192,208_fs2-00002.jpg,14.8428379924403,4.06823053734485
193,208_fs2-00002.jpg,14.2052319327254,4.20158374000761
194,208_fs2-00002.jpg,13.5666834769943,4.34932920617115
195,208_fs2-00002.jpg,12.9271892389268,4.51175171773201
196,208_fs2-00002.jpg,12.2867458322026,4.68913605658651
197,208_fs2-00002.jpg,11.6453498705017,4.88176700463106
198,208_fs2-00002.jpg,11.0029979675037,5.08992934376204
199,208_fs2-00002.jpg,10.3596867368885,5.31390785587587
200,208_fs2-00002.jpg,9.71541279233594,5.55398732286898
1,208_fs2-00003.jpg,120.214144829529,-22.6455054920085
2,208_fs2-00003.jpg,119.876950587021,-22.1704890083312
3,208_fs2-00003.jpg,119.538297004964,-21.688270881431
4,208_fs2-00003.jpg,119.198193031432,-21.1990483734249
5,208_fs2-00003.jpg,118.856647614501,-20.7030187464302
6,208_fs2-00003.jpg,118.513669702246,-20.2003792625639
7,208_fs2-00003.jpg,118.169268242741,-19.6913271839433
8,208_fs2-00003.jpg,117.823452184063,-19.1760597726855
9,208_fs2-00003.jpg,117.476230474284,-18.6547742909077
10,208_fs2-00003.jpg,117.127612061482,-18.1276680007271
11,208_fs2-00003.jpg,116.77760589373,-17.5949381642608
12,208_fs2-00003.jpg,116.426220919104,-17.0567820436261
13,208_fs2-00003.jpg,116.073466085679,-16.5133969009401
14,208_fs2-00003.jpg,115.719350341529,-15.9649799983198
15,208_fs2-00003.jpg,115.363882634731,-15.4117285978827
16,208_fs2-00003.jpg,115.007071913358,-14.8538399617458
17,208_fs2-00003.jpg,114.648927125485,-14.2915113520262
18,208_fs2-00003.jpg,114.289457219189,-13.7249400308412
19,208_fs2-00003.jpg,113.928671142543,-13.1543232603079
20,208_fs2-00003.jpg,113.566577843624,-12.5798583025435
21,208_fs2-00003.jpg,113.203186270504,-12.0017424196652
22,208_fs2-00003.jpg,112.838505371261,-11.42017287379
23,208_fs2-00003.jpg,112.472544093969,-10.8353469270353
24,208_fs2-00003.jpg,112.105311386702,-10.2474618415183
25,208_fs2-00003.jpg,111.736816197536,-9.65671487935589
26,208_fs2-00003.jpg,111.367067474546,-9.06330330266542
27,208_fs2-00003.jpg,110.996074165807,-8.46742437356409
28,208_fs2-00003.jpg,110.623845219394,-7.86927535416902
29,208_fs2-00003.jpg,110.250389583382,-7.2690535065974
30,208_fs2-00003.jpg,109.875716205845,-6.66695609296636
31,208_fs2-00003.jpg,109.499834034859,-6.06318037539313
32,208_fs2-00003.jpg,109.1227520185,-5.45792361599479
33,208_fs2-00003.jpg,108.744479104841,-4.85138307688862
34,208_fs2-00003.jpg,108.365024241958,-4.24375602019177
35,208_fs2-00003.jpg,107.984396377926,-3.6352397080214
36,208_fs2-00003.jpg,107.602604460819,-3.0260314024946
37,208_fs2-00003.jpg,107.219657438714,-2.4163283657287
38,208_fs2-00003.jpg,106.835564259685,-1.80632785984074
39,208_fs2-00003.jpg,106.450333871806,-1.19622714694793
40,208_fs2-00003.jpg,106.063975223154,-0.586223489167423
41,208_fs2-00003.jpg,105.676497261802,0.0234858513835547
42,208_fs2-00003.jpg,105.287908935826,0.632703612587875
43,208_fs2-00003.jpg,104.898219193302,1.2412325323283
44,208_fs2-00003.jpg,104.507436982303,1.84887534848775
45,208_fs2-00003.jpg,104.115750464668,2.45543479894906
46,208_fs2-00003.jpg,103.725165875594,3.06071362159497
47,208_fs2-00003.jpg,103.33604637852,3.66451455430831
48,208_fs2-00003.jpg,102.948144589298,4.26664033497201
49,208_fs2-00003.jpg,102.561213123779,4.86689370146877
50,208_fs2-00003.jpg,102.175004597814,5.46507739168158
51,208_fs2-00003.jpg,101.789271627256,6.06099414349308
52,208_fs2-00003.jpg,101.403766827955,6.65444669478626
53,208_fs2-00003.jpg,101.018242815764,7.24523778344383
54,208_fs2-00003.jpg,100.632452206533,7.83317014734871
55,208_fs2-00003.jpg,100.246147616115,8.41804652438367
56,208_fs2-00003.jpg,99.8590816603606,8.99966965243152
57,208_fs2-00003.jpg,99.4710069551217,9.57784226937514
58,208_fs2-00003.jpg,99.0816761162497,10.1523671130974
59,208_fs2-00003.jpg,98.6908417595961,10.723046921481
60,208_fs2-00003.jpg,98.2982565010126,11.2896844324089
61,208_fs2-00003.jpg,97.9036729563507,11.8520823837638
62,208_fs2-00003.jpg,97.5068437414619,12.4100435134286
63,208_fs2-00003.jpg,97.1075214721976,12.9633705592861
64,208_fs2-00003.jpg,96.7054587644095,13.5118662592192
65,208_fs2-00003.jpg,96.3004082339492,14.0553333511107
66,208_fs2-00003.jpg,95.892122496668,14.5935745728434
67,208_fs2-00003.jpg,95.4803541684175,15.1263926623001
68,208_fs2-00003.jpg,95.0648558650494,15.6535903573637
69,208_fs2-00003.jpg,94.6453802024151,16.1749703959169
70,208_fs2-00003.jpg,94.2216797963662,16.6903355158427
71,208_fs2-00003.jpg,93.7935072627541,17.1994884550239
72,208_fs2-00003.jpg,93.3606152174306,17.7022319513432
73,208_fs2-00003.jpg,92.9227562762469,18.1983687426835
74,208_fs2-00003.jpg,92.4796830550547,18.6877015669277
75,208_fs2-00003.jpg,92.0311481697057,19.1700331619585
76,208_fs2-00003.jpg,91.5769042360511,19.6451662656588
77,208_fs2-00003.jpg,91.1167038699427,20.1129036159114
78,208_fs2-00003.jpg,90.6502996872319,20.5730479505992
79,208_fs2-00003.jpg,90.1774443037703,21.025402007605
80,208_fs2-00003.jpg,89.6978903354094,21.4697685248115
81,208_fs2-00003.jpg,89.2113903980007,21.9059502401017
82,208_fs2-00003.jpg,88.7176971073958,22.3337498913583
83,208_fs2-00003.jpg,88.2165630794463,22.7529702164642
84,208_fs2-00003.jpg,87.7077409300036,23.1634139533023
85,208_fs2-00003.jpg,87.189001928713,23.5648724150203
86,208_fs2-00003.jpg,86.6514505545361,23.956939588351
87,208_fs2-00003.jpg,86.0951314413717,24.3390428240621
88,208_fs2-00003.jpg,85.5213142445762,24.7106042413158
89,208_fs2-00003.jpg,84.9312686195059,25.0710459592744
90,208_fs2-00003.jpg,84.3262642215174,25.4197900971
91,208_fs2-00003.jpg,83.7075707059669,25.7562587739549
92,208_fs2-00003.jpg,83.076457728211,26.0798741090011
93,208_fs2-00003.jpg,82.4341949436061,26.390058221401
94,208_fs2-00003.jpg,81.7820520075085,26.6862332303167
95,208_fs2-00003.jpg,81.1212985752748,26.9678212549103
96,208_fs2-00003.jpg,80.4532043022613,27.2342444143441
97,208_fs2-00003.jpg,79.7790388438245,27.4849248277803
98,208_fs2-00003.jpg,79.1000718553207,27.719284614381
99,208_fs2-00003.jpg,78.4175729921064,27.9367458933085
100,208_fs2-00003.jpg,77.732811909538,28.1367307837248
101,208_fs2-00003.jpg,77.0470582629721,28.3186614047923
102,208_fs2-00003.jpg,76.3615817077648,28.4819598756731
103,208_fs2-00003.jpg,75.6776518992727,28.6260483155294
104,208_fs2-00003.jpg,74.9965384928523,28.7503488435234
105,208_fs2-00003.jpg,74.3195111438599,28.8542835788173
106,208_fs2-00003.jpg,73.6478395076519,28.9372746405732
107,208_fs2-00003.jpg,72.9827932395848,28.9987441479534
108,208_fs2-00003.jpg,72.325641995015,29.03811422012
109,208_fs2-00003.jpg,71.6776554292989,29.0548069762353
110,208_fs2-00003.jpg,71.0401031977929,29.0482445354613
111,208_fs2-00003.jpg,70.4142370521262,29.0178490351668
112,208_fs2-00003.jpg,69.7917526761004,28.9632652466851
113,208_fs2-00003.jpg,69.1654218577112,28.8849153891206
114,208_fs2-00003.jpg,68.535840570746,28.7833912829506
115,208_fs2-00003.jpg,67.9036047889917,28.6592847486525
116,208_fs2-00003.jpg,67.2693104862357,28.5131876067036
117,208_fs2-00003.jpg,66.633553636265,28.3456916775814
118,208_fs2-00003.jpg,65.9969302128668,28.1573887817631
119,208_fs2-00003.jpg,65.3600361898283,27.9488707397261
120,208_fs2-00003.jpg,64.7234675409366,27.720729371948
121,208_fs2-00003.jpg,64.0878202399789,27.4735564989059
122,208_fs2-00003.jpg,63.4536902607424,27.2079439410771
123,208_fs2-00003.jpg,62.8216735770142,26.9244835189393
124,208_fs2-00003.jpg,62.1923661625814,26.6237670529696
125,208_fs2-00003.jpg,61.5663639912314,26.3063863636455
126,208_fs2-00003.jpg,60.9442630367511,25.9729332714442
127,208_fs2-00003.jpg,60.3266592729279,25.6239995968432
128,208_fs2-00003.jpg,59.7141486735487,25.2601771603199
129,208_fs2-00003.jpg,59.1073272124009,24.8820577823516
130,208_fs2-00003.jpg,58.5067908632715,24.4902332834157
131,208_fs2-00003.jpg,57.9131355999478,24.0852954839895
132,208_fs2-00003.jpg,57.3269573962169,23.6678362045504
133,208_fs2-00003.jpg,56.7488522258659,23.2384472655759
134,208_fs2-00003.jpg,56.179416062682,22.7977204875431
135,208_fs2-00003.jpg,55.6192448804525,22.3462476909295
136,208_fs2-00003.jpg,55.0689346529643,21.8846206962126
137,208_fs2-00003.jpg,54.5290813540049,21.4134313238696
138,208_fs2-00003.jpg,54.0002809573611,20.9332713943779
139,208_fs2-00003.jpg,53.4831294368203,20.4447327282148
140,208_fs2-00003.jpg,52.9782227661696,19.9484071458579
141,208_fs2-00003.jpg,52.4861815334287,19.4448862541328
142,208_fs2-00003.jpg,52.0079548742255,18.9347226780303
143,208_fs2-00003.jpg,51.5431003228264,18.4183849815863
144,208_fs2-00003.jpg,51.0906771236155,17.8963307929755
145,208_fs2-00003.jpg,50.6497445209765,17.3690177403724
146,208_fs2-00003.jpg,50.2193617592936,16.8369034519515
147,208_fs2-00003.jpg,49.7985880829505,16.3004455558874
148,208_fs2-00003.jpg,49.3864827363312,15.7601016803546
149,208_fs2-00003.jpg,48.9821049638198,15.2163294535279
150,208_fs2-00003.jpg,48.5845140098,14.6695865035815
151,208_fs2-00003.jpg,48.1927691186559,14.1203304586903
152,208_fs2-00003.jpg,47.8059295347715,13.5690189470286
153,208_fs2-00003.jpg,47.4230545025305,13.0161095967712
154,208_fs2-00003.jpg,47.0432032663169,12.4620600360925
155,208_fs2-00003.jpg,46.6654350705148,11.907327893167
156,208_fs2-00003.jpg,46.2888091595081,11.3523707961695
157,208_fs2-00003.jpg,45.9123847776806,10.7976463732743
158,208_fs2-00003.jpg,45.5352211694163,10.2436122526562
159,208_fs2-00003.jpg,45.1563775790992,9.6907260624896
160,208_fs2-00003.jpg,44.7749132511132,9.13944543094914
161,208_fs2-00003.jpg,44.3898874298422,8.5902279862093
162,208_fs2-00003.jpg,44.0003593596703,8.04353135644476
163,208_fs2-00003.jpg,43.6053882849812,7.49981316983002
164,208_fs2-00003.jpg,43.2040334501589,6.95953105453958
165,208_fs2-00003.jpg,42.7953540995875,6.42314263874812
166,208_fs2-00003.jpg,42.3784094776507,5.89110555063013
167,208_fs2-00003.jpg,41.9522588287327,5.36387741836023
168,208_fs2-00003.jpg,41.5159613972172,4.84191587011293
169,208_fs2-00003.jpg,41.0685764274882,4.32567853406277
170,208_fs2-00003.jpg,40.6091631639298,3.81562303838433
171,208_fs2-00003.jpg,40.1367816588868,3.31220701141285
172,208_fs2-00003.jpg,39.6527455668094,2.81590838076835
173,208_fs2-00003.jpg,39.1590642449232,2.32728146903719
174,208_fs2-00003.jpg,38.6560755635125,1.84689856721354
175,208_fs2-00003.jpg,38.1441173928618,1.37533196629158
176,208_fs2-00003.jpg,37.6235276032553,0.913153957265536
177,208_fs2-00003.jpg,37.0946440649774,0.460936831129516
178,208_fs2-00003.jpg,36.5578046483125,0.0192528788778077
179,208_fs2-00003.jpg,36.0133472235449,-0.411325608495474
180,208_fs2-00003.jpg,35.461609660959,-0.830226339996102
181,208_fs2-00003.jpg,34.902929830839,-1.23687702462991
182,208_fs2-00003.jpg,34.3376456034693,-1.63070537140266
183,208_fs2-00003.jpg,33.7660948491343,-2.01113908932024
184,208_fs2-00003.jpg,33.1886154381184,-2.37760588738837
185,208_fs2-00003.jpg,32.6055452407058,-2.72953347461299
186,208_fs2-00003.jpg,32.0172221271809,-3.06634955999976
187,208_fs2-00003.jpg,31.4239839678281,-3.38748185255457
188,208_fs2-00003.jpg,30.8261686329317,-3.69235806128324
189,208_fs2-00003.jpg,30.224113992776,-3.98040589519161
190,208_fs2-00003.jpg,29.6181579176454,-4.25105306328538
191,208_fs2-00003.jpg,29.0086382778242,-4.50372727457045
192,208_fs2-00003.jpg,28.3958929435968,-4.73785623805264
193,208_fs2-00003.jpg,27.7761789420512,-4.95286766273767
194,208_fs2-00003.jpg,27.1408527550181,-5.14818925763149
195,208_fs2-00003.jpg,26.4914898379863,-5.32324873173974
196,208_fs2-00003.jpg,25.8301180688222,-5.47747379406837
197,208_fs2-00003.jpg,25.1587653253927,-5.61029215362316
198,208_fs2-00003.jpg,24.4794594855642,-5.72113151940988
199,208_fs2-00003.jpg,23.7942284272034,-5.80941960043441
200,208_fs2-00003.jpg,23.1051000281769,-5.87458410570247
1,208_fs2-00004.jpg,123.865877712032,-30.3321777940654
2,208_fs2-00004.jpg,123.361253585478,-29.9201835099701
3,208_fs2-00004.jpg,122.859413891421,-29.5031740161006
4,208_fs2-00004.jpg,122.360384759682,-29.0812139194529
5,208_fs2-00004.jpg,121.864192320084,-28.6543678270233
6,208_fs2-00004.jpg,121.37086270245,-28.2227003458078
7,208_fs2-00004.jpg,120.880422036601,-27.7862760828027
8,208_fs2-00004.jpg,120.39289645236,-27.345159645004
9,208_fs2-00004.jpg,119.908312079549,-26.8994156394078
10,208_fs2-00004.jpg,119.426695047991,-26.4491086730104
11,208_fs2-00004.jpg,118.948071487509,-25.9943033528078
12,208_fs2-00004.jpg,118.472467527923,-25.5350642857962
13,208_fs2-00004.jpg,117.999909299058,-25.0714560789718
14,208_fs2-00004.jpg,117.530422930735,-24.6035433393305
15,208_fs2-00004.jpg,117.064034552777,-24.1313906738687
16,208_fs2-00004.jpg,116.600770295005,-23.6550626895824
17,208_fs2-00004.jpg,116.140656287243,-23.1746239934678
18,208_fs2-00004.jpg,115.683718659313,-22.6901391925209
19,208_fs2-00004.jpg,115.229983541037,-22.201672893738
20,208_fs2-00004.jpg,114.779477062238,-21.7092897041152
21,208_fs2-00004.jpg,114.332225352737,-21.2130542306485
22,208_fs2-00004.jpg,113.888254542358,-20.7130310803342
23,208_fs2-00004.jpg,113.447590760923,-20.2092848601683
24,208_fs2-00004.jpg,113.010260138253,-19.7018801771471
25,208_fs2-00004.jpg,112.576288804172,-19.1908816382667
26,208_fs2-00004.jpg,112.145702888502,-18.676353850523
27,208_fs2-00004.jpg,111.718528521065,-18.1583614209125
28,208_fs2-00004.jpg,111.294791831683,-17.636968956431
29,208_fs2-00004.jpg,110.87451895018,-17.1122410640749
30,208_fs2-00004.jpg,110.457736006377,-16.5842423508401
31,208_fs2-00004.jpg,110.044469130096,-16.053037423723
32,208_fs2-00004.jpg,109.634744451161,-15.5186908897195
33,208_fs2-00004.jpg,109.228588099393,-14.9812673558258
34,208_fs2-00004.jpg,108.826026204615,-14.4408314290382
35,208_fs2-00004.jpg,108.427084896649,-13.8974477163526
36,208_fs2-00004.jpg,108.031790305317,-13.3511808247652
37,208_fs2-00004.jpg,107.640168560443,-12.8020953612722
38,208_fs2-00004.jpg,107.252245791848,-12.2502559328698
39,208_fs2-00004.jpg,106.868048129355,-11.6957271465539
40,208_fs2-00004.jpg,106.487601702786,-11.1385736093209
41,208_fs2-00004.jpg,106.110932641963,-10.5788599281668
42,208_fs2-00004.jpg,105.738067076709,-10.0166507100877
43,208_fs2-00004.jpg,105.369031136847,-9.45201056207975
44,208_fs2-00004.jpg,105.003850952198,-8.88500409113914
45,208_fs2-00004.jpg,104.642552652585,-8.31569590426204
46,208_fs2-00004.jpg,104.28516236783,-7.7441506084445
47,208_fs2-00004.jpg,103.931706227756,-7.17043281068266
48,208_fs2-00004.jpg,103.582210362186,-6.59460711797271
49,208_fs2-00004.jpg,103.236700900941,-6.01673813731077
50,208_fs2-00004.jpg,102.895203973843,-5.43689047569296
51,208_fs2-00004.jpg,102.557765219798,-4.85512874011539
52,208_fs2-00004.jpg,102.22735709346,-4.27151753757425
53,208_fs2-00004.jpg,101.90577007224,-3.68612147506565
54,208_fs2-00004.jpg,101.592527049415,-3.09900515958572
55,208_fs2-00004.jpg,101.287150918262,-2.51023319813061
56,208_fs2-00004.jpg,100.989164572058,-1.91987019769641
57,208_fs2-00004.jpg,100.698090904078,-1.32798076527934
58,208_fs2-00004.jpg,100.413452807601,-0.734629507875468
59,208_fs2-00004.jpg,100.134773175902,-0.139881032480901
60,208_fs2-00004.jpg,99.8615749022582,0.456200053908105
61,208_fs2-00004.jpg,99.5933808799463,1.05354914429552
62,208_fs2-00004.jpg,99.329714002243,1.65210163168518
63,208_fs2-00004.jpg,99.0700971624249,2.25179290908096
64,208_fs2-00004.jpg,98.8140532537687,2.85255836948664
65,208_fs2-00004.jpg,98.5611051695511,3.4543334059062
66,208_fs2-00004.jpg,98.3107758030487,4.05705341134347
67,208_fs2-00004.jpg,98.0625880475383,4.66065377880227
68,208_fs2-00004.jpg,97.8160647962965,5.26506990128655
69,208_fs2-00004.jpg,97.5707289426001,5.87023717180006
70,208_fs2-00004.jpg,97.3261033797255,6.47609098334675
71,208_fs2-00004.jpg,97.0817110009496,7.08256672893049
72,208_fs2-00004.jpg,96.837074699549,7.68959980155512
73,208_fs2-00004.jpg,96.5917173688004,8.29712559422444
74,208_fs2-00004.jpg,96.3451619019805,8.90507949994242
75,208_fs2-00004.jpg,96.0969311923659,9.51339691171285
76,208_fs2-00004.jpg,95.8465481332333,10.1220132225396
77,208_fs2-00004.jpg,95.5935356178595,10.7308638254266
78,208_fs2-00004.jpg,95.337416539521,11.3398841133777
79,208_fs2-00004.jpg,95.0777137914945,11.9490094793967
80,208_fs2-00004.jpg,94.8139502670569,12.5581753164875
81,208_fs2-00004.jpg,94.5456488594846,13.167317017654
82,208_fs2-00004.jpg,94.2723324620544,13.7763699759
83,208_fs2-00004.jpg,93.9935239680429,14.3852695842294
84,208_fs2-00004.jpg,93.7087462707269,14.993951235646
85,208_fs2-00004.jpg,93.4175222633829,15.6023503231538
86,208_fs2-00004.jpg,93.1193748392878,16.2104022397565
87,208_fs2-00004.jpg,92.8138268917181,16.8180423784581
88,208_fs2-00004.jpg,92.5004013139506,17.4252061322625
89,208_fs2-00004.jpg,92.1786209992619,18.0318288941734
90,208_fs2-00004.jpg,91.8480088409287,18.6378460571947
91,208_fs2-00004.jpg,91.5080877322276,19.2431930143304
92,208_fs2-00004.jpg,91.1583805664354,19.8478051585843
93,208_fs2-00004.jpg,90.798365601767,20.4516172030778
94,208_fs2-00004.jpg,90.4260479088056,21.0543826227546
95,208_fs2-00004.jpg,90.0408806626784,21.6554305791676
96,208_fs2-00004.jpg,89.6433108731035,22.2540295971208
97,208_fs2-00004.jpg,89.2337855497989,22.8494482014184
98,208_fs2-00004.jpg,88.8127517024828,23.4409549168644
99,208_fs2-00004.jpg,88.3806563408732,24.027818268263
100,208_fs2-00004.jpg,87.9379464746883,24.6093067804181
101,208_fs2-00004.jpg,87.485069113646,25.184688978134
102,208_fs2-00004.jpg,87.0224712674645,25.7532333862146
103,208_fs2-00004.jpg,86.5505999458619,26.3142085294639
104,208_fs2-00004.jpg,86.0699021585563,26.8668829326862
105,208_fs2-00004.jpg,85.5808249152657,27.4105251206855
106,208_fs2-00004.jpg,85.0838152257082,27.9444036182658
107,208_fs2-00004.jpg,84.5793200996021,28.4677869502312
108,208_fs2-00004.jpg,84.0677865466652,28.9799436413858
109,208_fs2-00004.jpg,83.5496615766157,29.4801422165337
110,208_fs2-00004.jpg,83.0253921991717,29.9676512004789
111,208_fs2-00004.jpg,82.4954254240513,30.4417391180256
112,208_fs2-00004.jpg,81.9602082609726,30.9016744939778
113,208_fs2-00004.jpg,81.4201877196536,31.3467258531395
114,208_fs2-00004.jpg,80.8758108098125,31.7761617203149
115,208_fs2-00004.jpg,80.3275245411673,32.1892506203081
116,208_fs2-00004.jpg,79.7757759234361,32.585261077923
117,208_fs2-00004.jpg,79.221011966337,32.9634616179638
118,208_fs2-00004.jpg,78.6636796795881,33.3231207652346
119,208_fs2-00004.jpg,78.1042260729076,33.6635070445394
120,208_fs2-00004.jpg,77.5430981560133,33.9838889806823
121,208_fs2-00004.jpg,76.9807429386236,34.2835350984674
122,208_fs2-00004.jpg,76.4176074304564,34.5617139226988
123,208_fs2-00004.jpg,75.8541386412298,34.8176939781805
124,208_fs2-00004.jpg,75.2907835806619,35.0507437897166
125,208_fs2-00004.jpg,74.7279892584709,35.2601318821112
126,208_fs2-00004.jpg,74.1662026843747,35.4451267801684
127,208_fs2-00004.jpg,73.6058708680915,35.6049970086922
128,208_fs2-00004.jpg,73.0474408193394,35.7390110924867
129,208_fs2-00004.jpg,72.4913595478365,35.8464375563561
130,208_fs2-00004.jpg,71.9251839901252,35.9267272151735
131,208_fs2-00004.jpg,71.3355228343414,35.9801444654411
132,208_fs2-00004.jpg,70.7243961495216,36.0071805920845
133,208_fs2-00004.jpg,70.0938428453757,36.0083268899305
134,208_fs2-00004.jpg,69.4459018316138,35.984074653806
135,208_fs2-00004.jpg,68.7826120179458,35.9349151785378
136,208_fs2-00004.jpg,68.1060123140816,35.8613397589527
137,208_fs2-00004.jpg,67.4181416297312,35.7638396898776
138,208_fs2-00004.jpg,66.7210388746045,35.6429062661392
139,208_fs2-00004.jpg,66.0167429584116,35.4990307825645
140,208_fs2-00004.jpg,65.3072927908622,35.3327045339803
141,208_fs2-00004.jpg,64.5947272816665,35.1444188152134
142,208_fs2-00004.jpg,63.8810853405344,34.9346649210906
143,208_fs2-00004.jpg,63.1684058771757,34.7039341464388
144,208_fs2-00004.jpg,62.4587278013005,34.4527177860849
145,208_fs2-00004.jpg,61.7540900226188,34.1815071348556
146,208_fs2-00004.jpg,61.0565314508404,33.8907934875778
147,208_fs2-00004.jpg,60.3680909956753,33.5810681390783
148,208_fs2-00004.jpg,59.6908075668335,33.2528223841841
149,208_fs2-00004.jpg,59.026720074025,32.9065475177218
150,208_fs2-00004.jpg,58.3778674269596,32.5427348345184
151,208_fs2-00004.jpg,57.7462885353474,32.1618756294007
152,208_fs2-00004.jpg,57.1340223088982,31.7644611971955
153,208_fs2-00004.jpg,56.5431076573221,31.3509828327297
154,208_fs2-00004.jpg,55.9755834903291,30.92193183083
155,208_fs2-00004.jpg,55.433488717629,30.4777994863235
156,208_fs2-00004.jpg,54.9188622489317,30.0190770940368
157,208_fs2-00004.jpg,54.4337429939474,29.5462559487968
158,208_fs2-00004.jpg,53.9801698623858,29.0598273454303
159,208_fs2-00004.jpg,53.5601817639571,28.5602825787643
160,208_fs2-00004.jpg,53.1758176083711,28.0481129436255
161,208_fs2-00004.jpg,52.8291163053377,27.5238097348408
162,208_fs2-00004.jpg,52.5191617923517,26.9878642472369
163,208_fs2-00004.jpg,52.2176383130663,26.4407677756408
164,208_fs2-00004.jpg,51.9172876756222,25.8830116148793
165,208_fs2-00004.jpg,51.6184862198784,25.3150870597792
166,208_fs2-00004.jpg,51.321610285694,24.7374854051673
167,208_fs2-00004.jpg,51.027036212928,24.1506979458706
168,208_fs2-00004.jpg,50.7351403414397,23.5552159767158
169,208_fs2-00004.jpg,50.446299011088,22.9515307925297
170,208_fs2-00004.jpg,50.1608885617321,22.3401336881392
171,208_fs2-00004.jpg,49.8792853332311,21.7215159583712
172,208_fs2-00004.jpg,49.601865665444,21.0961688980525
173,208_fs2-00004.jpg,49.32900589823,20.4645838020099
174,208_fs2-00004.jpg,49.0610823714481,19.8272519650703
175,208_fs2-00004.jpg,48.7984714249575,19.1846646820604
176,208_fs2-00004.jpg,48.5415493986172,18.5373132478072
177,208_fs2-00004.jpg,48.2906926322863,17.8856889571374
178,208_fs2-00004.jpg,48.046277465824,17.230283104878
179,208_fs2-00004.jpg,47.8086802390893,16.5715869858556
180,208_fs2-00004.jpg,47.5782772919413,15.9100918948973
181,208_fs2-00004.jpg,47.3554449642391,15.2462891268298
182,208_fs2-00004.jpg,47.1405595958418,14.58066997648
183,208_fs2-00004.jpg,46.9339975266086,13.9137257386746
184,208_fs2-00004.jpg,46.7361350963984,13.2459477082406
185,208_fs2-00004.jpg,46.5473486450703,12.5778271800047
186,208_fs2-00004.jpg,46.3680145124836,11.9098554487938
187,208_fs2-00004.jpg,46.1985090384972,11.2425238094349
188,208_fs2-00004.jpg,46.0392085629703,10.5763235567546
189,208_fs2-00004.jpg,45.8904894257619,9.91174598557978
190,208_fs2-00004.jpg,45.7527279667312,9.24928239073733
191,208_fs2-00004.jpg,45.6263005257373,8.5894240670541
192,208_fs2-00004.jpg,45.5115834426392,7.93266230935689
193,208_fs2-00004.jpg,45.4089530572961,7.27948841247257
194,208_fs2-00004.jpg,45.3187857095669,6.63039367122792
195,208_fs2-00004.jpg,45.2414577393109,5.98586938044986
196,208_fs2-00004.jpg,45.1773454863871,5.34640683496519
197,208_fs2-00004.jpg,45.1268252906546,4.71249732960069
198,208_fs2-00004.jpg,45.0902734919725,4.08463215918329
199,208_fs2-00004.jpg,45.0680664301999,3.46330261853979
200,208_fs2-00004.jpg,45.0605804451959,2.84900000249701
1,208_fs2-00005.jpg,132.116089039166,-34.9081146776945
2,208_fs2-00005.jpg,131.493514906578,-34.669966726608
3,208_fs2-00005.jpg,130.874671780862,-34.4257333846974
4,208_fs2-00005.jpg,130.259612306092,-34.1754558933824
5,208_fs2-00005.jpg,129.648389126344,-33.9191754940824
6,208_fs2-00005.jpg,129.041054885692,-33.6569334282173
7,208_fs2-00005.jpg,128.43766222821,-33.3887709372065
8,208_fs2-00005.jpg,127.838263797972,-33.1147292624697
9,208_fs2-00005.jpg,127.242912239054,-32.8348496454265
10,208_fs2-00005.jpg,126.651660195529,-32.5491733274965
11,208_fs2-00005.jpg,126.064560311472,-32.2577415500994
12,208_fs2-00005.jpg,125.481665230958,-31.9605955546546
13,208_fs2-00005.jpg,124.903027598061,-31.657776582582
14,208_fs2-00005.jpg,124.328700056855,-31.349325875301
15,208_fs2-00005.jpg,123.758735251416,-31.0352846742313
16,208_fs2-00005.jpg,123.193185825816,-30.7156942207925
17,208_fs2-00005.jpg,122.632104424132,-30.3905957564042
18,208_fs2-00005.jpg,122.075543690437,-30.060030522486
19,208_fs2-00005.jpg,121.523556268806,-29.7240397604576
20,208_fs2-00005.jpg,120.976194803313,-29.3826647117386
21,208_fs2-00005.jpg,120.433511938033,-29.0359466177485
22,208_fs2-00005.jpg,119.895560317041,-28.683926719907
23,208_fs2-00005.jpg,119.36239258441,-28.3266462596337
24,208_fs2-00005.jpg,118.834061384215,-27.9641464783483
25,208_fs2-00005.jpg,118.310619360531,-27.5964686174702
26,208_fs2-00005.jpg,117.792119157432,-27.2236539184192
27,208_fs2-00005.jpg,117.278613418993,-26.8457436226149
28,208_fs2-00005.jpg,116.770154789288,-26.4627789714768
29,208_fs2-00005.jpg,116.266795912392,-26.0748012064246
30,208_fs2-00005.jpg,115.768589432378,-25.681851568878
31,208_fs2-00005.jpg,115.275587993323,-25.2839713002564
32,208_fs2-00005.jpg,114.787844239299,-24.8812016419796
33,208_fs2-00005.jpg,114.305410814382,-24.4735838354671
34,208_fs2-00005.jpg,113.828340362646,-24.0611591221386
35,208_fs2-00005.jpg,113.356685528165,-23.6439687434136
36,208_fs2-00005.jpg,112.890498955014,-23.2220539407119
37,208_fs2-00005.jpg,112.429833287268,-22.795455955453
38,208_fs2-00005.jpg,111.974741169,-22.3642160290564
39,208_fs2-00005.jpg,111.525275244286,-21.9283754029419
40,208_fs2-00005.jpg,111.0814881572,-21.487975318529
41,208_fs2-00005.jpg,110.643432551815,-21.0430570172375
42,208_fs2-00005.jpg,110.211161072208,-20.5936617404867
43,208_fs2-00005.jpg,109.78421243674,-20.1398307296965
44,208_fs2-00005.jpg,109.356802103955,-19.6816052262864
45,208_fs2-00005.jpg,108.927662074914,-19.219026471676
46,208_fs2-00005.jpg,108.497258182421,-18.7521357072849
47,208_fs2-00005.jpg,108.066056259281,-18.2809741745328
48,208_fs2-00005.jpg,107.634522138298,-17.8055831148392
49,208_fs2-00005.jpg,107.203121652275,-17.3260037696238
50,208_fs2-00005.jpg,106.772320634017,-16.8422773803062
51,208_fs2-00005.jpg,106.342584916329,-16.354445188306
52,208_fs2-00005.jpg,105.914380332014,-15.8625484350429
53,208_fs2-00005.jpg,105.488172713876,-15.3666283619363
54,208_fs2-00005.jpg,105.06442789472,-14.866726210406
55,208_fs2-00005.jpg,104.64361170735,-14.3628832218716
56,208_fs2-00005.jpg,104.226189984571,-13.8551406377526
57,208_fs2-00005.jpg,103.812628559185,-13.3435396994687
58,208_fs2-00005.jpg,103.403393263998,-12.8281216484396
59,208_fs2-00005.jpg,102.998949931814,-12.3089277260848
60,208_fs2-00005.jpg,102.599764395436,-11.7859991738239
61,208_fs2-00005.jpg,102.206302487669,-11.2593772330765
62,208_fs2-00005.jpg,101.819030041318,-10.7291031452623
63,208_fs2-00005.jpg,101.438412889186,-10.1952181518009
64,208_fs2-00005.jpg,101.064916864077,-9.65776349411192
65,208_fs2-00005.jpg,100.699007798797,-9.11678041361489
66,208_fs2-00005.jpg,100.341151526148,-8.57231015172948
67,208_fs2-00005.jpg,99.9918138789353,-8.02439394987533
68,208_fs2-00005.jpg,99.651460689963,-7.47307304947202
69,208_fs2-00005.jpg,99.3205577920351,-6.91838869193919
70,208_fs2-00005.jpg,98.9995710179558,-6.36038211869641
71,208_fs2-00005.jpg,98.6889662005294,-5.79909457116332
72,208_fs2-00005.jpg,98.38920917256,-5.23456729075957
73,208_fs2-00005.jpg,98.1007657668518,-4.66684151890473
74,208_fs2-00005.jpg,97.824101816209,-4.09595849701844
75,208_fs2-00005.jpg,97.5596831534357,-3.52195946652029
76,208_fs2-00005.jpg,97.3079756113362,-2.9448856688299
77,208_fs2-00005.jpg,97.0694450227147,-2.36477834536686
78,208_fs2-00005.jpg,96.8445572203753,-1.78167873755086
79,208_fs2-00005.jpg,96.6337780371221,-1.19562808680143
80,208_fs2-00005.jpg,96.4375733057595,-0.606667634538269
81,208_fs2-00005.jpg,96.2564088590915,-0.0148386221808892
82,208_fs2-00005.jpg,96.0886856051991,0.579814688320539
83,208_fs2-00005.jpg,95.9306262830217,1.17722875308573
84,208_fs2-00005.jpg,95.7815595520999,1.77733244753978
85,208_fs2-00005.jpg,95.6408779730511,2.38005462900662
86,208_fs2-00005.jpg,95.507974106493,2.98532415480986
87,208_fs2-00005.jpg,95.3822405130427,3.59306988227343
88,208_fs2-00005.jpg,95.2630697533179,4.20322066872097
89,208_fs2-00005.jpg,95.1498543879359,4.81570537147633
90,208_fs2-00005.jpg,95.0419869775141,5.43045284786319
91,208_fs2-00005.jpg,94.93886008267,6.04739195520546
92,208_fs2-00005.jpg,94.8398662640209,6.66645155082676
93,208_fs2-00005.jpg,94.7443980821845,7.28756049205094
94,208_fs2-00005.jpg,94.651848097778,7.91064763620176
95,208_fs2-00005.jpg,94.5616088714189,8.53564184060303
96,208_fs2-00005.jpg,94.4730729637247,9.16247196257842
97,208_fs2-00005.jpg,94.3856329353127,9.79106685945175
98,208_fs2-00005.jpg,94.2986813468004,10.4213553885468
99,208_fs2-00005.jpg,94.2116107588053,11.0532664071874
100,208_fs2-00005.jpg,94.1238137319447,11.6867287726972
101,208_fs2-00005.jpg,94.0346828268361,12.3216713424
102,208_fs2-00005.jpg,93.9436106040969,12.9580229736196
103,208_fs2-00005.jpg,93.8499896243446,13.5957125236798
104,208_fs2-00005.jpg,93.7532124481966,14.2346688499043
105,208_fs2-00005.jpg,93.6526716362703,14.8748208096169
106,208_fs2-00005.jpg,93.5477597491831,15.5160972601414
107,208_fs2-00005.jpg,93.4378693475525,16.1584270588015
108,208_fs2-00005.jpg,93.3223929919959,16.801739062921
109,208_fs2-00005.jpg,93.2007232431308,17.4459621298237
110,208_fs2-00005.jpg,93.0722526615746,18.0910251168334
111,208_fs2-00005.jpg,92.9363738079446,18.7368568812737
112,208_fs2-00005.jpg,92.7924792428584,19.3833862804686
113,208_fs2-00005.jpg,92.6399615269334,20.0305421717417
114,208_fs2-00005.jpg,92.478213220787,20.6782534124168
115,208_fs2-00005.jpg,92.3062029987308,21.3264146683101
116,208_fs2-00005.jpg,92.1228620052028,21.9746592596046
117,208_fs2-00005.jpg,91.928379330986,22.6224998984798
118,208_fs2-00005.jpg,91.7229803267713,23.2694486497113
119,208_fs2-00005.jpg,91.5068903432494,23.9150175780744
120,208_fs2-00005.jpg,91.2803347311112,24.5587187483448
121,208_fs2-00005.jpg,91.0435388410473,25.2000642252978
122,208_fs2-00005.jpg,90.7967280237486,25.8385660737088
123,208_fs2-00005.jpg,90.540127629906,26.4737363583534
124,208_fs2-00005.jpg,90.27396301021,27.1050871440071
125,208_fs2-00005.jpg,89.9984595153517,27.7321304954452
126,208_fs2-00005.jpg,89.7138424960216,28.3543784774432
127,208_fs2-00005.jpg,89.4203373029108,28.9713431547766
128,208_fs2-00005.jpg,89.1181692867098,29.5825365922209
129,208_fs2-00005.jpg,88.8075637981096,30.1874708545514
130,208_fs2-00005.jpg,88.4887461878009,30.7856580065437
131,208_fs2-00005.jpg,88.1619418064745,31.3766101129733
132,208_fs2-00005.jpg,87.8273760048211,31.9598392386155
133,208_fs2-00005.jpg,87.4852741335317,32.5348574482458
134,208_fs2-00005.jpg,87.1358615432969,33.1011768066397
135,208_fs2-00005.jpg,86.7793635848075,33.6583093785727
136,208_fs2-00005.jpg,86.4160056087545,34.2057672288202
137,208_fs2-00005.jpg,86.0460129658284,34.7430624221576
138,208_fs2-00005.jpg,85.6696110067202,35.2697070233605
139,208_fs2-00005.jpg,85.2870250821206,35.7852130972043
140,208_fs2-00005.jpg,84.8984805427203,36.2890927084644
141,208_fs2-00005.jpg,84.5042027392103,36.7808579219163
142,208_fs2-00005.jpg,84.1044170222813,37.2600208023355
143,208_fs2-00005.jpg,83.6993487426241,37.7260934144974
144,208_fs2-00005.jpg,83.2892232509294,38.1785878231774
145,208_fs2-00005.jpg,82.874265897888,38.6170160931511
146,208_fs2-00005.jpg,82.4547020341908,39.040890289194
147,208_fs2-00005.jpg,82.0307570105285,39.4497224760813
148,208_fs2-00005.jpg,81.602656177592,39.8430247185887
149,208_fs2-00005.jpg,81.1706248860719,40.2203090814915
150,208_fs2-00005.jpg,80.7348884866592,40.5810876295653
151,208_fs2-00005.jpg,80.2956723300445,40.9248724275854
152,208_fs2-00005.jpg,79.8455290900754,41.2512099726339
153,208_fs2-00005.jpg,79.3660847438325,41.5599580862982
154,208_fs2-00005.jpg,78.858357542717,41.851139958883
155,208_fs2-00005.jpg,78.3243465859507,42.1247803061363
156,208_fs2-00005.jpg,77.7660509727552,42.3809038438062
157,208_fs2-00005.jpg,77.1854698023525,42.6195352876404
158,208_fs2-00005.jpg,76.5846021739641,42.8406993533872
159,208_fs2-00005.jpg,75.9654471868119,43.0444207567945
160,208_fs2-00005.jpg,75.3300039401176,43.2307242136102
161,208_fs2-00005.jpg,74.6802715331029,43.3996344395824
162,208_fs2-00005.jpg,74.0182490649897,43.5511761504591
163,208_fs2-00005.jpg,73.3459356349996,43.6853740619882
164,208_fs2-00005.jpg,72.6653303423544,43.8022528899178
165,208_fs2-00005.jpg,71.9784322862758,43.9018373499958
166,208_fs2-00005.jpg,71.2872405659857,43.9841521579702
167,208_fs2-00005.jpg,70.5937542807057,44.0492220295891
168,208_fs2-00005.jpg,69.8999725296576,44.0970716806003
169,208_fs2-00005.jpg,69.2078944120631,44.127725826752
170,208_fs2-00005.jpg,68.519519027144,44.1412091837921
171,208_fs2-00005.jpg,67.836845474122,44.1375464674686
172,208_fs2-00005.jpg,67.1618728522189,44.1167623935295
173,208_fs2-00005.jpg,66.4966002606565,44.0788816777227
174,208_fs2-00005.jpg,65.8430267986565,44.0239290357964
175,208_fs2-00005.jpg,65.2031515654405,43.9519291834984
176,208_fs2-00005.jpg,64.5789736602305,43.8629068365767
177,208_fs2-00005.jpg,63.9724921822481,43.7568867107795
178,208_fs2-00005.jpg,63.3818101697317,43.6338935218546
179,208_fs2-00005.jpg,62.7950084156227,43.49395198555
180,208_fs2-00005.jpg,62.2110880833004,43.3370868176137
181,208_fs2-00005.jpg,61.630055031144,43.1633227337938
182,208_fs2-00005.jpg,61.0519151175327,42.9726844498383
183,208_fs2-00005.jpg,60.4766742008457,42.765196681495
184,208_fs2-00005.jpg,59.9043381394623,42.540884144512
185,208_fs2-00005.jpg,59.3349127917615,42.2997715546374
186,208_fs2-00005.jpg,58.7684040161226,42.041883627619
187,208_fs2-00005.jpg,58.2048176709249,41.7672450792049
188,208_fs2-00005.jpg,57.6441596145474,41.4758806251432
189,208_fs2-00005.jpg,57.0864357053696,41.1678149811817
190,208_fs2-00005.jpg,56.5316518017704,40.8430728630684
191,208_fs2-00005.jpg,55.9798137621291,40.5016789865514
192,208_fs2-00005.jpg,55.430927444825,40.1436580673787
193,208_fs2-00005.jpg,54.8849987082372,39.7690348212983
194,208_fs2-00005.jpg,54.3420334107449,39.377833964058
195,208_fs2-00005.jpg,53.8020374107273,38.970080211406
196,208_fs2-00005.jpg,53.2650165665638,38.5457982790903
197,208_fs2-00005.jpg,52.7309767366332,38.1050128828587
198,208_fs2-00005.jpg,52.1999237793151,37.6477487384594
199,208_fs2-00005.jpg,51.6718635529885,37.1740305616403
200,208_fs2-00005.jpg,51.1468019160326,36.6838830681494
1,208_fs2-00006.jpg,138.089602704987,-38.2893488281595
2,208_fs2-00006.jpg,137.421223985368,-38.0481071286194
3,208_fs2-00006.jpg,136.756488328234,-37.8049553021581
4,208_fs2-00006.jpg,136.095384481757,-37.5598246241138
5,208_fs2-00006.jpg,135.437901194107,-37.3126463698247
6,208_fs2-00006.jpg,134.784027213455,-37.0633518146287
7,208_fs2-00006.jpg,134.133751287973,-36.8118722338642
8,208_fs2-00006.jpg,133.487062165832,-36.5581389028691
9,208_fs2-00006.jpg,132.843948595203,-36.3020830969816
10,208_fs2-00006.jpg,132.204399324258,-36.0436360915399
11,208_fs2-00006.jpg,131.568403101166,-35.7827291618821
12,208_fs2-00006.jpg,130.9359486741,-35.5192935833462
13,208_fs2-00006.jpg,130.307024791231,-35.2532606312706
14,208_fs2-00006.jpg,129.681620200729,-34.9845615809932
15,208_fs2-00006.jpg,129.059723650766,-34.7131277078521
16,208_fs2-00006.jpg,128.441323889513,-34.4388902871856
17,208_fs2-00006.jpg,127.826409665141,-34.1617805943318
18,208_fs2-00006.jpg,127.214969725822,-33.8817299046287
19,208_fs2-00006.jpg,126.606992819726,-33.5986694934146
20,208_fs2-00006.jpg,126.002467695024,-33.3125306360275
21,208_fs2-00006.jpg,125.401383099888,-33.0232446078056
22,208_fs2-00006.jpg,124.803727782489,-32.730742684087
23,208_fs2-00006.jpg,124.209490490998,-32.4349561402099
24,208_fs2-00006.jpg,123.618659973586,-32.1358162515123
25,208_fs2-00006.jpg,123.031224978424,-31.8332542933324
26,208_fs2-00006.jpg,122.447174253684,-31.5272015410083
27,208_fs2-00006.jpg,121.866496547536,-31.2175892698782
28,208_fs2-00006.jpg,121.289180608152,-30.9043487552801
29,208_fs2-00006.jpg,120.715215183702,-30.5874112725523
30,208_fs2-00006.jpg,120.144589022359,-30.2667080970328
31,208_fs2-00006.jpg,119.577290872292,-29.9421705040598
32,208_fs2-00006.jpg,119.013309481674,-29.6137297689714
33,208_fs2-00006.jpg,118.452633598675,-29.2813171671057
34,208_fs2-00006.jpg,117.895251971467,-28.9448639738009
35,208_fs2-00006.jpg,117.34115334822,-28.6043014643951
36,208_fs2-00006.jpg,116.790326477106,-28.2595609142264
37,208_fs2-00006.jpg,116.242760106296,-27.9105735986329
38,208_fs2-00006.jpg,115.698442983961,-27.5572707929529
39,208_fs2-00006.jpg,115.157363858272,-27.1995837725243
40,208_fs2-00006.jpg,114.619511477401,-26.8374438126854
41,208_fs2-00006.jpg,114.084874589518,-26.4707821887742
42,208_fs2-00006.jpg,113.553441942794,-26.099530176129
43,208_fs2-00006.jpg,113.025202285402,-25.7236190500877
44,208_fs2-00006.jpg,112.500144365511,-25.3429800859886
45,208_fs2-00006.jpg,111.978256931293,-24.9575445591699
46,208_fs2-00006.jpg,111.459528730919,-24.5672437449695
47,208_fs2-00006.jpg,110.943948512561,-24.1720089187257
48,208_fs2-00006.jpg,110.431505024389,-23.7717713557765
49,208_fs2-00006.jpg,109.918105606427,-23.3664623314602
50,208_fs2-00006.jpg,109.395550165821,-22.9560131211148
51,208_fs2-00006.jpg,108.865132474444,-22.5403550000785
52,208_fs2-00006.jpg,108.328490363007,-22.1194192436893
53,208_fs2-00006.jpg,107.787261662224,-21.6931371272855
54,208_fs2-00006.jpg,107.243084202808,-21.2614399262051
55,208_fs2-00006.jpg,106.697595815471,-20.8242589157863
56,208_fs2-00006.jpg,106.152434330926,-20.3815253713673
57,208_fs2-00006.jpg,105.609237579886,-19.933170568286
58,208_fs2-00006.jpg,105.069643393064,-19.4791257818808
59,208_fs2-00006.jpg,104.535289601172,-19.0193222874896
60,208_fs2-00006.jpg,104.007814034924,-18.5536913604507
61,208_fs2-00006.jpg,103.488854525033,-18.0821642761022
62,208_fs2-00006.jpg,102.98004890221,-17.6046723097821
63,208_fs2-00006.jpg,102.483034997169,-17.1211467368286
64,208_fs2-00006.jpg,101.999450640623,-16.6315188325799
65,208_fs2-00006.jpg,101.530933663284,-16.1357198723741
66,208_fs2-00006.jpg,101.079121895865,-15.6336811315493
67,208_fs2-00006.jpg,100.64565316908,-15.1253338854436
68,208_fs2-00006.jpg,100.232165313641,-14.6106094093952
69,208_fs2-00006.jpg,99.8402961602601,-14.0894389787422
70,208_fs2-00006.jpg,99.4716835396511,-13.5617538688227
71,208_fs2-00006.jpg,99.1279652825264,-13.0274853549749
72,208_fs2-00006.jpg,98.8107792195988,-12.4865647125369
73,208_fs2-00006.jpg,98.5217631815813,-11.9389232168468
74,208_fs2-00006.jpg,98.2625549991866,-11.3844921432427
75,208_fs2-00006.jpg,98.0346610326132,-10.8232028083266
76,208_fs2-00006.jpg,97.8234133362438,-10.2550435579232
77,208_fs2-00006.jpg,97.6179111826518,-9.68017292541435
78,208_fs2-00006.jpg,97.4180199694222,-9.09878105110499
79,208_fs2-00006.jpg,97.2236050941399,-8.51105807529996
80,208_fs2-00006.jpg,97.0345319543899,-7.91719413830401
81,208_fs2-00006.jpg,96.8506659477569,-7.31737938042198
82,208_fs2-00006.jpg,96.671872471826,-6.71180394195875
83,208_fs2-00006.jpg,96.4980169241821,-6.10065796321908
84,208_fs2-00006.jpg,96.3289647024101,-5.48413158450785
85,208_fs2-00006.jpg,96.1645812040949,-4.86241494612983
86,208_fs2-00006.jpg,96.0047318268215,-4.2356981883899
87,208_fs2-00006.jpg,95.8492819681748,-3.60417145159283
88,208_fs2-00006.jpg,95.6980970257396,-2.9680248760435
89,208_fs2-00006.jpg,95.551042397101,-2.32744860204673
90,208_fs2-00006.jpg,95.4079834798438,-1.68263276990729
91,208_fs2-00006.jpg,95.268785671553,-1.03376751993005
92,208_fs2-00006.jpg,95.1333143698134,-0.38104299241985
93,208_fs2-00006.jpg,95.0014349722102,0.275350672318496
94,208_fs2-00006.jpg,94.873012876328,0.935223333980218
95,208_fs2-00006.jpg,94.7479134797519,1.59838485226044
96,208_fs2-00006.jpg,94.6260021800667,2.26464508685427
97,208_fs2-00006.jpg,94.5071443748575,2.93381389745701
98,208_fs2-00006.jpg,94.3912054617091,3.60570114376378
99,208_fs2-00006.jpg,94.2780508382065,4.28011668546975
100,208_fs2-00006.jpg,94.1675459019346,4.9568703822701
101,208_fs2-00006.jpg,94.0595560504782,5.63577209386
102,208_fs2-00006.jpg,93.9539466814224,6.31663167993457
103,208_fs2-00006.jpg,93.850583192352,6.99925900018911
104,208_fs2-00006.jpg,93.749330980852,7.68346391431868
105,208_fs2-00006.jpg,93.6500554445073,8.36905628201856
106,208_fs2-00006.jpg,93.5526219809028,9.05584596298377
107,208_fs2-00006.jpg,93.4568959876235,9.74364281690964
108,208_fs2-00006.jpg,93.3627428622542,10.4322567034912
109,208_fs2-00006.jpg,93.2700280023798,11.1214974824238
110,208_fs2-00006.jpg,93.1786168055854,11.8111750134025
111,208_fs2-00006.jpg,93.0883746694558,12.5010991561225
112,208_fs2-00006.jpg,92.999166991576,13.1910797702789
113,208_fs2-00006.jpg,92.9108591695309,13.8809267155671
114,208_fs2-00006.jpg,92.8233192490275,14.570449851987
115,208_fs2-00006.jpg,92.7390309693227,15.259468845834
116,208_fs2-00006.jpg,92.6599659030736,15.9478389522897
117,208_fs2-00006.jpg,92.5856985094002,16.6354234975454
118,208_fs2-00006.jpg,92.5158032474225,17.3220858077923
119,208_fs2-00006.jpg,92.4498545762604,18.0076892092214
120,208_fs2-00006.jpg,92.387426955034,18.692097028024
121,208_fs2-00006.jpg,92.328094842863,19.3751725903913
122,208_fs2-00006.jpg,92.2714326988677,20.0567792225144
123,208_fs2-00006.jpg,92.2170149821679,20.7367802505846
124,208_fs2-00006.jpg,92.1644161518835,21.4150390007928
125,208_fs2-00006.jpg,92.1132106671346,22.0914187993305
126,208_fs2-00006.jpg,92.0629729870411,22.7657829723888
127,208_fs2-00006.jpg,92.0132775707229,23.4379948461587
128,208_fs2-00006.jpg,91.9636988773001,24.1079177468315
129,208_fs2-00006.jpg,91.9138113658925,24.7754150005985
130,208_fs2-00006.jpg,91.8631894956202,25.4403499336506
131,208_fs2-00006.jpg,91.8114077256031,26.1025858721792
132,208_fs2-00006.jpg,91.7580405149612,26.7619861423754
133,208_fs2-00006.jpg,91.7026623228145,27.4184140704304
134,208_fs2-00006.jpg,91.6448476082828,28.0717329825354
135,208_fs2-00006.jpg,91.5841708304862,28.7218062048815
136,208_fs2-00006.jpg,91.5202064485447,29.36849706366
137,208_fs2-00006.jpg,91.4525289215782,30.0116688850619
138,208_fs2-00006.jpg,91.3807127087066,30.6511849952785
139,208_fs2-00006.jpg,91.30433226905,31.2869087205009
140,208_fs2-00006.jpg,91.2229620617282,31.9187033869205
141,208_fs2-00006.jpg,91.1361765458614,32.5464323207282
142,208_fs2-00006.jpg,91.0435501805693,33.1699588481153
143,208_fs2-00006.jpg,90.944657424972,33.789146295273
144,208_fs2-00006.jpg,90.8390669538755,34.4038579883924
145,208_fs2-00006.jpg,90.7202328619658,35.0139572536647
146,208_fs2-00006.jpg,90.5827607632554,35.6193074172812
147,208_fs2-00006.jpg,90.4268724037923,36.2197718054329
148,208_fs2-00006.jpg,90.2527895296245,36.815213744311
149,208_fs2-00006.jpg,90.0607338867998,37.4054965601069
150,208_fs2-00006.jpg,89.8509272213662,37.9904835790115
151,208_fs2-00006.jpg,89.6235912793717,38.5700381272161
152,208_fs2-00006.jpg,89.3789478068641,39.1440235309119
153,208_fs2-00006.jpg,89.1172185498913,39.71230311629
154,208_fs2-00006.jpg,88.8386252545014,40.2747402095416
155,208_fs2-00006.jpg,88.5433896667421,40.8311981368579
156,208_fs2-00006.jpg,88.2317335326616,41.3815402244302
157,208_fs2-00006.jpg,87.9038785983075,41.9256297984494
158,208_fs2-00006.jpg,87.560046609728,42.463330185107
159,208_fs2-00006.jpg,87.2004593129709,42.9945047105939
160,208_fs2-00006.jpg,86.8253384540841,43.5190167011014
161,208_fs2-00006.jpg,86.4349057791156,44.0367294828207
162,208_fs2-00006.jpg,86.0293830341134,44.5475063819429
163,208_fs2-00006.jpg,85.6089919651252,45.0512107246593
164,208_fs2-00006.jpg,85.173954318199,45.5477058371609
165,208_fs2-00006.jpg,84.7244918393828,46.036855045639
166,208_fs2-00006.jpg,84.2608262747246,46.5185216762848
167,208_fs2-00006.jpg,83.7831793702721,46.9925690552895
168,208_fs2-00006.jpg,83.2917728720734,47.4588605088441
169,208_fs2-00006.jpg,82.7868285261764,47.9172593631399
170,208_fs2-00006.jpg,82.2685680786289,48.3676289443681
171,208_fs2-00006.jpg,81.737213275479,48.8098325787199
172,208_fs2-00006.jpg,81.1929858627745,49.2437335923863
173,208_fs2-00006.jpg,80.6361075865634,49.6691953115587
174,208_fs2-00006.jpg,80.0668001928935,50.0860810624281
175,208_fs2-00006.jpg,79.4852854278129,50.4942541711858
176,208_fs2-00006.jpg,78.8917850373695,50.893577964023
177,208_fs2-00006.jpg,78.286520767611,51.2839157671307
178,208_fs2-00006.jpg,77.6697143645856,51.6651309067003
179,208_fs2-00006.jpg,77.0415875743411,52.0370867089228
180,208_fs2-00006.jpg,76.4023621429255,52.3996464999894
181,208_fs2-00006.jpg,75.7522598163866,52.7526736060914
182,208_fs2-00006.jpg,75.0915023407724,53.0960313534199
183,208_fs2-00006.jpg,74.4203114621308,53.429583068166
184,208_fs2-00006.jpg,73.7389089265098,53.7531920765211
185,208_fs2-00006.jpg,73.0475164799573,54.0667217046761
186,208_fs2-00006.jpg,72.3463558685211,54.3700352788224
187,208_fs2-00006.jpg,71.6356488382492,54.662996125151
188,208_fs2-00006.jpg,70.9156171351896,54.9454675698533
189,208_fs2-00006.jpg,70.1864825053902,55.2173129391202
190,208_fs2-00006.jpg,69.4484666948988,55.4783955591431
191,208_fs2-00006.jpg,68.7017914497635,55.7285787561131
192,208_fs2-00006.jpg,67.9466785160321,55.9677258562214
193,208_fs2-00006.jpg,67.1833496397526,56.1957001856591
194,208_fs2-00006.jpg,66.4120265669729,56.4123650706175
195,208_fs2-00006.jpg,65.6329310437408,56.6175838372877
196,208_fs2-00006.jpg,64.8462848161045,56.8112198118609
197,208_fs2-00006.jpg,64.0523096301117,56.9931363205282
198,208_fs2-00006.jpg,63.2512272318104,57.1631966894809
199,208_fs2-00006.jpg,62.4432593672485,57.3212642449101
200,208_fs2-00006.jpg,61.6286277824739,57.4672023130071
1,208_fs2-00007.jpg,144.378698224852,-41.2648348805686
2,208_fs2-00007.jpg,143.721520894852,-41.0694151192309
3,208_fs2-00007.jpg,143.066690946411,-40.8735074645604
4,208_fs2-00007.jpg,142.414217643554,-40.6770106583391
5,208_fs2-00007.jpg,141.764110250306,-40.479823442349
6,208_fs2-00007.jpg,141.116378030692,-40.2818445583722
7,208_fs2-00007.jpg,140.471030248737,-40.0829727481907
8,208_fs2-00007.jpg,139.828076168465,-39.8831067535866
9,208_fs2-00007.jpg,139.187525053903,-39.6821453163419
10,208_fs2-00007.jpg,138.549386169074,-39.4799871782386
11,208_fs2-00007.jpg,137.913668778003,-39.2765310810588
12,208_fs2-00007.jpg,137.280382144717,-39.0716757665846
13,208_fs2-00007.jpg,136.649535533238,-38.8653199765979
14,208_fs2-00007.jpg,136.021138207593,-38.6573624528808
15,208_fs2-00007.jpg,135.395199431806,-38.4477019372155
16,208_fs2-00007.jpg,134.771728469903,-38.2362371713838
17,208_fs2-00007.jpg,134.150734585907,-38.0228668971678
18,208_fs2-00007.jpg,133.532227043845,-37.8074898563497
19,208_fs2-00007.jpg,132.916215107741,-37.5900047907113
20,208_fs2-00007.jpg,132.302708041619,-37.3703104420348
21,208_fs2-00007.jpg,131.691715109506,-37.1483055521023
22,208_fs2-00007.jpg,131.083245575425,-36.9238888626957
23,208_fs2-00007.jpg,130.477308703402,-36.6969591155971
24,208_fs2-00007.jpg,129.873913757461,-36.4674150525885
25,208_fs2-00007.jpg,129.273070001628,-36.235155415452
26,208_fs2-00007.jpg,128.674786699928,-36.0000789459697
27,208_fs2-00007.jpg,128.079073116385,-35.7620843859235
28,208_fs2-00007.jpg,127.485938515024,-35.5210704770955
29,208_fs2-00007.jpg,126.89539215987,-35.2769359612677
30,208_fs2-00007.jpg,126.307443314949,-35.0295795802223
31,208_fs2-00007.jpg,125.722101244285,-34.7789000757411
32,208_fs2-00007.jpg,125.139375211903,-34.5247961896064
33,208_fs2-00007.jpg,124.559274481827,-34.2671666636001
34,208_fs2-00007.jpg,123.981808318084,-34.0059102395041
35,208_fs2-00007.jpg,123.406985984697,-33.7409256591008
36,208_fs2-00007.jpg,122.834816745692,-33.472111664172
37,208_fs2-00007.jpg,122.265309865094,-33.1993669964997
38,208_fs2-00007.jpg,121.698474606927,-32.9225903978661
39,208_fs2-00007.jpg,121.134320235217,-32.6416806100531
40,208_fs2-00007.jpg,120.572856013988,-32.3565363748429
41,208_fs2-00007.jpg,120.014091207266,-32.0670564340174
42,208_fs2-00007.jpg,119.457388018751,-31.7731395293587
43,208_fs2-00007.jpg,118.896612716687,-31.4746844026488
44,208_fs2-00007.jpg,118.330781950161,-31.1715897956699
45,208_fs2-00007.jpg,117.760571618045,-30.8637544502038
46,208_fs2-00007.jpg,117.186657619211,-30.5510771080328
47,208_fs2-00007.jpg,116.609715852531,-30.2334565109387
48,208_fs2-00007.jpg,116.030422216876,-29.9107914007036
49,208_fs2-00007.jpg,115.44945261112,-29.5829805191096
50,208_fs2-00007.jpg,114.867482934133,-29.2499226079389
51,208_fs2-00007.jpg,114.285189084788,-28.9115164089732
52,208_fs2-00007.jpg,113.703246961957,-28.5676606639948
53,208_fs2-00007.jpg,113.122332464511,-28.2182541147856
54,208_fs2-00007.jpg,112.543121491322,-27.8631955031277
55,208_fs2-00007.jpg,111.966289941264,-27.5023835708032
56,208_fs2-00007.jpg,111.392513713206,-27.1357170595941
57,208_fs2-00007.jpg,110.822468706022,-26.7630947112823
58,208_fs2-00007.jpg,110.256830818583,-26.3844152676501
59,208_fs2-00007.jpg,109.696275949761,-25.9995774704793
60,208_fs2-00007.jpg,109.141479998429,-25.6084800615521
61,208_fs2-00007.jpg,108.593118863458,-25.2110217826506
62,208_fs2-00007.jpg,108.05186844372,-24.8071013755566
63,208_fs2-00007.jpg,107.518404638086,-24.3966175820523
64,208_fs2-00007.jpg,106.99340334543,-23.9794691439197
65,208_fs2-00007.jpg,106.477540464623,-23.5555548029409
66,208_fs2-00007.jpg,105.971491894536,-23.124773300898
67,208_fs2-00007.jpg,105.475933534043,-22.6870233795728
68,208_fs2-00007.jpg,104.991541282014,-22.2422037807476
69,208_fs2-00007.jpg,104.518991037321,-21.7902132462042
70,208_fs2-00007.jpg,104.058958698838,-21.3309505177249
71,208_fs2-00007.jpg,103.612120165435,-20.8643143370916
72,208_fs2-00007.jpg,103.179151335984,-20.3902034460863
73,208_fs2-00007.jpg,102.760728109358,-19.9085165864911
74,208_fs2-00007.jpg,102.357526384429,-19.419152500088
75,208_fs2-00007.jpg,101.970222060067,-18.9220099286592
76,208_fs2-00007.jpg,101.599491035147,-18.4169876139866
77,208_fs2-00007.jpg,101.246009208538,-17.9039842978522
78,208_fs2-00007.jpg,100.910452479113,-17.3828987220382
79,208_fs2-00007.jpg,100.591577246246,-16.8536362168903
80,208_fs2-00007.jpg,100.276645654151,-16.3162826249926
81,208_fs2-00007.jpg,99.9635917033933,-15.7711220362619
82,208_fs2-00007.jpg,99.6528998305949,-15.2184486859667
83,208_fs2-00007.jpg,99.3450544723789,-14.6585568093753
84,208_fs2-00007.jpg,99.040540065368,-14.091740641756
85,208_fs2-00007.jpg,98.739841046185,-13.5182944183773
86,208_fs2-00007.jpg,98.4434418514529,-12.9385123745072
87,208_fs2-00007.jpg,98.1518269177944,-12.3526887454145
88,208_fs2-00007.jpg,97.8654806818324,-11.7611177663672
89,208_fs2-00007.jpg,97.5848875801896,-11.164093672634
90,208_fs2-00007.jpg,97.310532049489,-10.5619106994829
91,208_fs2-00007.jpg,97.0428985263533,-9.95486308218244
92,208_fs2-00007.jpg,96.7824714474053,-9.34324505600097
93,208_fs2-00007.jpg,96.529735249268,-8.72735085620678
94,208_fs2-00007.jpg,96.2851743685641,-8.10747471806826
95,208_fs2-00007.jpg,96.0492732419164,-7.48391087685377
96,208_fs2-00007.jpg,95.8225163059478,-6.85695356783168
97,208_fs2-00007.jpg,95.6053879972811,-6.22689702627031
98,208_fs2-00007.jpg,95.3983727525392,-5.59403548743796
99,208_fs2-00007.jpg,95.2019550083448,-4.95866318660313
100,208_fs2-00007.jpg,95.0166192013208,-4.32107435903407
101,208_fs2-00007.jpg,94.84284976809,-3.68156323999915
102,208_fs2-00007.jpg,94.6811311452752,-3.04042406476674
103,208_fs2-00007.jpg,94.5319477694993,-2.39795106860515
104,208_fs2-00007.jpg,94.3957840773851,-1.75443848678276
105,208_fs2-00007.jpg,94.2731245055554,-1.11018055456793
106,208_fs2-00007.jpg,94.1644534906331,-0.46547150722904
107,208_fs2-00007.jpg,94.0702554692409,0.179394419965604
108,208_fs2-00007.jpg,93.9851846884218,0.824170435620374
109,208_fs2-00007.jpg,93.9023425525343,1.46883028467323
110,208_fs2-00007.jpg,93.8217095799408,2.11341174344096
111,208_fs2-00007.jpg,93.7432822366348,2.7579525951582
112,208_fs2-00007.jpg,93.6670569886096,3.40249062305941
113,208_fs2-00007.jpg,93.5930303018588,4.0470636103791
114,208_fs2-00007.jpg,93.5211986423757,4.69170934035179
115,208_fs2-00007.jpg,93.4515584761539,5.33646559621195
116,208_fs2-00007.jpg,93.3841062691867,5.98137016119421
117,208_fs2-00007.jpg,93.3188384874676,6.62646081853296
118,208_fs2-00007.jpg,93.2557515969901,7.27177535146279
119,208_fs2-00007.jpg,93.1948420637476,7.91735154321816
120,208_fs2-00007.jpg,93.1361063537335,8.56322717703364
121,208_fs2-00007.jpg,93.0795409329412,9.20944003614369
122,208_fs2-00007.jpg,93.0251422673643,9.85602790378283
123,208_fs2-00007.jpg,92.9729068229961,10.5030285631856
124,208_fs2-00007.jpg,92.9228310658301,11.1504797975865
125,208_fs2-00007.jpg,92.8749114618598,11.7984193902201
126,208_fs2-00007.jpg,92.8291444770785,12.4468851243208
127,208_fs2-00007.jpg,92.7855265774798,13.0959147831231
128,208_fs2-00007.jpg,92.744054229057,13.7455461498617
129,208_fs2-00007.jpg,92.7047238978037,14.3958170077709
130,208_fs2-00007.jpg,92.6675320497131,15.0467651400854
131,208_fs2-00007.jpg,92.6324751507789,15.6984283300395
132,208_fs2-00007.jpg,92.5995496669944,16.3508443608679
133,208_fs2-00007.jpg,92.5687520643531,17.0040510158051
134,208_fs2-00007.jpg,92.5400788088484,17.6580860780855
135,208_fs2-00007.jpg,92.5135263664738,18.3129873309437
136,208_fs2-00007.jpg,92.4890912032227,18.9687925576141
137,208_fs2-00007.jpg,92.4667697850885,19.6255395413314
138,208_fs2-00007.jpg,92.4465585780648,20.2832660653299
139,208_fs2-00007.jpg,92.4282846109887,20.941993818375
140,208_fs2-00007.jpg,92.4115479308917,21.6016289922076
141,208_fs2-00007.jpg,92.3962303584512,22.2620273327326
142,208_fs2-00007.jpg,92.3822224922925,22.9230443748653
143,208_fs2-00007.jpg,92.3694149310407,23.584535653521
144,208_fs2-00007.jpg,92.357698273321,24.2463567036148
145,208_fs2-00007.jpg,92.3469631177587,24.9083630600621
146,208_fs2-00007.jpg,92.3371000629788,25.5704102577781
147,208_fs2-00007.jpg,92.3279997076067,26.2323538316779
148,208_fs2-00007.jpg,92.3195526502674,26.894049316677
149,208_fs2-00007.jpg,92.3116494895863,27.5553522476904
150,208_fs2-00007.jpg,92.3041808241884,28.2161181596335
151,208_fs2-00007.jpg,92.2970372526991,28.8762025874215
152,208_fs2-00007.jpg,92.2901093737435,29.5354610659696
153,208_fs2-00007.jpg,92.2832877859467,30.1937491301932
154,208_fs2-00007.jpg,92.276463087934,30.8509223150073
155,208_fs2-00007.jpg,92.2695258783305,31.5068361553273
156,208_fs2-00007.jpg,92.2623667557615,32.1613461860685
157,208_fs2-00007.jpg,92.2548763188522,32.814307942146
158,208_fs2-00007.jpg,92.2469451662277,33.4655769584751
159,208_fs2-00007.jpg,92.2384638965133,34.115008769971
160,208_fs2-00007.jpg,92.2293231083341,34.7624589115491
161,208_fs2-00007.jpg,92.2194134003153,35.4077829181245
162,208_fs2-00007.jpg,92.2086253710822,36.0508363246125
163,208_fs2-00007.jpg,92.1968496192599,36.6914746659283
164,208_fs2-00007.jpg,92.1839767434736,37.3295534769872
165,208_fs2-00007.jpg,92.1698973423486,37.9649282927044
166,208_fs2-00007.jpg,92.1545020145099,38.5974546479951
167,208_fs2-00007.jpg,92.1376813585829,39.2269880777747
168,208_fs2-00007.jpg,92.1193259731926,39.8533841169583
169,208_fs2-00007.jpg,92.0993264569644,40.4764983004612
170,208_fs2-00007.jpg,92.0768872035575,41.0961861631987
171,208_fs2-00007.jpg,92.0313419223374,41.7123032400859
172,208_fs2-00007.jpg,91.9538651053974,42.3247050660381
173,208_fs2-00007.jpg,91.8455508455176,42.9332471759707
174,208_fs2-00007.jpg,91.7074932354782,43.5377851047988
175,208_fs2-00007.jpg,91.5407863680593,44.1381743874375
176,208_fs2-00007.jpg,91.3465243360412,44.7342705588024
177,208_fs2-00007.jpg,91.1258012322039,45.3259291538084
178,208_fs2-00007.jpg,90.8797111493274,45.913005707371
179,208_fs2-00007.jpg,90.6093481801921,46.4953557544053
180,208_fs2-00007.jpg,90.315806417578,47.0728348298265
181,208_fs2-00007.jpg,90.0001799542653,47.6452984685501
182,208_fs2-00007.jpg,89.6635628830342,48.212602205491
183,208_fs2-00007.jpg,89.3070492966646,48.7746015755647
184,208_fs2-00007.jpg,88.9317332879369,49.3311521136864
185,208_fs2-00007.jpg,88.5387089496311,49.8821093547712
186,208_fs2-00007.jpg,88.1290703745274,50.4273288337345
187,208_fs2-00007.jpg,87.703911655406,50.9666660854915
188,208_fs2-00007.jpg,87.2643268850469,51.4999766449575
189,208_fs2-00007.jpg,86.8114101562303,52.0271160470476
190,208_fs2-00007.jpg,86.3462555617364,52.5479398266771
191,208_fs2-00007.jpg,85.8699571943452,53.0623035187613
192,208_fs2-00007.jpg,85.383609146837,53.5700626582154
193,208_fs2-00007.jpg,84.8883055119919,54.0710727799547
194,208_fs2-00007.jpg,84.3851403825899,54.5651894188944
195,208_fs2-00007.jpg,83.8752078514113,55.0522681099498
196,208_fs2-00007.jpg,83.3596020112362,55.532164388036
197,208_fs2-00007.jpg,82.8394169548448,56.0047337880684
198,208_fs2-00007.jpg,82.3157467750171,56.4698318449621
199,208_fs2-00007.jpg,81.7896855645334,56.9273140936324
200,208_fs2-00007.jpg,81.2623274161737,57.3770360689947
1,208_fs2-00008.jpg,150.014088475627,-46.3817692282722
2,208_fs2-00008.jpg,149.374254854459,-46.1015793194317
3,208_fs2-00008.jpg,148.735333145744,-45.8262414508654
4,208_fs2-00008.jpg,148.097327921932,-45.5555520166764
5,208_fs2-00008.jpg,147.460243755478,-45.2893074109676
6,208_fs2-00008.jpg,146.824085218835,-45.0273040278419
7,208_fs2-00008.jpg,146.188856884454,-44.7693382614022
8,208_fs2-00008.jpg,145.554563324791,-44.5152065057516
9,208_fs2-00008.jpg,144.921209112296,-44.2647051549928
10,208_fs2-00008.jpg,144.288798819423,-44.0176306032291
11,208_fs2-00008.jpg,143.657337018625,-43.7737792445632
12,208_fs2-00008.jpg,143.026828282355,-43.5329474730981
13,208_fs2-00008.jpg,142.397277183066,-43.2949316829367
14,208_fs2-00008.jpg,141.768688293211,-43.0595282681821
15,208_fs2-00008.jpg,141.141066185243,-42.8265336229372
16,208_fs2-00008.jpg,140.514415431614,-42.5957441413048
17,208_fs2-00008.jpg,139.888740604778,-42.3669562173881
18,208_fs2-00008.jpg,139.264046277187,-42.1399662452898
19,208_fs2-00008.jpg,138.640337021294,-41.9145706191129
20,208_fs2-00008.jpg,138.017617409553,-41.6905657329605
21,208_fs2-00008.jpg,137.395892014417,-41.4677479809354
22,208_fs2-00008.jpg,136.775165408337,-41.2459137571407
23,208_fs2-00008.jpg,136.155442163767,-41.0248594556792
24,208_fs2-00008.jpg,135.536726853161,-40.8043814706539
25,208_fs2-00008.jpg,134.91902404897,-40.5842761961678
26,208_fs2-00008.jpg,134.302338323649,-40.3643400263237
27,208_fs2-00008.jpg,133.686674249649,-40.1443693552247
28,208_fs2-00008.jpg,133.072036399424,-39.9241605769737
29,208_fs2-00008.jpg,132.458429345426,-39.7035100856737
30,208_fs2-00008.jpg,131.845857660109,-39.4822142754276
31,208_fs2-00008.jpg,131.234325915926,-39.2600695403383
32,208_fs2-00008.jpg,130.623838685329,-39.0368722745088
33,208_fs2-00008.jpg,130.014400540771,-38.8124188720421
34,208_fs2-00008.jpg,129.406016054706,-38.5865057270411
35,208_fs2-00008.jpg,128.798689799586,-38.3589292336086
36,208_fs2-00008.jpg,128.191097223826,-38.1294857858479
37,208_fs2-00008.jpg,127.577982179293,-37.8979717778616
38,208_fs2-00008.jpg,126.959325995367,-37.6641836037529
39,208_fs2-00008.jpg,126.335729396625,-37.4279176576246
40,208_fs2-00008.jpg,125.707793107642,-37.1889703335797
41,208_fs2-00008.jpg,125.076117852994,-36.9471380257211
42,208_fs2-00008.jpg,124.441304357258,-36.7022171281518
43,208_fs2-00008.jpg,123.803953345009,-36.4540040349748
44,208_fs2-00008.jpg,123.164665540824,-36.202295140293
45,208_fs2-00008.jpg,122.524041669278,-35.9468868382093
46,208_fs2-00008.jpg,121.882682454948,-35.6875755228266
47,208_fs2-00008.jpg,121.241188622409,-35.4241575882481
48,208_fs2-00008.jpg,120.600160896237,-35.1564294285765
49,208_fs2-00008.jpg,119.960200001009,-34.8841874379148
50,208_fs2-00008.jpg,119.3219066613,-34.6072280103661
51,208_fs2-00008.jpg,118.685881601687,-34.3253475400332
52,208_fs2-00008.jpg,118.052725546745,-34.038342421019
53,208_fs2-00008.jpg,117.423039221051,-33.7460090474266
54,208_fs2-00008.jpg,116.79742334918,-33.4481438133589
55,208_fs2-00008.jpg,116.176478655708,-33.1445431129188
56,208_fs2-00008.jpg,115.560805865212,-32.8350033402094
57,208_fs2-00008.jpg,114.951005702267,-32.5193208893334
58,208_fs2-00008.jpg,114.34767889145,-32.1972921543939
59,208_fs2-00008.jpg,113.751426157336,-31.8687135294938
60,208_fs2-00008.jpg,113.162848224502,-31.5333814087362
61,208_fs2-00008.jpg,112.582545817523,-31.1910921862238
62,208_fs2-00008.jpg,112.011119660975,-30.8416422560598
63,208_fs2-00008.jpg,111.449170479435,-30.484828012347
64,208_fs2-00008.jpg,110.897298997478,-30.1204458491883
65,208_fs2-00008.jpg,110.356105939681,-29.7482921606868
66,208_fs2-00008.jpg,109.826192030619,-29.3681633409454
67,208_fs2-00008.jpg,109.308157994869,-28.979855784067
68,208_fs2-00008.jpg,108.802604557006,-28.5831658841545
69,208_fs2-00008.jpg,108.310132441607,-28.177890035311
70,208_fs2-00008.jpg,107.831342373247,-27.7638246316394
71,208_fs2-00008.jpg,107.366835076502,-27.3407660672426
72,208_fs2-00008.jpg,106.917211275949,-26.9085107362235
73,208_fs2-00008.jpg,106.479409611651,-26.4668686925947
74,208_fs2-00008.jpg,106.03811932726,-26.0158687378566
75,208_fs2-00008.jpg,105.592294678187,-25.5557157233691
76,208_fs2-00008.jpg,105.142769035241,-25.086619494448
77,208_fs2-00008.jpg,104.690375769234,-24.6087898964091
78,208_fs2-00008.jpg,104.235948250975,-24.1224367745679
79,208_fs2-00008.jpg,103.780319851274,-23.6277699742403
80,208_fs2-00008.jpg,103.324323940942,-23.1249993407419
81,208_fs2-00008.jpg,102.868793890788,-22.6143347193885
82,208_fs2-00008.jpg,102.414563071624,-22.0959859554957
83,208_fs2-00008.jpg,101.962464854258,-21.5701628943792
84,208_fs2-00008.jpg,101.513332609502,-21.0370753813549
85,208_fs2-00008.jpg,101.067999708165,-20.4969332617383
86,208_fs2-00008.jpg,100.627299521058,-19.9499463808452
87,208_fs2-00008.jpg,100.192065418991,-19.3963245839914
88,208_fs2-00008.jpg,99.7631307727742,-18.8362777164924
89,208_fs2-00008.jpg,99.3413289532173,-18.2700156236641
90,208_fs2-00008.jpg,98.9274933311309,-17.697748150822
91,208_fs2-00008.jpg,98.522457277325,-17.119685143282
92,208_fs2-00008.jpg,98.1270541626099,-16.5360364463598
93,208_fs2-00008.jpg,97.7421173577957,-15.947011905371
94,208_fs2-00008.jpg,97.3684802336927,-15.3528213656314
95,208_fs2-00008.jpg,97.0069761611109,-14.7536746724567
96,208_fs2-00008.jpg,96.6584385108607,-14.1497816711625
97,208_fs2-00008.jpg,96.3237006537522,-13.5413522070647
98,208_fs2-00008.jpg,96.0035959605955,-12.9285961254788
99,208_fs2-00008.jpg,95.6989578022008,-12.3117232717207
100,208_fs2-00008.jpg,95.4106195493784,-11.6909434911059
101,208_fs2-00008.jpg,95.1394145729384,-11.0664666289504
102,208_fs2-00008.jpg,94.8861762436911,-10.4385025305696
103,208_fs2-00008.jpg,94.6517379324465,-9.80726104127939
104,208_fs2-00008.jpg,94.4369330100148,-9.17295200639546
105,208_fs2-00008.jpg,94.2425948472063,-8.53578527123346
106,208_fs2-00008.jpg,94.0695568148311,-7.89597068110919
107,208_fs2-00008.jpg,93.9186522836995,-7.25371808133832
108,208_fs2-00008.jpg,93.7907146246215,-6.60923731723648
109,208_fs2-00008.jpg,93.6865772084074,-5.96273823411951
110,208_fs2-00008.jpg,93.6070734058674,-5.31443067730299
111,208_fs2-00008.jpg,93.5514288343295,-4.66452313252842
112,208_fs2-00008.jpg,93.5029804160837,-4.01316059051197
113,208_fs2-00008.jpg,93.457027145328,-3.36039881379071
114,208_fs2-00008.jpg,93.4134585710041,-2.70628687120495
115,208_fs2-00008.jpg,93.3721642420537,-2.05087383159514
116,208_fs2-00008.jpg,93.3330337074184,-1.39420876380171
117,208_fs2-00008.jpg,93.2959565160398,-0.736340736665056
118,208_fs2-00008.jpg,93.2608222168598,-0.0773188190255496
119,208_fs2-00008.jpg,93.2275203588198,0.582807920276366
120,208_fs2-00008.jpg,93.1959404908617,1.24399041240025
121,208_fs2-00008.jpg,93.165972161927,1.90617958850572
122,208_fs2-00008.jpg,93.1375049209575,2.5693263797524
123,208_fs2-00008.jpg,93.1104283168947,3.23338171729984
124,208_fs2-00008.jpg,93.0846318986804,3.89829653230765
125,208_fs2-00008.jpg,93.0600052152562,4.56402175593536
126,208_fs2-00008.jpg,93.0364378155638,5.23050831934268
127,208_fs2-00008.jpg,93.0138192485448,5.89770715368905
128,208_fs2-00008.jpg,92.992039063141,6.56556919013417
129,208_fs2-00008.jpg,92.970986808294,7.23404535983758
130,208_fs2-00008.jpg,92.9505520329454,7.9030865939589
131,208_fs2-00008.jpg,92.9306242860369,8.57264382365776
132,208_fs2-00008.jpg,92.9110931165102,9.24266798009359
133,208_fs2-00008.jpg,92.891848073307,9.91310999442612
134,208_fs2-00008.jpg,92.8727787053689,10.5839207978149
135,208_fs2-00008.jpg,92.8537745616375,11.2550513214196
136,208_fs2-00008.jpg,92.8347251910546,11.9264524963996
137,208_fs2-00008.jpg,92.8155201425619,12.5980752539147
138,208_fs2-00008.jpg,92.7960489651009,13.2698705251244
139,208_fs2-00008.jpg,92.7762012076134,13.9417892411883
140,208_fs2-00008.jpg,92.755866419041,14.613782333266
141,208_fs2-00008.jpg,92.7349341483254,15.2858007325171
142,208_fs2-00008.jpg,92.7132939444082,15.9577953701011
143,208_fs2-00008.jpg,92.6908353562312,16.6297171771777
144,208_fs2-00008.jpg,92.6674479327359,17.3015170849064
145,208_fs2-00008.jpg,92.643021222864,17.9731460244469
146,208_fs2-00008.jpg,92.6174447755573,18.6445549269587
147,208_fs2-00008.jpg,92.5906081397574,19.3156947236014
148,208_fs2-00008.jpg,92.5624008644059,19.9865163455347
149,208_fs2-00008.jpg,92.5327124984445,20.656970723918
150,208_fs2-00008.jpg,92.5014325908149,21.327008789911
151,208_fs2-00008.jpg,92.4687914654373,21.9965834829057
152,208_fs2-00008.jpg,92.4361300540808,22.6656793903917
153,208_fs2-00008.jpg,92.4034673239535,23.3343063072334
154,208_fs2-00008.jpg,92.3706524511538,24.00247472744
155,208_fs2-00008.jpg,92.3375346117799,24.6701951450208
156,208_fs2-00008.jpg,92.3039629819298,25.3374780539848
157,208_fs2-00008.jpg,92.2697867377019,26.0043339483414
158,208_fs2-00008.jpg,92.2348550551943,26.6707733220996
159,208_fs2-00008.jpg,92.1990171105051,27.3368066692689
160,208_fs2-00008.jpg,92.1621220797326,28.0024444838583
161,208_fs2-00008.jpg,92.1240191389749,28.6676972598769
162,208_fs2-00008.jpg,92.0845574643302,29.3325754913341
163,208_fs2-00008.jpg,92.0435862318968,29.9970896722391
164,208_fs2-00008.jpg,92.0009546177727,30.661250296601
165,208_fs2-00008.jpg,91.9565117980561,31.325067858429
166,208_fs2-00008.jpg,91.9101069488453,31.9885528517324
167,208_fs2-00008.jpg,91.8615892462385,32.6517157705203
168,208_fs2-00008.jpg,91.8108078663338,33.314567108802
169,208_fs2-00008.jpg,91.7576014521047,33.9771173605867
170,208_fs2-00008.jpg,91.701383092035,34.6393770198835
171,208_fs2-00008.jpg,91.6419139426262,35.3013565807017
172,208_fs2-00008.jpg,91.5792380144013,35.9630665370504
173,208_fs2-00008.jpg,91.5133993178828,36.6245173829389
174,208_fs2-00008.jpg,91.4444418635937,37.2857196123764
175,208_fs2-00008.jpg,91.3724096620567,37.946683719372
176,208_fs2-00008.jpg,91.2973467237945,38.607420197935
177,208_fs2-00008.jpg,91.21929705933,39.2679395420747
178,208_fs2-00008.jpg,91.1383046791859,39.9282522458
179,208_fs2-00008.jpg,91.0544135938851,40.5883688031204
180,208_fs2-00008.jpg,90.9676678139503,41.248299708045
181,208_fs2-00008.jpg,90.8781113499042,41.9080554545829
182,208_fs2-00008.jpg,90.7857882122697,42.5676465367435
183,208_fs2-00008.jpg,90.6907424115696,43.2270834485358
184,208_fs2-00008.jpg,90.5930179583266,43.8863766839692
185,208_fs2-00008.jpg,90.4926588630635,44.5455367370527
186,208_fs2-00008.jpg,90.3897091363031,45.2045741017957
187,208_fs2-00008.jpg,90.2842127885681,45.8634992722073
188,208_fs2-00008.jpg,90.1762138303814,46.5223227422967
189,208_fs2-00008.jpg,90.0657562722657,47.1810550060731
190,208_fs2-00008.jpg,89.9528841247438,47.8397065575457
191,208_fs2-00008.jpg,89.8376413983386,48.4982878907238
192,208_fs2-00008.jpg,89.7200721035726,49.1568094996164
193,208_fs2-00008.jpg,89.6002202509689,49.8152818782329
194,208_fs2-00008.jpg,89.4781298510501,50.4737155205825
195,208_fs2-00008.jpg,89.353844914339,51.1321209206742
196,208_fs2-00008.jpg,89.2274094513584,51.7905085725174
197,208_fs2-00008.jpg,89.098867472631,52.4488889701213
198,208_fs2-00008.jpg,88.9682629886798,53.107272607495
199,208_fs2-00008.jpg,88.8356400100273,53.7656699786477
200,208_fs2-00008.jpg,88.7010425471965,54.4240915775887
1,208_fs2-00009.jpg,155.626937165399,-49.4925046466999
2,208_fs2-00009.jpg,155.014548098967,-49.1825057641286
3,208_fs2-00009.jpg,154.401994779643,-48.8809902241338
4,208_fs2-00009.jpg,153.789276906099,-48.5876722923659
5,208_fs2-00009.jpg,153.176394177007,-48.3022662344754
6,208_fs2-00009.jpg,152.563346291039,-48.0244863161125
7,208_fs2-00009.jpg,151.950132946867,-47.7540468029278
8,208_fs2-00009.jpg,151.336753843163,-47.4906619605716
9,208_fs2-00009.jpg,150.723208678599,-47.2340460546944
10,208_fs2-00009.jpg,150.109497151846,-46.9839133509465
11,208_fs2-00009.jpg,149.495618961578,-46.7399781149782
12,208_fs2-00009.jpg,148.881573806465,-46.5019546124402
13,208_fs2-00009.jpg,148.267361385181,-46.2695571089826
14,208_fs2-00009.jpg,147.652981396396,-46.0424998702561
15,208_fs2-00009.jpg,147.038433538783,-45.8204971619107
16,208_fs2-00009.jpg,146.423717511014,-45.6032632495972
17,208_fs2-00009.jpg,145.80883301176,-45.3905123989658
18,208_fs2-00009.jpg,145.193779739695,-45.181958875667
19,208_fs2-00009.jpg,144.578557393489,-44.9773169453511
20,208_fs2-00009.jpg,143.963165671815,-44.7763008736685
21,208_fs2-00009.jpg,143.347604273345,-44.5786249262697
22,208_fs2-00009.jpg,142.73187289675,-44.3840033688051
23,208_fs2-00009.jpg,142.115971240703,-44.1921504669249
24,208_fs2-00009.jpg,141.499899003876,-44.0027804862797
25,208_fs2-00009.jpg,140.883655884941,-43.81560769252
26,208_fs2-00009.jpg,140.267241582569,-43.6303463512959
27,208_fs2-00009.jpg,139.650655795433,-43.446710728258
28,208_fs2-00009.jpg,139.033898222204,-43.2644150890566
29,208_fs2-00009.jpg,138.416968561555,-43.0831736993422
30,208_fs2-00009.jpg,137.799302984526,-42.9027008247652
31,208_fs2-00009.jpg,137.17819001072,-42.722710730976
32,208_fs2-00009.jpg,136.553602726915,-42.5429176836249
33,208_fs2-00009.jpg,135.925928405888,-42.3630359483623
34,208_fs2-00009.jpg,135.295554320414,-42.1827797908388
35,208_fs2-00009.jpg,134.66286774327,-42.0018634767046
36,208_fs2-00009.jpg,134.028255947233,-41.8200012716102
37,208_fs2-00009.jpg,133.392106205078,-41.6369074412059
38,208_fs2-00009.jpg,132.754805789582,-41.4522962511422
39,208_fs2-00009.jpg,132.116741973522,-41.2658819670696
40,208_fs2-00009.jpg,131.478302029673,-41.0773788546382
41,208_fs2-00009.jpg,130.839873230813,-40.8865011794987
42,208_fs2-00009.jpg,130.201842849717,-40.6929632073013
43,208_fs2-00009.jpg,129.564598159161,-40.4964792036965
44,208_fs2-00009.jpg,128.928526431923,-40.2967634343348
45,208_fs2-00009.jpg,128.294014940778,-40.0935301648664
46,208_fs2-00009.jpg,127.661450958503,-39.8864936609418
47,208_fs2-00009.jpg,127.031221757875,-39.6753681882113
48,208_fs2-00009.jpg,126.403714611669,-39.4598680123255
49,208_fs2-00009.jpg,125.779316792661,-39.2397073989346
50,208_fs2-00009.jpg,125.158415573629,-39.0146006136892
51,208_fs2-00009.jpg,124.541398227349,-38.7842619222395
52,208_fs2-00009.jpg,123.928652026596,-38.5484055902361
53,208_fs2-00009.jpg,123.320564244148,-38.3067458833293
54,208_fs2-00009.jpg,122.71752215278,-38.0589970671694
55,208_fs2-00009.jpg,122.11991302527,-37.8048734074069
56,208_fs2-00009.jpg,121.528124134393,-37.5440891696923
57,208_fs2-00009.jpg,120.942542752925,-37.2763586196759
58,208_fs2-00009.jpg,120.363556153643,-37.0013960230081
59,208_fs2-00009.jpg,119.791551609324,-36.7189156453392
60,208_fs2-00009.jpg,119.226541456491,-36.4286329578909
61,208_fs2-00009.jpg,118.661907110741,-36.1303812212875
62,208_fs2-00009.jpg,118.095497763425,-35.824208724925
63,208_fs2-00009.jpg,117.527843714062,-35.5101866487744
64,208_fs2-00009.jpg,116.959475262168,-35.1883861728066
65,208_fs2-00009.jpg,116.390922707262,-34.8588784769925
66,208_fs2-00009.jpg,115.822716348861,-34.521734741303
67,208_fs2-00009.jpg,115.255386486482,-34.1770261457091
68,208_fs2-00009.jpg,114.689463419643,-33.8248238701817
69,208_fs2-00009.jpg,114.125477447862,-33.4651990946917
70,208_fs2-00009.jpg,113.563958870656,-33.09822299921
71,208_fs2-00009.jpg,113.005437987543,-32.7239667637076
72,208_fs2-00009.jpg,112.450445098041,-32.3425015681553
73,208_fs2-00009.jpg,111.899510501667,-31.9538985925242
74,208_fs2-00009.jpg,111.353164497939,-31.558229016785
75,208_fs2-00009.jpg,110.811937386374,-31.1555640209089
76,208_fs2-00009.jpg,110.276359466489,-30.7459747848666
77,208_fs2-00009.jpg,109.746961037804,-30.3295324886291
78,208_fs2-00009.jpg,109.224272399834,-29.9063083121673
79,208_fs2-00009.jpg,108.708823852099,-29.4763734354522
80,208_fs2-00009.jpg,108.201145694114,-29.0397990384546
81,208_fs2-00009.jpg,107.701768225399,-28.5966563011455
82,208_fs2-00009.jpg,107.21122174547,-28.1470164034959
83,208_fs2-00009.jpg,106.730036553845,-27.6909505254765
84,208_fs2-00009.jpg,106.258742950042,-27.2285298470585
85,208_fs2-00009.jpg,105.797871233578,-26.7598255482126
86,208_fs2-00009.jpg,105.347951703972,-26.2849088089098
87,208_fs2-00009.jpg,104.909514660739,-25.8038508091211
88,208_fs2-00009.jpg,104.483090403399,-25.3167227288174
89,208_fs2-00009.jpg,104.069209231469,-24.8235957479695
90,208_fs2-00009.jpg,103.668401444466,-24.3245410465484
91,208_fs2-00009.jpg,103.28107697577,-23.8196298229662
92,208_fs2-00009.jpg,102.898939043606,-23.3089454635812
93,208_fs2-00009.jpg,102.516992608421,-22.792604601352
94,208_fs2-00009.jpg,102.135680261666,-22.2707294858027
95,208_fs2-00009.jpg,101.755444594795,-21.7434423664573
96,208_fs2-00009.jpg,101.376728199258,-21.2108654928394
97,208_fs2-00009.jpg,100.999973666507,-20.6731211144732
98,208_fs2-00009.jpg,100.625623587994,-20.1303314808826
99,208_fs2-00009.jpg,100.254120555171,-19.5826188415913
100,208_fs2-00009.jpg,99.8859071594892,-19.0301054461235
101,208_fs2-00009.jpg,99.5214259924005,-18.4729135440029
102,208_fs2-00009.jpg,99.1611196453568,-17.9111653847536
103,208_fs2-00009.jpg,98.8054307098096,-17.3449832178993
104,208_fs2-00009.jpg,98.4548017772109,-16.7744892929641
105,208_fs2-00009.jpg,98.1096754390123,-16.1998058594718
106,208_fs2-00009.jpg,97.7704942866656,-15.6210551669465
107,208_fs2-00009.jpg,97.4377009116224,-15.0383594649118
108,208_fs2-00009.jpg,97.1117379053346,-14.451841002892
109,208_fs2-00009.jpg,96.7930478592539,-13.8616220304107
110,208_fs2-00009.jpg,96.482073364832,-13.267824796992
111,208_fs2-00009.jpg,96.1792570135208,-12.6705715521597
112,208_fs2-00009.jpg,95.8850413967718,-12.0699845454379
113,208_fs2-00009.jpg,95.5998691060368,-11.4661860263504
114,208_fs2-00009.jpg,95.3241827327677,-10.859298244421
115,208_fs2-00009.jpg,95.0584248684161,-10.2494434491738
116,208_fs2-00009.jpg,94.8030381044337,-9.63674389013272
117,208_fs2-00009.jpg,94.5584650322724,-9.02132181682157
118,208_fs2-00009.jpg,94.3251482433839,-8.40329947876432
119,208_fs2-00009.jpg,94.1035303292198,-7.78279912548487
120,208_fs2-00009.jpg,93.894053881232,-7.15994300650715
121,208_fs2-00009.jpg,93.6971614908721,-6.5348533713551
122,208_fs2-00009.jpg,93.513295749592,-5.9076524695526
123,208_fs2-00009.jpg,93.3428992488434,-5.2784625506236
124,208_fs2-00009.jpg,93.1864145800779,-4.64740586409198
125,208_fs2-00009.jpg,93.0442695003952,-4.01460465777097
126,208_fs2-00009.jpg,92.9111592426195,-3.38016835775056
127,208_fs2-00009.jpg,92.7824458711373,-2.74416273135438
128,208_fs2-00009.jpg,92.6579849967653,-2.10664426168501
129,208_fs2-00009.jpg,92.5376322303204,-1.46766943184514
130,208_fs2-00009.jpg,92.4212431826192,-0.82729472493736
131,208_fs2-00009.jpg,92.3086734644785,-0.185576624064367
132,208_fs2-00009.jpg,92.1997786867153,0.4574283876712
133,208_fs2-00009.jpg,92.0944144601462,1.1016638271667
134,208_fs2-00009.jpg,91.992436395588,1.74707321131945
135,208_fs2-00009.jpg,91.8937001038576,2.39360005702684
136,208_fs2-00009.jpg,91.7980611957715,3.0411878811862
137,208_fs2-00009.jpg,91.7053752821468,3.68978020069488
138,208_fs2-00009.jpg,91.6154979738001,4.33932053245024
139,208_fs2-00009.jpg,91.5282848815482,4.98975239334959
140,208_fs2-00009.jpg,91.443591616208,5.64101930029034
141,208_fs2-00009.jpg,91.3612737885961,6.29306477016979
142,208_fs2-00009.jpg,91.2811870095294,6.94583231988531
143,208_fs2-00009.jpg,91.2031868898247,7.59926546633426
144,208_fs2-00009.jpg,91.1271290402987,8.25330772641399
145,208_fs2-00009.jpg,91.0528690717682,8.90790261702188
146,208_fs2-00009.jpg,90.98026259505,9.56299365505515
147,208_fs2-00009.jpg,90.9091652209609,10.2185243574113
148,208_fs2-00009.jpg,90.8394325603176,10.8744382409876
149,208_fs2-00009.jpg,90.770920223937,11.5306788226814
150,208_fs2-00009.jpg,90.7034838226358,12.1871896193901
151,208_fs2-00009.jpg,90.6369789672308,12.843914148011
152,208_fs2-00009.jpg,90.5712612685388,13.5007959254415
153,208_fs2-00009.jpg,90.5061863373765,14.1577784685789
154,208_fs2-00009.jpg,90.4416097845608,14.8148052943205
155,208_fs2-00009.jpg,90.3773872209084,15.4718199195638
156,208_fs2-00009.jpg,90.3131014951634,16.1287667039887
157,208_fs2-00009.jpg,90.2472862303838,16.7856077695746
158,208_fs2-00009.jpg,90.1800540067757,17.4423221438018
159,208_fs2-00009.jpg,90.1117714918022,18.0988895254424
160,208_fs2-00009.jpg,90.0428053529264,18.7552896132686
161,208_fs2-00009.jpg,89.9735222576114,19.4115021060524
162,208_fs2-00009.jpg,89.9042888733203,20.067506702566
163,208_fs2-00009.jpg,89.8354718675163,20.7232831015814
164,208_fs2-00009.jpg,89.7674379076624,21.3788110018708
165,208_fs2-00009.jpg,89.7005536612218,22.0340701022063
166,208_fs2-00009.jpg,89.6351857956577,22.6890401013599
167,208_fs2-00009.jpg,89.5717009784331,23.3437006981038
168,208_fs2-00009.jpg,89.510465877011,23.9980315912102
169,208_fs2-00009.jpg,89.4518471588548,24.652012479451
170,208_fs2-00009.jpg,89.3962114914275,25.3056230615984
171,208_fs2-00009.jpg,89.3439255421922,25.9588430364246
172,208_fs2-00009.jpg,89.2953559786119,26.6116521027016
173,208_fs2-00009.jpg,89.2508694681499,27.2640299592014
174,208_fs2-00009.jpg,89.2108326782693,27.9159563046964
175,208_fs2-00009.jpg,89.1756122764332,28.5674108379584
176,208_fs2-00009.jpg,89.1455749301046,29.2183732577598
177,208_fs2-00009.jpg,89.1210873067468,29.8688232628724
178,208_fs2-00009.jpg,89.1025160738228,30.5187405520686
179,208_fs2-00009.jpg,89.0902278987958,31.1681048241203
180,208_fs2-00009.jpg,89.0845894491288,31.8168957777996
181,208_fs2-00009.jpg,89.0888362741315,32.4650931118788
182,208_fs2-00009.jpg,89.111359715121,33.1126765251299
183,208_fs2-00009.jpg,89.1519193935407,33.7596257163249
184,208_fs2-00009.jpg,89.2096775985043,34.4059203842361
185,208_fs2-00009.jpg,89.2837966191254,35.0515402276354
186,208_fs2-00009.jpg,89.3734387445178,35.6964649452951
187,208_fs2-00009.jpg,89.4777662637949,36.3406742359872
188,208_fs2-00009.jpg,89.5959414660705,36.9841477984838
189,208_fs2-00009.jpg,89.7271266404582,37.6268653315571
190,208_fs2-00009.jpg,89.8704840760716,38.2688065339791
191,208_fs2-00009.jpg,90.0251760620244,38.9099511045219
192,208_fs2-00009.jpg,90.1903648874302,39.5502787419578
193,208_fs2-00009.jpg,90.3652128414026,40.1897691450586
194,208_fs2-00009.jpg,90.5488822130553,40.8284020125967
195,208_fs2-00009.jpg,90.7405352915019,41.466157043344
196,208_fs2-00009.jpg,90.9393343658561,42.1030139360727
197,208_fs2-00009.jpg,91.1444417252315,42.7389523895549
198,208_fs2-00009.jpg,91.3550196587416,43.3739521025627
199,208_fs2-00009.jpg,91.5702304555003,44.0079927738682
200,208_fs2-00009.jpg,91.7892364046211,44.6410541022435
1,208_fs2-00010.jpg,160.856579318118,-52.6257816261308
2,208_fs2-00010.jpg,160.229104778829,-52.3979368271081
3,208_fs2-00010.jpg,159.601805104488,-52.1730559576991
4,208_fs2-00010.jpg,158.974679613378,-51.9510020677441
5,208_fs2-00010.jpg,158.347727623777,-51.7316382070836
6,208_fs2-00010.jpg,157.720948453967,-51.5148274255579
7,208_fs2-00010.jpg,157.094341422229,-51.3004327730077
8,208_fs2-00010.jpg,156.467905846843,-51.0883172992732
9,208_fs2-00010.jpg,155.841641046089,-50.878344054195
10,208_fs2-00010.jpg,155.215546338248,-50.6703760876134
11,208_fs2-00010.jpg,154.5896210416,-50.4642764493689
12,208_fs2-00010.jpg,153.963864474428,-50.259908189302
13,208_fs2-00010.jpg,153.33827595501,-50.0571343572531
14,208_fs2-00010.jpg,152.712854801627,-49.8558180030626
15,208_fs2-00010.jpg,152.087600332561,-49.6558221765709
16,208_fs2-00010.jpg,151.462511866091,-49.4570099276185
17,208_fs2-00010.jpg,150.837588720499,-49.2592443060459
18,208_fs2-00010.jpg,150.212830214065,-49.0623883616934
19,208_fs2-00010.jpg,149.588235665069,-48.8663051444016
20,208_fs2-00010.jpg,148.963804391792,-48.6708577040108
21,208_fs2-00010.jpg,148.339535712515,-48.4759090903615
22,208_fs2-00010.jpg,147.715428945518,-48.2813223532942
23,208_fs2-00010.jpg,147.091483409082,-48.0869605426492
24,208_fs2-00010.jpg,146.467698421488,-47.892686708267
25,208_fs2-00010.jpg,145.844073301015,-47.6983638999881
26,208_fs2-00010.jpg,145.220607365946,-47.5038551676528
27,208_fs2-00010.jpg,144.597299934559,-47.3090235611017
28,208_fs2-00010.jpg,143.974150325137,-47.1137321301752
29,208_fs2-00010.jpg,143.350886473729,-46.9178439247136
30,208_fs2-00010.jpg,142.726475835275,-46.7212219945574
31,208_fs2-00010.jpg,142.100987540458,-46.5237293895472
32,208_fs2-00010.jpg,141.474616452111,-46.3252291595232
33,208_fs2-00010.jpg,140.847557433071,-46.1255843543261
34,208_fs2-00010.jpg,140.220005346174,-45.924658023796
35,208_fs2-00010.jpg,139.592155054255,-45.7223132177737
36,208_fs2-00010.jpg,138.96420142015,-45.5184129860994
37,208_fs2-00010.jpg,138.336339306696,-45.3128203786136
38,208_fs2-00010.jpg,137.708763576727,-45.1053984451568
39,208_fs2-00010.jpg,137.08166909308,-44.8960102355693
40,208_fs2-00010.jpg,136.455250718591,-44.6845187996917
41,208_fs2-00010.jpg,135.829703316095,-44.4707871873644
42,208_fs2-00010.jpg,135.205221748427,-44.2546784484277
43,208_fs2-00010.jpg,134.582000878425,-44.0360556327221
44,208_fs2-00010.jpg,133.960235568923,-43.8147817900882
45,208_fs2-00010.jpg,133.340120682758,-43.5907199703663
46,208_fs2-00010.jpg,132.721851082765,-43.3637332233968
47,208_fs2-00010.jpg,132.10562163178,-43.1336845990202
48,208_fs2-00010.jpg,131.491627192639,-42.900437147077
49,208_fs2-00010.jpg,130.880062628177,-42.6638539174074
50,208_fs2-00010.jpg,130.271122801231,-42.4237979598522
51,208_fs2-00010.jpg,129.665002574637,-42.1801323242516
52,208_fs2-00010.jpg,129.061896811229,-41.932720060446
53,208_fs2-00010.jpg,128.461538312722,-41.6814256177954
54,208_fs2-00010.jpg,127.86128629211,-41.4261467018938
55,208_fs2-00010.jpg,127.260885089964,-41.166814878542
56,208_fs2-00010.jpg,126.660569018948,-40.9033632338667
57,208_fs2-00010.jpg,126.060572391727,-40.6357248539948
58,208_fs2-00010.jpg,125.461129520965,-40.363832825053
59,208_fs2-00010.jpg,124.862474719324,-40.0876202331681
60,208_fs2-00010.jpg,124.264842299471,-39.8070201644668
61,208_fs2-00010.jpg,123.668466574068,-39.5219657050761
62,208_fs2-00010.jpg,123.073581855779,-39.2323899411226
63,208_fs2-00010.jpg,122.480422457269,-38.938225958733
64,208_fs2-00010.jpg,121.889222691202,-38.6394068440343
65,208_fs2-00010.jpg,121.300216870242,-38.3358656831531
66,208_fs2-00010.jpg,120.713639307052,-38.0275355622164
67,208_fs2-00010.jpg,120.129724314297,-37.7143495673507
68,208_fs2-00010.jpg,119.548706204641,-37.396240784683
69,208_fs2-00010.jpg,118.970819290748,-37.07314230034
70,208_fs2-00010.jpg,118.396297885282,-36.7449872004483
71,208_fs2-00010.jpg,117.825376300907,-36.411708571135
72,208_fs2-00010.jpg,117.258288850287,-36.0732394985268
73,208_fs2-00010.jpg,116.695269846086,-35.7295130687503
74,208_fs2-00010.jpg,116.136553600968,-35.3804623679325
75,208_fs2-00010.jpg,115.582374427597,-35.0260204822
76,208_fs2-00010.jpg,115.032966638637,-34.6661204976796
77,208_fs2-00010.jpg,114.488564546753,-34.3006955004983
78,208_fs2-00010.jpg,113.949402464608,-33.9296785767826
79,208_fs2-00010.jpg,113.415370921611,-33.5530035086596
80,208_fs2-00010.jpg,112.883003094648,-33.1706378591994
81,208_fs2-00010.jpg,112.351756183649,-32.7825974165335
82,208_fs2-00010.jpg,111.822154067682,-32.3889016688674
83,208_fs2-00010.jpg,111.294720625815,-31.9895701044069
84,208_fs2-00010.jpg,110.769979737117,-31.5846222113574
85,208_fs2-00010.jpg,110.248455280655,-31.1740774779246
86,208_fs2-00010.jpg,109.730671135498,-30.7579553923141
87,208_fs2-00010.jpg,109.217151180713,-30.3362754427314
88,208_fs2-00010.jpg,108.70841929537,-29.9090571173821
89,208_fs2-00010.jpg,108.204999358536,-29.4763199044719
90,208_fs2-00010.jpg,107.707415249279,-29.0380832922064
91,208_fs2-00010.jpg,107.216190846668,-28.594366768791
92,208_fs2-00010.jpg,106.73185002977,-28.1451898224314
93,208_fs2-00010.jpg,106.254916677655,-27.6905719413332
94,208_fs2-00010.jpg,105.785914669389,-27.2305326137021
95,208_fs2-00010.jpg,105.325367884041,-26.7650913277435
96,208_fs2-00010.jpg,104.87380020068,-26.2942675716631
97,208_fs2-00010.jpg,104.431735498373,-25.8180808336665
98,208_fs2-00010.jpg,103.99961518413,-25.3365505981039
99,208_fs2-00010.jpg,103.57128542778,-24.8496933649499
100,208_fs2-00010.jpg,103.143212630971,-24.3575173167222
101,208_fs2-00010.jpg,102.716167504646,-23.8600291983505
102,208_fs2-00010.jpg,102.290920759751,-23.3572357547641
103,208_fs2-00010.jpg,101.86824310723,-22.8491437308928
104,208_fs2-00010.jpg,101.448905258026,-22.335759871666
105,208_fs2-00010.jpg,101.033677923084,-21.8170909220132
106,208_fs2-00010.jpg,100.623331813349,-21.2931436268639
107,208_fs2-00010.jpg,100.218637639764,-20.7639247311478
108,208_fs2-00010.jpg,99.8203661132729,-20.2294409797943
109,208_fs2-00010.jpg,99.4292879448211,-19.689699117733
110,208_fs2-00010.jpg,99.0461738453523,-19.1447058898934
111,208_fs2-00010.jpg,98.6717945258108,-18.5944680412051
112,208_fs2-00010.jpg,98.3069206971407,-18.0389923165975
113,208_fs2-00010.jpg,97.9523230702863,-17.4782854610002
114,208_fs2-00010.jpg,97.6087723561918,-16.9123542193428
115,208_fs2-00010.jpg,97.2770392658015,-16.3412053365548
116,208_fs2-00010.jpg,96.9578945100595,-15.7648455575656
117,208_fs2-00010.jpg,96.65210879991,-15.183281627305
118,208_fs2-00010.jpg,96.3604528462973,-14.5965202907023
119,208_fs2-00010.jpg,96.0836973601656,-14.0045682926872
120,208_fs2-00010.jpg,95.822141816309,-13.4074373351792
121,208_fs2-00010.jpg,95.5724463289404,-12.805288794848
122,208_fs2-00010.jpg,95.333124800511,-12.1984567108333
123,208_fs2-00010.jpg,95.1033400168451,-11.5872847062494
124,208_fs2-00010.jpg,94.8822547637673,-10.9721164042103
125,208_fs2-00010.jpg,94.669031827102,-10.3532954278302
126,208_fs2-00010.jpg,94.4628339926738,-9.73116540022312
127,208_fs2-00010.jpg,94.2628240463071,-9.10606994450336
128,208_fs2-00010.jpg,94.0681647738265,-8.47835268378492
129,208_fs2-00010.jpg,93.8780189610563,-7.84835724118193
130,208_fs2-00010.jpg,93.6915493938213,-7.21642723980852
131,208_fs2-00010.jpg,93.5079188579456,-6.58290630277889
132,208_fs2-00010.jpg,93.3262901392541,-5.94813805320706
133,208_fs2-00010.jpg,93.1458260235709,-5.31246611420721
134,208_fs2-00010.jpg,92.9656892967208,-4.67623410889348
135,208_fs2-00010.jpg,92.7850427445281,-4.03978566037995
136,208_fs2-00010.jpg,92.6030491528173,-3.40346439178074
137,208_fs2-00010.jpg,92.4188713074131,-2.76761392621006
138,208_fs2-00010.jpg,92.2316719941397,-2.13257788678192
139,208_fs2-00010.jpg,92.0406139988218,-1.4986998966105
140,208_fs2-00010.jpg,91.8448601072839,-0.866323578809954
141,208_fs2-00010.jpg,91.64009549965,-0.235756969272472
142,208_fs2-00010.jpg,91.4180047128488,0.393033865149562
143,208_fs2-00010.jpg,91.1810525433215,1.02027359853633
144,208_fs2-00010.jpg,90.9322763728695,1.64618897581568
145,208_fs2-00010.jpg,90.6747135832946,2.2710067419153
146,208_fs2-00010.jpg,90.4114015563985,2.89495364176298
147,208_fs2-00010.jpg,90.1453776739828,3.51825642028655
148,208_fs2-00010.jpg,89.8796793178491,4.14114182241366
149,208_fs2-00010.jpg,89.6173438697991,4.7638365930722
150,208_fs2-00010.jpg,89.3614087116345,5.38656747718989
151,208_fs2-00010.jpg,89.1149112251569,6.00956121969449
152,208_fs2-00010.jpg,88.880888792168,6.63304456551379
153,208_fs2-00010.jpg,88.6623787944694,7.25724425957554
154,208_fs2-00010.jpg,88.4624186138628,7.88238704680748
155,208_fs2-00010.jpg,88.2840456321498,8.50869967213748
156,208_fs2-00010.jpg,88.1302972311321,9.13640888049321
157,208_fs2-00010.jpg,88.0042107926114,9.76574141680248
158,208_fs2-00010.jpg,87.9088236983894,10.3969240259931
159,208_fs2-00010.jpg,87.8471733302675,11.0301834529928
160,208_fs2-00010.jpg,87.8222970700477,11.6657464427293
161,208_fs2-00010.jpg,87.8234778891537,12.3038023909655
162,208_fs2-00010.jpg,87.8290649328738,12.9443144538055
163,208_fs2-00010.jpg,87.8385363484278,13.5871610456267
164,208_fs2-00010.jpg,87.8517059832207,14.2322204319445
165,208_fs2-00010.jpg,87.8683876846574,14.8793708782745
166,208_fs2-00010.jpg,87.8883953001429,15.528490650132
167,208_fs2-00010.jpg,87.9115426770823,16.1794580130325
168,208_fs2-00010.jpg,87.9376436628805,16.8321512324914
169,208_fs2-00010.jpg,87.9665121049425,17.4864485740241
170,208_fs2-00010.jpg,87.9979618506734,18.142228303146
171,208_fs2-00010.jpg,88.0318067474781,18.7993686853726
172,208_fs2-00010.jpg,88.0678606427616,19.4577479862193
173,208_fs2-00010.jpg,88.105937383929,20.1172444712016
174,208_fs2-00010.jpg,88.1458508183852,20.7777364058347
175,208_fs2-00010.jpg,88.1874147935351,21.4391020556342
176,208_fs2-00010.jpg,88.2304431567839,22.1012196861156
177,208_fs2-00010.jpg,88.2747497555366,22.7639675627942
178,208_fs2-00010.jpg,88.3201484371979,23.4272239511854
179,208_fs2-00010.jpg,88.3664530491732,24.0908671168047
180,208_fs2-00010.jpg,88.4134774388672,24.7547753251675
181,208_fs2-00010.jpg,88.461035453685,25.4188268417893
182,208_fs2-00010.jpg,88.5089409410317,26.0828999321854
183,208_fs2-00010.jpg,88.5570077483121,26.7468728618713
184,208_fs2-00010.jpg,88.6050497229313,27.4106238963624
185,208_fs2-00010.jpg,88.6528807122943,28.0740313011742
186,208_fs2-00010.jpg,88.700314563806,28.736973341822
187,208_fs2-00010.jpg,88.7477926834646,29.3993282838213
188,208_fs2-00010.jpg,88.7987781582366,30.0609743926875
189,208_fs2-00010.jpg,88.8535857444334,30.721789933936
190,208_fs2-00010.jpg,88.9119235469561,31.3816531730823
191,208_fs2-00010.jpg,88.9734996707057,32.0404423756419
192,208_fs2-00010.jpg,89.0380222205831,32.69803580713
193,208_fs2-00010.jpg,89.1051993014893,33.3543117330622
194,208_fs2-00010.jpg,89.1747390183254,34.0091484189539
195,208_fs2-00010.jpg,89.2463494759923,34.6624241303204
196,208_fs2-00010.jpg,89.3197387793909,35.3140171326773
197,208_fs2-00010.jpg,89.3946150334224,35.96380569154
198,208_fs2-00010.jpg,89.4706863429877,36.6116680724238
199,208_fs2-00010.jpg,89.5476608129877,37.2574825408442
200,208_fs2-00010.jpg,89.6252465483235,37.9011273623167
1,208_fs2-00011.jpg,166.10876303184,-57.1115522657476
2,208_fs2-00011.jpg,165.48416960587,-56.8335676819716
3,208_fs2-00011.jpg,164.860246392583,-56.5592431824426
4,208_fs2-00011.jpg,164.236995473246,-56.28846650104
5,208_fs2-00011.jpg,163.614418929125,-56.0211253716432
6,208_fs2-00011.jpg,162.992518841487,-55.7571075281313
7,208_fs2-00011.jpg,162.371297291598,-55.496300704384
8,208_fs2-00011.jpg,161.750756360724,-55.2385926342804
9,208_fs2-00011.jpg,161.130898130134,-54.9838710517
10,208_fs2-00011.jpg,160.511724681091,-54.7320236905221
11,208_fs2-00011.jpg,159.893238094865,-54.4829382846261
12,208_fs2-00011.jpg,159.275440452719,-54.2365025678913
13,208_fs2-00011.jpg,158.658333835922,-53.9926042741971
14,208_fs2-00011.jpg,158.04192032574,-53.7511311374229
15,208_fs2-00011.jpg,157.426202003439,-53.5119708914479
16,208_fs2-00011.jpg,156.811180950286,-53.2750112701516
17,208_fs2-00011.jpg,156.196859247548,-53.0401400074133
18,208_fs2-00011.jpg,155.58323897649,-52.8072448371124
19,208_fs2-00011.jpg,154.970322218379,-52.5762134931283
20,208_fs2-00011.jpg,154.358111054482,-52.3469337093401
21,208_fs2-00011.jpg,153.746607566065,-52.1192932196275
22,208_fs2-00011.jpg,153.135813834396,-51.8931797578697
23,208_fs2-00011.jpg,152.525731940739,-51.668481057946
24,208_fs2-00011.jpg,151.916363966362,-51.4450848537359
25,208_fs2-00011.jpg,151.307711992532,-51.2228788791186
26,208_fs2-00011.jpg,150.699778100514,-51.0017508679735
27,208_fs2-00011.jpg,150.092564371576,-50.7815885541801
28,208_fs2-00011.jpg,149.486072886984,-50.5622796716175
29,208_fs2-00011.jpg,148.880305728004,-50.3437119541654
30,208_fs2-00011.jpg,148.275264975902,-50.1257731357028
31,208_fs2-00011.jpg,147.670952711946,-49.9083509501093
32,208_fs2-00011.jpg,147.067371017402,-49.6913331312642
33,208_fs2-00011.jpg,146.464521973536,-49.4746074130468
34,208_fs2-00011.jpg,145.862407661615,-49.2580615293365
35,208_fs2-00011.jpg,145.261030162906,-49.0415832140126
36,208_fs2-00011.jpg,144.660391558674,-48.8250602009546
37,208_fs2-00011.jpg,144.060493930187,-48.6083802240417
38,208_fs2-00011.jpg,143.46133935871,-48.3914310171534
39,208_fs2-00011.jpg,142.862929925511,-48.1741003141689
40,208_fs2-00011.jpg,142.265267711855,-47.9562758489677
41,208_fs2-00011.jpg,141.668354799011,-47.737845355429
42,208_fs2-00011.jpg,141.072193268242,-47.5186965674324
43,208_fs2-00011.jpg,140.476785200818,-47.298717218857
44,208_fs2-00011.jpg,139.882132678003,-47.0777950435823
45,208_fs2-00011.jpg,139.288237781064,-46.8558177754876
46,208_fs2-00011.jpg,138.695102591269,-46.6326731484523
47,208_fs2-00011.jpg,138.102729189882,-46.4082488963558
48,208_fs2-00011.jpg,137.51065410019,-46.1824327530773
49,208_fs2-00011.jpg,136.91597057329,-45.9551124524963
50,208_fs2-00011.jpg,136.318374709984,-45.7261757284921
51,208_fs2-00011.jpg,135.71810822265,-45.4955103149441
52,208_fs2-00011.jpg,135.115412823664,-45.2630039457317
53,208_fs2-00011.jpg,134.510530225402,-45.028544354734
54,208_fs2-00011.jpg,133.903702140242,-44.7920192758307
55,208_fs2-00011.jpg,133.295170280559,-44.553316442901
56,208_fs2-00011.jpg,132.68517635873,-44.3123235898242
57,208_fs2-00011.jpg,132.073962087132,-44.0689284504797
58,208_fs2-00011.jpg,131.461769178141,-43.8230187587469
59,208_fs2-00011.jpg,130.848839344134,-43.5744822485051
60,208_fs2-00011.jpg,130.235414297487,-43.3232066536337
61,208_fs2-00011.jpg,129.621735750577,-43.0690797080121
62,208_fs2-00011.jpg,129.008045415781,-42.8119891455196
63,208_fs2-00011.jpg,128.394585005474,-42.5518227000355
64,208_fs2-00011.jpg,127.781596232033,-42.2884681054393
65,208_fs2-00011.jpg,127.169320807835,-42.0218130956102
66,208_fs2-00011.jpg,126.558000445257,-41.7517454044277
67,208_fs2-00011.jpg,125.947876856674,-41.478152765771
68,208_fs2-00011.jpg,125.339191754464,-41.2009229135197
69,208_fs2-00011.jpg,124.732186851003,-40.9199435815529
70,208_fs2-00011.jpg,124.127103858667,-40.63510250375
71,208_fs2-00011.jpg,123.524184489833,-40.3462874139905
72,208_fs2-00011.jpg,122.923670456878,-40.0533860461537
73,208_fs2-00011.jpg,122.325803472178,-39.756286134119
74,208_fs2-00011.jpg,121.730825248109,-39.4548754117656
75,208_fs2-00011.jpg,121.138977497048,-39.1490416129729
76,208_fs2-00011.jpg,120.550501931372,-38.8386724716204
77,208_fs2-00011.jpg,119.965640263457,-38.5236557215873
78,208_fs2-00011.jpg,119.38463420568,-38.2038790967531
79,208_fs2-00011.jpg,118.807725470417,-37.879230330997
80,208_fs2-00011.jpg,118.235155770045,-37.5495971581985
81,208_fs2-00011.jpg,117.667166816939,-37.2148673122369
82,208_fs2-00011.jpg,117.104000323478,-36.8749285269915
83,208_fs2-00011.jpg,116.545898002037,-36.5296685363417
84,208_fs2-00011.jpg,115.993101564992,-36.1789750741669
85,208_fs2-00011.jpg,115.445852724721,-35.8227358743465
86,208_fs2-00011.jpg,114.9043931936,-35.4608386707597
87,208_fs2-00011.jpg,114.368964684005,-35.093171197286
88,208_fs2-00011.jpg,113.839808908312,-34.7196211878046
89,208_fs2-00011.jpg,113.3171675789,-34.340076376195
90,208_fs2-00011.jpg,112.801282408143,-33.9544244963366
91,208_fs2-00011.jpg,112.292395108418,-33.5625532821086
92,208_fs2-00011.jpg,111.790747392103,-33.1643504673904
93,208_fs2-00011.jpg,111.296580971573,-32.7597037860614
94,208_fs2-00011.jpg,110.810137559205,-32.348500972001
95,208_fs2-00011.jpg,110.331658867375,-31.9306297590885
96,208_fs2-00011.jpg,109.861386608461,-31.5059778812032
97,208_fs2-00011.jpg,109.398762037372,-31.0744421087101
98,208_fs2-00011.jpg,108.940341454875,-30.6360679433192
99,208_fs2-00011.jpg,108.48570205626,-30.1910227141179
100,208_fs2-00011.jpg,108.034846338267,-29.7394773386384
101,208_fs2-00011.jpg,107.587776797638,-29.2816027344128
102,208_fs2-00011.jpg,107.144495931115,-28.8175698189731
103,208_fs2-00011.jpg,106.705006235437,-28.3475495098517
104,208_fs2-00011.jpg,106.269310207347,-27.8717127245805
105,208_fs2-00011.jpg,105.837410343586,-27.3902303806918
106,208_fs2-00011.jpg,105.409309140895,-26.9032733957176
107,208_fs2-00011.jpg,104.985009096014,-26.4110126871901
108,208_fs2-00011.jpg,104.564512705686,-25.9136191726415
109,208_fs2-00011.jpg,104.14782246665,-25.4112637696039
110,208_fs2-00011.jpg,103.734940875649,-24.9041173956093
111,208_fs2-00011.jpg,103.325870429424,-24.39235096819
112,208_fs2-00011.jpg,102.920613624716,-23.876135404878
113,208_fs2-00011.jpg,102.519172958265,-23.3556416232057
114,208_fs2-00011.jpg,102.121550926813,-22.8310405407049
115,208_fs2-00011.jpg,101.727750027102,-22.3025030749079
116,208_fs2-00011.jpg,101.337772755872,-21.7702001433469
117,208_fs2-00011.jpg,100.951621609865,-21.2343026635539
118,208_fs2-00011.jpg,100.569299085821,-20.6949815530611
119,208_fs2-00011.jpg,100.190807680482,-20.1524077294006
120,208_fs2-00011.jpg,99.8161498905893,-19.6067521101047
121,208_fs2-00011.jpg,99.4453282128836,-19.0581856127052
122,208_fs2-00011.jpg,99.0783451441063,-18.5068791547346
123,208_fs2-00011.jpg,98.7152031809985,-17.9530036537249
124,208_fs2-00011.jpg,98.3559048203014,-17.3967300272081
125,208_fs2-00011.jpg,98.0004525587561,-16.8382291927165
126,208_fs2-00011.jpg,97.6488488931038,-16.2776720677822
127,208_fs2-00011.jpg,97.3010963200857,-15.7152295699373
128,208_fs2-00011.jpg,96.9571973364428,-15.151072616714
129,208_fs2-00011.jpg,96.6171544389165,-14.5853721256444
130,208_fs2-00011.jpg,96.2809701242479,-14.0182990142605
131,208_fs2-00011.jpg,95.948646889178,-13.4500242000947
132,208_fs2-00011.jpg,95.620187230448,-12.880718600679
133,208_fs2-00011.jpg,95.2955936447993,-12.3105531335455
134,208_fs2-00011.jpg,94.9729305213872,-11.7396761929659
135,208_fs2-00011.jpg,94.648786958146,-11.1680807941196
136,208_fs2-00011.jpg,94.3236124537759,-10.5956944225347
137,208_fs2-00011.jpg,93.9979507470007,-10.0224443331896
138,208_fs2-00011.jpg,93.6723455765447,-9.44825778106252
139,208_fs2-00011.jpg,93.3473406811317,-8.87306202113194
140,208_fs2-00011.jpg,93.0234797994858,-8.29678430837612
141,208_fs2-00011.jpg,92.701306670331,-7.71935189777338
142,208_fs2-00011.jpg,92.3813650323913,-7.14069204430211
143,208_fs2-00011.jpg,92.0641986243907,-6.5607320029406
144,208_fs2-00011.jpg,91.7503511850533,-5.97939902866722
145,208_fs2-00011.jpg,91.440366453103,-5.39662037646025
146,208_fs2-00011.jpg,91.1347881672639,-4.81232330129808
147,208_fs2-00011.jpg,90.83416006626,-4.22643505815904
148,208_fs2-00011.jpg,90.5390258888153,-3.63888290202146
149,208_fs2-00011.jpg,90.2499293736537,-3.04959408786362
150,208_fs2-00011.jpg,89.9674142594995,-2.45849587066391
151,208_fs2-00011.jpg,89.6920242850765,-1.86551550540065
152,208_fs2-00011.jpg,89.4243031891088,-1.27058024705224
153,208_fs2-00011.jpg,89.1647947103203,-0.673617350596885
154,208_fs2-00011.jpg,88.9140425874352,-0.0745540710130399
155,208_fs2-00011.jpg,88.6725905591774,0.526682336721024
156,208_fs2-00011.jpg,88.4409823642708,1.13016461762697
157,208_fs2-00011.jpg,88.2197617414397,1.73596551672642
158,208_fs2-00011.jpg,88.0094724294079,2.34415777904115
159,208_fs2-00011.jpg,87.8106581668995,2.95481414959266
160,208_fs2-00011.jpg,87.6238626926385,3.56800737340274
161,208_fs2-00011.jpg,87.4496297453488,4.18381019549298
162,208_fs2-00011.jpg,87.2884649800583,4.80229533254862
163,208_fs2-00011.jpg,87.135956696597,5.42349404648616
164,208_fs2-00011.jpg,86.988651210812,6.04731315380621
165,208_fs2-00011.jpg,86.8463292693181,6.67363621620717
166,208_fs2-00011.jpg,86.7087716187303,7.30234679538751
167,208_fs2-00011.jpg,86.5757590056635,7.93332845304565
168,208_fs2-00011.jpg,86.4470721767323,8.56646475088007
169,208_fs2-00011.jpg,86.3224918785518,9.20163925058921
170,208_fs2-00011.jpg,86.2017988577367,9.83873551387154
171,208_fs2-00011.jpg,86.0847738609019,10.4776371024254
172,208_fs2-00011.jpg,85.9711976346622,11.1182275779493
173,208_fs2-00011.jpg,85.8608509256325,11.7603905021417
174,208_fs2-00011.jpg,85.7535144804276,12.404009436701
175,208_fs2-00011.jpg,85.6489690456625,13.0489679433257
176,208_fs2-00011.jpg,85.5469953679519,13.6951495837142
177,208_fs2-00011.jpg,85.4473741939107,14.3424379195649
178,208_fs2-00011.jpg,85.3498862701537,14.9907165125763
179,208_fs2-00011.jpg,85.2543123432958,15.6398689244468
180,208_fs2-00011.jpg,85.1604331599518,16.2897787168749
181,208_fs2-00011.jpg,85.0680294667367,16.9403294515591
182,208_fs2-00011.jpg,84.9768820102652,17.5914046901977
183,208_fs2-00011.jpg,84.8867715371521,18.2428879944892
184,208_fs2-00011.jpg,84.7974787940124,18.894662926132
185,208_fs2-00011.jpg,84.7087845274609,19.5466130468247
186,208_fs2-00011.jpg,84.6204694841125,20.1986219182655
187,208_fs2-00011.jpg,84.5323144105819,20.8505731021531
188,208_fs2-00011.jpg,84.4441000534841,21.5023501601857
189,208_fs2-00011.jpg,84.3562489972042,22.1538366540619
190,208_fs2-00011.jpg,84.2704380009185,22.8049161454801
191,208_fs2-00011.jpg,84.1867120658557,23.4554721961388
192,208_fs2-00011.jpg,84.1050074169319,24.1053883677363
193,208_fs2-00011.jpg,84.0252602790633,24.7545482219712
194,208_fs2-00011.jpg,83.9474068771659,25.4028353205418
195,208_fs2-00011.jpg,83.871383436156,26.0501332251467
196,208_fs2-00011.jpg,83.7971261809496,26.6963254974842
197,208_fs2-00011.jpg,83.7245713364631,27.3412956992528
198,208_fs2-00011.jpg,83.6536551276125,27.9849273921509
199,208_fs2-00011.jpg,83.5843137793139,28.627104137877
200,208_fs2-00011.jpg,83.5164835164836,29.2677094981296
