points,Image,X,Y
1,208_fs3-00001.jpg,0,-39.4420441045498
2,208_fs3-00001.jpg,0.666339635860709,-39.4911364594577
3,208_fs3-00001.jpg,1.3326826812534,-39.5385838788973
4,208_fs3-00001.jpg,1.99902915035483,-39.5844106045611
5,208_fs3-00001.jpg,2.66537905734157,-39.6286408781416
6,208_fs3-00001.jpg,3.33173241639042,-39.6712989413311
7,208_fs3-00001.jpg,3.99808924167803,-39.7124090358222
8,208_fs3-00001.jpg,4.66444954738103,-39.7519954033071
9,208_fs3-00001.jpg,5.33081334767616,-39.7900822854785
10,208_fs3-00001.jpg,5.99718065674011,-39.8266939240286
11,208_fs3-00001.jpg,6.66355148874953,-39.86185456065
12,208_fs3-00001.jpg,7.32992585788111,-39.8955884370349
13,208_fs3-00001.jpg,7.99630377831159,-39.9279197948761
14,208_fs3-00001.jpg,8.6626852642176,-39.9588728758658
15,208_fs3-00001.jpg,9.32907032977585,-39.9884719216963
16,208_fs3-00001.jpg,9.99545898916301,-40.0167411740603
17,208_fs3-00001.jpg,10.6618512565558,-40.0437048746502
18,208_fs3-00001.jpg,11.3282471461308,-40.0693872651582
19,208_fs3-00001.jpg,11.9946466720648,-40.093812587277
20,208_fs3-00001.jpg,12.6610498485346,-40.1170050826989
21,208_fs3-00001.jpg,13.3274566897166,-40.1389889931163
22,208_fs3-00001.jpg,13.9938672097877,-40.1597885602218
23,208_fs3-00001.jpg,14.6602814229244,-40.1794280257076
24,208_fs3-00001.jpg,15.3266993433036,-40.1979316312663
25,208_fs3-00001.jpg,15.9931209851019,-40.2153236185903
26,208_fs3-00001.jpg,16.6595463624959,-40.231628229372
27,208_fs3-00001.jpg,17.3259754896624,-40.2468697053039
28,208_fs3-00001.jpg,17.9924083807781,-40.2610722880783
29,208_fs3-00001.jpg,18.6588450500196,-40.2742602193878
30,208_fs3-00001.jpg,19.3252855115635,-40.2864577409247
31,208_fs3-00001.jpg,19.9917297795868,-40.2976890943815
32,208_fs3-00001.jpg,20.6581778682658,-40.3079785214506
33,208_fs3-00001.jpg,21.3246297917775,-40.3173502638245
34,208_fs3-00001.jpg,21.9910855642984,-40.3258285631955
35,208_fs3-00001.jpg,22.6575452000052,-40.3334376612561
36,208_fs3-00001.jpg,23.3240087130747,-40.3402017996987
37,208_fs3-00001.jpg,23.9904761176835,-40.3461452202159
38,208_fs3-00001.jpg,24.6569474280083,-40.3512921645
39,208_fs3-00001.jpg,25.3234226582258,-40.3556668742434
40,208_fs3-00001.jpg,25.9899018225126,-40.3592935911385
41,208_fs3-00001.jpg,26.6563849350455,-40.3621965568779
42,208_fs3-00001.jpg,27.3228720100012,-40.364400013154
43,208_fs3-00001.jpg,27.9893630615563,-40.365928201659
44,208_fs3-00001.jpg,28.6558581038875,-40.3668053640856
45,208_fs3-00001.jpg,29.3223571511714,-40.3670557421262
46,208_fs3-00001.jpg,29.9888602175849,-40.3667035774731
47,208_fs3-00001.jpg,30.6553673173046,-40.3657731118188
48,208_fs3-00001.jpg,31.3218784645071,-40.3642885868557
49,208_fs3-00001.jpg,31.9883936733692,-40.3622742442763
50,208_fs3-00001.jpg,32.6549129580674,-40.359754325773
51,208_fs3-00001.jpg,33.3214363327786,-40.3567530730382
52,208_fs3-00001.jpg,33.9879638116794,-40.3532947277644
53,208_fs3-00001.jpg,34.6544954089464,-40.349403531644
54,208_fs3-00001.jpg,35.3210311387564,-40.3451037263694
55,208_fs3-00001.jpg,35.9875923588438,-40.3404195536331
56,208_fs3-00001.jpg,36.6542403627567,-40.3353752551274
57,208_fs3-00001.jpg,37.3209751783888,-40.329995072545
58,208_fs3-00001.jpg,37.987792587924,-40.324303247578
59,208_fs3-00001.jpg,38.6546883735461,-40.318324021919
60,208_fs3-00001.jpg,39.3216583174388,-40.3120816372605
61,208_fs3-00001.jpg,39.9886982017859,-40.3056003352948
62,208_fs3-00001.jpg,40.6558038087713,-40.2989043577145
63,208_fs3-00001.jpg,41.3229709205787,-40.2920179462118
64,208_fs3-00001.jpg,41.9901953193919,-40.2849653424793
65,208_fs3-00001.jpg,42.6574727873947,-40.2777707882094
66,208_fs3-00001.jpg,43.324799106771,-40.2704585250944
67,208_fs3-00001.jpg,43.9921700597043,-40.263052794827
68,208_fs3-00001.jpg,44.6595814283788,-40.2555778390994
69,208_fs3-00001.jpg,45.3270289949779,-40.2480578996042
70,208_fs3-00001.jpg,45.9945085416857,-40.2405172180337
71,208_fs3-00001.jpg,46.6620158506857,-40.2329800360803
72,208_fs3-00001.jpg,47.329546704162,-40.2254705954366
73,208_fs3-00001.jpg,47.9970968842982,-40.2180131377949
74,208_fs3-00001.jpg,48.6646621732781,-40.2106319048478
75,208_fs3-00001.jpg,49.3322383532855,-40.2033511382875
76,208_fs3-00001.jpg,49.9998212065042,-40.1961950798066
77,208_fs3-00001.jpg,50.6674065151181,-40.1891879710974
78,208_fs3-00001.jpg,51.3349900613109,-40.1823540538524
79,208_fs3-00001.jpg,52.0025676272663,-40.1757175697641
80,208_fs3-00001.jpg,52.6701349951683,-40.1693027605249
81,208_fs3-00001.jpg,53.3376879472005,-40.1631338678272
82,208_fs3-00001.jpg,54.0052222655468,-40.1572351333634
83,208_fs3-00001.jpg,54.6727337323909,-40.151630798826
84,208_fs3-00001.jpg,55.3402181299167,-40.1463451059074
85,208_fs3-00001.jpg,56.0076712403079,-40.1414022963
86,208_fs3-00001.jpg,56.6750888457483,-40.1368266116963
87,208_fs3-00001.jpg,57.3424667284218,-40.1326422937887
88,208_fs3-00001.jpg,58.0098006705121,-40.1288735842697
89,208_fs3-00001.jpg,58.677086454203,-40.1255447248315
90,208_fs3-00001.jpg,59.3443198616783,-40.1226799571669
91,208_fs3-00001.jpg,60.0114966751218,-40.120303522968
92,208_fs3-00001.jpg,60.6786126767173,-40.1184396639274
93,208_fs3-00001.jpg,61.3456636486486,-40.1171126217375
94,208_fs3-00001.jpg,62.0126453730994,-40.1163466380907
95,208_fs3-00001.jpg,62.6795536322535,-40.1161659546795
96,208_fs3-00001.jpg,63.3463842082949,-40.1165948131963
97,208_fs3-00001.jpg,64.0131328834071,-40.1176574553335
98,208_fs3-00001.jpg,64.6797954397741,-40.1193781227836
99,208_fs3-00001.jpg,65.3463676595796,-40.1217810572389
100,208_fs3-00001.jpg,66.0128453250075,-40.124890500392
101,208_fs3-00001.jpg,66.6792242182415,-40.1287306939352
102,208_fs3-00001.jpg,67.3455001214653,-40.1333258795611
103,208_fs3-00001.jpg,68.0116688168628,-40.1387002989619
104,208_fs3-00001.jpg,68.6777260866179,-40.1448781938302
105,208_fs3-00001.jpg,69.3436677129142,-40.1518838058584
106,208_fs3-00001.jpg,70.0094894779355,-40.1597413767389
107,208_fs3-00001.jpg,70.6751871638658,-40.1684751481642
108,208_fs3-00001.jpg,71.3407565528886,-40.1781093618266
109,208_fs3-00001.jpg,72.006193427188,-40.1886682594187
110,208_fs3-00001.jpg,72.6714935689475,-40.2001760826328
111,208_fs3-00001.jpg,73.3366527603511,-40.2126570731614
112,208_fs3-00001.jpg,74.0016667835824,-40.2261354726969
113,208_fs3-00001.jpg,74.6665314208254,-40.2406355229318
114,208_fs3-00001.jpg,75.3312424542639,-40.2561814655585
115,208_fs3-00001.jpg,75.9957956660814,-40.2727975422693
116,208_fs3-00001.jpg,76.660186838462,-40.2905079947568
117,208_fs3-00001.jpg,77.3244117535894,-40.3093370647133
118,208_fs3-00001.jpg,77.9884661936473,-40.3293089938315
119,208_fs3-00001.jpg,78.6523928505599,-40.3504482460097
120,208_fs3-00001.jpg,79.3168595187319,-40.3727948102281
121,208_fs3-00001.jpg,79.9820461324488,-40.396414092761
122,208_fs3-00001.jpg,80.647902851662,-40.4213738525276
123,208_fs3-00001.jpg,81.3143798363228,-40.4477418484471
124,208_fs3-00001.jpg,81.9814272463825,-40.4755858394384
125,208_fs3-00001.jpg,82.6489952417924,-40.5049735844208
126,208_fs3-00001.jpg,83.3170339825036,-40.5359728423133
127,208_fs3-00001.jpg,83.9854936284677,-40.5686513720351
128,208_fs3-00001.jpg,84.6543243396358,-40.6030769325053
129,208_fs3-00001.jpg,85.3234762759593,-40.639317282643
130,208_fs3-00001.jpg,85.9928995973895,-40.6774401813674
131,208_fs3-00001.jpg,86.6625444638776,-40.7175133875976
132,208_fs3-00001.jpg,87.3323610353748,-40.7596046602526
133,208_fs3-00001.jpg,88.0022994718327,-40.8037817582516
134,208_fs3-00001.jpg,88.6723099332024,-40.8501124405138
135,208_fs3-00001.jpg,89.3423425794353,-40.8986644659581
136,208_fs3-00001.jpg,90.0123475704825,-40.949505593504
137,208_fs3-00001.jpg,90.6822750662955,-41.0027035820703
138,208_fs3-00001.jpg,91.3520752268255,-41.0583261905761
139,208_fs3-00001.jpg,92.0216982120239,-41.1164411779407
140,208_fs3-00001.jpg,92.6910941818418,-41.1771163030832
141,208_fs3-00001.jpg,93.3602132962307,-41.2404193249227
142,208_fs3-00001.jpg,94.0290057151417,-41.3064180023783
143,208_fs3-00001.jpg,94.6974215985263,-41.3751800943691
144,208_fs3-00001.jpg,95.3654111063357,-41.4467733598142
145,208_fs3-00001.jpg,96.0329243985211,-41.5212655576329
146,208_fs3-00001.jpg,96.699911635034,-41.5987244467441
147,208_fs3-00001.jpg,97.3663229758255,-41.6792177860669
148,208_fs3-00001.jpg,98.0321085808471,-41.7628133345206
149,208_fs3-00001.jpg,98.6972186100499,-41.8495788510243
150,208_fs3-00001.jpg,99.3616032233853,-41.9395820944971
151,208_fs3-00001.jpg,100.025212580805,-42.032890823858
152,208_fs3-00001.jpg,100.687996842259,-42.1295727980263
153,208_fs3-00001.jpg,101.3499061677,-42.229695775921
154,208_fs3-00001.jpg,102.010890717079,-42.3333275164613
155,208_fs3-00001.jpg,102.670900650346,-42.4405357785662
156,208_fs3-00001.jpg,103.329886127454,-42.5513883211549
157,208_fs3-00001.jpg,103.987797308354,-42.6659529031466
158,208_fs3-00001.jpg,104.644584352997,-42.7842972834603
159,208_fs3-00001.jpg,105.300197421334,-42.9064892210152
160,208_fs3-00001.jpg,105.954586673316,-43.0325964747303
161,208_fs3-00001.jpg,106.607702268896,-43.1626868035248
162,208_fs3-00001.jpg,107.259494368023,-43.296827966318
163,208_fs3-00001.jpg,107.90991313065,-43.4350877220287
164,208_fs3-00001.jpg,108.558908716728,-43.5775338295762
165,208_fs3-00001.jpg,109.206431286207,-43.7242340478796
166,208_fs3-00001.jpg,109.85243099904,-43.8752561358581
167,208_fs3-00001.jpg,110.496858015178,-44.0306678524306
168,208_fs3-00001.jpg,111.139662494571,-44.1905369565164
169,208_fs3-00001.jpg,111.780794597172,-44.3549312070346
170,208_fs3-00001.jpg,112.420204482931,-44.5239183629043
171,208_fs3-00001.jpg,113.0578423118,-44.6975661830446
172,208_fs3-00001.jpg,113.69365988092,-44.8759424263747
173,208_fs3-00001.jpg,114.327738884729,-45.0591148518136
174,208_fs3-00001.jpg,114.960168994568,-45.2471512182805
175,208_fs3-00001.jpg,115.590979757519,-45.4401192846946
176,208_fs3-00001.jpg,116.220200720663,-45.6380868099749
177,208_fs3-00001.jpg,116.847861431081,-45.8411215530404
178,208_fs3-00001.jpg,117.473991435856,-46.0492912728105
179,208_fs3-00001.jpg,118.098620282068,-46.2626637282042
180,208_fs3-00001.jpg,118.7217775168,-46.4813066781406
181,208_fs3-00001.jpg,119.343492687132,-46.7052878815388
182,208_fs3-00001.jpg,119.963795340146,-46.934675097318
183,208_fs3-00001.jpg,120.582715022925,-47.1695360843972
184,208_fs3-00001.jpg,121.200281282548,-47.4099386016957
185,208_fs3-00001.jpg,121.816523666098,-47.6559504081325
186,208_fs3-00001.jpg,122.431471720657,-47.9076392626267
187,208_fs3-00001.jpg,123.045154993305,-48.1650729240975
188,208_fs3-00001.jpg,123.657603031125,-48.428319151464
189,208_fs3-00001.jpg,124.268845381198,-48.6974457036453
190,208_fs3-00001.jpg,124.878911590605,-48.9725203395605
191,208_fs3-00001.jpg,125.487831206428,-49.2536108181287
192,208_fs3-00001.jpg,126.095633775748,-49.5407848982692
193,208_fs3-00001.jpg,126.702348845648,-49.8341103389009
194,208_fs3-00001.jpg,127.308005963208,-50.133654898943
195,208_fs3-00001.jpg,127.91263467551,-50.4394863373147
196,208_fs3-00001.jpg,128.516264529635,-50.7516724129351
197,208_fs3-00001.jpg,129.118925072665,-51.0702808847232
198,208_fs3-00001.jpg,129.720645851682,-51.3953795115982
199,208_fs3-00001.jpg,130.321456413767,-51.7270360524793
200,208_fs3-00001.jpg,130.921386306002,-52.0653182662855
1,208_fs3-00002.jpg,9.85066215835462,-20.5071328619461
2,208_fs3-00002.jpg,10.2106832366167,-20.9210388200226
3,208_fs3-00002.jpg,10.575021718933,-21.3412169052478
4,208_fs3-00002.jpg,10.9436222387794,-21.7673716425392
5,208_fs3-00002.jpg,11.3164294296313,-22.1992075568139
6,208_fs3-00002.jpg,11.6933879249644,-22.6364291729892
7,208_fs3-00002.jpg,12.0744423582544,-23.0787410159824
8,208_fs3-00002.jpg,12.4595373629768,-23.5258476107108
9,208_fs3-00002.jpg,12.8486175726074,-23.9774534820916
10,208_fs3-00002.jpg,13.2416276206217,-24.4332631550421
11,208_fs3-00002.jpg,13.6385121404954,-24.8929811544795
12,208_fs3-00002.jpg,14.0392157657041,-25.3563120053212
13,208_fs3-00002.jpg,14.4436831297234,-25.8229602324844
14,208_fs3-00002.jpg,14.851858866029,-26.2926303608863
15,208_fs3-00002.jpg,15.2636876080965,-26.7650269154443
16,208_fs3-00002.jpg,15.6791139894015,-27.2398544210756
17,208_fs3-00002.jpg,16.0980826434196,-27.7168174026974
18,208_fs3-00002.jpg,16.5205382036266,-28.1956203852271
19,208_fs3-00002.jpg,16.946425303498,-28.6759678935819
20,208_fs3-00002.jpg,17.3756885765094,-29.1575644526791
21,208_fs3-00002.jpg,17.8082726561365,-29.6401145874359
22,208_fs3-00002.jpg,18.244122175855,-30.1233228227696
23,208_fs3-00002.jpg,18.6831817691403,-30.6068936835975
24,208_fs3-00002.jpg,19.1253960694683,-31.0905316948368
25,208_fs3-00002.jpg,19.5707097103144,-31.5739413814048
26,208_fs3-00002.jpg,20.0190673251544,-32.0568272682188
27,208_fs3-00002.jpg,20.4704135474639,-32.5388938801961
28,208_fs3-00002.jpg,20.9246930107184,-33.0198457422538
29,208_fs3-00002.jpg,21.3818503483937,-33.4993873793094
30,208_fs3-00002.jpg,21.8418301939653,-33.97722331628
31,208_fs3-00002.jpg,22.304577180909,-34.4530580780829
32,208_fs3-00002.jpg,22.7700359427002,-34.9265961896354
33,208_fs3-00002.jpg,23.2381511128148,-35.3975421758547
34,208_fs3-00002.jpg,23.7088673247282,-35.8656005616582
35,208_fs3-00002.jpg,24.1821292119161,-36.330475871963
36,208_fs3-00002.jpg,24.6578814078542,-36.7918726316866
37,208_fs3-00002.jpg,25.1360685460181,-37.249495365746
38,208_fs3-00002.jpg,25.6166352598833,-37.7030485990586
39,208_fs3-00002.jpg,26.0995261829256,-38.1522368565417
40,208_fs3-00002.jpg,26.5846859486206,-38.5967646631126
41,208_fs3-00002.jpg,27.0720591904439,-39.0363365436883
42,208_fs3-00002.jpg,27.5615905418711,-39.4706570231864
43,208_fs3-00002.jpg,28.0532246363779,-39.899430626524
44,208_fs3-00002.jpg,28.5469061074399,-40.3223618786184
45,208_fs3-00002.jpg,29.0433295171099,-40.7391553043869
46,208_fs3-00002.jpg,29.5465364793437,-41.1495154287467
47,208_fs3-00002.jpg,30.056887058501,-41.5531467766151
48,208_fs3-00002.jpg,30.5740826071851,-41.9497538729093
49,208_fs3-00002.jpg,31.0978244779989,-42.3390412425468
50,208_fs3-00002.jpg,31.6278140235456,-42.7207134104445
51,208_fs3-00002.jpg,32.1637525964281,-43.09447490152
52,208_fs3-00002.jpg,32.7053415492499,-43.4600302406904
53,208_fs3-00002.jpg,33.2522822346137,-43.817083952873
54,208_fs3-00002.jpg,33.8042760051229,-44.1653405629851
55,208_fs3-00002.jpg,34.3610242133804,-44.504504595944
56,208_fs3-00002.jpg,34.9222282119894,-44.8342805766668
57,208_fs3-00002.jpg,35.4875893535529,-45.154373030071
58,208_fs3-00002.jpg,36.0568089906741,-45.4644864810736
59,208_fs3-00002.jpg,36.6295884759562,-45.7643254545921
60,208_fs3-00002.jpg,37.205629162002,-46.0535944755437
61,208_fs3-00002.jpg,37.7846324014149,-46.3319980688456
62,208_fs3-00002.jpg,38.3662995467978,-46.5992407594151
63,208_fs3-00002.jpg,38.9503319507539,-46.8550270721695
64,208_fs3-00002.jpg,39.5364309658863,-47.0990615320261
65,208_fs3-00002.jpg,40.124297944798,-47.3310486639021
66,208_fs3-00002.jpg,40.7136342400922,-47.5506929927148
67,208_fs3-00002.jpg,41.3041412043721,-47.7576990433814
68,208_fs3-00002.jpg,41.8955201902405,-47.9517713408192
69,208_fs3-00002.jpg,42.4874725503008,-48.1326144099456
70,208_fs3-00002.jpg,43.079699637156,-48.2999327756777
71,208_fs3-00002.jpg,43.6719028034091,-48.4534309629329
72,208_fs3-00002.jpg,44.2637834016633,-48.5928134966283
73,208_fs3-00002.jpg,44.8561550259384,-48.7178089978748
74,208_fs3-00002.jpg,45.452671016079,-48.8284508381059
75,208_fs3-00002.jpg,46.053454223823,-48.924981367618
76,208_fs3-00002.jpg,46.6582886581093,-49.0076470198983
77,208_fs3-00002.jpg,47.2669583278769,-49.0766942284345
78,208_fs3-00002.jpg,47.8792472420648,-49.1323694267141
79,208_fs3-00002.jpg,48.494939409612,-49.1749190482244
80,208_fs3-00002.jpg,49.1138188394576,-49.2045895264531
81,208_fs3-00002.jpg,49.7356695405404,-49.2216272948875
82,208_fs3-00002.jpg,50.3602755217995,-49.2262787870152
83,208_fs3-00002.jpg,50.9874207921739,-49.2187904363237
84,208_fs3-00002.jpg,51.6168893606025,-49.1994086763005
85,208_fs3-00002.jpg,52.2484652360245,-49.1683799404329
86,208_fs3-00002.jpg,52.8819324273786,-49.1259506622087
87,208_fs3-00002.jpg,53.517074943604,-49.0723672751151
88,208_fs3-00002.jpg,54.1536767936398,-49.0078762126397
89,208_fs3-00002.jpg,54.7915219864246,-48.93272390827
90,208_fs3-00002.jpg,55.4303945308978,-48.8471567954936
91,208_fs3-00002.jpg,56.0700784359982,-48.7514213077978
92,208_fs3-00002.jpg,56.7103577106648,-48.6457638786702
93,208_fs3-00002.jpg,57.3510163638366,-48.5304309415982
94,208_fs3-00002.jpg,57.9918384044527,-48.4056689300693
95,208_fs3-00002.jpg,58.6326078414518,-48.2717242775711
96,208_fs3-00002.jpg,59.2731086837733,-48.128843417591
97,208_fs3-00002.jpg,59.9131249403559,-47.9772727836165
98,208_fs3-00002.jpg,60.5524406201387,-47.8172588091352
99,208_fs3-00002.jpg,61.1908397320606,-47.6490479276343
100,208_fs3-00002.jpg,61.8281062850608,-47.4728865726016
101,208_fs3-00002.jpg,62.464024288078,-47.2890211775244
102,208_fs3-00002.jpg,63.0983777500514,-47.0976981758903
103,208_fs3-00002.jpg,63.7309506799201,-46.8991640011867
104,208_fs3-00002.jpg,64.3615270866228,-46.6936650869011
105,208_fs3-00002.jpg,64.9898909790986,-46.481447866521
106,208_fs3-00002.jpg,65.6158263662866,-46.2627587735339
107,208_fs3-00002.jpg,66.2391172571257,-46.0378442414274
108,208_fs3-00002.jpg,66.8595476605549,-45.8069507036888
109,208_fs3-00002.jpg,67.4769015855133,-45.5703245938057
110,208_fs3-00002.jpg,68.0909630409397,-45.3282123452655
111,208_fs3-00002.jpg,68.7015160357732,-45.0808603915558
112,208_fs3-00002.jpg,69.3086051819734,-44.8285392993569
113,208_fs3-00002.jpg,69.9127547365795,-44.5716944575629
114,208_fs3-00002.jpg,70.5141550291149,-44.3108482478868
115,208_fs3-00002.jpg,71.1129838032188,-44.0465233869437
116,208_fs3-00002.jpg,71.709418802531,-43.779242591349
117,208_fs3-00002.jpg,72.3036377706908,-43.5095285777177
118,208_fs3-00002.jpg,72.8958184513378,-43.2379040626651
119,208_fs3-00002.jpg,73.4861385881115,-42.9648917628064
120,208_fs3-00002.jpg,74.0747759246515,-42.6910143947568
121,208_fs3-00002.jpg,74.6619082045972,-42.4167946751315
122,208_fs3-00002.jpg,75.2477131715882,-42.1427553205457
123,208_fs3-00002.jpg,75.8323685692639,-41.8694190476145
124,208_fs3-00002.jpg,76.4160521412639,-41.5973085729533
125,208_fs3-00002.jpg,76.9989416312278,-41.3269466131771
126,208_fs3-00002.jpg,77.581214782795,-41.0588558849012
127,208_fs3-00002.jpg,78.1630493396049,-40.7935591047408
128,208_fs3-00002.jpg,78.7446230452973,-40.5315789893111
129,208_fs3-00002.jpg,79.3261136435115,-40.2734382552273
130,208_fs3-00002.jpg,79.9076988778871,-40.0196596191045
131,208_fs3-00002.jpg,80.4895564920635,-39.7707657975581
132,208_fs3-00002.jpg,81.0718642296804,-39.5272795072031
133,208_fs3-00002.jpg,81.6547998343772,-39.2897234646548
134,208_fs3-00002.jpg,82.2385410497934,-39.0586203865285
135,208_fs3-00002.jpg,82.8232656195686,-38.8344929894392
136,208_fs3-00002.jpg,83.4091512873423,-38.6178639900021
137,208_fs3-00002.jpg,83.9963757967539,-38.4092561048326
138,208_fs3-00002.jpg,84.5851168914431,-38.2091920505458
139,208_fs3-00002.jpg,85.1755523150492,-38.0181945437568
140,208_fs3-00002.jpg,85.7678598112119,-37.8367863010809
141,208_fs3-00002.jpg,86.3622171235706,-37.6654900391333
142,208_fs3-00002.jpg,86.9588019957649,-37.5048284745293
143,208_fs3-00002.jpg,87.5577921714342,-37.3553243238839
144,208_fs3-00002.jpg,88.1593653942182,-37.2175003038124
145,208_fs3-00002.jpg,88.7636994077562,-37.0918791309299
146,208_fs3-00002.jpg,89.3709719556879,-36.9789835218518
147,208_fs3-00002.jpg,89.981418587172,-36.8793277705486
148,208_fs3-00002.jpg,90.5956105039833,-36.7930951182542
149,208_fs3-00002.jpg,91.2134365550885,-36.7200366495417
150,208_fs3-00002.jpg,91.8346264475347,-36.6598743542569
151,208_fs3-00002.jpg,92.4589098883691,-36.6123302222458
152,208_fs3-00002.jpg,93.0860165846389,-36.5771262433543
153,208_fs3-00002.jpg,93.7156762433912,-36.5539844074283
154,208_fs3-00002.jpg,94.3476185716734,-36.5426267043137
155,208_fs3-00002.jpg,94.9815732765326,-36.5427751238564
156,208_fs3-00002.jpg,95.617270065016,-36.5541516559024
157,208_fs3-00002.jpg,96.2544386441707,-36.5764782902976
158,208_fs3-00002.jpg,96.892808721044,-36.6094770168878
159,208_fs3-00002.jpg,97.5321100026831,-36.6528698255191
160,208_fs3-00002.jpg,98.1720721961351,-36.7063787060373
161,208_fs3-00002.jpg,98.8124250084473,-36.7697256482883
162,208_fs3-00002.jpg,99.4528981466668,-36.842632642118
163,208_fs3-00002.jpg,100.093221317841,-36.9248216773725
164,208_fs3-00002.jpg,100.733124229017,-37.0160147438975
165,208_fs3-00002.jpg,101.372336587241,-37.1159338315391
166,208_fs3-00002.jpg,102.010588099562,-37.224300930143
167,208_fs3-00002.jpg,102.647608473026,-37.3408380295553
168,208_fs3-00002.jpg,103.283127414681,-37.4652671196219
169,208_fs3-00002.jpg,103.916874631573,-37.5973101901887
170,208_fs3-00002.jpg,104.548579830751,-37.7366892311015
171,208_fs3-00002.jpg,105.17797271926,-37.8831262322064
172,208_fs3-00002.jpg,105.804783004149,-38.0363431833491
173,208_fs3-00002.jpg,106.428740392464,-38.1960620743758
174,208_fs3-00002.jpg,107.049574591252,-38.3620048951321
175,208_fs3-00002.jpg,107.667015307562,-38.5338936354642
176,208_fs3-00002.jpg,108.28079224844,-38.7114502852179
177,208_fs3-00002.jpg,108.891793740863,-38.894396834239
178,208_fs3-00002.jpg,109.501338073016,-39.0824552723737
179,208_fs3-00002.jpg,110.109435921438,-39.2753475894676
180,208_fs3-00002.jpg,110.716094691086,-39.4727957753668
181,208_fs3-00002.jpg,111.321321786915,-39.6745218199172
182,208_fs3-00002.jpg,111.925124613882,-39.8802477129647
183,208_fs3-00002.jpg,112.527510576943,-40.0896954443553
184,208_fs3-00002.jpg,113.128487081054,-40.3025870039347
185,208_fs3-00002.jpg,113.728061531172,-40.518644381549
186,208_fs3-00002.jpg,114.326241332252,-40.7375895670441
187,208_fs3-00002.jpg,114.92303388925,-40.9591445502658
188,208_fs3-00002.jpg,115.518446607123,-41.1830313210602
189,208_fs3-00002.jpg,116.112486890827,-41.4089718692731
190,208_fs3-00002.jpg,116.705162145317,-41.6366881847505
191,208_fs3-00002.jpg,117.296479775551,-41.8659022573381
192,208_fs3-00002.jpg,117.886447186484,-42.0963360768821
193,208_fs3-00002.jpg,118.475071783072,-42.3277116332282
194,208_fs3-00002.jpg,119.062360970271,-42.5597509162225
195,208_fs3-00002.jpg,119.648322153038,-42.7921759157108
196,208_fs3-00002.jpg,120.232962736329,-43.024708621539
197,208_fs3-00002.jpg,120.8162901251,-43.257071023553
198,208_fs3-00002.jpg,121.398311724306,-43.4889851115989
199,208_fs3-00002.jpg,121.979034938905,-43.7201728755225
200,208_fs3-00002.jpg,122.558467173852,-43.9503563051696
1,208_fs3-00003.jpg,27.9966187658495,1.67376316510368
2,208_fs3-00003.jpg,27.7827545809194,1.01058133967359
3,208_fs3-00003.jpg,27.5804708278582,0.345654331646273
4,208_fs3-00003.jpg,27.3894451668814,-0.320942733619063
5,208_fs3-00003.jpg,27.2093552582049,-0.989134730763226
6,208_fs3-00003.jpg,27.0398787620443,-1.65884653442703
7,208_fs3-00003.jpg,26.8806933386152,-2.33000301925122
8,208_fs3-00003.jpg,26.7314766481333,-3.00252905987665
9,208_fs3-00003.jpg,26.5919063508143,-3.67634953094407
10,208_fs3-00003.jpg,26.4616601068738,-4.35138930709428
11,208_fs3-00003.jpg,26.3404155765275,-5.02757326296808
12,208_fs3-00003.jpg,26.2278504199912,-5.70482627320627
13,208_fs3-00003.jpg,26.1236422974803,-6.38307321244963
14,208_fs3-00003.jpg,26.0274688692107,-7.06223895533898
15,208_fs3-00003.jpg,25.939007795398,-7.74224837651508
16,208_fs3-00003.jpg,25.8579367362579,-8.42302635061876
17,208_fs3-00003.jpg,25.783933352006,-9.1044977522908
18,208_fs3-00003.jpg,25.7166753028581,-9.78658745617196
19,208_fs3-00003.jpg,25.6558402490297,-10.4692203369031
20,208_fs3-00003.jpg,25.6011058507365,-11.1523212691249
21,208_fs3-00003.jpg,25.5521497681943,-11.8358151274784
22,208_fs3-00003.jpg,25.5086496616187,-12.5196267866041
23,208_fs3-00003.jpg,25.4702831912253,-13.2036811211429
24,208_fs3-00003.jpg,25.4367280172298,-13.8879030057357
25,208_fs3-00003.jpg,25.407661799848,-14.5722173150232
26,208_fs3-00003.jpg,25.3827621992954,-15.2565489236461
27,208_fs3-00003.jpg,25.3617068757878,-15.9408227062454
28,208_fs3-00003.jpg,25.3441734895408,-16.6249635374618
29,208_fs3-00003.jpg,25.32983970077,-17.308896291936
30,208_fs3-00003.jpg,25.3183831696912,-17.9925458443089
31,208_fs3-00003.jpg,25.3094815565201,-18.6758370692213
32,208_fs3-00003.jpg,25.3028125214722,-19.358694841314
33,208_fs3-00003.jpg,25.2980537247633,-20.0410440352278
34,208_fs3-00003.jpg,25.2948828266091,-20.7228095256034
35,208_fs3-00003.jpg,25.2929774872251,-21.4039161870816
36,208_fs3-00003.jpg,25.2920153668271,-22.0842888943033
37,208_fs3-00003.jpg,25.2916741256307,-22.7638525219092
38,208_fs3-00003.jpg,25.2916904058467,-23.4425319445402
39,208_fs3-00003.jpg,25.3039395087517,-24.120252036837
40,208_fs3-00003.jpg,25.3369294835743,-24.7969376734405
41,208_fs3-00003.jpg,25.3898131915949,-25.4725137289913
42,208_fs3-00003.jpg,25.4617434940939,-26.1469050781303
43,208_fs3-00003.jpg,25.5518732523517,-26.8200365954984
44,208_fs3-00003.jpg,25.6593553276487,-27.4918331557363
45,208_fs3-00003.jpg,25.7833425812653,-28.1622196334847
46,208_fs3-00003.jpg,25.922987874482,-28.8311209033846
47,208_fs3-00003.jpg,26.077444068579,-29.4984618400766
48,208_fs3-00003.jpg,26.245864024837,-30.1641673182016
49,208_fs3-00003.jpg,26.4274006045362,-30.8281622124004
50,208_fs3-00003.jpg,26.621206668957,-31.4903713973137
51,208_fs3-00003.jpg,26.8264350793798,-32.1507197475824
52,208_fs3-00003.jpg,27.0422386970852,-32.8091321378472
53,208_fs3-00003.jpg,27.2677703833534,-33.465533442749
54,208_fs3-00003.jpg,27.5021829994649,-34.1198485369286
55,208_fs3-00003.jpg,27.7446294067001,-34.7720022950267
56,208_fs3-00003.jpg,27.9942624663394,-35.4219195916841
57,208_fs3-00003.jpg,28.2502350396632,-36.0695253015416
58,208_fs3-00003.jpg,28.5116999879518,-36.71474429924
59,208_fs3-00003.jpg,28.7778101724858,-37.3575014594202
60,208_fs3-00003.jpg,29.0477184545455,-37.9977216567229
61,208_fs3-00003.jpg,29.3205776954113,-38.6353297657888
62,208_fs3-00003.jpg,29.5955407563637,-39.2702506612589
63,208_fs3-00003.jpg,29.8717604986829,-39.9024092177739
64,208_fs3-00003.jpg,30.1483897836496,-40.5317303099746
65,208_fs3-00003.jpg,30.424581472544,-41.1581388125017
66,208_fs3-00003.jpg,30.6994884266465,-41.7815595999961
67,208_fs3-00003.jpg,30.9844135776041,-42.4018155049961
68,208_fs3-00003.jpg,31.2910061026876,-43.0183116159911
69,208_fs3-00003.jpg,31.6183696106343,-43.6303461356537
70,208_fs3-00003.jpg,31.9656069724384,-44.2372172666083
71,208_fs3-00003.jpg,32.331821059094,-44.8382232114792
72,208_fs3-00003.jpg,32.7161147415949,-45.432662172891
73,208_fs3-00003.jpg,33.1175908909352,-46.0198323534679
74,208_fs3-00003.jpg,33.5353523781089,-46.5990319558345
75,208_fs3-00003.jpg,33.9685020741101,-47.1695591826152
76,208_fs3-00003.jpg,34.4161428499327,-47.7307122364342
77,208_fs3-00003.jpg,34.8773775765707,-48.2817893199162
78,208_fs3-00003.jpg,35.3513091250182,-48.8220886356853
79,208_fs3-00003.jpg,35.8370403662692,-49.3509083863662
80,208_fs3-00003.jpg,36.3336741713177,-49.8675467745831
81,208_fs3-00003.jpg,36.8403134111576,-50.3713020029606
82,208_fs3-00003.jpg,37.3560609567832,-50.8614722741228
83,208_fs3-00003.jpg,37.8800196791882,-51.3373557906944
84,208_fs3-00003.jpg,38.4112924493667,-51.7982507552997
85,208_fs3-00003.jpg,38.9489821383129,-52.2434553705632
86,208_fs3-00003.jpg,39.4921916170205,-52.6722678391091
87,208_fs3-00003.jpg,40.0400237564838,-53.083986363562
88,208_fs3-00003.jpg,40.5915814276967,-53.4779091465462
89,208_fs3-00003.jpg,41.1459675016531,-53.8533343906862
90,208_fs3-00003.jpg,41.7022848493472,-54.2095602986064
91,208_fs3-00003.jpg,42.2596363417729,-54.5458850729311
92,208_fs3-00003.jpg,42.8171248499242,-54.8616069162848
93,208_fs3-00003.jpg,43.3739494783966,-55.156024149053
94,208_fs3-00003.jpg,43.9434848517724,-55.4286567471462
95,208_fs3-00003.jpg,44.5345828458036,-55.6797067791891
96,208_fs3-00003.jpg,45.1456833675488,-55.9095070922545
97,208_fs3-00003.jpg,45.7752263240663,-56.1183905334155
98,208_fs3-00003.jpg,46.4216516224147,-56.3066899497447
99,208_fs3-00003.jpg,47.0833991696524,-56.4747381883151
100,208_fs3-00003.jpg,47.7589088728379,-56.6228680961995
101,208_fs3-00003.jpg,48.4466206390297,-56.7514125204708
102,208_fs3-00003.jpg,49.1449743752863,-56.8607043082019
103,208_fs3-00003.jpg,49.8524099886661,-56.9510763064656
104,208_fs3-00003.jpg,50.5673673862275,-57.022861362335
105,208_fs3-00003.jpg,51.2882864750292,-57.0763923228826
106,208_fs3-00003.jpg,52.0136071621296,-57.1120020351815
107,208_fs3-00003.jpg,52.741769354587,-57.1300233463046
108,208_fs3-00003.jpg,53.4712129594601,-57.1307891033246
109,208_fs3-00003.jpg,54.2003778838072,-57.1146321533145
110,208_fs3-00003.jpg,54.9277040346869,-57.0818853433471
111,208_fs3-00003.jpg,55.6516313191577,-57.0328815204953
112,208_fs3-00003.jpg,56.3705996442779,-56.967953531832
113,208_fs3-00003.jpg,57.0830489171061,-56.88743422443
114,208_fs3-00003.jpg,57.7874190447008,-56.7916564453622
115,208_fs3-00003.jpg,58.4821499341204,-56.6809530417015
116,208_fs3-00003.jpg,59.1656814924233,-56.5556568605208
117,208_fs3-00003.jpg,59.8364536266682,-56.4161007488928
118,208_fs3-00003.jpg,60.4929062439135,-56.2626175538905
119,208_fs3-00003.jpg,61.1334792512175,-56.0955401225868
120,208_fs3-00003.jpg,61.7592238291407,-55.9151983119978
121,208_fs3-00003.jpg,62.378604393615,-55.7218840310211
122,208_fs3-00003.jpg,62.9926152615474,-55.5158631014596
123,208_fs3-00003.jpg,63.6014825651727,-55.2974008322131
124,208_fs3-00003.jpg,64.205432436726,-55.0667625321811
125,208_fs3-00003.jpg,64.8046910084424,-54.8242135102633
126,208_fs3-00003.jpg,65.3994844125569,-54.5700190753592
127,208_fs3-00003.jpg,65.9900387813047,-54.3044445363685
128,208_fs3-00003.jpg,66.5765802469207,-54.0277552021909
129,208_fs3-00003.jpg,67.1593349416399,-53.740216381726
130,208_fs3-00003.jpg,67.7385289976975,-53.4420933838732
131,208_fs3-00003.jpg,68.3143885473285,-53.1336515175325
132,208_fs3-00003.jpg,68.8871397227678,-52.8151560916031
133,208_fs3-00003.jpg,69.4570086562507,-52.486872414985
134,208_fs3-00003.jpg,70.024221480012,-52.1490657965776
135,208_fs3-00003.jpg,70.5890043262869,-51.8020015452805
136,208_fs3-00003.jpg,71.1515833273104,-51.4459449699935
137,208_fs3-00003.jpg,71.7121846153176,-51.0811613796161
138,208_fs3-00003.jpg,72.2710343225434,-50.7079160830479
139,208_fs3-00003.jpg,72.8283585812231,-50.3264743891885
140,208_fs3-00003.jpg,73.3843835235915,-49.9371016069377
141,208_fs3-00003.jpg,73.9393352818838,-49.540063045195
142,208_fs3-00003.jpg,74.4934399883349,-49.1356240128599
143,208_fs3-00003.jpg,75.04692377518,-48.7240498188322
144,208_fs3-00003.jpg,75.6000127746541,-48.3056057720115
145,208_fs3-00003.jpg,76.1529331189922,-47.8805571812974
146,208_fs3-00003.jpg,76.7059109404294,-47.4491693555895
147,208_fs3-00003.jpg,77.2591723712007,-47.0117076037874
148,208_fs3-00003.jpg,77.8129435435412,-46.5684372347908
149,208_fs3-00003.jpg,78.3674505896859,-46.1196235574992
150,208_fs3-00003.jpg,78.9229196418699,-45.6655318808123
151,208_fs3-00003.jpg,79.4795768323282,-45.2064275136297
152,208_fs3-00003.jpg,80.0376482932958,-44.7425757648511
153,208_fs3-00003.jpg,80.5973601570079,-44.274241943376
154,208_fs3-00003.jpg,81.1589385556994,-43.8016913581041
155,208_fs3-00003.jpg,81.7226096216055,-43.325189317935
156,208_fs3-00003.jpg,82.2885994869611,-42.8450011317683
157,208_fs3-00003.jpg,82.8571342840012,-42.3613921085037
158,208_fs3-00003.jpg,83.4284401449611,-41.8746275570407
159,208_fs3-00003.jpg,84.0027432020756,-41.384972786279
160,208_fs3-00003.jpg,84.5802695875799,-40.8926931051182
161,208_fs3-00003.jpg,85.1603652603297,-40.3980972322083
162,208_fs3-00003.jpg,85.7398500745904,-39.9020975535455
163,208_fs3-00003.jpg,86.31856565378,-39.4060487621904
164,208_fs3-00003.jpg,86.8966865587051,-38.9113157071132
165,208_fs3-00003.jpg,87.4743873501725,-38.4192632372846
166,208_fs3-00003.jpg,88.0518425889889,-37.9312562016748
167,208_fs3-00003.jpg,88.6292268359609,-37.4486594492541
168,208_fs3-00003.jpg,89.2067146518954,-36.9728378289931
169,208_fs3-00003.jpg,89.784480597599,-36.5051561898621
170,208_fs3-00003.jpg,90.3626992338783,-36.0469793808315
171,208_fs3-00003.jpg,90.9415451215402,-35.5996722508716
172,208_fs3-00003.jpg,91.5211928213913,-35.1645996489529
173,208_fs3-00003.jpg,92.1018168942384,-34.7431264240458
174,208_fs3-00003.jpg,92.6835919008881,-34.3366174251206
175,208_fs3-00003.jpg,93.2666924021471,-33.9464375011478
176,208_fs3-00003.jpg,93.8512929588222,-33.5739515010977
177,208_fs3-00003.jpg,94.4375681317201,-33.2205242739408
178,208_fs3-00003.jpg,95.0256924816475,-32.8875206686473
179,208_fs3-00003.jpg,95.615840569411,-32.5763055341877
180,208_fs3-00003.jpg,96.2081869558175,-32.2882437195325
181,208_fs3-00003.jpg,96.8029062016736,-32.0247000736519
182,208_fs3-00003.jpg,97.400172867786,-31.7870394455164
183,208_fs3-00003.jpg,98.0001615149613,-31.5766266840964
184,208_fs3-00003.jpg,98.6030467040065,-31.3948266383622
185,208_fs3-00003.jpg,99.2090029957282,-31.2430041572843
186,208_fs3-00003.jpg,99.8182049509329,-31.122524089833
187,208_fs3-00003.jpg,100.430827130428,-31.0347512849788
188,208_fs3-00003.jpg,101.047044095019,-30.981050591692
189,208_fs3-00003.jpg,101.667247770872,-30.962786858943
190,208_fs3-00003.jpg,102.293057682053,-30.9813249357022
191,208_fs3-00003.jpg,102.924419105461,-31.03802967094
192,208_fs3-00003.jpg,103.56090224373,-31.1342659136268
193,208_fs3-00003.jpg,104.202077299494,-31.2713985127329
194,208_fs3-00003.jpg,104.847514475386,-31.4507923172289
195,208_fs3-00003.jpg,105.496783974041,-31.673812176085
196,208_fs3-00003.jpg,106.149455998094,-31.9418229382716
197,208_fs3-00003.jpg,106.805100750178,-32.2561894527592
198,208_fs3-00003.jpg,107.463288432927,-32.6182765685181
199,208_fs3-00003.jpg,108.123589248976,-33.0294491345187
200,208_fs3-00003.jpg,108.785573400958,-33.4910719997315
1,208_fs3-00004.jpg,29.2589461820231,13.3502917647093
2,208_fs3-00004.jpg,29.3518911342109,12.6573463725802
3,208_fs3-00004.jpg,29.4438817008495,11.9634755694381
4,208_fs3-00004.jpg,29.5347767934987,11.2687108928494
5,208_fs3-00004.jpg,29.6244353237184,10.5730838803802
6,208_fs3-00004.jpg,29.7127162030685,9.87662606959688
7,208_fs3-00004.jpg,29.7994783431085,9.17936899806554
8,208_fs3-00004.jpg,29.8845806553986,8.48134420335245
9,208_fs3-00004.jpg,29.9678820514983,7.78258322302383
10,208_fs3-00004.jpg,30.0492414429677,7.0831175946459
11,208_fs3-00004.jpg,30.1285177413665,6.3829788557849
12,208_fs3-00004.jpg,30.2055698582544,5.68219854400701
13,208_fs3-00004.jpg,30.2802567051914,4.98080819687848
14,208_fs3-00004.jpg,30.3524371937374,4.27883935196556
15,208_fs3-00004.jpg,30.421970235452,3.57632354683446
16,208_fs3-00004.jpg,30.4887147418951,2.87329231905139
17,208_fs3-00004.jpg,30.5525296246266,2.16977720618254
18,208_fs3-00004.jpg,30.6132737952062,1.46580974579422
19,208_fs3-00004.jpg,30.6708061651938,0.761421475452579
20,208_fs3-00004.jpg,30.7249856461493,0.0566439327238868
21,208_fs3-00004.jpg,30.7756711496324,-0.648491344825658
22,208_fs3-00004.jpg,30.822721587203,-1.35395281962982
23,208_fs3-00004.jpg,30.8659958704208,-2.05970895412239
24,208_fs3-00004.jpg,30.9053529108458,-2.76572821073714
25,208_fs3-00004.jpg,30.9406516200377,-3.47197905190782
26,208_fs3-00004.jpg,30.9717509095564,-4.17842994006821
27,208_fs3-00004.jpg,30.9985096909617,-4.88504933765213
28,208_fs3-00004.jpg,31.0207868758134,-5.59180570709333
29,208_fs3-00004.jpg,31.0384413756713,-6.29866751082557
30,208_fs3-00004.jpg,31.0513321020953,-7.00560321128265
31,208_fs3-00004.jpg,31.0593179666452,-7.71258127089831
32,208_fs3-00004.jpg,31.0622578808807,-8.41957015210639
33,208_fs3-00004.jpg,31.0622710622711,-9.12653831734059
34,208_fs3-00004.jpg,31.0622710622711,-9.83345422903474
35,208_fs3-00004.jpg,31.0622710622711,-10.5402863496226
36,208_fs3-00004.jpg,31.0622710622711,-11.247003141538
37,208_fs3-00004.jpg,31.0622710622711,-11.9535730672146
38,208_fs3-00004.jpg,31.0622710622711,-12.6599645890862
39,208_fs3-00004.jpg,31.0622710622711,-13.3661461695867
40,208_fs3-00004.jpg,31.0622710622711,-14.0720862711497
41,208_fs3-00004.jpg,31.0622710622711,-14.7777533562092
42,208_fs3-00004.jpg,31.0622710622711,-15.4831158871987
43,208_fs3-00004.jpg,31.0622710622711,-16.1881423265522
44,208_fs3-00004.jpg,31.0622710622711,-16.8928011367034
45,208_fs3-00004.jpg,31.0622710622711,-17.597060780086
46,208_fs3-00004.jpg,31.0622710622711,-18.3008897191339
47,208_fs3-00004.jpg,31.0622710622711,-19.0042564162808
48,208_fs3-00004.jpg,31.0622710622711,-19.7071293339605
49,208_fs3-00004.jpg,31.0622710622711,-20.4094769346068
50,208_fs3-00004.jpg,31.0622710622711,-21.1112676806534
51,208_fs3-00004.jpg,31.0622710622711,-21.8124700345342
52,208_fs3-00004.jpg,31.0622710622711,-22.5130524586828
53,208_fs3-00004.jpg,31.0510704461804,-23.2130022653821
54,208_fs3-00004.jpg,31.0175555442891,-23.9123899154169
55,208_fs3-00004.jpg,30.9642072272537,-24.6113087890216
56,208_fs3-00004.jpg,30.8935195181498,-25.3098522671512
57,208_fs3-00004.jpg,30.8079864400532,-26.0081137307605
58,208_fs3-00004.jpg,30.7101020160397,-26.7061865608045
59,208_fs3-00004.jpg,30.6023602691847,-27.404164138238
60,208_fs3-00004.jpg,30.4872552225642,-28.102139844016
61,208_fs3-00004.jpg,30.3672808992537,-28.8002070590935
62,208_fs3-00004.jpg,30.2449313223291,-29.4984591644252
63,208_fs3-00004.jpg,30.122700514866,-30.1969895409662
64,208_fs3-00004.jpg,30.00308249994,-30.8958915696714
65,208_fs3-00004.jpg,29.888571300627,-31.5952586314955
66,208_fs3-00004.jpg,29.7816609400026,-32.2951841073937
67,208_fs3-00004.jpg,29.6848454411426,-32.9957613783207
68,208_fs3-00004.jpg,29.6006188271225,-33.6970838252316
69,208_fs3-00004.jpg,29.5314751210182,-34.3992448290812
70,208_fs3-00004.jpg,29.4799083459053,-35.1023377708244
71,208_fs3-00004.jpg,29.4484125248596,-35.8064560314162
72,208_fs3-00004.jpg,29.4394289936155,-36.511692816908
73,208_fs3-00004.jpg,29.4507641805864,-37.218021915825
74,208_fs3-00004.jpg,29.4793931625455,-37.9250898892621
75,208_fs3-00004.jpg,29.5242983879574,-38.6324877501207
76,208_fs3-00004.jpg,29.5844623052863,-39.3398065113024
77,208_fs3-00004.jpg,29.6588673629963,-40.0466371857088
78,208_fs3-00004.jpg,29.7464960095519,-40.7525707862413
79,208_fs3-00004.jpg,29.8463306934173,-41.4571983258013
80,208_fs3-00004.jpg,29.9573538630568,-42.1601108172905
81,208_fs3-00004.jpg,30.0785479669347,-42.8608992736103
82,208_fs3-00004.jpg,30.2088954535151,-43.5591547076621
83,208_fs3-00004.jpg,30.3473787712625,-44.2544681323477
84,208_fs3-00004.jpg,30.4929803686412,-44.9464305605684
85,208_fs3-00004.jpg,30.6446826941153,-45.6346330052258
86,208_fs3-00004.jpg,30.8014681961491,-46.3186664792213
87,208_fs3-00004.jpg,30.962319323207,-46.9981219954564
88,208_fs3-00004.jpg,31.1262185237532,-47.6725905668327
89,208_fs3-00004.jpg,31.2937265632742,-48.3416628677511
90,208_fs3-00004.jpg,31.4888469218496,-49.0049028828138
91,208_fs3-00004.jpg,31.7185671639292,-49.661829070534
92,208_fs3-00004.jpg,31.9810188432903,-50.3119554435305
93,208_fs3-00004.jpg,32.27433351371,-50.9547960144219
94,208_fs3-00004.jpg,32.5966427289656,-51.5898647958269
95,208_fs3-00004.jpg,32.9460780428342,-52.2166758003642
96,208_fs3-00004.jpg,33.3207710090932,-52.8347430406525
97,208_fs3-00004.jpg,33.7188531815195,-53.4435805293104
98,208_fs3-00004.jpg,34.1384561138904,-54.0427022789566
99,208_fs3-00004.jpg,34.5777113599831,-54.6316223022099
100,208_fs3-00004.jpg,35.0347504735748,-55.2098546116889
101,208_fs3-00004.jpg,35.5077050084428,-55.7769132200123
102,208_fs3-00004.jpg,35.9947065183641,-56.3323121397989
103,208_fs3-00004.jpg,36.493886557116,-56.8755653836672
104,208_fs3-00004.jpg,37.0033766784755,-57.4061869642359
105,208_fs3-00004.jpg,37.5213084362202,-57.9236908941238
106,208_fs3-00004.jpg,38.0458133841269,-58.4275911859495
107,208_fs3-00004.jpg,38.5750230759729,-58.9174018523318
108,208_fs3-00004.jpg,39.1070690655355,-59.3926369058892
109,208_fs3-00004.jpg,39.6400829065918,-59.8528103592406
110,208_fs3-00004.jpg,40.172196152919,-60.2974362250045
111,208_fs3-00004.jpg,40.7015403582942,-60.7260285157998
112,208_fs3-00004.jpg,41.2305844099827,-61.1381014293969
113,208_fs3-00004.jpg,41.7867511253835,-61.5331740984338
114,208_fs3-00004.jpg,42.373233257647,-61.9107709982695
115,208_fs3-00004.jpg,42.9876656756119,-62.2704168711474
116,208_fs3-00004.jpg,43.627683248117,-62.6116364593107
117,208_fs3-00004.jpg,44.2909208440012,-62.9339545050028
118,208_fs3-00004.jpg,44.9750133321032,-63.2368957504667
119,208_fs3-00004.jpg,45.6775955812617,-63.5199849379459
120,208_fs3-00004.jpg,46.3963024603156,-63.7827468096836
121,208_fs3-00004.jpg,47.1287688381037,-64.024706107923
122,208_fs3-00004.jpg,47.8726295834647,-64.2453875749074
123,208_fs3-00004.jpg,48.6255195652374,-64.4443159528801
124,208_fs3-00004.jpg,49.3850736522606,-64.6210159840844
125,208_fs3-00004.jpg,50.1489267133732,-64.7750124107635
126,208_fs3-00004.jpg,50.9147136174137,-64.9058299751606
127,208_fs3-00004.jpg,51.6800692332212,-65.0129934195192
128,208_fs3-00004.jpg,52.4426284296343,-65.0960274860823
129,208_fs3-00004.jpg,53.2000260754918,-65.1544569170933
130,208_fs3-00004.jpg,53.9498970396325,-65.1878064547955
131,208_fs3-00004.jpg,54.6898761908952,-65.1956008414321
132,208_fs3-00004.jpg,55.4175983981187,-65.1773648192464
133,208_fs3-00004.jpg,56.1306985301418,-65.1326231304816
134,208_fs3-00004.jpg,56.8268114558032,-65.060900517381
135,208_fs3-00004.jpg,57.5035720439417,-64.961721722188
136,208_fs3-00004.jpg,58.1586151633961,-64.8346114871457
137,208_fs3-00004.jpg,58.7895756830053,-64.6790945544974
138,208_fs3-00004.jpg,59.3940884716079,-64.4946956664864
139,208_fs3-00004.jpg,59.9715252933444,-64.2809579652702
140,208_fs3-00004.jpg,60.5355112607469,-64.0380843637567
141,208_fs3-00004.jpg,61.0898071068456,-63.7671040337655
142,208_fs3-00004.jpg,61.6348521300454,-63.4690983740556
143,208_fs3-00004.jpg,62.1710856287515,-63.1451487833857
144,208_fs3-00004.jpg,62.6989469013689,-62.7963366605148
145,208_fs3-00004.jpg,63.2188752463024,-62.4237434042019
146,208_fs3-00004.jpg,63.7313099619573,-62.0284504132059
147,208_fs3-00004.jpg,64.2366903467384,-61.6115390862856
148,208_fs3-00004.jpg,64.735455699051,-61.1740908222
149,208_fs3-00004.jpg,65.2280453172999,-60.7171870197081
150,208_fs3-00004.jpg,65.7148984998902,-60.2419090775686
151,208_fs3-00004.jpg,66.1964545452269,-59.7493383945405
152,208_fs3-00004.jpg,66.6731527517151,-59.2405563693828
153,208_fs3-00004.jpg,67.1454324177597,-58.7166444008543
154,208_fs3-00004.jpg,67.6137328417658,-58.1786838877141
155,208_fs3-00004.jpg,68.0784933221385,-57.6277562287208
156,208_fs3-00004.jpg,68.5401531572826,-57.0649428226336
157,208_fs3-00004.jpg,68.9991516456034,-56.4913250682112
158,208_fs3-00004.jpg,69.4559280855058,-55.9079843642128
159,208_fs3-00004.jpg,69.9109217753949,-55.3160021093969
160,208_fs3-00004.jpg,70.3645720136755,-54.7164597025228
161,208_fs3-00004.jpg,70.8173180987528,-54.1104385423492
162,208_fs3-00004.jpg,71.2695993290319,-53.4990200276351
163,208_fs3-00004.jpg,71.7218550029177,-52.8832855571393
164,208_fs3-00004.jpg,72.1745244188152,-52.2643165296208
165,208_fs3-00004.jpg,72.6280468751295,-51.6431943438386
166,208_fs3-00004.jpg,73.0828616702657,-51.0210003985514
167,208_fs3-00004.jpg,73.5394081026287,-50.3988160925183
168,208_fs3-00004.jpg,73.9981254706235,-49.7777228244981
169,208_fs3-00004.jpg,74.4594530726553,-49.1588019932498
170,208_fs3-00004.jpg,74.9238302071289,-48.5431349975323
171,208_fs3-00004.jpg,75.3916961724495,-47.9318032361044
172,208_fs3-00004.jpg,75.863490267022,-47.3258881077251
173,208_fs3-00004.jpg,76.3396517892516,-46.7264710111534
174,208_fs3-00004.jpg,76.8174089309279,-46.1346123291588
175,208_fs3-00004.jpg,77.2870556548935,-45.5511154546273
176,208_fs3-00004.jpg,77.749853781704,-44.9766117544488
177,208_fs3-00004.jpg,78.2080086427785,-44.411729435252
178,208_fs3-00004.jpg,78.6637255695365,-43.8570967036651
179,208_fs3-00004.jpg,79.1192098933972,-43.3133417663167
180,208_fs3-00004.jpg,79.57666694578,-42.781092829835
181,208_fs3-00004.jpg,80.0383020581041,-42.2609781008486
182,208_fs3-00004.jpg,80.5063205617888,-41.7536257859859
183,208_fs3-00004.jpg,80.9829277882534,-41.2596640918753
184,208_fs3-00004.jpg,81.4703290689172,-40.7797212251452
185,208_fs3-00004.jpg,81.9707297351995,-40.3144253924241
186,208_fs3-00004.jpg,82.4863351185195,-39.8644048003403
187,208_fs3-00004.jpg,83.0193505502967,-39.4302876555224
188,208_fs3-00004.jpg,83.5708531615438,-39.0127021645987
189,208_fs3-00004.jpg,84.1385464306341,-38.6122765341976
190,208_fs3-00004.jpg,84.721759071378,-38.2296389709477
191,208_fs3-00004.jpg,85.3199723162424,-37.8654176814772
192,208_fs3-00004.jpg,85.9326673976948,-37.5202408724146
193,208_fs3-00004.jpg,86.5593255482025,-37.1947367503884
194,208_fs3-00004.jpg,87.1994280002326,-36.8895335220269
195,208_fs3-00004.jpg,87.8524559862526,-36.6052593939587
196,208_fs3-00004.jpg,88.5178907387295,-36.3425425728121
197,208_fs3-00004.jpg,89.1952134901307,-36.1020112652155
198,208_fs3-00004.jpg,89.8839054729235,-35.8842936777974
199,208_fs3-00004.jpg,90.5834479195751,-35.6900180171862
200,208_fs3-00004.jpg,91.2933220625529,-35.5198124900103
1,208_fs3-00005.jpg,28.0867850098619,28.250263587758
2,208_fs3-00005.jpg,28.3541191050595,27.6004792547911
3,208_fs3-00005.jpg,28.6190840045406,26.9483338023615
4,208_fs3-00005.jpg,28.8813469312884,26.2938822313871
5,208_fs3-00005.jpg,29.1405751082855,25.6371795427861
6,208_fs3-00005.jpg,29.3964357585151,24.9782807374764
7,208_fs3-00005.jpg,29.64859610496,24.3172408163762
8,208_fs3-00005.jpg,29.8967233706033,23.6541147804033
9,208_fs3-00005.jpg,30.1404847784279,22.9889576304759
10,208_fs3-00005.jpg,30.3795475514167,22.3218243675119
11,208_fs3-00005.jpg,30.6135789125527,21.6527699924295
12,208_fs3-00005.jpg,30.8422460848188,20.9818495061466
13,208_fs3-00005.jpg,31.0652162911981,20.3091179095813
14,208_fs3-00005.jpg,31.2821567546734,19.6346302036516
15,208_fs3-00005.jpg,31.4927346982277,18.9584413892755
16,208_fs3-00005.jpg,31.6966173448439,18.2806064673711
17,208_fs3-00005.jpg,31.8934719175051,17.6011804388563
18,208_fs3-00005.jpg,32.0829656391941,16.9202183046494
19,208_fs3-00005.jpg,32.264765732894,16.2377750656681
20,208_fs3-00005.jpg,32.4385394215876,15.5539057228307
21,208_fs3-00005.jpg,32.603953928258,14.8686652770551
22,208_fs3-00005.jpg,32.760676475888,14.1821087292593
23,208_fs3-00005.jpg,32.9083742874607,13.4942910803614
24,208_fs3-00005.jpg,33.0467145859589,12.8052673312795
25,208_fs3-00005.jpg,33.1753645943657,12.1150924829315
26,208_fs3-00005.jpg,33.293991535664,11.4238215362354
27,208_fs3-00005.jpg,33.4022626328368,10.7315094921094
28,208_fs3-00005.jpg,33.4998451088669,10.0382113514714
29,208_fs3-00005.jpg,33.5864061867373,9.34398211523947
30,208_fs3-00005.jpg,33.6616130894312,8.64887678433169
31,208_fs3-00005.jpg,33.7251330399312,7.952950359666
32,208_fs3-00005.jpg,33.7766332612205,7.25625784216049
33,208_fs3-00005.jpg,33.8157809762819,6.55885423273318
34,208_fs3-00005.jpg,33.8422434080985,5.86079453230209
35,208_fs3-00005.jpg,33.8556877796531,5.16213374178528
36,208_fs3-00005.jpg,33.857283675482,4.46292686210074
37,208_fs3-00005.jpg,33.8561361430658,3.76322889416653
38,208_fs3-00005.jpg,33.8538512581952,3.0630948389007
39,208_fs3-00005.jpg,33.8504493239594,2.36257969722124
40,208_fs3-00005.jpg,33.8459506434476,1.66173847004617
41,208_fs3-00005.jpg,33.8403755197489,0.960626158293564
42,208_fs3-00005.jpg,33.8337442559527,0.259297762881459
43,208_fs3-00005.jpg,33.826077155148,-0.442191715272173
44,208_fs3-00005.jpg,33.817394520424,-1.14378727524922
45,208_fs3-00005.jpg,33.8077166548699,-1.84543391613173
46,208_fs3-00005.jpg,33.7970638615749,-2.54707663700162
47,208_fs3-00005.jpg,33.7854564436283,-3.24866043694087
48,208_fs3-00005.jpg,33.7729147041191,-3.95013031503146
49,208_fs3-00005.jpg,33.7594589461366,-4.65143127035535
50,208_fs3-00005.jpg,33.7451094727699,-5.3525083019945
51,208_fs3-00005.jpg,33.7298865871083,-6.05330640903091
52,208_fs3-00005.jpg,33.7138105922409,-6.75377059054651
53,208_fs3-00005.jpg,33.6969017912569,-7.45384584562331
54,208_fs3-00005.jpg,33.6791804872456,-8.15347717334322
55,208_fs3-00005.jpg,33.660666983296,-8.85260957278825
56,208_fs3-00005.jpg,33.6413815824973,-9.55118804304038
57,208_fs3-00005.jpg,33.6213445879389,-10.2491575831816
58,208_fs3-00005.jpg,33.6005763027098,-10.9464631922937
59,208_fs3-00005.jpg,33.5790970298992,-11.6430498694589
60,208_fs3-00005.jpg,33.5569270725964,-12.3388626137591
61,208_fs3-00005.jpg,33.5340867338904,-13.0338464242761
62,208_fs3-00005.jpg,33.5105963168705,-13.7279463000921
63,208_fs3-00005.jpg,33.4843435963969,-14.4211088404918
64,208_fs3-00005.jpg,33.4382835987258,-15.1133351007541
65,208_fs3-00005.jpg,33.3703049248216,-15.8046926925389
66,208_fs3-00005.jpg,33.2823646096212,-16.4952532783721
67,208_fs3-00005.jpg,33.1764196880618,-17.1850885207799
68,208_fs3-00005.jpg,33.0544271950806,-17.8742700822881
69,208_fs3-00005.jpg,32.9183441656145,-18.5628696254227
70,208_fs3-00005.jpg,32.770127634601,-19.2509588127099
71,208_fs3-00005.jpg,32.611734636977,-19.9386093066755
72,208_fs3-00005.jpg,32.4451222076797,-20.6258927698456
73,208_fs3-00005.jpg,32.2722473816463,-21.3128808647463
74,208_fs3-00005.jpg,32.0950671938138,-21.9996452539035
75,208_fs3-00005.jpg,31.9155386791194,-22.6862575998432
76,208_fs3-00005.jpg,31.7356188725003,-23.3727895650914
77,208_fs3-00005.jpg,31.5572648088936,-24.0593128121742
78,208_fs3-00005.jpg,31.3824335232364,-24.7458990036175
79,208_fs3-00005.jpg,31.2130820504659,-25.4326198019473
80,208_fs3-00005.jpg,31.0511674255192,-26.1195468696897
81,208_fs3-00005.jpg,30.8986466833334,-26.8067518693707
82,208_fs3-00005.jpg,30.7574768588457,-27.4943064635163
83,208_fs3-00005.jpg,30.6296149869933,-28.1822823146524
84,208_fs3-00005.jpg,30.5170181027132,-28.8707510853052
85,208_fs3-00005.jpg,30.4216432409427,-29.5597844380004
86,208_fs3-00005.jpg,30.3454474366187,-30.2494540352644
87,208_fs3-00005.jpg,30.2903877246786,-30.9398315396229
88,208_fs3-00005.jpg,30.2584211400594,-31.6309886136021
89,208_fs3-00005.jpg,30.2508135078003,-32.3229966762196
90,208_fs3-00005.jpg,30.2518490553897,-33.0158923373591
91,208_fs3-00005.jpg,30.254289859374,-33.7096415180847
92,208_fs3-00005.jpg,30.2581285865944,-34.4042015700844
93,208_fs3-00005.jpg,30.2633579038921,-35.0995298450462
94,208_fs3-00005.jpg,30.2699704781085,-35.7955836946582
95,208_fs3-00005.jpg,30.2779589760845,-36.4923204706083
96,208_fs3-00005.jpg,30.2873160646615,-37.1896975245848
97,208_fs3-00005.jpg,30.2980344106806,-37.8876722082755
98,208_fs3-00005.jpg,30.3101066809831,-38.5862018733686
99,208_fs3-00005.jpg,30.3235255424102,-39.2852438715521
100,208_fs3-00005.jpg,30.3382836618031,-39.984755554514
101,208_fs3-00005.jpg,30.3543737060029,-40.6846942739423
102,208_fs3-00005.jpg,30.371788341851,-41.3850173815252
103,208_fs3-00005.jpg,30.3905202361885,-42.0856822289505
104,208_fs3-00005.jpg,30.4105620558566,-42.7866461679065
105,208_fs3-00005.jpg,30.4319064676965,-43.4878665500811
106,208_fs3-00005.jpg,30.4545461385495,-44.1893007271623
107,208_fs3-00005.jpg,30.4784737352567,-44.8909060508383
108,208_fs3-00005.jpg,30.5036819246594,-45.5926398727969
109,208_fs3-00005.jpg,30.5301633735988,-46.2944595447264
110,208_fs3-00005.jpg,30.5579107489161,-46.9963224183147
111,208_fs3-00005.jpg,30.5869167174524,-47.6981858452499
112,208_fs3-00005.jpg,30.617173946049,-48.4000071772199
113,208_fs3-00005.jpg,30.6486751015472,-49.1017437659129
114,208_fs3-00005.jpg,30.681412850788,-49.8033529630169
115,208_fs3-00005.jpg,30.7153798606128,-50.5047921202199
116,208_fs3-00005.jpg,30.7505687978626,-51.20601858921
117,208_fs3-00005.jpg,30.7869723293789,-51.9069897216752
118,208_fs3-00005.jpg,30.8387868405692,-52.607574918343
119,208_fs3-00005.jpg,30.9278380307136,-53.3071229164889
120,208_fs3-00005.jpg,31.0524981283151,-54.0047915657041
121,208_fs3-00005.jpg,31.2108200087824,-54.6997384265775
122,208_fs3-00005.jpg,31.400856547524,-55.3911210596975
123,208_fs3-00005.jpg,31.6206606199485,-56.078097025653
124,208_fs3-00005.jpg,31.8682851014646,-56.7598238850325
125,208_fs3-00005.jpg,32.1417828674806,-57.4354591984247
126,208_fs3-00005.jpg,32.4392067934053,-58.1041605264183
127,208_fs3-00005.jpg,32.7586097546472,-58.765085429602
128,208_fs3-00005.jpg,33.098044626615,-59.4173914685643
129,208_fs3-00005.jpg,33.455564284717,-60.060236203894
130,208_fs3-00005.jpg,33.829221604362,-60.6927771961798
131,208_fs3-00005.jpg,34.2170694609584,-61.3141720060102
132,208_fs3-00005.jpg,34.617160729915,-61.9235781939739
133,208_fs3-00005.jpg,35.0275482866401,-62.5201533206597
134,208_fs3-00005.jpg,35.4462850065426,-63.1030549466561
135,208_fs3-00005.jpg,35.8714237650307,-63.6714406325518
136,208_fs3-00005.jpg,36.3010174375133,-64.2244679389355
137,208_fs3-00005.jpg,36.7331188993988,-64.7612944263959
138,208_fs3-00005.jpg,37.1657810260958,-65.2810776555216
139,208_fs3-00005.jpg,37.5970566930129,-65.7829751869012
140,208_fs3-00005.jpg,38.0250479990329,-66.2661445969889
141,208_fs3-00005.jpg,38.4721386430583,-66.7299208959212
142,208_fs3-00005.jpg,38.9561285457253,-67.1742560564377
143,208_fs3-00005.jpg,39.4742826573785,-67.5992360624132
144,208_fs3-00005.jpg,40.0238659283629,-68.0049468977225
145,208_fs3-00005.jpg,40.6021433090233,-68.3914745462406
146,208_fs3-00005.jpg,41.2063797497046,-68.7589049918422
147,208_fs3-00005.jpg,41.8338402007516,-69.1073242184021
148,208_fs3-00005.jpg,42.4817896125091,-69.4368182097953
149,208_fs3-00005.jpg,43.147492935322,-69.7474729498965
150,208_fs3-00005.jpg,43.8282151195351,-70.0393744225806
151,208_fs3-00005.jpg,44.5212211154932,-70.3126086117223
152,208_fs3-00005.jpg,45.2237758735413,-70.5672615011966
153,208_fs3-00005.jpg,45.9331443440241,-70.8034190748782
154,208_fs3-00005.jpg,46.6465914772866,-71.0211673166421
155,208_fs3-00005.jpg,47.3613822236734,-71.220592210363
156,208_fs3-00005.jpg,48.0747815335296,-71.4017797399157
157,208_fs3-00005.jpg,48.7840543571999,-71.5648158891752
158,208_fs3-00005.jpg,49.4864656450291,-71.7097866420161
159,208_fs3-00005.jpg,50.1792803473622,-71.8367779823134
160,208_fs3-00005.jpg,50.8597634145439,-71.9458758939419
161,208_fs3-00005.jpg,51.5265832557176,-72.0371652973443
162,208_fs3-00005.jpg,52.2045881366491,-72.1106209165298
163,208_fs3-00005.jpg,52.9018419508162,-72.1660127397341
164,208_fs3-00005.jpg,53.6157566478194,-72.2030884780285
165,208_fs3-00005.jpg,54.3437441772595,-72.2215958424843
166,208_fs3-00005.jpg,55.0832164887369,-72.2212825441728
167,208_fs3-00005.jpg,55.8315855318523,-72.2018962941654
168,208_fs3-00005.jpg,56.5862632562063,-72.1631848035333
169,208_fs3-00005.jpg,57.3446616113995,-72.104895783348
170,208_fs3-00005.jpg,58.1041925470325,-72.0267769446806
171,208_fs3-00005.jpg,58.8622680127058,-71.9285759986026
172,208_fs3-00005.jpg,59.6162999580201,-71.8100406561851
173,208_fs3-00005.jpg,60.3637003325759,-71.6709186284997
174,208_fs3-00005.jpg,61.101881085974,-71.5109576266175
175,208_fs3-00005.jpg,61.8282541678147,-71.3299053616099
176,208_fs3-00005.jpg,62.5402315276989,-71.1275095445483
177,208_fs3-00005.jpg,63.235225115227,-70.9035178865038
178,208_fs3-00005.jpg,63.9106468799996,-70.657678098548
179,208_fs3-00005.jpg,64.5639087716174,-70.3897378917519
180,208_fs3-00005.jpg,65.1924227396809,-70.0994449771871
181,208_fs3-00005.jpg,65.7936007337908,-69.7865470659247
182,208_fs3-00005.jpg,66.3648547035476,-69.4507918690362
183,208_fs3-00005.jpg,66.9035965985519,-69.0919270975928
184,208_fs3-00005.jpg,67.4072383684044,-68.7097004626658
185,208_fs3-00005.jpg,67.8741333766528,-68.3038596753267
186,208_fs3-00005.jpg,68.3227577752509,-67.8741524466466
187,208_fs3-00005.jpg,68.7606445891624,-67.4203264876969
188,208_fs3-00005.jpg,69.187120970151,-66.942129509549
189,208_fs3-00005.jpg,69.6015140699806,-66.4393092232741
190,208_fs3-00005.jpg,70.003151040415,-65.9116133399436
191,208_fs3-00005.jpg,70.391359033218,-65.3587895706287
192,208_fs3-00005.jpg,70.7654652001534,-64.7805856264008
193,208_fs3-00005.jpg,71.124796692985,-64.1767492183313
194,208_fs3-00005.jpg,71.4686806634767,-63.5470280574914
195,208_fs3-00005.jpg,71.7964442633922,-62.8911698549524
196,208_fs3-00005.jpg,72.1074146444953,-62.2089223217857
197,208_fs3-00005.jpg,72.40091895855,-61.5000331690626
198,208_fs3-00005.jpg,72.6762843573199,-60.7642501078545
199,208_fs3-00005.jpg,72.9328379925689,-60.0013208492324
200,208_fs3-00005.jpg,73.1699070160608,-59.210993104268
1,208_fs3-00006.jpg,28.5150746689208,39.8817090653573
2,208_fs3-00006.jpg,28.744339377575,39.2378912280571
3,208_fs3-00006.jpg,28.9715114965353,38.5927808744902
4,208_fs3-00006.jpg,29.1964595065651,37.9464005412817
5,208_fs3-00006.jpg,29.4190518884284,37.2987727650564
6,208_fs3-00006.jpg,29.6391571228887,36.6499200824395
7,208_fs3-00006.jpg,29.8566436907098,35.9998650300559
8,208_fs3-00006.jpg,30.0713800726555,35.3486301445306
9,208_fs3-00006.jpg,30.2832347494894,34.6962379624885
10,208_fs3-00006.jpg,30.4920762019753,34.0427110205547
11,208_fs3-00006.jpg,30.6977729108769,33.3880718553541
12,208_fs3-00006.jpg,30.9001933569579,32.7323430035117
13,208_fs3-00006.jpg,31.0992060209821,32.0755470016526
14,208_fs3-00006.jpg,31.2946793837131,31.4177063864016
15,208_fs3-00006.jpg,31.4864819259147,30.7588436943838
16,208_fs3-00006.jpg,31.6744821283507,30.0989814622242
17,208_fs3-00006.jpg,31.8585484717846,29.4381422265478
18,208_fs3-00006.jpg,32.0385494369804,28.7763485239795
19,208_fs3-00006.jpg,32.2143535047015,28.1136228911442
20,208_fs3-00006.jpg,32.3858291557119,27.4499878646672
21,208_fs3-00006.jpg,32.5528448707752,26.7854659811732
22,208_fs3-00006.jpg,32.7152691306551,26.1200797772872
23,208_fs3-00006.jpg,32.8729704161155,25.4538517896344
24,208_fs3-00006.jpg,33.0258172079198,24.7868045548396
25,208_fs3-00006.jpg,33.173677986832,24.1189606095278
26,208_fs3-00006.jpg,33.3164212336158,23.4503424903241
27,208_fs3-00006.jpg,33.4539154290347,22.7809727338533
28,208_fs3-00006.jpg,33.5860290538527,22.1108738767406
29,208_fs3-00006.jpg,33.7126305888333,21.4400684556108
30,208_fs3-00006.jpg,33.8335885147404,20.768579007089
31,208_fs3-00006.jpg,33.9487713123376,20.0964280678001
32,208_fs3-00006.jpg,34.0580474623886,19.4236381743692
33,208_fs3-00006.jpg,34.1612854456573,18.7502318634212
34,208_fs3-00006.jpg,34.2583537429072,18.0762316715811
35,208_fs3-00006.jpg,34.3491208349022,17.4016601354739
36,208_fs3-00006.jpg,34.4334552024059,16.7265397917245
37,208_fs3-00006.jpg,34.5112253261821,16.0508931769581
38,208_fs3-00006.jpg,34.5822996869944,15.3747428277995
39,208_fs3-00006.jpg,34.6465467656067,14.6981112808737
40,208_fs3-00006.jpg,34.7038350427826,14.0210210728057
41,208_fs3-00006.jpg,34.7540329992859,13.3434947402205
42,208_fs3-00006.jpg,34.7970091158803,12.6655548197431
43,208_fs3-00006.jpg,34.8327466013575,11.9872238479985
44,208_fs3-00006.jpg,34.8656408792906,11.3085243616117
45,208_fs3-00006.jpg,34.8979583675567,10.6294788972076
46,208_fs3-00006.jpg,34.9296475310961,9.95010999141124
47,208_fs3-00006.jpg,34.9606568348497,9.2704401808476
48,208_fs3-00006.jpg,34.9909347437578,8.59049200214164
49,208_fs3-00006.jpg,35.020429722761,7.91028799191841
50,208_fs3-00006.jpg,35.0490902368,7.22985068680282
51,208_fs3-00006.jpg,35.0768647508152,6.54920262341989
52,208_fs3-00006.jpg,35.1037017297472,5.86836633839462
53,208_fs3-00006.jpg,35.1295496385365,5.18736436835198
54,208_fs3-00006.jpg,35.1543569421237,4.50621924991697
55,208_fs3-00006.jpg,35.1780721054494,3.82495351971454
56,208_fs3-00006.jpg,35.2006435934541,3.14358971436971
57,208_fs3-00006.jpg,35.2220198710784,2.46215037050743
58,208_fs3-00006.jpg,35.2421494032628,1.78065802475271
59,208_fs3-00006.jpg,35.2609806549478,1.09913521373056
60,208_fs3-00006.jpg,35.2784620910741,0.417604474065939
61,208_fs3-00006.jpg,35.2945421765821,-0.263911657616177
62,208_fs3-00006.jpg,35.3091693764125,-0.945390644690804
63,208_fs3-00006.jpg,35.3222921555058,-1.62680995053293
64,208_fs3-00006.jpg,35.3338589788025,-2.30814703851757
65,208_fs3-00006.jpg,35.3438183112432,-2.98937937201978
66,208_fs3-00006.jpg,35.3521186177684,-3.67048441441455
67,208_fs3-00006.jpg,35.3587083633188,-4.35143962907685
68,208_fs3-00006.jpg,35.3635360128347,-5.03222247938177
69,208_fs3-00006.jpg,35.366550031257,-5.71281042870427
70,208_fs3-00006.jpg,35.3676988835259,-6.3931809404194
71,208_fs3-00006.jpg,35.3629134478524,-7.07331205942154
72,208_fs3-00006.jpg,35.3465708685004,-7.75318501191722
73,208_fs3-00006.jpg,35.3191652832376,-8.4327821065032
74,208_fs3-00006.jpg,35.2812457173779,-9.11208565267768
75,208_fs3-00006.jpg,35.2333611962353,-9.79107795993878
76,208_fs3-00006.jpg,35.1760607451234,-10.4697413377847
77,208_fs3-00006.jpg,35.1098933893563,-11.1480580957135
78,208_fs3-00006.jpg,35.0354081542479,-11.8260105432235
79,208_fs3-00006.jpg,34.9531540651119,-12.5035809898128
80,208_fs3-00006.jpg,34.8636801472624,-13.1807517449795
81,208_fs3-00006.jpg,34.767535426013,-13.8575051182219
82,208_fs3-00006.jpg,34.6652689266778,-14.533823419038
83,208_fs3-00006.jpg,34.5574296745706,-15.2096889569261
84,208_fs3-00006.jpg,34.4445666950053,-15.8850840413843
85,208_fs3-00006.jpg,34.3272290132957,-16.5599909819108
86,208_fs3-00006.jpg,34.2059656547558,-17.2343920880036
87,208_fs3-00006.jpg,34.0813256446994,-17.9082696691611
88,208_fs3-00006.jpg,33.9538580084404,-18.5816060348813
89,208_fs3-00006.jpg,33.8241117712926,-19.2543834946625
90,208_fs3-00006.jpg,33.69263595857,-19.9265843580028
91,208_fs3-00006.jpg,33.5599795955864,-20.5981909344003
92,208_fs3-00006.jpg,33.4266917076557,-21.2691855333532
93,208_fs3-00006.jpg,33.2933213200918,-21.9395504643597
94,208_fs3-00006.jpg,33.1604174582085,-22.6092680369179
95,208_fs3-00006.jpg,33.0285291473198,-23.278320560526
96,208_fs3-00006.jpg,32.8982054127395,-23.9466903446822
97,208_fs3-00006.jpg,32.7699952797815,-24.6143596988846
98,208_fs3-00006.jpg,32.6444477737596,-25.2813109326314
99,208_fs3-00006.jpg,32.5221119199877,-25.9475263554208
100,208_fs3-00006.jpg,32.4035367437798,-26.6129882767509
101,208_fs3-00006.jpg,32.2891657792344,-27.2776790394896
102,208_fs3-00006.jpg,32.1698981306008,-27.9416120274862
103,208_fs3-00006.jpg,32.0403872606579,-28.6048891789389
104,208_fs3-00006.jpg,31.9017374801434,-29.2676281202962
105,208_fs3-00006.jpg,31.7550530997947,-29.9299464780065
106,208_fs3-00006.jpg,31.6014384303497,-30.5919618785184
107,208_fs3-00006.jpg,31.4419977825457,-31.2537919482803
108,208_fs3-00006.jpg,31.2778354671204,-31.9155543137407
109,208_fs3-00006.jpg,31.1100557948114,-32.5773666013482
110,208_fs3-00006.jpg,30.9397630763564,-33.2393464375512
111,208_fs3-00006.jpg,30.7680616224928,-33.9016114487981
112,208_fs3-00006.jpg,30.5960557439583,-34.5642792615376
113,208_fs3-00006.jpg,30.4248497514905,-35.227467502218
114,208_fs3-00006.jpg,30.2555479558269,-35.8912937972878
115,208_fs3-00006.jpg,30.0892546677052,-36.5558757731957
116,208_fs3-00006.jpg,29.927074197863,-37.2213310563899
117,208_fs3-00006.jpg,29.7701108570378,-37.887777273319
118,208_fs3-00006.jpg,29.6194689559672,-38.5553320504315
119,208_fs3-00006.jpg,29.4762528053888,-39.224113014176
120,208_fs3-00006.jpg,29.3415667160403,-39.8942377910008
121,208_fs3-00006.jpg,29.2165149986592,-40.5658240073545
122,208_fs3-00006.jpg,29.1022019639831,-41.2389892896856
123,208_fs3-00006.jpg,28.9997319227496,-41.9138512644425
124,208_fs3-00006.jpg,28.9102091856963,-42.5905275580737
125,208_fs3-00006.jpg,28.8347380635608,-43.2691357970278
126,208_fs3-00006.jpg,28.7744228670807,-43.9497936077531
127,208_fs3-00006.jpg,28.7303679069935,-44.6326186166982
128,208_fs3-00006.jpg,28.703677494037,-45.3177284503117
129,208_fs3-00006.jpg,28.6954191862998,-46.0052407093494
130,208_fs3-00006.jpg,28.6981507755415,-46.6951838435788
131,208_fs3-00006.jpg,28.7056105442003,-47.387297543256
132,208_fs3-00006.jpg,28.7177167315321,-48.0812631403655
133,208_fs3-00006.jpg,28.734387576792,-48.7767619668915
134,208_fs3-00006.jpg,28.7555413192359,-49.4734753548185
135,208_fs3-00006.jpg,28.7810961981191,-50.1710846361308
136,208_fs3-00006.jpg,28.8109704526972,-50.8692711428127
137,208_fs3-00006.jpg,28.8450823222257,-51.5677162068486
138,208_fs3-00006.jpg,28.8833500459601,-52.266101160223
139,208_fs3-00006.jpg,28.9256918631559,-52.96410733492
140,208_fs3-00006.jpg,28.9720260130688,-53.6614160629241
141,208_fs3-00006.jpg,29.0222707349541,-54.3577086762197
142,208_fs3-00006.jpg,29.0763442680675,-55.052666506791
143,208_fs3-00006.jpg,29.1341648516644,-55.7459708866225
144,208_fs3-00006.jpg,29.1956507250005,-56.4373031476985
145,208_fs3-00006.jpg,29.2607201273311,-57.1263446220034
146,208_fs3-00006.jpg,29.3292912979118,-57.8127766415214
147,208_fs3-00006.jpg,29.4012824759981,-58.496280538237
148,208_fs3-00006.jpg,29.4766119008457,-59.1765376441345
149,208_fs3-00006.jpg,29.5551978117099,-59.8532292911983
150,208_fs3-00006.jpg,29.6369584478463,-60.5260368114128
151,208_fs3-00006.jpg,29.7218120485105,-61.1946415367622
152,208_fs3-00006.jpg,29.8096768529579,-61.858724799231
153,208_fs3-00006.jpg,29.9004711004442,-62.5179679308035
154,208_fs3-00006.jpg,29.9941130302247,-63.172052263464
155,208_fs3-00006.jpg,30.0905208815551,-63.820659129197
156,208_fs3-00006.jpg,30.1896128936908,-64.4634698599866
157,208_fs3-00006.jpg,30.2913073058874,-65.1001657878175
158,208_fs3-00006.jpg,30.3955223574004,-65.7304282446738
159,208_fs3-00006.jpg,30.5022023335454,-66.3539385603418
160,208_fs3-00006.jpg,30.6379572009807,-66.9703039937588
161,208_fs3-00006.jpg,30.8246920349076,-67.5788625693005
162,208_fs3-00006.jpg,31.0600409695048,-68.1788911577704
163,208_fs3-00006.jpg,31.3416381389507,-68.7696666299722
164,208_fs3-00006.jpg,31.667117677424,-69.3504658567093
165,208_fs3-00006.jpg,32.0341137191034,-69.9205657087855
166,208_fs3-00006.jpg,32.4402603981674,-70.4792430570042
167,208_fs3-00006.jpg,32.8831918487946,-71.025774772169
168,208_fs3-00006.jpg,33.3605422051637,-71.5594377250835
169,208_fs3-00006.jpg,33.8699456014532,-72.0795087865513
170,208_fs3-00006.jpg,34.4090361718418,-72.5852648273759
171,208_fs3-00006.jpg,34.975448050508,-73.075982718361
172,208_fs3-00006.jpg,35.5668153716306,-73.5509393303101
173,208_fs3-00006.jpg,36.1807722693879,-74.0094115340267
174,208_fs3-00006.jpg,36.8149528779589,-74.4506762003145
175,208_fs3-00006.jpg,37.4669913315219,-74.874010199977
176,208_fs3-00006.jpg,38.1345217642556,-75.2786904038178
177,208_fs3-00006.jpg,38.8151783103386,-75.6639936826405
178,208_fs3-00006.jpg,39.5065951039496,-76.0291969072487
179,208_fs3-00006.jpg,40.206406279267,-76.3735769484458
180,208_fs3-00006.jpg,40.9122459704697,-76.6964106770356
181,208_fs3-00006.jpg,41.621748311736,-76.9969749638216
182,208_fs3-00006.jpg,42.3325474372447,-77.2745466796074
183,208_fs3-00006.jpg,43.0422774811744,-77.5284026951964
184,208_fs3-00006.jpg,43.7485725777036,-77.7578198813924
185,208_fs3-00006.jpg,44.4490668610111,-77.9620751089988
186,208_fs3-00006.jpg,45.1413944652753,-78.1404452488193
187,208_fs3-00006.jpg,45.8231895246749,-78.2922071716575
188,208_fs3-00006.jpg,46.4920861733885,-78.4166377483168
189,208_fs3-00006.jpg,47.1457185455947,-78.5130138496009
190,208_fs3-00006.jpg,47.7817207754721,-78.5806123463134
191,208_fs3-00006.jpg,48.4058867598854,-78.6187101092579
192,208_fs3-00006.jpg,49.0429471070148,-78.6265840092378
193,208_fs3-00006.jpg,49.6933477121709,-78.6035109170568
194,208_fs3-00006.jpg,50.3554608821571,-78.5487677035185
195,208_fs3-00006.jpg,51.0276589237767,-78.4616312394264
196,208_fs3-00006.jpg,51.708314143833,-78.3413783955841
197,208_fs3-00006.jpg,52.3957988491293,-78.1872860427953
198,208_fs3-00006.jpg,53.0884853464689,-77.9986310518633
199,208_fs3-00006.jpg,53.7847459426551,-77.7746902935919
200,208_fs3-00006.jpg,54.4829529444913,-77.5147406387847
1,208_fs3-00007.jpg,34.0377571146802,51.3102804939288
2,208_fs3-00007.jpg,34.0381785503176,50.6265950362642
3,208_fs3-00007.jpg,34.0394303922697,49.9430284013723
4,208_fs3-00007.jpg,34.0414939430961,49.2595785598634
5,208_fs3-00007.jpg,34.0443505053564,48.5762434823481
6,208_fs3-00007.jpg,34.0479813816103,47.893021139437
7,208_fs3-00007.jpg,34.0523678744174,47.2099095017405
8,208_fs3-00007.jpg,34.0574912863373,46.5269065398692
9,208_fs3-00007.jpg,34.0633329199297,45.8440102244335
10,208_fs3-00007.jpg,34.0698740777542,45.1612185260441
11,208_fs3-00007.jpg,34.0770960623705,44.4785294153113
12,208_fs3-00007.jpg,34.0849801763381,43.7959408628457
13,208_fs3-00007.jpg,34.0935077222168,43.1134508392578
14,208_fs3-00007.jpg,34.1026600025662,42.4310573151582
15,208_fs3-00007.jpg,34.1124183199458,41.7487582611574
16,208_fs3-00007.jpg,34.1227639769154,41.0665516478658
17,208_fs3-00007.jpg,34.1336782760346,40.384435445894
18,208_fs3-00007.jpg,34.145142519863,39.7024076258525
19,208_fs3-00007.jpg,34.1571380109602,39.0204661583518
20,208_fs3-00007.jpg,34.1696460518859,38.3386090140024
21,208_fs3-00007.jpg,34.1826479451998,37.6568341634149
22,208_fs3-00007.jpg,34.1961249934614,36.9751395771997
23,208_fs3-00007.jpg,34.2100584992305,36.2935232259674
24,208_fs3-00007.jpg,34.2244297650665,35.6119830803285
25,208_fs3-00007.jpg,34.2392200935293,34.9305171108934
26,208_fs3-00007.jpg,34.2544107871784,34.2491232882728
27,208_fs3-00007.jpg,34.2699831485734,33.5677995830771
28,208_fs3-00007.jpg,34.285918480274,32.8865439659168
29,208_fs3-00007.jpg,34.3021980848398,32.2053544074026
30,208_fs3-00007.jpg,34.3188032648305,31.5242288781447
31,208_fs3-00007.jpg,34.3357153228058,30.8431653487538
32,208_fs3-00007.jpg,34.3529155613251,30.1621617898405
33,208_fs3-00007.jpg,34.3703852829482,29.4812161720151
34,208_fs3-00007.jpg,34.3881057902348,28.8003264658883
35,208_fs3-00007.jpg,34.4064480435714,28.1194906420705
36,208_fs3-00007.jpg,34.4285445792642,27.4387066711722
37,208_fs3-00007.jpg,34.454881020294,26.7579725238041
38,208_fs3-00007.jpg,34.4852103445467,26.0772861705765
39,208_fs3-00007.jpg,34.519285529908,25.3966455821
40,208_fs3-00007.jpg,34.5568595542634,24.7160487289851
41,208_fs3-00007.jpg,34.5976853954988,24.0354935818423
42,208_fs3-00007.jpg,34.6415160314998,23.3549781112822
43,208_fs3-00007.jpg,34.6881044401521,22.6745002879152
44,208_fs3-00007.jpg,34.7372035993415,21.9940580823519
45,208_fs3-00007.jpg,34.7885664869536,21.3136494652027
46,208_fs3-00007.jpg,34.8419460808741,20.6332724070783
47,208_fs3-00007.jpg,34.8970953589887,19.952924878589
48,208_fs3-00007.jpg,34.9537672991832,19.2726048503455
49,208_fs3-00007.jpg,35.0117148793432,18.5923102929583
50,208_fs3-00007.jpg,35.0706910773544,17.9120391770377
51,208_fs3-00007.jpg,35.1304488711026,17.2317894731945
52,208_fs3-00007.jpg,35.1907412384734,16.551559152039
53,208_fs3-00007.jpg,35.2513211573525,15.8713461841818
54,208_fs3-00007.jpg,35.3119416056257,15.1911485402334
55,208_fs3-00007.jpg,35.3723555611786,14.5109641908043
56,208_fs3-00007.jpg,35.4323160018969,13.8307911065051
57,208_fs3-00007.jpg,35.4915759056664,13.1506272579462
58,208_fs3-00007.jpg,35.5498882503728,12.4704706157382
59,208_fs3-00007.jpg,35.6070060139016,11.7903191504916
60,208_fs3-00007.jpg,35.6626821741388,11.1101708328168
61,208_fs3-00007.jpg,35.7166697089698,10.4300236333245
62,208_fs3-00007.jpg,35.7687215962805,9.74987552262508
63,208_fs3-00007.jpg,35.8185908139565,9.06972447132907
64,208_fs3-00007.jpg,35.8668078538253,8.38956841650298
65,208_fs3-00007.jpg,35.9171970061292,7.70940463008026
66,208_fs3-00007.jpg,35.9700251968115,7.02922977308768
67,208_fs3-00007.jpg,36.0249572921473,6.34904048387784
68,208_fs3-00007.jpg,36.0816581584118,5.66883340080332
69,208_fs3-00007.jpg,36.1397926618799,4.98860516221677
70,208_fs3-00007.jpg,36.1990256688266,4.3083524064707
71,208_fs3-00007.jpg,36.2590220455269,3.6280717719178
72,208_fs3-00007.jpg,36.3194466582561,2.94775989691061
73,208_fs3-00007.jpg,36.3799643732889,2.26741341980173
74,208_fs3-00007.jpg,36.4402400569006,1.58702897894378
75,208_fs3-00007.jpg,36.4999385753661,0.906603212689333
76,208_fs3-00007.jpg,36.5587247949605,0.226132759390993
77,208_fs3-00007.jpg,36.6162635819588,-0.454385742598618
78,208_fs3-00007.jpg,36.672219802636,-1.13495565492696
79,208_fs3-00007.jpg,36.7262583232672,-1.81558033924136
80,208_fs3-00007.jpg,36.7780440101274,-2.4962631571893
81,208_fs3-00007.jpg,36.8272417294917,-3.17700747041812
82,208_fs3-00007.jpg,36.8735163476351,-3.85781664057527
83,208_fs3-00007.jpg,36.9165327308326,-4.53869402930812
84,208_fs3-00007.jpg,36.9559557453592,-5.21964299826408
85,208_fs3-00007.jpg,36.9914502574901,-5.90066690909057
86,208_fs3-00007.jpg,37.0226811335002,-6.58176912343501
87,208_fs3-00007.jpg,37.0493132396646,-7.26295300294473
88,208_fs3-00007.jpg,37.0710114422583,-7.94422190926721
89,208_fs3-00007.jpg,37.0874406075563,-8.62557920404981
90,208_fs3-00007.jpg,37.0982656018338,-9.30702824893993
91,208_fs3-00007.jpg,37.1031512913656,-9.98857240558502
92,208_fs3-00007.jpg,37.1010622889565,-10.6702122325833
93,208_fs3-00007.jpg,37.090065785502,-11.3519207819045
94,208_fs3-00007.jpg,37.0703851637144,-12.0336555066554
95,208_fs3-00007.jpg,37.0423647170949,-12.7153736813947
96,208_fs3-00007.jpg,37.0063487391449,-13.3970325806809
97,208_fs3-00007.jpg,36.9626815233657,-14.0785894790726
98,208_fs3-00007.jpg,36.9117073632586,-14.7600016511284
99,208_fs3-00007.jpg,36.8537705523252,-15.4412263714069
100,208_fs3-00007.jpg,36.7892153840666,-16.1222209144666
101,208_fs3-00007.jpg,36.7183861519841,-16.8029425548662
102,208_fs3-00007.jpg,36.6416271495793,-17.4833485671643
103,208_fs3-00007.jpg,36.5592826703533,-18.1633962259193
104,208_fs3-00007.jpg,36.4716970078075,-18.8430428056901
105,208_fs3-00007.jpg,36.3792144554433,-19.522245581035
106,208_fs3-00007.jpg,36.2821793067621,-20.2009618265126
107,208_fs3-00007.jpg,36.1809358552651,-20.8791488166816
108,208_fs3-00007.jpg,36.0758283944537,-21.5567638261006
109,208_fs3-00007.jpg,35.9672012178293,-22.2337641293282
110,208_fs3-00007.jpg,35.8553986188931,-22.9101070009229
111,208_fs3-00007.jpg,35.7407648911466,-23.5857497154433
112,208_fs3-00007.jpg,35.6236443280911,-24.2606495474479
113,208_fs3-00007.jpg,35.5043812232278,-24.9347637714955
114,208_fs3-00007.jpg,35.3833198700582,-25.6080496621445
115,208_fs3-00007.jpg,35.2608045620837,-26.2804644939536
116,208_fs3-00007.jpg,35.1371795928055,-26.9519655414813
117,208_fs3-00007.jpg,35.012789255725,-27.6225100792862
118,208_fs3-00007.jpg,34.8879778443435,-28.292055381927
119,208_fs3-00007.jpg,34.7630896521624,-28.9605587239621
120,208_fs3-00007.jpg,34.638468972683,-29.6279773799503
121,208_fs3-00007.jpg,34.5144600994066,-30.29426862445
122,208_fs3-00007.jpg,34.3913863334296,-30.9593897345965
123,208_fs3-00007.jpg,34.26255455036,-31.6233141933795
124,208_fs3-00007.jpg,34.1228727040198,-32.2860701069313
125,208_fs3-00007.jpg,33.9729821488534,-32.9476970778919
126,208_fs3-00007.jpg,33.8135242393052,-33.6082347089015
127,208_fs3-00007.jpg,33.6451403298197,-34.2677226025999
128,208_fs3-00007.jpg,33.4684717748413,-34.9262003616273
129,208_fs3-00007.jpg,33.2841599288145,-35.5837075886236
130,208_fs3-00007.jpg,33.0928461461837,-36.2402838862289
131,208_fs3-00007.jpg,32.8951717813933,-36.8959688570833
132,208_fs3-00007.jpg,32.6917781888878,-37.5508021038266
133,208_fs3-00007.jpg,32.4833067231116,-38.204823229099
134,208_fs3-00007.jpg,32.2703987385091,-38.8580718355405
135,208_fs3-00007.jpg,32.0536955895249,-39.5105875257911
136,208_fs3-00007.jpg,31.8338386306033,-40.1624099024908
137,208_fs3-00007.jpg,31.6114692161888,-40.8135785682796
138,208_fs3-00007.jpg,31.3872287007257,-41.4641331257977
139,208_fs3-00007.jpg,31.1617584386586,-42.114113177685
140,208_fs3-00007.jpg,30.935699784432,-42.7635583265814
141,208_fs3-00007.jpg,30.7096940924901,-43.4125081751272
142,208_fs3-00007.jpg,30.4843827172775,-44.0610023259622
143,208_fs3-00007.jpg,30.2604070132386,-44.7090803817265
144,208_fs3-00007.jpg,30.0384083348179,-45.3567819450601
145,208_fs3-00007.jpg,29.8190280364598,-46.0041466186032
146,208_fs3-00007.jpg,29.6029074726086,-46.6512140049955
147,208_fs3-00007.jpg,29.3906879977089,-47.2980237068773
148,208_fs3-00007.jpg,29.1830109662052,-47.9446153268885
149,208_fs3-00007.jpg,28.9805177325418,-48.5910284676692
150,208_fs3-00007.jpg,28.7838496511632,-49.2373027318593
151,208_fs3-00007.jpg,28.5936480765137,-49.883477722099
152,208_fs3-00007.jpg,28.4100514345513,-50.5295934306329
153,208_fs3-00007.jpg,28.2184177308579,-51.1757675676818
154,208_fs3-00007.jpg,28.0140534611805,-51.8222889059901
155,208_fs3-00007.jpg,27.8001074755997,-52.4694690063374
156,208_fs3-00007.jpg,27.5797286241959,-53.1176194295038
157,208_fs3-00007.jpg,27.3560657570497,-53.7670517362691
158,208_fs3-00007.jpg,27.1322677242418,-54.4180774874131
159,208_fs3-00007.jpg,26.9114833758525,-55.0710082437156
160,208_fs3-00007.jpg,26.6968615619624,-55.7261555659565
161,208_fs3-00007.jpg,26.4915511326521,-56.3838310149156
162,208_fs3-00007.jpg,26.2987009380022,-57.0443461513728
163,208_fs3-00007.jpg,26.1214598280931,-57.708012536108
164,208_fs3-00007.jpg,25.9629766530055,-58.3751417299009
165,208_fs3-00007.jpg,25.8264002628197,-59.0460452935315
166,208_fs3-00007.jpg,25.7148795076166,-59.7210347877795
167,208_fs3-00007.jpg,25.6315632374764,-60.4004217734249
168,208_fs3-00007.jpg,25.5796003024798,-61.0845178112474
169,208_fs3-00007.jpg,25.5621366673097,-61.7736344578718
170,208_fs3-00007.jpg,25.5754425340283,-62.4676845408115
171,208_fs3-00007.jpg,25.6130850477845,-63.1650892562096
172,208_fs3-00007.jpg,25.6733949563732,-63.8639210617785
173,208_fs3-00007.jpg,25.7547030075889,-64.5622524152308
174,208_fs3-00007.jpg,25.8553399492265,-65.2581557742788
175,208_fs3-00007.jpg,25.9736365290806,-65.949703596635
176,208_fs3-00007.jpg,26.1079234949461,-66.6349683400119
177,208_fs3-00007.jpg,26.2565315946177,-67.3120224621219
178,208_fs3-00007.jpg,26.4177915758901,-67.9789384206773
179,208_fs3-00007.jpg,26.5900341865581,-68.6337886733907
180,208_fs3-00007.jpg,26.7715901744162,-69.2746456779746
181,208_fs3-00007.jpg,26.9607902872595,-69.8995818921413
182,208_fs3-00007.jpg,27.1559652728826,-70.5066697736033
183,208_fs3-00007.jpg,27.3757933176572,-71.0939817800731
184,208_fs3-00007.jpg,27.65317705822,-71.659590369263
185,208_fs3-00007.jpg,27.9862796285155,-72.2015679988856
186,208_fs3-00007.jpg,28.3726539610444,-72.7179871266532
187,208_fs3-00007.jpg,28.8098529883071,-73.2069202102784
188,208_fs3-00007.jpg,29.295429642804,-73.6664397074735
189,208_fs3-00007.jpg,29.8269368570357,-74.0946180759511
190,208_fs3-00007.jpg,30.4019275635028,-74.4895277734235
191,208_fs3-00007.jpg,31.0179546947056,-74.8492412576032
192,208_fs3-00007.jpg,31.6725711831448,-75.1718309862026
193,208_fs3-00007.jpg,32.3633299613207,-75.4553694169342
194,208_fs3-00007.jpg,33.087783961734,-75.6979290075105
195,208_fs3-00007.jpg,33.8434861168852,-75.8975822156437
196,208_fs3-00007.jpg,34.6279893592746,-76.0524014990466
197,208_fs3-00007.jpg,35.4388466214029,-76.1604593154313
198,208_fs3-00007.jpg,36.2736108357705,-76.2198281225105
199,208_fs3-00007.jpg,37.1298349348779,-76.2285803779965
200,208_fs3-00007.jpg,38.0050718512257,-76.1847885396018
1,208_fs3-00008.jpg,47.1794871794871,57.5993760137935
2,208_fs3-00008.jpg,46.7216633912519,57.1046233029597
3,208_fs3-00008.jpg,46.2683957059985,56.6033775057235
4,208_fs3-00008.jpg,45.8201257875301,56.0957643334746
5,208_fs3-00008.jpg,45.3772952996498,55.5819094976028
6,208_fs3-00008.jpg,44.9403459061608,55.0619387094977
7,208_fs3-00008.jpg,44.509719270866,54.535977680549
8,208_fs3-00008.jpg,44.0858570575687,54.0041521221466
9,208_fs3-00008.jpg,43.6692009300721,53.46658774568
10,208_fs3-00008.jpg,43.2601925521791,52.9234102625391
11,208_fs3-00008.jpg,42.859273587693,52.3747453841134
12,208_fs3-00008.jpg,42.4668857004169,51.8207188217929
13,208_fs3-00008.jpg,42.083470554154,51.2614562869671
14,208_fs3-00008.jpg,41.7094698127072,50.6970834910258
15,208_fs3-00008.jpg,41.3453251398798,50.1277261453587
16,208_fs3-00008.jpg,40.991478199475,49.5535099613556
17,208_fs3-00008.jpg,40.6483706552957,48.9745606504061
18,208_fs3-00008.jpg,40.3164441711452,48.3910039238999
19,208_fs3-00008.jpg,39.9961404108266,47.8029654932268
20,208_fs3-00008.jpg,39.687901038143,47.2105710697766
21,208_fs3-00008.jpg,39.3921677168975,46.6139463649388
22,208_fs3-00008.jpg,39.1093821108934,46.0132170901033
23,208_fs3-00008.jpg,38.8399858839335,45.4085089566597
24,208_fs3-00008.jpg,38.5844206998213,44.7999476759978
25,208_fs3-00008.jpg,38.3431282223597,44.1876589595073
26,208_fs3-00008.jpg,38.1165501153519,43.5717685185779
27,208_fs3-00008.jpg,37.9051280426009,42.9524020645993
28,208_fs3-00008.jpg,37.7073505320473,42.3296853089612
29,208_fs3-00008.jpg,37.5112211036935,41.7037439630535
30,208_fs3-00008.jpg,37.3150746374038,41.0747037382656
31,208_fs3-00008.jpg,37.1194625853861,40.4426903459875
32,208_fs3-00008.jpg,36.9249363998484,39.8078294976088
33,208_fs3-00008.jpg,36.7320475329986,39.1702469045192
34,208_fs3-00008.jpg,36.5413474370445,38.5300682781085
35,208_fs3-00008.jpg,36.3533875641942,37.8874193297663
36,208_fs3-00008.jpg,36.1687193666555,37.2424257708824
37,208_fs3-00008.jpg,35.9878942966363,36.5952133128466
38,208_fs3-00008.jpg,35.8114638063446,35.9459076670484
39,208_fs3-00008.jpg,35.6399793479883,35.2946345448777
40,208_fs3-00008.jpg,35.4739923737753,34.6415196577241
41,208_fs3-00008.jpg,35.3140543359136,33.9866887169774
42,208_fs3-00008.jpg,35.160716686611,33.3302674340273
43,208_fs3-00008.jpg,35.0145308780754,32.6723815202635
44,208_fs3-00008.jpg,34.876048362515,32.0131566870758
45,208_fs3-00008.jpg,34.7458205921373,31.3527186458537
46,208_fs3-00008.jpg,34.6243990191505,30.6911931079872
47,208_fs3-00008.jpg,34.5123350957625,30.0287057848658
48,208_fs3-00008.jpg,34.4101802741811,29.3653823878793
49,208_fs3-00008.jpg,34.3184860066144,28.7013486284175
50,208_fs3-00008.jpg,34.2378037452702,28.0367302178699
51,208_fs3-00008.jpg,34.1686849423564,27.3716528676264
52,208_fs3-00008.jpg,34.1116810500809,26.7062422890767
53,208_fs3-00008.jpg,34.0673435206518,26.0406241936105
54,208_fs3-00008.jpg,34.0362238062768,25.3749242926175
55,208_fs3-00008.jpg,34.0188733591639,24.7092682974874
56,208_fs3-00008.jpg,34.0155839677489,24.0437813503694
57,208_fs3-00008.jpg,34.0223132082119,23.3785414344792
58,208_fs3-00008.jpg,34.0371564467338,22.713544778118
59,208_fs3-00008.jpg,34.0596559587317,22.0487794575234
60,208_fs3-00008.jpg,34.089354019623,21.3842335489326
61,208_fs3-00008.jpg,34.1257929048253,20.7198951285832
62,208_fs3-00008.jpg,34.1685148897557,20.0557522727127
63,208_fs3-00008.jpg,34.2170622498317,19.3917930575584
64,208_fs3-00008.jpg,34.2709772604707,18.7280055593579
65,208_fs3-00008.jpg,34.3298021970899,18.0643778543485
66,208_fs3-00008.jpg,34.3930793351067,17.4008980187678
67,208_fs3-00008.jpg,34.4603509499387,16.7375541288532
68,208_fs3-00008.jpg,34.531159317003,16.0743342608421
69,208_fs3-00008.jpg,34.6050467117171,15.411226490972
70,208_fs3-00008.jpg,34.6815554094984,14.7482188954803
71,208_fs3-00008.jpg,34.7602276857642,14.0852995506045
72,208_fs3-00008.jpg,34.8406058159318,13.422456532582
73,208_fs3-00008.jpg,34.9222320754186,12.7596779176503
74,208_fs3-00008.jpg,35.0046487396421,12.0969517820468
75,208_fs3-00008.jpg,35.0873980840195,11.434266202009
76,208_fs3-00008.jpg,35.1700223839683,10.7716092537743
77,208_fs3-00008.jpg,35.2520639149058,10.1089690135802
78,208_fs3-00008.jpg,35.3330649522494,9.44633355766416
79,208_fs3-00008.jpg,35.4125677714164,8.78369096226359
80,208_fs3-00008.jpg,35.4901146478242,8.12102930361593
81,208_fs3-00008.jpg,35.5652478568902,7.45833665795863
82,208_fs3-00008.jpg,35.6375096740317,6.79560110152914
83,208_fs3-00008.jpg,35.7064423746662,6.13281071056494
84,208_fs3-00008.jpg,35.7715882342109,5.46995356130347
85,208_fs3-00008.jpg,35.8324895280833,4.80701772998216
86,208_fs3-00008.jpg,35.8886885317007,4.14399129283851
87,208_fs3-00008.jpg,35.9397275204804,3.4808623261099
88,208_fs3-00008.jpg,35.98514876984,2.8176189060338
89,208_fs3-00008.jpg,36.026065664554,2.15424965355746
90,208_fs3-00008.jpg,36.067234571662,1.49074947167327
91,208_fs3-00008.jpg,36.1088929792074,0.827117292593215
92,208_fs3-00008.jpg,36.1508990714478,0.163352114625638
93,208_fs3-00008.jpg,36.193111032641,-0.500547063921204
94,208_fs3-00008.jpg,36.2353870470445,-1.16458124473905
95,208_fs3-00008.jpg,36.277585298916,-1.82875142951963
96,208_fs3-00008.jpg,36.3195639725132,-2.49305861995461
97,208_fs3-00008.jpg,36.3611812520937,-3.15750381773574
98,208_fs3-00008.jpg,36.4022953219152,-3.82208802455477
99,208_fs3-00008.jpg,36.4427643662353,-4.48681224210338
100,208_fs3-00008.jpg,36.4824465693118,-5.15167747207326
101,208_fs3-00008.jpg,36.5212001154021,-5.8166847161562
102,208_fs3-00008.jpg,36.5588831887641,-6.48183497604387
103,208_fs3-00008.jpg,36.5953539736553,-7.14712925342801
104,208_fs3-00008.jpg,36.6304706543334,-7.81256855000032
105,208_fs3-00008.jpg,36.664091415056,-8.47815386745253
106,208_fs3-00008.jpg,36.6960744400809,-9.14388620747636
107,208_fs3-00008.jpg,36.7262779136656,-9.80976657176353
108,208_fs3-00008.jpg,36.7545600200679,-10.4757959620057
109,208_fs3-00008.jpg,36.7807789435453,-11.1419753798947
110,208_fs3-00008.jpg,36.8047928683555,-11.8083058271222
111,208_fs3-00008.jpg,36.8264599787562,-12.4747883053799
112,208_fs3-00008.jpg,36.8456384590051,-13.1414238163596
113,208_fs3-00008.jpg,36.8621864933597,-13.8082133617529
114,208_fs3-00008.jpg,36.8759622660777,-14.4751579432515
115,208_fs3-00008.jpg,36.886823961417,-15.1422585625473
116,208_fs3-00008.jpg,36.8946297636348,-15.8095162213318
117,208_fs3-00008.jpg,36.8992378569891,-16.4769319212969
118,208_fs3-00008.jpg,36.9005087768882,-17.1445066455075
119,208_fs3-00008.jpg,36.8985250422688,-17.812229005763
120,208_fs3-00008.jpg,36.8934642307292,-18.480053843993
121,208_fs3-00008.jpg,36.8854277841312,-19.1479302929739
122,208_fs3-00008.jpg,36.8745171443368,-19.8158074854821
123,208_fs3-00008.jpg,36.8608337532083,-20.4836345542942
124,208_fs3-00008.jpg,36.8444790526074,-21.1513606321865
125,208_fs3-00008.jpg,36.8255544843964,-21.8189348519356
126,208_fs3-00008.jpg,36.8041614904371,-22.4863063463178
127,208_fs3-00008.jpg,36.7804015125917,-23.1534242481097
128,208_fs3-00008.jpg,36.7543759927221,-23.8202376900877
129,208_fs3-00008.jpg,36.7261863726904,-24.4866958050283
130,208_fs3-00008.jpg,36.6959340943586,-25.1527477257079
131,208_fs3-00008.jpg,36.6637205995887,-25.818342584903
132,208_fs3-00008.jpg,36.6296473302428,-26.48342951539
133,208_fs3-00008.jpg,36.5938157281828,-27.1479576499454
134,208_fs3-00008.jpg,36.5563272352709,-27.8118761213456
135,208_fs3-00008.jpg,36.517283293369,-28.4751340623672
136,208_fs3-00008.jpg,36.4767853443391,-29.1376806057865
137,208_fs3-00008.jpg,36.4349348300434,-29.7994648843801
138,208_fs3-00008.jpg,36.3918331923437,-30.4604360309243
139,208_fs3-00008.jpg,36.3469238049512,-31.120543060695
140,208_fs3-00008.jpg,36.2877653596673,-31.779722988409
141,208_fs3-00008.jpg,36.2103354681427,-32.4378906282831
142,208_fs3-00008.jpg,36.1156109727131,-33.0949583917507
143,208_fs3-00008.jpg,36.0045687157143,-33.7508386902457
144,208_fs3-00008.jpg,35.8781855394819,-34.4054439352015
145,208_fs3-00008.jpg,35.7374382863516,-35.0586865380518
146,208_fs3-00008.jpg,35.5833037986592,-35.7104789102304
147,208_fs3-00008.jpg,35.4167589187404,-36.3607334631708
148,208_fs3-00008.jpg,35.2387804889309,-37.0093626083066
149,208_fs3-00008.jpg,35.0503453515664,-37.6562787570716
150,208_fs3-00008.jpg,34.8524303489827,-38.3013943208993
151,208_fs3-00008.jpg,34.6460123235153,-38.9446217112234
152,208_fs3-00008.jpg,34.4320681175001,-39.5858733394776
153,208_fs3-00008.jpg,34.2115745732729,-40.2250616170955
154,208_fs3-00008.jpg,33.9855085331691,-40.8620989555107
155,208_fs3-00008.jpg,33.7548468395246,-41.4968977661568
156,208_fs3-00008.jpg,33.5205663346752,-42.1293704604676
157,208_fs3-00008.jpg,33.2836438609564,-42.7594294498767
158,208_fs3-00008.jpg,33.0450562607041,-43.3869871458176
159,208_fs3-00008.jpg,32.8057803762539,-44.0119559597241
160,208_fs3-00008.jpg,32.5667930499416,-44.6342483030299
161,208_fs3-00008.jpg,32.3290711241028,-45.2537765871684
162,208_fs3-00008.jpg,32.0935914410734,-45.8704532235734
163,208_fs3-00008.jpg,31.8613308431889,-46.4841906236785
164,208_fs3-00008.jpg,31.6327093188831,-47.0949015117286
165,208_fs3-00008.jpg,31.3837062728886,-47.7026050279414
166,208_fs3-00008.jpg,31.1039875481541,-48.3075813397403
167,208_fs3-00008.jpg,30.7975332773444,-48.9101499063311
168,208_fs3-00008.jpg,30.468323593124,-49.5106301869197
169,208_fs3-00008.jpg,30.1203386281573,-50.1093416407116
170,208_fs3-00008.jpg,29.7575585151091,-50.7066037269128
171,208_fs3-00008.jpg,29.3839633866439,-51.3027359047288
172,208_fs3-00008.jpg,29.0035333754262,-51.8980576333656
173,208_fs3-00008.jpg,28.6202486141206,-52.4928883720287
174,208_fs3-00008.jpg,28.2380892353917,-53.0875475799239
175,208_fs3-00008.jpg,27.8610353719039,-53.6823547162571
176,208_fs3-00008.jpg,27.4930671563221,-54.2776292402338
177,208_fs3-00008.jpg,27.1381647213105,-54.87369061106
178,208_fs3-00008.jpg,26.800308199534,-55.4708582879412
179,208_fs3-00008.jpg,26.4834777236568,-56.0694517300832
180,208_fs3-00008.jpg,26.1916534263438,-56.6697903966919
181,208_fs3-00008.jpg,25.9288154402594,-57.2721937469728
182,208_fs3-00008.jpg,25.6989438980682,-57.8769812401318
183,208_fs3-00008.jpg,25.5060189324348,-58.4844723353746
184,208_fs3-00008.jpg,25.3540206760237,-59.094986491907
185,208_fs3-00008.jpg,25.2469292614994,-59.7088431689347
186,208_fs3-00008.jpg,25.1887248215266,-60.3263618256633
187,208_fs3-00008.jpg,25.1795116351076,-60.9478619212988
188,208_fs3-00008.jpg,25.1866314368471,-61.5736629150468
189,208_fs3-00008.jpg,25.2030615102374,-62.204084266113
190,208_fs3-00008.jpg,25.2303507392305,-62.8394454337032
191,208_fs3-00008.jpg,25.2700480077775,-63.4800658770231
192,208_fs3-00008.jpg,25.3237021998301,-64.1262650552785
193,208_fs3-00008.jpg,25.3928621993399,-64.7783624276751
194,208_fs3-00008.jpg,25.4790768902583,-65.4366774534186
195,208_fs3-00008.jpg,25.5838951565369,-66.1015295917149
196,208_fs3-00008.jpg,25.7088658821271,-66.7732383017696
197,208_fs3-00008.jpg,25.8555379509806,-67.4521230427884
198,208_fs3-00008.jpg,26.0254602470488,-68.1385032739772
199,208_fs3-00008.jpg,26.2201816542833,-68.8326984545417
200,208_fs3-00008.jpg,26.4412510566356,-69.5350280436875
1,208_fs3-00009.jpg,67.8951817413357,59.7182827480848
2,208_fs3-00009.jpg,67.1528790290229,59.6637643517945
3,208_fs3-00009.jpg,66.4168156409023,59.5968513897551
4,208_fs3-00009.jpg,65.687038246749,59.5176409248605
5,208_fs3-00009.jpg,64.9635935163386,59.4262300200046
6,208_fs3-00009.jpg,64.2465281194463,59.3227157380812
7,208_fs3-00009.jpg,63.5358887258477,59.2071951419843
8,208_fs3-00009.jpg,62.8317220053179,59.0797652946076
9,208_fs3-00009.jpg,62.1340746276326,58.9405232588451
10,208_fs3-00009.jpg,61.442993262567,58.7895660975907
11,208_fs3-00009.jpg,60.7585245798966,58.6269908737381
12,208_fs3-00009.jpg,60.0807152493966,58.4528946501814
13,208_fs3-00009.jpg,59.4096119408425,58.2673744898143
14,208_fs3-00009.jpg,58.7452613240096,58.0705274555308
15,208_fs3-00009.jpg,58.0877100686735,57.8624506102246
16,208_fs3-00009.jpg,57.4370048446093,57.6432410167898
17,208_fs3-00009.jpg,56.7931923215926,57.4129957381202
18,208_fs3-00009.jpg,56.1563191693987,57.1718118371096
19,208_fs3-00009.jpg,55.5264320578029,56.9197863766519
20,208_fs3-00009.jpg,54.9035776565808,56.657016419641
21,208_fs3-00009.jpg,54.2878026355075,56.3835990289708
22,208_fs3-00009.jpg,53.6791536643586,56.0996312675351
23,208_fs3-00009.jpg,53.0776774129094,55.8052101982279
24,208_fs3-00009.jpg,52.4834205509353,55.5004328839429
25,208_fs3-00009.jpg,51.8964297482117,55.1853963875741
26,208_fs3-00009.jpg,51.3167516745139,54.8601977720154
27,208_fs3-00009.jpg,50.7444329996174,54.5249341001606
28,208_fs3-00009.jpg,50.1795203932975,54.1797024349036
29,208_fs3-00009.jpg,49.6220605253297,53.8245998391383
30,208_fs3-00009.jpg,49.0721000654892,53.4597233757585
31,208_fs3-00009.jpg,48.5296856835515,53.0851701076582
32,208_fs3-00009.jpg,47.994864049292,52.7010370977311
33,208_fs3-00009.jpg,47.467681832486,52.3074214088712
34,208_fs3-00009.jpg,46.9481857029089,51.9044201039724
35,208_fs3-00009.jpg,46.4323663892803,51.4921302459285
36,208_fs3-00009.jpg,45.9095516299695,51.0706488976334
37,208_fs3-00009.jpg,45.3807969344703,50.640073121981
38,208_fs3-00009.jpg,44.8478950560706,50.2004999818651
39,208_fs3-00009.jpg,44.3126387480586,49.7520265401797
40,208_fs3-00009.jpg,43.7768207637226,49.2947498598186
41,208_fs3-00009.jpg,43.2422338563506,48.8287670036756
42,208_fs3-00009.jpg,42.7106707792309,48.3541750346447
43,208_fs3-00009.jpg,42.1839242856516,47.8710710156197
44,208_fs3-00009.jpg,41.6637871289009,47.3795520094946
45,208_fs3-00009.jpg,41.1520520622669,46.8797150791631
46,208_fs3-00009.jpg,40.6505118390378,46.3716572875192
47,208_fs3-00009.jpg,40.1609592125018,45.8554756974567
48,208_fs3-00009.jpg,39.6851869359471,45.3312673718695
49,208_fs3-00009.jpg,39.2249877626617,44.7991293736515
50,208_fs3-00009.jpg,38.7821544459339,44.2591587656966
51,208_fs3-00009.jpg,38.3584797390519,43.7114526108985
52,208_fs3-00009.jpg,37.9557563953038,43.1561079721513
53,208_fs3-00009.jpg,37.5757771679777,42.5932219123488
54,208_fs3-00009.jpg,37.2203348103618,42.0228914943849
55,208_fs3-00009.jpg,36.8912220757443,41.4452137811533
56,208_fs3-00009.jpg,36.5902317174134,40.8602858355481
57,208_fs3-00009.jpg,36.3191564886573,40.2682047204631
58,208_fs3-00009.jpg,36.079789142764,39.6690674987921
59,208_fs3-00009.jpg,35.8739224330217,39.0629712334291
60,208_fs3-00009.jpg,35.697767989465,38.4500191161171
61,208_fs3-00009.jpg,35.5268416970335,37.8304182605673
62,208_fs3-00009.jpg,35.3583265767307,37.2044625277432
63,208_fs3-00009.jpg,35.1925588832029,36.5724484373395
64,208_fs3-00009.jpg,35.0298748710968,35.934672509051
65,208_fs3-00009.jpg,34.8706107950588,35.291431262572
66,208_fs3-00009.jpg,34.7151029097352,34.6430212175975
67,208_fs3-00009.jpg,34.5636874697727,33.989738893822
68,208_fs3-00009.jpg,34.4167007298176,33.3318808109402
69,208_fs3-00009.jpg,34.2744789445165,32.6697434886466
70,208_fs3-00009.jpg,34.1373583685159,32.0036234466361
71,208_fs3-00009.jpg,34.0056752564621,31.3338172046031
72,208_fs3-00009.jpg,33.8797658630017,30.6606212822424
73,208_fs3-00009.jpg,33.7599664427811,29.9843321992486
74,208_fs3-00009.jpg,33.6466132504469,29.3052464753163
75,208_fs3-00009.jpg,33.5400425406454,28.6236606301403
76,208_fs3-00009.jpg,33.4405905680232,27.9398711834151
77,208_fs3-00009.jpg,33.3485935872267,27.2541746548355
78,208_fs3-00009.jpg,33.2643878529025,26.566867564096
79,208_fs3-00009.jpg,33.1883096196969,25.8782464308913
80,208_fs3-00009.jpg,33.1206951422565,25.1886077749161
81,208_fs3-00009.jpg,33.0618806752276,24.498248115865
82,208_fs3-00009.jpg,33.0122024732569,23.8074639734326
83,208_fs3-00009.jpg,32.9719967909907,23.1165518673137
84,208_fs3-00009.jpg,32.9415998830756,22.4258083172028
85,208_fs3-00009.jpg,32.921348004158,21.7355298427947
86,208_fs3-00009.jpg,32.9115774088843,21.0460129637839
87,208_fs3-00009.jpg,32.9116716347608,20.357542838976
88,208_fs3-00009.jpg,32.9177321738108,19.6702306406298
89,208_fs3-00009.jpg,32.9291122075269,18.9840515332507
90,208_fs3-00009.jpg,32.9455942062235,18.2989770609128
91,208_fs3-00009.jpg,32.9669606402152,17.6149787676901
92,208_fs3-00009.jpg,32.9929939798163,16.9320281976566
93,208_fs3-00009.jpg,33.0234766953415,16.2500968948864
94,208_fs3-00009.jpg,33.0581912571049,15.5691564034534
95,208_fs3-00009.jpg,33.0969201354213,14.8891782674317
96,208_fs3-00009.jpg,33.1394458006049,14.2101340308952
97,208_fs3-00009.jpg,33.1855507229703,13.5319952379181
98,208_fs3-00009.jpg,33.2350173728319,12.8547334325743
99,208_fs3-00009.jpg,33.2876282205042,12.1783201589378
100,208_fs3-00009.jpg,33.3431657363016,11.5027269610827
101,208_fs3-00009.jpg,33.4014123905386,10.827925383083
102,208_fs3-00009.jpg,33.4621506535296,10.1538869690127
103,208_fs3-00009.jpg,33.5251629955892,9.48058326294574
104,208_fs3-00009.jpg,33.5902318870317,8.80798580895623
105,208_fs3-00009.jpg,33.6571397981716,8.13606615111817
106,208_fs3-00009.jpg,33.7256691993234,7.4647958335056
107,208_fs3-00009.jpg,33.7956025608015,6.79414640019249
108,208_fs3-00009.jpg,33.8667223529203,6.12408939525289
109,208_fs3-00009.jpg,33.9388110459944,5.45459636276078
110,208_fs3-00009.jpg,34.0116511103382,4.78563884679022
111,208_fs3-00009.jpg,34.0850250162662,4.11718839141523
112,208_fs3-00009.jpg,34.1587152340927,3.44921654070978
113,208_fs3-00009.jpg,34.2325042341323,2.78169483874794
114,208_fs3-00009.jpg,34.3061744866994,2.1145948296037
115,208_fs3-00009.jpg,34.3795084621085,1.44788805735107
116,208_fs3-00009.jpg,34.452288630674,0.781546066064095
117,208_fs3-00009.jpg,34.5242974627105,0.11554039981678
118,208_fs3-00009.jpg,34.5999676751714,-0.550158309460841
119,208_fs3-00009.jpg,34.6863032937602,-1.21558485816874
120,208_fs3-00009.jpg,34.7826070056956,-1.88077604269151
121,208_fs3-00009.jpg,34.8880738929483,-2.54576866254936
122,208_fs3-00009.jpg,35.001899037489,-3.21059951726255
123,208_fs3-00009.jpg,35.1232775212882,-3.87530540635129
124,208_fs3-00009.jpg,35.2514044263166,-4.53992312933582
125,208_fs3-00009.jpg,35.385474834545,-5.20448948573636
126,208_fs3-00009.jpg,35.5246838279439,-5.86904127507313
127,208_fs3-00009.jpg,35.6682264884841,-6.53361529686637
128,208_fs3-00009.jpg,35.8152978981361,-7.19824835063628
129,208_fs3-00009.jpg,35.9650931388707,-7.86297723590314
130,208_fs3-00009.jpg,36.1168072926585,-8.52783875218714
131,208_fs3-00009.jpg,36.2696354414701,-9.1928696990085
132,208_fs3-00009.jpg,36.4227726672763,-9.85810687588747
133,208_fs3-00009.jpg,36.5754140520476,-10.5235870823443
134,208_fs3-00009.jpg,36.7267546777548,-11.1893471178991
135,208_fs3-00009.jpg,36.8759896263684,-11.8554237820723
136,208_fs3-00009.jpg,37.0223139798593,-12.521853874384
137,208_fs3-00009.jpg,37.1649228201979,-13.1886741943543
138,208_fs3-00009.jpg,37.3030112293551,-13.8559215415038
139,208_fs3-00009.jpg,37.4357742893013,-14.5236327153523
140,208_fs3-00009.jpg,37.5624070820074,-15.1918445154203
141,208_fs3-00009.jpg,37.6821046894439,-15.860593741228
142,208_fs3-00009.jpg,37.7940621935816,-16.5299171922955
143,208_fs3-00009.jpg,37.897474676391,-17.1998516681432
144,208_fs3-00009.jpg,37.9915372198428,-17.8704339682911
145,208_fs3-00009.jpg,38.0754449059078,-18.5417008922597
146,208_fs3-00009.jpg,38.1483928165565,-19.213689239569
147,208_fs3-00009.jpg,38.2095760337596,-19.8864358097394
148,208_fs3-00009.jpg,38.2581896394877,-20.559977402291
149,208_fs3-00009.jpg,38.2934287157116,-21.2343508167441
150,208_fs3-00009.jpg,38.3144883444019,-21.9095928526189
151,208_fs3-00009.jpg,38.3206110938601,-22.5857402748544
152,208_fs3-00009.jpg,38.3161406240469,-23.2627917160643
153,208_fs3-00009.jpg,38.3044710455796,-23.9406348060479
154,208_fs3-00009.jpg,38.2858275099429,-24.6191370876748
155,208_fs3-00009.jpg,38.2604351686211,-25.2981661038149
156,208_fs3-00009.jpg,38.2285191730986,-25.9775893973377
157,208_fs3-00009.jpg,38.19030467486,-26.657274511113
158,208_fs3-00009.jpg,38.1460168253896,-27.3370889880105
159,208_fs3-00009.jpg,38.0958807761718,-28.0169003709
160,208_fs3-00009.jpg,38.0401216786911,-28.6965762026512
161,208_fs3-00009.jpg,37.978964684432,-29.3759840261337
162,208_fs3-00009.jpg,37.9126349448787,-30.0549913842173
163,208_fs3-00009.jpg,37.8413576115159,-30.7334658197717
164,208_fs3-00009.jpg,37.765357835828,-31.4112748756666
165,208_fs3-00009.jpg,37.6848607692992,-32.0882860947718
166,208_fs3-00009.jpg,37.6000915634141,-32.7643670199569
167,208_fs3-00009.jpg,37.5112753696572,-33.4393851940917
168,208_fs3-00009.jpg,37.4186373395128,-34.1132081600458
169,208_fs3-00009.jpg,37.3224026244654,-34.7857034606891
170,208_fs3-00009.jpg,37.2227963759995,-35.4567386388911
171,208_fs3-00009.jpg,37.1200437455994,-36.1261812375216
172,208_fs3-00009.jpg,37.0143698847496,-36.7938987994505
173,208_fs3-00009.jpg,36.9059999449345,-37.4597588675472
174,208_fs3-00009.jpg,36.7951590776385,-38.1236289846817
175,208_fs3-00009.jpg,36.6820724343461,-38.7853766937235
176,208_fs3-00009.jpg,36.5669651665418,-39.4448695375424
177,208_fs3-00009.jpg,36.4500624257099,-40.1019750590081
178,208_fs3-00009.jpg,36.3315684689737,-40.7565608009904
179,208_fs3-00009.jpg,36.2008024829118,-41.4084943063589
180,208_fs3-00009.jpg,36.0493011633422,-42.0576431179834
181,208_fs3-00009.jpg,35.877947954759,-42.7038747787335
182,208_fs3-00009.jpg,35.687626301656,-43.3470568314791
183,208_fs3-00009.jpg,35.4792196485275,-43.9870568190897
184,208_fs3-00009.jpg,35.2536114398674,-44.6237422844352
185,208_fs3-00009.jpg,35.0116851201697,-45.2569807703852
186,208_fs3-00009.jpg,34.7543241339284,-45.8866398198095
187,208_fs3-00009.jpg,34.4824119256376,-46.5125869755776
188,208_fs3-00009.jpg,34.1968319397913,-47.1346897805596
189,208_fs3-00009.jpg,33.8984676208835,-47.7528157776249
190,208_fs3-00009.jpg,33.5882024134082,-48.3668325096433
191,208_fs3-00009.jpg,33.2669197618595,-48.9766075194845
192,208_fs3-00009.jpg,32.9355031107312,-49.5820083500184
193,208_fs3-00009.jpg,32.5948359045177,-50.1829025441144
194,208_fs3-00009.jpg,32.2458015877127,-50.7791576446424
195,208_fs3-00009.jpg,31.8892836048103,-51.3706411944721
196,208_fs3-00009.jpg,31.5261654003046,-51.9572207364733
197,208_fs3-00009.jpg,31.1573304186895,-52.5387638135155
198,208_fs3-00009.jpg,30.7836621044592,-53.1151379684686
199,208_fs3-00009.jpg,30.4060439021075,-53.6862107442022
200,208_fs3-00009.jpg,30.0253592561286,-54.2518496835861
1,208_fs3-00010.jpg,80.1577909270218,49.2139153206405
2,208_fs3-00010.jpg,79.5460093694169,49.4306055121112
3,208_fs3-00010.jpg,78.9341074630653,49.6452048653942
4,208_fs3-00010.jpg,78.3220855971584,49.8574716249589
5,208_fs3-00010.jpg,77.7099441608877,50.0671640352752
6,208_fs3-00010.jpg,77.0976835434448,50.2740403408126
7,208_fs3-00010.jpg,76.4853041340211,50.4778587860407
8,208_fs3-00010.jpg,75.8728063218082,50.6783776154292
9,208_fs3-00010.jpg,75.2601904959977,50.8753550734478
10,208_fs3-00010.jpg,74.647457045781,51.0685494045659
11,208_fs3-00010.jpg,74.0346063603497,51.2577188532534
12,208_fs3-00010.jpg,73.4216388288953,51.4426216639797
13,208_fs3-00010.jpg,72.8085548406092,51.6230160812146
14,208_fs3-00010.jpg,72.1953547846832,51.7986603494277
15,208_fs3-00010.jpg,71.5820390503085,51.9693127130886
16,208_fs3-00010.jpg,70.9686080266769,52.1347314166669
17,208_fs3-00010.jpg,70.3550621029798,52.2946747046323
18,208_fs3-00010.jpg,69.7414016684086,52.4489008214543
19,208_fs3-00010.jpg,69.1276271121551,52.5971680116028
20,208_fs3-00010.jpg,68.5137388234106,52.7392345195472
21,208_fs3-00010.jpg,67.8997371913667,52.8748585897571
22,208_fs3-00010.jpg,67.2856226052149,53.0037984667024
23,208_fs3-00010.jpg,66.6713954541467,53.1258123948524
24,208_fs3-00010.jpg,66.0570561273537,53.240658618677
25,208_fs3-00010.jpg,65.4426050140274,53.3480953826457
26,208_fs3-00010.jpg,64.8280425033593,53.4478809312282
27,208_fs3-00010.jpg,64.2133689845409,53.5397735088941
28,208_fs3-00010.jpg,63.5985848467637,53.623531360113
29,208_fs3-00010.jpg,62.9836904792193,53.6989127293545
30,208_fs3-00010.jpg,62.3686862710992,53.7656758610883
31,208_fs3-00010.jpg,61.753572611595,53.8235789997841
32,208_fs3-00010.jpg,61.138349889898,53.8723803899114
33,208_fs3-00010.jpg,60.5226980495268,53.9118382759399
34,208_fs3-00010.jpg,59.9002353797466,53.9417109023393
35,208_fs3-00010.jpg,59.2692378928702,53.961756513579
36,208_fs3-00010.jpg,58.6307207484309,53.9717333541289
37,208_fs3-00010.jpg,57.9856991059617,53.9713996684585
38,208_fs3-00010.jpg,57.3351881249958,53.9605137010374
39,208_fs3-00010.jpg,56.6802029650664,53.9388336963353
40,208_fs3-00010.jpg,56.0217587857065,53.9061178988218
41,208_fs3-00010.jpg,55.3608707464493,53.8621245529666
42,208_fs3-00010.jpg,54.6985540068279,53.8066119032393
43,208_fs3-00010.jpg,54.0358237263756,53.7393381941094
44,208_fs3-00010.jpg,53.3736950646253,53.6600616700467
45,208_fs3-00010.jpg,52.7131831811102,53.5685405755208
46,208_fs3-00010.jpg,52.0553032353635,53.4645331550013
47,208_fs3-00010.jpg,51.4010703869184,53.3477976529578
48,208_fs3-00010.jpg,50.7514997953078,53.21809231386
49,208_fs3-00010.jpg,50.1076066200651,53.0751753821775
50,208_fs3-00010.jpg,49.4704060207233,52.91880510238
51,208_fs3-00010.jpg,48.8409131568155,52.748739718937
52,208_fs3-00010.jpg,48.2201431878748,52.5647374763182
53,208_fs3-00010.jpg,47.6091112734346,52.3665566189932
54,208_fs3-00010.jpg,47.0088325730277,52.1539553914318
55,208_fs3-00010.jpg,46.4203222461874,51.9266920381034
56,208_fs3-00010.jpg,45.8445954524469,51.6845248034777
57,208_fs3-00010.jpg,45.2826673513392,51.4272119320244
58,208_fs3-00010.jpg,44.7355531023975,51.1545116682131
59,208_fs3-00010.jpg,44.204267865155,50.8661822565134
60,208_fs3-00010.jpg,43.6898267991447,50.561981941395
61,208_fs3-00010.jpg,43.1932450638997,50.2416689673275
62,208_fs3-00010.jpg,42.7111046383424,49.9050310325749
63,208_fs3-00010.jpg,42.2275165210714,49.5522639021776
64,208_fs3-00010.jpg,41.7420056824004,49.1838615683557
65,208_fs3-00010.jpg,41.2557709580054,48.8003248298253
66,208_fs3-00010.jpg,40.7700111835623,48.4021544853027
67,208_fs3-00010.jpg,40.2859251947473,47.989851333504
68,208_fs3-00010.jpg,39.8047118272362,47.5639161731454
69,208_fs3-00010.jpg,39.327569916705,47.1248498029431
70,208_fs3-00010.jpg,38.8556982988298,46.6731530216133
71,208_fs3-00010.jpg,38.3902958092864,46.2093266278723
72,208_fs3-00010.jpg,37.932561283751,45.7338714204361
73,208_fs3-00010.jpg,37.4836935578994,45.247288198021
74,208_fs3-00010.jpg,37.0448914674076,44.7500777593431
75,208_fs3-00010.jpg,36.6173538479517,44.2427409031187
76,208_fs3-00010.jpg,36.2022795352077,43.725778428064
77,208_fs3-00010.jpg,35.8008673648513,43.1996911328951
78,208_fs3-00010.jpg,35.4143161725588,42.6649798163282
79,208_fs3-00010.jpg,35.043824794006,42.1221452770796
80,208_fs3-00010.jpg,34.690592064869,41.5716883138653
81,208_fs3-00010.jpg,34.3558168208237,41.0141097254017
82,208_fs3-00010.jpg,34.0406978975461,40.4499103104048
83,208_fs3-00010.jpg,33.7464341307121,39.879590867591
84,208_fs3-00010.jpg,33.4742243559979,39.3036521956763
85,208_fs3-00010.jpg,33.2252674090793,38.7225950933769
86,208_fs3-00010.jpg,33.0007621256324,38.1369203594092
87,208_fs3-00010.jpg,32.801907341333,37.5471287924891
88,208_fs3-00010.jpg,32.6251467474319,36.9537084971997
89,208_fs3-00010.jpg,32.451930707817,36.3569599000486
90,208_fs3-00010.jpg,32.280461063943,35.7570401017092
91,208_fs3-00010.jpg,32.110974965044,35.1541025817838
92,208_fs3-00010.jpg,31.9437095603541,34.5483008198748
93,208_fs3-00010.jpg,31.7789019991077,33.9397882955845
94,208_fs3-00010.jpg,31.6167894305388,33.3287184885153
95,208_fs3-00010.jpg,31.4576090038817,32.7152448782696
96,208_fs3-00010.jpg,31.3015978683705,32.0995209444497
97,208_fs3-00010.jpg,31.1489931732394,31.481700166658
98,208_fs3-00010.jpg,31.0000320677226,30.8619360244968
99,208_fs3-00010.jpg,30.8549517010543,30.2403819975686
100,208_fs3-00010.jpg,30.7139892224686,29.6171915654756
101,208_fs3-00010.jpg,30.5773817811998,28.9925182078202
102,208_fs3-00010.jpg,30.445366526482,28.3665154042049
103,208_fs3-00010.jpg,30.3181806075494,27.7393366342319
104,208_fs3-00010.jpg,30.1960611736362,27.1111353775036
105,208_fs3-00010.jpg,30.0792453739765,26.4820651136225
106,208_fs3-00010.jpg,29.9679703578046,25.8522793221908
107,208_fs3-00010.jpg,29.8624732743547,25.2219314828108
108,208_fs3-00010.jpg,29.7629912728608,24.5911750750851
109,208_fs3-00010.jpg,29.6697615025573,23.9601635786159
110,208_fs3-00010.jpg,29.5830211126781,23.3290504730057
111,208_fs3-00010.jpg,29.5030072524577,22.6979892378566
112,208_fs3-00010.jpg,29.4299570711302,22.0671333527712
113,208_fs3-00010.jpg,29.3641077179296,21.4366362973518
114,208_fs3-00010.jpg,29.3056963420902,20.8066515512008
115,208_fs3-00010.jpg,29.2549600928463,20.1773325939205
116,208_fs3-00010.jpg,29.2121361194318,19.5488329051132
117,208_fs3-00010.jpg,29.1774615710812,18.9213059643814
118,208_fs3-00010.jpg,29.1511735970284,18.2949052513274
119,208_fs3-00010.jpg,29.1335093465079,17.6697842455535
120,208_fs3-00010.jpg,29.1247059687535,17.0460964266622
121,208_fs3-00010.jpg,29.1275508772892,16.4239883029257
122,208_fs3-00010.jpg,29.1549732281621,15.8034671190746
123,208_fs3-00010.jpg,29.2070741156159,15.1844116475101
124,208_fs3-00010.jpg,29.281882713896,14.5666958519474
125,208_fs3-00010.jpg,29.3774281972482,13.9501936961017
126,208_fs3-00010.jpg,29.4917397399179,13.3347791436883
127,208_fs3-00010.jpg,29.6228465161508,12.7203261584226
128,208_fs3-00010.jpg,29.7687777001924,12.1067087040198
129,208_fs3-00010.jpg,29.9275624662883,11.4938007441952
130,208_fs3-00010.jpg,30.097229988684,10.8814762426641
131,208_fs3-00010.jpg,30.2758094416253,10.2696091631417
132,208_fs3-00010.jpg,30.4613299993574,9.65807346934335
133,208_fs3-00010.jpg,30.6518208361262,9.04674312498435
134,208_fs3-00010.jpg,30.8453111261772,8.43549209377991
135,208_fs3-00010.jpg,31.0398300437558,7.82419433944537
136,208_fs3-00010.jpg,31.2334067631078,7.21272382569603
137,208_fs3-00010.jpg,31.4240704584787,6.60095451624713
138,208_fs3-00010.jpg,31.609850304114,5.98876037481395
139,208_fs3-00010.jpg,31.7887754742594,5.37601536511178
140,208_fs3-00010.jpg,31.9588751431604,4.76259345085592
141,208_fs3-00010.jpg,32.1181784850625,4.14836859576161
142,208_fs3-00010.jpg,32.2647146742113,3.53321476354421
143,208_fs3-00010.jpg,32.3967918526468,2.91700627042277
144,208_fs3-00010.jpg,32.521167806401,2.29968058397654
145,208_fs3-00010.jpg,32.6417247826566,1.68131076896947
146,208_fs3-00010.jpg,32.7588078777478,1.06198744282366
147,208_fs3-00010.jpg,32.8727621880089,0.441801222961317
148,208_fs3-00010.jpg,32.9839328097742,-0.179157273195528
149,208_fs3-00010.jpg,33.0926648393779,-0.800797428224683
150,208_fs3-00010.jpg,33.1993033731542,-1.4230286247041
151,208_fs3-00010.jpg,33.3041935074376,-2.0457602452116
152,208_fs3-00010.jpg,33.407680338562,-2.66890167232506
153,208_fs3-00010.jpg,33.5101089628619,-3.2923622886224
154,208_fs3-00010.jpg,33.6118244766715,-3.9160514766815
155,208_fs3-00010.jpg,33.713171976325,-4.53987861908018
156,208_fs3-00010.jpg,33.8144965581568,-5.1637530983964
157,208_fs3-00010.jpg,33.916143318501,-5.78758429720799
158,208_fs3-00010.jpg,34.018457353692,-6.41128159809281
159,208_fs3-00010.jpg,34.1217837600639,-7.03475438362881
160,208_fs3-00010.jpg,34.2264676339511,-7.65791203639381
161,208_fs3-00010.jpg,34.3328540716878,-8.28066393896572
162,208_fs3-00010.jpg,34.4412881696082,-8.90291947392237
163,208_fs3-00010.jpg,34.5521150240467,-9.52458802384169
164,208_fs3-00010.jpg,34.6656797313374,-10.1455789713016
165,208_fs3-00010.jpg,34.7823273878146,-10.7658016988798
166,208_fs3-00010.jpg,34.9024030898127,-11.3851655891544
167,208_fs3-00010.jpg,35.0262519336658,-12.0035800247032
168,208_fs3-00010.jpg,35.1542190157082,-12.620954388104
169,208_fs3-00010.jpg,35.2866494322741,-13.2371980619347
170,208_fs3-00010.jpg,35.4238882796978,-13.8522204287733
171,208_fs3-00010.jpg,35.5739789871641,-14.4659496677872
172,208_fs3-00010.jpg,35.7458198651602,-15.0784101392779
173,208_fs3-00010.jpg,35.9366434188379,-15.6896568856238
174,208_fs3-00010.jpg,36.1436175591633,-16.2997449624784
175,208_fs3-00010.jpg,36.3639101971026,-16.9087294254954
176,208_fs3-00010.jpg,36.5946892436218,-17.5166653303283
177,208_fs3-00010.jpg,36.8331226096871,-18.1236077326309
178,208_fs3-00010.jpg,37.0763782062646,-18.7296116880566
179,208_fs3-00010.jpg,37.3216239443203,-19.3347322522591
180,208_fs3-00010.jpg,37.5660277348204,-19.9390244808921
181,208_fs3-00010.jpg,37.8067574887309,-20.5425434296091
182,208_fs3-00010.jpg,38.0409811170181,-21.1453441540639
183,208_fs3-00010.jpg,38.2658665306479,-21.7474817099099
184,208_fs3-00010.jpg,38.4785816405866,-22.3490111528008
185,208_fs3-00010.jpg,38.6762943578002,-22.9499875383903
186,208_fs3-00010.jpg,38.8561725932548,-23.550465922332
187,208_fs3-00010.jpg,39.0153842579166,-24.1505013602794
188,208_fs3-00010.jpg,39.1510972627516,-24.7501489078862
189,208_fs3-00010.jpg,39.260479518726,-25.349463620806
190,208_fs3-00010.jpg,39.3406989368058,-25.9485005546925
191,208_fs3-00010.jpg,39.3889234279572,-26.5473147651992
192,208_fs3-00010.jpg,39.4020155551827,-27.1459613079797
193,208_fs3-00010.jpg,39.3581762778531,-27.7444952386877
194,208_fs3-00010.jpg,39.2515341330886,-28.3429716129769
195,208_fs3-00010.jpg,39.0907826064754,-28.9414454865008
196,208_fs3-00010.jpg,38.8846151835995,-29.539971914913
197,208_fs3-00010.jpg,38.6417253500474,-30.1386059538671
198,208_fs3-00010.jpg,38.370806591405,-30.7374026590169
199,208_fs3-00010.jpg,38.0805523932588,-31.3364170860159
200,208_fs3-00010.jpg,37.7796562411949,-31.9357042905176
1,208_fs3-00011.jpg,88.9489997182305,33.7278629115111
2,208_fs3-00011.jpg,88.5744465769648,34.282803278054
3,208_fs3-00011.jpg,88.1947003399317,34.8310385378749
4,208_fs3-00011.jpg,87.8098339564802,35.3725361540201
5,208_fs3-00011.jpg,87.4199203759597,35.9072635895357
6,208_fs3-00011.jpg,87.0250325477191,36.4351883074679
7,208_fs3-00011.jpg,86.6252434211077,36.956277770863
8,208_fs3-00011.jpg,86.2206259454745,37.4704994427672
9,208_fs3-00011.jpg,85.8112530701687,37.9778207862267
10,208_fs3-00011.jpg,85.3971977445394,38.4782092642877
11,208_fs3-00011.jpg,84.9785329179356,38.9716323399964
12,208_fs3-00011.jpg,84.5553315397067,39.4580574763991
13,208_fs3-00011.jpg,84.1276665592015,39.9374521365419
14,208_fs3-00011.jpg,83.6956109257694,40.4097837834711
15,208_fs3-00011.jpg,83.2592375887594,40.8750198802329
16,208_fs3-00011.jpg,82.8186194975207,41.3331278898735
17,208_fs3-00011.jpg,82.3738296014022,41.7840752754391
18,208_fs3-00011.jpg,81.9249408497533,42.2278294999759
19,208_fs3-00011.jpg,81.472026191923,42.6643580265302
20,208_fs3-00011.jpg,81.0151585772605,43.0936283181481
21,208_fs3-00011.jpg,80.5544109551148,43.5156078378759
22,208_fs3-00011.jpg,80.0898562748351,43.9302640487598
23,208_fs3-00011.jpg,79.6215674857705,44.337564413846
24,208_fs3-00011.jpg,79.1496175372702,44.7374763961807
25,208_fs3-00011.jpg,78.6740793786832,45.1299674588101
26,208_fs3-00011.jpg,78.1950259593587,45.5150050647805
27,208_fs3-00011.jpg,77.7125302286458,45.892556677138
28,208_fs3-00011.jpg,77.2266651358937,46.2625897589289
29,208_fs3-00011.jpg,76.7375036304514,46.6250717731994
30,208_fs3-00011.jpg,76.2451186616682,46.9799701829957
31,208_fs3-00011.jpg,75.749583178893,47.327252451364
32,208_fs3-00011.jpg,75.2509701314751,47.6668860413506
33,208_fs3-00011.jpg,74.7493524687636,47.9988384160015
34,208_fs3-00011.jpg,74.2448031401075,48.3230770383632
35,208_fs3-00011.jpg,73.7373950948561,48.6395693714817
36,208_fs3-00011.jpg,73.2272012823584,48.9482828784033
37,208_fs3-00011.jpg,72.7142946519636,49.2491850221743
38,208_fs3-00011.jpg,72.1987481530207,49.5422432658407
39,208_fs3-00011.jpg,71.680634734879,49.8274250724488
40,208_fs3-00011.jpg,71.1600273468876,50.104697905045
41,208_fs3-00011.jpg,70.6337249534545,50.3740292266752
42,208_fs3-00011.jpg,70.0969472064558,50.6353865003859
43,208_fs3-00011.jpg,69.5502342681617,50.8887371892231
44,208_fs3-00011.jpg,68.9941914410106,51.1340487562332
45,208_fs3-00011.jpg,68.4294240274409,51.3712886644622
46,208_fs3-00011.jpg,67.856537329891,51.6004243769565
47,208_fs3-00011.jpg,67.2761366507993,51.8214233567623
48,208_fs3-00011.jpg,66.6888272926045,52.0342530669257
49,208_fs3-00011.jpg,66.0952145577447,52.238880970493
50,208_fs3-00011.jpg,65.4959037486585,52.4352745305104
51,208_fs3-00011.jpg,64.8915001677842,52.623401210024
52,208_fs3-00011.jpg,64.2826091175604,52.8032284720802
53,208_fs3-00011.jpg,63.6698359004253,52.9747237797252
54,208_fs3-00011.jpg,63.0537858188176,53.1378545960051
55,208_fs3-00011.jpg,62.4350641751755,53.2925883839661
56,208_fs3-00011.jpg,61.8142762719376,53.4388926066545
57,208_fs3-00011.jpg,61.1920274115421,53.5767347271166
58,208_fs3-00011.jpg,60.5689228964277,53.7060822083984
59,208_fs3-00011.jpg,59.9455680290326,53.8269025135462
60,208_fs3-00011.jpg,59.3225681117955,53.9391631056063
61,208_fs3-00011.jpg,58.7005284471545,54.0428314476248
62,208_fs3-00011.jpg,58.0800543375482,54.1378750026481
63,208_fs3-00011.jpg,57.461751085415,54.2242612337222
64,208_fs3-00011.jpg,56.8462239931934,54.3019576038933
65,208_fs3-00011.jpg,56.2340783633217,54.3709315762078
66,208_fs3-00011.jpg,55.6259194982384,54.4311506137118
67,208_fs3-00011.jpg,55.0213449722336,54.4825800519729
68,208_fs3-00011.jpg,54.4085162169094,54.5250632288337
69,208_fs3-00011.jpg,53.7848734181383,54.558257565333
70,208_fs3-00011.jpg,53.1517149972045,54.5818048556093
71,208_fs3-00011.jpg,52.5103393753926,54.5953468938009
72,208_fs3-00011.jpg,51.8620449739869,54.5985254740461
73,208_fs3-00011.jpg,51.2081302142717,54.5909823904834
74,208_fs3-00011.jpg,50.5498935175315,54.572359437251
75,208_fs3-00011.jpg,49.8886333050505,54.5422984084874
76,208_fs3-00011.jpg,49.2256479981132,54.5004410983308
77,208_fs3-00011.jpg,48.5622360180039,54.4464293009196
78,208_fs3-00011.jpg,47.8996957860071,54.3799048103923
79,208_fs3-00011.jpg,47.239325723407,54.3005094208871
80,208_fs3-00011.jpg,46.5824242514882,54.2078849265423
81,208_fs3-00011.jpg,45.9302897915348,54.1016731214964
82,208_fs3-00011.jpg,45.2842207648314,53.9815157998877
83,208_fs3-00011.jpg,44.6455155926623,53.8470547558546
84,208_fs3-00011.jpg,44.0154726963119,53.6979317835354
85,208_fs3-00011.jpg,43.3953904970645,53.5337886770684
86,208_fs3-00011.jpg,42.7865674162044,53.3542672305921
87,208_fs3-00011.jpg,42.1903018750162,53.1590092382447
88,208_fs3-00011.jpg,41.6078922947842,52.9476564941647
89,208_fs3-00011.jpg,41.0406370967926,52.7198507924904
90,208_fs3-00011.jpg,40.489834702326,52.4752339273601
91,208_fs3-00011.jpg,39.9567835326687,52.2134476929122
92,208_fs3-00011.jpg,39.4427820091051,51.934133883285
93,208_fs3-00011.jpg,38.9491285529194,51.6369342926169
94,208_fs3-00011.jpg,38.4771215853963,51.3214907150463
95,208_fs3-00011.jpg,38.0277876412672,50.9874455628599
96,208_fs3-00011.jpg,37.5876666653202,50.6347032167916
97,208_fs3-00011.jpg,37.1491803190018,50.2638357139196
98,208_fs3-00011.jpg,36.7130052654798,49.8755199071891
99,208_fs3-00011.jpg,36.2798181679224,49.470432649545
100,208_fs3-00011.jpg,35.8502956894975,49.0492507939325
101,208_fs3-00011.jpg,35.4251144933732,48.6126511932968
102,208_fs3-00011.jpg,35.0049512427174,48.1613107005828
103,208_fs3-00011.jpg,34.5904826006982,47.6959061687358
104,208_fs3-00011.jpg,34.1823852304836,47.2171144507007
105,208_fs3-00011.jpg,33.7813357952417,46.7256123994227
106,208_fs3-00011.jpg,33.3880109581403,46.2220768678469
107,208_fs3-00011.jpg,33.0030873823476,45.7071847089183
108,208_fs3-00011.jpg,32.6272417310315,45.1816127755822
109,208_fs3-00011.jpg,32.2611506673601,44.6460379207835
110,208_fs3-00011.jpg,31.9054908545015,44.1011369974673
111,208_fs3-00011.jpg,31.5609389556235,43.5475868585789
112,208_fs3-00011.jpg,31.2281716338942,42.9860643570632
113,208_fs3-00011.jpg,30.9078655524817,42.4172463458653
114,208_fs3-00011.jpg,30.6006973745539,41.8418096779303
115,208_fs3-00011.jpg,30.3073437632789,41.2604312062035
116,208_fs3-00011.jpg,30.0284813818246,40.6737877836298
117,208_fs3-00011.jpg,29.7647868933592,40.0825562631543
118,208_fs3-00011.jpg,29.5169369610506,39.4874134977221
119,208_fs3-00011.jpg,29.2856082480668,38.8890363402784
120,208_fs3-00011.jpg,29.0714774175758,38.2881016437682
121,208_fs3-00011.jpg,28.8752211327457,37.6852862611366
122,208_fs3-00011.jpg,28.6973798615462,37.0812668545714
123,208_fs3-00011.jpg,28.5272154486647,36.4765679662476
124,208_fs3-00011.jpg,28.3578682859464,35.8712885273508
125,208_fs3-00011.jpg,28.1896698588798,35.2654536024168
126,208_fs3-00011.jpg,28.0229516529534,34.6590882559816
127,208_fs3-00011.jpg,27.8580451536556,34.0522175525812
128,208_fs3-00011.jpg,27.6952818464747,33.4448665567515
129,208_fs3-00011.jpg,27.5349932168995,32.8370603330284
130,208_fs3-00011.jpg,27.3775107504181,32.228823945948
131,208_fs3-00011.jpg,27.2231659325193,31.6201824600461
132,208_fs3-00011.jpg,27.0722902486914,31.0111609398587
133,208_fs3-00011.jpg,26.9252151844228,30.4017844499217
134,208_fs3-00011.jpg,26.7822722252021,29.7920780547711
135,208_fs3-00011.jpg,26.6437928565176,29.1820668189428
136,208_fs3-00011.jpg,26.5101085638579,28.5717758069728
137,208_fs3-00011.jpg,26.3815508327114,27.961230083397
138,208_fs3-00011.jpg,26.2584511485666,27.3504547127514
139,208_fs3-00011.jpg,26.1411409969119,26.7394747595719
140,208_fs3-00011.jpg,26.0299518632359,26.1283152883944
141,208_fs3-00011.jpg,25.9252152330268,25.517001363755
142,208_fs3-00011.jpg,25.8272625917734,24.9055580501895
143,208_fs3-00011.jpg,25.7364254249638,24.2940104122338
144,208_fs3-00011.jpg,25.6530352180868,23.6823835144241
145,208_fs3-00011.jpg,25.5774234566306,23.0707024212961
146,208_fs3-00011.jpg,25.5099216260838,22.4589921973858
147,208_fs3-00011.jpg,25.4508612119349,21.8472779072292
148,208_fs3-00011.jpg,25.4005736996722,21.2355846153622
149,208_fs3-00011.jpg,25.3593905747843,20.6239373863208
150,208_fs3-00011.jpg,25.3276433227596,20.0123612846409
151,208_fs3-00011.jpg,25.3056634290866,19.4008813748584
152,208_fs3-00011.jpg,25.2937823792537,18.7895227215094
153,208_fs3-00011.jpg,25.2928138018538,18.1783101515263
154,208_fs3-00011.jpg,25.3080199030031,17.5672567937507
155,208_fs3-00011.jpg,25.3398850033941,16.95635898036
156,208_fs3-00011.jpg,25.3872991182015,16.3456117441958
157,208_fs3-00011.jpg,25.4491522626001,15.7350101181001
158,208_fs3-00011.jpg,25.5243344517647,15.1245491349146
159,208_fs3-00011.jpg,25.6117357008701,14.514223827481
160,208_fs3-00011.jpg,25.710246025091,13.9040292286411
161,208_fs3-00011.jpg,25.8187554396022,13.2939603712367
162,208_fs3-00011.jpg,25.9361539595785,12.6840122881096
163,208_fs3-00011.jpg,26.0613316001946,12.0741800121015
164,208_fs3-00011.jpg,26.1931783766254,11.4644585760543
165,208_fs3-00011.jpg,26.3305843040455,10.8548430128096
166,208_fs3-00011.jpg,26.47243939763,10.2453283552092
167,208_fs3-00011.jpg,26.6176336725533,9.63590963609502
168,208_fs3-00011.jpg,26.7650571439904,9.0265818883087
169,208_fs3-00011.jpg,26.9135998271161,8.41734014469202
170,208_fs3-00011.jpg,27.062151737105,7.80817943808682
171,208_fs3-00011.jpg,27.209602889132,7.19909480133481
172,208_fs3-00011.jpg,27.3548432983719,6.59008126727778
173,208_fs3-00011.jpg,27.4967629799994,5.9811338687575
174,208_fs3-00011.jpg,27.6342519491893,5.37224763861576
175,208_fs3-00011.jpg,27.7662002211164,4.7634176096943
176,208_fs3-00011.jpg,27.8914978109555,4.1546388148349
177,208_fs3-00011.jpg,28.0090885808872,3.54590628687936
178,208_fs3-00011.jpg,28.1234900824052,2.93721505866944
179,208_fs3-00011.jpg,28.2381425475181,2.32856016304689
180,208_fs3-00011.jpg,28.3530447278807,1.71993663285346
181,208_fs3-00011.jpg,28.4681953751479,1.111339500931
182,208_fs3-00011.jpg,28.5835932409748,0.502763800121215
183,208_fs3-00011.jpg,28.6992370770163,-0.10579543673407
184,208_fs3-00011.jpg,28.8151256349274,-0.714343176793136
185,208_fs3-00011.jpg,28.931257666363,-1.3228843872142
186,208_fs3-00011.jpg,29.0476319229781,-1.93142403515549
187,208_fs3-00011.jpg,29.1642471564277,-2.53996708777518
188,208_fs3-00011.jpg,29.2811021183668,-3.14851851223156
189,208_fs3-00011.jpg,29.3981955604503,-3.75708327568287
190,208_fs3-00011.jpg,29.5155262343333,-4.36566634528728
191,208_fs3-00011.jpg,29.6330928916705,-4.97427268820306
192,208_fs3-00011.jpg,29.7508942841171,-5.58290727158843
193,208_fs3-00011.jpg,29.8689291633279,-6.1915750626016
194,208_fs3-00011.jpg,29.9871962809581,-6.8002810284008
195,208_fs3-00011.jpg,30.1056943886625,-7.40903013614431
196,208_fs3-00011.jpg,30.224422238096,-8.01782735299031
197,208_fs3-00011.jpg,30.3433785809137,-8.62667764609702
198,208_fs3-00011.jpg,30.4625621687706,-9.23558598262269
199,208_fs3-00011.jpg,30.5819717533215,-9.84455732972555
200,208_fs3-00011.jpg,30.7016060862215,-10.4535966545638
1,208_fs3-00012.jpg,90.5494505494506,25.0268203643148
2,208_fs3-00012.jpg,90.2814317054621,25.4954169200567
3,208_fs3-00012.jpg,90.0076946909765,25.9730686408815
4,208_fs3-00012.jpg,89.7283204233566,26.4593738926973
5,208_fs3-00012.jpg,89.4433898199651,26.9539310414122
6,208_fs3-00012.jpg,89.1529837981649,27.4563384529345
7,208_fs3-00012.jpg,88.8571832753187,27.9661944931721
8,208_fs3-00012.jpg,88.5560691687893,28.4830975280333
9,208_fs3-00012.jpg,88.2497223959395,29.0066459234263
10,208_fs3-00012.jpg,87.9382238741322,29.5364380452591
11,208_fs3-00012.jpg,87.62165452073,30.0720722594398
12,208_fs3-00012.jpg,87.3000952530957,30.6131469318767
13,208_fs3-00012.jpg,86.9736269885922,31.1592604284779
14,208_fs3-00012.jpg,86.6423306445823,31.7100111151515
15,208_fs3-00012.jpg,86.3062871384287,32.2649973578057
16,208_fs3-00012.jpg,85.9655773874942,32.8238175223485
17,208_fs3-00012.jpg,85.6202823091417,33.3860699746882
18,208_fs3-00012.jpg,85.2704828207338,33.9513530807328
19,208_fs3-00012.jpg,84.9162598396334,34.5192652063906
20,208_fs3-00012.jpg,84.5576942832032,35.0894047175696
21,208_fs3-00012.jpg,84.1948670688061,35.661369980178
22,208_fs3-00012.jpg,83.8278591138048,36.2347593601239
23,208_fs3-00012.jpg,83.4567513355622,36.8091712233155
24,208_fs3-00012.jpg,83.081624651441,37.3842039356609
25,208_fs3-00012.jpg,82.702559978804,37.9594558630683
26,208_fs3-00012.jpg,82.3196382350139,38.5345253714458
27,208_fs3-00012.jpg,81.9329403374337,39.1090108267015
28,208_fs3-00012.jpg,81.542547203426,39.6825105947436
29,208_fs3-00012.jpg,81.1485397503537,40.2546230414802
30,208_fs3-00012.jpg,80.7509988955795,40.8249465328195
31,208_fs3-00012.jpg,80.3500055564662,41.3930794346695
32,208_fs3-00012.jpg,79.9456406503766,41.9586201129386
33,208_fs3-00012.jpg,79.5379850946735,42.5211669335347
34,208_fs3-00012.jpg,79.1271198067197,43.0803182623659
35,208_fs3-00012.jpg,78.713125703878,43.6356724653406
36,208_fs3-00012.jpg,78.2956486579316,44.1868279083668
37,208_fs3-00012.jpg,77.8709601369483,44.7333829573526
38,208_fs3-00012.jpg,77.4383543864549,45.2749359782062
39,208_fs3-00012.jpg,76.9980385419119,45.8110853368357
40,208_fs3-00012.jpg,76.5502197387802,46.3414293991493
41,208_fs3-00012.jpg,76.0951051125202,46.865566531055
42,208_fs3-00012.jpg,75.6329017985927,47.3830950984612
43,208_fs3-00012.jpg,75.1638169324582,47.8936134672758
44,208_fs3-00012.jpg,74.6880576495775,48.396720003407
45,208_fs3-00012.jpg,74.2058310854111,48.892013072763
46,208_fs3-00012.jpg,73.7173443754198,49.3790910412519
47,208_fs3-00012.jpg,73.2228046550642,49.8575522747818
48,208_fs3-00012.jpg,72.7224190598048,50.326995139261
49,208_fs3-00012.jpg,72.2163947251023,50.7870180005974
50,208_fs3-00012.jpg,71.7049387864175,51.2372192246993
51,208_fs3-00012.jpg,71.1882583792108,51.6771971774749
52,208_fs3-00012.jpg,70.666560638943,52.1065502248321
53,208_fs3-00012.jpg,70.1400527010747,52.5248767326793
54,208_fs3-00012.jpg,69.6089417010666,52.9317750669245
55,208_fs3-00012.jpg,69.0734347743792,53.3268435934758
56,208_fs3-00012.jpg,68.5337390564733,53.7096806782415
57,208_fs3-00012.jpg,67.9900616828094,54.0798846871296
58,208_fs3-00012.jpg,67.4426097888483,54.4370539860483
59,208_fs3-00012.jpg,66.8915905100505,54.7807869409058
60,208_fs3-00012.jpg,66.3372109818767,55.1106819176101
61,208_fs3-00012.jpg,65.7796783397876,55.4263372820694
62,208_fs3-00012.jpg,65.2191997192436,55.7273514001919
63,208_fs3-00012.jpg,64.6559822557057,56.0133226378857
64,208_fs3-00012.jpg,64.0902330846343,56.2838493610589
65,208_fs3-00012.jpg,63.5221593414901,56.5385299356196
66,208_fs3-00012.jpg,62.9519681617338,56.7769627274761
67,208_fs3-00012.jpg,62.3798666808259,56.9987461025364
68,208_fs3-00012.jpg,61.8060620342272,57.2034784267088
69,208_fs3-00012.jpg,61.2307613573982,57.3907580659013
70,208_fs3-00012.jpg,60.6541717857997,57.560183386022
71,208_fs3-00012.jpg,60.0757829752132,57.7113558704978
72,208_fs3-00012.jpg,59.4852090383058,57.8441062019814
73,208_fs3-00012.jpg,58.8799460400407,57.9586469436953
74,208_fs3-00012.jpg,58.2612514298391,58.0552268301992
75,208_fs3-00012.jpg,57.6303826571221,58.1340945960533
76,208_fs3-00012.jpg,56.9885971713111,58.1954989758173
77,208_fs3-00012.jpg,56.3371524218272,58.2396887040513
78,208_fs3-00012.jpg,55.6773058580916,58.2669125153153
79,208_fs3-00012.jpg,55.0103149295255,58.277419144169
80,208_fs3-00012.jpg,54.3374370855502,58.2714573251726
81,208_fs3-00012.jpg,53.6599297755867,58.2492757928859
82,208_fs3-00012.jpg,52.9790504490564,58.2111232818689
83,208_fs3-00012.jpg,52.2960565553804,58.1572485266816
84,208_fs3-00012.jpg,51.61220554398,58.0879002618838
85,208_fs3-00012.jpg,50.9287548642763,58.0033272220356
86,208_fs3-00012.jpg,50.2469619656906,57.9037781416968
87,208_fs3-00012.jpg,49.568084297644,57.7895017554275
88,208_fs3-00012.jpg,48.8933793095578,57.6607467977876
89,208_fs3-00012.jpg,48.2241044508531,57.5177620033369
90,208_fs3-00012.jpg,47.5615171709512,57.3607961066356
91,208_fs3-00012.jpg,46.9068749192733,57.1900978422434
92,208_fs3-00012.jpg,46.2614351452406,57.0059159447204
93,208_fs3-00012.jpg,45.6264552982742,56.8084991486266
94,208_fs3-00012.jpg,45.0031928277954,56.5980961885217
95,208_fs3-00012.jpg,44.3929051832254,56.3749557989659
96,208_fs3-00012.jpg,43.7968498139854,56.139326714519
97,208_fs3-00012.jpg,43.2162841694966,55.891457669741
98,208_fs3-00012.jpg,42.6519992135283,55.6315972738215
99,208_fs3-00012.jpg,42.0891592845147,55.359965985845
100,208_fs3-00012.jpg,41.5209192505444,55.0767206683655
101,208_fs3-00012.jpg,40.9483037354739,54.7820094551394
102,208_fs3-00012.jpg,40.3723373631598,54.4759804799231
103,208_fs3-00012.jpg,39.7940447574586,54.1587818764728
104,208_fs3-00012.jpg,39.2144505422269,53.8305617785449
105,208_fs3-00012.jpg,38.6345793413213,53.4914683198957
106,208_fs3-00012.jpg,38.0554557785984,53.1416496342815
107,208_fs3-00012.jpg,37.4781044779147,52.7812538554587
108,208_fs3-00012.jpg,36.9035500631269,52.4104291171835
109,208_fs3-00012.jpg,36.3328171580914,52.0293235532124
110,208_fs3-00012.jpg,35.7669303866649,51.6380852973016
111,208_fs3-00012.jpg,35.2069143727039,51.2368624832074
112,208_fs3-00012.jpg,34.653793740065,50.8258032446862
113,208_fs3-00012.jpg,34.1085931126048,50.4050557154943
114,208_fs3-00012.jpg,33.5723371141799,49.9747680293881
115,208_fs3-00012.jpg,33.0460503686468,49.5350883201238
116,208_fs3-00012.jpg,32.5307574998621,49.0861647214577
117,208_fs3-00012.jpg,32.0274831316824,48.6281453671463
118,208_fs3-00012.jpg,31.5372518879643,48.1611783909458
119,208_fs3-00012.jpg,31.0610883925642,47.6854119266126
120,208_fs3-00012.jpg,30.6000172693389,47.2009941079029
121,208_fs3-00012.jpg,30.1550631421448,46.7080730685732
122,208_fs3-00012.jpg,29.7272506348386,46.2067969423796
123,208_fs3-00012.jpg,29.3176043712768,45.6973138630786
124,208_fs3-00012.jpg,28.927148975316,45.1797719644265
125,208_fs3-00012.jpg,28.5569090708128,44.6543193801796
126,208_fs3-00012.jpg,28.2079092816237,44.1211042440942
127,208_fs3-00012.jpg,27.8811742316054,43.5802746899267
128,208_fs3-00012.jpg,27.5777285446143,43.0319788514333
129,208_fs3-00012.jpg,27.2985968445071,42.4763648623704
130,208_fs3-00012.jpg,27.0446293328486,41.9135808866983
131,208_fs3-00012.jpg,26.800640977022,41.3438031768293
132,208_fs3-00012.jpg,26.5568300444666,40.7672881138298
133,208_fs3-00012.jpg,26.3138957284884,40.1843062738276
134,208_fs3-00012.jpg,26.0725372223936,39.5951282329503
135,208_fs3-00012.jpg,25.8334537194884,39.0000245673256
136,208_fs3-00012.jpg,25.5973444130789,38.3992658530811
137,208_fs3-00012.jpg,25.3649084964711,37.7931226663445
138,208_fs3-00012.jpg,25.1368451629712,37.1818655832435
139,208_fs3-00012.jpg,24.9138536058854,36.5657651799057
140,208_fs3-00012.jpg,24.6966330185197,35.9450920324587
141,208_fs3-00012.jpg,24.4858825941802,35.3201167170304
142,208_fs3-00012.jpg,24.2823015261732,34.6911098097483
143,208_fs3-00012.jpg,24.0865890078047,34.05834188674
144,208_fs3-00012.jpg,23.8994442323809,33.4220835241333
145,208_fs3-00012.jpg,23.7215663932078,32.7826052980559
146,208_fs3-00012.jpg,23.5536546835916,32.1401777846353
147,208_fs3-00012.jpg,23.3964082968384,31.4950715599993
148,208_fs3-00012.jpg,23.2505264262544,30.8475572002755
149,208_fs3-00012.jpg,23.1167082651456,30.1979052815915
150,208_fs3-00012.jpg,22.9956530068182,29.5463863800751
151,208_fs3-00012.jpg,22.8880598445783,28.893271071854
152,208_fs3-00012.jpg,22.7946279717321,28.2388299330557
153,208_fs3-00012.jpg,22.7160565815856,27.5833335398079
154,208_fs3-00012.jpg,22.653044867445,26.9270524682384
155,208_fs3-00012.jpg,22.6062920226164,26.2702572944747
156,208_fs3-00012.jpg,22.5764972404059,25.6132185946446
157,208_fs3-00012.jpg,22.5643597141197,24.9562069448756
158,208_fs3-00012.jpg,22.569488531639,24.2994804836481
159,208_fs3-00012.jpg,22.5898606142262,23.6432145693722
160,208_fs3-00012.jpg,22.6248622274352,22.9875507560436
161,208_fs3-00012.jpg,22.6739175410046,22.3326304973732
162,208_fs3-00012.jpg,22.7364507246729,21.6785952470719
163,208_fs3-00012.jpg,22.8118859481785,21.0255864588505
164,208_fs3-00012.jpg,22.8996473812603,20.3737455864199
165,208_fs3-00012.jpg,22.9991591936565,19.7232140834911
166,208_fs3-00012.jpg,23.1098455551057,19.074133403775
167,208_fs3-00012.jpg,23.2311306353466,18.4266450009824
168,208_fs3-00012.jpg,23.3624386041178,17.7808903288242
169,208_fs3-00012.jpg,23.5031936311576,17.1370108410113
170,208_fs3-00012.jpg,23.6528198862047,16.4951479912546
171,208_fs3-00012.jpg,23.8107415389977,15.8554432332651
172,208_fs3-00012.jpg,23.9763827592749,15.2180380207535
173,208_fs3-00012.jpg,24.1491677167752,14.5830738074308
174,208_fs3-00012.jpg,24.3285205812369,13.9506920470079
175,208_fs3-00012.jpg,24.5138655223986,13.3210341931957
176,208_fs3-00012.jpg,24.704626709999,12.6942416997051
177,208_fs3-00012.jpg,24.9002283137764,12.0704560202468
178,208_fs3-00012.jpg,25.1000945034696,11.449818608532
179,208_fs3-00012.jpg,25.3036494488169,10.8324709182714
180,208_fs3-00012.jpg,25.510317319557,10.2185544031759
181,208_fs3-00012.jpg,25.7195222854285,9.60821051695646
182,208_fs3-00012.jpg,25.9306885161698,9.00158071332393
183,208_fs3-00012.jpg,26.1432401815196,8.39880644598924
184,208_fs3-00012.jpg,26.3566014512162,7.80002916866323
185,208_fs3-00012.jpg,26.5701964949985,7.20539033505682
186,208_fs3-00012.jpg,26.7849677728943,6.61503139888092
187,208_fs3-00012.jpg,27.0193655403856,6.02909381384637
188,208_fs3-00012.jpg,27.2775835260856,5.44771903366413
189,208_fs3-00012.jpg,27.557826539309,4.87104851204504
190,208_fs3-00012.jpg,27.8582993893707,4.2992237027
191,208_fs3-00012.jpg,28.1772068855854,3.73238605933992
192,208_fs3-00012.jpg,28.5127538372679,3.17067703567568
193,208_fs3-00012.jpg,28.863145053733,2.61423808541821
194,208_fs3-00012.jpg,29.2265853442954,2.06321066227832
195,208_fs3-00012.jpg,29.60127951827,1.51773621996699
196,208_fs3-00012.jpg,29.9854323849715,0.977956212195068
197,208_fs3-00012.jpg,30.3772487537147,0.444012092673461
198,208_fs3-00012.jpg,30.7749334338144,-0.0839546848869475
199,208_fs3-00012.jpg,31.1766912345854,-0.605802666775276
200,208_fs3-00012.jpg,31.5807269653424,-1.12139039928061
1,208_fs3-00013.jpg,92.9163144547761,13.7785814237681
2,208_fs3-00013.jpg,92.7187468429973,14.2556626140104
3,208_fs3-00013.jpg,92.5188736074278,14.7405604690212
4,208_fs3-00013.jpg,92.31672031683,15.2330227562783
5,208_fs3-00013.jpg,92.1123125399662,15.7327972432599
6,208_fs3-00013.jpg,91.9056758455986,16.2396316974438
7,208_fs3-00013.jpg,91.6968358024898,16.7532738863081
8,208_fs3-00013.jpg,91.4858179794019,17.2734715773306
9,208_fs3-00013.jpg,91.2726479450973,17.7999725379895
10,208_fs3-00013.jpg,91.0573512683384,18.3325245357626
11,208_fs3-00013.jpg,90.8399535178875,18.870875338128
12,208_fs3-00013.jpg,90.6204802625069,19.4147727125636
13,208_fs3-00013.jpg,90.3989570709591,19.9639644265474
14,208_fs3-00013.jpg,90.1754095120062,20.5181982475574
15,208_fs3-00013.jpg,89.9498631544107,21.0772219430715
16,208_fs3-00013.jpg,89.7223435669349,21.6407832805677
17,208_fs3-00013.jpg,89.4928763183412,22.2086300275241
18,208_fs3-00013.jpg,89.2614869773918,22.7805099514185
19,208_fs3-00013.jpg,89.0282011128492,23.356170819729
20,208_fs3-00013.jpg,88.7930442934755,23.9353603999336
21,208_fs3-00013.jpg,88.5560420880333,24.5178264595101
22,208_fs3-00013.jpg,88.3172200652849,25.1033167659367
23,208_fs3-00013.jpg,88.0766037939924,25.6915790866912
24,208_fs3-00013.jpg,87.8342188429185,26.2823611892516
25,208_fs3-00013.jpg,87.5900907808252,26.875410841096
26,208_fs3-00013.jpg,87.3442451764751,27.4704758097023
27,208_fs3-00013.jpg,87.0967075986303,28.0673038625484
28,208_fs3-00013.jpg,86.8475036160533,28.6656427671124
29,208_fs3-00013.jpg,86.5966587975064,29.2652402908722
30,208_fs3-00013.jpg,86.344198711752,29.8658442013059
31,208_fs3-00013.jpg,86.0901489275524,30.4672022658912
32,208_fs3-00013.jpg,85.8345350136699,31.0690622521064
33,208_fs3-00013.jpg,85.5773825388668,31.6711719274293
34,208_fs3-00013.jpg,85.3187170719056,32.2732790593379
35,208_fs3-00013.jpg,85.0585641815484,32.8751314153102
36,208_fs3-00013.jpg,84.7969494365578,33.4764767628242
37,208_fs3-00013.jpg,84.533898405696,34.0770628693578
38,208_fs3-00013.jpg,84.2694366577253,34.676637502389
39,208_fs3-00013.jpg,84.0044961900678,35.2749484293958
40,208_fs3-00013.jpg,83.7399493009221,35.8717434178562
41,208_fs3-00013.jpg,83.4755286538747,36.4667702352481
42,208_fs3-00013.jpg,83.2109657151942,37.0597766490496
43,208_fs3-00013.jpg,82.9459919511489,37.6505104267385
44,208_fs3-00013.jpg,82.6803388280075,38.238719335793
45,208_fs3-00013.jpg,82.4137378120384,38.8241511436909
46,208_fs3-00013.jpg,82.1459203695102,39.4065536179102
47,208_fs3-00013.jpg,81.8766179666912,39.9856745259289
48,208_fs3-00013.jpg,81.6055620698502,40.5612616352251
49,208_fs3-00013.jpg,81.3324841452555,41.1330627132765
50,208_fs3-00013.jpg,81.0571156591756,41.7008255275614
51,208_fs3-00013.jpg,80.7791880778791,42.2642978455575
52,208_fs3-00013.jpg,80.4984328676344,42.8232274347429
53,208_fs3-00013.jpg,80.2145814947101,43.3773620625956
54,208_fs3-00013.jpg,79.9273654253747,43.9264494965936
55,208_fs3-00013.jpg,79.6365161258966,44.4702375042147
56,208_fs3-00013.jpg,79.3417650625444,45.0084738529371
57,208_fs3-00013.jpg,79.0428437015866,45.5409063102386
58,208_fs3-00013.jpg,78.7394835092916,46.0672826435973
59,208_fs3-00013.jpg,78.4314159519281,46.5873506204912
60,208_fs3-00013.jpg,78.1183724957644,47.1008580083981
61,208_fs3-00013.jpg,77.8000846070692,47.6075525747961
62,208_fs3-00013.jpg,77.4762837521108,48.1071820871632
63,208_fs3-00013.jpg,77.1467013971578,48.5994943129773
64,208_fs3-00013.jpg,76.8110690084787,49.0842370197164
65,208_fs3-00013.jpg,76.4691180523421,49.5611579748585
66,208_fs3-00013.jpg,76.1205799950163,50.0300049458816
67,208_fs3-00013.jpg,75.76518630277,50.4905257002636
68,208_fs3-00013.jpg,75.4026684418716,50.9424680054826
69,208_fs3-00013.jpg,75.0327578785896,51.3855796290164
70,208_fs3-00013.jpg,74.6551860791925,51.8196083383432
71,208_fs3-00013.jpg,74.2696845099489,52.2443019009407
72,208_fs3-00013.jpg,73.8756142125047,52.659408696207
73,208_fs3-00013.jpg,73.4656876245162,53.0647408067377
74,208_fs3-00013.jpg,73.0377469228244,53.4602288319698
75,208_fs3-00013.jpg,72.5925564852039,53.8458162889082
76,208_fs3-00013.jpg,72.1308806894294,54.2214466945577
77,208_fs3-00013.jpg,71.6534839132757,54.5870635659232
78,208_fs3-00013.jpg,71.1611305345175,54.9426104200095
79,208_fs3-00013.jpg,70.6545849309294,55.2880307738214
80,208_fs3-00013.jpg,70.1346114802863,55.6232681443638
81,208_fs3-00013.jpg,69.6019745603628,55.9482660486415
82,208_fs3-00013.jpg,69.0574385489336,56.2629680036594
83,208_fs3-00013.jpg,68.5017678237735,56.5673175264222
84,208_fs3-00013.jpg,67.9357267626571,56.8612581339349
85,208_fs3-00013.jpg,67.3600797433592,57.1447333432022
86,208_fs3-00013.jpg,66.7755911436545,57.4176866712291
87,208_fs3-00013.jpg,66.1830253413178,57.6800616350202
88,208_fs3-00013.jpg,65.5831467141236,57.9318017515805
89,208_fs3-00013.jpg,64.9767196398469,58.1728505379148
90,208_fs3-00013.jpg,64.3645084962621,58.403151511028
91,208_fs3-00013.jpg,63.7472776611442,58.6226481879248
92,208_fs3-00013.jpg,63.1257915122678,58.8312840856102
93,208_fs3-00013.jpg,62.5008144274075,59.0290027210888
94,208_fs3-00013.jpg,61.8731107843382,59.2157476113657
95,208_fs3-00013.jpg,61.2434449608345,59.3914622734456
96,208_fs3-00013.jpg,60.6125813346711,59.5560902243333
97,208_fs3-00013.jpg,59.9812842836229,59.7095749810337
98,208_fs3-00013.jpg,59.3503181854644,59.8518600605517
99,208_fs3-00013.jpg,58.7204474179704,59.982888979892
100,208_fs3-00013.jpg,58.0924363589156,60.1026052560595
101,208_fs3-00013.jpg,57.4670493860748,60.210952406059
102,208_fs3-00013.jpg,56.8450508772226,60.3078739468954
103,208_fs3-00013.jpg,56.2272052101338,60.3933133955736
104,208_fs3-00013.jpg,55.614276762583,60.4672142690982
105,208_fs3-00013.jpg,55.007029912345,60.5295200844743
106,208_fs3-00013.jpg,54.4062290371946,60.5801743587065
107,208_fs3-00013.jpg,53.8126385149064,60.6191206087998
108,208_fs3-00013.jpg,53.2270227232551,60.646302351759
109,208_fs3-00013.jpg,52.6501460400155,60.6616631045889
110,208_fs3-00013.jpg,52.0806460486002,60.6651481453851
111,208_fs3-00013.jpg,51.5041111366532,60.6567524757801
112,208_fs3-00013.jpg,50.9182912564552,60.6365265552909
113,208_fs3-00013.jpg,50.3239083907374,60.6045237556788
114,208_fs3-00013.jpg,49.7216845222306,60.5607974487054
115,208_fs3-00013.jpg,49.1123416336658,60.5054010061324
116,208_fs3-00013.jpg,48.4966017077741,60.4383877997211
117,208_fs3-00013.jpg,47.8751867272863,60.3598112012333
118,208_fs3-00013.jpg,47.2488186749336,60.2697245824303
119,208_fs3-00013.jpg,46.6182195334468,60.1681813150738
120,208_fs3-00013.jpg,45.984111285557,60.0552347709253
121,208_fs3-00013.jpg,45.3472159139952,59.9309383217463
122,208_fs3-00013.jpg,44.7082554014923,59.7953453392983
123,208_fs3-00013.jpg,44.0679517307793,59.6485091953429
124,208_fs3-00013.jpg,43.4270268845872,59.4904832616417
125,208_fs3-00013.jpg,42.786202845647,59.3213209099562
126,208_fs3-00013.jpg,42.1462015966898,59.1410755120479
127,208_fs3-00013.jpg,41.5077451204463,58.9498004396783
128,208_fs3-00013.jpg,40.8715553996478,58.7475490646091
129,208_fs3-00013.jpg,40.238354417025,58.5343747586017
130,208_fs3-00013.jpg,39.6088641553091,58.3103308934176
131,208_fs3-00013.jpg,38.983806597231,58.0754708408185
132,208_fs3-00013.jpg,38.3639037255217,57.8298479725659
133,208_fs3-00013.jpg,37.7498775229122,57.5735156604212
134,208_fs3-00013.jpg,37.1424499721334,57.3065272761461
135,208_fs3-00013.jpg,36.5423430559164,57.028936191502
136,208_fs3-00013.jpg,35.9502787569921,56.7407957782506
137,208_fs3-00013.jpg,35.3669790580915,56.4421594081533
138,208_fs3-00013.jpg,34.7931659419457,56.1330804529718
139,208_fs3-00013.jpg,34.2295613912855,55.8136122844674
140,208_fs3-00013.jpg,33.6768873888421,55.4838082744018
141,208_fs3-00013.jpg,33.1358659173463,55.1437217945366
142,208_fs3-00013.jpg,32.6072189595291,54.7934062166332
143,208_fs3-00013.jpg,32.0916684981216,54.4329149124532
144,208_fs3-00013.jpg,31.5899365158547,54.0623012537581
145,208_fs3-00013.jpg,31.1027449954594,53.6816186123095
146,208_fs3-00013.jpg,30.6308159196667,53.2909203598689
147,208_fs3-00013.jpg,30.1748712712076,52.8902598681979
148,208_fs3-00013.jpg,29.735633032813,52.479690509058
149,208_fs3-00013.jpg,29.313823187214,52.0592656542107
150,208_fs3-00013.jpg,28.9101637171415,51.6290386754175
151,208_fs3-00013.jpg,28.5253766053266,51.1890629444401
152,208_fs3-00013.jpg,28.1601838345002,50.7393918330399
153,208_fs3-00013.jpg,27.8153073873932,50.2800787129785
154,208_fs3-00013.jpg,27.4898053217255,49.8111810320806
155,208_fs3-00013.jpg,27.1721101538538,49.3328736118962
156,208_fs3-00013.jpg,26.8599160606969,48.8454634983332
157,208_fs3-00013.jpg,26.5532840967548,48.3492647967107
158,208_fs3-00013.jpg,26.2522753165273,47.8445916123478
159,208_fs3-00013.jpg,25.9569507745144,47.3317580505637
160,208_fs3-00013.jpg,25.667371525216,46.8110782166774
161,208_fs3-00013.jpg,25.3835986231319,46.2828662160081
162,208_fs3-00013.jpg,25.105693122762,45.747436153875
163,208_fs3-00013.jpg,24.8337160786064,45.2051021355971
164,208_fs3-00013.jpg,24.5677285451648,44.6561782664936
165,208_fs3-00013.jpg,24.3077915769371,44.1009786518836
166,208_fs3-00013.jpg,24.0539662284233,43.5398173970862
167,208_fs3-00013.jpg,23.8063135541233,42.9730086074206
168,208_fs3-00013.jpg,23.5648946085369,42.4008663882059
169,208_fs3-00013.jpg,23.329770446164,41.8237048447612
170,208_fs3-00013.jpg,23.1010021215046,41.2418380824057
171,208_fs3-00013.jpg,22.8786506890586,40.6555802064584
172,208_fs3-00013.jpg,22.6627772033258,40.0652453222385
173,208_fs3-00013.jpg,22.4534427188062,39.4711475350651
174,208_fs3-00013.jpg,22.2507082899996,38.8736009502574
175,208_fs3-00013.jpg,22.0546349714059,38.2729196731345
176,208_fs3-00013.jpg,21.8652838175251,37.6694178090154
177,208_fs3-00013.jpg,21.6827158828571,37.0634094632194
178,208_fs3-00013.jpg,21.5069922219016,36.4552087410655
179,208_fs3-00013.jpg,21.3381738891587,35.8451297478729
180,208_fs3-00013.jpg,21.1763219391283,35.2334865889607
181,208_fs3-00013.jpg,21.0214974263102,34.6205933696481
182,208_fs3-00013.jpg,20.8737614052044,34.0067641952541
183,208_fs3-00013.jpg,20.7328725917685,33.3923131710979
184,208_fs3-00013.jpg,20.5955934286282,32.7775544024986
185,208_fs3-00013.jpg,20.461243809461,32.1628019947754
186,208_fs3-00013.jpg,20.3300920424519,31.5483700532473
187,208_fs3-00013.jpg,20.2024064357861,30.9345726832335
188,208_fs3-00013.jpg,20.0784552976487,30.3217239900531
189,208_fs3-00013.jpg,19.9585069362249,29.7101380790253
190,208_fs3-00013.jpg,19.8428296596998,29.1001290554692
191,208_fs3-00013.jpg,19.7316917762585,28.4920110247038
192,208_fs3-00013.jpg,19.6253615940863,27.8860980920484
193,208_fs3-00013.jpg,19.5241074213682,27.282704362822
194,208_fs3-00013.jpg,19.4281975662894,26.6821439423438
195,208_fs3-00013.jpg,19.337900337035,26.0847309359329
196,208_fs3-00013.jpg,19.2534840417902,25.4907794489085
197,208_fs3-00013.jpg,19.1752169887401,24.9006035865896
198,208_fs3-00013.jpg,19.10336748607,24.3145174542954
199,208_fs3-00013.jpg,19.0382038419648,23.732835157345
200,208_fs3-00013.jpg,18.9799943646098,23.1558708010575
1,208_fs3-00014.jpg,94.3815159199775,2.8233827762617
2,208_fs3-00014.jpg,94.3314649609392,3.35517874166217
3,208_fs3-00014.jpg,94.2753076214858,3.89295543745115
4,208_fs3-00014.jpg,94.2131428080363,4.43655315394219
5,208_fs3-00014.jpg,94.1450694270093,4.98581218144881
6,208_fs3-00014.jpg,94.0711863848239,5.54057281028454
7,208_fs3-00014.jpg,93.9915925878989,6.10067533076295
8,208_fs3-00014.jpg,93.9063869426532,6.66596003319762
9,208_fs3-00014.jpg,93.8156683555057,7.23626720790202
10,208_fs3-00014.jpg,93.7195357328753,7.81143714518973
11,208_fs3-00014.jpg,93.6180879811807,8.39131013537428
12,208_fs3-00014.jpg,93.5114240068411,8.97572646876924
13,208_fs3-00014.jpg,93.3996427162751,9.56452643568809
14,208_fs3-00014.jpg,93.2828430159017,10.1575503264445
15,208_fs3-00014.jpg,93.1611238121398,10.7546384313519
16,208_fs3-00014.jpg,93.0345840114082,11.3556310407238
17,208_fs3-00014.jpg,92.9033225201259,11.9603684448738
18,208_fs3-00014.jpg,92.7674382447116,12.5686909341156
19,208_fs3-00014.jpg,92.6270300915844,13.1804387987625
20,208_fs3-00014.jpg,92.482196967163,13.7954523291281
21,208_fs3-00014.jpg,92.3330377778664,14.413571815526
22,208_fs3-00014.jpg,92.1796514301134,15.0346375482697
23,208_fs3-00014.jpg,92.022136830323,15.6584898176728
24,208_fs3-00014.jpg,91.860592884914,16.2849689140488
25,208_fs3-00014.jpg,91.6951185003052,16.9139151277113
26,208_fs3-00014.jpg,91.5258125829156,17.5451687489738
27,208_fs3-00014.jpg,91.352774039164,18.1785700681498
28,208_fs3-00014.jpg,91.1761017754694,18.8139593755529
29,208_fs3-00014.jpg,90.9958946982505,19.4511769614966
30,208_fs3-00014.jpg,90.8122517139264,20.0900631162945
31,208_fs3-00014.jpg,90.6252717289158,20.7304581302601
32,208_fs3-00014.jpg,90.4350536496377,21.3722022937069
33,208_fs3-00014.jpg,90.2416963825109,22.0151358969486
34,208_fs3-00014.jpg,90.0452988339543,22.6590992302986
35,208_fs3-00014.jpg,89.8459599103869,23.3039325840705
36,208_fs3-00014.jpg,89.6437785182274,23.9494762485778
37,208_fs3-00014.jpg,89.4388535638947,24.595570514134
38,208_fs3-00014.jpg,89.2312839538078,25.2420556710528
39,208_fs3-00014.jpg,89.0211685943855,25.8887720096477
40,208_fs3-00014.jpg,88.8086063920467,26.5355598202321
41,208_fs3-00014.jpg,88.5936962532103,27.1822593931197
42,208_fs3-00014.jpg,88.3765370842951,27.828711018624
43,208_fs3-00014.jpg,88.1572277917202,28.4747549870585
44,208_fs3-00014.jpg,87.9358672819042,29.1202315887368
45,208_fs3-00014.jpg,87.7125544612661,29.7649811139724
46,208_fs3-00014.jpg,87.4873882362248,30.4088438530789
47,208_fs3-00014.jpg,87.2604675131992,31.0516600963698
48,208_fs3-00014.jpg,87.0318911986082,31.6932701341586
49,208_fs3-00014.jpg,86.8017581988706,32.3335142567589
50,208_fs3-00014.jpg,86.5701674204053,32.9722327544843
51,208_fs3-00014.jpg,86.3372177696311,33.6092659176482
52,208_fs3-00014.jpg,86.1030081529671,34.2444540365642
53,208_fs3-00014.jpg,85.867637476832,34.8776374015459
54,208_fs3-00014.jpg,85.6312046476448,35.5086563029068
55,208_fs3-00014.jpg,85.3938085718243,36.1373510309605
56,208_fs3-00014.jpg,85.1555481557894,36.7635618760204
57,208_fs3-00014.jpg,84.9165223059589,37.3871291284002
58,208_fs3-00014.jpg,84.6752218092575,38.0078930784134
59,208_fs3-00014.jpg,84.4254711345209,38.6256940163735
60,208_fs3-00014.jpg,84.166797098396,39.2403722325941
61,208_fs3-00014.jpg,83.8993678561006,39.8517680173886
62,208_fs3-00014.jpg,83.6233515628522,40.4597216610707
63,208_fs3-00014.jpg,83.3389163738686,41.064073453954
64,208_fs3-00014.jpg,83.0462304443673,41.6646636863518
65,208_fs3-00014.jpg,82.745461929566,42.2613326485778
66,208_fs3-00014.jpg,82.4367789846825,42.8539206309456
67,208_fs3-00014.jpg,82.1203497649342,43.4422679237686
68,208_fs3-00014.jpg,81.7963424255389,44.0262148173605
69,208_fs3-00014.jpg,81.4649251217142,44.6056016020347
70,208_fs3-00014.jpg,81.1262660086778,45.1802685681048
71,208_fs3-00014.jpg,80.7805332416473,45.7500560058843
72,208_fs3-00014.jpg,80.4278949758403,46.3148042056868
73,208_fs3-00014.jpg,80.0685193664746,46.8743534578259
74,208_fs3-00014.jpg,79.7025745687677,47.428544052615
75,208_fs3-00014.jpg,79.3302287379374,47.9772162803677
76,208_fs3-00014.jpg,78.9516500292012,48.5202104313976
77,208_fs3-00014.jpg,78.5670065977768,49.0573667960182
78,208_fs3-00014.jpg,78.1764665988819,49.588525664543
79,208_fs3-00014.jpg,77.7801981877341,50.1135273272857
80,208_fs3-00014.jpg,77.378369519551,50.6322120745596
81,208_fs3-00014.jpg,76.9711487495503,51.1444201966784
82,208_fs3-00014.jpg,76.5587040329497,51.6499919839557
83,208_fs3-00014.jpg,76.1412035249668,52.1487677267049
84,208_fs3-00014.jpg,75.7188153808193,52.6405877152396
85,208_fs3-00014.jpg,75.2917077557248,53.1252922398733
86,208_fs3-00014.jpg,74.8600488049009,53.6027215909197
87,208_fs3-00014.jpg,74.4240066835653,54.0727160586921
88,208_fs3-00014.jpg,73.9837495469357,54.5351159335043
89,208_fs3-00014.jpg,73.5394455502297,54.9897615056696
90,208_fs3-00014.jpg,73.0912628486649,55.4364930655018
91,208_fs3-00014.jpg,72.6393695974591,55.8751509033142
92,208_fs3-00014.jpg,72.1839339518297,56.3055753094205
93,208_fs3-00014.jpg,71.7251240669946,56.7276065741341
94,208_fs3-00014.jpg,71.2631080981714,57.1410849877688
95,208_fs3-00014.jpg,70.7980542005776,57.5458508406379
96,208_fs3-00014.jpg,70.330130529431,57.941744423055
97,208_fs3-00014.jpg,69.8595052399491,58.3286060253336
98,208_fs3-00014.jpg,69.3863464873497,58.7062759377874
99,208_fs3-00014.jpg,68.9108224268504,59.0745944507298
100,208_fs3-00014.jpg,68.4331012136689,59.4334018544745
101,208_fs3-00014.jpg,67.9461692831765,59.7825411308095
102,208_fs3-00014.jpg,67.4422334263018,60.1218674251645
103,208_fs3-00014.jpg,66.9221527708482,60.451239317523
104,208_fs3-00014.jpg,66.3867995329579,60.7705153880736
105,208_fs3-00014.jpg,65.8370459287734,61.0795542170047
106,208_fs3-00014.jpg,65.273764174437,61.3782143845048
107,208_fs3-00014.jpg,64.6978264860912,61.6663544707624
108,208_fs3-00014.jpg,64.1101050798782,61.943833055966
109,208_fs3-00014.jpg,63.5114721719406,62.2105087203039
110,208_fs3-00014.jpg,62.9027999784207,62.4662400439648
111,208_fs3-00014.jpg,62.2849607154608,62.710885607137
112,208_fs3-00014.jpg,61.6588265992035,62.9443039900091
113,208_fs3-00014.jpg,61.0252698457909,63.1663537727695
114,208_fs3-00014.jpg,60.3851626713656,63.3768935356067
115,208_fs3-00014.jpg,59.7393772920698,63.5757818587091
116,208_fs3-00014.jpg,59.0887859240461,63.7628773222653
117,208_fs3-00014.jpg,58.4342607834368,63.9380385064636
118,208_fs3-00014.jpg,57.7766740863842,64.1011239914927
119,208_fs3-00014.jpg,57.1168980490308,64.2519923575409
120,208_fs3-00014.jpg,56.4558048875189,64.3905021847968
121,208_fs3-00014.jpg,55.7942668179909,64.5165120534487
122,208_fs3-00014.jpg,55.1331560565893,64.6298805436852
123,208_fs3-00014.jpg,54.4733448194563,64.7304662356948
124,208_fs3-00014.jpg,53.8157053227343,64.8181277096659
125,208_fs3-00014.jpg,53.1611097825659,64.8927235457869
126,208_fs3-00014.jpg,52.5104304150933,64.9541123242465
127,208_fs3-00014.jpg,51.8645394364589,65.002152625233
128,208_fs3-00014.jpg,51.2243090628051,65.0367030289349
129,208_fs3-00014.jpg,50.5906115102743,65.0576221155406
130,208_fs3-00014.jpg,49.9643189950089,65.0647684652388
131,208_fs3-00014.jpg,49.3463037331512,65.0580006582177
132,208_fs3-00014.jpg,48.7374270654173,65.0371772763515
133,208_fs3-00014.jpg,48.1279714286221,65.0022084359332
134,208_fs3-00014.jpg,47.509550168983,64.9531909641086
135,208_fs3-00014.jpg,46.8831055787391,64.8902639589537
136,208_fs3-00014.jpg,46.2495799501298,64.8135665185445
137,208_fs3-00014.jpg,45.6099155753943,64.7232377409572
138,208_fs3-00014.jpg,44.9650547467717,64.6194167242679
139,208_fs3-00014.jpg,44.3159397565013,64.5022425665526
140,208_fs3-00014.jpg,43.6635128968223,64.3718543658874
141,208_fs3-00014.jpg,43.008716459974,64.2283912203483
142,208_fs3-00014.jpg,42.3524927381957,64.0719922280116
143,208_fs3-00014.jpg,41.6957840237264,63.9027964869532
144,208_fs3-00014.jpg,41.0395326088054,63.7209430952492
145,208_fs3-00014.jpg,40.3846807856719,63.5265711509757
146,208_fs3-00014.jpg,39.7321708465653,63.3198197522089
147,208_fs3-00014.jpg,39.0829450837247,63.1008279970247
148,208_fs3-00014.jpg,38.4379457893893,62.8697349834992
149,208_fs3-00014.jpg,37.7981152557983,62.6266798097086
150,208_fs3-00014.jpg,37.1643957751911,62.3718015737289
151,208_fs3-00014.jpg,36.5377296398067,62.1052393736362
152,208_fs3-00014.jpg,35.9190591418845,61.8271323075066
153,208_fs3-00014.jpg,35.3093265736637,61.5376194734161
154,208_fs3-00014.jpg,34.7094742273834,61.2368399694408
155,208_fs3-00014.jpg,34.1204443952829,60.9249328936569
156,208_fs3-00014.jpg,33.5431793696014,60.6020373441404
157,208_fs3-00014.jpg,32.9786214425783,60.2682924189674
158,208_fs3-00014.jpg,32.4277129064525,59.9238372162139
159,208_fs3-00014.jpg,31.8913960534636,59.5688108339561
160,208_fs3-00014.jpg,31.3706131758505,59.20335237027
161,208_fs3-00014.jpg,30.8663065658526,58.8276009232317
162,208_fs3-00014.jpg,30.3794185157091,58.4416955909172
163,208_fs3-00014.jpg,29.9108913176591,58.0457754714028
164,208_fs3-00014.jpg,29.4616672639421,57.6399796627644
165,208_fs3-00014.jpg,29.0326886467971,57.2244472630781
166,208_fs3-00014.jpg,28.6241071547792,56.79931737042
167,208_fs3-00014.jpg,28.2233089406118,56.3647290828663
168,208_fs3-00014.jpg,27.8258048508953,55.9208214984928
169,208_fs3-00014.jpg,27.4318348980433,55.4677337153759
170,208_fs3-00014.jpg,27.0416390944696,55.0056048315915
171,208_fs3-00014.jpg,26.6554574525879,54.5345739452156
172,208_fs3-00014.jpg,26.2735299848117,54.0547801543245
173,208_fs3-00014.jpg,25.8960967035548,53.5663625569942
174,208_fs3-00014.jpg,25.5233976212309,53.0694602513007
175,208_fs3-00014.jpg,25.1556727502537,52.5642123353201
176,208_fs3-00014.jpg,24.7931621030368,52.0507579071286
177,208_fs3-00014.jpg,24.436105691994,51.5292360648022
178,208_fs3-00014.jpg,24.0847435295389,50.9997859064169
179,208_fs3-00014.jpg,23.7393156280851,50.4625465300489
180,208_fs3-00014.jpg,23.4000620000464,49.9176570337742
181,208_fs3-00014.jpg,23.0672226578366,49.365256515669
182,208_fs3-00014.jpg,22.7410376138691,48.8054840738093
183,208_fs3-00014.jpg,22.4217468805578,48.2384788062712
184,208_fs3-00014.jpg,22.1095904703163,47.6643798111307
185,208_fs3-00014.jpg,21.8048083955583,47.0833261864639
186,208_fs3-00014.jpg,21.5076406686975,46.495457030347
187,208_fs3-00014.jpg,21.2183273021476,45.900911440856
188,208_fs3-00014.jpg,20.9371083083222,45.299828516067
189,208_fs3-00014.jpg,20.6642236996351,44.692347354056
190,208_fs3-00014.jpg,20.3999134884999,44.0786070528992
191,208_fs3-00014.jpg,20.1444176873302,43.4587467106726
192,208_fs3-00014.jpg,19.8979763085399,42.8329054254524
193,208_fs3-00014.jpg,19.6608293645426,42.2012222953145
194,208_fs3-00014.jpg,19.4332168677519,41.5638364183351
195,208_fs3-00014.jpg,19.2153788305815,40.9208868925903
196,208_fs3-00014.jpg,19.0075552654451,40.2725128161561
197,208_fs3-00014.jpg,18.8099861847565,39.6188532871086
198,208_fs3-00014.jpg,18.6229116009293,38.9600474035239
199,208_fs3-00014.jpg,18.4465715263771,38.2962342634781
200,208_fs3-00014.jpg,18.2812059735137,37.6275529650472
1,208_fs3-00015.jpg,96.996336996337,-5.58461947789434
2,208_fs3-00015.jpg,96.8597289474818,-4.97553608748123
3,208_fs3-00015.jpg,96.721112407184,-4.36246851291637
4,208_fs3-00015.jpg,96.5805095199348,-3.74551791017649
5,208_fs3-00015.jpg,96.4379424302253,-3.12478543523829
6,208_fs3-00015.jpg,96.2934332825471,-2.50037224407853
7,208_fs3-00015.jpg,96.1470042213912,-1.87237949267396
8,208_fs3-00015.jpg,95.9986773912489,-1.24090833700131
9,208_fs3-00015.jpg,95.8484749366115,-0.606059933037301
10,208_fs3-00015.jpg,95.6964190019702,0.0320645632413346
11,208_fs3-00015.jpg,95.5425317318164,0.673363995857812
12,208_fs3-00015.jpg,95.3868352706411,1.31773720883547
13,208_fs3-00015.jpg,95.2293517629357,1.96508304619749
14,208_fs3-00015.jpg,95.0701033531915,2.61530035196722
15,208_fs3-00015.jpg,94.9091121858997,3.26828797016785
16,208_fs3-00015.jpg,94.7464004055515,3.92394474482268
17,208_fs3-00015.jpg,94.5819901566382,4.58216951995499
18,208_fs3-00015.jpg,94.415903583651,5.242861139588
19,208_fs3-00015.jpg,94.2481628310813,5.90591844774502
20,208_fs3-00015.jpg,94.0787900434202,6.57124028844927
21,208_fs3-00015.jpg,93.907807365159,7.23872550572403
22,208_fs3-00015.jpg,93.735236940789,7.90827294359258
23,208_fs3-00015.jpg,93.5611009148013,8.57978144607819
24,208_fs3-00015.jpg,93.3854214316874,9.25314985720408
25,208_fs3-00015.jpg,93.2082206359384,9.92827702099353
26,208_fs3-00015.jpg,93.0295206720455,10.6050617814698
27,208_fs3-00015.jpg,92.8493436845001,11.2834029826562
28,208_fs3-00015.jpg,92.6677118177933,11.963199468576
29,208_fs3-00015.jpg,92.4846472164165,12.6443500832524
30,208_fs3-00015.jpg,92.3001720248608,13.3267536707086
31,208_fs3-00015.jpg,92.1143083876177,14.010309074968
32,208_fs3-00015.jpg,91.9270784491781,14.6949151400539
33,208_fs3-00015.jpg,91.7385043540335,15.3804707099894
34,208_fs3-00015.jpg,91.5486082466751,16.0668746287978
35,208_fs3-00015.jpg,91.3574122715942,16.7540257405025
36,208_fs3-00015.jpg,91.164938573282,17.4418228891266
37,208_fs3-00015.jpg,90.9712092962297,18.1301649186935
38,208_fs3-00015.jpg,90.7762465849286,18.8189506732263
39,208_fs3-00015.jpg,90.5800725838699,19.5080789967485
40,208_fs3-00015.jpg,90.382709437545,20.1974487332831
41,208_fs3-00015.jpg,90.1841792904451,20.8869587268535
42,208_fs3-00015.jpg,89.9845042870613,21.576507821483
43,208_fs3-00015.jpg,89.783706571885,22.2659948611948
44,208_fs3-00015.jpg,89.5818082894075,22.9553186900122
45,208_fs3-00015.jpg,89.3788315841199,23.6443781519584
46,208_fs3-00015.jpg,89.1747986005136,24.3330720910567
47,208_fs3-00015.jpg,88.9697314830797,25.0212993513305
48,208_fs3-00015.jpg,88.7636523763096,25.7089587768028
49,208_fs3-00015.jpg,88.5565834246944,26.395949211497
50,208_fs3-00015.jpg,88.3490141443161,27.0821694994364
51,208_fs3-00015.jpg,88.141728659121,27.7675184846442
52,208_fs3-00015.jpg,87.9345616850956,28.4518950111438
53,208_fs3-00015.jpg,87.7273265133723,29.1351979229582
54,208_fs3-00015.jpg,87.5198364350836,29.8173260641109
55,208_fs3-00015.jpg,87.311904741362,30.4981782786251
56,208_fs3-00015.jpg,87.1033447233398,31.177653410524
57,208_fs3-00015.jpg,86.8939696721497,31.8556503038309
58,208_fs3-00015.jpg,86.6835928789241,32.5320678025691
59,208_fs3-00015.jpg,86.4720276347953,33.2068047507618
60,208_fs3-00015.jpg,86.259087230896,33.8797599924323
61,208_fs3-00015.jpg,86.0445849583585,34.5508323716039
62,208_fs3-00015.jpg,85.8283341083153,35.2199207322998
63,208_fs3-00015.jpg,85.610147971899,35.8869239185433
64,208_fs3-00015.jpg,85.3898398402418,36.5517407743576
65,208_fs3-00015.jpg,85.1672230044765,37.2142701437661
66,208_fs3-00015.jpg,84.9421107557353,37.8744108707919
67,208_fs3-00015.jpg,84.7143163851507,38.5320617994584
68,208_fs3-00015.jpg,84.4836531838553,39.1871217737888
69,208_fs3-00015.jpg,84.2499344429814,39.8394896378064
70,208_fs3-00015.jpg,84.0129734536616,40.4890642355344
71,208_fs3-00015.jpg,83.7725835070283,41.1357444109961
72,208_fs3-00015.jpg,83.528577894214,41.7794290082148
73,208_fs3-00015.jpg,83.2807699063512,42.4200168712137
74,208_fs3-00015.jpg,83.0289728345722,43.0574068440161
75,208_fs3-00015.jpg,82.7729999700097,43.6914977706452
76,208_fs3-00015.jpg,82.512664603796,44.3221884951244
77,208_fs3-00015.jpg,82.2477800270636,44.9493778614768
78,208_fs3-00015.jpg,81.978159530945,45.5729647137258
79,208_fs3-00015.jpg,81.7036164065726,46.1928478958946
80,208_fs3-00015.jpg,81.4239639450789,46.8089262520065
81,208_fs3-00015.jpg,81.1390154375964,47.4210986260847
82,208_fs3-00015.jpg,80.8485841752575,48.0292638621525
83,208_fs3-00015.jpg,80.5524834491948,48.6333208042332
84,208_fs3-00015.jpg,80.2505265505407,49.23316829635
85,208_fs3-00015.jpg,79.9425267704275,49.8287051825262
86,208_fs3-00015.jpg,79.6282973999878,50.419830306785
87,208_fs3-00015.jpg,79.3076517303542,51.0064425131498
88,208_fs3-00015.jpg,78.980403052659,51.5884406456437
89,208_fs3-00015.jpg,78.6463646580346,52.1657235482901
90,208_fs3-00015.jpg,78.3053498376137,52.7381900651122
91,208_fs3-00015.jpg,77.9534147649374,53.305722489785
92,208_fs3-00015.jpg,77.5834932783856,53.8680868175293
93,208_fs3-00015.jpg,77.1960441213915,54.4249991837338
94,208_fs3-00015.jpg,76.7917223478613,54.9761755332634
95,208_fs3-00015.jpg,76.3711830117015,55.5213318109834
96,208_fs3-00015.jpg,75.9350811668184,56.0601839617584
97,208_fs3-00015.jpg,75.4840718671183,56.5924479304537
98,208_fs3-00015.jpg,75.0188101665076,57.1178396619343
99,208_fs3-00015.jpg,74.5399511188926,57.636075101065
100,208_fs3-00015.jpg,74.0481497781797,58.1468701927109
101,208_fs3-00015.jpg,73.5440611982751,58.6499408817371
102,208_fs3-00015.jpg,73.0283404330852,59.1450031130085
103,208_fs3-00015.jpg,72.5016425365165,59.6317728313901
104,208_fs3-00015.jpg,71.9646225624751,60.1099659817469
105,208_fs3-00015.jpg,71.4179355648675,60.579298508944
106,208_fs3-00015.jpg,70.8622365976001,61.0394863578463
107,208_fs3-00015.jpg,70.298180714579,61.4902454733188
108,208_fs3-00015.jpg,69.7264229697108,61.9312918002266
109,208_fs3-00015.jpg,69.1476184169017,62.3623412834346
110,208_fs3-00015.jpg,68.562422110058,62.7831098678078
111,208_fs3-00015.jpg,67.9714891030861,63.1933134982114
112,208_fs3-00015.jpg,67.3754744498925,63.5926681195101
113,208_fs3-00015.jpg,66.7750332043832,63.9808896765691
114,208_fs3-00015.jpg,66.1708204204648,64.3576941142534
115,208_fs3-00015.jpg,65.5634911520436,64.7227973774279
116,208_fs3-00015.jpg,64.9537004530259,65.0759154109577
117,208_fs3-00015.jpg,64.3421033773181,65.4167641597077
118,208_fs3-00015.jpg,63.7293549788264,65.745059568543
119,208_fs3-00015.jpg,63.1161103114574,66.0605175823286
120,208_fs3-00015.jpg,62.5030244291171,66.3628541459294
121,208_fs3-00015.jpg,61.8907523857122,66.6517852042105
122,208_fs3-00015.jpg,61.2799492351488,66.927026702037
123,208_fs3-00015.jpg,60.6712700313332,67.1882945842736
124,208_fs3-00015.jpg,60.065369828172,67.4353047957856
125,208_fs3-00015.jpg,59.4527644457244,67.6678134933208
126,208_fs3-00015.jpg,58.8216744779533,67.8857703838689
127,208_fs3-00015.jpg,58.1733637065379,68.0891833346405
128,208_fs3-00015.jpg,57.5091399537756,68.2780602241963
129,208_fs3-00015.jpg,56.8303110419637,68.4524089310971
130,208_fs3-00015.jpg,56.1381847933999,68.6122373339034
131,208_fs3-00015.jpg,55.4340690303816,68.7575533111762
132,208_fs3-00015.jpg,54.7192715752062,68.888364741476
133,208_fs3-00015.jpg,53.9951002501712,69.0046795033635
134,208_fs3-00015.jpg,53.2628628775741,69.1065054753996
135,208_fs3-00015.jpg,52.5238672797122,69.1938505361449
136,208_fs3-00015.jpg,51.7794212788832,69.2667225641602
137,208_fs3-00015.jpg,51.0308326973844,69.3251294380061
138,208_fs3-00015.jpg,50.2794093575133,69.3690790362433
139,208_fs3-00015.jpg,49.5264590815673,69.3985792374326
140,208_fs3-00015.jpg,48.7732896918441,69.4136379201348
141,208_fs3-00015.jpg,48.0212090106408,69.4142629629104
142,208_fs3-00015.jpg,47.2715248602552,69.4004622443203
143,208_fs3-00015.jpg,46.5255450629845,69.3722436429251
144,208_fs3-00015.jpg,45.7845774411264,69.3296150372856
145,208_fs3-00015.jpg,45.0499298169781,69.2725843059625
146,208_fs3-00015.jpg,44.3229100128373,69.2011593275164
147,208_fs3-00015.jpg,43.6048258510014,69.1153479805081
148,208_fs3-00015.jpg,42.8969851537678,69.0151581434984
149,208_fs3-00015.jpg,42.2006957434339,68.9005976950479
150,208_fs3-00015.jpg,41.5172654422973,68.7716745137174
151,208_fs3-00015.jpg,40.8480020726555,68.6283964780675
152,208_fs3-00015.jpg,40.1942134568058,68.470771466659
153,208_fs3-00015.jpg,39.5572074170458,68.2988073580527
154,208_fs3-00015.jpg,38.9382917756728,68.1125120308091
155,208_fs3-00015.jpg,38.3387743549844,67.9118933634891
156,208_fs3-00015.jpg,37.7599629772781,67.6969592346533
157,208_fs3-00015.jpg,37.2031654648512,67.4677175228625
158,208_fs3-00015.jpg,36.6693323159907,67.2241761066774
159,208_fs3-00015.jpg,36.1455802773327,66.9663428646586
160,208_fs3-00015.jpg,35.6250210806947,66.694225675367
161,208_fs3-00015.jpg,35.1078003635766,66.4078324173632
162,208_fs3-00015.jpg,34.5940637634782,66.1071709692079
163,208_fs3-00015.jpg,34.0839569178993,65.7922492094619
164,208_fs3-00015.jpg,33.5776254643397,65.4630750166859
165,208_fs3-00015.jpg,33.0752150402994,65.1196562694406
166,208_fs3-00015.jpg,32.576871283278,64.7620008462866
167,208_fs3-00015.jpg,32.0827398307755,64.3901166257848
168,208_fs3-00015.jpg,31.5929663202917,64.0040114864958
169,208_fs3-00015.jpg,31.1076963893263,63.6036933069804
170,208_fs3-00015.jpg,30.6270756753792,63.1891699657992
171,208_fs3-00015.jpg,30.1512498159503,62.7604493415131
172,208_fs3-00015.jpg,29.6803644485394,62.3175393126826
173,208_fs3-00015.jpg,29.2145652106462,61.8604477578685
174,208_fs3-00015.jpg,28.7539977397707,61.3891825556316
175,208_fs3-00015.jpg,28.2988076734126,60.9037515845326
176,208_fs3-00015.jpg,27.8491406490718,60.404162723132
177,208_fs3-00015.jpg,27.4051423042481,59.8904238499908
178,208_fs3-00015.jpg,26.9669582764413,59.3625428436696
179,208_fs3-00015.jpg,26.5347342031513,58.820527582729
180,208_fs3-00015.jpg,26.1086157218779,58.2643859457299
181,208_fs3-00015.jpg,25.6887484701209,57.6941258112329
182,208_fs3-00015.jpg,25.2752780853801,57.1097550577988
183,208_fs3-00015.jpg,24.8683502051554,56.5112815639883
184,208_fs3-00015.jpg,24.4681104669466,55.898713208362
185,208_fs3-00015.jpg,24.0747045082535,55.2720578694808
186,208_fs3-00015.jpg,23.6882779665759,54.6313234259053
187,208_fs3-00015.jpg,23.3089764794137,53.9765177561962
188,208_fs3-00015.jpg,22.9369456842668,53.3076487389143
189,208_fs3-00015.jpg,22.5723312186348,52.6247242526202
190,208_fs3-00015.jpg,22.2152787200177,51.9277521758747
191,208_fs3-00015.jpg,21.8659338259152,51.2167403872385
192,208_fs3-00015.jpg,21.5244421738273,50.4916967652723
193,208_fs3-00015.jpg,21.1909494012538,49.7526291885369
194,208_fs3-00015.jpg,20.8656011456943,48.9995455355929
195,208_fs3-00015.jpg,20.5485430446489,48.232453685001
196,208_fs3-00015.jpg,20.2399207356172,47.451361515322
197,208_fs3-00015.jpg,19.9398798560992,46.6562769051167
198,208_fs3-00015.jpg,19.6485660435947,45.8472077329456
199,208_fs3-00015.jpg,19.3661249356035,45.0241618773696
200,208_fs3-00015.jpg,19.0927021696253,44.1871472169493
