1,,2,,3,,4,,5,,6,,7,,8,,9,,10,,11,,12,,13,,14,,15,,16,,17,
100.35502958579872,37.89564522769797,91.22569737954342,31.065552243758816,73.64327979712579,21.80097067148489,60.32121724429413,17.94636373995496,54.3702451394758,23.01821496565225,48.351648351648066,31.268426292786614,43.415046491969576,39.31576357089335,37.5993237531697,47.768848947055574,31.242603550295655,55.13993939506912,25.832628909551772,63.72827413724991,20.490278951817345,70.22024370614264,16.432797971259617,77.92945756920253,14.13355874894313,83.20418284392781,9.061707523245843,90.30477455990416,6.424344885883215,94.768003638518,2.8402366863903126,100.44847701129899,0,104.37070862583823
100.45859370867487,37.14319658584617,91.69852062786168,30.479730103437475,74.32915197805954,21.46837593212922,60.95955433333398,17.463507302747473,54.84885707522159,22.493583725432757,48.75580813889138,30.65808569666524,43.731933408475356,38.69085330580356,37.996954528898925,47.17692442862341,31.608614630985983,54.53704131976383,26.227819529019996,63.087193699213515,20.955724342012275,69.58279087410858,16.931187177001675,77.31748308543106,14.639670863708659,82.62438826921823,9.556017924994023,89.66028811000601,6.963974587143866,94.21887169576007,3.401817097133346,99.91985632179652,0.5265954971309839,103.77716228083409
100.56129493370412,36.3905587405539,92.16795544769315,29.88939309058287,75.01179948927557,21.13471215718789,61.59871278374766,16.988316633835723,55.3305690490825,21.961143149821964,49.16210820825262,30.049720928637726,44.05174303886167,38.06316392110318,38.39341415781843,46.57936392977592,31.97359029964906,53.931531181539526,26.62154642048631,62.44495942304792,21.418574436220695,68.94533849319404,17.426077576964758,76.70346875784134,15.14145364013342,82.04081758067068,10.04817529751358,89.01889048637597,7.500725720288301,93.66670746944493,3.9599166176674885,99.3885140811548,1.051529681820739,103.18564461519168
100.66307301588807,35.63773424436158,92.63373647585087,29.29460622057212,75.69119473719974,20.799869989749368,62.23868861313866,16.520603611470733,55.8153333607616,21.421435076010084,49.57051927267105,29.443313799122052,44.374436628388025,37.432842530791675,38.7886950514889,45.97634185569041,32.33753091338576,53.323475101182225,27.01379899065131,61.80158243776873,21.87881738595121,68.30783993464891,17.91744378270414,76.08741515642336,15.638895909008511,81.4535150889105,10.538186823166711,88.38043627573569,8.034495970750186,93.11152737921276,4.5145021102352985,98.85445317989976,1.5747949405446775,102.59605074084351
100.76386771022788,34.88472564980958,93.09559834914813,28.695434508782398,76.36731012825732,20.46374007290217,62.87947783911085,16.060180113903698,56.30310230996196,20.875001341187044,49.98101204508572,28.838846118536424,44.6999754223138,36.80003624886848,39.18278962147116,45.36803261154415,32.700436829297075,52.71293919947783,27.404566646215585,61.15707387239155,22.33644134271259,67.67024856972307,18.405260405774982,75.46932285116716,16.131986501125027,80.86252510456302,11.026059684315612,87.74478006480678,8.565183023963186,92.55334784470381,5.065540437079164,98.31767650855738,2.096383659778155,102.00827576972208
100.86361877172493,34.13153550943832,93.553275704398,28.09194297059088,77.04011806887416,20.1262130497347,63.52107647926772,15.606858019385811,56.79382819638664,20.322383782542943,50.3935572384359,28.23629969729882,45.028320665898434,36.164892189333045,39.575690279325784,44.75461060251433,33.06230840448404,52.09998959721247,27.793838793879615,60.51144485593204,22.79143445801361,67.03251776966641,18.88950205773267,74.84919241206282,16.620714247274066,80.26789193825357,11.511801063322537,87.1117764403109,9.092684565361026,91.99218528555824,5.612998460441645,97.77818695765359,2.6162882259966977,101.42221481375987
100.96226595538093,33.37816637578828,94.00650317841377,27.484196621374622,77.70959096547568,19.78717956333537,64.16348055121313,15.16044920616821,57.28746331973883,19.764124237267936,50.80812556566076,27.63565634582733,45.35943360440143,35.52755746618482,39.96738943661359,44.1362502337783,33.423145996047595,51.48469241517205,28.18160484034405,59.86470651740581,23.24378488336282,66.39460090572888,19.370143350132423,74.2270244091003,17.105067978246723,79.66965990060751,11.995418142549681,86.4812799889697,9.616898280377427,91.42805612141623,6.156843042565242,97.23598741771434,3.1345010256757178,100.83776298488937
101.05974901619692,32.62462080139977,94.45501540800836,26.87226047651086,78.37570122448773,19.446530256792755,64.80668607255058,14.720765552502087,57.78395997972149,19.20076454255195,51.224687739699505,27.036897874540045,45.693275483082175,34.88817919342324,40.35787950489532,43.51312591051328,33.782949961088775,50.86711377414258,28.567854192309426,59.21686998582845,23.693480770269105,65.7564513491603,19.847158894529457,73.6028194122697,17.585036524834038,79.06787330225012,12.476918104359186,85.8531452975048,10.137721854446056,90.86097677191808,6.697041045692458,96.69108077926558,3.6510144452905138,100.25481539504307
101.1560077091745,31.87090133881327,94.8985470299952,26.256199551376653,79.03842125233558,19.104155773195203,65.45068906088392,14.28761893663858,58.28327047603767,18.632846535585145,51.64321447349124,26.440006093855004,46.02980754720011,34.24690448504771,40.747152895731574,42.88541203789657,34.1417206567084,50.24731979491003,28.952576256476277,58.56794639021564,24.140510270241066,65.11802247121062,20.320523302479103,72.97657799156099,18.060608717827108,78.4625764538068,12.95630813111336,85.22722695263786,10.655052973000693,90.2909636567039,7.233559332065738,96.14346993283323,4.165820871316612,99.67326715615346
101.25098178931495,31.117010540569197,95.33683268118745,25.636078861349176,79.6977234554451,18.759946755631177,66.09548553381666,13.860821236828883,58.78534710839068,18.060912053557615,52.0636764799753,25.844962814190296,46.36899104201467,33.60388045505772,41.13520202068321,42.2532830211054,34.49945844000763,49.6253765982604,29.335760439545254,57.917946859583026,24.58486153478742,64.47926764312973,20.79021118553652,72.34830071696422,18.531773388017086,77.8538136659028,13.433595405174287,84.60337954109048,11.168789321474947,89.71803319541391,7.766364763927697,95.59315776894326,4.678912690229424,99.09301338015302
101.34461101161986,30.36295095920798,95.76960699839805,25.011963421805547,80.3535802402418,18.413793847189197,66.74107150895242,13.440184331324076,59.29014217648336,17.48550293365929,52.48604447209067,25.25174984596407,46.71078721278536,32.95925421745267,41.52201929131081,41.61691326531701,34.85616366808728,49.001350304979724,29.717396148216835,57.26688252294616,25.02652271541689,63.84014023616754,21.256197155257098,71.71798815846944,18.998519366195012,77.24162924916354,13.908787108904335,83.98145764958434,11.67882858530254,89.14220180768834,8.295424203520724,95.0401471781216,5.190282288504363,98.51394917897426
101.43683513109039,29.60872514726998,96.19660461844029,24.383918248122882,81.0059640131513,18.065587690957614,67.38744300389504,13.02552009837541,59.79760798001888,16.907161013080383,52.91028916277668,24.660348999594248,47.05515730477157,32.313172886231996,41.90759711917519,40.97647717570874,35.211836698048444,48.37530703585389,30.097472789191613,56.61476450932065,25.46548196363824,63.20059362157389,21.718455823195995,71.08564088606664,19.460835483151982,76.6260675142143,14.381890424665528,83.36131586484109,12.185068449917253,88.5634859131674,8.820704513087321,94.48444105089422,5.6999220526168415,97.93596966454967
101.52759390272803,28.854335657295678,96.61756017812735,23.752008355678413,81.65484718059912,17.715218930025003,68.03459603624816,12.616640416233963,60.307696818700435,16.32642812901088,53.33638126497232,24.070742085499035,47.40206256323273,31.66578357539521,42.29192791583705,40.33214915745782,35.566477886992004,47.74731291166904,30.475979769170124,55.96160394772221,25.90172743096008,62.56058117059871,22.176961800908543,70.4512594697459,19.91871056967915,76.00717277168042,14.852912534820234,82.74280877358234,12.687406600752695,87.98190193149128,9.342172554870046,93.92604227778705,6.207824369042271,97.35896994881173
101.61682708153427,28.09978504182544,97.0322083142724,23.1162987598492,82.300202149011,17.36257820747977,68.68252662361527,12.213357163150931,60.820360992230974,15.743846118640874,53.76429149161703,23.482910914096408,47.751464233428294,31.0172333989417,42.67500409285714,39.68410361574149,35.920087592019,47.117434053211014,30.852906494853016,55.307411967166445,26.335247268891237,61.92005625449184,22.63168969994996,69.81484447949725,20.372133456567497,75.38498933218722,15.321860621730536,82.12579096252972,13.185740723242589,87.39746628230017,9.859795191111402,93.36495374932605,6.713981624256064,96.78284514369295
101.70447442251037,27.345075853399635,97.4402836636886,22.47685447601242,82.94200132481234,17.007556166410325,69.33123078360035,11.815482217377507,61.33555280031368,15.15995681916047,54.19399055564992,22.896837295804517,48.103323560617696,30.36766947087085,43.05681806179609,39.032514955736985,36.272666170230366,46.48573658126588,31.22824237294077,54.6521996966689,26.766029628940316,61.27897224450328,23.08261413187546,69.17639648531068,20.821092974608177,74.75956150636006,15.788741867758745,81.51011701840488,13.679968502820657,86.8101953852343,10.373539284053834,92.80117835603716,7.21838620473369,96.20749036112579
101.79047568065772,26.590210644558795,97.84152086318915,21.833740519545245,83.58021711442899,16.650043449905183,69.98070453380677,11.422827457164772,61.85322454265162,14.575302067759651,54.625449170010086,22.312503041041396,48.45760179006044,29.717238905182228,43.437362234214675,38.377557582621705,36.624213978727084,45.85228661661961,31.601976810133976,53.9959782652453,27.194062662616034,60.637282511882916,23.529709708240375,68.53591605717622,21.26557795459229,74.13093360482426,16.253563455267,80.89564152792948,14.169987624920623,86.22010565993384,10.8833716959399,92.2347189884463,7.721030496950505,95.63280071304274
101.87477061097792,25.835191967843286,98.23565454958708,21.18702190582468,84.21482192428647,16.28993070105281,70.63094389183829,11.035204760763975,62.373328518947744,13.990423701628515,55.058638047636634,21.729889960225137,48.8142601670159,29.066088815875162,43.816629021673634,37.71940590157277,36.9747313746102,45.21715028005815,31.97409921313323,53.33875880191118,27.619334521427163,59.99494042788052,23.97295104059998,67.89340376508395,21.70557722731087,73.49914993820514,16.716332566617496,80.28221907782518,14.655695774976152,85.62721352603899,11.389259289012045,91.66557853707948,8.221906887381977,95.05867131137632
101.95729896847212,25.080022375793533,98.6224193596957,20.53676365022801,84.84578816081017,15.927108562941555,71.28194487529873,10.652426006426253,62.89581702890524,13.405863557957161,55.49352790146901,21.148979863773718,49.17325993674348,28.414366316949156,44.19461083573367,37.05823431776753,37.32421871498059,44.58039369236758,32.34459898863906,52.680552435682216,28.04183335688242,59.351899363746156,24.412312740509492,67.24886017902386,22.141079623555072,72.86425481712806,17.177056384172488,79.66970425481355,15.136990638420912,85.03153540318999,11.891168925512773,91.09375989246257,8.721007762503461,94.484997268059
102.0380005081418,24.3247044209499,99.00154993032817,19.8830307681323,85.47308823042607,15.561467678659994,71.93370350179151,10.274303072402688,63.42064237222729,12.822163473935632,55.930089444446196,20.569754562105345,49.53456234450272,27.762218522403657,44.57130008795548,36.39421723638327,37.672676356939235,43.94208297433386,32.71346554335207,52.02137029557406,28.46154732049041,58.70811269072959,24.847769419524184,66.602285868986,22.572073974115995,72.22629255221833,17.635742090294173,79.05795164561627,15.613769900688737,84.43308771102704,12.38906746768464,90.51926594512159,9.218325508790485,93.9116736950233
102.11681498498848,23.569240655852866,99.37278089829755,19.225888274914723,86.09669453955945,15.192898691296534,72.58621578892047,9.900647836944586,63.94775684861685,12.239865286754025,56.368293389507414,19.992195865638053,49.89812863555301,27.109792546238054,44.94668918989976,35.72752906259717,38.02010465758718,43.30228424674294,33.08068828397279,51.36122351060226,28.878464563759962,58.06353378008072,25.279295689199273,65.95368140496038,22.998549109784676,71.5853074541013,18.092396867344746,78.44681583695498,16.085931247213182,83.83188686919033,12.882921777770036,89.94209958558244,9.713852512718347,93.33859570420165
102.1936821540134,22.813633633042798,99.73584690041713,18.565401185952396,86.71657949463605,14.821292243939638,73.23947775428934,9.53127217830297,64.47711275777709,11.659510833602326,56.80811044959188,19.416285584789875,50.26392005515379,26.45723550245185,45.32077055312732,35.05834420158652,38.36650397402536,42.66106363038085,33.44625661720181,50.70012320978253,29.292573238199736,57.41811600304953,25.70686616109009,65.30304735693704,23.420493861352213,70.94134383340227,18.547027897686405,77.83615141555131,16.553372363428025,83.22794929732007,13.372698718011577,89.36226370437109,10.207581160762572,92.76565840752662
102.26854177021795,22.057885905060118,100.09048257349997,17.901634516622437,87.33271550208138,14.446538979677712,73.89348541550152,9.165987974729035,65.00866239941098,11.08164195167069,57.24951133763881,18.842005529978906,50.631897848564506,25.804694505044438,45.6935365891988,34.38683705852861,38.711874663354706,42.018487246033544,33.81015994973967,50.03808052213043,29.703861495318392,56.77181273088587,26.130455446751853,64.65038429490602,23.837897059609702,70.2944460007466,18.999642363681403,77.22581296812692,17.015990934766933,82.62129141505648,13.858365150651764,88.77976119201347,10.699503839398574,92.19275691693062
102.34133358860362,21.30200002444525,100.43642255435924,17.234653282302077,87.9450749683212,14.068529541599275,74.54823479016096,8.80460710447403,65.54235807322169,10.50680047814916,57.6924667665873,18.269337511623178,51.0020232610446,25.15231666801526,46.06497970967496,33.71318203860068,39.056217082676255,41.374621214487036,34.1723876882869,49.37510657666155,30.112317486624704,56.124577334839614,26.550038157739834,63.995692788857355,24.25074753534824,69.64465826675965,19.45024744769188,76.61565508140342,17.473684646663628,82.01192964203969,14.339887937932986,88.19459493903551,11.18961293510165,91.61978634434618
102.41199736417178,20.54597854373867,100.77340147980823,16.56452249836832,88.55363029978099,13.687154572792792,75.20372189587118,8.44694144578898,66.0778065824822,9.935528250227776,58.136947449376464,17.69826334014084,51.374257537853566,24.500249105363764,46.43509232611649,33.037553546980064,39.399531589091,40.72953165652734,34.53292923954416,48.71121250239162,30.51792936362739,55.47636318616071,26.96558890560931,63.3389734087811,24.65903411935892,68.99202494206668,19.898850332080144,76.00553234210247,17.926351184551834,81.39988039790998,14.8172339420978,87.60676783596318,11.677900834347383,91.04664180170579
102.48047285192382,19.78982401548069,101.10115398666,15.891307180198453,89.1583539028864,13.302304716346612,75.8599427502358,8.092802876925134,66.61401849164503,9.368367105096581,58.58292409894574,17.12876482594993,51.74856192425062,23.848638931089397,46.80386685008415,32.36012598884395,39.74181853969981,40.083284692940424,34.891774010211975,48.046409428336176,30.92068527783516,54.82712365609899,27.377082301915493,62.68022672466719,25.062745642432844,68.3365903372931,20.34545819920828,75.39529933694573,18.373888233865216,80.78516010230754,15.290370025388768,87.01628277332244,12.164359923611073,90.47321840094196
102.54669980686111,19.03353899221179,101.41941471172771,15.215072343169481,89.75921818406306,12.91387061534931,76.51689337085867,7.74200327613363,67.15140666845065,8.805858879945731,59.030367428234115,16.560823779468535,52.12489766549555,23.197633259191605,47.17129569313863,31.68107376936962,40.08307829160378,39.43594644451224,35.248911406990885,47.38070848351094,31.320573380756684,54.1768121159044,27.78449295821372,62.01945330650574,25.46187093536105,67.6783987630642,20.790078231438542,74.78481065265478,18.816193480037498,80.16778517487256,15.759263050048276,86.42314264163923,12.648982589368188,89.89941125398713
102.61061798398515,18.27712602647233,101.72791829182455,14.535883002658636,90.35619554973647,12.521742912889295,77.17456977534329,7.394354521665605,67.6904986564553,8.24854541196521,59.479248150180695,15.994422011114636,52.50322600684757,22.547379203669834,47.537371266840694,31.00057129373431,40.4233112019038,38.787583032028806,35.604330836581426,46.71412079693141,31.717581823900616,53.52538193682682,28.187795486059144,61.35665372428679,25.856398828934744,67.01749453000528,21.232717611133182,74.1739208759513,19.253164608502402,79.54777203524523,16.223879878318883,85.82735033143948,13.131761218094141,89.32511547277383
102.6721671382972,17.520587670802797,102.02639936376369,13.853804174043034,90.94925840633238,12.125812252055027,77.8329679812934,7.049668491772252,68.23182199921581,7.696968538345175,59.92953697772492,15.429541331306439,52.883508193566115,21.89802387852353,47.902085982750975,30.31879296711537,40.7625176277009,38.13826057627614,35.958021705684246,46.046657497613296,32.111698758775844,52.87278649011614,28.586964497007102,60.691828548000274,26.246318153944856,66.35392194874174,21.67338352065434,73.56248459355695,19.684699304693538,78.9251371030658,16.68418737244309,85.22890873324914,13.6126881962644,88.75022616923454
102.73128702479875,16.76392647774361,102.31459256435829,13.168900872699737,91.53837916027629,11.725969275934915,78.49208400631272,6.707757064704765,68.77590424028841,7.151670096275552,60.381204623805786,14.86616355046192,53.265705470910746,21.249714397752086,48.26543225243023,29.635913194689977,41.10069792609596,37.4880451980402,36.30997342099988,45.3783297145722,32.502912336890915,52.21897914702225,28.981974602612866,60.02497834763636,26.63161774118265,65.68772532989888,22.11208314236427,72.95035639219333,20.111089305061967,78.29989679797441,17.140152394663403,84.62782073759416,14.091755910354266,88.17463845530176
102.78791739849106,16.007144999835077,102.59223253042154,12.481238114006032,92.12353021799373,11.322104627617477,79.15191386800478,6.3684321187142245,69.3232729232297,6.613191922946555,60.8342218013625,14.304270478999229,53.64977908414079,20.602597875355002,48.62740248743921,28.952106381635474,41.43785245419008,36.837003018107,36.660175389228925,44.709148576823736,32.8912107097546,51.5639132787951,29.37280041443165,59.356103693184934,27.012286421439057,65.01894898410202,22.54882365862511,72.3373908585821,20.536194307966525,77.6720675396113,17.59174180722232,84.0240892350005,14.56895674683932,87.59824744290796
102.84239065747778,15.250245789617736,102.8590538987666,11.790880913338924,92.70468398591044,10.914108950191121,79.81245358397342,6.031505532051824,69.87445559159613,6.082075855548169,61.28855922333429,13.743843927336343,54.0356902785158,19.95682142533167,48.98614559527488,28.267546933129097,41.773981569084185,36.1852001572625,37.008617017071856,44.03912521338356,33.276582028875566,50.90754225668451,29.759416544018734,58.68520515463615,27.388313025505283,64.34763722197653,22.983612251799173,71.7234425794449,20.96082818159607,77.04166574761669,18.038922472362287,83.4177171159941,15.044283092194803,87.02094824398563
102.89517739523836,14.493231399631952,103.11479130620654,11.097894286075643,93.28181287045192,10.501872886744366,80.47369917182215,5.6967891829687005,70.42997978894408,5.558863731270435,61.74419065712942,13.184865705891411,54.42340029929511,19.31253216168153,49.33851705154666,27.582409254348022,42.10908562787921,35.53270273629272,37.35528771122932,43.36827075326727,33.65901444576264,50.24981945194037,30.141797602929387,58.012283301980005,27.759686384172312,63.67383435414769,23.416456104248596,71.10836614150335,21.38475107050641,76.40870784163076,18.481661252325864,82.8087072711009,15.5177273328963,86.44263597046728
102.94635831412751,13.736104382418091,103.35917938955464,10.402343247593308,93.85488927804391,10.085287080365617,81.1356466491547,5.364094949716048,70.99037305883024,5.044097387303509,62.201207414498015,12.627317625082469,54.81287039173816,18.669877198404038,49.68501207043931,26.896867750469653,42.4431649876762,34.879576875983616,37.700176878401805,42.69659632549053,34.03849611192442,49.590698235812624,30.519918202718827,57.33733870520649,28.126395328231354,62.99758469124089,23.847362398335633,70.49201613147912,21.80772311925324,75.77321024129373,18.919925009355552,82.19706259084683,15.989281855419108,85.8632057342854
102.99601378757217,12.978867290516689,103.59195278562407,9.704292813268978,94.42388561511194,9.66424217414334,81.7982920335748,5.033234710545059,71.55616294481098,4.538318660837433,62.65977354237708,12.071181495327608,55.2040618011045,18.02900364949869,50.02620910400225,26.211096826671223,42.77622000557608,34.225888697121206,38.04240033921866,42.024113059068895,34.41501517886962,48.93013197955116,30.893752954942386,56.66037193430566,28.488428688473448,62.31893254388143,24.276338316422425,69.87424713609383,22.229504472392307,75.13518936624575,19.353680605693796,81.58278596575786,16.458939046238754,85.28255264737248
103.04422418899941,12.221522676468055,103.8128461312279,9.003807998479942,94.99392523004002,9.238628811165938,82.46163134268596,4.704020343706816,72.12787699044276,4.042069389062249,63.12005339181866,11.516439127044919,55.596935574467864,17.39005862896488,50.36268660428465,25.52527088812991,43.10825103867978,33.57170432049145,38.38082595854354,41.35083208301802,34.788559798106974,48.26807405440593,31.263276471155223,55.9813835592675,28.845775295689634,61.63792222269461,24.703391040871225,69.2549137420691,22.649855274479364,74.49466163612709,19.782894903583156,80.96588028635995,16.927368850409835,84.70057182166099
103.09106989183596,11.464073092812612,104.0215940631794,8.300953818603205,95.57141934233908,8.808337634521934,83.12566059409204,4.3762637274525105,72.70604273928217,3.555891409167998,63.58221131387444,10.96307233065238,55.99114616545597,16.753189250801995,50.695023023335864,24.83956434002306,43.43758405451791,32.91708986688042,38.715683184069746,40.67676452635351,35.15911812114524,47.604477831626696,31.628463362912726,55.30037415008212,29.198423980671066,60.954598038305846,25.128527754044228,68.63387053612664,23.068535670070105,73.85164347057793,20.207534765266075,80.34634844317901,17.403038216583525,84.11715836908343
103.136631269509,10.706521092090782,104.21793121829177,7.595795289015939,96.15531706360395,8.373259287299788,83.79057302913367,4.049776740033337,73.29118773488545,3.0803265583447796,64.04641165959646,10.411062916568198,56.38658470025615,16.11854262900954,51.02379681320514,24.154151587527906,43.76196283537399,32.262111457073956,39.0472126713762,40.00192151809108,35.526842709282164,46.939296682463464,31.989288241770055,54.617344276739516,29.54636357420884,60.26900430134043,25.553885262879362,68.01097210498801,23.48530580372028,73.20615128923848,20.627567052985114,79.72419332674102,17.88762482702259,83.5322074015723
103.18098869544536,9.948869226843044,104.40159223337793,6.88839742509532,96.7445225491553,7.933284412587966,84.4591825798754,3.7243712597003764,73.88383952080943,2.6159166737826354,64.51281878003664,9.86039269521035,56.78351885587841,15.486265877586959,51.34958642594182,23.46920703582174,44.081809320591105,31.606835211858197,39.375655076041824,39.326314187246226,35.892984532025935,46.27248397816612,32.345725719282484,53.932294509229735,29.889582907093995,59.581185322423664,25.987131023910308,67.38607303537489,23.89992581998564,72.55820151174893,21.042958628982717,79.0994178275719,18.38001781042658,82.94561403106007
103.22422254307213,9.191120049609765,104.57231174525128,6.178825242218522,97.33793995431398,7.488303653474816,85.13211019822751,3.3998591647048784,74.48452564061023,2.163203592671721,64.98159702624679,9.311043476996929,57.18221630933266,14.8565061105337,51.67297031359516,22.784905090081793,44.397571664090265,30.951327252019098,39.701251053645365,38.64995366283466,36.257697104956264,45.6039930899845,32.697759520140096,53.24522541754283,30.228070810117686,58.8911854121809,26.427687696286057,66.75902791400893,24.312155863421935,71.90781055774949,21.45461443040449,78.47202483619762,18.879106295494864,82.35727336947926
103.26641318581613,8.433276112931367,104.72982439072501,5.467143755762606,97.9344734344009,7.038207653048914,85.80897139399548,3.07605233329798,75.09377363784466,1.722729152201964,65.45291074927883,8.762997072346025,57.582944737629134,14.229410441849154,51.9945269282145,22.101420155485357,44.709698019792484,30.295653698342562,40.0242412597658,37.97285107387199,36.62084665736921,44.93377738916848,33.04642758747957,52.55613757166873,30.561816114070893,58.1990488812375,26.87410853281051,66.12969132761177,24.72175607858486,71.25499484688035,21.867213803785603,77.84201724314411,19.383779410926877,81.76708052876234
103.30764099710433,7.675339969348272,104.87866138284318,4.75341798110469,98.53302714473676,6.582887054398611,86.48938167698549,2.7527626437308186,75.71304469110879,1.2949303651201376,65.9269243001848,8.21623529167573,57.98597181777774,13.605125985532766,52.31483472184908,21.418926637209665,45.01863654161889,29.639880671614662,40.344866349982,37.29501754937388,36.982299418560785,44.261790246968076,33.392396182241555,51.865031541597546,30.89090162744128,57.50482004021876,27.324946786287512,65.49791786290498,25.128486610030166,70.59977079878172,22.280989494408004,77.20939793893731,19.89292628542205,81.17493062084179
103.34798635036367,6.917314171400847,105.0266165021738,4.037712933622004,99.1325052406425,6.122232500612483,87.17295655700337,2.4298019742545307,76.34384842595199,0.8795385311592554,66.40380203001638,7.670739945404023,58.3915652267886,12.983799855584039,52.63447214654826,20.737598940432065,45.32483538349055,28.984074292621415,40.66336697987276,36.616464218355816,37.3419216178271,43.58798503463311,33.7355875139167,51.17190789731927,31.215543405986693,56.808543199750034,27.77875570952085,64.86356210661029,25.5321076023136,69.94215483309384,22.695454483581045,76.57416981410319,20.40543604767987,80.58071875765012
103.38752961902122,6.15920127162957,105.17362617207124,3.320093628691609,99.73181187743882,5.65613463477888,87.85931154385497,2.1069822031203103,76.98539655459246,0.4759937659533193,66.88370828982562,7.126492843949109,58.79999264167185,12.365579166002362,52.95401765436128,20.057611470329675,45.628742699328484,28.328300682148722,40.97998380501707,35.93720220983357,37.699579484464095,42.912315123413464,34.07592379199559,50.476767208824015,31.535777087925624,56.11026267045662,28.234088555314486,64.22647864544928,25.932379199990862,69.28216336945687,23.11012175261402,75.93633575916769,20.92019782639983,79.98434005111983
103.42635117650372,5.401003822574864,105.31950239109761,2.600625081690737,100.32985121044663,5.184484099986321,88.54806214734623,1.784115208579351,77.6368546371487,0.08373527154299154,67.36680743066432,6.5834757977289655,59.21152173943739,11.750611030787127,53.27404969733749,19.3791386320799,45.9308066430537,27.6726259609826,41.29495748099373,35.2572426528227,38.055139247767954,42.23473388455909,34.413327225969056,49.77961004610171,31.85163131349117,55.41002276296393,28.689498576472204,63.58652206614363,26.329061547617698,68.619812827511,23.524504282816167,75.29589866465676,21.43610075028124,79.38568961318339
103.46453139623844,4.642724376777039,105.46405715781458,1.879372307996448,100.92552739498666,4.7071715393232125,89.23882387728298,1.461012868882733,78.2973882337389,-0.2977977500309521,67.85326380358441,6.041670617161628,59.626420197095456,11.139042563937892,53.59514672752613,18.702354830859974,46.23147536858738,27.017116249909066,41.608528663381605,34.57659667633885,38.40846713703462,41.55519468931982,34.74772002532757,49.080436979142405,32.163134722916425,54.70786778789716,29.14353902579785,62.943546955415,26.721914789749803,67.9551196268965,23.93811505549695,74.6528614210963,21.952033948023598,78.78466255577328
103.50215065165202,3.8843654867766304,105.60710247078447,1.15640032298586,101.51774458637982,4.224087595878018,89.93121224347107,1.137487062281707,78.96616290448134,-0.6691660967278494,68.34324175963792,5.501059112665303,60.04495569165596,10.531020879454047,53.91788719697644,18.027434471847073,46.53119702985049,26.361837669714077,41.92093800775962,33.895275409397584,38.75942938156027,40.87365090894559,35.07902439956183,48.37924857793621,32.47031595643449,54.00384205588176,29.59476315609527,62.29740789998493,27.110699070943042,67.28810018725352,24.350467051965552,74.00722691901234,22.466886548326386,78.18115399082203
103.53928931617162,3.125929705114004,105.74845032856894,0.431774142036204,102.10540693994682,3.7351229127392003,90.62484275571654,0.813349667027353,79.64234420949452,-1.0309305665069814,68.83690564987654,4.961623094657966,60.46739590012902,9.92669309133504,54.242849557737884,17.3545519602186,46.83041978076409,25.706856341183652,42.23242616970663,33.21328998101467,39.107892210640784,40.19005591468624,35.407162558162554,47.67604541247306,32.77320365427846,53.297989877543046,30.041724220168362,61.64795948657519,27.495174535752994,66.61877092822226,24.761073253531322,73.35899804893074,22.97954767988898,77.57505903026208
103.57602776322409,2.367419584329582,105.88791272973009,-0.2944412194754591,102.68741861100858,3.2401681329952794,91.31933092382513,0.48841256137086475,80.32509770889664,-1.3836519573275723,69.33441982535243,4.423344373557711,60.89400849952466,9.326206313580258,54.570612261859594,16.683881701151677,47.12959177524925,25.052238385103806,42.543233804801446,32.530651520205595,39.45372185357235,39.504363077791766,35.73205671062033,46.970828052743,33.07182645668138,52.590355563506364,30.482975470820975,60.99505630190731,27.875101328735468,65.94714826944295,25.16944664150361,72.70817770137751,23.48890647141087,76.96627278602597
103.61244636623638,1.6088376769637875,106.02530167282981,-1.0221807461718981,103.26268375488581,2.7391138997346047,92.01429225760279,0.1624876235633792,81.01358896280607,-1.727891067148903,69.83594863711716,3.886204759782629,61.325061166853004,8.729707660189206,54.90175376139092,16.015598099823706,47.42916116722705,24.398049922260498,42.85360156862305,31.847371155985968,39.79678453965096,38.816525769512,36.0536290664258,46.263597068736146,33.36621300387645,51.88098342439696,30.917070160856895,60.33855293270295,28.250239594446214,65.2732486305558,25.575100197191716,72.0547687668786,23.993852051591432,76.35469037004617
103.64862549863557,0.850186535557043,106.16042915643021,-1.7513794226761092,103.83010652689944,2.231850856045696,92.70934226685546,-0.16461326814385302,81.70698353134111,-2.0642086939303113,70.34165643622288,3.3501860637508116,61.760821579123956,8.137344245161273,55.23685250838122,15.349875561411807,47.72957611061855,23.744357073439687,43.16377011675024,31.163460017371563,40.13694649817273,38.126497361096824,36.371801835069675,45.55435303044243,33.65639193609667,51.16991777084024,31.342561543080024,59.678303965683824,28.620349477440925,64.59708843120097,25.977546901904873,71.39877413595988,24.49327354913021,75.74020689425515
103.68464553384848,0.09146871264971423,106.29310717909317,-2.4819722336108043,104.38859108237017,1.7182696450169601,93.40409646138897,-0.49307823549980867,82.40444697462016,-2.393165635631078,70.85169531156004,2.815270201077965,62.20155741334776,7.549263182495963,55.57648695487973,14.686888491093384,48.03128475934477,23.09122595942739,43.47398010476195,30.47892923337787,40.47407395843362,37.43423122379613,36.68649722604255,44.84309650785195,33.942391893575234,50.457202913461515,31.75800287029415,59.014163987571465,28.985191122275353,63.91868409101869,26.37629973695249,70.74019669914739,24.986060092726575,75.12271747058546
103.72058684530208,-0.6673132392177763,106.42314773938057,-3.2138941635989795,104.93704157661892,1.1982609097369163,94.09817035100929,-0.8230954002532371,83.1051448527615,-2.715322690210371,71.36466530065974,2.281599593069359,62.64753634653442,6.965611586192608,55.921235552935684,14.026811294045615,48.334735267326835,22.438722701009567,43.78447218823703,29.793789933020605,40.80803314972974,36.73968072885987,36.99763744883512,44.12982807095466,34.224241516545135,49.74288316288613,32.16194739530323,58.345987585087585,29.344524673505248,63.238052029649225,26.770871683643804,70.07903934696702,25.471100811079964,74.50211721096952
103.75652980642343,-1.4261567675049491,106.55036283585451,-3.9470801972634035,105.47436216496641,0.6717152932939712,94.79117944552212,-1.1548528841530015,83.80824272588342,-3.0312406556276414,71.87973500709705,1.7498005678570507,63.09902605569397,6.386536570250826,56.271676754598445,13.369818375445789,48.6403757884857,21.78691341897229,44.0954870227543,29.10805324531526,41.138690301357144,36.042799247537914,37.30514471293799,43.41454828974071,34.50196944523958,49.02700282973939,32.552948370911,57.67362934495384,29.698110275686304,62.55520866673265,27.160775723288225,69.41530496994471,25.947284832889864,73.87830122733982
103.79255479063937,-2.1850593196714385,106.67456446707689,-4.681465319226959,105.99945700273355,0.13852343877658768,95.48273925473364,-1.488538808947908,84.51290615410443,-3.3414803298419997,72.39720325878892,1.2205902850381563,63.55629421783641,5.812185248669891,56.62838901191736,12.716084140471196,48.94865447674249,21.13586423410152,44.40726526389267,28.421730299277613,41.46591164261184,35.343540151080106,37.608941227841854,42.697257734200036,34.775604319891556,48.30960622464664,32.92955904992141,56.99694385389182,30.04570807337427,61.87017042190928,27.545524837194932,68.74899645860646,26.41350128685565,73.25116463162894
103.82874217137686,-2.944018343176822,106.79556463160958,-5.416984514112528,106.51123024524117,-0.40142401072677103,96.17246528844947,-1.8243412963868764,85.21830069754259,-3.6466025108128406,72.91736888365216,0.6946859042097913,64.01960850997187,5.242704735449308,56.99195077694168,12.06578299429907,49.26001948601828,20.485641267183155,44.72004756723106,27.734832223923206,41.789563402789895,34.64185681073644,37.90894920303731,41.97795697432264,35.045174780734214,47.590737658233195,33.29033268513825,56.31578569862319,30.3870782111249,61.182953714819234,27.924632006673335,68.08011670347818,26.868639301676808,72.62060253576925
103.86517232206296,-3.7030312854806766,106.9131753280148,-6.153572766542936,107.00858604780996,-0.9482364121276419,96.85997305647567,-2.162448468218656,85.92359191631652,-3.947167996499388,73.44053070960393,0.1728045849689579,64.48923660911038,4.678242144588523,57.36294050172063,11.419089342106702,49.57491897023408,19.836310639003273,45.03407458834829,27.047370148267703,42.10951181118742,33.937702597756754,38.20509084801506,41.256646580098675,35.31070946800071,46.870441441124456,33.63382252936543,55.63000946586959,30.721980833493944,60.493574965102766,28.297610213032726,67.40866859508583,27.311588006052773,71.98651005169336
103.90192561612452,-4.46209559404258,107.02720855485421,-6.891165061141066,107.49042856576085,-1.5020231223375617,97.54487806861795,-2.5030484461921674,86.6279453705443,-4.24373758486098,73.96698756456107,-0.3443365130871143,64.96544619226205,4.118944590086983,57.74193663830357,10.776177589071324,49.89380108331096,19.187938470347888,45.34958698282327,26.359355201326707,42.425623097100356,33.23103088339093,38.49728837226576,40.53332712151803,35.572237021924025,46.148761883945724,33.95858183540673,54.93946974235263,31.050176085037037,59.802050592400064,28.66397243758246,66.73465502395533,27.741236528683032,71.34878229133366
103.93908242698848,-5.221208716322167,107.13747631069003,-7.629696382529801,107.95566195441455,-2.0628934982681244,98.22679583468249,-2.8463293520561592,87.33052662034441,-4.5368720738567845,74.49703827644049,-0.8560202303614233,65.44850493643679,3.564959185944076,58.12951763873974,10.137222140370227,50.217113979169994,18.540590882002903,45.666825406234864,25.670798512115823,42.737763489824886,32.521795038888854,38.78546398527999,39.80799916857086,35.82978608273737,45.4257432973223,34.263163856066,54.24402111479395,31.371424110310045,59.108397016351375,29.023231661631712,66.05807888061264,28.156473998266904,70.70731436662268
103.97672312808191,-5.980368099778957,107.24379059408403,-8.369101715331965,108.40319036909199,-2.6309568968308668,98.9053418644749,-3.1924793075595517,88.03050122583517,-4.827132261446195,75.03098167315915,-1.3615294072568531,65.93868051864484,3.0164330461593067,58.526261955078496,9.502397401180644,50.54530581173225,17.89433399475439,45.98603051416194,24.981711209650655,43.04579921865695,31.80994843550053,39.06953989654846,39.08066329124716,36.08338529067373,44.70142999187948,34.54612184414714,53.543518169915274,31.685485053868604,58.41263065659683,29.374900866489895,65.3789430555837,28.556189543503933,70.06200138949293
104.01492809283167,-6.739571191872585,107.34596340359832,-9.109316044170441,108.83191796511397,-3.206322674937269,99.58013166780114,-3.541686434451151,88.72703484686741,-5.115078945580024,75.56911658263397,-1.8601468841762312,66.43658841830842,2.473514659280738,58.93274803936919,8.871877776679867,50.87882473491874,17.24923392938831,46.3074429621833,24.29210442294692,43.349596512892674,31.09544444447573,39.34943831556183,38.351320059536874,36.33306328596632,43.975866278242734,34.80600905245399,52.83781549443813,31.992119060268465,57.71476793277674,29.71849303346636,64.69725043939451,28.939272293093552,69.41273847187688
104.05377769466469,-7.498815440062572,107.44380673779466,-9.850274353668055,109.24074889780121,-3.7891001894989245,100.25078075446726,-3.89413885447982,89.4234635807166,-5.40120300726079,76.111741832782,-2.3511555015224985,66.9436826644997,1.9363731035833212,59.34908227108366,8.245832013132599,51.218118902650474,16.605356806690622,46.631303405877986,23.601989281020167,43.64902160182805,30.378236437064345,39.62508145181067,37.61997004343016,36.57884870884817,43.24909646703725,35.04140125911056,52.126767685193045,32.291086274065435,57.01482526453117,30.05352114387034,64.01300392257093,29.304611375735135,68.75942072570703
104.09335230700805,-8.258098291808551,107.53713259523528,-10.59191162844769,109.62858732247463,-4.3793987974273705,100.91690463427898,-4.250024689394365,90.123400178248,-5.685719796998001,76.65915625152019,-2.833838099698596,67.45982697400353,1.4051933188220573,59.77468787204879,7.6243994085385225,51.56363646884864,15.962768747447285,46.95785250082474,22.911376912886055,43.94394071475921,29.658277784516372,39.89639151478576,36.88661381291695,36.82077019955233,42.521164868888434,35.2600994998412,51.410309397845424,32.58214683981515,56.31281907150037,30.379498179011136,63.32620639563896,29.651095920128228,68.10194326291585
104.13373230328858,-9.0174171945701,107.62575297448194,-11.334162853132227,109.99433739445504,-4.977327855634201,101.57811881704225,-4.60953206094365,90.82654518286046,-5.968776801746742,77.21165866676535,-3.3074775191073513,67.98471479652773,0.8801606534272537,60.209322957710185,7.007709712150302,51.91582558743431,15.321535872444429,47.28733090260249,22.22027844756019,44.23422008098214,28.935521858081643,40.16329071397763,36.151251937987354,37.058856398312,41.79211579442159,35.469572962182895,50.688648731552234,32.865060902073424,55.60876577332459,30.695937120198153,62.636860749124594,29.977615054972148,67.44020119543583
104.17549226130126,-9.776769067216094,107.70947987409676,-12.076963012344493,110.33690326906316,-5.582996721030895,102.23403881256291,-4.972849090876537,91.53259913795313,-6.250521508461929,77.76954790643452,-3.771356600151705,68.51803958178056,0.361460455829274,60.652748926271954,6.395892668265162,52.27513441232844,14.681724302467899,47.61997926679004,21.528705014058175,44.519725929792855,28.2099220290101,40.425701258876984,35.41388498863137,37.29313594536029,41.06199355426213,35.67033776573214,49.962052115587255,33.139588605395886,54.90268178964402,31.00235094874057,61.944969873553646,30.28305790896644,66.77408963519952
104.21957275166818,-10.536146891308988,107.78812529264161,-12.820247090707369,110.6551891016199,-6.196514750528991,102.88428013064703,-5.340163900941775,92.24126258692473,-6.531101404098592,78.33312279844455,-4.224758183234542,69.05949477946984,-0.15072192554163166,61.10472717593808,5.78907802118016,52.640586527585526,14.043410978039162,47.956038248966365,20.83666774139573,44.800324490487526,27.48143166855158,40.68354535897453,34.67451353483898,37.52324559517666,40.330841969744085,35.86291003008557,49.230785979224265,33.4084660219375,54.19458430828928,31.298252645947855,61.25053665945222,30.566313610810482,66.1035036941393
104.26577691066763,-11.29554187161773,107.86150122867838,-13.563950072843738,110.94809904744608,-6.817991301040081,103.5284582811002,-5.711664612888342,92.95223607317433,-6.81066397561176,78.90268217071258,-4.666965108758745,69.60877383930375,-0.6562011422550995,61.56501910491255,5.18739551519235,53.009648782120564,13.406748454663955,48.29346481924273,20.144197675875603,45.0758819923621,26.750004147955963,40.936745223760795,33.9331381466003,37.747455731271714,39.598696012827816,36.04780587483964,48.4951167517371,33.678314685802206,53.484496946455636,31.583155193129187,60.55356399734609,30.82627128920376,65.42833848418778
104.3138739110546,-12.054945204268051,107.92941968076917,-14.30800694337637,111.2264569577672,-7.447488907377533,104.1661887737286,-6.087539348464929,93.6652201401011,-7.089356709956519,79.47852485115533,-5.097260217127257,70.16557021099021,-1.1547918458808226,62.03338611139935,4.590974894598901,53.382312124519274,12.771921548491832,48.62834568222911,19.451459670914915,45.34400575452804,26.015633893358256,41.18522306272649,33.18975939390532,37.965903347363565,38.86558296587094,36.225541419591025,47.7553108623996,33.94894125167963,52.77244652601655,31.856571571593918,59.85405477776135,31.061820072845705,64.74848911727736
104.36363292558445,-12.814348085385689,107.99169264747587,-15.05235268692826,111.5057856356405,-8.084827326897368,104.79737000056497,-6.467976441289068,94.37991533110375,-7.367327094087727,80.06094966768984,-5.514926348742961,70.72957734423716,-1.6463086879886077,62.50958959360247,3.9999459036968688,53.758636325516875,12.13911519600208,48.96099777767171,18.758673685175552,45.60175846154618,25.27854372536376,41.42890108536227,32.44437784674403,38.1789922741923,38.13152985533026,36.3966327839363,47.01163474048553,34.21985907015426,52.0584598923316,32.1180147626514,59.15201189122388,31.278905192619277,64.06386971013126
104.4148231270122,-13.573741711096261,108.04813212736047,-15.796922288122119,111.78525783683295,-8.729747870009362,105.4324379038033,-6.853221698427774,95.09602218958145,-7.6447226149605285,80.65025544823317,-5.919246344008684,71.30048868875275,-2.1305663201479774,62.99339094972589,3.4144382867833087,54.138681155848474,11.508514333674043,49.29183468161938,18.066059848457485,45.84997238630439,24.539035424937595,41.6674275405332,31.696995081911723,38.387126342497766,37.396563707662494,36.561596087472026,46.264354815268746,34.490581491810644,51.34256389076029,32.366997747610924,58.44743822825967,31.49190713502469,63.374537881604624
104.46721368809307,-14.333117277525503,108.09855011898497,-16.541650731580944,112.06394064050988,-9.381991807925658,106.07559878765181,-7.24365595399189,95.81324125893303,-7.921690759529895,81.24674102070213,-6.309503043327425,71.87799769424493,-2.6073793939287384,63.48455157797372,2.83458178815539,54.52250638624906,10.880303897987005,49.62126997012098,17.37383829056091,46.08951574325744,23.797410848688685,41.89735608784832,30.947674068221204,38.59070938301994,36.660711549324446,36.72094744979472,45.51373751602307,34.76062186723334,50.62478536666214,32.60303350778179,57.7403366793946,31.70131262145179,62.68061677971849
104.5205737815823,-15.09246598079909,108.14275862091125,-17.286473001927504,112.34090112583618,-10.041300411858288,106.72517310302516,-7.639679414068667,96.53127308255768,-8.198379014750856,81.85070521301367,-6.68497928710201,72.46179781042173,-3.076562560900527,63.982832876549935,2.2605061521102243,54.91017178745386,10.254668825420367,49.94971721922519,16.68222914128586,46.32125674686,23.053971853226187,42.11823487636707,30.19657350209735,38.79014522649874,35.92400040677279,36.87520299050101,44.760049272022286,35.02949354700684,49.90515116539672,32.825635024473286,57.03071013515466,31.907137565069775,61.98222988845316
104.57467258023502,-15.851779017042645,108.1805696317013,-18.031324083784682,112.6152063719772,-10.707414953019338,107.37948130083788,-8.041692284745352,97.24981820385409,-8.474934867578384,82.46297358260341,-7.044981782591947,73.05158248699121,-3.537930472633093,64.48799624365842,1.6923411229448106,55.301737130197864,9.631794052453358,50.27759000498088,15.991452530432412,46.546063611566865,22.30902029515903,42.33079016289673,29.44386038157853,38.98583770367412,35.186457306464376,37.02487882918746,44.00355651254017,35.296709881715685,49.183688132323425,33.03780009797151,56.3185672389518,32.10939787904766,61.27950069178888
104.62927925680634,-16.611047582381957,108.21179514991712,-18.77613896177536,112.88592345809792,-11.380076702620954,108.03684383200499,-8.450094772109253,97.96857716622156,-8.751505804967508,83.0868079215515,-7.389403276661994,73.6470451736613,-3.9912977806960726,64.99980307750337,1.1302164449563747,55.69726218521629,9.011864515565321,50.605301903436896,15.301728587800653,46.7648045518327,21.56285803109637,42.535748204244726,28.689701704703054,39.17819064528595,34.448109274855824,37.17049108545069,43.24452566685068,35.56178422194438,48.460423112801834,33.24618179545257,55.603957338466216,32.308109476554534,60.5725526737059
104.68416298405151,-17.370262872942703,108.2362471741207,-19.52085262052242,113.1521194633637,-12.059026931875053,108.69558114744092,-8.865287082247505,98.68725051305881,-9.028239313873314,83.72211429311636,-7.7187439404875136,74.24787932014004,-4.436479136659159,65.51801477628857,0.5742618624419151,56.09680672324424,8.395065151235599,50.933266490641984,14.613277443190668,46.97834778211222,20.815786917647188,42.7338352572184,27.934264469509344,39.36760788207431,33.70898333840398,37.31255587888717,42.48322316422747,35.82422991827747,47.735382952191515,33.45098299114352,54.8869473390497,32.503288270759356,59.86150931818446
104.73909293472565,-18.129416084850504,108.25373770287393,-20.26540004464863,113.41286146693943,-12.744006911993893,109.35401369806044,-9.287669421247529,99.40553878776501,-9.305282881250662,84.368165700377,-8.033532090763742,74.85377837613561,-4.873289192092045,66.04239273821821,0.024607119698600854,56.50043051501672,7.781580895943478,51.26189734264511,13.926319226402597,47.18756151686017,20.068108811420586,42.92577757862506,27.177715674035653,39.554493244778996,32.969106523565586,37.45158932909351,41.719915433944436,36.0835603212995,47.00859449585187,33.65222667884768,54.167604215188646,32.69495017483126,59.146494109204866
104.79383828158399,-18.88849841423115,108.2640787347388,-21.00971621877693,113.66721654799034,-13.43475791418939,110.01046193477822,-9.717641995196402,100.12314253373899,-9.582783994054694,85.02423514641265,-8.334296044185919,75.4644357913557,-5.301542598564481,66.57269836149618,-0.5186180389765696,56.90819333126893,7.1715966861683,51.59160803549486,13.241074067236468,47.39331397053127,19.320125569025606,43.112301425271994,26.420222316320405,39.739250564140036,32.22850585679737,37.58810755566634,40.95486890527536,36.33928878159497,46.28008458914252,33.849935852368446,53.445994941369634,32.88311110193928,58.427630530747365
104.84816819738165,-19.647501057210206,108.2670601154345,-21.75373613184263,113.91425178568153,-14.13102120967369,110.66324630850892,-10.155605010181432,100.83976229437968,-9.860890139240382,85.6895956343024,-8.621564117449338,76.07954501550859,-5.721054007646046,67.10869304432646,-1.055283869286427,57.32015494273588,6.565297458389409,51.92281214524013,12.557762095492365,47.59647335758024,18.57213904707129,43.29413305396662,25.66195139440191,39.922283670897286,31.487208364556125,37.722626678202175,40.18835000749414,36.59092864974838,45.54988007742293,34.04413350550908,52.72218649207906,33.06778696525248,57.7050420667922
104.90185185487366,-20.40641520991352,108.25983366097711,-22.4974010216298,114.15303425917824,-14.83253806965888,111.31068727016742,-10.601958672289925,101.55509861308639,-10.139748803762757,86.3635201671255,-8.895864627249239,76.69879949830221,-6.131638070906547,67.65013818491315,-1.5852606269338594,57.736375120152786,5.9628681490860345,52.25592324792973,11.876603440970428,47.79790789246175,17.824451102166677,43.471998721516286,24.903069906318535,40.10399639579077,30.74524107329853,37.85566281629764,39.42062516987443,36.83799327634438,44.81800780605266,34.23484263207297,51.99624584180344,33.24899367793989,56.978852201319626
104.95465842681546,-21.165232068466594,108.24078125689567,-23.240670866182143,114.38263104764548,-15.539049765356992,111.95110527066817,-11.057103187609016,102.2688520332577,-10.419507474576847,87.04528174796093,-9.157725890280858,77.32189268944461,-6.53310943991562,68.19679518146012,-2.1084185676217544,58.156913634254636,5.364493694737575,52.591354919612456,11.197818233470684,47.99848578963059,17.07736359092081,43.646624684728295,24.143744850108646,40.28479256956041,30.002631009481377,37.98773208954924,38.65196082169024,37.07999601196735,44.08449462039118,34.42208622586344,51.268239965029295,33.426747153170595,56.24918441830994
105.00635708596207,-21.92394282899528,108.21028983711841,-23.98350914189308,114.60210923024846,-16.250297567980112,112.58282076092593,-11.521438762226069,102.9807230982928,-10.700313638637567,87.73415337988791,-9.407676223239434,77.94851803864373,-6.925282766242958,68.74842543217159,-2.6246279470531135,58.58183025577665,4.770359031823318,52.92952073633711,10.52162660279322,48.19907526354143,16.33117836994279,43.81873720041,23.384143223810554,40.46507602294611,29.2594051995614,38.11935061755361,37.88262339221524,37.31645020720191,43.349367365798,34.60588728068387,50.538235836243075,33.60106330411361,55.51616220174333
105.0567170050686,-22.682538687625197,108.16874633557342,-24.725879325156313,114.81053588615242,-16.96602274874033,113.20415419185548,-11.995365602228276,103.69041235159074,-10.982314782900005,88.42940806598546,-9.646243942820206,78.57836899560772,-7.3079727014582545,69.30479033525131,-3.1337590209307677,59.011184755453826,4.180649096822549,53.270834274152605,9.848248678738173,48.40054452864899,15.586197295841657,43.98906252536875,22.62443202546268,40.64525058668778,28.515590669995333,38.25103451990731,37.11287931072326,37.546869212632544,42.612652887632635,34.7862687903376,49.80630042993124,33.771958043938014,54.779909035600156
105.10550735689031,-23.441010840482022,108.11653768618879,-25.467744892365317,115.00697809452225,-17.685966578849673,113.81342601437137,-12.479283913702943,104.39762033655035,-11.265658394319189,89.130318809333,-9.873957365718468,79.2111390100444,-7.680993897131145,69.8656512889035,-3.635682044957605,59.44503690402138,3.5955488262146673,53.61570910910751,9.177904591105573,48.60376179940806,14.842722225226453,44.15832691641185,21.86477825310334,40.825720091525454,27.771214447240027,38.38329991620691,36.342995006488195,37.7707663788438,41.87437803125465,34.96325374862795,49.072500720580365,33.93944728581289,54.04054840386061
105.15249731418243,-24.19935048369149,108.05405082289286,-26.20906931991368,115.1905029345233,-18.409870329520288,114.4089566793885,-12.973593902737207,105.10204759657057,-11.550491959850149,89.83615861300945,-10.091344808629458,79.84652153166195,-8.044161004831437,70.43076969133205,-4.130267274836513,59.8834464722143,3.0152431564789026,53.964558817250975,8.51081446969556,48.80959529027331,14.101055014706219,44.32725663034671,21.105348904770835,41.006888368198986,27.0263035577521,38.51666292604892,35.57323690878383,37.98765505642018,41.134569642023564,35.13686514935824,48.33690368267679,34.103546942907315,53.298203790505
105.19745604969995,-24.957548813379276,107.98167267961361,-26.949816084194936,115.36017748532066,-19.13747527196415,114.98906663782128,-13.478695775418373,105.80339467505058,-11.8369629664478,90.546200480094,-10.298934588248414,80.4842100101684,-8.397288676128767,70.99990694074091,-4.617384966270492,60.32647323076782,2.4399170240946546,54.31779697463156,7.847198444308162,49.018913215699456,13.361497520890055,44.496577923980624,20.346310978503595,41.189159247448345,26.280885027988347,38.65163966903003,34.80387144688393,38.19704859594623,40.39325456529883,35.307125986331926,47.59957629070709,34.264272928390255,52.55299867951351
105.24015273619824,-25.71559702567106,107.89979019027925,-27.689948661602727,115.51506882607936,-19.868522677393457,115.55207634058462,-13.994989737833748,106.50136211538921,-12.125218901067285,91.25971741366578,-10.497255021270576,81.12389789527157,-8.74019156259277,71.5728244353341,-5.096905374962375,60.77417695041703,1.8697553655411525,54.675837157298076,7.18727664474352,49.23258379014118,12.624351600386944,44.66701705412089,19.58783147233993,41.3729365600135,25.534985884405557,38.78874626474675,34.035165050062346,38.398460348006495,39.65045964643997,35.47405925335221,46.86058551915772,34.42164115543079,51.805056554866496
105.2803565464323,-26.473486316692515,107.80879028881799,-28.42943052853053,115.65424403596472,-20.602753817020186,116.09630623859317,-14.522875996070525,107.19565046098552,-12.415407250663463,91.9759824168039,-10.68683442439118,81.76527863667974,-9.072684315793197,72.1492835733157,-5.568698756615049,61.22661740189693,1.304943117297796,55.03909294129943,6.53126920080166,49.45147522805331,11.889919109805987,44.83930027757498,18.8300773843182,41.558624136634364,24.78863315346041,38.92849883279558,33.26738414759285,38.59140366318553,38.906211730806604,35.637687944222534,46.1199983425152,34.575667537198,51.054500900544156
105.31783665315737,-27.231207882569322,107.70905990915793,-29.168225161371936,115.77677019414165,-21.339909962056424,116.62007678276149,-15.062754756215952,107.88596025523833,-12.707675502191478,92.6942684925877,-10.86820111430552,82.41106758929874,-9.394628972415546,72.7290457528897,-6.0326353669314585,61.68385435594263,0.7456652158438146,55.40797790268442,5.8793962422827235,49.676455743890415,11.158501905756225,45.01415385115013,18.073215712476838,41.74662580805085,24.041853861609752,39.071413492773274,32.50079516874939,38.77539189206777,38.160537663758134,35.79803505274617,45.37788173526599,34.726367986860964,50.30145520052679
105.35236222912869,-27.988752919427213,107.60098598522728,-29.906296036520473,115.88171437977559,-22.07973238371426,117.12170842400445,-15.61502622435728,108.57214109735543,-13.00217132572027,93.41384864409605,-11.041883407708838,83.06519868166635,-9.706139484129551,73.31535136516692,-6.488585582010671,62.14594758328934,0.19210659765860782,55.78290561750174,5.231877898986795,49.908393552107384,10.430401844846699,45.19230403165369,17.317413454854034,41.93734540500293,23.294675035310263,39.214799022347336,31.735619873257747,38.94993838523777,37.413464290654076,35.95512357272656,44.634302671896535,34.873758417588704,49.546042938794585
105.38370244710126,-28.746112623391923,107.48495545095403,-30.64360663036979,115.96814367203132,-22.82196235320572,117.59952161323662,-16.180090606581757,109.26209294535994,-13.29912548966314,94.1339958744083,-11.208409621296312,83.72727700640888,-10.007413190577324,73.91220940990917,-6.936420355411656,62.61295685467206,-0.3555478007785382,56.1642896618003,4.588934300713902,50.14815686715883,9.705920783686452,45.374477075893026,16.56283760948827,42.13118675823051,22.547123701018677,39.354347615699965,30.971832393579177,39.11455649328013,36.665018456854,36.10897649796698,43.88932812689336,35.01785474255024,48.788387599327905
105.41162647983032,-29.503278190589015,107.3613552402665,-31.3801204193133,116.0351251500743,-23.566341141742953,118.05183680137276,-16.758348108976634,109.95954275746277,-13.598982944804959,94.85398318660344,-11.368308071763295,84.39687468178482,-10.2986474849709,74.51917221975185,-7.376010813614869,63.08494194082601,-0.8971130429882805,56.55254361162889,3.9507855772641847,50.396613903499485,8.985360578884581,45.561399240675485,15.809655174417799,42.32855369847357,21.799226885191786,39.490502665154054,30.209321540239387,39.268759566779295,35.915227007717476,36.25961682227074,43.14302507474292,35.158672874914714,48.02861266610688
105.4359035000711,-30.26024081714428,107.2305722870928,-32.11580087974477,116.0817258930694,-24.312610020538045,118.47697443932753,-17.35019893762916,110.66324879528673,-13.902222681206695,95.5730835837607,-11.522107075804968,85.07356382605275,-10.580039760522197,75.13577761967571,-7.807228083132884,63.561962612486184,-1.432404192491333,56.948081043036325,3.3176518584377277,50.654632875584014,8.26902308705013,45.753796782808365,15.058033147681101,42.529850056472014,21.051011614286324,39.62375458211454,29.447976044349844,39.41206095631986,35.16411678860385,36.4070675394413,42.395460489931736,35.296228727851144,47.26684162311193
105.45630268057874,-31.016991699183336,107.09299352536112,-32.85061148805755,116.10701298018199,-25.06051026080297,118.87551645173147,-17.956037122230384,111.37196932045407,-14.20932368892909,96.2905700689592,-11.670334950116569,85.75691655747124,-10.851787410443137,75.76156343466147,-8.229943290478161,64.0440786403878,-1.961236312808353,57.35131553207151,2.689753274034558,50.923081997867314,7.557210164792082,45.95239595909908,14.30813852731643,42.73547966296576,20.302504914759083,39.75459377798626,28.687684637022187,39.543974012486274,34.4117146448728,36.55135164328192,41.64670134694626,35.43053821452855,46.503197954323184
105.47259319410847,-31.773522032831977,106.94900588899947,-33.584515720645356,116.11025198464489,-25.809782204825297,119.27637195385222,-18.575853676759493,112.08446259458759,-14.520764958033112,97.00571564527803,-11.813520011393393,86.44650499429855,-11.114087827945752,76.39606748968953,-8.644027562163387,64.53134979526584,-2.483424467460111,57.76266065478302,2.067309953854817,51.202829484804,6.850223668719593,46.15792302635492,13.560138311362152,42.94584634869483,19.553733813066742,39.88351066417408,27.928336049368056,39.664012085863135,33.65804742188379,36.692492127595926,40.896814620273005,35.561617248115965,45.737805143721005
105.48454421341529,-32.529823014215765,106.79899631193615,-34.317477053901655,116.09317609992587,-26.560121266614487,119.6854759114081,-19.208995542459718,112.79948687930965,-14.83702547857962,97.71779331579643,-11.952190576330736,87.14190125479337,-11.367138406241963,77.03882760974062,-9.049352024700909,65.02383584785542,-2.9987837199671503,58.182529987219766,1.4505420276985888,51.49474355084868,6.148365455441592,46.37110424138325,12.814199497856578,43.16080855537285,18.804726783062733,40.01099565208284,27.16981901249892,39.77168852703494,32.90314196499628,36.830511986186764,40.14586728439838,35.68948174178257,44.970786675285524
105.49192491125444,-33.28588583946049,106.64335172809928,-35.04945896422009,116.05690630581938,-27.31115881261229,120.09852713753804,-19.854751925528774,113.51580043624284,-15.158584240629352,98.4260760835935,-12.086874961623721,87.84267745721428,-11.611136538543633,77.68938161979537,-9.445787804603356,65.52159656889177,-3.507129133850242,58.611337105430664,0.839669625365957,51.7996924104562,5.451937381567291,46.59266586099142,12.070489084838186,43.375439740766524,18.05557246785503,40.13753915311747,26.412022257526473,39.86651668658624,32.14702511956989,36.965434212857645,39.393926313809004,35.81414760869728,44.20226603299716
105.49450446038117,-34.041701704691775,106.48245907141694,-35.78042492799415,116.00206644874442,-28.0625213051473,120.51122444538106,-20.512412032164548,114.23216152700974,-15.485920234243281,99.12983695174836,-12.2181014839677,88.54840571981953,-11.846279618062852,78.34726734483439,-9.833206028383245,66.02469172910997,-4.008275772630043,59.0494955854644,0.2349128766570061,52.119921041196164,4.761226941079144,46.82333414198672,11.329174070345232,43.588771871116705,17.306440007773006,40.263631578682805,25.654834515562186,39.94800991510152,31.389723730964022,37.09728180141201,38.64105868299117,35.93563076202929,43.43236670083604
105.48836958121802,-34.79726101758848,106.31670527581747,-36.510338421617405,115.9292803751203,-28.813835206548163,120.91926664807596,-21.181265068564812,114.94732841323281,-15.81951244948226,99.82989673896606,-12.346397218267555,89.25865816086792,-12.072765038011482,79.01202260983831,-10.21147782255315,66.53318109924493,-4.502038699827267,59.498891789578295,-0.36351691917889184,52.45846945353941,4.076408953868565,47.06383534117657,10.590421452416138,43.801182823740646,16.557504164411284,40.38976334018378,24.898144517717753,40.01808731485676,30.63126811803926,37.226077745653186,37.88733136643157,36.053947114947505,42.661212162782476
105.46976867627046,-35.552550834286706,106.14647727522885,-37.239162921483455,115.83917193136602,-29.56472697914353,121.31835255876189,-21.86060024092734,115.66005935653453,-16.15983987640709,100.53468384467357,-12.472261410660849,89.97300689861783,-12.290790191601502,79.68318523978763,-10.580474313625473,67.04874448627169,-4.98824268827218,59.96174629557623,-0.9554596843763079,52.81471578839222,3.3976050675659053,47.31489571536821,9.854398229089156,44.013050475955424,15.808939699364714,40.5164248490251,24.1418409951047,40.08256211441119,29.871718754260485,37.3518450393845,37.13281133861648,36.16911258062112,41.888925902816766
105.43918569163219,-36.307557320537114,105.97216200357917,-37.96686190398583,115.7323649639008,-30.314823085262105,121.70418099057753,-22.549706755450018,116.3691126185376,-16.507381505078683,101.24513482850188,-12.596165879430032,90.6910240513277,-12.500552472044888,80.36029305966309,-10.940066628112845,67.57561810800502,-5.466806923153513,60.43761926359065,-1.5407737641277777,53.18791780432542,2.7249366161140642,47.57725233170163,9.121271397541307,44.22475270507823,15.060921374227917,40.64410651661183,23.385812678834554,40.142054555366315,29.11115160662348,37.47460667640928,36.37756557403259,36.28114307221904,41.1156314049191
105.39710619830026,-37.06226664208316,105.79414639479677,-38.69339884551812,115.60948331914352,-31.06374998723254,122.07245075666202,-23.247873818330618,117.07324646086437,-16.862616325557838,101.96071358356636,-12.718581281255467,91.41228173725614,-12.702249272553502,81.04288389444531,-11.290125892527783,68.11361209395778,-5.9377037464768705,60.926039759298476,-2.1193175278621084,53.577333259909494,2.0585249334561126,47.85209562643905,8.39120748179414,44.436667388426315,14.31362395059574,40.77329875434867,22.62994830001901,40.196928573062735,28.349642769191917,37.59438565053091,35.621661047166185,36.39005450291046,40.34145215306978
105.34401576727163,-37.816664964668576,105.61281738280974,-39.41873722247385,115.4711508435135,-31.811134147383427,122.41886067015417,-23.954390635766913,117.77121914513754,-17.226023327905466,102.68088400298217,-12.839978272817177,92.1363520746616,-12.896077986339435,81.7304955691148,-11.630523233382803,68.66227806873468,-6.400906094972129,61.42653684837654,-2.690949345008164,53.98221991371537,1.3984913535350074,48.13962796292054,7.66437174937812,44.649172403316754,13.567222190062864,40.90449197364063,21.87413658976959,40.247548102841336,27.587268336029297,37.71120495555272,34.8651647325039,36.495862785864404,39.56651163124906
105.28039996954334,-38.57073845403687,105.42856190154617,-40.14284051124662,115.31799138342984,-32.556602028043415,122.73910954419301,-24.66854641395679,118.46178893297957,-17.59808150218248,103.40510997986479,-12.960827510795411,92.86280718180268,-13.082236006614494,82.42266590865228,-11.961129777190479,69.22116765694085,-6.85638690536905,61.9386395965019,-3.255527584994809,54.40183552431364,0.7449572102936486,48.439502145909955,6.940929261580038,44.8626456270668,12.821890854223966,41.03817658589247,21.118266279197883,40.294277080042775,26.824104401199236,37.825087585278084,34.10814360453213,36.59858383424984,38.79093332343717
105.20674437611223,-39.32447327593172,105.2417668849343,-40.86567218822995,115.15062878531165,-33.299780091541265,123.02889619191757,-25.389630359097964,119.14371408601295,-17.979269838449625,104.13285540732949,-13.08159965187042,93.59121917693784,-13.260920726590712,83.11893273803838,-12.281816650463213,69.78983248318087,-7.3041191143974515,62.461877069351374,-3.812910617250793,54.835437850275014,0.09804383767499303,48.751370980170975,6.221045079686803,45.07746493699358,12.077804704673838,41.174843002509135,20.362226099415466,40.337479440007826,26.060227058765292,37.93605653351028,33.350664637737395,36.698233561235895,38.01484071361443
105.12353455797557,-40.07785559609664,105.0528192669023,-41.58719572981738,114.96968689557792,-34.04029480020546,123.28391942646664,-26.116931677388266,119.81575286586036,-18.37006732676781,104.86358417849175,-13.202765352722281,94.32116017832544,-13.432329539480008,83.8188338822535,-12.592454979713693,70.36782417205978,-7.7440756587870965,62.99577833260179,-4.362956811205095,55.28228465017031,-0.5421274303780024,49.074887270467286,5.504884264985321,45.29400821041423,11.335138503007215,41.314981634895446,19.605904781533923,40.37751911807726,25.295712402791025,38.044134794052695,32.59279480660621,36.79482787999166,37.23835728576108
105.03125608612999,-40.8308715802753,104.86210598137819,-42.30737461240261,114.77578956064787,-34.777772616364814,123.49987806097926,-26.849739575025524,120.47666353414417,-18.77095295719795,105.59676018646672,-13.324795270031245,95.0522023042243,-13.59665983849436,84.5219071662786,-12.892915891454322,70.95469434818227,-8.17622947526786,63.53987245193008,-4.905524536286407,55.741633682570125,-1.175435259922324,49.40970382156263,4.7926118787625,45.51265332464601,10.594067010818833,41.45908289445629,18.849191056664836,40.41476004959168,24.53063652734005,38.14934536070865,31.834601085624968,36.88838270368615,36.46160652385731
104.93039453157286,-41.58350739421127,104.67001396229028,-43.026172312379,114.56956062694059,-35.51184000234787,123.67247090859433,-27.587343258207568,121.12520435248683,-19.18240571980084,106.33184732436979,-13.448160060477448,95.78391767289264,-13.754109016845746,85.22769041509395,-13.18307051219773,71.54999463615349,-8.600553500569447,64.09368849301308,-5.440472161923708,56.21274270604516,-1.8017583170150147,49.75547343822069,4.084392982305189,45.7337781570061,9.854764989703426,41.60763719259654,18.091973655919844,40.449566169891966,23.765075526475925,38.25171122728153,31.076150449280192,36.97891394548833,35.68471191188354
104.8214354653008,-42.335749203648106,104.47693014356656,-43.74355230614026,114.35162394087519,-36.24212342048338,123.79739678245079,-28.32903193313217,121.76013358251117,-19.60490460463734,107.06830948531632,-13.57333038074114,96.51587840258918,-13.904874467746026,85.9357214536804,-13.46278996845632,72.153276660578,-9.017020671421676,64.6567555215276,-5.967658057545748,56.69486947916624,-2.4209752677131746,50.111848925205265,3.3803926369002966,45.95776058481158,9.117407201255673,41.761134940721035,17.334141310410416,40.48230141431878,22.999105494262153,38.35125538757467,30.317509872058395,37.066437518567454,34.90779693381984
104.70486445831108,-43.087583174329495,104.28324145913535,-44.45947807007991,114.12260334887088,-36.96824933309989,123.87035449568765,-29.074094805997106,122.38020948583954,-20.038928601768305,107.80561056242169,-13.700776887502457,97.24765661157227,-14.049153584407236,86.64553810701847,-13.73194538674278,72.76409204606085,-9.425603924554423,65.22860260315082,-6.486940592581391,57.18727176050396,-3.03296477807379,50.47848308728004,2.6807759038346717,46.184978485379645,8.382168407070367,41.92006655023471,16.57558275124819,40.5133297182129,22.23280252476235,38.44800083539138,29.558746328446034,37.15096933609237,34.13098507364663
104.58116708160065,-43.83899547199894,104.08933484292464,-45.17391308059155,113.88312269734655,-37.6898442025261,123.88806546240352,-29.821821767784286,122.98419032409453,-20.484956701254646,108.54321444880128,-13.83097023744159,97.9788244181006,-14.187143760041238,87.35667820008888,-13.990407893569511,73.38199241720696,-9.82627619669745,65.80875880355933,-6.998178136459444,57.689207308629136,-3.637605514153961,50.855028729208755,1.9857078443952219,46.41580973602754,7.649223368742241,42.08487929381482,15.816186851496411,40.543015016915035,21.466242712040128,38.54197056453506,28.79992679292957,37.23252531123228,33.35439981534404
104.45082890616635,-44.589972262400124,103.89559722886275,-45.88682081406864,113.63380583272163,-38.40653449109067,123.87720219709962,-30.57162459040501,123.57083435889871,-20.94346789315722,109.28058503757035,-13.964381087238735,98.70895394043242,-14.319042387860122,88.06867955787214,-14.238048615449145,74.00652939862101,-10.219010424580517,66.39675318843018,-7.501229058608828,58.19993388211236,-4.2347761420106735,51.24113865575515,1.2953535198688542,46.6506322140724,6.918746847865975,42.253026162690105,15.055928793972157,40.57172124576596,20.69950215015899,38.63189636380264,28.04111155148354,37.311121357156196,32.57816464289243
104.31433550300534,-45.34049971127655,103.70241555087767,-46.598164746904786,113.3752766014149,-39.11794666112223,123.85160170550927,-31.323176342611248,124.13889985187444,-21.414941167536824,110.01718622184416,-14.101480093574082,99.43761729682643,-14.445046861075696,88.78108000534877,-14.474738678894084,74.63725461490804,-10.603779544933502,66.9921148234402,-7.995951728458351,58.71870923952446,-4.824355327700971,51.636465671682856,0.6098779915424757,46.889823796831365,6.190913606036361,42.4229467838278,14.295016421776666,40.59981234010638,19.932656933182557,38.71650230364804,27.28233032897657,37.386773387033145,31.802403040272054
104.17217244311445,-46.090563984371954,103.51017674289773,-47.30790835549362,113.10815884984578,-39.82370717494945,123.81185432480373,-32.076183856640114,124.68714506464431,-21.899855514454373,110.7524818947382,-14.242737913127769,100.16438660554121,-14.565354572899992,89.4934173674996,-14.70034921041696,75.27371969067275,-10.980556494486166,67.59437277426622,-8.482204515436877,59.24479113943602,-5.406221737281896,52.04066258175561,-0.0705536792971202,47.13376236162168,5.465898404848076,42.594864537862065,13.533696386992403,40.627652235277026,19.16578315517438,38.796176264911026,26.52360412658163,37.459497314032205,31.027238491463095
104.02482529749085,-46.84015124742979,103.3192677388509,-48.01601511622857,112.83307642443316,-40.52344249490102,123.75855039215452,-32.8303539647286,125.21432825883102,-22.39868992397072,111.48593594936784,-14.388625202580045,100.888833984835,-14.68016291654493,90.20522946930515,-14.914751336530287,75.91547625052016,-11.34931420996827,68.20305610658528,-8.959845788973155,59.77743734041786,-5.98025403681055,52.45338219073727,-0.7457764313629696,47.382825785760474,4.743876005895913,42.769002805426794,12.772215341701838,40.6556048666186,18.398956910198024,38.87130902267364,25.764953944805825,37.5293090513224,30.252794480445857
103.87277963713137,-47.58924766619373,103.13007547266551,-48.72244850550334,112.55065317159614,-41.21677908330548,123.69228024473279,-33.58539349911382,125.72330065903151,-22.911915055558836,112.21701227884824,-14.539612618611102,101.61054068614027,-14.789669289535766,90.91605413574604,-15.117816183746584,76.56207591905508,-11.71002562810969,68.8176938860741,-9.428733918496164,60.3159056010407,-6.546330892343917,52.874277303391466,-1.4156252033681653,47.63739194656489,4.025021170774551,42.94558496715604,12.010819937987605,40.68403416947194,17.6322542923171,38.942291352017946,25.0064007841562,37.596224512072865,29.479194491200644
103.71652103303308,-48.3378394064074,102.93680022872064,-49.42718320943669,112.26151293775405,-41.9033434024916,123.61363421971015,-34.341009292032766,126.2464003521946,-23.439708191359216,112.94517477629489,-14.696170817901077,102.33267550785371,-14.894104688840798,91.62569208231781,-15.309416663162835,77.21307032088231,-12.062663685640189,69.43781517840972,-9.888727273434654,60.85945367987512,-7.104330969939042,53.30300072448182,-2.079934934025914,47.897838721352116,3.3095086610787803,43.12483440368385,11.24975682793206,40.71330407917776,16.86575139559511,39.00951402802599,24.247965645139743,37.65948824933355,28.706540708643047
103.5565350561929,-49.0859126338143,102.73332479723302,-50.13024052712308,111.96627956932588,-42.582761914787966,123.52320265425777,-35.09690817572255,126.78647247552061,-23.981882254387926,113.66988733482293,-14.858770457130163,103.05786881386115,-14.993814766526611,92.33851827679865,-15.489592290875919,77.86801108060678,-12.407201319289584,70.06294904926887,-10.339684223217432,61.40733933549194,-7.65413293565291,53.73920525877219,-2.738540562049252,48.1645439874394,2.5975132384032804,43.30697449564417,10.489272663617783,40.743778531076714,16.099524314095675,39.073367825779826,23.489669528263505,37.718389098008856,27.934837088863333
103.39330727760802,-49.83345351415812,102.52004691742076,-50.83165387182777,111.66557691273073,-43.25466108252323,123.42157588554716,-35.85279698242027,127.33813424355338,-24.53822743144758,114.39061384754797,-15.027882192978552,103.78587591275658,-15.089169609882617,93.0560569276152,-15.658682527920462,78.5264498228334,-12.743611465787637,70.69262456432858,-10.78146313727342,61.95882032646176,-8.19561545554268,54.18254371102631,-3.3912770261513288,48.437885622143824,1.8892096643427863,43.49222862367105,9.729614097127296,40.77582146050963,15.333649141882347,39.13424352036145,22.73153343403459,37.77325516213057,27.16405928911388
103.22732326827514,-50.58044821318242,102.2973653909259,-51.53145665684116,111.3600288143877,-43.91866736802609,123.30934425074958,-36.60838254436294,127.89600287083641,-25.108533909340565,115.10681820758526,-15.203976682126438,104.51645211313388,-15.180539306197943,93.77807451155678,-15.817058213655173,79.18793817216698,-13.071867061864225,71.32637078926558,-11.21392238503148,62.513154411355515,-8.728657195665335,54.63266888600782,-4.037979265045237,48.71824150278263,1.1847727004920898,43.6808201683985,8.971027780543011,40.809796802817175,14.568201973018688,39.192531886852976,21.97357836295987,37.824416571944084,26.394182964025674
103.05906859919156,-51.32688289663082,102.06567901939098,-52.2296822954537,111.0502591207159,-44.57440723362515,123.18709808703642,-37.3633716937876,128.45469557191365,-25.69259187486955,115.81796430805008,-15.387524581253956,105.24935272358692,-15.268293942761943,94.50433750541328,-15.96509018743859,79.85202775321233,-13.391941044249052,71.96371678975692,-11.636920335920365,63.06959934874368,-9.25313682207792,55.089233588480454,-4.678482217444071,49.005989506672904,0.48437710844586945,43.8729725104605,8.213760365947508,40.84606849334017,13.803258901568256,39.24862370033645,21.215825315546567,37.87220345769509,25.62518376822976
102.88902884135399,-52.072743730246884,101.82538660445829,-52.926364200955845,110.73689167813455,-45.221507141649056,123.05542773157919,-38.1174712629313,129.00882956132858,-26.290191514837034,116.52351604205768,-15.578996547041413,105.98433305270959,-15.352803606863972,95.23461238597423,-16.10314928862948,80.51827019057447,-13.70380634967205,72.60419163147941,-12.050315359368994,63.627412897197075,-9.768933000837478,55.55189062320807,-5.312620822061035,49.30150751113189,-0.2118023502011397,44.06890903049111,7.458058505423253,40.885000467419275,13.038896021594724,39.30290973589388,20.458295292301557,37.91694594962917,24.85703735635707
102.7176895657596,-52.818016879774234,101.5768869477701,-53.62153578663788,110.42055033306264,-45.85959355442651,122.91492352154916,-38.87038808403116,129.55302205362528,-26.901123016045517,117.22293730272366,-15.778863236168831,106.72114840909597,-15.434438385793158,95.9686656300292,-16.231606356586383,81.1862171088581,-14.007435914862867,73.24732438011,-12.453965824806119,64.18585281528641,-10.275924398000996,56.02029279495417,-5.94023001760911,49.605173393476775,-0.9035909138542024,44.268853109124336,6.704168851052771,40.92695666039526,12.275189427161536,39.3557807686073,19.701009293732056,37.95897417799188,24.08971938303864
102.54553634340522,-53.562688510956434,101.32057885096884,-54.315230465790364,110.10185893191937,-46.488292934286164,122.7661757941176,-39.62182898932417,130.08189026334713,-27.525176565297613,117.91569198316319,-15.987595305316518,107.45955410133996,-15.513568366838967,96.70626371436794,-16.350832230667947,81.85542013266814,-14.302802676551437,73.8926441013254,-12.847730101660659,64.74799046420259,-10.774001979438594,56.494092908482514,-6.5611447428015595,49.9173650310247,-1.5908138209185836,44.47302812699411,5.952338054918528,40.97230100760885,11.512215212332308,39.40762757355884,18.943988320344886,37.9986182730288,23.32320550290541
102.37305474528802,-54.30674478953716,101.05686111569668,-55.0074816517037,109.78144132112385,-47.10723174355661,122.60977488645602,-40.37150081104744,130.5900514050382,-28.162142349395765,118.60124397649162,-16.205663411164664,108.19930543803542,-15.59056363729053,97.44717311578012,-16.46119775023294,82.52543088660963,-14.589879571467463,74.53967986080266,-13.231466559361479,65.32178460272911,-11.263155029757456,56.972943768556945,-7.175199936351362,50.23903454348442,-2.27329700816955,44.68165746473454,5.2028127691031045,41.021397444400804,10.750049471170655,39.458840925830486,18.187253372647206,38.03620836498544,22.55747137058836
102.20073034240494,-55.050171881259985,100.7861325435959,-55.69832275766828,109.45992134709519,-47.716036444566555,122.44631113573581,-41.11911038143802,131.07212269324185,-28.811810555142642,119.27905717582422,-16.43353821039335,108.94015772777624,-15.665794284437254,98.19116031105517,-16.563073754639845,83.19580099528713,-14.868639536340822,75.18796072421873,-13.60503356733733,65.9071135690279,-11.743419979055773,57.45649817994121,-7.782230536971724,50.57563167013717,-2.9508940461970496,44.89496450297963,4.455839645688911,41.074609906111846,9.98876829774008,39.50981160050435,17.430825451146063,38.07207458410744,21.79249264071842
102.02904870575293,-55.79295595186841,100.50879193630902,-56.38778719697456,109.13792285625237,-48.31433349964465,122.27637487912824,-41.86436453273302,131.52272134250205,-29.47397136934063,119.94859547427649,-16.671690359682827,109.6818662791564,-15.739630395568327,98.93799177698287,-16.65683108324737,83.8660820833058,-15.139055507901219,75.8370157572503,-13.968289495017075,66.50353970211376,-12.214833554368624,57.94440894739893,-8.382071483375682,50.92794747328804,-3.623494685832668,45.11317262236332,3.7116653367584718,41.132302328082744,9.228447786104198,39.56093037266237,16.67472555634845,38.10654706064037,21.028244967926696
101.85849540632893,-56.535083167106166,100.22523809547823,-57.07590838291287,108.81606969501473,-48.90174937111948,122.10055645380481,-42.60697009716938,131.93646456736252,-30.148414978792403,120.60932276496379,-16.920590515713286,110.42418640076977,-15.812442057973158,99.68743399035287,-16.742840575414164,84.53582577527033,-15.401100422878585,76.48637402557432,-14.321092711829635,67.11062534100171,-12.677432482731149,58.43632887569373,-8.974557714276386,51.295389614699104,-4.290991124567142,45.33650520351972,2.9705364943943096,41.194838645654215,8.469164030326567,39.61258801738671,15.91897468876141,38.13995592482985,20.264704006844056
101.68955601513011,-57.27653969271677,99.93586982274593,-57.76271972877373,108.49498570980126,-49.477910521319814,121.9194461969368,-43.34663390698421,132.30796958236698,-30.834931570300455,121.26070294100117,-17.18070933516492,111.16687340121047,-15.884599358940875,100.43925342795461,-16.821473070498882,85.20458369578552,-15.654747218002626,77.13556459486773,-14.663301587203762,67.72793282470656,-13.131253491178313,58.93191076958959,-9.559524168386986,51.67736575613259,-4.953275559891097,45.56518562708271,2.2326997706789484,41.26258279416692,7.710993124470747,39.66517530975938,15.163593848891992,38.172631306921346,19.501845412101545
101.52271610315319,-58.01731169444383,99.6410859197544,-58.448254647847534,108.17380219398916,-50.042446768554385,121.73363444569549,-44.083062794414616,132.63185360205904,-31.53331133066729,121.90219989550434,-17.452517474717865,111.90968258907213,-15.95647238576089,101.19321656657797,-16.89309940786012,85.87190746945652,-15.89996883000316,77.7841195462251,-14.99477449172798,68.35502449224333,-13.576333306745312,59.43080743385002,-10.136805784420574,52.073283559350614,-5.610240189295212,45.799437273686465,1.4984018176948553,41.336302398344344,6.954011370906926,39.71908302486236,14.408604037247187,38.204903337160545,18.73964483833015
101.35748364842306,-58.75738445195083,99.34128518814595,-59.13254655342473,107.82801232239268,-50.59527521724283,121.54371153725248,-44.815963591697596,132.90273384098253,-32.24334444669546,122.53327752158845,-17.73648559105237,112.65236927294899,-16.028431225722443,101.9490898830125,-16.958090426856586,86.538574003983,-16.136744624736707,78.43693876521371,-15.31545692752917,68.99146268262683,-14.012708656467169,59.93267167323876,-10.706237501090243,52.4825506861153,-6.261777210270282,46.03948352396486,0.7678892875244969,41.42659142292206,6.198326821372859,39.77470193777782,13.654026254334099,38.23710214579296,17.9780779401608
101.1878375579268,-59.496720865005614,99.03686642956285,-59.81562885879572,107.45002134022428,-51.13681629181872,121.35026780877894,-45.54504313107026,133.1152275136812,-32.96482110518758,123.15339971236875,-18.033084340848575,113.39468876143468,-16.100845966114832,102.70663985404775,-17.016816966846818,87.20971318903747,-16.365159638705848,79.09847387434235,-15.62561846162862,69.63680973487186,-14.440416267379021,60.43802812305893,-11.267655074677862,52.90457479818889,-6.907778820306817,46.28554775855196,0.041408832250454,41.53745038421954,5.444113066621469,39.832422823587706,12.899881500659717,38.269557863064165,17.217120372224485
101.01270889588096,-60.2352602825008,98.72822844564752,-60.49753497725089,107.04146126152733,-51.667541285753146,121.15339990012632,-46.27000761727771,133.26395183469873,-33.69753149294604,123.7636650473907,-18.342780515869094,114.13639636312342,-16.174086694227356,103.46563295647348,-17.069649867189582,87.88576004810244,-16.585385387881047,79.76831336841332,-15.925603985551277,70.29062798799345,-14.85949286651595,60.95610712278727,-11.82093419133139,53.338763557333266,-7.548137216895668,46.53785335808175,-0.6807928960448066,41.668136024643275,4.691551798301475,39.89263645737418,12.146190776731032,38.30260061921979,16.456747789152246
100.83215251379733,-60.97294093286206,98.41577003804224,-61.17829832208071,106.60396410034485,-52.187921492517376,120.92650100638645,-46.99028095939832,133.34352401857888,-34.44126579677351,124.38244706676716,-18.66583470622652,114.87724738660887,-16.248523497349254,104.22583566707914,-17.116959967243474,88.56649632810314,-16.79759593072845,80.4460457422295,-16.215758390821975,70.9524797810065,-15.269975180912922,61.48898797913938,-12.366007684665647,53.784524625310894,-8.182744597527403,46.79662370318829,-1.3984692452787613,41.81790508659998,3.940824708061882,39.955733614219184,11.392975083055205,38.336560544505346,15.696935845575013
100.64622326318778,-61.70970104451516,98.0998900083892,-61.857952306575555,106.13916187072033,-52.69842820558256,120.65612001396715,-47.704560488922766,133.35486918216264,-35.19579695146098,125.01332181817696,-19.00220184792363,115.61699714048501,-16.324526462769825,104.9870144626546,-17.15911810636709,89.25170377596527,-17.00196532571414,81.13125949059344,-16.49642656896566,71.62192745292583,-15.671899937605133,62.0360542003537,-12.902812788731751,54.24126566388367,-8.811493159692702,47.062082174505576,-2.111373563368943,41.986014312496195,3.1921134875514667,40.02210506920477,10.64025542013917,38.37176776916647,14.937660196123772
100.45497599556398,-62.44547884588576,97.7809871583309,-62.53653034402595,105.64868658669667,-53.199532718419846,120.34502443982723,-48.41142824207549,133.3449367779745,-35.96033861673362,125.65411658364184,-19.351812150494368,116.35540093334595,-16.402465677778423,105.7489358199893,-17.196495123919135,89.94116413861417,-17.19866763130426,81.82354310830777,-16.76795341150728,72.29853334276635,-16.065303863627662,62.596689294668465,-13.431286737580592,54.70839433481382,-9.43427510088236,47.33445215266761,-2.819259198232828,42.171720444738526,2.4455998284190628,40.092141597413104,9.888052788490029,38.40855242344867,14.178896495429512
100.25846556243783,-63.180212565399586,97.45946028950965,-63.214065847722225,105.13417026231735,-53.6917063245005,119.99598180092545,-49.109466255080974,133.3246484301256,-36.73343651643461,126.30265864518361,-19.714595823472678,117.09221407378544,-16.48271122966429,106.5113662158729,-17.22946185925821,90.63465916297531,-17.387876905965015,82.52248509017494,-17.030683809971606,72.98185978954297,-16.45022368601559,63.170276770322005,-13.951366765263344,55.185318299863354,-10.050982618586943,47.61395701830838,-3.5218794977879497,42.37428022573357,1.7014654223135608,40.16623397392607,9.136388188614717,38.447244637597635,13.420620398123162
100.0567468153211,-63.9138404314823,97.13570820356773,-63.89059223095484,104.59724491162552,-54.17542031729562,119.61175961422038,-49.79725656416366,133.29433063570292,-37.51359717524633,126.95677528482378,-20.09048307639256,117.82719187039748,-16.565633205716665,107.27407212709517,-17.258389151743017,91.33197059597438,-17.569767208162432,83.22767393099781,-17.284962655883646,73.6714691322706,-16.826696131803942,63.75620013555255,-14.46299010583084,55.67144522079474,-10.661507910297189,47.9008201520619,-4.218987809951784,42.59295039788799,0.9598919608839083,40.24477297382589,8.385282621020394,38.48817454185877,12.662807558835823
99.84987460572557,-64.64630067255962,96.81012970214744,-64.56614290701418,104.03954254866443,-54.65114599027646,119.19512539667079,-50.47338120554798,133.25430989179353,-38.29932711785125,127.61429378458428,-20.479404118787954,118.56008963177595,-16.651601693224904,108.03682003044554,-17.2836478407321,92.03288018453662,-17.74451259636271,83.93869812557881,-17.53113484076823,74.36692370996406,-17.194757928027855,64.35384289859843,-14.966093993334255,56.16618275936975,-11.265743173503722,48.1952649345622,-4.910337482641808,42.82698770360827,0.22106113577882525,40.328149372194446,7.634757086213995,38.53167226647781,11.905433632198367
99.63790378516325,-65.37753151705726,96.48312358689105,-65.24075128919071,103.4626951874771,-55.11935463691418,118.74884666523536,-51.13642221545848,133.20491269548444,-39.0891328689317,128.2730414264866,-20.881289160192807,119.29066266651472,-16.74098677947825,108.79937640271379,-17.305608765584168,92.73716967558761,-17.912287129031995,84.65514616872059,-17.769545256150366,75.06778586163836,-17.554445801722352,64.96258856769788,-15.460615661824477,56.66893857735073,-11.863580605697337,48.49751474644336,-5.595681863775496,43.07564888530112,-0.5148453613527408,40.41675394411391,6.884832584702622,38.57806794170028,11.148474272841838
99.42088920514567,-66.10747119340084,96.15508865944099,-65.91445079077482,102.868334842107,-55.580517550679986,118.27569093687265,-51.78496163011954,133.1464655438627,-39.881520953170025,128.9308454925527,-21.29606841014106,120.01866628320789,-16.834158551765995,109.56150772068958,-17.32464276565787,93.44462081605292,-18.07326486463637,85.3766065552258,-18.000538793554824,75.7736179263083,-17.90579647992263,65.58182065108923,-15.946492345352567,57.17912033649981,-12.4549124043686,48.81229137178963,-6.27479235630841,43.33819068537309,-1.2476458388619562,40.510977464666325,6.135530116993209,38.627691697771695,10.391905135397167
99.19888571718474,-66.83605793001618,95.82642372143943,-66.58727482505702,102.25809352659729,-56.03510602504497,117.77842572854155,-52.41758148575565,133.0792949340153,-40.67499789524862,129.58553326480416,-21.723672078166658,120.74385579044923,-16.931487097377442,110.32298046116233,-17.341120680311803,94.15501535285802,-18.22761986164204,86.10266777989699,-18.22446034450661,76.48398224298882,-18.24884668966365,66.21092265701083,-16.42366127796953,57.696135698578985,-13.039630767008248,49.14804743941676,-6.947567843964407,43.61386984623084,-1.9771586050999304,40.61121070893364,5.386870683592917,38.680873664937735,9.635701874495396
98.97194817279234,-67.5632299553289,95.49752757452887,-67.2592568053276,101.6336032549911,-56.48359135348045,117.25981855720073,-53.032863818591295,133.00372736302933,-41.46807021984989,130.2349320252626,-22.164030373803598,121.46598649683284,-17.033342503601887,111.08356110092194,-17.355413348904676,94.86813503292825,-18.375526178515088,86.8329183375368,-18.441654800530557,77.1984411506948,-18.583633157980557,66.84927809370078,-16.892059693726424,58.2193923253505,-13.617627891106963,49.50414062200218,-7.613962097136209,43.90194311028091,-2.7032019684178294,40.71786658349225,4.638875296824892,38.73794397344392,8.879840144767456
98.74013142348025,-68.2889254977647,95.16879902035151,-67.93043014487705,100.9964960413318,-56.92644482945752,116.72263693980875,-53.62939066485086,132.92008932799166,-42.25924445165617,130.87686905594973,-22.617073506585825,122.18481371095237,-17.140094857728627,111.84301611675784,-17.367891610795084,95.5837616031892,-18.517157873721658,87.56694672294788,-18.652467053151554,77.91655698844119,-18.91019261190843,67.49627046939764,-17.35162482667414,58.74829787857658,-14.188795974155425,49.879688263118396,-8.273929100385146,44.2016672199299,-3.425594237166763,40.83614393708814,3.891605553518332,38.79923275353582,8.124295600844334
98.50349032076036,-69.0130827857493,94.84063686054975,-68.60082825699584,100.3484038996624,-57.3641377464474,116.16964839332428,-54.20574406075889,132.82870732598946,-43.04702711534992,131.5091716388875,-23.082731686047225,122.90009274140203,-17.252114247046904,112.6011119854598,-17.378926305341622,96.30167681056633,-18.65268900572795,88.30434143093277,-18.857241993894604,78.63789209524276,-19.228561778482344,68.15128329233954,-17.802293910863796,59.28226002001924,-14.753027213644316,50.27380770633778,-8.927422838272605,44.512298917584474,-4.144153719697954,40.969477504679276,3.145254403204035,38.86507013545901,7.3690438973570735
98.26207971614423,-69.73564004770839,94.51343989676587,-69.2704845549743,99.69095884402628,-57.79714139792128,115.60362043470622,-54.76050604253976,132.72990785410974,-43.82992473561342,132.1296670560974,-23.560935121721855,123.6115788967756,-17.369770758846016,113.35761518381736,-17.388888271903056,97.02166240198511,-18.782293632999995,89.04469095629423,-19.056324514284483,79.36200881011456,-19.538777384737386,68.81370007076481,-18.244004180346394,59.82068641144059,-15.310213807064315,50.68561629523293,-9.574397295359972,44.83309494565117,-4.858698724362455,41.117381584608495,2.400041321070944,38.935786249459056,6.614060688936547
98.01595446114385,-70.45653551206766,94.18760693064218,-69.93943245210295,99.0257928884667,-58.22592707735026,115.027320580913,-55.29225864641802,132.62401740943943,-44.60644383712906,132.73618258960113,-24.051614023143657,124.31904559428193,-17.493434485733133,114.11229218862019,-17.398148349837925,97.74350012437111,-18.906145814003935,89.78758379383459,-19.250059505846195,80.08846947207138,-19.840876157708692,69.48290431291167,-18.67669286917294,60.362984714602874,-15.86024795190616,51.1142313733763,-10.214806456208464,45.16331204653659,-5.569047559511432,41.279370475218684,1.6561857823082846,39.01426183094583,5.859334257275123
97.76516940727112,-71.17570740725279,93.86353676382095,-70.60770536167212,98.35453804702678,-58.65096607820567,114.44351634890353,-55.799583908618104,132.5113624890658,-45.37509094457931,133.32654552142054,-24.554698599846517,125.03718693166644,-17.62361030190317,114.86490947665783,-17.407077378504937,98.46697172464968,-19.024419607206028,90.53260843835682,-19.438791860104573,80.81683642012803,-20.13489482443123,70.15827952701846,-19.100297211394377,60.90856259126821,-16.40302184566042,51.558770284340255,-10.848604305379524,45.50220696264739,-6.275018533495995,41.454958474852674,0.9139072621050559,39.10596617899262,5.104951513792287
97.50977940603758,-71.89309396168954,93.54162819794459,-71.27533669697226,97.67882633374978,-59.07272969395859,113.85497525563636,-56.28106386536439,132.3922695900755,-46.13437258264645,133.89858313357723,-25.070119061364437,125.77633336212836,-17.76128818981323,115.61523352472005,-17.416046197262688,99.19185894974652,-19.137289071072246,91.27935338466312,-19.62286646858456,81.54667199329964,-20.420870111940133,70.83920922132353,-19.51475444106177,61.4568277031986,-16.938427685817828,52.01835037169741,-11.475744827434426,45.84903643639012,-6.976429954667367,41.64365988185335,0.17342523565031343,39.2106068249272,4.351045741956739
97.24983930895525,-72.6086334038036,93.2222800346554,-71.94235987129383,97.00028976267885,-59.49168921808024,113.26446481807017,-56.73528055288148,132.26706520955582,-46.88279527601287,134.45012270809303,-25.59780561723136,126.5326941065527,-17.907567233287864,116.36460397888885,-17.425430338440663,99.91794354658686,-19.244928264068903,92.0274071275565,-19.802628222810995,82.2775385306009,-20.698838747270543,71.52507690406509,-19.920001792226174,62.007187712156394,-17.46635766986907,52.49208897902014,-12.096182006934498,46.20305721017144,-7.6731001313766,41.84498899456344,-0.5650408218667735,39.327688623829374,3.5977504946132512
96.98540396753589,-73.3222639620206,92.90589107559566,-72.60880829792723,96.32056034785734,-59.90831594404176,112.67475255316373,-57.16081600739369,132.1360758445938,-47.61886554936103,134.97899152698955,-26.137688476981282,127.30247838582369,-18.06354651615146,117.12511110897464,-17.435761619877383,100.64500726209639,-19.347511244661973,92.77635816183937,-19.978422014308876,83.00899837104686,-20.968837457457425,72.21526608348148,-20.31597649893854,62.5590502799036,-17.98670399530488,52.97910344988105,-12.709869828441128,46.56352602639788,-8.36484737197486,42.05846011132587,-1.3012714352572061,39.45671643077901,2.845199324606483
96.71652823329129,-74.03392386476628,92.59286012240779,-73.2747153901629,95.64127010332851,-60.32308116531442,112.08860597787572,-57.55625226512558,131.99962799227632,-48.34108992737322,135.48301687228837,-26.689697850148093,128.08189542082613,-18.23032512222869,117.89790439767904,-17.44776092590388,101.37283184320046,-19.445212071317656,93.52579498231427,-20.15059273460298,83.74061385365229,-21.230902969535975,72.90916026781105,-20.70261579524987,63.11352400209415,-18.499356271927297,53.47851112785253,-13.316762276515647,46.92969962747611,-9.051489984813259,42.28358753048349,-2.035047129331815,39.597195100855856,2.0935257847812068
96.44326695773333,-74.74355134046635,92.28357114644535,-73.94011456129124,94.96405104313527,-60.73645617536931,111.50623003027243,-57.920195537343034,131.85804814969043,-49.047974934731826,135.96002602601146,-27.253763946265792,128.86715443244447,-18.409002135343997,118.68121947557171,-17.46216046462581,102.10119903682454,-19.538204802502094,94.27530608378407,-20.319485275218312,84.47194731743213,-21.485072010541273,73.60614296529201,-21.079856915211224,63.67940563659937,-19.004150260126664,53.98942935650717,-13.916813335719326,47.30083475581267,-9.732846278243017,42.519885550379115,-2.7661484289016016,39.74862948913966,1.3428634279820812
96.16567499237368,-75.45108461754648,91.97558478067134,-74.60503922460265,94.29053518132122,-61.1489122676777,110.901170950633,-58.2524676821086,131.71166281392328,-49.738027096119254,136.4078462701804,-27.829816974868265,129.65446464156338,-18.600676639321875,119.47329197322262,-17.479692444149066,102.82989058989432,-19.62666349668143,95.0244799610511,-20.48544452767976,85.20256110140127,-21.731381307508286,74.30559768416248,-21.44763709287355,64.25758905175945,-19.500870843071596,54.510975479417255,-14.509976990613552,47.67618815381422,-10.408734560615187,42.766868469355586,-3.4943558587774532,39.91052445071034,0.5933458070538791
95.88380718872423,-76.15646192443245,91.66690749814455,-75.26952279338764,93.62235453192937,-61.56092073571074,110.26750493964045,-58.554650907012956,131.56079848206178,-50.40975293621784,136.82430488681683,-28.41778714548957,130.44003526906732,-18.80644771798694,120.27235752120174,-17.50108907257936,103.55868824933503,-19.710762212321754,95.77290510891811,-20.648815383512158,85.93201754457465,-21.96986758747221,75.00690793266114,-21.805893562287906,64.84754137892031,-19.989300911281077,55.04226684015538,-15.096207225759656,48.055016563887364,-11.078973140280993,43.02405058575579,-4.2194499437702575,40.08238484064759,-0.15489352515874089
95.59771839829676,-76.85962148954985,91.35753759163487,-75.93359868093654,92.961141109003,-61.97295287293957,109.60744825204159,-58.8284652381505,131.40096349272056,-51.061671742816145,137.20722915794266,-29.01760466766359,131.2200755358411,-19.027414455163637,121.07665175007907,-17.527082558022414,104.28737376207238,-19.790675007889263,96.52017002218764,-20.809942734240508,86.65987898596705,-22.20056757746812,75.70945721902598,-22.154563557505355,65.44872974942729,-20.469223355273982,55.58242078229415,-15.675458025718967,48.43657672843864,-11.743380325591488,43.290946197922494,-4.941211208690959,40.26371551403122,-0.901721015811006
95.30746347260316,-77.56050154132441,91.0474733539125,-76.59730030053981,92.30852692658533,-62.38547997283547,108.92321714258327,-59.07563070161558,131.18013450382142,-51.69293080166665,137.5544463655794,-29.62919975092433,131.99079466276913,-19.26467593467646,121.88441029042446,-17.558405108583997,105.0157288750317,-19.8665759418501,97.26586319566246,-20.969171471389586,87.38570776459352,-22.423518004531047,76.41262905149534,-22.493584312576786,66.06062129462629,-20.940421065569183,56.13055464940584,-16.247683375052873,48.82012538987465,-12.401774424897837,43.56706960419859,-5.659420178350501,40.45402132594103,-1.6470031120582007
95.01309726315509,-78.25904030818185,90.73671307774754,-77.26066106548791,91.66614399871952,-62.79897332886952,108.21702786601196,-59.29786732350243,130.88777252653534,-52.30357888910453,137.86378379174886,-30.252502604805727,132.74840187073602,-19.519331240350027,122.69386877280778,-17.595788932369942,105.74353533513846,-19.9386390726703,98.00957312414499,-21.126846486484396,88.10968174132557,-22.63875451054554,77.11580693830768,-22.82289306155326,66.682683145863,-21.40267693268555,56.68578578506293,-16.81283725832259,49.204919290602106,-13.053973746551208,43.851935102926916,-6.373857377559773,40.65280713145688,-2.390606261055666
94.71385135147483,-78.95517601854783,90.42525505590987,-77.92371438907116,91.03562433944893,-63.21390423451294,107.49109667707461,-59.49689512990551,130.52857862082266,-52.893734493943725,138.13306871847266,-30.88744343884167,133.48910638062642,-19.792479456008778,123.50326282779889,-17.639966237485908,106.47057488931824,-20.007038458816112,98.75088830243789,-21.283312671049828,88.83809387857815,-22.846260741051708,77.818374387701,-23.142427038485835,67.31438243448287,-21.85577384714196,57.24723153283804,-17.370873660089558,49.5902151730275,-13.699796598902708,44.14505699245029,-7.084303331129718,40.85957778565847,-3.1323969099585725
94.40789927959025,-79.64884690084813,90.1130975811696,-78.58649368458009,90.41859996281659,-63.63074398323698,106.7476398305177,-59.674434146919054,130.10725384664357,-53.463516104998234,138.36012842777262,-31.53395246256622,134.2091174133248,-20.085219665477325,124.31082808596801,-17.691669232037782,107.19662928449651,-20.07194815875357,99.48939722534391,-21.438914916610713,89.57238329088665,-23.04594649935757,78.51971490791385,-23.45212347742546,67.95518629183181,-22.299494699457398,57.81400923630366,-17.92174656491511,49.975269779557436,-14.339061290303505,44.44594957111161,-7.790538563871166,41.073838143625665,-3.872241505922318
94.09521166062183,-80.33999118350835,89.8002389462967,-79.24903236530508,89.81670288286585,-64.04996386851275,105.98887358108806,-59.83220440063752,129.62849926395842,-54.01304221108194,138.55226474966543,-32.191924986908134,134.90464418971584,-20.398650952580056,125.11480017788489,-17.751630124131225,107.92148026759872,-20.133542230948933,100.22625330269165,-21.593940155873668,90.31214822271812,-23.237715965234656,79.22312683520437,-23.751905529540124,68.60456184925528,-22.733622380150678,58.385236239032054,-18.46540995736052,50.360425471597466,-14.971585842868649,44.75412713725365,-8.492343600595177,41.295093060438205,-4.6100064961020735
93.77583179984919,-81.02854709495426,89.4866774440614,-79.9113638445366,89.23156511363999,-64.47203518381144,105.2170141835324,-59.97192591715515,129.0970159327274,-54.54243130100889,138.73957686929742,-32.86083741475221,135.5718959306841,-20.73387240114164,125.91341473411939,-17.820581121872067,108.64490958555047,-20.191994733868228,100.96509272631641,-21.74815869263483,91.05698691853985,-23.421473318454673,79.93564243220959,-24.04159793009501,69.26197623809907,-23.15793977974073,58.96002988459594,-19.001817821987174,50.762192916923766,-15.59716571945819,45.069103989219286,-9.18949896611258,41.52284739117596,-5.345558327653237
93.4498030025523,-81.71445286361154,89.17241136723356,-80.57352153556496,88.66481866918213,-64.89742922260427,104.43427789259744,-60.095318722566276,128.51750491291085,-55.05180186359297,138.92358215731127,-33.53988947705619,136.20708185711413,-21.091983094986517,126.70490738524148,-17.899254433366025,109.36669898527708,-20.2474797259776,101.70594288364504,-21.90106957230904,91.806497622819,-23.59712273878921,80.65691942584368,-24.320983427354747,69.92689658970886,-23.572229788746426,59.5375075165677,-19.5309241433564,51.18549298588715,-16.215557907949687,45.39039442535136,-9.881785185234264,41.75660599091867,-6.078763447731035
93.11716857401115,-82.39764671790584,88.8574390085833,-81.23553885168064,88.11809556353552,-65.32661727836239,103.64288096302988,-60.20410284296531,127.89466726446909,-55.541272387648235,139.10325821278963,-34.22827599691158,136.80641118989053,-21.47408211793919,127.48751376182116,-17.988382266718872,110.08663021370404,-20.300171265743245,102.44864648631966,-22.05216943702584,92.56027858002284,-23.764568406009914,81.38642096619964,-24.589844613003606,70.59879003543034,-23.976275297686698,60.11678647851983,-20.05268290602953,51.62917253871507,-16.82651563959496,45.7175127439927,-10.56898278277123,41.9958737147461,-6.809488303490696
92.77797181950535,-83.07806688626295,88.5417586608807,-81.89744920617414,87.59302781074331,-65.760070644557,102.84503964957645,-60.29999830444655,127.23320404736234,-56.010961361988564,139.27758263481513,-34.925191797409695,137.36609314989795,-21.881268553824214,128.2594694944283,-18.088696830036383,110.80471184075094,-20.350243411631254,103.19304624598232,-22.200954928915053,93.31792803461843,-23.923714499888433,82.12361020337067,-24.84796407872591,71.27712370660907,-24.369859197080416,60.696984114024815,-20.567048094567895,52.09207843563519,-17.429792145645877,46.04997324348619,-11.250872283534306,42.240155417738094,-7.53759934208756
92.43225604431501,-83.75565159710851,88.22536861689576,-82.5592860123358,87.09124742484886,-66.19826061465926,102.04297020698385,-60.384725133104325,126.5378163215509,-56.46098727542801,139.44553302247067,-35.629831701641876,137.88233695802086,-22.314641486466087,129.01901021363284,-18.20093033142433,111.5226584112176,-20.39787022210777,103.93898487427526,-22.346922690106396,94.07904423107306,-24.0744652001963,82.86795028744979,-25.095124416205977,71.96136473459086,-24.752764377446397,61.277217766655156,-21.073973693532878,52.57305753687507,-18.025140657354143,46.38729022217467,-11.927234212334497,42.48895595497447,-8.262963010676913
92.08006455371986,-84.4303390788682,87.90826716939858,-83.22108268345607,86.61438641989531,-66.64165848214043,101.23888888999869,-60.460003355032995,125.81320514699502,-56.891468616780514,139.6060869748389,-36.341390532699506,138.35135183514393,-22.775299999689366,129.76437155000468,-18.325814978988433,112.24086922405235,-20.443225755638935,104.68630508284076,-22.489569362729526,94.84322541385387,-24.21672468670522,83.61890436853008,-25.331108217128076,72.65098025072126,-25.124773729303683,61.85660477998323,-21.573413687485697,53.07095670266216,-18.61231440597163,46.728977978400906,-12.597849093982688,42.74178018153498,-8.985445756414038
91.72144065299989,-85.1020675599678,87.59045261115904,-83.88287263282535,86.16407680992592,-67.0907355404716,100.4350119533679,-60.527552996326904,125.0640715836551,-57.30252387485996,139.75822209100255,-37.05906311367403,138.76934700215173,-23.264343177318608,130.49378913411368,-18.46408298083452,112.95934477923885,-20.486484070690892,105.43484958332107,-22.628391588914155,95.61006982742816,-24.350397139186782,84.37593559670466,-25.555698073176586,73.34543738634608,-25.48567014317109,62.43426249758164,-22.065322060987796,53.5846227932239,-19.1910666227501,47.07455081050779,-13.262497453289825,42.99813295249942,-9.704914026454162
91.35642764743483,-85.77077526883289,87.27192323494745,-84.5446892737341,85.74152979201807,-67.54596308312404,99.63355565183798,-60.58909408308034,124.29511669149116,-57.69427153848039,139.90091597004442,-37.78204426765666,139.14552891425427,-23.78274006215446,131.20549859652994,-18.616466545068306,113.67808557676148,-20.527819225729786,106.1844610873581,-22.762886010790055,96.37917571626298,-24.475386737412634,85.13850712206664,-25.768676576035716,74.04420327281076,-25.835236509567437,63.013043344658,-22.54964079723453,54.11290266878808,-19.761150538941365,47.4235230168382,-13.920959815066738,43.2575191229476,-10.421234267952627
90.98506884230454,-86.43640043388922,86.95267733353359,-85.20656601947269,85.33118693318266,-68.00781240356883,98.83673624015574,-60.64634664138771,123.51104153046373,-58.06683009645576,140.03314621104727,-38.5095288177389,139.52053706588487,-24.329881061326887,131.8977355678233,-18.783697879795568,114.39709211660403,-20.567405279221703,106.93498230659435,-22.89254927048694,97.15014132482571,-24.591597661154424,85.90608209470912,-25.96982631738979,74.74674504146122,-26.173255719011763,63.603890683670954,-23.02617736288505,54.65464318958203,-20.3223193857973,47.775466251794285,-14.573016704124427,43.51944354795933,-11.13427292806466
90.607407542889,-87.09888128356255,86.63271319968766,-85.8685362833316,84.92461254718688,-68.47675479527726,98.04676997306791,-60.701030697343356,122.71654716053303,-58.4203180376,140.15389041309373,-39.240711587012015,139.8950849294186,-24.904105409075214,132.56873567856366,-18.96650919312208,115.11636489875065,-20.605416289632842,107.68625595267184,-23.016878010134462,97.9225648975833,-24.698934090183684,86.67812366472509,-26.158929888923126,75.45252982364292,-26.499510662022885,64.20699138104106,-23.494654756109412,55.208691215833426,-20.874326394569664,48.13789160260586,-15.218448645273781,43.78341108261441,-11.843896453945604
90.22348705446797,-87.75815604627849,86.31202912617965,-86.5306334786012,84.52195432544346,-68.95326155172046,97.26587310532119,-60.754866277041515,121.91633464165926,-58.75485385072716,140.2621261752666,-39.97478739856746,140.26629236183754,-25.503733290675427,133.21673455932097,-19.16563269315361,115.83590442318535,-20.64202631542929,108.43812473723273,-23.13536887186234,98.69604467900325,-24.79730020427212,87.45409498220766,-26.335769882320108,76.16102475070176,-26.813784229119676,64.82168424183652,-23.954794667773058,55.77389360776971,-21.416924796510273,48.516123035545775,-15.857036163325688,44.053177695841214,-12.549971292750683
89.8333506823214,-88.41416295046281,85.99062340577967,-87.19289101857197,84.1233599593649,-69.43780396636964,96.49626189166219,-60.80957340657665,121.11510503380265,-59.070556024651125,140.35683109664848,-40.71095107549655,140.63127922012342,-26.12708489140357,133.8399678406651,-19.381800587995883,116.55571118989207,-20.677409415077193,109.19043137191937,-23.2475184978004,99.4701789135525,-24.88660018319132,88.23345919724994,-26.500128889264886,76.87169695398319,-27.115859310821065,65.44730807112575,-24.4063187887416,56.34909722561855,-21.949867822870942,48.90988908832327,-16.488559783091148,44.335566102408904,-13.252363891635241
89.43704173172915,-89.06684022454112,85.66849433125759,-87.85534231653429,83.72897714036418,-69.93085333269596,95.74015258683772,-60.866872112042984,120.31755939692374,-59.367543048185894,140.43698277632228,-41.44839744089069,140.9871653612583,-26.772480396535684,134.43667115316606,-19.615745085754668,117.2757856988548,-20.71173964704269,109.94301856837382,-23.352823530078183,100.24456584569822,-24.96673820671299,89.01567945994503,-26.65178950144184,77.58401356483301,-27.405518797645925,66.08320167397704,-24.84894880988054,56.933148929607285,-22.472908704903432,49.31891829864753,-17.112800029380992,44.630469976074096,-13.950940697754504
89.0346035079711,-89.7161260969392,85.34564019538374,-88.51802078577862,83.33895355985368,-70.43288094417062,94.99976144559452,-60.92848241953499,119.52839879098252,-59.6459334101454,140.50155881337076,-42.18632131784119,141.331070642224,-27.438239991347814,135.00510768967132,-19.868198394535796,117.99612845005771,-20.745191069791872,110.69572903823831,-23.450780610825575,101.01880371990791,-25.037618454608605,89.80021892038593,-26.790534310535293,78.29744171459691,-27.68254558011313,66.72870385545883,-25.282406422055374,57.524895579963584,-22.985800673859558,49.74293920422775,-17.72953742700622,44.93766916274308,-14.645568158263757
88.6260793163271,-90.36195879608277,85.02205929092787,-89.18095983959535,82.95343690924614,-70.94435809426477,94.27730472267928,-60.99612435514683,118.75232427593943,-59.90584559934365,140.54953680687657,-42.92391752943945,141.6601149200025,-28.12268386111606,135.55721055286318,-20.139892722444927,118.71673994348481,-20.777937741790993,111.44840549315512,-23.540886382172175,101.7924907806485,-25.09914510664987,90.58654072866585,-26.916145908229566,79.01144853462046,-27.94672254874166,67.3831534206393,-25.706413316131602,58.123184036915006,-23.488296960991192,50.18168034277312,-18.338552500777666,45.256943508322195,-15.336112720318283
88.21151246207688,-91.00427655039744,84.6977499106602,-89.84419289127487,82.57257487995429,-71.46575607644968,93.57338661944999,-61.07151794497304,117.99403691175468,-60.14739810459457,140.57989435592236,-43.66038089877679,141.97141805157565,-28.824132191116348,136.10360487267718,-20.43156027758789,119.43762067912002,-20.810153721506083,112.20089064476628,-23.622637486247754,102.56522527238718,-25.15122234260849,91.37410803487779,-27.02840688620887,79.72550115624932,-28.19783259405034,68.04588917458699,-26.120691182974838,58.72686116068911,-23.980150797550152,50.634870251992936,-18.939625775506272,45.58807285871768,-16.022440831073425
87.79094625050055,-91.64301758830891,84.37271034735073,-90.5077533541077,82.19651516339087,-71.99754618419644,92.87551690304196,-61.15638321510784,117.25823775838859,-60.37070941471217,140.591609059591,-44.394906248944665,142.2620998939255,-29.540905166624782,136.64393940987446,-20.743933268070464,120.15877115694747,-20.842013067403343,112.95302720471415,-23.695530565182025,103.33660543959132,-25.193754342255943,92.16238398911486,-27.127099836157583,80.43906671082931,-28.435658606558036,68.71624992237008,-26.52496171345058,59.33477381151323,-24.46111541478814,51.10223746959622,-19.53253777600304,45.93083705983588,-16.70441893768441
87.36442398687774,-92.27812013824297,84.04693889376944,-91.17167464138419,81.82540545096828,-72.54019971097625,92.18061894573583,-61.252440191645576,116.54957854874755,-60.57589801851037,140.5762783569093,-45.12668840303445,142.529280304034,-30.271322972917403,137.17786292521595,-21.07774390199836,120.88019187695096,-20.87368983794886,113.70465788464077,-23.759062261104646,104.1062295267281,-25.22664528536393,92.95083174147015,-27.212007349759972,81.15300622940919,-28.659983476783736,69.393574469057,-26.918946598424327,59.94576884961515,-24.930944043957027,51.583510533292326,-20.1170690270788,46.28501595758303,-17.38191348730652
86.93198897648853,-92.90952242862522,83.72043384268653,-91.83599016639477,81.45939343409947,-73.09418795026033,91.4887249071798,-61.3614089006806,115.85101460261006,-60.76308240480313,140.52314547713348,-45.854922184137365,142.77007913888275,-31.013705795270255,137.70502417946267,-21.43372438747741,121.60188333911475,-20.905358091608775,114.4556253961884,-23.812729216145385,104.87369577826445,-25.249799351704098,93.73891444203679,-27.282912018700415,81.87152524961249,-28.8705900952462,70.07720161971616,-27.302367528761636,60.55869313522231,-25.38938991630863,52.078417980790334,-20.693000053544438,46.65038939786547,-18.054790927094984
86.49368452461266,-93.53716268788145,83.3931934868719,-92.5007333424299,81.09862680419707,-73.65998219551989,90.79986694702205,-61.48500936830726,115.14614438053133,-60.93238106240449,140.43304652953947,-46.57880241534491,142.98161625545396,-31.766373818959323,138.22507193337566,-21.812606932613278,122.32384604342286,-20.937191886849234,115.20577245099929,-23.856028072433958,105.63860243866787,-25.263120721047983,94.52609524090775,-27.339596434663065,82.59490052407199,-29.06726135246447,70.76647017941565,-27.674946195327948,61.17239352856228,-25.83620626309471,52.586688349799545,-21.260111380210958,47.026737226589546,-18.7229177042052
86.04955393653,-94.16097914443725,83.06521611909562,-93.16593758277997,80.74325325267358,-74.23805374022601,90.11407722491066,-61.6249616206199,114.43503305244434,-61.08391248012833,140.30692078620785,-47.297523919748414,143.16101151072957,-32.52764722926071,138.73765494771595,-22.21512374551179,123.0460804898591,-20.96936528213638,115.95494176071549,-23.888455472100077,106.40107612199444,-25.266513573167288,95.31183728817615,-27.381843189332358,83.32307111877054,-29.249780138957362,71.4607189532241,-28.036404288988933,61.786217706933996,-26.271146315567137,53.10805017802903,-21.818183531889247,47.41383928966144,-19.38616026579234
85.59964051752041,-94.78091002671846,82.73650003212782,-93.83163630073545,80.39342047094186,-74.82887387785001,89.43138790049392,-61.78298568371281,113.71774578828177,-61.21779514678866,140.14570751921957,-48.01028152043921,143.3053847616912,-33.29584621145045,139.24242198324458,-22.64200703427872,123.7685871784077,-21.002052335936355,116.70297603697935,-23.909508057273456,107.1633178268101,-25.25988208783366,96.09560373393509,-27.40943487439256,84.05597609969112,-29.41792934524375,72.15928674620972,-28.386463500609977,62.40753310949134,-26.69396330497767,53.6422320031881,-22.36699703339025,47.81147543298749,-20.044385059011802
85.14398757286386,-95.39689356315063,82.40704351873848,-94.49786290958667,80.04927615041441,-75.43291390186295,88.7518311334199,-61.96080158368039,112.99434775797675,-61.334147551199464,139.95034600065543,-48.71627004050873,143.41185586532112,-34.06929095080454,139.73902180072236,-23.093989007019843,124.49136660905259,-21.035427106715247,117.44971799143303,-23.918682470083752,107.92561941910122,-25.243130444818632,96.87685772827768,-27.422154081527992,84.79355453281647,-29.571491861842503,72.8615123634408,-28.724845521056693,63.03899847623819,-27.104410462578187,54.18896236298593,-22.90633240952485,48.21942550247405,-20.697458531018754
84.6826384078401,-96.00886798215953,82.07684487169769,-95.16465082262414,79.71096798250409,-76.05064510573607,88.07543908333679,-62.16012934661694,112.26490413146206,-61.433088182174686,139.72177550259602,-49.41468430304826,143.47754467860096,-34.84630163259908,140.22710316091042,-23.571801871840876,125.2144192817778,-21.069663652939255,118.19501033571856,-23.915475352660792,108.68798047421427,-25.21616282389391,97.65506242129703,-27.419783402422865,85.53574548412945,-29.71025057927261,73.56673460998576,-29.051272041194522,63.68043968442515,-27.502241019620385,54.74796979513161,-23.43597018510394,48.637469344027295,-21.34524712896848
84.2156363277291,-96.61677151217089,81.74590238377533,-95.83203345313825,79.37864365862339,-76.68253878294058,87.40224390989266,-62.38268899861686,111.52948007867059,-61.51473552852826,139.46093529712238,-50.10471913114924,143.49957422586937,-35.62519844211005,140.7063148245698,-24.07617783684759,125.93774569656733,-21.104936033074523,118.93908045579127,-23.899383347134176,109.45040056749593,-25.178883404831026,98.42968096308613,-27.402105428761615,86.28248801961314,-29.833988388052944,74.27429229091302,-29.365464751889135,64.33168261130226,-27.88720820735614,55.318982837334545,-23.955690884938463,49.06538680355368,-21.98761730001638
83.7430246378106,-97.22054238161036,81.41421434774162,-96.5000442144194,79.05245087018517,-77.32906622694765,86.73227777273581,-62.63020056577437,110.78814076953523,-61.57920807907419,139.16876465631498,-50.78556934790299,143.48758290967027,-36.40430156461349,141.17630555246154,-24.607849110145708,126.66134635340524,-21.14141830558708,119.68265251427403,-23.86990309563373,110.21287927429267,-25.131196367401742,99.20017650373819,-27.36890275222845,87.03372120525029,-29.94248817870232,74.98352421129067,-29.667145344005917,64.99255313411999,-28.259065257037264,55.90173002730381,-24.46527503383936,49.50295772695938,-22.624435491317627
83.26484664336459,-97.82011881890361,81.08177905636654,-97.1687165197581,78.73253730860193,-77.9906987312284,86.06557283151432,-62.90438407418395,110.04095137398889,-61.62662432262641,138.84620285225486,-51.45642977640091,143.4520895528313,-37.18193118538551,141.63672410534645,-25.16754789984111,127.38522175227564,-21.179284528943185,120.42575939419584,-23.826531240289057,110.97541616995119,-25.073005891377534,99.9660121933461,-27.319957964507694,87.78938410702375,-30.035532841739723,75.69376917618735,-29.956035508410423,65.66287713012849,-28.617565399915577,56.49593990274849,-24.964503156617525,49.94996196015069,-23.2555681500275
82.7811456496708,-98.41543905247642,80.7485948024202,-97.83808378244464,78.41905066528642,-78.66790758925413,85.40216124587647,-63.206959549939825,109.28797706196457,-61.65710274799892,138.49418915702273,-52.11649523973438,143.39267652012273,-37.95640748970203,142.08721924398577,-25.75600641403946,128.10937239316235,-21.218708761608866,121.1684113187278,-23.768764423229925,111.73801082981805,-25.004216156530163,100.72745005084226,-27.255053657283668,88.54941579091638,-30.11290526768397,76.40436599067124,-30.231856935968267,66.34248047657815,-28.96246186724278,57.10134100137799,-25.453155778083897,50.40617934903395,-23.8808817233014
82.29196496200922,-99.00644131075444,80.41465987867258,-98.50817941576958,78.11213863165125,-79.3611640944959,84.74207517547023,-63.539647019136396,108.52928300339505,-61.67076184400565,138.1136628426994,-52.764960560994666,143.30892617631497,-38.726050662839214,142.52743972914033,-26.37395686084659,128.8337987760495,-21.259865062050324,121.91061851104092,-23.696099286586104,112.50066282923962,-24.924731342631105,101.48774367443724,-27.173972422240695,89.31375532291128,-30.17438834705399,77.11622032252927,-30.494331317544834,67.03118905071909,-29.293507890270803,57.71766186090139,-25.931013423049365,50.87138973951545,-24.50024265829444
81.79734788565969,-99.5930638221634,80.07997257789367,-99.17903683302325,77.81194889910915,-80.070939540425,84.0853467799439,-63.904166507867956,107.76493436821323,-61.66772009946061,137.70556318136545,-53.40102056327328,143.20042088617828,-39.489180890073044,142.95703432157126,-27.022131448368214,129.5585014009211,-21.3029274887337,122.65239119430618,-23.608032472487196,113.26337174356269,-24.834455629452123,102.24733522047433,-27.07649685106304,90.08234176899106,-30.219764970368715,77.8351719519274,-30.743180344005793,67.7288287298017,-29.610456700251405,58.344631019027986,-26.397856616324873,51.34537297750154,-25.113517402162017
81.29733772590208,-100.1752448151289,79.74453119285369,-99.85068944749611,77.51862915907276,-80.79770522051257,83.43200821894567,-64.30223804222891,106.99499632635212,-61.64809600317773,137.27082944510192,-54.023870069661484,143.06674301448305,-40.244118356679564,143.37565178203948,-27.70126238471005,130.2834807677612,-21.348070100125142,123.39373959169467,-23.504060623063026,114.02613714813361,-24.733293196764805,103.00625913514983,-26.962409535434972,90.85511419513881,-30.248818028146957,78.56153344292983,-30.978125706216588,68.43522539107636,-29.913061528436458,58.98197701346686,-26.85346588272131,51.82790890889845,-25.72057240205936
80.79197778801625,-100.75292251807679,79.40833401632239,-100.52317067247856,77.2323271029548,-81.54193242822976,82.7820916521236,-64.73558164831354,106.2195340477445,-61.612008043970945,136.8104009059894,-54.63270390325067,142.90747492599957,-40.98918324793482,143.78294087130604,-28.412081877977982,131.0087373765537,-21.395466954690733,124.13467392637739,-23.383680380443195,114.7889586182992,-24.621148224340686,103.76454986466007,-26.831493067040867,91.63201166733728,-30.261330410907703,79.29494641104878,-31.198889095042716,69.1502049117932,-30.201075606077666,59.6294283819272,-27.297621747049618,52.31877737961241,-26.32127410514181
80.28131137728207,-101.32603515943265,79.0713793410701,-101.19651392126104,76.95319042216789,-82.30409245704777,82.13562923912588,-65.2059173522162,105.43861270232327,-61.55957471065432,136.32521683610872,-55.22671688713223,142.72219898549832,-41.72269574911485,144.17855035013196,-29.155322136277732,131.73427172728287,-21.445292110896617,124.87520442152544,-23.24638838675753,115.55183572940592,-24.497924891951527,104.52224185520146,-26.683530037564992,92.41297325156955,-30.25708500916977,80.03505247179618,-31.40519220134979,69.87359316920259,-30.474252164426844,60.2867136621183,-27.730104734120744,52.81775823554989,-26.915488958564538
79.76538179897938,-101.89452096762221,78.73366545986681,-101.87075260713397,76.68136680812478,-83.08465660043782,81.49265313960069,-65.71496518003124,104.65229746002143,-61.490914492041725,135.81621650754067,-55.80510384439748,142.5104975577495,-42.44297604549564,144.56212897927827,-29.931715367714958,132.4600843199325,-21.497719627208937,125.6153413003097,-23.09168128413569,116.31476805680023,-24.36352737936886,105.27936955296997,-26.51830303869167,93.19793801381826,-30.23586471345203,80.78149324068403,-31.596756716003256,70.6052160405547,-30.732344434735865,60.95356139174925,-28.150695368745517,53.324631322616995,-27.50308340948294
79.24423235838805,-102.4583181710712,78.39519066548252,-102.54592014338778,76.41700395223808,-83.88409615187112,80.85319551319611,-66.264445157853,103.86065349077177,-61.406145876947164,135.28433919236608,-56.367059598137814,142.27195300752334,-43.14834432235335,144.9333255195058,-30.741993780395603,133.1861756544867,-21.552923562093838,126.35509478590137,-22.919055714707383,117.07775517582894,-24.217859866364336,106.03596740416214,-26.335594662105223,93.98684502006637,-30.19745241427347,81.53391033322447,-31.773304329868665,71.34489940309999,-30.975105648256545,61.62970010852945,-28.559174175734938,53.83917648672008,-28.083923905052245
78.71790636078794,-103.01736499820532,78.0559532506872,-103.22204994331287,76.16024954592041,-84.70288240481881,80.21728851956044,-66.85607731177578,103.06374596450718,-61.30538735418463,134.73052416266563,-56.91177897144462,142.00614769959049,-43.83712076496391,145.29178873157576,-31.586889582425272,133.91254623092942,-21.611077974017462,127.09447510147135,-22.728008320602328,117.8407966618384,-24.06082653270954,106.79206985497427,-26.13518749948986,94.77963333629685,-30.141631002152963,82.29194536492952,-31.934556733811576,72.09246913408862,-31.202289036240586,62.31485835016787,-28.955321679899896,54.3611735737656,-28.657876892427737
78.1864471114589,-103.5715996774502,77.71595150825095,-103.8991754201997,75.9112512805844,-85.54148665275204,79.58496431834175,-67.49158166789397,102.26164005116067,-61.18875741256801,134.15571069052027,-57.43845678740922,141.7126639987211,-44.507625558603365,145.637167376249,-32.467134981909794,134.6391965492448,-21.672356921445953,127.83349247019072,-22.518035743950236,118.60389209017518,-23.89233155817618,107.54771135160246,-25.91686414252996,95.57624202849246,-30.068183367609322,83.05523995131131,-32.080235618697486,72.84775111077084,-31.41364782993992,63.00876465437369,-29.338918406051334,54.89040242965967,-29.2248088187647
77.64989791568092,-104.12096043723164,77.37518373094389,-104.57732998733866,75.670156847643,-86.40038018914203,78.95625506918822,-68.17267825230192,101.45440092066502,-61.05637454091135,133.56083804801045,-57.94628786912301,141.39108426968545,-45.158178888547866,145.96911021428667,-33.383462186954944,135.36612710941682,-21.736934462845397,128.5721571152306,-22.288634626880878,119.36704103618598,-23.712279122535847,108.30292634024323,-25.680407182909846,96.37661016263615,-29.97689240116148,83.82343570788174,-32.21006267539195,73.61057121039704,-31.6089352606063,63.71114755885634,-29.709744879000084,55.426642900308536,-29.78458613121842
77.10830207873374,-104.66538550597522,77.03364821153588,-105.2565470580202,75.4371139385085,-87.28003430745997,78.33119293174803,-68.90108709109387,100.64209374295325,-60.908357228028535,132.94684550721735,-58.43446703967737,141.04099087725405,-45.78710094007329,146.28726600644967,-34.336603405666494,136.09333841142944,-21.804984656681995,129.31047925976173,-22.03930161152391,120.13024307521727,-23.52057340556013,109.05774926709256,-25.425599212313784,97.18067680471091,-29.86754099332836,84.59617425015296,-32.32375959476042,74.38075531021747,-31.787904559491494,64.42173560132488,-30.067581623557146,55.96967483161876,-30.337075276944176
76.56170290589722,-105.2048131121067,76.69134324279725,-105.93686004553473,75.21227024459387,-88.18092030117708,77.70981006566927,-69.67852821036428,99.82478368795825,-60.74482396273362,132.31467234022142,-58.90218912216369,140.66196618619705,-46.39271189845579,146.59128351349915,-35.32729084615016,136.82083095526679,-21.876681561421833,130.04846912695558,-21.769533340009048,120.89349778261573,-23.317118587020673,109.8122145783471,-25.15222282242604,97.98838102069948,-29.7399120346289,85.37309719363708,-32.421048067668494,75.15812928748238,-31.95030895784737,65.14025731948851,-30.412209164533465,56.51927806949635,-30.88214270309726
76.01014370245133,-105.73918148405181,76.34826711749776,-106.61830236317269,74.99577345731171,-89.10350946376445,77.09213863060023,-70.50672163620737,99.00253592561279,-60.56589323384054,131.6652578191036,-59.34864893967324,140.25359256128496,-46.973331948971406,146.88081149619592,-36.35625671651172,137.54860524091276,-21.952199235531054,130.78613693998278,-21.47882645446606,121.65680473372782,-23.101818846689127,110.56635672020292,-24.860060604930993,98.79966187658471,-29.593788415581855,86.15384615384602,-32.50164978498168,75.94251901944205,-32.09590168692574,65.86644125105641,-30.74340802673987,57.07523245984777,-31.419654856832892
