1,,2,,3,,4,,5,,6,,7,,8,,9,,10,,11,,12,,13,,14,,15,,16,,17,
70.46491969568882,104.74521137043814,66.27218934911235,101.09347848793601,59.644970414201055,75.93709640847703,53.96449704142009,43.13912514896731,55.655114116652555,18.59136521659201,38.816568047337114,5.404552029778699,27.387996618765726,-5.888770032774062,20.016906170752293,-24.89130595838691,21.842772612003273,-39.56586217140472,25.291631445477435,-64.65461956785435,31.1073541842772,-84.06290359152302,38.748943364327886,-100.02232878171736,45.03803888419259,-114.69688499473517,55.58748943364304,-130.5886855019204,62.620456466610165,-144.31649615280782,72.35841081994914,-157.97668212068606,81.42011834319527,-167.84988584004373
70.92236000999821,104.07461605334314,66.90021973844102,100.58181322881515,60.456457526246425,76.18356264114183,54.37644801343953,43.65373298397935,55.90649054338087,19.39195329340515,39.39113264901272,5.8639456550230875,27.952810958858095,-5.2613618065973355,20.29437455741612,-24.198246371362643,21.892701674909006,-38.847738981894054,25.09858100161972,-63.85269516573044,30.85716537146783,-83.28547658604703,38.29549313495619,-99.30523265615585,44.59389882166761,-113.94466636038402,55.04178334590381,-129.94806582923405,62.14111283589091,-143.62189742282948,71.85127009203956,-157.31479494325595,80.90447110461389,-167.20596941099785
71.37972276831687,103.4027861392697,67.52574947037198,100.06677068401709,61.26524771484702,76.41713113173304,54.79497925064703,44.18594214661161,56.16243966975469,20.19057395024069,39.963312296568006,6.328235396897696,28.518033212779244,-4.635856388049888,20.57593593681588,-23.5070584063688,21.94913188471054,-38.12296883293226,24.91000926855139,-63.05010243805623,30.609544466453258,-82.5072738791406,37.84580212680464,-98.584848398453,44.15151858369222,-113.19365723419406,54.49853198004979,-129.30433163899528,61.662307378865194,-142.9284583079429,71.3447558490123,-156.65159013847472,80.38903238015644,-166.56186632671563
71.83700826453185,102.72974693823411,68.14876527522489,99.54837929185419,62.07133219268195,76.63781235545119,55.21999645243625,44.73488938864236,56.42289379632268,20.98722821805839,40.533083099865166,6.797347940410873,29.083664153312952,-4.012205705094573,20.861548164046326,-22.817757075792088,22.01184756331321,-37.391879982682326,24.726143644455647,-62.24685975228857,30.36455663968576,-81.72829977006484,37.400072010418285,-97.86122351496033,43.71091161725394,-112.44378578932276,53.95784154776595,-128.6575243414191,61.18404599419051,-142.23613188440652,70.83887725266186,-155.98709328475104,79.87380250543322,-165.9175772440065
72.29421679253028,102.05552376025264,68.76925388331966,99.02666749063877,62.874702172430545,76.84561678749685,55.65140531820089,45.299711461849824,56.68778522363357,21.781917127818076,41.1004211687665,7.271209970571135,29.649704553243055,-3.3903616856944154,21.15116909420192,-22.13035739201939,22.080633032622245,-36.65480068930714,24.547211527515856,-61.44298547588431,30.122267061617777,-80.94855855808078,36.958504456342325,-97.13440551202928,43.27209136934022,-111.69498019892768,53.419818260737486,-128.00768534672062,60.70633458052458,-141.54487122847888,70.33364346478282,-155.32132996049336,79.35878181605449,-165.27310281967976
72.75134864619918,101.3801419153416,69.38720202497592,98.50166371868318,63.67534886677197,77.04055490307059,56.08911154733454,45.87954511801232,56.957046252235955,22.57464171047951,41.66530261313426,7.749748172386774,30.216155185353443,-2.770276257812384,21.44475658237735,-21.44487436743742,22.15527261454298,-35.91205921096969,24.373440315915218,-60.63849797630013,29.88274090270147,-80.16805454244951,36.52130113512186,-96.40444189601129,42.83507128693839,-110.94716863616623,52.88456833064953,-127.35485606511492,60.229179036524954,-140.85462941641845,69.82906364716956,-154.65432574411028,78.8439706476305,-164.6284437105449
73.20840411942561,100.70362671351725,70.00259643051356,97.97339641429974,64.47326348838544,77.22263717737292,56.53302083923097,46.473527108908115,57.23060918267862,23.36540299700249,42.22770354283068,8.232889230866192,30.783016822427953,-2.151901349411503,21.742268483667146,-20.761323014432946,22.23555063098064,-35.16398380583291,24.205057407837046,-59.83341562099292,29.646043333389173,-79.38679202243208,36.08866371730204,-95.67138017325794,42.39986481703596,-110.20027927419602,52.3521979691871,-126.69907790681708,59.75258526084917,-140.1653595244838,69.32514696161661,-153.9861062140103,78.32936933577167,-163.98360057341125
73.6653835060967,100.02600346479588,70.61542383025233,97.44189401580078,65.26843724995018,77.39187408560443,56.98303889328372,47.080794186315444,57.50840631551017,24.154202018346837,42.787600067718074,8.720559831017908,31.35029023725042,-1.5351888884547407,22.04366265316594,-20.079718345392735,22.32125140384045,-34.41090273205975,24.042290201464652,-59.02775677741943,29.41223952413327,-78.60477529728962,35.660793873427906,-94.93526785012062,41.966485406620336,-109.45424028617447,51.82281338803534,-126.04039228204226,59.2765591521549,-139.47701462893332,68.82190256991856,-153.31669694860204,77.81497821608815,-163.33857406508827
74.12228710009941,99.34729747919377,71.22567095451194,96.90718496149864,66.06086136414535,77.54827610296562,57.43907140888649,47.70048310201258,57.79036995127939,24.941039805472343,43.344968297658625,9.212686657850156,31.917976202604677,-0.920090802905122,22.348896945968306,-19.400075372703554,22.412159255027746,-33.6531442478132,23.885366094981293,-58.22153981303643,29.181394645386035,-77.82200866628312,35.23789327404461,-94.19615243295084,41.53494650267902,-108.70897984525908,51.29652079887933,-125.37884060100549,58.80110660909969,-138.7895478060256,68.31933963386973,-152.646123526294,77.30079762419024,-162.69336484238534
74.57911519532092,98.6675340667272,71.83332453361226,96.36929768970566,66.85052704365023,77.69185370465709,57.901024085432994,48.331730607777814,58.07643239053493,25.725917389338804,43.899784342514636,9.709196396371453,32.48607549127462,-0.30655902072550134,22.657929217168828,-18.722409108752174,22.50805850644781,-32.891036611256084,23.73451248657028,-57.41478309530078,28.953573867599687,-77.03849642867374,34.8201635896973,-93.45408142810004,41.10526155219935,-107.96442612460737,50.77342641340425,-124.71446427392192,58.3262335303412,-138.10291213201913,67.81746731526476,-151.9744115254947,76.7868278956883,-162.04797356211185
75.03586808564825,97.98673853741246,72.43837129787306,95.82826063873418,67.63742550114398,77.82261736587935,58.36880262231688,48.97367345538939,58.366525933825415,26.508835800905985,44.452024312148296,10.210015731590147,33.05458887604408,0.3054545301209828,22.97071732186214,-18.046734565925306,22.60873348000581,-32.12490808055145,23.589956774414816,-56.6075049916692,28.72884236122667,-76.25424288372244,34.40780649093114,-92.70910234191973,40.67744400216884,-107.22050729737691,50.253636443295136,-124.04730471100657,57.851945814536975,-137.4170606831724,67.31629477589809,-151.30158652461273,76.27306936619254,-161.40240088107714
75.4925460649684,97.30493620126586,73.04079797761409,95.28410224689651,68.42154794930588,77.94057756183298,58.842312718931794,49.625448396625615,58.66058288169961,27.289796071133708,45.001664316421966,10.715071348514698,33.62351712969689,0.915997921671476,23.28721911514282,-17.37306675660983,22.71396849760714,-31.355086913862237,23.451926356698266,-55.79972386959855,28.50726529671914,-75.46925233069038,34.00102364829115,-91.96126268076137,40.25150729957488,-106.4771515367251,49.73725710023717,-123.3774033224746,57.378249360344626,-136.73194653574393,66.81583117756423,-150.62767410205663,75.75952237131327,-160.75664745609066
75.94914942716855,96.62215236830363,73.64059130315513,94.73685095250502,69.20288560081502,78.0457447677185,59.321460074671336,50.28619218326472,58.958535534706186,28.068799230981796,45.54868046519789,11.224289932153397,34.192861025016896,1.5251192259628965,23.607392452105444,-16.70142069319246,22.82354788115697,-30.58190136935133,23.320648631603888,-54.991458096545614,28.288907844529547,-74.68352906883865,33.6000167323225,-91.21060995097645,39.82746489140493,-105.73428701580951,49.224394595915385,-122.7048015185411,56.905150066421754,-136.0475227659922,66.31608568205769,-149.95269983623496,75.24618724666084,-160.11071394396185
76.40567846613567,95.9384123485421,74.23773800481598,94.186535193872,69.98142966835076,78.1381294587365,59.80615038892927,50.955041567084976,59.260316193393805,28.845846311409986,46.0930488683382,11.737598167514761,34.76262133478792,2.132866515032333,23.93119518784465,-16.031811388059907,22.937255952560633,-29.805679705181774,23.196350997314994,-54.18272603996718,28.073835175110105,-73.89707739742823,33.204987413570336,-90.45719165891637,39.40533022464638,-104.9918419077876,48.71515514201491,-122.0295407094211,56.43265383142591,-135.36374245017572,65.81706745117287,-149.2766893055562,74.7330643278454,-159.46460100150006
76.86213347575688,95.25374145199751,74.83222481291637,93.63318340930982,70.75717136459218,78.2177421100875,60.296289361099184,51.63113329986467,59.565857158311246,29.62093834337813,46.634745635705315,12.254922739607082,35.33279883179392,2.739287860916761,24.258585177455018,-15.364253853598996,23.054877033723358,-29.026750179516398,23.079260852014784,-53.37354606731998,27.862112458913145,-73.10990161572022,32.81613736257981,-89.70105531093276,38.98511674628679,-104.24974438581688,48.20964495022082,-121.35166230532974,55.96076655401481,-134.68055866455302,65.31878564670438,-148.59966808842898,74.22015395047737,-158.81830928551466
77.31851474991925,94.56816498868619,75.42403845777613,93.07682403713079,71.53010190221863,78.28459319697208,60.791782690574735,52.313604133382086,59.87509073000706,30.39407635784599,47.17374687716136,12.77619033343882,35.90339428881862,3.344431335653269,24.589520276031067,-14.698763102196494,23.176195446550423,-28.245441050518195,22.969605593886627,-52.563936546060916,27.653804866391,-72.3220060229757,32.4336682498959,-88.94224841337694,38.566837903313456,-103.50792262305487,47.707970232218315,-120.67120771648206,55.48949413284595,-133.99792448538255,64.8212494304467,-147.9216617632618,73.70745645016689,-158.1718394528151
77.77482258250978,93.88170826862438,76.01316566971497,92.51748551564728,72.30021249390916,78.33869319459075,61.292536076749684,53.00159081941544,60.18794920903002,31.16526138577339,47.71002870256871,13.301327634018378,36.474408478645955,3.948345011278775,24.92395833866749,-14.035354146239172,23.300995512947168,-27.46208057635016,22.86761262111372,-51.753915843646666,27.448977567995883,-71.53339491845577,32.05778174606388,-88.18081847260049,38.15050714271388,-102.76630479265907,47.210237199692415,-119.98821835309326,55.01884246657693,-133.31579298892285,64.3244679641943,-147.2426959084632,73.19497216252438,-157.52519216021074
78.23105726741562,93.19439660182837,76.59959317905276,91.95519628317157,73.06749435234309,78.38005257814407,61.79845521901757,53.694230109743046,60.5043648959288,31.9344944581201,48.24356722178953,13.830261326354162,37.045842174059715,4.551076959830311,25.261857220458865,-13.37404199811374,23.429061554818702,-26.676997015175175,22.77350933187944,-50.943502327534134,27.24769573418024,-70.74407260142146,31.688679521628842,-87.4168129949548,37.73613791147551,-102.024819067787,46.716552064328255,-119.30273562537832,54.548817453865354,-132.63411725143237,63.828450409741606,-146.56279610244178,72.6827014231601,-156.878368064511
78.68721909852383,92.5062552983145,77.18330771610925,91.38998477801604,73.83193869019965,78.40868182283259,62.309445816772154,54.390658756143154,60.82427009125212,32.70177660584591,48.77433854468609,14.362918095454518,37.61769614784373,5.152675253344967,25.60317477649977,-12.714841670207079,23.560177894070478,-25.890518625156233,22.687523124366976,-50.13271436517999,27.050024535396233,-69.95404337113388,31.326563247135823,-86.65027948679142,37.32374365658575,-101.28339362159613,46.227021037810914,-118.61480094355238,54.07942499336889,-131.95285034916975,63.333205928883274,-145.88198792360606,72.17064456768423,-156.23136782252527
79.14330836972141,91.81730966809897,77.76429601120418,90.82187943849303,74.59353672015794,78.42459140385691,62.82541356940703,55.090013510394016,61.14759709554863,33.46710885991064,49.30231878112073,14.89922462632785,38.18997117278195,5.753187963859659,25.947868861884785,-12.057768174905846,23.694128852607605,-25.102973664456215,22.609881396759704,-49.321570324041204,26.856029142096304,-69.16331152685405,30.971634593130034,-85.88126545446175,36.9133378250321,-100.54195662724396,45.74175033182553,-117.9244557178306,53.610670983745024,-131.27194535839334,62.83874368341361,-145.20029695036453,71.65880193170722,-155.58419209106296
79.5993253748955,91.12758502119812,78.34254479465739,90.25090870291481,75.3522796548973,78.4277917964175,63.34626417631591,55.79143112427391,61.47427820936707,34.230492251274086,49.827484040955596,15.43910760398262,38.7626680216581,6.352663163411535,26.295897331708545,-11.402836524596808,23.83069875233548,-24.314690391238116,22.54081154724082,-48.510088571574386,26.66577472473267,-68.37188136784306,30.62409523015657,-85.10981840431737,36.50493386380191,-99.80043625788801,45.260846158057234,-117.23174135842794,53.14256132365148,-130.5913553553617,62.34507283512727,-144.5177487611258,71.14717385083918,-154.93684152693345
80.05527040793311,90.43710666762823,78.9180407967886,89.6771010095938,76.10815870709689,78.41829347571496,63.87190333689239,56.494048349561155,61.80424573325604,34.991927810896044,50.34981043405298,15.982493713427232,39.335787467256125,6.951148924037454,26.647218041065628,-10.750061731666847,23.969671915159324,-23.525997063664875,22.48054097399364,-47.69828747523644,26.479326453757608,-67.57975719336201,30.284146828760584,-84.33598584270965,36.09854521988268,-99.05876068668579,44.78441472819105,-116.53669927555956,52.67510191174574,-129.91103341633334,61.85220254581867,-143.83436893429842,70.63576066069055,-154.28931678694613
80.5111437627213,89.74589991740555,79.49077074791762,89.10048479684227,76.86116508943587,78.39610691694983,64.40223675053016,57.197001938033964,62.13743196776426,35.75141656973628,50.869274070275196,16.529309639669975,39.90933028235986,7.548693317774564,27.001788845050612,-10.099458808502618,24.110832662984365,-22.737221939899428,22.429297075201475,-46.88618540248416,26.296749499623502,-66.78694330267194,29.951991059487113,-83.5598152759901,35.694185340261754,-98.31685808679475,44.312562253912176,-115.8393708794406,52.20829864668542,-129.2309326175668,61.36014197728235,-143.15018304829096,70.12456269687146,-153.64161852791045
80.96694573314721,89.05399008054638,80.06072137836418,88.52108850297259,77.61129001459352,78.36124259532266,64.9371701166229,57.89942864147059,62.473769213440505,36.50895955875464,51.38585105948442,17.07948206771937,40.483297239753085,8.145344416659839,27.359567598758076,-9.451042767490947,24.25396531771588,-21.948693278104713,22.38730724904758,-46.07380072077427,26.118109032782684,-65.99344399503394,29.62680366818961,-82.78135421051024,35.291867671926695,-97.57465663137242,43.84462397220233,-115.13979758028609,51.74215742712818,-128.55100603532048,60.86890029131274,-142.4652166815119,69.61358029499235,-152.9937474066357
81.42267661309785,88.361402467067,80.62787941844817,87.93894056629705,78.35852469524906,78.31371098603401,65.47660913456428,58.60046521164935,62.81318977083333,37.264557808910865,51.89951751154297,17.6329376825837,41.05768911221969,8.74115029273031,27.720512157282656,-8.804828621018544,24.398854201259212,-21.16073933644367,22.35479889371527,-45.261151797563684,25.943470223687314,-65.19926356970905,29.304599323578202,-82.00065015262152,34.8916056618649,-96.83208449357636,43.37915398938702,-114.43802078831112,51.276684151731615,-127.87120674585299,60.37848664970437,-141.77949541236978,69.10281379066345,-152.3457040799314
81.87833669646028,87.66816238698371,81.19223159848923,87.35406942512805,79.10286034408159,78.25352256428442,66.02045950374793,59.29924840034849,63.15562594049152,38.018212351164806,52.410249536313074,18.189603169271493,41.63250667254357,9.336159018022897,28.08458037571893,-8.160831381472235,24.54528363551958,-20.37368837307929,22.33199940738774,-44.44825700030907,25.772898242789836,-64.40440632595835,28.98508738568586,-81.21775060867537,34.493412757063766,-96.08906984656403,42.916129659982516,-113.73408191373079,50.81188471915323,-127.19148782542277,59.88891021425178,-141.09304481927325,68.59226351949496,-151.69748920460688
82.33392627712158,86.9742951503128,81.75376464880725,86.76650351777786,79.84428817377051,78.18068780527443,66.56862692356754,59.99491495934629,63.501010022963726,38.76992421647623,52.91802324365699,18.749405212791032,42.2077506935085,9.930418664574802,28.45173010916153,-7.519066061238732,24.69558523877805,-19.587868646174513,22.319136188248365,-43.63513469646722,25.60593075758169,-63.60887656304294,28.66841881884875,-80.43270308502326,34.09730240451074,-95.34554086349289,42.455566705489844,-113.02802236676024,50.34776502805073,-126.51180235028835,59.400180146749335,-140.40589048063072,68.08192981709726,-151.0491034374715
82.78944564896881,86.2798260670705,82.31246529972196,86.17627128255887,80.58279939699486,78.09521718420459,67.12101709341675,60.686601640421,63.84927431879868,39.51969443580492,53.42281474343696,19.312270498150838,42.783421947898375,10.523977304422885,28.821919212704984,-6.8795476727048595,24.852432537359903,-18.80360841389222,22.31631937453392,-42.821803253495034,25.4400864674094,-62.81267858022386,28.35474458740282,-79.64555508801675,33.70328805119328,-94.6014257175205,41.99748084741003,-112.3198835576145,49.88433097708162,-125.83210339670819,58.91230560899169,-139.71805797485086,67.5718130190806,-150.40054743533477
83.24489510588904,85.58478044727315,82.86832028155311,85.58340115778338,81.31838522643392,77.99712117627547,67.67753571268923,61.37344519535091,64.20035112854504,40.267524040110686,53.924600145515285,19.8781257103592,43.35952120849697,11.11688300960418,29.195105541443922,-6.242291228257386,25.015864969529446,-18.021235934395406,22.3208330079853,-42.00828103884925,25.27523681886629,-62.0158166767622,28.044215655684297,-78.85635412400728,33.311383144098784,-93.85665258180433,41.541887807243995,-111.60970689650867,49.42158846490355,-125.15234404094087,58.42529576277326,-139.02957288034213,67.06191346105533,-149.75182185500597
83.70027494176935,84.88918360093703,83.42131632462053,84.98792158176374,82.05103687476691,77.88641025668761,68.2384083463462,62.054582375914265,64.55434382745591,41.01341406035334,54.423355559754214,20.446897534424522,43.93604924808824,11.709183852155775,29.571246950472926,-5.6073117402830235,25.185921239158688,-17.241079465847008,22.33132164912439,-41.194586419986706,25.111613838004757,-61.21829515191905,27.736982988029183,-78.06514769934626,32.92160113021475,-93.11114962950188,41.08880330649288,-110.89753379365789,48.95954339017413,-124.4724773592448,57.93915976988853,-138.34046077551312,66.5522314786316,-149.1029273532946
84.1555854504968,84.19306083807837,83.97144015924397,84.38986099281229,82.78074555467305,77.76309490064156,68.8069349252271,62.729149933889346,64.91180026343466,41.75736552749268,54.91905709601599,21.018512655355266,44.513006839455954,12.300927904114644,29.95030129488663,-4.974624221168597,25.362640050119637,-16.463467266409964,22.347603178446036,-40.380737764364085,24.94944955087749,-60.420118304955395,27.43319754877359,-77.27198332038529,32.53395545652859,-92.36484503377068,40.63824306665748,-110.18340565927724,48.498201651550914,-123.79245642787856,57.453906724705405,-137.6507472387724,66.04276740741977,-148.45386458701
84.61082692595846,83.49643746871351,84.51867851574326,83.78924782924133,83.5075024788315,77.62718558333788,69.3838378369228,63.396284621054434,65.27288741596453,42.49937947248847,55.41168086416286,21.592897758159808,45.09039475538401,12.89216323751782,30.33222642977961,-4.344243683300817,25.546060106284244,-15.688727594247268,22.369495476445366,-39.56675343943829,24.788975983537057,-59.62129043513238,27.13301030225358,-76.47690849347572,32.14845957002768,-91.61766696776823,40.190222809238946,-109.46736390358177,48.037569147691556,-123.11223432310061,56.96951717063615,-136.96045784852845,65.53352158303016,-147.80463421296156
85.0659996620414,82.7993388028587,85.06301812443809,83.18611052936322,84.23129885992154,77.47869277997708,69.96890105103222,64.05512318918775,65.63773982043375,43.239456926300534,55.90120297405707,22.16997952784655,45.66884364863887,13.482937924402279,30.71698021024639,-3.7161851390665106,25.736220111524517,-14.917188707521802,22.39681642361728,-38.752651812666045,24.630425162035976,-58.82181584171104,26.836572212805265,-75.67997072496911,31.762759657096183,-90.869543604652,39.74475825573825,-108.74944993678662,47.57747046157249,-122.43176412116952,56.485959386701495,-136.26961818318983,65.02449434107302,-147.15523688795867
85.52110395263264,82.10179015053023,85.6044457156483,82.58047753149029,84.95212591062233,77.31762696575976,70.56190853715424,64.70480239006764,66.00649201223058,43.977598919888635,56.38759953556087,22.74968464942387,46.24984470872158,14.073300036805108,31.105297821136674,-3.090463600852388,25.933158769712463,-14.149178864396504,22.4293839004568,-37.938451251504205,24.474029112426877,-58.02169882395253,26.544034244764646,-74.88121752121685,31.371561337710773,-90.12040311757954,39.301865127656356,-108.02970516910682,47.11592595799948,-121.75099889834371,56.00321715716092,-135.5782538211651,64.51556394474045,-146.50567326881082
85.9761400916193,81.40381682174441,86.14294801969368,81.97237727393485,85.67290591915412,77.14399861588646,71.16264426488772,65.34445897547229,66.37927852674324,44.713806484212625,56.87084665853661,23.3319398079002,46.83327004030525,14.663297646763283,31.499412049540922,-2.467094081045218,26.13691478472009,-13.385026323034367,22.467015787458934,-37.124170123409556,24.320019860762272,-57.220943681117774,26.255547362467894,-74.08069638857052,30.97538678832956,-89.37017367970833,38.861559146494244,-107.30817101075758,46.65255104705892,-121.0698917308817,55.52127426627362,-134.88639034086287,64.0064923368343,-145.85594401232726
86.43110837288845,80.70544412651748,86.67851176689396,81.36183819500928,86.39856765733657,76.95781820555769,71.77089220383158,65.97322969718005,66.75623389936004,45.44808065023224,57.350920452846424,23.916671688283913,47.418911164785015,15.252978826313836,31.899320069449118,-1.8460915920318257,26.347526860419407,-12.62505934159833,22.509529965118645,-36.30982679583883,24.168629433094736,-56.41955471246797,25.971262530251067,-73.27845483338149,30.575016889439837,-88.61878346419581,38.42385603375294,-106.58488887195386,46.18754888726153,-120.38839569504199,55.04011449829909,-134.19405332069164,63.49730592815001,-145.20604977531752
86.8860090903271,80.00669737486575,87.21112368756894,80.74888873302592,87.1284155170257,76.75909620997405,72.38643632358463,66.5902513069691,67.13749266546921,46.180422448907336,57.82779702835268,24.503806975583387,48.00655960355601,15.842391647493741,32.30486010680244,-1.2274711461989227,26.565033700682363,-11.869606178251274,22.556744313931006,-35.495439636248875,24.020089855476954,-55.6175362172641,25.69133071245028,-72.47454036200133,30.171232521528736,-87.86616064419962,37.988771510933475,-105.85990016291083,45.72112263711807,-119.70646386708313,54.55972163749664,-133.5012683390599,62.988039583830755,-144.5559912145909
87.34084253782237,79.3076018768055,87.74077051203841,80.13355732629705,87.86163320546302,76.54784310433607,73.0090605937458,67.19466055661778,67.52318936045896,46.910832911197645,58.301452494917555,25.093272354807084,48.596006878013384,16.431584182340032,32.715870387541884,-0.6112477559333342,26.789474009380967,-11.11899509115625,22.60847671439086,-34.68102701209648,23.874633153961327,-54.81489249476732,25.415902873401535,-71.6690004807815,29.764814565083554,-87.1122333928771,37.55632129953676,-105.13324629384357,45.25347545513927,-119.02404932326357,54.08007946812569,-132.80806097437625,62.47872816901963,-143.90576898695684
87.79560900926128,78.60818294235304,88.26743897062215,79.51587241313504,88.59740442989005,76.3240693638443,73.63854898391395,67.78559419790432,67.91345851971766,47.63931306806302,58.77179906309726,25.68499451096335,49.187044509552265,17.020604502889796,33.13218913760875,0.0025635663782850315,27.020886490387284,-10.37355433847614,22.664545046993396,-33.86660729083843,23.732491354600597,-54.01162784423866,25.145129977440945,-70.8618826960734,29.356543900591475,-86.35692988338587,37.12652112106383,-104.40496867496717,44.78481049983577,-118.34110513984183,53.60117177444556,-132.11445680504926,61.969406548859865,-143.2553837492248
88.25030879853097,77.90846588152459,88.7911157936399,78.89586243185221,89.33491289754824,76.08778546369928,74.27468546368794,68.36218898260702,68.30843467863343,48.36586395046322,59.23838153103429,26.278900129060617,49.779464019567854,17.609500681179952,33.553654582944034,0.6139478083489962,27.259309847573263,-9.63361217837388,22.724767192233458,-33.05219883993152,23.593896483447224,-53.20774656493916,24.879162988904568,-70.05323451422856,28.947201408539684,-85.6001782888834,36.69938669701571,-103.67510871649671,44.31533092971836,-117.65758439307643,53.12298234071562,-131.42048140948748,61.46010958849462,-142.60483615820402
88.70494219951843,77.20847600433649,89.31178771141151,78.27355582076089,90.07334231567904,75.83900187910157,74.91725400266671,68.92358166250412,68.70825237259459,49.09048658935808,59.70121545128177,26.87491589410726,50.37305692945529,18.19832078924759,33.98010494948886,1.2228899575922014,27.504782784810914,-8.899496869012467,22.788961030606117,-32.23782002683254,23.45908056655378,-52.403252956129904,24.618152872128576,-69.24310344159846,28.537567969415477,-84.84190678252719,36.274933748893375,-102.94370782864729,43.845239903297795,-116.9734401592259,52.645494951195246,-130.72616036609935,60.95087215306694,-141.95412687070404
89.15950950611074,76.50823862080497,89.82944145425671,77.64898101817346,90.81187639152398,75.57772908525175,75.56603857044911,69.46890898937389,69.1130461369894,49.813182015707355,60.160423364202586,27.472968491111686,50.967614760609706,18.78711289912968,34.41137846318446,1.8293750017210186,27.757344005972186,-8.17153666855478,22.856944442606334,-31.42348921899827,23.32827562997295,-51.598151317071995,24.36225059144897,-68.43153698453455,28.128424463705983,-84.08204353747476,35.85317799819779,-102.210807421634,43.374740579084744,-116.28862551454864,52.1686933901438,-130.03151925329354,60.44172910772011,-141.30325654353425
89.61401101219502,75.80777904094637,90.34406375249523,77.0221664624022,91.54969883232457,75.3039775573503,76.22082313663395,69.99730771499463,69.52295050720608,50.53395126047087,60.61612781015981,28.072984605082297,51.56292903442625,19.37592508286326,34.8473133499719,2.4333879283487363,28.017032214929145,-7.450059835163813,22.928535308729124,-30.609224783885566,23.201713699757136,-50.792445947026465,24.111607111201863,-67.61858264938832,27.720551771898556,-83.32051672688357,35.434135166429996,-101.47644890567199,42.90403611559003,-115.60309353530323,51.692561441820715,-129.33658364947854,59.93271531759717,-140.65222583350396
90.06844701165824,75.10712257477695,90.8554499167426,76.39314059175945,92.2859933453222,75.01775777059783,76.88139167082022,70.50791459114456,69.93810001863295,51.252795354608395,61.06845132951645,28.674890921027497,52.15879127230005,19.964805412485333,35.28774783579229,3.034913725088586,28.28388611555374,-6.735394627002506,23.003551509469446,-29.795045088951156,23.07962680195908,-49.98614114525441,23.866373395723315,-66.80428794251122,27.314730774480267,-82.55725452391113,35.01782097509101,-100.74067369097622,42.43332967132426,-114.91679729774819,51.217082890485244,-128.6413791330629,59.42386564784141,-140.00103539742264
90.52281779838756,74.40629453231298,91.36345179294347,75.76193184455758,93.01994363775839,74.71908020019487,77.54752814260672,70.99986636960199,70.35862920665818,51.96971532907975,61.5175164626354,29.27861412395569,52.75499299562631,20.553801960032956,35.73252014658681,3.6339373795537995,28.557944411717983,-6.027869302233796,23.081810925322316,-28.98096850165183,22.96224696263124,-49.179241211016915,23.626700409349382,-65.98870037025478,26.911742351938415,-81.79218510171495,34.60425114568176,-100.00352318776191,41.962824404798255,-114.22968987814198,50.74224152039682,-127.9459312824552,58.915214963595815,-139.34968589209961
90.97712366627002,73.70532022357077,91.8681470132637,75.12856865910888,93.75073341687465,74.40795532134197,78.21901652159232,71.47229980214516,70.78467260667009,52.684712214844694,61.96344574987978,29.884080898875254,53.351325725800166,21.142962797543106,36.181468508296575,4.230443879357551,28.839245807293878,-5.327812119020621,23.16313143678275,-28.167013389444435,22.849806207826248,-48.371750443575024,23.392739116416237,-65.17186743897042,26.512367384760182,-81.02523663345255,34.19344139970326,-99.26503880624409,41.492723474522734,-113.54172435274307,50.268021115814804,-127.25026567606398,58.406798130003665,-138.69817797434433
91.43136490919261,73.00422495856657,92.36961321486865,74.49307947372571,94.47754638991239,74.08439360923967,78.895640777376,71.92435164055235,71.21636475405688,53.39778704286309,62.40636173161249,30.49121793079459,53.9475809842167,21.732335997052786,36.63443114686265,4.82441821211313,29.12782900615349,-4.635551335525918,23.24733092434576,-27.35319811978576,22.742536563596616,-47.56367314218977,23.164640481259937,-64.35383665500967,26.117386753432868,-80.25633729228144,33.78540745865655,-98.5252619566379,41.023230039008354,-112.8528537978101,49.79440546099852,-126.55440789229772,57.898650012208066,-138.04651230096624
91.88554182104252,72.30303404731669,92.8679280349237,73.85549272672043,95.19956626411317,73.74840553908854,79.57718487955651,72.35515863660183,71.65384018420684,54.10894084409466,62.846386948196596,31.099951904722104,54.54355029227116,22.321969630599057,37.09124628822627,5.415845365433768,29.423732712168658,-3.951415209912625,23.33422726850631,-26.539541060132592,22.640670055994974,-46.755013606122304,22.942555468216483,-63.53465552472397,25.7275813384436,-79.48541525135914,33.38016504404254,-97.78423404915839,40.55454725676594,-112.1630312896014,49.32137834020739,-125.85838350956504,57.39080547535224,-137.39468952877462
92.33965469570677,71.60177279983742,93.36316911059419,73.21583685640533,95.91597674671846,73.40000158608913,80.26343279773283,72.76385754207189,72.09723343250823,54.81817464949927,63.28364393999499,31.710209505666228,55.13902517135864,22.91191177021892,37.5517521583285,6.004710326932695,29.726995629211558,-3.275732000343794,23.423638349759358,-25.726060577941666,22.544438711073894,-45.94577613463366,22.72663504162199,-62.714371554464776,25.343732020279674,-78.71239868384305,32.97772987736232,-97.04199649402068,40.08687828630616,-111.47220990437557,48.848923537700784,-125.16221810627445,56.88329938457923,-136.74271031457897
92.79370382707242,70.90046652614501,93.85541407904543,72.57414030109274,96.6259615449697,73.03919222544195,80.95416850150377,73.14958510874075,72.54667903434927,55.525489490036676,63.71825524737079,32.32191741863531,55.73379714287432,23.502210487949412,38.015786983110445,6.590998084223145,30.038281460893472,-2.6088281570473555,23.515382048599918,-24.91277504066983,22.454074554885892,-45.135965026984934,22.517030165812628,-61.89303225058359,24.96661967942822,-77.93721576289073,32.57811768011686,-96.29859070143982,39.620426286139775,-110.78034271839113,48.37702483773802,-124.4659372608345,56.37616660503227,-136.09057531518863
93.24768950902649,70.19914053625575,94.34474057744285,71.93043149909505,97.32870436610841,72.6659879323476,81.64917596046826,73.5114780883867,73.00231152511827,56.230886396666676,64.15034341068684,32.93500232863775,56.32765772821335,24.092913855827504,38.483188988513234,7.174693624918348,30.370533499581597,-1.9508218295814004,23.609276245523063,-24.099702815773924,22.36639086320247,-44.32559107033018,22.313891805124342,-61.07068511943186,24.597025196376535,-77.15979466165976,32.18134417380713,-95.5540580816309,39.155394414777504,-110.08738280790652,47.90566602457852,-123.76956655165378,55.86944200185451,-135.438285187413
93.7016120354561,69.49782014018595,94.83122624295174,71.28473888872452,98.023388917376,72.28039918200662,82.34823914422509,73.84867323278803,73.4642654402034,56.93436640034906,64.58003097030627,33.54939092068199,56.92039844877081,24.68406994589023,38.9537964004781,7.755781936631536,30.727882612483427,-1.301432123671816,23.70513882102364,-23.28686227071063,22.27784672619947,-43.51469350940232,22.11463554443219,-60.247376016983424,24.235729451611803,-76.38006355330754,31.78742507993411,-94.80844004480912,38.69198583073006,-109.39328324918023,47.434830882481606,-123.07313155714081,55.36316044018906,-134.7858405880615
94.1554100061494,68.79653064795187,95.31494871273748,70.63709090829354,98.70919890601402,71.88243644961955,83.05114202237326,74.16030729372298,73.93267531499299,57.63593053204366,65.00744046659202,34.16500987977642,57.51181082594195,25.27572683017462,39.42744744494604,8.33424800697594,31.108997990139642,-0.6603330567973558,23.80278765559683,-22.47427177293679,22.18879838940842,-42.70331938916871,21.911064389931028,-59.42313191979201,23.883513325621266,-75.59795061099157,31.396376119998877,-94.06177800118945,38.23040369250822,-108.69799711847088,46.9645031957067,-122.37665785570408,54.85735678517909,-134.13324217394353
94.60835916569579,68.0952973695698,95.79598562396535,69.98751599611444,99.38531803926395,71.47211021038694,83.75766856451156,74.44551702296985,74.40767568487524,58.33557982271023,65.43269443990704,34.7817858909294,58.101686381121795,25.867932580717707,39.903980347858294,8.910076823564737,31.512548823090924,-0.02719864643671599,23.902040629737428,-21.66194968990925,22.099605550357523,-41.89151575480321,21.703529812617262,-58.597967767986745,23.541157698892164,-74.81338400786939,31.00821301550235,-93.31411336098705,37.770851158622634,-108.00147749203688,46.49466674851311,-121.68017102575226,54.35206590196782,-133.4804906018685
95.06031015878972,67.39414561505603,96.27441461380084,69.33604259049955,100.05093002436729,71.04943093950934,84.46760274023893,74.70343917230687,74.88940108523849,59.0333153033086,65.85591543061435,35.399645639149355,58.689816635705654,26.460735269556466,40.383233335155865,9.48325337401127,31.93720430187807,0.5982970899314637,24.002715623940617,-20.849914389084745,22.01062790657511,-41.079329651479554,21.493055963530253,-57.77189830745425,23.209443451911625,-74.02629191709855,30.622886651327462,-92.56548743116787,37.31353138758408,-107.3036774461367,46.02530532516022,-120.98369664569378,53.84732265569829,-132.82758652864572
95.51133885660818,66.69310069442685,96.7503133194092,68.68269912976118,100.70521856856544,70.61440911218727,85.18072851915417,74.93321049351232,75.37798605147083,59.72913800479853,66.277225979077,36.01851580944469,59.27599311108855,27.05418296872793,40.865044632779984,10.053762645928714,32.3816336170417,1.2164801348283731,24.104630518701242,-20.03818423792012,21.922225155589388,-40.266808124371664,21.28066699370936,-56.94493828408122,22.889151465167004,-73.23660251183645,30.238416928650565,-91.81592090468331,36.85864753790332,-106.60455005702897,45.55640270990739,-120.28726029393727,53.34316191151373,-132.17453061108472
95.9615211303281,65.99218791769849,97.22375937795579,68.02751405221167,101.34736737909992,70.16705520362135,85.89810347017959,75.13398317181353,75.8735651189607,60.423048958139844,66.6967486256579,36.63832308682382,59.86000732866569,27.648323750269128,41.34925246667177,10.621589626930245,32.84450595912256,1.8276764707754296,24.207603194514377,-19.226777603872108,21.834756994928625,-39.45399821865317,21.067387054194114,-56.11710244375445,22.58106261914537,-72.44424396524067,29.854041355715992,-91.06538909270711,36.40640276809103,-105.90404840097204,45.08794268701399,-119.5908875488912,52.8396185345573,-131.52132350599476
96.41093285112629,65.29143259488731,97.69483042660602,67.37051579616337,101.97656016321224,69.70737968901207,86.63115196431727,75.30552347149688,76.37786208071833,61.114961581332324,67.11460591072006,37.2589941562951,60.4416508098322,28.243205686217067,41.835695062772345,11.186719304629207,33.32449051866132,2.432212080293823,24.3180422820148,-18.41574487990033,21.74858312212109,-38.64094697949798,20.854240296023818,-55.288405532360514,22.28595779433408,-71.64914445046867,29.469998757232077,-90.31386125952378,35.95700023665796,-105.20212555422455,44.6199090407394,-118.89460398896415,52.33672738997211,-130.86796587018534
96.8596498901797,64.59086003600956,98.1636041025252,66.71173279992863,102.5919806281438,69.23539304356001,87.38157406389303,75.44840362377113,76.89340331775657,61.804256669631286,67.53092037462653,37.880455702866925,61.020715075983276,28.838876848608777,42.32421064702277,11.749136666638776,33.82025648619867,3.0304129459049136,24.44273094767533,-17.60527234354271,21.66406323469505,-37.82770145207991,20.642250870237945,-54.45886229578622,22.004617871220262,-70.85123214067801,29.086527957907037,-89.56130666941806,35.510643102114784,-104.4987345930449,44.152285555342985,-118.19843519256472,51.83452334290138,-130.21445836046587
97.3077481186653,63.8904955510815,98.63015804287869,66.05119350181974,103.19281248113623,68.75110574246571,88.14804150679203,75.56325056260187,77.41992248991141,62.49011484682214,67.94581455774022,38.502634411547774,61.596991648514006,29.435385309481262,42.81463744536427,12.308826700572183,34.33047305227541,3.6226050501299483,24.58125003864518,-16.795582305887706,21.581557030178715,-37.01430868157263,20.432442927875854,-53.62848747991819,21.737823730291154,-70.05043520902609,28.703867782449322,-88.80769458667447,35.06753452297232,-103.79382859369167,43.685056015084115,-117.50240673810134,51.33304125848821,-129.5608016336456
97.75530340775992,63.19036445011943,99.0945698848318,65.38892634014906,103.77823942943081,68.25452826092973,88.92922603089943,75.65069122195459,77.9571111084008,63.171716377070965,68.35941100042413,39.12545696734594,62.17027204881953,30.032779140871554,43.306813683737914,12.86577439404266,34.85380940743215,4.209114375490287,24.733177737326002,-15.986897078282027,21.50142420610041,-36.200815713150064,20.22584061997702,-52.79729583064318,21.486356252034057,-69.24668182867055,28.322257055567206,-88.05299427557765,34.627877657741294,-103.08736063242333,43.21820420422216,-116.8065442039827,50.83231600187577,-128.90699634653413
98.20239162864056,62.49049204313965,99.55691726554994,64.72495975322892,104.34744518026923,67.7456710741526,89.72379937410045,75.71135253579493,78.50466068444285,63.84824152454385,68.77183224304133,39.74885005526991,62.74034779829509,30.631106414816628,43.80057758808482,13.419964734663495,35.388934742209585,4.7902669045071775,24.898092226119388,-15.179438972072319,21.424024459988345,-35.387269591985955,20.023468097580746,-51.965302093847924,21.25099631693604,-68.43990017276877,27.941934601968967,-87.29717500041221,34.191875664932354,-102.37928378549833,42.751713907016494,-116.11087316861722,50.33238243820722,-128.2530431559407
98.64908865248407,61.79090364015843,100.01727782219848,64.05932217937166,104.89961344089284,67.22454465733489,90.53043327428026,75.74586143808841,79.06226272925551,64.51887055340691,69.18320082595477,40.37274036032804,63.30701041833578,31.230415203353573,44.29576738434616,13.971382710047806,35.9345182471485,5.366388619701979,25.07557168742693,-14.373430298605172,21.34971748937079,-34.573717363254104,19.826349511726505,-51.132521015419,21.032524805484456,-67.63001841447829,27.563139246362937,-86.5402060254628,33.759731703056275,-101.66955112917526,42.28556890772643,-115.41541921041352,49.83327543262567,-127.59894271867478
99.0954703504674,61.09162455119207,100.47572919194272,63.39204205688961,105.43392791854313,66.69115948567713,91.34779946932389,75.75484486280058,79.62960875405685,65.18278372782623,69.59363928952746,40.99705456752875,63.87005143033673,31.830753578519335,44.79222129846306,14.520013307808938,36.48922911278959,5.937805503595939,25.26519430365022,-13.569093369227346,21.27886299177601,-33.76020607212831,19.635509013453714,-50.29896734124327,20.828842615850817,-66.81697486450958,27.18610981345745,-85.78205661501391,33.33164893062383,-100.95811573971258,41.81975299061139,-114.72020790778015,49.33502985027434,-126.94469569154575
99.54161259376735,60.3926800862568,100.93234901194802,62.72314782409512,105.9496052191127,66.14552611679383,92.17456969711662,75.73892974389707,80.2063902700649,65.83916131196787,70.00327017412235,41.621719361880395,64.42926235569314,32.432169612350975,45.289777556376634,15.065841515560066,37.05173652967346,6.504843538710361,25.466538257190848,-12.766650495285376,21.211820664732272,-32.94678276378238,19.45197075380173,-49.46465581720736,20.630965595589714,-66.00082555092979,26.811085127960837,-85.02269603335031,32.90783050614567,-100.24493069336876,41.35424993993075,-114.02526483912561,48.837680556296334,-126.29030273136294
99.98759125356099,59.69409555536896,101.38721491937974,62.05266791930049,106.45019633588828,65.58777305507363,93.00941569554362,75.69874301534338,80.79229878849765,66.48718356999794,70.41221602010239,42.246661428391434,64.98443471580009,33.0347113768855,45.788274384028,15.608852320914423,37.62070968834092,7.067828707566605,25.67918173045041,-11.966323988126021,21.14895020576779,-32.13349448339011,19.276758883810032,-48.6296011891979,20.43807697302094,-65.18170238600021,26.438304014581377,-84.26209354475645,32.48847958813258,-99.52994906640237,40.88904353994383,-113.33061558285851,48.341262415834876,-125.63576449493587
100.43348220102519,58.99589626854481,101.8404045514032,61.38063078081808,106.93892468270286,65.01838207147242,93.85100920249005,75.63491161110508,81.38702582057317,67.12603076608252,70.82059936783071,42.871807452070215,65.53676230277807,33.63842877884761,46.28755000735828,16.14903071148524,38.19481777933265,7.627086992685861,25.902702905830495,-11.168336159095816,21.090611312410886,-31.320388276125243,19.110897554517976,-47.79381820310175,20.250061411536876,-64.35973854391409,26.0680052980274,-83.50021841351708,32.07379933509526,-98.81312393507193,40.424117574909985,-112.6362857173873,47.84547111827419,-124.98108003664265
100.87936130733675,58.29810753580065,102.29199554518385,60.707064846960236,107.41637029834465,64.43790079492624,94.69802195584106,75.54806246514778,81.99026287750945,67.7548831643877,71.2285427576702,43.49708411792517,66.09408481902699,34.243412994468315,46.78744265230864,16.686361674885802,38.77272999318933,8.18294437658949,26.136679965732696,-10.37290931954152,21.03716368218977,-30.50751118716164,18.955410916964922,-46.957321604805486,20.066803574529786,-63.53506719886474,25.700427803007244,-82.73703990391675,31.663992905544433,-98.09440837563585,39.959455829088654,-111.94230082112063,47.34903740163571,-124.32622551280002
101.32530444367274,57.60075466715273,102.74206553788696,60.03199855603924,107.88311322160177,63.846876854371146,95.54912569348176,75.43882251143702,82.60170147052457,68.3729210290796,71.63616872998386,44.1224181109647,66.65701687287344,34.84979596025127,47.28779054482021,17.22083019872929,39.35311552045164,8.735726841798737,26.380691092558607,-9.580265780809725,20.988967012632713,-29.6949102616731,18.8113231221904,-46.12012614019585,19.88818812539199,-62.70782152504546,25.33581035422918,-81.97252728024006,31.25926345799087,-97.37375546435271,39.49504208673915,-111.248686472467,46.85193338815907,-123.67115998883128
101.77138748120996,56.90386297261736,103.19069216667788,59.355460346367494,108.3397334912625,63.24585787874321,96.40299215329742,75.30781868393834,83.22103311083652,68.9793246243243,72.04359982513472,44.74773611619719,67.2248007402269,35.45771134553621,47.78843191083405,17.75242127062893,39.93464355166037,9.285760370835021,26.634314468709817,-8.790627854247077,20.94638100126798,-28.88263254483337,18.679658321233717,-45.28224655515959,19.71409972751593,-61.87813469664951,24.974391776401603,-81.20664980677157,30.859814150945226,-96.65111827748098,39.03083738519183,-110.55546821704871,46.354269748527315,-123.01584212040206
102.21768629112535,56.20745776221082,103.63795306872197,58.67747865625728,108.78681114611499,62.63539149697846,97.25829307317315,75.15567791661732,83.84794930966325,69.57327421428786,72.45095858348571,45.37296481863103,67.79667869699699,36.06729281966284,48.29129386571947,18.281132058669925,40.515983277356156,9.833370946219532,26.897128276587978,-8.00421785120028,20.909765345623782,-28.070725081816306,18.561440665134285,-44.44369759558333,19.544423044293865,-61.04613988787031,24.616410894232786,-80.43937674779596,30.465848142918333,-95.9264498912791,38.56500291578442,-109.8626457259794,45.85615715342374,-122.3602305631781
102.66427674459584,55.51156434594941,104.08392588118465,57.998081924020966,109.22492622494735,62.01602533801295,98.11370019099411,74.98302714343953,84.48214157822292,70.15395006313639,72.85836754539991,45.99803090327461,68.37189301909319,36.678674051970944,48.800133098379035,18.807044033226987,41.09580388807967,10.378884550473572,27.168710698594566,-7.221258083015925,20.8794797432285,-27.259234917795652,18.45769430493158,-43.60449400735382,19.379042739118177,-60.211970272901056,24.262106532431062,-79.67067736759788,30.07749269941155,-95.19970353137876,38.096567050685564,-109.17014637530485,45.35770627353156,-121.7042839728253
103.11123471279836,54.816208033849364,104.52868824123118,57.31729858797084,109.65465876654793,61.3883070307827,98.96788524464552,74.79049329837054,85.12330142773351,70.72053243503598,73.26594925124027,46.62286105513638,68.94968598242514,37.29198871180017,49.314712626473465,19.33027432188777,41.672774574371715,10.922627166118502,27.44863991713129,-6.441970861040659,20.855883891610233,-26.44820909794521,18.36944339166496,-42.76465053635775,19.217843475381187,-59.37575902593511,23.91171751570471,-78.90052093046182,29.692704929671265,-94.47085874380758,37.62579185249302,-108.47788501199955,44.85902777953385,-121.04796100500931
103.55863606690974,54.12141413592701,104.97231778602696,56.6351570864193,110.07658880970479,60.752784204223786,99.81951997201247,74.57870331537589,85.77112036941304,71.2722015941527,73.6738262413698,47.2473819592247,69.52929986290235,37.90737046849031,49.834694657906425,19.85094017956476,42.24556452677297,11.46492477567557,27.73649411459968,-5.6665784966211845,20.83933748829736,-25.637694667438836,18.29771207637384,-41.92418192848186,19.06070991647522,-58.53763932116573,23.56548266876206,-78.12887670067249,29.310486620096412,-93.73995136803148,37.15293938380455,-107.78577648303815,44.360232342113875,-120.39122031539591
104.00655667810696,53.427207962198594,105.41489215273737,55.951685857678626,110.4912963932062,60.11000448727225,100.66727611098014,74.34828412842117,86.42528991447949,71.80813780465269,74.08212105615138,47.871520300547985,70.1099769364344,38.5249529913811,50.359741400581356,20.36915886117052,42.81284293582405,12.006103361666135,28.03185147340139,-4.895303301104093,20.830200230818093,-24.82773867145022,18.243524510097643,-41.08310292961278,18.90752672579265,-57.697744332786215,23.223640816311445,-77.35571394251446,28.930827861572368,-93.0070244973544,36.678271707218016,-107.09373563539515,43.86143063195482,-119.73402055965084
104.45507241756695,52.73361482268044,105.8564889785277,55.266913340061194,110.8993615558403,59.46051550886415,101.5098253994338,74.09986267147193,87.08550157415095,72.32752133070198,74.49095623594815,48.49520276411462,70.69095947893089,39.144869949812204,50.88951506240198,20.885047621617588,43.373278992065764,12.546488906611387,28.334290175937895,-4.128367585836031,20.829554582697256,-24.018388254889828,18.207904843875724,-40.241428285637255,18.75817856672586,-56.85620723498988,22.8864307830612,-76.58100192027234,28.553718744984565,-92.27212122508013,36.20205088533123,-106.40167731604515,43.3627333197399,-119.07632039343991
104.90425915646654,52.04066002738881,106.2971859005633,54.580867971879314,111.3013643363953,58.804864897935516,102.34583957525848,73.83406587849373,87.75144685964545,72.8295324364667,74.900327322821,49.11835673818817,71.27148976630127,39.76725501312342,51.42367785127175,21.398723715818477,43.925541886038786,13.086407393032687,28.643388404610903,-3.36599366216376,20.84715929076691,-23.209696845770623,18.191877228747558,-39.39917274244203,18.612550102667058,-56.01316120197009,22.554091393719602,-75.80470989823073,28.17914936121832,-91.53528464451256,35.7245389807419,-105.70951637196265,42.86425107615224,-118.41807847242882
105.3541927659827,51.34836888633998,106.73706055600957,53.89357819144533,111.69788477365938,58.14360028342239,103.17399037633942,73.55152068345217,88.42281728218103,73.31335138611291,75.3078256527674,49.74098505247167,71.85081007445524,40.392241850654415,51.96189197509426,21.910304398685696,44.46899625592482,13.626182331099017,28.958724341822005,-2.6084038414338124,20.885326289016746,-22.4017277867909,18.191775287483892,-38.55635141701981,18.470525997008735,-55.1687394079201,22.22686147299504,-75.02680714067424,27.80710980115913,-90.79655784895556,35.24599805604794,-105.0171676501223,42.366094571875124,-117.75925345228336
105.80494911729238,50.656766709550254,107.17619058203184,53.20507243707158,112.08950290642076,57.47726929426082,103.99294954056177,73.25285402031275,89.0993043529756,73.77815844380675,75.71265963591605,50.363232130845375,72.4281626793022,41.01996413174493,52.50381964177319,22.41990692513184,45.012265448270114,14.165977098450355,29.27987616997268,-1.855820434992836,20.943204449627217,-21.59454529441757,18.19522838154313,-37.71298304700838,18.33199091314316,-54.32307502703321,21.904979845595733,-74.2472629118875,27.437590155692362,-90.05598393171294,34.76669017384705,-104.3245459974986,41.86837447759166,-117.09980398866924
106.25660408157239,49.96587880703589,107.61465361579548,52.51537914707038,112.47679877346764,56.80641955938688,104.80138880581069,72.93869282304107,89.7805995832473,74.22313387371426,76.11504919956172,50.98525799864211,73.00278985675186,41.650555525734745,53.04912305921198,22.927648550069392,45.55823948136248,14.70569983882649,29.606422071464635,-1.1084657541875913,21.019942644779007,-20.78821358511732,18.201445414986722,-36.86908841393773,18.19682951446265,-53.47630123350274,21.58868533623007,-73.46604647615516,27.07058051570334,-89.31360598608865,34.28687739673711,-103.63156626106604,41.371201463985074,-116.43968873725225
106.70923352999972,49.275730488813196,108.05252729446579,51.824526759754065,112.86035241358815,56.13159870773657,105.59797990997134,72.60966402560271,90.46639448421416,74.64745794000154,76.51521427099931,51.60722268119457,73.57393388271373,42.28414970196354,53.59746443531429,23.433646528410918,46.10684642988275,15.245235897837233,29.93794022869946,-0.3665621103646117,21.114689746652743,-19.982796875357053,18.21035645952071,-36.024688322397026,18.064926464359587,-52.62855120152193,21.278216769606274,-72.68312709776171,26.70607097207744,-88.56946710538642,33.80682178731587,-102.93814328779933,40.87468620173854,-115.77886635369816
107.16291333375125,48.58634706489843,108.48915278933697,51.13254583503186,113.2407438655705,55.45335436824601,106.38139459092895,72.26639456196321,91.15638056709412,75.05031090683471,76.91337477752376,52.22928620383556,74.14083703309734,42.92088032977102,54.14850597798363,23.9380181150689,46.65801436851166,15.784470621092566,30.27400882407869,0.3696681851293988,21.226594627428938,-19.17835938160357,18.221891586851143,-35.1798035769753,17.936166426226293,-51.77995810528415,20.97381297043279,-71.89847404099186,26.344051615700153,-87.8236103829102,33.326785408181195,-102.24419192467292,40.37893936153529,-115.11729549367277
107.6177193640039,47.89775384530793,108.92225729301231,50.43949182803004,113.61855316820288,54.772234169851174,107.15030458656861,71.90951136608811,91.8502493431053,75.43087303837981,77.30975064642985,52.85160859189784,74.70274158381227,43.560881078497005,54.70190989512366,24.440880564955904,47.21167137192998,16.323289354202416,30.61420604000392,1.1000028209477932,21.35480615928816,-18.37496532032361,18.235980868684067,-34.33445498226172,17.81043406345509,-50.93065511898271,20.67571276341789,-71.11205657013016,25.984512537456794,-87.0760789119638,32.84703032193079,-101.5496270186614,39.884071614058485,-114.45493481284171
108.07372749193456,47.209976140057904,109.35186712041474,49.74543636599191,113.9943603602735,54.08878574148815,107.90338163477549,71.53964137194305,92.54769232346564,75.788324598803,77.70456180501242,53.47434987071418,75.2588898107681,44.20428561748113,55.25733839463794,24.94235113298447,47.76774551481839,16.86157744277665,30.958110058876798,1.8242194857439245,21.498473214411092,-17.572678907984084,18.252554376725584,-33.488663342845484,17.68761403943836,-50.080775416810866,20.384154973269858,-70.32384394946126,25.6274438282328,-86.3269157858511,32.36781859116252,-100.85436341673932,39.3901936299913,-113.7917429668708
108.53101358872016,46.523039259164676,109.77819963415237,49.05045135071282,114.36874548057057,53.40355671209298,108.6392974734348,71.15741151349351,93.24840101939327,76.1218458522703,78.09802818056642,54.097670065617336,75.80852398987435,44.85122761606317,55.814453684429964,25.442547074067107,48.32616487185771,17.39922023242525,31.305299063098857,2.5420958681711454,21.65674466497825,-16.77156436105173,18.2715421826818,-32.64244946331564,17.567591017568475,-49.230452172961975,20.09937842469708,-69.53380544326973,25.272835578913487,-85.5761640978759,31.889412278474197,-100.15831596588129,38.897416080017024,-113.12767861142584
108.98965352553762,45.83696851264452,110.20147219683327,48.354608683988175,114.74228856788221,52.717094710601685,109.3567238404317,70.76344872470511,93.95206694210611,76.43061706294782,78.49036970038674,54.721729201940065,76.3508863970406,45.50184074358282,56.3729179724034,25.941585643116383,48.88685751772863,17.936103068758086,31.65535123507175,3.253409656882809,21.828769383170197,-15.971685895993346,18.292874358258643,-31.795834148261406,17.450249661237706,-48.379818561629236,19.82153930489949,-68.74191047521919,24.920677880384346,-84.82386694134215,31.41207344646358,-99.46139951306174,38.40584963481871,-112.46270040217257
109.44972317356383,45.151789210513726,110.62190217106547,47.65798026761337,115.1155696609967,52.029947365950335,110.0543324736513,70.3583799395434,94.66746528534918,76.71391153538818,78.88180629176816,55.346687305015166,76.88521930817637,46.15625866937984,56.93239346646175,26.43958409504478,49.449751527111914,18.472111297385084,32.01212703467894,3.9579460215233553,22.013696241167622,-15.173107729275841,18.31648097516222,-30.948838202271872,17.33547463383843,-47.52900775700613,19.548471903508073,-67.94815552156797,24.57096082353064,-84.07006740955364,30.936064157728538,-98.76352890525538,37.91560496507964,-111.7967669947767
109.91129840397576,44.4675266627886,111.03970691945705,46.960638003383735,115.48916879870217,51.34266230707499,110.73079511097887,69.94283209197394,95.40981944884521,76.97161106601547,79.27255788200557,55.97270440017536,77.41076499919137,46.81461506279396,57.49254237450867,26.936659684764862,50.01477497468835,19.007130263916167,32.39045315891843,4.655587751229746,22.210674111151093,-14.3758940773659,18.342292105098636,-30.101482429936198,17.223150598762913,-46.67815293328579,19.279067514072267,-67.15259440285467,24.223674499237916,-83.31480859581427,30.461646474866768,-98.06461898943667,37.426792741482984,-111.12983704490398
110.37445508795025,43.78420617948535,111.4551038046161,46.2626537930947,115.86366601978682,50.65578716291168,111.40412297601637,69.51734568012773,96.17759446671198,77.20384202448909,79.66284439839387,56.59994051275345,77.926765745995,47.47704359316489,58.05302690444768,27.432929667189143,50.58185593513866,19.541045313961263,32.79072241220041,5.3462860731607975,22.41885186530112,-13.58010915673043,18.370237819773934,-29.25378763584348,17.113162219403648,-45.82738726466158,19.013243821011827,-66.35528825212407,23.878808998391378,-82.5581335934279,29.98908246047614,-97.36458461258019,36.93952363471192,-110.46186920822026
110.83926909666422,43.101853070620336,111.86831018915069,45.564099538541626,116.23964136303886,49.96986956239644,112.09649955048218,69.08204983798541,96.96891179600726,77.41073144459548,80.0528857682279,57.22855566808218,78.43246382449684,48.143677929832364,58.61350926418237,27.92851129723016,51.150922483143574,20.07374179313024,33.21190443975007,6.02999362742645,22.63737837579839,-12.785817183836173,18.40024819089416,-28.405774624582932,17.005394159152843,-44.97684392532682,18.750918508746395,-65.55629820242109,23.536354411876573,-81.80008549569834,29.518634177154468,-96.6633406216605,36.45390831544967,-109.7928221403912
111.30581630129461,42.42049264620982,112.27954343566887,44.86504714151988,116.61767486724648,49.28545713446533,112.80564000995969,68.6369514541388,97.78189289378878,77.59240636012095,80.44290191880253,57.85870989149433,78.92710151060652,48.81465174213611,59.173651661616304,28.423521829800478,51.721902693383925,20.605105047033078,33.65296888679251,6.70666305413647,22.865402514823415,-11.993082375149982,18.43225329016542,-27.557464200743652,16.899731081402876,-44.12665608947481,18.492009261695785,-64.75568538679039,23.19630083057882,-81.04070739592947,29.050563687499505,-95.9608018636522,35.9700574543794,-109.12265449708258
111.77417257301835,41.74015021627008,112.6890209067787,44.16556850382486,116.99834838703663,48.603097507009636,113.52918613392836,68.18205739720773,98.61465921711431,77.74899380485189,80.83311277741262,58.49056320832264,79.40992108023357,49.490098699415825,59.73311630465304,28.918078519812582,52.29472464054032,21.13502042127965,34.11288539855292,7.376246993400798,23.10207315455682,-11.20196894713871,18.4661831892937,-26.70887716891474,16.79605764954613,-43.276956931298855,18.236433764279695,-63.95351093827696,22.858638345383497,-80.28004238742511,28.58513305410912,-95.25688318552977,35.48808172218429,-108.45132493396022
112.2444137830123,41.06085109081738,113.09695996508827,43.46573552725192,117.38662978657999,47.92319981995817,114.26477970186778,67.71737453581193,99.46533222304163,77.88062081257468,81.22373827135311,59.12427564389992,79.88016480928752,50.170152471011306,60.29156540119624,29.41229862217901,52.86931639929361,21.663373261479876,34.590623620256395,8.038698085329315,23.34653916717923,-10.41254111626904,18.501967959985052,-25.86003433368535,16.69425852697492,-42.427879624992215,17.98410970091777,-63.14983598992552,22.523357047176034,-79.51813356348919,28.122604339581073,-94.55149943426778,35.008091789547564,-107.77879210668976
112.71654812374726,40.38261174195242,113.50357797320567,42.76562011359647,117.78587084921247,47.24565151425057,115.01006249325746,67.2429097385712,100.3320333686284,77.98741441707566,81.61499832791878,59.760007223558915,80.337074973678,50.854946726262256,60.8486611591494,29.906299391812325,53.44560604432451,22.190048913243686,35.08515319712802,8.69396897003179,23.59794942487116,-9.624863099007882,18.53953767394563,-25.010956499644635,16.59391626705542,-41.579554730894245,17.73495475602988,-62.34472167478094,22.19044702684181,-78.75502401742551,27.663239606513116,-93.84456545684088,34.53019832715239,-107.10501467093707
113.19048639697115,39.70541034603983,113.90909229373892,42.065294164653864,118.19476355786139,46.5702172049956,115.762676287577,66.7586698741053,101.21288411093246,78.06950165214124,82.00711287440453,60.39791797263237,80.77989384931448,51.54461513450835,61.40406578641614,30.400198083625014,54.023521650313796,22.714932722181004,35.59544377439306,9.342012287618104,23.855452799813236,-8.838999111822034,18.57882240288143,-24.161664471381755,16.49246998998649,-40.73202040748703,17.488886614035664,-61.53822912588811,21.85989837526614,-77.99075684253796,27.20730091750312,-93.13599610022357,34.054512005682,-106.42995128236788
113.66616588067711,39.029214709213505,114.3137202892961,41.3648295822195,118.61199989545412,45.89666150730193,116.52026286430595,66.26466181103399,102.10600590701154,78.12700955155773,82.40030183810518,61.03816791645309,81.20786371210659,52.23929136508937,61.95744149090001,30.89411195252967,54.6029912919422,23.237910033901727,36.12046499727654,9.98278067819814,24.118198164186026,-8.055013371178234,18.619752218498547,-23.312179053485863,16.38961528618603,-39.885199852773894,17.245822959354825,-60.73041947629173,21.531701183334576,-77.22537513213041,26.755050335148837,-92.42570621139038,33.58114349581956,-105.7535605966479
114.1435238872013,38.35399263742585,114.71767932248531,40.66429826808874,119.03627184491796,45.22474903627838,117.2804640029238,65.76089241797706,103.00952021392328,78.16006514911155,82.79478514631569,61.680917080353794,81.62022683796386,52.93910908734503,62.508450480504564,31.388158253438775,55.18394304389045,23.75886619401578,36.65918651100367,10.616226781881721,24.385334390170158,-7.2729700935433925,18.662257192502977,-22.462521050546002,16.28566534615527,-39.03900907158567,17.005681476407176,-59.921353859036685,21.20584554193232,-76.45892197950667,26.30674992204814,-91.71361063731587,33.110203468248244,-105.07580126944293
114.62249772887975,37.67971193662919,115.12118675591461,39.96377212405699,119.46627138918012,44.55424440703359,118.04092148291011,65.24736856355432,103.92154848872559,78.16879547858903,83.1907827263309,62.32632548966728,82.01622550279586,53.644201970615086,63.056754963133415,31.882454241264867,55.76630498083932,24.27768654813309,37.210577960799526,11.242303238778732,24.6560103499462,-6.492933495384307,18.706267396600822,-21.612711267151383,16.180933360395557,-38.19336406875311,16.768379849612415,-59.1110934071678,20.88232154194492,-75.69144047797062,25.862661740798785,-90.99962422497464,32.64180259365122,-104.39663195641867
115.10302471804857,37.006340412775955,115.52445995219205,39.26332305191963,119.90069051116802,43.884912234676364,118.79927708374447,64.72409711638548,104.84021218847619,78.15332757377655,83.58851450544563,62.974553169726306,82.39510198251213,54.35470368423921,63.602017146690116,32.377117170920485,56.35000517746954,24.794256441863553,37.77360899188932,11.860962688999052,24.92937491569478,-5.714967793167716,18.751712902498184,-20.762770507891105,16.07573251940812,-37.34818084910711,16.533835763390243,-58.299699253729955,20.561119274257635,-74.92297372082606,25.423047853998582,-90.28366182134124,32.176051542711775,-103.71601131324093
115.58504216704392,36.33384587181851,115.92771627392574,38.563022953472,120.33822119380892,43.21651713431544,119.5531725849064,64.19108494509032,105.76363277023273,78.11378846846048,83.98820041095473,63.62576014586364,82.7560985530223,55.07074789755714,64.14389923907828,32.87226429731817,56.93497170846189,25.308461220817094,38.347249249498134,12.472157772652508,25.20457695959641,-4.939137203360474,18.798523781901054,-19.912719577354324,15.970376013694192,-36.50337541747848,16.301966902160416,-57.48723253176786,20.24222882975596,-74.15356480137694,24.98817032424529,-89.56563827339022,31.71306098611302,-103.0338979955755
116.06848738820185,35.66219611970925,116.33117308372368,37.8629437305095,120.77755542003013,42.54882372105948,120.30024976587549,63.64833891828869,106.68993169105306,78.05030519642722,84.39006037015315,64.28010644341205,83.10501322345823,55.79245582991476,64.6820634482014,33.368012875370425,57.52113264849709,25.82018623060361,38.93046837885112,13.075841129848982,25.48076535383177,-4.165505942429377,18.846630106515477,-19.062579280130194,15.865177033755174,-35.65886377869805,16.072690950342576,-56.673754374326506,19.92564029932521,-73.38325681292713,24.558291214136773,-88.84546842809613,31.252941594538186,-102.35025065908803
116.55329769385844,34.99135896240054,116.73504774419399,37.16315728482752,121.21738517275895,41.88159661001728,121.03815040613125,63.09586590460026,107.61723040799484,77.96300479146308,84.79431431033572,64.9377520877043,83.4563715798447,56.519843636722186,65.21617198196321,33.864480159989824,58.108416072255864,26.329316816833057,39.52223602517341,13.671965400698298,25.75708897058138,-3.394138226841278,18.895961948047614,-18.212370420807815,15.760448770092296,-34.81456193759658,15.845925592356593,-55.85932591445055,19.61134377385082,-72.61209284878038,24.13367258627079,-88.1230671324335,30.79580403867044,-101.66502795944433
117.03941039634975,34.32130220584477,117.13955761794477,36.463735518221426,121.65640243492271,41.21460041629757,121.7645162851532,62.53367277264488,108.54365037811596,77.85201428735448,85.20118215879734,65.59885710407315,83.80960620208191,57.252874743100676,65.74589039216806,34.361783406131906,58.696750054419056,26.83573832511533,40.12152183369017,14.260483225310281,26.032696682025858,-2.6250982730629175,18.946449378203454,-17.362113803976342,15.65650441320679,-33.97038589900495,15.621588512622111,-55.04400828518487,19.29932934421811,-71.84011600224056,23.714576503245155,-87.39834923337696,30.34175898919301,-100.9781885523102
117.526762808012,33.65199365599432,117.54492006758403,35.764750332486614,122.09329918944866,40.54759975500909,122.476989182421,61.96176639104226,109.46731305847402,77.71746071788772,85.61088384283283,66.26358151785138,84.16348630092517,57.991512177556785,66.27540361542947,34.86004202952034,59.28606266966733,27.339336101060354,40.72729544962647,14.841347243794871,26.306737360345778,-1.8584502975611485,18.998022468689044,-16.51183023422493,15.553657153600057,-33.12625166775399,15.399597395558828,-54.22786261957441,18.989587101312566,-71.06736936661162,23.301265027657678,-86.67122957790099,29.890856885744142,-100.28969145928522
118.01529224118116,32.983401118801595,117.95135245571987,35.06627362941845,122.52676741926422,39.88035924126052,123.17321087741408,61.380153628412245,110.38633990612686,77.55947111684924,86.01943337429549,66.93192255393441,84.5167810871298,58.735718968597126,66.80835496380473,35.35938339652546,59.87628199268147,27.839995490278028,41.338526518207516,15.414510096261893,26.57909284031888,-1.094259936523656,19.055566817980946,-15.661563183632211,15.452220181773214,-32.282075248674516,15.179869925586559,-53.410950050663814,18.68210713601951,-70.29389603519735,22.894000222106172,-85.94162301298019,29.44221516430889,-99.5995242537303
118.50493600819334,32.31549240021897,118.3590721449603,34.36837731081232,122.95549910729659,39.21264349016067,123.85082314961204,60.78884135337458,111.29885237813215,77.3781725180254,86.42311061528488,67.60321683313575,84.86825977145116,59.485458144728256,67.34429927967545,35.85993670173676,60.4673360981422,28.337601838378276,41.9541846846584,15.97992442282117,26.86429175347962,-0.3327535176176184,19.125726898807386,-14.811473814804629,15.352506688227663,-31.437772646597352,14.962323787125001,-52.59333171149808,18.376879539224376,-69.5197391013017,22.49304414918845,-85.20944438558917,28.995492936778703,-98.90772304202955
118.9956314213847,31.648235306198785,118.76829649791347,33.6711332784636,123.37818623647308,38.54421711681823,124.5074677784944,60.18783643454901,112.20297193154778,77.17369195520251,86.82265797157493,68.27663344082598,85.21669156464463,60.240692734456786,67.88279140542329,36.3618311397438,61.05915306073024,28.832040490971025,42.573239594204324,16.537542863582644,27.167711171144617,0.4255363409204733,19.208208423451765,-13.96176136810368,15.254829863464693,-30.59325986635332,14.746876664593799,-51.77506873512192,18.073894401812538,-68.74494165822836,22.09865887150221,-84.47460854270241,28.550669762979737,-98.21432864883036
119.48731579309134,30.981597642693487,119.17924287718739,32.97461343416768,123.79352078972113,37.87484473634194,125.1407865435408,59.57714574055532,113.09682002343135,76.94615646216698,87.21881794788419,68.95134146235759,85.56084567746558,61.001385766289275,68.42338618342995,36.86519590513609,61.65166095512643,29.32319679366617,43.19466089207032,17.08731805865608,27.488600586351254,1.1800426256825745,19.302672256225605,-13.112625103187497,15.159502897985533,-29.748452912773246,14.533446242412765,-50.956222254580155,17.773141814669373,-67.96954679928126,21.71106522090662,-83.73703046094698,28.107725202738152,-97.51938189878035
119.97992643564925,30.315547215655414,119.59212864539023,32.278889679719896,124.20019474996792,37.20429096384052,125.7484212242307,58.95677614001332,113.9785181108407,76.69569307270518,87.6123330489309,69.62650998308308,85.89949132066926,61.76750026873236,68.96563845607699,37.37016019250311,62.2447878560115,29.810956092073667,43.81741822348164,17.629202648151363,27.826209492136968,1.9301983232608109,19.40877926144043,-12.264264279714098,15.066838982291472,-28.90326779068789,14.321950205001656,-50.13685340291772,17.474611868680256,-67.19359761776428,21.32854241643662,-82.99666918508484,27.666638815880106,-96.82292361652702
120.47340066139463,29.65005183103699,120.00717116512993,31.584033916915672,124.59690010014077,36.53232041442274,126.32801360004368,58.326734501542745,114.84618765083354,76.42242882060347,88.0039457794337,70.30130808835503,86.23139770501115,62.53899927029258,69.5091030657461,37.87685319643444,62.83990103761715,30.295229312555648,44.44048123366332,18.16314927217843,28.179787381539256,2.6754364202471947,19.52619030340776,-11.416878157341614,14.977151306883798,-28.057620504928195,14.112306236780114,-49.317023313179334,17.17829465473062,-66.4171372069813,20.949996729652298,-82.25359183713698,27.227390162231814,-96.12499462671792
120.96767578266355,28.985079294790552,120.4245877990146,30.890118047550402,124.982328823167,35.85869770319732,126.87720545045926,57.68702769376341,115.69795010046766,76.1264907396482,88.39439864411082,70.97490486352592,86.55533404124645,63.315845799476534,70.05333485481884,38.385404111519534,63.44073290744831,30.77618345306618,45.06281956784056,18.689110570846992,28.5485837475955,3.4151899032336814,19.65456624643923,-10.57066599572812,14.890753062263798,-27.211427060324866,13.904432022167896,-48.496793118409926,16.883990337552575,-65.64019891433344,20.575325474503018,-81.50788180485802,26.78995880161932,-95.4256357540005
121.46268911179203,28.320597412868523,120.84459590965236,30.197213973419423,125.35517290197396,35.183187445273006,127.39363855495702,57.03766258529504,116.53192691680073,75.8080058636258,88.78443414768088,71.64646939394831,86.87006954013066,64.09800288479079,70.59788866567692,38.89594213234798,64.04696376751059,31.25413301041121,45.68340287123851,19.20703918426699,28.93184808334314,4.148891758812397,19.793567954846253,-9.725827054531749,14.807957438932704,-26.36460346170884,13.698245245584758,-47.67622395165421,16.591512015106673,-64.86277645441896,20.204425964938025,-80.75962247600256,26.354324293868842,-94.72488782302224
121.9583779611163,27.65657399122324,121.26741285965124,29.50539359631813,125.71412431948892,34.50555425575848,127.87495469301649,56.37864604475743,117.34623955689062,75.46710122632254,89.17479479486218,72.31517076497471,87.17437341241902,64.88543355474198,71.14231934070199,39.40859645350923,64.65802409269111,31.729394253939915,46.30120078908226,19.716887752548303,29.328829881819672,4.875974973575353,19.942856292940462,-8.882560593410574,14.729077627391916,-25.517065713910824,13.4936635914504,-46.85537694595706,16.300875631242718,-64.08485346864421,19.83719551490674,-80.00889723832535,25.920466198806537,-94.02279165843078
122.45467964297234,26.992976835807127,121.69325601161933,28.814728818041914,126.05787505863918,33.825562749762554,128.3187956441173,55.70998494077037,118.13900947779501,75.10390386152486,89.56622309037317,72.98017806195762,87.4670148688669,65.67810083783667,71.68618172227565,39.923496269592874,65.27334435787702,32.20228345300154,46.91668559957378,20.218612439661314,29.738778636062477,5.595872534114619,20.10209212503338,-8.04106587202267,14.65442681814261,-24.668729821761758,13.290604744184577,-46.03431323436331,16.01209713576111,-63.30641359841371,19.473531438358407,-79.25578947958093,25.488364076258563,-93.31938808487354
122.9515314696963,26.32977375257255,122.12223817627091,28.125291041872032,126.38511710235207,33.14297754239388,128.72280318773886,55.0316861419536,118.90835813657162,74.71854080301912,89.95946153893232,73.64066037024958,87.74676312022973,66.4759677625814,72.2290306527795,40.44077077518838,65.89235503795538,32.6731168769453,47.54188347255382,20.712295138775517,30.160943839109052,6.308017427022207,20.27093631543653,-7.201542150026171,14.584318201686074,-23.81951179009235,13.08898638820699,-45.21309394991778,15.725192478462304,-62.52744048513205,19.11333104924239,-78.50038258752397,25.05799748605108,-92.61471792699803
123.44887075362425,25.66693254747193,122.55282610591524,27.43711186383024,126.69454243355489,32.45756324876129,129.0846191033608,54.34375651692693,119.65240699027822,74.31113908459167,90.35525264525802,74.29578677520311,88.01238737726271,67.27899735748281,72.77042097459525,40.96054916488529,66.51448660781335,33.14221079512035,48.17899095872923,21.198174838288026,30.594574983996722,7.011842638890073,20.44904972846149,-6.3641886870791495,14.51906496852365,-22.969327623733534,12.888726207937339,-44.39178022566534,15.440177609146701,-61.74791777020374,18.756491661507937,-77.74275994990916,24.629345988010186,-91.90882200945185
123.94663480709232,25.004421026457578,122.98444560213022,26.750154694455006,126.98484303517495,31.769084483973415,129.40188517046272,53.64620293431011,120.36927749597265,73.88182574002889,90.75433891406868,74.94472636217077,88.26265685072133,68.08715265104746,73.30990753010457,41.48296063327311,67.1391695423381,33.60988147687593,48.82722817073784,21.676500421372026,31.03892156376304,7.706781156310456,20.63609322841978,-5.529204742839681,14.458980309156573,-22.11809332751602,12.689741887795435,-43.570433194650775,15.157068477614757,-60.96782909503338,18.402910589104465,-76.9830049544911,24.2023891419621,-91.2017411568824
124.44476094243657,24.342206995481945,123.41709509129868,26.064376249549156,127.25471089013956,31.07730586313906,129.67224316852406,52.93903226272292,121.05709111071252,73.43072780311712,91.15746285008282,75.58664821650501,88.49634075136089,68.90039667178198,73.84704516168898,42.00813437494136,67.76583431641666,34.07644519156122,49.48581522121759,22.147520771200732,31.49323307144539,8.392265965875197,20.83172767962293,-4.696789576965898,14.404377414086184,-21.265724906270748,12.491951112200923,-42.7491139899189,14.875881033666872,-60.18715810102549,18.05248514598128,-76.22120098902445,23.777106507732924,-90.4935161939373
124.9431864719931,23.680258260497368,123.85077299980338,25.379733244915542,127.50283798137605,30.38199200136694,129.89333487702442,52.22225137078513,121.71396929155566,72.95797230764279,91.56536695801884,76.22072142355844,88.71220828993671,69.71869244819288,74.38138871173021,42.53619958447959,68.3939114049362,34.54221820852547,50.15397222280649,22.611484770947385,31.956759000081263,9.067730054176423,21.03561394638251,-3.8671424491158177,14.35556947381366,-20.41213836482848,12.295271565573557,-41.92788374451459,14.5966312271035,-59.40588842958471,17.705112646087628,-75.4574314412638,23.35347764514887,-89.78418794526402
125.44184870809801,23.01854262745624,124.28547775402711,24.696182396357017,127.72791629181165,29.682907513765798,130.06280207544336,51.495867127116526,122.33803349555984,72.46368628739219,91.97879374259509,76.8461150686835,88.90902867720416,70.54200300878682,74.91249302260991,43.06728545647729,69.02283128278384,35.00751679711786,50.830919288142354,23.068641303785114,32.428748842708046,9.732606407806202,21.24741289301005,-3.040462618947629,14.3128696788404,-19.557249708020038,12.099620932333096,-41.10680359148262,14.319335007725044,-58.6240037221155,17.360690403372928,-74.6917796989639,22.931482114036044,-89.07379723551009
125.94068496308739,22.35702790231096,124.7212077803527,24.013680419676405,127.92863780437375,28.979817015444354,130.1782865432604,50.75988640033688,122.92740517978274,71.94799677615174,92.39848570853007,77.46199823723276,89.08557112391856,71.37029138207032,75.43991293670962,43.60152118552395,69.65202442484673,35.4726572266876,51.51587652986319,23.51923925288719,32.90845209236318,10.38632801335649,21.46678538381707,-2.2169493461193497,14.27659121966758,-18.700974940676247,11.90491689689918,-40.28593466386786,14.044008325331959,-57.84148762002252,17.019115731786428,-73.92432914987927,22.511099474220657,-88.36238488932298
126.43963254929736,21.69568189101392,125.15796150516286,23.3321840306765,128.10369450198965,28.272485121511323,130.23743005995516,50.01431605906595,123.48020580128212,71.41103080770782,92.8251853605422,78.06754001455877,89.24060484083532,72.20352059654999,75.96320329641105,44.13903596620918,70.28092130601192,35.93795576658388,52.20806406060683,23.963527501426825,33.39511824208415,11.028327857419413,21.693392283115145,-1.3968018902891117,14.247047286796544,-17.84323006762793,11.710618986884242,-39.465337360681815,13.770667129724643,-57.058323764710224,16.680285945277433,-73.15516318176464,22.092309285528813,-87.64999173135027
126.93862877906395,21.034472399517455,125.59573735484037,22.651649945160216,128.2517783675866,27.56067644707548,130.24513947590867,49.259173839800496,124.01321025307777,70.85299527767378,93.25963520334989,78.661909486014,89.3728990387097,73.04165368073245,76.48191894409581,44.6799589931224,70.90895240116657,36.403728686155944,52.90670199301121,24.401754932577205,33.88799678490835,11.658038926586926,21.926894455215802,-0.5802195111150468,14.22455107072858,-16.983931093705905,11.509356633345192,-38.645009017022915,13.499327370703497,-56.274495797583256,16.34409835779536,-72.38436518237461,21.67509110778667,-86.93665858623939
127.43761096472338,20.37336723377399,126.03453375576811,21.972034878930316,128.37194725627148,26.84415605131872,130.24513947590867,48.4947384044556,124.55468415644731,70.27457349746925,93.70257774167158,79.24427573695101,89.4812229282972,73.88465366312428,76.9956147221456,45.2244194608532,71.53554818519785,36.870292254753,53.61101043971428,24.834170429511516,34.3863736484592,12.274894248472833,22.16695276443062,0.23259853174482714,14.20941576196492,-16.122994023741057,11.299994675964172,-37.82483635349831,13.230004998068978,-55.4899873600462,16.010450283289458,-71.61201853946386,21.259424500820387,-86.2224262786379
127.93651641861157,19.712334199735892,126.47434913432875,21.293295547789683,128.47727203280238,26.122804485984716,130.24513947590867,47.72155558100309,125.10270333261366,69.67662470147854,94.15475548022573,79.8138078527223,89.564345720353,74.73248357223201,77.50384547294203,45.77254656399106,72.16013913299281,37.3379627417242,54.32020951335397,25.261022875403,34.8988725032512,12.878500204193188,22.41322807507106,1.0414529786324351,14.20195455100685,-15.260334862564093,11.084378964699852,-37.00469489476984,12.96271596162154,-54.704782093503525,15.679239035709088,-70.838206640787,20.84528902445612,-85.50733563319335
128.43528245306481,19.051341103355583,126.91518191690511,20.61538866754114,128.57516325878169,25.396771351084823,130.24513947590867,46.940183313638215,125.65491150745777,69.06000840429246,94.6169109237307,80.3696749186804,89.62242303720774,75.58509527672464,78.0061660388667,46.324469497125506,72.78215571943866,37.80705641641879,55.03351932656818,25.68256115342487,35.43185365809899,13.4690326806425,22.665381251448764,1.8461445698895886,14.202926379838232,-14.39588803611548,10.864355349511015,-36.184460165499445,12.697476211161586,-53.91886363935987,15.350361929003498,-70.06301287409866,20.432664238520033,-84.79142747455325
128.93384638041903,18.3903557505854,127.35703052987992,19.938270953987512,128.6660951000851,24.666244480425263,130.24513947590867,46.151179546556136,126.20895240686059,68.4255841205019,95.089786576905,80.91104602017782,89.66907792537609,76.4419497043711,78.50213126230125,46.88031745484608,73.4010284194224,38.27788954818598,55.75015999199479,26.099034146750284,35.9843239000831,14.046784340086788,22.923073157875194,2.6464740458582128,14.214458671225941,-13.529908344670275,10.641769680356447,-35.36400769034884,12.434301696489513,-53.13221563901976,15.023716277122105,-69.28652062715355,20.021529702838336,-84.07474262736503
129.43214551301043,17.729345947377738,127.79989339963606,19.261899122931652,128.75054172258825,23.93141170781226,130.24513947590867,45.35510222395203,126.76246975670318,67.77421136469766,95.57412494446697,81.43709024256711,89.70885777169912,77.30183487965442,78.99129598562735,47.44021963174228,74.0161877078312,38.75077840637496,56.4693516222718,26.510690738552512,36.555290016284005,14.6120478447923,23.18596465866193,3.4422421468802895,14.236458989302548,-12.662922306733037,10.41846780719493,-34.54321299397992,12.173208367405778,-52.34482173388773,14.699199394014215,-68.50881328770623,19.611864977237076,-83.3573219162763
129.930117163175,17.068279499684934,128.24376895255625,18.586229890176412,128.82897729216683,23.192460867051977,130.24513947590867,44.55250929002105,127.31310728286644,67.10674965147061,96.07066853113514,81.94697667120082,89.74275045999917,78.16349013697419,79.47321505122665,48.004305222403644,74.62706405955225,39.22603926033497,57.1903143300371,26.91777981200471,37.14375879378224,15.165115857025114,23.453716618120495,4.23324961329763,14.268544345975783,-11.79546504784878,10.196295579985133,-33.72195160105451,11.91421217371078,-51.556665565368405,14.376708593629075,-67.72997424351138,19.203649621542468,-82.63920616593452
130.42769864324896,16.40712421345944,128.68865561502332,17.911219971524588,128.90187597469634,22.449579791950697,130.24513947590867,43.74395868895843,127.85850871123148,66.4240584954116,96.5801598416279,82.4398743914314,89.77174387409877,79.02565481073006,79.94744330148075,48.572703421419675,75.23308794947258,39.703988379415165,57.912268227928564,27.32055025028012,37.74873701965822,15.706281039051419,23.72936790672003,5.019287260664271,14.310331753153434,-10.928071693562345,9.977098848685898,-32.90009903623451,11.657329065204976,-50.76773077486632,14.056141189916048,-66.95008688232366,18.796863195580613,-81.92043620098718
130.92482726556835,15.74584789465365,129.13455181341993,17.23682608277909,128.96971193605248,21.702956316314612,130.24513947590867,42.93000836495935,128.3963177676792,65.72699741111148,97.10334138066366,82.91495248861142,89.79682589782033,79.8870682353216,80.4135355787713,49.14554342337988,75.83368985247938,40.184942032964784,58.634433428584146,27.71925093655196,38.36923148099254,16.235836053137348,24.03623972707038,5.799864016385982,14.361438222743402,-10.06127736941869,9.762723463256009,-32.07753082418168,11.402574991688766,-49.978001003786005,13.737394496824493,-66.16923459189769,18.391485259177784,-81.2010528460819
131.42144034246923,15.084418349219902,129.58145597412897,16.563004939742655,129.03295934211093,20.952778273949946,130.24513947590867,42.11121626221896,128.92417817809059,65.0164259131611,97.64443464891951,83.37143694688314,89.81898441498629,80.74646974514846,80.87104672547997,49.72295442287381,76.42830024345972,40.66921649033304,59.35603004464173,28.11413075399338,39.00424896486561,16.754073561549035,24.377313265787848,6.574173460689622,14.42148076665336,-9.195617200962715,9.555015273654135,-31.254122489557915,11.149965902962606,-49.18745989353209,13.420365828303659,-65.38750075998814,17.987495372160026,-80.4810969258661
131.91749902355582,14.422803866140896,130.0293665235332,15.889713258218137,129.09209235874727,20.199233498662863,130.24513947590867,41.28814032493247,129.43973366834666,64.2932035161513,98.2120541372201,83.80907430488193,89.83920730941907,81.60259867461028,81.31953158398835,50.30506561449096,77.01634959730075,41.15712802086912,60.07627818873925,28.505438585777625,39.65279625835808,17.261286226552613,24.750726925993263,7.341392530806218,14.49007639679121,-8.331626313739378,9.35582012983906,-30.42974955702499,10.899517748826952,-48.396091085509056,13.104952498302907,-64.60496877434957,17.584873094353497,-79.76060926498735
132.41322515332763,13.760994995381395,130.47828188801543,15.216907754008446,129.14758515183712,19.442509824259616,130.24513947590867,40.46133849729506,129.94062796432843,63.558189734672936,98.80528235732152,84.22789025861715,89.85848246494112,82.45419435810669,81.75854499667815,50.89200619282087,77.59726838888963,41.64899289392224,60.79439797351466,28.89342331507794,40.31388014855031,17.757766710414273,25.15461911080729,8.100698163966513,14.566842125064682,-7.469839833293577,9.166983881769568,-29.604287551244852,10.65124647908209,-47.60387822112153,12.7910518207716,-63.82172202273671,17.18359798558447,-79.03963068809315
132.90871952645256,13.099013398546049,130.9282004939584,14.544545142916377,129.19991188725618,18.6827950845464,130.24513947590867,39.63136872350191,130.4245047919169,62.81224408331684,99.4227252863704,84.6279131647614,89.87779776537485,83.29999613003727,82.18764180593092,51.483905352453064,78.17324327062693,42.14512444587274,61.5096095116059,29.27833382506745,40.986507422522834,18.24380767540015,25.58712822335076,8.851267297401364,14.65139496338162,-6.610792885170213,8.990352379404442,-28.777611996879216,10.40516804352859,-46.81080494177405,12.478561109658983,-63.037843892904164,16.78364960567893,-78.31820201983095
133.40402189355154,12.436883052815688,131.37912076774484,13.872582140744782,129.24954673088007,17.920277113329462,130.24513947590867,38.79878894774822,130.88900787699293,62.05622607667385,100.06298890151345,85.00917137998718,89.89814109454272,84.13874332480168,82.60676956729111,52.08089199468154,78.75516684536188,42.64578944676987,62.2211329156508,29.660418998919425,41.66968486735618,18.719701783776316,26.046392666744396,9.592276868341628,14.743351923649755,-5.755020594914242,8.827771472702409,-27.94959841859003,10.161298391966852,-46.01685488887114,12.16737767891442,-62.25341777260661,16.385007514463155,-77.59636408484835
133.89917200524553,11.774627935370859,131.83104113575757,13.200975463296459,129.29696384858437,17.155143744415,130.24513947590867,37.96415711422918,131.33178094543769,61.29099522933487,100.72467917989724,85.37169326096699,89.92050033626725,84.96917527679952,83.02382875763595,52.6830600140882,79.34270966675842,43.15121739746249,62.92820512093397,30.039927725565178,42.362419270130886,19.18574169780902,26.530550844108973,10.322903814018048,14.84233001777693,-4.903058088070566,8.681087011622196,-27.12012234103912,9.919653474197219,-45.22201170381743,11.857398842487214,-61.46852704959866,15.987651271763298,-76.87415770779285
134.3942096121554,11.11227202339228,132.28396002437944,12.529681826374258,129.34263740624482,16.387582811609207,130.24513947590867,37.12803116713991,131.7504677231321,60.517411055890705,101.40640209866837,85.7155071643734,89.94586337437073,85.79003132043044,83.44113511943846,53.2904355747489,79.93412365674538,43.66163675421586,63.636674700165884,30.417154431194376,43.063717417927364,19.6422200797644,27.037741158565268,11.042325071661594,14.947946257670992,-4.055440490184083,8.552144846122644,-26.289059288888325,9.680249240020203,-44.4262590280174,11.548521914326727,-60.683255111634935,15.591560437405406,-76.15162371331195
134.88917446490223,10.449839294060666,132.73787585999315,11.858657945781033,129.38704156973694,15.617782148718277,130.24513947590867,36.29096905067567,132.1427119359571,59.736333070932176,102.10676363497356,86.04064144687891,89.97521809267568,86.60005079009406,83.85744727930552,53.90303709478684,80.52766073725138,44.177275973295195,64.35116387428013,30.792549063661,43.77258609782615,20.089429591908498,27.566102013234,11.74971757850301,15.059817655239613,-3.21270292679975,8.442790826162422,-25.456284786799415,9.443101639236204,-43.62958050287568,11.240644208382207,-59.897685346470155,15.19671457121575,-75.42880292605315
135.38410631410687,9.78735372455668,133.19278706898154,11.18786053731958,129.4306505049364,14.845929589548518,130.24513947590867,35.453528709031616,132.5061573097937,58.94862078905018,102.82436976595937,86.34712446515607,90.00955237500455,87.39797302018997,84.27152386384381,54.5208829923252,81.12157283020525,44.69836351096569,65.070887902619,31.16659474356237,44.48803209690783,20.527662896507564,28.11377181123595,12.444258271773208,15.177561222390693,-2.375380523462468,8.354870801700372,-24.621674359434337,9.208226621645622,-42.83195976979681,10.933663038603015,-59.11190114185888,14.79947324626687,-74.70572300945656
135.87904491039023,9.124839292060926,133.64869207772728,10.517246316792807,129.47393837771892,14.072212967906069,130.24513947590867,34.616268086402926,132.83844757052293,58.15513372483554,103.55782646877253,86.63498457587738,90.04985410517975,88.18253734511782,84.68212349966029,55.14399168548721,81.71411185753556,45.225127823492585,65.79506204452485,31.5397745914957,45.20906220225277,20.957212655827732,28.67888895569189,13.125124088702933,15.300793971031965,-1.544008405717193,8.29023062269522,-23.78510353145481,8.97564013704897,-42.033380470185364,10.627475718938513,-58.32598588555578,14.394733439410174,-73.98233506011132
136.37403000437325,8.462319973754234,134.1055893126133,9.846772000003511,129.51737935396005,13.296820117597122,130.24513947590867,33.77974512698481,133.13722644402577,57.35673139287914,104.30573972055953,86.90425013571542,90.09711116702368,88.95248309927723,85.08800481336164,55.77238159239596,82.30352974117119,45.75779736714111,66.52290155933991,31.91257172805834,45.93468320094155,21.378371532135077,29.259591849722597,13.791491966523097,15.429132913071271,-0.7191216991087686,8.250716139105691,-22.94644782752283,8.745358135246533,-41.233826245445925,10.321979563337948,-57.54002296531553,13.983516068423,-73.25856255905933
136.86910134667693,7.799819746817093,134.56347720002225,9.176394302754545,129.56144759953543,12.519938872427986,130.24513947590867,32.94451777497241,133.40013765618323,56.55427330777175,105.06671549846709,87.15494950134266,90.15327162868391,89.70655022804078,85.48792643155468,56.40607113117474,82.88807840304077,46.29660059817644,67.25362170640659,32.285469273847525,46.66390188005471,21.79143218769582,29.854018896448792,14.4425388424645,15.5621950604164,0.09874447081779181,8.225375131154863,-22.10564650936783,8.517395124449763,-40.43328073703191,10.015342935012484,-56.75409398273223,13.566917132637514,-72.53432895024713
137.3642986879222,7.137362588430278,135.02235416633698,8.506069940848704,129.60661728032073,11.741757066204741,130.24513947590867,32.111143974560946,133.6248249328762,55.7486189841043,105.83935977964182,87.38711102943165,90.27373577509911,90.44377020953468,85.88064698084634,57.0450787199467,83.46600976507301,46.84176597286384,67.98643774506718,32.658950349460525,47.395725026672665,22.19668728477609,30.46030849899131,15.077441653758001,15.699597424975138,0.9090549785176449,8.201057382896067,-21.262909036164444,8.285065663305545,-39.63174398795553,9.693530382202368,-55.96821706997298,13.146032631385822,-71.80955767762117
137.8596617787299,6.474972475774507,135.48221863794026,7.8357556300888405,129.65336256219155,10.962462532733696,130.24513947590867,31.280181669945563,133.80893199998582,54.940627936467564,106.62227854123034,87.60076307665491,90.4855121013851,91.16393201767002,86.26492508784327,57.689422776835045,84.03557574919671,47.393521947468514,68.72056493466391,33.03349807549466,48.12915942787595,22.594429485642024,31.076599060470812,15.695377337634454,15.841354894471635,1.7112748190110096,8.17779548005268,-20.4185164540321,8.043037366372687,-38.8292788349529,9.355686863861024,-55.1823312053848,12.721958564000147,-71.08417218512795
138.35523036972114,5.812673386030383,135.94306904121487,7.165408086277807,129.70215761102355,10.182243105821101,130.244041113908,30.45218554157671,133.95010258339295,54.13115967945245,107.41407776037937,87.79593399968499,90.78198177179468,91.86694607089586,86.63951937915238,58.33912171996292,84.59502827734053,47.952096978255696,69.45521853453914,33.409595572547204,48.86321187074509,22.984951452559756,31.701028984008133,16.29552283132466,16.021129373208566,2.5049725760637216,8.155626883431296,-19.57274980958067,7.792770336206559,-38.0259631399569,9.0045393091101,-54.39637039624262,12.295790929812654,-70.35809591671403
138.8510442115167,5.150489296378623,136.40490380254363,6.494984025218457,129.75347659269238,9.401286619273094,130.2244765924628,29.6274474349988,134.04598040897866,53.321073727649804,108.2133634142354,87.9726521551944,91.15652595058071,92.55272278766134,87.00318848138045,58.9941939674535,85.1426192714332,48.51771952149056,70.18961380403516,33.787725961215386,49.59688914236051,23.368545847795446,32.33173667272399,16.87705507205942,16.25756707747894,3.2900094459182583,8.13458905383834,-18.72589014942008,7.535724675362644,-37.221874764900576,8.642814647071418,-53.61026864982114,11.86862572815545,-69.6312523163258
139.34714305473756,4.488444183999832,136.8677213483092,5.824440162713586,129.80779367307366,8.619780906895869,130.18179514950305,28.805807732537943,134.09420920262392,52.511229595650434,109.01874147994516,88.13094589985567,91.6025258019962,93.22117258641558,87.35469102113433,59.654657937430045,85.67660065340345,49.090618033438375,70.92296600249432,34.168372362096534,50.32919802980285,23.745505333615228,32.966860529739165,17.439150997069646,16.54628636267961,4.066297925700724,8.114719452080351,-17.878218520160203,7.273360486396257,-36.41709157171687,8.27323980686674,-52.82395997339512,11.441558958360758,-68.9035648279098
139.84356665000468,3.8265620260747824,137.33152010489448,5.153733214566103,129.86558301804297,7.837913802495677,130.11775932901747,27.987062330568136,134.09402283560138,51.702462651685124,109.8288179346552,88.27084359034134,92.11336249029392,93.87220588560763,87.69278562502075,60.32053204801571,86.19522434518001,49.67102097036434,71.65449038925891,34.55201789578791,51.05914532015248,24.116122572285292,33.60453895817443,17.980987543586195,16.88290558420738,4.833750512536994,8.09605553896381,-17.03001596841085,7.007137871862767,-35.611691422338765,7.898541717617832,-52.03737837423927,11.015686619760686,-68.17495689541249
140.34035474793905,3.164866799784079,137.79629849868223,4.48281989657869,129.92731879347605,7.05587313987877,130.03413167499502,27.17100712546332,134.0533862110559,50.89512995115865,110.64219875551231,88.39237358332392,92.68241717972683,94.5057331036866,88.01623091964655,60.99183471733366,86.6967422686916,50.25915678853369,72.38340222367123,34.93914568288682,51.78573780048998,24.480690226071715,34.242910361150564,18.50174164883981,17.263043097459104,5.592279703553061,8.078634775295257,-16.18156354078195,6.738516934317602,-34.805752178699265,7.521447308446454,-51.25045785962851,10.592104711687455,-67.44535196278042
140.8375470991615,2.5033824823084387,138.26149918535538,3.8116681727648825,129.99347516524847,6.273846752851284,129.93267473142447,26.357438013597516,133.9759183944953,50.08914949080017,111.45748991966292,88.49556423547594,93.30307103454777,95.12166465910161,88.32378553161863,61.66858436350711,87.17940634586694,50.8552539442116,73.10891676507356,35.330238843990486,52.50798225789583,24.839500957240716,34.880113141788286,19.000590250061407,17.68231725783164,6.341797995874913,8.062494621881171,-15.333142283883433,6.468957776316074,-33.99935170273136,7.144683508474429,-50.46313243683744,10.17190923347323,-66.71467347396003
141.33518345429303,1.8421330508285791,138.72542230166118,3.1403797798927826,130.06452629923587,5.492022475219471,129.8151510422947,25.546150891344723,133.86419533790473,49.28442298985982,112.27329740425381,88.58044390346996,93.96870521900962,95.71991097030173,88.61420808754366,62.3507994046592,87.64146849863477,51.45954089366333,73.83024927280826,35.725780499696214,53.224885479450506,25.19284742805837,35.51749704077622,19.476736981800855,18.13634642072185,7.0822178866284276,8.047672539528094,-14.485033244325109,6.1999205004136115,-33.19256785636804,6.770977246823463,-49.675336113140986,9.756196184450118,-65.98284487289789
141.8333035639546,1.181142482525047,139.1882342514025,2.469144211966352,130.14094636131387,4.710588140789582,129.68332315159455,24.73694165507885,133.7207929932694,48.480852167587756,113.08822718643154,88.64704094397845,94.6727008973653,96.3003824557361,88.88625721402849,63.038498258913194,88.08118064892375,52.07224609315409,74.54661500621768,36.12625377060132,53.93566176699835,25.541022431179925,36.177404365196026,19.930192028334773,18.620748941526585,7.813451872939652,8.034205989042448,-13.637517468716908,5.932865209165584,-32.385478501542195,6.4030554526153765,-48.887002895813794,9.346061563950343,-65.24978960354042
142.33194717876705,0.5204347545786732,139.65025455762475,1.7981524922615222,130.22320951735816,3.9297315833677544,129.53895360331285,23.929606201173925,133.54828731257464,47.67833874323412,113.90088524334277,88.695383713674,95.40843923386768,96.86298953385378,89.13869153768002,63.73169934439221,88.49679471866267,52.693597998949116,75.25722922464399,36.532141777303025,54.65085462727484,25.88437690244345,36.862949100297726,20.361896244524814,19.131143175642706,8.535412451934576,8.02213243123083,-12.7908760036687,5.669252005127362,-31.57816150018698,6.043645054971876,-48.09806679213068,8.942601371306012,-64.51543110983414
142.83115404935143,-0.1399661558299954,140.11180274337352,1.1275956440542814,130.31178993324437,3.149640636760296,129.38380494143843,23.123940426003912,133.34925424780556,46.876784436049064,114.70987755213412,88.7255005692291,96.16930139276963,97.4076426231039,89.37101583808533,64.43041380294986,88.89310225292184,53.323807272491536,75.96130718742961,36.94392764039864,55.37602438103136,26.223411212068783,37.57225653653222,20.7728421662747,19.66314747846701,9.248012120739077,8.011489326899664,-11.945389895790356,5.410540990854315,-30.77069471423522,5.695472983014781,-47.30846180936646,8.546911605849346,-63.779692835725484
143.3309639263286,-0.8000362715202414,140.57319833169447,0.45766469062056103,130.40716177484808,2.370503134773344,129.21963970996018,22.319740225942837,133.12626975094736,46.07609096528276,115.51381008995219,88.73741986731625,96.948668538324,97.93425214193553,89.58793404215476,65.13445724817436,89.2951287856742,53.96281815577677,76.65806415391683,37.36209448048544,56.1100635149823,26.55864940576697,38.303451964350415,21.164022329487977,20.212380205396414,9.951163376479144,8.002314136855489,-11.101340191691747,5.158192268901871,-29.963156005619965,5.361266165865857,-46.51812195479579,8.160088266912453,-63.04249822516107
143.83141656031955,-1.4597516153113475,141.03476084563306,-0.21144934476359367,130.50979920804497,1.5925069112131496,129.04822045286693,21.51680149736464,132.88190977398529,45.27616005018538,116.31128883394365,88.73116996460806,97.73992183478373,98.44272850879779,89.79140014906505,65.84343270060964,89.70374917484082,54.610369720672054,77.34671538344793,37.78712541816071,56.85186451584178,26.89061552924906,39.05466067420315,21.53642927006831,20.77445971182766,10.644778716280712,7.994644321904843,-10.259007937982801,4.913665941825343,-29.155623236274153,5.043751532646809,-45.72698123569353,7.783227353827499,-62.30377072208728
144.3325517019452,-2.119088210022653,141.49680980823496,-0.8795554388222513,130.6235633577465,0.8159109649800484,128.87130971414751,20.714920136643286,132.6187502689046,44.47689341000702,117.10091976125517,88.70677921777698,98.53644244640168,98.93298214213976,89.9825139256273,66.55693248408167,90.11692031809946,55.26619575673877,78.02647613536521,38.2195035740217,57.60031987032403,27.219833628226127,39.82400795654121,21.891055523919306,21.345004353157776,11.328770637269884,7.988517342854152,-9.418674181273389,4.678422112180101,-28.348174268130833,4.745656012479515,-44.93497365933439,7.417424865926705,-61.56343377045067
144.8344091018265,-2.778022078473498,141.9596647425456,-1.5464625682794804,130.7525883082468,0.041309869423514556,128.69067003779077,19.913892040152803,132.33936718769036,43.678192763997856,117.8813088490333,88.6642759834956,99.33161153743077,99.40492346041057,90.16237513865252,67.27454892241624,90.53259911312784,55.9300300535383,78.69656166901109,38.659712068665726,58.35432206514332,27.546827748409157,40.609619101815554,22.228893626944625,21.91963248478345,12.00305163657248,7.983970660509954,-8.58061996817338,4.453920882521629,-27.540886963122944,4.469706534485681,-44.142033232993185,7.063776802542236,-60.82141081419769
145.3370285105844,-3.4365292434832213,142.42364517161064,-2.2119797098592926,130.8965304432365,-0.7306029824817983,128.50806396778557,19.113513104267156,132.04633648232794,42.87995983140803,118.65106207442477,88.6036886184364,100.11881027212382,99.85846288205931,90.33208355495168,67.99587433943933,90.94874245760383,56.601606400631965,79.35809283823107,39.10823162575579,59.11276358701383,27.872121935509256,41.40961940047697,22.550936115047847,22.493962462101592,12.66753421131449,7.981041735678787,-7.745126345292647,4.241622355405241,-26.733839183183534,4.218630027787071,-43.34809396394468,6.7233791630062,-60.077625297274835
145.84044967883972,-4.094585727871163,142.88907061847567,-2.8759158402856997,131.05503436731425,-1.4991341839293,128.32525404812077,18.313579225360286,131.74223410480244,42.08209633148772,119.40878541457613,88.52504547927191,100.89141981473381,100.29351082553504,90.4927389413358,68.72050105897677,91.36330724920509,57.280658587581115,80.03096633073261,39.565422232772875,59.874536922649725,28.19624023523744,42.2221341429763,22.858175524132605,23.063612640509064,13.32213085862196,7.979768029167133,-6.91247435924106,4.042986633386249,-25.927108790245484,3.9951534215055062,-42.553089859463626,6.397327946650762,-59.332000663628605
146.34471235721355,-4.752167554456548,143.35626060618614,-3.53807993628277,131.2277446850785,-2.2635903281123433,128.14400282278513,17.513886299806245,131.42963600709908,41.2845039834871,120.15308484663399,88.42837492267472,101.64282132951348,100.7099777092869,90.64544106461597,69.44802140485444,91.77425038560949,57.966920403947114,80.71761337309545,40.03146892276095,60.63853455876534,28.519706693304755,43.04528861976445,23.151604390102563,23.62420137540272,13.966754075620713,7.994804771794293,-6.082952727505699,3.8594738190201383,-25.120773646241844,3.802003644762692,-41.75695492682479,6.0867191528081435,-58.58446035720556
146.84985629632678,-5.409250746058774,143.82553465778773,-4.198280974574516,131.41430600112778,-3.023278008224395,127.96607283576759,16.714230223978916,131.11111814120312,40.48708450665626,120.88256634774507,88.31370530531726,102.36639598071582,101.10777395176399,90.7912896916032,70.1780277008983,92.17952876449482,58.66012563929135,81.41415847610074,40.50654301832961,61.4036489820748,28.843045355422248,43.877208121292256,23.432215248861297,24.174793584353495,14.601311631993212,8.061020484313474,-5.256918159654106,3.6925440148622783,-24.31491161310555,3.6419076266803927,-40.95962317330287,5.7926487808104525,-57.83492782195208
147.35592124680028,-6.0658113254971795,144.29721229632594,-4.856327931884948,131.61436292006061,-3.7775038174588076,127.79322663105694,15.914406894252409,130.78925645909976,39.689739620245376,121.59583589505593,88.18106498387215,103.06994706175249,101.48679684337242,90.93138458910852,70.91011227093418,92.57709928353876,59.36000808317519,82.1167261505297,40.99081584208838,62.168772679292374,29.166780267300965,44.716017938010566,23.70100063631247,24.740148376153343,15.225554558221518,8.177115763014967,-4.434762900963165,3.5436573234679827,-23.509600552769598,3.5175922963804283,-40.161028606172806,5.516212829989854,-57.083326501814724
147.8629469592551,-6.7218253155910475,144.7716130448464,-5.512029784938193,131.82756004647553,-4.525574349008991,127.62722675264206,15.114212207000605,130.46662691277413,38.892371043504625,122.29149946571323,88.03048231501185,103.79307615118813,101.8468014082689,91.0668255239429,71.64386743878796,92.9649188404191,60.06630152515993,82.82144090716343,41.48445871664677,62.93279813713224,29.49143547465198,45.55984336037028,23.958953088359692,25.325115188039945,15.839044667815358,8.34003695815943,-3.6168795064903634,3.4142738473926215,-22.70491832716698,3.4317845829845623,-39.36110523270918,5.258507299678513,-56.329579840739996
148.3709731843121,-7.377268739159774,145.24905642639453,-6.1651955104581475,132.0535419849711,-5.266796196068356,127.46983574451178,14.313442058597502,130.14580545421154,38.09488049568415,122.96816303686364,87.86198565540892,104.53717298027198,102.1874555716922,91.19871226291741,72.3788855282856,93.34094433281365,60.77873975480696,83.52442725678316,41.987642964614366,63.69461784230867,29.81753502318628,46.406809678822185,24.207065140906593,25.928560844088338,16.441332478994582,8.546730420007577,-2.803660531293076,3.3058536891916788,-21.900942798230687,3.3872114156145585,-38.55978706018692,5.020628189208651,-55.573611282674335
148.8800396725922,-8.032117619022529,145.72986196401604,-6.815634085168938,132.2919533401457,-6.00047595183031,127.32281615065494,13.511892345417095,129.82936803539718,37.2971696960341,123.62443258565372,87.67560336173588,105.30069541658219,102.50842600394242,91.32814457284309,73.11475886325289,93.7031326584002,61.49705656167765,84.22180971017008,42.50053990860067,64.45312428153579,30.145602958614944,47.25504218381718,24.44632932985678,26.549352168373673,17.031968509979208,8.794142498820008,-1.9954985304286765,3.219856951420468,-21.097751827893774,3.3812341504647634,-37.75700809588068,4.802642427187493,-54.8153442715643
149.39018617471646,-8.686347977998821,146.21434918075647,-7.4631544857945755,132.54243871659804,-6.7259202094882085,127.18793051506043,12.709358963833381,129.5198906083162,36.4991403638046,124.26484269532608,87.4713637906653,106.08210132769676,102.80937937531954,91.45622222053089,73.85107976751581,94.04944071485647,62.22098573533333,84.9097127781053,43.023320871215276,65.20720994152794,30.476163326649043,48.10266616580611,24.67773819111389,27.1863559849711,17.610503278989142,9.079219544857551,-1.192786058954482,3.157743736634359,-20.29542327808906,3.3812341504647634,-36.95270234706527,4.590280078766341,-54.05470225135633
149.9014524413057,-9.33993583890782,146.70283759966134,-8.107565689059129,132.80464271892652,-7.44243556223546,127.06694138171702,11.905637810220355,129.21994912495387,35.70069421824584,124.90095828747752,87.24929529886961,106.87984858119387,103.08998235612358,91.5840449727919,74.58744056490022,94.37782539986023,62.95026106533541,85.58426097137004,43.55615717506768,65.95576730899927,30.809740172999568,48.94780691523988,24.90228426058158,27.838439117955716,18.17648730424429,9.39890790838075,-0.3959156719280372,3.120974147388722,-19.494035010749656,3.3812341504647634,-36.14680382101545,4.378893065241073,-53.29160866599693
150.41387822298088,-9.992857224568922,147.19564674377625,-8.748676671686553,133.07820995172972,-8.14932860326553,126.96161129461359,11.1005247809519,128.93211953729536,34.90173297860795,125.53309503274352,87.00942624302144,107.69239504465156,103.34990161665462,91.7127125964372,75.32343357923199,94.68624361108931,63.6846163412452,86.24157880074551,44.09922014276742,66.69768887066397,31.14685754337762,49.78858972256927,25.120960074163435,28.50446839140261,18.729471103964613,9.750153939650431,0.3947200755933977,3.1109558353787747,-18.69366488780844,3.3812341504647634,-35.33924652500599,4.168791199339978,-52.5259869594326
150.92749694781298,-10.645088157801524,147.69309613614678,-9.386296410400973,133.36278501960606,-8.845905925771717,126.87370279773899,10.293815772402127,128.65897779732592,34.102158364141104,126.1612066708073,86.75178497979326,108.51819858564795,103.58880382721267,91.8433248582777,76.05865113433703,94.97265224622146,64.42378535262407,86.87779077701282,44.652681096924084,67.43186711323631,31.48803948349419,50.62313987824513,25.334758167763084,29.183310629386995,19.269005196370074,10.12990398892714,1.178728628552335,3.1254279252472656,-17.894390771198516,3.3812341504647634,-34.5299644663117,3.9602842937913465,-51.75776057560984
151.44218788852055,-11.296604661424794,148.19550529981842,-10.020233881926288,133.6580125271542,-9.531474122947486,126.80497843508203,9.485306680944916,128.40309985703072,33.30187209409547,126.785246941352,86.47639986585762,109.35571707176109,103.80635565809774,91.97698152512447,76.79268555404121,95.23500820293447,65.16750188903336,87.48902141095317,45.21671136014717,68.15719452343052,31.833810039060353,51.44958267271841,25.544671077284164,29.873832655983847,19.79464009968052,10.535104406471703,1.955717431891344,3.162351250733252,-17.09629052285277,3.3812341504647634,-33.718891652207276,3.7536821613235247,-50.98685295847514
151.95788304451395,-11.94738275825813,148.7031937578368,-10.650298062986678,133.9635370789726,-10.20533978798619,126.75720075063163,8.674793402954322,128.16706166839504,32.50077588772115,127.40516958406084,86.18329925788703,110.20340837056915,104.00222377960986,92.11478236378855,77.52512916217043,95.47126837890607,65.91549974003445,88.07139521334773,45.791482255046276,68.87256358796077,32.18469325578718,52.2660433964399,25.75169133863028,30.574901295268376,20.305926332115973,10.962701542544721,2.725293930553164,3.221478591709399,-16.299442004704247,3.3812341504647634,-32.905962089967545,3.549294614664859,-50.213187551974954
152.47457153051744,-12.597398471120869,149.21648103324748,-11.2762979303061,134.2850726505722,-10.866809514081297,126.73213228837659,7.862071834804283,127.95343918340399,31.698771464268304,128.02092833861695,85.87251151255401,111.05973034965018,104.17607486204906,92.2578271410809,78.25557428255061,95.67938967181408,66.66751269518869,88.62103669497765,46.37716510423087,69.57686679354129,32.541213179385664,53.07064733986044,25.956811487705096,31.285383371315675,20.802414411896308,11.409641747406909,3.487065569480251,3.3025627280482013,-15.503923078685887,3.3812341504647634,-32.09110978686721,3.3474314665435827,-49.436687800055836
152.99224246125522,-13.246627822832352,149.735686649096,-11.898042460608622,134.63556183790234,-11.515189894426157,126.73049267716539,7.046953291018042,127.76480835404277,30.89576054298712,128.63247694470357,85.54406498653114,111.9231408765823,104.3275755757154,92.40721562381265,78.98361323900761,95.85732897933622,67.42327454405748,89.1340703666242,46.97393123031054,70.26944923049547,32.903893855566906,53.86453777638502,26.161024060412217,32.004145708200895,21.283654857241515,11.872871371318979,4.240639793615344,3.405356439622267,-14.709811606730682,3.3812341504647634,-31.274268750181136,3.148402529688042,-48.657277146664285
153.51088495145166,-13.895046836211861,150.2611301284279,-12.515340630618255,135.0149352163993,-12.14978752221424,126.74608476695659,6.229651876150058,127.6037451322967,30.09164484312774,129.2397691420038,85.1979880364909,112.79209781894355,104.45639259090885,92.56404757879477,79.7088383553673,96.00304319915028,68.18251907620211,89.60662073906843,47.58195195589482,70.95642439549471,33.273259330041896,54.65738955412729,26.36532159265525,32.73005512999913,21.749198186371473,12.349336764541533,4.985624047900956,3.5296125063040904,-13.917185450771626,3.3812341504647634,-30.455372987183978,2.95251761682664,-47.87487903574669
154.03048811583096,-14.54263153407868,150.79313099428884,-13.12800141705901,135.4226385118031,-12.769908990638783,126.77676981368427,5.410813217186785,127.47282547015095,29.28632608394028,129.84275867020096,84.83430901910583,113.6650590443121,104.5621925779295,92.72942277283835,80.4308419554556,96.11448922893408,68.94498008118399,90.03481232309161,48.20139860359325,71.63999706814354,33.64983364852171,55.45010463676334,26.570696620337856,33.461978460785474,22.19859491750617,12.835984277335399,5.721625777279712,3.675083707966337,-13.126122472741656,3.3812341504647634,-29.634356505150606,2.7600865406875528,-47.08941691124966
154.5510410691174,-15.189357939252261,151.3320081093949,-13.735833796654958,135.85811744985398,-13.37486089289331,126.82157106237042,4.591104114298048,127.37462531959068,28.47970598467498,130.4413992689781,84.45305629104848,114.54048242026602,104.64464220707731,92.90444097275429,81.14921636309839,96.18962396636533,69.71039134856443,90.41476962947485,48.832442496015375,72.32010899403741,34.034140856717386,56.24268235303617,26.778141679363642,34.19878252463508,22.631395568865486,13.32976025996112,6.448252426694182,3.841522824481501,-12.336700534573879,3.3812341504647634,-28.811153311355724,2.571419113999241,-46.30081421711964
155.0725329260353,-15.835202074551773,151.87794816036666,-14.338646746130166,136.32081775629217,-13.96394982217123,126.87951175803704,3.771191367653614,127.30759434278627,27.671686264581894,131.03564467801846,84.05425820899134,115.41682581438334,104.70340814865239,93.09020194535367,81.86355390212157,96.22640430912185,70.4784866679048,90.75969203186207,49.47525495577074,72.99670191877186,34.42670500033998,57.0351220316889,26.988649305636216,34.93933414562309,23.04715065866941,13.827611062679466,7.165111441087049,4.028682635722191,-11.548997498201118,3.3812341504647634,-27.985697413074092,2.38682514948988,-45.50899439730313
155.59495280130886,-16.48013996279667,152.43084853745694,-14.93624924220859,136.8101851568578,-14.536482371665898,126.94961514570616,2.951741777423422,127.2464603175307,26.8621686429112,131.6254486370052,83.63794312960695,116.29254709424225,104.73815707295472,93.28780545744752,82.57344689635102,96.22992392223154,71.2489998287665,91.10141518008516,50.130007305468865,73.66971758794216,34.82805012510053,57.82742300146458,27.203212035059238,35.682500147824555,23.445410705137817,14.326483035751153,7.871810265400825,4.2363159215609585,-10.76309122555648,3.3812341504647634,-27.157922817580527,2.2066144598879305,-44.71388089574663
156.11828980966243,-17.124147626806234,152.99056846355313,-15.528450261614239,137.3256653772911,-15.091765134570721,127.03090447039978,2.1334221437772385,127.18661938744452,26.051054838913103,132.21076488562153,83.20413940956786,117.1661041274208,104.74855565028432,93.49835127584691,83.27848766961262,96.22992392223154,72.02166462071085,91.43968920869537,50.79687086771935,74.33909774714391,35.23870027671006,58.61958459110622,27.422822403536316,36.4298176124405,23.8257262264907,14.82332252943678,8.567956344578192,4.464175461870411,-9.979059578572844,3.3812341504647634,-26.32776353214979,2.031096857921625,-43.91539715639658
156.6425330658202,-17.767201089399748,153.5569671615425,-16.115058781071298,137.86670414333213,-15.629104704079111,127.12240297713987,1.3168992668849455,127.1282448247926,25.238246571837692,132.7915471635506,82.75287540554658,118.03595478149708,104.73427055094123,93.72293916736282,83.97826854573228,96.22992392223154,72.79621483329925,91.77331843254177,51.47601696513166,75.00478414197238,35.659179500879674,59.41160612935698,27.648472946971083,37.18647103916294,24.187647740947966,15.315075893997061,9.25315712356172,4.712014036523101,-9.196980419183262,3.3812341504647634,-25.49515356405658,1.8605821563193103,-43.113466623199486
157.1676716845065,-18.40927637339655,154.12990385431243,-16.695883777303607,138.4327471807212,-16.14780767338442,127.22313391094838,0.5028399469163105,127.07150990183999,24.4236455609352,133.3677492104756,82.28417947421565,118.90055692404923,104.6949684452255,93.96356019893227,84.67238184853588,96.22992392223154,73.57238425609296,92.10110716647347,52.16761692031537,75.66671851802312,36.090011843320355,60.20348694495988,27.881156201267146,37.95256641287824,24.530725766729546,15.798689479692769,9.927020047293922,4.979584425391579,-8.416931609320727,3.3812341504647634,-24.660026920575774,1.695380167809276,-42.30801274010196
157.69369478044564,-19.05034950161604,154.70923776475024,-17.270734227035405,139.02324021519843,-16.647180635680115,127.3321205168474,-0.30808901595878524,127.01658789085167,23.607153525455686,133.93932476607972,81.79807997224756,119.75836842265528,104.63031600343712,94.22844331242516,85.3604199018493,96.22992392223154,74.34990667865344,92.42185972533957,52.87184205588005,76.32484262089156,36.53172134974318,60.99522636665802,28.12186470232814,38.728021895602296,24.854510822055374,16.27402601682877,10.589152560717594,5.2666394083483965,-7.638991010918176,3.3812341504647634,-23.822317608982075,1.5358007051198115,-41.49895895105033
158.22059146836176,-19.69039649687744,155.29482811574326,-17.839419106990533,139.637628972504,-17.12653018415955,127.44838603985886,-1.1152208215705173,126.96365206409257,22.788672184649357,134.50622757004618,81.29460525631487,120.60784714489336,104.53997989587614,94.51821329734702,86.04197502949845,96.22992392223154,75.12851589054202,92.73438042398925,53.58886369443522,76.97909819617308,36.98483206585922,61.78682372319446,28.371590986057697,39.512755649350765,25.158553425145413,16.768821396805322,11.23916210877519,5.572931765266162,-6.863236485908601,3.3812341504647634,-22.981959636550243,1.3821535809793204,-40.686228699991204
158.74835086297924,-20.32939338200015,155.88653413017886,-18.401747393893174,140.27535917837804,-17.58516291201613,127.57095372500481,-1.9178886697490611,126.91287569382769,21.96810325776633,135.0684113620581,80.77378368309013,121.44745095834156,104.42362679284258,94.83146550576737,86.71663955530923,96.22992392223154,75.90794568132003,93.0374735772715,54.31885315859043,77.62942698946318,37.449868037379474,62.57827834331232,28.631327588359454,40.30668583613931,25.44240409421957,17.289729069042096,11.876656136409338,5.898214276017427,-6.089745896224997,3.3812341504647634,-22.138887010555038,1.2347486081160923,-39.86974543087098
159.27696207902233,-20.96731617980339,156.4842150309443,-18.957528064467226,140.93587655856084,-18.02238541244327,127.69884681730719,-2.7154257603245924,126.864432052322,21.14534846405681,135.62582988179867,80.23564360924581,122.27563773057796,104.2809233646365,95.16679528975561,87.38400580310747,96.22992392223154,76.68792984054886,93.32994350003554,55.061981770955185,78.27577074635724,37.92735331001498,63.369589555754544,28.902067045137017,41.10973061798376,25.705613347497774,17.835534565571265,12.50124208856272,6.2422397204747995,-5.318597103800357,3.3812341504647634,-21.293033738271276,1.093895599258417,-39.04943258763626
159.80641423121529,-21.60414091310662,157.08773004092694,-19.50657009543687,141.61862683879247,-18.43750427863438,127.83164843689991,-3.5071652931272865,126.81849441184045,20.320309522770913,136.17843686895105,79.68021339145449,123.0908653291807,104.1115362815579,95.52279800138115,88.04366609671911,96.22992392223154,77.46820215778982,93.61059450713037,55.81842085413905,78.91807121245068,38.41781192947681,64.16075668926436,29.18480189229399,41.921808156899715,25.94773170319999,18.405023418424776,13.11252741017779,6.604760878510774,-4.549867970567675,3.3812341504647634,-20.444333826973775,0.9599043671346408,-38.225213614233496
160.33669643428237,-22.23984360472906,157.69693838301419,-20.048682463526006,142.3230557448132,-18.829826103782807,127.99799477708547,-4.292440467987262,126.77523604464807,19.492888153158788,136.7261860631985,79.10752138638867,123.8915916217278,103.91513221390679,95.89806899271349,88.69521275997005,96.22992392223154,78.24849642260435,93.87823091340516,56.58834173075161,79.55627013333901,38.92176794147605,64.95177907258471,29.480524665734038,42.742836614902956,26.168309679546127,18.996981159634913,13.71011954619729,6.985530529997959,-3.783636358459887,3.3812341504647634,-19.592721283937124,0.8330847244730535,-37.39701195460913
160.86779780294785,-22.874400277490054,158.31169928009325,-20.583674145458758,143.0486090023631,-19.198657481081966,128.21173351525778,-5.070584484734695,126.7348302230098,18.66298607447061,137.26903120422418,78.5175959507209,124.67627447579747,103.69137783198323,96.29120361582198,89.33823811668614,96.22992392223154,79.02854642455372,94.13165703370896,57.37191572340237,80.1903092546176,39.439745391723676,65.74265603445872,29.790227901360765,43.572734154009254,26.366897794756113,19.610193321233737,14.29362594156379,7.384301454808963,-3.01998012940993,3.3812341504647634,-18.738130116436253,0.7137464840020016,-36.56475105270965
161.39970745193602,-23.507786954208996,158.93187195505158,-21.111354117959138,143.7947323371825,-19.543305003725322,128.46915068693465,-5.840930543199818,126.69745021919056,17.830505005956525,137.8069260317112,77.91046544112368,125.44690255877896,103.43993980608727,96.70079722277615,89.9723344906933,96.22992392223154,79.80808595319937,94.36967718289094,58.16931415470083,80.82013032188195,39.97226832593074,66.53338690362949,30.114904135077808,44.41141893623427,26.543046567049913,20.243445435253307,14.862654041219798,7.8008264328162795,-2.2589771453509115,3.3812341504647634,-17.880494331745865,0.6021994584497747,-35.72835435248163
161.93241449597122,-24.139979657705112,159.55731563077643,-21.6315313577511,144.56087147501142,-19.863075264906172,128.7665323276339,-6.6028118432127485,126.6632693054554,16.99534666686668,138.33982428534284,77.28615821426956,126.20872867100172,103.16048480651887,97.12544516564532,90.5970942058174,96.22992392223154,80.58684879810258,94.5910956758002,58.98070834725661,81.44567508072737,40.51986078980835,67.32397100884003,30.4555459027888,45.25880912359378,26.696306514647432,20.895523033725794,15.416811290108058,8.234858243892575,-1.5007052682157678,3.3812341504647634,-17.01974793714072,0.4987534605447195,-34.887745297871504
162.46590804977757,-24.770954410797742,160.1878895301552,-22.14401484155883,145.34647214159014,-20.15727485781798,129.1001644728733,-7.355561584603606,126.63246075406931,16.157412776451224,138.86767970480224,76.64470262683105,126.96249772317037,102.85267950357809,97.56374279649901,91.21210958588432,96.22992392223154,81.36456874882472,94.79471682728575,59.80626962367921,82.06688527674942,41.083046829067484,68.11440767883346,30.813145740397346,46.11482287810338,26.826228155768632,21.56521164868326,15.95570513317108,8.686149667910286,-0.7452423599374356,3.3812341504647634,-16.155824939895638,0.40371830301512546,-34.04284733282583
163.00017722807945,-25.400687236306283,160.82345287607512,-22.64861354610622,146.1509800626588,-20.42521037565416,129.4663331581707,-8.09851296720268,126.60519783729723,15.316605053960302,139.39044602977253,75.9861270354807,127.70889688802686,102.51619056756499,98.01428546740664,91.81697295472,96.22992392223154,82.14097959492722,94.97934495219681,60.64616930657817,82.68370265554353,41.662350489419225,68.90469624235283,31.18869618380708,46.97937836177897,26.932362008633447,22.251296812157875,16.47894301535149,9.154453484742135,0.007333717551034624,3.3812341504647634,-15.288659347285318,0.3174037985893392,-33.19358390129105
163.53521114560107,-26.029154157050016,161.4638648914236,-23.1451364481174,146.97384096395763,-20.66618841160806,129.8613244190439,-8.830999190840032,126.58165382740412,14.472825218644118,139.908076999937,75.310459796891,128.44861333831312,102.15068466877955,98.47566853043764,92.41127663615026,96.22992392223154,82.91581512597139,95.14378436538243,61.50057871856305,83.29606896270502,42.25829581657459,69.6948360281412,31.583189768921613,47.852393736636145,27.014258591461754,22.9525640561817,16.986132381591915,9.63952247426056,0.7569451023167062,3.3812341504647634,-14.418185166584578,0.24011975999565038,-32.33987844721361
164.0709989170668,-26.656331195848225,162.10898479908798,-23.63339252431632,147.8145005712267,-20.879515558873095,130.28142429101064,-9.552353455345894,126.56200199665494,13.625974989752763,140.42052635497873,74.61772926773452,129.18233424677118,101.75582847752185,98.94648733766144,92.99461295400107,96.22992392223154,83.68880913151855,95.28683938169172,62.3696691822434,83.90392594382945,42.871406856244676,70.48482636494163,31.997619031644604,48.73378716469068,27.071468422473572,23.667798912786907,17.476880676834924,10.141109416338224,1.5035139324266424,3.3812341504647634,-13.544336405068123,0.1721759999624055,-31.48165441454006
164.60752965720076,-27.282194375520305,162.75867182195555,-24.113190751427055,148.67240461020629,-21.064498410642727,130.7229188095887,-10.261908960550386,126.54641561731472,12.77595608653644,140.92774783458094,73.90796380468376,129.91074678614285,101.33128866409186,99.42533724114742,93.56657423209825,96.22992392223154,84.45969540113012,95.40731431597379,63.25361202022873,84.50721534451219,43.50220765414048,71.27466658149729,32.43297650787966,49.6234768079583,27.103542019888778,24.395786914005555,17.950795346023142,10.658967090847625,2.246962345947736,3.3812341504647634,-12.667047070010824,0.11388233121789426,-30.618835247216907
165.14479248072735,-27.906719718885483,163.41278518291364,-24.58434010617367,149.54699880663657,-21.220443560110198,131.18209401029594,-10.958998906283682,126.5350679616484,11.922670228245238,141.4296951784268,73.1811917644113,130.6345381291702,100.87673189878964,99.9108135929651,94.1267527942677,96.22992392223154,85.22820772436742,95.50401348307776,64.15257855512857,85.10587891034868,44.15122225597304,72.06435600655112,32.890254733530384,50.52138082845471,27.110029901927334,25.13531359186976,18.40748383409914,11.19284827766137,2.9872124809471075,3.3812341504647634,-11.786251168687386,0.0655485664904063,-29.75134438919065
165.68277650237076,-28.529883248763213,164.07118410484964,-25.046649565280177,150.43772888625762,-21.346657600469086,131.65523592865014,-11.642956492375959,126.52813230192095,11.066019134129363,141.92632212619958,72.43744150358958,131.35439544859514,100.39182485191523,100.40151174518388,94.67474096433537,96.22992392223154,85.99407989079182,95.57574119785272,65.06674010955254,85.69985838693435,44.818974707453435,72.85389396884625,33.37044624450044,51.427417388195636,27.090482586809173,25.88516447841164,18.84655358600554,11.742505756652008,3.724186475491763,3.3812341504647634,-10.901882708372568,0.02748451850834499,-28.87910528440773
166.22147083685536,-29.15166098797272,164.73372781065086,-25.499928105470588,151.34404057480975,-21.44244712491269,132.13863060016905,-12.31311491865739,126.52578191039737,10.20590452343896,142.4175824175823,71.6767413788912,132.07100591715965,99.87623419376862,100.89602704987317,95.21013106612708,96.22992392223154,86.75704568996468,95.62130177514774,65.99626800611011,86.2890955198647,45.50598905429271,73.64327979712579,33.87454357669344,52.34150464919679,27.044450592754202,26.644125105663306,19.267612046684974,12.30769230769215,4.457806467648652,3.3812341504647634,-10.013875696341188,0,-28.002041376814645
