1,,2,,3,,4,,5,,6,,7,,8,,9,,10,,11,,12,,13,,14,,15,,16,,17,
127.47252747252736,-9.166836606052811,116.31445477599317,-5.582728406559852,90.41420118343189,-5.650353089569251,65.32544378698202,-2.674867037160027,45.84953508030418,-13.562441001657078,47.33727810650868,-33.51172248940014,53.08537616229893,-51.770386901910626,65.59594251901927,-68.60893297122601,76.75401521555347,-80.17275376581614,84.80135249366009,-88.08484167790397,96.70329670329664,-92.14232265846186,105.69737954353326,-93.35956695262911,116.0439560439558,-92.95381885457351,123.55029585798803,-89.84308343614583,131.3271344040574,-86.93522206674578,136.46661031276398,-81.99862020706718,142.0118343195266,-81.11949932794613
127.09212666661409,-8.347118120417122,116.29014841221459,-4.717677113079503,91.06883707286278,-5.099220537432984,66.10513794442079,-2.306338600006029,46.46297524677357,-12.871880469467783,47.34659170103566,-32.61917005968968,52.77704723170001,-50.96950858086444,64.97029072095381,-67.9433858151944,76.08214765878881,-79.50322819667446,84.18531034953844,-87.39315990452627,96.00717326154478,-91.5016294334826,105.06333029537774,-92.65151363741103,115.322021982894,-92.44529747682674,122.8129683834863,-89.35220381776281,130.54137172770976,-86.52099262904943,135.63400379018816,-81.87030444844964,141.2439824541679,-80.510663830684
126.71162882443997,-7.525684359640081,116.25858446011983,-3.8520422587255894,91.71757120126205,-4.539078530741676,66.88198941528185,-1.9383643702988707,47.08104063298657,-12.188117908848596,47.37403052362572,-31.728645058556765,52.478132774902804,-50.16307123230797,64.35132856363634,-67.27097025704262,75.4136996263457,-78.82904675513231,83.56932263181602,-86.70083387378105,95.31076421618371,-90.8655346617474,104.42567239165902,-91.95515731012534,114.59793352328546,-91.93713810538537,122.07369202361457,-88.86761063739772,129.7531669781726,-86.10768128023386,134.80091166100607,-81.72128863716313,140.47329265856803,-79.92008214875437
126.33103441572524,-6.702584839516987,116.21995739820744,-2.9858792476692884,92.35995647525687,-3.9700695694771753,67.65595421408847,-1.5707851696406578,47.70371823256676,-11.511110930606037,47.418841632792464,-30.84030616339186,52.18870314680555,-49.35127834154065,63.73948507914622,-66.59177839028854,74.74878004049867,-78.15027876938183,82.95338928367545,-86.00788735833515,94.61406957083517,-90.23390873919806,103.7844166766094,-91.27027009349268,113.87169593432515,-91.42946299763861,121.33245398506409,-88.38926971171855,128.96253869934293,-85.69551948756674,133.96733860896546,-81.55261180921974,139.69976889982473,-79.34757535946386
125.95034391018993,-5.877869075842966,116.17446170497607,-2.119243484081892,92.9955458014743,-3.392336153621443,68.42698835536396,-1.203441819633781,48.330995039137576,-10.84081714554668,47.48027208704963,-29.95431205158519,51.90882870230672,-48.53433339386197,63.13518929956297,-65.90590230844992,74.08749782352209,-77.46699356761513,82.33751024829934,-85.31434413085543,93.91708932912098,-89.60662206177636,103.13957399446184,-90.59662411023334,113.14331448520778,-90.92239441097564,120.58924147452586,-87.91714685739345,128.1695054351183,-85.28473871831562,133.1332893178141,-81.3653130006316,138.92341514503602,-78.79296454011882
125.56955777755451,-5.051586584413258,116.12229185892414,-1.2521903721345211,93.62389208654128,-2.806020783156441,69.19504785363165,-0.8361751418803465,48.962858046322594,-10.17719416447693,47.55756894491083,-29.070821400527166,51.63857979630461,-47.71243987457132,62.53887025696582,-65.21343410504443,73.42996189769053,-76.77926047802458,81.7216854688703,-84.62022796400873,93.21982349466299,-88.98354502542378,102.49115518944865,-89.93399148306804,112.41279444512821,-90.41605460278566,119.84404169869077,-87.45120789109018,127.37408572939586,-84.87557043974829,132.29876847129998,-81.16043124741094,138.14423536129965,-78.25607076802584
125.18867648753877,-4.223786881023159,116.06364233855044,-0.38477531599852455,94.2445482370851,-2.211265958064075,69.96008872341474,-0.468825957982574,49.59929424774532,-9.520199598203362,47.64997926488974,-28.189992887608128,51.378026783697635,-46.88580126896812,61.95095698343425,-64.51446587358987,72.77628118527832,-76.0871488288023,81.10591488857102,-83.9255626304618,92.52227207108302,-88.36454802608222,101.83917110580256,-89.28214433471732,111.68014108328117,-89.91056583045798,119.09684186424982,-86.9914186294771,126.5762981260728,-84.46824611913217,131.46378075317097,-80.93900558556965,137.36223351571374,-77.7367151204914
124.8077005098632,-3.394519481467796,115.99870762235349,0.48294628015497665,94.85706715973271,-1.60821417832625,70.7220669792365,-0.10123508954279714,50.24029063702926,-8.869791057532495,47.756750105499975,-27.311985190218365,51.127240019384146,-46.054621062351885,61.37187851104761,-63.80908970760413,72.12656460855993,-75.39072794814041,80.4901984505841,-83.23037190288147,91.8244350620028,-87.74950145969336,101.18363258775634,-88.64085478790167,110.94535966886161,-89.40605035138191,118.34762917789413,-86.53774488922198,125.77616116904647,-84.06299722373495,130.6283308471747,-80.70207505112006,136.57741357537617,-77.23471867482198
124.42663031424769,-2.5638339015424094,115.92768218883185,1.3509190121546908,95.46100176111116,-0.9970079439249844,71.4809386356203,0.2667566418367642,50.88583420779793,-8.225926153270791,47.87712852525527,-26.436956985748225,50.88628985826256,-45.21910274002198,60.80206387188531,-63.09739770060497,71.4809210898099,-74.69006716423104,79.87453609809216,-82.53467955393461,91.1263124710444,-87.13827572219878,100.52455047954237,-88.00989496534152,110.20845547106427,-88.90263042294663,117.59639084631459,-86.09015248699296,124.97369340221422,-83.6600552208244,129.79242343705909,-80.45067868007408,135.7897795073847,-76.74990250832417
124.04546637041261,-1.7317796570422388,115.85076051648417,2.219087475829383,96.05590494784764,-0.37778975484218336,72.23665970708942,0.6353084145540038,51.53591195367483,-7.5885624962247675,48.01036158266919,-25.56506695158805,50.65524665523111,-44.37944978727785,60.2419420980267,-62.379481946110104,70.83945955130258,-73.98523580526654,79.25892777427794,-81.83850935628794,90.4279043018293,-86.53074120954017,99.86193562539341,-87.38903698975759,109.46943375908387,-88.40042830254134,116.84311407620231,-85.64860723945816,124.16891336947327,-83.25965157766797,128.95606320657208,-80.18585550844404,134.99933527883746,-76.28208769830434
123.6642091480781,-0.8984062637625243,115.76813708380911,3.0873962670078754,96.64132962656919,0.2492978889403048,72.9891862081671,1.0045794070065313,52.190510868283525,-6.957657697200943,48.15569633625552,-24.69647376512819,50.43418076518833,-43.53586568941898,59.69194222155113,-61.65543453763735,70.20228891531247,-73.27630319943904,78.64337342232392,-81.14188508260833,89.72921055797957,-85.92676831765942,99.1957988695421,-86.7780529838704,108.72829980211537,-87.89956624755524,116.08778607424819,-85.21307496328535,123.36183961472085,-82.86201776153331,128.11925483946135,-79.90864457224194,134.20608485683232,-75.83109532206896
123.28285911696429,-0.0637632374983923,115.68000636930509,3.955789981518876,97.21682870390276,0.8841124874404045,73.73847415337661,1.3747287975922404,52.84961794524747,-6.33316936700578,48.31237984452781,-23.831336103758986,50.22316254303246,-42.68855393174482,59.15249327453813,-60.92534756870447,69.56951810411402,-72.56333867494067,78.02787298541278,-80.4448305055626,89.03023124311699,-85.32622744249801,98.52615105622095,-86.17671507040035,107.98505886935351,-87.40016651537775,115.33039404714333,-84.78352147514289,122.55249068185418,-82.46738523968799,127.28200301947487,-79.6200849074799,133.41003220846704,-75.39674645692475
122.90141674679131,0.7720999059548603,115.58656285147089,4.824213215191207,97.78195508647565,1.5265115406763243,74.48447955724123,1.7459157647088546,53.51322017819018,-5.715055116445853,48.479659165999806,-22.96981264487073,50.02226234366191,-41.8377179995548,58.62402428906694,-60.18931313282923,68.94125603998168,-71.84641155996366,77.4124264067272,-79.74736939781764,88.33096636086333,-84.72898897999772,97.8530030296626,-85.58479537206807,107.23971622999323,-86.90235136339783,114.57092520157875,-84.35991259169856,121.74088511477072,-82.07598547939978,126.44431243036041,-79.32121555017005,132.61118130083963,-74.97886218017806
122.5198825072793,1.6091336508020504,115.48800100880493,5.692610563853634,98.33626168091479,2.1763525486660455,75.22715843428432,2.118299486754097,54.18130456073527,-5.103272556327624,48.65678135918506,-22.112062065853877,49.83155052197509,-40.983561378148295,58.10696429721696,-59.447423323529506,68.31761164518986,-71.12559118270013,76.7970336294498,-79.04952553204015,87.63141591484037,-84.13492332610036,97.17636563409968,-85.00206601159397,106.49227715322905,-86.40624304900501,113.80936674424544,-83.94221412962048,120.9270414573677,-81.68804994793612,125.60618775586573,-79.0130755363245,131.80953610104808,-74.57726356913537
122.13825686814863,2.447288481247938,115.38451531980587,6.560926623334865,98.87930139384736,2.833493011427663,75.96646679902909,2.4920391421258614,54.853858086506136,-4.497779297457669,48.842993482597365,-21.258243044098606,49.6510974328703,-40.126287552824806,57.60174233106767,-58.699770234322955,67.69869384201309,-70.40094687134234,76.18169459676318,-78.35132268089689,86.93157990867002,-83.5439008767475,96.49624971376494,-84.42829911169889,105.74274690825604,-85.91196382958827,113.0457058818343,-83.53039190557666,120.11097825354221,-81.3038101125648,124.76763367973882,-78.69670390195535,131.00510057619027,-74.19177170110316
121.7565402991192,3.2865148814972827,115.27630026297237,7.429105989463778,99.4106271319003,3.497790428979215,76.70236066599887,2.8672939092217575,55.530867749126344,-3.898532950642391,49.03754259475028,-20.408514256995375,49.48097343124596,-39.26610000888377,57.108787422698356,-57.94644595872745,67.08461155272573,-69.6725479540824,75.56640925184996,-77.65278461705492,86.23145834597409,-82.95579202788082,95.81266611289078,-83.86326679510302,104.99113076426892,-85.41963596253714,112.27992982103643,-83.12441173623523,119.29271404719174,-80.92349744055338,123.92865488572744,-78.37313968307484,130.1978786933641,-73.82220765338815
121.37473326991136,4.126763335754902,115.16355031680297,8.297093258069083,99.92979180170079,4.169102301338796,77.43479604971691,3.244222966439679,56.2123205422194,-3.3054911266883096,49.239675754157474,-19.56303438193447,49.32124887200035,-38.40320223162462,56.62852860418849,-57.187542590260705,66.47547369960233,-68.94046375911256,74.95117753789282,-76.95393511318088,85.53105123037437,-82.37046717544212,95.12562567570995,-83.30674118452708,104.23743399046253,-84.92938170524059,111.51202576854274,-82.72423943826408,118.47226738221337,-80.5473433991695,123.08925605757946,-78.04342191569486,129.3878744196674,-73.46839250329657
120.99283625024526,4.9679843282256115,115.04645995979632,9.1648330249796,100.43634830987577,4.847286128524445,78.16372896470654,3.6229854921772926,56.89820345940882,-2.718611436402,49.44864001933263,-18.721962096306243,49.17199411003196,-37.537797706346794,56.161394907617364,-56.42315222244059,65.87138920491725,-68.20476361462505,74.33599939807436,-76.2547979419416,84.83035856549265,-81.78779671537308,94.43513924645498,-82.75849440269161,103.48166185603162,-84.44132331508791,110.74198093104445,-82.32984082833133,117.64965680250458,-80.17557945568075,122.24944187904265,-77.70858963582765,128.57509172219824,-73.13014732813502
120.61084970984103,5.8101283431141155,114.92522367045086,10.032269886023983,100.92984956305253,5.532199410554256,78.88911542549101,4.003740664832492,57.58850349431816,-2.1378514905899237,49.663682448789416,-17.885456077501033,49.033279500239075,-36.670089918349674,55.70781536506445,-55.653366948784765,65.27246699094496,-67.46551684881189,73.72087477557727,-75.55539687600384,84.12938035495085,-81.20765104361527,93.7412176693586,-82.21829857231711,102.72381963017114,-83.95558304946843,109.96978251523245,-81.94118172310488,116.82490085196258,-79.80843707735465,121.40921703386488,-77.36968187948531,127.75953456805445,-72.8072932052101
120.22877411841881,6.653145864625287,114.80003592726536,10.899348437031165,101.40984846785801,6.223699647446324,79.6109114465936,4.386647662802943,58.28320764057088,-1.5631689000586562,49.88405010104145,-17.053675002909188,48.90517539752011,-35.80028235293281,55.268219008609094,-54.8782788628111,64.67881597995995,-66.72279278986542,73.1058036135841,-74.85575568803466,83.42811660237066,-80.62990055611061,93.04387178865335,-81.68592581612421,101.9639125820757,-83.47228316577133,109.19541772779763,-81.55822793925296,115.9980180744846,-79.446147731459,120.56858620579402,-77.02773768268008,126.94120692433404,-72.49965121182817
119.84660994569884,7.49698737696383,114.67109120873835,11.766013273829799,101.8758979309194,6.921644339218631,80.32907304253757,4.771865664486427,58.98230289179054,-0.9945212756145452,50.10899003460247,-16.226777549920996,48.78775215677342,-34.928578495395584,54.843034870330655,-54.097980058037365,64.09054509423663,-65.97666076597767,72.49078585527752,-74.15589815070058,82.72656731137403,-80.05441564880056,92.34311244857184,-81.1611482568332,101.20194598094025,-82.99154592138592,108.41887377543122,-81.18094529344347,115.16902701396788,-79.08894288526125,119.72755407857784,-76.68379608142385,126.12011275813478,-72.20704242529581
119.46435766140127,8.341603364334503,114.53858399336849,12.63220899224865,102.32755085886362,7.625890985889328,81.0435562278463,5.15955384828078,59.68577624160059,-0.43186622806427977,50.33774930798609,-15.404922395926803,48.68108013289731,-34.05518183103749,54.43269198230854,-53.31256262798132,63.50740962398902,-65.22719010534098,71.87582144384021,-73.45584803666867,82.02473248558266,-79.48106671762702,91.63895049334673,-80.64373801716482,100.43792509595966,-82.5134935737014,107.640137864824,-80.80929960234454,114.33794621430974,-78.73705400602915,118.88612533596432,-76.33889611172896,125.29625603655467,-71.92928792291951
119.0820177352461,9.186944310942238,114.40270875965422,13.497880188116596,102.76436015831786,8.336297087476396,81.75431701704298,5.549871392583668,60.393771220890585,0.12483863178573529,50.56957497970592,-14.588268218317069,48.585229680790235,-33.18029584515784,54.037619376622104,-52.522118666160736,62.92694029094338,-64.47445013614754,71.26091032245472,-72.75562911860555,81.32261212861846,-78.90972415853156,90.93139676721063,-80.13346721983959,99.67185519632852,-82.03824838010695,106.85919720266719,-80.44325668262405,113.50479421940742,-78.3907125610304,118.04430466170112,-75.9940768096073,124.46964072669158,-71.66620878200575
118.69959063695381,10.032960700991623,114.2636599860943,14.362971457262347,103.18587873590917,9.052720143997988,82.46131142465094,5.942977475792986,61.108750569555866,0.6756356931290384,50.8037141082757,-13.776973694481967,48.500271155350504,-32.304124023056204,53.65824608535081,-51.72674026609343,62.34877239773141,-63.718510186589356,70.64605243430373,-72.05526516917809,80.62020624410326,-78.34025836745599,90.22046211439607,-79.63010798757801,98.90374155124181,-81.56593259799178,106.07603899565169,-80.08278235095014,112.66958957315825,-78.0501500175323,117.2020967395361,-75.65037721107109,123.64027079564352,-71.41762607986112
118.31707683624433,10.87960301868759,114.12163215118716,15.227427395514667,103.59165949826462,9.775017655472084,83.16449546519345,6.3390312763064,61.83126085957116,1.2205673451589973,51.03941375220904,-12.9711975018119,48.426274911476526,-31.42686985003195,53.295001140574016,-50.92651952129711,61.77306666529432,-62.95943958485873,70.03124772256984,-71.35477996105311,79.91751483565878,-77.77253974034187,89.5061573791358,-79.13343244310062,98.13358942989436,-81.0966684847453,105.29065045046838,-79.72784242399081,111.83235081945958,-77.71559784280288,116.35950625321715,-75.30883635213257,122.80815021050824,-71.18336089379198
117.93447680283788,11.72682174823484,113.97681973343157,16.09119259870232,103.98125535201126,10.503047121916836,83.86382515319377,6.73819197252169,62.56090250355038,1.7596759770691506,51.283028294545375,-12.171098317697215,48.3633113040666,-30.548736811384572,52.948313574371014,-50.121548525289654,61.199983814573386,-62.19730765914784,69.41649613043569,-70.65419726689748,79.21453790690697,-77.206438673131,88.7884934056624,-78.64321270912802,97.3614041014809,-80.63057829775659,104.5030187738086,-79.37840271841407,110.99309650220852,-77.38728750410934,115.51689495367435,-74.97049326880364,121.97328293838387,-70.96323430110482
117.55179100645461,12.574567373838192,113.82941721132596,16.954211662654075,104.35421920377627,11.236666043350283,84.55925650317522,7.140618742836693,63.2972759141075,2.2930039780530365,51.558609905824426,-11.376834819528256,48.31145068801919,-29.669928392413453,52.61861241882133,-49.31191937158883,60.629684566509695,-61.43218373764887,68.80179760108399,-69.95354085937805,78.5112754614695,-76.64182556176507,88.06748103820848,-78.15922090838063,96.58719083519628,-80.16778429441496,103.71313117236303,-79.03442905088792,110.15169690213378,-77.06545046871969,114.67492188240243,-74.63638699709662,121.13567294636829,-70.75706737910633
117.16901991681476,13.422790379702406,113.67961906336899,17.81642918319875,104.71010396018659,11.975731919790462,85.25074552966112,7.546470765649133,64.03998150385638,2.8205937373041365,51.86665001938695,-10.588565684695368,48.270763418232605,-28.79064807841803,52.30618182552996,-48.49772415371234,60.062329642044574,-60.664137148554005,68.18685255812835,-69.25283451116155,77.80772750296836,-76.07857080218577,87.34313112100659,-77.68122916357908,95.81095490023534,-79.70840873210972,102.92097485282278,-78.6958872380805,109.30692397355386,-76.75031820390126,113.83339820266559,-74.30755657302342,120.29532420155925,-70.56468120510277
116.78616400363848,14.271441250032296,113.52761976805942,18.67778975616511,105.0484625278695,12.720102251255412,85.93824824717467,7.955907219356789,64.78861968541094,3.3424876440159323,52.205389582712314,-9.80644959058884,48.24131984960525,-27.911099354697853,51.99852689438757,-47.67905496517801,59.498079762119175,-59.893237220055425,67.57061688347778,-68.55210199491472,77.10389403502523,-75.51654479033476,86.61545449828941,-77.20900959744375,95.03270156579282,-79.25257386822994,102.12653702187896,-78.36274309665981,108.45863535780853,-76.44212217692183,112.99210694181835,-73.98504103259626,119.45224067105477,-70.38589685640085
116.40322373664588,15.120470469032625,113.37361380389558,19.53823797738187,105.36948955451504,13.469634537763284,86.6217206702392,8.369087282357384,65.5427908713852,3.8587280873818486,52.57306954327976,-9.030645214599076,48.22319033703542,-27.03148570655219,51.68820328194272,-46.85600389950366,58.93709564767477,-59.119553280345315,66.95316323140133,-67.85136708330452,76.399775061262,-74.95561792215386,85.88275886605533,-76.7423343326954,94.25241415773229,-78.80040196016495,101.32980488622246,-78.03496244329386,107.60699915311062,-76.14109385504895,112.1508311272151,-73.66987941182725,118.60599471250526,-70.22053541030704
116.02019958555724,15.969828520908152,113.21779564937611,20.397718442677842,105.68714474875179,14.224186279332116,87.30111881337797,8.786170133048756,66.30209547439296,4.3693574565954805,52.9679308485687,-8.261311234116363,48.21644523542153,-26.152010619280645,51.376348910862134,-46.028663050207,58.37953801965244,-58.3431546576158,66.33467621318522,-67.15065354899781,75.69537058530045,-74.39566059358452,85.142134646226,-76.28097549205455,93.46935624061797,-78.35201526530392,100.53043482188474,-77.71251109465067,106.75218345767286,-75.8474647055503,111.30935378621069,-73.36311074672864,117.75399370707288,-70.0684179441277
115.63709202009255,16.819465889863693,113.0603597829998,21.256175747881798,106.00664064823098,14.983614975979947,87.9763986911143,9.207314949828628,67.0661339070482,4.8744181408503096,53.3882144460585,-7.498606326531046,48.22147413251844,-25.272877578182545,51.06410170381241,-45.19712451080585,57.82556759899353,-57.564110680059116,65.71534044011554,-66.4499851646612,74.99068061076247,-73.83654320056866,84.39395192863759,-75.82470519824147,92.68324051315363,-77.90753604103617,99.72755915749718,-77.39535486739834,105.89435636970796,-75.56146619569353,110.46745794615964,-73.0657740733123,116.89608377219776,-69.92936553516944
115.2539015099722,17.66933306010401,112.90150068326506,22.113554488822558,106.32714340058277,15.747778127724871,88.64751631797145,9.63268091109478,67.83450658196483,5.373952529339817,53.8321612832284,-6.742689169233472,48.23837715925248,-24.394290068557382,50.752599583460324,-44.36148037481803,57.27534510663912,-56.78249067586751,65.09534052347868,-65.74938570296177,74.28570514126977,-73.27813613904794,83.63865355354164,-75.37329557397703,91.8941682555024,-77.467086544751,98.92125052496539,-77.08345957820467,105.03368598742878,-75.28332979274609,109.62492663441645,-72.77890842759047,116.03260102051303,-69.80319926073872
114.87062852491607,18.519380515833916,112.74141282867055,22.969799261328774,106.64781915343707,16.516533234584983,89.31810639561456,10.062427195244993,68.60681391175672,5.868003011257429,54.29801230755777,-5.9937184396139855,48.26654031865024,-23.516451575704593,50.442980472472414,-43.52182273576125,56.729031263530544,-55.99836397323304,64.47486107456069,-65.04887893656604,73.58044418044432,-72.72030980496407,82.87668236118958,-74.92651874198151,91.10224074782747,-77.0307890338375,98.11163834475025,-76.776791043738,104.17034040904804,-75.01328696397576,108.78154287833576,-72.50355284557526,115.16388156465217,-69.68974019814215
114.48727353464466,19.369558741258118,112.58029069771493,23.824854661229324,106.96783405442392,17.289737796578265,89.99886027255042,10.496712980677046,69.38265630903794,6.3566119757967385,54.78400846652602,-5.251852815062875,48.30534557680437,-22.639565584923616,50.13638229351551,-42.67824368715327,56.18678679060895,-55.21179990034801,63.8540867046479,-64.34848863814108,72.87449505684037,-72.16293459425862,82.10848119183271,-74.48414682497565,90.30755927029196,-76.59876576568496,97.29885203731243,-76.47531508066623,103.30448773277845,-74.7515691766501,107.93708970527206,-72.24074636327879,114.29026151724855,-69.58880942468608
114.10383700887786,20.219818220581487,112.41832876889663,24.678665284352917,107.28635425117335,18.06724931372281,90.68941060564197,10.935697445788719,70.16163418642225,6.839821812151172,55.28839070761239,-4.517250972970544,48.354174899807845,-21.763835581513888,49.8339429692561,-41.83083532251197,55.6487724088156,-54.42286778540449,63.233202025026515,-63.64823858035356,72.16456992159647,-71.60588090287348,81.33449288572257,-74.04595194567986,89.5102251030591,-76.17113899768259,96.48302102311271,-76.17899750565726,102.43629605683287,-74.49840789803665,107.09135014257998,-71.99152801671306,113.41207699093565,-69.5002280176771
113.72031941733604,21.070109438008785,112.25572115077551,25.531175726528375,107.6025458913154,18.848925286036717,91.3885848260108,11.37953976897768,70.94334795652367,7.31767490951421,55.809399978296256,-3.7900715907273366,48.412410253753364,-20.889465050774845,49.53680042236101,-40.979689735355066,55.1151488390916,-53.63163695659472,62.6123916469827,-62.94815253587035,71.45027396173941,-71.04901912675024,80.55516028311052,-73.61170622681465,88.71033952629199,-75.74803098721969,95.6642747226121,-75.88780413537933,101.56593347942402,-74.2540345954032,106.24410721761427,-71.75693684189042,112.52966409834659,-69.4238170544217
113.33672122973923,21.92038287774477,112.08636782329955,26.382330583584405,107.91557512247999,19.63462321353802,92.09521036477878,11.82839912864182,71.72739803195611,7.790213657079448,56.345277226056965,-3.070473345723542,48.479433604733856,-20.016657478005925,49.246092575496846,-40.12489901920037,54.58607680237827,-52.83817674211093,61.99184018180267,-62.248254277358285,70.73201553602115,-70.49221966183057,79.77092622424794,-73.18118179110064,87.90800382015368,-75.32956399168557,94.84274255627116,-75.60170078650032,100.69356809876462,-74.0186807360173,105.39514395772932,-71.53801187482287,111.64335895211497,-69.35939761222625
112.95304291580766,22.770589023994205,111.90458915524135,27.23207445134983,108.22460809229716,20.424200596244816,92.80811465306778,12.282434703178865,72.51338482533345,8.257480444040254,56.89426339837382,-2.3586149153495057,48.55462691884202,-19.145616348506564,48.96295735133026,-39.26655526756565,54.06171701961671,-52.0425564701452,61.3717322407727,-61.54856757748411,70.01020300319351,-69.93535290405617,78.98223354938636,-72.75415076125836,87.10331926480745,-74.91586026846932,94.01855394455066,-75.32065327568836,99.8193680130675,-73.79257778714651,104.54424339027975,-71.33579215152241,110.75349766487392,-69.30679076839743
112.5692860758972,23.620678360961904,111.71092321102168,28.080351925653474,108.52881094839694,21.2175149341752,93.52612512199943,12.741805670986537,73.30090874926964,8.719517659590224,57.45459944272619,-1.6546549769955732,48.63737216217078,-18.276545147576257,48.68853267252797,-38.40475057396861,53.54223021174823,-51.244845468889764,60.752252435178946,-60.84911620891472,69.28524472200831,-69.37828924936883,78.1895250987771,-72.33038526000831,86.29638714041636,-74.50704207496022,93.19183830791161,-75.04462741961146,98.9435013205453,-73.57595721605861,103.69118854262007,-71.15131670800139,109.86041634925704,-69.26581760024175
112.1857230217484,24.470601372852627,111.50590805506164,28.927107602323986,108.82734983840925,22.01442372734715,94.2480692026956,13.206671210462673,74.0895702163786,9.176367692922781,58.02452630659337,-0.9587522080520898,48.72705130081289,-17.409647360514327,48.42395646175663,-37.539577031927195,53.027777099714,-50.44511306653686,60.13358537630762,-60.149923944316924,68.5575490512175,-68.82089909371024,77.39324371267162,-71.90965741007102,85.48730872714361,-74.1032316685475,92.36272506681456,-74.77358903493763,98.06613611941094,-73.36905049002092,102.83576244210502,-70.98562458027169,108.96445111789757,-69.23629918506555
111.80252900349291,25.320308543871192,111.29008175178188,29.772286077190188,109.11939090996424,22.814784475778822,94.97277432627806,13.677190500004997,74.8789696392742,9.628072933231465,58.60228493745478,-0.27106528590940115,48.823046300861165,-16.545126472620325,48.170366641682904,-36.671126734959046,52.51851840445522,-49.64342859127862,59.515915675444944,-59.45101455635751,67.82752434957285,-68.26305283302196,76.59383223132136,-71.49173933416711,84.67618530515233,-73.70455130662043,91.53134364172041,-74.50750393833488,97.18744050787717,-73.17208907630146,101.97774811608912,-70.83975480434555,108.06593808342899,-69.21805660017554
111.41965456419456,26.16975035822236,111.0639823656033,30.615831946080903,109.40410031069183,23.618454679488195,95.69906792386854,14.153522718011345,75.66870743057046,10.0746757697097,59.18611628278967,0.40824711204214736,48.924739128408476,-15.683185969193687,47.928901134973444,-35.79949177658199,52.014614846913105,-48.839861371307165,58.899427943877185,-58.75241181770326,67.09557897582624,-67.7046208632458,75.79173349497773,-71.07640315501698,83.86311815460562,-73.31112324656823,90.69782345308982,-74.24633794647121,96.30758258415659,-72.98530444216755,101.11692859192686,-70.71474641623507,107.16521335848444,-69.21091092287799
111.03705024691777,27.018877300110944,110.82814796094675,31.457689804824838,109.68064418822206,24.425291838493365,96.42577742658892,14.635827042879384,76.45838400288125,10.51621859155108,59.77426129007745,1.079026308412267,49.03151174954763,-14.824029335533794,47.70069786429491,-34.92476425031384,51.51622714802886,-48.03448073481479,58.284306792890504,-58.0541395010211,66.36212128872955,-67.14547358032354,74.98739034389212,-70.66342099534126,83.04820855566669,-72.9230697457802,89.86229392138381,-73.99005687601476,95.42673044646216,-72.80892805488685,100.25303991731045,-70.61163126870457,106.2626130556975,-69.21468323047947
110.65466659472662,27.86763985374165,110.58311660223313,32.29780424925082,109.94818869018496,25.235153452812483,97.15173026556084,15.124262653007008,77.24759976882052,10.952743787949032,60.364960906797364,1.7411136258106126,49.14274613037139,-13.967860056940083,47.486894752314015,-34.04703624967232,51.0235160287437,-47.22735600999363,57.67073683377117,-57.35622137897769,65.62755964703462,-66.58548138019665,74.18124561831593,-70.25256497786057,82.2315577884986,-72.54051306164553,89.02488446706298,-73.73862654363353,94.54505219300648,-72.64319138172704,99.38516637141464,-70.53074921682327,105.35847328770143,-69.22919460028669
110.2724541506854,28.715988503319352,110.3294263538832,33.136119875187546,110.20589996421046,26.047897022463474,97.87575387190617,15.618988726791827,78.03595514100215,11.384293748097036,60.956456080428836,2.3943503868468383,49.25782423697268,-13.114881618712047,47.288629721697475,-33.16639986817523,50.53664220999883,-46.418556525035854,57.05890267780529,-56.65868122424001,64.89230240949331,-66.02451465880705,73.37374215850065,-69.84360722529522,81.41326713326464,-72.16357545155341,88.18572451058816,-73.49201276599553,93.6627159220024,-72.48832588995577,98.51335084484987,-70.4711822484598,104.45313016712959,-69.2542661096058
109.8903634578582,29.56387373304875,110.06761528031785,33.97258127846385,110.4529441579287,26.86338004746449,98.59667567674666,16.12016444263179,78.8230505320401,11.810910861188688,61.546987758451166,3.038577914130542,49.37612803544425,-12.265297506149068,47.107040695111834,-32.28294719934041,50.05576641273552,-45.60815160813371,56.44898893627919,-55.96154280947479,64.15675793485747,-65.4624438120963,72.5653228046977,-69.43631986036593,80.59343787012784,-71.79237917289305,87.34494347242014,-73.25018135976876,92.77988973166265,-72.34456304684062,97.63802202269966,-70.43187916288156,103.54691980661545,-69.2897188357436
109.5083450593093,30.411246027134666,109.79822144595784,34.80713305490849,110.68848741896949,27.681460027833623,99.31332311120417,16.627948978924508,79.60848635454823,12.232637516417356,62.13479688834366,3.673637530271435,49.49703949187892,-11.419311204550638,46.94326559522386,-31.396770336685563,49.579844043154424,-44.79620960314901,55.84118022047903,-55.26482990734888,63.421334581878966,-64.89913923600619,71.7564303971584,-69.03047500579322,79.77217127925132,-71.42704648305386,86.5026707730197,-73.01309814162124,91.89674172019994,-72.21213431964924,96.75960859004732,-70.41178875935549,102.64017831879227,-69.33537385600647
109.1263494981028,31.258055869781856,109.52178291522415,35.639719800350235,110.91169589496297,28.501994463588858,100.02452360640035,17.142501514067817,80.39371551556985,12.649535442824686,62.71812441758567,4.299370557879229,49.62260351169397,-10.577125953620055,46.79844234470022,-30.507961373728506,49.085610122169896,-43.98269133976106,55.23566114169108,-54.56856629052902,62.686440709309636,-64.33447132647842,70.94750777613427,-68.6258447842975,78.94956864079836,-71.06769963942492,85.65903583284762,-72.7807289282211,91.01343998582723,-72.09127117564918,95.87853923197662,-70.40985983714887,101.73324181629351,-69.39105224770088
108.74432731730298,32.104253745195194,109.23883775253756,36.47028611061785,111.12173573353908,29.324840854748345,100.72910459345707,17.663981226459555,81.1861550671614,13.061971320258522,63.29771743735722,4.915624671818932,49.775116364527776,-9.738936176056995,46.673708866207505,-29.616612403987006,48.56752706899067,-43.1673547994086,54.632616311201446,-53.87277573168211,61.95248467590136,-63.76831047945461,70.1389977818767,-68.22220131859939,78.12573123493195,-70.71446089939553,84.81416807236468,-72.55303953623621,90.12949073244062,-71.98215865135472,94.99524263357097,-70.42504119552876,100.82644641175233,-69.45657508813343
108.36222905997403,32.94979013757933,108.94992402231895,37.298776581540096,111.31777308232796,30.149856701330066,101.42589350349607,18.19254729449733,81.9859310670945,13.470554807082578,63.889362139115235,5.522418457912067,49.95876693583557,-8.904925246535413,46.57020308241249,-28.722815520978827,48.030165752612504,-42.34993546840013,54.03223034029645,-53.17748200347495,61.219874840405964,-63.200527090876506,69.33134325463709,-67.81931673141952,77.30076034181536,-70.36745252035502,83.96819691203171,-72.32999578233483,89.24317119220893,-71.88450974189885,94.11014747991379,-70.45628163376256,99.92012821780241,-69.53176345461048
107.98000526918014,33.79461553113913,108.65557978898909,38.12513580894574,111.49897408895941,30.976899503352115,102.11371776763912,18.728358896579095,82.79224027617789,13.875902306182695,64.4955615252913,6.119956449741949,50.17236351917313,-8.075275840799407,46.489062915981776,-27.82666281822179,47.478097042031266,-41.530168833044,53.4346878402622,-52.482708878574385,60.48901956157533,-62.630991556685785,68.52498703466682,-67.41696314547829,76.47475724161171,-70.02679675969244,83.12125177230945,-72.11156348318474,88.35453022462343,-71.79776224636754,93.22368245608862,-70.5025299511172,99.01462334707679,-69.61643842443863
107.5976064879855,34.63868041007936,108.35634311696884,38.94930838866361,111.66450490106371,31.805826760832645,102.79140481700807,19.27157521110246,83.60427945522025,14.278630220444711,65.11562229565561,6.708452547213142,50.4147144080963,-7.2501706345931325,46.43142628958208,-26.928246389233607,46.915891806242655,-40.70779037964877,52.84013044763094,-51.788480100156846,59.76032719816135,-62.059574272824136,67.72037196221743,-67.01491268349633,75.64782321448405,-69.69261587479713,82.27346207365866,-71.89770845545416,87.463733220589,-71.72135053215976,92.33627624717889,-70.56273494685985,98.11026791220905,-69.71042107492434
107.2149832594543,35.48193525860478,108.0527520706791,39.771238916522464,111.81353166627053,32.63649597378958,103.45778208272469,19.822355416465314,84.42124536503019,14.679354952754409,65.7488511499783,7.288120650230269,50.68462789616092,-6.42979230366069,46.398431125879995,-26.027658327532208,46.34812091424254,-39.88253559452289,52.23951870098108,-51.094719787050735,59.03420610891578,-61.4861456352333,66.91794087754027,-66.61293746819405,74.82005954059565,-69.36503212305837,81.4249572365402,-71.68839651581112,86.57094557101038,-71.6547089666746,91.44835753826834,-70.63584542025791,97.20739802583256,-69.81353248337422
106.83208612665072,36.3243305609202,107.74534471454075,40.59087198835101,111.94522053221016,33.46876464224107,104.11167699591061,20.380858691065328,85.24233476641649,15.07869290599757,66.39455478802961,7.8591746586979525,50.98091227692282,-5.614323523746293,46.39065629186814,-25.124991203025672,45.77935523502663,-39.05413996397476,51.62723998227614,-50.40103002250635,58.311064652590574,-60.91057603985496,66.11813662088673,-66.21080962229217,73.99156750010957,-69.04416776186525,80.57586668141482,-71.4835934809235,85.67633266679235,-71.59727191731128,90.56035501444018,-70.72081017057832,96.30634980058056,-69.92559372709462
106.44886563263907,37.16581680123039,107.43465911297454,41.408152199978076,112.0587376465125,34.30249026620521,104.75191698768782,20.947244213300337,86.06674442018766,15.47726048306015,67.05203990957972,8.421828472520815,51.30237584393791,-4.8039469705940405,46.39415226882397,-24.22041176360534,45.21416563759078,-38.222338974312834,51.005204318462745,-49.70694793992044,57.59131118793755,-60.3327358826308,65.32140203250827,-65.808301268511,73.16244837318902,-68.7301450486072,79.72631982874333,-71.28326516745932,84.78005989883974,-71.54847375146863,89.6726973607781,-70.81657799708836,95.40745934908654,-70.04642588339215
106.0652723204833,38.006344463740106,107.12123333040137,42.22302414723242,112.15324915680759,35.137530345699986,105.37732948917795,21.521671161568065,86.89367108715248,15.875674086827814,67.72061321439884,8.976295991603536,51.647826890761905,-3.9988453199480887,46.402390059811694,-23.31424070252592,44.657122990930816,-37.386868111845615,50.37532173648765,-49.0120106726896,56.875354073708536,-59.75249555950256,64.52817995265633,-65.40518452957127,72.33280343999712,-68.4230862406734,78.87644609898643,-71.08737739208681,83.88229265805734,-71.50774883654589,88.78581326236554,-70.92209769905509,94.51106278398373,-70.17585002957316
105.68125673324784,38.84586403265422,106.80560543124199,43.03543242594287,112.22792121072536,35.97374238074349,105.98674193150276,22.10429871426635,87.72231152811958,16.274550120186518,68.39958140225707,9.52279111585068,52.016073710950764,-3.199201247552537,46.41527800808012,-22.406817862136563,44.11279816404243,-36.5474628628815,49.739502263297595,-48.31575535421058,56.16360166865542,-59.169725466411876,63.738913221582266,-65.0012315281935,71.50273398069697,-68.12311359545293,78.02637491260498,-70.89589597147386,82.98319633534987,-71.47453153994212,87.90013140428596,-71.0363180757459,93.61749621790551,-70.31368724294435
105.29676941399686,39.68432599217738,106.4883134799174,43.84532163193808,112.28191995589594,36.81098387135381,106.57898174578423,22.695286049792912,88.55186250389755,16.674504986021986,69.08825117292474,10.061527745166927,52.40592459806027,-2.405197429151599,46.43272445687779,-21.49848308478647,43.58576202592144,-35.703858713729005,49.09965592583927,-47.617719117880085,55.45646233153002,-58.58429599930048,62.95404467953756,-64.59621438709814,70.6723412754518,-67.83034937033523,77.17623569005974,-70.70878672228861,82.08293632162213,-71.44825622905631,87.01608047162296,-71.15818792642773,92.72709576348547,-70.45975860081211
104.91176090579444,40.52168082651451,106.16989554084836,44.652636361046916,112.31441153994916,37.649112317549054,107.15287636314389,23.294792346545535,89.3815207752952,17.07615508722006,69.7859292261719,10.592719779456843,52.816187845646255,-1.6170165404893737,46.454637749453525,-20.58957621282491,43.080585445563656,-34.85579115069652,48.45769275105937,-46.9174390970947,54.754344421084284,-57.996077554110116,62.17401716677358,-64.18990522900572,69.84172660442471,-67.54491582270947,76.3261578518115,-70.52601546119894,81.18167800777894,-71.42835727128744,86.1340891494599,-71.28665605036787,91.84019753335662,-70.61388518048301
104.52618175170477,41.35787901987027,105.85088967845576,45.4573212090981,112.3245633218832,38.48798521613702,107.70725321470371,23.90297678292194,90.21048310312113,17.480116826666574,70.49192226176888,11.11658111862505,53.245671747264566,-0.8348412573099608,46.48092622905591,-19.680437088601025,42.60183929196489,-34.00299566009255,47.815522765904575,-46.214452425251125,54.05765629606998,-57.40494052678241,61.39927352354175,-63.78207617663685,69.00751107015924,-67.2668227278395,75.4762708183211,-70.34754800487298,80.27958678472504,-71.41426903403482,85.25458612288043,-71.42067124683336,90.95713764015267,-70.77588805926342
104.13998249479226,42.19287105644952,105.53183395716036,46.259320771920386,112.31228832822086,39.3274386173033,108.24093973158534,24.519998537319964,91.03794624818391,17.887006607247372,71.20553697948577,11.633325662576226,53.69318459647104,-0.05885425535757349,46.51149823893371,-18.771405554464025,42.154094434120964,-33.14520772822556,47.17505599732169,-45.508296235746116,53.36680631523899,-56.81075531325911,60.62841401171926,-63.37249874272396,68.16568884203332,-66.99553466790036,74.6267040100492,-70.17335016997873,79.37682804336526,-71.40542588469731,84.37745726776365,-71.55921284239088,90.077891733164,-70.9455714909613
103.75311367812077,43.02660742045697,105.20836077100802,47.05859970321342,112.27856499298167,40.16723602451532,108.75276334491065,25.14601678813733,91.86310697129232,18.297440831848235,71.92608007909274,12.143167311214995,54.15753468682152,0.7107617896236889,46.54626212233552,-17.86282145276317,41.74192174102757,-32.28216284140393,46.53820247225735,-44.79850766197626,52.6822028373432,-56.21339230948189,59.85339241756981,-62.9609339773171,67.31688721761435,-66.73035127370491,73.77758684745669,-70.00338777318422,78.4735671746044,-71.401262190674,83.50167354911201,-71.7014917945499,89.20115453472437,-71.12250113019871
103.36552584475481,43.85903859609749,104.87352494703151,47.855236963017546,112.22428448366469,41.007125616800124,109.24155148580138,25.78119071377182,92.68516203325504,18.712035903355,72.65285826036012,12.646319964445922,54.63753031187184,1.47382420188967,46.585126222510155,-16.95502462584767,41.36989208168052,-31.413596485936125,45.906872217658304,-44.08462383733831,52.00425422113443,-55.61272191139244,59.07375168914149,-62.547134133469115,66.46175006180442,-66.47057214034754,72.92904875100436,-69.83762663115743,77.56996956934717,-71.4012123193641,82.62705734920172,-71.84682527984961,88.32660179910573,-71.30606544947312
102.97716953775847,44.69011506757579,104.52796463002568,48.64935194364392,112.15033796776919,41.84685557318477,109.7061315853793,26.425679492621214,93.50330819488062,19.131408224653512,73.38517822305795,13.14299752217363,55.131979765177846,2.2301503056962133,46.62799888270621,-16.048354916066614,41.04257632507563,-30.539244148130706,45.28297526047129,-43.36618189522892,51.333368825364516,-55.00861451493245,58.290120548231926,-62.13085119052505,65.60092123950551,-66.21549686292263,72.08121914115287,-69.67603256056651,76.66620061849841,-71.40471063816648,81.75346442928947,-71.99453102953026,87.45403895091164,-71.4956487232543
102.58799530019581,45.519787319096736,104.17240462738965,49.44106408415246,112.05761661279422,42.68617407269613,110.14533107476626,27.07964230308329,94.31674221697784,19.55617419862955,74.1223466669565,13.633413884302854,55.63969134029537,2.9795574252992765,46.674788446172386,-15.14315216576938,40.76454534020871,-29.658841314296012,44.66842162764294,-42.64271896904478,50.669955008785394,-54.40094051604365,57.5031277166384,-61.711837127829824,64.73504461561964,-65.96442503652469,71.23422743836318,-69.51857137807946,75.76242571296291,-71.41119151448032,80.88075055063177,-72.14392677483221,86.58327141474541,-71.69063522601192
102.19795367513126,46.34800583486498,103.80756974652223,50.23049282360313,111.94701158623872,43.52482929436127,110.55797738508392,27.743238323555772,95.12466086035539,19.986950228168894,74.86367029182588,14.117782950738103,56.15947333078026,3.7218628849545325,46.725403256157335,-14.239756217305057,40.54036999607558,-28.772123470740553,44.06512134612001,-41.913772192182535,50.01442113014883,-53.789570310667784,56.71340191615849,-61.28984392472853,63.864764055048795,-65.7166562562482,70.38820306309594,-69.36520890036417,74.85881024364545,-71.42008931570473,80.0087714744854,-72.29433024699568,85.7141046152106,-71.8904092322154
101.80699520562877,47.174721099085446,103.43418479482244,51.017757601055905,111.81941405560195,44.36256941720711,110.94289794745413,28.416626732436498,95.9262608858217,20.4243527161575,75.60845579743642,14.596318621384057,56.6901340301884,4.456884008917996,46.77975165590988,-13.338506913022854,40.37462116167194,-27.878826103772724,43.47498444284918,-41.17887869803883,49.367175548206774,-53.17437429474643,55.921571868589524,-60.864623560566145,62.99072342269494,-65.47149011718744,69.54327543581195,-69.21591094408888,73.95551960145076,-71.43083840923867,79.13738296210693,-72.44505917726104,84.84634397691065,-72.09435501633453
101.41507043475275,47.99988359596284,103.05297457968919,51.802977855570646,111.6757151883831,45.19914262026077,111.29892019299876,29.09996670812319,96.72073905418569,20.868998065481037,76.35600988355816,15.069234796145338,57.23048173207553,5.18443812144551,46.8377419886786,-12.439744095272033,40.27186970599365,-26.97868469970109,42.89992094477725,-40.43757562001048,48.728415396067874,-52.55522283630563,55.12826629572908,-60.43592801468765,62.11356658346011,-65.22822621443703,68.69957397697209,-69.07064332592148,73.05271917728368,-71.44287316248125,78.266440774753,-72.59543129686841,83.97979492444892,-72.30185685283897
101.02212990556728,48.82344380970193,102.66466390852162,52.58627302620744,111.51680615208096,46.03429708254919,111.62487155283935,29.79341742901363,97.507292126256,21.321502679025457,77.10563924996143,15.536745374926511,57.77932472999754,5.904342546792861,46.89928259771216,-11.543807606401742,40.23668639583224,-26.07143474483462,42.3418408788508,-39.68940009149401,48.087226768666255,-51.931974233285416,54.33411391937449,-60.00350926643807,61.23393740224628,-64.98616414309123,67.85574279170396,-68.92935004441432,72.15057436204904,-71.45562794283143,77.39580067368024,-72.74476433705826,83.11426288242893,-72.51229901619803
100.62812416113655,49.64535222450752,102.26997758871863,53.36776255202619,111.34357811419494,46.86778098309935,111.92053266190766,30.497136776105435,98.28511686284111,21.782482959676486,77.85665059641633,15.999064257632313,58.33547131751027,6.616414609216008,46.964281826259366,-10.651037288761245,40.23846124825553,-25.15694213544907,41.802654272016696,-38.93388924588618,47.43821048312287,-51.30445591908443,53.53974346132327,-59.5671192951624,60.352479743955485,-64.74460349824454,67.0061631918636,-68.7916577988355,71.24925054665152,-71.46853711768841,76.52531842014531,-72.89237602907082,82.2495532754541,-72.72506578088172
100.23082242062634,50.46556531485703,101.86964042767914,54.14756587208677,111.15692224222397,47.6993425009382,112.20710637220571,31.211112208983536,99.0534100247499,22.25255531032002,78.60835062269302,16.45640534416725,58.897729788169556,7.32047163297068,47.03264801756876,-9.761772984699746,40.24373614068679,-24.235591712900714,41.2842711512215,-38.17058021658369,46.78266225096996,-50.672490464036,52.745783643372874,-59.12651008020566,59.46983747348969,-64.50284387499147,66.1507994574456,-68.65695363469621,70.34891312199596,-71.4810350544513,75.6548497754049,-73.03758410414633,81.38547152812788,-72.93954142135937
99.8167859415318,51.28419146842009,101.46437723280206,54.92580242544926,110.95772970366721,48.528729815092845,112.49315889170106,31.934992718904425,99.81136837279081,22.732336133841784,79.36004602856178,16.908982534436007,59.46490843553124,8.016330942312834,47.10428951488916,-8.876354536566453,40.25245499466922,-23.307897384596174,40.78860154341203,-37.39901013698318,46.121877783739535,-50.03590043847322,51.9528631873207,-58.68143360091284,58.58665445575093,-64.26018486842639,65.2902493506437,-68.52461869293637,69.44972747898714,-71.49255612051894,74.78425050071559,-73.17970629352527,80.5218230650537,-73.15511021210074
99.38556058027376,52.101499281451936,101.05491281148653,55.702591651173464,110.74689166602371,49.35569110459022,112.7779311139895,32.668387343933716,100.55818866777275,23.222441833127675,80.11104351379271,17.357009728343257,60.03581555315117,8.703809861498314,47.17911466146916,-7.995121786710513,40.2645617317458,-22.374373057942307,40.3175554755349,-36.618716140481354,45.457152792963655,-49.394508412729294,51.16161081496426,-58.23164183662897,57.703574555641126,-64.01592607364375,64.42511063365174,-68.39403411449592,68.55185900852985,-71.50253468329066,73.91337635733407,-73.31806032844764,79.65841331083499,-73.37115642757539
98.9393622335636,52.91776500102918,100.64197197113134,56.47805298831946,110.52529929679264,50.179974548457324,113.06066393266684,33.41090512213708,101.29306767050417,23.723488811063532,80.86064977815613,17.800700825793513,60.60925943458517,9.382725714782964,47.25703180055751,-7.1184145774811896,40.280000273459734,-21.43553264034574,39.87304297453693,-35.829235360474854,44.78978299017439,-48.74813695713743,50.372655248100955,-57.77688676669908,56.82124163806236,-63.76936708573794,63.555981068663414,-68.26458104031468,67.65547310152886,-71.51040511016532,73.04208310651694,-73.45196394015392,78.7950476900752,-73.58706434225297
98.48040679811248,53.73326487422861,100.22627951913563,57.25230587594717,110.29384376347303,51.00132832572115,113.34059824132845,34.162155091580075,102.01520214179385,24.23609347053508,81.6081715214221,18.24026972669145,61.18404837338909,10.052895826422628,47.33794927540288,-6.246572751227632,40.29871454135406,-20.491890039213274,39.45697406736474,-35.03010493036038,44.1210640869038,-48.09660864203079,49.58662520852823,-57.3169203704681,55.94029956791661,-63.51980749980345,62.68345841787249,-68.13564061133246,66.76073514888895,-71.51560176854213,72.17022650952083,-73.58073485988433,77.93153162737775,-73.80221823060305
98.01091017063169,54.548275148126834,99.8085602628982,58.025469753116454,110.05341623356406,51.819500615408685,113.61697493357036,34.92174629032837,102.72887083546385,24.760775905975663,82.35291544336087,18.675930330941753,61.758990663118766,10.714137520673205,47.4217754292539,-5.379936150299159,40.320648456971924,-19.543959161951705,39.071221317568074,-34.220861995902396,43.452291794684015,-47.43974603774262,48.80414941804355,-56.851494627281056,55.061392210105794,-63.26654691093472,61.80814044347278,-68.0065939684892,65.86646494616201,-71.5175625018465,71.29766232760244,-73.70369081887924,77.06767054734615,-74.01600236709527
97.5330882478325,55.36307206980058,99.38953900981818,58.79766405888739,109.80490787456478,52.634239596546934,113.88903490298816,35.689287756447584,103.44174820665756,25.29747212345535,83.09418824374262,19.107896538448983,62.33289459733004,11.36626812179054,47.50841860535934,-4.518844617044863,40.34574594185642,-18.592253915967717,38.69556036541991,-33.401224271830074,42.78476182504704,-46.77737171460598,48.02585659844431,-56.38036151648299,54.185163429532054,-63.008884914226144,60.93062490765806,-67.87682225272471,64.9675461134982,-71.51577623111683,70.42424632201835,-73.82014954837888,76.20326987458378,-74.2278010261993
97.04915692642618,56.177931886326576,98.96994056729449,59.5690082323199,109.54920985397422,53.445293448162886,114.15601904317742,36.46438852800338,104.15321720689286,25.8458991025239,83.83382987412,19.53637640921005,62.90456846957869,12.009104954030477,47.5977871469679,-3.6636379938140067,40.373950917550644,-17.637288208668053,38.3136689023932,-32.57154515038218,42.119769889525,-46.10930824295423,47.25237547152807,-55.90327301741888,53.31225709109731,-62.74612110477216,60.051509572622024,-67.74570660497892,64.06393052521008,-71.50977072473364,69.54983425402526,-73.9294287796236,75.33813503369413,-74.4369984823847
96.56133210312402,56.99313084478143,98.55048974272603,60.33962171247384,109.28721333929155,54.25241034928354,114.41716824773408,37.246657643061326,104.86253236846011,26.40577343504725,84.57857866367124,19.961518333035144,63.47282057342068,12.642465341648915,47.689789397328184,-2.814656122955796,40.40520730559774,-16.679575947459398,37.92820974120423,-31.732317835013987,41.45861169964991,-45.435378193120414,46.48433475909218,-55.41998110943376,52.44331705970353,-62.47755507766726,59.1713922005585,-67.61262816619154,63.15615529383348,-71.499074723462,68.6742818848798,-74.03084624385355,74.47207144928058,-74.64297901012111
96.07182967463729,57.808945192241936,98.13191134351183,61.1096239384093,109.01980949801595,55.05533847893594,114.67172341025372,38.035704139687084,105.56894822364922,26.976811712891276,85.32852826416394,20.38343577708821,64.03645920241178,13.266166608901642,47.78920414049321,-1.9722364021991439,40.43945902754075,-15.719631039748606,37.54184569456942,-30.884035529180778,40.80258296695388,-44.75540413543774,45.722363182934146,-54.93023777187261,51.578987200252755,-62.202486428005784,58.29087055366125,-67.47696807730262,62.24475753190433,-71.4832169680671,67.79744497583857,-74.12371967230916,73.60488454594667,-74.8451268838781
95.58286553767738,58.6256511757847,97.71493017705092,61.87913434918613,108.74788949764644,55.853826016147025,114.91892542433203,38.83113705594627,106.27171930475043,27.558730527921853,86.08332497398823,20.802241767880105,64.60132003684117,13.880036909632224,47.933681906144784,-1.1366376841289707,40.47665000492276,-14.757967392942362,37.1572395752051,-30.027191436337887,40.15297940296898,-44.06920864023948,44.96708946485137,-54.43379498408041,50.71991137764695,-61.92021475088228,57.41054239412398,-67.33810747925207,61.33027435195851,-71.46172619931389,66.9185361965499,-74.20738383399618,72.73637974829575,-75.04282637812543
95.09665558895534,59.44352504248644,97.30027105074208,62.64827238386431,108.4723445056822,56.64762113994374,115.15801518356483,39.6325654299045,106.97010014405402,28.151246472004914,86.84261509153436,21.218049331921748,65.1835996955815,14.483998271623364,48.12901883006191,-0.30802541836254704,40.51672415928698,-13.795098914447351,36.77705419582759,-29.16227875994059,39.51109671922728,-43.37661427785872,44.21914232664136,-53.93040472540224,49.866733456788154,-61.63003964139108,56.53100548414051,-67.1954275129795,60.4132428665319,-71.43413115796756,66.0355729032089,-74.28138474018937,71.86636248093129,-75.23546176733242
94.61541572518257,60.26284303942384,96.88865877198447,63.41715748150381,108.19406568962216,57.43647202935318,115.3882335815477,40.43959829962739,107.6633452738501,28.754076137006393,87.60604491519251,21.63097149572411,65.78342205916329,15.07802089563711,48.37256868563924,0.5134403896555568,40.55962541217639,-12.831539511670428,36.40395236915333,-28.289790703444282,38.87823062726085,-42.67744361862873,43.47915049010152,-53.41981897518309,49.02009730257839,-61.33126069462668,55.652857585904655,-67.04830931942496,59.49420018816045,-71.39996058479318,65.14905104319217,-74.34541121778722,70.99463816845679,-75.42241732596909
94.14136184307034,61.08388141367368,96.48081814817698,64.18590908116454,107.91394421696549,58.220126863402356,115.60882151187633,41.251844703180666,108.3507092264287,29.36693611479211,88.373260743353,22.041121285798,66.40014600251993,15.662075375746781,48.661685246271475,1.327599734480998,40.60529768513419,-11.867803092018278,36.0405969078987,-27.41022047030424,38.2556768386018,-41.971519232882656,42.74774267702924,-52.90178971276788,48.180646779919584,-61.02317750568352,54.77669646161007,-66.89613403952836,58.57368342937997,-71.35874322055582,64.25967184928368,-74.39915478531617,70.12101223547558,-75.60307732850475
93.67670983932993,61.90691641231251,96.07747398671864,64.95464662190653,107.63287125521134,58.99833382111814,115.81901986814654,42.06891367862977,109.0314465340802,29.989542997228,89.14390887440595,22.448611728654328,67.03313040058475,16.23613230602558,48.993722285353215,2.134292610669263,40.65368489970342,-10.904403562897585,35.68965062477997,-26.52406126397574,37.64473106478209,-41.258663690953654,42.02554760922209,-52.3760689175017,47.34902575371376,-60.70508966965599,53.90311987345058,-66.73828281422942,57.6522297027264,-71.31000780602079,63.36813655426738,-74.44230696130245,69.2452901065912,-75.77682604940907
93.22367561067261,62.73222428241712,95.67935109500826,65.72348954278965,107.35173797185877,59.770841081527635,116.01806954395403,42.89041426404049,109.7048117290945,30.621613376179937,89.91763560674161,22.85355585080407,67.68173412829123,16.800162280546772,49.366033576279165,2.933359012775952,40.704730977427175,-9.941854831715204,35.35377633251352,-25.631806287914117,37.04668901733396,-40.53869956317493,41.31319400847741,-51.842408568729525,46.525878088862896,-60.37629678163853,53.032725583619936,-66.57413678446818,56.73037612073563,-71.25328308195293,62.47514639092725,-74.47455926427261,68.36727720640704,-75.94304776315181
92.78447505380956,63.56008127106418,95.28717428044496,66.49255728287386,107.07143553440693,60.53739682365779,116.20521143289437,43.71595549747843,110.37005934376197,31.262863843513855,90.69408723875023,23.25606667875803,68.34531606057266,17.35413589338367,49.775972892443974,3.7246389353566656,40.75837983984866,-8.980670805877764,35.03563684381572,-24.73394874557465,36.4628464077893,-39.81144941987975,40.61131059659277,-51.300560645796395,45.71184765026908,-60.03609843672564,52.16611135431191,-66.40307709118434,55.80865979594353,-71.18809778911742,61.581402592047255,-74.49560321275277,67.48610544311862,-76.10114748880102
92.36132406545227,64.39076362533035,94.90166835042777,67.2619692812192,106.79285511035499,61.29774922653564,116.37968642856339,44.54514641700911,111.02644391037273,31.913010991095632,91.47291006882193,23.656257239027184,69.02323507236252,17.898023738609425,50.22089400724224,4.507972372966833,40.81457540851085,-8.021365392792063,34.737894971402966,-23.830981840412733,35.89449894768035,-39.07673583140115,39.92052609536546,-50.75027712804723,44.90757830283417,-59.6837942300117,51.30387494772026,-66.22448487531784,54.88761784088598,-71.11398066827934,60.687606390411304,-74.50513032526936,66.60040437282936,-76.25069880450059
91.95643854231179,65.22454759229237,94.52114403421552,68.03184617323183,106.51385733762828,62.05165532711504,116.54073542455677,45.37759606069824,111.67321996121683,32.5717714107912,92.25375039534691,24.054240558122387,69.71485003859408,18.431796410297466,50.698150694068715,5.283199320162055,40.87326160495695,-7.064452499864899,34.46321352799163,-22.92339877588364,35.342942348539054,-38.33438136807246,39.2414692265931,-50.19130999482718,44.11371391146031,-59.318683756591156,50.44661412603881,-66.0377412778085,53.96778736809898,-71.03046046020387,59.794459018803366,-74.50283212034873,65.71059957464672,-76.39135724349961
91.57203438109951,66.0617094190269,94.12507047281241,68.80235460528257,106.21424949411875,62.79911688439813,116.68759931447022,46.2129134666115,112.3096420285845,33.23886169446638,93.03625451671559,24.45012966255456,70.4195198342008,18.955424502520884,51.20509672631795,6.050159771497874,40.934382350730004,-6.1104460345029,34.21425532629797,-22.011692755442652,34.80947232189749,-37.58420860022676,38.57476871207302,-49.62341122548111,43.33089834104942,-58.94006661155839,49.59492665146121,-65.84222743959623,53.04970549011824,-70.93706590565608,58.90266171000735,-74.4884001165172,64.81718219397544,-76.52277888459611
91.21032747852672,66.90252535261067,93.71135851081141,69.57372070766871,105.89118238050565,63.540405581446976,116.81951899189932,47.05070767281438,112.93496464476601,33.9139984339871,93.82006873131792,24.84403757883456,71.13660333411605,19.468878609353055,51.73908587738475,6.808693721529892,40.997881567373156,-5.159859904112864,33.9936831790385,-21.09635698254516,34.29538457928783,-36.82604009819727,37.921053273602695,-49.046332799354104,42.55977545650347,-58.547242390007966,48.74941028618133,-65.63732450162098,52.13390931947981,-70.83332574540117,58.01291569680728,-74.4615258323011,63.92064337622014,-76.64461980658785
90.87353373130458,67.74727164012035,93.28342966610552,70.34617455746496,105.54591975244585,64.2758070148385,116.93573535043998,47.89058771737257,113.54844234205126,34.596898221219305,94.6048393375442,25.23607733347336,71.86545941327324,19.972129324867183,52.29747192066361,7.5586411648136504,41.0650364024915,-4.213207932706894,33.80415989892941,-20.177884660646384,33.80197483224208,-36.05969843231725,37.280951632979566,-48.459826695791094,41.8009891227245,-58.13951068703415,47.910662792392884,-65.42241360482245,51.220935968719516,-70.71876872020408,57.12592221198702,-74.42190078622679,63.02147426678556,-76.75653608827298
90.56386903614458,68.5962245286326,92.84470545658797,71.1199462317461,105.1797253655962,65.00560678114942,117.03548928368781,48.732162638351724,114.14932965273073,35.28727764802886,95.39021263378476,25.626361952981824,72.6054469466057,20.465147243136585,52.877608629549286,8.299842095904637,41.168453012658574,-3.270991879809003,33.648348298687154,-19.25676899320166,33.330538792292316,-35.285006172919736,36.65242536153835,-47.86365456199587,41.05126463908596,-57.71626727286309,47.07928193228969,-65.19687589014069,50.311322550373234,-70.5929235708299,56.24238248833058,-74.36921649682068,62.12016601107638,-76.85818380844938
90.28354928975767,69.44966026522417,92.39860740015223,71.89526580758684,104.79386297561365,65.73009047695666,117.11802168523849,49.575041473817464,114.73688110909433,35.98485330628165,96.17583491842976,26.015004463870866,73.35592480904688,20.947902958234522,53.47684977743643,9.032136509358452,41.31988981358376,-2.3336889292750698,33.5289111910281,-18.333503183666323,32.882372170970655,-34.501785890338056,36.02259424195722,-47.25776432215548,40.303268302914546,-57.27760062449937,46.25586546806545,-64.9600924985154,49.405606176976846,-70.45531903804391,55.36299775862193,-74.30316448260902,61.21720975449733,-76.94921904591496
90.03479038885547,70.3078550969717,91.9485570146914,72.67236336206196,104.38959633815494,66.44954369883698,117.18257344868783,50.4188332618354,115.31035124343231,36.689341787843546,96.9613524898694,26.402117892651347,74.11625187553011,21.4203670642342,54.092549137719686,9.755364399730638,41.51631640883443,-1.4017732747806235,33.44851138866858,-17.408580435495708,32.45877067980905,-33.70986015490536,35.39069353832929,-46.64227209534664,39.55721401327736,-56.823902753050675,45.44101116191399,-64.7114445708865,48.50432396106635,-70.30548386261097,54.48846925564493,-74.22343626211824,60.31309664245299,-77.02929787946772
89.81980823014902,71.17108527095189,91.49797581809884,73.45146897224623,103.96818920887705,67.1642520433673,117.22838546763131,51.2631470404711,115.86899458803481,37.40045968458054,97.74641164649375,26.78781526583424,74.88578702098874,21.882510155208877,54.72206048379371,10.469365761576796,41.75470240197802,-0.47571911000147793,33.409811704324966,-16.48249395214509,32.06103003033968,-32.90905153695479,34.757928004023995,-46.01730004026132,38.81353549991877,-56.35556695881576,44.635316776029015,-64.45031324819388,47.608013015177505,-70.14294678529637,53.61949821218366,-74.12972335387457,59.40831782034809,-77.09807638790556
89.64081871034966,72.0396270342415,91.05028532826765,74.23281271521432,103.53090534343681,67.87450110712439,117.25469863566485,52.10759184779033,116.41206567519197,38.11792358835845,98.53065868669324,27.17220960993035,75.66388912035626,22.334302825231873,55.362737589053154,11.173980589452412,42.032017396582035,0.44399937138672385,33.410846387416484,-15.555725113592473,31.690445934094612,-32.09918260681957,34.12550239241068,-45.382970315591706,38.07266649258304,-55.87298654209343,43.839380072604285,-64.17607967137741,46.717210451846256,-69.9672365468652,52.75678586102197,-74.02171727640444,58.503364433587365,-77.15521065002662
89.48935538474899,72.913719280794,90.60890706309107,75.01662466804106,103.07900849749097,68.58057648668512,117.26055308931421,52.951776518435054,116.93881903719404,38.841450091043214,99.31373990885805,27.555413951450703,76.44991704856602,22.77571566837645,56.01193422689272,11.86904887791303,42.345230996213786,1.3569079757083955,33.435005849584115,-14.628592892709264,31.348314102605855,-31.280075934832837,33.49462145685885,-44.73940508002971,37.335040721014536,-55.3765548031825,43.05379881383362,-63.88812498137696,45.83245338360848,-69.7778818880825,51.90103343494383,-73.8991095482341,57.59872762757544,-77.20035674462855
89.34097858700977,73.79328113610865,90.17726254046255,75.80313490780111,102.6137624266965,69.2827637786263,117.2394981696927,53.795270198400544,117.46564440041897,39.57081493876876,100.09530161137826,27.93754131690605,77.24322968055134,23.20671927871581,56.667004170707,12.55441062151425,42.69131280444077,2.2625325092877233,33.47950353884249,-13.701298268649452,31.028045678846468,-30.45159035751982,32.866489950737844,-44.08672649226742,36.601091914957635,-54.86666504238178,42.27917076191079,-63.58583031913241,44.95427892300012,-69.57441154971349,51.04883642934573,-73.76164551007588,56.69489854771706,-77.2331707505096
89.19488808137658,74.67806931622385,89.7587732782751,76.59257351156924,102.13643088671023,69.98134857952476,117.18984964060729,54.63755511430037,118.01407889255137,40.30611408229248,100.87499009264417,28.31870473280742,78.04318589124563,23.62728425032327,57.32530119389065,13.229905814811616,43.06723242483031,3.160398778449178,33.54317191292,-12.774039564942655,30.706156313309577,-29.613997812742525,32.24231262741711,-43.425056710996955,35.87125380415671,-54.343710559990086,41.51609367902955,-63.26857682558358,44.083224182557046,-69.35635427252299,50.194389877481115,-73.60937815237179,55.792368339416896,-77.25330874646755
89.05138967959715,75.56783926030226,89.35686079442218,77.38517055642023,101.64827763318891,70.67661648595731,117.11312083080969,55.47810198071329,118.57910382765425,41.04755131735095,101.65245165104596,28.699017225665614,78.84914455558237,24.03738117727204,57.98417906983843,13.895374452360613,43.46995946094995,4.050032589516945,33.62484342954497,-11.847015105118544,30.382808220621143,-28.767832777135368,31.62329424026609,-42.75451789491029,35.145960118356015,-53.80808465630622,40.76405669266666,-62.93575383145185,43.21982627481509,-69.12323879727643,49.3381038333759,-73.44246959784772,54.891628148079576,-77.26042681130042
88.91078919341948,76.46234640750646,88.97494660679695,78.18115611942886,101.15056642178962,71.36885309450088,117.01082506905158,56.316381512218015,119.15548023026435,41.795330521525784,102.42733258497395,29.07859182199161,79.66046454849482,24.436980653635487,58.64099157194488,14.5506565287169,43.89646351636702,4.930959748815383,33.723350546445715,-10.920423212706908,30.060050509732946,-27.91363392767005,31.01063954265419,-42.07523220269951,34.42564458729993,-53.26018063162894,40.01232146495158,-62.587112762293316,42.36462231231019,-68.87459386473864,48.48046139779234,-73.26108209828527,53.99316911910984,-77.2541810238061
88.77339243459141,77.36134619699908,88.61645223329259,78.98076027766979,100.64456100816898,72.05834400173222,116.88447568408463,57.15186442339336,119.73796912491781,42.54965557239859,103.19927919281821,29.45754154829632,80.47650474491644,24.826053273486764,59.29309247360476,15.195592038435962,44.34371419464895,5.802706062668847,33.83752572135069,-9.994462211237362,29.739932289596936,-27.051939941318096,30.405553287950852,-41.38732179305663,33.71074094073282,-52.70039178625717,39.25857569548094,-62.22290239782507,41.51814940757828,-68.60994821567493,47.62194567149271,-73.06537790546662,53.09748239791236,-77.2342274627826
88.63950521486078,78.26459406794282,88.28479919180239,79.78421310821778,100.13152514798406,72.74537480422816,116.73558600466066,57.984021428818096,120.32133153615126,43.31073034755099,103.96793777296904,29.83597943109055,81.29662401978055,25.204569630899186,59.93783554821266,15.8300209760734,44.808681099363184,6.664797337401694,33.966201411988095,-9.069330424239695,29.424502669164895,-26.183289495051213,29.80924022952547,-40.69090882467373,33.00168290839906,-52.12911142048961,38.50349227744471,-61.84340761659871,40.68094467315518,-68.32883059085037,46.76303975523928,-72.85551927117325,52.20505912989182,-77.20022220702793
88.50943334597554,79.17184545950028,87.9834090002197,80.59174468814757,99.61272259689162,73.43023109856557,116.56566935953134,58.81232324307092,120.9003284885012,44.078758724564636,104.73403236742666,30.214023624489244,82.12018124802057,25.57250031994596,60.57257456916318,16.4537833361847,45.28833383407715,7.516759379338112,34.108210076086436,-8.145226175243579,29.115810757388658,-25.30822126584087,29.222905120747498,-39.98611545624283,32.298904220042914,-51.546732834625175,37.747744104032904,-61.448913297165745,39.85354522157678,-68.03076973102992,45.90422674979425,-72.63166844718734,51.316390460452965,-77.15182133534
88.38348263968356,80.08285581083408,87.71570317643761,81.40358509453398,99.08941711054837,74.11319848132126,116.37623907744825,59.636240580730714,121.4697210065039,44.853944581021096,105.50606137756137,30.591970457608397,82.94653530456992,25.929815934700457,61.19466330985114,17.066719113325405,45.77964200235817,8.358117994802512,34.26238417137398,-7.222347787778688,28.815905663220178,-24.427273930658657,28.647752714986325,-39.27306384645601,31.602838605408806,-50.95364932896257,36.99200406843545,-61.03970431807784,39.03648816537907,-67.71529437697887,45.04598975591995,-72.39398768529048,50.43196753500041,-77.0886809265167
88.26195890773272,80.99738056110687,87.4851032383495,82.21996440445173,98.5628724446114,74.79456254907211,116.16880848716329,60.45524415637618,122.0242701146961,45.636491794502035,106.28501665431287,30.970336167359733,83.7750450643619,26.276487069235827,61.81508884684342,17.66868272361762,46.2795752077738,9.188398990119254,34.427556155579055,-6.300893585374752,28.526836495611235,-23.540986166476216,28.084987765611345,-38.5518761540053,30.913919794240996,-50.3502542038006,36.23694506384243,-60.616065557886486,38.230310617097814,-67.38193326946208,44.18881187437853,-72.14263923726475,49.55228149893884,-77.01045705935604
88.14516796187092,81.91517514948134,87.29503070384851,83.04111269497548,98.03435235473756,75.47460889839493,115.94489091742804,61.268804684586144,122.55873683761416,46.42660424258912,107.06978322633034,31.34965058086118,84.60506940233,26.612484317625388,62.453565546145455,18.25961135798707,46.78510305389142,10.007128171612635,34.60255848643004,-5.381061891561501,28.250652363513723,-22.649896650265134,27.535815025992008,-37.82267453758277,30.232581516283915,-49.7369407594382,35.48323998344375,-60.17828189514336,37.43554968926895,-67.03021514924495,43.33317620593232,-71.87778535489173,48.67782349767293,-76.91680581265592
88.03341561384599,82.83599501512003,87.148907090828,83.86726004318012,97.50512059658348,76.15362312586649,115.70599969699418,62.076392879939306,123.06788219979438,47.22448580286385,107.8592461222633,31.730443525230726,85.43596719340752,26.937778273942456,63.10953146759533,18.83947168460935,47.2931951442784,10.8138313456069,34.786223621655324,-4.463051029868552,27.989402375879422,-21.75454405899694,27.001439249497764,-37.08558115588045,29.559257501281877,-49.11410229617405,34.7315617204294,-59.72663820839995,36.650486702260764,-66.65972447134897,42.47956585134358,-71.59958828995349,47.809084676607426,-76.80738326521436
87.92700767540589,83.75959559718564,87.04248214267994,84.69862137608197,96.97644092580634,76.83189082806365,115.45364815461352,62.87747945701443,123.54646722577348,48.0303403529079,108.65229037076091,32.11324482758624,86.26709731252788,27.25233953226018,63.78217845521033,19.408230407596363,47.80082108250218,11.608034318426462,34.97738401898317,-3.5470593238256924,27.745135641660283,-20.85546706964334,26.483065189498063,-36.34071816759035,28.8943814789792,-48.48213211430698,33.98258316798939,-59.26141937620787,35.868872831141516,-66.27063611525608,41.628463911374524,-71.30821029423174,46.946556181147,-76.68184549582935
87.82624995829843,84.68573233484085,86.9428463878603,85.53515722292713,96.44957709806266,77.50969760156335,115.18934961903773,63.67153513039034,123.98925294008785,48.844371770302985,109.44780100047234,32.49858431504572,87.09781863462445,27.556138686651877,64.47069835300772,19.96585423106029,48.3049504721302,12.389262896395564,35.17487213614197,-2.6332850969625383,27.519901269808088,-19.9532043591758,25.981897599362185,-35.58820773140462,28.23838717912031,-47.8414235141359,33.236977219313644,-58.78291027711873,35.09063617510219,-65.8634803454641,40.78035348678742,-71.00381361950843,46.09072915669634,-76.5398485832988
87.7314482742716,85.6141606672482,86.84595767504703,86.37661706184184,95.92579286900951,78.18732904294228,114.91461741901838,64.45803061464579,124.39100036727376,49.66678393263061,110.24466304004699,32.88699181472708,87.92749003463064,27.84914633119081,65.17428300500478,20.51230985911309,48.805205679586436,13.157047282449412,35.3775204308601,-1.721926672808877,27.31574836927473,-19.04829460456591,25.499141232459692,-34.82817200601522,27.59170833144941,-47.19236979595945,32.495416767592246,-58.29139578968403,34.31614679009283,-65.43879230125384,39.935717678344474,-70.6865605175654,45.23712565624908,-76.38110639150574
87.64290843507314,86.54463603357038,86.75198722073867,87.22274398516328,95.40635199430375,78.86507074877738,114.6309648833074,65.23643662435956,124.74647053186794,50.49778071747238,111.04176151813414,33.278997153748264,88.75547038747982,28.131333059950236,65.89212425521873,21.047563995866824,49.3282809766996,13.91113080349129,35.58416136086589,-0.8131823748943248,27.1347260490121,-18.141276482785372,25.036000842159922,-34.060733150114174,26.95477866571099,-46.53536426007662,31.758574706015168,-57.78716079245544,33.545774732063535,-64.99710712190614,39.09503958680807,-70.35661324018434,44.37860157107474,-76.20566957275258
87.56093625245103,87.47691387296999,86.66110624143391,88.07328108522853,94.8925182296021,79.54320831564542,114.33990534065634,66.00622387411045,125.05042445840678,51.33756600241003,111.83798146338285,33.675130159227194,89.58111856810535,28.40266946700342,66.6234139476669,21.57158334543351,49.8807190826559,14.651560882603178,35.793627383887724,0.09274947325133098,26.97888341797193,-17.232688670805715,24.593681181832324,-33.286013322393615,26.328031911649305,-45.87080020678604,31.027123927772266,-57.27049016398445,32.779890056964234,-64.53895994670177,38.258802312940304,-70.01413403914734,43.51598527980377,-76.01371045934803
87.48583753815319,88.4107496246097,86.57348595363129,88.92797145437464,94.38555533056154,80.22202734012325,114.04295211981702,66.76686307847712,125.29762317142666,52.186343665025106,112.63220790444262,34.07592065828186,90.40379345144066,28.66312614642362,67.36734392636646,22.0843346119251,50.4611045095931,15.378408257694105,36.00475095765381,0.9956705480983601,26.85026958510616,-16.323069845598468,24.17338700484629,-32.50413468154562,25.71190179900873,-45.199070936386704,30.301737326053683,-56.74166878282267,32.01886282074514,-64.06488591492155,37.42748895750361,-69.65928516623597,42.650206534255176,-75.80540154916963
87.41791810392738,89.34589872765218,86.48929757382939,89.78655818493883,93.88672705283892,80.9018134187877,113.74161854954099,67.51782495203844,125.48282769546421,53.044317582899225,113.42332586996253,34.48189847803013,91.22285391241911,28.91267369228416,68.12310603533479,22.58578449945378,51.06802176964891,16.091743666673153,36.22003955691207,1.8953774031519401,26.750933659366638,-15.412958684135333,23.77632306457133,-31.715219386262106,25.106822057533634,-44.52056974917724,29.583087794049334,-56.20098152752172,31.26306307935613,-63.5754201658462,36.601582621260036,-69.29222887323232,41.78219508624801,-75.5809153400948
87.35748376152162,90.28211662126,86.40871231852691,90.64878436925812,93.39729715209108,81.58285214821558,113.43741795858006,68.25858020937318,125.60079905505569,53.911691633614055,114.21022038859206,34.89359344559006,92.037658825974,29.15128269865818,68.8898921185891,23.075899712131502,51.700055374961096,16.79163784744935,36.46082610552526,2.791546077603755,26.68292474970525,-14.502893863387783,23.40369411437672,-30.919389595235202,24.513226416968337,-43.83568994545658,28.87184822494919,-55.64871327663309,30.512860888747355,-63.0710978387566,35.78156640497201,-68.91312741191808,40.91288068760139,-75.34042433000087
87.30484032268367,91.2191587445958,86.33190140422238,91.51439309966969,92.91852938397477,82.26542912498383,113.1318636756859,68.98859956506004,125.64629827473772,54.788669694751206,114.99177648898029,35.31153538807945,92.84756706703894,29.378923759619056,69.66689402014669,23.55464695407028,52.35578983766732,17.478161537931726,36.72982174644909,3.6837305848842448,26.64829196507378,-13.593414060327518,23.056704907632025,-30.116767467156933,23.931548607057152,-43.14482482552347,28.168691511943223,-55.08514890870845,29.768626304868803,-62.552454072933585,34.96792340940169,-68.5221430340751,40.043193090134366,-75.08410101676526
87.26029359916151,92.15678053682228,86.25903604741444,92.38312746851057,92.45168750414706,82.94982994566914,112.82646902961022,69.70735373367785,125.64029283583903,55.675295881697025,115.7668791997765,35.736254132616295,93.65947803156865,29.595692383243204,70.45330358402475,24.02199292938218,53.03380966990528,18.151385476029418,37.025922099460445,4.571479513154429,26.646777622449974,-12.685042544695307,22.730566883332642,-29.30747773149534,23.36222235754451,-42.448367689676786,27.47429054822146,-54.51057330229929,29.03072938367052,-62.02002400765787,34.161136735311345,-68.11943799148531,39.174062045666005,-74.8121178982654
87.224149402703,93.09473743710203,86.19028746460174,93.25473056811785,91.99803526826469,83.63634020684844,112.51835592054528,70.41432923406313,125.61870669768047,56.57075958981079,116.53441354963007,36.16827950631853,94.4802959487618,29.802185822727665,71.24831265424064,24.477904342179215,53.732699383812815,18.811380399651398,37.34802278433597,5.454341450575214,26.66647910210662,-11.77797854132092,22.40217375323556,-28.49168386420098,22.80568139817467,-41.746711838215276,26.789318226973933,-53.92527133595729,28.299540181102657,-61.47434278221033,33.36168948346324,-67.70517453593055,38.30641730601536,-74.52464747237872
87.19671354505601,94.03278488459773,86.12582687228274,94.1289454908287,91.55883643198439,84.32524550509851,112.17844204279055,71.10945049506546,125.58234087922568,57.473965566823836,117.29326456719008,36.60814133630413,95.30932384712736,29.999127292008268,72.05111307481155,24.9223478965734,54.451043491527514,19.458217046706807,37.69501942085236,6.331864985307675,26.704640641476715,-10.8721132305173,22.071148548718554,-27.669579312230553,22.26042712468268,-41.04024577696009,26.114447441390496,-53.32952788823394,27.57542875311509,-60.91594553587174,32.57006475461964,-67.27951491919265,37.44118862300155,-74.22186223698264
87.1782918379684,94.97067831847198,86.06582548695616,95.00551532898021,91.12418039633297,85.01681535755455,111.80287663327402,71.79312567891503,125.53170693947396,58.383818366382286,118.04231728110602,37.05636944969103,96.1458647405297,30.18724000502118,72.86089668975478,25.355290296676856,55.187426505187204,20.091966155104615,38.06580762878639,7.203598705512604,26.760368056491927,-9.967325588018241,21.739849933840446,-26.841358301856133,21.70515564545508,-40.32910335634256,25.450351084661236,-52.72362783768091,26.858765155658034,-60.34536740792288,31.78674564954281,-66.84262139305343,36.57930574844363,-73.9039346899545
87.16919009318815,95.90817317788736,86.01045452512062,95.88418317490948,90.6767577039173,85.71121921977794,111.39380068695408,72.46578794523731,125.46731643742493,59.299222542132156,118.78045672002708,37.51349367359711,96.98922164283334,30.36724717570263,73.67685534308765,25.77669824660154,55.94043293692954,20.712698462753906,38.459283027914694,8.069091199351078,26.832767163083986,-9.063494589557422,21.41063657265994,-26.00721505934979,21.137114270978486,-39.61304160670238,24.797702049976067,-52.107856062849635,26.149919444681416,-59.76314353764457,31.012215268994964,-66.39465620929474,35.721698434160714,-73.57103732917182
87.16942939860132,96.84503052318092,85.95988520327461,96.76469212095367,90.21844422389705,86.40858811945714,110.95335519878921,73.12787045365775,125.38968093207774,60.21908264771969,119.5065679126024,37.98004383514041,97.8386975679029,30.53987201798884,74.49818087882733,26.186538450459466,56.70864729889223,21.320484707563764,38.87434123801398,8.927891054984059,26.920943777184505,-8.16049921086858,21.085867129235794,-25.16734381098371,20.56043092950148,-38.89178714873566,24.157173230525018,-51.48249744229179,25.44926167613528,-59.16980906431763,30.24695671373837,-65.93578161969839,34.86929643197175,-73.2233426525118
87.1777046763653,97.78111372156229,85.91428873791688,97.64678525944976,89.75144332968074,87.10905300482386,110.48368116373757,73.77980636380187,125.29931198243179,61.142303236790895,120.2195358874813,38.45654976143874,98.69359552960265,30.705837745815927,75.32406514099114,26.584777612362757,57.4906541032131,21.915395627443218,39.30987787886107,9.779546860572395,27.02400371472521,-7.258218427685506,20.767900267626715,-24.321938783029964,19.979233549272635,-38.16506660313854,23.52943751949806,-50.84783685455898,24.757161905969724,-58.56589912722285,29.491453084535237,-65.46615987604633,34.02302949369596,-72.86102315785212
87.19361477034369,98.7163753829044,85.8738363455459,98.53020568273496,89.27795839467706,87.81274482410964,109.98691957675754,74.42202883529501,125.19672114748647,62.067788862991904,120.91824567331315,38.94354127961009,99.55321854179732,30.865867573120113,76.1536999735963,26.971382436423312,58.2850378620297,22.49750196030135,39.764788570232554,10.623607204277164,27.141052791637662,-6.356531215741882,20.459094651891576,-23.47119420176074,19.397650058540478,-37.43260659060701,22.915167810085222,-50.2041591782027,24.07399019013485,-57.9519488656411,28.746187482147946,-64.9859532301204,33.18382737115229,-72.48425134307007
87.216927603474,99.65077111011567,85.83869924266037,99.41469648314637,88.80019279229452,88.51979452554627,109.46521143280751,75.05497102776275,125.08241998624106,62.99444407996879,121.60158229874713,39.441548216772446,100.4168696183512,31.02068471383768,76.98627722066016,27.346319626753314,59.09038308747995,23.066874444047187,40.23796893190524,11.459620674259327,27.271196823853643,-5.455316550771386,20.161808946088968,-22.615304293448048,18.819808385553586,-36.69413373183721,22.31503699547642,-49.55174929177463,23.400116584580587,-57.32849341885304,28.011643007338648,-64.49532393370231,32.352619816159915,-72.09319970604298
87.24741109869336,100.58425650610468,85.80904864575888,100.30000075302104,88.32034989594177,89.23033305736527,108.92069772684584,75.67906610083054,124.95692005769507,63.92117344136767,122.26843079243264,39.95110040004374,101.28385177312902,31.17101238190469,77.82098872619991,27.709555887464717,59.9052742917014,23.623583816589814,40.72831458365579,12.287135858679733,27.41354162730471,-4.554453408507811,19.878401814277765,-21.75446328436402,18.249836458560537,-35.94937464752513,21.729717968861678,-48.890892073826194,22.735911145256978,-56.69606792613956,27.288302760869612,-63.994434238574,31.530336580537835,-71.68804074464839
87.28483317893921,101.51678717377973,85.78505577134001,101.18586158469617,87.8406330790275,89.94449136779838,108.35551945383071,76.29474721412379,124.82073292084789,64.84688150083468,122.91767618301873,40.47272765654185,102.15346801999516,31.317573791257416,78.65702633423285,28.061057922669534,60.72829598683188,24.16770081583826,41.23472114526095,13.105701345699458,27.567193017922648,-3.6538207646848946,19.611231920516673,-20.888865400780787,17.691862205809855,-35.19805595836692,21.15988362343097,-48.22187240290913,22.08174392811418,-56.05520752678149,26.576649843503105,-63.48344639651725,30.717907416105163,-71.26894695676361
87.32896176714877,102.44831871604936,85.76689183590236,102.07202207050875,87.36324571496027,90.66240040507728,107.77181760872071,76.90244752726795,124.67437013469868,65.7704728120159,123.56225618200853,41.00692317469577,103.02502137281402,31.461092155832034,79.4935818887763,28.400792436479833,61.55803268500904,24.699296179701605,41.75608423649737,13.914865723479409,27.731256811639014,-2.753297595036315,19.362657928864394,-20.018704868970474,17.150013555550174,-34.439904285058674,20.60620685237427,-47.544975157574925,21.43798498910212,-55.40644736005959,25.873716011534157,-62.962515560493046,29.916262074680958,-70.8360908402662
87.37956478625932,103.37880673582197,85.7547280559445,102.95822530279594,86.89039117714873,91.38419111743349,107.17173318647389,77.50260019988855,124.51834325824694,66.69085192855744,124.23319410832772,41.55386155739609,103.89781484545034,31.60229068956471,80.32984723384737,28.728726133007626,62.39306889837064,25.21844064608888,42.29129947714182,14.71417758018049,27.904838824385592,-1.8527628752958663,19.135038503379803,-19.14417591520521,16.62841843602996,-33.67464624829637,20.069360548881605,-46.860485216375196,20.805004384170957,-54.75032256525469,25.170698404457255,-62.431726487228445,29.126330308084277,-70.38964489303333
87.43641015920826,104.30820683600604,85.74873564796513,103.84421437389483,86.4242728390015,92.1099944530988,106.55740718204885,78.09563839161098,124.35316385049208,67.60692340410537,124.92670811854038,42.11355349981022,104.7711514517685,31.741892606391673,81.16501421346351,29.044825716364983,63.23198913905435,25.725204952909166,42.839262486970995,15.503185503963778,28.087044872093884,-0.9520955811972271,18.93073230812149,-18.265472765757067,16.13120477549785,-32.90200846877616,19.550017606142887,-46.168687457861495,20.183172169270676,-54.08736828164757,24.468176405084307,-61.891123681945885,28.349041868134236,-69.92978161294269
87.49926580893288,105.23647461951003,85.74957414035867,104.72973561912659,85.96709407392717,92.83994136030475,105.93098059040375,78.68199526206075,124.17934347043325,68.51759179230584,125.63741540554196,42.686008346369306,105.64433420563302,31.88062112024909,81.99827467164187,29.349057890663914,64.07337791919798,26.219659838071493,43.3988688857616,16.281438082990178,28.27698077069573,-0.0511746884741342,18.752098007148334,-17.382789646898118,15.662500502202363,-32.121717567194025,19.048850917348148,-45.469866760585376,19.572858400351265,-53.41811964851905,23.76730580179367,-61.34075117707772,27.585326506649835,-69.45667349787146
87.56789965837038,106.16356568924238,85.7595778760226,105.6145941270097,85.52105825533442,93.57416278728311,105.29459440649697,79.26210397086328,123.99739367707008,69.4217616468049,126.35993316222772,43.2712354415043,106.51666612090838,32.019199445073184,82.82882045239978,29.641389360016433,64.91581975093925,26.701876039484944,43.96901429329034,17.048483905420653,28.473752336122686,0.8501208271396763,18.601494264518976,-16.496320784900547,15.22643354439208,-31.333500164246175,18.566533375687357,-44.76430800309845,18.974188777423763,-52.743111258955366,23.069242382963637,-60.78065300505625,26.836113975450246,-68.97049304569708
87.64207963045811,107.08943564811148,85.77870853043385,106.49864609280337,85.08836875663178,94.31278968226542,104.65038962528689,79.83639767764407,123.80782602940184,70.31833752124868,127.08887858149325,43.86924412964623,107.38745021145911,32.15835079480013,83.65623816563874,29.921787230707253,65.75789914641575,27.171924295058545,44.54859432933398,17.803871559416166,28.676465384306482,1.751911989910468,18.481279744292237,-15.606260406036427,14.82713183031558,-30.53708288062859,18.100196749366944,-44.052292315159434,18.376153254014184,-52.062676171545945,22.375141936972682,-60.21087319831378,26.10233402635447,-68.47141275429709
87.72157364813347,108.01404009902586,85.8065916280438,107.38174941613335,84.67122895122799,95.0559529934834,104.0005072417319,80.40530954202853,123.61115208642781,71.20622396928331,127.81886885623379,44.48004375522606,108.2559894911497,32.29879838336609,84.4884467114423,30.190266921291368,66.59820061776531,27.629875342701382,45.13650461366916,18.54714963313762,28.88422573117873,2.6543198241045047,18.393813110526878,-14.712802736577885,14.468723288221383,-29.732192337037418,17.628481446781507,-43.33400876913606,17.774671645230796,-51.3766458604988,21.68616025219916,-59.631455789282654,25.384916411181564,-67.9596051215488
87.80614963433362,108.9373346448939,85.84285269330383,108.26376199662548,84.27184221253162,95.8037836691687,103.34708825079014,80.96927272364218,123.4078834071475,72.08432554455482,128.54452117934494,45.103643662674926,109.12158697384467,32.44126542470735,85.32846974269165,30.446937491948177,67.43530867712565,28.075799920322538,45.731640766072644,19.277866714746096,29.096139192671103,3.55746535398805,18.341453027281545,-13.81614200279705,14.155335846358128,-28.918555154168644,17.149217739882033,-42.60955101660045,17.172552631266115,-50.68477507723651,21.003453117021365,-59.042444810395125,24.6847908817507,-67.43524264532977
87.89557551199596,109.8592748886241,85.88711725066526,109.14454173390561,83.89241191395126,96.55641265755293,102.69227364742011,81.52872038211046,123.19853155056018,72.95154680070942,129.26045274372183,45.74005319642379,109.98354567340863,32.58647513276003,86.1758371974708,30.691918735491697,68.26780783663446,28.509768765830984,46.33289840632108,19.99557139240244,29.311311584715327,4.461469603827425,18.326385707694612,-12.916472559423028,13.891097432974277,-28.095897952718417,16.664240146602708,-41.87900828737935,16.572604892312995,-49.986818573181665,20.32817631981777,-58.443884294083546,24.002887189880823,-66.89849782351718
87.98961920405776,110.77981643312489,85.93901082457955,110.0239465275996,83.53514142889554,97.31397090686778,102.03820442658008,82.08408567705885,122.98360807566524,73.80679229139315,129.96128074226004,46.389281700903666,110.84116860370585,32.735150721460286,87.03007901386371,30.92533044473589,69.09481804415947,28.931852219822474,46.93917315419128,20.69981225426767,29.528848723243016,5.366453597888892,18.335040215874187,-12.014101287719996,13.680135976318411,-27.26394735338272,16.17538318487766,-41.14246981129946,15.977637108564124,-49.28253109975674,19.661485648966732,-57.835818272780216,23.33923888131102,-66.34954337038454
88.08804863345631,111.69891488130474,85.99815893949796,110.90183427733325,83.20223413077315,98.07658936534489,101.38702158322855,82.63580176811274,122.76362454146198,74.64896657025207,130.64162236785495,47.05133852054564,111.69375877860097,32.88801540474441,87.89072512995449,31.147292412494892,69.92943094332463,29.34205755737065,47.5493606294599,21.390137888502693,29.74785642418584,6.272538360438659,18.357302075641655,-11.109653704311256,13.526579404639165,-26.4224299768577,15.684481372641073,-40.40002481818743,15.390457960212132,-48.57166740838443,19.004536892846602,-57.21829077891738,22.680123481879832,-65.7885694866639
88.19063172312894,112.61652583607201,86.06418711987192,111.7780628827324,82.8958933929926,98.84439898121593,100.74086611232354,83.18430181489765,122.53909250694988,75.47697419093237,131.2960948134019,47.72623299978068,112.54061921195847,33.04579239654856,88.75730548382694,31.357924431582603,70.77719384631024,29.740260543457396,48.162356451903634,22.06609688326853,29.969118684880357,7.179833685848166,18.392590056076244,-10.203811333124861,13.40563393787312,-25.571240889980743,15.193369227827134,-39.65176253787001,14.813876127449817,-47.853982250487206,18.358485839835737,-56.5913458449275,22.021200471146983,-65.21579644272384
88.29713639601295,113.53260490033529,86.13672089015284,112.65249024342296,82.6183225889626,99.61753070271254,100.10187900882369,83.73001897703904,122.30567320292124,76.28973142553741,131.9193152717964,48.413974483039794,113.38105291764288,33.20920491080892,89.62935001356527,31.5573462948131,71.63730757484814,30.12632049226147,48.77705624129925,22.72723782672614,30.211424717247155,8.08785846319762,18.440322926257238,-9.297255698089032,13.288427256947102,-24.710976477301813,14.703881268369969,-38.89777220017385,14.250700290469808,-47.1292303774876,17.72448827831255,-55.95502750324272,21.363251306003633,-64.63144747619339
88.40733057504565,114.44710767700292,86.21538577479197,113.52497425903067,82.37172509209176,100.39611547806635,99.47220126768724,84.27338641416236,122.0185091299366,77.08663107153137,132.50590093593365,49.11457231475407,114.21436290951868,33.37897616146165,90.50638865725335,31.74567779500046,72.50897295067011,30.50009671796181,49.39235561742345,23.37310930703643,30.479480091546463,8.995260403456314,18.499919455263864,-8.39066832313182,13.175269277494067,-23.842415615045184,14.217852012203764,-38.13814303492563,13.703739129464793,-46.397166540808314,17.103699996655394,-55.309379786295494,20.707057443341228,-64.03574582470145
88.52098218316434,115.35998976898338,86.29980729824081,114.39537282918138,82.15830427578868,101.18028425550904,98.85397388387236,84.81483728589308,121.66979472853512,77.86769736217724,133.05046899870928,49.82803583935453,115.04896204037942,33.555812962910295,91.38795135297522,31.923038724958587,73.39139079550813,30.86144853473712,50.00756691147626,24.003260336913115,30.772303190241416,9.900617271625663,18.57079841217552,-7.48473073218139,13.066475095887313,-22.966337179852303,13.737115977262647,-37.37296427195207,13.175801324627571,-45.657545491871815,16.497276783242626,-54.65444672651802,20.05340034005087,-63.42891472587718
88.63785914330623,116.27120677918509,86.3896109849506,115.263543853501,81.97870536735371,101.97016625748358,98.24933785233765,85.35480475185665,121.263564504464,78.63299800280475,133.54763665301863,50.55437440127213,115.91219287693372,33.740233017223545,92.27356803881486,32.08954887750156,74.28376193109392,31.210235256766225,50.64142629873288,24.617392426557217,31.08891239579492,10.802506832707081,18.65237856607132,-6.580124449165908,12.962359808500025,-22.083520048364562,13.26350768148086,-36.602325141079916,12.66969555615077,-44.91012198210069,15.906374426452714,-53.99027235634264,19.403061453023952,-62.81117741734954
88.75772937840878,117.18071431051658,86.48442235937284,116.12934523161522,81.8091689907439,102.76575001929831,97.65971108454738,85.89372171543556,120.80385296347066,79.38260069874372,133.99202109175695,51.29359734493789,116.8027562229268,33.93263274215735,93.1627686528563,32.24532804544339,75.18528717915933,31.546316198228,51.30333835208586,25.215584823997858,31.42832609067011,11.69950685170204,18.74407868603066,-5.6775309980135376,12.86323851170539,-21.19474309722341,12.79886164279253,-35.82631487213581,12.188230504227079,-44.15465076291753,15.332148714663902,-53.31690070820173,18.756822239151745,-62.182757136747455
88.88036081140922,118.08846796588625,86.58386694595879,116.99263486315004,81.64159136927651,103.56678145579184,97.06603816927367,86.43197556603877,120.29469461130253,80.11657315532398,134.37823950781984,52.04571401478296,117.71706792635104,34.13340656632653,94.05508313318347,32.39049602159815,76.09516736143627,31.869550673301205,51.99165747873684,25.79797425446378,31.789562657329952,12.59019509361201,18.845317541132772,-4.777631902652331,12.76942630187665,-20.300785203070234,12.345012379131788,-35.045022694946454,11.734214849049295,-43.390886585744795,14.775755436254656,-52.634375814527516,18.11546415532547,-61.54387712170001
89.00552136524482,118.99442334820247,86.68757026915989,117.85327064773122,81.47677006206732,104.37298245153892,96.46011591363703,86.96985616427241,119.74012395370693,80.83498307787534,134.70090909410254,52.81073375523823,118.6515438351982,34.34294891834611,94.95004141788041,32.52517259877976,77.01260329965658,32.17979799616472,52.7047380858873,26.364697443183672,32.17164047823752,13.473149323438406,18.955513900456936,-3.881108687010453,12.681238275386988,-19.402425242546485,11.903794408432873,-34.258537839338544,11.31045727080999,-42.618584202005195,14.238350379603332,-51.94274170775236,17.479768658436456,-60.894760609836226
89.13297896285292,119.89853606037383,86.79515785342744,118.7111104849846,81.31550262823231,105.18407489111411,95.84337017102627,87.50764077565373,119.14417549643105,81.53789817172765,134.95464704350053,53.588665910734846,119.60259979746064,34.56165422683097,95.84717344503116,32.64947756980234,77.9367958155521,32.47691748099726,53.44093458073894,26.915891115386103,32.57357793585584,14.346947306182699,19.074086533082436,-2.988642875016069,12.598989528609593,-18.500442092293497,11.477042248629914,-33.46694953513878,10.919766449702024,-41.8374983631212,13.721089333088287,-51.24204242030851,16.850517205375922,-60.235630838785085
89.2625015271708,120.80076170530873,86.9062552232129,119.56601227453604,81.15858662688731,105.9997806590921,95.21722679483042,88.04560666570006,118.51088374522254,82.2253861422106,135.13407054890928,54.37951982570371,120.56665166113038,34.789916920396024,96.74600915271964,32.76353072747986,78.86694573085464,32.76076844197769,54.19860137049335,27.45169199629987,32.99439341264792,15.210166806846246,19.20045420808856,-2.1009159905972865,12.522995157917705,-17.595614628952774,11.06659041765704,-32.670347012173806,10.564951065917967,-41.04738382051545,13.225128085087931,-50.53232198462837,16.2284912530352,-59.566711046175556
89.3938569811358,121.70105588591554,87.02048790296755,120.41783391601132,81.00681961714821,106.81982164004768,94.5831116384382,88.58403109992861,117.84428320582862,82.89751469465409,135.23379680322404,55.1833048445759,121.54011527419942,35.028131427656206,97.64607847902988,32.86745186462633,79.80225386729603,33.031210193284835,54.97609286235212,27.972236811153493,33.4331052910768,16.061385590430575,19.334035694554473,-1.2186095576823277,12.453570259684568,-16.688721729165763,10.674273433448434,-31.868819500270433,10.242469476921258,-40.24801107087319,12.75162242398062,-49.813624433144184,15.614472258305568,-58.88822446963678
89.5268132476852,122.59937420510278,87.13748141714285,121.2664333090363,80.86099915813088,107.64391971855542,93.94245055523862,89.12319134385666,117.14840838399658,83.55435153438788,135.26582245602737,55.99998202583333,122.51940648466012,35.27669217722655,98.54691136204582,32.961360774055834,80.74192104660818,33.28810204909752,55.771763463516834,28.47766228517571,33.888731953605486,16.899181421937158,19.474249761559633,-0.342405100199187,12.39102993028331,-15.780542269573743,10.30192581393834,-31.062456229255304,9.922019985064935,-39.43945430712273,12.29499397179751,-49.08600180223601,15.009241678078297,-58.20039434679762
89.66422880693557,123.49567426388717,87.25686129019005,122.11166835323684,80.7219228089512,108.47179677919013,93.29666939862062,89.66336466300152,116.42729378547398,84.19596436674186,135.2908982519553,56.82887411614837,123.50094114050438,35.53599359772181,99.4480377398516,33.04537724858233,81.68514809052294,33.5313033235945,56.58396758118914,28.96810514359521,34.36029178269706,17.72213206636735,19.620515178183155,0.5270158579239137,12.335689266087172,-14.871855126818275,9.951382077060828,-30.25134642895506,9.600846024832208,-38.62206211235605,11.831276476691812,-48.34961654469538,14.413580969244606,-57.50344391528711
89.82926374850541,124.389977791962,87.37831674759747,122.95339695938048,80.59038812872507,109.30317470652636,92.64719402197312,90.20482832288042,115.684973916008,84.82242089704573,135.31477757435397,57.66885227444169,124.48113508972432,35.80643011775709,100.34898755053115,33.11962108101983,82.6311358207721,33.76067333095466,57.41105962257069,29.443702111640675,34.846803160814545,18.528815288722683,19.772250713504377,1.3889717927588663,12.287863363469398,-13.963439177540693,9.624476740750083,-29.435579329196457,9.280807158095968,-37.796192934784756,11.360398132444232,-47.604711571965936,13.828271588695827,-56.79759641273438
90.0239348306556,125.28238273823735,87.52156127327441,123.79154267074648,80.46719267656835,110.13777538513881,91.99545027868504,90.74785958901066,114.92548328134609,85.4337888306294,135.3374420525434,58.51877812611605,125.45640418031218,36.08839616594719,101.24929073216839,33.18421206418242,83.5790850590875,33.97607138535676,58.25139399486301,29.904589914540736,35.34728447042096,19.31780885400451,19.928875136602585,2.2427811803775057,12.247867318803173,-13.056073298382387,9.323044322940348,-28.615244159806196,8.963762946729162,-36.962205222620696,10.884830750281935,-46.85153161909005,13.254094993323292,-56.083075076768296
90.24482694130626,126.17299149047585,87.70034206045716,124.62624937335323,80.35313401159686,110.97532069960226,91.34286402214519,91.29273572690948,114.15285638723554,86.03013587282254,135.35887331584382,59.37751329657408,126.42316426025997,36.38228617090709,102.14847722284736,33.239269990884054,84.52819662720105,34.177356800979624,59.103325105267686,30.35090527752402,35.860754093979324,20.087690527214306,20.089807216557006,3.087762496851667,12.216016228461683,-12.150536365984863,9.048919341565693,-27.790430150610973,8.651572952604624,-36.12045742407554,10.407046141432033,-46.090321421109934,12.691832640018163,-55.360103145017945
90.48852496837782,127.06190643644021,87.91156595367596,125.45770714192241,80.24900969292656,111.8155325344913,90.69086110574261,91.83973400209425,113.37112773942368,86.61152972895513,135.37905299357527,60.24391941121843,127.3778311775597,36.68849456125173,103.0460769606521,33.284914653938756,85.47767134684455,34.364388892002125,59.96520736098637,30.78278492581927,36.38623041395272,20.837038073353597,20.255677002917253,3.923235457093199,12.19262518881817,-11.247607256989511,8.803936314560303,-26.961226531437376,8.346096737595303,-35.27130798736101,9.929516117121693,-45.32132571306778,12.14226598567177,-54.6289038551123
90.75161379979016,127.94922996389295,88.15213979746119,126.2861060511757,80.15561727967327,112.65813277438065,90.04086738286611,92.38913168008213,112.58433184365805,87.17803810435686,135.39796271505787,61.11685809545173,128.31682078020373,37.00741576559602,103.94161988366653,33.32126584616066,86.42671003974988,34.53702697260297,60.8353951692207,31.200365584655174,36.9227318128041,21.56442925742374,20.462017110234683,4.7487547523896865,12.178009296245818,-10.348064848037723,8.589929759858364,-26.127722532112273,8.049193863574033,-34.415115360688844,9.454712488578139,-44.54478923000596,11.60617648717539,-53.889700444680386
91.03067832346363,128.83506446059675,88.4189704363431,127.11163617583486,80.07375433095291,113.502843303845,89.39430870690467,92.94120602639043,111.79650320568595,87.72972870435757,135.41558410961176,61.99519097467669,129.23654891618395,37.339444212554895,104.83463592997481,33.3484433603636,87.37451352764884,34.695130356961045,61.71224293717222,31.6037839792603,37.46927667299656,22.26844184442615,20.722666559050538,5.564386365063228,12.172483647117872,-9.452688015770946,8.40873419539406,-25.29000738246225,7.762723892413703,-33.552237992270705,8.98510706702848,-43.76095670696668,11.084345601420353,-53.14271615135124
91.32230342731822,129.71951231431433,88.70896471485213,127.93448759062164,80.00421840588137,114.34938600745897,88.75261093124715,93.49623430653645,111.01167633125459,88.26666923428701,135.43189880655683,62.87777967429594,130.1334314334926,37.68497433074333,105.72465503766074,33.366566989361786,88.32028263227329,34.83855835925516,62.59410507204257,31.99317683486339,38.0248833769931,22.94765359936241,21.033762425783266,6.370263491640571,12.19752847908444,-8.562177543230746,8.262184139101521,-24.448170312314005,7.488546385987263,-32.68303433031838,8.523171663699827,-42.970072878992255,10.57755478529782,-52.388174212753825
91.62307399927437,130.60267591280825,89.01902947751859,128.7548503702576,79.94780706357449,115.19748276979732,88.11719990928259,94.05449378603743,110.23388572611151,88.78892739947509,135.44688843521345,63.76348581971217,131.0038841801217,38.04440054877614,106.61295395541362,33.37582533892197,89.26321817535506,34.96717029366414,63.47933598103333,32.36868087669308,38.5885703072567,23.600642287233825,21.391441786851203,7.166519328648576,12.28044637175583,-7.6768208151446515,8.15211410891493,-23.602300551494295,7.228520906167546,-31.807862823043592,8.071378089819461,-42.172382481124885,10.086585495699183,-51.626297866517234
91.92957492725196,131.48465764384122,89.34607156887273,129.57291458946457,79.90531786314813,116.04685547543471,87.48950149439975,94.61626173041066,109.46716589600402,89.2965709052516,135.46053462490153,64.65117103632804,131.84432300406337,38.41811729526836,107.50279463430712,33.37691191457793,90.20252097862607,35.08082547436675,64.36629007134616,32.7304328299781,39.15935584625055,24.225985673041862,21.791841718672856,7.953287072613932,12.416709795563975,-6.7967689377227885,8.080358622768415,-22.752487329829762,6.984507014827443,-30.927081918658075,7.632198156614436,-41.368130248406885,9.612219189515656,-50.857310350270325
92.23839109917134,132.3655598951758,89.68699783344493,130.38887032296424,79.87754836371823,116.89722600894578,86.8709415399876,95.18181540517338,108.71555134667932,89.78966745694629,135.4728190049413,65.53969694954617,132.65116375330973,38.80651899883492,108.39410098204138,33.37074509091326,91.1373918638181,35.17938321554186,65.25332175018264,33.07856941994703,39.73625837643749,24.82226152178805,22.231099297666503,8.730699920063444,12.60156171233649,-5.922172933167644,8.048752198596219,-21.898819877147105,6.758364273839959,-30.041050065373497,7.208103675311975,-40.55756091588046,9.155237323638517,-50.08143490164224
92.54610740295271,133.24548505457471,90.03871511576557,131.20290764547826,79.86529612440057,117.74831625490526,86.26294589943512,95.7514320758429,107.97957021563496,90.26828475988901,135.4837232046528,66.42792518476926,133.4208222758529,39.21000008809068,109.2866926699109,33.35824427295836,92.06703165266293,35.262702831368244,66.1387854247443,33.41322737182861,40.33032496773359,25.388249819228633,22.705351600250538,9.498891067523857,12.830245083900934,-5.05318382368182,8.05117891304775,-21.041415185068786,6.551952245077814,-29.150125711401586,6.801566457139245,-39.74091921858792,8.716421354959039,-49.29889475826195
92.84930872651609,134.12453550980058,90.3981302603649,132.01521663172844,79.86883028839645,118.59984809788784,85.66694042613113,96.32538900793651,107.23930497795419,90.73249051940957,135.49322885335602,67.31471736739996,134.14971441968504,39.62895499165063,110.18038936920999,33.34032886574346,92.990641351168,35.33064363602472,67.02103550223285,33.73454341085147,40.971567283201296,25.924676331877436,23.210735702843408,10.257993711522033,13.098002872084976,-4.189952631467804,8.068232248407753,-20.180638976505577,6.367130490414013,-28.254667304954125,6.415058313323357,-38.91844989157147,8.296552740368554,-48.50991315775843
93.14457995778179,135.00281364861604,90.76215011177322,132.82598735643631,79.88717929067701,119.45154342246815,85.08435097346455,96.90396346697139,106.49093725997835,91.18235244083769,135.50131758037122,68.19893512284096,134.83425603279812,40.06377813812969,111.07501075123315,33.31791827429885,93.91108239856266,35.3830649436901,67.89842638984987,34.0426542622443,41.65775651859087,26.433353270036548,23.743388681863394,11.008141048584605,13.400078038716117,-3.3326303787281404,8.09837711436694,-19.31698811810088,6.2057585717214465,-27.355033294242787,6.051051055091477,-38.090397669873425,7.896412936758338,-47.71471333776077
93.42850598466981,135.88042185878373,91.12768151452093,133.6354098943238,79.92020929863617,120.30312411322097,84.51660339482441,97.48743271846496,105.73446371210827,91.6179382295033,135.50797101501843,69.07944007649485,135.4708629631843,40.51486395614273,111.9703764872749,33.29193190365493,94.83164897488876,35.419826068543216,68.76931249479696,34.33769665123572,42.384810205576684,26.916104679374996,24.299447613729058,11.74946627523849,13.731713545622029,-2.4813680876653166,8.141019095391698,-18.450960655488302,6.069696050872949,-26.451582127479355,5.712016493670831,-37.257007288536045,7.516783401019552,-46.913518535897936
93.6978531120647,136.75746252806624,91.49163131313838,134.44367432011245,79.96784034415481,121.15431205472083,83.96512354359947,98.07607402793434,104.96988098474509,92.03931559073618,135.51317078661776,69.95509385376437,136.05595105883577,40.98260687430479,112.86630624862954,33.263289158841985,95.75234203826147,35.44078632476288,69.63438942765782,34.61980730305447,43.14864587583298,27.374754605561634,24.87504957485868,12.482102588010378,14.088152354630267,-1.6363167804818772,8.195563775948187,-17.58305463430173,5.960802489741411,-25.544672252875444,5.400426440288527,-36.418523482601586,7.158445590043641,-46.1065519897989
93.96097975188565,137.63403804422632,91.85090635215585,135.25097070852405,80.02999245911394,122.00482913154258,83.43133727317871,98.67016466089689,104.19718572829021,92.44655222986609,135.51689852448936,70.8247580800521,136.5859361677446,41.46740132123068,113.76261970659158,33.232909444890254,96.67316254679594,35.44580502652792,70.5022250760814,34.88912294292919,43.94518106103402,27.811127094265373,25.466331641670592,13.206183183427015,14.464637427568505,-0.7976274793803668,8.261416740502682,-16.713768100175002,5.880937450199781,-24.634662118642837,5.118752706171676,-35.57519098711231,6.82218096072171,-45.2940369370927
94.22396899115455,138.5102507950266,92.20241347610357,136.05748913428033,80.1065856753944,122.85439722826078,82.91667043695111,99.2699818828699,103.41637459314455,92.83971585222287,135.51913585795324,71.68729438076082,137.05723413790275,41.96964172553544,114.65913653245553,33.201712166830134,97.59411145860719,35.434741488017096,71.37379774568825,35.1457802960885,44.77033329285399,28.227046191155125,26.069430890583305,13.921841258015263,14.856411726264241,0.03454879343672701,8.337983573521512,-15.843599098741777,5.831960494120949,-23.72191017299332,4.86946710254756,-34.72725453711041,6.501723109546731,-44.476196615408355
94.48681732825622,139.3862031682296,92.54305952951216,136.86341967210285,80.19754002487724,123.70273822945012,82.42254888830547,99.87580295937056,102.6274442297094,93.21887416313632,135.5198503987105,72.54156438129303,137.4662608173025,42.489722515833876,115.55567639751558,33.170616729691915,98.5151897318105,35.407455023409284,72.2491188446466,35.38991608776115,45.62002010296726,28.6243359418998,26.680484398015153,14.629210008301868,15.258718212545148,0.8600610157668029,8.424669859470953,-14.973045675636001,5.815722739330226,-22.80677486413856,4.655041440643288,-33.87495886763833,6.183860900412981,-43.6532542623749
94.74952126157535,140.26199755159809,92.86975135691165,137.6689523967135,80.3027755394433,124.54957401968534,81.95039848063078,100.48790515591622,101.83039128838578,93.58409486793624,135.48605146139,73.38642970705155,137.80943205393595,43.02803812074103,116.45205897306647,33.14054253850583,99.4363983245209,35.36380494688325,73.1281997811248,35.62166704317576,46.49015902304808,29.004820392168313,27.295629240384528,15.328422630813577,15.666799848238838,1.6787581654074302,8.520881182817277,-14.102605876491282,5.815775244127963,-21.889614640290233,4.47794753168597,-33.018548713738085,5.868678887516978,-42.82543311562125
95.01207728949652,141.1377363328947,93.17939580283252,138.47427738283392,80.42221225097353,125.39462648354112,81.49646356871642,101.10656573802413,101.02521241957487,93.93544567195244,135.3887332704781,74.22075198343896,138.08527579891137,43.58498296887183,117.34810393040237,33.11240899830233,100.35773819485354,35.30365057261781,74.01105196329115,35.84116988756102,47.3766675847707,29.370323587629628,27.91100249410988,16.019612322077194,16.075899595172814,2.4904892201560074,8.626023128026702,-13.232777746941565,5.816129304829758,-20.97078794966012,4.340657186902831,-32.15826881045217,5.556622643185733,-41.99295641277655
95.2744819104044,142.01352189988205,93.47172746658038,139.27958470518575,80.55577019134893,126.23761750559214,81.04792646862404,101.73206197121158,100.21190427367793,94.27299428051475,135.22989910701125,75.0433928358579,138.33820717108443,44.160951488841135,118.24363094081781,33.087135514111594,101.2792103009237,35.22685121479185,74.89768679931393,36.04856134614562,48.275463319809376,29.7226695739526,28.522741235609487,16.702912278619408,16.481260415174802,3.2951031578101038,8.739501279565559,-12.364059332620513,5.817079957046587,-20.050653240459894,4.245642217521038,-31.294363892822673,5.248137739746312,-41.15604739146971
95.53673162268382,142.88945664032275,93.76072281235014,140.08506443849075,80.70336939245038,127.07826897041303,80.60432642688602,102.36467112099581,99.3904635010959,94.59680839895299,135.0115522520261,75.85321388971107,138.5869113269344,44.75633810926388,119.1384596756073,33.06564149096397,102.20081560084628,35.13326618758413,75.78811569736143,36.24397814415812,49.18246375983841,30.0636823968062,29.126982541301743,17.378455696967137,16.878125270072303,4.092448956167061,8.860721221900121,-11.496948679162017,5.818922236389483,-19.129568960901395,4.1953744347677,-30.427078695891964,4.943669749525611,-40.31492928932971
95.79882292471933,143.76564294197948,94.04872064884722,140.89090665747068,80.86492988615879,127.91630276257848,80.16591300856248,103.00467045289406,98.56088675223015,94.90695573259688,134.73569598655928,76.64907677040117,138.83092357908885,45.37153725875504,120.03240980606523,33.048846333889855,103.12255505273657,35.022754805173406,76.68235006560201,36.42755700682733,50.09358643653201,30.395186101859338,29.719863487605153,18.046375773647014,17.267492288457674,4.882375593024449,8.989088539496663,-10.631943832199738,5.821951178469362,-18.207893559196236,4.173467645585333,-29.556657954702246,4.643664244850584,-39.46982534398569
96.06075231489564,144.64218319261488,94.33570257227035,141.6973014368471,81.04037170435515,128.75144076666322,79.73293577871362,103.65233723242369,97.72317067748173,95.20350398677635,134.40433359164734,77.42984310333077,139.0697792401756,46.006943365929544,120.92530100348603,33.03766944791943,104.0444296147096,34.89517638173862,77.58040131220395,36.599434659381814,51.00474888156447,30.71900473478081,30.2977344359648,18.7068057051859,17.6719792171707,5.664732046179722,9.124008816821458,-9.769542837367624,5.826461818897201,-17.285985483556146,4.152671954312211,-28.683346404295833,4.348566798048353,-38.62095879306662
96.32251629159742,145.51917977999165,94.62165017881802,142.50443885134194,81.22961487892042,129.58340486724188,79.30564430239963,104.30794872510188,96.8773119272517,95.48652086682114,134.01946834832705,78.19437451390257,139.30301362282256,46.662950859402315,121.81695293916408,33.033030238083086,104.96644024488063,34.75039023145848,78.48228084533554,36.75974782705032,51.9118686266101,31.0369623412397,30.875028060982913,19.359878688110598,18.094211574984115,6.439367293430337,9.264887638340724,-8.910243740299336,5.83274919328403,-16.36420318219291,4.13272376970491,-27.807388779714927,4.058822981445758,-37.76855287420142
96.58411135320938,146.3967350918723,94.90654506468883,143.31250897567674,81.43257944173541,130.41191694888926,78.88428814468057,104.97178219644599,96.02330715194131,95.75607407806103,133.58310353763494,78.94153262751928,139.53016203965723,47.33995416778822,122.70718528439392,33.03584810941112,105.88858790136482,34.588255668511806,79.38800007316507,36.90863323506147,52.81086320334316,31.350882966904805,31.46227360578257,20.00572791894774,18.53391046382285,7.206130312573805,9.411130588520848,-8.054544586628765,5.841108337240712,-15.442905103318196,4.113630232182231,-26.929029816001844,3.7748783673698085,-36.91283082501917
96.8455339981162,147.2749515160196,95.1903688260814,144.1217018845732,81.6491854246812,131.23669889617986,78.46911687061674,105.64411491197325,95.16115300195173,96.01223132582584,133.09724244060766,79.67017906958353,139.75075980330763,48.0383477197023,123.59581771046982,33.04704246693382,106.81087354227708,34.40863200707747,80.29757040386096,37.0462276086439,53.69765014343784,31.66259065744515,32.05934676900739,20.644486594224247,18.990796985611723,7.964870081407582,9.56214325182799,-7.202943421989573,5.851834286378278,-14.522449695143735,4.095398482163034,-26.048514248198842,3.497178528147515,-36.05401588314885
97.10678072470267,148.15393144019612,95.47310305919433,144.9322076527531,81.87935285963863,132.0574725936885,78.06038004526823,106.3252241372009,94.290846127684,96.25506031544546,132.56388833828186,80.37917546549795,139.96434222640124,48.75852594375942,124.48266988868642,33.06753271568152,107.73329812573269,34.2113785613343,81.21100324559137,37.17266767302635,54.56814697856851,31.973909458529533,32.66612324930122,21.276287910466806,19.464592242275558,8.715435577729124,9.717331212728482,-6.355938292015651,5.865222076307759,-13.603195405881308,4.078035660066234,-25.166086811348123,3.22616903610583,-35.192331286219485
97.36784803135316,149.0337772521645,95.75472936022612,145.74421635493815,82.12300177848869,132.87395992598982,77.65832723369527,107.01538713764631,93.4123831795394,96.48462875224959,131.98504451169396,81.0673834406652,140.1704446215661,49.500883268574455,125.367561490338,33.098238260684525,108.6558626098469,33.996354645461,82.12831000652466,37.28809015343751,55.418271240409354,32.28666341582692,33.28247874530763,21.90126506420222,19.955017335739342,9.457675779335887,9.876100055688596,-5.514027242340717,5.881566742639961,-12.685500683742589,4.061548906310634,-24.28199224049206,2.9622954635717633,-34.328000271860105
97.62873241645269,149.9145913396875,96.0352293253755,146.55791806585,82.38005221311226,133.6858827776585,77.26320800095795,107.71488117882666,92.52576080791897,96.70100434156808,131.36271424188084,81.73366462048796,140.3686023014297,50.26581412276249,126.25088518786987,33.14007850697317,109.57856795273455,33.7634195736365,83.04950209482917,37.39263177510594,56.24420821184174,32.60267657500623,33.9082889556704,22.51955125195724,20.46179336792784,10.191439664025438,10.044811391689905,-4.677708318598604,5.901163320986029,-11.769723976939247,4.045945361315091,-23.396475270672738,2.706003382872268,-33.46124607769974
97.88943037838573,150.79647609052762,96.31458455084095,147.37350286021046,82.65042419539031,134.49296303326918,76.87527191211649,108.42398352625924,91.63097566322386,96.90425478873078,130.69890080987892,82.37688063036893,140.55835057861992,51.05371293493829,127.13318393922333,33.19397285957774,110.5014151125111,33.512432660039565,83.97459091867313,37.486429263260334,57.05931857281041,32.92377298173636,34.543429579033216,23.13127967025872,20.984641440765984,10.91657620959512,10.250994720481629,-3.847479566423033,5.924306846956824,-10.856223733683123,4.031232165498409,-22.50978063693259,2.457738366334354,-32.59229194136731
98.14993841553706,151.67953389244758,96.5927766328212,148.1911608127411,82.93403775720378,135.29492257739662,76.49476853223103,109.14297144546134,90.72802439585524,97.09444779906744,129.99560749672497,82.99589309571076,140.7392247657645,51.864974133716885,128.01447090641267,33.260840723528474,111.42440504729149,33.24325321884896,84.9035878862249,37.56961934312943,57.87291779912465,33.251776681686295,35.18777631403981,23.7365835156333,21.52328265617865,11.632934393842561,10.49560681312505,-3.023839031447892,5.9512923561633215,-9.945358402185832,4.017416459279559,-21.622153074313815,2.217945986285031,-31.72136110049189
98.41025302629129,152.56386713320995,96.86978716751463,149.01108199816372,83.23081293043361,136.0914832946155,76.12194742636183,109.87212220195028,89.81690365621427,97.2716510779079,129.2548375834554,83.58956364191602,140.91076017549113,52.6999921477132,128.8947591991726,33.34160150385583,112.34753871519086,32.95574056424363,85.83650440565282,37.64233873994186,58.68501979829642,33.58851172052488,35.841204859333914,24.33559598460789,22.077438116090605,12.3403631945651,10.776412134600093,-2.2072847593069014,5.982414884216553,-9.037486430659158,4.004505383077344,-20.733837317858672,1.987071815051138,-30.848676792702463
98.6703707090332,153.4495782005775,97.14559775112008,149.83345649119997,83.5406697469607,136.8823670695004,75.75705815956894,110.61171306124322,88.89761009470209,97.43593233058198,128.47859435110712,84.15675389438746,141.07249212042763,53.55916140554211,129.77406192723782,33.43717460559003,113.27081707432438,32.64975401040226,86.77335188512512,37.70472417892631,59.4956384778377,33.93580214392102,36.503590913559094,24.92845027370919,22.646828922426835,13.03871158956025,11.09117514988668,-1.398314795633894,6.017969466727379,-8.132966267314885,3.9925060773105656,-19.845078102609477,1.7655614249598557,-29.974462255628055
98.93028796214736,154.33676948231272,97.42018997983592,150.65847436657162,83.86352823866599,137.66729578662614,75.40035029691256,111.36202128885753,87.97014036171987,97.5873592624194,127.66888108071652,84.69632547852774,141.2239559132018,54.442876335818596,130.65239220034306,33.54847943376137,114.1942410828072,32.32515287150375,87.7141417328101,37.75691238531141,60.3047877452604,34.29547199754364,37.1748101753592,25.515279579463936,23.231176177112104,13.727828556625525,11.437660323964622,-0.597427186062589,6.05825113930689,-7.23215636036457,3.9814256823981395,-18.956120163608375,1.5538603883379665,-29.098940726897695
99.19000128401848,155.22554336617839,97.69354544986078,151.48632569900036,84.19930843743049,138.44599133056732,75.05207340345294,112.12332415031045,87.03449110766866,97.72599957875008,126.82770105332037,85.20714001973954,141.36468686644122,55.35153136715758,131.52976312822324,33.6764353934002,115.11781169875445,31.981796461726844,88.65888535687617,37.79904008432584,61.112481508076485,34.669345327061706,37.8547383433779,26.096217098398995,23.830200982071347,14.407563073558379,11.81363212181384,0.19488002377318026,6.1035549375660025,-6.335415158020055,3.971271338758868,-18.067208235897738,1.3524142775125938,-28.222335444140356
99.44950717303135,156.11600223993707,97.96564575739336,152.3172005632079,84.54793037513502,139.21817558589862,74.71247704425014,112.89589891111922,86.09065898294972,97.85192098490376,125.9570575499551,85.68805914342545,141.49422029277383,56.28552092817392,132.40618782061296,33.821961889536794,116.04152988028119,31.619544095250376,89.60759416549149,37.83124400119834,61.91873367379793,35.05924617814412,38.54325111625883,26.671396027041055,24.44362443922944,15.077764118156267,12.2168550084142,0.9781087882396378,6.154175897115692,-5.443101108493067,3.962050186811666,-17.178587054519767,1.1616686648106338,-27.344869644985067
99.70880212757055,157.00824849135148,98.23647249863228,153.15128903391587,84.9093140836606,139.98357043719471,74.38181078436435,113.68002283680119,85.13864063796416,97.96519118621023,125.05895385165746,86.13794447498816,141.61209150482722,57.245239447482675,133.28167938724704,33.98597832720151,116.96539658550267,31.23825508625316,90.56027956682448,37.85366086115744,62.72355814993665,35.466998596459746,39.240224192645826,27.240949561916977,25.071167650511256,15.738280668216703,12.645093448745513,1.7517610617030073,6.2104090535668774,-4.555572659995278,3.9537693669753367,-16.29050135451672,0.9820691225591531,-26.4667665670608
99.96788264602066,157.90238450818418,98.50600726977592,153.9887811858461,85.28337959488812,140.74189776903034,74.06032418885582,114.47597319287354,84.17843272311313,98.06587788799942,124.13539323946412,86.55565763983032,141.7178358152293,58.23108135369864,134.15625093786008,34.169404111424626,117.88941277253406,30.83778874891408,91.51695296904342,37.86642738943192,63.52696884400456,35.89442662767755,39.945533271182455,27.80501089955345,25.712551717841563,16.388961701537085,13.096111907787702,2.5153387985294557,6.27254944253059,-3.6731882607384705,3.946436019668738,-15.403195870930915,0.8140612230850479,-25.588249447996645
100.22674522676658,158.79851267819782,98.774231667023,154.82986709372022,85.67004694069857,141.49287946598014,73.74826682278461,115.28402724485363,83.21003188879774,98.154048795601,123.1883789944115,86.94006026335461,141.81098853660768,59.24344107543686,135.02991558218702,34.373158647236494,118.81357939949027,30.41800439741189,92.4776257803166,37.86968031125042,64.32897966351373,36.343354317466435,40.65905405051251,28.36371323647728,26.36749774314535,17.02965619591498,13.567674850520632,3.268343953085264,6.340892099617804,-2.7963063589343164,3.940057285310729,-14.516915338804552,0.658090538715328,-24.70954152542157
100.4853863681929,159.69673538915515,99.04112728657213,155.67473683225995,86.06923615297285,142.23623741261883,73.44588825121099,116.1044622582587,82.23343478541915,98.22977161434483,122.21991439753646,87.29001397096368,141.89108498159015,60.282713041312206,135.90268642996256,34.59816133966734,119.73789742448668,29.978761345925363,93.44230940881226,37.86355635184157,65.12960451597598,36.815605711495266,41.38066222927972,28.91718976921527,27.035726828347435,17.66021312914785,14.05754674192417,4.010278479736655,6.4157320604394386,-1.9252854027945432,3.934640304320226,-13.631904493179945,0.5146026417769463,-23.830866036964494
100.7438025686842,160.5971550288187,99.30667572462181,156.52358047618702,86.48086726359185,142.97169349352106,73.15343803919507,116.937555498606,81.24863806337856,98.2931140495607,121.23200272987543,87.60438038806024,141.95766046280454,61.349291679939654,136.7745765909214,34.845331593747574,120.66236780563821,29.51991890863337,94.41101526269887,37.8481922364341,65.92885730890339,37.31300485543301,42.11023350612771,29.465573694294164,27.716960075372697,18.280481479033085,14.563492046978183,4.74064433284974,6.497364360606468,-1.0604838405308783,3.930192217115973,-12.748408069099355,0.38404310459696944,-22.952446220254558
101.00199032662528,161.49987398495114,99.57085857737076,157.3765881002231,86.90486030443657,143.69896959326155,72.87116575179704,117.78358423141282,80.25563837307703,98.34414380657847,120.22664727246519,87.8820211400469,142.01025029287854,62.443571419934074,137.6455991747983,35.11558881450742,121.58699150106025,29.041336399714737,95.38375475014453,37.823724690256654,66.7267519498078,37.83737579494863,42.84764357970022,30.00899820824077,28.410918586145954,18.89031022336826,15.083275230662593,5.4589434667907994,6.586084035729925,-0.20226012035504937,3.9267201641168867,-11.866670801604982,0.2668574995022368,-22.074505312920735
101.25994614040081,162.40499464531513,99.83365744101746,158.23394977908987,87.3411353073879,144.41778759641488,72.59932095407703,118.64282572219639,79.25443236491577,98.38292859072789,119.20585130634214,88.12179785232632,142.04838978443985,63.56594668991039,138.5157672913279,35.40985240697722,122.51176946886761,28.542873133348223,96.36053927931772,37.79029043853791,67.5233023462012,38.390542575710924,43.592768148640914,30.547596507581773,29.11732346259214,19.489548339950773,15.614660757957154,6.164677835926,6.682186121420727,0.6490273095211592,3.9242312857418256,-10.9869374257392,0.16349139881987185,-21.197266552592055
101.51766650839551,163.3126193976733,100.09505391176066,159.09585558750916,87.78961230432685,145.1278693875559,72.33815321109529,119.51555723647408,78.24501668929588,98.4095361073388,118.17161811254306,88.3225721503012,142.0716142501164,64.71681191848359,139.3850940502452,35.72904177618733,123.43670266717567,28.024388423712708,97.34138025838666,37.748026206506495,68.31852240559562,38.974329243388866,44.34548291159359,31.081501788844037,29.835895806636074,20.078044806578134,16.1554130938419,6.857349394621622,6.78596565328985,1.4930200008861334,3.9227327224096484,-10.109452676544151,0.07439037487682754,-20.32095317689749
101.77514792899393,164.2228506297883,100.35502958579872,159.9624956002026,88.25021132713425,145.82893685125913,72.08791208791189,120.40205603976307,77.22738799661857,98.424034061741,117.12595097210459,88.48320565937416,142.07945900253566,65.89656153426859,140.25359256128473,36.07407632716803,124.36179205409957,27.485741584986954,98.32628909551971,37.6970687193911,69.11242603550289,39.59055984365142,45.10566356720193,31.610847248554307,30.56635672020269,20.6556486010478,16.703296703296587,7.536460097243889,6.897717666948267,2.329359505528089,3.9222316145391574,-9.234461289062153,0,-19.445788423466013
