1,,2,,3,,4,,5,,6,,7,,8,,9,,10,,11,,12,,13,,14,,15,,16,
83.17836010143685,45.47861276266133,78.51225697379527,31.277429330708742,60.65934065934073,12.61301682014232,49.56889264581571,11.260523159956279,43.61792054099749,16.467623751672306,39.62806424344865,26.476076837048424,36.58495350803048,33.441419187006204,28.672865595942426,41.35350709909403,22.248520710059097,50.753338037386584,19.340659340659386,59.341672779567546,16.162299239222307,67.45663474068337,12.781065088757146,74.28672772462247,7.912087912087941,80.23769982944071,5.071851225697515,86.59442003231476,2.502113271344001,90.04327886578889,0,94.16838452935608
83.59083139323036,44.76636424530807,79.20919814903289,30.936008162096073,61.44456001642493,12.666963829566157,50.300651422433816,10.698912066440357,44.27663369903212,16.224183517888775,40.06425681051326,25.94584942514831,37.005515133222275,32.88343543758873,29.175950382355154,40.7464663005303,22.77923574747399,50.20203969641881,19.78968153796916,58.745025916165616,16.56041424921898,66.79366198058759,13.201175813986879,73.61223589507455,8.45028571108412,79.63009404753609,5.618270512847971,85.98284152432046,3.0764078174410088,89.4306917969441,0.5930643375996851,93.60053927010537
84.00264600198636,44.054775833526946,79.90200116311416,30.590236451263195,62.22899817245536,12.7189070062214,51.03431314150782,10.16427150600532,44.9369695930053,15.962761232513287,40.50530411453076,25.406123884168323,37.427713353393756,32.31648481337237,29.677881799497413,40.13834480611524,23.307184021743865,49.646315471700404,20.23648463281245,58.143460396330454,16.957517549128283,66.12868583660716,13.619541990889502,72.93586660311604,8.985396297053626,79.01894743951988,6.161491441756539,85.36813705184528,3.6475124593902137,88.81689581004318,1.1826988330991526,93.03054502995442
84.41380050340013,43.34382141332645,80.59064661258662,30.240104850822945,63.012652912832436,12.768729862679209,51.7698576914587,9.655989083792576,45.59890959306563,15.684103788439302,40.9511389059287,24.857354027963652,37.85153745679702,31.740899821821245,30.178662765414515,39.52915062112419,23.83234489375775,49.08624150309225,20.68106357504496,57.5370894311622,17.353603732812076,65.46174268106938,14.036160707241379,72.25764817471588,9.517347395660295,78.40429727780199,6.701470795889804,84.75033385386186,4.2154087710059684,88.20186325157036,1.7688654040223355,92.45838722306189
84.82429147316645,42.63347487071502,81.2751150939979,29.88560401338799,63.795522022956675,12.816315911510685,52.50726496070786,9.173452404943475,46.26243506936146,15.388958078560165,41.40169393513452,24.29999367038937,38.27697673168393,31.157012970399364,30.678296198151656,38.918891750832586,24.354697724404787,48.521893930455235,21.12341331452194,56.92602623176083,17.748667394131985,64.7928688863015,14.451029050819102,71.57760893584307,10.046066732567624,77.78618083479236,7.238165358714696,84.12945916934291,4.780078326102625,87.58556646800997,2.351525967892826,91.88405126358637
85.23411548698061,41.92371009170114,81.95538720389561,29.526724591571224,64.5776032882286,12.861548665286819,53.24651483767616,8.716049074599482,46.92752739204104,15.078070995769338,41.85690195257587,23.734496625300665,38.70402046630659,30.565156766570738,31.176785015754376,38.30757620051577,24.87422187457389,47.9533488936504,21.563528801098983,56.31038400922631,18.142703126949755,64.12210082463088,14.864144109399263,70.89577721246656,10.571482033439679,77.16463538290085,7.771531913697913,83.50554023726113,5.341502698494537,86.96797780584626,2.930642442234557,91.30752256568653
85.64326912053752,41.2145009622933,82.63144353882706,29.163457237985426,65.35889449404874,12.904311636578768,53.98758721078502,8.283166697901947,47.59416793125274,14.752189432960222,42.316695708680186,23.161316706552668,39.13265794891686,29.965663717799316,31.674132136267872,37.695211975449126,25.39089670515432,47.38068253253857,22.001404984631677,55.69027597465873,18.535705525127014,63.4494748683847,15.275502970758339,70.2121813305553,11.093521023939957,76.53969819453744,8.301527244306385,82.87860429658917,5.899663461995829,86.34906961156352,3.506176744571235,90.72878654352095
86.05174894953223,40.505821368499994,83.30326469533986,28.795792605243435,66.13939342581762,12.944488337957637,54.73046196845553,7.874192879992279,48.26233805714514,14.412060283026165,42.78100795387513,22.580907728000568,39.56287846776672,29.358866331549223,32.170340477737454,37.08180708090799,25.904701577035098,46.80397098698069,22.4370368149755,55.065815339158064,18.927669182525506,62.77502738989028,15.685102722673037,69.52684961607827,11.612111429732295,75.91140654211193,8.828108134006811,82.24867858629975,6.454542190420966,85.72881423164597,4.078090792426451,90.14782861124834
86.45955154965986,39.797645196329654,83.97083126998177,28.423721345957915,66.91909786893575,12.981962281994413,55.47511899910876,7.488515226011884,48.9320191398665,14.058430438860626,43.24977143858814,21.99372350349944,39.99467131110805,28.745097115284466,32.66541295820855,36.46736952216776,26.415615851105144,46.223290396837626,22.87041924198593,54.437115313824336,19.31858869300686,62.09879476147489,16.092940452919834,68.83981039500443,12.127180976480531,75.27979769803429,9.351231366266006,81.61579034536553,7.006120457584302,85.10718401257796,4.646346503324253,89.56463418302724
86.86667349661536,39.08994633179071,84.63412385929996,28.04723411274182,67.69800560880356,13.016616981260313,56.22153819116602,7.125521341102228,49.603192549565165,13.692046793356951,43.72291891324687,21.400217846904468,40.428025767192935,28.124688576469055,33.15935249572635,35.85190730450381,26.9236188882536,45.63871690197038,23.301547215518553,53.80428910975763,19.708458650432817,61.42081335546578,16.499013249275208,68.15109199330277,12.638657389848277,74.64490893471444,9.870853724550784,80.97996681275922,7.554379837299962,84.4841513008437,5.210905794788232,88.97918867301635
87.27311136609387,38.38269866089172,85.29312305984229,27.66632155820787,68.47611443082155,13.048335948326326,56.96969943304839,6.7845988304046045,50.27583965638951,13.313656239408601,44.20038312827876,20.800844572070787,40.862931124273246,27.497973222566998,33.65216200833618,35.23542843319149,27.428690049369607,45.05032664223984,23.730415685428852,53.16744993805787,20.097273648665123,60.741119544190326,16.903318199515752,67.46072273694222,13.146468395499369,74.00677752456221,10.386931992327959,80.3412352274535,8.099301903382297,83.8596884429275,5.7717305843420945,88.39147749537426
87.67886173379043,37.67587606964116,85.94780946815615,27.280974334968846,69.25342212039027,13.07700269576361,57.719582613176954,6.465135299060478,50.949941830488,12.924005669908922,44.68209683411146,20.196057492853583,41.29937667060108,26.86528356104236,34.143844414083446,34.617940913506175,27.930808695342193,44.45819575750687,24.157019601572188,52.526711009825135,20.48502828156529,60.05974969997567,17.305852391418057,66.76873095189174,13.650541719097532,73.3654407399876,10.899422953064345,79.69962282842104,8.640868229645662,83.23376778531363,6.3287827895097735,87.80148606425962
88.08392117539995,36.96945244404742,86.59816368078907,26.891183095637587,70.02992646291023,13.102500736143213,58.471167619973016,6.166518352211256,51.62548044200901,12.523841977751317,45.167992781172416,19.586310423107932,41.7373516944283,26.226952099359096,34.63440263101336,33.99945275072321,28.42995418706039,43.862400387632476,24.581353913804264,51.882185536159454,20.871717142995294,59.37674019514918,17.7066129127586,66.07514496412031,14.150805086306491,72.72093585340045,11.408283390226643,79.05515685463453,9.179060389904407,82.60636167448635,6.882024327814861,87.20919979383109
88.4882862666177,36.26340167011898,87.24416629428868,26.49693849282687,70.80562524378195,13.124713582036179,59.22443434185766,5.888135594998346,52.30243686110089,12.113912055829246,45.65800371988928,18.97205717668902,42.176845484006776,25.583311344981325,35.12383957717134,33.37997195011803,28.92610588541322,43.26301667247748,25.00341357198056,51.2339867281608,21.257334826816532,58.692127402038125,18.105596851313976,65.3799930995969,14.64718622278997,72.07330013721068,11.91347008728178,78.40786454506667,9.713859957972772,81.97744245692994,7.4314171167811764,86.61460409824721
88.89195358313862,35.55769763386439,87.88579790520248,26.09823117914948,71.58051624840596,13.143524746013668,59.979362667252076,5.629374632563099,52.98079245791189,11.694962797036055,46.15206240068949,18.35375156745198,42.617847327588606,24.934693805373,35.6121581706027,32.75950651696593,29.419243151289834,42.66012075190292,25.42319352595655,50.58222779692926,21.641875926890975,58.005947692969755,18.502801294860774,64.68330368429048,15.139612854211805,71.42257086382818,12.414939827696458,77.75777313869014,10.24524850766511,81.34698247912868,7.976923073932539,86.0176843916667
89.2949197006576,34.85231422129209,88.523039110078,25.69505180721825,72.35459726218266,13.158817740646725,60.73593248457746,5.389623070046923,53.6605286025906,11.267741094265148,46.65010157400059,17.731847409251998,43.06034651342566,24.28143198799819,36.09936132935263,32.13806445654234,29.90934534557914,42.05378876576958,25.840688725587825,49.927021953564804,22.02533503708014,57.31823744027133,18.898223331175586,63.98510504417001,15.628012706235722,70.7687853056629,12.912649394937489,77.10490987447764,10.773207612795659,80.71495408756684,8.518504116792656,85.41842608824817
89.69718119486993,34.147225318410506,89.15587050546264,25.28739102964596,73.12786607051271,13.17047607850651,61.494123682254894,5.168268512591226,54.34162666528539,10.832993840409927,47.15205399025024,17.10679851594415,43.50433232977002,23.62385840032084,36.58545197146668,31.515653774122597,30.396391829170398,41.444096853938504,26.25589412072975,49.26848240916746,22.407706751245655,56.62903301627017,19.291860048034778,63.285425505204444,16.112313504525446,70.11198073512472,13.406555572471689,76.44930199140182,11.297718847178771,80.08132962872867,9.056122162885345,84.8168146021502
90.09873464147063,33.44240481122819,89.78427268790426,24.875239499045392,73.90032045879639,13.178383272164012,62.25391614870546,4.964698565337471,55.0240680161445,10.391467928363852,47.657852399865874,16.47905870138368,43.94979406487357,22.96230554980508,37.07043301498993,30.892282474982096,30.880361962952634,40.83112115627051,26.668804661237914,48.60672237483726,22.78898566324949,55.93837079329353,19.683708533215167,62.58429339336277,16.592442974744813,69.45219442462354,13.896615143765985,75.79097672843542,11.8187637846288,79.44608144909847,9.589739129734312,84.2128353475315
90.49957661615463,32.73782658575351,90.40822625395003,24.458587868029326,74.67195821243445,13.182422834190334,63.01528977235057,4.778300833426954,55.70783402531629,9.94391025102027,48.16742955327504,15.849081779425603,44.39672100698829,22.297105943914914,37.554307377967916,30.267958564396224,31.361235107814878,40.2149378126266,27.079415296967795,47.941855061674175,23.16916636695305,55.246287143668724,20.073765874493006,61.881737034613934,17.06832884255732,68.78946364656926,14.38278489228685,75.12996132455106,12.336323998959983,78.80918189516052,10.119316934863264,83.60647373855065
90.89970369461696,32.03346452799502,91.02771180014781,24.0374267892106,75.4427771168273,13.182478277156633,63.7782244416112,4.608462922001195,56.39290606294935,9.491067701272584,48.6807182009054,15.217321563925225,44.845102444366034,21.628592090114296,38.037077978445836,29.642690047640258,31.838990624646044,39.595622962867594,27.487720977774984,47.27399368077829,23.548243456218188,54.552818439722955,20.462029159645112,61.17778475492685,17.539898833627035,68.12382567337178,14.86502160150144,74.46628301872147,12.850381063986674,78.17060331339908,10.644817495796133,82.99771518936626
91.29911245255278,31.329292523961158,91.64270992304489,23.611746915202048,76.21277495737547,13.1784331136339,64.54270004490854,4.454572436201488,57.07926549919193,9.033687172014197,49.19765109318439,14.584231868737561,45.29492766525891,20.95709649586729,38.518747734469,29.016484929989645,32.3136078743355,38.973252746854484,27.893716653514844,46.60325144324963,23.926211524906535,53.85800105378354,20.84849547644785,60.47246488027059,18.007080673617452,67.45531777744105,15.34328205487634,73.79996904991933,13.360916553523111,77.53031805029843,11.166202730056511,82.38654511413702
91.69779946565711,30.625284459660406,92.25320121918901,23.181538898616395,76.98194951947937,13.170170856193295,65.30869647066379,4.316016981169298,57.7668937041924,8.572515556138512,49.71816098053955,13.950266507717743,45.7461859579189,20.282951668637963,38.999319564082725,28.389351216719774,32.785066217772055,38.34790330444821,28.297397274043078,45.92974156018818,24.303065166879833,53.16187135817779,21.233161912677815,59.76580573661403,18.469802088192523,66.78397723118692,15.817523035878366,73.13104665711731,13.867912041383647,76.88829845234284,11.683434555168219,81.77294892702153
92.09576130962489,29.92141422110126,92.85916628512757,22.746793392066422,77.75029858853952,13.157575017405918,66.07619360729814,4.192184162046033,58.45577204809911,8.10829974653899,50.242180613398546,13.315879294721071,46.19886661059775,19.606490115890267,39.47879638533243,27.761296913105923,33.25334501584484,37.71965077550959,28.698757789215165,45.25357724269395,24.678798975999825,52.46446572523297,21.61602555611171,59.057835649926176,18.92799080301586,66.10984130701934,16.287701327974332,72.45954307928812,14.371349101382634,76.2445168660166,12.196474888654961,81.15691204217842
92.49299456015137,29.21765569429209,93.46058571740821,22.307501048165022,78.51781994995656,13.14052910984276,66.84517134323266,4.082461583972986,59.145881901060534,7.641786636108918,50.76964274218881,12.681524043602508,46.65295891154767,18.928044345088324,39.957181116263314,27.13233002442354,33.71842362944301,37.08857129989963,29.097793148886467,44.57487170186698,25.053407546128028,51.765820527276276,21.997083494525782,58.34858294617601,19.3815745437513,65.43294727734818,16.753773714631166,71.78548555540445,14.871209307334311,75.59894563780395,12.705285648040672,80.53841987376634
92.88949579293148,28.513982765241508,94.05744011257843,21.863652519524862,79.2845113891309,13.118916646075036,67.61560956688857,3.9862368520917357,59.83720463322504,7.173723117741758,51.300480117337884,12.047654568217354,47.10845214902042,18.24794686369603,40.43447667492069,26.50245855594801,34.18028141945547,36.45474101747925,29.49449830291269,43.8937381488073,25.426885471126297,51.06597213663508,22.37633281569697,57.63807595133244,19.830481036062565,64.75333241458335,17.215696979315453,71.10890132443893,15.36747423305303,74.9515571141892,13.209828750848942,79.91745783594388
93.28526158366026,27.810369319957942,94.64971006718565,21.415238458758893,80.05037069146306,13.092621138673735,68.38748816668704,3.9028975715435195,60.52972161474088,6.704856084330913,51.83462548927332,11.414724682420626,47.56533561126821,17.566530179177505,40.91068597935009,25.871690512954615,34.63889774677136,35.818236068109286,29.88886820114908,43.21028979461494,25.799227344856263,50.36495692563665,22.75377060740152,56.92634299136449,20.27463800561327,64.07103399113475,17.673427905494123,70.42981762536431,15.860125452353032,74.30232364165659,13.710066114603592,79.29401134286971
93.68028850803273,27.10678924444977,95.2373761777776,20.96224951847978,80.81539564235356,13.06152610020996,69.16078703104915,3.8318313474698584,61.223414215756634,6.235932428769786,52.37201160842267,10.78318820006757,48.023598586542676,16.88412679899676,41.38581194759661,25.2400339007188,35.094251972279835,35.17913259165073,30.28089779345146,42.52463985038986,26.170427761179667,49.66281126660817,23.129393957416028,56.21341239224108,20.713973178067363,63.386089279412346,18.12692327663399,69.74826169715325,16.349144539048666,73.65121756669038,14.205959656828327,78.66806580870244
94.07457314174394,26.4032164247256,95.8204190409017,20.50467635130036,81.57958402720294,13.025515043254813,69.93548604839623,3.7724257850120466,61.918263806420555,5.7676990439517795,52.91257122521347,10.153498935013317,48.48323036309603,16.201069230617804,41.85985749770555,24.607496724515897,35.5463234568698,34.537506727964455,30.670582029675188,41.83690152723216,26.54048131395814,48.95957153187703,23.503199953517196,55.49931247993118,21.14841427908857,62.698535551825955,18.576139876201864,69.06426077877845,16.834513066954287,72.9982112357749,14.69747129504708,78.03960664760072
94.46811206048903,25.699624746793802,96.39881925310556,20.042509609833473,82.3429336314116,12.98447148037934,70.71156510714923,3.7240684893116054,62.614251756881,5.300902822770297,53.45623709007339,9.526110701112941,48.94422022918013,15.517689981504645,42.33282554772245,23.9740869896213,35.99509156143051,33.89343461691146,31.057915859675745,41.1471880362418,26.909382597053423,48.25527409377048,23.875185683481504,54.784071580403804,21.5778890343405,62.00841008078555,19.021034487664338,68.37784210921257,17.316212609884133,72.3432769953944,15.18456294678333,77.40861927372316
94.86090183996293,24.995988096662927,96.9725574109367,19.575739946691897,83.10544224038017,12.938278924154758,71.48900430885942,3.6861470655098287,63.311359437286455,4.836290658118742,54.002941953429854,8.90147731222163,49.40655747304697,14.83432155912135,42.8047190156924,23.339812701310393,36.440535646850776,33.24699239835252,31.442894233308607,40.45561258851882,27.27712620432726,47.54995532461572,24.24534823508543,54.067718019627875,22.002325169486994,61.31575013870099,19.46156389448845,67.68903292742831,17.794224741652442,71.68638719203318,15.667196529561124,76.77508910122839
95.2529390558608,24.29228036034135,97.54161411094265,19.10435801448841,83.86710763950907,12.886820887151998,72.26913805630659,3.658049118748181,64.00956821778527,4.37460944289046,54.55261856571042,8.280052582194571,49.87023138294842,14.151296470931925,43.27554081966093,22.704681864858514,36.88263507401996,32.598256212148726,31.825512100429478,39.762288395163296,27.643706729641167,46.84365159674013,24.613684696105565,53.35028012357236,22.421650410191887,60.620592997982214,19.8976848801409,66.99786047239837,18.268531036073682,71.02751417217544,16.145333960904054,76.13900154427506
95.64422028387764,23.58847542383762,98.10596994967091,18.6283544658358,84.62792761419882,12.82998088194222,73.0530511040713,3.6391622541680135,64.7088594685257,3.9166060699789114,55.10519967734251,7.66229032488684,50.33523124713656,13.468947224400324,43.745293877673134,22.068702485540996,37.32136920382686,31.947302198160855,32.20576441089372,39.06732866727509,28.009118766857,46.13639928247096,24.9801921543185,52.63178621820617,22.835792482118677,59.922975931039105,20.329354228088505,66.30435198309542,18.739113066962204,70.36663028230552,16.61893715833594,75.50034201702178
96.03474209970852,22.88454717316023,98.665605523669,18.147719953346893,85.38789994984995,12.767642421096525,73.84045031817993,3.6288740769107903,65.40921455965633,3.4630274322774994,55.66061803875391,7.04864435415368,50.80154635386339,12.787606326990726,44.21398110777454,21.431882568633284,37.75671739716063,31.2942064962499,32.583646114556814,38.370846615954406,28.37335690983639,45.42823475413542,25.344867697500717,51.912264629498395,23.24467911093143,59.222936210281546,20.756528721797963,65.60853469849212,19.20595240813202,69.70370786890766,17.0879680393806,74.8590959336272
96.42450107904835,22.18046949431755,99.22050142948456,17.662445129634477,86.14702243186298,12.69968901718596,74.63104256465931,3.6265721921178624,66.11057835015288,3.014620422679627,56.218806400372046,6.43956848385011,51.267949011317,12.107606286167027,44.68160542801036,20.79423011941077,38.1886590149104,30.639045246276737,32.95915216127446,37.67295545230115,28.736415752441076,44.71919438406087,25.707708413428918,51.19174368341788,23.64823802229364,58.520511108119535,21.179165144736317,64.91043585756123,19.66903063339771,69.03871927846615,17.552388521561625,74.21524870824993
96.8134937975924,21.47621627331813,99.77063826366509,17.17252064731133,86.90529284563831,12.626004182781628,75.42453470953592,3.6316442049306374,66.81271764792746,2.572131934078641,56.779697512624466,5.835516527831373,51.731642267512484,11.42927960939329,45.14816975642589,20.155753143148672,38.61695897924449,29.981894588102307,33.33227750090191,36.97376838741542,29.098289888532577,44.00931454457452,26.068711389879468,50.47025170593372,24.046396941869148,57.815737896962844,21.597220280370152,64.21008269927535,20.128329316573513,68.37163685746526,18.012160522402837,73.56878575504862
97.20171683103558,20.77176139617046,100.31599662275812,16.67793715899029,87.66436244190106,12.54647143045463,76.22063361883659,3.64347772049058,67.51572495168966,2.1363088593680004,57.34329009712951,5.2369422999525455,52.192969105060456,10.752958804133527,45.61367701106656,19.516459645122552,39.03881315789238,29.322830661587545,33.70301708329487,36.273398632397175,29.458973911972862,43.298631608003745,26.427873714629072,49.747817023014704,24.43908359532179,57.10865384922147,22.010650912166284,63.50750246260722,20.583830031473667,67.70243295238924,18.46724595942817,72.91969248818188
97.58916675507294,20.06707874888292,100.85655710331127,16.178685317284078,88.42706369513121,12.46097427277607,77.0190461585878,3.661460343938984,68.21975897599316,1.707898091441109,57.91116449389631,4.644299614068814,52.65242294225391,10.078976377851802,46.078130109977565,18.87635763060763,39.453726714803,28.661929606593333,34.07110409833331,35.57195939834645,29.81846241662356,42.58718194667574,26.785192475454096,49.02446796062992,24.826225708315178,56.39929623730529,22.42033153618422,62.802722386529524,21.03551435191264,67.03107990972242,18.9176067501611,72.26795432180836
97.9758401453995,19.36214221746411,101.39230030187196,15.67475577480559,89.19305851886088,12.369396222316936,77.81947919481638,3.684979680417314,68.92497843539104,1.287646523191313,58.48404114435584,4.058042284035366,53.110497197386394,9.407664838012124,46.540471177872064,18.23545510487935,39.862170355399826,27.999267562980606,34.43334575393885,34.869563896363275,30.17674999634619,41.87500193291777,27.140664760131358,48.300232844748336,25.208409525166985,55.68770233362426,22.828405632600038,62.09576971001496,21.48336385170444,66.35755007594904,19.363204812125673,71.6135566700867
98.36173357771042,18.656925687922353,101.92320681498768,15.166139184167548,89.96193902037226,12.271620791648445,78.62163959354882,3.7134233350669774,69.63154204443663,0.8763010475120154,59.06195218078449,3.4786241237072772,53.56768528875091,8.739356692078502,46.996862877743524,17.593760073213048,40.26461478510646,27.334920670610302,34.789193319469746,34.16632533754762,30.533831245002602,41.16212793905714,27.49428765643711,47.575140001338866,25.587712802995156,54.97390941058819,23.234822539153356,61.38667167203613,21.92736010466365,65.68181579755336,19.806019311764885,70.95648494717551
98.74684362770063,17.95140304626625,102.45198321149564,14.65282619798279,90.73329730694786,12.167531493341585,79.42523422081183,3.7461789130293823,70.33960851768336,0.4746085572966763,59.64492973545839,2.9064989469397347,54.024480634640895,8.074384447514944,47.447459448879954,16.95128054088417,40.66153070934649,26.6689650693433,35.139150776342035,33.462356932999626,30.88970075645443,40.44859633742112,27.845864540952107,46.849217756370535,25.964268016454298,54.25795474060703,23.63942849970215,60.675455511565815,22.367484684604506,65.00384942101968,20.250779419503942,70.29672456723341
99.13131290969477,17.24554817850418,102.98444414657752,14.134807468864096,91.50672548586988,12.057011839967515,80.22996994263201,3.7826340194458794,71.04933656968444,0.08331594543869869,60.2330059406537,2.3421205675878127,54.48137665334957,7.413080611785517,47.8928343838636,16.308024513167936,41.05338883354341,26.001476899040483,35.48372210597199,32.757771893819154,31.244353124563304,39.73444350033702,28.194431539845027,46.1224944358122,26.338045804624926,53.539875596090724,24.042069758104958,59.9621484675767,22.80372349847255,64.32362329283225,20.697210695830904,69.63426094441905
99.51696900437935,16.53933497064469,103.5199950511493,13.612073649424303,92.2818156644206,11.939945344097282,81.03555362503607,3.822176259457933,71.7608849149932,-0.29682989516857106,60.826212928646896,1.7859427995067563,54.93886676317027,6.755777692354229,48.33356117527694,15.663999995339907,41.44065986312103,25.3325322995629,35.823411289776004,32.0526834311064,31.597779313771298,39.0197058001321,28.539978195464187,45.394998365632944,26.70901680658767,52.81970924944915,24.442592558219644,59.246777779041395,23.24025379744569,63.64110975947534,21.144798094116368,68.96907949289107
99.90422564371738,15.832737308696153,104.05778534445403,13.084615392276135,93.05815994988268,11.81621551830193,81.84169213405062,3.8641932382068376,72.47441226816306,-0.665082071631673,61.42458283171413,1.2384194565516395,55.3974443823962,6.102808196685146,48.77021331570211,15.019214992675302,41.82381450350272,24.662207410771373,36.158722309170344,31.34720475596123,31.94832274040118,38.304419609133674,28.88264700924401,44.66675787180168,27.07715166142316,52.09749297309213,24.840843143904635,58.529370684932644,23.680307232796395,62.95628116743325,21.593026567731272,68.30116562680809
100.2929080632399,15.125729078667177,104.59696444573478,12.552423350032427,93.83535044953817,11.685705875152678,82.64809233570224,3.908072560834114,73.19007734374725,-1.0206936910573177,62.02814778213167,0.7000043525776505,55.85760292932059,5.4545046322422195,49.20336429772169,14.373677510449511,42.20332346011219,23.99057837252684,36.490159145571056,30.64144907948372,32.294779973842424,37.58862129966889,29.222580482619037,43.93780128028732,27.442421008211795,51.37326403942973,25.236667759017905,57.80995442422312,24.1232223266569,62.269109863190295,22.041381070046327,67.6305047603287
100.68284149847761,14.418284166566139,105.13668177423449,12.015488175305961,94.6129792706696,11.548299927220455,83.45446109601778,3.95320183248117,73.90803885629907,-1.3629178605519314,62.63693991217576,0.1711513014399202,56.31983582223688,4.811199506489459,49.633587613917825,13.727395553937981,42.57965743837303,23.317721324690183,36.81822578039464,29.935529612773962,32.63739145431305,36.87234724406517,29.55992111702369,43.20815691705894,27.804795486034322,50.64705972087171,25.629912647417882,57.088556235885505,24.56833760115967,61.579568193230614,22.48934655443213,66.95708230761159
101.07385118496177,13.710376458401527,105.67608674919632,11.473800520709574,95.39063852055915,11.403881187076479,84.26050528102371,3.9989686582893,74.62845552037186,-1.6910076872222817,63.250991354122675,-0.3476858830063634,56.78463647943829,4.173225326890986,50.06145675687287,13.080377128416046,42.953287143708735,22.643712407122393,37.14342619505726,29.22955956693187,32.9763976220313,36.15563381464966,29.8948114138924,42.47785310808541,28.164245733971143,49.91891728982807,26.020424052962653,56.36520335889247,25.01499157843716,60.88762850403862,22.936407974259623,66.28088368281539
101.46576235822317,13.001979840181775,106.2143287898632,10.927351038856045,96.16792030648924,11.252333167291738,85.06593175674675,4.044760643399968,75.35148605051882,-2.0042162781748516,63.87033424024867,-0.856053386906126,57.25249831921792,3.540914600910753,50.48754521916919,12.432630239159039,43.324683281543,21.968627759684352,37.46626437097507,28.523652153057526,33.31203891721509,35.4385173837498,30.22739387465981,41.74691817933575,28.520742391102885,49.188874018708646,26.408048219510306,55.63992303221676,25.46252278062184,60.19326314209849,23.382050282899513,65.60189430009868
101.85840025379287,12.293068197915431,106.75055731547809,10.376130382358156,96.94441673574227,11.093539380437392,85.87044738921361,4.089965392954525,76.07728916129349,-2.301796740516295,64.49500070283,-1.3534973964042365,57.72391475986933,2.914599836012826,50.91242649338915,11.78416289144235,43.69431655729932,21.292543522236997,37.787244289564455,27.817920582250906,33.64455578008278,34.72103432369272,30.557811000760125,41.01538045677893,28.87425609651018,48.456967179923424,26.792631390919155,54.91274249483098,25.910269729845936,59.49644445389458,23.825758433722513,64.92009957362015
102.25159010720188,11.583615417610986,107.28392174528415,9.820129203828685,97.71971991560065,10.927383339084486,86.67375904445078,4.133970512094436,76.8060235672491,-2.5830021813532085,65.12502287414304,-1.8395640976454501,58.199379219685625,2.2946135396612135,51.33667407211499,11.134983090541368,44.062657676401386,20.61553583464115,38.10686993224158,27.112478065612038,33.974188650852284,34.003221006805745,30.886205293627995,40.28326826638386,29.22475748927343,47.723234045882236,27.1740198110474,54.183688985707875,26.357570948241914,58.79714478591109,24.267017380099333,64.23548491753837
102.64515715398113,10.873595385276758,107.81357149852442,9.25933815588047,98.49342195334646,10.753748555804123,87.47557358848496,4.176163605961108,77.53784798293884,-2.847085707792189,65.76043288646383,-2.3137996767746927,58.67938511696002,1.6812882193199243,51.760861447929074,10.485098841731428,44.43017734427269,19.937680836757863,38.42564528042283,26.407437814241007,34.30117796974173,33.28511380541619,31.212719254697845,39.55060993411951,29.572217208473376,46.987711888994966,27.552059723753246,53.45278974382012,26.80376495794235,58.095336484632355,24.705312075400798,63.54803574601203
103.03892662966166,10.162981986921409,108.33865599444175,8.693747891126293,99.26511495626221,10.572518543167405,88.27559788734277,4.215932279695892,78.27292112291616,-3.093300426939777,66.40126287206874,-2.775750319936833,59.16442586998596,1.0749563824530242,52.18556211341388,9.834518150287977,44.79734626633683,19.259054668448016,38.74407431552436,25.702913039237785,34.62576417696937,32.56674909185131,31.5374953854041,38.817433785954904,29.916605893190535,46.25043798167161,27.926597372894776,52.72007200814039,27.248190281079474,57.39099189654263,25.14012747299762,62.857737473199734
103.43272376977427,9.451749108553258,108.8583246522793,8.123349062178988,100.03439103163032,10.383576813745378,89.07469111724924,4.2526892752186995,79.01140170173437,-3.3208994459026258,67.04754496323415,-3.2249622132766262,59.65499489705667,0.47595053652446495,52.61134956115154,9.18324902148629,45.164635148017396,18.57973346957243,39.062661018962444,24.999016951702345,34.94818771275311,31.84816323843836,31.860676187181298,38.08376814785896,30.25789418250531,45.51144959632205,28.297479002330306,51.98556301764137,27.69018543978575,56.684083368126096,25.57094852626051,62.164575513260104
103.82637380985011,8.73987063618091,109.37172689127999,7.548132321651281,100.80084228673309,10.186806880109145,89.87601959163726,4.286113186413786,79.75344843394669,-3.5291358717873322,67.69931129223608,-3.660981542939055,60.151585616465354,-0.11539681100168764,53.038797283724534,8.531299460601758,45.53251469473798,17.89979337999216,39.38190937215336,24.295862762734828,35.2686890173112,31.129392617504607,32.182404161463865,37.349641345800705,30.59605271549856,44.77078400535612,28.664550855917923,51.24929001129573,28.12908895619364,55.974583245867166,25.997260188560404,61.46853528035177
104.2197019854201,8.027320455812742,109.8780121306869,6.968088322156007,101.56406082885269,9.982092254829809,90.67959936968839,4.316042383294871,80.49922003410654,-3.71726281170055,68.3565939913509,-4.083354495068875,60.65469144650535,-0.698753152661368,53.468478773715105,7.878677472909828,45.9014556119223,17.219310539568028,39.702323356513375,23.59356368343515,35.58750853086178,30.41047360137736,32.502821809686225,36.61508170574899,30.93105213125068,44.02847848118381,29.02765917751583,50.5112802280762,28.564239352435493,55.26246387625008,26.418547413267788,60.76960218863337
104.61253353201528,7.314072453457243,110.37632978974318,6.383207716305947,102.32363876527177,9.769316450478414,91.48522193958877,4.342317417740105,81.24890588125095,-3.8845481980534373,69.01942519285501,-4.491627255811011,61.16480580546988,-1.273785980990624,53.90096752370562,7.225391063685777,46.27192860499372,16.538361088161025,40.02440695345865,22.89223292490334,35.90488669362287,29.691442562383884,32.82207163328292,35.8801175536729,31.262863068842194,43.28457029621495,29.38665021098234,49.771560906955415,28.994975150643654,54.54769760575908,26.8342951537536,60.06776165226353
105.00469368516656,6.600100515122847,110.86582928769167,5.793481156713938,103.07916820327239,9.54836297962612,92.29267878952442,4.364778841627583,82.00283242745093,-4.030828246547173,69.68783702902442,-4.885346011310219,61.68242211165227,-1.8401627885253333,54.33683702627832,6.5714482382050505,46.64440437937594,15.857021165631977,40.34866414440546,22.191983698239483,36.2210639458126,28.972335872851488,33.140296133688366,35.144777215541296,31.591456167353726,42.53909672285954,29.74137020017554,49.0301592869061,29.4206348729507,53.830256780878415,27.243988363388553,59.36299908540093
105.39600768040486,5.885378526818158,111.34566004377541,5.19889929599276,103.83024125013708,9.319115354843973,93.10176140768169,4.383267206835512,82.76090257620933,-4.156672769149907,70.36186163213551,-5.264056947711481,62.208033783345854,-2.3975510678016008,54.77666077401568,5.916857001742926,47.01935364049268,15.175366911841934,40.67559891077019,21.492929214543494,36.536280727649114,28.253189905107376,33.45763781233711,34.409089017323254,31.91680206586591,41.7920950335274,30.091665388953743,48.28710260690093,29.840557041488978,53.110113748092374,27.64711199554347,58.65529990220409
105.78630075326123,5.1698803745514965,111.81497147723758,4.599452786755137,104.57645001314813,9.081457088703075,93.9122612822465,4.39762306524193,83.5229311230828,-4.262700142937433,71.04153113446455,-5.627306251159553,62.74213423884373,-2.945618311355304,55.22101225950007,5.26162535957485,47.397247093767305,14.493474466651662,41.005715233969,20.795182684915517,36.85077747935043,27.53404103147892,33.77423917066358,33.67308128498763,32.23887140345914,41.04360250062848,30.437382021174926,47.542418105912645,30.254080178390836,52.38724085388532,28.043151003588832,57.94464951683176
106.17539813926669,4.453579944331409,112.272913007321,3.9951322816139623,105.31738659958785,8.835271693774473,94.72396990140487,4.407686968725045,84.28873286362818,-4.349528744985548,71.7268776682879,-5.97464010779936,63.28521689643935,-3.4840320117224337,55.67046497531362,4.605761316976157,47.77855544462341,13.811419969922213,41.33951709541816,20.098857320455522,37.16479464113479,26.814925624293323,34.09024271010219,32.936782344503456,32.55763481921417,40.29365639657266,30.778366340697403,46.79613302291381,30.660542805788737,51.66161044474143,28.431590340895696,57.231033343442505
106.56312507395216,3.736451122166386,112.71863405326894,3.3859284331820163,106.05264311673864,8.580442682629268,95.53667875334315,4.413299469162951,85.05812259340223,-4.417776952369991,72.4179333658816,-6.305604703775657,63.83777517442593,-4.012459661438982,56.12559241403869,3.949272879222235,48.1637493984847,13.129279561514409,41.677508476533944,19.404066332263483,37.47857265322011,26.0958800558779,34.40579093208737,32.20022052183964,32.8730629522114,39.54229399376982,31.114464591379374,46.04827459687721,31.05928344581514,50.93319486714495,28.81191496083477,56.51443679619496
106.94930679284869,3.018467794064861,113.15128403432414,2.771831894072079,106.78181167188279,8.316853567838564,96.35017932624726,4.414301118433798,85.83091510796169,-4.4680631421665,73.1151648721933,-6.619748355765751,64.40030249109668,-4.530568753040939,56.58696806825776,3.292168051588419,48.55329966077477,12.447129381289187,42.02019335873263,18.710922931439484,37.792351955824756,25.376940698559906,34.72102633805366,31.46342414296521,33.185126441531565,38.78955256462996,31.44552301707904,45.29887006677552,31.44964062060228,50.201966467580235,29.183609816776652,55.794845289247746
107.33376853148707,2.2996038460353248,113.57001236972985,2.152833316896988,107.50448437230261,8.044387861973462,97.16426310830343,4.410532468415681,86.60692520286341,-4.501005691450928,73.82485917422059,-6.916773870432564,64.97329226474494,-5.038026779064239,57.05516543055319,2.6344548393501555,48.94767693691722,11.765045569107542,42.368075723430366,18.019540329083497,38.10637298916674,24.658143924666604,35.0360914294356,30.726421533849077,33.493795926255075,38.03546938156285,31.771387861654603,44.54794667158137,31.830952852282735,49.467897592531585,29.546159862092168,55.07224423675956
107.71633552539856,1.5798331640862102,113.97396847872892,1.5289233542694092,108.22025332528062,7.762929077605008,97.97872158769769,4.401834070986695,87.38596767366403,-4.517222977299014,74.54835903517517,-7.196640247593905,65.55724864794297,-5.534501229493628,57.53075799350711,1.9761412477827207,49.347351932335414,11.083104264830297,42.721659552043434,17.33003173629561,38.42087619346398,23.939526106525307,35.3511287076675,29.98924102046027,33.799042045462556,37.28008171697854,32.09190536896426,43.79553165026749,32.20255866298896,48.73096058848313,29.899050050152027,54.34661905288897
108.09683301011387,0.859129634226008,114.36230178056451,0.9000926588022935,108.928710638099,7.472360727304363,98.79334625261606,4.388046478025046,88.1678573159204,-4.517333376786439,75.28474034814826,-7.459330604092315,66.15723818827905,-6.019634680832951,58.014319249702,1.3172352821616187,49.75279535245318,10.401381608318388,43.08144882598822,16.642510364175735,38.736102008934836,23.221123616463274,35.66628067418401,29.2519109287677,34.10083543823464,36.52342684328681,32.40692178286611,43.04165224180656,32.5637965748532,47.991127801919276,30.241765334327056,53.617955151794604
108.47508622116413,0.1374671424632652,114.73416169447955,0.2663318831083643,109.62944841804028,7.1725663236425135,99.6079285912449,4.36901024140883,88.95240892518939,-4.501955266989057,76.0330790062311,-7.7048280567703955,66.77639557497605,-6.492983665716224,58.506422691720104,0.6577449477620121,50.1644779026941,9.71995373943281,43.44794752668088,15.957089423824016,39.05229087579744,22.502972826807763,35.98168983041944,28.514459584740337,34.39914674365173,35.765542032897656,32.71628334721845,42.28633568517125,32.914005110007906,47.24837157932427,30.573790667988078,52.886237947635095
108.85092039408028,-0.5851804251936414,115.08869763971722,-0.37236832019954136,110.32205877238653,6.86342937919062,100.42226009177,4.344565913016197,89.73943729702762,-4.4717070249826065,76.79245090251504,-7.933115722470802,67.41357856579566,-6.954086154457741,59.00764181214379,-0.00232175014053837,50.58189521032591,9.038901855374377,43.82132962801529,15.273881088065139,39.36968323426959,21.78511010988609,36.29749867780822,27.77691531434715,34.69394660079456,35.006464558220955,33.019836305879494,41.52960921933425,33.252522790585544,46.502664267182354,30.894611004505578,52.15145285456913
109.22416076439322,-1.3088391827362216,115.42505903552035,-1.0160172985087002,111.00613380842037,6.544833406519729,101.23613224237772,4.314554044725185,90.52875722699207,-4.427207027842883,77.56193193009153,-8.144176718036078,68.06764491849924,-7.402480117371738,59.51799741948139,-0.662930360851874,50.99921145761664,8.358434002153501,44.1982796769355,14.592946353051445,39.688519524569756,21.06757183802557,36.613849717785,27.03930644355711,34.985205648743545,34.246231691666594,33.31742690270721,40.77150008326828,33.57868813871846,45.753978211977824,31.203711297250607,51.41358528675528
109.59463256763411,-2.033535244155985,115.74239530113198,-1.6646243992062182,111.68126563342389,6.216661918200884,102.04933653125408,4.2788151884140575,91.32018351063925,-4.369073652645625,78.34059798205169,-8.337994160308824,68.73745239084872,-7.8377035247725075,60.03501948164137,-1.3235482423251028,51.415742670021245,7.6788912159464076,44.57786515666453,13.914272699181026,40.009040186915854,20.35039438355335,36.93088545178409,26.301661298339184,35.27289452657942,33.48488070564446,33.608901381560145,40.01203551594597,33.891839676539234,45.00228576019492,31.500576499593762,50.67262065835223
109.96216103933375,-2.759294723444441,116.03985585579528,-2.318198969679429,112.34704635467972,5.878798426805304,102.86166444658511,4.237189895960853,92.11353094352603,-4.297925276466572,79.12752495148709,-8.514551166131696,69.42185874060556,-8.259294346974343,60.55828048324679,-1.9831989712637323,51.8319308629018,7.000620819401206,44.96014952243877,13.237841916189893,40.33148566152602,19.6336141187968,37.24874838124015,25.5640082046624,35.556983873382705,32.72244887256454,33.894105986296154,39.251242756340105,34.19131592617998,44.247559258318006,31.784691564905756,49.928544383518556
110.32657141502318,-3.486143734593213,116.31733398138044,-2.9767499356887583,113.00306807946993,5.531126444903975,103.67290747655704,4.189518719243665,92.90861432120926,-4.214380276381576,79.92178873148885,-8.673830852347294,70.11972172553135,-8.666790554291424,61.08771828300223,-2.6408906066209283,52.248218051620256,6.323970135166121,45.345196229494604,12.563635793814058,40.656096388618266,18.917267416083234,37.567581007587364,24.826375488495557,35.8374443282338,31.958973464836617,34.17288696077367,38.489149043423254,34.47645540977339,43.4897710528312,32.05554144655753,49.18134187641289
110.68768893023343,-4.214108391593697,116.58940851193518,-3.6402396801004784,113.65117570496636,5.173529687173925,104.4828571093559,4.135642210140702,93.70524843924568,-4.119057029466319,80.7224652151483,-8.81581633579816,70.82989910338779,-9.059730117038157,61.623270739612394,-3.2956312073498566,52.665046251538456,5.64928648588932,45.73306873306831,11.891636121789702,40.983112808410965,18.2013906477398,37.887525832260394,24.088791475807795,36.11424653021345,31.194491754870683,34.446585706709925,37.725780045430724,34.74659664945182,42.72889349021892,32.31261109791956,48.43099855119385
111.04533882049543,-4.94321480843746,116.86174405612257,-4.308542504200943,114.31350990130295,4.805900902584483,105.29130483316783,4.0754009205301145,94.50324809319204,-4.012573912796597,81.52863029555681,-8.940490733326953,71.55124863193646,-9.437651005528721,62.16487571178209,-3.9464288324037398,53.08285747801858,4.976917194218913,46.12383048839638,11.221824689852895,41.31277536112202,17.486020186093924,38.20707731223672,23.351281096825346,36.38736111840217,30.429041015076677,34.721324308409066,36.9611368192123,35.00107816734749,41.96489891696541,32.55538547236279,47.67749982202014
111.39934632134009,-5.673489099116125,117.13399064697978,-4.981522904590975,114.993631172464,4.428145306560737,106.09804213617883,4.00863540228994,95.3024280786052,-3.895549303448149,82.3393598658057,-9.047837161776215,72.28262806893895,-9.80009119007741,62.7124710582159,-4.5922915407358005,53.50209374642236,4.307209582803068,46.51754495071509,10.55418328773959,41.64532448696957,16.771192403472753,38.52352478714772,22.613847470687517,36.65675873188047,29.662658517864372,34.9973726989723,36.19520089228172,35.23923848559298,41.197759679554906,32.78383371881375,46.920831415706004
111.74953666829856,-6.404957377621088,117.40579831754371,-5.65904537787128,115.68880247732193,4.040169025456976,106.90286050657517,3.9351862072983295,96.1026031910418,-3.7686015784968276,83.15372981898633,-9.137838737988659,73.02289517215695,-10.146588640998516,63.26599463761852,-5.232227391299148,53.92319707211186,3.6405109742900663,46.91427557526083,9.888693705186029,41.98100062617175,16.05694367220366,38.837071562733854,21.876485093029714,36.92241000972899,28.89538153564382,35.27426062027416,35.42795325490022,35.46041612632075,40.42744812447171,33.00903566964291,46.16102157810019
112.09573509690165,-7.137645757943972,117.67681710085105,-6.340974420642624,116.39628677474934,3.6418781856275473,107.70555143254285,3.854893887433491,96.90358822605867,-3.6323491150183145,83.97081604818993,-9.210478578806772,73.77090769935194,-10.476681328606332,63.82538430869488,-5.865244443047061,54.34660947044904,2.977168691327904,47.314085817269984,9.225337731928107,42.32004421894658,15.343310364613842,39.14797745679391,21.1391884381959,37.184285591028356,28.127247340824795,35.55151781418908,34.65937489732909,35.66992930802178,39.653947579961994,33.23538625332151,45.39818378302385
112.4377668426805,-7.8715803540762295,117.94669702993906,-7.027174529505885,117.11334702361842,3.2331789134266273,108.50590640226801,3.7675989945734045,97.70519797921258,-3.4874102900884054,84.78969444650795,-9.265739801073266,74.52552340828561,-10.789907223215039,64.39057793014945,-6.490350754932706,54.77277295679585,2.3175300565649195,47.71703913197882,8.564097157702065,42.66269570551242,14.630328853030619,39.45650228712668,20.40195198052993,37.44235611485897,27.35829320581729,35.8286740225916,33.889446809829735,35.87963373430057,38.877323041046225,33.46234308696512,44.63244167666886
112.77545714116582,-8.606787280009485,118.21508813784453,-7.717510201061714,117.83724618280178,2.8139773352086195,109.30371690393679,3.6731420805963353,98.50724724606039,-3.3344034807828393,85.60944090703151,-9.30360552163063,75.28560005671966,-11.085804295139042,64.96151336068704,-7.106554385909305,55.20212954651413,1.6619423926491663,48.12319897462385,7.904953772243857,43.00919552608707,13.918035509781248,39.76290587153096,19.664770194375706,37.69656750587751,26.588556389929522,36.10525898735625,33.1181499826634,36.08944002311705,38.097676304457934,33.689363787689445,43.8639189052268
113.10863122788896,-9.34329264973519,118.48164045760439,-8.411845931910989,118.56524721117194,2.384179577327643,110.0987744257352,3.5713636973803773,99.30955082215871,-3.173947064177412,86.42913132285219,-9.324058857321518,76.04999540241556,-11.363910514692577,65.53812845901246,-7.712863394929968,55.63512125496584,1.010753022228812,48.53262880044133,7.247889365289609,43.35978412088889,13.206466707193044,40.06744802780554,18.927637554077137,37.94482556221999,25.818062904252486,36.38080245035758,32.34546540609142,36.298877266822956,37.31510934481889,33.91590597260972,43.09273911488947
113.43711433838052,-10.081122577244855,118.74600402225553,-9.110046218654361,119.29461306760129,1.9436917661381017,110.8908704558495,3.4621043968036247,100.11192350306442,-3.006659417347919,87.24784158706109,-9.327082924988588,76.81756720313501,-11.623763852189825,66.12036108383029,-8.308285840947917,56.07219009751316,0.36430926795213736,48.94539206466777,6.592885726575389,43.7147019301359,12.495658817593323,40.37038857374898,18.190548533978188,38.18612364193791,25.046806989542517,36.65483415346989,31.5713740703751,36.50747455777014,36.5297241367507,34.14142725884176,42.31902595184863
113.76073170817176,-10.820303176530103,119.007828864835,-9.811975557892765,120.02260671096235,1.4924200279941715,111.67979648246558,3.3452047307442285,100.91418008433436,-2.833158917370099,88.06464759274957,-9.312660841474383,77.5871732166396,-11.864902277945191,66.70814909384524,-8.891829782916432,56.513778089517814,-0.27704154753280363,49.36155222253933,5.939924645837209,44.07418939404613,11.78564821330923,40.671987327160195,17.45349760842265,38.420915008803036,24.274777317145947,36.926883838567846,30.795856965775783,36.71476098831056,35.74162265487496,34.36538526350091,41.54290306229598
114.07930857279348,-11.560860561582388,119.26676501837972,-10.517498446226853,120.74649110012751,1.0302704892501993,112.4653439937697,3.220505251080283,101.71613536152506,-2.6540639413196914,88.87862523300896,-9.280775723621502,78.3576712006909,-12.086863762272856,67.301430347762,-9.46250327978862,56.96032724634176,-0.9129521015778437,49.78117272929251,5.288987912811251,44.43848695283782,11.076471266668136,40.97250410583786,16.71647925175455,38.64965292658678,23.50196255840882,37.19648124752598,30.018895082554764,36.92026565079584,34.950906873813324,34.58723760370265,40.764494092423206
114.39267016777683,-12.302820846393274,119.52246251592658,-11.226479380257388,121.46352919396918,0.557149276260418,113.24730447794798,3.087846509689939,102.5176041301936,-2.4699928662724915,89.68885040093073,-9.231410688272547,79.12791891305062,-12.289186275487111,67.90014270428537,-10.01931439051765,57.41227958334707,-1.5430750715347017,50.20431704016369,4.640057317233527,44.807835046729,10.3681643499973,41.27219872758087,15.979487938317675,38.872790659061025,22.728351384677467,37.46315612221861,29.24046941097339,37.123517637577834,34.15767876818745,34.806441896562774,39.983922688422126
114.70064172865261,-13.046210144954216,119.7745713905125,-11.938782856585249,122.17098395135997,0.07296251537917442,114.02546942318645,2.9470690584513477,103.31840118589662,-2.281564069304295,90.494398989606,-9.164548852270116,79.89677411148034,-12.471407787902251,68.50422402212007,-10.561271174056799,57.87007711589558,-2.167063134755324,50.63104861038903,3.9931146488401055,45.18247411593768,9.660763835623982,41.571331010187805,15.24251814245605,39.09078146999718,21.953932467297932,37.72643820452049,28.460560941292954,37.3240460410085,33.362040312618944,35.022455759196646,39.201312496484434
115.00496787729435,-13.791053756368399,120.02274167517442,-12.654273371811144,122.86611833117217,-0.4223836670392984,114.79963031767113,2.798013449242603,104.11834132419085,-2.0893959274907843,91.2943468921261,-9.080173332456866,80.66309455374164,-12.633066269832568,69.11361215997067,-11.087381689359177,58.334161859349365,-2.7845689685914863,51.06143089520526,3.3481416973671116,45.56218183259193,8.95430769037847,41.87016077145756,14.505564338513523,39.30407862316713,21.178694477616432,37.98585723630595,27.67915066377475,37.52137995343958,32.56409348172946,35.23473680871973,38.416787162801825
115.31352787162109,-14.537364051470945,120.26662340294934,-13.372815422535894,123.54619529227841,-0.9289831446407675,115.56957864958838,2.6405202339418565,104.91723934063305,-1.8941068179078115,92.0877700015825,-8.978267245675397,81.42573799759612,-12.773699691592299,69.72824497654199,-11.596653995378063,58.80497582907026,-3.395245250395078,51.49552734984843,2.7051202525505573,45.94423764681312,8.248872582898855,42.16894782918894,13.768621000833946,39.513135382342284,20.40262608697924,38.24094295944951,26.896219568680067,37.7150484672228,31.763940250140593,35.442742662247724,37.63047033356611
115.62649238218614,-15.285143058982726,120.50586660687418,-14.094273505360206,124.20847779355108,-1.4469297910709429,116.3351059071241,2.4744299644272587,105.71491003078006,-1.696315117631059,92.87374421106642,-8.858813708768253,82.18356220080557,-12.892846023495736,70.34806033053883,-12.088096151066622,59.28296104042022,-3.998744657517875,51.93340142955503,2.064032104126511,46.32823397503,7.544575045134195,42.46795200118049,13.031682603761283,39.71840501129452,19.6257159667324,38.49122511582573,26.111748646270314,37.904580674710246,30.961682592474006,35.64593093689598,36.842485654968925
115.9430509306186,-16.034392518057132,120.74012131998586,-14.818512116884904,124.85022879386258,-1.976317479975478,117.09600357846443,2.299583192576904,106.51116819018876,-1.496639203736379,93.65134541366922,-8.721795838578032,82.93542492113136,-12.990043235857115,70.97299608066567,-12.560716215378022,59.768559508761314,-4.59471986731171,52.37511658956146,1.4248590418310982,46.71426349491958,6.841533435900828,42.767433105231135,12.294743621639498,39.92034077379526,18.847952788222244,38.73623344730913,25.325718886806726,38.08950566825342,30.157422483351354,35.84375924978019,36.05295677320203
116.26239303854732,-16.785114167847667,120.96903757532141,-15.545395753710693,125.46871125208554,-2.5172400850001395,117.8520631517955,2.1158204702688863,107.30582861441565,-1.2956974532995105,94.41964950248212,-8.567196751947392,83.6801839163353,-13.064829298990787,71.60299008562743,-13.013522247265485,60.262213249455385,-5.182823557128415,52.820736285103976,0.7875828554003306,47.10241888415908,6.139866114015263,43.06765095913954,11.557798528812384,40.119395933616374,18.069325222794816,38.97549769577415,24.538111280550652,38.26935254020441,29.351261897394238,36.03568521801583,35.26200733445722
116.58370822760128,-17.537309747507777,121.19226540591751,-16.274788912438453,126.06118812709224,-3.069791479790638,118.60307611530357,1.922982349381357,108.0987060990177,-1.0941082433961924,95.17777831125977,-8.394999866288117,84.41971038969916,-13.116791450592757,72.2379802041288,-13.445522305682175,60.7643642778645,-5.762708404319881,53.27032397141909,0.15218533457033345,47.49279282042585,5.4396914382939485,43.368865380704506,10.820841799623906,40.31602375452928,17.28982194179639,39.208547603095326,23.748906817763384,38.44365038291494,28.543302809224315,36.22116645871836,34.469760984926154
116.90618601940946,-18.290980996190854,121.40945484481142,-17.00655608966889,126.62492237775518,-3.63406553799274,119.3504104496476,1.720906922031645,108.88961543955168,-0.8924899511022204,95.92843931925825,-8.20538756289534,85.16282561386913,-13.146077365314738,72.87790429487427,-13.85572444958126,61.27545460935039,-6.334027086237882,53.723943103742954,-0.48135173092282457,47.885477981397,4.741127767553223,43.67133618772482,10.083867908417915,40.510677500305746,16.509431616573124,39.43491291114708,22.95808648870633,38.61192828873686,27.73364719346324,36.399660589003474,33.67634137080057
117.22901593560061,-19.046129653050343,121.62025592503983,-17.74056178200283,127.15717696294678,-4.210156133252099,120.11163011302142,1.5093025910160804,109.68045765195552,-0.6914702210127075,96.67388404054384,-7.999085081936755,85.90988215669904,-13.153190535617284,73.52270021656886,-14.243136737916018,61.795926259275234,-6.896432280234251,54.181657137312186,-1.113046551343075,48.28056704474989,4.044293460609595,43.97532319799927,9.34687132953843,40.7038104347173,15.728142918471178,39.65412336180407,22.165631283640664,38.77371535002203,26.92239702473256,36.57062522598653,32.881872138272286
117.55138749780394,-19.80275745723975,121.82431867963987,-18.476670486040973,127.65521484153965,-4.7981571392144815,120.88951977654574,1.2876864067546876,110.47579399219103,-0.4917545583380729,97.41443962356027,-7.776909393916583,86.6605332176598,-13.138640131004422,74.17230582791706,-14.606767229639615,62.32622124300087,-7.449576663660821,54.64352952736306,-1.7429173369543491,48.678152688161504,3.3493068762795133,44.281086229326434,8.609846537329247,40.89587582153581,14.945944518836768,39.865708696940715,21.371522192827797,38.92854065912206,26.109654277653988,36.73351798678323,32.086476933532936
117.8724902276482,-20.560866147912463,122.02129314164824,-19.214746698384147,128.11629897240618,-5.398162429525655,121.68133595768757,1.055560039353736,111.27531551371635,-0.2940874010968173,98.15043321675148,-7.539677469338869,87.41443199622222,-13.102935320980066,74.82665898762355,-14.945623983705161,62.86678157588926,-7.993112913869481,55.10962372913184,-2.3709822980206354,49.0783275893092,2.6562863733793733,44.58888509950532,7.8727880061343285,41.087326924532704,14.16282508901611,40.06919865843156,20.575740206528963,39.07593330838904,25.29552092684918,36.88779648850891,31.290279402774217
118.19151364676236,-21.32045746422193,122.2108293441022,-19.954654915633114,128.5376923144188,-6.010265877831273,122.48433517391436,0.8124251589196092,112.07850350136493,-0.09921347608815267,98.88219196856119,-7.288206278707776,88.17123169185732,-13.046585275048187,75.48569755439325,-15.258715059065992,63.41937593493185,-8.526692784669365,55.58000319785492,-2.9972596448057516,49.4811844258702,1.9653503107255688,44.898979626334494,7.1356902102975255,41.27861700747974,13.378773300355306,40.264122988150916,19.778266315005567,39.215422390174695,24.480098946939677,37.03291834827928,30.493403192187998
118.50764727677529,-22.081533145321544,122.39257732003841,-20.69625963438864,128.91665782644998,-6.634561357777102,123.29577394269336,0.5577834355586901,112.88483923997012,0.09212248988859528,99.61004302743333,-7.023312792527406,88.93058550403589,-12.9700991627127,76.14935938693077,-15.545048514675159,63.98961355909603,-9.049953398868354,56.0547313887688,-3.621767587573686,49.88681587552162,1.2766170471346072,45.21162962761275,6.398547624162802,41.47019933414856,12.593777824200572,40.45001142797355,18.979081508518902,39.34653699683088,23.663490312547196,37.16834118320969,29.695971947965916
118.82008063931607,-22.84409493036486,122.56618710249393,-21.439425351251543,129.25045846737214,-7.271142743008795,124.1129087814918,0.2911365393773053,113.69380401436558,0.27917577003421457,100.33431354181175,-6.745813981301808,89.69214663222886,-12.873986153477688,76.81758234394078,-15.803632409485942,64.57726440942554,-9.56252018596183,56.53387175710975,-4.24452433658837,50.29531461594081,0.5902049414228259,45.527094921138996,5.661354722074009,41.6625271683107,11.807827331898068,40.62639371977389,18.17816677733026,39.468806220709325,22.84579699829328,37.293522610415835,28.898109316299724
119.12800325601359,-23.608144558505273,122.73130872450565,-22.184016562822478,129.5363571960578,-7.920103907172177,124.93299620777714,0.011986140481837992,114.50487910938443,0.4612016375493795,101.05533066014027,-6.456526815535142,90.45556827590724,-12.758755416846952,77.49052122649357,-16.03347672063677,65.18139549471573,-10.064018248707725,57.017493564240795,-4.865547792253892,50.70677332480477,-0.09376764759321077,45.84563532471179,4.92410597837511,41.856053773737926,11.020910494794066,40.79279960542635,17.375503111700937,39.581759154162,22.0271209787997,37.407920247013294,28.099938943381176
119.43060464849668,-24.37368376889617,122.8875922191105,-22.92989776570238,129.77161697137944,-8.5815387239129,125.75329273901662,-0.2801660910214423,115.31754580986023,0.637455365634878,101.77342153086283,-6.156268265731569,91.22050363454173,-12.624916122324578,78.17582130307346,-16.234059634354253,65.80107382376207,-10.554072689864086,57.5059448414255,-5.484738313246112,51.121284679791074,-0.7751823610971655,46.167510656129934,4.186795867410012,42.05123241420188,10.233015984234612,40.94875882680549,16.571071501892277,39.684924889540525,21.207564228688,37.51099171011731,27.301584475401967
119.72707433839446,-25.14071430069106,123.0346876193455,-23.676933456491952,129.9535007522095,-9.25554106687673,126.57105489267747,-0.5858184850260955,116.13128540062633,0.8071922274914414,102.48891330242316,-5.84585530239508,91.98660590760335,-12.472977439414421,78.87661826787871,-16.405935953585015,66.4353664053599,-11.032308612188729,57.9994326442843,-6.101702294902282,51.53894135857661,-1.4539208402725876,46.492980733192326,3.44941886352251,42.24851635347409,9.444132471566036,41.09380112578583,15.764852938165632,39.77783251919698,20.387228722579778,37.60219461684369,26.503169558553793
120.01660184733566,-25.909237893043326,123.17224495824746,-24.424988131791963,130.0825918429996,-9.942198951148669,127.38353918622693,-0.9054693714257951,116.94557916651627,0.9696674963198006,103.20213312326507,-5.526104896029892,92.7535282945629,-12.303448537620568,79.59197094632896,-16.54981124342322,67.08334024830458,-11.498351118439757,58.49800081524893,-6.716000927340303,51.959836038838716,-2.129864726303026,46.82230537369753,2.711969441056681,42.44835885532632,8.654248628134383,41.22745624424192,14.956828410782236,39.86001113548298,19.566216435096806,37.6809865843079,25.70481783902852
120.29837669694939,-26.679256285106476,123.29991426885351,-25.17392628820312,130.1971991957529,-10.64127909070794,128.18800213713246,-1.239617080114158,117.75990839236329,1.124136445320687,103.91340814183263,-5.19783401714011,93.5209239948914,-12.116838586446875,80.32093816384406,-16.666391068963037,67.74406236139146,-11.951825311375046,59.00169319675081,-7.327195400677965,52.38406139825452,-2.802895660372087,47.15574439544446,1.9744420743562614,42.6512131835301,7.8633531252859825,41.34925392404807,14.14697891000344,39.93098983075038,18.74462934086057,37.746825229625415,24.906652963017734
120.57158840886461,-27.4507712160339,123.41734558420046,-25.923612422326357,130.3088243486826,-11.352066819270362,128.9817002628614,-1.5887599409849145,118.57375436300083,1.2698543476948316,104.62306550656956,-4.861859636229781,94.28844620805967,-11.913656755397312,81.06257874584378,-16.756380995298628,68.41659975341588,-12.392356293752641,59.510553631221455,-7.934846905033055,52.81171011450135,-3.47289528366332,47.49355761623178,1.2368312377652728,42.8575326018572,7.071434634366881,41.45872390707905,13.335285426090593,39.99029769735114,17.922569414492784,37.79916816991181,24.10879857671324
120.83542650470997,-28.2237844249791,123.52418893732522,-26.673911030762326,130.4172969251896,-12.073807946675629,129.7618900808808,-1.9533962839315677,119.38659836326246,1.4060764766430225,105.33143236591968,-4.518998723803065,95.0557481335386,-11.694412213975852,81.81595151774775,-16.820486587524215,69.1000194331732,-12.819569168330418,60.0246259610924,-8.538516630523361,53.242874865256454,-4.139745237360273,47.8360048538583,0.49913140562762237,43.067770374079146,6.278481826723294,41.55539593520916,12.521728949304986,40.037463827637,17.10013863061505,37.837473022282666,23.311378326306738
121.08908050611478,-28.99829765109547,123.6200943612647,-27.42468661011185,130.52244654867468,-12.805748282763489,130.52582810865817,-2.334024438847905,120.19792167798141,1.532058105365877,106.03883586832683,-4.170068250364011,95.82248297079923,-11.459614131686521,82.58011530497583,-16.859413410733964,69.79338840945877,-13.233089037866364,60.54395402879538,-9.137765767266728,53.67764832819694,-4.803327162646497,48.1833459261228,-0.2386629477128963,43.28237976396758,5.484483373701494,41.639872187685114,11.706299616742285,40.072017313959805,16.277438963849022,37.86119740385334,22.514515857989977
121.33173993470768,-29.774312633536454,123.70471188905606,-28.17580365697569,130.6241028425385,-13.547133637373634,131.2707708636607,-2.731142735627543,121.00720559199124,1.6470545070642402,106.74560316223494,-3.8158851864168355,96.58830391931224,-11.209771678033178,83.35412893294756,-16.87386703002204,70.49577369106794,-13.632541005118469,61.06858167676171,-9.732155505380945,54.116123181000034,-5.463522700705653,48.53584065082396,-0.9765573479122622,43.50181403529439,4.689427946647584,41.7163685395268,10.88911707272132,40.093487248671295,15.45457238881636,37.86979893173964,21.718334817954712
121.56259431211777,-30.551831111455442,123.77769155373596,-28.927126667954553,130.72209543018175,-14.297209820345813,131.99397486335567,-3.145249504164042,121.81393139012528,1.7503209549387861,107.45206139608774,-3.457266502465586,97.35286417854854,-10.94539402251985,84.1370512270829,-16.864553010482723,71.20624228679617,-14.017550172844665,61.598552747423014,-10.321247034983799,54.55839210134309,-6.120213492721177,48.89374884576057,-1.714557320626625,43.726526451830864,3.8933042169077225,41.785948617733766,10.070397023059797,40.10140272412343,14.631640880138661,37.863207390634784,20.922923794587746
121.78083315997401,-31.330854824005996,123.83868338834145,-29.678520139649322,130.8162539350053,-15.055222641519777,132.6926966252105,-3.576843074351075,122.61758035721687,1.841112722190303,108.15853771832928,-3.095029169014367,98.11581694797928,-10.66699033465045,84.9279410128014,-16.83217691721012,71.9238612054387,-14.38774164380294,62.13391108321082,-10.904601546193192,55.0045477669031,-6.773281179876733,49.257330328731314,-2.452668391512077,43.95697027734889,3.0961008558281833,41.8492807921117,9.250357443555629,40.10143702451387,13.808736193223524,37.84250401321344,20.12820603936899
121.98564599990516,-32.111385510341506,123.88733742590955,-30.42984856866076,130.90640798040977,-15.82041791073516,133.36419266669236,-4.026421776082373,123.41763377809957,1.918685082019465,108.86535927740329,-2.7299901565673395,98.87681542707503,-10.37506978392895,85.72585711552301,-16.777444315298396,72.64769745579088,-14.742740520751283,62.67470052655676,-11.481780229126798,55.45468285535742,-7.422607403355869,49.62679739007558,-3.190895848398384,44.19359877561999,2.2978065347550682,41.907033432466164,8.429216310006723,40.10143702451387,12.98589964257576,37.808796881053354,19.334056108542654
122.17622235354031,-32.89342490961542,123.92330369947717,-31.18097645158963,130.99238718979586,-16.592041437831824,134.00571950526864,-4.494483939251495,124.21357293760673,1.9822933076270601,109.57285322175358,-2.362966435628607,99.63551281530692,-10.070141539859321,86.52985836066728,-16.70106076984183,73.37681804664817,-15.08217190644757,63.22096491989225,-12.05234427390252,55.908890044383156,-8.068073804342191,49.99991879080778,-3.929148751648995,44.43686159562685,1.498409927006719,41.959874908602615,7.607191598211102,40.10143702451387,12.163157007110215,37.763193314224964,18.5403485515198
122.35175174250833,-33.676974760981125,123.94623224208112,-31.93176828503664,131.07402118656444,-17.369339032649407,134.61453365840657,-4.9815278937521725,125.00487912057167,2.0311926722137628,110.28134669982398,-1.9947749767022174,100.39156231214577,-9.752714771945534,87.33900357365405,-16.603731845934533,74.11028998680592,-15.405660903649846,63.77274810564893,-12.615854870638145,56.36726201165766,-8.709562024019135,50.3754923716499,-4.667092818966523,44.68301187579675,0.697977973935906,42.008473590326616,6.7845012839666765,40.10143702451387,11.340534061407766,37.70680063279883,17.746957917711597
122.51142368843819,-34.46203680359207,123.95577308675843,-32.68208856560261,131.15113959411622,-18.1515565050276,135.1878916435735,-5.488051969477908,125.79103361182797,2.064638448980361,110.99116686005846,-1.6262327502923313,101.14461711706235,-9.423298649691503,88.15235157990298,-16.486163108670723,74.84718028505938,-15.712832615116042,64.3300939262582,-13.171873209451405,56.829891434858155,-9.34695370357042,50.75370362216768,-5.40435588941358,44.92875242964965,-0.10313640248796219,42.05349784744385,5.9613633430714685,40.10143702451387,10.518056580049063,37.6407261568454,16.953758756529112
122.65442771295886,-35.24861277660182,123.95156325940229,-33.43181493220578,131.22357203585182,-18.93793966480621,135.72304997823665,-6.014554496322489,126.57151769620896,2.0818859111276424,111.7026408509007,-1.258156726903053,101.89433042952783,-9.082402342601256,88.96896120483393,-16.349060123144568,75.58655595020412,-16.00331214360409,64.89304622415182,-13.719960480460259,57.29687099166165,-9.98013048417954,51.13473803192721,-6.140565802053004,45.17450914303254,-0.904514981177158,42.09561604975977,5.137995751323388,40.10143702451387,9.695750337614811,37.56607720643535,16.160625617383516
122.77995333769923,-36.0367044191637,123.93380388597836,-34.18092160911783,131.29114813517208,-19.727734321824926,136.21726517986338,-6.561533804179476,127.34581265854797,2.082190331856225,112.4160958207948,-0.8913638770384864,102.64035544901287,-8.730535020178706,89.78789127386665,-16.193128454450232,76.32748399103525,-16.27672459187204,65.46164884176119,-14.25967787378238,57.7682933597456,-10.608974007030042,51.51878109049437,-6.875350395947521,45.4207079017923,-1.7057395410440108,42.13549656707994,4.314616484520343,40.10143702451387,8.873641108685831,37.48396110163901,15.367433049685928
122.88719008428814,-36.82631347043116,123.90320505615443,-34.92942589826788,131.35369751547773,-20.5201862859235,136.66779376592103,-7.129488222942541,128.11339978367857,2.0648069843668964,113.13185891818443,-0.5266711712027359,103.3823453749884,-8.368205851927826,90.60820061242066,-16.019073667681937,77.06903141634825,-16.53269506267776,66.03594562151773,-14.790586579535614,58.24425121678712,-11.233365913305533,51.90601828743513,-7.608337510159913,45.66777459177558,-2.5063918610006795,42.17380776921004,3.4914435184603576,40.10143702451387,8.051754667842772,37.39548516252694,14.574055602847466
122.97676437396615,-37.617441115917075,123.8604846496662,-35.67734530027559,131.4110498001695,-21.314541366941626,137.07189225387685,-7.718916082505359,128.8737603564341,2.028991141860388,113.85025729151346,-0.16489557989996229,104.11995340692545,-7.995924007352585,91.42894804591594,-15.827601327933849,77.81026523493847,-16.770848658779244,66.61598040585329,-15.312247787837805,58.72483724046333,-11.85318784418962,52.29663511231536,-8.339154983752849,45.91613509882961,-3.3060537199594933,42.21121802595553,2.6686948289413976,40.10143702451387,7.230116789666454,37.30175670916958,13.780367826279246
123.06091634459301,-38.41006807350374,123.80636054624972,-36.42469731576057,131.46303461264813,-22.110045374718993,137.436961542189,-8.33024770513822,129.6263756616479,1.9739980775374306,114.5716180892257,0.1931459263657871,104.8528327442948,-7.614198655956898,92.24919239977214,-15.619417000300245,78.55025245560125,-16.990810482934478,67.20179703719919,-15.824222688806685,59.21014410845157,-12.468321440865793,52.69081705470114,-9.06743065578911,46.16621530880104,-4.104306896832611,42.24839570712197,1.8465883917613723,40.10143702451387,6.4087532487375825,37.20388306163761,12.986244269392444
123.14265675028082,-39.204149067703725,123.74155062564091,-37.17149944534248,131.50948157631433,-22.905944119095466,137.79880896491943,-8.962994205301698,130.37072698415352,1.8990830645988126,115.29626845976509,0.5466363770903513,105.58063658656738,-7.223538967244735,93.067992499409,-15.395226249875122,79.28806008713195,-17.192205637901395,67.79343935798693,-16.326072472560156,59.70026449842908,-13.078648344517603,53.08874960415824,-9.792792365331422,46.418441107536864,-4.900733170532362,42.28600918251493,1.0253421827182478,40.10143702451387,5.587689819636807,37.10297154000148,12.191559481598063
123.22203649648873,-39.99963714441509,123.6667727675756,-37.917769189641035,131.55022031456883,-23.701483409910622,138.1595558833418,-9.616006258505479,131.1062956087842,1.8035013762452081,116.02453555157547,0.8947588017696262,106.3030181332141,-6.824454110720126,93.88440717024616,-15.155734641752872,80.02275513832592,-17.374659226437927,68.39095121064827,-16.81735832921595,60.19529108807296,-13.684050196328712,53.49061825025274,-10.514867951442568,46.673238380883845,-5.694914319970962,42.324726821939976,0.2051741776099334,40.10143702451387,4.7669522769450055,37.000129464331735,11.396188012307277
123.29910648867587,-40.79648534953577,123.5827448517897,-38.66352404927579,131.58508045081237,-24.49590905700427,138.5177372813945,-10.288120066204328,131.8325628203736,1.6865082856773483,116.75674651310067,1.2366962298995645,107.01963058370575,-6.417453255886983,94.6974952377036,-14.901647741027546,80.75340461797862,-17.53779635130212,68.9943764376145,-17.29764144889191,60.69531655506057,-14.28440863748267,53.896608482550505,-11.233285253185215,46.93103301468898,-6.486432124060684,42.365216995202786,-0.613697647765548,40.10143702451387,3.946566395242826,36.89646415469883,10.600004410931263
123.37391763230107,-41.59464672896388,123.49018475801915,-39.40878152486641,131.61389160844567,-25.288466870216098,138.87188814301635,-10.978171829852784,132.55083617383343,1.5473633145225563,117.49322849278451,1.5716316909759485,107.72958323344415,-6.003070102906349,95.50631552720085,-14.633671112793365,81.47907553488528,-17.681242115251905,69.60375888131739,-17.76648302170588,61.20043357706891,-14.879605309162969,54.30690579061752,-11.947672109622204,47.19225089479903,-7.274868361713743,42.4081480721087,-1.4310553176102303,40.10143702451387,3.1265579491110316,36.79308293117322,9.802883226881079
123.44652083282358,-42.39407432859741,123.38981036599989,-40.15355911703256,131.63648341086946,-26.07840265938586,139.22054345214576,-11.684997750905552,133.29020744691843,1.3856796916086296,118.23430863907083,1.8987482144947307,108.43176464333465,-5.582039597765856,96.30992686415777,-14.352510322144497,82.20565862239107,-17.804738475762292,70.21914238418833,-18.22344423777554,61.710734831775426,-15.469521852553214,54.72169566401976,-12.657656359816201,47.457317907061,-8.059804811842412,42.45418842246352,-2.246680856126204,40.10143702451387,2.3069527131303857,36.691093113825445,9.004699009567958
123.51696699570243,-43.19472119433442,123.28233955546773,-40.897874326393946,131.65268548148458,-26.864962234353243,139.56223819272134,-12.407434030817342,134.05822493559003,1.2016848164977887,118.98031410040358,2.2172288299517504,109.12670429038542,-5.155195329337857,97.107388073994,-14.058870934175161,82.93968192374541,-17.90851193113548,70.84057078865897,-18.66808628721884,62.22631299685713,-16.054039908837012,55.141163592323096,-13.36286584282999,47.726659937321756,-8.840823253358963,42.50400641607257,-3.0603562875155035,40.10143702451387,1.4877764618815377,36.59160202272619,8.205326308402846
123.58530702639666,-43.99654037207296,123.16849020615871,-41.64174465357013,131.66232744369165,-27.647391404958,139.89550734868158,-13.144316871042747,134.85135234721054,0.995667455604007,119.73190093650112,2.5262587090551847,109.81498975498585,-4.723371564305239,97.89775798212929,-13.75345851397958,83.6806765387621,-17.992914551010074,71.46808793716082,-19.09997036015352,62.74726074999137,-16.633041119197912,55.5654950650935,-14.062928397726239,48.000702871428075,-9.617505465175554,42.55827042274166,-3.871863635980162,40.10143702451387,0.6690549699452504,36.495716977945676,7.404639672796975
123.65159183036542,-44.79948490771102,123.04898019780865,-42.38518759918077,131.6651493910639,-28.424936037695943,140.2188859039651,-13.894482473036419,135.66605338914235,0.7679163753412581,120.49194572912256,2.8251029799507137,110.49720861752564,-4.287402569350888,98.68009541398351,-13.436978626651864,84.42817257325589,-18.058298405233415,72.1017376721253,-19.51865764669742,63.27367076885537,-17.206407124819407,55.99487557189684,-14.757471863567844,48.279872595226834,-10.389433226204574,42.617648812276116,-4.680984925722271,40.10143702451387,-0.14918598809765626,36.404545299554684,6.602513652161463
123.71587231306762,-45.603507847146716,122.92452741015347,-43.128220663845525,131.64280869751633,-29.197014637421603,140.53090884251048,-14.656767038253065,136.49879176874788,0.5187203421235722,121.26034634496011,3.1131287550120987,111.1739484583943,-3.8481226111576916,99.45345919497629,-13.110136837286177,85.18170013304143,-18.1050155636529,72.74156383598404,-19.923709336968273,63.805635731126245,-17.774019566885215,56.42949060229921,-15.446124079417416,48.56459499456503,-11.156188315358179,42.68280995448163,-5.487502180943807,40.10143702451387,-0.9669206376665329,36.31919430762366,5.79882279590737
123.77819937996242,-46.40856223627799,122.79584972292912,-43.87086134818412,131.58288955016224,-29.963599361111278,140.83011114825626,-15.430006768147337,137.34603119338942,0.2483681223648091,122.03623192636007,3.389709776320103,111.84579685798121,-3.4063659564085924,100.21690815052739,-12.773638710976797,85.94078932393347,-18.133418096115918,73.38822828811942,-20.314688190128606,64.34440967269006,-18.33575524825187,56.869525645866474,-16.12851288433768,48.855295955289535,-11.917352511548643,42.75442221916376,-6.29119742584686,40.10143702451387,-1.7841232041806165,36.24077132222294,4.993441653445927
123.83862393650895,-47.214601121002886,122.66366501587152,-44.61312715281605,131.48726623398113,-30.724773127570245,141.11502780514093,-16.213037864173828,138.20423537042961,-0.042851517521000915,122.81873161566875,3.6542197859554904,112.51334139667597,-2.9629668717863638,100.96950110605655,-12.428189812817891,86.70497025174654,-18.143858072469925,74.0493836511672,-20.69124939167233,64.8953370417654,-18.891406336358614,57.3151661921645,-16.804266117391478,49.15240136324712,-12.672507593688238,42.833153976128074,-7.091852684633466,40.10143702451387,-2.600767913059144,36.17038366342331,4.18624477418814
123.89719688816615,-48.021577547219465,122.52869116871648,-45.35503557836108,131.3578130339531,-31.48061885560378,141.3841937971032,-17.004696527787303,139.06986800723075,-0.35464981111988436,123.60697455523234,3.9060325259989668,113.17716965486818,-2.5187596239738923,101.71029688698354,-12.074495707903623,87.4737730222954,-18.13668756256226,74.72651626192305,-21.053190409627803,65.45864198527602,-19.440692957338115,57.76659773075926,-17.473011617641532,49.456337104284785,-13.42123534068918,42.91967359518003,-7.889249981505657,40.10143702451387,-3.4168289897214663,36.109138651294984,3.377106707545238
123.95396914039304,-48.82944456082578,122.39164606119994,-46.09660412543883,131.19640423505757,-32.23121946401733,141.63614410808145,-17.8038189604423,139.93939281115513,-0.6867379920179246,124.40008988739714,4.144521738531239,113.83786921294723,-2.0745784796541216,102.4383543187281,-11.713261961328158,88.2467277413948,-18.11225863624037,75.4186195118441,-21.400320837752417,66.03382243077033,-19.983332938331955,58.22400575121685,-18.13437722415057,49.76752906424929,-14.16311753146374,43.02138000698949,-8.683173380271114,40.10143702451387,-4.232280659586763,36.058143605908754,2.565902002928283
124.00899159864889,-49.638155207719876,122.25324757305793,-46.837850294668954,131.0049141222746,-32.976657871616055,141.86941372201431,-18.609241363593583,140.80927348956527,-1.0388272938010914,125.19720675450924,4.369061165633013,114.49602765130271,-1.6312577055098814,103.15279825358868,-11.345193927843752,89.0233645148594,-18.070923363351596,76.12468679238748,-21.73245026980345,66.62037630579687,-20.519044106481886,58.687575743103025,-18.787990775981257,50.08640312898763,-14.897735944924193,43.15392517193857,-9.473424118214155,40.10143702451387,-5.047097148074272,36.01850584733495,1.7525052097483922
124.0623151683925,-50.4476625337997,122.11421358402617,-47.57879158667106,130.78521698058375,-33.71701699720535,142.0825376228405,-19.419799938695746,141.67597374982358,-1.410628950055468,125.99745429891493,4.579024549385053,115.15223255032402,-1.1896315682240584,103.85768348406111,-10.97086222325754,89.8032134485037,-18.013033813743334,76.84371149501021,-22.049388299538407,67.21780153790439,-21.047544288929544,59.157493195983875,-19.43348011219649,50.413385184346566,-15.624672359982696,43.31688143319707,-10.259812035711377,40.10143702451387,-5.8612526806034,35.99133269564413,0.9367908774166835
124.11399075508314,-51.25791958496336,121.9752619738407,-48.319445502064866,130.53918709496486,-34.45237975959043,142.2740507944983,-20.23433088720344,142.53595729929248,-1.8018541943670243,126.79996166296053,4.773785631868066,115.80707149040086,-0.750534334479596,104.55607411914286,-10.590471533629852,90.58580464814258,-17.938942057263034,77.57468701116943,-22.35094452071462,67.82559605464121,-21.568551312816567,59.633943599425265,-20.070473071858885,50.7489011161731,-16.34350855555158,43.509132623330856,-11.042147037395921,40.10143702451387,-6.674721482593213,35.97773147090686,0.1186335553443314
124.16406926417983,-52.06887940710891,121.83711062223745,-49.059829541469924,130.26869875039756,-35.18282907757674,142.44248822092652,-21.051670410571376,143.38568784533425,-2.2122142603219004,127.6038579889921,4.952718155162813,116.46113205192262,-0.31480027095926744,105.24828254300655,-10.204165016258457,91.37066821959058,-17.84900016375809,78.31660673232216,-22.636928527089538,68.44325778355608,-22.081783005284535,60.11711244299306,-20.69859749403122,51.09337681031411,-17.053826310543116,43.729562574905685,-11.820239027900925,40.10143702451387,-7.487477779463177,35.979371093229474,-0.7020712475485311
124.21260160114161,-52.88049504613434,121.70047740895234,-49.79996120550601,129.97562623186184,-35.90844786996945,142.58638488606357,-21.870654710254144,144.2216290953114,-2.641420381506066,128.4082724193562,5.115195861350003,117.1150018152789,0.11673635565398399,105.93462113982491,-9.812085828440786,92.15733426866245,-17.743560203075845,79.06846404992564,-22.907149912420437,69.07028465219753,-22.5869571934752,60.607185216253356,-21.317481217776276,51.447238152616364,-17.75520740386952,43.97705512048731,-12.593897911859528,40.117655589331434,-8.299444904849338,35.99924988561804,-1.5250707890895683
124.25963867142764,-53.692719547937656,121.56608021372108,-50.53985799479267,129.66184382433732,-36.629319055574,142.70427577384805,-22.69011998770651,145.04024475658628,-3.0891837915054907,129.21233409639865,5.260592492510341,117.76926836085909,0.5432412786772716,106.61540229377044,-9.414377127474495,92.94533290117283,-17.622974245063745,79.82925235543678,-23.16141827046482,69.70617458811398,-23.0837917045302,61.104347408772014,-21.926752082156725,51.81091102892674,-18.447233614443007,44.250494092641475,-13.362933593904927,40.17658674108122,-9.110228208228762,36.037133442312324,-2.3498131601913883
124.3052313804967,-54.50550595841696,121.43463691627983,-51.27953740994957,129.32922581280366,-37.345525553195614,142.79469586821847,-23.50890244438301,145.83799853652135,-3.5552157239063717,130.01517216246611,5.388281790724534,118.42451926905278,0.9638802314277655,107.29093838901599,-9.011182070657242,93.73419422293648,-17.487594359569187,80.59796504031272,-23.399543194980026,70.3504255188542,-23.57200436559117,61.6087845101149,-22.526037926235404,52.184821325092344,-19.12948672117591,44.54876332393394,-14.127155978670203,40.276324338834684,-9.919310461969928,36.09240871977295,-3.1757372201978455
124.3494306338082,-55.31880732347025,121.30686539636429,-52.01901695159631,128.9796464822408,-38.057150281639565,142.85618015311343,-24.325838281738356,146.61135414247894,-4.039227412294565,130.81591575990444,5.497637498073402,119.08134212024959,1.3778189472225222,107.96154180973417,-8.602643815286513,94.52344833976792,-17.33777261643951,81.3735954960107,-23.621334279723442,71.00253537196659,-24.05131300379969,62.12068200984811,-23.114966589074925,52.56939492695972,-19.80154850298038,44.87074664693057,-14.886374970788495,40.414473173448755,-10.726174178954409,36.164462674461106,-4.002281828452851
124.39228733682103,-56.132576688995584,121.1834835337105,-52.75831412035268,128.6149801176283,-38.764276159711244,142.88726361247154,-25.139763701227196,147.35677528182146,-4.540930090256211,131.61369403106016,5.588033356637538,119.74032449483889,1.7842231593787687,108.62752494009771,-8.188905518660022,95.31262535748192,-17.173861085522162,82.15513711398762,-23.826601118452515,71.66200207499969,-24.521435446297517,62.640225397537506,-23.693165909738184,52.96505772037597,-20.463000738768756,45.21532789419712,-15.640400474893,40.58863803578038,-11.530301872063774,36.252682262837425,-4.828885844300316
124.43385239499423,-56.94676710089095,121.0652092080544,-53.497446416838216,128.23710100394612,-39.466986106215984,142.8849758923369,-25.949535717639037,148.0707256619114,-5.060034991377279,132.40763611827924,5.658843108497763,120.40205397321017,2.182258601213505,109.28920016427924,-7.770110338075256,96.10125538189311,-16.996211836664543,82.94158328570074,-24.01515330492458,72.32832355550227,-24.982089520226282,63.16760016274907,-24.260263727287793,53.376638846818764,-21.11345189335384,45.581390898299446,-16.389042395616855,40.79642371668649,-12.331176054179707,36.35645444136276,-5.654988127084096
124.47417671378685,-57.76133160505441,120.9527602991318,-54.236431341672585,127.8478834261739,-40.165363039959004,142.8408204239338,-26.7544437317207,148.7496689901111,-5.596253349243909,133.1968711639082,5.709440495734782,121.06711813575316,2.5710910060439005,109.94687986645147,-7.3464014308298715,96.88886851881625,-16.805176939713988,83.73192740260697,-24.18680043289703,73.00099774102262,-25.432993052727625,63.70299179504866,-24.81588788078659,53.81633874705642,-21.752784487784652,45.9678194918032,-17.132110637593144,41.035435007024034,-13.128279238183666,36.475166166498184,-6.480027536147986
124.51331119865813,-58.576223247384064,120.84685468667863,-54.97528639547545,127.44920166929148,-40.85948987974564,142.7551736781221,-27.554185262155954,149.39006897378295,-6.149296397442015,133.98052831029315,5.739199260429302,121.73610456285724,2.9498861071870692,110.60087643078703,-6.91792195422147,97.67499487406599,-16.601108464518006,84.52516285616355,-24.341352096127252,73.6795225591095,-25.873863870943183,64.24658578400238,-25.359666209297245,54.28350082440954,-22.38104206927403,46.37349750727424,-17.86941510545506,41.30327669764995,-13.921093936957277,36.60820439470456,-7.3034429308358995
124.55130675506689,-59.3913950737778,120.74821025043082,-55.714029078866474,127.04293001827853,-41.54944954438116,142.62979572057907,-28.348473782282326,149.98838932028934,-6.718875369557679,134.75773669978025,5.747493144662087,122.40960083491177,3.317809637960181,111.25150224145864,-6.484815065547593,98.45916455345696,-16.384358480923936,85.3202830378275,-24.47861788837264,74.36339593731134,-26.304419802014593,64.79856761917597,-25.89122655188254,54.77664285808885,-22.998270241131706,46.79730877727832,-18.600765703835748,41.59755357942129,-14.709102663382168,36.754956082442504,-8.124673170491747
124.58821428847239,-60.206800130133786,120.65754487012418,-56.45267689246526,126.63094275811477,-42.235324952670965,142.4664466169819,-29.137022765437393,150.5410937369927,-7.304701499176929,135.52762547471582,5.733695890513843,123.0881945323066,3.6740273316802927,111.89906968263904,-6.0472239221059,99.2409076628038,-16.155279058779115,86.11628133905594,-24.598407403390638,75.05211580317689,-26.72437867308355,65.36196027995231,-26.41021147068807,55.294282627305165,-23.60451460666735,47.23813713438119,-19.32597233736834,41.915870443194876,-15.49178793033991,36.914808186173104,-8.943157114459325
124.62408470433365,-61.02239146234996,120.57557642549489,-57.19124733689148,126.21511417378008,-42.917199023420324,142.26688643300815,-29.919545684958678,151.04464593125556,-7.90648601988579,136.28932377744604,5.697181240065277,123.772473235431,4.017704921664574,112.54389113850084,-5.605291681193933,100.01975430792129,-15.914222267931052,86.91215115130603,-24.700530234938526,75.74518008425446,-27.133458311291633,65.94577859542801,-26.916437903455233,55.83493791126921,-24.19982076919075,47.69486641114872,-20.044844910685924,42.25583207982777,-16.268632250712074,37.08714766235721,-9.758333622082546
124.65896890810961,-61.83812211632443,120.50302279627851,-57.929757912764785,125.7973185502542,-43.595154675434515,142.03287523433505,-30.695756014183644,151.49550961044008,-8.523940165270346,137.04196075031734,5.637322935397094,124.46302452467467,4.348008141230082,113.18627899321666,-5.159161500109292,100.79523459462405,-15.661540178227028,87.70688586603478,-24.784795976773808,76.4420867080928,-27.531376543780596,66.54976205480591,-27.409836836291845,56.39712648919169,-24.784234332011522,48.166380440146554,-20.75719332842175,42.61504328017679,-17.03911813738023,37.27136146745556,-10.56964155270532
124.69291780525953,-62.65394513795525,120.44060186221122,-58.668226120704844,125.37943017251678,-44.26927482751893,141.7661730866398,-31.46536722644987,151.8901484819088,-9.156775168916568,137.78466553567569,5.553494718590116,125.16043598042688,4.664102723693986,113.82654563095934,-4.708976536149578,101.56687862872673,-15.397584859514552,88.49947887469921,-24.851014222653816,77.14233360224046,-27.917851197692073,67.17288431493307,-27.890341226884573,56.97936614028322,-25.357800898439393,48.65156305394066,-21.4628274952089,42.99110883509911,-17.802728103226002,37.46683655792924,-11.376519765671446
124.72598230124231,-63.4698135731403,120.38903150302883,-59.40666946133126,124.96332332554766,-44.939642398478725,141.46854005559987,-32.22809279509488,152.2250262530241,-9.80470226441048,138.5165672758675,5.445070331724935,125.86529518307736,4.9651544023734,114.4650034359014,-4.254879946612448,102.33421651604397,-15.122708381640962,89.28892356875656,-24.898994566335944,77.84541869424584,-28.292600100167647,67.81411903265655,-28.357884032920026,57.58017464375473,-25.92056607178415,49.14929808509669,-22.16155731568051,43.38163353545144,-18.55894466113091,37.672959890238985,-12.178407120324835
124.75821330151712,-64.28568046777781,120.34902959846727,-60.1451054352637,124.55087229432661,-45.60634030711935,141.14173620689257,-32.98364619345614,152.49660663114844,-10.467432685338167,139.24263325839524,5.311441747173603,126.57818971301549,5.250328910585495,115.10196479221565,-3.797014888795445,103.09677836239064,-14.837262814453652,90.07421333966386,-24.92854660157758,78.55083991165759,-28.65534107834901,68.4724398648234,-28.812398212085043,58.19806977881683,-26.472575455355468,49.658469366180384,-22.853192694469783,43.784222172090836,-19.307250323976632,37.88911842084565,-12.97474247600934
124.78966171154286,-65.10149886776571,120.32131402826246,-60.883551543121825,124.14395136383337,-46.26945147224609,140.78752160619513,-33.73174089487122,152.70135332364418,-11.144677665285656,140.00035969184376,5.152490189454568,127.29970715063098,5.518791981647269,115.73774208407474,-3.335524519996113,103.85409427358127,-14.541600227800018,90.85434157887812,-24.939479922136172,79.25809518202436,-29.005791959377802,69.14682046828068,-29.253816722066233,58.831569324680345,-27.013874652463016,50.177960729757615,-23.537543536209796,44.196479535874346,-20.047127604644686,38.11469910621008,-13.764964692068872
124.82037843677881,-65.91722181900207,120.30660267215023,-61.62202528552524,123.74443481904757,-46.92905881266421,140.40765631918487,-34.4720903726776,152.83573003787365,-11.836148437838972,140.792352416526,4.968628476887204,128.03386829317446,5.769753122373459,116.37264769565127,-2.870551997512166,104.6056943554305,-14.23607269152751,91.6283016778566,-24.931604121769,79.96668243289457,-29.343670570395716,69.83623449987556,-29.682072520550378,59.47919106055588,-27.544509266416526,50.70665600839425,-24.214419745533746,44.616010417658686,-20.778059016016698,38.349088902793255,-14.54851262784723
124.850414382684,-66.73280236738486,120.30431212546887,-62.360544163093664,123.3541969449492,-47.58524524717899,140.00390041153912,-35.204408100212845,152.89620048119934,-12.541556236584086,141.61348418333273,4.760296144705535,128.78782877606795,6.002787562173239,117.00699401111797,-2.4022404786410902,105.35110871375298,-13.92103227548347,92.39508702805631,-24.904728794233563,80.67609959181686,-29.668694738544332,70.5396556164551,-30.097098565224144,60.139452765654255,-28.064524900525726,51.24343903465592,-24.883631227074716,45.04041960830102,-21.499527070974295,38.59167476705602,-15.324825142688326
124.87982045471733,-67.54819355881216,120.30435019039214,-63.09912567644665,122.97511202651788,-48.23809369459582,139.57801394893534,-35.928407550814484,152.89912299408195,-13.260575834562303,142.45862774315503,4.5279327281436395,129.55967667913808,6.217652556860855,117.64109341464757,-1.930733120680543,106.08986745436357,-13.596831049515288,93.15369102093428,-24.858663533287142,81.38584458633989,-29.980582290965344,71.25605747486622,-30.4988278137742,60.810872219186194,-28.573967158100288,51.78719364110839,-25.5449878854659,45.46731189865818,-22.211014282398935,38.84184365545923,-16.09334109593601
124.90864755833798,-68.363348439182,120.3045033906028,-63.837787326203966,122.6047872203078,-48.887689450591836,139.13175699705062,-36.64380219781998,152.89776824497392,-13.992522747857038,143.32265584688355,4.27197776243554,130.34713942476458,6.414106688882441,118.27525829041258,-1.4561730809280675,106.8215006830768,-13.263821083470361,93.90310704794763,-24.79321793268724,82.09541534401194,-30.279051054800448,71.98441373195612,-30.887193223887266,61.491967200362524,-29.072881642449943,52.336803660317514,-26.198299625340383,45.89429207958722,-22.9120031631723,39.098982524463736,-16.8534993469342
124.93694659900495,-69.17822005439245,120.30485236695313,-64.57654661298517,122.19837421459499,-49.53423735575194,138.66688962156252,-37.35030551456697,152.8953091955908,-14.736508104152051,144.20044124540937,3.9928707828153733,131.14794443532696,6.59190854068396,118.90980102258595,-0.9787035166813212,107.54553850570744,-12.922354447196142,94.64676529009478,-24.70828191907475,82.80430979238179,-30.563818857191222,72.72369804457185,-31.26212775325007,62.18125548839373,-29.56131395688442,52.891152924849166,-26.843376351331358,46.31896494194507,-23.601976226175964,39.36247833053051,-17.604738755026744
124.96476848217742,-69.9927614503415,120.30547776029505,-65.31542103740992,121.74915288182069,-50.17811537438757,138.18517188814815,-38.04763097439286,152.89175719418256,-15.491640667868921,145.08685668962312,3.6910513245171614,131.95981913320497,6.750816694711602,119.54503399534019,-0.4984675852378473,108.26151102807,-12.572783210540024,95.39122742235963,-24.604218878235713,83.5123344432618,-30.834603525279363,73.47288406956045,-31.623564359549334,62.87725486249087,-30.039309704713446,53.44912526726898,-27.480027968072022,46.73893527658856,-24.280415984291494,39.63171803012017,-18.3464981795575
124.99245686351207,-70.80692973981604,120.30646021148107,-66.05442810009788,121.26439374409063,-50.819715026237475,137.68836386248495,-38.73549205063517,152.88712358899886,-16.257029203429283,145.9767749304159,3.366958922774984,132.78049094077812,6.890589733411389,120.18126959284803,-0.015608443895246182,108.96894835597936,-12.215459443349346,96.13631846181659,-24.481565057039916,84.2223536168483,-31.091122886206506,74.2309454637691,-31.971436000471726,63.578483101864435,-30.506914489246697,54.009604520142716,-28.1080643801954,47.1518457351367,-24.946804962047054,39.906088579693915,-19.078216479870377
125.020544645624,-71.62071256738346,120.30788036136312,-66.79358530166871,120.75136732351007,-51.45942783104027,137.17822561025014,-39.413602216631546,152.88141972828942,-17.031782475254715,146.86506871867846,3.02103311282292,133.60768728042603,7.010986239229396,120.81882019928207,0.46973075004882503,109.66738059525005,-11.850735215471502,96.88176985965981,-24.340856956365144,84.93519372843912,-31.33309476711429,74.99685588404475,-32.30567563370391,64.28345798572514,-30.964173913793843,54.57147451603623,-28.72729549233469,47.57795650028811,-25.60079659664723,40.18497693571237,-19.799332515309175
125.04885827712917,-72.43411145012232,120.3098188507937,-67.53291014274203,120.21734414218463,-52.097645308534766,136.65651719712116,-40.081674945719385,152.87465696030392,-17.815009247766795,147.74661080530166,2.653713429895106,134.43913557452856,7.111764794611702,121.45799819881506,0.9574068392968229,110.35747206326278,-11.478949515384897,97.62731306708315,-24.1826310770889,85.65086569375467,-31.56023699514435,75.76958898723444,-32.626216216932676,64.99069729328392,-31.41113358166467,55.1336190875154,-29.33753120912303,48.03434603402627,-26.242646144744526,40.4677700546365,-20.509285145217802
125.07720305268845,-73.2471279746805,120.31235632062487,-68.27242012393754,119.66959472221981,-52.734758978459524,136.12499868877535,-40.73942371123627,152.8668466332922,-18.605818285387215,148.61627394117647,2.2654394092255075,135.272563245465,7.192683982004439,122.09911597561961,1.4472766665511472,111.04254207369502,-11.100295479161502,98.37267953528055,-24.007423920088854,86.36938042851523,-31.77226739743844,76.54811843018535,-32.932990707844624,65.69871880375138,-31.847839096168855,55.69492206714585,-29.938581435193612,48.51901146315083,-26.872741257649466,40.753854892927166,-21.207513228940115
125.10538426696269,-74.0597637277059,120.31557341170878,-69.0121327458748,119.11538958572112,-53.37116036055329,135.5854301508898,-41.38656198651972,152.85800009550394,-19.403318352537497,149.46893087719366,1.8566505860482039,136.10569771561518,7.253502383853629,122.74248591386856,1.9391970745141975,111.72289420704146,-10.714875015573341,99.11760071544609,-23.815771986242623,87.09074884844085,-31.968903801138083,77.33141786974454,-33.22593206412654,66.40604029633823,-32.274336060616065,56.25426728749335,-30.530256075179523,49.029949914461895,-27.491469586672565,41.04261840704521,-21.893455625820025
125.13320721461275,-74.87202029584648,120.31955076489783,-69.75206550917352,118.56199925479393,-54.00724097455475,135.0395716491421,-42.02280324490721,152.84812869518896,-20.206618213639217,150.29945436424418,1.4277864955973314,136.93626640735874,7.293978582605291,123.38839591779401,2.4330248549376847,112.39858589773053,-10.32278863687344,99.86180805877382,-23.608211776427936,87.81498186925205,-32.14986403338497,78.11846096275906,-33.504973243465145,67.11117955025532,-32.69067007831609,56.810538581123865,-31.1123650337139,49.56515851475922,-28.099218783124286,41.33344755345149,-22.566551195201384
125.16047719029973,-75.6838992657502,120.32436902104405,-70.49223591445337,118.01669425154398,-54.643392340202524,134.48918324920942,-42.647860959736306,152.83724378059696,-21.014826633113955,151.10271715321892,0.9792866731069694,137.7619967430752,7.3138711607056734,124.03061077938207,2.928375989838173,113.0696745801904,-9.924136855314543,100.60503301645747,-23.38527979152235,88.54209040666876,-32.3148659213208,78.90822136607596,-33.77004720354705,67.81265434471322,-33.0968867525786,57.36261978060293,-31.68471821542994,50.12263439084268,-28.696376498315203,41.64374374346494,-23.226349385891012
125.18699948868436,-76.495402224065,120.33010882099973,-71.23266146233391,117.48674509807654,-55.28000597723536,133.93602501676912,-43.261448604344594,152.82535669997765,-21.82705237538346,151.8735919950086,0.5115906538110835,138.5806161451443,7.312938700600682,124.6653463445216,3.4240693101163515,113.73621768884948,-9.519020183149678,101.34700703969122,-23.147512532403482,89.2720853764115,-32.46362729208721,79.69967273654231,-34.02108690205898,68.50898245892279,-33.49303168671332,57.909662064079725,-32.24712552496072,50.70037466951226,-29.28333038355578,42.0056497489976,-23.87316926945755
125.21257940442752,-77.3065307574388,120.33685080561713,-71.9733596534349,116.97942231649733,-55.917473405391945,133.38185701749842,-43.86327965206948,152.81247880158094,-22.642404204869138,152.60695164050424,0.025137972943809928,139.38985203594564,7.2909397847365085,125.2943859530236,3.9187589220168775,114.39827265813608,-9.107539132631757,102.08746157966903,-22.895446499949003,90.0049776942003,-32.595865972825834,80.49178873100527,-34.25802529668772,69.20105619823835,-33.879150484029935,58.463166535099276,-32.799396866939446,51.29637647756783,-29.86046809015653,42.41567907211936,-24.507657044415225
125.23702223219038,-78.11728645251958,120.34467561574832,-72.71434798837589,116.50199642891164,-56.55618614441096,132.82843931707487,-44.45306757624854,152.79862143365642,-23.459990885992738,153.29766884059666,-0.47963183426077194,140.18743183785875,7.247632995559172,125.91951294469948,4.411098931784352,115.0558969224785,-8.689794216013581,102.82612808758472,-22.629618195036585,90.74077827575559,-32.71129979067831,81.28354300631179,-34.48079534511993,69.89724072892568,-34.25528874783822,59.02961159941458,-33.34134214599925,51.90863694180916,-30.428177269427977,42.869442868685496,-25.13046010673321
125.26013326663349,-78.9276708959552,120.35366389224566,-73.45564396777655,116.06173795742518,-57.19653571403103,132.27753198117557,-45.03052585021925,152.7837959444538,-24.27892118317584,153.94061634617674,-1.0022792325685828,140.97108297326338,7.182776915514751,126.54251065936046,4.899743445663489,115.70914791630491,-8.26588594554812,103.56273801463249,-22.350564118543787,91.4794980367974,-32.809646572786335,82.07390921930892,-34.68933000504228,70.59842285930574,-34.6214920814478,59.608826434727575,-33.87277126677321,52.53515318903635,-30.98684557268058,43.36255229455105,-25.742225852380784
125.28171780241814,-79.73768567439367,120.36389627596122,-74.1972650922566,115.66591742414323,-57.83891363399084,131.73089507547797,-45.59536794731923,152.768013682223,-25.098303860839906,154.53066690813534,-1.5423646867455432,141.73853286453902,7.096130127049321,127.1651624368177,5.383346569898947,116.35808307404375,-7.835914833488289,104.29702281200616,-22.058820771348337,92.22114789304612,-32.89062414629154,82.86186102684383,-34.883562234141436,71.30460748869325,-34.97780608816839,60.20064021874077,-34.393494133894535,53.17392234604915,-31.536860651224913,43.89061850557118,-26.34360167732717
125.30158113420487,-80.54733237448289,120.37545340774739,-74.93922886243558,115.3218053511714,-58.483711424029195,131.1902886656593,-46.14730734088596,152.7512859952136,-25.917247683406686,155.06269327736334,-2.0994486615576875,142.48750893406554,6.987451212609017,127.78925161688244,5.86056241073527,117.0027598301233,-7.399981392087,105.02871393089981,-21.754924654327795,92.96573876022194,-32.95395033833552,83.64637208576357,-35.06342499010424,72.01579951640304,-35.324276371309736,60.80488212915611,-34.90332065199641,53.822941539647445,-32.07861015637144,44.44925265760105,-26.93523497754154
125.31952855665486,-81.35661258287081,120.3884159284562,-75.68155277893322,115.03667226061532,-59.13132060388466,130.65747281739687,-46.686057504256894,152.73362423167544,-26.7348614152977,155.53156820475158,-2.6730916217708227,143.21573860422234,6.856498754639858,128.41656153936606,6.330045074417228,117.64323561897186,-6.95818613359711,105.75754282250728,-21.439412268359774,93.71328155404512,-32.99934297606001,84.42641605291533,-35.228851230617295,72.73200384174959,-35.660948534181614,61.421381343675876,-35.40206072571186,54.4802078966311,-32.612481739430734,45.034065906495925,-27.51777314899317
125.33536536442898,-82.16552788620538,120.40286447893993,-76.42425434236918,114.81778867458024,-59.78213269329592,130.1289773619808,-47.211331910769616,152.71503973985818,-27.550253820934586,155.93216444119105,-3.2628540321509263,143.92094929738914,6.703031335587923,129.0488755440797,6.7904486671893665,118.27956787501762,-6.51062957027159,106.48324093802262,-21.112820114322005,94.46378719023585,-33.02651988660659,85.20096658514592,-35.37977391336727,73.45322536404774,-35.987868180093585,62.04996704000234,-35.88952425967409,55.14371854380022,-33.1388630517132,45.64066940811085,-28.091863587651233
125.34889685218798,-82.9740798711345,120.41887970005087,-77.167351053363,114.67242511517179,-60.436539212001776,129.5846142348031,-47.7228440337617,152.69554386801167,-28.362533664738976,156.2593547375725,-3.8682963574639757,144.60086843594559,6.526807537899344,129.6879769708347,7.240427295296342,118.91181403268911,-6.057412214363296,107.2055397286399,-20.775684693092046,95.21726658451439,-33.03519889711703,85.96899733930252,-35.516125996040955,74.1794689826122,-36.30508091235549,62.69046839583757,-36.36552115851629,55.81147060795445,-33.658141744529416,46.26467431830099,-28.658153689484948
125.35992831459293,-83.78227012430614,120.43654223264116,-77.91086041253442,114.60093306252475,-61.09493167974074,129.022478355084,-48.220307346570564,152.6751479643857,-29.170809711132335,156.50801184478678,-4.488979062475778,145.25438044165264,6.327585944020143,130.33564915944226,7.6786350649828705,119.5400315264144,-5.598634578125143,107.92417064555298,-20.42854250554757,95.97373065260103,-33.02509783473283,86.73321858136865,-35.63784043632501,74.9107395967576,-36.61263233427695,63.34271458888384,-36.82986132687154,56.48146121589377,-34.17070546918984,46.9016917929215,-29.21729085046354
125.36826504630471,-84.59010023236829,120.45593271756297,-78.65479992050308,114.54584901373971,-61.757701616251666,128.442911763491,-48.70343532253378,152.65386337722987,-29.974190724536413,156.67300851372488,-5.124462611952367,145.89712302228781,6.105125136396396,130.99367544971346,8.103726082493495,120.1642777906219,-5.1343971738101,108.63886513995578,-20.071930052566188,96.73319031021606,-32.995934526595704,87.4997506445983,-35.74485019190615,75.64704210579873,-36.91056804916775,64.00653479684331,-37.28235466937298,57.15168749441807,-34.67694187700505,47.547332987827645,-29.76992246655624
125.37371234198429,-85.3975717819688,120.47713179566858,-79.3991870778886,114.49274206263385,-62.425240541273126,127.84625650069177,-49.17194143498887,152.63170145479387,-30.771785469372674,156.74921749527755,-5.774307470659664,146.53450806999365,5.859183697474236,131.66383918145982,8.514354454072986,120.7846102597399,-4.6648005136709685,109.3493546630425,-19.706383835025576,97.49565647307952,-32.94742679984739,88.2687025164413,-35.83708822047112,76.38838140905023,-37.1989336603375,64.68175819741828,-37.722811090653806,57.82014657032721,-35.177238619285504,48.197209058874364,-30.31669593373232
125.3760754962924,-86.20468635975561,120.50022010781015,-80.14403938531063,114.44161416857389,-63.097939974543806,127.23285460735383,-49.62553915727341,152.58804337355855,-31.562702710062865,156.7540101458235,-6.43807410336359,147.16630583737367,5.589520209699685,132.34792369449247,8.909174285965832,121.40108636819673,-4.189945109960718,110.05537066600687,-19.33244035380335,98.26114005691193,-32.87929248162942,89.04006437079454,-35.91448747970651,77.13476240582679,-37.47777477109605,65.3682139683109,-38.151040495347104,58.48483557042118,-35.671983347341666,48.84693116191704,-30.85825864796095
125.37248018783794,-87.0114455523767,120.52527829483995,-80.8893743433888,114.39246729092667,-63.776191435802446,126.60304812414506,-50.06394196272481,152.49143089364804,-32.34605121102845,156.7539392014636,-7.115322974830008,147.7922865770313,5.295893255518877,133.04714941624502,9.286839684416861,122.01376355042066,-3.7099314749322616,110.75664460004305,-18.950636109777122,99.02965197743322,-32.79124939908348,89.81382638155503,-35.97698092729911,77.88618999544315,-37.74713698475301,66.06573128722323,-38.56685278808607,59.143751621499746,-36.16156371248417,49.49211045281072,-31.395258005211303
125.35693723704242,-87.81785094648001,120.55238699761014,-81.6352094527428,114.34530338905893,-64.46038644478773,125.95717909173311,-50.486863324680655,152.34345577133104,-33.12093973669113,156.7537070829734,-7.805614549824895,148.41222054157004,4.9780614173777735,133.75533628479013,9.64600475567056,122.62269924084,-3.224860120838514,111.452907916345,-18.561507603824566,99.8012031503639,-32.68301537935122,90.58997872261966,-36.024501520935644,78.64266907721401,-38.00706590461806,66.77413933185767,-38.97005787350378,59.79489185036289,-36.64636736602341,50.12835808741056,-31.928341401452656
125.32959656899698,-88.62390412871349,120.581626856973,-82.38156221399231,114.30012442233715,-65.15091652123829,125.29558955078551,-50.89401671647846,152.14612258618524,-33.886477051472355,156.75321797825973,-8.50850929311423,149.02587798359332,4.6357832777226236,134.47034227977292,9.985323605971644,123.22795087388306,-2.7348315599323314,112.14389206610656,-18.16559133682324,100.57580449142404,-32.55430824957432,91.36851156788532,-36.05698221830272,79.4042045504541,-38.257607134001034,67.49326727991627,-39.36046565623343,60.43629567343862,-37.12678195926998,50.75128522157172,-32.45815623265423
125.2908498073208,-89.42960668572505,120.61307851378069,-83.12845012775688,114.25693235012818,-65.84817318489286,124.6186215419699,-51.28511561145581,151.90143591778792,-34.64177191979394,156.75237607522945,-9.223567669463876,149.63302915570443,4.268817418999333,135.1922141276001,10.303450341564712,123.82957588397812,-2.2399463044666845,112.82981339763603,-17.763423809650874,101.3534669163339,-32.404845836894424,92.14941509124901,-36.07435597708712,80.17080131447801,-38.49880627621155,68.22294430910131,-39.737886040908165,61.07500731150333,-37.60319514353432,51.35650301114936,-32.98534989478526
125.24108857563294,-90.23496020416258,120.64682260888537,-83.87589069465622,114.21572913179875,-66.55254795549007,123.92661710595416,-51.659873482950104,151.6114003457169,-35.38593310607729,156.75108556178952,-9.950350143639753,150.23344431050702,3.8769224236540936,135.92099855467802,10.59903906869448,124.4276317055535,-1.7403048666943732,113.51225969785776,-17.35554152318508,102.13420134081377,-32.23434596845317,92.93267946660774,-36.076555754975516,80.94246426860059,-38.730708934559345,68.96299959711496,-40.10212893216112,61.717243848655585,-38.075994570126966,51.93962324352833,-33.5105697838149
125.18070449755248,-91.03996627067414,120.68293978313943,-84.62390141531,114.17651672671559,-67.26443235276861,123.21991828340572,-52.018003804298985,151.27802044954944,-36.11806937474415,156.74925062584657,-10.688417180407896,150.8268937006045,3.4598568741329814,136.65674228741318,10.87074389360555,125.02214454797854,-1.2360077588684248,114.19137738657571,-16.94248097830348,102.91801868058394,-32.04252647139225,93.71829486785828,-36.063514509654624,81.71919831213643,-38.95336071235408,69.7132623216595,-40.45300423462544,62.36298195294046,-38.54556789035843,52.5109453118846,-34.03446329571244
125.1100891966986,-91.84462647190759,120.7215106773948,-85.37249979033777,114.13929709424542,-67.98421789646727,122.49886711499221,-52.35922004883986,150.90330080886315,-36.837289490215994,156.74677545530778,-11.437329244534112,151.41314757860027,3.01737935288196,137.39949205221205,11.117218922542577,125.61289738932783,-0.7271554932416961,114.86716344118906,-16.52477867588368,103.70492985136457,-31.829105172853247,94.50625146889763,-36.035165198811114,82.50100834440036,-39.16680721290555,70.47356166043699,-40.790321852934255,63.0121982924029,-39.01230275553917,53.083323690669204,-34.557677826447105
125.02963429669035,-92.64894239451081,120.76261593250399,-86.12170332035925,114.10407219375486,-68.71229610632457,121.76380564138162,-52.68323568991036,150.4892460032355,-37.542702216914506,156.74356423807967,-12.196646800784379,151.99197619709776,2.5492484423472774,138.14929457548124,11.33711826175022,126.19983211923875,-0.21384858206710078,115.53961483909677,-16.10297111680336,104.49494576887582,-31.593799899977853,95.29653944362269,-35.99144078013171,83.28789926470688,-39.37109403952343,71.24372679114958,-41.11389169172071,63.66486953508786,-39.47658681697976,53.65675876447585,-35.080860771988
124.9397314211468,-93.45291562513188,120.80633618931893,-86.87152950599415,114.07084398461063,-69.44905850207931,121.01507590324127,-52.9897642008479,150.03786061224423,-38.23341631926121,156.73952116206942,-12.965930313924616,152.56314980870047,2.05522272497484,138.9061965836272,11.52909601747308,126.782942481732,0.30381246240244764,116.20872855769824,-15.677594801940131,105.2880773488381,-31.336328479907706,96.08914896593046,-35.93227421130314,84.07987597237081,-39.56626679551738,72.02358689149969,-41.423523655618,64.32097234904029,-39.93880772599073,54.23125091789802,-35.60465952830452
124.84077219368714,-94.25654775041863,120.85275208869211,-87.62199584786197,114.03961442617958,-70.19489660347017,120.2530199412389,-53.27851905499011,149.55114921546658,-38.908540561677796,156.73455041518366,-13.744740248720746,153.12643866601184,1.535060783210895,139.67024480305633,11.691806295955814,127.36222222082802,0.8257271279140923,116.87450157439253,-15.249186232171667,106.08433550697157,-31.056408739784445,96.88407020971783,-35.85759845001212,84.876943366707,-39.75237108419719,72.81297113918936,-41.7190276492592,64.98048340230514,-40.39935313388247,54.80680053552942,-36.12972149136573
124.73314823793044,-95.05984035701908,120.90194427147549,-88.37311984658248,114.01038547782832,-70.95020193023578,119.47797979604229,-53.54921372567446,149.03111639248016,-39.56718370858579,156.72855618532947,-14.532637069938744,153.68161302163526,0.9885211995013492,140.44148596017533,11.823903203443137,127.93766508054773,1.3517949022148628,117.53693086657881,-14.818281908375582,106.88373115899651,-30.75375850674976,97.68129334888181,-35.767346453945265,85.6791063470298,-39.929452508872544,73.61170871192087,-42.000213577277464,65.64337936292748,-40.85861069196562,55.38340800196352,-36.65669405714095
124.61725117749586,-95.86279503158107,120.95399337852143,-89.1249190027753,113.98315909892358,-71.71536600211482,118.69029750831896,-53.80156168623853,148.47976672286256,-40.208454524406875,156.72144266041346,-15.329181242344532,154.22844312817426,0.4153625562923935,141.21996678139044,11.924040846179594,128.50926480491148,1.8819152730519022,118.1960134116564,-14.385418331429491,107.68627522063309,-30.428095607945295,98.48080855731928,-35.661451180789356,86.48636981265429,-40.09755667285316,74.41962878739628,-42.266891344305975,66.30963689895225,-41.31696805155059,55.96107370179402,-37.18622462159931
124.49347263600248,-96.66541336075261,121.00898005068211,-89.87741081705997,113.95793724883197,-72.49078033884598,117.89031511873668,-54.03527641001972,147.89910478619117,-40.83146177356252,156.71311402834272,-16.133933230703974,154.76669923823226,-0.18465656396989516,142.00573399310838,11.990873330409897,129.07701513794007,2.41598772817224,118.85174618702422,-13.951132002211011,108.49197860760171,-30.07913787051274,99.28260600892713,-35.53984558823106,87.29873866289483,-40.25672917944871,75.23656054331798,-42.51887085497782,66.97923267842418,-41.77481286394794,56.53979801961441,-37.71896058071013
124.36220423706936,-97.46769693118165,121.0669849288098,-90.63061279005632,113.93472188692044,-73.27683646016806,117.07837466796298,-54.25007137035561,147.2911351620437,-41.435314220474424,156.7034744770241,-16.946453499783104,155.29615160441267,-0.8117775788394965,142.7988343217355,12.02305476237865,129.64090982365406,2.95391175532302,119.50412617008169,-13.51595942159787,109.3008522356223,-29.706603121593616,100.08667587760226,-35.4024626339571,88.11621779706638,-40.40701563196893,76.06233315738803,-42.755962013926194,67.65214336938857,-42.23253278046815,57.119581340018385,-38.25554933044259
124.22383760431558,-98.26964732951609,121.12808865375655,-91.3845424223839,113.9135149725555,-74.07392588581956,116.25481819666572,-54.44566004058379,146.65786242999752,-42.019120629564156,156.6924281943642,-17.76630251434773,155.816570479319,-1.4662419058702767,143.59931449367843,12.019239248330564,130.20094260607414,3.4955868422513277,120.15315033822787,-13.08043709046757,110.11290702041549,-29.310209188329736,100.89300833724178,-35.249235275654144,88.93881211448365,-40.54846163372349,76.8967758073087,-42.97797472578418,68.32834563989024,-42.69051545242178,57.70042404759943,-38.796638266765854
124.07876436136041,-99.07126614240383,121.19237186637474,-92.13921721466232,113.89431846510388,-74.8824401355393,115.41998774551234,-54.62175589404171,146.00129116963024,-42.581989765253354,156.67987936827024,-18.593040739163882,156.3277261155547,-2.1482909626162154,144.40722123534363,11.978080894510185,130.75710722922076,4.04091247670425,120.79881566886195,-12.645101509697895,110.92815387770122,-28.88967389786262,101.70159356174247,-35.08009647100897,89.76652651446113,-40.681112788022176,77.73971767078217,-43.18471889518503,69.00781615797405,-43.14914853111924,58.282326526951124,-39.34287478564926
123.92737613182271,-99.87255495649293,121.25991520751643,-92.8946546675113,113.87713432393241,-75.70277072906595,114.5742253551706,-54.778072404066904,145.32342596051933,-43.12303039196354,156.66573218664882,-19.42622863899743,156.82938876572314,-2.8581661666312357,145.22260127313746,11.898233807162228,131.30939743711474,4.589788146428873,121.44111913938309,-12.210489180166348,111.74660372319977,-28.444715077333967,102.51242172500133,-34.894979177708194,90.59936589631366,-40.80501469817466,78.5909879255106,-43.37600442676177,69.69053159168516,-43.60881966787116,58.86528916266718,-39.894906283061914
123.77006453932188,-100.67351535843119,121.330799318034,-93.65087228155045,113.86196450840782,-76.53530918613808,113.71787306630824,-54.914323043996944,144.6262713822423,-43.641351274116346,156.64989083740693,-20.26542667861429,157.32132868242786,-3.5961089354691467,146.04550133346652,11.778352092531293,131.85780697377652,5.14211333917234,122.08005772719048,-11.777136602750659,112.56826747263153,-27.975050553885467,103.32548300091537,-34.69381635343859,91.43733515935594,-40.92021296749061,79.45041574919617,-43.55164122514759,70.37646860906841,-44.06991651398789,59.44931233934108,-40.45338015497305
123.60722120747675,-101.4741489348666,121.40510483877961,-94.40788755739942,113.84881097789662,-77.3804470264945,112.85127291959282,-55.03022128716924,143.91183201437673,-44.13606117613335,156.6322595084514,-21.1101953227805,157.80331611827216,-4.362360686683985,146.8759681427374,11.617089856862094,132.4023295832269,5.697787542681681,122.71562840968329,-11.345580278328441,113.39315604171668,-27.4803981546587,104.14076756338136,-34.47654095588683,92.28043920290258,-41.026753199279824,80.31783031954114,-43.711439194975696,71.06560387816876,-44.53282672078012,60.0343964415664,-41.018943797351994
123.43923775990663,-102.2744572724472,121.48291241060531,-95.16571799567788,113.83767569176564,-78.23857576987388,111.97476695569196,-55.12548060692143,143.1821124365,-44.606268862436195,156.61274238768908,-21.960095036261862,158.2751213258597,-5.157162837829674,147.7140484273565,11.413101206399176,132.94295900948646,6.2567102447039815,123.3478281642607,-10.916356707777311,114.22128034617538,-26.96047570679542,104.9582655862963,-34.24308594273958,93.12868292626843,-41.124680996851964,81.1930608142477,-43.85520824087911,71.75791406703127,-44.997937939558255,60.62054185393686,-41.59224460616787
123.26650582023058,-103.0744419578208,121.56430267436349,-95.9243810970055,113.82856060938161,-79.1100869360148,111.08869721527333,-55.19981447659097,142.43911722818984,-45.05108309744651,156.59124366302683,-22.814686283824358,158.73651455779384,-5.980756806460079,148.55978891373024,11.165040247387253,133.47968899657576,6.818780932986442,123.97665396832201,-10.490002391974883,115.0526513017279,-26.41500103743715,105.7779672435571,-33.993384271683624,93.98207122876806,-41.214041963516706,82.075936411018,-43.98275826749108,72.45337584370077,-45.46563782163281,61.20774896104592,-42.17392997738989
123.08941701206754,-103.87410457763536,121.64935627090631,-96.68389436200187,113.82146769011126,-79.99537204465605,110.19340573900479,-55.25293636951545,141.6848509690236,-45.46961264558581,156.5676675223716,-23.673529530233964,159.18726606667792,-6.83338401012918,149.41323632826527,10.871561086070983,134.01251328851538,7.3838990952760355,124.60210279926616,-10.06705383179883,115.88727982409466,-25.84369197372564,106.59986270906086,-33.727368900405565,94.84060900971622,-41.29488170258384,82.96628628755434,-44.09389917944469,73.15196587622245,-45.936314018314306,61.7960181474873,-42.76464730698734
122.90836295903694,-104.6734467185388,121.73815384108605,-97.44427529128666,113.81639889332132,-80.89482261553627,109.28923456755376,-55.28455975903228,140.9213182385788,-45.860966271275686,156.54191815363015,-24.536185240256486,159.62714610511557,-7.715285866390843,150.27443739736805,10.531317828695023,134.5414256293261,7.951964219319848,125.22417163449245,-9.648047528126767,116.72517682899559,-25.246266342802528,107.42394215670424,-33.44497278659219,95.70430116842772,-41.36724581736303,83.86393962155876,-44.18844088137314,73.85366083264103,-46.4103541809132,62.38534979785436,-43.365043990929394
122.7237352847576,-105.47246996717917,121.83077602575474,-98.20554138547948,113.8133561783784,-81.8088301683942,108.3765257415879,-55.29439811847914,140.15052361643313,-46.22425273893782,156.51389974470942,-25.40221387865796,160.0559249257101,-8.626703792798992,151.14343884744494,10.142964581503918,135.06641976302842,8.52287579286508,125.84285745140005,-9.233519981836366,117.56635323215119,-24.62244197180945,108.25019576038437,-33.14612888793016,96.57315260421706,-41.43117991116395,84.76872559073365,-44.26619327790951,74.55843738100157,-46.888145960740076,62.97574429674103,-43.97576742518527
122.5359256128487,-106.2711759102043,121.9273034657648,-98.96771014520004,113.81234150464923,-82.73778622296845,107.45562130177507,-55.282164921193385,139.37447168216397,-46.558580812993796,156.48351648351627,-26.271175910204306,160.473372781065,-9.567879206907605,152.02028740490266,9.705155450742382,135.5874894336431,9.09653330365876,126.45815722738814,-8.824007693805243,118.41081994928152,-23.971936687888046,109.07861369399814,-32.830770162106205,97.44716821639906,-41.486729587296395,85.68047337278108,-44.326966273686935,75.26627218934902,-47.370077009105444,63.56720202874055,-44.597465005724246
