1,,2,,3,,4,,5,,6,,7,,8,,9,,10,,11,,12,,13,,14,,15,,16,,17,
96.16179034018114,40.65335513349123,90.21081823536292,34.22901024760796,73.84564494711253,17.32283949528312,57.54809634187177,-7.6306685351478905,39.492305978389254,-6.95442170505487,26.981739621669135,12.048114220558148,16.29703970619994,25.91117423746425,8.655450526149139,39.706609571361014,3.177851202395914,48.9035664606256,3.921722715498163,61.81988091540177,1.3519847611448768,72.97795361193573,0.2023651499865764,82.85115733129356,1.419609444154048,90.76324524338145,3.854098032488764,95.83509646907874,5.47709042471206,103.13856223408294,6.085712571795739,105.16730272436189,8.520201160130455,109.02190965589193
96.43568322033389,39.888965043663575,90.75350968552186,33.63706187922975,74.6228335015652,17.17228894153061,58.23321156018062,-7.305999615459314,40.31859590257477,-7.205395323783705,27.565196125189345,11.580518996399633,16.768205137067184,25.39939741001649,9.083462931912095,39.025512736719975,3.7145296418462976,48.348709463999626,4.295924861072422,61.157161585096276,1.8099567508179462,72.3272096989167,0.7247689650840812,82.2279047995159,1.82610656043164,90.08048855712798,4.1914724174909,95.11677133157201,5.857548650533545,102.42558873863646,6.47462979799775,104.49650348070458,8.90875177426335,108.33641676494881
96.70850203583313,39.12468974162101,91.2923425887218,33.0405939259237,75.39622346012618,17.020434978027765,58.919902445500725,-6.980830501601133,41.144249119391475,-7.439148213411215,28.1532946928005,11.107411562615425,17.24322790558176,24.88096498289076,9.51351130831074,38.34716104611903,4.248345819897281,47.78707006393694,4.667840202955745,60.490887175283774,2.2627587924984027,71.67133952201891,1.2419550228778462,81.59894286344417,2.2282372997229913,89.39433385344887,4.525227417744986,94.39673838668278,6.235101928151721,101.71030437547483,6.861698039203702,103.8219530543102,9.293007066212112,107.64699791923431
96.98024053440554,38.360518441457884,91.82717949911557,32.43965826713287,76.16582619467715,16.86710839183411,59.60816556392558,-6.655394881059806,41.9692646501353,-7.6560067325698355,28.745975440692405,10.629218258012713,17.722067633847246,24.35614849774987,9.945573289828303,37.671511010050835,4.779296782766437,47.21879168289928,5.037460166330675,59.8211346209024,2.710253520152719,71.01044034641035,1.7536117437356324,80.96436530374717,2.625785334457305,88.70483637080287,4.855207293420449,93.67501829128616,6.609423909071893,100.99274449639665,7.246426674090117,103.14372345380394,9.672677611765153,106.9537344616366
97.25089246377729,37.596440357268534,92.35788297085583,31.834306782300416,76.93165307709944,16.71213997000916,60.29799748154812,-6.329926441321902,42.7936415161023,-7.856297239891887,29.343178485054864,10.146365421398457,18.20468394396687,23.82521949625658,10.379626510948242,36.99851913900824,5.307379576671224,46.64401774334806,5.404776176379983,59.14798085689023,3.1523035677475946,70.34460943725907,2.259427548025087,80.32426590109384,3.01853433706367,88.0120513476486,5.18125630468694,92.9516317022572,6.980188244799592,100.27294445320052,7.628325081332946,102.4618866878111,10.047473986710543,106.25670773504385
97.52045157167481,36.83244470314736,92.88431555809507,31.22459135086939,77.69371547927437,16.55536049961256,60.98939476446151,-6.004658869874049,43.61737873858863,-8.040346094009749,29.944843942077455,9.659279391579844,18.69103645804421,23.28844952007387,10.815648606153673,36.328141943483956,5.832591247829214,46.06289166774491,5.769779658285984,58.4715028181854,3.588771569249843,69.67394405973306,2.759090856114085,79.67873843615297,3.4062679799714033,87.3160340224448,5.503218711713771,92.22659927647106,7.347068586840123,99.55093959768487,8.006902639608256,101.7765147649568,10.417106766836582,105.55599908234421
97.78891160582452,36.06852069318876,93.40633981498604,30.61056385228295,78.4520247730834,16.39660076770383,61.68235397875901,-5.679825854202704,44.440475338890224,-8.208479653555855,30.55091192795021,9.168386507363834,19.18108479818261,22.746110110864436,11.253617209927938,35.660335933970714,6.354928842457525,45.47555687855146,6.1324620372314484,57.791777439726104,4.019520158626051,68.99854147900044,3.252290088370387,79.02787668959343,3.7887699356095936,86.61683963365016,5.820938774670594,91.4999416708028,7.709738586699132,98.8267652816483,8.381668727592455,101.08767969386622,10.781286527931343,104.85168984642593
98.05626631395296,35.30465754148696,93.92381829568149,29.99227616598415,79.20659233040806,16.23569156134255,62.376871690533676,-5.355661081794494,45.262930338303136,-8.361024277162471,31.161322558862707,8.674113107557616,19.674788586485533,22.19847281029115,11.693509956754497,34.995057620961234,6.8743894067739575,44.882156798229175,6.492814738398806,57.10888165645048,4.444411969842804,68.31849896022919,3.7387136651615265,78.37177444208402,4.165823876407444,85.91452341972331,6.134260753726835,90.77167954212746,8.067871895881808,98.10045685688937,8.752132723961722,100.3954534831646,11.139723845783124,104.14386137017715
98.3225094437862,34.54084446213648,94.43661355433392,29.36978017141621,79.95742952312958,16.072463667588238,63.07294446587878,-5.032398240135933,46.08474275812341,-8.498306323462032,31.776015951004638,8.17688553096815,20.172107445056554,21.64580916001688,12.135304481116464,34.332263514948295,7.390969986995856,44.282834849239634,6.850829186970714,56.4228924032966,4.863309636866916,67.63391376858738,4.218050006855378,77.71052547429366,4.537213474794044,85.20914061912305,6.443028909051918,90.04183354732015,8.421142165893684,97.3720496752066,9.11780400739201,99.69990814147712,11.492129296179996,103.43259499648605
98.58763474305101,33.777070669231534,94.94458814509619,28.74312774802212,80.70454772312951,15.906747873500478,63.77056887088736,-4.710271016713534,46.9059116196471,-8.620652151086915,32.39493222056592,7.677130116402623,20.67300099599902,21.08839070170444,12.578978417497183,33.67191012642468,7.904667629340679,43.677734454044526,7.2064968081296,55.733886615202664,5.276075793665086,66.94488316924298,4.6899875338197035,77.04422356689122,4.902722403198709,84.50074647030794,6.7470875008153826,89.31042434325605,8.769223048240178,96.64157908839849,9.478191956559613,99.00111567742903,11.83821345491026,102.71797206824078
98.85163595947347,33.01332537686653,95.4476046221207,28.11237077524504,81.4479583022893,15.738374966138792,64.4697414716527,-4.389513099013925,47.72643594417025,-8.7283881186695,33.01801148373636,7.175273202667995,21.177428861416388,20.526488977016697,13.024509400380111,33.01395396588305,8.415479380025772,43.06699903510531,7.559809027058236,55.041941227106804,5.682573074203788,66.25150442736407,5.154214666422149,76.37296250054544,5.262134334050643,83.7893962117368,7.046280789186653,88.57747258681013,9.111788194426708,95.9090804482637,9.832805950140596,98.29914809964544,12.177686897761987,102.00007392832953
99.11450684078011,32.24959779913587,95.94552553956021,27.477561132528024,82.18767263249015,15.567175732562816,65.17045883426783,-4.070358174523676,48.54631475298902,-8.821840584842164,33.64519385670542,6.671741128571455,21.685350663412123,19.960375527616407,13.471875064248366,32.358351543816184,8.923402285268821,42.45077201488357,7.910757268939051,54.3471331739471,6.082664112449947,65.55387480811868,5.61041982503059,75.6968360559253,5.6152329397789345,83.07514508186819,7.340453034335383,87.84299893485752,9.448511255958806,95.1745891066007,10.181155366811367,97.59407741675159,12.51026020052359,101.2789819196405
99.37624113469724,31.485877150133888,96.43821345156744,26.83875069931429,82.92370208561363,15.392980959832016,65.87271752482604,-3.753039930729244,49.365547067399234,-8.901335908237229,34.276419455663245,6.166960232919962,22.19672602408957,19.390321895166494,13.921053043585289,31.705059370716867,9.428433391287058,41.829196815840874,8.259332958954701,53.64953939066169,6.476211542370038,64.85209157667481,6.058291430012559,75.01593801369961,5.961801892812787,82.3580483191609,7.629448496430882,87.10702404427332,9.779065884341776,94.43814041520812,10.52274958524788,96.88597563737267,12.83564393898314,100.55477738506187
99.6368325889515,30.72215264395487,96.92553091229502,26.19599135504683,83.65605803354117,15.215621435006028,66.57651410942037,-3.4377920551172565,50.18413190869694,-8.96720044748713,34.9116283967993,5.6613568545207045,22.711514565552193,18.816599621329715,14.372020972874338,31.05403395707782,9.930569744298168,41.20241686043886,8.60552752228773,52.94923681218876,6.863077997930873,64.14625199820057,6.497517901736046,74.33036215453723,6.301624865581289,81.63816116207357,7.913111435642804,86.36956857193263,10.10312573108115,93.69976972588438,10.857097984126426,96.17491477013391,13.153548688928709,99.8275416674818
99.89627495126899,29.958413494693275,97.40734047589558,25.54933497916886,84.38475184815422,15.034927945144432,67.2818451541441,-3.124848235174227,51.002068298178415,-9.019760561224189,35.55076079630339,5.155357332180699,23.229675909903563,18.239480247768938,14.82475648659863,30.40523181339171,10.429808390519383,40.570575571139045,8.949332384120567,52.24630237346645,7.243126113099038,63.436453337863895,6.927787660568583,73.64020225910696,6.634485530513871,80.91553884906489,8.19128611214046,85.63065317471052,10.420364447682232,92.95951239042807,11.183709942123073,95.4609668236605,13.46368502614871,99.09735610978845
100.15456196937623,29.19464891644344,97.88350469652175,24.89883345112338,85.109794901334,14.850731277306693,67.98870722509037,-2.8144421583867256,51.81935525713948,-9.059342608080783,36.19375677036544,4.649388004707021,23.751169679246914,17.659235316147033,15.279237219241509,29.75860945015137,10.926146376168276,39.93381637040301,9.290738969635981,51.54081300943284,7.616218521841347,62.7227928608329,7.348789126877932,72.94555210807766,6.960167560039395,80.19023661859359,8.463816786093503,84.89029850948208,10.730455685650554,92.21740376063781,11.502094837914115,94.74420380657756,13.765763526431215,98.36430205487005
100.41168739099953,28.430848123299654,98.35388612832628,24.244538650353604,85.83119856496216,14.662862218552391,68.69709688835235,-2.5068075122413234,52.63599180687629,-9.086272946689348,36.84055643517502,4.143875210906799,24.275955495685935,17.07613636812681,15.735440805286316,29.114123377849523,11.419580747462305,39.29228268069227,9.629738704016404,50.83284565502612,7.982217858124272,62.005367832275624,7.760210721031854,72.24650548211827,7.2784546265872905,79.4623097091183,8.730547717671357,84.14852523312237,11.033073096491535,91.47347918831207,11.811762050175616,94.02469772751044,14.05949476556441,97.62846084561471
100.66764496386543,27.66700032935637,98.81834732546179,23.586502456302526,86.54897421091994,14.471151555941105,69.40701071002309,-2.2021779842245337,53.45197696868479,-9.10087793568215,37.491099906922045,3.639245289586995,24.803992981323972,16.490454945371084,16.193344879216397,28.471730106978953,11.91010855061893,38.64611792446851,9.96632301244449,50.12247724518443,8.340986755914628,61.284275517360015,8.161740863398109,71.54315616189757,7.5891304025866475,78.73181335909777,8.991323167043447,83.40535400250656,11.327890331710591,90.7277740252494,12.112220957583759,93.30252059508416,14.344589319336478,96.88991382491065
100.92242843570034,26.903094748707872,99.27675084208079,22.924776748413365,87.26313321108887,14.275430076532416,70.11844525619574,-1.9007872618229271,54.267309763861135,-9.103483933691678,38.1453273017961,3.1359245795547963,25.335241758264374,15.902462589542665,16.65292707551498,27.831386148032323,12.397726831855607,37.99546552419315,10.300483320102785,49.40978471484584,8.692387849179,60.55961318125412,8.553067974344458,70.83559792808444,7.891978560466669,77.99880280699062,9.245987394379426,82.66080547450969,11.614581042813143,89.98032362324835,12.402980938814721,92.57774441792407,14.620757763535721,96.14874233564609
101.17603155423046,26.139120595448503,99.72895923233614,22.25941340612917,87.9736869373503,14.075528567385902,70.8313970929637,-1.602869032523074,55.08198921370126,-9.094417299350255,38.8031787359871,2.63433941961722,25.8696614486106,15.31243084230448,17.11416502866541,27.193048011502412,12.882432637389797,37.34046890232793,10.63221105217383,48.6948449989485,9.0362837718842,59.83147808912605,8.933880474238663,70.12392456134768,8.186782772656557,77.2633332912556,9.494384659848606,81.91490030600687,11.89281888130472,89.23116333410752,12.683551372544798,91.85044120465534,14.887710673950323,95.40502772070909
101.42844806718233,25.375067083672718,100.17483505038047,21.590464308893047,88.68064676158565,13.87127781556103,71.54586278641989,-1.3086569838114883,55.896014339501335,-9.07400439129026,39.46459432568474,2.1349161485813397,26.407211674466225,14.720631245319282,17.577036373150918,26.556672207882002,13.36422301343896,36.681271481334306,10.961497633840168,47.977735032430644,9.372537157996703,59.0999675061438,9.30386678344837,69.4082298423562,8.4733267115854,76.5254600503514,9.736359223620525,81.1676591538731,12.162277498690514,88.4803285096254,12.953441637449941,91.12068296390305,15.145158626368357,94.65885132298791
101.67967172228225,24.610923427474745,100.61424085036629,20.917981336148102,89.38402405567626,13.662508608117435,72.26183890265759,-1.0183848031747402,56.70938416255717,-9.04257156814407,40.129514187078826,1.6380811052542867,26.947852057934483,14.127335340249942,18.041518743454958,25.922215247663758,13.843095006220551,36.018016683673864,11.288334490284456,47.25853175023025,9.701010641483435,58.365178697475415,9.662715322341342,68.68860755177889,8.751394049682403,75.78523832273663,9.971755345864722,80.4191026749836,12.422630546476285,87.72785450160058,13.212161112206445,90.38854170429255,15.39281219657812,93.91029448537074
101.92969626725665,23.846678840949096,101.04703918644634,20.2420163673375,90.08383019150381,13.44905173211464,72.97932200776984,-0.7322861780994572,57.52209770416505,-9.000445188544006,40.79787843635893,1.144260628443078,27.49154222111906,13.532814668759272,18.50758977406076,25.289633641340515,14.319045661952032,35.350847931808175,11.612713046689123,46.53731208728561,10.02156685631087,57.627208928288894,10.010114511285224,67.96515147028447,9.020768459376768,75.0427233468701,10.200417286750621,79.66925152621337,12.673551676167108,86.97377666183155,13.459219175490603,89.65408943444896,15.630381960367686,93.15943855074568
102.17851544983193,23.08232253819,101.47309261277337,19.562621281904285,90.78007654094938,13.230737974612225,73.69830866785003,-0.4505947960720391,58.3341539856209,-8.947951611122505,41.469627189715084,0.6538810569547877,28.038241786123308,12.937340772510083,18.97522709945156,24.65888389940494,14.792072026850747,34.679908648198875,11.93462472823694,45.81415297853471,10.334068436445705,56.88615546375229,10.345752770648005,67.23795537854193,9.281233613097811,74.29797036121039,10.422189306447763,78.91812636443757,12.914714539268743,86.21813034211686,13.694125205978253,88.91739816299747,15.857578493525352,92.406364862001
102.42612301773454,22.317843733291852,101.89226368349989,18.879847959291567,91.47277447589465,13.007398122669713,74.41879544899109,-0.17354434457917023,59.14555202822078,-8.885417194511945,42.14470056333687,0.16736872959654647,28.58791037505057,12.341185193165302,19.444408354110692,24.029922532349815,15.262171147134381,34.005342255307426,12.254060960110337,45.089131358915836,10.638378015854755,56.14211556903365,10.669318520797106,66.50711305722001,9.532573183274508,73.55103460421628,10.63691566512557,78.16574784653119,13.145792787286382,85.46095089425512,13.916388582345917,88.17853989856332,16.07411237183942,91.65115476202482
102.67251271869088,21.553231640348997,102.30441495277864,18.193748278942508,92.16193536822084,12.77886296334674,75.1407789172863,0.09863148889263584,59.95629085326084,-8.813168297344646,42.82303867341409,-0.3148500148246285,29.140507610004306,11.744619472387683,19.91511117252162,23.402706050667916,15.729340069020168,33.32729217559552,12.571013167491856,44.36232416336702,10.934358228504607,55.39518650930103,10.980500182100513,65.77271828698764,9.774570842336061,72.80197131434636,10.844440622953698,77.4121366293694,13.366460071725555,84.7022736700448,14.125518683269547,87.43758664977167,16.279694171097844,90.8938895937053
102.91767830042716,20.78847547345589,102.70940897476225,17.504374120300213,92.8475705898095,12.54496328370277,75.86425563882881,0.36569901685686546,60.76636948203691,-8.731531278252987,43.50458163613655,-0.7923488375016632,29.695993113088093,11.147915151840095,20.387313189167457,22.77719096485191,16.193575838725792,32.64590183152461,12.885472775564153,43.633808326826454,11.22187170836196,54.64546554972236,11.278986174925876,65.03486484851368,10.007010262711788,72.05083573005942,11.044608440101456,76.6573133698273,13.576390044091795,83.94213402128452,14.321024887425438,86.69461042524773,16.47403446708904,90.13465069993066
103.16161351067001,20.023564446706757,103.10710830360335,16.811777362807675,93.52969151254194,12.305529870797386,76.58922217971167,0.6274245518268913,61.57578693584503,-8.640832495869404,44.18926956769394,-1.2647013996274268,30.254326506405278,10.551343773185295,20.86099203853155,22.15333378539458,16.654875502468485,31.961314645556286,13.19743120950966,42.903660784232216,11.5007810893934,53.89304995546581,11.564464919640955,64.29364652246693,10.229675116830776,71.29768308981409,11.237263376738383,75.9012987247799,13.775256355890292,83.1805672997728,14.502416573489654,85.94968323361672,16.656843835600966,89.37351942358907
103.40431209714563,19.258487774196,103.49737549345468,16.11600988590817,94.20830950829975,12.060393511690222,77.31567510602827,0.8835744063161997,62.384542235981485,-8.541398308826217,44.87704258427607,-1.7314813623949021,30.81546741205932,9.955176878086263,21.336125355097124,21.5310910227887,17.113236106465934,31.27367404015223,13.506879894511144,42.1719584705225,11.770949005565626,53.138036991699266,11.83662483661351,63.54915708951626,10.44234907712223,70.5425686320691,11.422249693034018,75.14411335110236,13.962732658626692,82.41760885730815,14.669203120138377,85.20287708350384,16.827832852422034,88.61057710756876
103.64576780758057,18.493234670018012,103.88007309846876,15.41712356904469,94.88343594896412,11.809384993440744,78.04361098387153,1.133914892838277,63.192634403742204,-8.433555075755805,45.567840802072624,-2.1922623869969584,31.37937545215368,9.3596860082057,21.812690773347754,20.910419187526998,17.56865469693537,30.58312343777385,13.813810255751036,41.43877832063538,12.032238090845453,52.380523923590886,12.095154346211075,62.80149033033058,10.644815816015353,69.78554759528305,11.599411649157787,74.38577790566973,14.138492603806299,81.65329404568911,14.8208939060479,84.45426398353425,16.986712093340316,87.84590509475777
103.885974389701,17.727794348267082,104.25506367279831,14.7151702916604,95.55508220641661,11.55233510310859,78.77302637933474,1.3782123239064958,64.00006246042312,-8.317629155290547,46.26160433727341,-2.6466181346265216,31.94601024879171,8.765142705206529,22.29066592776644,20.291274790102193,18.021128320094476,29.889806260882892,14.118213718411994,40.70419726950905,12.284510979199354,51.620608016308665,12.339741868801639,62.05074002557865,10.836859005939232,69.02667521791477,11.768593505279227,73.62631304535716,14.30220984293453,80.88765821671433,14.956998309894288,83.7039159423332,17.13319213414411,87.07958472804438
104.12492559123359,16.962156023037608,104.6222097705961,14.010201933198346,96.22325965253867,11.289074627753223,79.50391785851104,1.6162330120343427,64.80682542732029,-8.193946906062877,46.958273306068236,-3.0941222664766315,32.515331424076976,8.171818510751564,22.77002845283664,19.67361434100701,18.47065402216049,29.193865931940763,14.420081707676445,39.968292252081596,12.52763030459414,50.85838653502066,12.570075824752848,61.29699995592932,11.018262319323071,68.26600673842279,11.929639521567765,72.86573942703967,14.45355802751692,80.12073672218224,15.077025710353723,82.95190496852581,17.26698355062149,86.31169735031676
104.36261515990464,16.196308908423987,104.98137394601463,13.302270373101692,96.88797965921151,11.019434354434281,80.23628198749361,1.8477432697353038,65.61292232572998,-8.06283468670506,47.65778782464679,-3.5343484437400434,33.087298600112945,7.5799849665035595,23.2507559830417,19.057394350734285,18.917228849350977,28.495445873409096,14.719405648727161,39.231140203291204,12.761458700996513,50.093956744894854,12.785844634432465,60.54036390205158,11.188809428596187,67.50359739526596,12.082393958192938,72.10407770759235,14.592210809058884,79.35256491389146,15.180485486102384,82.19830307073738,17.387796918560753,85.54232430446308
104.59903684344044,15.430242218520561,105.33241875320664,12.591427490813544,97.5492535983168,10.743245070211287,80.9701153323756,2.072509409522752,66.4183521769479,-7.9246188558495305,48.360088009198876,-3.966870327609797,33.66187139900285,6.989913614125442,23.732826152864845,18.442571329776683,19.360849847883514,27.794689507749524,15.016176966746457,38.49281805807601,12.985858802373059,49.32741591109925,12.986736718208135,59.780925644614115,11.348284006187669,66.73950242690285,12.226701075324286,71.34134854389032,14.71784183906584,78.58317814364045,15.266887015816337,81.44318225759304,17.49534281374997,84.7715469333715
104.83418438956744,14.663945167421616,105.67520674632476,11.877725165777008,98.20709284173574,10.46033756214382,81.70541445925016,2.2902977439101733,67.22311400227034,-7.779625772128611,49.06511397591419,-4.391261579278819,34.239009442850374,6.401875995280079,24.216216596789423,17.82910178862693,19.801514063975333,27.09174025742351,15.310387086917217,37.7534027513741,13.200693242690477,48.558861298802015,13.17244049644762,59.0187789642859,11.496469724526605,65.9737770717922,12.36240513313112,70.57757259280868,14.830124769043096,77.81261176322784,15.33573967817199,80.68661453771796,17.589331811977445,83.99944657993018
105.06805154601216,13.89740696922155,106.00960047952174,11.16121527743519,98.8615087613498,10.17054261729146,82.44217593421047,2.5008745854109975,68.02720682299332,-7.628181794174736,49.77280584098253,-4.807095859939977,34.81867235375876,5.8161436516301706,24.70090494929866,17.216942237777857,20.239218543844004,26.386741544892686,15.602027434421643,37.01297121812365,13.405815859278846,47.78839017317108,13.342644389518682,58.25401764173574,11.634322669316703,65.2064765683927,12.489350391783205,69.81277051122254,14.928733250496293,77.04090112445215,15.386552851845295,79.92867191973744,17.66947448903136,83.22610458702735
105.30063206050079,13.13061683801476,106.33546250694997,10.441949705231139,99.51251272904051,9.873691022713672,83.18067128119083,2.704006246538711,68.83061471975611,-7.4706132806202845,50.483103720593704,-5.213946830786199,35.40081975383157,5.232988124838641,25.186823531050777,16.606049187722135,20.6739603337071,25.67983679261863,15.89108943444262,36.27160039326276,13.601475843594585,47.016099799374445,13.497429149911682,57.48673545763245,11.768154253102239,64.43765615516298,12.60738111144974,69.0469629560069,15.013340934930625,76.26808157911194,15.41885027022488,79.16942641227661,17.735481420699898,82.45160229755112
105.53191968075976,12.363563987895532,106.65265538276242,9.719980328608074,100.16011611668921,9.56961356547015,83.92572635015381,2.899459039806686,69.63257551056745,-7.307246590097577,51.19608296640001,-5.611388153010466,35.98541126517216,4.652680956568304,25.673848504744,15.996379148952599,21.105736479781854,24.97116942306286,16.177564512162462,35.52936721172961,13.788330856146558,46.24208744258027,13.644073953516113,56.71702619264494,11.898901304844003,63.66737107056184,12.716341552300378,68.28017058403691,15.083621473851736,75.49418847900574,15.442136626854108,78.40895002396064,17.78706318277125,81.67602105438976
105.7619081545156,11.59623763295832,106.9610416611115,8.995359027008988,100.80433029617734,9.258141032620301,84.67867269550754,3.0869992777284665,70.43273857778331,-7.138408081239049,51.916200100287824,-5.998993487805649,36.572406509884104,4.075493688482027,26.162100894092987,15.387888631961857,21.534544028285836,24.26088285868701,16.461145424547794,34.786348608462276,13.967048309857205,45.4664503679565,13.78554774302529,55.94498362744207,12.02652069509304,62.895676553047906,12.816075974504656,67.51241405218764,15.139248518765044,74.71925717593211,15.464826135223348,77.64731476341478,17.823930351033596,80.8994422004314
105.99059122949461,10.828626987297355,107.26048389615005,8.2681376798771,101.44516663938623,8.939104211223821,85.4389391449115,3.2663932728174245,71.23121034296298,-6.9644241126770225,52.64522899549297,-6.376336496364672,37.161765110070746,3.5016978622426223,26.651722684098218,14.780534147242747,21.960126119567235,23.549120521952602,16.738293294164237,34.04262151839896,14.138295617649419,44.689285840671175,13.922017709202123,55.170701542692655,12.150969294400284,62.12262784107986,12.906428638231887,66.74371401733424,15.179895721175853,73.9433230216896,15.486909857587989,76.88459263926421,17.845793501275125,80.12194707856418
106.21796265342323,10.060721265007146,107.5508446420306,7.538368166655459,102.0828297755163,8.612333888340174,86.2059545260247,3.43740733758699,72.0280972276654,-6.785621043043875,53.382610307433424,-6.742990839880463,37.75344668783555,2.9315650195129024,27.142855859760402,14.174272205288048,22.378069891336395,22.836025835321266,17.00842978996411,33.29826287647779,14.302740192445867,43.910691125892356,14.053651042809292,54.39427371906555,12.272203973316664,61.348280173116336,12.987255233308929,65.97409113635172,15.205236732589583,73.16642136807667,15.50837885620308,76.12085566013417,17.85239406107803,79.34361703167627
106.44401617402775,9.292509680181865,107.83203659391097,6.806102366787115,102.72596770954794,8.277660851028998,86.9791476665066,3.5998077845507055,72.82350565344984,-6.602325230971985,54.12778469152704,-7.098530179546003,38.34741086528197,2.365366701955679,27.63564240608025,13.56905931659037,22.787305092374368,22.121742221254465,17.272124379383058,32.553349617636854,14.461049447168989,43.130763488788034,14.180614934609594,53.615793937229625,12.390181602393227,60.57268878761619,13.063393584582741,65.20356606611517,15.214945204511764,72.388587566892,15.529224193323785,75.35617583464978,17.84970991326952,78.56453340265597
106.6687455390346,8.523981446916082,108.10714293797764,6.071392159715288,103.3779953495823,7.934915886349756,87.75794739401658,3.7533609262219443,73.61754204187537,-6.414863035093731,54.8801928031919,-7.442528176554163,38.94361726451348,1.8033744512338785,28.130224308058246,12.964851991642604,23.1885340440989,21.40641310221389,17.52994652985683,31.807958676814337,14.613890794741792,42.34960019452632,14.303076575365594,52.83535597785374,12.504859052180791,59.79590892303793,13.138771795472735,64.43215946349972,15.214614985898379,71.60985696993407,15.549436931205264,74.59062517143633,17.842441526695552,77.78477753439131
106.89214449617032,7.755125779303967,108.37808183632649,5.334289424883025,104.03719720314427,7.583929781362087,88.54178253621376,3.8978330751141925,74.41031281450114,-6.223560814041491,55.639275297845984,-7.774558492097867,39.54202550763341,1.2458598090102555,28.626743550694982,12.361606740937361,23.582459067927857,20.69018190066106,17.78246570882095,31.06216698894832,14.761931648086716,41.567298508275144,14.42120315584009,52.05305362160669,12.616193193230401,59.017995817840415,13.21318899398591,63.65989198538051,15.2131140408992,70.83026492900143,15.569008132102795,73.82427567911895,17.830702050921673,77.00443076977058
107.11420679316109,6.985931891439975,108.64489605112954,4.59484604173349,104.70185777775885,7.224533323125513,89.3300819207576,4.03299054374088,75.20192439288621,-6.028744926447644,56.40447283090714,-8.0941947873701,40.14259521674535,0.6930943169476791,29.12534211899117,11.759280074967478,23.969782485278984,19.973192039057494,18.030251383711175,30.316051488976996,14.905839420126426,40.78395569520262,14.535161866795988,51.26898064915741,12.72414089609299,58.23900471048216,13.286444308129376,62.8867842886325,15.210554010940882,70.04984679589262,15.587928858271425,73.05719936632283,17.81460463551298,76.22357445168188
107.334414430572,6.2163889974184485,108.9076283445587,3.853113889709732,105.37026158095091,6.856557298699613,90.12227437530726,4.158599644615435,75.99248319858975,-5.830741730944567,57.17522605779345,-8.401010723563672,40.74581765085918,0.1453495167090182,29.62616199794752,11.157828504225733,24.351206617570256,19.255586939864827,18.27387302196314,29.569689111838443,15.046281523783819,39.999669020476745,14.645119898995745,50.4832308411747,12.828659031319603,57.45899083942197,13.35833686591036,62.11285703013084,15.206953788540545,69.26863792240619,15.606190171966318,72.2894682416732,17.794262430034905,75.44228992301345
107.55229392222179,5.446486311333729,109.16632147878613,3.109144848254857,106.04069312024558,6.47983249514391,90.91778872752218,4.274426690251289,76.78209565317093,-5.629877586164639,57.95097563392278,-8.694579961871625,41.35367470456015,-0.397103050042972,30.1293451725644,10.557208539204737,24.727433786219308,18.537510025544634,18.5139000910126,28.823156792470854,15.183925371981445,39.214535749265565,14.751244443202268,49.69589797832742,12.929704469461058,56.678009443118526,13.428665795336087,61.3381308667507,15.202332266215308,68.48667366034067,15.62378313544275,71.52115431379531,17.76978858405289,74.66065852665338
107.76794624762431,4.676213047280214,109.42101821598362,2.362990796811971,106.71143690316785,6.09418969951804,91.71605380506162,4.380237993161927,77.5708681781889,-5.426478850740182,58.73116221471321,-8.974476163486827,41.966296584745805,-0.9339918416454225,30.63503362784263,9.957376690397325,25.099166312644115,17.819104718558435,18.75090205829497,28.07653146581231,15.319438377641859,38.42865314673713,14.853702690178125,48.90707584128444,13.0272340810684,55.896115760030455,13.497230224413784,60.562626455367024,15.196708336482175,67.70398936149462,15.640698810955769,70.75232959131426,17.74129624713214,73.87876160548996
107.98147247201234,3.9055584193521895,109.6717613183232,1.6147036148242364,107.3807774372425,5.699459698881469,92.51649843558494,4.475799865860836,78.35890719520262,-5.220871883303573,59.515226455582706,-9.240272989602204,42.58361290624566,-1.4650453164355213,31.143369348782812,9.35828946829622,25.467106518262312,17.100514441367864,18.98544839124611,27.329890066801056,15.453487953687954,37.642118478059444,14.952661830686225,48.11685821071461,13.121204736692675,55.1133650286165,13.563829281150333,59.786364452855025,15.190100891858151,66.92062037766664,15.656928260760537,69.98306608285526,17.708898568838208,73.09668050241129
108.19297366061915,3.1345116416440533,109.91859354797691,0.8643351817347025,108.04699922999453,5.295473280293777,93.31855144675137,4.560878620861388,79.14631912577136,-5.0133830424872485,60.30260901194913,-9.491544101410682,43.205553283889344,-1.9899919327503994,31.65449432038554,8.759903383394203,25.831956724491874,16.38188261643444,19.218108557301548,26.58330953037506,15.586741513042284,36.85502900840055,15.04828905548925,47.325338867286746,13.211573306884702,54.329812487335346,13.62826209355319,59.0093655160897,15.182528824860242,66.1366020606552,15.672462547112332,69.21343579704359,17.672708698736187,72.31449656030554
108.40255087867752,2.363061928250204,110.16155766711665,0.11193737698653194,108.70838678894904,4.8820612308146,94.12164166622017,4.63524057067707,79.93321039145428,-4.804338686923586,61.092750539230565,-9.727863160105244,43.83204733250659,-2.508560148927188,32.16855052765129,8.162174946183995,26.19441925275055,15.663352666219737,19.44945202389715,25.836866791472573,15.719866468627515,36.0674820029285,15.14075155534988,46.53261159166976,13.298296662195526,53.54551337464568,13.69032778962935,58.23165030194622,15.17401102800568,65.35196976225888,15.6872927322662,68.44351074250437,17.632839786391628,71.53229112206094
108.61030519142071,1.5911984932649261,110.40069643791446,-0.6424379199771693,109.36322462163105,4.459054337503403,94.92519792165069,4.698652027821311,80.71968741381033,-4.59406517524485,61.88509169284498,-9.948803826878702,44.4630246669268,-3.020478423303132,32.68567995558101,7.565060667158264,26.555196424456085,14.945068013185335,19.680048258468332,25.09063878503173,15.853530233366428,35.27957472681129,15.230216521030911,45.73877016453247,13.381331673176078,52.760522929006186,13.749825497386041,57.45323946729957,15.16456639381147,64.56675883427619,15.70140987847742,67.67336292786285,17.58940498136974,70.75014553056565
108.81633766408152,0.8189105507826184,110.63605262254225,-1.398738829713352,110.00979723556532,4.026283387419767,95.7286490407023,4.75087930480754,81.5058566143988,-4.382888866083533,62.679073128210234,-10.15393976292404,45.09841490197982,-3.525475214215362,33.206024589174945,6.968517056809844,26.914990561026457,14.227172079792808,19.910466728450842,24.344702445990606,15.988400220181575,34.49140444521697,15.316851143294912,44.943908366543724,13.460635210377404,51.97489638887555,13.806554344830374,56.674153669024975,15.154213814794616,63.78100462850574,15.71480504800104,66.90306436174421,17.542517433235844,69.96814112870783
109.0207493618932,0.046187314897679244,110.86766898317217,-2.1569134727789105,110.64638913827696,3.583579167623327,96.53142385103422,4.791688714149245,82.29182441477872,-4.171136118071956,63.47413550074441,-10.342844629434182,45.73814765249517,-4.02327898000101,33.72972641343392,6.372500625631517,27.274503983879413,13.509808288503734,20.14127690128032,23.599134709287398,16.125143841995737,33.70306842331365,15.40082261290479,44.14811997837245,13.53616414435021,51.188688992712514,13.860313459969689,55.89441356399743,15.142972183472125,62.99474249674603,15.727469303092334,66.13268705277358,17.49229029155549,69.18635925937565
109.22364135008854,-0.7269820002956635,111.095588281976,-2.916909969730625,111.27128483729086,3.130772465173493,97.33295118030583,4.820846568359855,83.07769723650927,-3.959133289842498,64.26971946586536,-10.515092087602056,46.382152533302474,-4.513618178997319,34.25692741335865,5.776967884115891,27.6344390144327,12.793120061779632,20.37304824439252,22.85401250986024,16.26442851173158,32.91466392626921,15.482298120623227,43.351498780687336,13.607875345645766,50.40195597897565,13.910901970810869,55.11403980909199,15.130860392361228,62.20800779079565,15.739393706006467,65.3623030095763,17.43883670589389,68.40488126545733
109.42511469390081,-1.5006081807028977,111.3198532811258,-3.6786764411255035,111.88276884013214,2.6676940671299576,98.13265985617636,4.838119179952855,83.8635815011495,-3.7472067400275364,65.06526567899118,-10.670255798620644,47.03035915923124,-4.9962212695413655,34.787769573949504,5.181875342755859,27.995497974104183,12.077250822082192,20.606350225223082,22.10941278264721,16.406921642311772,32.12628821925182,15.561444857213019,42.55413855415742,13.675725684814893,49.61475258612376,13.958119005361254,54.333053061183875,15.117897333978817,61.42083586245309,15.750569318998487,64.59198424077744,17.382269825816365,67.62378848984099
109.6252704585628,-2.2747020122297954,111.54050674279358,-4.442161007520383,112.47912565432557,2.1941747605522437,98.92997870630518,4.843272861441619,84.64958363025869,-3.535682827259393,65.86021479553983,-10.807909423682759,47.68269714511132,-5.470816709970393,35.3223948802073,4.587179512044031,28.35838318431172,11.362343991872876,20.84175231120753,21.365412462586505,16.553290646658866,31.338038567429408,15.638430013436732,41.75613307945139,13.73967203240852,48.82713405261546,14.00176369162807,53.55147397714808,15.104101900842124,60.633262063516895,15.76098720432367,63.821802755002295,17.32270280088835,66.84316227541484
109.82420970930764,-3.0492742807819013,111.75759142915126,-5.2073117894722145,113.05863978739637,1.710045332499874,99.72433655835152,4.836073925339633,85.43581004539578,-3.3248879101705597,66.65400747092917,-10.927626623981382,48.33909610577223,-5.9371329586215325,35.86094531713252,3.9928369024732433,28.72379696647306,10.648542993613262,21.079823969781614,20.6220884846162,16.704202937695754,30.550012235970087,15.713420780057163,40.95757613723822,13.799671258977696,48.039155616909454,14.041635157618316,52.76932321385971,15.089492985467928,59.84532174578567,15.770638424237063,63.05183056087594,17.26024878067517,66.06308396506705
110.02203351136836,-3.8243357722649307,111.97115010237076,-5.974076907537778,113.61959574686921,1.2151365700324277,100.51516223997476,4.816288684160327,86.22236716812006,-3.1151483473933013,67.44608436057729,-11.028981060709441,48.99948565604359,-6.3948984738319155,36.403562869725874,3.3988040245362185,29.092441642006065,9.935991249764925,21.321134668380978,19.87951778367443,16.86032592834499,29.76230649004185,15.786584347836992,40.15856150818672,13.85568023507335,47.25087251746447,14.07753253133933,51.98662142819387,15.074089480373573,59.05705026105795,15.779514040993945,62.28213966702373,17.195020914742145,65.28363490168584
110.21884292997788,-4.599897272584485,112.18122552462432,-6.7424044822740825,114.1602780402693,0.7092792602094846,101.30188457883423,4.783683450417186,87.00936141999046,-2.906790497559996,68.23588611990215,-11.111546395059861,49.663795410754915,-6.843841713938787,36.95038952298796,2.8050373887256796,29.465019532328483,9.224832182789498,21.56625387444126,19.137777294699447,17.022327031529244,28.975018594812752,15.85808790753913,39.359182972965755,13.907655831246302,46.462339992739146,14.10925494079811,51.20338927702562,15.057910278075951,58.268482961132236,15.787605116849477,61.51280208207072,17.1271323526546,64.50489642815933
110.41473903036933,-5.375969567646223,112.38786045808365,-7.512242634237907,114.67897117512155,0.19230419009056732,102.08393240258908,4.738024536623641,87.79689922256637,-2.7001407193030786,69.02285340432172,-11.174896288225511,50.331954984735944,-7.28369113727922,37.50156726191938,2.2114935055344063,29.84223295885829,8.515209215148502,21.81575105539821,18.39694395262927,17.187960510328594,28.188235624038725,15.928098649926142,38.55953431224418,13.955554918047824,45.673613281192274,14.136601514001882,50.41964741723007,15.040974271092296,57.47965519780712,15.794902714058821,60.743889814642216,17.056696243977854,63.726949887375724
110.60982287777574,-6.1525634433558025,112.59109766492088,-8.28353948398626,115.17395965895093,-0.3359578532647447,102.86073453889878,4.6790782552931205,88.58508699740662,-2.495525371254928,69.80645709449459,-11.218604639770945,51.0038939928163,-7.714175202190461,38.056302996299564,1.6181734868514468,30.224784243013005,7.807265769303513,22.070195678687355,17.65709469240204,17.353158829322183,27.40198742048824,15.996783765760824,37.75970930669081,13.999337003574738,44.88474762103834,14.159371378957758,49.635416505682315,15.023300351939383,56.69060232288109,15.801397894877141,59.97547487336334,16.98382573827746,62.949876622223144
110.80419553743013,-6.9296896856188255,112.79097990730781,-9.056243152075979,115.64352799928236,-0.8756760827968719,103.63171981542257,4.6066109189390545,89.37403116607061,-2.293270812047865,70.58923640793489,-11.242490269809423,51.67954204982561,-8.13502236700964,38.612951209585276,1.0253834274973883,30.61337570621083,7.101145267716106,22.33015721174445,16.918306448955946,17.518036198596405,26.616283863659532,16.064310445805745,36.9598017369745,14.041048810237271,44.09579275500789,14.177363663673077,48.850717199257474,15.004907413134447,55.90135968815275,15.807081721559484,59.20762926685933,16.908633985118513,62.173757975589865
110.99795807456542,-7.70735908034095,112.98754994741671,-9.8303017590639,116.08596070364092,-1.4270197114462917,104.3963170598197,4.520388840074929,90.16383815011727,-2.0937034003142685,71.3730550460682,-11.247079120455226,52.358828770593504,-8.545961090073945,39.17158762088934,0.4335570337695458,31.008709669869177,6.396991132847802,22.59620512200513,16.180656157229066,17.68275235540591,25.83113481243612,16.130845880823927,36.15990538376417,14.082436966696264,43.30677873309037,14.190377496154838,48.06557015483054,14.985814347194605,55.11196264542059,15.811945256361128,58.440425003755365,16.83123413406645,61.398675290364
111.19121155441474,-8.485582413427835,113.18085054741937,-10.605663425506975,116.4995422795514,-1.9901579521534245,105.15395509974951,4.420178331214231,90.95461437110589,-1.8971494946865164,72.15785841464174,-11.233023994079701,53.041683769949486,-8.946719829720507,39.732330252055135,-0.15687155698748256,31.411488455406243,5.694946787160234,22.86890887690504,15.444220752159595,17.847467037005117,25.0465501257014,16.196103133559518,35.36011239502767,14.123427380234261,42.51773119589495,14.198212004410266,47.27999602927673,14.96604004663675,54.32244654648326,15.815979561537233,57.67393409267669,16.751739334686704,60.62470990943376
111.384057042211,-9.264370470785082,113.3709244694877,-11.382276271962155,116.88255723453892,-2.5652600178587477,105.90406276287138,4.305745704870276,91.7464662505954,-1.703935453796987,72.94359191940293,-11.200977693054085,53.7280366627233,-9.337027044286515,40.29529712492581,-0.7454682074289849,31.82241438423955,4.995155653114978,23.148837943879812,14.709077168685667,18.012339980648562,24.262539662338668,16.257887704794825,34.56048224252987,14.163945958133581,41.728675784030884,14.200670442255841,46.49401548073945,14.945603403978112,53.5328467431392,15.819175699342964,56.90822854224848,16.6702627365446,59.85194317568727
111.57659560318734,-10.043734038318405,113.55781447579386,-12.16008841898622,117.23492668468964,-3.1524916477576426,106.64606887684454,4.176857273556664,92.53950021014509,-1.5143876362781157,73.730200966099,-11.151593019749725,54.417817063744565,-9.716611192109099,40.86060626134463,-1.3317987802103062,32.24218977778696,4.297761153173553,23.43656179036509,13.975302341745362,18.177530923590666,23.47911328123149,16.31614886666091,33.761044220976544,14.20391860767677,40.939638138107284,14.199142452985939,45.70765844796432,14.924523311735584,52.74319858718701,15.821524732033481,56.143380361095865,16.586917489205348,59.08045643201274
111.76892830257668,-10.82368390193335,113.74156332850976,-12.939047987136064,117.57847432241749,-3.7517847419617283,107.37940226932835,4.03327934978671,93.33382267131401,-1.3288324007621668,74.51763096047728,-11.085522776537744,55.1109545878428,-10.085200731525447,41.428375683154854,-1.9154291379867345,32.67151695746645,3.602906709797594,23.73253373425473,13.242973192254908,18.343199603085964,22.69628084126316,16.371196866448827,32.961826493193655,14.243271236146143,40.150643898733506,14.194896389961059,44.920986427819,14.902818662426398,51.95353743042517,15.823017721863948,55.37946155784414,16.501816742234382,58.310331021298396
111.96115620561216,-11.604230847535689,113.9222137898073,-13.719103096968695,117.91999696214236,-4.362693328377247,108.10349176798206,3.8747782460739586,94.12954005566132,-1.1475961058815756,75.30582730828507,-11.003419765789545,55.80737884984774,-10.442524120872747,41.99872341219964,-2.4959251434136718,33.11058240047578,2.910736829961081,24.033840656161146,12.51216417888594,18.50950575638899,21.91405220131719,16.423341951449515,32.16285722200712,14.281929750824133,39.361718706518616,14.187987166529297,44.134067618900986,14.880508348567446,51.16389862465235,15.823645731089528,54.616544141118425,16.41507364519714,57.54164828643235
112.15338037752667,-12.38538566103091,114.09980862185853,-14.500201869040893,118.25882906125844,-4.984737058033602,108.81776620046503,3.7011202749318386,94.92675878474608,-0.9710051102687203,76.09473541526972,-10.905936789876307,56.50701946458889,-10.78830981848813,42.57176747032236,-3.072852659146406,33.55518910514786,2.2214374671017936,24.339024010149274,11.78294449842906,18.676609120754165,21.132437220276927,16.472894368954144,31.364164570242963,14.319820058993173,38.57288820207191,14.178469696038405,43.346970219807645,14.857611262675846,50.37431752166697,15.818032672764502,53.854693834420004,16.32680134765883,56.77448957030276
112.34570188355326,-13.167159128324784,114.27439058683547,-15.28229242390961,118.59430507715945,-5.617435581960194,109.5216543944365,3.5120717488737228,95.72558528012746,-0.7993857725559224,76.88430068717855,-10.79372665116938,57.209806046896006,-11.122286282708785,43.147625879366274,-3.6457775478402823,34.00435413253081,1.535248005646622,24.64811018104524,11.055382670288168,18.844669433436138,20.35144575702583,16.520164366253653,30.565776700727042,14.356868067935693,37.78417802600251,14.166398891836252,42.559762429136526,14.834146297268717,49.58482947326769,15.79468282615801,53.093926795695666,16.237112999184774,56.00893621579786
112.53822178892506,-13.949562035322913,114.44600244691003,-16.06532288213168,118.9257594672398,-6.2603085511864265,110.21458517755582,3.3073989804131543,96.52612596336462,-0.633064451375617,77.674468529759,-10.66744215203994,57.915668211598586,-11.444181971871899,43.726416661174426,-4.214265672150589,34.45819260346491,0.8524113600159353,24.961125553674947,10.329547213867158,19.013846431689217,19.57108767044724,16.565462190639096,29.767721776285384,14.392999684934125,36.99561381891971,14.151829667270704,41.77251244548506,14.810132344863064,48.795469831252944,15.75384636700744,52.334235687370324,16.146121749340523,55.24506956580581
112.73104115887497,-14.732605167930899,114.61468696425425,-16.84924136426406,119.25252668889323,-6.912875616741644,110.89598737748224,3.086868282063506,97.32848725601673,-0.4723675053601255,78.46518434875816,-10.527736094859335,58.62453557352626,-11.753725344314603,44.308257837590304,-4.777882894732727,34.91681963879057,0.17317044462981812,25.278096512864522,9.605506648569929,19.18429985276805,18.79137281942468,16.609098089401527,28.97002795974396,14.428140817270787,36.20722122143269,14.134816935689628,40.98528846745069,14.780948119275877,48.00627787110966,15.696206377957424,51.57561303067047,16.053940747691286,54.482970963214825
112.92426105863615,-15.516299312054457,114.78048690104004,-17.633995990863582,119.57394119951391,-7.574656429655249,111.56675719561235,2.8502475425895,98.13494397036584,-0.3176299193630143,79.25639354992347,-10.375261281998803,59.336337747508765,-12.050644858374028,44.89326743045706,-5.3361950782419285,35.38035035934831,-0.5022318260914176,25.599049443440208,8.883329493800261,19.356189433926943,18.012311062841434,16.651382309832115,28.172723413928622,14.462217372228224,35.41902587415058,14.115415610441005,40.19815869363083,14.741544122821779,47.21731027063345,15.6224459416527,50.81805134682247,15.960683143802385,53.72272175091297
113.11798255344138,-16.300655253599132,114.94344501943942,-18.4195348824872,119.88933745649592,-8.245170640956701,112.25162909816936,2.597445595951683,98.94792896481613,-0.16922836946048392,80.04804153900227,-10.210670515829634,60.05100434837573,-12.33466897238742,45.48156346161784,-5.888768085333652,35.84889988597854,-1.1735525377275735,25.924010730227906,8.163084268962109,19.52967491242066,17.233912259581018,16.692625099221686,27.375836301665345,14.495155257088754,34.631053417682665,14.093680604872588,39.41119132262298,14.692304367088354,46.42862853053077,15.53324814073801,50.06154315705288,15.866462087239256,52.96440327178857
113.31230670852392,-17.085683778470695,115.10360408162444,-19.205806159691747,120.19804991723322,-8.923937901675345,112.95780281230418,2.3286216431338858,99.76686474511303,-0.027552110266356067,80.84007372174176,-10.034616598723062,60.768464990956545,-12.605526144691908,46.07326395291591,-6.4351677786631285,36.32258333952143,-1.8405487758583945,26.253006758053743,7.444839493459256,19.704916025503508,16.456186268526835,16.733136704861522,26.579394785780153,14.526880379134923,33.84332949263819,14.069666832332132,38.624454553024634,14.633618826732231,45.64029415168562,15.429296057857869,49.306080982588185,15.768805063817922,52.20809270550279
113.50733458911668,-17.871395672574636,115.26100684976689,-19.992757943034178,120.49941303911987,-9.610477862840526,113.68287299817734,2.043960636991585,100.5911635832025,0.10700960099461554,81.63243550388938,-9.84775233305038,61.48864929008107,-12.862944833624624,46.668486926194646,-6.974960020885703,36.8015158408175,-2.5029776260636254,26.58606391174385,6.728663686695654,19.88207251043002,15.67914294856223,16.77322737404245,25.783427029098902,14.557318645648934,33.05587973962622,14.043429206167843,37.83801658343316,14.565877476409923,44.85236863498187,15.31127277565713,48.551657344654814,15.65524914486923,51.453790315433025
113.70316726045269,-18.65780172181678,115.4156960860389,-20.78033835307133,120.79276127954995,-10.304310175481703,114.42443431594961,1.7436475303801444,101.42023775103041,0.23406750709756352,82.42507229119246,-9.650730521182822,62.211782385803986,-13.106654457340028,47.267350403297314,-7.507710674656721,37.28581251070716,-3.160596173923011,26.92320857612424,6.014625368075087,20.061304104454734,14.902792158570719,16.81320735405552,24.98796119444762,14.586395963913446,32.26872979925611,14.015022639727249,37.05194561244605,14.489470290777831,44.064913481303506,15.179861376780423,47.798264764479256,15.524786755682271,50.7014286534619
113.89990578776508,-19.444912712102564,115.56771455261253,-21.568495510360094,121.07742909591752,-11.004954490628222,115.1800814257814,1.4278672761549842,102.25349952054239,0.3532323508176205,83.21792948939833,-9.444203965491681,62.94306825926469,-13.33647499742898,47.86997240606695,-8.032985602631527,37.77558847003081,-3.813161505016353,27.26446713602104,5.302793057001509,20.24277054483207,14.12714375743559,16.853386892191907,24.19302544465222,14.614038241210665,31.481905312136973,13.98450204635833,36.26630983866073,14.404787244492582,43.27799019153446,15.035744943872487,47.045895763288,15.378179712540032,49.95093795858412
114.09765123628665,-20.232739429337812,115.71710501165956,-22.357177535457367,121.35275094561655,-11.711930459309542,115.94740898783334,1.0968048271715816,103.09036116368452,0.4641148749299191,84.01095250425419,-9.228825468348248,63.68400208874027,-13.55239001386235,48.47647095634693,-8.550350667465409,38.27095883962875,-4.4604307049234535,27.609865976260267,4.593235272878701,20.42663156881656,13.352207604040359,16.89407623574266,23.398647942538616,14.640171384823134,30.695431918878,13.951922339409066,35.4811774606747,14.312218312210689,42.491660266558654,14.879606559577951,46.29454286230742,15.21618983172516,49.2022484697942
114.29650467125055,-21.02129265942807,115.86391022535202,-23.1463325489201,121.6180612860411,-12.424757732555008,116.72401166226587,0.7506451362852431,103.93023495240243,0.5663258222095919,84.80408674150738,-9.005247832123757,64.4340129880751,-13.754400249615458,49.086964075980404,-9.05937173181377,38.77203874034137,-5.102160859223943,27.959431481667934,3.8860205351105606,20.613046913662743,12.577993557268428,16.935585631998606,22.604856850932833,14.664721302033172,29.909335260088483,13.917338432227211,34.696616677085444,14.212153468588781,41.70598520725997,14.712129306541442,45.544198582764125,15.039578929520417,48.455290426087004
114.4965671578899,-21.810583188278997,116.00704543640029,-23.93590848482029,121.87269457458524,-13.142955961394023,117.50748410923973,0.38957315635144596,104.77253315864198,0.6594759354318285,85.59727760690532,-8.774123859189501,65.19253007111365,-13.942506447663732,49.70156978681075,-9.559614658331839,39.278943293009206,-5.7381090534977375,28.313190037070285,3.181217363100984,20.80217631662515,11.8045114760032,16.97822532825103,21.811680332660785,14.687613900123438,29.1236409763776,13.880805238160633,33.91269568649034,14.104982688283144,40.921026514522396,14.533996267407815,44.79485544588454,14.84910882220845,47.70999406645706
114.69793976143751,-22.60062180179625,116.14345350982171,-24.725851317028003,122.11598526864304,-13.866044796855988,118.29542098891545,0.013773840225553613,105.61666805434913,0.7431759573717045,86.39047050619524,-8.536106351916771,65.9589824517002,-14.116709350982603,50.32040611068112,-10.05064530967502,39.79178761847254,-6.3680323733245245,28.671168027293334,2.4788942762538113,20.994179514958205,11.031771219128018,17.022305571790866,21.019146550548385,14.708775086376022,28.33837470835448,13.842377670557312,33.129482687486814,13.99109594595052,40.13684568922986,14.345890524821584,44.046505972895034,14.645541326072248,46.96628962989905
114.90072354712652,-23.391419285885434,116.27342364166952,-25.51610584687228,122.34726782560847,-14.593543889970306,119.08541696145346,-0.3765678592369568,106.46205191146964,0.8170366308044095,87.18361084512458,-8.291848112676803,66.7327992436791,-14.277009702547446,50.94359106943489,-10.532029548498656,40.31068683757178,-6.991687904284049,29.033391837163094,1.7791197939729386,21.189216245916327,10.2597826455264,17.068136609909175,20.22728366742166,14.728130768073584,27.55356209662841,13.802110642765001,32.34704587867242,13.870883216247307,39.353504232266346,14.14849516142749,43.299142685022275,14.429638257394458,46.22410735540768
115.10501958019006,-24.182986426452203,116.39746976900801,-26.30661685989037,122.56587670287558,-15.324972891766322,119.8750666870144,-0.7812669891807786,107.30809700194925,0.880668698505076,87.97664402944042,-8.04200194384083,67.51340956089473,-14.423408245333803,51.57124268491509,-11.003333237458037,40.835756071147216,-7.608832731956113,29.399887851505696,1.0819624356622057,21.387446246754166,9.48855561408169,17.116028689897007,19.436119846106465,14.745606852498327,26.76922878180858,13.760059068131568,31.565453458644583,13.744734473830135,38.571063644515675,13.942493259870389,42.55275810349252,14.202161432457842,45.483377481977584
115.31058769481558,-24.97533270072563,116.51610582890112,-27.09732914161941,122.77114635783846,-16.05985145327344,120.6619648257589,-1.2001385967504348,108.15421559773392,0.9336829032488367,88.76951546489033,-7.7872206477801456,68.30024251719158,-14.555905722316993,52.20347897896511,-11.46412223920845,41.36711044003948,-8.219223941920461,29.770682455147266,0.3874907207254523,21.589029254726142,8.718099983677348,17.166292059045304,18.645683249428828,14.76112924693291,25.98540040450422,13.716277860004993,30.784773626000685,13.613039693355404,37.78958542686189,13.72856790279468,41.807344749532376,13.96387266754516,44.74403024860345
115.51414823970276,-25.768411063644635,116.62984575841335,-27.888187477596546,122.96241124789117,-16.797699225521114,121.4437060378475,-1.632997729090448,108.99981997076952,0.9756899878108243,89.56217055722152,-7.528157026866097,69.09272722641401,-14.674502876472502,52.84041797342809,-11.913962416405354,41.90486506508864,-8.822618619756895,30.14580203291382,-0.3042268314334251,21.79412500708679,7.948425613196775,17.219236964645233,17.856002040214662,14.774623858659538,25.202102605324455,13.670821931732917,30.005074579338327,13.476188849479854,37.009131080188865,13.507402172845332,41.062895144368326,13.715533778939175,44.00599589427998
115.7150655324134,-26.562097600460277,116.73920349460866,-28.679136653358967,123.13900583042766,-17.538035859538695,122.21788498344074,-2.0796594333455687,109.84432239300179,1.0063006949661712,90.35455471218131,-7.265463883469863,69.89029280240618,-14.779200450775647,53.48217769014741,-12.352419631703924,42.449135067135444,-9.418773851045103,30.525272969631374,-0.99312170141053,22.002893241090646,7.179542361523374,17.27517365398785,17.067104381289937,14.78601659496087,24.419361024878526,13.623746196663546,29.22642451725477,13.334571916859773,36.22976210538053,13.279679152666858,40.31940180922675,13.457906582922647,43.26920465800174
115.91360275752743,-27.356262897278043,116.84469297455144,-29.470121454443756,123.30026456284202,-18.280381006355526,122.98209632269914,-2.5399387566603195,110.68713513637647,1.0251257674900671,91.14661333551703,-6.999794019962735,70.69236835901279,-14.869999188201973,54.128876150966335,-12.779059747759618,43.00003556701995,-10.007446721364886,30.909121650126167,-1.6791253698020228,22.215493693992016,6.411460087540547,17.334412374364092,16.279018435480566,14.795233363118996,23.637201303775726,13.575105568144409,28.448891638347618,13.188578870151787,35.45154000332087,13.046081924903888,39.57685726533418,13.191752895778336,42.533586778763436
116.11002309962453,-28.150777540203364,116.94682813530574,-30.261086666388167,123.4455219025283,-19.024254317001123,123.73393471578322,-3.0136507461792235,111.52767047283953,1.0317759481576445,91.938291832976,-6.731800238715948,71.49838301007799,-14.946899831726796,54.7806313777279,-13.193448627227724,43.55768168558279,-10.588394316296046,31.297374459224102,-2.3621693172040636,22.43208610304555,5.644188650131696,17.397263373065016,15.491772365612576,14.802200070416689,22.85564908262512,13.524954959523598,27.672544141214303,13.038599684012524,34.674526274893765,12.807293572201388,38.83525403391707,12.917834533789005,41.799072495559756
116.30458974328428,-28.9455121153419,117.04612291393585,-31.051977074729336,123.57411230688058,-19.769175442504718,124.47099482285375,-3.500610449046917,112.36534067433684,1.0258619797439792,92.72953561030556,-6.462135342100851,72.30776586944626,-15.00990312432566,55.437561392275484,-13.59515213276353,44.12218854366415,-11.161373721418272,31.690057781751307,-3.042185024212756,22.65283020550578,4.877737908180279,17.464036897381675,14.705394334511823,14.806842624136038,22.074730002036006,13.473349284148867,26.8974502244522,12.885024333098272,33.898782420983196,12.56399717720376,38.09458463620189,12.6369133132373,41.06559204738534
116.4975658730865,-29.740337208799076,117.14309124750582,-31.842737465004404,123.68537023329282,-20.514664033895883,125.19087130407104,-4.000632912408037,113.19955801281412,1.0069946050242606,93.52029007325302,-6.191452132488678,73.11994605096186,-15.059009808973826,56.099784216452235,-13.98373612702244,44.693671262104544,-11.726142022311365,32.08719800253391,-3.719103971424204,22.87788573862713,4.112117720569756,17.535037425567793,13.919912035850984,14.809086931559705,21.294469702617562,13.420343455368197,26.123678086658856,12.728242792065771,33.124369942473095,12.316875822555858,37.35484159341513,12.349751050406212,40.33307567323487
116.68921467361099,-30.535123406680498,117.23824707308006,-32.633312622750566,123.77863013915908,-21.26023974220385,125.89115881959594,-4.513533183407162,114.02973476021725,0.9747845667736783,94.3105006275656,-5.920403412250664,73.93435266846927,-15.094220628646838,56.767417872101646,-14.358766472659681,45.27224496174449,-12.282456304555126,32.488821506397926,-4.392857639434567,23.107332487234316,3.3473400792391317,17.610386904482652,13.13531239331735,14.808452784253177,20.514889307986834,13.365992386529342,25.351295926431646,12.568645035571535,32.351350340247336,12.06661259090231,36.61601742678323,12.057109561578386,39.601453612103
116.87979932943756,-31.329741295091594,117.33210432772262,-33.4236473335049,123.85322648187343,-22.005422218458136,126.56945202958877,-5.039126309188816,114.85528318849208,0.928842607767308,95.10011267899074,-5.649641983758158,74.75041483581288,-15.115536326320068,57.44058038106664,-14.719809032330716,45.858024763424055,-12.830073653729244,32.89495467816948,-5.0633775088400625,23.340845597634257,2.5834658393572454,17.69006425866246,12.351510559192263,14.80329620552925,19.735939535284615,13.310350990980169,24.580371942368117,12.406621038271965,31.57978511518985,11.813890564887743,35.878104657532674,11.75975066303647,38.870656102984356
117.06958302514568,-32.124061460137966,117.42517694849766,-34.213686382804724,123.91009952959166,-22.749737814540595,127.22334559421017,-5.577227336897636,115.67561556958447,0.8687794707802823,95.88907163327576,-5.379820649382339,75.56756166683692,-15.122957644968949,58.119389765190704,-15.066429668690773,46.45112578798387,-13.36875115541352,33.30562390267471,-5.730595060236681,23.578488759240486,1.8206046100986555,17.77405693717799,11.568414387621715,14.793722067337171,18.957515423713687,13.253474182068658,23.810974333065644,12.242560774823687,30.80973576818468,11.559392827157012,35.14109580688995,11.458436171063454,38.14061338487369
117.25882894531537,-32.917954487925044,117.5179788724696,-35.003374556187055,123.96259434544629,-23.49295077604478,127.85043417362067,-6.127651313678257,116.49014417544015,0.7942058985877907,96.67737723622247,-5.111579254187291,76.38522227538601,-15.11648532756891,58.80396404631699,-15.3981942443952,47.05169548246863,-13.898245886499183,33.72085556473962,-6.394441774220638,23.82040434610849,1.0588681118488807,17.862352389100238,10.785931732751692,14.780042582717329,18.17951049215185,13.195416873142563,23.04317129712166,12.076854219883103,30.0412638001157,11.303802460354632,34.40498339608155,11.15392790194187,37.41125569676558
117.44780027452623,-33.71129096455843,117.61102403670236,-35.79265663918915,124.0137904057259,-24.235121906310837,128.44831242798102,-6.690213286675146,117.29828127800499,0.7047326339649089,97.46525871090546,-4.845337199266055,77.20282577530429,-15.096120117095381,59.49734366313362,-15.714695766950456,47.6645488776951,-14.418298425784428,34.14067604919023,-7.054849131388039,24.066734732294208,0.29836806499361046,17.954938063500094,10.003970448728069,14.76256996471011,17.401818259476784,13.136233977549864,22.27703103313371,11.909891348106953,29.274430711866785,11.047802547125343,33.6697599463339,10.846987671954707,36.68251327765472
117.63676019735794,-34.503941476143666,117.70482637826035,-36.58147741734814,124.06362862747096,-24.976330621318652,129.01457501745153,-7.264728303032996,118.09943914922485,0.5999704196868834,98.25277091799785,-4.581329484390153,78.01980128043624,-15.061862756523738,60.205906887357514,-16.015754779688336,48.2925625810866,-14.928598541369809,34.56511174085267,-7.711748612335043,24.317622291853127,-0.46078381008157976,18.051801409448444,9.222438389696777,14.741616426355563,16.624332244566347,13.075980408638316,21.512621739699227,11.742062134151638,28.509298004321977,10.792076170114,32.93541797887343,10.5383772973845,35.95431636653581
117.82597189839032,-35.295776608786184,117.79989983420774,-37.369781676201114,124.11204992772184,-25.716656337047937,129.54681660219296,-7.851011409896444,118.89303006104558,0.4795299985287329,99.03993987622073,-4.319785432653077,78.83557790462623,-15.013713988829409,60.92888286990319,-16.301305384517605,48.93500486745165,-15.428826251087173,34.99418902455295,-8.365071697657754,24.573209398841072,-1.2184757929911711,18.152929876016174,8.441243409803803,14.717494180694189,15.846945966298222,13.014711079755898,20.750011615415588,11.573756552673558,27.74592717836515,10.537306411965005,32.201950014926695,10.228858594514122,35.22659520240347
118.01569856220317,-36.086666948591585,117.89675834160857,-38.15751420128538,124.1589952235189,-26.456178469478687,130.04263184236572,-8.448877654409898,119.67846628541304,0.34302211326570387,99.82679160429564,-4.060934367148434,79.64958476171864,-14.951674556987825,61.66520229308776,-16.57128251960944,49.59114401159877,-15.918661572768599,35.42793428511732,-9.014749867952332,24.833638427313645,-1.9745961633494744,18.25831091227417,7.660293363195137,14.690515440766148,15.069552943550207,12.94868469925757,19.989263458658286,11.405364578329568,26.984379734880235,10.284176355323325,31.46934857572012,9.919193379626336,34.499280024252414
118.20620337337618,-36.876483081665356,117.99591583752715,-38.94461977813796,124.2044054319025,-27.19497643459067,130.49961539813046,-9.05814208371811,120.45516009427297,0.19005750667287202,100.61335212094355,-3.805005610969829,80.46125096555795,-14.875745203974475,62.413795839228214,-16.825621123135136,50.2602482883367,-16.397784524245935,35.86637390737167,-9.660714603814881,25.09905175132667,-2.729033200770971,18.367931967293316,6.879496104016596,14.660992419611716,14.2920466952001,12.855715333604735,19.23031317537965,11.23727618577584,26.224717174751163,10.03336908283336,30.73760618248025,9.610143469003901,33.772301071077266
118.39774951648906,-37.66509559411304,118.09788625902763,-39.73104319229617,124.24822146991312,-27.933129648363774,130.9153619296477,-9.678619744965658,121.22252375957112,0.02024692152537,101.399647444886,-3.552228487210755,81.2700056299883,-14.785926672764674,63.17359419064144,-17.064256133266042,50.941585972473945,-16.865875123351145,36.309534276142244,-10.302897385841561,25.36959174493586,-3.481675184870028,18.48178049014473,6.098759486414281,14.62923733027128,13.514320740125527,12.734374535724328,18.472968267952638,11.069881349669117,25.46700099886192,9.78556767714008,30.00671535643346,9.302470678929467,33.045588581872664
118.5906001761216,-38.45237507204013,118.2031835431743,-40.51672922929697,124.29038425459123,-28.670717526777764,131.2874660970781,-10.310125685297066,121.97996955325357,-0.1667988994015559,102.1857035948442,-3.302832318964761,82.0752778688543,-14.682219706333854,63.94352802964454,-17.28712248817328,51.63442533881903,-17.322613387916192,36.75744177625495,-10.941229694628532,25.645400782196816,-4.232410395261013,18.599843929898952,5.317991364534009,14.595562385785115,12.736268597204344,12.587279112418287,17.717030536283687,10.903570044665912,24.711292708096323,9.541455220887997,29.27666861880624,8.99693682568602,32.3190727956333
118.78501853685339,-39.23819210155216,118.31232162703122,-41.30162267467779,124.33083470297709,-29.407819485812638,131.61352256058206,-10.95247495185697,122.72690974726606,-0.37146921333288674,102.97154658953934,-3.057046429325453,82.87649679600008,-14.5646250476575,64.7225280385544,-17.49415512602826,52.33803466218069,-17.76767933577304,37.21012279253591,-11.575643010771842,25.92662123716525,-4.9811271115584645,18.722109735627214,4.53709959252177,14.560279799193381,11.957783785314348,12.41704587048821,16.962301780279176,10.738643945991612,23.957653777649057,9.301714796721853,28.54745849082508,8.694303725556097,31.592683951353877
118.98126778326434,-40.02241726875462,118.42581444766279,-42.085668313975475,124.36951373211127,-30.14451494144805,131.89112598032034,-11.605482591789894,123.46275661355435,-0.594153277493433,103.75720244769275,-2.815100141386381,83.67309152527037,-14.433143439711046,65.50952489968802,-17.68528898500216,53.05168221736733,-18.200752984753592,37.667603709811374,-12.206068814867649,26.21339548389676,-5.727713613376636,18.848565356400172,3.7559920245234935,14.523701783536467,11.178759823333166,12.22629161673592,16.208583799845485,10.559960983804785,23.206082039658554,9.06702948728639,27.819077493716463,8.39533319482257,30.866352288028963
119.17961109993416,-40.80492115975312,118.54417594213294,-42.868810932727456,124.40636225903404,-30.880883309664,132.11787101645336,-12.26896365224053,124.19001106844951,-0.835234456764681,104.54269718802573,-2.5772227782410937,84.46449117050918,-14.287775625469806,66.3034492953625,-17.86045900326627,53.77463627918769,-18.62151435268987,38.13218102049234,-12.832413261364252,26.50586589644729,-6.472058180330009,18.97919824128894,2.974576514685168,14.48614055185476,10.399090230138711,12.017633157963132,15.455678394889105,10.357866906527306,22.45637463023553,8.838082375226122,27.091518148706882,8.1007870497682,30.14000804465337
119.38031167144254,-41.58557436065303,118.66792004750607,-43.65099531647081,124.44132120078586,-31.61700400644031,132.29135232914177,-12.9427331803534,124.93387788333405,-1.0948860166365648,105.3280568292596,-2.3436436629831974,85.250124845561,-14.128522347909268,67.10323190789461,-18.019600118991832,54.506165122450284,-19.029643457413727,38.60756417173923,-13.45442545620756,26.804174848872435,-7.214049092033065,19.113995839364293,2.192760917152725,14.447908317188308,9.618668524608665,11.793687300971783,14.70338736531636,10.134744325015276,21.708289222897918,8.615556543185903,26.364772977022767,7.811427106675637,29.41358146022162
119.58363268236928,-42.364247457560054,118.79756070084636,-44.432166250742625,124.47433147440711,-32.35295644775675,132.40916457854598,-13.626606223273143,125.69748240978424,-1.3730187874448347,106.11330739011566,-2.1145921187061845,86.02942166427033,-13.955384350004863,67.90780341960158,-18.16264727035019,55.24553702196363,-19.42482031675712,39.093524220304175,-14.071794388208104,27.108464715227797,-7.953574628100057,19.252945599697114,1.4104530860720388,14.409317292577498,8.837388225620714,11.557070852563584,13.951512511033627,9.89297585012514,20.961583491163594,8.396051037544908,25.63883244128135,7.528015181827868,28.687002773728466
119.78983731729397,-43.140811036579635,118.93361183921797,-45.21226852108009,124.50533399693836,-33.08882004959327,132.46890242482675,-14.32039782814428,126.47766139340035,-1.6695270774328606,106.89847488931514,-1.890297468503661,86.80181074048153,-13.768362374732021,68.71609451280028,-18.28953539551253,55.99202025253646,-19.806724948552073,39.589766441607026,-14.684208924415714,27.4188778695692,-8.690523068145524,19.39603497135829,0.627560875589154,14.370679691062719,8.055142852052768,11.310400619540246,13.1998556319474,9.634944092712885,20.216015108550494,8.161268222847298,24.91365097968594,7.251313091507427,27.960202224168484
119.99918876079653,-43.91513568381731,119.07658739968497,-45.99124691302052,124.53426968541976,-33.82467422792962,132.47624511617437,-15.023915299159967,127.27125157978298,-1.9843051948441257,107.68358534557933,-1.6709890354691197,87.56672118803885,-13.567457165066116,69.5270358698076,-18.40019943265014,56.74488308897719,-20.17503737063049,40.09599611106796,-15.291357931880214,27.73555668595236,-9.424782691783776,19.54325140341882,-0.15600786015005497,14.332307725684245,7.271825922782455,11.056293408703482,12.448218527964002,9.363031663634843,19.471341748576492,7.910222670222197,24.189152359308366,6.982082651997189,27.233110050536425
120.21195019745664,-44.687091985378515,119.22700131931174,-46.769046212100875,124.56107945689189,-34.5605983987457,132.47624511617437,-15.73679626098425,128.0750897145324,-2.317247447922057,108.46866477762944,-1.45689614269628,88.32358212078668,-13.35266946398258,70.33955817294066,-18.494574319934316,57.50339380609455,-20.52943760082428,40.61191850410705,-15.892930277651487,28.05864353843276,-10.156241778629294,19.694582344949595,-0.9403452669996,14.294513609482124,6.487330956687572,10.79736602685523,11.696402998989868,9.079621173747341,18.727321084759467,7.644444789525892,23.465259367961323,6.7210856795799145,26.505656491826983
120.4283848118539,-45.456550527368904,119.38536753516246,-47.54561120385836,124.58570422839512,-35.29667197802138,132.47624511617437,-16.458513202631877,128.8860125432492,-2.6682481449100806,109.25373920418679,-1.248248113278521,89.0718226525695,-13.12400001445684,71.15259210451643,-18.572594995536292,58.26682067869717,-20.86960565696546,41.13723889614437,-16.488614828779475,28.388280801066344,-10.884788608296446,19.850015245021382,-1.7255434908136067,14.25760955549697,5.701551472645917,10.5362352807972,10.944210844931376,8.787095233906484,17.98371079061741,7.36546499061501,22.741894793457675,6.468975372070872,25.777771790823692
120.64875578856834,-46.22338189589391,119.55311423826356,-48.32088480324887,124.6080849169698,-36.03297438173644,132.47624511617437,-17.18853177915173,129.70085681153387,-3.0372015940515666,110.03883464397279,-1.0452742703095055,89.81157083638004,-12.881475222294739,71.96506834685181,-18.634196397627363,59.03443198159346,-21.19522155688594,41.67166256259998,-17.07810045231389,28.724610847908707,-11.6103114603996,20.009537552705183,-2.5116946774460303,14.22190777676883,4.914380989535232,10.275517977331106,10.191443865694907,8.487836454968601,17.24026853966808,7.074813683345724,22.018981423610228,6.211252759911986,25.0493928363623
120.87332631217942,-46.98745667705907,119.73249443111752,-49.09479415549083,124.62816243965642,-36.76958502587081,132.47624511617437,-17.926317645592803,130.5164592649868,-3.4240021035899986,110.82397711570854,-0.8482039368827827,90.54507974506532,-12.625438827309722,72.7759175822639,-18.679313464378765,59.80549598959203,-21.505965318417623,42.21489477889395,-17.661076015304673,29.067776053015564,-12.332698614553294,20.173136717071998,-3.2988909727509963,14.187720486338094,4.125713026233257,10.017830923258884,9.437903861186953,8.184227447789794,16.49675200542947,6.774021277574434,21.296442046231732,5.938689987006228,24.320476832368854
121.10235956726706,-47.748645456969825,119.92329964070893,-49.86725849779259,124.64587771349534,-37.50658332640427,132.47624511617437,-18.671336457004088,131.32965664920846,-3.828543981768746,111.60919263811547,-0.657266436091902,91.27287854938515,-12.35644870145586,73.58407049306959,-18.70788113396179,60.57928097750164,-21.80151695939253,42.76664082044624,-18.237230384801705,29.417918790442627,-13.051838350371838,20.340800187192485,-4.087224522582517,14.155359897245035,3.3354411016177323,9.765790925382134,8.683392631313836,7.878650823226508,15.752918861419516,6.46461818315754,20.574199449135108,5.6532353093731444,23.59098485089379
121.33611873841085,-48.50681882173194,120.12522190715015,-50.638197008068346,124.66117165552703,-38.244048699316636,132.47624511617437,-19.42305386843441,132.13728570979924,-4.250721536831236,112.3945072299149,-0.47269109103041274,91.99531216634193,-12.075066732699952,74.38845776158598,-18.719834344547678,61.35505522013068,-22.081556497642566,43.326605962677036,-18.806252427854815,29.77518143424561,-13.7676189474696,20.51251541213776,-4.876787472794717,14.125138222529927,2.5434587345664568,9.52201479050268,7.9277119759819925,7.57348919213473,15.008526781156093,6.1481348099514435,19.85217642013305,5.356836983032281,22.860877963987377
121.57486701019059,-49.26184735745073,120.33795327055384,-51.40752886423252,124.67398518279174,-38.982060560587854,132.47624511617437,-20.18093553493287,132.93618319235975,-4.690429077021008,113.17994690982789,-0.2947072247919209,92.71272551293782,-11.781854809008735,75.18801007012996,-18.715108034307775,62.13208699228778,-22.345763950999697,43.8944954810064,-19.36783101151383,30.13970635848011,-14.479928685461061,20.688269840978705,-5.667671969241553,14.097367675233045,1.7496594439571709,9.289119325422234,7.170663695097744,7.271125165370904,14.26333343815702,5.8261015678124295,19.130295747038417,5.0514432640032965,22.130117243699942
121.81886756718609,-50.01360165023175,120.56118577103223,-52.175173244199414,124.68425921233006,-39.72069832619775,132.47624511617437,-20.944447111548413,133.72318584249035,-5.147560910581319,113.9655376965759,-0.123544160469919,93.42546350617488,-11.477374818349006,75.98165810101852,-18.693637141413205,62.90964456878157,-22.593819337295827,44.47001465085441,-19.921655002828686,30.51163593720196,-15.188655843960646,20.868050922786097,-6.459970157777207,14.072360468394663,0.9539367486676724,9.069721336942735,6.4120495885676405,6.973941353791133,13.51709650594023,5.500048866597012,18.40848021766402,4.739002408305623,21.39866376208181
122.06838359397705,-50.76195228618053,120.79461144869776,-52.941049325883455,124.69193466118236,-40.46004141212609,132.47624511617437,-21.713054253329915,134.49513040579166,-5.622011345755709,114.7513056088801,0.04056877884198684,94.13387106305527,-11.162188648687618,76.76833253656866,-18.655356604035376,63.68699622442068,-22.825402674362977,45.05286874764113,-20.467413268849157,30.89111254446675,-15.893688702582722,21.05184610663082,-7.253774184255576,14.05042881505517,0.15618416757564546,8.866437631865892,5.651671456297947,6.684320368251747,12.769573658023717,5.171507116161479,17.686652619822667,4.421462671958807,20.666478591183306
122.32367827514327,-51.50676985140262,121.03792234366301,-53.705076287198835,124.69695244638899,-41.20016923435287,132.47624511617437,-22.486222615326312,135.2488536278638,-6.113674690787548,115.53727666546183,0.1974022700501905,94.83829310058115,-10.83685818799131,77.54696405909738,-18.600201360345466,64.46341023401362,-23.040193980033052,45.64276304678663,-21.00479467662518,31.279074063805638,-16.594910355796742,21.239642841583986,-8.049176194530844,14.03188492825484,-0.6437047804411122,8.681885016993306,4.8893310981951,6.404644819608848,12.020522567925298,4.842006726362229,16.96473574132716,4.1007723109825065,19.9335228030547
122.58501479526421,-52.24792493200357,121.2908104960402,-54.46717330605986,124.69925348499032,-41.94116120885781,132.47624511617437,-23.263417852586656,135.98119225430753,-6.6224452539203185,116.32347688504251,0.3467269900612564,95.53907453575482,-10.501945324226824,78.31648335092154,-18.52810634851477,65.23815487236902,-23.23787327213796,46.23940282371086,-21.53348809320653,31.681571927861,-17.292043156436193,21.433379475431025,-8.846229098527601,14.017041021033833,-1.445836576504803,8.518680299127027,4.124830314165592,6.137297318718765,11.269700909162907,4.513078107055549,16.242652369990253,3.778879581396154,19.19975746974643
122.85265633891993,-52.9852881140888,121.5529679459421,-55.22725956038096,124.6978481232685,-42.68308867137671,132.47624511617437,-24.044105620159883,136.6889830307233,-7.148217343397334,117.10993228634311,0.48831361578152155,96.23656028557843,-10.158011945361068,79.0759017924297,-18.439006637260377,66.0104984142954,-23.41812056850972,46.842493353834016,-22.05318238564314,32.09944075201486,-17.984621606690325,21.63907705108852,-9.644545451875558,14.006209306432424,-2.2503177017377425,8.379440285068654,3.357970904115689,5.88466047643783,10.516866355254422,4.1862516680979525,15.520325293624865,3.4577327392194093,18.465143663308766
123.1268660906901,-53.71872998376398,121.82408673348084,-55.98525422807654,124.68985347688965,-43.425929702958115,132.47624511617437,-24.82775157309493,137.3690627027114,-7.690885267462136,117.89666888808529,0.6219328241174367,96.93109526705405,-9.805619939360724,79.83110781479854,-18.332942434270876,66.77970913460138,-23.58061588698024,47.451739912576045,-22.56356642098484,32.532197227845245,-18.672169560486566,21.856966200044553,-10.443461020909751,13.999701997491115,-3.057254637262133,8.266781781620011,2.5885546679518256,5.64911690362203,9.761776579717775,3.863057819345727,14.797677300043688,3.1392800404718173,17.729642455791975
123.40810872311738,-54.44812155910358,122.10385889876898,-56.74107648706081,124.67536212932885,-44.16960254079049,132.47624511617437,-25.61382136644073,138.01826801587242,-8.250343334358092,118.68371270899002,0.7473552919754525,97.62302439718383,-9.445331194192704,80.58615173061435,-18.210248489812102,67.54505530809547,-23.72503924538148,48.06684777535713,-23.064329066281516,32.97935804693009,-19.354210871752286,22.086827472762707,-11.242307276395366,13.99787584136061,-3.866753675329562,8.183321595582811,1.8163834055804955,5.433049211127809,9.004189256070788,3.545026970655158,14.074631177059587,2.8254697411728102,16.993214919246384
123.70226203061736,-55.173410150123345,122.39197648191896,-57.49464551524807,124.65470223802163,-44.914024438963224,132.47624511617437,-26.40178065524634,138.63343571580674,-8.82648585232863,119.47108976777872,0.8643516962620197,98.31269259297005,-9.077707597823633,81.3408786264929,-18.07131074293426,68.30580520958642,-23.85107066154535,48.68752221759735,-23.55515918858299,33.44043990084742,-20.03026939441503,22.328441419705996,-12.040415689097415,14.005169204755816,-4.678736447623237,8.131676533758991,1.0412589169079638,5.238840009811383,8.24386205783145,3.233689531882874,13.351109712485368,2.5182500973419337,16.255822125722432
124.01147892049437,-55.89470632788914,122.68813152304324,-58.24588049055285,124.62820196040343,-45.65911265156603,132.47624511617437,-27.19109509456058,139.21140254811496,-9.419207129617178,120.25882608317261,0.972692713883589,99.00044477141478,-8.70331103822042,82.09513358905019,-17.91651513268738,69.06766193783005,-23.95846000062579,49.31346851471676,-24.03574565493909,33.91495948117506,-20.69986898240211,22.581588591337777,-12.837117729781028,14.024114238403286,-5.492594587159999,8.114457561623567,0.2629830034044289,5.0688719105288556,7.480552658517638,2.930575912885047,12.627035694133838,2.219569364998847,15.51742514727033
124.33513269282253,-56.61214171436336,122.99201606225427,-58.99470059088924,124.59618945391003,-46.404784432688416,132.47624511617437,-27.981230339432443,139.74900525839735,-10.02840147446716,121.0469476738931,1.0721490217465544,99.68662584952028,-8.322703403349863,82.84876170490202,-17.746247598121613,69.83872717065151,-24.04731490197065,49.944391942135326,-24.50577733239976,34.40243347949115,-21.362533489640953,22.846049538121406,-13.631744869211218,14.054347650892055,-6.307625232733471,8.122791160299926,-0.5185155855458561,4.925527524136555,6.714018731647286,2.6372165235180773,11.902331909817804,1.9313758001632095,14.777985055940462
124.6725966476763,-57.32584793150863,123.30332213966437,-59.74102499417165,124.55899287597686,-47.15095703641987,132.47624511617437,-28.77165204491098,140.2430805922545,-10.653963195122003,121.83548055866129,1.1624912967574232,100.37158074428862,-7.9364465811787,83.60160806066449,-17.560894078286992,70.61839316826615,-24.11785725047747,50.57999777527323,-24.96494308801482,34.90237858737362,-22.017786770059104,23.12160481052001,-14.42362857815317,14.095506150811048,-7.123125523137446,8.146654811915823,-1.3028350525533483,4.811189461490699,5.944017950738214,2.3551417736383655,11.176921147350072,1.6556176588542257,14.037462923783096
125.02324408512993,-58.0359566012869,123.62174179538613,-60.484772878314516,124.51694038403957,-47.89754771685023,132.47624511617437,-29.561825866045012,140.6904652952868,-11.295786599825078,122.62472446762888,1.243489761933688,101.05565437272207,-7.545102459673728,84.35351774295339,-17.360840512233608,71.40600077592558,-24.170308981048493,51.219991289550535,-25.412931788834157,35.41431149640039,-22.665152677583876,23.408034958997177,-15.2121003273719,14.147226446749414,-7.938392597165546,8.185484656326935,-2.0894634374271277,4.728240333447502,5.1703079893083554,2.0858820731023116,10.45072619454345,1.3942431970917823,13.295819822848557
125.38644830525777,-58.74259934566089,123.94696706953198,-61.225863421232134,124.47036013553372,-48.64447372806876,132.47624511617437,-30.351217457883592,141.08799611309473,-11.953765996819925,123.42353237055534,1.314816571352253,101.7391916518227,-7.149232926801744,85.1043358383846,-17.146472839011608,72.20089083888115,-24.204892028586187,51.864077760387204,-25.84943230190754,35.93774889814961,-23.304155066142755,23.705120534015805,-15.996491587632534,14.209145247295965,-8.752723593611336,8.238716833388935,-2.877888779976388,4.6790627508631815,4.392646520875644,1.830967831766202,9.723669839210743,1.1492006708951976,12.553016825187228
125.76158260813395,-59.445907786592784,124.27869000221415,-61.9642158008387,124.41958028789486,-49.39165232416531,132.47624511617437,-31.139292475475656,141.4325097912788,-12.627795694349857,124.23516583547416,1.3759241615048836,102.42253749859276,-6.749399870529601,85.85390743357402,-16.918176997671083,73.00240420238458,-24.22182832799274,52.51196246320342,-26.27413349428491,36.47220748419909,-23.93431778966317,24.012642086039477,-16.7761338297002,14.280899261039849,-9.565415651268552,8.305787482957498,-3.6675991200103795,4.665705937249413,3.6107916613161137,1.5919294594865505,8.995674869164702,0.9224383362841309,11.809015002849378
126.14802029383281,-60.146013546044856,124.61660263354531,-62.69974919504875,124.36492899855853,-50.13900075922925,132.47624511617437,-31.92551657387014,141.72084307543935,-13.317770000658356,125.05827777490072,1.4262350976663356,103.10603683003444,-6.346165178823981,86.60207761513766,-16.676338927262123,73.80988171168735,-24.22133981417062,53.16335067341913,-26.68672423301615,37.01720394612687,-24.55516470207249,24.330380165531324,-17.550358524339913,14.362125196569878,-10.375765908930816,8.386132744888073,-4.458082497338296,4.671924963007882,2.824690803567819,1.3702973661196438,8.266664072218248,0.7159044492781277,11.063775427885332
126.54513466242872,-60.84304824597973,124.96039700363792,-63.43238278177637,124.3067344249605,-50.88643628735019,132.47624511617437,-32.70935540811604,141.949832711177,-14.023583223988851,125.89152110135069,1.465171945111308,103.79003456314979,-5.940090739651737,87.3486914696914,-16.42134456683482,74.62266421204083,-24.20364842202207,53.81794766645453,-27.08689338515103,37.57225497551099,-25.1662196572982,24.6581153229547,-18.3184971423168,14.4524597624752,-11.183071505391808,8.479188759036447,-5.248826951769274,4.6874969754280755,2.0347745055744326,1.167601961521882,7.53656023618413,0.5315472658967337,10.317259172345416
126.95229901399591,-61.53714350835946,125.3097651526042,-64.1620357389362,124.24532472453609,-51.63387616261775,132.47624511617437,-33.49027463326229,142.13007719345467,-14.74508259159802,126.73354872733967,1.492157269114557,104.47487561494097,-5.531738440979666,88.09359408385114,-16.15357985543926,75.44009254869684,-24.168976086449504,54.479754321729274,-27.474343514265,38.13687726392925,-25.76700650926773,24.99562810877285,-19.079881154395935,14.551539667344741,-11.98662957944515,8.584391665258295,-6.039320523112622,4.712187727797414,1.2415493099491073,0.9853736555495516,6.805286148875098,0.3713150421594946,9.569427308280012
127.36888664860874,-62.22843095514668,125.66439912055671,-64.88862724444232,124.18102805472097,-52.38123763912142,132.47624511617437,-34.26773990435777,142.30348927633486,-15.481580178184288,127.583013565383,1.5066136349508952,105.16090490241038,-5.121670170774507,88.83663054423289,-15.873430732125541,76.26150756690663,-24.117544742355165,55.15764664915969,-27.84888604852739,38.710587502959925,-26.35704911190851,25.342699073449012,-19.833842031342385,14.659001619767423,-12.785737269884578,8.701177603409292,-6.829051251177418,4.7457629734032025,0.4455217593048246,0.8251428580591664,6.072764598104072,0.23715603408595598,8.820240907739333
127.79427086634144,-62.91704220830354,126.0239909476079,-65.61207647620915,124.11417257295068,-53.12843797095093,132.47624511617437,-35.041216876451585,142.47289786368844,-16.232048488214218,128.43856852799638,1.5079636078949648,105.84846734255984,-4.710447817003114,89.5776459374523,-15.581283135943806,77.0862501119218,-24.049576324641464,55.85094126000217,-28.210384367583572,39.29290238418082,-26.935871319147964,25.699108767446546,-20.579711243921338,14.774482328332283,-13.5796917155036,8.828982713344885,-7.617507175772914,4.787988465532408,-0.3528016037453767,0.688439978907013,5.3389183716837465,0.13101849769566343,8.069661042773816
128.22782496726813,-63.60310888979245,126.38823267387022,-66.33230261215101,124.04508643666088,-53.87539441219576,132.47624511617437,-35.810171204592564,142.6379292108602,-16.995454616860968,129.2988665276954,1.4956297532215785,106.53790785239187,-4.298633267632226,90.3164853501255,-15.277523005944147,77.91366102899383,-23.965292768210702,56.55859690418936,-28.558702171955304,39.88333859916986,-27.502996984913523,26.064637741228694,-21.31682026289775,14.897618501628244,-14.367790055096009,8.967243134920864,-8.404176336708304,4.838629957472563,-1.1529142365883445,0.5767954279494916,4.603670257427041,0.05485068900816259,7.317648785433676
128.6689222514634,-64.2867626215758,126.75681633945612,-67.04922483018231,123.97409780328712,-54.62202421694542,132.47624511617437,-36.57406854382975,142.79820957319532,-17.770765659297922,130.1625604769955,1.4690346362054925,107.2295713489084,-3.8867884106286397,91.05299386886827,-14.962536281176654,78.74308116337443,-23.864916007965235,57.27957233165398,-28.893703162164343,40.4814128395052,-28.057949963132558,26.43906654525881,-22.044500559036862,15.028046848244458,-15.149329427455427,9.115395007992902,-9.188546773792837,4.8974532025107465,-1.9543095966111537,0.49173961504288854,3.866943043146648,0.010600864042999092,6.564165207769349
129.1169360190014,-64.968135025616,127.12943398447794,-67.76276230821725,123.90153483026495,-55.368244639289514,132.47624511617437,-37.332374549212034,142.95336520603848,-18.556948710698293,131.02830328841242,1.4276008221213488,107.9238027491117,-3.4754751339592076,91.78701658029672,-14.63670890069136,79.57385136031496,-23.74866797880736,58.01282629232867,-29.215251038732504,41.08664179676464,-28.600254107732553,26.822175730000026,-22.762083603103633,15.165404076769846,-15.923606971375477,9.27287447241656,-9.97010652683565,4.964223953934379,-2.756481141200652,0.43480295004371783,3.128659516655489,0,5.809171787083756
129.57123956995633,-65.6473577238753,127.50577764904824,-68.47283422417024,123.82772567502991,-56.11397293331777,132.47522627385058,-38.08455603348705,143.10302236473478,-19.352970866235296,131.8947478744616,1.370750876244017,108.62094697000396,-3.0652553255906696,92.51839857102652,-14.300426803538414,80.40531246506703,-23.61677061563944,58.75731753614593,-29.523209502181544,41.69854216252622,-29.129433272640938,27.21374584591581,-23.46890086586319,15.30932689579322,-16.689919825649838,9.43911766804763,-10.748343635645938,5.038707965030426,-3.558922327743801,0.4075158428082659,2.3887424657662564,0.01728648771893404,5.052713641216201
130.03120620440257,-66.32456233831613,127.88553937327947,-69.1793597559556,123.75299849501766,-56.859126353119564,132.44318687980194,-38.830294544110586,143.2468073046291,-20.157799221082144,132.7605471476586,1.2979073638481395,109.32134892858721,-2.656690873489765,93.24698492767368,-13.954075928767963,81.23680532288199,-23.469445853363823,59.5120048130384,-29.81744225303339,42.31663062836799,-29.64501131178514,27.613557443469404,-24.164283818080662,15.459452013903842,-17.44756512907213,9.613560734741554,-11.522746140032893,5.12067098908642,-4.361126613627562,0.41072051309913604,1.6471312525238773,0.05851487492259366,4.295021396980985
130.49620922241445,-66.99988049090086,128.26841119728385,-69.88225808148775,123.67768144766376,-57.60362215278451,132.36787717334175,-39.56973646654126,143.38434628106654,-20.970400870412163,133.62435402051892,1.2084928502085859,110.02535354186375,-2.2503436656234044,93.9726207368542,-13.598042215430041,82.06767077901168,-23.306915626882812,60.27584687293893,-30.09781299180969,42.94042388586797,-30.146512079092588,28.021391073123937,-24.847563930521062,15.615416139690524,-18.195840020436094,9.795639812354011,-12.292802079805767,5.209878779389442,-5.162587456238896,0.44223341579447606,0.9039944234542077,0.12282804154756377,3.536350611543014
130.96562192406623,-67.6734438035918,128.65408516117407,-70.58144837868088,123.60210269040374,-58.34737758640222,132.25156175825475,-40.30308892905185,143.51526554939187,-21.789742909398626,134.48482140555825,1.1019299005999414,110.73330572683562,-1.8467755899583267,94.69515108518385,-13.232711602574739,82.89724967870734,-23.129401871098764,61.04780246578002,-30.364185419032367,43.56943862660398,-30.63345942849071,28.43702728534288,-25.518072673949575,15.776855981742187,-18.93404163853529,9.984791040740788,-13.057999494773696,5.306097089226796,-5.962798312964708,0.5009132009532777,0.15966779823759225,0.2093688675302019,2.7769568420669657
131.43881760943214,-68.34538389835132,129.04225330506256,-71.27684982544929,123.52659038067304,-59.09030990806218,132.09650523832568,-41.03055905991505,143.63919136495008,-22.61479243321469,135.34060221529217,0.9776410802970759,111.44555040050523,-1.4465485344612716,95.41442105927854,-12.858470029252203,83.72488286722057,-22.937126520913978,61.8268303414942,-30.616423235223067,44.20319154215406,-31.105377213906877,28.86024663058936,-26.175141519131216,15.943408248648097,-19.6614671221634,10.180450559757446,-13.817826424745931,5.409091671885676,-6.761252641191959,0.5858171208244585,-0.5855089976636236,0.31728023280697926,2.017095645717802
131.91516957858641,-69.01583239714182,129.43260766906155,-71.96838159970753,123.45147267590755,-59.832336371854126,131.9049722173395,-41.75235398740347,143.75574998308616,-23.44451653703362,136.19034936223602,0.8350489545746882,112.161402559679,-1.0502335008283694,96.13027574575437,-12.475703434512525,84.54991118980297,-22.73031151123081,62.611889250014315,-30.854390140903774,44.84119932409635,-31.56178928926863,29.290829659326846,-26.818101936831113,16.11470964899695,-20.37741361011416,10.38205450925966,-14.571770909531665,5.518628280653502,-7.557443898307611,0.6960024276572767,-1.3311963387870378,0.44570501731448076,1.2570225796602585
132.39405113160353,-69.68492092192548,129.82484029328361,-72.65596287936967,123.37707773354259,-60.57337423186755,131.67922729908094,-42.468680839789954,143.8645676591451,-24.27788231602875,137.03271575890562,0.6735760887074775,112.87945316730145,-0.6584498622966635,96.84256023122703,-12.084797757405738,85.3716754917059,-22.50917877695167,63.40193794127299,-31.077949836596133,45.482978664008556,-32.00221950850329,29.728556922018356,-27.446285397814336,16.290396891377895,-21.081178241181135,10.589039029102992,-15.319320988940092,5.634472668817239,-8.350865541698624,0.8305263737011046,-2.0770545996701344,0.5937861009888366,0.4969932010591833
132.87483556855761,-70.35278109466492,130.2186432178412,-73.33951284235025,123.30373371101382,-61.31334074219194,131.42153508733463,-43.17974674534696,143.9652706484717,-25.11385686537318,137.86635431781633,0.4926450479703135,113.59956361283548,-0.27183297838962517,97.55111960231261,-11.686138936982047,86.18951661818107,-22.27395025297875,64.19593516520274,-31.286966022821957,46.128046253468824,-32.42619172553833,30.173208969127472,-28.059023372845957,16.471465398841474,-21.77205936077229,10.800840259143229,-16.05996470278035,5.75639058966442,-9.141011028751848,0.9884462112050869,-2.822744154850625,0.7606663637667452,-0.2627369329206317
133.356896189523,-71.01954453732242,130.61370848284673,-74.01895066656357,123.2317687657569,-62.05215315691703,131.13416018588555,-43.88575883234728,144.057485206411,-25.951407280240346,138.68991795148384,0.2916783976378383,114.32160562722072,0.10898178126114999,98.2557989456268,-11.280112912291429,87.00277541447997,-22.024847874214515,64.99283967173619,-31.481302400103175,46.77591878405519,-32.83322979430119,30.62456635111721,-28.655647332691103,16.69808248673553,-22.449584919112453,11.016894339235819,-16.793190090861685,5.8841477964820115,-9.927373816854356,1.1688191924183684,-3.5679253788660503,0.9454886855845643,-1.0219122651142811
133.83960629457408,-71.68534287186014,131.0097281284127,-74.69419552992395,123.16151105520714,-62.7897287301322,130.81936719851842,-44.5869242290637,144.14083758830793,-26.78950065580335,139.50205957242372,0.07009870298475107,115.04545094139667,0.48335904702383914,98.9564433477857,-10.867105622384088,87.81079272585407,-21.76209357556121,65.79161021080608,-31.66082266896143,47.42611294734559,-33.22285756871929,31.082409618451152,-29.235488748114904,16.98584613175899,-23.113782841076727,11.23663740923655,-17.518485192993353,6.0175100425575465,-10.709447363392997,1.3707025695902075,-4.312258646254065,1.147395946378765,-1.78027723835703
134.32233918378495,-72.35030772024072,131.4063941946514,-75.36516661034557,123.09328873680045,-63.52598471592728,130.479420729018,-45.28345006376867,144.21495404950747,-27.627104087235466,140.30143209315133,-0.17267147071407862,115.77097128630294,0.8506634492667899,99.6528978954052,-10.447503006310058,88.61290939755486,-21.48590929192119,66.59120553234504,-31.825390529918536,48.08330989432534,-33.59464531488021,31.5465193215922,-29.797879089882315,17.330402278710494,-23.764746834668813,11.459505609001098,-18.23533804898443,6.1562430811779905,-11.486725125754731,1.5931535949698628,-5.055404331552154,1.3655310260858187,-2.5375762954840297
134.80446815723008,-73.01457070442643,131.80339872167542,-76.03178308574297,123.02742996797213,-64.26083836839155,130.1165853811691,-45.9755434647351,144.2794608453546,-28.463184669710017,141.0866884261825,-0.4372095581839517,116.49803839287915,1.21025961835835,100.3450076751011,-10.021691003119486,89.40846627483393,-21.19651695819681,67.3905843862857,-31.974869683496422,48.76042052497485,-33.948607455271315,32.01667601100394,-30.34214982875858,17.72739687238834,-24.40257060789247,11.684935078385024,-18.943236698644228,6.300112665630877,-12.258700561326577,1.8352295208064788,-5.797022809297971,1.5990368046420826,-3.2935538793304318
135.2853665149836,-73.67826344637945,132.2004337495971,-76.69396413403035,122.96426290615796,-64.99420694161472,129.73312575875661,-46.663411560235545,144.3339842311941,-29.296709498400162,141.85648148403254,-0.7240929941501122,117.22652399206493,1.5615121846667535,101.03261777348939,-9.590055551862406,90.19680420294276,-20.89413850929043,68.18870552256067,-32.10912383021673,49.45674115858003,-34.285005342210695,32.493274817435235,-30.867634353242806,18.17247585759128,-25.027347868751463,11.920882686009918,-19.641690102218888,6.4488845492031714,-13.024867127495384,2.0959875993493142,-6.536774454029114,1.8470561619840282,-4.047954432731444
135.76440755711985,-74.34151756806239,132.59719131852898,-77.35162893312213,122.90411570879337,-65.72600768968641,129.33130646556526,-47.347261478542805,144.37815046237108,-30.12664566847917,142.60946417921718,-1.033899213337861,117.95629981479976,1.9037857785604047,101.71557327718608,-9.152982591589023,90.97726402713283,-20.578995880104287,68.98452769110258,-32.228016670601335,50.17078893473695,-34.604102980729806,32.99413374542132,-31.3740205871934,18.661285179117726,-25.639172325249547,12.19614779410233,-20.33047369341449,6.602324485182294,-13.784718281648168,2.3744850828476274,-7.274319640283181,2.1087319780481266,-4.800522398522276
136.2409645837132,-75.00446469143742,132.9987874036177,-78.00472509205838,122.84731653331403,-66.45615786669623,128.91339210537967,-48.02730034792944,144.41158579423052,-30.95196027512037,143.344289424252,-1.3672056504724424,118.68723759202328,2.2364450304075376,102.39291338106989,-8.710857877237743,91.74918659265586,-20.251311005540856,69.77700964184419,-32.33141190517199,50.90108099304132,-34.90616437585999,33.52633473517767,-31.86176333035195,19.189470781766204,-26.238137685390484,12.511016239790024,-21.009546562214894,6.76019822685555,-14.537747481171834,2.669779223550563,-8.009318742597713,2.3832071327707354,-5.55100221953802
136.7144108948379,-75.66723643846706,133.4159482320622,-78.65341489029981,122.79419353715537,-67.18457472673356,128.48164728198492,-48.70373529666824,144.43391648211718,-31.771620413496862,144.05961013165233,-1.7245897402791002,119.4192090546752,2.5588545705765,103.0617335325021,-8.264064562038527,92.51191274476321,-19.91130582050232,70.56511012471788,-32.41917323445057,51.64613447308932,-35.19145353263258,34.088226160145155,-32.33141750485606,19.75267861033535,-26.824337657178035,12.8630816433365,-21.67887143289215,6.92227152751002,-15.283448183453345,2.9809272737073798,-8.741432135510365,2.6696245060884394,-6.299138338613943
137.18411979056816,-76.32996443111347,133.84797609904183,-79.29795863158824,122.74507487775315,-67.91117552388812,128.03833659916563,-49.376773453031774,144.44476878137618,-32.584593178782086,144.754079213934,-2.1066289174831354,120.15208593369482,2.8703790294355827,103.72244770028851,-7.812983871966594,93.26478332870647,-19.55920225989115,71.34778788965662,-32.49116435895883,52.40446651447667,-35.46023445607898,34.67815639376397,-32.78353803284335,20.346554609623695,-27.39786594861596,13.24993762500526,-22.33841102971803,7.088310140433009,-16.021313845879604,3.306986485567222,-9.470320193558678,2.967126977937596,-7.044675198585139
137.64946457097824,-76.99278029133916,134.29379985282287,-79.93861712214743,122.70028871254283,-68.63587751224941,127.58572466070655,-50.04662194529283,144.4360727934927,-33.38987942885262,145.42634958361248,-2.5139006168096785,120.88573996002208,3.1703830373530764,104.37580925040584,-7.3579969875953,94.00713918973702,-19.19522225860959,72.12400168659269,-32.54724897921852,53.17459425679942,-35.71277115123053,35.294473809474994,-33.218679836451486,20.966744724429645,-27.95881626770796,13.669177805059576,-22.988128076964472,7.258079818911824,-16.75083792583763,3.6470141113794625,-10.195643291280305,3.274857428254677,-7.7873572422868165
138.1098185361426,-77.65581564110653,134.75234834167202,-80.5756511682008,122.66016319895994,-69.35859794590704,127.12607607039263,-50.713487901723965,144.37507280941804,-34.187023370667646,146.07507415320322,-2.946982272984087,121.62004286459626,3.458231224697329,105.02257154883068,-6.899485089497944,94.73832117310656,-18.81958775156005,72.89271026545907,-32.58729079575147,53.95503483965342,-35.94932762311856,35.93552678071865,-33.63739783781807,21.60889489955173,-28.50728232245791,14.118395803762837,-23.62798529890341,7.431346316233544,-17.47151388071427,4.000067403393132,-10.917061803212732,3.5919587369760393,-8.52692891255424
138.56455498613548,-78.31920210237774,135.22255041385563,-81.20932157597224,122.62502649444025,-70.0792540789505,126.66165543200862,-51.37757845059798,144.26070603254368,-34.976007900346644,146.69890583522192,-3.4064513207316054,122.3548663783572,3.733288221836631,105.66348796153954,-6.437829358248052,95.45767012406657,-18.432520673644774,73.65287237618827,-32.611153509079486,54.74430540263472,-36.17016787677454,36.59966368093558,-34.04024695908083,22.268651079788583,-29.043357820869517,14.595185241378545,-24.257945419806788,7.616267986103594,-18.182845274707518,4.365203613857602,-11.63423610389367,3.917573784038268,-9.263134652222448
139.013047221031,-78.98307129711543,135.70333491764018,-81.83988915168527,122.59520675641909,-70.79776316546952,126.19472734933913,-52.03910072018766,144.095982754729,-35.75682844388007,147.29649754218406,-3.8928851947774774,123.0900822322443,3.994918659139273,106.29931185450926,-5.973410974418869,96.16452688786853,-18.034242959766118,74.4034467687128,-32.61870081972438,55.54092308533927,-36.37555591722975,37.28523288356632,-34.42778212237738,22.941659209938734,-29.56713647094648,15.097139738170199,-24.877971163946427,7.849063327527915,-18.88450234810466,4.741479995022019,-12.34682656786066,4.250845449377721,-9.995718904126704
139.45466854090364,-79.64755484728164,136.19363070129214,-82.46761470156355,122.57103214233223,-71.5140424595536,125.72755642616914,-52.69826183876546,143.88391326783324,-36.52948042725842,147.8729294087932,-4.406837586514257,123.82556215719717,4.2424871669736035,106.9307965937162,-5.506611118583862,96.85823230976405,-17.624976544826495,75.1433921929655,-32.609796428207915,56.343405027362905,-36.56575574951563,37.99058276205142,-34.80055824984538,23.623565234800708,-30.078711980692617,15.62185291440096,-25.488025255594266,8.131201317767136,-19.57629203926973,5.1279537991355255,-13.0544935696513,4.590916612930869,-10.724426111102218
139.88879224582763,-80.312784374839,136.69236661307798,-83.09275903183072,122.5528308096151,-72.22800921529233,125.26240726628339,-53.35526893460417,143.62750786371555,-37.293959276472094,148.47413709567024,-4.948089073225901,124.56117788415543,4.475358375707856,107.55869554513708,-5.037810971316333,97.53812723500448,-17.204943363728205,75.8716673988788,-32.58430403505196,57.15026836830157,-36.74103137866342,38.7140616898314,-35.15913026362239,24.310015099172915,-30.57817805811169,16.16691839033456,-26.088070419022188,8.45951081835733,-20.258025323788274,5.523682278447495,-13.75689748380313,4.936930154634069,-11.449000715984027
140.3147916358772,-80.97889150174967,137.1984715012643,-83.71558294871056,122.54093091570348,-72.93958068677523,124.80154447346672,-54.01032913597646,143.3297768342353,-38.05026041751165,149.09821564903802,-5.515494951752771,125.2968011440588,4.692896915710435,108.18376207474864,-4.567391713189693,98.20363536098478,-16.774365351373547,76.59284849931066,-32.54208734077815,57.96003024775132,-36.90164680970463,39.45401804034702,-35.50405308584618,24.996654747853995,-31.0656284112074,16.729929786234152,-26.678069378502073,8.830820690834912,-20.92951317724578,5.927722685207073,-14.453698684853862,5.288028954423908,-12.16918716160751
140.73204001112663,-81.64600784997606,137.71087421411733,-84.3363472584266,122.5356606180327,-73.6486741280919,124.34723265150387,-54.66364957115502,142.99373047125187,-38.798379276367484,149.7314092227789,-6.107856034035194,126.03230366784669,4.894467417349574,108.80674954852725,-4.095734524777356,98.86093903766425,-16.33346444266482,77.3122724703411,-32.483010045908486,58.771207805307995,-37.04786604767054,40.20880018703872,-35.835881638654314,25.679130125642587,-31.54115674798362,17.308480722363356,-27.257984858305917,9.24195979673641,-21.590566575227797,6.339132271663402,-15.14455754734098,5.643355892236741,-12.884729890807648
141.13991067165034,-82.31426504148067,138.22850359990377,-84.95531276720249,122.54353456310332,-74.35520679333183,123.90173640417959,-55.31543736841252,142.62237906662426,-39.5383112790301,150.3599619707751,-6.723973132013384,126.7675571864587,5.079434510993565,109.42841133244974,-3.6232205866526783,99.51414864910862,-15.882462572504437,78.0299157914543,-32.4069358509646,59.58231818056754,-37.179953097592545,40.97675650334702,-36.155170844184454,26.353087177336988,-32.004856776444,17.900164818985445,-27.827779582705602,9.68975699759801,-22.240996493319756,6.756968290065856,-15.829134445802083,6.002053848009041,-13.595373346419763
141.53777691752248,-82.98379469822567,138.75028850689,-85.57274028126187,122.58014414783634,-75.05909593658475,123.46732033527871,-55.96589965602175,142.21873291221198,-40.27005185148988,150.97011804690885,-7.3626470576277825,127.50243343083457,5.247162827010811,110.04950079249272,-3.150231079389016,100.1631901391138,-15.421581675794755,78.74575486434037,-32.31372845646837,60.3918785131259,-37.29817196450193,41.75623536271269,-36.46247562457421,27.014171847735838,-32.456822204592356,18.50257569636392,-28.387416275972953,10.171041154956015,-22.880613907107204,7.180287992663466,-16.507089754774825,6.3632657016771645,-14.300861971278948
141.9281271556075,-83.65472844217345,139.27515778334248,-86.18889060682852,122.6454721874627,-75.76025881194016,123.04624904858599,-56.61524356225516,141.78580229987415,-40.9935964197374,151.54812160506276,-8.022678622818546,128.23684432783136,5.397016995769604,110.67077129463269,-2.677147183559782,100.80798945147569,-14.951043687438016,79.45976609068896,-32.2032515629416,61.198405942578916,-37.40278665343021,42.54558513857603,-36.75835090196131,27.658030081637662,-32.89714674043239,19.113306974762168,-28.936857662379964,10.682641130346951,-23.509229792175574,7.608148631705603,-17.178083848796746,6.726134333177697,-15.000940208220413
142.316541416802,-84.32719789528653,139.80204027752768,-86.80402455012609,122.73869469499402,-76.45861267348766,122.64078714788639,-57.26367621538566,141.32659752147015,-41.708940409763045,152.08021679911883,-8.70286863952606,128.9713148078821,5.528361647638178,111.29297620484635,-2.2043500797382762,101.44847252999034,-14.471070542336633,80.17192587219017,-32.075368870906004,62.00041760852275,-37.49406116940861,43.34315420437781,-37.043351598483355,28.289725720701767,-33.32592409196792,19.729952274443576,-29.47606646619846,11.221385785307007,-24.12665512411047,8.039607459441413,-17.841777102405445,7.089802622446996,-15.695352500079366
142.70315038111994,-85.00133467952708,140.32986483771208,-87.41840291737799,122.85898768344202,-77.15407477531676,122.2531992369644,-57.91140474368592,140.84412886885912,-42.41607924755738,152.5526477829594,-9.402017919690593,129.7060463415513,5.64056141298488,111.91686888911033,-1.732220948497968,102.08456531845388,-13.981884175392906,80.88221061053366,-31.9299440808835,62.796430650553134,-37.57225951746858,44.14729093355845,-37.31803263627802,28.92760395159428,-33.74324796720265,20.350105215671533,-30.005005411700438,11.784103981372596,-24.732700878497383,8.47372172812004,-18.497829890138576,7.453413449421419,-16.3838432896909
143.08795137613458,-85.6772704168576,140.85756031216226,-88.03228651480822,123.00552716581831,-77.84656237151705,121.88559967317724,-58.55863627542851,140.3414066339003,-43.115008359110675,152.95165871046686,-10.118927275252474,130.4410418969792,5.732980922178001,112.54320271340123,-1.2611409704122138,102.71619376066212,-13.483706521509134,81.59059670740942,-31.766840893395795,63.58496220826612,-37.63764570264152,44.956343699558715,-37.58294893748291,29.5723378094101,-34.149212074140394,20.971359418709653,-30.52363722315772,12.367624580080133,-25.327178030921687,8.90954868999097,-19.14590258653368,7.816109694037664,-17.066157019890284
143.47094172941934,-86.35513672924026,141.3840555491446,-88.6459361486402,123.1774891551346,-78.53599271617804,121.52604041128586,-59.20557793888622,139.8214411084532,-43.80572317041356,153.26349373552353,-10.852397518151975,131.17630444230588,5.804984805585889,113.17273104369565,-0.7914913260543699,103.3432838004112,-12.97675951558773,82.29706056450732,-31.5859230089647,64.36693895211465,-37.69048372995866,45.76866087581902,-37.83865542423564,30.223934532382486,-34.543910120784915,21.591308503821097,-31.031924624842247,12.968776442965805,-25.909897556969042,9.34614559730312,-19.7856555661283,8.177034236231975,-17.742038133512665
143.85211876854737,-87.03506523863769,141.90827939692554,-89.25961262509759,123.37404966440238,-79.22228306338945,121.16586433981831,-59.852436862331615,139.28724258437683,-44.48821910745653,153.47439701201165,-11.601229460329364,131.91183694567167,5.855937693576777,113.8062072459702,-0.32365319599784925,103.96576138149692,-12.461265092530937,83.00157858351724,-31.387054128112027,65.14911288781536,-37.731037604451444,46.58259083577991,-38.08570701867393,30.882401358744914,-34.927435815139916,22.207546091269478,-31.5298303410259,13.58438843156614,-26.480670432224827,9.78256970230575,-20.416749203460142,8.535350637220063,-18.411231073393196
144.23147982109208,-87.71718756701193,142.42916070377157,-89.87357675040414,123.5943847066336,-79.90535066724078,120.80507289643526,-60.49942017403748,138.74182135353055,-45.16249159622987,153.57061269381347,-12.364223913725084,132.6476423752166,5.885204216519071,114.4443846862016,0.14199223918404869,104.58355244771542,-11.937445187241224,83.70412716612907,-31.170097951359594,65.9320101018427,-37.75957133115128,47.39648195288214,-38.32465864293539,31.54774552673109,-35.29988286520921,22.81766580131807,-32.01731709598056,14.211289407417325,-27.039307632274642,10.21787825724823,-21.038843873066696,8.902700193942565,-19.073480282367086
144.60902221462663,-88.40163533632563,142.94562831794929,-90.48808933078351,123.83767029483965,-80.58511278182164,120.44366751879727,-61.14673500227639,138.18818770777364,-45.8285360627242,153.5750726317625,-13.140181690279292,133.3837236990811,5.892149004781061,115.08801673036635,0.605063798917854,105.19658294286273,-11.405521734620777,84.40468271403256,-30.934918179229157,66.71563796898079,-37.77634891508944,48.208682600566135,-38.55606521915769,32.219974274574156,-35.66134497899651,23.419261254230378,-32.49434761397822,14.846308232055776,-27.585620132703866,10.651128514379707,-21.651599949485615,9.289067679532877,-19.728530203269543
144.98474327672454,-89.08854016854093,143.45661108772492,-91.10341117245923,124.10308244203236,-81.26148666122151,120.08164964456523,-61.79458847532112,137.62935193896533,-46.4863479329299,153.57418236515844,-13.927903601932371,134.12008388540517,5.8761366887309805,115.73785674444105,1.0651803026302673,105.80477881073477,-10.86571666957201,85.10322162891782,-30.68137851224253,67.5000038640137,-37.78163436129739,49.01754115227254,-38.780481669478434,32.899094840507814,-36.01191586450557,24.017008831130397,-32.960884619290766,15.486273767017906,-28.119418909098158,11.081377725949437,-22.25467780725444,9.693944687900284,-20.37612527893566
145.35864033495886,-89.77803368562036,143.96103786136518,-91.71980308165507,124.38979716122333,-81.93438955953002,119.71902071139971,-62.443187721444474,137.068324338965,-47.13592263283738,153.57137486274405,-14.726190460624537,134.85672590232912,5.836531898737178,116.39465809440242,1.5219605697478187,106.40806599512746,-10.31825192699722,85.7997203124745,-30.409342650921474,68.28511516172534,-37.77569167480641,49.8214059814419,-38.998462916035294,33.58511446276532,-36.3516892297402,24.623917202013786,-33.41689083619002,16.128014873839902,-28.640514937042894,11.509356862052186,-22.847737820910822,10.116822812953956,-21.016009952200704
145.730710716903,-90.47024750952619,144.45783748713654,-92.33752586459468,124.69699046542416,-82.60373873083665,119.35578215696137,-63.0927398689189,136.50811519963167,-47.77725558843724,153.5655462163029,-15.53384307829623,135.593652717993,5.772699265168001,117.05891163341948,1.9750234196972087,107.00637043983693,-9.763349441798823,86.4941551663926,-30.118674295787855,69.07097923689992,-37.75878486064789,50.61862546151474,-39.210563880965935,34.278040379580375,-36.68075878270412,25.240266038546565,-33.86232898894792,16.768360414058293,-29.14871919212362,11.954420634055623,-23.430440364992307,10.557193648603288,-21.64792866589977
146.1009517501302,-91.1653132622207,144.94593881330525,-92.9568403275016,125.02383836764659,-83.26945142923114,118.99193541891111,-63.74345204601718,135.95173481282484,-48.41034222572,153.55559251761827,-16.349662266887606,136.33086730053708,5.68400341839174,117.72715917158212,2.4239876719050244,107.5996180886591,-9.20123114887906,87.18650259236188,-29.80923714736349,69.85760346432141,-37.73117792385324,51.4075479659316,-39.41733948640797,34.977879829186236,-36.99921823140107,25.865955204816828,-34.29716180183641,17.404139249209265,-29.643842649925773,12.421737825023115,-24.002445814036548,11.01454878875768,-22.271625862868063
146.4693607622138,-91.86336256566642,145.424270688138,-93.57800727659969,125.36951688090232,-83.93144490880297,118.62748193490938,-64.395531381012,135.40219347040374,-49.03517797067582,153.5404098584736,-17.17244883833905,137.06837261810153,5.569808988776629,118.39809849861956,2.8684721457979094,108.18773488538989,-8.632118983140344,87.87673899207232,-29.48089490617008,70.64499521877394,-37.693134869453786,52.18652186813313,-39.61934465449906,35.68464004981638,-37.30716128383489,26.50088456491278,-34.72135199912742,18.032180240829348,-30.12569628603501,12.910540665462577,-24.56341454258103,11.488379827326185,-22.886845985940795
146.83593508072715,-92.56452704182561,145.89176195990115,-94.2012875181124,125.73320201820286,-84.58963642364176,118.26242314261697,-65.04918500217605,134.86250146422753,-49.65175824929554,153.5188943306523,-18.001003604590835,137.80617163882664,5.429480606691072,119.07171563354188,3.3080956608025076,108.77064677382543,-8.056234879484919,88.56484076721381,-29.133511272729436,71.43316187504138,-37.64491970248088,52.95389554155997,-39.81713430737682,36.3983282797044,-37.60468164800926,27.144953982922516,-35.134862305092724,18.649312250454727,-30.594091076036705,13.42006138588215,-25.11300692516346,11.978178358218202,-23.493333477953172
147.20067203324345,-93.26893831266057,146.35132428860186,-94.82694185826347,126.11406979255992,-85.24394322783712,117.89676047969465,-65.70462003778209,134.33566908615558,-50.26007848756933,153.4899420259377,-18.834127377583286,138.54426733085256,5.2623829025033615,119.74799659535904,3.742477036345349,109.34827969776177,-7.473800772815196,89.25078431947611,-28.766949947563376,72.22211080790794,-37.58679642796591,53.70873349422209,-40.01126336717897,37.11895175708355,-37.891873031928014,27.798063322934013,-35.53765544400437,19.258535018788848,-31.04883799551635,13.94953221679009,-25.650883336321385,12.483435975343014,-24.09083278174029
147.56356894733608,-93.97672800013379,146.80815733915608,-95.45523110327656,126.51129621698522,-85.89428257547843,117.53049538380299,-66.3620436161026,133.82434535811342,-50.86013411148781,153.45244903611342,-19.670620969256674,139.28266266231935,5.06788050658173,120.42692740308121,4.171235091853134,109.9205596009947,-6.885038598033475,89.93454605054922,-28.381074631193712,73.0118493921575,-37.51902905094022,54.46183228230427,-40.202286756043065,37.846517720187535,-38.16882914359479,28.46011244903559,-35.92969414013413,19.879785446072788,-31.48974802005955,14.498185388694424,-26.176704150592343,13.003644272610018,-24.679088340137355
147.9246231505782,-94.68802772620757,147.26231546209897,-96.08641605937532,126.92405730449036,-86.54057172065541,117.16362929260288,-67.02166286541046,133.30883891549706,-51.451920547041254,153.40531145296268,-20.509285191551328,140.0213606013673,4.845338049294583,121.10849407571834,4.59398864675245,110.48741242732024,-6.290170290042113,90.61610236212289,-27.97574902414226,73.80238500257428,-37.44188157643521,55.217286922706876,-40.39075939610683,38.581033407249606,-38.43564369101347,29.13100122531523,-36.310941117754055,20.514593231333834,-31.91663212525168,15.065253132103408,-26.690129742514046,13.538294843928384,-25.257844595979577
148.28383197054325,-95.40296911284429,147.71381493899173,-96.72075753278341,127.35152906808707,-87.18272791745756,116.79616364375477,-67.68368491397825,132.7769418145399,-52.0354332202204,153.347425368269,-21.348920856407517,140.76036411613666,4.594120161010153,121.7926826322805,5.010356520469941,111.04876412053454,-5.689417783743409,91.29542965588723,-27.550836826930777,74.59372501394228,-37.355618009482214,55.9750433229724,-40.57723620950787,39.32250605650336,-38.692410382187745,29.810629515861137,-36.68135910113591,21.162635732405874,-32.329301286678344,15.64996767752507,-27.190820486623977,14.086879283207395,-25.826845992102108
148.64119273480446,-96.12168378200624,148.16267205139536,-97.35851632972447,127.79288752078696,-87.8206684199746,116.42809987491944,-68.34831689007876,132.22926429794882,-52.61066755701563,153.2776868738158,-22.188328775765626,141.4996761747675,4.313591472096789,122.47947909177765,5.4199575324322495,111.60454062443341,-5.083003014039775,91.97250433353179,-27.106201740081076,75.38587680104547,-37.260502355112635,56.73504739064367,-40.76227211838375,40.07094290618227,-38.939222925121385,30.498897184761404,-37.040910814551694,21.82359030712314,-32.727566479924974,16.251561255467664,-27.678436757459735,14.648889184356335,-26.385836971340098
148.99670277093514,-96.84430335565582,148.60890308087062,-97.99995325642203,128.24730867560163,-88.45431048229591,116.05943942375768,-69.01576592198455,131.66641660843095,-53.17761898341723,153.19499206138642,-23.02630976156587,142.2392997454001,4.003116612922838,123.16886947321996,5.8224105020659636,112.15466788281299,-4.4711479158334555,92.64730279674666,-26.641707464114916,76.17884773866786,-37.15679861835781,57.497245033263084,-40.94642204487229,40.82635119451959,-39.17617502781815,31.19570409610401,-37.389558982273286,22.497134313319748,-33.11123868057712,16.869266096439105,-28.152638929558975,15.223816141284601,-26.934561976528755
149.35035940650857,-97.57095945575543,149.05252430897872,-98.64532911909998,128.7139685455428,-89.08357135851111,115.69018372793005,-69.68623913796841,131.08900898869342,-53.73628292541582,153.09823702276435,-23.861664625748517,142.97923779617463,3.6620602138564777,123.86083979561727,6.21733424879767,112.6990718394693,-3.8540744240268054,93.31980144722172,-26.157217699554167,76.97264520159376,-37.04477080424908,58.26158215837336,-41.13024091111106,41.58873815974903,-39.40336039828179,31.900950113977274,-37.72726632857257,23.182945108829813,-33.48012886422026,17.502314430947763,-28.613087377459294,15.811151747901476,-27.47276545050329
149.70215996909803,-98.30178370426734,149.49355201728054,-99.29490472398186,129.19204314362207,-89.70836830270991,115.32033422509733,-70.35994366630302,130.49765168144313,-54.2866548090019,152.98631784973293,-24.693194180253954,143.71949329523125,3.289786905266169,124.55537607797964,6.604347592054069,113.23767843819815,-3.2320044735221813,93.98997668664674,-25.652596146920587,77.76727656460685,-36.924682917817904,59.0280046735171,-41.3142836392376,42.358111040103836,-39.62087274451608,32.61453510246929,-38.05399557772142,23.880700051487338,-33.8340480064399,18.149938489501665,-29.059442475698233,16.41038759811613,-28.00019183609885
150.0521017862768,-99.03690772315394,149.93200248733717,-99.94894087729142,129.68070848285117,-90.32861856898171,114.94989235292019,-71.03708663526095,129.8929549293872,-54.82873006016575,152.85813063407568,-25.519699237022508,144.46006921071023,2.885661317520146,125.25246433931716,6.98306935126169,113.77041362279567,-2.6051599992219394,94.6578049167116,-25.127706506735933,78.56274920249143,-36.7967989640955,59.796458486236816,-41.4991051513897,43.13447707381761,-39.828805774524824,33.33635892566804,-38.369709453991845,24.590076499126553,-34.17280708282152,18.811370502608952,-29.49136459881339,17.021015285837848,-28.51658557615059
150.4001821856183,-99.77646313437765,150.3678920007094,-100.60769838525209,130.17914057624182,-90.94423941141622,114.5788595490593,-71.71787517311498,129.27552897523253,-55.36250410489811,152.7125714675758,-26.33998060799439,145.20096851075164,2.4490480809866995,125.95209059863987,7.353118345847292,114.2972033370578,-1.9737629360283222,95.32326253910628,-24.582412479522077,79.35907049003151,-36.661382948113385,60.56688950407522,-41.68526036970502,43.91784349912382,-40.027253196311676,34.06632144766172,-38.67437068165566,25.310751809581575,-34.49621706895067,19.48584270077788,-29.908514121342364,17.642526404976138,-29.021691113493773
150.74639849469577,-100.52058155990085,150.8012368389584,-101.27143805408775,130.6865154368055,-91.55514808410294,114.20723725117546,-72.40251640813767,128.64598406168636,-55.88797236918913,152.54853644201694,-27.152839105109933,145.94219416349574,1.9793118260341203,126.65424087495785,7.714113395237348,114.81797352478054,-1.3380352188437996,95.98632595552056,-24.01657776580072,80.15624780201108,-36.51869887490278,61.33924363457493,-41.873304216321,44.70821755425584,-40.21630871788045,34.804322532538436,-38.96794198498475,26.04240334068652,-34.80408894041278,20.172587314516363,-30.31055141782275,18.274412549440058,-29.51525289096344
151.0907480410824,-101.2693946216857,151.2320532836451,-101.94042069002182,131.20200907755395,-92.16126184113148,113.83502689692921,-73.09121746860194,128.00493043145548,-56.40513027902955,152.3649216491824,-27.95707554030946,146.68374913708283,1.4758171830308129,127.35890118728105,8.065673318858558,115.33265012975983,-0.6981987825705573,96.64697156764441,-23.430066066093787,80.95428851321424,-36.3690107494952,62.11346678527855,-42.06379161337554,45.505606477447145,-40.39606604723491,35.55026204438627,-39.250386088251105,26.784708450275502,-35.09623367279346,20.87083657433277,-30.69713686279215,18.916165313139118,-29.997015351394907
151.4332281523516,-102.02303394169473,151.66035761633054,-102.61490709927818,131.72479751149888,-92.76249793659133,113.46222992398145,-73.78418548278023,127.35297832724711,-56.913973260409534,152.16062318085562,-28.751490725533245,147.42563639965283,0.9379287823450113,128.06605755461942,8.407416936137565,115.8411590957918,-0.054475562111122144,97.30517577716762,-22.82274108092298,81.75319999842486,-36.21258257692193,62.889504863728575,-42.25727748300608,46.31001750693122,-40.56661889237887,36.30403984729344,-39.52166571572661,27.53734449618264,-35.37246224167808,21.579822710735016,-31.0679308307881,19.567276289982374,-30.466722937623274
151.77383615607653,-102.78163114189033,152.08616611857565,-103.29515808808048,132.2540567516519,-93.35877362457211,113.08884776999264,-74.48162757894545,126.69073799176829,-57.41449673931993,151.93453712882,-29.534885472721612,148.16785891934614,0.3650112543450632,128.77569599598314,8.7389630665009,116.34342636667236,0.5929125076323771,97.96091498578005,-22.19446651081006,82.55298963242728,-36.04967836221431,63.66730377746774,-42.45431674735039,47.121457880941534,-40.72806096131592,37.065555805348026,-39.781743591683096,28.299988836241937,-35.632585622652186,22.298777954231355,-31.422593696348315,20.227237073879223,-30.92412009248369
152.1125693798307,-103.54531784423477,152.5094950719414,-103.98143446265215,132.7889628110247,-93.95000615916342,112.71488187262355,-75.18375088537005,126.0188196677259,-57.9066961417509,151.685559584859,-30.30606059381489,148.91041966430294,-0.24357077060079746,129.48780253038217,9.059930529375322,116.83937788619755,1.2437434917574706,98.6141655951717,-21.54510605627695,83.35366479000527,-35.88056211040373,64.44680943403853,-42.655464328546145,47.939934837711576,-40.88048596204999,37.83470978263813,-40.03058244039255,29.072318828287735,-35.876414791301386,23.02693453532993,-31.760785834010278,20.89553925873895,-31.368951258811478
152.44942515118714,-104.31422567069035,152.93036075798886,-104.67399702921705,133.32869170262882,-94.53611279445477,112.34033366953497,-75.89076253032692,125.33783359782706,-58.39056689369295,151.412586640756,-31.063816900753295,149.65332160266348,-0.8884526621241662,130.20236317682657,9.369938144187302,117.32893959816317,1.8977954553619156,99.26490400703233,-20.874523417845353,84.15523284594303,-35.705497826521594,65.22796774098367,-42.8612751487309,48.76545561547471,-41.02398760258484,38.61140164325184,-40.268144986126856,29.854011830153922,-36.103760723210996,23.76352468453888,-32.08216761831159,21.571674438470836,-31.800960879441618
152.7844007977194,-105.08848624321956,153.34877945827884,-105.37310659399884,133.87241943947606,-95.11701078453575,111.96520459838746,-76.60286964208865,124.64839002477879,-58.8661044211367,151.11451438829442,-31.80695520547721,150.39656770256772,-1.570269789856809,130.9193639543264,9.66860473036354,117.81203744636548,2.5548464635432993,99.91310662305182,-20.18258229603714,84.95770117502457,-35.52474951559924,66.01072460584578,-43.07230413004231,49.59802745246441,-41.158659590924,39.39553125127725,-40.494393953157896,30.64474519967473,-36.31443439396668,24.507780632366348,-32.38639942378995,22.25513420698428,-32.21989339720949
153.11749364700063,-105.8682311837847,153.76476745437265,-106.07902396322106,134.41932203457804,-95.69261738349599,111.5894960968418,-77.3202793489279,123.95109919128811,-59.33330415007242,150.7902389192576,-32.534276319926846,151.14016093215594,-2.289657523430378,131.6387908818915,9.955549107330683,118.28859737460039,3.214674581399265,100.55874984492004,-19.46914639137401,85.76107715203398,-35.33858118266801,66.79502593616735,-43.28910619461794,50.437657586914156,-41.28459563507158,40.186998470802564,-40.70929206575761,31.44419629468416,-36.508246779153865,25.258934609320477,-32.673141624982804,22.945410158188338,-32.62549325495007
153.44870102660423,-106.65359211434816,154.17834102783092,-106.79200994310736,134.96857550094637,-96.26284984542508,111.21320960255878,-78.04319877911735,123.24657134006213,-59.79216150649063,150.43865632542906,-33.24458105604265,151.88410425956852,-3.047251232476583,132.36062997853207,10.230390094515315,118.7585453266638,3.877057874027571,101.20181007432689,-18.734079404377837,86.56536815175525,-35.1472568327593,67.58081763949099,-43.512236264595685,51.284353257057546,-41.401889443030996,40.98570316591588,-40.91280204819782,32.25204247301656,-36.685008854358045,26.016218845909293,-32.942054596427795,23.64199388599252,-33.01750489549869
153.77802026410336,-107.44470065687221,154.5895164602149,-107.5123253398815,135.51935585159276,-96.82762542441253,110.83634655319884,-78.77183506092979,122.53541671380776,-60.24267191638194,150.05866269859212,-33.93667022576477,152.6284006529454,-3.843686286627076,133.08486726325816,10.49274651134408,119.22180724635177,4.54177440652586,101.84226371296234,-17.977245035570377,87.37058154897238,-34.951040470904445,68.36804562335942,-43.74224926211298,52.13812170112783,-41.51063472280623,41.791545200705286,-41.10488662475052,33.06796109250581,-36.84453159516471,26.778865572641052,-33.19279871266258,24.34437698430611,-33.39567276169049
