1,,2,,3,,4,,5,,6,,7,,8,,9,,10,,11,,12,,13,,14,
0,66.52472449006024,10.278951817413315,53.47316066926567,22.045646661031185,33.794377913559856,45.51141166525787,10.599111641370428,54.50549450549448,-6.509933159981983,40.64243448858838,-31.05769309235734,32.18934911242599,-49.45160687088651,22.45139475908701,-71.2943794828899,17.24429416737115,-88.87679706530753,17.85291631445483,-113.8303050957386,24.68300929839387,-129.92497965195162,35.57058326289081,-144.53191118196014,43.68554522400672,-153.120245924141,55.384615384615415,-162.31720281340552
0.8347841145778716,66.43519205774047,10.965380038997978,53.935497377072096,22.197132808135677,34.54409063706862,45.20496702529016,11.277339519789848,54.34085600986617,-5.709638674313396,41.04508706214938,-30.30344832983559,32.50776301608772,-48.70272654325419,22.775590408766845,-70.54519741114467,17.529053704725186,-88.09714156808155,17.85291631445483,-112.98153312962307,24.303513402938506,-129.13539195356356,34.95199808285838,-143.89277004663217,43.078017226351676,-152.53944180881018,54.714787295489884,-161.76478064470035
1.6695862082788153,66.34681375029083,11.653340031782193,54.3870485400775,22.36098497978861,35.29179366926968,44.901470478574424,11.961922093550754,54.17566869386354,-4.910126594417818,41.44303846142412,-29.54612754075191,32.82549978447378,-47.955933954487364,23.100604764510877,-69.79657658089815,17.816041585194114,-87.31791903247864,17.85291631445483,-112.13213339290343,23.927836453519376,-128.34206897463594,34.34065689410244,-143.24628272819598,42.47332963792081,-151.95804371144897,54.04527611083353,-161.21716452024248
2.5044063009919455,66.25956678672256,12.342840894453161,54.82791977574695,22.536909622595203,36.03731590309974,44.601163958938685,12.652683423867416,54.00993437306721,-4.111376436142621,41.83605449176281,-28.785779727446766,33.14255761633433,-47.211164512411244,23.42643337361943,-69.04851172641207,18.105238457582402,-86.53914314746356,17.85291631445483,-111.28218512624545,23.556660247607,-127.54509668536451,33.73673958075534,-142.59256843165798,41.8714884168387,-151.37598007746402,53.37608302955556,-160.67415419836448
3.3392444126066607,66.17342838604682,13.03389172569814,55.25821670154545,22.724613183160557,36.78048623149533,44.30428940021102,13.349447571954045,53.84365486305779,-3.3133677153348913,42.22390095851563,-28.02245389226067,33.45893471041961,-46.46835362485098,23.753071783392954,-68.30099758194837,18.396624970694404,-85.76082760200114,17.85291631445483,-110.43176757031483,23.19066658267201,-126.74456105594504,33.14042602694934,-141.9317463620248,41.27249952122992,-150.79317935226214,52.707209250565086,-160.135549437399
4.174100563012132,66.08837576727484,13.726501624204161,55.67804493493799,22.92380210808983,37.521133547393106,44.01108873621939,14.052038599024684,53.676831979415795,-2.5160799478420017,42.60634366703266,-27.25619903753403,33.774629265479746,-45.72743669963177,24.080515541131774,-67.55402888176872,18.690181773334473,-84.9829860850561,17.85291631445483,-109.58095996577725,22.83053725618481,-125.94054805657322,32.55189611681675,-141.26393572430294,40.676368909219036,-150.20956998125007,52.03865597277161,-159.60114999567867
5.008974772097588,66.00438614941785,14.420679688658481,56.08751009338957,23.13418284398813,38.25908674372977,43.72180390079188,14.760280566293659,53.50946753772206,-1.7194926495110963,42.9831484226641,-26.48706416560742,34.08963948026485,-44.98834914457882,24.408760194136278,-66.80760036013498,18.985889514307075,-84.2056322855932,17.85291631445483,-108.72984155329834,22.476954065615928,-125.13314365744492,31.971329734489927,-140.58925572349892,40.08310253893069,-149.62508040983454,51.37042439508417,-159.0707556315361
5.843867059752313,65.92143675148702,15.116435017748245,56.48671779436526,23.355461837460666,38.99417471344191,43.436676827756514,15.473997534975126,53.34156335355698,-0.9235853361894328,43.354081030760085,-25.7150982788213,34.403963553525216,-44.25102636751723,24.73780128970685,-66.06170675130903,19.283728842416508,-83.42877989257727,17.85291631445483,-107.87849157354395,22.13059880843599,-124.32243382875578,31.398906764101127,-139.90782556461926,39.492706368489394,-149.03963908342223,50.70251571641211,-158.54416610330395
6.678777445865535,65.83950479249359,15.813776710160596,56.87577365533005,23.587345535112604,39.726226349466174,43.15594945094125,16.19301356628324,53.17312124250117,-0.12833752372426943,43.71890729667081,-24.94035037951619,34.71759968401091,-43.51540377627225,25.067634375143882,-65.3163427895526,19.58368040646718,-82.65244259497314,17.85291631445483,-107.02698926717966,21.792153282115464,-123.50850454070155,30.834807089782714,-139.21976445267057,38.905186356019726,-148.45317444741994,50.03493113566458,-158.0211811693149
7.513705950326482,65.75856749144873,16.512713864582793,57.25478329374897,23.829540383548988,40.455070544739215,42.87986370417423,16.91715272143216,53.00414302013536,0.666271272037136,44.0773930257464,-24.162869470032547,35.030546070472155,-42.78141677866904,25.398254997747756,-64.57150320912763,19.885724855263504,-81.87663408174546,17.85291631445483,-106.17541387487125,21.46229928412481,-122.69144176347811,30.279210595666996,-138.52519159265927,38.32054845964632,-147.86561494723435,49.36767185175091,-157.50160058790146
8.34865259302444,65.6786020673637,17.213255579701922,57.62385232708701,24.081752829375034,41.18053619219762,42.60866152128341,17.64623906163615,52.834630502040056,1.4602615352476391,44.42930402333701,-23.382704552710834,35.34280091165914,-42.049000782532744,25.72965870481886,-63.82718274429578,20.189842837609888,-81.10136804185908,17.85291631445483,-105.32384463728437,21.141718611934664,-121.8713314672811,29.732297165886166,-137.82422618959197,37.738798637493744,-147.27688902827225,48.70073906358027,-156.9852241173964
9.183617393848579,65.59958573924965,17.915410954205186,57.983086372809225,24.343689319195846,41.9024521847781,42.34258483609682,18.380096648109316,52.66458550379588,2.2536537500598683,44.77440609479282,-22.59990462989157,35.65436240632198,-41.31809119568857,26.061841043657523,-63.083376129318935,20.496015002310685,-80.32665816427874,17.85291631445483,-104.47236079508474,20.831093063015487,-121.04825962230632,29.194246684572704,-137.1169874484752,37.15994284768658,-146.68692513594033,48.03413397006193,-156.47185151613223
10.01860037268824,65.52149572611782,18.619189086779727,58.33259104838058,24.615056299616583,42.62064741541724,42.08187558244248,19.11854954206592,52.49400984098344,3.0464684006266793,45.11246504546398,-21.81451870391527,35.96522875321085,-40.5886234259616,26.394797561564133,-62.340078098459,20.80422199817025,-79.55251813796929,17.85291631445483,-103.62104158893806,20.5311044348378,-120.22231219874953,28.665239035858747,-136.40359457431543,36.5839870483494,-146.09565171564537,47.367857770105104,-155.9612825424416
10.853601549432597,65.4443092469794,19.324599076112747,58.672471971266134,24.895560217242405,43.334950777051716,41.826775694148466,19.861421804720067,52.32290532918336,3.838725971100871,45.44324668070067,-21.026595777122395,36.27539815107593,-39.860532881177164,26.72852380583913,-61.59728338597762,21.11444447399299,-78.77896165189543,17.85291631445483,-102.76996625951006,20.24243452487218,-119.39357516680644,28.145454103876773,-135.68416677211923,36.01093719760678,-145.50299721279413,46.70191166261907,-155.45331695465723
11.688620943970932,65.3680035208456,20.031650020891448,59.0028347589309,25.18490751867847,44.045191162618096,41.577527105042805,20.608537497285965,52.15127378397614,4.630446945635072,45.76651680585297,-20.23618485185341,36.58486879866746,-39.13375496916035,27.06301532378285,-60.85498672613676,21.426663078583374,-78.006002395022,17.85291631445483,-101.91921404746643,19.96576513058909,-118.56213449667285,27.635071772758977,-134.95882324689313,35.44079925358329,-144.90889007279327,46.036296846513096,-154.94775451111167
12.523658576192418,65.29255576672767,20.740351019802972,59.32378502883989,25.482804650529886,44.75119746505308,41.33437174895346,21.359720680977887,51.97911702094251,5.421651808382194,46.082041226271144,-19.443334930448827,36.893638894735545,-38.408225097736306,27.398267662695673,-60.11318285319817,21.740858460745642,-77.23365405631375,17.85291631445483,-101.06886419347285,19.701778049459108,-117.72807615854452,27.134271926637666,-134.22768320364366,34.873579174403574,-144.31325874104954,45.37101452069635,-154.44439497013752
13.358714465986452,65.21794320363676,21.450711171534465,59.63542839845809,25.788958059401807,45.45279857729332,41.097551559708506,22.114795417009873,51.80643685566298,6.212361043494866,46.38958574730526,-18.648095015249112,37.20170663803037,-37.683878674730295,27.73427636987799,-59.37186650142365,22.05701126928426,-76.46193032473548,17.85291631445483,-100.21899593819501,19.451155078952695,-116.89148612261721,26.643234449645206,-133.49086584737734,34.30928291819208,-143.71603166296973,44.70606588407804,-153.94303809006755
14.193788633242093,65.14414305058412,22.162739574773127,59.937870485250556,26.103074191899395,46.14982339227538,40.86730847113597,22.87358576659625,51.63323510371822,7.002595135125944,46.68891617430552,-17.85051410859478,37.50907022730206,-36.96065110796741,28.071036992630127,-58.631032405075075,22.37510215300364,-75.69084488925188,17.85291631445483,-99.36968852229865,19.21457801654043,-116.0524503590866,26.162139225913904,-132.74849038310072,33.747916443073564,-143.11713728396052,44.04145213556751,-153.4434836292342
15.028881097848739,65.07113252658093,22.876445328206103,60.231216906682306,26.42485949462781,46.84210080293596,40.64388441706387,23.635915790951117,51.45951358068879,7.792374567428169,46.97979831262205,-17.05064121282635,37.81572786130084,-36.23847780527291,28.408545078252587,-57.89067529841418,22.695111760708073,-74.92041143882784,17.85291631445483,-98.5210211864495,18.99272865969283,-115.21105483814853,25.691166139576012,-132.00067601582032,33.18948570717248,-142.5165040494287,43.37717447407397,-152.94553134597027
15.863991879695561,64.9988888506384,23.591837530520593,60.51557328021832,26.754020414192155,47.52945970221165,40.427521331320236,24.40160955128863,51.28527410215531,8.581719824554284,47.261997967605,-16.24852533028428,38.121677738776896,-35.517294174471886,28.746796174045585,-57.15078991570289,23.01702074120209,-74.15064366242808,17.85291631445483,-97.67307317131315,18.78628880588036,-114.36738552999873,25.230495074763894,-131.2475419505427,32.633996668613406,-141.91406040478097,42.71323409850663,-152.4489809986083
16.699120998671788,64.92738924176771,24.30892528040374,60.791045223323636,27.090263397197532,48.21172898303914,40.21846114773314,25.170491108823057,51.1105184836984,9.370651390657088,47.53528094460461,-15.444215463309035,38.426918058480396,-34.79703562338955,29.08578582730962,-56.41137099120294,23.340809743289924,-73.38155524901737,17.85291631445483,-96.82592371755544,18.595940252573655,-113.5215284048329,24.78030591560986,-130.48920739227435,32.08145528552103,-141.30973479542405,42.04963220777472,-151.95363234548097
17.534268474666703,64.85661091898015,25.027717676542693,61.05773835346329,27.433294890249215,48.88873753835503,40.01694580013054,25.942384524768556,50.93524854089861,10.159189749889265,47.799413048970905,-14.637760614241131,38.731447019161465,-34.07763755985104,29.425509585345083,-55.67241325917615,23.666459415776046,-72.61315988756053,17.85291631445483,-95.979652065842,18.42236479724312,-112.67356943284688,24.340778546246156,-129.7257915460218,31.531867516019815,-140.70345566676474,41.38637000078751,-151.45928514492084
18.369434327569536,64.78653110128684,25.748223817624705,61.31575828810227,27.78282133995225,49.56031426109598,39.823217222340475,26.71711386033934,50.75946608933657,10.947355386403672,48.054160086054196,-13.829209785421028,39.03526281957028,-33.35903539168163,29.76596299545224,-54.93391145388432,23.99395040746481,-71.84547126702233,17.85291631445483,-95.13433745683852,18.266244237359388,-111.82359458423639,23.912092850805152,-128.9574136167916,30.98523931823445,-140.09515146420972,40.72344867645427,-150.96573915526062
19.20461857726957,64.71712700769905,26.470452802336922,61.56521064470559,28.138549192911796,50.22628804419861,39.63751734819101,27.494503176749504,50.58317294459289,11.73516878435305,48.299287861204505,-13.018611979189245,39.33836365845701,-32.641164526706405,30.10714160493154,-54.195860309589364,24.32326336716062,-71.0785030763675,17.85291631445483,-94.29005913121074,18.128260370392923,-110.97168982919715,23.494428713419097,-128.1841928095903,30.44157665028939,-139.48475063316573,40.06086943368416,-150.4727941348329
20.03982124365598,64.64837585722796,27.194413729366488,61.8062010407383,28.500184895733014,50.886487780599566,39.46008811151012,28.27437653521332,50.40637092224813,12.522650427890085,48.53456217977208,-12.206016197886242,39.6407477345719,-31.92396037275057,30.44904096108337,-53.45825456055303,24.654378943667894,-70.3122690045609,17.85291631445483,-93.44689632962434,18.009094993814244,-110.11794113792496,23.087966018220357,-127.40624832942439,29.900885470309333,-138.87218161903957,39.39863347138646,-149.9802498419703
20.875042346618045,64.58025486888477,27.920115697400547,62.03883509366537,28.867434895021063,51.540742363235466,39.29117144612593,29.05655799694489,50.229061837882966,13.309820801167632,48.759748847107005,-11.391471443852595,39.94241324666501,-31.207358337639334,30.79165661120811,-52.72108894103707,24.98727778579098,-69.54678274056721,17.85291631445483,-92.604928292745,17.90929033156118,-109.26243448061558,22.692884649341238,-126.62369938130041,29.363171736418792,-138.25737286723785,38.736741988470385,-149.48790603500544
21.710281906044997,64.5127412616807,28.647567805126357,62.26321842095186,29.240005637381103,52.18888068504299,39.131009285866355,29.840871623158534,50.05124750707796,14.096700388338434,48.97461366855947,-10.57502671942865,40.24335839348663,-30.491293829197787,31.134984102606154,-51.98435818530345,25.321940542334232,-68.78205797335124,17.85291631445483,-91.76423426123847,17.818075405589468,-108.40525582746477,22.307345818179385,-125.83666517022488,28.828441406742343,-137.64025282316743,38.07519618384521,-148.99556247227105
22.54553994182612,64.44581225462696,29.376779151231005,62.47945664006278,29.61760356941818,52.830731638958724,38.97984356455953,30.6271414750683,49.87292974541373,14.883309673555232,49.17892244947967,-9.756731026955038,40.54358137378682,-29.77570225525119,31.479018982577827,-51.24805702761387,25.65834786210206,-68.01810839187783,17.85291631445483,-90.92489347577043,17.728506472334914,-107.54649114866822,21.926286992677262,-125.0452649012044,28.296700439404674,-137.020749932235,37.4130496045359,-148.5030189120996
23.380816473850587,64.37944506673475,30.107758834401693,62.68765536846311,29.99993513773751,53.46612411791932,38.83791621603336,31.415191613888453,49.69411036847083,15.669669140970768,49.37244099521769,-8.936633368772107,40.84308038631582,-29.060519023624693,31.823756798423517,-50.51218020223013,25.996480393898878,-67.25494768511174,17.85291631445483,-90.08698517700662,17.64077805870386,-106.6862264144217,21.54982168161075,-124.24961777924545,27.76795479253019,-136.39879263984733,36.7464692339891,-148.01007511282387
24.216111522007736,64.31361691701525,30.84051595332562,62.887920223617925,30.386706788944252,54.094887014861456,38.70546917411599,32.20484610083315,49.51479119182994,16.455799274737842,49.55493511112377,-8.114782747220488,41.1418536298238,-28.345679542143444,32.16919309744361,-49.776722443414144,26.336318786529034,-66.49258954201764,17.85291631445483,-89.25058860561268,17.555084691602758,-105.82454759492106,21.178353721747158,-123.44984300935454,27.24014552944078,-135.77430939141107,36.0755591158744,-147.51653083277643
25.05142510618674,64.24830502447972,31.575059606689877,63.08035682299217,30.77762496964357,54.71684922272172,38.58274437263543,32.99592899711655,49.33497403107157,17.241720559009195,49.726170602547995,-7.291228164640529,41.43989930306088,-27.631119218632648,32.51532342693855,-49.041678485427724,26.67784368879694,-65.73104765156046,17.85291631445483,-88.41578300225439,17.471620897938124,-104.96154066036195,20.81228694985373,-122.64605979653822,26.710855462850475,-135.14722863233305,35.400908406370945,-147.02218583028986
25.886757246276886,64.18348660813936,32.31139889318172,63.26507078405092,31.172396126440503,55.33183963443676,38.469983745419654,33.78826436395292,49.154660701776436,18.027453477937627,49.88647795283981,-6.466018623372861,41.737215604777305,-26.91677346091751,32.86214333420867,-48.30704306253256,27.021035749507007,-64.97033570270492,17.85291878334874,-87.58264760759732,17.390581204616353,-104.09729158094018,20.452025202697598,-121.83838734580303,26.180674949064496,-134.51747880801997,34.72310626165773,-146.52683986369686
26.722107962167343,64.11913888700533,33.04954291148829,63.44216772425918,31.57072670594033,55.93968714294326,38.36742922629668,34.58167626255636,48.97385301952505,18.81301851567588,50.04449335057052,-5.639203125757831,42.033800733723126,-26.202577676823125,33.20964836655429,-47.57281090899062,27.365875617463587,-64.21046738441572,17.872843224034796,-86.75126166230734,17.312160138543902,-103.23188632685145,20.09797231704607,-121.02694486215552,25.65021031960697,-133.8849883638785,34.04274183791375,-146.0302926913301
27.557477273747452,64.05523908008891,33.78950076029679,63.61175326108196,31.972323154748096,56.54022064117777,38.27532274909464,35.37598875414113,48.79242371227389,19.598436156376692,50.2027590750032,-4.810830674136071,42.32965288864864,-25.488467274174752,33.55783407127586,-46.8389767590636,27.712343941471033,-63.45145638565771,17.930264064729954,-85.92170440705002,17.236552226627282,-102.36541086829158,19.75053212966634,-120.2118515506022,25.120067906002134,-133.2496857453155,33.36040429131816,-145.53234407152206
28.392865200906442,63.99176440640122,34.53198272968763,63.77393301198427,32.37705324292659,57.133269022077,38.19373659039218,36.17102589992135,48.60531963732046,20.383726884192868,50.36067970923983,-3.980950270847927,42.62477026830402,-24.774377660797484,33.906695995673715,-46.105535347013415,28.060421370333756,-62.6933163953957,18.02298092520033,-85.09405508249108,17.163951995772834,-101.49795117545631,19.410108477325707,-119.39322661614955,24.59085403977417,-132.61149939773765,32.67668277804984,-145.03279376260548
29.228271763533485,63.92869208495355,35.27770329975709,63.92881259443112,32.79638095174016,57.71866117857758,38.116269323821484,36.96661176111121,48.410451371751265,21.168911183277146,50.51765983638228,-3.149610918233975,42.91915107143933,-24.060244244516525,34.25622968704829,-45.372481407101816,28.410088552856166,-61.93606110259441,18.148793425211693,-84.26839292929634,17.094553972887127,-100.62959321854134,19.077105196791365,-118.57118926380417,24.06317505244732,-131.97035776655167,31.99216645428794,-144.53144152291298
30.06369698151792,63.86599933475705,36.0265396362567,64.07649762588755,33.2368193979832,58.29622600361611,38.039673635616566,37.762570398924936,48.20852884072184,21.954009537782326,50.673104039532404,-2.316861618634732,43.21279349680481,-23.34600243315714,34.60643069269992,-44.63980967359066,28.761326137842616,-61.179704196218665,18.3055011845301,-83.44479718813136,17.0285526848765,-99.7604229677425,18.75192612483056,-117.74585869857259,23.53763727554582,-131.32618929716432,31.307444476211515,-144.02808711077722
30.899140874748866,63.803663374822946,36.778368174441994,64.21709372381855,33.697428377593496,58.86579239012923,37.96410272508365,38.55872587457668,48.00026196938768,22.739042431861094,50.82641690179207,-1.4827513743906025,43.505695743150625,-22.63158763454436,34.95729455992904,-43.9075148807417,29.114114774097573,-60.42425936523318,18.49090382292144,-82.62334709966188,16.96614265864747,-98.89052639325547,18.434975098210543,-116.91735412546132,23.014847040593793,-130.67892243498233,30.623105999999495,-143.52253028453077
31.734603463115718,63.74166142416246,37.533065349568346,64.35070650568917,34.1772676865088,59.42718923105363,37.88970979152924,39.354902249280656,47.78636068290422,23.524030349666248,50.9770030062632,-0.6473291878421037,43.797856009226905,-21.91693525650345,35.30881683603593,-43.175591762816794,29.468435110425276,-59.66974029860279,18.702800960151762,-81.80412190455371,16.907518421106488,-98.01998946527607,18.12665595369856,-116.08579474947692,22.495410679115537,-130.02848562541237,29.93974018183104,-143.01457080250628
32.57008476650765,63.67997070178677,38.29050759689136,64.47744158896441,34.67539712066696,59.98024541932588,37.81664803425957,40.15092358425102,47.56753490642694,24.308993775350586,51.12426693604766,0.18935593867024636,44.09309398099748,-21.201980706859615,35.660993068321034,-42.4440350540778,29.82426779563025,-58.916160685292255,18.938992215986843,-80.98720084347241,16.852874499159952,-97.14889815400005,17.827372528061744,-115.25129977562585,21.979934522635176,-129.3748073138613,29.257936177885085,-142.5040084230364
33.405584804813884,63.61856842670713,39.05057135166646,64.59740459110927,35.19087647600577,60.52478984788269,37.745070652581035,40.94661394070198,47.34449456511135,25.093953193066852,51.26761327424731,1.0272550028059868,44.39610305639832,-20.48665939343789,36.01465977823432,-41.71283948878647,30.18159347851679,-58.16353421426635,19.197277210192794,-80.17266315708372,16.802405419714376,-96.27733842962311,17.53752865806746,-114.41398840891469,21.469024902677006,-128.71781594573582,28.578283144340674,-141.9906429044537
34.241103597923654,63.557431817934685,39.813133049149144,64.71070112958881,35.72276554846303,61.060651409660636,37.67513084580008,41.7417973798477,47.11794958411298,25.878929086967787,51.40644660396407,1.8663190022246,44.706164891602214,-19.77090672406365,36.371058998865465,-40.981999801204665,30.540410172942245,-57.41187457448984,19.4754555625355,-79.36058808605338,16.756305709676212,-95.40539626234107,17.257528180482893,-113.57397985435,20.963288150765095,-128.0574399664426,27.90137023737691,-141.47427400509088
35.07666630345926,63.496538094480684,40.57806912459489,64.817436821868,36.270124133976424,61.58765899759638,37.606981813223,42.53629796290238,46.88860988858727,26.66394194120619,51.54017150829975,2.7064989345856247,45.022532549842026,-19.054658106561874,36.730029189731454,-40.25151072559413,30.90223036059598,-56.66119545492751,19.771326892780905,-78.55105487104709,16.71476989595186,-94.53315762234968,16.987774932075297,-112.73139331693824,20.463330598423795,-127.3936078213884,27.22778661317284,-140.9547014832806
35.912311473418924,63.43586447535634,41.34525601325919,64.91771728541187,36.832012028483916,62.10564150462653,37.54077675415613,43.32993975108022,46.65718540368971,27.449012239934746,51.66819257035627,3.5477457975486004,45.34445909435061,-18.33784894875788,37.091390479070185,-39.521366996216784,31.267937149003785,-55.91151054454417,20.082690820695007,-77.74414275273051,16.677992505447776,-93.66070847984463,16.728672749611917,-111.88634800168597,19.969758577177288,-126.72624795598006,26.558121427907395,-140.43172509735535
36.74803489746165,63.37538817957284,42.11457015039758,65.01164813768546,37.40748902792319,62.61442782368778,37.476668867905914,44.12254680559536,46.424386054575734,28.23416046730631,51.78991437323555,4.390010588772952,45.67119758836088,-17.62041465847676,37.454962995119445,-38.791563347334375,31.637387094169185,-55.162833532304546,20.407346966043633,-76.93993097176934,16.646168065070412,-92.78813480502168,16.480625469859945,-111.03896311359972,19.4831784185497,-126.05528881562412,25.892963837759737,-139.90514460564788
37.5838317453813,63.31508642614139,42.88588797126545,65.09933499615374,37.995614928232044,63.11384684771673,37.4148113537787,44.91394318766203,46.19092176640095,29.019407107473626,51.90474150003939,5.2332443059182765,46.0020010951057,-16.90229064354378,37.82056686611725,-38.062094513208706,32.0104367520957,-54.41517810717346,20.743094948592898,-76.13849876882938,16.619491101726283,-91.91552256807671,16.244036929586628,-110.1893578576861,19.004196454065266,-125.38065884572751,25.2329029989088,-139.3747597664908
38.419697186971575,63.254936434073215,43.659085911118325,65.18088347828177,38.59544952534833,63.60372746965001,37.355357411080774,45.7039529584944,45.957502464320726,29.804772644589434,52.012078533869726,6.077397946644055,46.33612267781797,-16.183412311783968,38.18802222030138,-37.33295522810164,32.386942678786795,-53.66855795811563,21.08773438810863,-75.33992538457619,16.598156142321784,-91.04295773920529,16.019310965559214,-109.33765143895153,18.533419015248228,-124.7022864916969,24.578528067533682,-138.8403703382167
39.255626392026215,63.194915422379495,44.434040405211704,65.25639920153455,39.20605261520973,64.0838985824243,37.29846023911864,46.49240017930666,45.724838073490616,30.590277562806477,52.11133005782841,6.92242250860977,46.672815399730496,-15.463715071022648,38.557149185909736,-36.60414022627498,32.766761430245936,-52.92298677409593,21.43906490435677,-74.54429005967557,16.582357713763372,-90.17052628860336,15.806789629338141,-108.48396305845762,18.071452433622824,-124.02010019893896,23.930428199813377,-138.3017760791583
40.09161453033914,63.13500061007147,45.210627888801014,65.32598778337712,39.82648399375415,64.55418907897618,37.244273037198525,47.27910891131299,45.49363851906611,31.375942346277554,52.20190065501731,7.768268989475018,47.01133232407625,-14.743134329084967,38.92776789118028,-35.87564424199053,33.14974956247664,-52.17847824407903,21.794886117103374,-73.75167203479322,16.5722903429575,-89.29831418646654,15.596929435531422,-107.62840340044522,17.618903040713178,-123.3340284128605,23.289192551926988,-137.75877674764808
40.92765677170405,63.075169216160305,45.988724797141856,65.38975484127445,40.45580345691934,65.01442785224233,37.192949004626826,48.06390321572758,45.2646137262027,32.16178747915541,52.28319490853835,8.614888386899224,47.35092651408803,-14.021605493796017,39.2996984643508,-35.14746200951015,33.53576363148244,-51.43504605702981,22.152997646114272,-72.9621505505948,16.56814855681057,-88.4264074029906,15.383631737998428,-106.77105661032482,17.17637716804353,-122.64399957886826,22.655410280053502,-137.2111721020188
41.763748285914744,63.01539845965726,46.76820756548966,65.4478059926916,41.09307080064315,65.46444379515935,37.144641340709995,48.84660715376458,45.03847362005581,32.947833445592835,52.354617401493385,9.46223169854187,47.69085103299881,-13.29906397298106,39.672761033659185,-34.41958826309559,33.92466019326679,-50.69270390191298,22.51119911115552,-72.17580484774606,16.57749455633109,-87.55490613196565,15.168325783533874,-105.91200167895431,16.74448114713806,-121.94994214236891,22.029670540371967,-136.65876190060305
42.59988424276503,62.95566555957353,47.54895262909986,65.50024685509354,41.737345820863254,65.90406580066394,37.09950324475432,49.62704478663824,44.815928125781,33.73410072974258,52.415572716984286,10.310249922062553,48.030358944041325,-12.575445174465187,40.0467757273434,-33.692017737008655,34.31629580383321,-49.95146546769337,22.867290131993002,-71.3927141669127,16.61395437844567,-86.68400966905244,14.95244081893253,-105.05131759719137,16.323821309521065,-121.25178454876925,21.41256248906143,-136.1013459017335
43.436059812048654,62.89594773492027,48.33083642322805,65.54718304594533,42.387688313517515,66.33312276169269,37.05768791606613,50.405040175562675,44.597687168533696,34.52060981575738,52.46546543811297,11.158894055120811,48.36870331044861,-11.850684506073662,40.42156267364123,-32.96474516551126,34.71052701918518,-49.21134444333569,23.21907032839266,-70.61295774876032,16.676578855382957,-85.81395947695023,14.737406090989168,-104.18908335589396,15.91500398671667,-120.54945524347602,20.804675282300877,-135.5387238637427
44.27227016355937,62.83622220470875,49.11373538312961,65.588720182712,43.043158074543726,66.75144357118222,37.019348553951886,51.180417381752136,44.38446067346939,35.307381187789986,52.50370014798119,12.008115095376013,48.7051371954534,-11.124717375631633,40.79694200079064,-32.237765282865155,35.10721039532615,-48.472354517804774,23.564339320120496,-69.83661483395474,16.764048104245205,-84.94499717352312,14.524650846498446,-103.3253779459198,15.509127502390754,-119.84288770761731,20.206598076269472,-134.97069554496335
45.10851046709104,62.77646618795015,49.89752594406008,65.62496388285851,43.702814899879684,67.15885712206921,36.98463835771787,51.953000466420775,44.17695856574363,36.094435329993246,52.52968142969104,12.857864040487812,49.03891366228868,-10.397479190964248,41.17273383702951,-31.511072823332142,35.506202488259646,-47.73450938006533,23.900896726942392,-69.06376466316163,16.87504224213467,-84.07736437663505,14.315604332255191,-102.46028035812674,15.086900339877786,-119.13205595701157,19.61892002714609,-134.39706070372802
45.944775892437406,62.71665690365569,50.68208454127489,65.65601976384991,44.365718585463185,67.55519230729027,36.953710526670534,52.72261349078278,43.975890770511796,36.88179272651985,52.54281386634426,13.708091888115632,49.36928577418723,-9.668905359896712,41.548758310595645,-30.78466252117414,35.90735985398925,-46.99782271908225,24.229261490023475,-68.29448368453063,17.00824138615377,-83.21130270415011,14.111695795054118,-101.59386958337257,14.651047817887218,-118.41695355981034,19.041780599395963,-133.81761915678533
46.781061609392225,62.656771570836554,51.46728761002959,65.68199344315121,45.030928927232026,67.94027801978206,36.92671826011616,53.489080516052326,43.78196721292949,37.66947386152253,52.542834781009844,14.55874799356485,49.69550659438204,-8.938931290254231,41.92483554972699,-30.058529110652785,36.31053904851831,-46.262308223820185,24.56615884707668,-67.5287747578609,17.162325653404707,-82.34705377393232,13.914354481690054,-100.72622461251513,14.20513435986976,-117.6975742102727,18.4557658318476,-133.23219040133534
47.61736278774936,62.596787408503985,52.25301158557966,65.70299053822743,45.697505721123946,68.31394315248122,36.90381475736109,54.252225603443605,43.595897818152196,38.45749921915416,52.5313895477845,15.409747401355958,50.016829186105895,-8.207492389861898,42.300785682661456,-29.332667326030048,36.7155966278504,-45.52797958324402,24.914443046988367,-66.76656154503718,17.33597516098979,-81.48485920384559,13.725009638957602,-99.8574244364122,13.752724389276182,-116.97391160265767,17.852596084599327,-132.64064212320864
48.453674597302495,62.53668163566917,53.03913290318059,65.71911666654358,46.3645087630768,68.67601659832434,36.88515321771183,55.01187281417083,43.4183925113353,39.24588928356741,52.50916804862601,16.260972665673876,50.332506612591715,-7.474524066544916,42.67642883763682,-28.60707190156768,37.122389147989,-44.79485048631852,25.273641586506812,-66.00776379161681,17.52787002601133,-80.62496061175409,13.545090513651644,-98.98754804592164,13.297382329557081,-116.24595943122426,17.235471731237,-132.04284924775345
49.2899922078455,62.47643147134329,53.82552799808781,65.73047744556467,47.030997849028324,69.0263272502481,36.87088684047461,55.76784620944815,43.25016121763434,40.03466453891508,52.4766186049398,17.11230506277832,50.641791937072355,-6.739961728128492,43.0515851428911,-27.881737571527538,37.530773164937614,-44.062934622008356,25.6432819623804,-65.25230124315726,17.736690365571576,-79.7675996155217,13.37602635256684,-98.11667443190117,12.842672604163397,-115.51371139023166,16.607593145346357,-131.438686700318
50.12631078917212,62.41601413453759,54.61207330555686,65.73717849275576,47.696032774916375,69.36470400118912,36.861168824955826,56.51996985048976,43.09191386220482,40.823845469349976,52.43418953813085,17.963625868929,50.94393822278067,-6.003740782437774,43.42607472666208,-27.156659070171372,37.94060523469972,-43.33224567927846,26.02289167135757,-64.500093645216,17.9611162967729,-78.91301783301259,13.219246402498015,-97.24488258520876,12.39215963654567,-114.7771611739388,15.972160700513427,-130.8280294062505
50.96262551107617,62.35540684426326,55.39864526084324,65.73932542558182,48.35867333667875,69.69097574408406,36.85615237046193,57.26806779850986,42.94436037020222,41.61345255902472,52.382329169604475,18.81481636038575,51.23819853294964,-5.265796637297967,43.79971771718766,-26.431831131761044,38.35174191327883,-42.602797347093485,26.41199821018671,-63.751060743350365,18.19982793671761,-78.06145688209062,13.076179910239887,-96.37225149670206,11.949407850154785,-114.03630247660476,15.332374770324009,-130.21075229089922
51.79893154335139,62.29458681953153,56.18512029920231,65.73702386150788,49.01797933025318,70.00497137186952,36.86145024751602,58.01196040681219,42.808210666781974,42.40350629209223,52.32148582076576,19.665757813408163,51.52382593081205,-4.526064700534221,44.1723342427058,-25.707248490558356,38.76403975667847,-41.874603314418266,26.81012907561609,-63.005122283117885,18.451505402507905,-77.21315838061986,12.948256122587168,-95.498860157239,11.51798166844145,-113.29112899248855,14.6914357283639,-129.58673027961248
52.635224055791525,62.23353127935357,56.97137485588979,65.73037941799896,49.67886348806883,70.30654501139597,36.91397938447278,58.751367382657605,42.68417467709969,43.19402715270519,52.25210781302019,20.516331504256073,51.80007347960077,-3.7844803799717397,44.543744431454286,-24.98290588082517,39.177355320901995,-41.14767727021757,27.21681176439421,-62.262198010075906,18.714828811246093,-76.3683639464644,12.836904286334686,-94.62478755767734,11.10144551485638,-112.54163441584933,14.05254394821901,-128.9558382977384
53.47149821819045,62.17221744274062,57.75728536616094,65.71949771252008,50.349779809793006,70.59569501130358,37.01867161737516,59.48589843051059,42.572962326310744,43.985035625016394,52.17464346777274,21.36641870918919,52.06619424254876,-3.0409790834356727,44.913768411671015,-24.258798036823237,39.59154516195309,-40.42203290345617,27.63157377326928,-61.522207669781835,18.988478280034542,-75.52731519748818,12.7435536482771,-93.75011268887494,10.703363812850284,-111.78781244094608,13.418899803475256,-128.31795127062526
54.3077492003419,62.11062252870386,58.542728265271364,65.70448436253625,51.030406690923996,70.87247087443404,37.173166338938245,60.215157670937344,42.475283539570626,44.77655219317859,52.089541106428726,22.21590070446723,52.32144128288877,-2.295496218751225,45.282226311593945,-23.534919692814412,40.006465835835115,-39.697683903098834,28.053942598989863,-60.78507100779319,19.271133925975448,-74.69025375155525,12.66963345520918,-92.87491454168952,10.327300985873933,-111.02965676203792,12.793703667718432,-127.67294412362133
55.143972172039696,62.04872375625453,59.32757998847643,65.68544498551248,51.72031894217986,71.13692216407168,37.37510294187712,60.93874922450411,42.39184824203488,45.568597341344514,51.99724905039335,23.064658766349964,52.56506766385388,-1.5479671937434887,45.64893825946092,-22.811265583060504,40.421973898551585,-38.97464395811039,28.48344573830417,-60.050707769667326,19.561475866171236,-73.85742122652965,12.616572953925754,-91.99927210697899,9.976821457378094,-110.26716107338376,12.180155914534396,-127.02069178207489
55.980162303077634,61.98649834440383,60.11171697103174,65.6624851989138,52.419091374278594,71.3890984435007,37.622120818906865,61.656277211777166,42.323182431331645,46.36119163940157,51.89821562107181,23.91257417109705,52.796326448676666,-0.7983274162377256,46.01372438350978,-22.087830441823314,40.83792590610602,-38.252926757455555,28.9196106879607,-59.31903770096176,19.8581842177241,-73.02905924027533,12.58580139122148,-91.12326437560108,9.655489650813479,-109.50031906924278,11.581456917509058,-126.36106917133407
56.816314763249295,61.92392351216293,60.89501564819278,65.63571062020523,53.12629879793809,71.62904927600539,37.91185936274263,62.367345753322695,42.26037536936707,47.15439006177564,51.79288913986932,24.75952819496831,53.014470700590266,-0.04651229405914137,46.37640481197849,-21.36460900336465,41.25417841450195,-37.53254599009915,29.361964944707722,-58.58998054723378,20.159939097736356,-72.20540941065633,12.579022714847099,-90.24697084952584,9.3668699896308,-108.72912444387401,11.000807050228218,-125.69395121674722
57.652424722348826,61.86097647854308,61.67735245521504,65.60522686685175,53.84151602387652,71.85682422487002,38.24195796609945,63.071558969706984,42.19837941808066,47.948334464149696,51.68171792819106,25.60540211422341,53.21875348282748,0.7075427649672292,46.73679967310488,-20.64159600194637,41.67058797974278,-36.81351534500595,29.810036005293682,-57.86345605404091,20.465420623310308,-71.38671335553676,12.604989748520154,-89.37056525695465,9.114526897280825,-107.95357089153646,10.441406686277844,-125.0192128436625
58.48848735016969,61.797634462555465,62.4586038273539,65.57113955631843,54.56431786281195,72.0724728533788,38.61005602169246,63.76852098149624,42.13745811048062,48.7431802053855,51.56515030744231,26.450077205122113,53.40842785862122,1.463902353016067,47.09472909512681,-19.91878617183022,42.08701115783208,-36.09584851114067,30.263351366466964,-57.13938396694056,20.77330891154827,-70.57321269278049,12.665737717616082,-88.49442500886568,8.902024797214324,-107.17365210648921,9.906456199243678,-124.33672897742827
59.32449781650581,61.7338746832113,63.238646199864945,65.53355430607024,55.29427912546208,72.27604472481605,39.0137929222368,64.45783590925672,42.07787497957531,49.53908264434486,51.44363459902826,27.293434743924138,53.582746891204295,2.2226310622622805,47.45001320628222,-19.196174247278122,42.503304504773325,-35.379559177468195,30.721438524975838,-56.41768403149018,21.082284079552494,-69.76514904025163,12.759102834376904,-87.61895408872175,8.73292811288195,-106.38936178299133,9.399155962711632,-123.64637454339265
60.16045129115099,61.66967435952179,64.01735600800367,65.49257673357226,56.03097462254533,72.46758940246596,39.45080806044746,65.13910787355468,42.019893558372985,50.33619713988958,51.31761912435405,28.135356006889253,53.74096364380949,2.983793484880607,47.802472134808966,-18.473754962551823,42.91932457656998,-34.664661032953234,31.183824977568804,-55.69827599324714,21.39102624442529,-68.96276401581417,12.882921311044583,-86.74455647998565,8.61080126773453,-105.60069361530185,8.92270635026756,-122.94802446690392
60.996342943898924,61.60501071049816,64.79460968702546,65.44831245628944,56.773979164779405,72.64715644961282,39.91874082903962,65.81194099495633,41.96377737988195,51.13467905088149,51.18755220482501,28.975722270277117,53.88233117966996,3.7474542130460122,48.15192600894494,-17.751523051913125,43.33492792922556,-33.95116776656056,31.65003822099419,-54.98107959776888,21.69821552326897,-68.16629923733217,13.035029359861085,-85.8716361661202,8.539208685222775,-104.80764129767977,8.48030773549732,-122.24155367331036
61.832167944543414,61.539860955151596,65.57028367218601,65.40086709168682,57.52286756288237,72.81479542954091,40.41523062072838,66.47593939402796,41.909789977110506,51.934683736182336,51.05388216184633,29.814414810347557,54.00610256201827,4.513677838933177,48.49868073847381,-17.029473029726432,43.74997111874359,-33.23909306725494,32.119605752000325,-54.26601459061288,22.002625727000066,-67.37599629503666,13.213263193068371,-85.00059713058818,8.520819847194048,-104.01019885797547,8.075160491986821,-121.52683708796019
62.66792146287838,61.474202312493304,66.34425439874047,65.3503462572294,58.27721462757239,72.97055590553447,40.93791682822882,67.13070719133574,41.85819488306686,52.73636655465393,50.917057316823104,30.65131490336023,54.11166427824088,5.282528884494241,48.85482923506953,-16.307566211136532,44.16431070112748,-32.528450624001266,32.59205506733559,-53.553000717336545,22.31939866363433,-66.59203119799582,13.415459022908465,-84.13184335685241,8.525084283455499,-103.20844384628776,7.710464993321864,-120.80374963620164
63.50359866869741,61.4080120015345,67.11639830194457,65.29685557038223,59.03659516956742,73.11448744087772,41.484438844255976,67.77584850744594,41.80925563075937,53.53988286515809,50.7775259911607,31.486303825574964,54.209398766668016,6.054016663311131,49.22469060694573,-15.585695543429608,44.5778032323808,-31.819254125764132,33.06691366374844,-52.84195772349722,22.65951327757068,-65.81437390262658,13.639453061623328,-83.26577882837574,8.535441192155474,-102.40264687904835,7.389421613088359,-120.07216624338292
64.33919473179441,61.3412672412864,67.88659181705378,65.24050064861032,59.800583999585285,73.24663959885498,42.05243606152504,68.41096746292484,41.76323575319634,54.345388026556634,50.635736506264266,32.31926285325136,54.30608536226629,6.82799630996584,49.606949851377465,-14.863745547265069,44.99030526850703,-31.11151726150848,33.54370903798713,-52.13280535465242,23.021925304515435,-65.04295400167831,13.883081521454983,-82.40280752862094,8.551748534195497,-101.59310576961349,7.115230724872163,-119.3319618348524
65.17470482196308,61.27394525076019,68.65585729504545,65.18136279403274,60.568755928344274,73.36706194275047,42.63954787275105,69.03566817833863,41.72039878338603,55.1530373977113,50.492137183539,33.150073262649244,54.40157702650248,7.60429625320711,50.000291965639576,-14.14160074330249,45.40169647698491,-30.405253713560057,34.021968686800165,-51.425463356359614,23.405590480174965,-64.27770108790031,14.144180614645393,-81.54333344105083,8.573864270477259,-100.78011833133957,6.891092702259073,-118.58301133595819
66.01012410899733,61.206023248967085,69.42532984560358,65.11942273333696,61.34068576656222,73.47580403584845,43.24341367064915,69.64955477425357,41.68100825433669,55.962986337483954,50.34717634439011,33.978616330028274,54.49572672084361,8.382744921783853,50.40340194700718,-13.419145652201337,45.818412758932084,-29.700443979837985,34.50122010693582,-50.719851474176096,23.80946454025559,-63.51854475404207,14.420586553436522,-80.68776054912814,8.601646361902397,-99.96398237758297,6.720207918835001,-117.82518967204862
66.84544776269087,61.137478454918295,70.19497834321947,65.05463519280428,62.115948324957174,73.5729154414332,43.86167284793436,70.2522313712359,41.64532769905668,56.77539020473637,50.20130231022284,34.80477333164828,54.58838740675657,9.163170744444926,50.814964792755234,-12.69626479462113,46.24507665284028,-28.996958302440362,34.980990795142475,-50.01588945365938,24.23250322046374,-62.76541459285295,14.71013555007039,-79.83649283631576,8.63495276937249,-99.1449957216999,6.587469261126387,-117.05842075477898
67.68067095283737,61.068288087625035,70.96477151813718,64.986954898681,62.8941184142472,73.65844572278897,44.491964797321884,70.84330208985185,41.613620650554196,57.59040435833032,50.05496340244241,35.62842554376897,54.67941204570826,9.945402149939127,51.233665500158736,-11.972842691221388,46.68095244734394,-28.294644054338846,35.460808248168576,-49.31349704036688,24.673662256505622,-62.01824019708232,15.010663816788906,-78.9899342860765,8.67364145378923,-98.32345617704686,6.45865092826125,-116.28297230127856
68.51578884923089,60.99842936609852,71.73467810060077,64.91633657721346,63.67477084515025,73.7324444432,45.1319289115267,71.42237105066769,41.58615064183766,58.40818415712761,49.90860794245401,36.449454242650006,54.76865359916559,10.729267567015313,51.65818906649264,-11.248763862661633,47.12530443107761,-27.593348608505437,35.94019996276239,-48.612593979856,25.131897384087665,-61.27695115947955,15.32000756583409,-78.14848888187316,8.717570376054255,-97.49966155698013,6.332954740391983,-115.49925926670733
69.35079662166498,60.927879509349935,72.50466682085397,64.84273495464788,64.45748042838437,73.79496116595055,45.779204583264004,71.9890423742496,41.563181205915214,59.22888495999007,49.75889594883188,37.267750160409435,54.85596502859545,11.514595424422339,52.08722048903195,-10.523912829601386,47.577396892675665,-26.89291933791185,36.418693435672424,-47.9131000176842,25.606164338916244,-60.54147707279412,15.636003009447961,-77.3125606071685,8.766597497069142,-96.67390967485602,6.210493756061169,-114.70769716584402
70.18568943993347,60.856615736390495,73.27470640914083,64.76610475723058,65.24182197466763,73.8460454543249,46.431431205248884,72.54292018116391,41.544975875795274,60.052662125779506,49.58652866777936,38.08339690458985,54.941199295464855,12.301214150909061,52.519444765051674,-9.79817411270011,48.036494120772716,-26.193203615530024,36.895816163646884,-47.21493489940889,26.095418856697677,-59.811747529775346,15.956486359872486,-76.48255344542537,8.820580777735529,-95.84649834403092,6.091381033811672,-113.90870151346724
71.02051848647687,60.7846181475507,74.04476559570531,64.68640071120788,66.02737029471785,73.88574687160727,47.08624817019637,73.08360859197677,41.531798184486036,60.879671013357665,49.39075560983696,38.89665820269545,55.02420936124071,13.088952175224392,52.95354689182676,-9.071432232617383,48.501860404003196,-25.494048814331677,37.37109564343433,-46.51801837058753,26.59861667313828,-59.08769212317259,16.279293829349626,-75.65887138010652,8.87937817895505,-95.01772537786115,5.97572963218613,-113.10268782435554
71.8553841483128,60.71188635151245,74.81481311079125,64.60357754282606,66.81370019925333,73.91411498108195,47.741294870821605,73.61071172725448,41.523911664995865,61.71006698158638,49.173969850378285,39.707804683251425,55.104848187389905,13.877637926117075,53.38821186663216,-8.343571710012668,48.9727600310016,-24.79530230728875,37.844059371782976,-45.822270176777465,27.11471352394443,-58.36924044573533,16.602261630121404,-74.84191839467485,8.9428476616294,-94.18788858970305,5.863652609727353,-112.29007161328764
72.6902841648494,60.638428047488446,75.58481768464281,64.51758997833139,67.60038649899178,73.9311993460332,48.39421069983973,74.12383370756328,41.52171141359105,62.544005227111825,48.93856446477679,40.517106974783076,55.18296873537935,14.66709983233602,53.82212468674294,-7.6144770655454295,49.44845729040236,-24.096811467373016,38.31423484544126,-45.12761006353617,27.6426651448225,-57.65632209021288,16.923225974429727,-74.03209847259308,9.010847186660158,-93.35728579291299,5.755263024978035,-111.47126839504216
73.52521384320045,60.56425096077513,76.35474804750373,64.42839274397016,68.38700400465149,73.93704952974525,49.04263504996578,74.62257865346936,41.54332418830609,63.38136923402374,48.68693252840603,41.32483570581553,55.258423966675934,15.45716632263003,54.253970349434155,-6.884032819875301,49.92821647084003,-23.398423667556358,38.78134304191008,-44.43395784873758,28.18142727147881,-56.94886664935467,17.240683373457728,-73.22981496355004,9.083234714948901,-92.5262148008473,5.650673936480928,-110.64669368439769
74.36016849047923,60.48936281666883,77.12457292961807,64.3359405659887,69.17312752695017,73.9317150955024,49.68420731391484,75.10655068553899,41.600449050600844,64.22121564670323,48.42146711663952,42.131261504874146,55.331066842746566,16.247665825748015,54.68243385198065,-6.152123493661691,50.411301860949095,-22.699986280810606,39.25059628375408,-43.74124619522735,28.72995563961973,-56.24680371591006,17.574244129110582,-72.435339170026,9.15986820739738,-91.6949734268623,5.549998402778726,-109.81676299613287
75.19514341379949,60.413771340465985,77.89426106122977,64.24018817063327,69.95833187660611,73.91524560658888,50.31656688440199,75.57535392433846,41.69170179571114,65.06244440222773,48.144561304850754,42.93665500048414,55.400750325058254,17.038426770438775,55.106200191657365,-5.418633607564175,50.896977749364,-22.00134668010753,39.72433783960986,-43.049435290514054,29.287205984951527,-55.55006288262848,17.933069435162906,-71.64864890755297,9.240605624907175,-90.86385948431433,5.4533494824142394,-108.98189184502633
76.03013392027475,60.33748425746296,78.66378117258279,64.14109028415018,70.74219186433726,73.88769062628893,50.93735315414244,76.02859249043391,41.815698218872626,65.90395543767451,47.85860816841324,43.74128682117069,55.46732737507779,17.829277585451166,55.523954365739485,-4.683447682242161,51.38450842471923,-21.302352238419076,40.202339934662575,-42.358488876710055,29.852134043180683,-54.858573742259296,18.31604613354881,-70.8696824551601,9.325304928379921,-90.03317078655982,5.360840233930162,-108.1424957458567
76.86513531701866,60.26050929295613,79.43310199392096,64.03860163278571,71.52428230086156,73.84909971788684,51.54420551585122,76.46587050439166,41.97105411532101,66.74464869012095,47.56600078270054,44.545427595459074,55.53065095427229,18.6200466995341,55.934381371501956,-3.9464502383552826,51.87315817564928,-20.602850328716954,40.684374794097494,-41.66837069592776,30.423695550013463,-54.17226588755193,18.722061066202457,-70.09837809187633,9.413824078717198,-89.20320514695499,5.272583715869246,-107.29899021340259
77.7001429111445,60.182854172241946,80.20219225548834,63.93267694278617,72.30417799689707,73.79952244466685,52.145336689394696,76.88680278444303,42.15638528029206,67.58342409664442,47.2691322230861,45.34934795187456,55.590574024108435,19.41056254143632,56.336166206219616,-3.2075257965630044,52.362191290788644,-19.90268832397311,41.17021464309988,-40.97904449027948,31.000846241156182,-53.491068911255695,19.150001075058015,-69.33467409673074,9.506021036820698,-88.37426037885626,5.188692986774242,-106.45179076244267
78.53515200976614,60.104526620616724,80.97102068752878,63.82327094039783,73.08145376316173,73.73900836991322,52.77113858601814,77.29112113168449,42.370307509021416,68.41918159432225,46.97039556494349,46.15331851894234,55.64694954605335,20.20065353990674,56.72799386716753,-2.4665588775247898,52.85087205877181,-19.201713597159312,41.65963170685501,-40.29047400187761,31.582541852315273,-52.81491240612007,19.598753002049648,-68.57850874875243,9.601753763592058,-87.54663429561992,5.109281105187847,-105.60131290775558
79.37015791999698,60.02553436337692,81.73955602028633,63.710338351866994,73.85568441037361,73.66760705691021,53.422238734393034,77.67862945845991,42.61143659674485,69.25082112023179,46.67218388364614,46.95760992518771,55.69963048157382,20.99014812369427,57.10854935162075,-1.7234340019002161,53.33846476823322,-18.499773521247448,42.15239821054814,-39.60262297283441,32.167738119197054,-52.14372596489437,20.067203689111466,-67.82982032697043,9.700880219932912,-86.72062471060241,5.0344611296528115,-104.74797216411991
80.20515594895068,59.945885125818904,82.50776698400483,63.59383390343996,74.62644474925077,73.5853680689421,54.09701364413485,78.0491327365813,42.87838833869813,70.0772426114504,46.376890254567684,47.76249279913583,55.74846979213686,21.778874721547595,57.47651765685424,-0.9780356903488041,53.82423370780742,-17.79671546920929,42.64828637936449,-38.915455145262285,32.75539077750784,-51.47743918032802,20.55423997817769,-67.0885471104138,9.803258366744785,-85.89652943715998,4.964346118711887,-103.8921840463143
81.04014140374073,59.86558663323905,83.27562230892835,63.473712321363024,75.39330959051114,73.49234096929311,54.7938398248595,78.40243593786064,43.169778530116844,70.8973460050554,46.08690775308156,48.56823776931202,55.79332043920937,22.566661762215745,57.830583780142945,-0.23024846352996065,54.30744316612896,-17.09238681401672,43.14706843848933,-38.22893426127354,33.34445556295407,-50.81598164517038,21.05874871118249,-66.3546273781115,9.908746164929482,-85.07464628864898,4.899049130907827,-103.03436406911737
81.87510959148068,59.78464661093378,84.04309072530083,63.34992833188247,76.15585374487279,73.38857532124752,55.51109378618247,78.73834403410996,43.484222966236814,71.71003123812417,45.80462945456128,49.3751154642415,55.83403538425813,23.35333767444746,58.16943271876181,0.52004315789668,54.78735743183216,-16.38663492864157,43.648516613107915,-37.54302406298058,33.933888211241936,-50.159282952170884,21.57961673005991,-65.62799940909275,10.017201575388526,-84.25527307842577,4.838683224783381,-102.17492774730778
82.71005581928415,59.703072784199435,84.81014096336611,63.222436661244586,76.91365202305366,73.27412068808957,56.247152037719445,79.05666199714125,43.82033744229375,72.51419824773404,45.5324484343804,50.18339651244946,55.87046758875016,24.138730886991596,58.49174946998602,1.2729546532717109,55.263240793551574,-15.679307186055667,44.15240312840558,-36.857688292495766,34.522644458077934,-49.50727269407895,22.11573087674418,-64.90860148238642,10.128482559023553,-83.43870761984675,4.783361458881188,-101.31429059566409
83.54497539426478,59.62087287833245,85.57674175336814,63.091192035695684,77.66627923577181,73.14902663310355,57.00039108908612,79.35719479876653,44.1767377535233,73.30874697096235,45.27275776791237,50.9933515424612,55.90247001415247,24.92266982859701,58.79621903109029,2.0286015019355546,55.73435753992163,-14.970250959230896,44.65850020956742,-36.1728906919314,35.109680039168325,-48.85988046364389,22.665977993169463,-64.1963718770217,10.242447076736198,-82.62524772626819,4.733196891744058,-100.45286812896506
84.37986362353587,59.53805461862922,86.34286182555098,62.95614918148203,78.41331019374542,73.01334271957367,57.769187449898084,79.63974741079778,44.55203969516123,74.09257734488648,45.0279505305308,51.80525118280195,55.92989562193185,25.704982928012555,59.0815263993498,2.7870991832287473,56.199971959577,-14.259313621138972,45.166580081778875,-35.48859500339978,35.69395069021954,-48.21703585361513,23.229244921269924,-63.4912488720276,10.358953089428098,-81.81519121104645,4.688302581914741,-99.59107586198917
85.21471581421127,59.45462573038611,87.10846991015848,62.817262824849934,79.1543197076922,72.86711851078422,58.55191762977091,79.90412480504705,44.94485906244324,74.86458930658375,44.800419797609095,52.619366061996914,55.95259737355519,26.485498613987147,59.3463565720395,3.5485631764917116,56.659348341152,-13.546342544751838,45.67641497022504,-34.80476496901332,36.274412146937834,-47.57866845674204,23.804418502979672,-62.79317074643319,10.482979839870268,-81.00883904266072,4.648791587935932,-98.72932930951515
86.0495272734043,59.37059393889953,87.87353473743457,62.67448769204566,79.88888258833032,72.71040357001948,59.34695813832053,80.15013195332631,45.35381165060505,75.62368279313154,44.59255864452081,53.43596680857138,55.97042823048963,27.264045315269527,59.589394546434335,4.313108961064984,57.111750973281175,-12.83118510304132,46.187777100091296,-34.121364330884376,36.85002014502959,-46.944707865774035,24.39038558023293,-62.10207577926741,10.64073168783085,-80.20655465957498,4.614776968350441,-97.8680439863216
86.88429330822868,59.285966969465875,88.63802503762332,62.52777850931557,80.61657364637773,72.54324746056363,60.152685485162294,80.37757382744758,45.777513254882365,76.36875774160717,44.40651041461825,54.255323879735556,55.983241154201835,28.040451460608608,59.809325319809375,5.0808520162891,57.55644414459897,-12.11368866897925,46.700438696562856,-33.438356831125304,37.41974461324986,-46.31508367205856,24.986032994963807,-61.41790224955946,10.834369380114993,-79.40875882742915,4.586371781700905,-97.00763540718714
87.71900922579795,59.20075254738151,89.40190954096857,62.377090002905874,81.3369676925526,72.36569974570102,60.9674761799119,80.58625539922286,46.21457967051094,77.09871408908796,44.22611629531161,55.077593732802,55.99088910615882,28.81454547875319,60.00483388943945,5.851907821504426,57.99269214373993,-11.393700615537455,47.21417198482493,-32.755706211848405,37.99170786606999,-45.68970267281878,25.59024758910641,-60.74058843633833,11.06205816642796,-78.6158744360439,4.5636890865301325,-96.14851908689042
88.55367033322574,59.11495839794284,90.16515697771428,62.22237689906291,82.04963953757277,72.17780998871586,61.78970673218515,80.77598164046415,46.663626692726496,77.81245177265134,44.04161622233454,55.9026215562117,55.99315857967616,29.58615580780753,60.17460525259975,6.626391856051555,58.41975925933849,-10.671068315687705,47.72874919006284,-32.073376215166036,38.573056682298954,-45.06839104503382,26.201916204595022,-60.07007261863305,11.321963296475133,-77.8283243752399,4.546841941380819,-95.29111054021007
89.38827193762535,59.028592246446266,90.92773607810449,62.06359392403297,82.7541639921564,71.97962775289241,62.61775365159764,80.94655752298348,47.12327011676467,78.50887072937459,43.85450833770051,56.7301999001117,55.973872093475904,30.35514759251322,60.31732440656509,7.404419599270909,58.83690978002909,-9.945639142401944,48.243942537461805,-31.391330583190552,39.16329248426155,-44.45095715034296,26.819925683363692,-59.40629307547272,11.612250019961891,-77.0465315348377,4.535943404795717,-94.43582528192468
90.22280934611064,58.94166181818818,91.68961557238305,61.90069580406234,83.45226471155428,71.77120691614212,63.44999344776505,81.09778801859281,47.59212573786124,79.18687089633511,43.66629078342322,57.56012131464908,55.92168913469408,31.12150593981403,60.43167634861055,8.186106530503025,59.243407994446386,-9.217260468651943,48.759524252207086,-30.70953305803431,39.761916694282604,-43.83720935038531,27.443162867346643,-58.74918808588632,11.931083586593559,-76.27091880465798,4.531106535317633,-93.58307882681288
91.05727786579502,58.85417483846493,92.45076419079379,61.733637265397306,84.14845162322212,71.55263534874683,64.28480263030286,81.2294780991042,48.06880935125196,79.8453522106102,43.47846170151632,58.39217834997092,55.83812758509083,31.88524042391697,60.51634607601119,8.971568129088439,59.638518191224705,-8.485779667409531,49.27526655948395,-30.027947381809668,40.368430734687024,-43.22695600680021,28.07051459847804,-58.098695928903,12.276629246075458,-75.5019090745214,4.540684711439155,-92.73327594473045
91.89167280379212,58.766139032572994,93.2111506635809,61.56237303428418,84.84283572731653,71.32401702081913,65.12055770882688,81.34143273632961,48.55193675217242,80.48321460927724,43.292519233993346,59.226163556224236,55.72470532642609,32.64636061902911,60.57001858604184,9.760919874367517,60.02150465899848,-7.751044111646593,49.790941684477616,-29.34653729662898,40.98233602779959,-42.62000548122694,28.70086771869194,-57.454754883551686,12.64705224811297,-74.73992523424857,4.586571015050197,-91.88671587509197
92.72598946721547,58.67756212580866,93.97074372098831,61.38685783696923,85.53536050763165,71.0854559988903,65.95563519295268,81.43345690208105,49.040123735858515,81.09935802941357,43.10996152286788,60.06186948355614,55.58294024045978,33.40487609935758,60.591378875977455,10.55427724568085,60.39163168640249,-7.0129011743349565,50.3063218523734,-28.66526654460455,41.6031339959452,-42.01616613530467,29.333109069922557,-56.81730322886153,13.040517842411418,-73.98539017366022,4.668268108295479,-91.04363797168554
93.56022316317859,58.58845184346842,94.72951209325976,61.20704639969878,86.22596944796129,70.83705634949166,66.78841159229597,81.50535556817056,49.53198609754577,81.69268240809654,42.93228671015356,60.89908868211367,55.414350208952044,34.16079643910939,60.59104943197855,11.351709374208042,60.74816356207083,-6.271198228446394,50.821179288356575,-27.98409886784873,42.230326061448636,-41.41524633067269,29.96612549410412,-56.18627924386158,13.455191278676125,-73.23872678257686,4.783934607947117,-90.20428090139308
94.39436919879512,58.49881591084858,95.4874245106393,61.02289344871909,86.91460603209958,70.57892213915451,67.61726341647244,81.55693370641012,50.02613963247006,82.26208768240352,42.760992937864046,61.737613702043944,55.220453113662586,34.9141312124915,60.588606678434246,12.153000711341178,61.090364574638386,-5.525782646952848,51.33528621761235,-27.302998008473935,42.8634136466348,-40.817054428970266,30.598803833170678,-55.561621207580856,13.889237806612414,-72.50035795081925,4.931729130777228,-89.36888333109636
95.22842288117857,58.40866205324559,96.24444970337089,60.834353710276446,87.60121374384033,70.3111574344102,68.44056717509756,81.58799628861175,50.52120013586705,82.8064737894118,42.59757834801286,62.57723709349398,55.00276683635167,35.66488999371114,60.58439352407851,12.957827692028161,61.417499012739256,-4.77650180282609,51.848414865325935,-26.62192770859241,43.50189817382852,-40.22139879183658,31.230030929056397,-54.94326739904841,14.340822675925722,-71.77070656820791,5.1098102935579846,-88.53768392767711
96.06237951744248,58.31799799595581,97.00055640169859,60.641381910617184,88.28573606697768,70.03386630179003,69.25669937778713,81.59834828658745,51.015783402972374,83.32474066619878,42.44354108261365,63.41775140661082,54.7628092587791,36.413082356975224,60.57843391555872,13.76586654453007,61.728831165008216,-4.023203069037947,52.36033745668266,-25.940851710316622,44.14528106535454,-39.62808778091096,31.8586936236955,-54.331156097293274,14.808111136321315,-71.0501955245636,5.31633671306156,-87.71092135801729
96.89623441470047,58.22683146427565,97.75571333586612,60.44393277598755,88.96811648530553,69.74715280782527,70.06403653415686,81.58779467214922,51.508505229021864,83.8157882498418,42.30037928368,64.2589491915416,54.50209826270492,37.15871787649087,60.5707517995225,14.576793497108042,62.02362532007959,-3.26573381856025,52.87082621686778,-25.259733755758816,44.79306374353786,-39.036929757832525,32.4836787590221,-53.725225581344546,15.289268437504575,-70.33924770970691,5.5494670060601266,-86.88883428899851
97.72998288006619,58.13517018350149,98.50988923611754,60.241961032633895,89.64829848261792,69.45112101904729,70.8609551538222,81.55614041710905,52.02851378014441,84.27873504681989,42.169591093225506,65.10062299843338,54.22215172988916,37.90180612646515,60.56137112261723,15.390284778023045,62.301145766588036,-2.503941424364882,53.37965337106647,-24.57853758703135,45.44474763070326,-38.44773308424067,33.10387317697041,-53.12541413023126,15.782459829180823,-69.63828601345847,5.807359789325744,-86.07166138750273
98.56362022065304,58.04302187892969,99.26305283269681,60.03542140680244,90.32622554270864,69.14587500198735,71.64583174639898,81.50319049327896,52.607886866455544,84.71369667133516,42.05267465326381,65.9425653774332,53.92448754209187,38.64235668110507,60.550315831490764,16.20601661553627,62.560656793167766,-1.7376732594236728,53.88659114446415,-23.897226946246633,46.099834149175535,-37.86030612177461,33.72060684384786,-52.53165660054526,16.28585056105544,-68.94773332563898,6.088173679630643,-85.25964132041173
99.39714174357465,57.95039427585672,100.01517285584788,59.82426862473952,91.00184114937196,68.83151882317676,72.41704282150278,81.42874987247097,53.241033378313716,85.12107291731365,41.95112810580849,66.7845688786881,53.61062358107284,39.380379114617654,60.53760987279037,17.023665237908688,62.801422688453556,-0.9667766967083935,54.39141176224592,-23.21576557551697,46.75782472127963,-37.27445723207353,34.34710022374139,-51.94381219377624,16.797605882833693,-68.26801253606897,6.390067293746938,-84.45301275460724
100.23054275594444,57.85729509957892,100.76621803581469,59.60845741269145,91.67508878640155,68.50815654914686,73.17296488874916,81.33262352649709,53.922296864686075,85.50126359964591,41.86644959287315,67.62642605234521,53.28207772859213,40.11588300121008,60.523277193163665,17.842906873401432,63.023674362788086,-0.19110068649661116,54.893887449597116,-22.534117216954712,47.41822076934022,-36.6899947767767,34.98493524530386,-51.36166611875274,17.31589104422102,-67.59954653456919,6.711199248446803,-83.65201435697122
101.06381856487627,57.76373207539268,101.51615710284108,59.38794249690446,92.34591193759155,68.17589224642896,73.91197445775396,81.21461642716929,54.646020874539715,85.85466853322262,41.80013725647143,68.46792944855153,52.94036786640976,40.848877915089304,60.50734173925815,18.663417750275585,63.24202357697567,0.5893830157089042,55.39379043170294,-21.85224561267222,48.08052371568232,-36.106727117523405,35.63342897009704,-50.78500049440561,17.838871294922683,-66.94275821096028,7.0497281605023545,-82.85688479438528
101.89696447748355,57.66971292859438,102.26495878717122,59.1626786036249,93.014254086736,67.83482998155435,74.63244803813274,81.07453354629962,55.40654895684207,86.18168753293432,41.75368923861686,69.3088716174542,52.58701187628566,41.5793734304624,60.48982745772156,19.484874096792225,63.46111449775907,1.374494055353182,55.89089293374872,-21.17011450478185,48.7442349826307,-35.524462615952814,36.291898459682955,-50.21359743966593,18.364711884644066,-66.29807045506277,7.403812646685822,-82.06786273373137
102.72997580087969,57.57524538448047,103.01259181904885,58.93262045909904,93.6800587176287,67.48507382105433,75.33285011099696,80.91217996588017,56.19822466056013,86.48272041367164,41.728603681323136,70.14904510920024,52.22352763997998,42.307379121536485,60.470758295201165,20.306952141212378,63.680296531436,2.1640318170568094,56.38496718091966,-20.487687635395957,49.40885599251021,-34.943009633704264,36.95966077562338,-49.647239073464505,18.891578063090492,-65.66590615669742,7.771611323769264,-81.28518684189123
103.56284784217854,57.48033716834726,103.75898655148177,58.69772334880929,94.34326931406378,67.12672783146024,76.02301659414076,80.72752307571477,57.01539153466132,86.75816699032518,41.728230625624974,70.98823922683252,51.85143303925253,43.032904562518524,60.45015819834458,21.129328111797122,63.89891908430428,2.957795685440658,56.87578539840098,-19.804928746626786,50.07388816764569,-34.36217653241698,37.636032979480206,-49.085707514732405,19.41763507996734,-65.0466882056848,8.151282808524854,-80.5090957857467
104.39557590849341,57.38499600549122,104.50302291887334,58.458045031622106,95.00382935983515,66.75989607930339,76.71042983595311,80.52101785406992,57.852393128112624,87.00842707778554,41.769607122459945,71.82611955089078,51.472245955863286,43.755959327615614,60.42805111379943,21.951678236807595,64.11633156266151,3.755585045125372,57.363119811378,-19.12180158058686,50.73883293036198,-33.781771673730134,38.320332132815395,-48.528784882400544,19.941048184979934,-64.44083949184557,8.540985717724823,-79.73982823217955
105.22815530693805,57.289229621208676,105.24432918447786,58.213864462666606,95.66168233873685,66.38468263111506,77.39503078491254,80.29321046122121,58.70357298988148,87.23390049094331,41.85450504148031,72.66219237843899,51.08748427157235,44.476552991034794,60.40446098821309,22.77367874450482,64.33188337280541,4.5571992807318225,57.846742645036045,-18.438269879388372,51.40319170298392,-33.20160341928312,39.011875297190784,-47.976253295399886,20.459982627833654,-63.848782905000405,8.938878668141228,-78.97762284807169
106.06058134462586,57.193045740796066,105.98308699427338,57.965489406928924,96.31677173456268,66.0011915534266,78.07676038949779,80.04464705744428,59.56327466893498,87.43498704468911,41.98040801814955,73.49595350463116,50.6986658681397,45.19469512698316,60.3794117682333,23.59500586314988,64.54492392103379,5.362437776880711,58.326426124560214,-17.754297385143786,52.0664659078364,-32.62148013071504,39.709979534168326,-47.42789487266134,20.977925987691492,-63.27091111862069,9.343120276546244,-78.22271830030473
106.8928493286706,57.09645208954976,106.71947799423793,57.71322762939519,96.96904103110688,65.60952691276927,78.7555595981874,79.77587380301475,60.425841714240335,87.61208655391351,42.144799687931425,74.32689872462129,50.3073086273252,45.910395309667734,60.352927400507554,24.41533582100385,64.75480261364436,6.171099918192738,58.80194247513583,-17.069847839965348,52.72815696724416,-32.04121016966519,40.413961905309804,-46.883491733115875,21.51964245317805,-62.70705386498196,9.751869159712044,-77.4753532557607
107.72495456618566,56.99945639276615,107.4536838303498,57.45738689505151,97.61843371216315,65.2097927756744,79.43136935946,79.48743685820824,61.285617674764865,87.76559883350717,42.34516368628948,75.15452383356333,49.914930430888944,46.62366311329558,60.32503183168325,25.234344846327815,64.96086885693472,6.982985089288718,59.27306392194822,-16.38488498596547,53.387766303532146,-31.460601897772847,41.12313947217717,-46.342825995694454,22.086911332521368,-62.15654277791322,10.163283934410742,-76.73576638132124
108.55689236428469,56.90206637574164,108.18588614858692,57.19827496888402,98.26489326152563,64.80209320867334,80.10413062179413,79.17988238330037,62.13694609947578,87.89592369836063,42.57898364868743,75.97832462661125,49.52304916059086,47.334508112073735,60.295749008407995,26.051709167382853,65.1624720572027,7.797892674789466,59.73956269018248,-15.699372565256454,54.04479533902514,-30.879463676677233,41.83682929633227,-45.80567977932799,22.67785678010091,-61.61869230435832,10.575523217414514,-76.00419634386822
109.38865803008122,56.8042897637726,108.91626659492732,56.93619961587888,98.90836316298834,64.38653227829735,80.77378433366829,78.85375653856678,62.97417053734017,88.00346096336452,42.8437432105888,76.79779689891905,49.133182698191035,48.042939880209275,60.26510287732941,26.867105012429988,65.35896162074602,8.61562205931557,60.20954672749525,-15.013246856912247,54.69874549604805,-30.29760386801763,42.55434843933699,-45.2718352029475,23.29060295029609,-61.09281689126118,10.98674562549553,-75.28088181028346
110.22024687068875,56.70613428215543,109.64500681534929,56.67146860102213,99.54878690034508,63.963214051077784,81.44027144356113,78.50960548428307,63.79163453732525,88.08861044340944,43.13692600745725,77.61243644564072,48.746848925449285,48.74896799190924,60.233117385094886,27.680208609730414,65.54968695386236,9.435972627487956,60.69335860226573,-14.326301085389161,55.34911819692553,-29.71483083343327,43.27501396275329,-44.7410743854839,23.923273997486433,-60.57823098556577,11.395109775425965,-74.56606144744876
111.05165419322094,56.60760765618653,110.37228845583087,56.40438968929996,100.18610795738999,63.5322425935459,82.1035328999514,78.14797538072489,64.58368164839834,88.15177195338597,43.45601567475643,78.42173906193023,48.36556572412576,49.45260202138073,60.19981647835215,28.490696187545097,65.73399746284946,10.25874376392727,61.18913476596384,-13.638282044870095,55.99541486398272,-29.13095293456331,43.998142928142954,-44.21317944586809,24.573994076051406,-60.07424903421588,11.798774283977878,-73.8599739222459
111.88287530479141,56.5087176111623,111.0982931623501,56.135270645698455,100.820269817917,63.09372197223303,82.7635096513174,77.76941238816784,65.35850701813916,88.19333343986804,43.798495847949994,79.22520054294156,47.99085097598032,50.15385154283072,60.16522410374847,29.29824397413512,65.91124255400501,11.08373485325427,61.69493255468632,-12.948936505193842,56.637136919544275,-28.545778533047155,44.72305239706799,-43.68793250303105,25.24088734037042,-59.580185484155436,12.196841927463083,-73.16285702038113
112.71390551251358,56.4094718723791,111.82320258088504,55.86441923520377,101.45121596572,62.64775625367051,83.420142646138,77.37446266688755,66.14747608731653,88.2135761743312,44.16185016250154,80.02231668382868,47.624222562773014,50.85272613046635,60.1293642079317,30.102528197761615,66.08077163362674,11.91074528008977,62.20880930453001,-12.258011236199252,57.273785785935104,-27.959115990523912,45.44905943109012,-43.165115675903735,25.922077944822888,-59.0953547823284,12.611543991290546,-72.47481877605463
113.54474012350107,56.30987816513334,112.54719835741383,55.59214322280201,102.07888988459314,62.19444950438961,84.0733728328915,76.9636723771597,66.95063197056658,88.21272503692049,44.54356225387471,80.81258327974558,47.26719836626387,51.5492353584946,60.09226073754911,30.903225086685552,66.24193410801246,12.739574429054471,62.728822351591646,-11.565253007725175,57.90486288547987,-27.37077366863292,46.17548109177136,-42.64451108341717,26.615690043788277,-58.61907137567863,13.05186318261309,-71.79570171560118
114.37537444486742,56.20994421472142,113.27046213791465,55.318750373479276,102.70323505833022,61.73390579092165,84.72314116005674,76.53758767925981,67.76636030213348,88.19100439619808,44.94111575753311,81.59549612584624,46.92129626821276,52.24338880112259,60.05393763924843,31.700010869168125,66.39407938345977,13.570021684769188,63.25302903196808,-10.870408589610406,58.529869640503705,-26.780559929013407,46.901634440673604,-42.125900844502155,27.319847791646055,-58.15064971114998,13.516365278439594,-71.1253158859227
115.20580378372625,56.1096777464397,113.99317556836542,55.04454845222173,103.32419497072539,61.26622917979799,85.36938857611216,76.09675473346357,68.59304671626097,88.14863862072608,45.35199430894039,82.37055101728467,46.58803415037977,52.93519603255734,59.998695654669575,32.492609920595044,66.53655686626638,14.40188643185462,63.77948668175617,-10.173224751693738,59.14830747333127,-26.188283133304594,47.626836539358635,-41.609067078089765,28.03267534277569,-57.68940423568648,14.003616055778991,-70.46347133392123
116.03602344719098,56.00908648558459,114.7155202947443,54.769845224015484,103.94171310557243,60.79152373754985,86.0120560295365,75.6417197000466,69.42907684719336,88.08585207906663,45.773681543560144,83.1372437492148,46.25378872466973,53.624703821517954,59.9062210355176,33.280993599317526,66.66871596273012,15.234968054931528,64.30625263705252,-9.47344826381402,59.75967780628747,-25.59375164314571,48.35040444938841,-41.09379190311091,28.75229685155665,-57.23464939623187,14.512181291640218,-69.80997810649865
116.86620252280858,55.908171916680146,115.43767796302944,54.49494845384663,104.55573294666539,60.30989353070862,86.65108446880805,75.17302873928449,70.27283632917471,88.00286913978186,46.203661096856024,83.89507011679066,45.89104372259834,54.3122264499757,59.778326301630784,34.06521224348887,66.78990607914858,16.069065938620668,64.831384233954,-8.770825895810106,60.363482061697084,-24.996773820176088,49.071655232324815,-40.579857438496504,29.476836472368348,-56.78569963973018,15.040626763032265,-69.16464625055693
117.6968811249074,55.806862420937165,116.1598302191988,54.22016590670131,105.16619797779839,59.82144262580556,87.2864148424058,74.69122801145292,71.12271079644887,87.89991417143395,46.63941660429168,84.64352591516615,45.50284157592421,54.99819527295779,59.616953603922695,34.84531622639935,66.89947662181959,16.903979467542797,65.35293880855744,-8.065104417520786,60.97248719374073,-24.397112499511877,49.7899059497297,-40.067045803177564,30.204418359590193,-56.34186941312521,15.587518246963953,-68.527285812998
118.52804764072192,55.70503895157805,116.88215870923074,53.94580534756565,105.77305168276524,59.32627508937202,87.91798809880794,74.19686367682746,71.97708588325992,87.77721154258501,47.078431701330715,85.38210693949537,45.093088801615124,55.68304213977197,59.424045093306916,35.62135592133956,66.99677699704074,17.739508026318674,65.86897369695959,-7.356030598784912,61.59970138400871,-23.794323750441606,50.504473663165015,-39.555139116084945,30.93316666760171,-55.90247316336092,16.15142152044433,-67.89770684072386
119.35964520852502,55.602581659387084,117.60484507910297,53.67217454142579,106.37408393697825,58.824540428922376,88.54574518649343,73.69048189568375,72.83434722385215,87.63498562179717,47.51819002343677,86.1103089849322,44.665691916638934,56.36719889972596,59.20154292069702,36.39338170159988,67.08115661110998,18.575450999569057,66.37754623525717,-6.643351209441278,62.24132207275335,-23.18790497325614,51.2146754341926,-39.04391949614967,31.661205550782313,-55.46682533738118,16.730902360482276,-67.27571938063642
120.19161696658915,55.499370695148684,118.32807097479389,53.399581253267826,106.96508736078925,58.316735407175344,89.16962705394059,73.17262882829743,73.6928804524693,87.47346077763257,47.95617520607345,86.82762784663066,44.22455743796348,57.05109740212748,58.95138923700671,37.161443940470804,67.15196487032478,19.411607771914703,66.87671375954716,-5.9268130193286765,62.89351984296371,-22.577353564326643,51.91982832437435,-38.533169062302704,32.38665916351147,-55.03424038212995,17.32452654408678,-66.66113347963767
121.0239060531872,55.395286209647196,119.05201804228153,53.128333248077865,107.54669069036316,57.803517010581004,89.78957464962804,72.6438506349441,74.55107120335566,87.29286137865336,48.38987088470441,87.53355931974477,43.773591882556616,57.73516949628424,58.67552619314955,37.92559301124271,67.20855118098297,20.24777772797637,67.36453360592617,-5.206162798286016,63.552465277628414,-21.962166920024515,52.62162015036466,-38.022667771014085,33.10765166016864,-54.604032744551034,17.930859848266664,-66.05375918462954
121.85645560659174,55.29020835366694,119.77686792754395,52.85873829084207,108.11968175727071,57.28554308493793,90.40552892203442,72.10469347589941,75.40730511075509,87.0934117934217,48.83105870437947,88.2275877652535,43.31670176738612,58.41984703150399,58.37589594003924,38.68587928720609,67.25026494938226,21.08376025237476,67.83906311049117,-4.481147316152089,64.21432895973652,-21.341842436720924,53.340541137691105,-37.51211058736959,33.82230719513319,-54.1755168715884,18.548468050030976,-65.45340654251402
122.68920876507553,55.18401727799227,120.50280227655918,52.59110414654654,108.6848483930824,56.763471476044685,91.01743081963838,71.55570351143896,76.25996780891165,86.87533639049968,49.30964264842845,88.90910570462503,42.85779360941984,59.10556185709447,58.05444062858925,39.44235314165144,67.27645558182047,21.919354729730685,68.29835960933877,-3.7515133427656906,64.87528147227675,-20.71587751078721,54.078587595283636,-37.00108153109221,34.5287499227847,-53.748007210185904,19.175916926388595,-64.85988560019297
123.52210866691127,55.076593133407584,121.23000273530528,52.325738580177415,109.24297842936897,56.23796002969982,91.62522129091855,70.9974269018384,77.10744493206965,86.63885953844945,49.8247713883481,89.577461440798,42.40077392562563,59.79274582236337,57.71310240971337,40.19506494786913,67.2864724845951,22.75436054466485,68.74048043856584,-3.01700764796567,65.53149339823807,-20.08376953859465,54.83216283576536,-36.48915715281743,35.22510399750257,-53.32081820728746,19.811772254348455,-64.27300640456843
124.3550984503716,54.96781607069718,121.95865094976062,52.06294935672079,109.7948596977007,55.70966659170193,92.22884128435322,70.43040980737331,77.94812211447282,86.38420560583316,50.37438282674526,90.23200299360133,41.94954923297132,60.48183077661844,57.35382343432508,40.944065079149595,67.27467195268292,23.588572828766246,69.1634829342691,-2.2773770015908212,66.17913532060919,-19.44501591651448,55.59767017175983,-35.97591400318066,35.909493573666225,-52.893264309837036,20.454599810919547,-63.692579002542345
125.18812125372921,54.85756624064547,122.68892856590293,51.80304424116284,110.34128002964843,55.17924900784956,92.82823174842127,69.85519838831937,78.78038499036535,86.11159896121293,50.95641486622668,90.87207838286395,41.50802604842477,61.17324856916741,56.97854585333795,41.68940390878339,67.23429517472101,24.421763595343293,69.5654244325454,-1.5323681734799948,66.81437782237919,-18.79911404091797,56.37151291589004,-35.4609286328174,36.5850388702911,-52.46468825470055,21.102965373110692,-63.11841344101663
126.02112021525687,54.745723794036735,123.42101722971057,51.54633099848962,110.88302725678255,54.647365123941285,93.42333363160122,69.27233880495217,79.60261919399119,85.82126397315096,51.56880540939926,91.4970356284147,41.0801108889537,61.86743104931796,56.589211817665785,42.43113181006083,67.16663565319135,25.25369704021068,69.94436226949159,-0.7817279334720411,67.43339148653678,-18.14556130817641,57.15009438077931,-34.943777592363006,37.26493092663645,-52.03472390037973,21.75543471793094,-62.550319766893324
126.85403847322726,54.63216888165539,124.15509858716149,51.29311739368728,111.42088921067369,54.11467278577567,94.01408788237148,68.68237721754733,80.41321035959464,85.51342501020929,52.209492358869795,92.10622275008257,40.66971027152607,62.56481006637787,56.187763478222166,43.16929915627253,67.07305425004273,26.084137353026506,70.29835378120441,-0.02520305140575374,68.03234689607092,-17.483855114661083,57.92981787905097,-34.42403743245296,37.94949825505813,-51.603176428075415,22.410573622389165,-61.98810802707425
127.68681916591305,54.51678165428575,124.89135428423384,51.04371119174195,111.95565372289246,53.581829839151254,94.60043544921092,68.08585978638047,81.21054412141945,85.18830644095013,52.87641361724508,92.69898776769645,40.280730713109676,63.26581746965485,55.77614298592056,43.9039563207088,66.95491182722407,26.91284872344869,70.6254563037806,0.7374597028800167,68.60741463397045,-16.813492856743267,58.70708672332813,-33.90128470372275,38.638179285014246,-51.16985321695171,23.066947863494306,-61.43158826846144
128.5194054315869,54.3994422627122,125.62996596690579,50.798420157639725,112.48810862500937,53.049494129866616,95.18231728059794,67.48333267172723,81.99300611370978,84.84613263393561,53.5675070871319,93.27467870108524,39.9170787306723,63.97088510845663,55.35629249167465,44.63515367666014,66.81356924668404,27.7395953411351,70.92372717331699,1.5065135595465335,69.1547652832241,-16.133971930794246,59.478304226234116,-33.375095956807684,39.33041244596285,-50.734561646173006,23.723123218255296,-60.88057053795683
129.35174040852172,54.280030857719055,126.37111528115526,50.557552056366774,113.01904174859504,52.518323503720325,95.7596743250113,66.87534203386323,82.75898197070973,84.48712795772784,54.28071067113723,93.83264357007783,39.58266084118185,64.68044483209093,54.93015414639814,45.36294159741698,66.65038737037156,28.564141395743718,71.19122372591045,2.2822117487548894,69.67056942682092,-15.444789733185246,60.23987370039225,-32.8450477423433,40.02563616736194,-50.297109094903476,24.377665463681126,-60.33486488246234
130.18376723498994,54.158427590090724,127.11498387296041,50.3214146529092,113.54924092522009,51.98897580651095,96.3324475309293,66.26243403306412,83.50685732666335,84.11151678088896,55.01396227186768,94.37223039450316,39.281383561606106,65.39492848986546,54.4996701010046,46.08737045626978,66.46672706023543,29.386251076932467,71.42600329765759,3.064807500666234,70.15099764774965,-14.745443660287606,60.98819845842564,-32.31071661096502,40.72328887866945,-49.85730294230751,25.029140376780617,-59.79428134888002
131.01542904926436,54.0345126106115,127.8617533882994,50.0903157122531,114.0794939864549,51.462108884037036,96.9005778468308,65.64515482960547,84.23501781581462,83.71952347198115,55.765199791930115,94.89278719419016,39.01715340891292,66.11476793108798,54.066782506407606,46.80849062650901,66.26394917822432,30.20568857435933,71.62612322465526,3.85455404544183,70.59222052899912,-14.035431108472494,61.71968181295773,-31.77167911330821,41.42280900934361,-49.414950567549226,25.67611373456282,-59.258629984111735
131.84666898961763,53.90816607006576,128.61160547315018,49.864562999384646,114.61058876387034,50.93838058209718,97.46400622119432,65.02405058376291,84.94184907240759,83.3113723995665,56.53236113393149,95.39366198896772,38.793876900070074,66.84039500506617,53.633433513520856,47.52635248142511,66.04341458628716,31.02221807768217,71.79811254970008,4.651666727069198,70.9904086535584,-13.314249474111307,62.430727076611504,-31.227511800008415,42.1236349888423,-48.9698593497929,26.317151314036607,-58.72772083505947
132.67743019432254,53.779268119237855,129.3639985633543,49.644464279289906,115.14331308903667,50.4184487464899,98.02267360249829,64.39966745581214,85.62573673068636,82.88728793220713,57.31338420047854,95.87420279866475,38.61546055204548,67.57224156110783,53.20156527325781,48.2410063943085,65.80648414637284,31.835603776559026,71.96668394809268,5.455944267427299,71.34173260441611,-12.581396153575213,63.11773756201052,-30.677791221701,42.82520524662357,-48.52183666820292,26.95081889221092,-58.20136394862516
133.50765580165177,53.64769890891216,130.11755569064286,49.430327316955044,115.67845479352462,49.90297122301382,98.57652093922155,63.772551606028685,86.28506642489486,82.44749443846527,58.106206894178,96.33375764311015,38.48581088180697,68.31073944852062,52.77311993653217,48.95250273844965,65.55451872042994,32.64560986064777,72.13288429965866,6.2669274878875285,71.65031423950228,-11.836399003502379,63.77711658177776,-30.122093929021446,43.52695821214547,-48.07068990194341,27.58105131542817,-57.67936937171078
134.33728894987797,53.513338589873,130.87223830378701,49.22245987736616,116.21680170890471,49.39260585746746,99.12548917984242,63.143249194688224,86.9182237892773,81.99221628690299,58.90876711763673,96.77167454213284,38.40879209075092,69.05632050641861,52.35003965425773,49.66089188713903,65.28887917040737,33.452000519606315,72.29594025829152,7.084153375198696,71.95094204205765,-11.079313756725696,64.40526744853656,-29.559996472605178,44.228332314866066,-47.6162264301787,28.213844893713997,-57.161547151218315
135.16627277727395,53.37606731290472,131.6280485875514,49.02116972550937,116.75914166674755,48.88801049564938,99.66951927283975,62.512306382066384,87.52359445807764,81.52167784608241,59.71900277346168,97.18730151556176,38.358239412376804,69.80922886851235,51.934266577347785,50.36622421366704,65.01092635825404,34.25453994309271,72.45507847788457,7.907158916109836,72.24766960522464,-10.310642859179154,64.99859347491014,-28.991075403087564,44.92876598424334,-47.15825363207301,28.849227452032437,-56.64770733404964
135.99455042211213,53.235765228791706,132.3849887267009,48.82676462637082,117.30626249862377,48.389842983358164,100.20606274062271,61.88026957246478,88.09956406553994,81.0361034845657,60.534851764259486,97.57998658322578,38.30962185791583,70.56904132864449,51.527742856716145,51.06855009132417,64.72202114591852,35.052992320764815,72.6095256123312,8.735481097369814,72.539898103594,-9.53090284249123,65.55349797352193,-28.41490727110414,45.62769764973535,-46.69657888679069,29.487212578892468,-56.13765996710674
136.82206502266553,53.0923124883183,133.14306090600024,48.63955234493662,117.85895203610374,47.898761166392376,100.72609090748955,61.24768871442322,88.64451824590827,80.53571757091501,61.3542519926371,97.94907776495384,38.26303297297119,71.33518644112641,51.132410643276444,51.76791989340086,64.42352439534994,35.84712184228056,72.75850831552492,9.568656905727664,72.8270287117561,-8.740610238290344,66.06638425699492,-27.83106862729028,46.3245657408001,-46.231009573495896,30.127813862803066,-55.631215097291545
137.6487597172067,52.94558924226885,133.9022673102142,48.4598406461929,118.41799811075822,47.41542289055059,101.23074660073661,60.615116431076814,89.15689013326056,80.02074447369247,62.17514136120127,98.29392308057484,38.218566303145906,72.10709276026941,50.74092445562201,52.46438399318757,64.11679696849677,36.636692697297974,72.90125324135903,10.40622332793231,73.10846260430156,-7.940281578204974,66.5354930212057,-27.239136022281457,47.018808686895625,-45.761353071352914,30.77104489227321,-55.12818277150609
138.47457764400832,52.795475641427686,134.6626101241074,48.28793729512577,118.9841885541577,46.94048600163134,101.72227032638358,59.983105411325425,89.65237720068961,79.49140856146022,62.99545777255872,98.61387054991769,38.176315394043115,72.88418884038481,50.34389399672824,53.157992763974704,63.80319972730803,37.421469075474874,73.03698704372704,11.247717350732614,73.38360095582101,-7.130433393863541,66.99086418350493,-26.638686006713044,47.70986491747993,-45.28741675952608,31.416919255811933,-54.62837303665225
139.29946194134317,52.64185183657921,135.42409153244472,48.12415005672136,119.5583111978728,46.47460834543321,102.20290259045015,59.352208344068885,90.14420119622986,78.94793420278037,63.81313912931654,98.9082681928113,38.136373791265896,73.66590323578399,49.941349390736434,53.84879657905276,63.484093533732505,38.20121516646924,73.16493637652212,12.092675960877557,73.65184494090494,-6.311582216894465,67.44380537776357,-26.02929513122058,48.39717286201113,-44.809008017179565,32.06545054192827,-54.13159593963201
140.1233557474838,52.484597978507736,136.18671371999102,47.968786695965775,120.14115387347414,46.018447767754765,102.67488389895612,58.72297791820705,90.63196502876889,78.39054576621507,64.62612333408123,99.1764640290846,38.09883504041733,74.45166450077821,49.53332487672378,54.53684581171214,63.16083924971889,38.97569515993911,73.28432789363791,12.940636145116173,73.91259573414396,-5.48424457892628,67.89378902815594,-25.410539946439428,49.08017094994722,-44.3259342234777,32.716652339131144,-53.63766152734729
140.946202200703,52.32359421799765,136.95047887151082,47.82215497784517,120.73350441253211,45.572662114394575,103.1404547579213,58.09596682263978,91.11527160719442,77.81946762032646,65.43234828945987,99.41780607856646,38.063792687100545,75.24090118967882,49.11985469376742,55.22219083524337,62.834797737216206,39.74467324554229,73.39438824896769,13.79113489019727,74.16525451012848,-4.648937011587293,68.34028755885669,-24.781997003005017,49.75829761074618,-43.83800275758466,33.37053823592959,-53.146379846700086
141.76794443927355,52.158720705833275,137.71538917176912,47.68456266734566,121.33615064661734,45.137909231151184,103.60185567336526,57.47172774626691,91.59372384039403,77.23492413367669,66.22975189805908,99.63164236108585,38.03134027691857,76.03304185679713,48.700973080944436,55.90488202293682,62.50732985817291,40.50791361293676,73.49434409640486,14.643709182869827,74.40922244344932,-3.8061760465060956,68.78277339404013,-24.143242851552884,50.430991273866084,-43.34502099866478,34.02712182083263,-52.657560944592376
142.588525601468,51.989857592798955,138.48144680553042,47.55631752945334,121.94988040730055,44.71484696382316,104.06132715130781,56.85081337798829,92.06692463725545,76.63713967482792,67.01627206248583,99.81732089647161,38.00157135547454,76.8275150564445,48.276714277331905,56.584969748082955,62.179796474538136,41.26518045178051,73.58342208984283,15.497896009882822,74.64390070869678,-2.9564782153110514,69.22071895788082,-23.49385404271834,51.097690368764916,-42.84679632588234,34.686416682349204,-52.17101486792603
143.40788882555916,51.8168850296791,139.24865395755972,47.43772732915437,122.57548152615215,44.30413315820911,104.52110969776862,56.233776406703754,92.53447690666627,76.02633861234222,67.78984668534673,99.97418970455274,37.97457946837159,77.62374934293223,47.84711252200702,57.26250438397224,61.85355844826057,42.016237951731455,73.66084888317499,16.353232357985235,74.86869048046157,-2.1003600496306376,69.65359667455328,-22.833407127136866,51.75783332490073,-42.34313611840156,35.34843640898839,-51.68655166360304
144.22597724981966,51.639683167258,140.01701281262177,47.32909983143483,123.21332639004146,43.906425660107544,104.98344381876751,55.62116952131316,92.9959835575142,75.40274531478178,68.54841366924887,100.10159680515807,37.95045816121274,78.42117327057167,47.412202054046816,57.93753630389517,61.52926687804103,42.76085030244752,73.72585113029464,17.20925521392593,75.0829929333342,-1.238338081093218,70.08087896823196,-22.161478655443943,52.41085857173158,-41.83384775538667,36.01319458925917,-51.203981378525384
145.0427340125222,51.45813215632003,140.7865255554811,47.23074280128088,123.86044686040606,43.52238231531703,105.45057002032416,55.013545410716375,93.45104749868693,74.76658415070872,69.29480336902594,100.19889021811656,37.92930097960107,79.21921539367415,46.972017112528476,58.61011588114212,61.19075512674482,43.498781693586665,73.77765548509541,18.065501564453825,75.28620924190517,-0.3709288413273839,70.50203826309126,-21.47764517827494,53.056204538715576,-41.31873861600195,36.680704811670466,-50.723114059594934
145.85810225193956,51.27211214764955,141.55719437090266,47.14296400367863,124.51598838403999,43.152660969636145,105.92472880845827,54.41145676381319,93.89927163907208,74.11807948868517,70.04221810504959,100.26541796325708,37.91120146913977,80.01730426655095,46.52659193652909,59.280293489003554,60.831209776731214,44.229796314806805,73.81548860147046,18.92150839631796,75.47774058076521,0.501351138038558,70.91654698330575,-20.78148324626534,53.69330965531054,-40.79761607941168,37.35098066473137,-50.24375975371373
146.67202510634428,51.0815032920309,142.32902144365124,47.06607120361417,125.1798133768994,42.79791946886348,106.40816068918963,53.81545626950353,94.34025888755735,73.4574556972733,70.79153076634867,100.3005280604086,37.89625317543181,80.81486844351343,46.07596076512573,59.948119500769934,60.451160678639724,44.953658355765896,73.83857713331332,19.7768126962672,75.65698812450472,1.3779853253760734,71.32387755304995,-20.072569410050562,54.3216123509747,-40.270287524780144,38.02403573695085,-49.765728507783706
147.48444571400915,50.886185740248465,143.10200895849147,47.0003721660737,125.85178425494013,42.45881565879756,106.90310616853793,53.226096616687215,94.77361215303034,72.78493714503523,71.54272881410003,100.3035685294,37.88454964408038,81.61133647887289,45.62015783739554,60.613644289731724,60.0511376831094,45.67013200612186,73.84614166364582,20.63095145105052,75.8233530477143,2.2584571890567418,71.72350239649819,-19.350480220266036,54.94055105516594,-39.73656033127162,38.699883616837894,-49.28883036870684
148.29530721320685,50.68603964308656,143.8761591001882,46.94617465604327,126.5317634341182,42.13600738523701,107.41180575252298,52.643930494264055,95.19893434437876,72.10074820053308,72.2957997094806,100.27388739006017,37.8761844206885,82.40613692694069,45.159217392415655,61.27691822917933,59.63167064077987,46.37898145553268,73.82919283449695,21.483461647416902,75.97623652498447,3.1422501974521424,72.11489393782512,-18.61479222754724,55.54956419734236,-39.19624187805027,39.378537892901534,-48.812875383385006
149.1045536415449,50.480945151329564,144.6514740535062,46.903786438509,127.21961333038968,41.83015249398028,107.93649994716435,52.069510591133934,95.61582837049019,71.405113232329,73.05073091366745,100.21083266221805,37.87125105085937,83.19869834202817,44.69317366926316,61.93799169240327,59.193289402290304,47.07997089365625,73.78074264343849,22.33388027211521,76.11503973090595,4.028847818933798,72.49752460120516,-17.865081982529546,56.14809020696197,-38.64913954428039,40.060012153650746,-48.33767359872019
149.91216933793913,50.27078241576183,145.4279560032101,46.87351527845709,127.91519635971025,41.54190883082606,108.47942925848196,51.50338959619668,96.02389714025247,70.69825660898516,73.8075098878374,100.11375236570254,37.87009183805077,83.98844927844661,44.22206090701519,62.59691505269393,58.73652381828009,47.772864510150555,73.70171851267054,23.18174431189442,76.23916384006912,4.917733521873288,72.87086681081274,-17.10092603584843,56.735600361658896,-38.0950607091263,40.744319987594565,-47.86303506161437
150.71819390416312,50.055431587167675,146.2056071340648,46.855668940873585,128.61837493803608,41.271934241572865,109.03841890298833,50.94612019835219,96.42274356255308,69.98040269906363,74.5661240931675,99.98199452034257,37.89828643268078,84.77481829050737,43.74591334474883,63.253738683341794,58.26190373938863,48.457426494673484,73.5930478643931,24.026590753503513,76.34801002706462,5.808390774642135,73.23439299082241,-16.321900938139322,57.31472198809564,-37.53381275175224,41.43147498324191,-47.388769818969536
151.5226709136429,49.83477281633148,146.984429630835,46.85055519074464,129.3290114813231,41.02088657201921,109.60772883540386,50.39825508650026,96.81197054627972,69.25177587112663,75.32656099083437,99.81490714596703,37.971248115119636,85.55723393252171,43.26476522154127,63.90851295763727,57.7699590162552,49.13342103688302,73.45565812080616,24.867956583691296,76.44097946648304,6.700303045611918,73.58757556540849,-15.5275832400377,57.88742045568239,-36.965203051322476,42.12149072910188,-46.91468791768756
152.32564393980425,49.60868625403762,147.7644256782856,46.85848179305637,130.04696840552714,40.78942366796372,110.18715162608584,49.86034694954074,97.19118100032023,68.51260049373622,76.08880804201527,99.61183826240483,38.086665051970726,86.33512475880104,42.77865077646953,64.56128824887085,57.2612194995192,49.80061232643706,73.29047670410984,25.705378789206918,76.51747333291479,7.59295380315416,73.92988695874573,-14.717549492178932,58.45373434682011,-36.389038987001186,42.814380813683385,-46.440599404670365
153.12715655607343,49.37705205107039,148.5455974611811,46.8797565127949,130.77210812660434,40.578203375204964,110.77653628749778,49.332948476373474,97.55997783356196,67.76310093545459,76.85285270788694,99.3721358894849,38.24222540983743,87.10791932365669,42.28760424861076,65.21211493033297,56.736215039820024,50.458764552993614,73.098431036504,26.53839435679913,76.57689280095059,8.485826515640497,74.26079959500845,-13.8913762451985,59.013702243909904,-35.80512793795276,43.510158825495466,-45.96631432682
153.92725233587606,49.1397503582142,149.3279471642864,46.91468711494633,131.50429306051063,40.38788353954146,111.37573183210333,48.81661235589834,97.91796395489285,67.00350156484384,77.61868244962642,99.0951480470361,38.435617355323245,87.87504618139991,41.79165987704209,65.86104337531407,56.195475487796955,51.107641906210546,72.88044854018875,27.366540273217026,76.61863904518094,9.378404651442395,74.57978589837109,-13.048640049731773,59.56736272935285,-35.21327728334137,44.208838353047156,-45.49164273103838
154.72597485263844,48.896661326253394,150.11147697236635,46.96358136449683,132.24338562320185,40.219122006771784,111.98458727236635,48.31189127701518,98.2647422732004,66.23402675046614,78.38628472841054,98.78022275488743,38.66452905503144,88.63593388634206,41.29085190084061,66.50812395710463,55.639530694089274,51.74700857574584,72.6374566373641,28.189353525209413,76.6507305451542,10.270171678931433,74.88631829300817,-12.188917456414288,60.1147543855497,-34.61329440233129,44.91043298484743,-45.016394664227505
155.5233676797863,48.647665105972294,150.89618907018559,47.0267470264325,132.9892482306339,40.072576622694555,112.6029516207505,47.81933792862384,98.59991569737241,65.45490086088364,79.15564700541626,98.42670803286777,38.9266486755655,89.39001099279449,40.78521455908344,67.15340704899504,55.068910509336376,52.376628751257414,72.37038275023002,29.006371099525325,76.68159553822449,11.160611066479191,75.17986920309426,-11.311785015881412,60.65591579490143,-34.00498667408681,45.61495630940527,-44.540380173289236
156.3194743907457,48.39264184815525,151.68208564250887,47.10449186573945,133.74174329876297,39.948905233108235,113.23067388971953,47.339504999624154,98.92308713629637,64.66634826465841,79.9267567418205,98.03395190080596,39.219664383528766,90.13670605506852,40.27478209084768,67.7969430242758,54.48414478417766,52.996266622403226,72.08015430098675,29.817129982913684,76.71104994135652,12.049206282457192,75.45991105280376,-10.416819278768628,61.190885539809244,-33.3881614777722,46.322421915229654,-44.06340930512562
157.11433855894273,48.13147170358667,152.46916887410094,47.1971236474038,134.50073324354497,39.84876568381151,113.86760309173707,46.872945178915955,99.23385949886011,63.86859333035267,80.69960139880021,97.60130237853102,39.54126434552467,90.87544762747544,39.759588735210514,68.43878225623735,53.885763369252516,53.6056863788412,71.76769871183404,30.621167162123413,76.73890954175903,12.935440795237014,75.72591626631123,-9.50359679571136,61.719702202673886,-32.762626192551636,47.03284339082967,-43.58529210663852
157.9080037578031,47.864034823050844,153.25744094972669,47.30495013641169,135.26608048093573,39.77281582060283,114.51358823926677,46.42021115539913,99.53183569395111,63.06186042652848,81.47416843753234,97.12810748587177,39.889136728156586,91.6056642643266,39.23966873124897,69.07897511817012,53.274296115200116,54.20465221022931,71.43394340497201,31.41801962390349,76.76499012664073,13.81879807319018,75.97735726779098,-8.571694117344975,62.24240436589656,-32.12818819758951,47.74623432471424,-43.10583862472993
158.700513560753,47.59021135733215,154.04690405415084,47.428279097749254,136.03764742689117,39.72171348928083,115.1684783447725,45.98185561797351,99.81661863045719,62.246373921748045,82.25044531919372,96.61371524265718,40.260969698027964,92.32678451993334,38.71505631804018,69.71757198336459,52.65027287265997,54.79292830622546,71.07981580260076,32.207224355002836,76.78910748321033,14.69876158468827,76.21370648141766,-7.620687794305013,62.75903061187813,-31.484654872049987,48.46260830539239,-42.624858906301824
159.49191154121826,47.30988145721497,154.83756037213806,47.567418296402565,136.81529649736746,39.69611653564408,115.8321224207179,45.55843125553895,100.08781121726594,61.42235818457348,83.02841950496139,96.05747366871614,40.654451421742124,93.03823694860696,38.18578573466135,70.35462322511117,52.01422349227141,55.3702788564876,70.70624332692017,32.98831834217037,76.81107739867656,15.574814798102864,76.43443633136559,-6.6501543772268406,63.26961952301946,-30.83183359509735,49.18197892137317,-42.14216299825614
160.28224127262496,47.02292527348362,155.6294120884532,47.72267549735781,137.5988901083204,39.69668280549109,116.5043694795666,45.15049075699528,100.34501636326507,60.590037583566925,83.8080784560122,95.45873078387757,41.06727006590245,93.73945010465883,37.65189122018944,70.99017921670034,51.36667782467373,55.93646805067368,70.31415340013035,33.76083857215508,76.8307156602479,16.446441181805483,76.63901924180942,-5.659670416745939,63.77420968172174,-30.16953174589588,49.904359761165495,-41.6575609474948
161.07154632839894,46.729222956922456,156.4224613878609,47.894358465601044,138.38829067570606,39.7240701446205,117.1850685337825,44.75858681124237,100.58783697734219,59.7496364872905,84.58940963352308,94.81683460797038,41.49711379711243,94.42985254240023,37.1134070137017,71.62429033142254,50.7081657205062,56.49126007844163,69.90447344443129,34.52432203170582,76.8478380551332,17.31312420416765,76.82692763692359,-4.648812463497734,64.27283967038585,-29.49755670360986,50.629764413278394,-41.17086280091979
161.85987028196627,46.42865465831585,157.21671045512613,48.08277496611845,139.18336061548024,39.77893639883081,117.8740685958291,44.383272107180034,100.815875968385,58.90137926430634,85.37240049867108,94.13113316082345,41.941670781975404,95.10887281614248,36.57036735427516,72.25700694256824,50.03921703040834,57.03441912944939,69.4781308820231,35.27830570757169,76.86226037054104,18.174347333561002,76.99763394088251,-3.617157068117649,64.76554807141275,-28.815715847403453,51.35820646622085,-40.6818786054331
162.6472567067529,46.12110052844815,158.01216147501344,48.28823276389613,139.983962343599,39.861939413920595,118.57121867817028,44.02509933370817,101.02873624528121,58.045490283176605,86.15703851263294,93.40097446226574,42.3986291870948,95.77593948019697,36.02280648098696,72.88837942342784,49.360361605019364,57.565709393354894,69.03605313510565,36.02232658650149,76.87379839368026,19.029594038357004,77.15061057786073,-2.5642807812411093,65.25237346720343,-28.123816556441056,52.08969950850195,-40.19041840793659
163.43374917618468,45.80644071810369,158.8088166322877,48.51103962392017,140.78995827601835,39.97373703568843,119.27636779326957,43.68462117972658,101.2260207169183,57.18219391246345,86.94331113658569,92.62570653212615,42.865677179074,96.43048108887496,35.470758632914226,73.51845814729182,48.67212929497873,58.08489505981609,68.57916762587905,36.75592165524421,76.88226791175936,19.878347786927293,77.28532997203268,-1.489760153503596,65.73335444015896,-27.421666209886837,52.82425712863056,-39.69629225533231
164.21939126368778,45.48455537806686,159.60667811171362,48.75150331117675,141.60121082869404,40.11498710993288,119.98936495359072,43.36239033413514,101.4073322921841,56.31171452072897,87.73120583170629,91.80467739023356,43.34050292451633,97.0719261964878,34.91425804913405,74.14729348745064,47.975049950925666,58.591740318490935,68.1084017765433,37.47862790054876,76.88748471198716,20.720092047643334,77.40126454757291,-0.39317173554047713,66.20852957268022,-26.70907218690502,53.561892915115834,-39.19931019452213
165.00422654268806,45.15532465912196,160.405748098056,49.009931590651945,142.4175824175823,40.28634748245253,120.7100591715976,43.05895948583367,101.57227387996619,55.4342764765353,88.52071005917156,90.93723505641691,43.82079459002529,97.6997033573468,34.35333896872356,74.77493581719472,47.26965342349962,59.08600935903735,67.6246830092984,38.18998230916418,76.88926458157226,21.554310288876763,77.49788672865583,0.725907922012766,66.67793744716818,-25.985841866659996,54.30262045646663,-38.69928227240803
