1,,2,,3,,4,,5,,6,,7,,8,,9,,10,,11,,12,,13,,14,,15,
200.9805579036348,-31.216156427238843,185.2916314454775,-19.38183690061163,164.12510566356707,-3.219537661389211,142.7557058326289,-5.5187768837054705,127.94590025359264,-15.662479335100102,111.78360101437033,-27.15867544668089,98.12341504649191,-36.693755750991954,83.38123415046499,-42.50947848979166,66.0016906170751,-45.95833732326588,54.640743871512996,-49.474820839749384,41.58918005071848,-49.27194679072153,28.334742180896,-51.23306259799125,18.66441251056642,-52.179808160121354,8.520710059171506,-56.64303723873496,0,-56.84591128776293
201.1803990955175,-30.440161163801406,185.99387643583964,-18.987885868582055,164.99560576312558,-3.222686976374405,143.51821406238844,-5.065918049088452,128.61111789378072,-15.383567603645815,112.512205390335,-26.783581992870154,98.8215961125839,-36.33455502729157,84.16764445669321,-42.20708160560821,66.83232820713027,-45.68442629328064,55.49383907728901,-49.31893689217918,42.446875051487666,-49.1833966601323,29.248335038941036,-51.43008037479433,19.49392349704698,-51.93872972463845,9.347300521350462,-56.301150525643095,0.8342481829299686,-56.63542439849107
201.37926496558248,-29.663591497675725,186.69029192979326,-18.585294700577663,165.8632455818282,-3.219139517153849,144.2822263115729,-4.621321729103613,129.27713359005236,-15.094950166509193,113.24017367625976,-26.401409525001384,99.51925630425382,-35.96759821312571,84.95208210556888,-41.89850196346197,67.66108955301621,-45.410089257873835,56.34491844519164,-49.161649425404676,43.30334564780276,-49.09802955118255,30.159451160524668,-51.6185227006726,20.323394624757327,-51.71326184607153,10.173950631526793,-55.97845140712366,1.6683916266489405,-56.43840979382907
201.5771049171732,-28.8864539875172,187.3807433276438,-18.17416189248928,166.72802147610037,-3.208853385084524,145.04774321068487,-4.184900498094464,129.9439432795383,-14.79691108553294,113.9675094612598,-26.012331408351486,100.21639616130125,-35.59303583554669,85.73453101274902,-41.583808592124626,68.48795908432385,-45.13523872248368,57.1939693157027,-49.0028699103172,44.15858482756505,-49.01564056885849,31.06809512975599,-51.7984194255755,21.15282601221878,-51.5030274704136,11.000660379036788,-55.67451657816309,2.5024302977793695,-56.254572805009616
201.7738683536328,-28.10875519198123,188.0650960296971,-17.754585940207562,167.58992980236758,-3.191786681523581,145.8147653902265,-3.756566930404233,130.61154289936906,-14.489734422559991,114.69421633445035,-25.616521008197253,100.91301622352557,-35.21101842160692,86.51497509389071,-41.26307052036782,69.31292123064384,-44.85978719254814,58.0409790293042,-48.84250981780792,45.012585578675896,-48.93602481814639,31.974271530744147,-51.969800399452424,21.982217777952542,-51.30764954365782,11.827429753216734,-55.38892273374779,3.336364162943539,-56.08361876326546
201.96950467830436,-27.330501669723333,188.74321543625854,-17.326665339623332,168.44896691705515,-3.167897507828002,146.58329348070015,-3.336233600376545,131.27992838667535,-14.17370423943305,115.4202978849467,-25.21415168981548,101.60911703072634,-34.821696498358676,87.29339826465093,-40.93635677696335,70.135960421567,-44.58364717350531,58.885934926478,-48.68048061876817,45.86534088903653,-48.85897740403249,32.877984947598236,-52.13269547225269,22.811570040479864,-51.12675101179735,12.65425874340292,-55.121246568864194,4.170193188763903,-55.925252999829354
202.1639632945313,-26.551699979398904,189.41496694763373,-16.89049858662736,169.30512917658825,-3.1371439653548805,147.3533281126081,-2.923813082354627,131.94909567858758,-13.849104597994938,116.145757701864,-24.80539681848302,102.30469912270291,-34.42522059285443,88.0697844406867,-40.60373639068291,70.95706108668418,-44.30673117079334,59.728824347705995,-48.51669378408917,46.71684374654836,-48.78429343150299,33.779239964427404,-52.287134493925805,23.640882918322006,-50.95995482082532,13.481147338931692,-54.87106477849869,5.003917341862859,-55.779180845934036
202.3571936056569,-25.772356679663346,190.08021596412834,-16.446184177110354,170.15841293739254,-3.0994841554613117,148.12486991645267,-2.519217950681991,132.61904071223648,-13.516219560088416,116.87059937431746,-24.390429759476604,102.9997630392549,-34.02174123214644,88.84411753765505,-40.265278390298135,71.77620765558612,-44.02895168985026,60.56963463347017,-48.35106078466225,47.56708713911269,-48.71176800554417,34.67804116534069,-52.43314731442109,24.470156530000168,-50.80688391673476,14.30809552913928,-54.63795405763767,5.837536588862747,-55.64510763281231
202.54914501502424,-24.992478329172172,190.73882788604794,-15.993820606963084,171.0088145558933,-3.05487617950439,148.8979195227363,-2.122360779702035,133.28975942475267,-13.175333187556419,117.5948264914224,-23.969423878073144,103.69430932018173,-33.611408943287074,89.616381471213,-39.92105180458083,72.5933845578636,-43.75022123611416,61.40835312425236,-48.18349309137858,48.416064054630795,-48.64119623114226,35.57439313444735,-52.57076378368794,25.299390994035605,-50.667161245518855,15.13510330336203,-54.42149110126752,6.671050896386021,-55.52273869169676
202.7397669259766,-24.212071486580783,191.3906681136981,-15.53350637207626,171.85633038851586,-3.0032781388411536,149.67247756196105,-1.7331541437582132,133.96124775326666,-12.826729542241594,118.31844264229397,-23.542552539549376,104.38833850528277,-33.19437425332876,90.38656015701753,-39.57112566230262,73.4085762231075,-43.47045231502307,62.24496716053454,-48.01390217512949,49.263767481004095,-48.57237321328347,36.468300455856365,-52.700013751675726,26.12858642894963,-50.54040975317071,15.96217065093623,-54.22125260437474,7.5044602310549635,-55.41177935382029
202.92900874185716,-23.431142710544577,192.0356020473845,-15.065339968340766,172.7009567916857,-2.9446481348286397,150.4485446646296,-1.35151061719381,134.63350163490895,-12.470692685986876,119.04145141604744,-23.10998910918221,105.08185113435769,-32.77078768932381,91.1546375107257,-39.215568992235205,74.22176708090848,-43.189557432015135,63.07946408279855,-47.842199506806196,50.110190406133825,-48.50509405695408,37.359767713676945,-52.8209270683339,26.95774295326339,-50.42625238568348,16.789297561198225,-54.03681526194566,8.337764559491973,-55.311934950415605
203.11681986600934,-22.64969855971907,192.67349508741256,-14.589419891647196,173.54269012182817,-2.878944268824,151.2261214612439,-0.9773427743523939,135.3065170068104,-12.10750668063497,119.76385640179802,-22.67190695224832,105.7748477472058,-32.34079977832454,91.92059744799457,-38.85445082315039,75.03294156085741,-42.90744909252845,63.911831231526435,-47.66829655729998,50.95532581792128,-48.43915386714036,38.24879949201818,-52.93353358361185,27.786860685498198,-50.32431208905024,17.61648402348419,-53.86775576896673,9.170963848319502,-55.22291081271533
203.3031497017762,-21.867745592759718,193.30421263408812,-14.105844637886378,174.38152673536854,-2.8061246421842156,152.00520858230652,-0.610563189577249,135.98028980610138,-11.737455588028752,120.48566118866097,-22.228479434024678,106.46732888362664,-31.904561047383368,92.68442388448102,-38.48784018381974,75.84208409254506,-42.62403980200099,64.74205594719996,-47.49210479750212,51.79916670426786,-48.374347748828484,39.13540037498916,-53.037863147458836,28.61593974417525,-50.23421180926414,18.443730027130528,-53.71365082042428,10.004058064159892,-55.144412271952376
203.48794765250102,-21.085290368321807,193.9276200877165,-13.614712702949078,175.21746298873222,-2.726147356266438,152.78580665831976,-0.25108443721182994,136.65481596991265,-11.360823470010985,121.20686936575146,-21.77987991978796,107.15929508341964,-31.46222202355267,93.44610073584226,-38.115806103015075,76.64917910556227,-42.33924206587096,65.57012557030117,-47.313535698303895,52.64170605307481,-48.310470807004776,40.01957494669904,-53.13394560982442,29.444980247815806,-50.155574492318294,19.271035561473525,-53.5740771113048,10.83704717363554,-55.076144659359386
203.671163121527,-20.302339445060966,194.54358284860348,-13.116122582726064,176.05049523834475,-2.6389705124277043,153.5679163197858,0.1011809084004085,137.3300914353747,-10.977894388424431,121.92748452218473,-21.326281774815072,107.85074688638434,-31.0139332338847,94.20561191773515,-37.738417609508076,77.45421102949973,-42.052968389576336,66.3960274413119,-47.13250073059646,53.48293685224354,-48.247318146655346,40.90132779125696,-53.221810820657936,30.273982314941122,-50.088023084205815,20.09840061584947,-53.44861133659464,11.669931143368842,-55.0178133061691
203.85274551219743,-19.51889938163248,195.15196631705453,-12.610172773108047,176.8806198406313,-2.544552212025053,154.351538197207,0.44632027291606846,138.00611213961804,-10.588952405111968,122.64751024707607,-20.867858364382755,108.54168483232019,-30.55984520543194,94.96294134581677,-37.35574373207044,78.25716429394828,-41.76513127855526,67.21974890071408,-46.948911365271215,54.32285208967534,-48.18468487276658,41.780663492771964,-53.301488629908704,31.1029460640724,-50.03118053091987,20.925825179594653,-53.336830191280285,12.502709939982083,-54.96912354361433
204.0326442278556,-18.73497673669192,195.75263589337533,-12.096961769985796,177.70783315201732,-2.4428505564155785,155.13667292108585,0.7844210819917521,138.68287401977352,-10.194281581916357,123.36695012954061,-20.404783053767915,109.2321094610266,-30.100108465246706,95.71807293574415,-36.967853499473904,79.05802332849873,-41.47564323824582,68.04127728898965,-46.762679073219374,55.161444753271496,-48.12236609032459,42.6575866353532,-53.37300888752617,31.931871613730948,-49.98466977845351,21.75330924204536,-53.238310370348074,13.335383530097829,-54.9297807029277
204.21080867184457,-17.95057806889463,196.34545697787155,-11.576588069250022,178.5321315289283,-2.3338236469563753,155.92332112192446,1.1155707612840615,139.36037301297142,-9.794165980680418,124.0858077586937,-19.937229208247288,109.92202131230312,-29.634873540381307,96.4709906031743,-36.574815940490055,79.85677256274181,-41.18441677408606,68.86059994662054,-46.57371532533216,55.99870783093331,-48.060156904315704,43.53210180310981,-53.436401443459715,32.760759082437914,-49.9481137727999,22.58085279253794,-53.152628568784394,14.16795188033825,-54.899490115342076
204.38718824750777,-17.165709936896008,196.93029497084854,-11.049150166791549,179.35351132778942,-2.2174295850044246,156.71148343022514,1.4398567364495989,140.0386050563426,-9.388889663246914,124.80408672365036,-19.465370193097726,110.61142092594923,-29.164290957888113,97.2216782637642,-36.17670008389075,80.65339642626839,-40.89136439151406,69.67770421408858,-46.381931592500905,56.834634310562194,-47.997852419726144,44.404213580150895,-53.491696147658786,33.58960858871467,-49.921135459952154,23.40845582040862,-53.079361481575745,15.000414957325916,-54.877957112090144
204.56173235818835,-16.380378899351626,197.50701527261208,-10.514746558501145,180.17196890502623,-2.0936264719169344,157.50116047649044,1.7573664331449095,140.71756608701753,-8.978736691458721,125.52179061352604,-18.989379373596023,111.30030884176438,-28.68851124481955,97.97011983317094,-35.773574958447625,81.44787934866923,-40.596398595967855,70.49257743187576,-46.187239345616774,57.66921718005938,-47.935247741542184,45.2739265505856,-53.53892285007271,34.41842025108235,-49.90335778590338,24.23611831499369,-53.01808580370846,15.832772727683107,-54.86488702440465
204.7343904072295,-15.594591514916885,198.07548328346775,-9.973475740269464,180.98750061706414,-1.9623724090508858,158.29235289122244,2.0681872770265386,141.39725204212687,-8.563991127158545,126.23892301743592,-18.509430115018972,111.98868559954798,-28.207684928227877,98.71629922705148,-35.36550959293237,82.24020575953512,-40.29943189288565,71.30520694046396,-45.9895500555711,58.50244942732621,-47.87213797474999,46.14124529852302,-53.57811140065087,35.24719418806228,-49.89440369664669,25.06384026562955,-52.96837823016892,16.665025158032222,-54.85998518351829
204.90511179797443,-14.808354342247128,198.6355644037211,-9.425436207987332,181.80010282032833,-1.8236254977633735,159.08506130492356,2.372406693751202,142.07765885880121,-8.144937032189262,126.9554875244952,-18.02569578264348,112.67655173909958,-27.721962535165574,99.4602003610629,-34.95257301611673,83.0303600884568,-40.00037678770542,72.11558008033512,-45.78877519325516,59.33432404026405,-47.808318224335835,47.00617440807224,-53.60929164934265,36.075930518175596,-49.89389613817525,25.891621661652437,-52.92981545594364,17.497172214995658,-54.86295692066392
205.0738459337665,-14.021673939997925,199.18712403367772,-8.870726457545516,182.60977187124422,-1.677343839411435,159.87928634809612,2.6701121089753883,142.75878247417097,-7.721858468393691,127.67148772381893,-17.538349741746288,113.36390780021867,-27.23149459268484,100.20180715086218,-34.5348342567724,83.81832676502512,-39.699145785865255,72.92368419197112,-45.58482622956018,60.164834006774186,-47.74358359528594,47.868718463342475,-53.632493446097556,36.90462935994361,-49.90145805648211,26.719462492398634,-52.90197417601894,18.32921386519581,-54.87350756707417
205.24054221794893,-13.234556866824619,199.73002757364327,-8.309444984834727,183.41650412623733,-1.5234855353521652,160.67502865124243,2.9613909483556995,143.44061882536698,-7.295039497614539,128.38692720452264,-17.047565357604185,114.05075432270462,-26.736431627838215,100.94110351210628,-34.112362343671066,84.60409021883083,-39.3956513928033,73.72950661585395,-45.37761463537743,60.99397231475791,-47.67772919258658,48.7288820484427,-53.647746640864796,37.73329083188759,-49.9167123975605,27.547362747204488,-52.884431085381266,19.161150075255023,-54.89134245398185
205.40515005386487,-12.447009681382667,200.2641404239232,-7.741690285745733,184.22029594173296,-1.3620086869426586,161.4722888448648,3.2463306375487377,144.12316384951976,-6.8647641816947385,129.1018095557214,-16.55351599549408,114.73709184635703,-26.2369241676779,101.67807336045234,-33.68522630558442,85.38763487946477,-39.089806113957536,74.53303469246544,-45.16705188159813,61.82173195211658,-47.61055012122404,49.586669747482176,-53.65508108359393,38.561915052528775,-49.93928210740347,28.37532241540623,-52.87676287901701,19.992980811795746,-54.916166912619644
205.56761884485752,-11.659038942327527,200.78932798482322,-7.167560856169246,185.02114367415652,-1.192871395539953,162.27106755946545,3.525018602211105,144.8064134837599,-6.431316582476995,129.81613836653037,-16.056375020692712,115.42292091097528,-25.733122739256316,102.41270061155734,-33.253495171284214,86.1689451765177,-38.781522454766105,75.33425576228751,-44.95304943911361,62.64810590675154,-47.54184148618447,50.442086144569885,-53.65452662423422,39.39050214038832,-49.96879013200413,29.203341486340207,-52.87854625191255,20.824706041440265,-54.94768627422036
205.72789799427028,-10.870651208314655,201.30545565664897,-6.587155191996089,185.81904367993332,-1.016031762501143,163.0713654255469,3.797542267999404,145.49036366521784,-5.994980761804072,130.52991722606498,-15.556315798476874,116.1082420563589,-25.22517786962584,103.14496918107824,-32.817237969542134,86.94800553958038,-38.4707129206671,76.13315716580217,-44.735518778815106,63.47308716656403,-47.47139839245415,51.29513582381509,-53.64611311273512,40.21905221398754,-50.00485941735565,30.031419949342705,-52.889357899054346,21.656325730811034,-54.985605870016684
205.88593690544621,-10.081853037999451,201.81238883970582,-6.000571789117032,186.61399231548876,-0.8314478891832664,163.87318307361136,4.0639890605701225,146.1750103310245,-5.556040781518902,131.2431497234403,-15.053511694123472,116.79305582230734,-24.713240085838834,103.87486298467212,-32.37652372912993,87.72480039824364,-38.1572900170986,76.92972624349119,-44.51437137159394,64.29666871945545,-47.3990159450193,52.14582336932682,-53.62987039904607,41.047565391847684,-50.04711290945107,30.859557793750014,-52.908774515428775,22.48783984653045,-55.029631031241365
206.04168498172874,-9.292650990037373,202.30999293429966,-5.407909143422728,187.40598593724826,-0.6390778769434178,164.67652113416125,4.32444640557992,146.8603494183102,-5.1147807034641914,131.9558394477716,-14.548136072909244,117.47736274862007,-24.197459914947558,104.60236593799596,-31.93142147881923,88.49931418209826,-37.8411662494986,77.7239503358366,-44.289518688341275,65.11884355332711,-47.3244892488662,52.99415336521423,-53.605828333116335,41.876041792490014,-50.095173554283576,31.687755008898478,-52.93637279602228,23.319248355220793,-55.079467089127206
206.1950916264609,-8.503051623083877,202.79813334073583,-4.809265750804002,188.19502090163712,-0.43887982713863494,165.48138023769866,4.579001728685455,147.54637686420563,-4.671484589482816,132.6679899881741,-14.040362300111042,118.16116337509652,-23.677987884004494,105.32746195670677,-31.48200024738179,89.27153132073505,-37.52225412330529,78.5158167833203,-44.06087219994839,65.93960465608029,-47.24761340898107,53.84013039558636,-53.57401676489542,42.70448153443567,-50.148664297846324,32.51601158412433,-52.9717294358212,24.15055122350458,-55.13481937490684
206.34610624298602,-7.7130614957943635,203.27667545932002,-4.204740107151622,188.98109356508087,-0.2308118411260125,166.28776101472613,4.827742455543159,148.23308860584132,-4.226436501417481,133.37960493376295,-13.530363741005658,118.84445824153624,-23.154974520061955,106.05013495646165,-31.02832906358924,90.04143624374478,-37.2004661439567,79.30531292642416,-43.82834337730657,66.75894501561629,-47.16818353035012,54.68375904455246,-53.53446554433265,43.53288473620597,-50.20720808613237,33.34432750876391,-53.01442112981198,24.981748418004145,-55.19539321981313
206.49467823464727,-6.922687166824289,203.7454846903579,-3.594430708356299,189.7642002840047,-0.014832020262645074,167.09566409574586,5.070756011809749,148.920480580348,-3.7799205011110644,134.09068787365356,-13.018313760869887,119.52724788773872,-22.62857035017231,106.77036885291756,-30.57047695621344,90.80901338071823,-36.87571481689088,80.09242610563012,-43.59184369130713,67.57685761983657,-47.085994717959636,55.52504389622152,-53.48720452137741,44.36125151632217,-50.27042786513482,34.172702772153514,-53.064024572981054,25.812839905341832,-55.26089395507876
206.64075700478804,-6.131935194829111,204.20442643415493,-2.978436050308801,190.5443374148341,0.20910153409442955,167.90509011126017,5.308129823141712,149.60854872485618,-3.3322206504063274,134.80124239696102,-12.504385724980636,120.20953285350333,-22.098925901387872,107.48814756173152,-30.10851295402597,91.5742471612462,-36.54791264754596,80.87714366142012,-43.351284612841255,68.39333545664226,-47.00084207679589,56.36398953470274,-53.43226354597914,45.18958199330547,-50.3379465808469,35.00113736362937,-53.12011646031482,26.643825652140094,-55.331026911936476
206.78429195675142,-5.34081213846423,204.65336609101678,-2.356854628899839,191.32150131399442,0.44103072058811676,168.71603969177147,5.539951315195765,150.29728897649647,-2.883621011146147,135.5112720928006,-11.988752998614586,120.89131367862961,-21.56619170076101,108.20345499856052,-29.642506085798573,92.33712201491949,-36.216972141359975,81.65945293427598,-43.10657761280021,69.20837151393482,-46.91252071184505,57.200600544105214,-53.369672468087174,46.017876285677175,-50.409387179261614,35.82963127252788,-53.18227348679966,27.474705625021215,-55.405497421618975
206.92523249388069,-4.549324556385102,205.09216906124914,-1.729784940020238,192.09568833791104,0.6809974378613788,169.52851346778198,5.766307913628339,150.9866972723994,-2.4344056451732285,136.2207805502875,-11.471588947048645,121.57259090291706,-21.030518275344093,108.91627507906168,-29.172525380302943,93.09762237132884,-35.88280580377102,82.43934126467974,-42.85763416207533,70.02195877961549,-46.82082572809338,58.034881508538035,-53.29946113765095,46.84613451195844,-50.48437260637212,36.65818448818527,-53.25007234742196,28.30547979060765,-55.484010815359056
207.06352801951903,-3.7574790072471274,205.52070074515734,-1.0973254795607659,192.8668948430094,0.929043584557121,170.34288813027683,5.987287044096149,151.67676954969568,-1.984858614330392,136.92977135853698,-10.953066935559661,122.25336506616509,-20.49205615218949,109.62659171889192,-28.69863986631077,93.85573266006509,-35.545326140217185,83.21679599311324,-42.60436573155778,70.83409024158567,-46.725552230527114,58.86683701211035,-53.22165940461986,47.67435679067057,-50.562525808171586,37.486796999937894,-53.323089737168175,29.136113031252705,-55.56627242438947
207.19912793700973,-2.965282049705877,205.93882654304718,-0.4595747434120767,193.63511718571488,1.1852110593182488,171.16035367249128,6.202976132255742,152.36750174551582,-1.5352639804605133,137.63824810666426,-10.433360329424318,122.9336367081732,-19.950955858349573,110.33438883370826,-28.220918572593803,94.61143731071905,-35.204445656136556,83.9918044600584,-42.34668379213889,71.6447588877466,-46.62649532413252,59.696471638931314,-53.136297118943276,48.50254324033483,-50.64346973065307,38.31546956087516,-53.40090235102468,29.96655594720363,-55.6519875799429
207.3319816496961,-2.172740242416637,206.3494398250764,0.18336877253494777,194.40035172245268,1.4495417607877812,171.98087437953393,6.413462603763662,153.05888979699057,-1.0859058054062984,138.3462143837845,-9.91264249391952,123.61340636874081,-19.407367920876652,111.03965033916779,-27.73943052792373,95.36472075288145,-34.860076856967225,84.76435400599718,-42.08449981470994,72.45395770599964,-46.52345011389582,60.523789973109956,-53.04340413057059,49.330693979472414,-50.72682731980973,39.14455174838946,-53.48308688397793,30.796816092564313,-55.74086161325215
207.4620385609212,-1.3798601440349216,206.7663993913162,0.8314065723897102,195.16282412977455,1.7220775876085668,172.80431152016092,6.618833884276569,153.7509296412502,-0.6370681510106238,139.05367377901314,-9.391086794322064,124.29267458766753,-18.861442866823154,111.74236015092748,-27.2542447610723,96.11556741614311,-34.512132248147225,85.53443197141144,-41.8177252701621,73.26167968424613,-46.41621170480323,61.34879659875543,-52.943010289451195,50.158809126604524,-50.81222152163468,39.97429524561602,-53.56922003101431,31.626901651652304,-55.832599855549915
207.58924807402843,-0.5866483132161306,207.19027856066464,1.4844401602613289,195.92695367173246,2.0028604384235678,173.63052636312818,6.81917739945095,154.44361721542566,-0.18903507911625184,139.7606298814651,-8.868866595908798,124.97144190475274,-18.313331223241335,112.44250218464435,-26.765430300811147,96.86396173009484,-34.1605243351147,86.30202569678312,-41.546271629386695,74.06791781038737,-46.30457520184109,62.171496099976935,-52.835145445534465,50.98688880025253,-50.89927528212104,40.80464488022142,-53.658878487120205,32.456820808785324,-55.926907638069
207.71355959236098,0.20688869138422206,207.61972061952872,2.1423710402590928,196.69398376097104,2.2919322118756895,174.45938017719197,7.014580574943523,155.13694845664736,0.2579093484339978,140.4670862802559,-8.346155263956462,125.64970885979596,-17.763183517183677,113.14006035597549,-26.273056175912018,97.60988812432743,-33.80516562330763,87.0671225225941,-41.270050363275004,74.87266507232465,-46.1883357099955,62.991893060883456,-52.71983944876979,51.814933118937574,-50.987611547261906,41.63554547987229,-53.751638947282004,33.28658174828098,-56.023490292042084
207.8349225192619,1.0007443111107932,208.05336885431507,2.805100716492234,197.4633141169079,2.5893348066078943,175.29073423110822,7.205130836410774,155.8309193020459,0.7034810697973057,141.17292700404448,-7.823126163741961,126.32747599259653,-17.211150275702437,113.83501858057781,-25.777191415146547,98.35463206263432,-33.44596861816416,87.82970978932639,-40.988972942718306,75.67591445795932,-46.067288334252794,63.8099920655842,-52.59712214910655,52.642942201180915,-51.07685326305045,42.466941872235054,-53.84707810648615,34.116192654456825,-56.12205314870192
207.95328625807474,1.794911987308069,208.48986655143074,3.4725306930700413,198.2343444589609,2.8951101212630874,176.12444979363295,7.390915609509307,156.52552568875183,1.1473960231309093,141.87560067171694,-7.299952660542033,127.0047438429541,-16.657382025849984,114.52736077410839,-25.277905047286595,99.09969007341982,-33.08284582512238,88.58977483746179,-40.70295083860776,76.47929441693543,-45.94122817959925,64.62579769818825,-52.4670233964942,53.47091616550381,-51.16662337547979,43.2987788849764,-53.94477265971909,34.945661711630635,-56.22230153928126
208.06860021214254,2.5893851613206493,208.92785699728233,4.14456247410169,199.00647450654753,3.209300054484231,176.96038813352254,7.57202231989578,157.22063698520424,1.589370146591989,142.57436530622158,-6.776808119633529,127.68151295066798,-16.102029294678744,115.2170708522242,-24.77526610110374,99.84490862163278,-32.71570974962037,89.3477339673392,-40.41189552183471,77.28788042271452,-45.80995035102097,65.43931454280477,-52.32957304088211,54.298855130427455,-51.256544830542964,44.13100134576274,-54.0442993019671,35.774997104119905,-56.32394079501279
208.1808137848085,3.384157274493134,209.3659834782768,4.821097563696469,199.77910397908556,3.531946504914174,177.7984105195327,7.748538393226681,157.9154567064112,2.0291193783377253,143.26960487082488,-6.253865906293186,128.35778385553783,-15.54524260924103,115.90413273058232,-24.26934360536967,100.59012987630388,-32.344472897096125,90.10644619307612,-40.11571846329042,78.10161703141449,-45.673249953504296,66.25054718354284,-52.184800932219616,55.126759214473225,-51.34624057423321,44.96355408226077,-54.145234728216735,36.604207016242356,-56.426676247129365
208.289876379416,4.1792217681700095,209.80288928082086,5.502037465963667,200.5516325959926,3.863091371195935,178.63837822041978,7.920551255158671,158.6099396924394,2.4663596565253556,143.961703328794,-5.731299385797968,129.03355709736297,-14.987172496589153,116.58800463410569,-23.760206588856192,101.33519600646378,-31.969047772987835,90.86625142094078,-39.81433113386612,78.9200351360073,-45.530922092035496,67.05950020451155,-52.03273692045616,55.954628536162204,-51.43533355254357,45.7963819221369,-54.24715563345433,37.43329963231554,-56.53021322686368
208.39573739930825,4.9745720836958185,210.23721769132135,6.18728368501246,201.32346007668627,4.20277655197242,179.48015250493972,8.088148331348293,159.30419863479574,2.9008069193120605,144.6510446433956,-5.209281923424555,129.70883321594295,-14.427969483775541,117.26722694849042,-23.247924080334997,102.07994918114315,-31.589346882733537,91.62691909933204,-39.50764500445308,79.74266562946491,-45.382761871600735,67.86617818982006,-51.873410855541124,56.782463214015706,-51.523446711467216,46.62942969305777,-54.34963871266632,38.262283136657175,-56.63425706544848
208.4983462478283,5.770201662415218,210.6676119961851,6.876737724952136,202.0939861405842,4.5510439458865335,180.32359464184856,8.251417047452207,159.99834622498668,3.3321771048550204,145.33801277789655,-4.687986884449856,130.38361275107718,-13.867784097852564,117.9418773798584,-22.732565108577717,102.82423156937267,-31.20528273177132,92.38821867664876,-39.195571545942585,80.56903940475922,-45.22856439718623,68.67058572357746,-51.706852587423896,57.610263366555046,-51.6102029969972,47.46264222268991,-54.4522606608391,39.091165713584815,-56.738513094116456
208.59765232831955,6.566103945672694,211.0927154818188,7.570301089891927,202.86261050710414,4.907935451581238,181.16856589990255,8.410444829126902,160.69249515451895,3.760186151311416,146.02299169556375,-4.167587634150607,131.05789624256522,-13.306766865872476,118.61213568759797,-22.2141987023561,103.5678853401829,-30.816767825539216,93.14991960128981,-38.878022229225905,81.39868735486226,-45.06812477377832,69.4727273898929,-51.5330919660538,58.438994188052845,-51.695225355126695,48.29596433869983,-54.55459817295906,39.91995554741612,-56.842686644100354
208.69360623541434,7.3622723748128465,211.51117143462955,8.267875283941066,203.6287328956637,5.27349296769944,182.0149275478575,8.56531910202898,161.3867581148993,4.184549996838484,146.706365359664,-3.6482575378037154,131.7316842302065,-12.74506831488776,119.27818163109748,-21.692893890441837,104.31075266260461,-30.423714669475373,93.91179132165394,-38.55490852519421,82.23114037274598,-44.90123810636322,70.27260777287552,-51.352158841380344,59.271646493679214,-51.77813673184886,49.129340868754184,-54.656227944012585,40.748660822468764,-56.946483046633034
208.78695350144324,8.158700391180219,211.92162314102393,8.969361811208785,204.3917530256805,5.6477583928841,182.86254085446978,8.716127291815098,162.0812477976342,4.604984579593463,147.38851773346425,-3.130169960685862,132.40482960507052,-12.182838971950673,119.94019496974539,-21.168719701606676,105.05267570566843,-30.026035769017824,94.67360328614006,-38.22614190473888,83.0659293513823,-44.7276994999271,71.07023145663436,-51.16408306335285,60.10813874294644,-51.858560073156696,49.962716640519375,-54.75672666898612,41.57728972306029,-57.04960763294707
208.8783942758655,8.95538143611941,212.32271388740878,9.674662175804372,205.15107061657227,6.030773625778124,183.71126708849533,8.862956824141804,162.77607689423053,5.021205837733476,148.06983278023108,-2.613498268074011,133.0749974412604,-11.62022936411364,120.59835546293004,-20.641745164622307,105.79349663840503,-29.623643629604658,95.43512494314706,-37.89163383875109,83.90258518374321,-44.54730405945628,71.86560302527857,-50.9688944819207,60.94814056342938,-51.93611832504348,50.7960364816621,-54.855671042866106,42.40585043350842,-57.15176573427533
208.9679805012255,9.752308950974907,212.71308696019094,10.383677881837116,205.90608538775655,6.422580565024418,184.56096751869018,9.005895124665642,163.47135809619476,5.432929709415703,148.75069446323164,-2.0984158252448424,133.74155518416273,-11.057390018428976,121.25284287003984,-20.112039308260364,106.53305762984496,-29.216450756673964,96.19612574107373,-37.55129579812217,84.74063876280064,-44.35984688993699,72.65872706291731,-50.76662294703334,61.79132158270295,-52.01043443350221,51.629245219848826,-54.95263776063888,43.23435113813076,-57.25266268185055
209.05576412006747,10.549476377091366,213.09138564577722,11.096310433416136,206.65619705865106,6.823221109265944,185.41150341381035,9.145029619043328,164.16720409503364,5.8398721327974386,149.4314867457325,-1.585095997475264,134.40473051983236,-10.494471461949104,121.90383695046307,-19.57967116129265,107.27120084901901,-28.804369655663777,96.95637512831894,-37.205039253743394,85.57962098152655,-44.165123096355444,73.44960815365965,-50.5572983086401,62.637351428342015,-52.08113134452606,52.46228768274608,-55.04720351729094,44.062800021244925,-57.35200380690537
209.141797074936,11.346877155813274,213.45625323057448,11.812461334650777,207.40080534867354,7.232737157145607,186.26273604261212,9.280447732931293,164.86372758225377,6.24174904603575,150.11259359100075,-1.0737121500420699,135.06475113432384,-9.931624221726281,122.55151746358825,-19.04470975249086,108.00776846495779,-28.387312832012242,97.7156425532815,-36.85277567650593,86.41906273289288,-43.962927783697864,74.2382508816147,-50.34095041669042,63.485899727921435,-52.147832004108125,53.2951086980205,-55.13894500780856,44.891205267168516,-57.44949444067265
209.22613130837533,12.144504728485174,213.80633300098953,12.532032089650272,208.1393099772414,7.651170607306369,187.1145266738514,9.412236891986197,165.5610412493619,6.638276387287988,150.79439896230303,-0.5644376482220537,135.721844713692,-9.36899882481299,123.19606416880367,-18.507224110626623,108.74260264669192,-27.96519279115745,98.47369746436033,-36.494416537301106,87.25849490987162,-43.753056056950584,75.02465983089166,-50.117609121133626,64.33663610901618,-52.210159358241526,54.12765309333855,-55.22743892717824,45.7195750602192,-57.54483991438502
209.30881876292983,12.942352536451722,214.1402682434291,13.254924202523796,208.87111066377258,8.078563358391136,187.96673657628435,9.540484521864641,166.25925778786473,7.029170094711219,151.4772868229063,-0.05744585729200935,136.37623894399155,-8.806745798261431,123.83765682549779,-17.967283264471746,109.47554556325213,-27.537922038537374,99.23030930995424,-36.12987330702015,88.09744840543476,-43.53530302109971,75.80883958559957,-49.88730427191922,65.18923019920106,-52.26773635291943,54.95986569636682,-55.31226197038643,46.54791758471458,-57.637745559275345
209.38991138114386,13.740414021057404,214.4567022443,13.981039177380694,209.5956071276845,8.51495730904287,188.8192270186671,9.665278048223229,166.95848988926866,7.414146106462738,152.1616411360775,0.4470898574712123,137.02816151127718,-8.245015669124086,124.47647519305895,-17.42495624279786,110.20643938366902,-27.105413079590164,99.98524753846203,-35.75905745655433,88.93545411255423,-43.30946378113157,76.59079472984757,-49.65006571899647,66.04335162605099,-52.32018593413494,55.79169133477194,-55.3929908324194,47.37624102497239,-57.72791670657625
209.4694611055619,14.538682623646764,214.7542782900091,14.710278518330142,210.312199088395,8.960394357904477,189.6718592697556,9.786704896718447,167.65885024508066,7.792920360699668,152.84784586508317,0.9489961307908175,137.67784010160346,-7.683958964453268,125.11269903087543,-16.880312074376718,110.93512627697328,-26.667578419753966,100.73828159828264,-35.38188045679499,89.77204292420191,-43.075333442032445,77.37052984774476,-49.405923312314826,66.89867001714089,-52.36713104788112,56.623074836220326,-55.46920220826365,48.20455356531011,-57.81505868752055
209.54751987872817,15.337151785564458,215.03163966696331,15.442543729481429,211.0202862653216,9.41491640361886,190.52449459830586,9.904852493007013,168.3604515468072,8.16520879557919,153.5362849731904,1.4480995973899553,138.32550240102535,-7.123726211301346,125.74650809833577,-16.333419787980006,111.66144841219557,-26.224330564466698,101.48918093781487,-34.998253778633284,90.60674573334984,-42.83270710878844,78.14804952340035,-49.154906901823665,67.75485500004561,-52.40819464015118,57.45396102837856,-55.540472792905575,49.03286339004546,-57.89887683334098
209.62413964318716,16.135814948154973,215.28742966156915,16.177736314943786,211.71926837788203,9.878565344829042,191.37699427307416,10.019808262745414,169.06340648595494,8.530727349258598,154.22734242366596,1.944226891991832,138.97137609559752,-6.564467936720689,126.37808215482835,-15.784348412379416,112.3852479583665,-25.77558201916662,102.23771500545757,-34.60808889296055,91.43909343296991,-42.581379886385946,78.9233583409233,-48.897046337472375,68.61157620234007,-52.442999656938184,58.28429473891322,-55.60637928133161,49.861178683496064,-57.97907647527023
209.69937234148324,16.93466555276285,215.52029156023377,16.915757778826446,212.40854514549392,10.351383080177811,192.22921956281652,10.13165963159031,169.7678277540307,8.889191959895072,154.9214021797767,2.4372046493195967,139.61568887137457,-6.006334667763667,127.00760095974147,-15.233166976346638,113.10636708451682,-25.321245289291653,102.98365324960963,-34.21129727066801,92.2686169160342,-42.32114687981107,79.69646088442283,-48.6323714692104,69.46850325159915,-52.47116904423524,59.11402079549089,-55.666498368528096,50.689507629979516,-58.055362944541116
209.77326991616064,17.73369704073275,215.7288686493638,17.656509625238698,213.087516287575,10.833411508308188,193.08103173628888,10.240494025198245,170.47382804254096,9.240318565645737,155.61884820478951,2.9268595040965693,140.25866841441132,-5.449476931482536,127.63524427246341,-14.679944508653477,113.82464795967707,-24.861232880279942,103.72676511866985,-33.80779038264694,93.09484707551456,-42.05180319405014,80.4673617380081,-48.36091214698706,70.32530577539768,-52.49232574803557,59.94308402577809,-55.720406749481526,51.517858413813485,-58.12744157238632
209.84588430976385,18.532902853409155,215.91180421536603,18.399893358289717,213.75558152354267,11.324692527863135,193.93229206224748,10.346398869225823,171.18152004299236,9.583823104667829,156.32006446197113,3.4130180910457852,140.90054241076234,-4.894045254929779,128.2611918523828,-14.124750038071511,114.53993275287797,-24.395457297569635,104.46682006103703,-33.39747969978856,93.91731480438295,-41.773143934089376,81.23606548578812,-48.08269822075175,71.18165340131065,-52.50609271433217,60.771429257441355,-55.76768111917818,52.34623921931558,-58.19501769003864
209.9172674648372,19.33227643213661,216.06774154464733,19.145810482088848,214.4121405728149,11.8252680374855,194.78286180944826,10.449461589329587,171.89101644689174,9.919421515118529,157.02543491458846,3.8955070448904507,141.54153854648257,-4.340190165157651,128.88562345888795,-13.567652593372543,115.25206363315021,-23.923831046598707,105.20358752511015,-32.980276692984205,94.73555099561139,-41.484964204915,82.00257671187205,-47.79775954045391,72.03721575691287,-52.51209288911821,61.5990013181472,-55.80789817260461,53.17465823080346,-58.25779662873077
209.9874713239251,20.131811218259713,216.19532392361452,19.89416250074521,215.0565931548091,12.335179935818246,195.63260224664748,10.549769611166198,172.6024299457457,10.246829735155075,157.73534352590832,4.374153000353829,142.18188450762648,-3.7880621892186355,129.50871885136712,-13.008721203328207,115.9608827695244,-23.446266632805248,105.93683695928792,-32.55609283312509,95.54908654217178,-41.18705911151329,82.76690000036905,-47.506125956042865,72.8916624697793,-52.50994921838685,62.42574503556227,-55.840634604747095,54.003123632594736,-58.315483719695465
210.05654782957197,20.931500653123067,216.29319463867432,20.64485091836815,215.6883389889431,12.854470121504278,196.48137464260105,10.647410360392257,173.31587323106078,10.565763702934646,158.45017425919752,4.848782592159068,142.821807980249,-3.2378118541649314,130.13065778920884,-12.448024896710251,116.66623233103115,-22.962676561627404,106.6663378119693,-32.1248395911025,96.35745233703608,-40.87922375887052,83.52903993538814,-47.207827317468116,73.74466316748476,-52.49928464813115,63.25160523735309,-55.865467110592135,54.831643609007074,-58.36778429416552
210.12454892432197,21.731338178071155,216.35999697623367,21.397777239066897,216.3067777946344,13.383180493186615,197.32904026606502,10.742471262664253,174.03145899434378,10.875939356614424,159.1703110777231,5.319222455029319,143.4615366504047,-2.689589687049022,130.7516200318014,-11.885632702290366,117.36795448670125,-22.47297333850321,107.39185953155311,-31.68642843780765,97.16017927317631,-40.5612532519728,84.28900110103854,-46.90289347467893,74.59588747760415,-52.47972212434428,64.07652675118612,-55.88197238512606,55.66022634435802,-58.414403683373564
210.1915265507197,22.53131723444858,216.3943742226994,22.152842966950686,216.91130929130088,13.921352949508048,198.17546038579565,10.835039743638788,174.74929992710133,11.177072634351646,159.89613794475167,5.7852992236878436,144.1012982041484,-2.1435462149232194,131.3717853385332,-11.321613648840298,118.06589140556525,-21.977069468870695,108.11317156643815,-31.240770844131873,97.95679824356438,-40.23294269580646,85.04678808142933,-46.59135427762476,75.4450050277124,-52.45088459301928,64.90045440472801,-55.889727123335376,56.488880022965304,-58.45504721855241
210.25753265130948,23.33143126359988,216.39883503320777,22.909950059085986,217.50133319835993,14.469029389111654,199.02049627054885,10.92520322897252,175.46950872084005,11.468879474303492,160.62803882355024,6.246839532857734,144.7413203275347,-1.5998319648398933,131.99133346879262,-10.756036765131682,118.75988525665389,-21.474877458168066,108.8300433650233,-30.787778280966393,98.74684014117219,-39.89408719535777,85.80240546066966,-46.27323957625498,76.29168544538442,-52.41239500014939,65.72333302564527,-55.88830802020641,57.317933422042984,-58.4894316095959
210.32261916863558,24.131673706869663,216.39756628260682,23.669011877538082,218.07624923522928,15.026251710640224,199.86400918908078,11.013049144321997,176.19219806706656,11.751075814627086,161.36638476066378,6.703670000882653,145.38183070661853,-1.058597463851413,132.61044418196798,-10.188971079936323,119.44977820899777,-20.9663098118333,109.54224437570747,-30.327362219202485,99.52983585897181,-39.5444818556129,86.55589541913423,-45.94857922051892,77.13559835819501,-52.36387629172765,66.5451074416045,-55.877291770725606,58.148562516878314,-58.517431728855115
210.38683804524237,24.932038005602465,216.3950250581264,24.429953766232586,218.64590650256469,15.593056950878577,200.70586041014735,11.098664915343818,176.91748065728768,12.023377593479722,162.11017616272943,7.155600470805098,146.02305702745434,-0.5199932390100912,133.22929723744778,-9.620485622025797,120.13541243162751,-20.451279035304538,110.24954404688935,-29.85943412973137,100.30531628993509,-39.183921781558126,87.3075279010668,-45.617403060366144,77.9764133937191,-52.30495141374723,67.36572248027215,-55.85625506987935,58.98075370377575,-58.53903829811708
210.4502412236743,25.73251760114283,216.39123322996784,25.192701637512812,219.2348161591035,16.169437948073664,201.54591120250495,11.182137967694587,177.64546918300982,12.285500749018581,162.8585008233655,7.6023923713514705,146.66522697609696,0.015830182631702883,133.84807239462043,-9.050649420171908,120.81663009357385,-19.92969763401976,110.951711826968,-29.38390548344438,101.07281232703406,-38.812202078179666,88.0573136700969,-45.27974094574586,78.81380017953154,-52.23524331220119,68.18519055221316,-55.824775236881294,59.81436821965099,-58.554244697256195
210.51288064647576,26.533105934835305,216.38621266833275,25.95718140372196,219.84059933438925,16.75536395958983,202.38423064003223,11.263556179078648,178.37627633573982,12.537161219400843,163.61122406480206,8.043798449024337,147.3085682386012,0.5487222740215998,134.46694941287421,-8.479531503146347,121.49327336386744,-19.40147811341717,111.64851716434208,-28.900687751232738,101.83185486324066,-38.4291178504638,88.80520174953585,-44.93562272660756,79.64742834320731,-52.15437493308275,69.00588135590925,-55.782582713404224,60.64926730141963,-58.56304430614688
210.5748082561911,27.333796448024486,216.37998524342254,26.72331897720352,220.4595106309214,17.350804021950466,203.23314526437082,11.343242280856373,179.1100148069844,12.77807494278369,164.36821120926948,8.479571450326148,147.95330850102164,1.0785325081072301,135.08610805159742,-7.907200899720806,122.16518441153886,-18.8665329789348,112.33972950741054,-28.40969240398772,102.58197479152687,-38.03446420339674,89.55114116269493,-44.585078252900644,80.47696751232127,-52.0619692223849,69.82879899211815,-55.7297603980594,61.485312185997316,-58.56543050466337
210.63607599536465,28.134582582054975,216.37257282543885,27.491040270300687,221.08780465119992,17.955727171678916,204.09849184603752,11.422137405314913,179.84679728825006,13.007957857324357,165.12932757899796,8.909464121759356,148.5996754494131,1.6051103578362245,135.70572807017868,-7.333726638666974,122.83220540561888,-18.32477473601068,113.02511830457217,-27.910830912600545,103.3227030048646,-37.62803624196471,90.29508093288547,-44.22813737457443,81.30208731444827,-51.957649126100875,70.65367861490387,-55.666440602540035,62.32236411029976,-58.561396672680075
210.6967358065408,28.9354577782712,216.3639972845832,28.260271195356836,221.72173599772452,18.570102445298517,204.978245099991,11.501283266862004,180.58673647104354,13.226525901180025,165.89443849621762,9.333229209826527,149.24789676983016,2.1283052961562703,136.32598922800616,-6.759177748756599,123.49417851513806,-17.776115890082963,113.70445300422585,-27.40401474796255,104.05357039622578,-37.20962907115404,91.03697008341885,-43.86482994157831,82.12245737716324,-51.84103759022372,71.48025537833041,-55.59275563853947,63.16028431124255,-58.550936190071354
210.7568396322639,29.736415478017875,216.3542804910569,29.030937664715168,222.35755927299488,19.193898879332608,205.8703797411896,11.581721579905263,181.32994504687144,13.433495012507876,166.66340928315879,9.750619461030112,149.89820014832765,2.6479667960149413,136.9470712844684,-6.183623258761315,124.15094590912713,-17.220468946589676,114.3775030547705,-26.889155380964894,104.77410785858245,-36.77903779595084,91.77675763760635,-43.49518580386177,82.93774732804104,-51.711757560746605,72.30826443646168,-55.50883781775087,63.99893402574139,-58.53404243671156
210.81643941507832,30.537449122639487,216.34344431506167,29.802965590719168,222.99152907951077,19.827085510304585,206.77287048459186,11.664494058852426,182.07662838287445,13.628587321007274,167.43610526205168,10.16138762187262,150.55081327096025,3.163944330359982,137.56915399895377,-5.607132197452927,124.80234975661665,-16.65774641096891,115.04403790460486,-26.36616428249897,105.48384628490658,-36.336057521341445,92.51439261875925,-43.1192348113741,83.74762679465653,-51.56943198366264,73.1374409433617,-55.41481945186757,64.83817449071194,-58.51070879247504
210.87558709752852,31.338552153480578,216.33151062679894,30.57628088571198,223.61990001977188,20.469631374737844,207.68369204515625,11.75064241811117,182.82764415947804,13.81176125928431,168.21239175512642,10.56528643885656,151.20596382378278,3.6760873721389657,138.19241713085046,-5.029773593603068,125.4482322266374,-16.08786078865876,115.70382700212781,-25.834952923455944,106.18231656817,-35.88048335231207,93.24982405018892,-42.73700681406473,84.55176540458467,-51.41368380496493,73.9675200530944,-55.31083285258279,65.67786694306977,-58.48092863723616
210.93433462215876,32.13971801188575,216.31850129647034,31.350809462037034,224.23892669627799,21.121505509155668,208.6008191378413,11.841208372089113,183.58302242165576,13.983279708099587,168.99213408461355,10.962068658484327,151.86387949284972,4.1842453942995235,138.8170404395471,-4.451616475983485,126.08843548821994,-15.510724585097307,116.3566397957382,-25.29543277472709,106.86904960134478,-35.41211039384899,93.98300095520665,-42.3485316618831,85.34983278540034,-51.244135970646596,74.79823691972376,-55.19701033158975,66.51787261973061,-58.44469535086927
210.9927339315135,32.94094013919948,216.30443819427717,32.12647723203753,224.8448637115289,21.782676950081395,209.52222647760527,11.93723363519399,184.34257201634568,14.143425643701391,169.77519757274297,11.351487027258543,152.524787964216,4.6882678697893425,139.44320368443186,-3.872729873365813,126.72280171039506,-14.92625030572259,117.00224573383491,-24.747515307203685,107.54357627740279,-34.93073375093837,94.71387235712382,-41.95383920477849,86.14149856467833,-51.060411426700796,75.62932669731379,-55.07348420058173,67.3580527576101,-58.40200231324866
211.050836968137,33.7422119767665,216.28934319042094,32.903210108056896,225.43396566802426,22.453114734038422,210.4458887794069,12.039759921833479,185.10610179048626,14.292482042338065,170.561447541745,11.733294291681545,153.1889169239363,5.1880042715560535,140.07108662489327,-3.293182814521856,127.3511730621932,-14.334350455972753,117.64041426481674,-24.191111991777063,108.2054274893161,-34.43614852856649,95.4423872792517,-41.55295929270039,86.92643236999368,-50.862133119120585,76.46052453992843,-54.940386771252065,68.19826859362388,-58.3528429042488
211.1086956745737,34.54352696593122,216.2732381551034,33.68093400243839,226.00248716826388,23.132787897550145,211.36978075820457,12.149828946415198,185.8734205910157,14.430731880257838,171.35074931384997,12.107243198255958,153.8564940580652,5.683304072547287,140.7008690203196,-2.7130443282233045,127.97339171264525,-13.73493754128583,118.27091483708256,-23.626134299338332,108.8541341300566,-33.92814983171962,96.16849474490158,-41.14592177559814,87.70430382892118,-50.64892399389919,77.29156560163165,-54.79785035529386,69.03838136468755,-58.297210503744
211.166361993368,35.34487854803825,216.25614495852585,34.45957482752533,226.54668281474744,23.821665477139845,212.29187712895657,12.268482423346882,186.6443372648722,14.558458133708996,172.14296821128812,12.473086493484232,154.52774705265756,6.174016745710674,141.33273063009938,-2.1323834432417925,128.58929983078167,-13.127924067099912,118.89351689903123,-23.052493700778882,109.4892270925962,-33.406532765383986,96.89214377738489,-40.732756503421115,88.47478256903571,-50.4204069970296,78.12218503648745,-54.64600726440051,69.87825230771688,-58.23509849160854
211.22388786706426,36.146260164432135,216.2380854708898,35.23905849566103,227.06280720997472,24.51971650933092,213.2101526066217,12.396762067036207,187.41866065899399,14.675943778939882,172.93796955628954,12.830576923868819,155.20290359376804,6.659991763993844,141.96685121362088,-1.5512691883490675,129.19849160033436,-12.513224719865775,119.50798989906161,-22.470101666989933,110.11023726990697,-32.871092434545744,97.61328340001285,-40.31349332611876,89.23753821791223,-50.17620507450505,78.9521179985598,-54.484989810265176,70.71774265962739,-58.1665002477169
211.28132523820682,36.94766525645747,216.21908156239692,36.0193109191888,227.5471149564454,25.226910030646707,214.1225819061582,12.53570959189085,188.19619962031936,14.783471792198782,173.73561867108458,13.179467235912227,155.88219136745136,7.1410786003444855,142.60341053027253,-0.9697705923168769,129.7966703202502,-11.890951370137088,120.11410328557253,-21.878869668862706,110.71669555496072,-32.32162394419129,98.33186263609679,-39.88816209364046,89.9922404031256,-49.91594117231858,79.78109964191259,-54.314930304581196,71.55671365733485,-58.09140915194331
211.33872604934004,37.7490872654588,216.1991551032486,36.8002580104519,227.99586065665937,25.943215077610546,215.02713974252458,12.686366712318488,188.97676299578666,14.881325149733982,174.53578087790345,13.519510176116967,156.5658380597623,7.617126727710229,143.2425883394427,-0.38795668391685467,130.38292566393216,-11.26156736698033,120.71162650696277,-21.278709177288533,111.30813284072957,-31.75792239930672,99.0478305089481,-39.456792655935544,90.73855875225064,-49.63923823646337,80.60886512060989,-54.13596105904173,72.3950265377548,-58.00981858416225
211.39614224300828,38.55051963278072,216.17832796364632,37.58182568179376,228.4052989131162,26.668600686745833,215.92180083067933,12.849775142726799,189.76015963233397,14.969786827793769,175.33832149897637,13.850458490985488,157.2540713567555,8.087985619038704,143.88456440051982,0.19410350807930854,130.95804555918835,-10.625572369685074,121.29939902818222,-20.669559070184505,111.88359784170581,-31.17988512659616,99.76113604187805,-39.019414862953454,91.47645275427448,-49.345731070423994,81.43514958871566,-53.94821438534012,73.232542537803,-57.92172192424795
211.45362576175592,39.35195579976772,216.15662201379178,38.36393984555758,228.7716843283157,27.403035894575908,216.804539885581,13.026976597523458,190.54619837689972,15.049139802626485,176.14310585653357,14.172064927020301,157.94711894448562,8.5535047472776,144.52951847289216,0.7763409548998084,131.52281793382713,-9.98346603754078,121.87452585644729,-20.051684962362856,112.44272960919398,-30.587996590580303,100.47172825819791,-38.57605856464363,92.20806935853602,-49.03543741772978,82.25968820029385,-53.751822595169585,74.06912289439504,-57.82711255207488
211.5112285481274,40.153389207764405,216.13405912388623,39.14652641408668,229.09127150475751,28.146489737624165,217.6733316221879,13.219012791116143,191.33468807642203,15.11966705048036,176.94999927280526,14.484082230723914,158.6452085090075,9.013533585374432,145.17763031594814,1.3586866277729541,132.0780307156566,-9.335748029836964,122.43745044323077,-19.4255671925182,112.98650820391725,-29.9829504851798,101.17955618121914,-38.12675361095535,92.93404485319121,-48.708831528671055,83.08221610940842,-53.5469180002234,74.90462884444656,-57.725983847517284
211.569002544667,40.95481329811531,216.11066116413133,39.929511299724425,229.36031504494167,28.898931252413888,218.52615075545873,13.42692543791253,192.1254375778392,15.181651547603735,177.75886707002178,14.786263148598835,159.3485677363759,9.467921606277002,145.82907968907614,1.941071497927112,132.62447183248514,-8.682918005863144,122.98888171410175,-18.791689858664142,113.51592607405695,-29.365440760736078,101.88456883425295,-37.671529851838045,93.6545439428337,-48.3664143669443,83.90246847012332,-53.33363291219479,75.73892162487323,-57.61832919044963
211.62699969391917,41.75622151216504,216.0864500047286,40.71282041481413,229.57506955136762,29.660329475468473,219.3609720003518,13.651756252320297,192.91825572808943,15.235376270244842,178.56957457041312,15.078360427147459,160.05742431264537,9.916518282932827,146.4840463516647,2.5234265365905344,133.16292921212096,-8.025475624908836,123.52952859462914,-18.150537058814223,114.03197566779431,-28.736161367590284,102.58671524061066,-37.21041713724111,94.36973133205731,-48.00868689624565,84.72018043650263,-53.112099642777025,76.57186247259068,-57.50414196074615
211.68527193842817,42.55760729125814,216.06144751587942,41.49637967169912,229.73178962653515,30.430653443311257,220.17577007182558,13.894546948747177,193.71295137411107,15.281124194652023,179.38198709620985,15.360126812872352,160.77200592387067,10.359173088289594,147.14246268326326,3.1056810408823026,133.69419078237206,-7.363920546263614,124.06010001038214,-17.502592890981987,114.53564943331071,-28.095806256083904,103.28594442360361,-36.74344531711398,95.07977172545566,-47.63615008027159,85.53508716261024,-52.88245050366339,77.40331262451463,-57.38341553828133
211.74387122073847,43.35896407673914,216.03567556778546,42.28011498272258,229.82672987294404,31.209872192465582,220.9685196848386,14.156339241600733,194.5093333628423,15.31917829707362,180.19596996964185,15.631315052276022,161.4925402561065,10.795735495294991,147.800504185799,3.6876286606441226,134.21904447104703,-6.698752429216938,124.5813048869295,-16.848341453180865,115.02793981878727,-27.44506937655808,103.98220540654319,-36.27064424140599,95.78482982762256,-47.24930488271838,86.34692380251005,-52.64481780654711,78.23313331756066,-57.25614330292939
211.80284948339443,44.1602853099526,216.0091560306481,43.06395226022795,229.85626895757127,31.997954721147437,221.73719555434934,14.438174845288756,195.30721054122148,15.349821553757863,181.01138851293967,15.891677891860923,162.2194591229669,11.22605073702266,148.4570503539967,4.268829580706438,134.73827820595386,-6.030470933058382,125.09385214984047,-16.188266843424458,115.50983927240537,-26.784644679354187,104.67544721274061,-35.79204376006652,96.48507034315168,-46.848652267282375,87.15542551026618,-52.3993338631214,79.06118578864448,-57.122318634564806
211.8622586689404,44.961564432243165,215.98191077466902,43.84781741655854,229.8490230531778,32.79471195608147,222.47977239531622,14.741095474218866,196.10639175618678,15.373336940953038,181.82810804833332,16.140968078129504,162.95328598473452,11.649924112158772,149.11241335991213,4.848820921401966,135.2526799149008,-5.359575717077405,125.59845072468386,-15.522853159726253,115.98234024234625,-26.115226114813595,105.36561886550726,-35.30767372304501,97.18065797663678,-46.43469319765995,87.96032743994255,-52.146130985079594,79.88733127468169,-56.98193491306182
211.92215071992075,45.762794884955326,215.95396167004958,44.63163636405761,229.829306740913,33.59943638401637,223.19422492269769,15.066142842798797,196.90668585467654,15.390007434907432,182.64599389805323,16.37893835758433,163.69379140823844,12.067138997423967,149.76690537560137,5.427139803063653,135.76303752569618,-4.686566440563524,126.09580953702869,-14.852584500099795,116.44643517679117,-25.437507633277505,106.05266938815447,-34.817563980290856,97.87175743267159,-46.007928637547366,88.76136474560309,-51.88534148411492,80.71143101258792,-56.8349855182949
211.98257757887984,46.563970109433626,215.9253305869912,45.41533501506848,229.79757226667414,34.41131436699783,223.87852785145242,15.414358665436168,197.70790168362885,15.400116011869443,183.4649113843294,16.6053414767278,164.44071092072807,12.47747854358937,150.42083857312014,6.003323346024217,136.27013896614824,-4.011942762806314,126.5866375124441,-14.177944962558627,116.90311652392148,-24.75218318508729,106.73654780399352,-34.32174438175343,98.55853341584987,-45.56885955064104,89.55827258131177,-51.61709767192065,81.53334623927896,-56.68146383013834
212.04359118836203,47.365083547022664,215.89603939569565,46.198839281934454,229.75427187635808,35.22953226707165,224.53065589653863,15.786784656538657,198.50984808998203,15.403945648087245,184.2847258293922,16.819930182062535,165.1937800494528,12.880725901426217,151.07452512452448,6.576908670616604,136.7747721640651,-3.3362043430952326,127.07164357649901,-13.499418645116236,117.35337673191839,-24.059946720584207,107.41720313633573,-33.82024477738207,99.24115063076528,-45.11798690063722,90.35078610113266,-51.34153186019,82.35293819167026,-56.52136322846644
212.1052434909118,48.16612863906698,215.86610996636432,46.98207507699885,229.69985781586206,36.05327644628363,225.1485837729149,16.184462530513997,199.3123339206744,15.401779319809236,185.1053025554719,17.022457220090928,165.95273432166198,13.27666422170563,151.72827720187013,7.147432897173587,137.277725047255,-2.659850840719855,127.55153665476246,-12.817489645786111,117.79820824896319,-23.36149219010963,108.09458440849244,-33.313095017126216,99.91977378201153,-44.655811651232284,91.13864045912959,-51.05877636061621,83.17006810667766,-56.35467709315367
212.16758642907337,48.96709882691118,215.83556416919873,47.76496831260499,229.634782331083,36.88173326667953,225.73028619553986,16.608434001769865,200.11516802264418,15.393900003283647,185.92650688479864,17.21267533731543,166.7173092646051,13.665076655198789,152.38240697721312,7.714433146028,137.77978554352626,-1.983381914969641,128.02702567280335,-12.132642062581851,118.2386035232372,-22.657513544004757,108.76864064377492,-32.800324950935305,100.59456757418246,-44.182834766122596,91.92157080936664,-50.768963484892595,83.98459722121669,-56.18139880407432
212.23067194539112,49.76798755189981,215.8044238744003,48.547444901096185,229.5594976679182,37.71408909030521,226.29176628338155,17.059535415894175,200.9181592428297,15.380590674758764,186.74820413960265,17.39033728023867,167.48724040553157,14.045746352676815,153.0372266226094,8.27744653751273,138.28174158068714,-1.307297225134164,128.49881955619082,-11.445359993516945,118.67555500292167,-21.94870473261102,109.43932086549461,-32.28196442875861,101.26569671187167,-43.69955720900441,92.69931230590777,-50.472225544712444,84.79638677220305,-56.00152174110275
212.29455198240953,50.56878825537734,215.77271095217054,49.329430754815746,229.4744560722645,38.54953027920635,226.8596642444885,17.537413945849323,201.721116428169,15.362134310482872,187.57025964211425,17.555195795363034,168.2622632716907,14.418456464910946,153.6930483101147,8.83601019196061,138.78438108654575,-0.6320964305029406,128.9676272304938,-10.756127536604936,119.11005513619779,-21.23575970626962,110.10657409696273,-31.758043300545637,101.93332589967304,-43.20647994357415,93.47160010281692,-50.16869485176892,85.60529799655234,-55.81503928411331
212.35921508727085,51.369494426692086,215.7404472727112,50.11085178610705,229.38010979001922,39.387243195428766,227.43271791939458,18.04128975087616,202.5238484256006,15.338813886704315,188.39253871456367,17.707003629191036,169.04211339033202,14.782990142672304,154.35018421178495,9.389661229704359,139.28849198891032,0.04172080963456892,129.43415762128132,-10.065428789859368,119.54309637124697,-20.519372415321925,110.77034936149062,-31.228591416245706,102.59761984218011,-42.704103933528074,94.23816935415806,-49.8585037177553,86.41119213118031,-55.6219448129803
212.42353139393038,52.17010421960475,215.70765470622348,50.891633907313235,229.27691106707937,40.226414201018315,228.00931646074423,18.570382435360614,203.32616408206263,15.310912379671436,189.21590239011778,17.84554186552907,169.82652628870483,15.139130536732068,155.0089464996762,9.93793677107692,139.7948622155892,0.7136548359887911,129.8991196541224,-9.373747851293729,119.97567115625043,-19.800236810109254,111.43059568238965,-30.693638625808262,103.25874324398677,-42.1929301425626,94.99875521399514,-49.54178445436486,87.21393041300252,-55.42223170757825
212.4871193824713,52.97062428874398,215.6743551229091,51.67170303077779,229.16531214934184,41.06622965802069,228.58784902118168,19.123911603688384,204.12787224449323,15.278712765632406,190.0427109153734,17.9708454761564,170.61523749405853,15.486660797861418,155.66964734584417,10.480373936411127,140.30427969439052,1.383205989270266,130.36322225458605,-8.681568818921505,120.40877193938945,-19.079046840972865,112.08726208297105,-30.153214779182633,103.91686080968663,-41.67345953437399,95.75309283639223,-49.21866937329088,88.01337407893465,-55.21589334778133
212.5500473992305,53.77106219180092,215.6405703929695,52.45098506884392,229.045765282704,41.90587592848169,229.1667047533515,19.701096860245343,204.92878175983083,15.24249802083557,190.8729281886566,18.083083295634935,171.40798253364267,15.825364076831477,156.3325989223448,11.01650984603981,140.8175323531226,2.049874610189363,130.8271743482411,-7.989375790756299,120.8433911688453,-18.35649645825407,112.7402975865462,-29.607349726318205,104.5721372438735,-41.146193072658605,96.50091737541322,-48.88929078622658,88.80938436589241,-55.002923113463964
212.6123837905451,54.57142548646681,215.60632238660617,53.22940593385499,228.91872271306272,42.744539374447186,229.744272809898,20.30115780941719,205.72870147501362,15.202551121529268,191.70639665090778,18.182425361967148,172.20449693470653,16.15502352441348,156.99811340123415,11.545881620295745,141.3354081195937,2.713161039456679,131.2916848606568,-7.297652864811596,121.28052129279922,-17.63327961229419,113.38965121642644,-29.056073317164476,105.22473725114105,-40.611631721112815,97.24345935518562,-48.553775759696975,89.60283216178209,-54.78331856746178
212.6741969027521,55.37172173043274,215.57040576617794,54.00689364366167,228.78463668631525,43.58140635796286,230.31894234346544,20.9233140555898,206.52744023697983,15.159155043961732,192.54295874306717,18.269041713155445,173.0045162244994,16.475422291378493,157.66650295456793,12.06802637951182,141.8586949216119,3.372565617782641,131.75746271740218,-6.606884139100885,121.72115475943258,-16.910090253434532,114.03527199592304,-28.499415401670717,105.87482553608305,-40.07027644343293,97.98450254327565,-48.21220216608668,90.39592462485388,-54.557111648630894
212.73555508218817,56.17195848138999,215.52429101024802,54.78343647086825,228.6439594483585,44.415663241074526,230.88910250669835,21.566785203148925,207.32480689266777,15.112592764381247,193.38245690607516,18.343102387202407,173.80777593027096,16.78634352849781,158.3380797544021,12.582481244020869,142.3881806869855,4.027588685877788,132.22521684404592,-5.9175537116377654,122.16628401692657,-16.187622332016417,114.67710894834732,-27.93740582978637,106.52256680329322,-39.522628203315264,98.72420414055546,-47.86462096403244,91.18865174908763,-54.32435117024187
212.79652667519053,56.972143297029675,215.46704173657122,55.559090353648514,228.49714324508977,45.24649638582798,231.45314245224085,22.230790856480326,208.12061028901564,15.063147259036214,194.224733580872,18.404777422110556,174.61401157927037,17.087570386542495,159.01315597279256,13.088783334155721,142.92465334352278,4.67773058445249,132.6956561661574,-5.230145680435726,122.61690151346255,-15.466569798381101,115.31511109701069,-27.370074451460823,107.16812575736526,-38.969187964456125,99.46251488465828,-47.51108283785862,91.98091102844472,-54.08508606217612
212.85718002809608,57.772283735043004,215.39951562961414,56.33391482410116,228.3446403224059,46.07309215426898,232.00945133273763,22.914550619969873,208.91465927296179,15.011101504174803,195.06963120839805,18.4542368558823,175.42295869874727,17.378886016283786,159.69204378179518,13.586469770249153,143.4689008190319,5.322491654217345,133.1694896093053,-4.545144143508253,123.07399969722172,-14.747626602869957,115.94922746522434,-26.797451116643458,107.81166710289295,-38.41045669055188,100.19938551321701,-47.15163847188967,92.77259995688644,-53.83936525431494
212.9175834872417,58.572387353121144,215.32257037384295,57.107969414324884,228.1869029262042,46.894636908443374,232.55641830083277,23.617284098003324,209.7067626914444,14.956738476045416,195.91699222959357,18.49165072652022,176.23435281595084,17.66007356849275,160.37505535346588,14.075077672634109,144.02171104132117,5.96137223588272,133.64742609905886,-3.8630331988689477,123.53857101638539,-14.031486695824185,116.57940707629973,-26.21956567528366,108.45335554446996,-37.84693534529896,100.93476676386479,-46.78633855045007,93.56361602837416,-53.58723767653987
212.9778053989645,59.37246170895531,215.23706365372402,57.88131365641834,228.02438330238158,47.710317010396864,233.09243250917075,24.338210894966437,210.49674955620594,14.900341173930428,196.76665908539894,18.51718907202678,177.04792945813062,17.930916193940675,161.06250285986061,14.554144161643364,144.58387193819885,6.5938726701592145,134.13017456098703,-3.1842969445312974,124.0116079191348,-13.318844027585214,117.20559895354808,-25.636447977330874,109.09335578669004,-37.279124892393554,101.66860937423468,-46.41523375786409,94.35385673686926,-53.328752258732266
213.03791410960127,60.172514360236676,215.14385315372385,58.65400708248029,227.85753369683516,48.51931882217525,233.61588311039588,25.076550615245026,211.2902036032326,14.84230959115223,197.6184742167544,18.531021930404506,177.8634241525359,18.19119704339863,161.7546984730352,15.023206357609752,145.15617143747295,7.219493297757197,134.6184439206587,-2.509419478508846,124.49410285365127,-12.610392548494303,117.82738662808049,-25.048130597171962,109.73183253414692,-36.707526295532034,102.40086408195964,-46.03837477845627,95.14321957633308,-53.06395793077354
213.097977965489,60.972552864656336,215.0437965583087,59.42610922460949,227.68680635546207,49.3208287058244,234.12515925715275,25.831522863224905,212.09101651620938,14.783432840833939,198.47228006460023,18.53331933965586,178.68057242641623,18.440699267637854,162.4519543650456,15.481801380866102,145.73939746695203,7.8377344593872635,135.11294310364303,-1.8388848988150244,124.98704826811604,-11.906826208892767,118.44096466214796,-24.45477523611237,110.3689504914343,-36.13264051841077,103.13148162467292,-45.655812296551005,95.931602040727,-52.79290362254511
213.1580653129647,61.77258477990563,214.93775155194498,60.19767961490453,227.51265352415942,50.11403302338999,234.61865010208544,26.60234724329183,212.89832634016057,14.72458083241446,199.32791906987677,18.52425133778337,179.4991098070209,18.679206017429465,163.15458270794772,15.929466351745305,146.3343379544441,8.448096495759842,135.61438103550893,-1.1731773034634898,125.49143661071048,-11.208838959121863,119.04580625566751,-23.856726157436754,111.00487436314597,-35.55496852472612,103.8604127400074,-45.26759699647266,96.71890162401229,-52.51563826392845
213.21824449836538,62.5726176636756,214.82657581909905,60.96877778546417,227.33552744882422,50.898118136917844,235.09474479783842,27.38824335983162,213.71127112011004,14.666623475332813,200.1852336735244,18.50398796278955,180.3187718215994,18.906500443544644,163.8628956737973,16.365738390580134,146.94178082775738,9.050079747585357,136.12346664182542,-0.5127807904676729,126.00826032961584,-10.517124749522964,119.64250637817918,-23.254341439253267,111.63976885387564,-34.97501127817435,104.58760816559624,-44.873779562545735,97.50501582015039,-52.23221078480486
213.2785838680279,63.37265907365753,214.7111270442373,61.739463268387055,227.1558803753536,51.67227040845381,235.55183249705613,28.188430817230028,214.5289889010819,14.610430679027786,201.0440663164834,18.47269925267682,181.13929399740107,19.12236569675457,164.5772054346504,16.790154617703422,147.56251401470013,9.643184555574408,136.64090884816153,0.1418205421588823,126.53851187301325,-9.832377530437327,120.2316599992231,-22.647979159670115,112.27379866821695,-34.39326974245182,105.31301863907242,-44.47441067909455,98.28984212310257,-51.942670115055876
213.3391517682893,64.17271656754247,214.59226291182597,62.509795595772005,226.95299254763484,52.43587946613616,235.9883023523829,29.002129219872927,215.35061772810013,14.556872352938456,201.904259439694,18.430555245447806,181.9604118616753,19.326584927830368,165.29782416256296,17.202252153448057,148.19652394248214,10.226936213827685,137.1674165800863,0.7901425964025748,127.08204232258242,-9.15527357276278,120.81386208833919,-22.037997396795447,112.90712851076376,-33.8102448812549,106.0365948980691,-44.06954103044359,99.07327802683022,-51.647065184562905
213.40001654548644,64.97279770302174,214.47084110633148,63.279834299717606,226.70561416531712,53.189212087799206,236.40254351646308,29.828558172146018,216.17529564618883,14.506818406503612,202.76565548409667,18.377725979104866,182.78186094167154,19.51894128754327,166.0250640295908,17.601568118146815,148.84226411177247,10.801048224602994,137.70369876316863,1.4317012742499742,127.63316132225077,-8.486123829053042,121.38970761506766,-21.424754228737413,113.5399230861097,-33.226437658279906,106.75828768021927,-43.65922130091724,99.85522102529467,-51.34544492320725
213.46124654595633,65.77291003778646,214.3477193122203,64.04963891232268,226.41676883511752,53.932771602976175,236.792945141941,30.66693727843517,217.0021607003721,14.461138749162274,203.62809689063147,18.314381491650636,183.60337676463928,19.699217926664403,166.75923720778974,17.987639632132584,149.4992732653635,11.365319950607727,138.25046432297768,2.066012477687593,128.1908294455858,-7.824895508007955,121.95979154894849,-20.808607733604276,114.17234709884855,-32.64234903722314,107.47804772315601,-43.24350217483993,100.63556861245735,-51.037858260870394
213.52291011603597,66.57306112952784,214.22375521395873,64.81926896568581,226.08949468040726,54.667061344746344,237.157896381461,31.516486143126087,217.8303509356739,14.420703290353288,204.49142610023898,18.240691821087523,184.42469485782772,19.867197995964887,167.50065586921573,18.36000381573814,150.16713576745394,11.919551192869847,138.80842218508224,2.692592108701774,128.75491146849686,-7.171542458794647,122.52470885952175,-20.18991598950413,114.80452039753038,-32.058479488282615,108.19582576451234,-42.82243433653605,101.41421828227948,-50.7243541274338
213.58507560206226,67.37325853593705,214.09980649601312,65.58878399190576,225.72682982455729,55.39258464618888,237.49578638766752,32.37642437060464,218.65900439711822,14.386381939515616,205.35548555385935,18.15682700541805,185.24555074848638,20.022664646215958,168.24975862884776,18.718199241478942,150.8454359822423,12.46354175241737,139.37828127505156,3.3109560692790865,129.32527216689334,-6.526018530580245,123.08505451632749,-19.569037074545236,115.43477679793892,-31.475190260778277,108.91157254192143,-42.39606847033002,102.19106752872256,-50.40498145277877
213.64781135037208,68.1735098147052,213.97673084284986,66.35824352308123,225.33181239093904,56.10984484038306,237.80500431320502,33.24597156525664,219.4872591297293,14.359044606088219,206.22011769243295,18.062957082644743,186.06567996386468,20.165401028188796,169.00906456647942,19.06191102465789,151.53375827392745,12.99709143027826,139.96075051845435,3.9206202614059293,129.9017763166845,-5.888277572531877,123.64142348890584,-18.946329066835744,116.0622679741067,-30.892512977747742,109.6252387930162,-41.96445526054629,102.9660138457478,-50.07978916678684
213.71118570730255,68.97382252352355,213.85538593893534,67.12770709131092,224.90748050292348,56.819345260408056,238.0839393107176,34.12434733146773,220.31425317853098,14.339561199509944,207.08516495690003,17.959252090770065,186.88481803121203,20.295190292654524,169.77905055162796,19.391094409906884,152.23168700670783,13.520000027480478,140.55642184951125,4.521102230191445,130.48428869377983,-5.258273433816669,124.19441074679673,-18.322150044483863,116.68708173523311,-30.310431559069343,110.33677525542976,-41.52764539150928,103.73895472731658,-49.74882619933936
213.77526701919066,69.77420422008333,213.73662946873583,67.89723422869355,224.45687228388192,57.52158923934314,238.33098053284994,35.0107712736239,221.13912458854747,14.328801629219754,207.95046978820096,17.845882067796538,187.70270047777774,20.411815590384265,170.55918537328284,19.705733748452815,152.93880654478232,14.032067345052099,141.16361865536715,5.112071040879869,131.07267407408858,-4.635959963601749,124.7446112595403,-17.696858085597682,117.30930589051769,-29.728929924621525,111.04613266679524,-41.08568954754338,104.50978766739036,-49.41214148031776
213.8401236323731,70.5746624620756,213.6213191167177,68.66688446732775,223.98302585718523,58.21708011026749,238.54451713224614,35.904462996110794,221.96101140480266,14.327635804656609,208.815874627276,17.723017051726686,188.51906283081132,20.51506007214931,171.34893782043378,20.005813391522565,153.65470125234958,14.533093184021084,141.78133184264755,5.693467508796857,131.66679723352013,-4.021291011054245,125.29261999667654,-17.070811268285468,117.9290282491599,-29.14799199428262,111.75326176474562,-40.638638412972966,105.27841015993039,-49.06978393960344
213.90582389318706,71.37520480719161,213.51031256734746,69.43671733931234,223.48897934620481,58.90632120626043,238.72293826155078,36.80464210331428,222.77905167232075,14.336933635259356,209.6812219150654,17.590827080562974,189.3336406175622,20.604706888720727,172.14777668207046,20.29131769034302,154.37895549360815,15.022877345415395,142.40924350185549,6.265260741958286,132.26652294798384,-3.4142204253412842,125.83903192774562,-16.444367670655367,118.54633662035917,-28.56760168793113,112.458113286914,-40.18654267212253,106.044719698898,-48.72180250707788
213.97243614796946,72.17583881312254,213.40446750509136,70.20679237674591,222.97777087431177,59.589815860401075,238.86463307340796,37.710528199620114,223.5923834361256,14.357565030466958,210.54635409250977,17.449482192307926,190.14664594425585,20.68054271454298,172.95517074718248,20.56223099614101,155.11115363275678,15.501219630263108,143.04703572349433,6.827419848379861,132.8717159933891,-2.8147020556299935,126.38444202228766,-15.817885370815588,119.16131881331495,-27.987742925445332,113.16063797093341,-39.72945300931639,106.8086137782546,-48.36824611262239
214.0400287430573,72.97657203755955,213.3046416144158,70.97716911172728,222.45243856487718,60.26806740576876,238.96799072046235,38.62134088941406,224.40014474124143,14.390399899718375,211.41111360054902,17.299152424964007,190.9622586642871,20.74249227347599,173.77058880475943,20.818537660143477,155.85088003399414,15.967919839592128,143.69439059806723,7.379913936077401,133.48224114564528,-2.2226897510875006,126.92944524984239,-15.19172244687428,119.77406263722679,-27.408399626703726,113.86078655443691,-39.267420108879094,107.56998989196154,-48.009163686118484
214.10867002478744,73.7774120381938,213.21169257978704,71.74790707635503,221.91602054127213,60.941579175442655,239.0314003553582,39.53629977708198,225.20147363269223,14.436308152452455,212.27534288012373,17.140007816533682,191.78132295771707,20.790660239959777,174.59349964379112,21.060222033577304,156.597719061519,16.42277777443047,144.35099021607743,7.92271211306678,134.09796318066162,-1.6381373608809326,127.47463657995024,-14.56623697693965,120.38465590129408,-26.82955571158459,114.55850977505764,-38.80049465513497,108.32874553398017,-47.644604157447475
214.1784283394968,74.57836637271657,213.1264780856717,72.51906580272794,221.37155492686804,61.610854502502036,239.05325113073968,40.45462446700964,225.99550815550197,14.496159698108158,213.13888437217406,16.97221840501959,192.6036004964933,20.825163377354556,175.42337205326703,21.287268467669378,157.35125507952978,16.86559323580616,145.0165166680281,8.455783487363703,134.71874687434752,-1.0609987341774172,128.02061098215097,-13.941787039119902,120.99318641471638,-26.251195099966424,115.25375837042856,-38.32872733240845,109.08477819827175,-47.27461645649089
214.2493720335225,75.37944259881897,213.0498558165358,73.29070482294469,220.82207984503577,62.27639672002607,239.04132742754507,41.37543691054657,226.78138635469486,14.570824446124448,214.0015805176405,16.79595422842408,193.42885295256337,20.846118449020423,176.25967482217686,21.499661313646527,158.11107245222547,17.29616602474715,145.69065204442256,8.979097166984047,135.34445700261233,-0.49122772014408156,128.56796342598489,-13.31873071152313,121.59974198669306,-25.673301711727618,115.94648307818272,-37.852168825023966,109.83798537879778,-46.89924951313009
214.32156945320128,76.18064827419215,212.98268345684596,74.062883669104,220.27063341914663,62.93870916109398,239.00561418251186,42.29745367018131,227.55824627529466,14.661172305940227,214.86327375746316,16.611385324749733,194.25684199787474,20.85364221831736,177.1018767395102,21.697384922735694,158.8767555438045,17.714295942281524,146.3730784357639,9.492622259943573,135.97495834136544,0.07122183205189003,129.11728888099196,-12.697426072257542,122.20441042642369,-25.095859466746447,116.63663463595327,-37.3708698173059,110.58826456951954,-46.51855225724648
214.39498326554417,76.9819907398566,212.92581869106846,74.83566187330456,219.7202537725717,63.59829515878505,238.94712655827504,43.219286128324654,228.3252259623257,14.768073186994343,215.72380653258244,16.418681731999072,195.08732930437486,20.84785144860558,177.94944659425664,21.880423646163706,159.64788871846554,18.119782789437124,147.06347793255554,9.996327874258043,136.6101156665162,0.6263960732434839,129.66918231671207,-12.0782311994314,122.8072795431076,-24.51885228490147,117.32416378137316,-36.88488099357869,111.33551326439829,-46.132573618721494
214.468338993546,77.78346456982706,212.88009825671577,75.60909896354599,219.1739790286822,64.2556580461785,238.86687830912877,44.13954566719514,229.08146346081196,14.892396998725815,216.5830212839387,16.218013488174506,195.9200765440114,20.82886290324518,178.8018531754061,22.048761835157507,160.42405634040745,18.512426367242085,147.76153262530045,10.490183117943332,137.2497937539739,1.174341154263459,130.22423870268562,-11.461504171152853,123.40843714594439,-23.942264086070963,118.00902125207557,-36.39425303816677,112.07962895739553,-45.74136252743648
214.54132910910664,78.58504468221997,212.83963305316036,76.38323111363246,218.6348473108493,64.9113011563536,238.76588318936717,45.056843669011414,229.82609681577742,15.035013650573546,217.4407604524721,16.009550631278614,196.75484538873172,20.7967933455962,179.65856527194796,22.20238384094398,161.20484277382877,18.892026476724368,148.46692460450208,10.974157099015258,137.893857379648,1.7151032259448016,130.78305300845238,-10.847603065529995,124.00797104413357,-23.366078790133372,118.69115778569346,-35.89903663539451,112.82050914247253,-45.344967913273024
214.6140622860969,79.38670431976715,212.7994411449315,77.15801625358284,218.10589674244397,65.56572782238948,238.64515495328453,45.96979151599203,230.55826407224606,15.196793051976442,218.29686647912308,15.793463199313862,197.59139751048326,20.75175953901885,180.5190516728719,22.341274014749956,161.98983238292817,19.258382918911934,149.17933596066348,11.448218925489527,138.5421713194478,2.2487284391202707,131.34622020355243,-10.236885960671088,124.6059690468744,-22.790280316967085,119.37052411985997,-35.39928246958641,113.55805131359068,-44.943438706112374
214.6866471983874,80.18841672520011,212.75971447849952,77.93339594609722,217.59016544683755,66.2194413773654,238.50570735517488,46.877000590355635,231.2771032752421,15.378605112373407,219.15118180483194,15.569921230282773,198.42949458121382,20.69387824687317,181.38278116716754,22.465416707802376,162.7786095319044,19.611295494832802,149.898448784288,11.912337705382015,139.1946003492826,2.7752629446227957,131.9143352575261,-9.629710934684283,125.20251896336651,-22.214852586450434,120.04707099220809,-34.895041225066734,114.29215296471125,-44.536823835836
214.75919251984908,80.99015514125057,212.72064500033468,78.70931175387562,217.0906915474011,66.87294515436065,238.34855414933259,47.777082274320776,231.9817524697894,15.581319741203401,220.0035488705389,15.339094762187813,199.26889827287062,20.623266232519256,182.24922254382466,22.574796271328125,163.57075858495602,19.950564005514934,150.6239451658788,12.366482546708426,139.85100924506185,3.2947528932852492,132.4879931399131,-9.026436065677842,125.7977086028094,-21.63977951846192,120.72074914037091,-34.38636358616009,115.02271158979568,-44.125172232325326
214.83180692435258,81.79189281065021,212.68242465690741,79.48570523961826,216.61051316750581,67.5267424864544,238.17470909005158,48.668647950106106,232.67134970091217,15.80580684790533,220.85381011718448,15.101153833031503,200.10937025740134,20.540040259317266,183.11784459183286,22.669397056553976,164.3658639062819,20.275988251986348,151.35550719593903,12.810622557484692,140.51126278269476,3.807244435940504,133.06778882025367,-8.427419431759802,126.39162577440231,-21.06504503287988,121.3915093019815,-33.87330023719073,115.74962468280529,-43.70853282546176
214.90459908576884,82.59360297613074,212.64524539468812,80.26251796602514,216.14838810937806,68.18133615016632,237.98518593162623,49.55030899993022,233.34646019998047,16.05293219606989,221.70180798570868,14.856268480816368,200.95067220675344,20.444317090627237,183.98811610018163,22.749203414706983,165.16350986008047,20.587368035275063,152.09281696497203,13.244726845726518,141.17522573809094,4.312783723421433,133.65431726808788,-7.833019111038425,126.984358287345,-20.490633049582755,122.05930221467293,-33.355901862483165,116.47278973770142,-43.28695454512672
214.97767767796836,83.3952588804238,212.60929916014697,81.03969149579638,215.66769203357887,68.8372068383199,237.78099842835059,50.42067680601161,234.0344470146715,16.323116106960413,222.547384917052,14.604608743544873,201.79256579287437,20.336213489809325,184.85950585786077,22.81419969701392,165.9632808105506,20.88450315640904,152.83555656348096,13.66876451944978,141.84276288715944,4.811416906560851,134.2481734529557,-7.243593181621918,127.57599395083685,-19.91652748844882,122.72407861607826,-32.83421914636176,117.19210424844545,-42.86048632120162
215.0511513748222,84.19683376626102,212.57477789975428,81.81716739163204,215.16323850264462,69.49480629466586,237.56316033451878,51.278362750569045,234.74387210853172,16.61594248054223,223.3903833521548,14.346344659219483,202.6348126877117,20.215846220223625,185.73148265385987,22.86437025470167,166.76476112189073,21.167193416416296,153.5834080819692,14.082704686670183,142.51373900580984,5.303190136191688,134.84995234439725,-6.659499721618431,128.16662057407723,-19.342712269356582,123.38578924383046,-32.308302773150956,117.9074657089987,-42.429177083567936
215.125128850201,84.99830087637412,212.54187355998067,82.59488721623217,214.6398620215458,70.15458430170196,237.33268540442498,52.121978215820945,235.47182405977924,16.93090300440275,224.2327293521489,14.0816837606896,203.477174563213,20.083332045230293,186.60351527716853,22.899699438997118,167.56753515829985,21.435238616324796,154.33605361093964,14.486516455403603,143.1880188699514,5.788149563146817,135.4589038398982,-6.081029570212195,128.75632596626565,-18.769171312184426,124.04438483556271,-31.778203427175185,118.61877161332251,-41.99307576210697
215.19971877797548,85.79963345349478,212.5107780872961,83.37279253229701,214.10239709525297,70.81699064192594,237.09058739236343,52.95013458398603,236.21539144663257,17.267489366129382,225.08398576624563,13.811527156255408,204.3194130913256,19.93878772818931,187.47507251677644,22.92017160112721,168.37118728397638,21.688438557162556,155.0931752408958,14.8801689336658,143.8654672554934,6.26634133825911,136.07314876529733,-5.508108688206221,129.3451979366016,-18.195888536810685,124.69981612890797,-31.243971792758828,119.32591945537825,-41.55223128670019
215.27502983201657,86.60080474035459,212.4816834281712,84.1508249025265,213.5556782287365,71.48247509783562,236.8378800526283,53.76144323728289,236.97166284731043,17.62519325330959,225.94387390579186,13.537386984611942,205.1612899439972,19.78233003246089,188.3456231616733,22.92577109231877,169.1753018631191,21.926593039957538,155.85445506234066,15.263631229472594,144.54594893834542,6.73781161236144,136.69242275333215,-4.940539850432174,129.9333242942846,-17.62284786311386,125.35203386149942,-30.705658554226318,120.02880672912733,-41.10669258722902
215.35117068619502,87.40178797968525,212.45478152907617,84.92892588962081,213.0045399269668,72.15148745192874,236.5755771395137,54.554515557930074,237.73772684003097,18.003506353530838,226.81064982984162,13.260796287150526,206.00256679317533,19.61407572140513,189.2146360008486,22.91648226379874,169.97946325992666,22.14950186573776,156.61957516577775,15.636872450839746,145.2293286944166,7.202606536286623,137.31647700623796,-4.378125736131267,130.52079284851413,-17.05003321097223,126.00098877096991,-30.16331439590209,120.72835669459829,-40.65650469449815
215.42825001438143,88.20255641421852,212.4302643364814,85.70703705627994,212.45381669491428,72.82447748670302,236.30469240731384,55.32796292814618,238.5106720030127,18.401920354380536,227.68256959744906,12.983288105262488,206.84300531080726,19.434141558382123,190.08157982329203,22.892289466793954,170.7832558385977,22.3569648355313,157.38821764170996,15.999861705783132,145.91547129961634,7.660772260867589,137.94506272624983,-3.8206690245447135,131.10769140848947,-16.47742850026424,126.64663159495274,-29.61699000211047,121.4300730101167,-40.20162686534633
215.50637649044666,89.00308328668592,212.4083237968573,86.48509996520409,211.90834303754957,73.50189498465625,236.02623961032282,56.08039673014986,239.2875869144741,18.81992694344609,228.55788926766832,12.706395480339268,207.68236716884064,19.24264430675197,190.9459234179933,22.853177052531294,171.5862639633309,22.548781750366004,158.16006458064078,16.352568102318514,146.604241529854,8.112354936937209,138.57793111560306,-3.267972394913727,131.69410778341023,-15.905017650868274,127.28891307108086,-29.066736057176,122.13399780356207,-39.741934697478314
215.58565878826164,89.80334183981921,212.38915185667395,87.26305617909333,211.37295345984296,74.18418972828619,235.7412325028348,56.810428346159654,240.06556015263368,19.25701780831497,229.4348648995533,12.431651453772133,208.52041403922306,19.03970072987471,191.8071355739421,22.799129372237644,172.38807199832502,22.724752411269947,158.93479807307324,16.694960748461654,147.29550416103905,8.5574007153283,139.21483337653285,-2.7198385264795206,132.2801297824759,-15.332784582662725,127.92778393698734,-28.512603245423065,122.83918940497745,-39.277300312571185
215.666205581697,90.60330531635009,212.37294046240197,88.0408472606477,210.85248246676485,74.87181150009059,235.45068483914395,57.51666915839422,240.84168029570992,19.71268463657458,230.31175255215828,12.160589066952525,209.35690759390195,18.825427591110554,192.66468508012792,22.730130777139948,173.1882643077787,22.88467661927109,159.7121002095107,17.027008752228426,147.98912396908065,8.99595574687379,139.85552071127427,-2.176070098483308,132.865845214886,-14.760713215525982,128.56319493030526,-27.954642251175983,123.54470614440572,-38.80759583230207
215.74812554462346,91.40294695901014,212.35988156051155,88.81841477256728,210.35176456328588,75.5652100825672,235.15561037354462,58.19773054907205,241.6130359219211,20.186419115812384,231.18680828453716,11.89474136127177,210.19160950482478,18.5999416538196,193.51804072554046,22.646165618465034,173.98644931622482,23.028354201897855,160.49165308045622,17.348681221634592,148.6849657298883,9.428066182406553,140.4997443220626,-1.6364697901662453,133.4513418898399,-14.18878746933649,129.19509678866757,-27.392903758759303,124.24960635189007,-38.33269337834821
215.83152735091187,92.20224001053111,212.350167097473,89.59570027755217,209.87563425437622,76.2648352582138,234.85702286033063,58.85222390041184,242.3767156094858,20.67771293361585,232.0582881557442,11.635641378121193,211.02428144393912,18.363359681361885,194.3666712991694,22.547218247439787,174.7877690913051,23.155679794475247,161.27313877641325,17.659947264695916,149.38289421937134,9.853778172759462,141.14725541113307,-1.100840280769546,134.036707616537,-13.616991263972636,129.82344024970746,-26.827438452497347,124.95294835747336,-37.85246507238662
215.91651967443306,93.0011577136446,212.3439890197568,90.3726453383025,209.42892604500662,76.9711368095281,234.5453848221572,59.478845062165476,243.12980793662234,21.18605777757233,232.9244482248332,11.384822158892234,211.8546850831924,18.115798437097567,195.21004559000426,22.433273015291093,175.59605317252976,23.2668558107423,162.05623938788483,17.96077598942827,150.08277421343894,10.273137868765332,141.79780518072073,-0.5689842495344806,134.6220302041769,-13.045308519312755,130.44817605105789,-26.25829701671455,125.65379049119872,-37.36678303609449
216.00321118905777,93.7996733110823,212.34153927383318,91.14919151751837,209.01647444014725,77.68456451900795,234.17303319272628,60.07776801256955,243.8694014815494,21.710945335269287,233.78354455085855,11.143816744976164,212.68258209453234,17.85737468438674,196.0476323870348,22.304314273245836,176.41087321115413,23.362147010702984,162.84063700537422,18.251136503847363,150.7844704880007,10.686191421257092,142.45114483306088,-0.0407043757022052,135.2073974619591,-12.473723155235234,131.06925493035203,-25.68553013573535,126.35119108310914,-36.875519391148885
216.0917105686567,94.59776004557591,212.34608551696022,91.92528037789981,208.64311394476874,78.40556816915102,233.73752936976882,60.65042520506307,244.59258482248515,22.251867294294186,234.63383319287414,10.914158177764307,213.50773414990613,17.588205186589505,196.87890047925066,22.16032637253096,177.23180085843353,23.44181815436133,163.62601371938456,18.530997915969124,151.48786278177909,11.092984981067616,143.1070255703886,0.48419666148606666,135.79289719908286,-11.902219091618576,131.68662762522297,-25.109188493884176,127.04420846324763,-36.378546259226994
216.18212648710073,95.39539115985713,212.3626389724932,92.7008534821469,208.3136790638414,79.13459754245508,233.24296288056132,61.1982892732392,245.2964465376483,22.808315342234494,235.473570209934,10.69737949864816,214.32990292126158,17.308406707065956,197.7047331225241,22.0014098342873,178.05840776562354,23.506134001721307,164.41205162041933,18.80032933380926,152.1943642852424,11.493564699029719,143.7651985949392,1.0059161827891785,136.37861722474793,-11.330780248341057,132.30024487330354,-24.52932277548541,127.73190096165717,-35.87573576200589
216.27456761826068,96.19253989665748,212.39110421562168,93.47585239295984,208.0330043023357,79.87210242141794,232.69342325238028,61.72283285069096,245.97807520525714,23.37978116667756,236.30101166109228,10.495013749018995,215.14885008054603,17.018096009176247,198.5274145561683,21.828365088971736,178.89026558397927,23.55535931278689,165.19843279898146,19.05909986538353,152.90495662082617,11.88797672597633,144.42541510894785,1.52465150896586,136.96464534815357,-10.759390545281121,132.91005741222705,-23.94598366486349,128.4133269083809,-35.366960021162754
216.36914263600704,96.98917949870878,212.43131286182904,94.25021867303855,207.80592416522222,80.61853258853733,232.0930000125021,62.225528571011296,246.63455940353003,23.96575645521085,237.11441360540312,10.308593970268134,215.96433729970704,16.717389856280477,199.3472781387744,21.64225341762159,179.72694596475628,23.58975884756211,165.9848393455743,19.30727861870787,153.61962028642995,12.276267212740265,145.08742631464963,2.040599960774898,137.55106937849928,-10.188033902317159,133.51601597962633,-23.35922184634279,129.0875446334618,-34.85209115837466
216.4659602142109,97.78528320874267,212.48309652659862,95.02389388508328,207.63525404771542,81.37433487808289,231.44578268820328,62.70784906779329,247.2629877106857,24.565732895421775,237.91203210192054,10.13965320378702,216.77612625069207,16.406405011738684,200.16462524264614,21.444136544169282,180.5680205592098,23.60959736605099,166.77095335070112,19.544834701797924,154.33833577995313,12.658482310154454,145.75098341427986,2.553958858975136,138.13797712498467,-9.616694239327614,134.1180713131347,-22.769088004247806,129.75361246694285,-34.3310012953188
216.56512902674285,98.58082426949073,212.54628682541374,95.79681959179402,207.48357391711272,82.13963572871086,230.7558608067601,63.17126697463004,247.86044870494243,25.179202174897853,238.6921232096986,9.989724490966978,217.5839786054487,16.085258238911024,200.97975724008677,21.235076192547126,181.41306101859527,23.615139628257452,167.55645690486506,19.77173722266963,155.061083599295,13.03466816905177,146.4158376100737,3.0649255243253606,138.72545639680902,-9.045355476190764,134.71617415038497,-22.175632822902855,130.4105887388671,-33.803562553672236
216.66675774747375,99.37577592368473,212.62071537375778,96.5689373558709,207.3354001702769,82.91395796976224,230.02732389544894,63.61725492511448,248.42403096451858,25.805655981226494,239.4529429877913,9.860340873199334,218.38765603592435,15.754066301157593,201.79297550340004,21.016134086687373,182.26163899416804,23.60665039418552,168.34103209856937,19.987955289338743,155.78784424235516,13.404870940265027,147.08174010426637,3.5736972775843583,139.31359500317194,-8.474001532785167,135.31027522901036,-21.578906986632433,131.0575317792775,-33.26964705511216
216.77095505027444,100.17011141405635,212.70621378711394,97.34018874001396,207.1910040623551,83.69675761312237,229.26426148154655,64.0472855528397,248.95082306763277,26.44458600199505,240.1927474952529,9.753035391875471,219.18692021406673,15.412945961838545,202.60458140488936,20.788371950522446,183.11332613718344,23.58439442383923,169.12436102231732,20.19345800982103,156.51859820703282,13.769136774627157,147.74844209909293,4.080471439510916,139.9024807532728,-7.9026163289890405,135.9003252866438,-20.978961179760915,131.6934999182173,-32.72912692131564
216.87782960901552,100.96380398333713,212.80261368096558,98.11051530692339,207.05065684849444,84.48749067067666,228.4707630923291,64.46283149139867,249.43791359250338,27.09548392479104,240.9097927911372,9.669341088386773,219.98083683631933,15.062056749827207,203.41487631685845,20.5528515079846,183.9676940988969,23.548636477222487,169.9065287720117,20.388214492132306,157.25332599122737,14.127511822970973,148.41569479678856,4.58544533086382,140.49220145631114,-7.3311837846808885,136.48627519337185,-20.37584608661274,132.31755148572915,-32.18187427395986
216.98749009756784,101.75682687425888,212.90974667079604,98.87985861929917,206.91462978384232,85.28561315431034,227.65091825507307,64.86536537438451,249.8823911173489,27.757841437201876,241.60375747135492,9.610791004124508,220.76576101292028,14.70249966773656,204.22416161161073,20.310634483006197,184.8243145305638,23.499641314339385,170.69124952880145,20.572193844288392,157.99200809283832,14.480042236129407,149.08324939958868,5.088816272401857,141.0828449214864,-6.759687819739099,137.06821347422442,-19.769612391512283,132.9287448118564,-31.627761234721845
217.10004518980213,102.54915332955318,213.02744437208867,99.64816023984145,206.78319412354563,86.0905810759088,226.80881649705498,65.25635983539019,250.28134422038772,28.431150226814964,242.28899274429432,9.578918180480116,221.54236602668584,14.336294363026695,205.0327386614499,20.062782599519608,185.68275908343935,23.437673695193837,171.47947081243933,20.74536517430505,158.73462500976507,14.82677416493533,149.75085710972826,5.590781584883928,141.67449895799803,-6.188112354042062,137.64626340213022,-19.16031077878398,133.52613822664193,-31.066659925278884
217.21560355958934,103.34075659195173,213.1555384003267,100.4153617312503,206.65662112275163,86.90185044735739,225.9485473455511,65.6372875080088,250.63186147983822,29.114901981217827,242.96946919726156,9.57525565884498,222.31203573484413,13.965498682029988,205.8409088386794,19.81035758145714,186.5425994087792,23.36299837978993,172.27115843716035,20.907697590198154,159.48115723990702,15.167753760221558,150.4182691294426,6.091538589068705,142.2672513750456,-5.616441307468108,138.2204508827083,-18.547991932752268,134.10879006012885,-30.49844246730794
217.33427388080008,104.13160990418623,213.29386037099357,101.18140465622582,206.53518203660758,87.71887728054139,225.07420032783807,66.00962102583333,250.931031473919,29.80858838799776,243.6449541678919,9.601336480610371,223.07615399462338,13.592170471078873,206.64897351560273,19.55442115275116,187.4034071578384,23.275880128131575,173.06627821719928,21.05916019998341,160.23158528116358,15.503027172820964,151.08523666096676,6.591284605715032,142.8611899818285,-5.044658599895683,138.79080182157782,-17.93270653774158,134.67575864236005,-29.92298098248625
217.4561648273052,104.92168650898827,213.44224189957254,101.9462305774681,206.4191481202605,88.5411175873462,224.18986497119215,66.37483302245681,251.17594278084846,30.51170113474234,244.31521499382097,9.65869368716767,223.8361046632516,13.218367576505784,207.45723406452362,19.296035037333922,188.26475398187256,23.176583700222807,173.86479596679078,21.199722111676692,160.98588963143402,15.832640553566478,151.75151090653605,7.090216955581639,143.4564025875461,-4.472748151203234,139.35734212435773,-17.314505278076297,135.22610230337864,-29.340147592490894
217.58138507297542,105.7109596490896,213.60051460154693,102.70978105767722,206.30879062885776,89.36802737965712,223.29963080288985,66.7343961314723,251.36368397884507,31.223731909038918,244.9800190126839,9.74886031990826,224.59327159795703,12.846147844643099,208.26599185774558,19.036260959137792,189.12621153213695,23.065373856067595,174.66667750016995,21.329352433293764,161.74405078861787,16.15664005329097,152.41684306838567,7.588532959427482,144.05261807314332,-3.900693881269035,139.9200976966672,-16.693438838080795,135.75887937322761,-28.749814418998994
217.71141582497387,106.49940256722186,213.7685100924001,103.47199765955327,206.20438081754628,90.19906266935953,222.40758735020768,67.08978298647281,251.49134364612723,31.94417239847496,245.63913356211629,9.873369420223526,225.34903865596766,12.477569121823308,209.075548267572,18.77616064209508,189.9873514598869,22.94251535566997,175.47188863157135,21.448020272850385,162.5060492506144,16.47507182282726,153.0809843487507,8.086429938011179,144.6488446175083,-3.328479709971589,140.47909444412517,-16.069557902079566,136.2793801075718,-28.151853583687682
217.84981072784228,107.2869885061167,213.94605998761529,104.23282194579633,206.10618994147342,91.03367946833868,221.5178241404219,67.4424662210514,251.55601036091343,32.67251429063788,246.2923259797535,10.033754029504735,226.1047896945115,12.114689254378732,209.88620466630664,18.516795810138206,190.84774541637785,22.8082729590339,176.28039517523007,21.555694738362433,163.27186551532316,16.787982013008218,153.7436859498664,8.584105212091629,145.24501898078302,-2.7560895571892274,141.0343582723507,-15.44291315439699,136.79496302233667,-27.546137208234143
217.99649692366597,108.07369070850581,214.13299590267593,104.9921954791065,206.01448925578632,91.87133378848,220.63443070080916,67.79391846880111,251.56371465131917,33.40824927311513,246.93936360323085,10.231547189143328,226.86190857081692,11.759566088641861,210.698262426253,18.259228187199426,191.70696505286514,22.66291142616336,177.09216294538066,21.652344937845726,164.0414800806435,17.095416774666774,154.404699073968,9.081756102427619,145.84114213054295,-2.1835073428003966,141.5859150869627,-14.813555279357502,137.30542329567152,-26.932537414315448
218.15120223928602,108.85948241712089,214.32914945306527,105.75005982218386,205.92955001563212,92.71148164166874,219.76149655864572,68.14561236331491,251.5622971373133,34.15086903349413,247.58001377018365,10.468281940530574,227.6217791421119,11.414257470945131,211.51202291971458,18.004519497211106,192.564582020604,22.506695517062383,177.90715775625813,21.737939979315968,164.81487344447487,17.397422258635743,155.06377492329068,9.579579929777879,146.43721503436313,-1.6107169866834283,142.1337907935805,-14.181534961285479,137.8105309781664,-26.310926323608726
218.31365450154328,109.64433687469352,214.53435225426665,106.5063565377285,205.85164347615807,93.55357903979024,218.90311124120808,68.4990205381859,251.55794896832379,34.89986525936234,248.21404381824743,10.74549132505797,228.38578526562446,11.080821247620918,212.3277875189949,17.753731464105556,193.42016797085012,22.339889991734992,178.72534542209723,21.812448970789035,165.59202610471652,17.694044615748055,155.7206647000695,10.077774014901252,147.03323865981895,-1.0377024087167683,142.67801129782288,-13.546902884505414,138.31005612041088,-25.681176057791106
218.48358153727906,110.42822732395541,214.74843592176342,107.26102718844055,205.78104089251121,94.39708199472994,218.06336427577264,68.85561562700707,251.5490819557508,35.654729638307174,248.84122108505755,11.064708384116727,229.15531079858283,10.761315265001656,213.14585759639772,17.50792581181514,194.27329455485858,22.162759610185105,179.54669175713286,21.87584102028069,166.372918559268,17.985329996836526,156.37511960653967,10.576535678556525,147.62921397448565,-0.46444752877880546,143.21860250530904,-12.909709733341629,138.803768772995,-25.043158738539717
218.6607111733341,111.21112700763831,214.9712320710389,108.01401333702006,205.7180135198388,95.2414465183731,217.2463451896158,69.2168702633715,251.53410791099486,36.41495385791609,249.4613129082495,11.427466159098287,229.93173959821513,10.457797369419723,213.9665345242264,17.268164264272116,195.12353342388485,21.97556913241681,180.3711625755999,21.92808523580669,167.15753130602866,18.271324552734086,157.02764065106908,11.076062241502541,148.22514194593862,0.10906373325212826,143.7555903216579,-12.270006192118558,139.2914389865084,-24.396746487531743
218.84477123654972,111.99300916847375,215.20257231757626,108.76525654616711,205.66283261328783,96.08612862260503,216.45614351001404,69.58425708087219,251.51143864545634,37.1800296057765,250.07408662545845,11.835297691393976,230.71645552174937,10.172325407207609,214.79011967478448,17.035508545408902,195.97045622918426,21.778583318434016,181.198723691733,21.969150725382974,167.94584484289794,18.55207443427355,157.68006250693497,11.57655102449803,148.821023541753,0.6828474574975871,144.28900065248865,-11.627842945160637,139.77283681154108,-23.7418114264442
219.03548955376675,112.77384704919353,215.44228827685902,109.51469837858178,205.61576942800582,96.93058431931115,215.6968487642439,69.95924871310217,251.4794859705355,37.949448569475805,250.67930957431997,12.289736022395175,231.51084242641377,9.906957224697692,215.61691442037568,16.81102037915781,196.81363462201216,21.57206692824076,182.02934091976704,21.999006597025186,168.73783966777512,18.82762579228779,158.33248436280076,12.07819934830178,149.41685972950404,1.2569197240791254,144.81885940342033,-10.983270676792301,140.24773229868276,-23.078225676954276
219.2325939518263,113.5536138925292,215.69021156437043,110.26228039696423,205.57709521913966,97.77426962037669,214.97255047958174,70.34331779365448,251.43666169763287,38.72270243660154,251.27674909246934,12.792314193493269,232.31442668485192,9.663750668222406,216.44684449583485,16.59576148945115,197.6526402536241,21.356284721841007,182.8629800739369,22.01762195874926,169.5334962785597,19.098024777609737,158.98490621866654,12.581204533672633,150.01265147676713,1.8312966131184112,145.34519248007177,-10.336340071337986,140.7158954985232,-22.405861360739152
219.4358122575693,114.33228294121255,215.94617379559384,111.00794416401448,205.5470812418365,98.61664053768703,214.28033793040117,70.73793695612221,251.3813776381487,39.49928289474104,251.86617251754205,13.344565246079526,233.12257272751833,9.444763584114185,217.27866567384,16.39079360022123,198.4870447752752,21.13150145923879,183.69960696847738,22.0249659185709,170.332795173151,19.363317541072206,159.63732807453243,13.085763901369376,150.60839975111753,2.4059942047370555,145.86802578806225,-9.68710181312207,141.17709646165235,-21.724590599475846
219.64487229783697,115.10982743797513,216.21000658601258,111.75163124243267,205.52599875124372,99.4571530831276,213.59581703941058,71.1445788340983,251.3120456034835,40.27868163148179,252.44734718717348,13.94802222154533,233.93496179480076,9.252053818705406,218.11222281248615,16.197178435400474,199.316419838221,20.897981900438083,184.53918741762334,22.021007584505924,171.1357168494485,19.623550233508126,160.28974993039822,13.592074772150795,151.2041055201305,2.9810285790566695,146.3873852330106,-9.03560658646893,141.63110523865987,-21.0342855148416
219.85950189947016,115.88622062554867,216.4815415511099,112.49328319491877,205.51411900250844,100.29526326858354,212.91639838251467,71.56471606117577,251.22707740503756,41.06039033441124,253.02004043899888,14.60421816128212,234.75158985460632,9.087679218328503,218.9474852469815,16.015977718921135,200.14033709371677,20.655990805442855,185.38168723560966,22.00571606457021,171.9422418053516,19.878769005750257,160.942171786264,14.100334466775678,151.7997697513813,3.5564158161988644,146.9032967205361,-8.381905075703003,142.07769188013583,-20.334818228513427
220.07942888931007,116.66143574666489,216.76061030636913,113.23284158417306,205.51298448950286,101.13042710594038,212.241989365976,71.99982127094779,251.12488485421125,41.8439006911168,253.58401961065374,15.314686106681165,235.57245287484238,8.953697629315911,219.7844223125344,15.848253174715524,200.9583681930178,20.405792934257192,186.227072236671,21.97906046677946,172.75235053875974,20.12902000863164,161.5945936421299,14.610740306002867,152.39539341244517,4.1321719962851375,147.41578615625758,-7.72604796514878,142.51662643666987,-19.626060862168515
220.30438109419765,117.43544604405537,217.04704446727362,113.97024797289549,205.54989144268723,101.96210060708336,211.57249739605754,72.45136709700728,251.00387976240495,42.628704389185884,254.13905203977356,16.08095909913385,236.3975468234163,8.852166898000007,220.62300334435315,15.695066526716062,201.77054823870753,20.147653046884955,187.07530823504237,21.941009899149492,173.56602354757217,20.374349392984982,162.24701549799568,15.123489610591037,152.9909774708974,4.708313199437214,147.92487944579432,-7.068085939130583,142.94767895885184,-18.907885537483992
220.5340863409739,118.2082247604518,217.34067564930672,114.70544392378616,205.63289516031944,102.7897397838978,210.90782987902173,72.92082617294727,250.86247394101918,43.414293116205954,254.6849050639936,16.9045701800315,237.2268676682353,8.785144870713282,221.46319767764612,15.55747949885506,202.5784038346019,19.881835903330284,187.9263610449584,21.891533469696128,174.38324132968842,20.614803309643264,162.89943735386146,15.638779701299143,153.58652289431336,5.284855505776704,148.43060249476503,-6.408069681972904,143.3706194972715,-18.180164376136986
220.76827245647985,118.97974513858588,217.64133546795165,115.43837099954521,205.75814450676933,103.61280064826906,210.24789422113156,73.40967113236087,250.6990792014542,44.200158559764475,255.22134602094923,17.787052390765552,238.06041137720672,8.754689393788055,222.3049746476214,15.436553815064826,203.3823162966031,19.608606263597096,188.78019648065413,21.830600286435185,175.20398438300788,20.850427909439304,163.55185920972735,16.15680789888586,154.1820306502682,5.861814995425107,148.9329812087891,-5.746049878000065,143.7852181025188,-17.442769499804626
221.00666726755674,119.74998042118926,217.94885553869187,116.16897076287273,205.9217883464072,104.43073921208247,209.59259782864967,73.91937460884111,250.5121073551103,44.985792407448855,255.74814224827594,18.729938772727337,238.89817391823794,8.762858313556876,223.14830358948757,15.333351199277672,204.18253535729548,19.328228887689363,189.63678035636428,21.758179457382425,176.02823320542984,21.081269343205975,164.20428106559314,16.677771524110028,154.77750170633726,6.4392077485041455,149.43204149348537,-5.082077211536557,144.19124482518362,-16.69557303016404
221.2489986010453,120.51890385099364,218.26306747701062,116.89718477646875,206.11997554360312,105.24301148722344,208.94184810783884,74.45140923598092,250.29997021338806,45.7706863468465,256.2650610836091,19.73476236730812,239.7401512592361,8.811709476352064,223.9931538384527,15.248933375425906,204.9793107492634,19.040968535611114,190.49607848632365,21.674240090553667,176.85596829485382,21.307373761776205,164.85670292145892,17.201867897730438,155.37293703009584,7.017049845135318,149.9278092544729,-4.416202366906816,144.58846971585558,-15.938447088892303
221.4949942837867,121.28648867073059,218.58380289839124,117.6229546030334,206.34885496272705,106.04907348557714,208.2955524649616,75.00724764737339,250.0610795876878,46.55433206554483,256.771869864584,20.803056215899346,240.5863393681086,8.903300728506053,224.83949472972517,15.18436206744201,205.77289220509113,18.74708996736632,191.358056684767,21.57875129396473,177.68717014917922,21.52878731598281,165.5091247773248,17.729294340505874,155.96833758911907,7.595357365440293,150.4203103973707,-3.7484760284352205,144.97666282512455,-15.171263797666654
221.74438214262204,122.05270812313188,218.91089341831707,118.3462218052668,206.60457546814916,106.84838121902908,207.6536183062808,75.58836247661162,249.79384728940977,47.336221251131406,257.2683359288362,21.936353359892394,241.43673421276287,9.039689916351278,225.6872955985133,15.14069899925812,206.5635294573632,18.44685794295907,192.22268076592945,21.471682175631372,178.52181926630533,21.745556156658665,166.1615466331906,18.26024817319518,156.56370435098245,8.174146389540681,150.9095708277979,-3.0789488804461485,145.3555942035805,-14.39389527816411
221.9968900043923,122.81753545092914,219.24417065227135,119.06692794586894,206.88328592423943,107.64039069946449,207.01595303805925,76.19622635728854,249.49668512995459,48.11584559119353,257.7542266140009,23.13618684067859,242.291331761106,9.222934886220173,226.53652578002539,15.119005894806719,207.35147223866386,18.14053722239322,193.08991654404554,21.353001843569473,179.35989614413165,21.95772643463664,166.81396848905638,18.794926716557086,157.1590382832611,8.753432997558093,151.3956164513736,-2.407671607264035,145.72503390181305,-13.606213652061854
222.25224569593843,123.58094389685408,219.58346621573753,119.78501458754005,207.18113519536803,108.42455793876877,206.38246406655958,76.83231192299723,249.1680049207224,48.892696773318676,258.2293092577137,24.404089699649262,243.15012798104533,9.455093484445115,227.3871546094697,15.120344478020058,208.13697028157742,17.828392565672857,193.95972983335014,21.222679405794736,180.2013812805576,22.165344300749666,167.46639034492227,19.33352729135038,157.75434035353032,9.333233269614084,151.87847317371666,-1.734694893213316,146.08475197041219,-12.80809104103696
222.5101770441015,124.34290670363833,219.92861172419884,120.50042329298009,207.49427214590492,109.20033894882721,205.75305879804466,77.49809180733075,248.80621847311363,49.6662664850943,258.6933511976098,25.741594978195792,244.01311884048823,9.738223557358594,228.23915142205465,15.145776472830562,208.92027331868826,17.510688732801952,194.83208644807826,21.08068397032298,181.04625517348245,22.3684559058305,168.11881220078806,19.87624721833396,158.34961152936546,9.913563285830321,152.35816690044624,-1.060069422618426,146.43451845996765,-11.999399566766613
222.77041187572274,125.10339711401355,220.27943879313875,121.21309562488915,207.8188456402204,109.96718974152515,205.12764463877693,78.19503864388213,248.40973759852886,50.43604641410781,259.1461197713247,27.150235717709563,244.88030030734194,10.074382951292932,229.09248555298836,15.196363603170425,209.70163108258066,17.18769048378448,195.70695220246455,20.926984645170023,181.89449832080572,22.567107400712132,168.77123405665384,20.423283818266498,158.94485277834167,10.49443912632836,152.8347235371814,-0.38384587980374363,146.7741034210693,-11.180011350927941
223.03267801764287,125.86238837071141,220.63577903804025,121.92297314596743,208.1510045426843,110.72456632874793,204.50612899501937,78.92462506624435,247.97697410836827,51.20152824794667,259.58738231649374,28.631544959581845,245.7516683495138,10.46562951258062,229.94712633747918,15.273167592972072,210.48129330583913,16.859662578624466,196.5842929107439,20.761550538351685,182.74609122042682,22.76134493622743,169.42365591251973,20.97483441190684,159.54006506803432,11.07587687122981,153.30816898954117,0.29392505090629584,147.10327690430688,-10.349798515198074
223.29670329670319,126.61985371646364,220.99746407438704,122.62999741891497,208.4868977176668,111.47192472238089,203.88841927303463,79.68832370801044,247.50633981403223,51.96220367419829,260.01690617075235,30.187055745204134,246.62721893491107,10.91402108755409,230.80304311073553,15.377250166167812,211.25950972104795,16.526869777325885,197.46407438715107,20.584350757883783,183.60101437024503,22.951214663209157,170.07607776838552,21.53109632001383,160.13524936601868,11.65789260065634,153.77852916314453,0.9731926851872572,147.42180896027037,-9.508633181254083
