1,,2,,3,,4,,5,,6,,7,,8,,9,,10,,11,,12,,13,,14,
83.04311073541845,-88.42016078217767,73.46294730910114,-63.53427743475595,62.82333051563825,-33.84704159367391,48.80247957171042,-23.523006654254345,33.94759087066774,-15.31787844912617,34.28571428571439,6.254395430840191,36.92307692307696,29.043913604973625,34.082840236686536,50.6838121679491,32.93322062552835,72.59420946296171,26.17075232459871,93.55786119584428,20.828402366863713,110.53165663117824,13.863060016906331,133.18592543929316,6.424344885883386,148.87485189745038,0,164.631403038617
83.55489714848642,-87.86051383867033,74.24150726758438,-63.90279361320199,63.29377021627539,-34.24839920970646,49.49563196820981,-23.890601175622066,34.70513318346474,-15.74461329012496,34.32409764069831,5.444106354564212,36.92552968135743,28.21653522488168,34.249667349999356,49.86940023188487,33.0613269640499,71.83762461578496,26.40506383291637,92.80657598165661,21.113228079206976,109.83021969733556,14.229590156682605,132.4664348329142,6.7430678809532765,148.14572941588824,0.3342165049860455,163.93425321372024
84.0645779435726,-87.29900820336513,75.01691410158907,-64.25133142833818,63.76837352221668,-34.66323427105897,50.187329987867486,-24.25973877251687,35.461570810840215,-16.16976208079575,34.377833649562206,4.639243907587513,36.93279396203587,27.386949196036312,34.41600272433169,49.0556198959037,33.18840287870097,71.08002463808634,26.639397938714353,92.05497868980083,21.396979169584768,109.12752264594619,14.594828500186793,131.7458084795246,7.061585463805386,147.4178212177401,0.6684863876814688,163.23717802766944
84.57209492908629,-86.73564630176077,75.78909415078414,-64.5800679125565,64.24710408500204,-35.09098800598815,50.87756351186516,-24.630443818337994,36.216903080034,-16.59340022238979,34.44639287774061,3.839829101529915,36.944728773867666,26.555242363563707,34.58167439084917,48.2424501674177,33.314388729553514,70.32143279732443,26.873569891404088,91.3030691612955,21.679531127976986,108.42357985735512,14.958663732380444,131.02405242159335,7.379892614658786,146.69109778947217,1.002809582300415,162.54017628328052
85.07738991343643,-86.17043055935585,76.55797375483832,-64.88918009824914,64.72992555617151,-35.531101642750684,51.566322421384996,-25.00274068648463,36.97112931828616,-17.01560311615839,34.52924589066771,3.04588294801124,36.961193125608304,25.72150157259034,34.746510380717325,47.42987005383907,33.43922487667993,69.56187236095789,27.107394940397228,90.5508472371591,21.960759444363532,107.71840571190731,15.32098453822465,130.3011727015893,7.697984313732604,145.9655296175506,1.3371860230568586,161.84324678336935
85.5804047050321,-85.60336340164912,77.32347925342032,-65.1788450178081,65.21680158726514,-35.98301640960341,52.253596597608805,-25.37665375035607,37.72424885283664,-17.43644616335291,34.62586325377782,2.2574264586513095,36.982046026013165,24.885813668242406,34.910338725101894,46.61785856257984,33.562851680152164,68.80136659644538,27.340688335105312,89.79831275841013,22.24053960872419,107.01201458994774,15.681679602681072,129.5771753619813,8.015855541245912,145.24108718844164,1.6716156441648309,161.14638833075185
86.08108111228245,-85.03444725413914,78.08553698619909,-65.4492397036255,65.70769582982297,-36.44617353480294,52.93937592171841,-25.752207383351504,38.47626101092516,-17.85600476522461,34.73571553250537,1.4744806450700025,37.007146483837744,24.048265495646262,35.0729874551684,45.806394701052284,33.685209500042276,68.03993877124552,27.573265324939996,89.04546556606715,22.51874711103909,106.30442087182143,16.04063761071069,128.85206644523825,8.333501277417838,144.5177409886115,2.0060983798383063,160.44959972824395
86.57936094359644,-84.46368454232464,78.84407329284335,-65.70054118809344,66.20257193538504,-36.92001424660606,53.623650274895965,-26.129425958870172,39.22716511979178,-18.274354323024795,34.85827329228465,0.6970665188870839,37.03635350783742,23.208943899928215,35.23428460208271,44.995457476668435,33.806238696422554,67.27761215281691,27.80494115931282,88.29230550114866,22.79525744128813,105.5956389378733,16.397747247275163,128.12585199382903,8.65091650246751,143.79546150452634,2.340634164291316,159.75287977866154
87.07518600738325,-83.89107769170425,79.59901451302193,-65.93292650360394,66.70139355549139,-37.40397977326944,54.30640953832341,-26.508333850311374,39.97696050667656,-18.69157023800483,34.99300709854998,-0.07479490827762447,37.06952610676768,22.36793572621457,35.39405819701034,44.18502589684056,33.92587962936494,66.51441000861826,28.035531087635206,87.53883240467317,23.06994608945098,104.8856831684484,16.7528971973357,127.3985380502225,8.968096196613999,143.07421922265243,2.675222931737949,159.0562272848205
87.56849811205194,-83.31662912777654,80.35028698640355,-66.1465726825491,67.20412434168219,-37.89751134304993,54.98764359318244,-26.888955431074237,40.72564649881912,-19.10772791141602,35.13938751673555,-0.8410826248041872,37.10652328938403,21.525327819631684,35.55213627111692,43.37507896898069,34.04407265894173,65.75035560610814,28.264850359318928,86.78504611765922,23.34268854550777,104.17456794389162,17.105976145853617,126.67013065688758,9.28503534007649,142.3539846294559,3.0098646163921785,158.35964104953678
88.05923906601146,-82.74034127604028,81.09781705265704,-66.341656757321,67.71072794549724,-38.40005018420413,55.66734232065522,-27.27131507455806,41.47322242345962,-19.522902744509565,35.2968851122759,-1.6017756190728392,37.14720406444172,20.68120702530581,35.708346855568095,42.565595700501035,34.160758145224975,64.98547221274521,28.49271422377541,86.03094648112528,23.613360299438398,103.46230764454805,17.456872777790238,125.94063585629311,9.601728913073941,141.634728211403,3.3445591524680367,157.66311987562625
88.54735067767109,-82.16221656199411,81.84153105145111,-66.51835576031175,68.22116801847659,-38.91103752498884,56.345495601923574,-27.65543715416203,42.2196876078379,-19.937170138536942,35.46497045060522,-2.3568528794637587,37.19142744069626,19.835660188363363,35.86251798152949,41.75655509881369,34.27587644828674,64.21978309598808,28.718937930416303,85.2765333360899,23.88183684122265,102.74891665076257,17.805475778106995,125.21005969090803,9.918171895825651,140.91642045495993,3.679306474179498,156.9666625659048
89.03277475543968,-81.5822574111366,82.58135532245461,-66.67684672391346,68.73540821216051,-39.42991459366078,57.022093318169425,-28.041346043285444,42.965041379193906,-20.35060549474929,35.64311409715782,-3.106293394357067,37.23905242690324,18.988774153930535,36.01447768016686,40.947936171330866,34.38936792819908,63.45331152329544,28.94333672865315,84.5218065235716,24.14799366084054,102.03440934288022,18.15167383176521,124.47840820320116,10.23435926855069,140.19903184659287,4.01410651574065,156.2702679231884
89.5154531077265,-81.00046624896652,83.31721620533648,-66.81730668051807,69.25341217808881,-39.956122618476684,57.69712535057482,-28.429066115327487,43.70928306476759,-20.763284214398027,35.83078661736812,-3.8500761521329423,37.28993803181794,18.140635767133745,36.16405398264584,40.13971792546465,34.5011729450344,62.686080762125926,29.165725867897606,83.76676588458886,24.41170624827197,101.31880010124598,18.495355623726198,123.7456874356414,10.550286011468017,139.48253287276808,4.348959211365525,155.57393475029292
89.9953275429404,-80.41684550098239,84.0490400397652,-66.93991266251777,69.77514356780176,-40.48910282769327,58.370581580321584,-28.81862174368746,44.45241199179878,-21.175281698734466,36.027458576670426,-4.58818014117162,37.34394326419573,17.29133187309924,36.31107492013206,39.331879368627256,34.611231858864414,61.91811407993811,29.385920597561096,83.01141126016026,24.67285009349672,100.60210330620481,18.836409838951397,123.01190343069766,10.86594710479693,138.76689401995168,4.683864495268097,154.87766185003426
90.47233986949078,-79.831397592683,84.77675316540984,-67.04484170230461,70.30056603283907,-41.02829644956722,59.042451888591756,-29.210037301764544,45.194427487527435,-21.586673349009857,36.23260054049905,-5.3205843498531635,37.40092713279222,16.440949316953322,36.45536852379104,38.524399508230715,34.71948502976164,61.149434744190614,29.60373616705516,82.25574249130426,24.931300686494808,99.8843333381017,19.1747251624019,122.2770622308388,11.181337528756387,138.05208577460994,5.0188223016623965,154.18144802522832
90.94643189578636,-79.24412494956692,85.500281921939,-67.13227083227065,70.82964322474112,-41.57314471235537,59.71272615656716,-29.603337162957928,45.935328879193605,-21.997534566475565,36.44568307428818,-6.047267766557866,37.46074864636279,15.589574943822413,36.59676282478853,37.717257351687294,34.825872817797915,60.38006602234219,29.818987825791567,81.49975941903938,25.186933517246246,99.16550457728164,19.510190279039364,121.54116987853368,11.496452263565573,137.33807862320904,5.353832564762513,153.485292078691
91.41754543023643,-78.65502999713283,86.21955264902164,-67.202377084808,71.36233879504772,-42.12308884431434,60.38139426542983,-29.998545700666966,46.675115494037016,-22.4079407523829,36.66617674347236,-6.768209379665734,37.52326681366293,14.737295598832702,36.735085854290276,36.91043190640903,34.93033558304552,59.610031181851355,30.031490823181855,80.74346188438417,25.439624075730705,98.4456314040896,19.842693873824885,120.80423241625118,11.811286289443672,136.62484305221517,5.6888952187823065,152.78919281323823
91.88562228125005,-78.06411516087934,86.93449168632645,-67.2553374923088,71.89861639529892,-42.677570073700906,61.0484460963616,-30.395687288290787,47.41378665929773,-22.81796730798311,36.89355211348578,-7.483388177557117,37.58834064344791,13.884198127110551,36.87016564346169,36.10390217980813,35.0328136855764,58.83935349017685,30.24106040863734,79.98684972835713,25.689247851928315,97.72472819887054,20.172124631719896,120.06625588646023,12.125834586609642,135.91234954809457,6.024010197935979,152.09314903168593
92.35060425723617,-77.47138286630519,87.64502537352217,-67.29132908716497,72.43843967703486,-43.2360296287718,61.71387153054451,-30.79478629922869,48.15134170221569,-23.227689634527508,37.12727974976275,-8.192783148612023,37.65582914447333,13.030369373782321,37.00183022346863,35.297647179296746,35.133247485462846,58.06805621477719,30.447511831569898,79.22992279197678,25.935680335818745,97.00280934196948,20.49837123768583,119.32724633162968,12.440092135282669,135.20056859731343,6.359177436437449,151.39715953684993
92.81243316660408,-76.87683553890895,88.35108005027774,-67.31052890176869,72.9817722917955,-43.79790873778376,62.37766044916049,-31.19586710687986,48.88777995003062,-23.637183133267456,37.366830217737686,-8.896373281210685,37.72559132549458,12.17589618397426,37.12990762547662,34.49164591228697,35.231577342776916,57.296162623111115,30.65066034139096,78.47268091626162,26.178797017382237,96.2798892137314,20.82132237668378,118.58720979422841,12.754053915681823,134.48947068633794,6.694396868500803,150.70122313154621
93.27105081776261,-76.28047560418935,89.05258205626177,-67.31311396851208,73.52857789112096,-44.36264862899344,63.039802733391355,-31.598954084643594,49.623100729982696,-24.046523205454264,37.611674082844786,-9.594137563733284,37.79748619526714,11.320865402812728,37.25422588065129,33.68587738619101,35.32774361759067,56.52369598263721,30.850321187512066,77.71512394223018,26.41847338659835,95.55598219450124,21.14086673367541,117.84615231672532,13.06771490802629,133.7790263016343,7.029668428340017,150.00533861859066
93.72639901912095,-75.68230548764495,89.7494577311432,-67.29926131978709,74.0788201265512,-44.929690530657695,63.70028826441916,-32.00407160591902,50.35730336931175,-24.45578525233924,37.861281910518585,-10.286054984559996,37.87137276254629,10.465363875424032,37.374613020158506,32.88032060842096,35.421686669976395,55.75067956081415,31.04630961934498,76.95725171090098,26.654584933447325,94.83110266462401,21.456892993621807,117.10407994158925,13.38107009253514,133.06920592966875,7.364992050169121,149.30950480079915
94.17841957908826,-75.0823276147745,90.44163341459085,-67.26914798798595,74.63246264962623,-45.498475671033134,64.35910692342571,-32.4112440441055,51.09038719525773,-24.865044675173635,38.11512426619316,-10.972104532070944,37.94711003608762,9.609478446934475,37.49089707516356,32.074954586389026,35.513346860005925,54.97713662510051,31.238440886300907,76.19906406329252,26.88700714790872,94.10526500444468,21.76928984148452,116.36099871128911,13.694114449427445,132.35998005690746,7.700367668202091,148.61372048098764
94.62705430607338,-74.48054441107666,91.12903544627335,-67.22295100550059,75.18946911188624,-46.068445278376544,65.01624859159307,-32.820495772602214,51.82235153506048,-25.274376875208816,38.372671715303056,-11.652265194646304,38.024557024646526,8.75329596247036,37.602906076832426,31.269758327507247,35.60266454775166,54.20309044295493,31.426530237791837,75.44056084042333,27.115615519962773,93.37848359430825,22.077945962224646,115.61691466829379,14.006842958922391,131.65131916981662,8.03579521665307,147.91798446197197
95.0722450084856,-73.87695830204996,91.81159016585951,-67.1608474047232,75.74980316487114,-46.63904058094471,65.67170315010327,-33.23185116480835,52.55319571595993,-25.68385725369609,38.63339482328246,-12.326515960666313,38.10357273697849,7.896903267158052,37.710468056330626,30.464710839187887,35.689580093285656,53.42856428183609,31.61039292322897,74.68174188331193,27.34028553958916,92.6507728145597,22.382750040803728,114.87183385507217,14.319250601238934,130.94319375486248,8.371274629735979,147.22229554656812
95.51393349473398,-73.27157171319317,92.48922391301818,-67.08301421804583,76.31342846012086,-47.209702806994244,66.32546048013802,-33.6453345941232,53.282919065196154,-26.09356121188671,38.89676415556568,-12.994835818511035,38.1840161818389,7.040387206123796,37.81341104482368,29.659791128842983,35.774033856679864,52.653581409202616,31.78984419202419,73.92260703297683,27.560892696767894,91.922147045544,22.683590762183087,114.1257623140931,14.631332356596374,130.2355742985112,8.706805841664846,146.52665253759193
95.95206157322747,-72.66438707000492,93.16186302741818,-66.98962847786055,76.88030864917567,-47.779873184781934,66.97751046287937,-34.060970433945954,54.01152091000887,-26.503564151032037,39.162250277587134,-13.657203756560705,38.26574636798313,6.183834624494011,37.91156307347745,28.854978203884798,35.85596619800657,51.87816509251314,31.964699293588808,73.16315613043656,27.777312481478873,91.19262066760609,22.98035681132393,113.37870608782546,14.943083205213782,129.52843128722904,9.04238878665376,145.83105423785932
96.38657105237513,-72.05540679798384,93.82943384872834,-66.88086721655941,77.45040738357551,-48.34899294256445,67.62784297950913,-34.47878305767591,54.73900057763814,-26.913941472383385,39.42932675999617,-14.313598763195444,38.34862230416678,5.327332367394888,38.00475217345746,28.05025107172537,35.93531747733783,51.1023385992263,32.13477347733459,72.40338901670961,27.989420383701997,90.46220806109105,23.272936873187803,112.63067121873817,15.254498127310228,128.82173520748216,9.378023398916696,145.13549945018622
96.81740374058626,-71.44463332262859,94.49186271661728,-66.75690746653453,78.02368831486041,-48.916503308598635,68.27644791120946,-34.89879683871226,55.46535739532379,-27.32476857719206,39.710370684723955,-14.963999826795487,38.43250299914513,4.470967279952788,38.092806375929456,27.24558873977685,36.01202805474571,50.326125196800774,32.299881992672965,71.64330553281451,28.197091893417166,89.73092360634377,23.5612196327358,111.88166374930012,15.565572103104785,128.11545654573678,9.713709612667628,144.43998697738854
97.24450144626968,-70.83206906943781,95.14907597075393,-66.61792626017797,78.60011509457041,-49.48184551114116,68.92331513916218,-35.32103615045429,56.190590690305896,-27.73612086670937,40.01668135371057,-15.608385935740898,38.51724746167366,3.6148262072940724,38.17555371205884,26.440970215451443,36.0860382903025,49.54954815269508,32.459840089015586,70.88290551976976,28.40020250060428,88.99878168370927,23.84509377492958,111.13168972198014,15.876300112816637,127.40956578845908,10.049447362120702,143.74451562228214
97.66780597783458,-70.21771646391016,95.80099995080701,-66.46410062988184,79.17965137424557,-50.044460778448695,69.56843454454912,-35.74552536630114,56.91469978982428,-28.14807374218657,40.347266760149466,-16.24673607841197,38.602714700507875,2.758995994544989,38.2528222130116,25.636374506161303,36.15728854408013,48.77263073436791,32.61446301577399,70.12218881859391,28.59862769524335,88.26579667353252,24.124447984730125,110.38075517924713,16.186677136664855,126.70403342211526,10.385236581489892,143.04908418768298
98.08725914369,-69.6015779315444,96.44756099644536,-66.29560760803815,79.76226080542591,-50.60379033877808,70.21163258077098,-36.1722888596521,57.6376840211189,-28.56070260487502,40.70113489723411,-16.879029243188768,38.688763724403145,1.9035634868318994,38.32443990995313,24.831780619318522,36.2257191761509,47.99539620927794,32.76356602235984,69.36115527030546,28.792242967314166,87.53198295615852,24.399170947099094,109.62886616357,16.49669815486851,125.99882993317158,10.721077204989058,142.3536914764069
98.50280275224515,-68.98365589783901,97.08868544733781,-66.11262422703908,80.34790703965137,-51.15927542038594,70.85190776649944,-36.601351003906416,58.35954271142958,-28.97408285602603,41.07729375815808,-17.505244418451525,38.77525354211497,1.0486155292810508,38.39023483404918,24.02716756233525,36.29127054658676,47.21786784488381,32.90696435818444,68.59980471592291,28.980923806796625,86.79735491193222,24.66915134699758,108.8760287174176,16.80635814764679,125.2939258080942,11.056969166832516,141.65833629126985
98.91437861190883,-68.36395278829275,97.72869286173812,-65.91532751927662,80.93655372846212,-51.7103572515291,71.4892182939463,-37.032736172463274,59.08027518799639,-29.38828989689091,41.474751336114934,-18.125360592580364,38.862881430667755,0.19423896701886179,38.45003501646528,23.22251434262364,36.35388301545987,46.44006890864409,33.04447327265967,67.83813699646481,29.16454570367074,86.06192692119862,24.93427786938713,108.1222488832588,17.115652095218763,124.58929153334932,11.392912401234014,140.96301743508775
99.32192853109046,-67.74247102840422,98.37888247324878,-65.70389451714288,81.52888346003436,-52.25647706046419,72.123717123203,-37.46646873872197,59.79988077805916,-29.80339912872097,41.89251562429814,-18.73935675395552,38.95613386294889,-0.6594793548283633,38.50366848836728,22.41779996759584,36.413496942842414,45.662022668017414,33.17590801519697,67.07615195294966,29.34298414791641,85.32571336430271,25.194439199228952,107.36753270356252,17.424574977803502,123.88489759540317,11.728906842407753,140.26773371067645
99.72539431819877,-67.11921304367218,99.03885198243262,-65.47850225302994,82.12864798687536,-52.79707607544799,72.75555721436154,-37.902573076081694,60.51835880885784,-30.219485952767513,42.32959461590127,-19.347211890957055,39.055675789386044,-1.5124525911344335,38.55096328092071,21.613003444664002,36.47005268880645,44.88375239046252,33.301083835207976,66.31384942639599,29.516114629513424,84.58872862158947,25.44952402148448,106.6118862207976,17.73312177562019,123.18071448072195,12.064952424567707,139.57248392085194
100.12471778164303,-66.49418125959517,99.70752557129032,-65.23932775932991,82.73609609301428,-53.331595524737224,73.3848915275135,-38.341073557941684,61.235708607632375,-30.636625770281853,42.78499630411778,-19.948904991965208,39.16148283593196,-2.364593896772874,38.5917474252912,20.80810378124022,36.523490613424144,44.10528134343792,33.419815982104126,65.55122925782229,29.683812638441793,83.85098707340384,25.69942102111503,105.85531547743295,18.0412874688879,122.47671267577184,12.401049081927965,138.87726686843
100.51984072983231,-65.86737810167187,100.38382742182222,-64.98654806843479,83.35087583220576,-53.85947663658868,74.01187302275076,-38.78199455770124,61.951929501622715,-31.054893982515296,43.25772868214125,-20.544415045360154,39.27353062853928,-3.2158164266174936,38.62584895264439,20.003079984736758,36.573751076767564,43.32663279440237,33.53191970529707,64.78829128824708,29.845953664681417,83.11250310009086,25.94401888308181,105.09782651593747,18.349084022488967,121.77286266701904,12.737196748702388,138.18208135622666
100.91151895716524,-65.23880599540092,101.06668171602877,-64.72034021273674,83.97263525820455,-54.380160639258975,74.636654660165,-39.22536044875949,62.66702081806869,-31.474365990719093,43.74679974316513,-21.133721039522015,39.39179479316073,-4.066033335541931,38.65309589414602,19.19791106256565,36.62077443890877,42.54783001081438,33.63721025419835,64.02503535868885,30.002413198212196,82.37329108199546,26.18320629234637,104.33942537877996,18.65997347445972,121.06913494092981,13.073395359105064,137.48692618705778
101.30181780893628,-64.60846736628105,101.75501263591042,-64.44088122462779,84.60102242476518,-54.89308876100489,75.25938939984809,-39.67119560451573,63.38098188421037,-31.895117196144668,44.251217480383104,-21.716801962831028,39.51625095574872,-4.915157778419825,38.673316280961615,18.392576022139053,36.66450105992004,41.768896260132635,33.735502878219506,63.26146131016617,30.153066729013915,81.63336539946266,26.416871933870027,103.58011810842942,18.976360776202398,120.3654999839703,13.40964484735008,136.79180016373923
101.69078747633142,-63.97636463981087,102.44774436346762,-64.14834813650003,85.23568538564228,-55.397702230083155,75.8802302018916,-40.11952439836921,64.09381202728747,-32.31722300004327,44.769989886988526,-22.293636803667255,39.6468747422561,-5.763102910124928,38.68700045750796,17.587053870869113,36.704871299873446,40.989854809815824,33.82661282677219,62.49756898369759,30.2977897470667,80.89274043283743,26.644904492613875,102.81991074735461,19.29795425316155,119.66192828260671,13.745945147651298,136.09670208908696
102.07836754181716,-63.342500241489006,103.14380108070094,-63.8429179807456,85.87627219459074,-55.8934422747505,76.49933002638733,-40.570371203719105,64.80551057454005,-32.74075880366621,45.302124956174964,-22.864204550410932,39.7836417786354,-6.609781885530936,38.69884263064199,16.781323616168038,36.74241017565595,40.21072892732258,33.91035534926806,61.73335822030151,30.436457742350456,80.15143056246472,26.867192653539576,102.0588093380245,19.624462230782058,118.95839032330528,14.082296194223034,135.40163076591685
102.46449758785974,-62.70687659681414,103.8421069696106,-63.52476778975648,86.52243090536484,-56.37975012326365,77.11684183342703,-41.023760393964665,65.51607685320806,-33.165800008264796,45.846630681136105,-23.428484191442237,39.92652769083924,-7.455107859511429,38.70983014668474,15.975364265447922,36.7794950867829,39.43154188011141,33.98654569511842,60.96882886099655,30.568947496746034,79.40945016868957,27.083625101608334,101.29681992290793,19.955593034508468,118.2548565925322,14.418731975864091,134.7065849970448
102.84911719692553,-62.06949613128489,104.54158621219727,-63.1940745959248,87.17380957171957,-56.85606700387933,77.73291858310262,-41.479716342505185,66.22551019053145,-33.592422015090335,46.40251505506518,-23.98645471514135,40.07550810482036,-8.298993986940218,38.72000975078657,15.169154826120916,36.8163376357773,38.652316935641124,34.05499911373505,60.203980746801165,30.698495693610255,78.66681363185691,27.294090521781357,100.53394854447379,20.29105498978555,117.55129757675368,14.756010730077776,134.01156358528675
103.23216595148091,-61.4303612704,105.2411629904613,-62.85101543164262,87.83005624740923,-57.32183414485428,78.34771323550564,-41.93826342273985,66.93380991375005,-34.02070022539414,46.968786071155876,-24.53809510988833,40.23055864653139,-9.14135342269094,38.72942818809787,14.362674305599114,36.852881628605985,37.873077361370235,34.11553085452948,59.43881371873391,30.828113757308245,77.92353533231173,27.498477599020305,99.77020124519098,20.630556422057964,116.8476837624359,15.094381583462052,133.31656533345858
103.613583433992,-60.78947443965802,105.93976148640314,-62.495767329302,88.4908189861888,-57.77649277444516,78.96137875072787,-42.399426008067906,67.64097535010382,-34.45071004042751,47.544451722601764,-25.083384364063477,40.391654941924855,-9.982099321637236,38.738132203769,13.55590171129478,36.889070871235674,37.09384642475737,34.16795616691314,58.67332761781324,30.957720893311432,77.17962965039905,27.696675018286157,99.00558406752833,20.973805656770594,116.1439856360451,15.433760643503376,132.6215890443762
103.9933092269253,-60.1468380645577,106.63630588202324,-62.1285073212951,89.15574584181269,-58.21948412090882,79.57406808886122,-42.86322847188859,68.34653481248262,-34.88252686144176,48.128520002596304,-25.622301466046906,40.55877261695349,-10.821144838652856,38.746168542950215,12.74881605061995,36.924849169633205,36.31464739326128,34.2120903002978,57.90752228505778,31.087236307091132,76.43511096646378,27.888571464540576,98.24010305395478,21.32051101936787,115.44017368404744,15.77406401768809,131.92663352085552
104.37128291274718,-59.50245457059759,107.32972035932204,-61.74941244001394,89.82448486803565,-58.65024941250192,80.18593420999724,-43.32969518760109,69.0496719707856,-35.3162260896882,48.719998904332954,-26.15482540421874,40.731887297569926,-11.65840312861144,38.75358395079189,11.941396330986834,36.96016032976553,35.535503534340535,34.247748504095,57.141397561485974,31.216579204118545,75.68999366085097,28.074055622744766,97.47376424693914,21.67038083529468,114.73621839290917,16.115207813502877,131.23169756571244
104.74744407392376,-58.85632638327644,108.01892910030011,-61.35865971785063,90.49668411861234,-59.0682298774812,80.79713007422782,-43.7988505286047,69.75046673697756,-35.75188312641819,49.3178964210054,-26.680935166959216,40.91097460972679,-12.493787346386682,38.760425172444286,11.133621559807523,36.99494815759937,34.756438115453705,34.27474602771616,56.37495328811633,31.3456687898651,74.94429211390556,28.253340690021275,96.70657368895039,22.023123429995564,114.03209024909643,16.457108138434307,130.53677998176286
105.12173229292154,-58.20845592809286,108.70285628695768,-60.95642618719717,91.17199164729726,-59.472866744103385,81.40780864164464,-44.27071886829867,70.44901880499032,-36.18957337288299,49.92122054580699,-27.200609742648453,41.09601017937672,-13.32721064685228,38.766738953057995,10.325470744494226,37.02915645910144,33.977474404059535,34.29380594229241,55.60818930596736,31.474424269802114,74.19802070597257,28.43134817119045,95.93853742245733,22.37844712891541,113.3277597390755,16.79968109996861,129.8418795718227
105.49408715220676,-57.55884563054548,109.38042610129543,-60.54288888044573,91.8500555078453,-59.8636012406252,82.01812287233957,-44.74532458008218,71.14542786875603,-36.6293722303339,50.528979271931405,-27.713828119666687,41.286969632472335,-14.158586184881926,38.77257203778316,9.516922892459036,37.06272904023882,33.1986356676166,34.311316369691156,54.84110545605762,31.6027648494009,73.45119381739693,28.609697954079877,95.16966148992887,22.736060257498877,112.62319734931253,17.14284280559258,129.14699513870784
105.86444823424569,-56.907497916133025,110.0505627253138,-60.11822482998832,92.53052375401086,-60.23987459530338,82.6282257264042,-45.22269203735448,71.83979362220663,-37.07135510002223,51.14018059257211,-28.22056928639398,41.48382859496627,-14.987827115349262,38.77797117177016,8.707957011114104,37.09560970697811,32.41994517358353,34.32855045451748,54.07370157940562,31.73060973413277,72.70382582852363,28.788293386726366,94.39995193383388,23.09567114119062,111.91837356627377,17.48650936279256,128.4521254852342
106.2327551215048,-56.25441521035407,110.71219034101301,-59.68261106821711,93.2130444395487,-60.60112803639464,83.23827016393028,-45.702845613514796,72.53221575927427,-37.51559738319929,51.753832500922556,-28.720812231210573,41.686562692811265,-15.814846593128038,38.78298310016936,7.898552107871581,37.127742265286145,31.641426189419008,34.34550735406816,53.30597751702982,31.857878129469157,71.95593111969771,28.967037817167068,93.62941479664127,23.4569881054353,111.21325887642539,17.830596879055122,127.75726941421769
106.59894739645034,-55.599599938707286,111.36423313039364,-59.23622462752411,93.89726561821345,-60.94680279215572,83.84840914500973,-46.18580968196238,73.22279397389087,-37.96217448111645,52.368942990176436,-29.21453594249664,41.89514755195984,-16.639557773091838,38.78765456813102,7.088687190143617,37.15907052112988,30.863101982581668,34.36218622563973,52.537933109948824,31.98448924088126,71.20752407126409,29.145834593438906,92.8580561208199,23.819719475677687,110.50782376623357,18.17502146186672,127.06242572847421
106.9629646415487,-54.94305452669141,112.00561527545625,-58.77924254030137,94.58283534375977,-61.27634009084335,84.4587956297342,-46.67160861609648,73.91162795998872,-38.41116179502495,52.98452005352698,-29.7017194086323,42.10955879836462,-17.46187381011447,38.79203232080562,6.278341265342306,37.18953828047603,30.084995820530082,34.378586226529194,51.769568199181094,32.110362273840394,70.45861906356777,29.32458706357869,92.08588194883865,24.18357357736255,109.80203872216458,18.519699218714038,126.3675932308197
107.32474643926611,-54.28478139980501,112.63526095820117,-58.31184183894106,95.26940166994228,-61.58918116071425,85.06958257819537,-47.16026678931627,74.59881741149962,-38.86263472617611,53.5995716841681,-30.182341617997793,42.32977205797846,-18.28170785906957,38.79616310334342,5.467493340879912,37.21908934929144,29.307130970722937,34.3947065140332,51.00088262574519,32.23541643381799,69.7092304769537,29.50319857562357,91.31289832316637,24.54825873593444,109.09587423068456,18.864546257083305,125.67277072406998
107.68423237206883,-53.62478298354671,113.25209436062897,-57.83419955583514,95.95661265051564,-61.88476723002515,85.68092295048513,-47.65180857502105,75.28446202235563,-39.316668675821234,54.21310587529291,-30.65638155897318,42.555762956753654,-19.09897307483078,38.80009366089479,4.656122424168473,37.24766753354305,28.529530700618807,34.41054624544853,50.231876230659566,32.35957092628536,68.95937269176693,29.681572477610473,90.539111286272,24.91348327683812,108.38930077825975,19.209478684461317,124.97795701104104
108.04136202242336,-52.96306170341529,113.85503966473988,-57.34649272337583,96.64411633923447,-62.16253952703278,86.29296970669515,-48.14625834661001,75.96866148648888,-39.773339045211685,54.82413062009533,-31.1238182199387,42.78750712064317,-19.913582612271853,38.80387073860999,3.844207522620195,37.27521663919748,27.752218277676434,34.42610457807206,49.46254885494278,32.482744956713816,68.20906008835237,29.85961211757632,89.7645268806244,25.278955525518256,107.68228885135636,19.554412608334417,124.28315089454875
108.39607497279593,-52.29961998490927,114.44302105253456,-56.84889837395508,97.33156078985354,-62.42193927999392,86.90587580691721,-48.64364047748245,76.65151549783144,-40.23272123559872,55.43165391176859,-31.584630589274525,43.02498017559941,-20.725449626266425,38.8075410816395,3.031727643647173,37.301680472221676,26.975216969354392,34.44138066920033,48.69290033961329,32.60485773057468,67.45830704705506,30.037220843558146,88.98915114869246,25.64438380741973,106.97480893644058,19.899264136189174,123.58835117740901
108.74831080565292,-51.634460253527436,115.01496270601336,-56.34159353996506,98.01859405612726,-62.662407717165195,87.5197942112431,-49.14397934103755,77.33312375031534,-40.694890648233695,56.03468374350638,-32.03879765536084,43.26815774757523,-21.534487271688192,38.81115143513358,2.218661794661557,37.32700283858236,26.19855004311131,34.45637367613023,47.92293052568971,32.72582845333926,66.70712794821995,30.214302003592763,88.21299013294504,26.009476447987083,106.26683151997861,20.243949375512045,122.89355666243773
109.09800910346058,-50.9675849347683,115.56978880717674,-55.82475525379783,98.70486419181049,-62.88338606680338,88.13487787976447,-49.6472993106745,78.0135859378725,-41.15992268436787,56.632228108502034,-32.4862984065777,43.517015462523034,-22.34060870341085,38.814748544242605,1.4049889830754978,37.35112754424648,25.42224076640582,34.47108275615852,47.15263925419049,32.84557633047888,65.95553717219201,30.390758945717323,87.43604987585101,26.373941772664978,105.55832708843664,20.5883844337896,122.19876615245082
109.44510944868529,-50.298996454130645,116.10642353802524,-55.298560547845454,99.39001925065764,-63.08431555716527,88.75127977257313,-50.15362475979265,78.6930017544351,-41.62789274525255,57.22329499994936,-32.92711183130541,43.77152894639568,-23.143727076308096,38.81837915411694,0.5906882163012028,37.37399839518076,24.646312406696552,34.48550706658199,46.3820263661342,32.96402056746496,65.20354909931626,30.566495017968748,86.65833641987928,26.737488106898184,104.8492661282809,20.932485418508406,121.50397845026419
109.78955142379328,-49.62869723711299,116.62379108055922,-54.76318645449999,100.07370728642371,-63.26463741650747,89.36915284976084,-50.66298006179113,79.37147089393505,-42.098876232139105,57.81379367596327,-33.3612408044624,44.03167382514556,-23.943755545253566,38.822090009906844,-0.22426149824929098,37.39555919735204,23.87078823144219,34.49964576469739,45.611091702539284,33.0810803697687,64.45117810993764,30.74141356838396,85.8798558074987,27.099823776131473,104.13961912597762,21.27616843715481,120.80919235869374
110.13127461125094,-48.95668970921412,117.12081561677911,-54.21881000615355,100.75557635286299,-63.423792873086825,89.98865007141927,-51.175389590069244,80.04909305030463,-42.57294854627878,58.41293123453289,-33.78881480609368,44.29742572472554,-24.740607265121014,38.82592785676269,-1.0398811531637762,37.41575375672727,23.095691508101368,34.5134980078015,44.83983510442431,33.19667494286142,63.69843858440112,30.915417944999888,85.10061408117821,27.460657105809503,103.42935656799293,21.619349597215376,120.11440668055536
110.47021859352463,-48.282976295932656,117.5964213286855,-53.66560823519819,101.43527450373034,-63.56122315515995,90.60992439764033,-51.69087771802623,80.72596791747566,-43.050185088922944,59.0204189680116,-34.21000510265162,44.569500555753336,-25.534194385262538,38.829939439834845,-1.856191741030102,37.43452587927305,22.321045504132655,34.52706295319109,44.06825641280773,33.31072349221455,62.94534490305176,31.088411495853677,84.32061728338664,27.81969642137682,102.71844894079305,21.961945006176677,119.41962021866496
110.80632295308072,-47.607559422767224,118.04953239827859,-53.103758174025984,102.1124497927803,-63.67636949098369,91.2326952455515,-52.209459965137,81.40219518938017,-43.53066126132285,59.63589592076386,-34.624982986662985,44.862598983399664,-26.324321042130123,38.83417150427357,-2.673214254436118,37.45181937095634,21.54687348699474,34.540339758162816,43.29635546870816,33.4231452232994,62.19191144623443,31.260297568982025,83.53987145659286,28.176650048278418,102.00686673084425,22.30387077152517,118.72483177583848
111.13952727238535,-46.930441515216444,118.47907300755907,-52.53343685502904,102.7867502737675,-63.76867310881471,91.85267778618419,-52.7307463229796,82.07787455995032,-44.01445246472986,60.259001137153575,-35.033919750654434,45.18188152094291,-27.110588565644036,38.83867079522946,-3.4909696859697306,37.467578037743976,20.773198724146198,34.55332758001356,42.52413211314405,33.53385934158729,61.438152594294195,31.430979512422198,82.7583826432658,28.531226311958733,101.29458042461269,22.64504300074742,118.0300401548918
111.469771133905,-46.25162499877905,118.88396733852738,-51.954821310599414,103.45782400044669,-63.83757523690974,92.46918947321939,-53.253781475419885,82.75310572311815,-44.50163410039522,60.889373661545335,-35.43698668715268,45.5265885379784,-27.892575928782037,38.84348405785255,-4.309479028218732,37.481745685602675,20.00004448304577,34.566025576039976,41.75158618713397,33.64278505254953,60.684082727576026,31.60036067421089,81.97615688587433,28.883133537862648,100.58156050856456,22.985377801330003,117.33524415864082
111.79699412010592,-45.571112298953665,119.26313957318388,-51.36808857312923,104.12651307238553,-63.882520262556056,93.08279727863527,-53.77756818695872,83.42798837281572,-44.99228156957031,61.52665253830315,-35.83435508868439,45.89596040410157,-28.669862104521997,38.84865803729332,-5.128763273771028,37.49426612049939,19.227434031151972,34.57843290353907,40.97871753169636,33.74984156165743,59.92971622642489,31.768344402385253,81.19320022688728,29.23208005143482,99.8677774691661,23.324791280759143,116.64044258990143
112.12113581345449,-44.88890584123891,119.615513893529,-50.77341567501048,104.81340083902325,-63.90324300864046,93.69406817441035,-54.30110922209684,84.10262220297494,-45.48647027350637,62.17047681179139,-36.22619624777627,46.28923748890753,-29.442026065841674,38.85423947870214,-5.948843415214469,37.50508314840084,18.45539063592355,34.59054871980726,40.20552598784974,33.85494807438232,59.1750674711858,31.93483404498221,80.40951870877359,29.577774178119796,99.15320179288346,23.66319954652164,115.94563425148957
112.44213579641695,-44.20500805113346,119.9400144815632,-50.17097964863535,105.52437592099346,-63.89999870685489,94.3035691325228,-54.82340734533511,84.77710690752798,-45.98427561345477,62.8204855263744,-36.61268145695499,46.705660161991716,-30.208646785718827,38.860275127229386,-6.769740445136847,37.51414057527387,17.683937564819075,34.602372182141664,39.43201139661272,33.95802379619562,58.42015084220367,32.099732950038685,79.62511837400211,29.919924243362573,98.43780396618291,24.000518706103946,115.25081794622113
112.75993365145979,-43.519421354136,120.23556551928704,-49.56095752639584,106.25723149831123,-63.87309670655458,94.91186712495079,-55.34346532117422,85.45154218040676,-46.48577299066676,63.47631772641631,-36.99398200874725,47.14446879294934,-30.969303237131328,38.8668117280252,-7.591475356126125,37.52138220708531,16.91309808529718,34.61390244783871,38.6581735990037,34.05898793256853,57.66498071982346,32.262944465591715,78.84000526504175,30.25823857260758,97.72155447553061,24.33666486699252,114.555992476912
113.07446896104915,-42.83214817574515,120.50109118870085,-48.94352634068406,107.00976075099169,-63.82284635709459,95.51952912367284,-55.86028591411508,86.12602771554356,-46.991037806393706,64.13761245628137,-37.37026919567967,47.60490375137584,-31.72357439305688,38.873896026240175,-8.414069140770096,37.52675184980188,16.142895464816547,34.6251386741954,37.8840124360413,34.15775968897236,56.90957148439031,32.424371939678224,78.05418542436138,30.592425491299593,97.00442380739278,24.67155413667382,113.8611566463781
113.3856813076514,-42.14319094145958,120.73551567180522,-48.31886312389207,107.77975685905,-63.74955700783005,96.12712210066724,-56.37287188865838,86.80066320687007,-47.500145461886916,64.80400876033383,-37.741714310279065,48.086205406866554,-32.47103922647341,38.88157476702446,-9.237542791656608,37.530193309390654,15.37335297083581,34.636080018508494,37.10952774874397,34.25425827087855,56.153937516249016,32.58391872033525,77.26766489442986,30.922193324883494,96.2863824482356,25.005102622634524,113.16630925743536
113.6935102737329,-41.45255207677792,120.9387369188965,-47.6871450475237,108.5650130025013,-63.65353800811607,96.73521302791204,-56.88022600930498,87.47554834831868,-48.01317135839764,65.47514568293803,-38.10848864507204,48.58761412901657,-33.21127671035856,38.88989469552854,-10.061917301373512,37.53165039181823,14.604493870813485,34.64672563807454,36.33471937813027,34.348402883758524,55.39809319574465,32.7414881555996,76.48044971771606,31.247250398803715,95.56740088452528,25.33722643236098,112.47144911289965
113.99789544175991,-40.76023400719885,121.13142892414106,-47.04856621490404,109.36332236136087,-63.53509870730778,97.34436887738576,-57.38135104055567,88.15078283382121,-48.53019089717725,66.15066226845823,-38.47076349258526,49.10837028742145,-33.943865817690266,38.89890255690267,-10.887213662508714,37.528412439303395,13.83633529390272,34.65707469019054,35.559587165218716,34.44011273308337,54.642052903222236,32.89698359350831,75.6925459366889,31.56730503850514,94.84744960272809,25.66784167333975,111.7765750155869
114.29877639419891,-40.06623915822104,121.3221514412848,-46.403353667018735,110.17247811564374,-63.39454845476041,97.95515662106658,-57.875249746911265,88.82646635730981,-49.05127947947699,66.83019756125867,-38.8287101453455,49.647714251676405,-34.66838552144628,38.90864509629722,-11.713452867650062,37.514875527047195,13.068846287892143,34.66712633215326,34.78413095102775,34.52930702432451,53.88583101902668,33.05030838209842,74.90395959381726,31.882065569432427,94.12649908931013,25.9968644530573,111.08168576831298
114.59609271351604,-39.370569955343115,121.5107292872928,-45.75173823666398,110.99027344536506,-63.23219659982897,98.56814323093289,-58.360924892872504,89.50269861271653,-49.57651250654828,67.51339060570359,-39.182499895879346,50.20488639137665,-35.38441479460437,38.919169058862565,-12.540655909385293,37.4912885852188,12.301973239952645,34.67687972125924,34.008350576575936,34.615904962953266,53.12944192350295,33.20136586940686,74.11469673157,32.19124031703035,93.40451983073768,26.324210879000304,110.38678017389381
114.88978398217779,-38.6732288240637,121.69698727913027,-45.09395075663599,111.8145015305401,-63.04835249186863,99.18389567896287,-58.83737924294019,90.17957929397329,-50.10596537964233,68.19988044615724,-39.532304036713526,50.77912707611773,-36.091532610142394,38.93052118974896,-13.368843780302427,37.45811089528587,11.535662404291145,34.68633401480548,33.23224588288184,34.69982575444095,52.372899996996125,33.35005940347065,73.324763392416,32.49453760674345,92.68148231347692,26.64979705865511,109.69185703514532
115.17978978265029,-37.97421818988147,121.88075023376229,-44.43022205973085,112.64295555118389,-62.84332548023451,99.8029809371348,-59.303615561615175,90.85720809501225,-50.63971350001043,68.88930612698385,-39.87829386037481,51.36967667549476,-36.78931794103812,38.94274823410677,-14.198037472989256,37.4158017387154,10.769860035114789,34.695488370088526,32.455816710963916,34.780988604258994,51.61621961985105,33.49629233232662,72.53416561882415,32.7916657640165,91.95735702399404,26.973539099508287,108.9969151548834
115.46604969740002,-37.27354047829516,122.06184296815417,-43.76078297874483,113.4734286873117,-62.61742491428174,100.4259659774271,-59.75863661339821,91.53568470976546,-51.17783226890401,69.5813066925478,-40.220640659389744,51.975775559103056,-37.477349760269306,38.9564819033705,-15.028256598654593,37.36482039697506,10.004512386630552,34.70434194440537,31.679062901840666,34.859312717878595,50.85941517241281,33.639968004011905,71.74290945326337,33.08233311429427,91.23211444875525,27.295353109046403,108.30195333592394
115.74850330889325,-36.57119811480334,122.24009029927112,-43.08586434647407,114.30371411893867,-62.37096014336544,101.05341777181803,-60.201445162790094,92.21510883216484,-51.72039708757427,70.2755211872132,-40.5595157262851,52.59666409653806,-38.155207040813764,38.980742563138335,-15.859416147836498,37.30562615153195,9.239565713045522,34.71289389505267,30.901984296530657,34.93471730077118,50.102501035026364,33.78098976656332,70.95100093820247,33.36624798302131,90.50572507422677,27.6151551947558,107.60697038108285
116.02709019959633,-35.86719352490468,122.41531704407834,-42.405696995714834,115.13160502607974,-62.104240516840775,101.68590329228579,-60.63104397429163,92.89558015614267,-52.26748335727257,70.9715886553443,-40.89509035358759,53.231582657394995,-38.82246875564937,39.01833065369516,-16.691255035253675,37.23867828385352,8.474966268566675,34.7211433793272,30.124580736052394,35.00712155840807,49.34549158803668,33.91926096801791,70.15844611611035,33.6431186956425,89.77815938687479,27.932861464123164,106.91196509317606
116.30174995197564,-35.161529134097805,122.58734801954103,-41.72051175926316,115.95489458875039,-61.81757538406288,102.32398951080864,-61.046435812403615,93.57719837563064,-52.819166479250214,71.66914814130558,-41.22753583382382,53.87977161126918,-39.47871387775382,39.068909979149964,-17.52349527764909,37.16443607540708,7.710660307401156,34.729089554525615,29.346852061424386,35.07644469626047,48.58840121178878,34.054684956412586,69.36525102945592,33.912653577602384,89.04938787316553,28.24910853603484,106.21693584232207
116.57242214849731,-34.454207367881395,122.75600804262427,-41.03053946991537,116.77137598696555,-61.511274094386806,102.96824339936512,-61.446623441626855,94.26006318456115,-53.37552185475852,72.36783868946105,-41.557023459520565,54.540471327755824,-40.12352138010499,39.13214434361174,-18.355858891765763,37.08335880765998,6.946594083755883,34.73673157794491,28.568798113665196,35.142605919799905,47.831244286627566,34.18716507978439,68.57142172070803,34.17456095434585,88.31938101956516,28.57136214527469,105.52186077813232
116.83904637162783,-33.74523065175413,122.9211219302934,-40.336010960467604,117.57884240074048,-61.18564599716774,103.61923192993328,-61.83060962646215,94.944274276866,-53.93662488504873,73.06729934417507,-41.88372452320442,55.21292217645049,-40.75647023568064,39.207697551189824,-19.18806789434666,36.99590576207942,6.182713851837946,34.744068606881626,27.790418733793217,35.20552443449748,47.074035192898066,34.31660468617025,67.77696423233562,34.42854915131744,87.5881093125399,28.901139404342246,104.82668962746905
117.10156220383345,-33.034601411214624,123.08251449951348,-39.63715706371602,118.37508701009034,-60.8410004417608,104.27752207449151,-62.19739713141024,95.62993134647735,-54.50255097137227,73.76716914981199,-42.20781031740216,55.89636452694839,-41.37713941745858,39.2952334059932,-20.0198443021348,36.90253622013296,5.418965865854432,34.75109979863265,27.01171376282707,35.26511944582472,46.31678831094524,34.4429071236072,66.98188460680748,34.67432649396193,86.85554323855598,29.23783606829278,104.13136998419648
117.35858672687078,-32.322334313369595,123.24001056724984,-38.93420861245676,119.15790299503027,-60.4776467775211,104.94368080501812,-62.54598872097199,96.31713408732725,-55.07337551498034,74.46708715073584,-42.529452134640394,56.590038748844734,-41.98510789841657,39.39441571213098,-20.85091013187315,36.8037094632877,4.65529638001226,34.757824310494755,26.232683041785265,35.321310159252846,45.559518021114116,34.565975740132046,66.18618888659256,34.91160130772397,86.12165328407957,29.580847892181566,103.43584944217895
117.6084650620532,-31.608508980742954,123.39343495046757,-38.22739643948614,119.92508353557542,-60.09589435380377,105.61827509349138,-62.87538715964814,97.0059779667319,-55.64917390089448,75.16669239131107,-42.84882126744583,57.29318521173485,-42.57995465153249,39.50490827371226,-21.680987400304787,36.699884773011206,3.891651648518632,34.764241299764706,25.45332641168625,35.37401578025316,44.802238703749595,34.68571388378194,65.38988311415972,35.14008191804834,85.38640993557689,29.929570631063882,102.74007559528076
117.85159943891387,-30.89322649737767,123.54261246613197,-37.51695137760021,120.67442181174084,-59.696052519963985,106.30187191188958,-63.18459521193955,97.69446885202291,-56.229838506747,75.86562391590195,-43.16608900834524,58.00504428521418,-43.16125864978403,39.62637489484615,-22.50979812417262,36.59152143077068,3.12797792558041,34.77034992373916,24.673643713548643,35.42315551429698,44.04496473919676,34.802024902593814,64.59297333197782,35.35947665037969,84.64978367951414,30.283400039994774,102.0439960373661
118.08840692679411,-30.17658796085169,123.68736793120814,-36.80310425959527,121.4037110035419,-59.27843062535686,107.00754841428483,-63.47274087316168,98.38103273004634,-56.81462511257365,76.56352076887259,-43.48142664986517,58.72485633887794,-43.72859886614907,39.758479379641756,-23.33706432021961,36.47907871803346,2.3642214654047393,34.77614933971489,23.893634788390898,35.46864856685585,43.28771050780051,34.91481214460447,63.79546558251582,35.569493830162685,83.91174500235755,30.64173187402963,101.34755836229931
118.31930459503559,-29.458694468743033,123.8275261626614,-36.08608591826743,122.11074429099364,-58.843338019337466,107.74818914735448,-63.739514853796436,99.06587522881199,-57.40265116647163,77.26002199458736,-43.79500548453245,59.451861742321455,-44.28155427360542,39.90088553220818,-24.162508005188897,36.363015916266875,1.6003285221986516,34.78163870498889,23.11329947723152,35.51041414340085,42.53049038990588,35.02397895785117,62.9973659082425,35.76984178284209,83.17226439057328,31.003961888223614,100.65071016394467
118.54470951297998,-28.73964711862959,123.96291197745683,-35.36612718641288,122.7933148541112,-58.39108405126092,108.52090440830369,-63.98476585036201,99.7492019763294,-57.993034116537956,77.95476663741039,-44.10699680487369,60.18530086514005,-44.81970384513079,40.05325715665441,-24.985851195823386,36.24379230693836,0.8362453501691789,34.78681717685771,22.33263762108902,35.54837144940342,41.77331876585782,35.12942869037062,62.19868035162676,35.960228833862686,82.43131233062752,31.369485837632,99.95339903616645
118.76503874996871,-28.019547008089432,124.09335019255963,-34.64345889682784,123.44921587290975,-57.92197807048245,109.32278330561684,-64.20834256757371,100.43121860060847,-58.58489141086966,78.64739374170614,-44.417571903415535,60.924414076929054,-45.3426265537031,40.21525805708967,-25.806815908866042,36.121867171515134,0.07191820352335299,34.79168391261811,21.551649060982015,35.582439690334866,41.01621001600131,35.231064690199844,61.39941495513756,36.14036330866901,81.68885930898654,31.737699477309945,99.25557257282892
118.98070937534334,-27.298495234700454,124.218665624935,-33.918311882308444,124.07624052740442,-57.43632942635713,110.15091494777829,-64.4100937101469,101.11213072965887,-59.17734049756393,79.33754235183875,-44.726902072684766,61.66844174728368,-45.849901372299996,40.386552037623176,-26.625124161059887,35.99769979146464,-0.6927066635317942,34.79623806956698,20.7703336379289,35.612538071666506,40.2591785206813,35.32879030537589,60.59957576124367,36.30995353270583,80.94487581211652,32.10799856231273,98.55717836779635
119.19213845844553,-26.576592896040665,124.33868309154815,-33.19091697565091,124.67218199761038,-56.93444746824008,111.00238844327231,-64.58986798279699,101.79214399149038,-59.76949882471774,80.02485151217246,-45.03515860520804,62.41662424579937,-46.34110727389941,40.56680290236369,-27.44049796914794,35.87174944825409,-1.4576829967892309,34.80047880500098,19.988691192948238,35.638585798869656,39.50223866024288,35.42250888393556,59.79916881241405,36.46870783141782,80.19933232648367,32.47977884769551,97.85816401493307
119.39974306861683,-25.85394108968802,124.45322740936439,-32.461505009651376,125.23483346354288,-56.41664154548647,111.87429290058338,-64.74751409023929,102.47146401411254,-60.36048384042829,80.70896026707152,-45.342512793512014,63.168201942071335,-46.8158232314791,40.75567445542066,-28.25265934987317,35.74447542335082,-2.223064542041868,34.80440527621687,19.206721567058537,35.66050207741563,38.74540481503095,35.51212377391613,58.9982001511176,36.61633453024973,79.45219933855412,32.85243608851346,97.15847710810331
119.60394027519868,-25.13064091322053,124.56212339534869,-31.730306817106054,125.76198810521697,-55.88322100745137,112.76371742819589,-64.88288073718917,103.15029642553515,-60.94941299279253,81.38950766090028,-45.64913593012341,63.92241520569502,-47.273628218016825,40.95283050090296,-29.06133031997865,35.616336998222266,-2.9889050450827312,34.80801664051154,18.424424601278304,35.678206112775854,37.98869136539048,35.597538323354286,58.1966758198231,36.75254195464635,78.70344733479416,33.22536603982206,96.45806524117137
119.80514714753275,-24.406793464216094,124.66519586646649,-30.997553230811207,126.2514391026478,-55.334495203489894,113.66775113459397,-64.99581662836192,103.82884685376797,-61.535403729907614,82.06613273802287,-45.955199307568876,64.67850440626563,-47.714101206490454,41.157934842919815,-29.866232896207237,35.48779345433576,-3.7552582517047313,34.811312055181645,17.641800136626102,35.69161711042153,37.23211269166643,35.67865588028707,57.39460186099956,36.87703843005221,77.95304680166998,33.597964456676266,95.75687600800151
120.00378075496047,-23.682499840252717,124.76226963968287,-30.263475083562923,126.70097963585062,-54.77077348295728,114.58348312826234,-65.08617046847303,104.50732092682068,-62.117573499870616,82.73847454280377,-46.260874218375136,65.43570991337839,-48.13682116987769,41.37065128558032,-30.667089095302003,35.359304073158626,-4.522177907700893,34.81429067752396,16.85884801412044,35.70065427582409,36.47568317420388,35.75537979275151,56.5919843171157,36.98953228191209,77.20096822564776,33.969627094131454,95.05485700245802
120.20025816682363,-22.957861138908356,124.85316953196292,-29.528303208157354,127.10840288484059,-54.19236519520854,115.50800251768504,-65.15379096223774,105.18592427270306,-62.69503975077856,83.40644117151902,-46.566331866653,66.19327209662885,-48.54136708115641,41.590643632993476,-31.463620934005974,35.23132813615808,-5.289717758864128,34.81695166483536,16.075568074779767,35.70523681445485,35.71941719334774,35.82761340878454,55.788829230640545,37.09552388701326,76.44719426349994,34.33974970724279,94.3519558184052
120.39499645246366,-22.23297845776102,124.93772036027207,-28.792268437390817,127.47150202963275,-53.5995796895989,116.43839841134667,-65.1985268143714,105.86486251942478,-63.26691993072859,84.07604744824681,-46.87173168605176,66.95043132561221,-48.92731791330442,41.81757568926838,-32.255550429062055,35.104324924801574,-6.057931550987405,34.81929417441239,15.291960159622704,35.70499423157304,34.96332882338896,35.895260076423085,54.985142644042924,37.200919663604566,75.69175788622366,34.707728051065544,93.64812004970727
120.58841268122211,-21.507952894388666,125.01574694157529,-28.055601604059348,127.78807025024224,-52.99272631548337,117.37175991773137,-65.22022672958946,106.5443412949956,-63.83233148781778,84.749713472368,-47.1772096496079,67.70642796992371,-49.29425263929943,42.051111258514254,-33.042599597213325,34.978753720556426,-6.826873029863691,34.821317363552055,14.508024109667645,35.69812712757249,34.20742472087409,35.958223143704174,54.180930599791736,37.30565266005982,74.9347050652242,35.072957880655,92.9432972902286
120.78092392244054,-20.782885546369243,125.0870740928379,-27.318533540959265,128.05590072668434,-52.37211442221718,118.30517614532374,-65.21873941260719,107.2245662274251,-64.39039187014322,85.42718890769623,-47.48289894912233,68.46050239915877,-49.641750232119364,42.2909141448402,-33.82449045520275,34.85507380488997,-7.596595941285955,34.82302038955089,13.72375976593321,35.68449354854539,33.45170390802667,36.016405958664734,53.37619914035582,37.40965521310085,74.17608177192349,35.43483495106619,92.23743513383337
120.9729472454606,-20.057877511280708,125.15152663102509,-26.58129508088666,128.2727866389742,-51.7380533591554,119.23573620260794,-65.19391356814003,107.90574294472316,-64.94021852580192,86.10822341804538,-47.788932776396166,69.21189498291261,-49.96938966474187,42.53664815235521,-34.60094501977335,34.73374445926953,-8.367154031047107,34.8244024097059,12.93916696943785,35.66427959101196,32.69616505768926,36.06971186934169,52.57095430820408,37.5128596594497,73.41593397774352,35.79275501735441,91.53048117438595
121.16489971962375,-19.33302988670107,125.20892937310208,-25.844117056637742,128.45920678975818,-51.09089977129878,120.16052919806845,-65.14559790090323,108.58807707489945,-65.48092890289098,86.79256666722898,-48.09544432323031,69.95984609078056,-50.27674991014487,42.78797708516839,-35.37168530766803,34.61522496516244,-9.138601044940174,34.825462581313616,12.154245561200128,35.637671351492656,31.94080684270432,36.11804422377219,51.765202145805404,37.6151983358281,72.65430765410622,36.14611383457503,90.82238300575057
121.35719841427164,-18.608443770208282,125.25910713603395,-25.107230301008713,128.64267926144367,-50.43123648791152,121.07664424018964,-65.07364111561219,109.27177424596363,-66.01164044950752,87.4799683190609,-48.40256678142583,70.70359609235794,-50.56340994130613,43.04456474738896,-36.136433335629874,34.49997460403603,-9.910990728758065,34.826200061671045,11.368995382238552,35.604854926507926,31.18562793591451,36.16130636999304,50.95894869562869,37.716603578958086,71.89124877243361,36.49430715778311,90.11308822179149
121.5502603987457,-17.884220259380356,125.30188473678601,-24.37086564679572,128.8230236136099,-49.75971387554648,121.98117043745577,-64.97789191698229,109.95704008592548,-66.53147061374864,88.17017803735467,-48.71043334278369,71.4423853572402,-50.82894873120341,43.30607494312591,-36.8949111204019,34.38845265735773,-10.684376828293807,34.82661400807473,10.583416273571572,35.56601641257788,30.430627010162254,36.199401656041175,50.152200000142784,37.81700772556161,71.12680330414759,36.83673074203392,89.40254441637302
121.74450274238762,-17.16046045179519,125.33708699232335,-23.635253926794917,128.99996999446608,-49.07698231268358,122.87119689835134,-64.85819900972888,110.6440802227948,-67.03953684371135,88.86294548592417,-49.019177199104945,72.17545425502243,-51.07294525281458,43.57217147648845,-37.64684067872702,34.28111840659466,-11.45881308934031,34.826321021740966,9.797508189116115,35.521341906223086,29.675802738290145,36.23223342995374,49.34496210181652,37.91634311236038,70.36101722067016,37.17278034238274,88.69069918335944
121.94034251453894,-16.437265445030846,125.36453871961129,-22.90062597380262,129.17324855222176,-48.383692177802686,123.74381273136049,-64.71441109856727,111.33310028458112,-67.53495658749273,89.55802032858293,-49.3289315421905,72.90204331709634,-51.294978479129554,43.84251815158558,-38.391944027348245,34.17843113321436,-12.234353257690543,34.81519671438804,9.011289006857567,35.47101750396365,28.921153793140718,36.25970503976754,48.53724104311891,38.01454207607645,69.59393649342331,37.50185171388472,87.97750011661503
122.13819678454121,-15.714736336665169,125.38406473561503,-22.16721262061492,129.34258943508604,-47.68049384938382,124.59610704496794,-64.54637688821288,112.02430589929435,-68.01684729318993,90.25515222914481,-49.63982956384149,73.63365950664678,-51.49488266672017,44.1167787725264,-39.12994318300855,34.080850118684054,-13.011051079137474,34.78913974766266,8.224813983644026,35.41522930232014,28.16667884755651,36.28171983351962,47.72904286651874,38.11153695343165,68.82560709382895,37.82334061159514,87.26289481000407
122.33848262173598,-14.992974224276281,125.39548985729965,-21.435244700028022,129.50772279126835,-46.96803770590691,125.42516894765771,-64.353945083381,112.71790269494403,-68.48432640889996,90.95409085142336,-49.952004455858855,74.38160178158552,-51.67350210499757,44.39461714342002,-39.860560162451065,33.98883464447118,-13.78896029947407,34.7486817547678,7.438143052387829,35.3541633978129,27.412376574380062,36.298181159246894,46.92037361448496,38.20726008114792,68.0560749933091,38.13664279056917,86.5468308573908
122.5416170954648,-14.272080205442023,125.39866461995206,-20.70495293391133,129.6683787689779,-46.24697412585181,126.22808754791441,-64.13696438878702,113.41409629953995,-68.93651138271997,91.65458585923233,-50.26558941004356,75.14506419354183,-51.83193084631762,44.67569706837554,-40.583516982418644,33.90284399204296,-14.5681346644933,34.694354368906545,6.651336146001427,35.28800588696214,26.65824564645385,36.30899236498641,46.11123932948635,38.3016437959472,67.28538616328566,38.44115400586219,85.82925585263956
122.74801727506934,-13.552155377740405,125.39555791411902,-19.97648603487613,129.82428751642414,-45.51795348769855,127.00195195422219,-63.89528350914634,114.11309234109189,-69.37251966274692,92.35638691638547,-50.58071761819667,75.92324079414522,-51.97126294303655,44.95968235150218,-41.298535659654306,33.823337442866716,-15.348627919988132,34.626689223282085,5.864453197397154,35.21694286628821,25.904284736620525,36.314056798775084,45.301646053991874,38.39462043455143,66.51358657518065,38.73627001252913,85.11011738961457
122.95810022989093,-12.833300838749437,125.38773505090313,-19.24976554725953,129.97517918181637,-44.781626169926994,127.74385127506554,-63.62875114917421,114.8150964476095,-69.79146869707802,93.05924368669645,-50.897522272119204,76.71532563502507,-52.0925924475103,45.247488539463745,-42.00533781114069,33.75077427840989,-16.13049381175142,34.5462179510975,5.077554139487461,35.14116043231155,25.150492517722512,36.31397791559681,44.4916015325731,38.48612233368232,65.74072220041603,39.021386565625505,84.3893630621802
123.17228302927134,-12.115617686047074,125.37554730703522,-18.52467400548153,130.12078391336394,-44.03864255101712,128.45087461892882,-63.337216013586044,115.52031424710259,-70.19247593381027,93.762905833979,-51.216136563612054,77.52051276781077,-52.19701341209492,45.56516717095218,-42.703598451154505,33.68561378013982,-16.913786085576305,34.45347218555588,4.290698905184627,35.06084468155251,24.39686766260246,36.31128053484457,43.681136037645786,38.57608183006204,64.96683901041371,39.29589942020647,83.66694046420062
123.39098274255213,-11.39920701721121,125.35934595924658,-17.801093943962314,130.26083185927604,-43.2896530094489,129.12011109429642,-63.02052680709721,116.22895136758069,-70.57465882104077,94.46712302204668,-51.53669368447635,78.33799624413172,-52.28561988914652,45.921791450357944,-43.39290302041587,33.62831522952371,-17.698558487255582,34.34898355986019,3.5039474274010445,34.97618171053131,23.643408844102794,36.30621711552868,42.870295792829495,38.66443126041219,64.19198297659574,39.55920433132718,82.94279718954016
123.61461643907472,-10.684169929819973,125.33948228426829,-17.078907897121894,130.39505316776211,-42.53530792370219,129.7486498096526,-62.67853223442302,116.9412134370537,-70.9371348068666,95.17164491471345,-51.85932682651304,79.1669701156174,-52.35950593102115,46.31546823308503,-44.07282679762989,33.579337908029004,-18.484864762582333,34.23328370721373,2.717359639049164,34.887357615768394,22.890114735066106,36.298804653698596,42.059127359181616,38.75110296145493,63.41620007038398,39.810697054042805,82.21688083206308
123.84360118818091,-9.9706075214512,125.31630755883128,-16.357998399380392,130.52317798703137,-41.776257672256975,130.33357987348182,-62.311081000278875,117.6573060835313,-71.27902133938488,95.87622117579275,-52.184169181523146,80.00662843389699,-52.41976559007486,46.744304374537194,-44.742945061501814,33.539141097123036,-19.27275865734947,34.10690426081936,1.930995473041321,34.79455849378411,22.136984008334935,36.28906014540331,41.247677297759594,38.8360292699121,62.63953626320051,40.04977334340873,81.4891389856337
124.07835405921202,-9.258620889682902,125.29017305966664,-15.638247985157932,130.64493646529326,-41.013152633593165,130.87199039426838,-61.91802180938009,118.37743493502313,-71.5994358666926,96.58060146909844,-52.51135394130762,80.85616525059999,-52.46749291866365,47.20640673011832,-45.40283309073686,33.50818407827313,-20.06229391734996,33.970376853880396,1.1449148622899088,34.69797044109879,21.384015336751816,36.277000586692395,40.43599216962093,38.91914252250564,61.86203752646725,40.27582895448012,80.75951924411629
124.31929212150959,-8.548311132093033,125.26143006350566,-14.919539188874523,130.76005875075697,-40.24664318619074,131.36097048049663,-61.49920336644203,119.101805619539,-71.89749583688689,97.28453545844417,-52.84101429766747,81.71477461735589,-52.503781969143574,47.699882155232274,-46.052066164040184,33.48692613294662,-20.85352428837672,33.82423311959991,0.3591777397072633,34.59777955423277,20.631207393159286,36.262642973614845,39.62411853582296,39.00037505595725,61.083749831606156,40.48825964231213,80.02796920137507
124.56683244441541,-7.839779346259604,125.23042984707917,-14.20175454495029,130.86827499163195,-39.477379708529554,131.79760924065107,-61.05447437618005,119.83062376508866,-72.17231869806483,97.9877728076437,-53.17328344240377,82.58165058579397,-52.52972679387079,48.22283750528271,-46.69021956011699,33.47582654261072,-21.646503516222822,33.66900469118076,-0.42615596179422255,34.4941719297064,19.878558850399884,36.246004302220115,38.81210295742318,39.079659206989106,60.30471915003915,40.68646116196015,79.29443645127441
124.82139209727092,-7.133126629760568,125.19752368711846,-13.484776587805356,130.9693153361274,-38.706012579089645,132.17899578321584,-60.583683543309576,120.56409499968169,-72.42302189832355,98.69006318051066,-53.508294567317535,83.45598720754373,-52.54642144520125,48.773379635673734,-47.31686855767248,33.47441247211265,-22.44127967661143,33.50522320182637,-1.2110263093021558,34.38733366404,19.126068381316145,36.2271015685572,37.99999199547898,39.15692731232292,59.52499145318825,40.869829268479236,78.55886858767849
125.0832235510913,-6.42845251722116,125.16306286035439,-12.768487851859845,131.06290993245278,-37.93319217635093,132.50243565496663,-60.08667969967297,121.30242495132785,-72.64872288576004,99.39115624085872,-53.84618086420966,84.33697853423445,-52.55495997549099,49.3496154018091,-47.93158843541187,33.476209824250816,-23.23773714090504,33.333420284739475,-1.9953733699040868,34.27745085375403,18.37373465875055,36.20595176867556,37.18783221104786,39.23211170868075,58.74461271247543,41.037759716924654,77.82121320445168
125.35120855272481,-5.725804639631974,125.12739864351823,-12.05277087153371,131.14878892881728,-37.159568878793266,132.79931663481437,-59.56356642426084,122.04581924803693,-72.84853910847141,100.09080165250163,-54.18707552488121,85.22381861749551,-52.55643643709618,49.94965165909247,-48.533954472040364,33.47988370589593,-24.03557561841751,33.1541275731235,-2.779137210687736,34.164709595368606,17.62155635554575,36.18257189862442,36.375670165187216,39.30514473278441,57.9636288993226,41.18964826235168,77.0814178954582
125.62492769051954,-5.025167921300465,125.09088231334107,-11.337508181247188,131.22668247343023,-36.38579306489669,133.09330999667912,-59.01523577963184,122.79887726079227,-73.02160943740319,100.78874907925302,-54.5311117411332,86.11570150895642,-52.551944882372766,50.57159526292793,-49.12354194626312,33.4854257766371,-24.834484937778257,32.96787670018131,-3.562257898740711,34.049295985404285,16.869532144544223,36.15697895445288,35.56355241895449,39.375958721355744,57.18208598515179,41.32489065981548,76.33943025456239
125.90422515334438,-4.326523538728736,125.05386514655373,-10.622582315420289,131.29632071450095,-35.61251511314106,133.38405008462183,-58.44273191384923,123.58431977171455,-73.16751187860899,101.48474818492679,-54.87842270476665,87.01182126024656,-52.54257936367679,51.21355306871925,-49.699926136785336,33.49282769606367,-25.63415492761669,32.77519929911608,-4.344675501150562,33.93139612038141,16.117660698588452,36.129189932210295,34.75152553340706,39.444486011116794,56.4000299413849,41.442882664371325,75.59519787562843
126.18894513006836,-3.6298526684187777,125.01669841988763,-9.90787580847308,131.35743380023888,-34.84038540200629,133.67117124270368,-57.84709897497612,124.40255579358683,-73.28623571566953,102.17854863333645,-55.229141607582505,87.91137192299522,-52.52943393336443,51.87363193187031,-50.26268232231229,33.50208112376487,-26.434275416562173,32.57662700313091,-5.126330085005009,33.8111960968202,15.365940690521086,36.09922182794588,33.93963606960244,39.51065893878939,55.61750673944397,41.54302003107438,74.84866835252069
126.47893180956049,-2.93513648687275,124.9797334100736,-9.19327119482574,131.40975187885311,-34.07005430997242,133.95430781498584,-57.22938111107578,125.25026868256629,-73.37778607599438,102.86990008829576,-55.58340164138178,88.81354754883188,-52.513602643791614,52.54993870778475,-50.81138578154906,33.5131777193298,-27.23453623324417,32.37269144542887,-5.9071617173916025,33.688882011241105,14.614370793184548,36.067091637708984,33.12793058859802,39.57440984109547,54.8345623507509,41.624698514980025,74.09978927910339
126.7740293806898,-2.2423561705927,124.94332139384284,-8.478651008898282,131.4530050985532,-33.30217221551936,134.2330941455295,-56.59062247021143,126.12414179481055,-73.44216808699315,103.5585522136185,-55.94133599796555,89.71754218938594,-52.496179547314455,53.240580251866675,-51.34561179320099,33.52610914234782,-28.034627206292043,32.16392425921316,-6.68711046539795,33.56463996016436,13.86294967942149,36.03281635754871,32.316455651451236,39.63567105475687,54.05124274672772,41.689880783807155,73.3485119485643
127.0740820323253,-1.551492896080731,124.90781364792639,-7.763897785110885,131.48692360754848,-32.53738949712704,134.50716457839548,-55.93186720044622,127.02085848647681,-73.47938687607552,104.24425467311818,-56.30307786913471,90.62254989628667,-52.478258696289004,53.94366341951974,-51.8649356359731,33.54086705240803,-28.83423816433526,31.950857077686635,-7.466116396111772,33.4386560401104,13.111676022074334,35.9964129835144,31.505257819219594,39.69437491649552,53.26759389879635,41.75210385127531,72.59486325609456
127.37893395333577,-0.8625278398388332,124.87356144905533,-7.048894057883501,131.51123755404802,-31.776356533275305,134.7761534576452,-55.25415944984337,127.93710211372257,-73.48944757065107,104.92675713060868,-56.668760446690385,91.52776472116369,-52.460934143071256,54.657295066147924,-52.36893258857077,33.557443109099665,-29.633058936003238,31.7340215340526,-8.244119576620562,33.31111634759958,12.360548493985732,35.95789851165529,30.694383652960425,39.75045376303348,52.48366177837869,41.81341233448012,71.83894077841208
127.6884293325906,-0.17544217836905318,124.84091607396084,-6.333522361636312,131.52567708626128,-31.019723702444196,135.0396951273396,-54.5585433664661,128.86955603270502,-73.47235529812951,105.60580924990353,-57.03851692243347,92.43238071564616,-52.44529994001732,55.379582047154884,-52.857177929699105,33.57582897201206,-30.43077934992533,31.513949261514142,-9.021060074012041,33.18220697915223,11.609565767998106,35.91728993802059,29.883879713731176,39.803839931092455,51.699492356896826,41.87378475156203,71.08084480606541
128.00241235895845,0.5097829118264485,124.81022879937387,-5.617665230789385,131.5298815311582,-30.26814130057926,135.29742393153987,-53.84606309837761,129.81490359958178,-73.42811518592049,106.2811606948166,-57.41248048816499,93.3355919313637,-52.43245013948325,56.10863121794472,-53.32924693806325,33.59601630073445,-31.227089234730954,31.29117189327411,-9.796877955373759,33.05211403128868,10.85872651695405,35.87460425865953,29.07379256258929,39.854465757394394,50.91513160577267,41.933199620661696,70.32067562960307
128.32072722130835,1.193166254245682,124.7818509020255,-4.901205199762842,131.50888969793715,-29.522078574354225,135.54897421430707,-53.117762793641134,130.76982817051015,-73.35673236143356,106.95256112916155,-57.790784335686,94.23659241994557,-52.4234787938251,56.84254943392108,-53.78471489236853,33.617996754855824,-32.02167841904958,31.06622106253593,-10.57151328779338,32.92102360052917,10.108029413696158,35.829858469621456,28.26416876059227,39.902263578661234,50.130625496428195,41.99163545991968,69.5585335395736
128.64321810850953,1.8747266723864868,124.75613365864689,-4.184024802976751,131.45314526404894,-28.78143981316748,135.79398031970237,-52.37468660031982,131.73101310164753,-73.2582119520784,107.61976021675213,-58.17356165679746,95.13457623302105,-52.419479955398856,57.57944355048795,-54.22315707132003,33.641761993965645,-32.81423673151056,30.839628402502456,-11.34490613835851,32.78912178339425,9.357473131066854,35.783069566955476,27.455054868797504,39.947165731614916,49.346020000285364,42.049070787476296,68.79451882652552
128.96972920943068,2.554482989746873,124.73342834596912,-3.4660065748511784,131.36436146107025,-28.04601941636696,136.03207659178696,-51.61787866647694,132.6951417491511,-73.13255908526463,108.28250762140186,-58.56094564330044,96.02873742221976,-52.421547676560635,58.317420423048986,-54.64414875362303,33.667303677653024,-33.60445400074332,30.61192554637688,-12.116996574156758,32.656594676404154,8.607056341908788,35.73425454671104,26.64649744826238,39.98910455297738,48.56136108876609,42.10548412147244,68.02873178100737
129.30010471294105,3.232454029824737,124.71408624072313,-2.747033049806248,131.24425152057785,-27.315611783300824,136.2628973746218,-50.8483831401756,133.6588974691786,-72.97977888840194,108.94055300692452,-58.953069486995844,96.91827003917098,-52.43077600966649,59.05458690700817,-55.047265217982726,33.69461346550719,-34.392020055377316,30.383644127362402,-12.887724662275787,32.523628376079216,7.856777719064382,35.683430404937155,25.8385430600444,40.02801237947034,47.7766947332924,42.16085398004833,67.26127269356769
129.63418880790954,3.908658616118089,124.69845861964012,-2.026986762262027,131.09452867414842,-26.590011313317063,136.48607701226803,-50.067244169479125,134.61896361788712,-72.79987648889988,109.59364603713396,-59.35006637968473,97.8023681355042,-52.448259007072465,59.789049857769385,-55.43208174310422,33.72368301711737,-35.176624724041915,30.155315778661873,-13.657030469803146,32.39040897893989,7.106635935376232,35.63061413768315,25.031238265200955,40.06382154781585,46.992066905286265,42.21515888134462,66.49224185475501
129.97182568320505,4.583115572124768,124.68689675945126,-1.3057502466386381,130.91690615335864,-25.869012405763783,136.70124984878686,-49.27550590245062,135.57202355143414,-72.5928570141682,110.24153637584362,-59.752069513168124,98.68022576284858,-52.47509072113462,60.51891613073627,-55.79817360769283,33.754503992072785,-35.95795783536653,29.92747213347849,-14.424854063826558,32.257122581506394,6.356629663686931,35.575822740998376,24.224629624789486,40.09646439473573,46.20752357616965,42.26837734350198,65.72173955511784
130.31285952769673,5.255843721342671,124.6797519368875,-0.583206037356149,130.71309718978517,-25.152409459989087,136.90805022823935,-48.47421248715335,136.51476062597698,-72.3587255916164,110.88397368686736,-60.15921207924697,99.55103697283374,-52.51236520420895,61.242292581312824,-56.14511609045371,33.78706804996267,-36.735709217980514,29.70064482501533,-15.191135511433515,32.12395528029907,5.606757576838959,35.51907321093205,23.41876369986744,40.12587325695205,45.423110717364466,42.320487884660736,64.94986608520475
130.65713453025347,5.926861887269865,124.67737513300239,0.14076333023217558,130.48481501500459,-24.439996875340967,137.10611249468656,-47.664408071650485,137.44385819767314,-72.09748734865428,111.52070763401895,-60.571627269722285,100.41399581708907,-52.561176508651556,61.95728606490292,-56.47248447009201,33.82136685037625,-37.5095687005134,29.475365486475596,-15.955814879711738,31.991093171838372,4.857018347674796,35.4603825435334,22.613687051492263,40.15198047118662,44.63887430029274,42.37146902296166,64.17672173556429
131.0044948797443,6.5961888934041895,124.67951705481761,0.8662061485773052,130.23377286059377,-23.731569051167526,137.29507099218978,-46.84713680400523,138.35599962268003,-71.80914741269135,112.15148788111202,-60.98944827639514,101.26829634724385,-52.6226186868185,62.662952281444234,-56.779855082889355,33.85739205290287,-38.27922611159454,29.25216575106225,-16.718832235748835,31.858722352644634,4.107410649037092,35.39976773485154,21.809446240721343,40.17471837416127,43.85486029637633,42.421299276545085,63.402406796744856
131.35478476503823,7.263843563243654,124.68567231422975,1.592913527628241,129.9616839581293,-23.026920386816812,137.47456006480985,-46.023442832280864,139.24786825715483,-71.49371091113727,112.77606409196011,-61.412808291066426,102.11313261492757,-52.697785791065826,63.3781347320226,-57.06692923922765,33.89513531713152,-39.04437127985335,29.031577251978376,-17.480127646632354,31.72702891923808,3.357933153768272,35.337245780935916,21.00608782861218,40.19401930259795,43.07111467703737,42.469957163551555,62.627021559295144
131.7078483750043,7.929844720286098,124.69573649062914,2.320616818995177,129.67026153918795,-22.325845281636873,137.64421405660818,-45.194370304540485,140.11614745725507,-71.15118297140174,113.3941859303772,-61.84184050553728,102.94769867176961,-52.78777187374959,64.11003292364609,-57.33364937460715,33.934588302651434,-39.80469403391919,28.814131622427283,-18.239641179450018,31.596198968139163,2.6085845347109853,35.27283367783565,20.20365837622211,40.20981559321859,42.287683413697664,42.51742120212185,61.85066631376367
132.06352989851138,8.594211188029476,124.70960516340637,3.0490473742883637,129.36121883534628,-21.628138134975814,137.8036673116457,-44.360963368847365,140.95752057913813,-70.78156872089437,114.00560306017672,-62.27667811160859,103.77118856939927,-52.89367098722579,64.85760073034254,-57.57998540720524,33.97574266905207,-40.559884202421586,28.60036049561171,-18.997312901289376,31.46641859586822,1.8593634647077124,35.206548421600075,19.402204444608685,40.22203958274514,41.50461247777929,42.5636699103963,61.073441350698886
132.42167352442863,9.25696178997174,124.72717391195164,3.777936545118166,129.03626907818108,-20.93359334618168,137.95255417398363,-43.524266173264664,141.76867097896132,-70.38487328702473,114.61006514517265,-62.71745430108143,104.58279635944604,-53.016577183850586,65.61979202614015,-57.805907255199145,34.01859007592253,-41.309631613989836,28.39079550473508,-19.753082879238036,31.33787389894559,1.1102686166009335,35.13840700827831,18.601772594829242,40.23062360789942,40.72194784070416,42.60868180651545,60.295446960649315
132.78212344162483,9.918115349610844,124.74833831565542,4.507015683094835,128.6971254992689,-20.242005314602466,138.090508987683,-42.685322865855596,142.54628201288216,-69.9611017972025,115.20732184917841,-63.16430226575676,105.38171609353918,-53.15758451597992,66.3955606850671,-58.01138483676624,34.06312218285194,-42.053626097253414,28.18596828300025,-20.506891180383718,31.210750973891493,0.36129866323329907,35.0684264339198,17.80240938794128,40.23550000540337,39.939735473894245,42.652435408619965,59.516783434163585
133.14472383896924,10.57769069044474,124.77299395390827,5.236016139828564,128.34550133018666,-19.55316843958633,138.217166096805,-41.845177594683435,143.28703703705781,-69.51025937883736,115.79712283600799,-63.61735519743564,106.16714182330833,-53.3177870359699,67.18386058115135,-58.1963880700838,34.10933064942952,-42.791557480841675,27.986410463610525,-21.258677871813916,31.0852359172265,-0.38754772255271064,34.99662369457354,17.00416138500219,40.236431533532084,39.15802134877151,42.694909234850286,58.73755106179016
133.50931890533064,11.235706635971269,124.80103640610054,5.964669266929718,127.9831098025108,-18.866877120481263,138.33215984541067,-41.00487450781128,143.98761940764592,-69.03235115933887,116.37921776947479,-64.07674628791904,106.93826760038263,-53.49827879617658,67.9836455884211,-58.36088687332915,34.15720713524473,-43.52311559338409,27.792653679768762,-22.00838302061635,30.96151482547083,-1.1362718679145587,34.923015786289,16.207075147069418,40.228329003059855,38.37685143675793,42.73608180334696,57.957850134077546
133.87575282957806,11.892182009688383,124.83236125162256,6.692706416008548,127.6116641478182,-18.182925756635427,138.43512457756123,-40.16545775330246,144.64471248080355,-68.52738226611677,116.9533563133927,-64.5426087290079,107.69428747639171,-53.700153848956006,68.7938695809043,-58.504851164679565,34.20674329988657,-44.247990263510076,27.605229564678268,-22.755946693878627,30.839773795144822,-1.8848751000097081,34.84761970511539,15.411197235200405,40.20896676329022,37.59627170927547,42.77593163225055,57.17778094157438
134.2438698005805,12.547135635094094,124.86686406986479,7.419858938675304,127.23287759768533,-17.501108747396756,138.5256946373176,-39.327971479220025,145.25499961268844,-67.99535782658057,117.51928813157548,-65.01507571250335,108.4467552507279,-53.924348860046166,69.61348643262914,-58.62825086231243,34.25793080294437,-44.965871319848986,27.424669751542012,-23.5013089586883,30.720198922768816,-2.633358745995622,34.77045244710183,14.616574210452598,40.17851719054903,36.81632813774604,42.814437239701704,56.39744377482913
134.61351400720713,13.20058633568624,124.9044404402178,8.145858186540238,126.84846338368908,-16.82122049211341,138.6035043687412,-38.4934598336273,145.81516415945765,-67.43628296814,118.07676288783654,-65.49428043020629,109.21441192416813,-54.170858093118056,70.4414500176236,-58.73105588440495,34.31798591510727,-45.67644633506319,27.251505873563076,-24.244409882133027,30.60297630486326,-3.3817241330297634,34.69153100829766,13.823252633883385,40.13715266116236,36.03706669359167,42.85157714384076,55.616938924390354
134.9845296383267,13.85255293496283,124.9449859420717,8.870435511213714,126.46013473740601,-16.143055390133384,138.66818811589286,-37.6629669645875,146.32188947726883,-66.8501628182047,118.62553024598998,-65.98035607391773,109.9955482306537,-54.439326601538085,71.27671420991584,-58.813236149134525,34.434571679871794,-46.37934295432683,27.086269563944654,-24.985189531300477,30.487424228305315,-4.129972588269538,34.61087238475221,13.031279066550212,40.08504555145595,35.25853334823432,42.88732986280837,54.83636668080652
135.35676088280837,14.503054256421763,124.98839615481717,9.593322264305925,126.0696048904129,-15.466407840804777,138.71938022283376,-36.83753702016372,146.77185892227914,-66.23700250418426,119.1653398698491,-66.4734358354388,110.78815991643552,-54.729398868775775,72.11823288353395,-58.874761574678416,34.613464697694496,-47.07412405585575,26.929492455889715,-25.7235879732782,30.370981583012565,-4.878105438872524,34.528493572514606,12.24070006951058,40.022368237755984,34.48077407309597,42.9216739147451,54.0558273346262
135.73005192952115,15.15210912356099,125.03456665784455,10.314249797427124,125.67858707428644,-14.791072243475696,138.7567150336252,-36.01821414841925,147.1617558506461,-65.59680715348833,119.69786250090402,-66.97365155026642,111.59024272776429,-55.04071937830048,72.964959912506,-58.915602079213954,34.851106088254426,-47.760349292174396,26.781706182601454,-26.4595452751538,30.25347525076205,-5.626124011996069,34.44441156763406,11.45156220382188,39.9492930963882,33.70383483959853,42.95458781779138,53.27542117639797
136.10424696733384,15.799736359878352,125.08339303054419,11.032949462187673,125.28879452060318,-14.116842997494075,138.77982689232812,-35.206042497417286,147.50194366791624,-64.92964901904571,120.24131224109448,-67.48107730339831,112.39979241089105,-55.37293261358167,73.81584917086008,-58.93572758091847,35.1439369712304,-48.4375783158074,26.643442377282838,-27.193001504015,30.134915832736226,-6.3740296347977505,34.358643366159924,10.663912030541496,39.86599250367868,32.927761619164016,42.98605009008787,52.49524849667034
136.47919018511567,16.445954788871916,125.13477085230664,11.749152610197768,124.9019404609399,-13.443514502208075,138.78835014300358,-34.402066215221,147.8378754660452,-64.23645927255501,120.79846224280942,-67.99570911655422,113.21480471206661,-55.72568305808875,74.66985453262424,-58.935107997969226,35.488398466301476,-49.105370779279156,26.515232673137177,-27.92389672694935,30.01531393011777,-7.121823634434918,34.271205964141416,9.877796110726877,39.77263883595339,32.15260038321435,43.01603924977513,51.71540958599178
136.85472577173545,17.090783234039577,125.18859570252215,12.462590593067716,124.51973812687328,-12.770881156965743,138.752504942048,-33.6073473424824,148.17073633119406,-63.51876297876902,121.36705314033719,-68.51753747656244,114.03327537754166,-56.098615195291075,75.52592987182658,-58.91371324854356,35.88093169314658,-49.763286335114174,26.397608703367325,-28.65217101104446,29.894680144089364,-7.869507338065091,34.18211635762765,9.09326100543558,39.66940446953805,31.378397103171494,43.0445338149936,50.93600473491091
137.2306979160623,17.734240518879233,125.24476316058127,13.172994762407825,124.1439007499801,-12.098737361115184,138.6389691779588,-32.823037333229706,148.49741120456434,-62.77809705024191,121.94482556796612,-69.0465528702511,114.85320015356723,-56.49137350865817,76.38302906249527,-58.87151325081874,36.31797777144476,-50.41088463583702,26.291102101176477,-29.377764423387987,29.773025075833573,-8.617082072845733,34.09139154266819,8.310353275724879,39.556461780758866,30.60519775045742,43.071512303883935,50.157134233976194
137.60695080696513,18.37634546688878,125.30316880587446,13.880096469828288,123.77614156183682,-11.426877514004332,138.45695414670587,-32.05031551477458,148.81478502735757,-62.015998399527916,122.52952015998488,-69.58274578444832,115.67257478639414,-56.90360248165939,77.24010597865816,-58.80847792297209,36.79597782087495,-51.047725333972096,26.196244499767715,-30.100617031067543,29.650359326532964,-9.364549165934307,33.99904851531193,7.529119482652277,39.43398314594168,29.833048296494155,43.096953234586465,49.378898373736206
137.98333699968708,19.017116901566226,125.36370821779195,14.58362706693947,123.41817379402033,-10.755096014981405,138.21586769653385,-31.290361223545062,149.11974274077517,-61.23400393918121,123.1188775506817,-70.12610670598235,116.48939502227319,-57.3349465977642,78.09611449434357,-58.724577183181,37.311372961116206,-51.67336808204402,26.113567532344234,-30.820668901170734,29.52669349737033,-10.111909944488275,33.90510427160842,6.7496061872751625,39.30214094141235,29.06199471270361,43.12083512524197,48.60139744473946
138.36133880801793,19.65657364640947,125.4262769757243,15.283317905351566,123.0717106781072,-10.083187263394336,137.9251176756872,-30.5443537959693,149.40916928601888,-60.43365058175601,123.71063837434502,-70.6766261216813,117.3016566074553,-57.78505034044201,78.95000848357955,-58.61978094962268,37.86060431184734,-52.287372532577194,26.043602832109002,-31.537860100785224,29.40203818952824,-10.859165735665044,33.80957580760668,5.971859950651094,39.16110754349694,28.29208297050775,43.14313649399088,47.82473173753448
138.74211747942473,20.294734524916464,125.49077065906187,15.978900336674883,122.7384654456742,-9.410945658591231,137.59411193241039,-29.813472568475447,149.67994960429002,-59.616475239806505,124.30254326526341,-71.23429451837336,118.10735528819129,-58.253558193162235,79.80074182039408,-58.49405914047446,38.440112992747515,-52.88929833809618,25.9868820322651,-32.25213069699856,29.276404004189374,-11.606317866622192,33.71248011935603,5.195927333837346,39.01105532852142,27.523359041328547,43.163835858973755,47.04900154266983
139.12565042511454,20.931618360585105,125.55708484719509,16.67010571251967,122.42015132829789,-8.738165599920194,137.23225831494796,-29.09889687749154,149.92896863679033,-58.78401482588697,124.89233285772508,-71.7991023828867,118.90448681073195,-58.74011463939428,80.64726837881523,-58.347381673913674,39.046340123495554,-53.47870515112544,25.943936766015725,-32.963420756898415,29.14980154253618,-12.353367664517066,33.61383420290571,4.421854897891478,38.852156672811645,26.75586889658797,43.18291173833114,46.27430715069403
139.51191505629487,21.567243976913346,125.63184761408212,17.35666538449624,122.11848155755507,-8.064641486729272,136.84896467154448,-28.40180605944579,150.15311132472124,-57.93780625255158,125.4777477860186,-72.37104020204947,119.69104692132822,-59.24436416260755,81.48854203287118,-58.179718468117585,39.6757268237705,-54.055152624189475,25.915298666563842,-33.67167034757239,29.02224140575146,-13.100316456507187,33.51365505430505,3.649689203870878,38.68458395269346,25.989658507707986,43.200342650203595,45.50074885215565
139.900888784173,22.20163019739914,125.73593998367897,18.038310704214837,121.83516936502252,-7.390167718366456,136.45363885044418,-27.72337945076623,150.34926260928427,-57.07938643235451,126.0565286844323,-72.95009846268982,120.4650313662309,-59.76595124627153,82.32351665659002,-57.99103944126358,40.32471421325141,-54.6182004098128,25.90149936711265,-34.37681953610809,28.89373419501777,-13.847165569750018,33.41195966960328,2.8794768128329338,38.50850954449305,25.22477384611051,43.21610711273155,44.7284269376031
140.29254901995608,22.834795845540384,125.87019089252914,18.714773023285773,121.57192798227669,-6.7145386941799075,136.05568869989185,-27.064796387881074,150.51430743168095,-56.21029227784999,126.62641618725462,-73.53626765163597,121.22443589169092,-60.30452037385561,83.15114612399981,-57.78131451152893,40.9897434116171,-55.167408160519926,25.90778250955958,-35.078808389593235,28.764290511517686,-14.593916331403022,33.30876504484951,2.111264285835148,38.32410582453616,24.461260883217562,43.230183644055785,43.95744169758507
140.68687317485143,23.46675974483503,126.03385193397816,19.385783693319297,121.33047064089436,-6.037548813517617,135.66452206813193,-26.427236207218357,150.64513073311292,-55.33206070159224,127.18515092877414,-74.12953825571606,121.96725624395907,-60.85971602882921,83.97038430912863,-57.55051359709091,41.66725553854661,-55.70233552883536,25.95328848535013,-35.77757697511527,28.633920956433997,-15.340570068623663,33.20408817609308,1.3450981839349083,38.131545169148865,23.699165590451116,43.242550762316625,43.18789342264995
141.08383866006653,24.097540718781033,126.22617470137169,20.05107406592566,121.11251057245221,-5.358992475727689,135.2703396892054,-25.811689778435266,150.7386174547816,-54.44622861613544,127.73047354327906,-74.72990076175824,122.69148816928617,-61.4311826946618,84.78018508600456,-57.29860661612685,42.35369171371889,-56.222542167283564,26.03879212809551,-36.47306535976196,28.50263613094927,-16.087128108569402,33.09794605938333,0.5810250681896605,37.93099995465701,22.93853393923314,43.25318698565462,42.41988240334638
141.48342288680846,24.72715759087629,126.4464107880554,20.710375492715116,120.9184193251213,-4.678664080158171,134.8225481689305,-25.217061499316117,150.79165253788864,-53.55433293403382,128.26012466505796,-75.33734565659068,123.39512741392315,-62.01856485482267,85.57950232865556,-57.025563486814065,43.045493056813086,-56.72758772838904,26.16290930120698,-37.16521361062087,28.37044663624596,-16.833591778397647,32.98406592116402,-0.1809085003430937,37.72264255738668,22.179411900985542,43.26207083221044,41.65350893022287
141.8856032662846,25.355629184618692,126.69381178737507,21.363419325298025,120.73171796173546,-3.996358026157111,134.3254045583938,-24.640957651051963,150.80192479486533,-52.657910567841554,128.77184492839916,-75.95186342704159,124.0761697241208,-62.621506992781406,86.36728991110994,-56.731354127329894,43.739100687507914,-57.2170318646763,26.324255868095577,-37.85396179477965,28.23736307350697,-17.579962405265917,32.84619300499497,-0.9406559606060796,37.5066453536636,21.421845447130295,43.26918082012452,40.88887329382794
142.29035720970222,25.982974323506312,126.96762929267612,22.009936915284584,120.54714630390055,-3.311868713072613,133.78739456934926,-24.080964937104852,150.780751546962,-51.75849843011292,129.26337496759112,-76.5734445599391,124.73261084613006,-63.2396535920073,87.14250140927089,-56.41594855056724,44.430955725482534,-57.69043422866986,26.521447692172558,-38.539249979325916,28.103396043914756,-18.326241316331675,32.68439907493206,-1.6981707515416815,37.283180719813856,20.665880549089422,43.274495467537406,40.12607578471005
142.69766212826875,26.60921183103693,127.26711489730434,22.6496596142851,120.3648347750214,-2.624990540252668,133.2170039135504,-23.53467006093672,150.73266263331374,-50.85763343340204,129.73245541692228,-77.20207954211139,125.36244652620161,-63.87264913596988,87.90451609781206,-56.08000235216963,45.11749929041588,-58.14735447289422,26.753100636849297,-39.221018231347216,27.968556148652,-19.072429838752385,32.49967589978536,-2.453406312092625,37.05242103216341,19.911563178284837,43.27799329258977,39.36521669341789
143.10749543319122,27.234360530708557,127.59152019460538,23.28231877390988,120.18491379850303,-1.93551790704538,132.62271830275114,-22.99965972600961,150.65756958994376,-49.956852490263145,130.1768269106811,-77.8377588603866,125.96367251058649,-64.5201381081385,88.65465983918335,-55.72650098660472,45.79517250198688,-58.587352249873845,27.017830565536826,-39.89920661793127,27.832853988901377,-19.81852929968545,32.293015248364725,-3.2063160812013507,36.81453866703811,19.158939306138564,43.27965281342193,38.606396310499804
143.51983453567726,27.85843924601909,127.94009677792491,23.907645745769116,120.00751379775039,-1.243245212798854,132.01302344870516,-22.473520635785405,150.5553839528755,-49.057692513250515,130.59423008315588,-78.48047300159294,126.53428454553551,-65.18176499198256,89.39477920798612,-55.35892437426293,46.460416479874596,-59.00998721213324,27.314253341646406,-40.57375520616563,27.696300165845457,-20.564541026288452,32.06540888948024,-3.956853497810471,36.56970600076403,18.408054904072458,43.272933265667405,37.84971492650453
143.93465684693382,28.481466800466478,128.31209624060847,24.52537188147312,119.8327651961684,-0.5479668568610805,131.39640506316613,-21.953839493726093,150.4260172581324,-48.16169041491827,130.9824055686351,-79.13021245255851,127.07227837729948,-65.85717427097154,90.1267207788224,-54.98075243553478,47.109672343757836,-59.41481901219697,27.64098482858941,-41.244604063137956,27.558905280666806,-21.310466345718737,31.817848591942095,-4.70497200086254,36.31809540966702,17.6589559435086,43.23243973681298,37.095272831980424
144.3519397781684,29.10346201754868,128.70677017600195,25.135228532632198,119.66079841716186,0.15052276141983612,130.78134885788796,-21.438203003293665,150.26938104173774,-47.270383107820635,131.3390940014072,-79.78696770011152,127.57564975212932,-66.54601042857485,90.85233112629379,-54.59546509081065,47.74130800939264,-59.801407302589496,27.99664088977687,-41.91169325593586,27.420679934548218,-22.056306585133825,31.551326124560262,-5.45062502930017,36.05987927007294,16.911688395868907,43.157210112902646,36.34317031747611
144.7716607405883,29.72444372076359,129.12337017745068,25.736947050856543,119.4917438841357,0.8524292426958482,130.17634054462422,-20.924197867950113,150.0853868397149,-46.38530750451184,131.66203601576075,-80.45072923108017,128.04239441627573,-67.24791794826189,91.57345682500221,-54.20654226048106,48.37968054640834,-60.169311735835265,28.379837388620047,-42.574962851646944,27.281634728672145,-22.802063071691123,31.266833256144594,-6.193766022065915,35.79522995830797,16.166298232575343,43.04907075051693,35.5935076735401
145.19379714540077,30.34443073360916,129.56114783830066,26.33025878775652,119.32573202049485,1.5579581876189081,129.5898658351287,-20.409410791157313,149.87394618808725,-45.50800051754612,131.94897224598384,-81.12148753229263,128.47050811598973,-67.96254131350213,92.29194444954913,-53.81746386493643,49.03286911760944,-60.51809196445885,28.789190188530085,-43.234352917358876,27.14178026422138,-23.547737132548207,30.9653617555054,-6.934348418102331,35.52431985069785,15.422831425049878,42.90984800623636,34.84638519072092
145.618326403813,30.963441879583343,130.0193547518973,26.91489509494238,119.16289324964436,2.2673151968409115,129.0304104411552,-19.891428476377314,149.63497062287814,-44.63999905947759,132.19764332636515,-81.79923309057699,128.85798659752214,-68.68952500776493,93.00964057453649,-53.43170982456718,49.700506488117696,-60.84730764098475,29.22331515291836,-43.889803520159205,27.00112714237838,-24.293330094862426,30.64790339145253,-7.672325656351973,35.24732132356854,14.681333944714424,42.74136823664156,34.101903159567144
146.0452259270325,31.581495982184038,130.4972425115863,27.490587324024318,119.00335799498902,2.980705871013811,128.48951890099232,-19.367906495290356,149.3683716801109,-43.782840042860585,132.40578989119302,-82.4839563927614,129.20282560712366,-69.4285135145197,93.72839177456586,-53.05276005976384,50.382225423055104,-61.15651841793738,29.680828145196017,-44.541254727135595,26.859685964325934,-25.0388432857913,30.315449932795957,-8.407651175757337,34.964406753246124,13.941851762991064,42.54545779831318,33.36016187062722
146.47447312626633,32.19861186490914,130.9940627107133,28.057066826612697,118.84725667993388,3.6983358107895583,127.9271026183331,-18.83720676716871,149.07406089580905,-42.93806038024917,132.5711525747559,-83.17564792567418,129.5030208910453,-70.17915131723595,94.4500446242393,-52.684094490916834,51.07765868754353,-61.44528394784135,30.160345028774316,-45.18864660537565,26.71746733124661,-25.784278032492296,29.968993148345987,-9.14027841526115,34.675748516056444,13.204430851301652,42.32394304783162,32.62126161444979
146.906045412722,32.81480835125666,131.5090669426241,28.61406495431777,118.69471972788364,4.4204106168201065,127.34901549614784,-18.298105825020173,148.7519498059957,-42.10719698419763,132.69147201134223,-83.87429817614333,129.75776486421518,-70.94108289938305,95.17644569815815,-52.32919303841658,51.78643904670497,-61.71316388322106,30.66048166706429,-45.83191922196704,26.57448184432309,-26.529635662122814,29.60952480691236,-9.870160813805853,34.38151898832547,12.469117181068214,42.07865034177763,31.885302681583312
147.33992019760666,33.43010426472449,132.0415068006643,29.161313058749784,118.54587756224333,5.147135889757351,126.76417455756865,-17.74938548009561,148.40194994669451,-41.291786767260135,132.7667059914931,-84.57989763099715,129.99741062426853,-71.71395274443046,95.90944157092446,-51.9915356226536,52.508199265661176,-61.95971787660113,31.179853923477424,-46.47101264399731,26.430740104737822,-27.274917501840434,29.238036677305274,-10.597251810334058,34.08189054637904,11.735956723712661,41.81140603673174,31.152385362576297
147.77607489212772,34.04451842881059,132.5906338781794,29.69854249151905,118.4008606064179,5.878717230253301,126.18149682572749,-17.189827543645947,148.02397285392857,-40.493366641990974,132.82871261294298,-85.2924367770637,130.23441330925067,-72.49740533584753,96.65087881713981,-51.67460216401827,53.24257210953414,-62.18450558050597,31.717077661424753,-47.10586693855413,26.286252713673605,-28.020124878802505,28.855520528334807,-11.321504843788318,33.77703556654325,11.00499545065702,41.52403648927435,30.42260994797732
148.21448690749236,34.65806966701285,133.15569976851515,30.225484604235817,118.25979928381236,6.615360238959795,125.60989932375657,-16.6182138269221,147.61793006372142,-39.71347352094426,132.8883082290874,-86.01190610117118,130.4667151218378,-73.29108515710368,97.40260401140603,-51.38187258290111,53.98919034344573,-62.38708664746008,32.27076874431742,-47.7364221727251,26.141030272313117,-28.76525912016649,28.462968128810815,-12.04287335311119,33.46712642514393,10.276279333323203,41.21836805598633,29.69607672833496
148.65513365490784,35.27077680282923,133.73595606501732,30.741870748510337,118.1228240178313,7.357270516528843,125.05829907478784,-16.033326141174882,147.18373311209638,-38.953644316674286,132.94514353498772,-86.7382960901478,130.6922582647059,-74.09463669166843,98.1664637283248,-51.11682679969255,54.74768673251782,-62.56702072998797,32.83954303556692,-48.36261841359783,25.99508338183881,-29.510321553089966,28.06137124754349,-12.761310777245285,33.15233549850717,9.549854343133234,40.89622709344809,28.972885994197668
149.09799254558158,35.88265865975768,134.33065436103146,31.247432275952917,117.99006523188001,8.10465366361234,124.5356131019534,-15.433946297655211,146.72129353507677,-38.21541594173516,132.9988692257054,-87.47159723082171,130.90898494053118,-74.90770442301113,98.9430685610377,-50.882944734782996,55.5176940418724,-62.72386748061416,33.42201639858416,-48.98439572825998,25.848422643433366,-30.25531350473028,27.65172165334269,-13.4767705551331,32.832835162958816,8.825766451509026,40.55943995824015,28.253138036114024
149.54304099072095,36.493734061296095,134.93904624990313,31.741900538173866,117.86165334936317,8.857715280862294,124.05075842838522,-14.81885610761401,146.23052286868602,-37.50032530868117,133.0491359963017,-88.21180001002102,131.11483735198982,-75.72993283460119,99.72854126794522,-50.68370630856299,56.298845036631235,-62.85718655186315,34.01680469678064,-49.60169418379917,25.701058658279464,-31.000236302244957,27.23501111501872,-14.189206125717249,32.508797794824716,8.104061629872547,40.209833006943256,27.536933144632485
149.99025640153303,37.10402183094237,135.5603833249781,32.225006886783376,117.73771879368581,9.616660968930546,123.61265207721561,-14.186837382302201,145.71133264894758,-36.80990933006649,133.0955945418379,-88.95889491457399,131.30775770175768,-76.56096640990808,100.52209771576469,-50.522591441422946,57.090772481916304,-62.96653759625946,34.62252379356738,-50.21445384730299,25.553002027559785,-31.745091272791456,26.812231401381325,-14.89857092794034,32.18039577043095,7.384785849645823,39.849232596137824,26.824371610301682
150.4396161892252,37.71354079219452,136.193917179602,32.696482673391756,117.61839198825277,10.381696328469104,123.23021107157632,-13.536671932970592,145.16363441188452,-36.14570491844535,133.13789555737543,-89.71287243130865,131.48568819251096,-77.4004496324012,101.32337068712576,-50.40308005375334,57.89310914284948,-63.05148026632753,35.23778955235554,-50.82261478585906,25.404263352456894,-32.48987974352718,26.384374281240696,-15.604818400744819,31.847801466103476,6.667985082250709,39.47946508240449,26.115553723670132
150.89109776500476,38.3223097685505,136.83889940712055,33.15605924960926,117.50380335646906,11.153026960129864,122.91233597432989,-12.86714157087016,144.5873396935205,-35.509248986371915,133.17568973797557,-90.47372304705334,131.64657102692587,-78.24802698554998,102.13199296465854,-50.328652065944596,58.70548778455276,-63.11157421459188,35.86121783655659,-51.42611706655504,25.25485323415336,-33.23460304160966,25.952431523406915,-16.30790198307335,31.51118725816815,5.953705299109288,39.10235682232377,25.41057977528635
151.34467854007897,38.93034758350814,137.49458160087937,33.60346796704624,117.39408332173952,11.930858464564778,122.63705451803031,-12.177028107251772,143.98236002987875,-34.902078446400424,133.20862777869974,-91.24143724863609,131.78834840767837,-79.10334295282382,102.94759733099266,-50.302787398387125,59.52754117214778,-63.14637909357708,36.49142450958158,-52.02490075647847,25.10478227383186,-33.97926249419635,25.517394896689837,-17.00777511386849,31.17072552295093,5.241992471643471,38.71973417247642,24.709550055698855
151.80033592565525,39.537673060565396,138.16021535422402,34.03844017731285,117.28936230746916,12.7153964424258,122.38216395806143,-11.465113353366291,143.34860695698268,-34.3257302110851,133.2363603746092,-92.01600552288517,131.90896253744467,-79.96604201769213,103.76981656875813,-50.32896597147146,60.358902070756756,-63.15545455580752,37.12702543484164,-52.61890592271703,24.954061072675074,-34.723859428444655,25.080256169899656,-17.704391232072794,30.826588636777785,4.53289257127517,38.33342348944285,24.012564855456162
152.25804733294075,40.144305023220284,138.83505226050028,34.460707232019445,117.1897707370627,13.50684649436488,122.15217899703492,-10.730179120464584,142.6859920108555,-33.78174119298012,133.2585382207654,-92.79741835662867,132.00635561890084,-80.83576866362444,104.59828346058458,-50.410667705588025,61.19920324550134,-63.138360253807775,37.76663647574827,-53.20807263235838,24.802700231865572,-35.46839517151216,24.642007111846453,-18.397703776628816,30.478948975974674,3.8264515694264105,37.945251129803694,23.319724465106844
152.71779017314287,40.75026229497064,139.51834391305368,34.87000048277628,117.09543903392529,14.305414221033914,121.95161433756272,-9.971007219797684,141.99442672752087,-33.27164830463971,133.27481201222946,-93.58566623669475,132.07846985472287,-81.71216737408997,105.43263078910189,-50.55137252112729,62.048077461503624,-63.09465584010229,38.408873495712385,-53.792340952490065,24.65071035258603,-36.212871050556146,24.20363949133997,-19.087666186479055,30.127978916867562,3.1227154375192185,37.557043450139474,22.63112917519942
153.1795418574688,41.355563699314416,140.20934190523002,35.266051281193654,117.00649762146173,15.111305223084855,121.78498468225638,-9.186379462616344,141.2738226430019,-32.796988458618046,133.28483244406306,-94.38073964991162,132.12324744758695,-82.59488263255838,106.27249133694005,-50.754560338479735,62.905157483885375,-63.02390096721564,39.052352358145356,-54.371650950199694,24.49810203601902,-36.957288392734256,23.766145077190515,-19.774231900566235,29.773850835782298,2.421730146975392,37.17062680703094,21.946879276282402
153.6432797971259,41.960228059749625,140.90729783037483,35.64859097888177,116.92307692307696,15.924725101169656,121.65680473372794,-8.375077660171542,140.5240912933221,-32.35929856746935,133.28825021132724,-95.18262908310743,132.13863060016917,-83.4835589224989,107.11749788672881,-51.02371107803572,63.770076077768465,-62.92565528767227,39.69568892645833,-54.94594269257499,24.344885883347217,-37.70164852520384,23.330515638208055,-20.4573543578328,29.416737109044846,1.7235416692170702,36.78782755705839,21.267075058904368
