1,,2,,3,,4,,5,,6,,7,,8,,9,,10,,11,,12,,13,,14,,15,
122.17526063679912,-37.634956518419415,122.58100873485483,-34.20863924594818,126.27782473936327,-9.187506532507939,121.3186813186814,8.034246073860288,102.3612285150748,7.876455146838509,83.31360946745565,13.624553202628988,66.15948154409693,15.630752131904671,54.05466328543258,10.964649004263208,40.84530853761629,3.1652688971907423,28.920822766976812,-3.9804059407917407,23.060016906170972,-11.86995229187653,16.951253874330803,-19.91728956998321,10.098619329388725,-29.429828313291182,3.2459847844464775,-36.53042002926742,0,-43.833885794271794
122.67404105439687,-37.479834623276474,123.10170476485666,-34.1493720886632,126.57427034893055,-9.473246065550995,121.70561439444833,7.669775332573693,102.90108972371155,7.893243054988659,83.85961067345715,13.469381425832921,66.71710653676126,15.463642108089346,54.579062391240996,11.095205643317456,41.33312277958174,3.664255130179072,29.353239086386907,-3.5937587287047563,23.393375130715413,-11.396832795100465,17.249347365833273,-19.549169273951577,10.368720331985458,-28.99573300398032,3.6139528092907653,-36.145103751535885,0.3528867932229218,-43.39382761010967
123.17238158312318,-37.3221670181573,123.62158612912208,-34.08607035952082,126.87392751421044,-9.765676582046297,122.09124433408459,7.3023803629284885,103.43885907991859,7.903529357866432,84.40518554909204,13.31861229654379,67.27481216703893,15.302971999024749,55.10361252556601,11.223915410954419,41.82183242843564,4.152863499916009,29.786690175074682,-3.2102679130025535,23.729008546031196,-10.926352681904348,17.549481172454705,-19.177203323489096,10.640352489066686,-28.559990169507955,3.9808849748392277,-35.75692092313341,0.7048897673463443,-42.9529341700524
123.67028097184613,-37.16197848627576,124.14065009371785,-34.018768234781476,127.17675633123753,-10.064514462566194,122.4755665252651,6.93210880319765,103.9745121742713,7.907356164203975,84.9503339917976,13.172123341783333,67.83259943056277,15.148616729804644,55.62831364721751,11.35078618224503,42.31143285373486,4.631200554714553,30.221171757955517,-2.8299295685496304,24.06690064385691,-10.458520141286101,17.85164188933345,-18.801490693068445,10.913512451488032,-28.12265142510813,4.346776517666342,-35.36591877692604,1.0559866259653745,-42.5112077900929
124.16773796943374,-36.99929381084553,124.65889392471075,-33.94749989070573,127.48271689604616,-10.369476087682983,122.85857635566452,6.559008291654379,104.50802459734513,7.904765582733546,85.49505589901133,13.029792088573458,68.39046932296549,15.00045122552251,56.1531657150054,11.475825832260284,42.80191942503626,5.09937284288776,30.656679559944678,-2.452739770210769,24.40703491593098,-9.993343362243877,18.155816111608033,-18.42213035716219,11.18819687010506,-27.683768386014833,4.711622674346529,-34.97214454577977,1.4061550726752898,-42.068650786224055
124.66475132475415,-36.83413777508048,125.1763148881675,-33.87229950355402,127.79176930467082,-10.680277837969072,123.24026921295763,6.183126466571764,105.03937193971547,7.895799722187348,86.03935116817047,12.891496063936074,68.94842283987998,14.858350411272,56.67816868773957,11.599042236071114,43.293287511896665,5.5574869127486295,31.093209305957487,-2.0786945928506384,24.74939485399193,-9.5308305337756,18.461990434416805,-18.03922129024295,11.46440239577339,-27.243392667462103,5.075418681454323,-34.5756454625606,1.7553728110711972,-41.625265474438834
125.16131978667534,-36.66653516219429,125.6929102501548,-33.79320124958684,128.10387365314602,-10.996636093996813,123.62064048481926,5.804510966222779,105.56852979195787,7.880500691297527,86.58321969671249,12.757112794892976,69.50646097693914,14.722189212146816,57.203322524229975,11.720443268748454,43.78553248387294,6.005649312610217,31.530756720909324,-1.7077901113339067,25.0939639497783,-9.070989844879307,18.77015145289829,-17.65286246678346,11.74212567934859,-26.801575884683984,5.438159775564259,-34.17646876013464,2.1036175447483174,-41.18105417073019
125.65744210406535,-36.496510755400834,126.20867727673948,-33.710239305064704,128.41899003750626,-11.318267236338556,123.99968555892411,5.4232094288805115,106.09547374464762,7.858910598796342,87.12666138207481,12.626519808466014,70.06458472977567,14.59184255324044,57.728627183286505,11.840036805363354,44.278649710521904,6.443966590785578,31.96931752971551,-1.3400224005251857,25.440725695028505,-8.61382948455298,19.08028576219084,-17.263152861256174,12.021363371686277,-26.35836965291452,5.7998411932507565,-33.774661671367824,2.4508669773017573,-40.73601919109103
126.15311702579237,-36.32408933791385,126.72361323398832,-33.6234478462481,128.73707855378592,-11.644887645566655,124.37739982294698,5.039269492818164,106.62017938836027,7.831071553415995,87.66967612169469,12.499594631677098,70.62279509402248,14.467185359646635,58.25408262371906,11.957830720986692,44.77263456140048,6.872545295587713,32.40888745729126,-0.9753875352891441,25.78966358148108,-8.15935764179477,19.39237995743298,-16.87019144813388,12.302112123642075,-25.913825587387635,6.160458171088351,-33.37027142912615,2.7970988123266807,-40.29016285151431
126.64834330072426,-36.14929569294702,127.23771538796791,-33.53286104939747,129.05809929801956,-11.97621370225346,124.75377866456267,4.652738796308711,107.14262231367127,7.7970256638886895,88.2122638130096,12.376214791548023,71.18109306531238,14.348092556458937,58.77968880433758,12.07383289068946,45.26748240606548,7.29149197532962,32.849462228552,-0.6138815904905641,26.1407611008745,-7.707582505602545,19.706420633763116,-16.474077201889088,12.584368586071548,-25.467995303337375,6.520005945651519,-32.963345266275724,3.142290753418308,-39.843487467992986
127.1431196777292,-35.97215460371427,127.7509810047452,-33.43851309077337,129.38201236624155,-12.31196178697138,125.12881747144587,4.26366497762524,107.66277811115589,7.75681503894657,88.75442435345684,12.256257815100696,71.73947963927816,14.23443906877094,59.30544568395197,12.188051189542648,45.76318861407373,7.700913178324413,33.291037568413,-0.2555006409940006,26.494001744947298,-7.2585122649743425,20.02239438631966,-16.074909096994475,12.868129409830317,-25.020930415997782,6.878479753514796,-32.553930415682544,3.486420504171747,-39.39599535652002
127.63744490567524,-35.792690853429235,128.26340735038679,-33.340438146636245,129.7087778544864,-12.651848280292711,125.50251163127143,3.872095675040839,108.18062237138975,7.710481787321953,89.2961576404739,12.139601229356856,72.2979558115527,14.126099821676348,59.83135322137207,12.300493492617193,46.25974855498208,8.10091545288509,33.73360920178959,0.09975923833587785,26.849369005438007,-6.812155108908257,20.34028781024108,-15.672786107922718,13.153391245774003,-24.572682540602898,7.235874831252602,-32.14207411021255,3.829465768182274,-38.94768883308825
128.13131773343042,-35.61092922530577,128.7749916909595,-33.23867039324659,130.03835585878858,-12.99558956278986,125.87485653171404,3.4780785268286536,108.69613068494817,7.658068017746984,89.83746357149806,12.026122561338525,72.85652257776877,14.0229497402687,60.35741137540788,12.411167674984029,46.75715759834742,8.491605347324594,34.177172853597085,0.451901972634289,27.206846374085046,-6.36851922640227,20.66008750066578,-15.267807209146326,13.440150744758114,-24.123303292386765,7.592186415439528,-31.727823582731844,4.17140424904494,-38.4985702136907
128.6247369098628,-35.42689450255767,129.28573129253004,-33.13324400686491,130.37070647518254,-13.342902015035122,126.24584756044857,3.0816611712617146,109.20927864240662,7.599615838953866,90.37834204396677,11.91569933806744,73.41518093355927,13.924863749641645,60.883620104869294,12.520081611714147,47.25541111372655,8.873089409956094,34.62172424875081,0.8009314870366779,27.56641734262695,-5.92761280645442,20.981780052732233,-14.860071375137977,13.728404557638328,-23.672844286583313,7.947409742649938,-31.31122606610643,4.512213650355022,-38.04864181432026
129.11770118384044,-35.24061146839858,129.79562342116515,-33.024193163751704,130.7057897997028,-13.693502017600906,126.61548010514974,2.6828912466130532,109.72004183434052,7.5351673596748014,90.91879295531731,11.808209086565512,73.97393187455697,13.831716774888832,61.40997936856621,12.62724317787854,47.75450447067635,9.24547418909259,35.06725911216614,1.146851706678376,27.92806540280219,-5.489444038062686,21.305352061578844,-14.449677580370292,14.01814933527021,-23.221357138426583,8.301540049458424,-30.892328793202296,4.851871675707571,-37.5979059509699
129.61020930423132,-35.052104906042416,130.30466534293168,-32.91155204016741,131.04356592838383,-14.047105951059507,126.98374955349226,2.2818163911558145,110.22839585132533,7.464764688642049,91.45881620298718,11.703529333854533,74.5327763963947,13.743383741103855,61.936489125308526,12.732660248548143,48.25443303875363,9.608866233047081,35.51377316875829,1.4896665566946012,28.29177404634936,-5.054021110225051,21.630790122344138,-14.036724799315948,14.309381728509322,-22.76889346315062,8.654572572439406,-30.4711789968855,5.190356028697863,-37.146364939632576
130.1022600199036,-34.86139959870292,130.81285432389626,-32.79535481237258,131.38399495725997,-14.40343019598339,127.35065129315097,1.8784842431630295,110.73431628393644,7.388449934587754,91.99841168441372,11.601537606956413,75.09171549470523,13.659739573380307,62.46314933390619,12.83634069879389,48.75519218751532,9.963372090132566,35.96126214344264,1.8293799622207985,28.65752676500682,-4.621352211939609,21.958080830166466,-13.62131200644751,14.602098388211346,-22.31550487598946,9.006502548167475,-30.047823910022032,5.527644412921006,-36.694021096301185
130.5938520797253,-34.66852032959383,131.3201876301257,-32.675635656627605,131.72703698236586,-14.762191132944793,127.71618071180069,1.4729424409078433,111.23777872274934,7.30626520624412,92.53757929703426,11.502111432893003,75.65075016512151,13.580659196811837,62.989959953169034,12.938292403686773,49.25677728651817,10.3090983086621,36.409721761134506,2.1659958483922424,29.025307050513163,-4.191445532204341,22.287210780184296,-13.203538176237657,14.896295965231843,-21.861242992177097,9.357325213216996,-29.62231076547795,5.863714531972221,-36.24087673696863
131.08498423256447,-34.47349188192891,131.82666252768678,-32.5524287491931,132.07265209973588,-15.12310514251618,128.08033319711603,1.065238622663287,111.73875875833943,7.218252612343406,93.07631893828619,11.405128338686097,76.20988140327631,13.506017536492095,63.516920941907074,13.038523238297728,49.75918370531912,10.646151436948799,36.859147746749215,2.499518140344321,29.395098394606862,-3.764309260017285,22.618166567536036,-12.783502283158953,15.19197111042638,-21.406159426947568,9.707035804162615,-29.194686796119186,6.198544089446614,-35.78693417762793
131.5756552272892,-34.27633903892195,132.33227628264615,-32.4257682663295,132.42080040540446,-15.48588860526985,128.44310413677192,0.6554204267024488,112.23723198128215,7.124454261617757,93.61463050560695,11.310465851357662,76.76911020480242,13.435689517514618,64.04403225893014,13.137041077697745,50.26240681347497,10.974638023305602,37.30953582520209,2.8299507632122527,29.766884289026393,-3.339951584376422,22.950934787360154,-12.361303301684018,15.489120474650633,-20.95030579553486,10.055629557578698,-28.764999234811853,6.532110788939406,-35.33219573427198
132.06586381276742,-34.077086583786695,132.8370261610707,-32.29568838429725,132.77144199540612,-15.85025790177815,128.80448891844304,0.24353549129841667,112.73317398215295,7.0249122627994325,94.1525138964339,11.218001497929436,77.3284375653327,13.369550064973112,64.5712938630482,13.23385379695776,50.76644198054254,11.294664616045566,37.760881721408396,3.157297642131482,30.14064822551029,-2.918380694279847,23.285502034795115,-11.93704020628553,15.787740708760111,-20.493733713173015,10.40310171003972,-28.33329531442189,6.864392334045704,-34.87666372289374
132.55560873786737,-33.87575929973701,133.34090942902702,-32.16222327935691,133.12453696577535,-16.215929412613434,129.16448292980414,-0.17036854527572132,113.22656035152721,6.919668724620635,94.6899690082044,11.127612805423382,77.88786448049996,13.307474103961113,65.09870571307113,13.328969271148821,51.271284576078756,11.60633776348169,38.21318116028357,3.4815627022373405,30.516373695797085,-2.499604778725484,23.62185490497933,-11.510811971436112,16.087828463610435,-20.036494795096075,10.749447498120333,-27.899622267815403,7.195366428360728,-34.42034045948611
133.04488875145694,-33.67238196998659,133.84392335258195,-32.02540712776897,133.48004541254653,-16.58261951834811,129.52308155853007,-0.5862440447469339,113.71736667998044,6.8087657558135675,95.22699573835581,11.03917730086124,78.44739194593706,13.249336559572328,65.62626776780883,13.42239537534175,51.77692996964038,11.909764013927088,38.66642986674282,3.802749868665046,30.89404419162514,-2.0836320267113706,23.959979993051263,-11.082717571608384,16.389380390057227,-19.57864065653797,11.09466215839484,-27.464027327858332,7.5250107754797,-33.96322826004206
133.53370260240433,-33.466979377749226,134.34606519780226,-31.885274105793826,133.83792743175422,-16.950044599554474,129.88028019229557,-1.0040433688420762,114.20556855808798,6.692245465110375,95.76359398432555,10.952572511264918,79.00702095727678,13.195012356900293,66.15397998607125,13.514139984607596,52.28337353078433,12.205049915694701,39.120623565701464,4.120863066550044,31.273643204733105,-1.6704706272355452,24.29986389414927,-10.65285598127491,16.69239313895605,-19.120222912732856,11.438740927437891,-27.02655772741673,7.853303078997669,-33.505329440554476
134.0220490395775,-33.25957630623867,134.84733223075466,-31.741858389692084,134.19814311943287,-17.317921036804933,130.2360742187754,-1.4237188792880602,114.69114157642537,6.570149961243317,96.29976364355093,10.867675963656325,79.56675251015201,13.144376421038658,66.68184232666829,13.604210974017349,52.79061062906743,12.492302017097643,39.57575798207489,4.435906221027608,31.655154226859395,-1.2601287692960454,24.641493203411926,-10.22132617490837,16.996863361162525,-18.661293178914605,11.78167904182385,-26.587260699356648,8.180221042509856,-33.04664631701638
134.50992681184448,-33.05019753866878,135.34772171750592,-31.59519415572413,134.5606525716169,-17.68596521067178,130.5904590256443,-1.8452229378119114,115.17406132556795,6.442521352944652,96.83550461346942,10.784365185057197,80.12658760019548,13.097303677081072,67.20985474840984,13.692616218641888,53.298636634046545,12.771626866448855,40.03182884077842,4.74788325723307,32.038560749742544,-0.8526146418908525,24.98485451597753,-9.78822712698144,17.302787707532275,-18.20190307031737,12.123471738127307,-26.146183476544024,8.505742369611482,-32.58718120542068
134.99733466807345,-32.838867858253195,135.84723092412275,-31.44531558015052,134.92541588434085,-18.053893501727487,130.9434300005771,-2.268507906140428,115.65430339609122,6.30940174894647,97.3708167915184,10.702517702489502,80.68652722304006,13.05366905012113,67.7380172101058,13.779363593552205,53.80744691527849,13.043131012061451,40.48883186672731,5.056798100301762,32.42384626512097,-0.4479364340180041,25.329934426984607,-9.353657811966627,17.610162828920863,-17.742104202175085,12.464114252922684,-25.70337329184497,8.829844763897654,-32.12693642176026
135.48427135713234,-32.625612048205824,136.345857116672,-31.292256839231754,135.29239315363913,-18.421422290544285,131.29498253124854,-2.693526146000636,116.13184337857064,6.17083325798103,97.90570007513514,10.622011042975032,81.24657237431865,13.01334746525248,68.26632967056617,13.864460973819291,54.317036842320135,13.30692100224843,40.94676278483695,5.362654675369015,32.810994264733324,-0.046102334675481416,25.676719531571564,-8.917717204336668,17.91898537618391,-17.28194818972179,12.803601822784515,-25.25887737812542,9.152505928963535,-31.665914282028098
135.97073562788933,-32.41045489174036,136.8435975612203,-31.136052109228274,135.66154447554618,-18.788267957694586,131.64511200533332,-3.120230019119333,116.60665686358152,6.026857988780591,98.4401543617571,10.542722733535697,81.80672404966396,12.976213847568658,68.79479208860073,13.947916234514025,54.82740178472835,13.563103385322847,41.4056173200226,5.665456907570217,33.199988240317964,0.35287946713862084,26.025196424876867,-8.480504278564126,18.229252000176984,-16.821486648191524,13.141929684287334,-24.812742968251484,9.473703568404346,-31.204117102217197
136.45672622921234,-32.19342117207054,137.34044952383442,-30.976735566400578,136.0328299460965,-19.154146883750798,131.99381381050637,-3.548571887223545,117.07871944169938,5.877518050077299,98.97417954882167,10.464530301193236,82.36698324470888,12.942143122163372,69.3234044230195,14.029737250707512,55.33853711205995,13.811784709597703,41.865391197199585,5.965208722040643,33.590811683613424,0.7490007824263785,26.375351702038927,-8.042118009121623,18.540959351755703,-16.360771192818277,13.479093074005505,-24.365017295089103,9.793415385815251,-30.741547198320347
136.94224190996948,-31.97453567241024,137.83641027058115,-30.814341387009165,136.40620966132462,-19.518775449285158,132.34108333444226,-3.9785041120401274,117.54800670349965,5.722855550603356,99.50777553376622,10.387311272969612,82.92735095508618,12.911010214130158,69.8521666326323,14.109931897470574,55.85043819387181,14.053071523386052,42.326080141283285,6.261914043915624,33.98344808635824,1.1422534221896967,26.727171958196152,-7.602657370481779,18.85410408177563,-15.899853438836033,13.815087228513619,-23.915747591504328,10.111619084791357,-30.278206886330622
137.42728141902887,-31.753823175973196,138.33147706752726,-30.648903747314534,136.78164371726496,-19.881870034870133,132.68691596481597,-4.409979055296105,118.01449423955779,5.562912599090964,100.04094221402806,10.310943175886678,83.48782817642876,12.882690048562722,70.3810786762491,14.188508049874258,56.363100399720736,14.287070375000894,42.787679877188964,6.555576798330492,34.37788094029088,1.5326291974305946,27.080643788487066,-7.162221337117273,19.168682841092448,-15.438785001478948,14.149907384386154,-23.464981090363153,10.428292368927941,-29.814098482240865
137.9118435052585,-31.531308465973154,138.82564718073945,-30.480456823577185,137.15909220995195,-20.243147021078016,133.03130708930212,-4.84294907871822,118.47815764044918,5.397731304272384,100.57367948704467,10.235303536966228,84.04841590436945,12.857057550554657,70.91014051267979,14.265473582989557,56.8765190991636,14.513887812755286,43.250186129831945,6.846200910420578,34.77409373714988,1.920119919151034,27.43575378805008,-6.7209088835007265,19.48469228056166,-14.977617495980894,14.483548778197587,-23.012765024531575,10.743412941820054,-29.349224302044092
138.39592691752642,-31.30701632562392,139.3189178762845,-30.30903479205756,137.5385152354201,-20.602322788481217,133.3742520955755,-5.277366544033555,118.93897249674922,5.227353774879816,101.1059872502534,10.160269883230114,84.60911513454096,12.833987645199556,71.43935210073431,14.340836371887292,57.39068966175728,14.733630384962225,43.71359462412755,7.133790305321213,35.17206996867367,2.304717398353091,27.792488552023542,-6.278818984104703,19.80212905103889,-14.51640253757597,14.816006646522453,-22.5591466268757,11.056958507062916,-28.883586661733148
138.8795304047007,-31.080971538139238,139.81128642022918,-30.134671829016213,137.91987288970392,-20.95911371765203,133.71574637131096,-5.713183812968964,119.39691439903345,5.051822119645408,101.63786540109157,10.085719741700245,85.16992686257623,12.81335525759107,71.96871339922257,14.414604291638568,57.90560745705858,14.94640463993477,44.17790108499116,7.418348908167786,35.571793126600824,2.686413446038614,28.150834675546037,-5.836050613401824,20.120989803379757,-14.055191741498163,15.147276225935173,-22.10417313026153,11.368906768251748,-28.417187877301103
139.3626527156494,-30.853198886732912,140.30275007864014,-29.95740211071353,138.3031252688378,-21.313236189162865,134.05578530418313,-6.15035324725136,119.85195893787727,4.871178447301418,102.1693138369966,10.011530639398472,85.73085208410811,12.79503531282279,72.49822436695445,14.486785217314264,58.42126785462443,15.152317125985974,44.643101237338044,7.699880644095515,35.97324670266977,3.0651998732096217,28.510778753755915,-5.392702745864824,20.441271188439885,-13.594036722981514,15.47735275301028,-21.647891767554995,11.679235428981599,-27.950030264740747
139.84529259924057,-30.623723154618688,140.79330611758422,-29.777259813410126,138.6882324688562,-21.66440658358607,134.39436428186696,-6.588827208607654,120.30408170385607,4.685464866579991,102.70033245540594,9.93758010334659,86.2918917947693,12.77890273598831,73.02788496273985,14.557387023985314,58.93766622401154,15.351474391428894,45.10919080608346,7.978389438239844,36.37641418861904,3.4410684908681333,28.872307381791586,-4.948874355966211,20.762969857074836,-13.132989097260065,15.806231464322252,-21.19034977162221,11.987922192847748,-27.48211614004515
140.32744880434228,-30.39256912501037,141.28295180312819,-29.59427911336644,139.0751545857936,-22.012341281493946,134.73147869203706,-7.0285580587648155,120.7532582875453,4.494723486213388,103.23092115375681,9.863745660566508,86.8530469901927,12.764832452181281,73.55769514538872,14.626417586722823,59.45479793477688,15.543982984576473,45.57616551614285,8.253879215735992,36.78127907618716,3.8140111100161675,29.235407154791574,-4.504664418178663,21.086082460140176,-12.672100479567746,16.133907596445624,-20.73159437532911,12.294936079263323,-27.0134478192071
140.8091200798226,-30.1597615811217,141.77168440133875,-29.408494186842915,139.46385171568454,-22.356756663458953,135.0671239223683,-7.469498159449699,121.19946427952038,4.298996414933811,103.76107982948673,9.789904838080076,87.41431866601113,12.752699386495351,74.08765487371096,14.693884780597614,59.97265835647727,15.729949453741767,46.04402109243148,8.526353901719403,37.18782485711256,4.18401954165563,29.600064667894287,-4.0601719069748015,21.410605648491526,-12.211422485138655,16.460376385954817,-20.271672811541805,12.599359936724909,-26.544027618219673
141.29030517454953,-29.925325306166428,142.25950117828262,-29.21993921010005,139.8542839545634,-22.69736911005333,135.40129536053536,-7.911599872389274,121.64267527035679,4.098325761473461,104.29080838003307,9.71593516290909,87.9757551548268,12.742378464024114,74.61776410651646,14.759796480680677,60.49124285866952,15.909480347237832,46.51275325986467,8.795817421325353,37.59603502313382,4.551085596788482,29.966266516238136,-3.615495796827304,21.736536072984507,-11.751006729206779,16.785633069424364,-19.810632313126234,12.900681644824203,-26.073857853075765
141.77100283739117,-29.689285083358413,142.74639940002658,-29.028648359398403,140.24641139846472,-23.033895001849544,135.7339883942131,-8.354815559310452,122.08286685062996,3.892753634564542,104.82010670283313,9.641714162075516,88.53802822937394,12.733744609861219,75.14802280261517,14.824160562043062,61.01054681091057,16.082682213377723,46.98235774335768,9.062273699689172,38.00589306598937,4.9152010864168005,30.333999294961586,-3.170735062208678,22.06387038447474,-11.290904827006159,17.1096728834288,-19.348520112948506,13.199032868286395,-25.602940839768337
142.25121181721556,-29.451665695911345,143.23237633263744,-28.834655810998413,140.6401941434229,-23.36605071941989,136.0651984110762,-8.799097581940146,122.52001461091527,3.682322142939256,105.34897469532433,9.56711936260109,89.10131379178222,12.726672749100203,75.67843092081694,14.88698489975559,61.530565582757106,16.24966160047444,47.45283026782596,9.325726661946192,38.41738247741773,5.27635782154249,30.703249599203104,-2.7259886775916016,22.392605233817733,-10.831168393770838,17.432491064542546,-18.885383443874503,13.494545271836671,-25.131278894290233
142.73093086289077,-29.212491927039025,143.71742924218182,-28.63799574116058,141.0355922854725,-23.693552643336716,136.39468658007144,-9.244398302005266,122.95409414178823,3.4670733953298054,105.87741225494403,9.492028291507722,89.66555762116445,12.721037806834772,76.20898841993176,14.948277368889308,62.051294543766176,16.41052505684104,47.92416655818471,9.586180233231744,38.83048674915739,5.634547613167626,31.074004024101043,-2.281355617448753,22.722737271869164,-10.371849044734745,17.75408284934008,-18.42126953877039,13.78735052020022,-24.65887433263447
143.21015872328485,-28.971788559955257,144.2015553947266,-28.438702326145403,141.43256592064785,-24.016117154172377,136.71945390661546,-9.690670081232781,123.38508103382418,3.2470495004683926,106.40541927912966,9.416318475817263,90.23070549663362,12.716714708158463,76.73969525876947,15.008045844515209,62.57272906349442,16.565379130790518,48.39636233934931,9.84363833868116,39.245189372946925,5.989762272294058,31.446249164793926,-1.8369348562526966,23.054263149484598,-9.912998395131979,18.07444347439599,-17.956225630502104,14.077580278102232,-24.185729470793945
143.68889414726584,-28.729580377873788,144.68475205633848,-28.23680974221338,141.8319557931846,-24.333460632499282,137.0388676088386,-10.137865281349548,123.81295087759861,3.02229256708722,106.93299566531857,9.339867442551565,90.79670319730246,12.713578378164982,77.27055139614004,15.066298201704171,63.09486451149888,16.714330370635878,48.869413336235084,10.098104903429771,39.66147384052471,6.341993609923861,31.819971616420105,-1.3928253684761103,23.3871795175196,-9.454668060196525,18.393568176284703,-17.490298951935642,14.365366210267894,-23.711846624761677
144.1671358837018,-28.48589216400842,145.16701649308425,-28.032352165624957,142.23771230334455,-24.64529945888978,137.35328768170825,-10.585936264082534,124.23767926368697,2.792844703918547,107.46014131094813,9.262552718732536,91.36349650228391,12.711503741947922,77.80155679085328,15.123042315527243,63.61769625733632,16.85748532469023,49.3433152737573,10.34958385261291,40.07932364362932,6.691233437058997,32.19515797411816,-0.9491261285915584,23.721483026829844,-8.996909655162426,18.71145219158069,-17.023536735937114,14.650839981422394,-23.23722811053051
144.64488268146079,-28.24074870157284,145.6483459710305,-27.825363772640628,142.64999339982188,-24.95135001391617,137.66307412019194,-11.034835391158595,124.65924178266471,2.5587480196945194,107.9868561134557,9.184251831381914,91.93103119069076,12.71036572460082,78.33271140171922,15.178286061055303,64.14121967056354,16.994950541266633,49.81806387683133,10.598079111365905,40.49872227399925,7.037473564701486,32.57179483302639,-0.5059361110717191,24.0571703282709,-8.539774795263668,19.02796031431882,-16.555986215372457,14.93413325629092,-22.7618762440934
145.12213328941084,-27.994174773780912,146.12873775624416,-27.61587873952095,143.06842049030774,-25.251328678150855,137.96858691925695,-11.484515024304699,125.07761402510715,2.320044623147396,108.51313997027876,9.104842307521665,92.49925304163588,12.710039251217438,78.86401518754775,15.232037313359342,64.66543012073748,17.12683256867797,50.29365487037251,10.84359460482409,40.91965322337296,7.380705803853232,32.949868788283254,-0.06335429038915663,24.39423807269833,-8.083315095734292,19.34102413940508,-16.087694623107723,15.215377699598605,-22.28579334144331
145.59888645642013,-27.74619516384638,146.6081891147919,-27.403931242526312,143.49261498249325,-25.54495183216619,138.27018607387083,-11.934927525247758,125.49279232213388,2.076776623009323,109.03899277885455,9.024201674173582,93.06810783423208,12.710399246891257,79.3954681071487,15.284303947510352,65.19032297741495,17.25323795523741,50.77008397929609,11.086134258122797,41.34209998348899,7.720921965516254,33.32936643502728,0.37852035898345093,24.732682910967753,-7.627582171808285,19.650098029158357,-15.618709192008907,15.494704976070693,-21.808981718573136
146.0751409313565,-27.496834654983047,147.0866973127405,-27.189555457917265,143.9221982840695,-25.83193585653453,138.5682315790009,-12.386025255714742,125.9065231120735,1.8289861280125592,109.5644144366205,8.942207458359519,93.63754134759233,12.711320636715982,79.9271645328298,15.335093838579269,65.71589361015276,17.374273249257897,51.24734692851746,11.325701996397356,41.76604604608582,8.058113860692572,33.710274368396824,0.8195888625734824,25.072501493934794,-7.172627638719746,19.955402245605,-15.149077154942063,15.772246750432316,-21.331443691475897
146.55089546308818,-27.246118030404602,147.56425961615673,-26.97278556195431,144.35679180272768,-26.11199713182816,138.86308342961468,-12.837760577432505,126.31985837404329,1.5767152468892505,110.08940484101407,8.858737187101326,94.20749936082933,12.712678345785207,80.45926590409192,15.384414861637083,66.24213738850784,17.490044999052543,51.72543944295188,11.562301744783099,42.191474902901916,8.392273300384147,34.09257918353035,1.2597522459083734,25.41369047245496,-6.71850311170266,20.25715705077141,-14.678845744773184,16.04813468740872,-20.853181576144493
147.02614880048316,-26.994070073324906,148.04087329110735,-26.75365573089789,144.7960169461589,-26.384852038619556,139.15510162067955,-13.290085852127959,126.73268915763128,1.320006088371656,110.61396388947253,8.773668387420912,94.77792765305611,12.714347299192582,80.99175902870974,15.432274891754673,66.76904968203695,17.60065975293429,52.20435724751468,11.7959374284153,42.61837004567582,8.723392095592885,34.47626747556632,1.6989115345153891,25.756246497383984,-6.2652602059909555,20.55558270668405,-14.208062194368324,16.322500451725034,-20.374197688571826
147.50089969240958,-26.740715566957704,148.516535603659,-26.53220014100856,145.23949512205434,-26.650216957481064,139.44464614716293,-13.742953441528073,127.14490651242556,1.0589007611919783,111.13938585232978,8.686878586340072,95.34877200338536,12.716202422031643,81.52462711613396,15.478681804003088,67.29662586029701,17.706224059216254,52.68409606712123,12.026612972429405,43.046714966146055,9.051462057320862,34.86132583964309,2.136967753921965,26.100154863506816,-5.812950536818789,20.850899475369204,-13.736773736593477,16.59547570810645,-19.894494344750854
147.97514688773526,-26.486079294516742,148.9912438198785,-26.308452968546703,145.68684773810503,-26.907808268984923,139.7320770040323,-14.196315707359702,127.55640148801439,0.7934413740823629,111.6682959467866,8.598245310880714,95.91997819093001,12.718118639396096,82.0578533758154,15.523643473453319,67.82486129284484,17.80684446621143,53.16465162668686,12.254332301960687,43.47649315605105,9.376474996570039,35.247740870899236,2.573821929655537,26.445304389336854,-5.36162571942009,21.14332761885339,-13.26502760431464,16.867192121278208,-19.414073860674534
148.4488891353286,-26.230186039215823,149.46499520583257,-26.082448389772935,146.1376962020022,-27.157342353703598,140.017754186255,-14.650125011349871,127.96706513398573,0.523670035775126,112.20052864705684,8.507646088064632,96.49149199480286,12.719970876379534,82.59142101720471,15.567167775176188,68.35375134923731,17.902627522232876,53.64601965112678,12.479099342144423,43.90768810712933,9.698422724342436,35.63549916447306,3.00937508724337,26.791678727543285,-4.9113373690288995,21.433087399163014,-12.792871030397862,17.137781355965444,-18.93293855233577
148.92212518405734,-25.973060584268694,149.937787027588,-25.85422058094764,146.59166192143698,-27.39853559220944,140.30203768879852,-15.10433371522538,128.37678849992784,0.24962885500235643,112.73582488767727,8.414958444913736,97.06325919411682,12.721634058075551,83.12531324975276,15.6092625842428,68.88329139903124,17.993679775593534,54.12819586535642,12.700918018116056,44.340283311119435,10.0172970516399,36.024587315503084,3.4435282522129,27.13929180139769,-4.462137100879261,21.720399078324363,-12.32035124770914,17.407375076893345,-18.45109073572752
149.3948537827897,-25.714727712889157,150.40961655121157,-25.623803718331374,147.04836630410045,-27.631104365074748,140.58528750663027,-15.558894180713253,128.7854626354287,-0.0286400595036298,113.27392560318458,8.32005990844982,97.63522556798478,12.722983109577797,83.65951328291027,15.649935775724032,69.41347681178354,18.080107774606574,54.611175994291045,12.919792255010805,44.77426225975984,10.333089789464566,36.414991919127715,3.8761824500914486,27.488157534171762,-4.014076530205159,22.005482918363953,-11.847515489114528,17.6761049487871,-17.96853272684274
149.8670736803938,-25.455212208291016,150.88048104276993,-25.391231978184635,147.50743075768378,-27.854765052871926,140.86786363471765,-16.013758769540345,129.19297859007656,-0.3110945990107439,113.81457172811554,8.222828005694794,98.20733689551946,12.723892955979863,84.19400432612804,15.689195224690877,69.94430295705092,18.16201806758494,55.094955762845984,13.135725977964114,45.20960844478901,10.645792748818337,36.80669957048542,4.3072387064064515,27.838289849137027,-3.567207272240637,22.288559181308187,-11.374410987479962,17.944102636371895,-17.485266841674274
150.3387836257375,-25.19453885368796,151.35037776832985,-25.15653953676781,147.968476689878,-28.069234036173327,141.1501260680281,-16.46887984343357,129.59922741345952,-0.5976926547866697,114.35750419700685,8.123140263670507,98.77953895583386,12.724238522375401,84.72876958885672,15.72704880621427,70.47576520439037,18.239517202841625,55.57953089593656,13.348723112111202,45.64630535794544,10.955397740703233,37.19969686471461,4.7365980466852875,28.189702669565122,-3.12158094221968,22.569848129183413,-10.901084975671608,18.21149980437292,-17.0012953962152
150.80998236768903,-24.93273243229379,151.81930399395821,-24.91976057034151,148.43112550837452,-28.274227695551247,141.4324348015291,-16.924209764119894,130.0041001551656,-0.8883921180992616,114.90246394439527,8.020874209398755,99.35177752804071,12.723894733858003,85.2637922805472,15.763504395365203,71.0078589233587,18.31271172868975,56.06489711847814,13.558787582587456,46.084336490967644,11.261896576121217,37.59397039695375,5.164161496455279,28.542409918727685,-2.6772491553763302,22.84957002401609,-10.427584686555349,18.478428117515307,-16.51662070645841
151.2806686551163,-24.669817727322368,152.28725698572157,-24.680929255166177,148.89499862086416,-28.46946241157815,141.715149830188,-17.379700893326174,130.40748786478304,-1.183150880216317,115.44919190481744,7.915907369901447,99.92399839125295,12.722736515521262,85.79905561065016,15.798569867214667,71.54057948351272,18.381708193442307,56.55105015538595,13.765923314528209,46.523685335594166,11.565281066074249,37.98950676234125,5.589830081243861,28.896425519896297,-2.2342635269446873,23.12794512783256,-9.953957352997236,18.745019240524357,-16.03124508839676
151.75084123688748,-24.405819521987326,152.7542340096869,-24.440079767502255,149.3597174350383,-28.654654564826274,141.99863114897232,-17.835305592779434,130.80928159189983,-1.481926832405577,115.99742901281019,7.808117272200434,100.49614732458338,12.720638792458885,86.33454278861643,15.83225309683354,72.0739222544093,18.446613145412357,57.03798573157542,13.970134233068734,46.96433538356348,11.86554302156435,38.386292556015576,6.013504826578355,29.251763396342596,-1.792675672158623,23.40519370265929,-9.480250207863321,19.011404838125145,-15.545170858023312
152.22049886187062,-24.14076259950258,153.22023233192067,-24.197246283610298,149.8249033585879,-28.829520535868085,142.28323875284934,-18.29097622420653,131.20937238610423,-1.7846778659348956,116.54691620291015,7.697381443317568,101.06817010714485,12.717476489764408,86.87023702389672,15.864561959292814,72.60788260560531,18.507533132912897,57.52569957196175,14.171424263344477,47.40627012661406,12.16267425359348,38.784476666116916,6.4350867579861415,29.60843747133822,-1.3525372062522365,23.681536010522677,-9.0065104840196,19.277716575042916,-15.058400331330859
152.68964027893367,-23.874671743081763,153.68524921848996,-23.952462979750806,150.29017779920412,-28.993776705275877,142.5693326367866,-18.74666514933432,131.60765129698433,-2.0913618720720137,117.09739440965416,7.5835774102747,101.6400125180503,12.71312453253148,87.40612152594178,15.895504329663538,73.14245590665763,18.564574704256927,58.01418740146033,14.369797330490655,47.849473056484385,12.456666573163659,39.185075090413534,6.854476900994598,29.96646166815475,-0.9138997444595134,23.957192313449127,-8.532785414332125,19.544086116002802,-14.570935824312471
153.15826423694477,-23.607571735938734,154.1492819354612,-23.70576403218422,150.75516216457822,-29.14713945362206,142.85727279575156,-19.202324729889824,132.00400937412815,-2.4019367420847857,117.64860456757884,7.4665827000936815,102.21162033641247,12.707457845853696,87.94217950420239,15.925088083016533,73.67763752712301,18.61784440775756,58.503444944986484,14.565257359642658,48.293927664912985,12.747511791276793,39.58824309885989,7.271576281131104,30.325849910063823,-0.4768149020145529,24.232382873464985,-8.059122231666834,19.810645125730048,-14.082779652961051
153.626369484772,-23.339487361287297,154.6123277489014,-23.457183617170983,151.21947786240128,-29.289325161478928,143.14741922471154,-19.657907327599958,132.39833766712388,-2.716360367240952,118.20028761122103,7.346274839796308,102.78293934134427,12.700351354824761,88.47839416812934,15.953321094422904,74.21342283655838,18.667448791727793,58.99346792745553,14.757808275935815,48.739617443638394,13.035201718934957,39.993952183711485,7.686285923923094,30.68661612033702,-0.04133429415128376,24.50732795259671,-7.585568168889836,20.077525268949785,-13.5939341332695
154.09395477128328,-23.07044340234114,155.0743839248771,-23.206755910971708,151.68274630036433,-29.420050209418832,143.440131918634,-20.113365304191575,132.79052722555969,-3.034590638808311,118.7521844751173,7.222531356404545,103.35391531195853,12.691679984538212,89.01474872717336,15.980211238953473,74.7498072045205,18.713494404480628,59.484252073782784,14.94745400450546,49.18652588439909,13.319728167140056,40.40217383722404,8.098506854897835,31.04877422224598,0.39249046389625164,24.782247812870708,-7.112170458867126,20.344858210387258,-13.104401581230775
154.5610188453469,-22.80046464231407,155.5354086611801,-22.95451508984678,152.14458888615854,-29.539030978014182,143.73577087248634,-20.568651021391588,133.18046909902364,-3.356585448054716,119.30403609380454,7.095229776940187,103.9244940273681,12.68131866008764,89.55122639078519,16.005766391679288,75.28678600056634,18.75608779432912,59.97579310888352,15.134198470486922,49.63463647893349,13.60108294689411,40.812879551653054,8.50814009958276,31.412338139062342,0.8246077568940109,25.057362716313378,-6.638976334464701,20.6127756147676,-12.614184312837779
155.02729832514194,-22.529575864419883,155.99476063912778,-22.700495330056754,152.6046270274752,-29.64598384783733,144.03469608123606,-21.023716840927023,133.56805433710383,-3.6823026862479082,119.85558340181933,6.964247628425085,104.4946212666859,12.669142306566755,90.0878103684156,16.029994427671284,75.82435459425267,18.795335509586323,60.46808675767318,15.318045599015477,50.08393271898018,13.87925786919908,41.22604081925414,8.915086683505251,31.777321794057684,1.2549659696079516,25.332892924951125,-6.166033028548554,20.881409146815997,-12.123284644083526
155.49234298064357,-22.257801851872273,156.45225203695122,-22.44473080786213,153.06248213200524,-29.740625199460624,144.3372675398506,-21.478515124524733,133.95317398938846,-4.011700244655685,120.40656733369855,6.829462437881148,105.06424280902468,12.655025849069148,90.62448386951542,16.052903222000452,76.36250835513636,18.83134409856524,60.9611287450669,15.498999315226513,50.53439809627764,14.154244745057042,41.6416291322829,9.319247632192685,32.14373911050359,1.683513486804145,25.60905870081035,-5.693387773984796,21.15089047125764,-11.631704890960918
155.95617803915025,-21.985167387885156,156.90793198631616,-22.187255699523348,153.51777560743994,-29.822671413456362,144.64384524329728,-21.932998233911576,134.33571910546556,-4.344736014545845,120.95672882397878,6.6907517323301136,105.63330443349736,12.638844212688355,91.16123010353533,16.07450064973773,76.9013078624738,18.864220109578923,61.45491479598019,15.677063544255361,50.986016102564406,14.426035385469845,42.05961598299484,9.720523971172383,32.51160401167175,2.110198693248492,25.88608030591746,-5.221087803639307,21.421351252817715,-11.139447369462857
156.41883821093563,-21.711697255672163,157.3618496188882,-21.928104181300853,153.97012886147036,-29.89183887039701,144.95478918654356,-22.387118530814575,134.71558073492326,-4.681367887186127,121.50580880719684,6.547993038793948,106.2017519192168,12.62047232251814,91.69803227992611,16.094794585954105,77.44167379692982,18.89407009094043,61.94944063532819,15.852242211237353,51.43877022957889,14.694621601439508,42.47997286364563,10.118816725971783,32.88093042083375,2.534969973707007,26.164178002298854,-4.7491803503782535,21.69292315622141,-10.646514395582301
156.8803582062734,-21.437416238447156,157.81405406633326,-21.667310429455256,154.42015306753797,-29.94784962775151,145.27045936455693,-22.840828376960644,135.09264992734978,-5.021553753844444,122.05354821788944,6.401063884294501,106.76953104529582,12.599785103651982,92.23487360813857,16.11379290572046,77.98386050244562,18.921000590962706,62.444701988026395,16.024539241307764,51.892643969059634,14.959995203968049,42.902671266490756,10.514026922118205,33.25173226126117,2.9577757129456472,26.443572051980937,-4.277712647067574,21.965737846193917,-10.152908285312208
157.34077273543733,-21.16234911942388,158.26459446031697,-21.404908620246943,154.87564900388588,-29.990618464391105,145.59121577230474,-23.294080134076637,135.46681773233314,-5.365251505788535,122.59968799059328,6.249841795853513,107.33658759084722,12.576657481183588,92.77173729762342,16.13150348410784,78.52780979307659,18.945118157958802,62.94069457899002,16.19395855960198,52.347665058873986,15.22214800405743,43.327682683785895,10.906055585139086,33.6240234562257,3.3785642957304276,26.72448271699011,-3.8067319265732635,22.23992698746042,-9.658631354645536
157.80011650870108,-20.886520681816137,158.71351993250505,-21.14093292993647,155.33799054863425,-30.02029543554295,145.91741840475447,-23.746826163889523,135.83797519946148,-5.7124190342861425,123.14396905984512,6.094204300493004,107.90286733498397,12.550964380206551,93.30860655783147,16.14793419618718,79.07346348287803,18.966529340241834,63.43741413313438,16.360504091255336,52.80593952717584,15.481071812709672,43.7549786077866,11.294803740561747,33.99781792899887,3.7972841068273055,27.007130259352834,-3.3362854217614313,22.515622244746112,-9.163685919575187
158.25842423633856,-20.609955708837617,159.16087961456333,-20.875417534784276,155.8067150371146,-30.037044890666095,146.24942725687356,-24.199018828126157,136.20601337832295,-6.06301423060512,123.68613236018166,5.9340289252346565,108.46831605681888,12.522580725814521,93.84546459821337,16.163092917029473,79.6207633859052,18.9853406861248,63.93485637537486,16.524179761403104,53.26854499528531,15.736758440926678,44.18453053074842,11.680172413913567,34.373129602852316,4.213883531002239,27.291734941095456,-2.8664203654980156,22.792955282776177,-8.668074296094062
158.7157306286232,-20.33267898370218,159.6067226381574,-20.60839661105092,156.28135980465902,-30.041031179219544,146.5876023236293,-24.650610488513564,136.57082331850563,-6.416994986013265,124.2259188261396,5.769193197100435,109.03287953546476,12.49138144310109,94.38229462822,16.1769875217056,80.16965131621356,19.001658743920643,64.43301703062673,16.684989495180673,53.73536150665723,15.989199699710525,44.61630994492691,12.062062630721982,34.74997240105773,4.628310953021241,27.578517024244377,-2.3971839906490686,23.072057766275748,-8.171798800195177
159.172070395829,-20.054715289623573,160.05109813495324,-20.33990433499679,156.76146218659926,-30.032418650662237,146.93230359998927,-25.101553506778544,136.93229606959773,-6.774319191778318,124.76306939225577,5.5995746431121916,109.59650355003447,12.457241457159796,94.91907985730211,16.189625885286603,80.72006908785835,19.015590061942532,64.9318918238053,16.842937217723374,54.20626910474664,16.238387400063118,45.0502883425778,12.440375416514314,35.12836024688664,5.040514757650328,27.867696770826,-1.9286235300805856,23.353061359970013,-7.674861747871432
159.6274782482294,-19.776089409815597,160.4940552366163,-20.06997488288249,157.24655951826708,-30.01137165445317,147.28389108092085,-25.55180024464812,137.29032268118726,-7.134944739168134,125.29732499306681,5.425050790291721,110.15913387964093,12.420035693084401,95.45580349491036,16.20101588284342,81.27195851489495,19.02724118850341,65.43147647982596,16.99802685416654,54.681147833008254,16.484313352986476,45.48643721595647,12.815011796817885,35.50830706361069,5.4504433296554,28.159494442866787,-1.4607862166586187,23.636097728584275,-7.17726545511573
160.08198889609832,-19.496826127491943,160.93564307481256,-19.798642430968414,157.73618913499433,-29.978054540051346,147.6427247613915,-26.001303063849207,137.64479420286239,-7.498829519450453,125.82842656310947,5.245499165660931,110.72071630339696,12.379639075968441,95.99244875049561,16.21116538944699,81.82526141137862,19.036718671916276,65.93176672360391,17.150262329645443,55.159877734897066,16.726969369482617,45.9247280573187,13.185872797160187,35.889826774501444,5.858045053802471,28.454130302393082,-0.9937192832491633,23.92129853684355,-6.679012237921086
160.53563704970952,-19.21695022586647,161.37591078120772,-19.525941155515113,158.2298883721129,-29.932631656915703,148.00964538821836,-26.450002489406927,137.99560168421124,-7.865931423893073,126.35611503692047,5.060797296241674,111.28119660041534,12.335926530905567,96.52899883350858,16.2200822801683,82.37991959136468,19.0441290604943,66.43275830343413,17.299647569295473,55.642338853867955,16.966347260553448,46.36513235891994,13.552859443068485,36.272933302830666,6.263268314857555,28.751824611431346,-0.5274699627182713,24.208795449473143,-6.180104412280343
160.98845741933656,-18.936486488152866,161.81490748746728,-19.25190523278303,158.72719456495463,-29.87526735450524,148.38763255982906,-26.897557565571276,138.3426361748219,-8.236208343763849,126.88013134903656,4.870822709055801,111.84052054980901,12.288772982989371,97.06543695340008,16.227774430078284,82.93587486890851,19.049578902550365,66.93520850339155,17.446186498251905,56.1284112333758,17.20243883720093,46.80762161301578,13.915872760070272,36.65764057186976,6.666061497586611,29.05279763200798,-0.06208548793188129,24.49872013119824,-5.680544294186518
161.4404847152532,-18.655459697564993,162.2526823252573,-18.976568839032666,159.2276450488513,-29.806125982278957,148.77665860762693,-27.34334062666835,138.68578872428253,-8.60961817033052,127.40021643399444,4.675452931125108,112.39863393069083,12.238053357313504,97.60174631962082,16.234249714247994,83.49306905806549,19.053174746397588,67.43982509439996,17.589883041650182,56.61797491687554,17.435235910427195,47.252167311861854,14.274813773692813,37.043962504890544,7.066372986755596,29.357269626149332,0.4023869082438978,24.791204246743916,-5.1803341996325685
161.89175364773325,-18.373894637316596,162.68928442624326,-18.699966150524517,159.73077715913473,-29.725371889695793,149.1761470635147,-27.78671112438184,139.0249503821812,-8.986118794860886,127.91611122633083,4.474565489471502,112.95548252217355,12.183642578971558,98.13791014162155,16.23951600774825,84.05144397289081,19.05502314034902,67.94655474113301,17.730741124625467,57.11090994782194,17.664730291234093,47.69874094771376,14.629583509463544,37.43191302516448,7.464151167130524,29.665460855881804,0.8658999929430706,25.086379460835474,-4.679476444611339
162.34229892705036,-18.09181609062142,163.12476292209112,-18.422131343519084,160.23612823113683,-29.63316942621475,149.58552145939495,-28.227028510395314,139.36001219810612,-9.365668108622799,128.42755666058247,4.268037911116892,113.51101210337015,12.125415573057126,98.67391162885309,16.2435811856501,84.61094142743985,19.05523063271761,68.45534410826423,17.86876467231326,57.607096369670046,17.890913790623642,48.147314012826996,14.980082992909786,37.821506055963255,7.859344423477353,29.977591583231913,1.328406533299642,25.384377438198044,-4.177973345115788
162.79215526347832,-17.80924884069327,163.55916694446648,-18.143098594276864,160.74323560018945,-29.529682941294823,150.0042053271701,-28.663652236392466,139.6908652216453,-9.748224002883944,128.93429367128613,4.055747723083016,114.06516845339337,12.063247264663914,99.20973399076615,16.246453123024537,85.17150323576794,19.053903771816465,68.96613986046714,18.003957609848783,58.10641422587463,18.113778219597805,48.597857999457176,15.326213249558975,38.21275552055852,8.25190114056204,30.29388207022589,1.7898592964476165,25.685329843556815,-3.675827217138931
163.24135736729068,-17.526217670745893,163.99254562503506,-17.8629020790583,161.25163660162434,-29.415076784394955,150.43162219874296,-29.09594175405698,140.01740050238698,-10.133744368912176,129.43606319297845,3.8375724523917825,114.61789735135619,11.99701257888546,99.7453604368115,16.248139694942438,85.73307121193045,19.05114910595853,69.47888866241516,18.136323862367362,58.608743559890684,18.3333153891586,49.05034439985991,15.667875304938434,38.60567534222179,8.641769703150658,30.61455257889031,2.250211049520942,25.98936834163692,-3.1730403766736117
163.68993994876132,-17.24274736399309,164.4249480954627,-17.58157597412395,161.76086857077337,-29.289515304974202,150.86719560601603,-29.52325651507249,140.3395090899192,-10.52218709797529,129.9326061601962,3.613389626065043,115.16914457637131,11.926586440815413,100.28077417643993,16.248648776474795,86.2955871699827,19.047073183456916,69.99353717878199,18.265867355004445,59.11396441517297,18.54951711030799,49.50474470629081,16.004970184575598,39.00027944422476,9.028898496009106,30.93982337125152,2.709414559653567,26.296624597163657,-2.669615139712846
164.13793771816393,-16.958862703648606,164.856423487415,-17.299154455734254,162.2704688429684,-29.153162852491448,151.3103490808918,-29.94495597112268,140.65708203383008,-10.913510081341087,130.42366350747614,3.3830767711246494,115.7188559075517,11.851843775547422,100.81595841910217,16.2479882426926,86.85899292397994,19.04178255262468,70.51003207424111,18.392592012895193,59.62195683517649,18.76237519404799,49.96103041100537,16.337398913997788,39.396581749839015,9.413235903903342,31.269914709335865,3.167422593979495,26.60723027486216,-2.1655538222494783
164.58538538577227,-16.674588472926246,165.28702093255777,-17.01567170014971,162.77997475354118,-29.00618377640575,151.76050615527288,-30.36039957389113,140.9700103837078,-11.307671210277363,130.90897616935496,3.14651141459251,116.26697712401017,11.772659508175025,101.35089637424903,16.246165968666787,87.4232302879775,19.035383761774767,71.02832001346604,18.516501761175107,60.13260086335612,18.97188145138057,50.4191730062592,16.665062518732384,39.794596182336136,9.794730311599437,31.605046855169803,3.624187919632732,26.921317039457563,-1.6608587402765806
165.0323176618599,-16.389949455039755,165.71678956255687,-16.73116188363076,163.2889236378237,-28.848742426176045,152.21709036106188,-30.76894677506158,141.2781851891404,-11.704628376051915,131.38828508036943,2.9035710834904194,116.81345400485958,11.688908563791927,101.88557125133116,16.243189829468292,87.98824107603082,19.02798335922023,71.54834766113026,18.637600524979405,60.64577654316673,19.178027693307683,50.87914398430797,16.987862024306764,40.194336664987816,10.173330103863293,31.945433689727167,4.079663298028493,27.238449398240846,-1.1555384177510746
165.47876925670062,-16.104970433202936,166.1457785090778,-16.44565918243802,163.7968528311477,-28.681003151261336,152.6795252301613,-31.16995702631766,141.58149749971602,-12.104339469932484,131.8613311750562,2.6541333048401725,117.3582323292128,11.600465867491664,102.41996625979948,16.239067700168164,88.55396710219509,19.019687893274124,72.07006168190742,18.75589222944342,61.161363918063216,19.380805730831298,51.34091483740713,17.305698456248365,40.59581712106558,10.54898366546098,32.29003391707113,4.533786170288579,27.556348065917746,-0.6496965276980404
165.9247748805683,-15.819676190629536,166.57403690378646,-16.159197772831874,164.30329966884494,-28.50313030112062,153.14723429447383,-31.562789779343007,141.8798383650228,-12.506762383186867,132.327855387952,2.3980756056637915,117.90125787618263,11.507206344367944,102.95406460910459,16.23380745583728,89.12035018052575,19.010603912249508,72.59340874047098,18.871380799702536,61.67924303150045,19.58020737495349,51.80445705781233,17.61847284008445,40.99905147384112,10.921639381158343,32.637949207926795,4.986445349760572,27.87481567136126,-0.1435111621938745
166.37036924373638,-15.534091510533301,167.00161387834862,-15.871811831072819,164.8078014862474,-28.31528822521284,153.619641085902,-31.946804485821247,142.1730988346489,-12.91185500708292,132.7875986535937,2.1352755129829575,118.44247642488199,11.40900491951436,103.48784950869737,16.22741697154669,89.68733212507806,19.000837964459322,73.11833550149447,18.98407016089203,62.19929392693331,19.776224436676102,52.26974213777919,17.926086201342457,41.40405364658602,11.29124563572151,32.98914851582555,5.437520023940976,28.19391808880232,0.36283760336277737
166.81558705647888,-15.24824117612809,167.42855856442986,-15.583535533421355,165.30989561868682,-28.11764127299699,154.0961691363484,-32.321360597436126,142.46116995818238,-13.31957523288844,133.24030190651786,1.8656105538196357,118.98183375442363,11.305736518024446,104.02130416802851,16.21990412236721,90.25485474990734,18.990496598216737,73.64478862965143,19.093964238147294,62.72139664781679,19.968848727001273,52.73674156956321,18.228439565549763,41.81083756257192,11.65775081391638,33.34360079429905,5.886889380326181,28.513721192471678,0.8691696935732125
167.26046302906923,-14.96214997062765,167.85492009369602,-15.294403056138037,165.80911940149497,-27.910353793932018,154.57624197771554,-32.68581756587122,142.7439427852114,-13.729880951871166,133.68570608126123,1.588958255195621,119.52159991352897,11.197287725579883,104.55441179654883,16.211276783369954,90.82285986906896,18.979686361834638,74.17271478961544,19.201066956603654,63.24543123760566,20.15807205693085,53.20542684541999,18.525433958233748,42.219417145070395,12.021103300508912,33.70127499687885,6.3344326064126335,28.834290856600262,1.3753050330388419
167.70503187178133,-14.675842677245669,168.28074759781282,-15.004448575483252,166.30501017000392,-27.693590137476974,155.05928314190612,-33.03953484281027,143.02130836532405,-14.142730055298898,134.12355211236064,1.3051961441328217,120.0641534927721,11.083595857131002,105.08715560370905,16.201542829625794,91.3912892966182,18.968513803626138,74.70206064605998,19.305382241396387,63.77127773975485,20.343886237466904,53.675769457605156,18.81697040492179,42.629806317353086,12.381251480265178,34.062140077096444,6.780028889696723,29.155692955418886,1.8810635463609628
168.14932829488896,-14.389344079196007,168.70609020844608,-14.713706267717555,166.79710525954533,-27.467514653090802,155.54471616082253,-33.381871879936796,143.29315774810846,-14.558080434439432,134.55358093435274,1.0142017476530896,120.60919373897082,10.964612019640356,105.61971873921715,16.19070956580572,91.96008484661047,18.957085471904293,75.23277286365862,19.40691401766088,64.2988161977193,20.526283079611403,54.14774089837425,19.10294993114121,43.042019002691575,12.73814373795102,34.42616498848338,7.223557417674954,29.47799336315836,2.3862651581409864
168.59338700866567,-14.102678959692412,169.1309970572613,-14.422210309101388,167.28494200545094,-27.232291690232444,156.0319645663675,-33.7121881289346,143.55937259939054,-14.975889920100201,134.97553348177428,0.7158525927781625,121.1564179398656,10.84028732034875,106.15483581496431,16.178746425741508,92.52918833310099,18.945507914982045,75.76479810708486,19.50566621053241,64.82792665495384,20.70525439436625,54.62131265998289,19.383273562419447,43.4560691243575,13.091728458332568,34.793318684571204,7.664897377843658,29.801257954049618,2.8907297929802667
169.03724272338525,-13.815872101948685,169.55551727592456,-14.129994875895306,167.76805774305285,-26.988085598360954,156.5204518904436,-34.029843041487254,143.81981291497692,-15.396112075977157,135.3891506891619,0.4100262065300626,121.70552338319675,10.710572866497046,106.69321353401676,16.1655619445811,93.09854157014513,18.933887681172507,76.29808304101232,19.601642745146307,65.3584891549134,20.88079199273352,55.09645623468663,19.65784232428382,43.871970605622494,13.441954026175722,35.16357011889153,8.10392795769934,30.12555260232341,3.394277375480158
169.48093014932147,-13.528948289178572,169.97969999610132,-13.837094144359753,168.2459898076827,-26.735060726935274,157.00960166495327,-34.33419606927839,144.07466782777072,-15.81869345521335,135.7941740711932,0.0966001159664529,122.25620735670475,10.575419765326046,107.23463706760043,16.151059153171843,93.66808637179821,18.92233131878868,76.83257433011437,19.69484754663796,65.89038374105286,21.052887685715177,55.57314311474107,19.926557242261765,44.28973736975814,13.788768826246496,35.53688824497584,8.540528344738334,30.450943182210608,3.8967278302419572
169.924483996748,-13.24193230459582,170.4035943494573,-13.54354229075517,168.71827553467244,-26.473381425414402,157.4988374217993,-34.624606663991756,144.32420175911722,-16.243579959042165,136.19681762209757,-0.22450516370975038,122.80816714813,10.434779124076499,107.7788915869412,16.135141082360917,94.23776455211555,18.91094537614356,77.36821863906471,19.78528454014264,66.4234904568271,21.221533284313182,56.05134479240178,20.189319341880605,44.70938334003603,14.132121243310792,35.913242016355696,8.974577726457198,30.777495567942083,4.397901081867076
170.3679389759385,-12.954848931414233,170.82724946765848,-13.249373491342169,169.18445225935375,-26.203212043257338,157.98758269288408,-34.90043427731092,144.56867913036166,-16.670717488696994,136.60280173299464,-0.5532020000904367,123.36110004521294,10.288602049989379,108.325762263265,16.117710762995557,94.80751792515252,18.89983640155026,77.90496263253681,19.87295765079574,66.957689345691,21.386720599529554,56.5310327599243,20.446029648667718,45.1309224397279,14.471959662134736,36.29260038656264,9.405955290352267,31.105275633748704,4.897617054956868
170.81132979716676,-12.667722952847612,171.25071448237043,-12.954621922381136,169.64405731705858,-25.924716929922965,158.47526101011022,-35.16103836091958,144.80836436284932,-17.100051945411167,137.01149037072446,-0.8893621565044896,123.91470333569396,10.136839650305376,108.87503426779773,16.098671225923,95.37728830496445,18.889110943321725,78.4427529752042,19.957870803732533,67.49286045109949,21.548441442366254,57.01217850956431,20.696589188150483,45.55436859210522,14.808232467484174,36.67493230912828,9.834540223919987,31.434349253861228,5.395695674112687
171.25469117070656,-12.380579152109647,171.674038525259,-12.659321760132627,170.0966280431188,-25.638060434870397,158.96129590538044,-35.40577836650135,145.0435218779255,-17.531529230418073,137.42224750212733,-1.2328573962807923,124.46867430731356,9.979443032265408,109.42649277176531,16.07792550199042,95.9470175056066,18.878875549771067,78.98153633174041,20.040027924088406,68.02888381650746,21.70668762382519,57.49475353357735,20.940898985856336,45.979735720439635,15.14088804412512,37.06020673758405,10.260211714656748,31.764782302510525,5.891956863935832
171.69805780683157,-12.093442312414254,172.09727072798967,-12.363507180857084,170.5417017728662,-25.343406907558517,159.44511091059712,-35.63401374573999,145.2744160969354,-17.965095244951158,137.83443709404327,-1.583559482748285,125.02271024781203,9.816363303110222,109.97992294639357,16.055376622045117,96.51664734113433,18.869236769211227,79.52125936681898,20.119432936998635,68.56563948536979,21.86145095490849,57.97872932421893,21.17886006731254,46.407037748002836,15.469874776823588,37.44839262546162,10.68284895005911,32.096640653927466,6.386220549027712
172.14146441581545,-11.80633721697501,172.5204602222285,-12.067212360815006,170.97881584163247,-25.040920697446325,159.926129557663,-35.845103950319015,145.50131144122417,-18.400695890243696,138.24742311331255,-1.9413401792359082,125.57650844492991,9.64755157008068,110.53510996290856,16.030927616934207,97.08611962560292,18.860301149955376,80.06186874511343,20.19608976759855,69.10300750114135,22.01272324661801,58.464077373744715,21.410373458046593,46.8362885980664,15.795141050345535,37.83945892629248,11.10233111762335,32.42999018234292,6.878306653989739
172.58494570793187,-11.519288649005887,172.943656139641,-11.770471476266891,171.40750758474974,-24.730766153992818,160.40377537848053,-36.03840843192222,145.72447233213722,-18.83827706752919,138.6605695267753,-2.306071249072488,126.12976618640755,9.472958940417584,111.09183899253605,16.00448151750504,97.6553761730678,18.8521752403164,80.60331113129735,20.27000234102354,69.64086790727703,22.160496309955818,58.95076917441031,21.635340183585754,47.26750219390192,16.116635249456976,38.233374593608175,11.518537404845972,32.76489676198764,7.3680351034231535
173.02853639345483,-11.232321391720518,173.3669076118931,-11.47331870347324,171.82731433754964,-24.413107626656995,160.87747190495236,-36.213286642233186,145.9441631910198,-19.277784678040916,139.07324030127165,-2.677624455587022,126.68218075998539,9.292536521361797,111.64989520650204,15.9759413546048,98.22435879758422,18.84496558860741,81.1455331900442,20.34117458240894,70.17910074723176,22.30476195592388,59.43877621847122,21.85366126945746,47.70069245878102,16.434305758923813,38.6301085809402,11.931346999223365,33.10142626709256,7.855225821929423
173.47227118265778,-10.945460228332763,173.7902637706503,-11.17578821869455,172.23777343536392,-24.088109464897798,161.34664266898096,-36.36909803293554,146.1606484392172,-19.71916462301232,139.48479940364183,-3.0558715621083365,127.23344945340386,9.106235420154064,112.20906377603245,15.94521015908066,98.7930093132075,18.838778743141404,81.68848158602754,20.40961041688996,70.71758606446042,22.4455119955241,59.92806999818305,22.065237741189094,48.135873315975346,16.748100963512115,39.029629841820224,12.340639088252033,33.43964457188849,8.339698734109788
173.9161847858145,-10.658729942056311,174.21377374757856,-10.877914198191263,172.63842221352468,-23.755936018174282,161.81071120246907,-36.50520205571297,146.37419249807442,-20.162362803676785,139.8946108007259,-3.440684331965315,127.78326955440332,8.914006744035305,112.76912987235306,15.912190961779856,99.36126953399304,18.83372125223144,82.23210298392092,20.475313769602053,71.25620390241784,22.582738239758555,60.41862200580141,22.269970624307973,48.57305868875642,17.05796924798784,39.43190732977973,12.746292859428308,33.77961755060625,8.821273764565717
174.36031191319876,-10.372155316105022,174.63748667434345,-10.57973081822388,173.02879800736355,-23.416751635945275,162.26910103731916,-36.62095816224911,146.58505978893697,-20.60732512126765,140.3020384593641,-3.831934528487011,128.3313383507243,8.715801600246266,113.32987866668992,15.876786793549684,99.92908127399608,18.82989966419052,82.7763440483979,20.53828856568049,71.794834304559,22.716432499629207,60.91040373358186,22.46776094434159,49.01226250039599,17.36385899711695,39.83690999835022,13.148187500248639,34.12141107747675,9.29977083789845
174.80468727508423,-10.085761133692642,175.06145168261082,-10.281272255052897,173.4084381522125,-23.070720667669946,162.72123570543386,-36.7157258042277,146.79351473315012,-21.0539974770183,140.7064463463966,-4.2294939150022515,128.8773531301071,8.511571096027751,113.89109533026885,15.838900685237263,100.496386347272,18.827420527331697,83.32115144413194,20.598538730260657,72.33335731433874,22.846586586138017,61.40338667377995,22.658509726817158,49.45349867416559,17.665718595665396,40.244606801063355,13.546202198209528,34.46509102673076,9.775009878709454
175.2493455817447,-9.79957217803286,175.4857179040464,-9.982572684938873,173.77687998340332,-22.718007462807122,163.16653873871576,-36.78886443333232,146.9998217520589,-21.502325772162123,141.10719842866348,-4.633234254839863,129.42101118029223,8.301266338620678,114.4525650343158,15.798435667689944,101.06312656787605,18.826390389968026,83.86647183579669,20.656068188477832,72.87165297521199,22.973192310287004,61.89754231865135,22.842117997262164,49.89678113333679,17.963496428399196,40.65496669145057,13.940216140807308,34.81072327259915,10.246810811600028
175.69432154345384,-9.513613232339594,175.9103344703159,-9.683666284142191,174.13366083626772,-22.35877637081586,163.60443366906736,-36.8397335012466,147.2042452670088,-21.952255907932567,141.50365867300496,-5.043027311328899,129.96200978902004,8.084838435265794,115.01407295005669,15.755294771754848,101.62924374986369,18.826915800412507,84.41225188806555,20.710880865467345,73.40960133063362,23.096241483078074,62.39284216045155,23.018486781203933,50.342123801181344,18.257140880084364,41.06795862304352,14.330108515538484,35.15837368931278,10.714993561171525
176.1396498704853,-9.227909079826532,176.33535051308502,-9.384587228923408,174.4783180461377,-21.993191741155158,164.03434402839116,-36.86769245965428,147.40704969934484,-22.403733785562963,141.89519104626117,-5.458744847798187,130.500046244031,7.862238493204018,115.57540424871735,15.709381028279267,102.1946797072901,18.82910330697814,84.95843826561213,20.762980686364585,73.94708242405846,23.215725915513303,62.88925769143617,23.1875171041699,50.789540600970724,18.5466003354868,41.48355154937366,14.715758509899445,35.508108151102476,11.1793780520253
176.58536527311298,-8.942484503707476,176.76081516401962,-9.085369695542965,174.810388948345,-21.6214179232839,164.4658088051276,-36.87225414513324,147.60849947041254,-22.856705306286642,142.2811595152723,-5.880258627576666,131.03481783306557,7.633417619676038,116.13634410152378,15.660597468110325,102.75937625421074,18.833059457978038,85.50497763310995,20.812371576304827,74.48397629894151,23.331637418594596,63.38676040386082,23.349109991687385,51.23904545597662,18.831823179372577,41.90171442397258,15.09704531138658,35.8599925321991,11.639784208762762
177.03150246161044,-8.657364287196174,177.18677755478518,-8.786047860261363,175.1294108782215,-21.2436192666612,164.91047564562643,-36.85365384854646,147.80885900155693,-23.31111637133705,142.6609280468785,-6.307440413993163,131.56602184386406,7.398326921922717,116.69667767970185,15.60884712209537,103.32327520468084,18.838890801725142,86.05181665523253,20.8590574604234,75.02016299873765,23.44396780332397,63.88532178998105,23.50316646928377,51.69065228947068,19.112757796507594,42.32241620037178,15.473848107496394,36.21409270683347,12.096031955985211
177.47809614625146,-8.37257321350637,177.61328681704776,-8.486655899339155,175.43492117109895,-20.85996012074594,165.3674031028272,-36.81233936983011,148.0083927141235,-23.766912881947576,143.0338606079199,-6.740161970376732,132.09335556416698,7.1569175071849145,117.25619015447745,15.55403302108158,103.88631837275574,18.846703886532566,86.59890199665341,20.90304226385564,75.55552256690169,23.55270888070345,64.38568383427412,23.649602027291053,52.14437502472441,19.389352571657867,42.74562583210286,15.846046085725277,36.57047454923645,12.547941218294
177.9251810373098,-8.088136065851927,178.04039208247286,-8.187227989036728,175.72645716230943,-20.47060483499712,165.83561608469824,-36.74875853808612,148.20736502945715,-24.22404073935155,143.39932116523676,-7.1782950600561435,132.61651628171467,6.909140482703492,117.81466669707652,15.496058195916135,104.44853026470275,18.85660463550829,87.14618032204618,20.94432991173693,76.08993504688857,23.657852461734933,64.88976529246884,23.788464933592195,52.60022758500952,19.66155588958941,43.171312272697435,16.213518433569618,36.92920393363892,12.995331920290482
178.37279184505906,-7.8040776274465316,178.4681424827263,-7.8877983056146945,176.00355618718447,-20.075717758873736,166.31413949920795,-36.66335918241623,148.40604036890352,-24.682445844782364,143.75667368566906,-7.621711446360393,133.13520128424761,6.65494695571914,118.37189247872499,15.434825677446327,105.01204172825419,18.868599999071137,87.6935982960843,20.982924329202547,76.62328048215318,23.759390357420443,65.39755936337798,23.919874852669068,53.058661262058706,19.92931598530339,43.59944447568688,16.57614433852592,37.29034673427162,13.43802398657607
178.82096327977308,-7.520422681504044,178.89658714947393,-7.588401025333383,176.26766638252764,-19.675465919730243,166.80199825432487,-36.55658913192241,148.60468315380763,-25.14207409947346,144.10528213605716,-8.070282892618366,133.64910785950622,6.394288033472833,118.92765267064868,15.370238496519335,105.57769743772502,18.88249067784409,88.24110258344132,21.018829441387822,77.15543891615039,23.857314378762,65.90895727703099,24.043952135745144,53.52245352510761,20.19257733090683,44.02999139460286,16.933802988090576,37.653968825365496,13.87583734175206
179.26973005172556,-7.237196011238154,179.32577521438134,-7.289070324453462,176.5224007574825,-19.2700344199352,167.2982172580172,-36.4288962157064,148.80355780551474,-25.602871404658174,144.44451048324106,-8.523881162158943,134.15793329523086,6.127114823205261,119.48173244407354,15.302199683982394,106.14534572740212,18.898051592547063,88.78863984879081,21.052049173428145,77.68629039233514,23.951616336761504,66.42385026345738,24.160817134043725,53.99195664577013,20.45128044979151,44.46292198297692,17.286373569759974,38.02013608115135,14.308591910419864
179.71912687119016,-6.954422399862665,179.75575580911425,-6.989840379235261,176.7682731721925,-18.859615837112756,167.80182141825344,-36.280728262870014,149.00292874537024,-26.06478366156989,144.77372269406106,-8.982378018311067,134.661374879162,5.853378432157285,120.0339169702255,15.230612270682741,106.71483493157228,18.915057663899802,89.33615675680625,21.08258745045879,78.21579430556136,24.042288042421035,66.9421295526866,24.270590198788227,54.46700791259883,20.705365678393264,44.89820519434062,17.633735271030616,38.38891437586,14.736107617180778
180.16918844844065,-6.672126630591379,180.1865780653385,-6.690745365939335,177.00572003131583,-18.44440277263334,168.31183564300193,-36.11253310251516,149.2030603947194,-26.527756771441943,145.09228273535723,-9.44564522440362,135.15912989904007,5.573029967569823,120.5839914203305,15.15537928746761,107.28601338452245,18.93328381262205,89.88359997216128,21.110448197615085,78.74518226019137,24.129321306742497,67.46368637474808,24.373391681202122,54.94744461414638,20.9547733531478,45.33580998222544,17.975767279398895,38.76036958372231,15.158204386636157
180.61994949375082,-6.390333486638042,180.61829111471968,-6.391819460826241,177.23517773951107,-18.02458782786732,168.82728484023107,-35.92475856374358,149.40421717490722,-26.991736635507834,145.39955457396968,-9.913554543765542,135.65089564260546,5.286020536683566,121.13174096561437,15.076403765184182,107.85872942053942,18.952504959433554,90.43091615952926,21.135635340032366,79.27491343652287,24.21270794072791,67.98841195967128,24.46934193250877,55.43310403896544,21.199443810491005,45.77570530016294,18.312348782361255,39.134567578969154,15.57470214338747
181.07144471739423,-6.1090677512164575,181.05094408892376,-6.093096840156363,177.45708270143655,-17.60036360418502,169.3471939179093,-35.717852475657196,149.6066635072791,-27.45666915500084,145.69490217673865,-10.385977739725718,136.13636939759863,4.992301246739373,121.67695077730303,14.993588734679747,108.43283137391006,18.972496025054227,90.9780519835839,21.15815280284596,79.80498940549882,24.292439755379235,68.51619753748565,24.558561303931526,55.92382347560857,21.43931738685859,46.21786010168472,18.64335896741403,39.511574235831404,15.985420812035898
181.52370882964465,-5.828354207540315,181.48458611961632,-5.794611680190258,177.6718713217507,-17.171922702956863,169.8705877840049,-35.49226266735781,149.81066381318044,-27.922500231154345,145.97768951050443,-10.862786575613029,136.61524845175995,4.691823204978164,122.21940602662244,14.906837226801485,109.00816757892119,18.9930319302037,91.5249541089986,21.17800451119126,80.33541173806225,24.368508561698434,69.0469343382207,24.641170146693867,56.4194402126285,21.674334418686385,46.662243340322334,18.968677022053782,39.89145542853976,16.39018031718291
181.97677654077586,-5.548217638823473,181.9192663384631,-5.496398157188366,177.87998000511197,-16.739457725553223,170.3964913464863,-35.24843696794716,150.01648251395636,-28.3891757652018,146.24728054210686,-11.343852814756474,137.08723009282983,4.384537518640627,122.75889188479846,14.816052272396576,109.58458636985966,19.01388759560183,92.07156920044702,21.195194390203483,80.86618200515613,24.440906170687583,69.58051359190591,24.717288812019092,56.91979153857784,21.904435242410216,47.10882396960727,19.2881821337769,40.2742770313252,16.78880058342986
182.43068256106153,-5.26868282827968,182.3550338771298,-5.198490447411245,178.0818451561786,-16.30316127334447,170.92392951332192,-34.98682320652722,150.22438403095202,-28.85664165837653,146.50303923838635,-11.829048220484879,137.55201160854875,4.070395294967625,123.29519352305698,14.721136902312367,110.16193608101236,19.034837941968362,92.61784392260256,21.20972636501807,81.3973017777235,24.509624393348588,70.11682652857064,24.78703765113073,57.4247147420092,22.129560194465853,47.557570943071084,19.601753490079773,40.66010491841854,17.181101535378104
182.88546160077544,-4.989774559122736,182.7919378672823,-4.90092272711928,178.27790317960898,-15.86322594770104,171.45192719248007,-34.70786921219974,150.4335904193813,-29.324840441087645,146.74432956618307,-12.318244556127183,138.00929028665712,3.7493476412000177,123.828096112624,14.621994147395924,110.74006504666613,19.0556578900231,93.16372494013888,21.2216043607703,81.92877262670731,24.57465504068341,70.65576437824438,24.850537015252087,57.93404711147525,22.349649611289124,48.00845321424538,19.90927027845879,41.049004964050596,17.566903097628938
183.34114837019126,-4.711517614566333,183.23002744058624,-4.6037291725730825,178.46859048006172,-15.419844349993241,171.97950929192928,-34.412022814066574,150.6381972568223,-29.7936362915799,146.97051549233697,-12.811313585012272,138.45876341489526,3.4213456645786096,124.35738482472533,14.518527038494653,111.3188216011078,19.07612236048584,93.70915891772944,21.23083230259556,82.4605961230506,24.635989923694126,71.19721837095665,24.90790725560663,58.447625935528606,22.5646438293158,48.461439736661646,20.210611686410516,41.441043042452236,17.946025194783772
183.79777757958266,-4.433936777824329,183.6693517287074,-4.306943960033038,178.65434346219513,-14.973209081591449,172.50570071963773,-34.099731841229584,150.83777113183146,-30.262814575850143,147.18096098368846,-13.308127070469084,138.90012828100373,3.0863404723441477,124.88284483058692,14.41063860645562,111.89805407862417,19.09600627407633,94.25409252004778,21.237414115629065,82.99277383769635,24.69362085338264,71.74107973673688,24.959268723417722,58.96528850272193,22.774483184981648,48.91649946385144,20.505656901431223,41.836285027854274,18.318287751443904
184.25538393922352,-4.15705683211047,184.10995986331147,-4.010601265759647,178.83559853066754,-14.523512743866092,173.02952638357408,-33.77144412279051,151.03295583287945,-30.732157197053084,147.3750300070775,-13.808556775826503,139.33308217272287,2.7442831717376066,125.4042613014347,14.298231882126117,112.47761081350222,19.115084551514315,94.79847241176742,21.241353725006206,83.52530734158756,24.747539640750915,72.28723970561447,25.00474176990872,59.486872101607844,22.979108014722442,49.37360134934636,20.794285111017473,42.234796794487636,18.683510692210746
184.7140021593874,-3.8809025606385035,184.5519009760642,-3.714735266013463,179.01279209013728,-14.0709479381876,173.5500111917064,-33.427607487851276,151.22439514843722,-31.20144605834355,147.55208652934436,-14.31247446441347,139.75732237779312,2.3951248699996768,125.92141940849456,14.181209896353437,113.05734014002871,19.13313211351965,95.34224525756196,21.24265505586237,84.05819820566722,24.797738096801027,72.83558950761898,25.04444674630315,60.01221402073895,23.178458654974065,49.8327143466779,21.0763755026656,42.63664421658302,19.041513941685707
185.1736669503481,-3.6054987466222315,184.99506325815162,-3.419380565244353,179.18636054526303,-13.615707265926233,174.06618005200335,-33.068669765513675,151.4127328669756,-31.67046306287625,147.71149451732924,-14.819751899558867,140.17287979458348,2.038816850014257,126.43410432299237,14.059475679984644,113.6370903924905,19.149923880812082,95.88535772210491,21.241322033332835,84.59144800087836,24.84420803253488,73.3860203727798,25.078504003824264,60.54115154866798,23.372475442172288,50.29380740937762,21.351807263872104,43.041893168371416,19.39211742447003
185.63441302237936,-3.330870173275457,185.4383000816323,-3.1245844045758986,179.35674030070288,-13.157983328452417,174.57705787243322,-32.69507878487957,151.5986127769654,-32.13899011380596,147.85261793787208,-15.330260844591578,140.59164817599122,1.6753549143614919,126.94210121615407,13.932932263867087,114.21670990517441,19.165234774111354,96.42775647006971,21.23735858255293,85.12505829816388,24.886941258954494,73.93842353112643,25.107033893695586,61.073521973947436,23.56109871275288,50.75684949097712,21.62045958213332,43.450609524083575,19.735141065165067
186.09627508575477,-3.0570416238118696,185.8814039887302,-2.830408437553956,179.5243677611155,-12.697968727136583,175.08166956096443,-32.307282375050704,151.7826786668776,-32.6068091142875,147.97853031320903,-15.8438717516579,141.01851743009632,1.304838035143291,127.4451952592056,13.801482678848004,114.79604701236735,19.17883971413727,96.96938816613005,21.230768628657927,85.65903066846693,24.92592958706183,74.49269021268827,25.13015676714042,61.60916258513009,23.74426880315167,51.22180954500783,21.882211644945812,43.86285915795037,20.070404788372286
186.5592878507482,-2.784037881445329,186.32440783026948,-2.536915102989383,179.68967933115903,-12.235856063349047,175.57904002556518,-31.905728365128994,151.96557432518296,-33.073701967475586,148.09582545699834,-16.360446704661967,141.45188760721265,0.9273797592099413,127.94317162337279,13.665029955774514,115.37495004835614,19.190513621609682,97.51019947495934,21.221556096783274,86.19336668273041,24.96116482785891,75.04871164749483,25.147992975382238,62.147910670768454,23.921926049804426,51.68865652500142,22.136942639805852,44.278707944202665,20.397728518692986
187.02348602763323,-2.511883729389524,186.7673444570746,-2.244166839692923,179.8531114154921,-11.771837938460237,176.0681941742041,-31.490864584216297,152.14794354035223,-33.53945057652504,148.20522430709036,-16.879844498199702,141.89015875765432,0.5430936334116723,128.43581547988163,13.523477125493912,115.95326734742764,19.200031417248226,98.05013706123123,21.209724912064303,86.72806791189737,24.992638792347634,75.6063790655756,25.160662869644398,62.6896035194153,24.09401078914692,52.15735938448938,22.384531754209945,44.69822175707128,20.716932180728463
187.4886462504253,-2.240603950858315,187.21024671996952,-1.9522260864754344,180.01510041877293,-11.30610695384047,176.54815691484953,-31.06313886141436,152.33043010085646,-34.00383684459058,148.30733042309282,-17.40192391902218,142.3317309317353,0.15209320459877063,128.922911999958,13.376727218853432,116.53084724386872,19.207168021772816,98.58914758961913,21.19527899963623,87.26313592691076,25.020343291530082,76.16558369695997,25.168286801150316,63.23407841962319,24.26046335761498,52.627887077003265,22.624858175654538,45.121466470787084,21.027835699080185
187.95432815306935,-1.9702233290654476,187.65314746977867,-1.6611552821477744,180.1760827456601,-10.83885571086023,177.01795315546974,-30.622999025825038,152.51367779516636,-34.46664267482697,148.40274736461333,-17.926543753880537,142.7750041797695,-0.24550798037853383,129.40424635482776,13.224683266700254,117.10753807196619,19.21169835590314,99.12717772479664,21.178222284634444,87.79857229871357,25.044270136408215,76.7262167716774,25.170985121123408,63.78117265994473,24.421224091644433,53.10020855607462,22.85780109163602,45.54850795958083,21.330258998349393
188.42052119207256,-1.7007666472246115,188.09607955732633,-1.3710168655206871,180.3364948008118,-10.370276810889777,177.47660780403316,-30.170892906550193,152.69833041175286,-34.92764997038904,148.49207869125985,-18.453562789525847,143.21837855207093,-0.6495963746699545,129.87960371571688,13.067248299881612,117.68318816600686,19.213397340358995,99.66417413143728,21.158558692194276,88.33437859824886,25.06441113798394,77.28816951975739,25.168878180787033,64.3307235289326,24.576233327671048,53.574292775234994,23.08323968965084,45.97941209768351,21.624022003137554
188.88722319539352,-1.432258688549723,188.53907583343664,-1.0818732754049734,180.49677298888662,-9.900562855299597,177.92314576850822,-29.707268332691626,152.88503173908668,-35.38664063443156,148.57592796263998,-18.982839812709244,143.66025409895366,-1.0600584314252615,130.34876925385123,12.9043253492448,118.2576458602777,19.212039895860187,100.20008347421458,21.13629214745106,88.87055639645956,25.080758107259328,77.85133317122938,25.162086331364662,64.88256831513945,24.725431402130596,54.051241561119866,23.301062207225925,46.41424475932587,21.90894463804591
189.35443199099075,-1.1647242362544716,188.98216914893385,-0.7937869506115476,180.65735371454275,-9.429906445460006,178.35659195686333,-29.232573133351195,153.07442556563888,-35.843396570109235,148.65489873836134,-19.514233610181805,144.09903087073167,-1.4767806037941114,130.81152814045674,12.73581744563694,118.83075948906549,19.207400943126515,100.73485241780207,21.11142657554018,89.40710726428875,25.09330285523629,78.41559895612289,25.150729924079656,65.43654430711786,24.868758651458904,54.53477461034305,23.51126737573344,46.85307181873878,22.184846827675926
189.82214540682276,-0.8981880735526033,189.4253923546421,-0.5068203299511538,180.81867338243887,-8.958500182741375,178.7759712770668,-28.747255137630702,153.26715567988003,-36.29769968057684,148.72959457803188,-20.04760296869466,144.53310891771883,-1.899649344926388,131.26766554675936,12.561627619905323,119.40237738665707,19.199255402877668,101.26842998301709,21.083965901596855,89.94403277267935,25.102037192916896,78.9808581044673,25.13492931015537,65.99248879342059,25.006155412091744,55.024950921546065,23.713927806544746,47.29595915015307,22.451548496628902
190.29036127084817,-0.6326749836579779,189.86877830138587,-0.22103585223459277,180.9811683972331,-8.486536668514134,179.18030863708702,-28.251762174632006,153.4638658702812,-36.7493318689892,148.8006190412592,-20.582806674998835,144.96088829022926,-2.328551107971691,131.7169666439849,12.38165890289713,119.97234788733925,19.18737819583356,101.8014112283388,21.053914050756475,90.48133449257438,25.106952931303056,79.54700184629206,25.11480484081528,66.5502390626001,25.137562020464884,55.52150564941496,23.909117464315727,47.74489959391212,22.708885475398915
190.7590774110256,-0.36820974978428467,190.3123598399893,0.0635040437272778,181.14527516358396,-8.014208504148655,179.56862894489245,-27.746542073456908,153.66519992531323,-37.19807503850109,148.86857568765106,-21.119703515845572,145.3807690385769,-2.763372346079848,132.1592166033593,12.19581432545965,120.54051932539898,19.17154424271382,102.33428742688375,21.02127494815437,91.01901399491692,25.108041881396787,80.11392141162668,25.09047686728269,67.10963240320916,25.26291881301421,56.024173948635905,24.09691031370221,48.20516756599875,22.956855021976878
191.22829165531346,-0.10481715514538337,190.75616982127656,0.3467369191236571,181.31143008614993,-7.541708291015311,179.9399571084515,-27.232042663207324,153.87180163344692,-37.64371109226721,148.93406807681515,-21.65815227798589,145.79115121307575,-3.203999512400628,132.5943314067248,12.003996918440066,121.1067400351231,19.15152846423831,102.86705889798628,20.98605251892593,91.55707285064983,25.105295854199994,80.6815080305006,25.062065740781122,67.67050610380039,25.38216612617549,56.532690973895,24.277380319360077,48.67659073554012,23.195548378304068
191.69800183167047,0.15747801704503672,191.20024109607198,0.6286003351437444,181.48006956958932,-7.069228630484474,180.29331803573245,-26.70871177298494,154.0843147831531,-38.086021933442396,148.9976997683592,-22.198011748170927,146.19043486403984,-3.650319060083689,133.02578218566356,11.806109712685554,121.67085835079837,19.12710578112683,103.39972596098073,20.94825068820637,92.0955126307162,25.09870666071481,81.24965293294332,25.02969181253394,68.2326974529264,25.495244296384442,57.04679187987824,24.450601445945097,49.158650541722125,23.425057953491603
192.16820576805503,0.41865098357317265,191.64460651519983,0.9090318529767387,181.65163001856047,-6.596962123926517,180.62773663470375,-26.176997231891733,154.30338316290272,-38.52478946518136,149.06007432189097,-22.7391407131517,146.57702004178316,-4.1022174422788,133.45516774272448,11.602055739043465,122.23272260671172,19.098051114099064,103.93228893520131,20.907873381131083,92.634334906059,25.088266111943085,81.81824734898424,24.9934754337645,68.79604373913986,25.602093660076946,57.56621182127185,24.616647658113152,49.65082842373084,23.645476156650943
192.63890129242577,0.6786769612252215,192.08929892948424,1.1879690338117825,181.82654783772193,-6.1251013727118675,180.9422378133337,-25.637346869029443,154.52965056116648,-38.95979559063886,149.12179529701814,-23.281397959679452,146.94930679661957,-4.559581112135675,133.88245392237764,11.391738028360919,122.79218113714995,19.06413938387493,104.46474813998236,20.864924522835395,93.17354124762124,25.073966018886892,82.38718250865281,24.953536955696222,69.36038225099333,25.702654553688774,58.09068595276176,24.77559292052007,50.152605820752285,23.856895396893265
193.1100862327412,0.9375311667874371,192.5343511897496,1.465349438838075,182.00525943173193,-5.6538389782108425,181.2358464795908,-25.09020851349993,154.7637607664152,-39.390822212969795,149.18346625334857,-23.824642274505152,147.30569517886317,-5.02229652280414,134.30760656909342,11.175059611485153,123.34908227639994,19.02514551117406,104.99710389465821,20.81940803845464,93.71313322634592,25.05579819254814,82.95634964197859,24.90999672955246,69.92555027703952,25.796867313655696,58.61994942903425,24.927511197821616,50.663464171972464,24.059408083329856
193.58175841696004,1.1951888170460734,192.97979614681992,1.7411106292447585,182.18820120524902,-5.183367541793871,181.5075875414435,-24.536029994405,155.00635756711995,-39.81765123532875,149.24569075048987,-24.368732444380043,147.64458523882797,-5.490250127433853,134.73059152734191,10.951923519263403,123.90327435874855,18.980844416716366,105.52935651856308,20.771327853124205,94.25311241317598,25.033754443928842,83.52563997899097,24.862975106556746,70.49138510583106,25.88467227641354,59.153737404775256,25.072476454673676,51.18288491657739,24.253106625072007
194.0539156730406,1.4516251287873274,193.4256666515197,2.0151901662211458,182.37580956293152,-4.713879664831268,181.75648590686,-23.97525914084656,155.25808475175143,-40.24006456087068,149.30907234804977,-24.91352725605509,147.96437702682795,-5.963328379174584,135.15137464159346,10.722232782542903,124.45460571848258,18.931011021221536,106.06150633103135,20.720687891979253,94.79348037905453,25.007826584030965,84.09494474971939,24.81259243793238,71.05772402592055,25.966009778398075,59.69178503467094,25.210562655732133,51.710349493753085,24.438083431231007
194.52655582894158,1.7068153187973962,193.87199555467316,2.2875256109562656,182.5685209094379,-4.245567948693463,181.9815664838087,-23.408343781926362,155.51958610878057,-40.657844092750224,149.3742146056361,-25.458885496281482,148.2634705931771,-6.441417731176102,135.56992175631825,10.48589043217089,125.00292468988891,18.875420245409373,106.59355365139731,20.667492080155284,95.33423869492452,24.978006423856527,84.6641551841933,24.75896907490278,71.62440432586067,26.04082015604513,60.233827473407416,25.341843765652698,52.2453393426855,24.614430910918145
194.99967671262152,1.9607346038624769,194.31881570710436,2.558054524639431,182.76677164942646,-3.778624994750885,182.18185418025814,-22.835731746746262,155.79164850567042,-41.07077128598246,149.44172108285636,-26.004665951810296,148.5402659881894,-6.924404636588122,135.98619871598646,10.242799498994543,125.54807960725441,18.81384700999962,107.12549879899518,20.611744342787574,95.87538893172888,24.94428577440749,85.23316251244222,24.702225368691302,72.19126329420402,26.109043745790473,60.779599875670726,25.46639374909131,52.7873359025607,24.782241473244653
195.47327615203903,2.213358200768937,194.76615995963766,2.826714468459727,182.97099818755555,-3.31324340437385,182.35637390417662,-22.25787086440812,156.07983952260395,-41.47851583549772,149.51219533931862,-26.55072740939272,148.79316326217872,-7.412175548560356,136.4001713650684,9.992863013861154,126.08991880486587,18.746066235712135,107.6573420931594,20.553448605011454,96.41693266041074,24.906656446685815,85.80185796449558,24.642481670521477,72.75813821950328,26.170620884069933,61.32883739614698,25.584286570703796,53.3358206125647,24.94160752732182
195.94735197515251,2.4646613263029167,195.2140611630973,3.09344300360641,183.18163692848384,-2.84961577893273,182.50415056353256,-21.675208964013677,156.3860586538491,-41.88048930647693,149.58624093463027,-27.09692865577972,149.0205624654593,-7.904616920242631,136.81180554803427,9.735984007617901,126.62829061701024,18.671852843266663,108.18908385322413,20.492608791962198,96.95887145191296,24.865110251693523,86.37013277038284,24.57985833161655,73.32486639031106,26.22549190731928,61.881275189522285,25.695596195145924,53.890274911883466,25.092621482260995
196.4219020099207,2.714619197250613,195.66255216830746,3.358177691268679,183.39912427686943,-2.387934719797954,182.62420906629427,-21.08819387466491,156.7093494005378,-42.276066935189306,149.66446142839925,-27.643128477722485,149.2208636483449,-8.401615204784605,137.22106710935424,9.47206551111202,127.1630433779743,18.59098175338295,108.72072439852377,20.42922882877525,97.50120687717862,24.81963900043263,86.9378781601335,24.51447570320005,73.89128509518002,26.273597151974343,62.43664841048269,25.80039658707358,54.45018023970306,25.235375747173407
196.896924084302,2.96320703039828,196.11166582609258,3.62085609263562,183.62389663737088,-1.9283928283398382,182.71557432043028,-20.49727342546356,157.04875526380204,-42.66462395790427,149.74746038023318,-28.18918566197209,149.39246686114973,-8.90305685533599,137.62792189349864,9.201010555190749,127.69402542204489,18.50322788678085,109.25226404839253,20.363312640585832,98.0439405071507,24.770234503904987,87.50498536377694,24.446454136495277,74.45723162266273,26.314876954470833,62.994692213714416,25.898761711142583,55.01501803520949,25.369962731170347
197.3724160262551,3.2104000425321715,196.5614349872767,3.8814157688964883,183.8563904146465,-1.471182705928868,182.77727123390878,-19.902895445511433,157.40331974477385,-43.04553561089102,149.8358413497399,-28.734958995279612,149.53377215418755,-9.40882832504667,138.03233574493765,8.922722170701263,128.22108508350885,18.408366164180052,109.78370312216481,20.29486415252933,98.58707391277221,24.716888573112726,88.07134561134268,24.375913982725706,75.02254326131191,26.349271651244635,63.55514175390334,25.99076553200871,55.58426973758867,25.496474843363103
197.84837566373847,3.4561734504384845,197.01189250268408,4.1397942812404835,184.09704201335478,-1.0164969539353024,182.8083247146983,-19.30550776391044,157.7720863445852,-43.41817713041894,149.930207896527,-29.280307264396242,149.64317957777257,-9.918816067066246,138.43427450814153,8.637103388490857,128.74407069665313,18.30617150630036,110.31504193917482,20.22388728974107,99.13060866498614,24.659593019057752,88.6368501328601,24.302975593114752,75.58705729968017,26.376721578731463,64.1177321857358,26.076482014327894,56.15741678602677,25.61500449286291
198.32480082471068,3.700502470903416,197.46307122313908,4.395929190856748,184.34560895088737,-0.5645281737295704,182.81205412715008,-18.70555820976233,158.15409856436804,-43.78192375275722,150.03116358020236,-29.825089256073056,149.73185833569778,-10.432906534544543,138.83370402758044,8.344057239406652,129.26283059576446,18.196418833861628,110.8462808187569,20.150385977356393,99.67454633473551,24.598339652742027,89.20139015835878,24.227759318885717,76.15061102632012,26.3971670733672,64.68219866389768,26.155985122755908,56.73394061970964,25.72564408878111
198.80168933713037,3.943362320713277,197.91500399946585,4.649758058934481,184.60045642172588,-0.11546896668210138,182.81191770092528,-18.103494612169015,158.54839990525443,-44.1361507141753,150.13931196037356,-30.36916375706113,149.8185864055,-10.950986180631276,139.23059014772463,8.043486754295998,129.7772131151297,18.078883067583547,111.37742008024537,20.074364140510625,100.21888849296329,24.53312028516757,89.76485691786814,24.150385511262073,76.71304172978444,26.410548471587617,65.24827634307519,26.229348821948633,57.31332267782341,25.82848604022894
199.27903902895594,4.184728216654207,198.36772368248864,4.901218446662881,184.86138958672007,0.33048806583678925,182.81141063473672,-17.4997648002323,158.95403386837643,-44.48023325094243,150.25519952299464,-30.91238955411154,149.90352772184815,-11.472941458476157,139.6248987130444,7.735294964006073,130.28706658903582,17.953339128185917,111.90846004297453,19.99582570433904,100.76363671061245,24.4639267273364,90.3271416414176,24.07097452146718,77.27418669862573,26.416806109828485,65.81570037795444,26.29664707656184,57.895044399554024,25.923622756317684
199.756847728146,4.424575375512518,198.8212631230317,5.150247915231148,185.12830387862186,0.7731503224567291,182.81028849759866,-16.894816603053982,159.37004395486576,-44.81354659932788,150.37842826643737,-31.454625433975423,149.9866442363118,-11.998658821228958,140.0165955680099,7.419384899384056,130.79338055197354,17.81956193638854,112.43940102627857,19.914774593977086,101.30879255862601,24.390750790250422,90.88813555903658,23.989646700724506,77.83388322139666,26.415880324525574,66.38420592322143,26.357953851251352,58.47858722408756,26.011146646158693
200.23511326265918,4.662879014074349,199.2756551719193,5.396784025828367,185.40109473018344,1.2123252018072321,182.80830685852516,-16.289097849735924,159.79547366585462,-45.13546599560101,150.50867377220322,-31.995730183403964,150.0678979004607,-12.52802472203939,140.40564655709142,7.09565959127724,131.29727527995823,17.677326412911157,112.97024334949197,19.83121473455998,101.85435760794701,24.313584284911656,91.44772990075467,23.906522400257415,78.39196858664985,26.407711452114768,66.95352813356232,26.41334311067311,59.06343259060992,26.091150118863084
200.713833460454,4.8996143491259545,199.7309326799758,5.640764339643852,185.67965757415686,1.6478201025180397,182.80522128653035,-15.683056369379926,160.22936650247505,-45.445366676031085,150.64580723248298,-32.53556258914813,150.14725066586436,-13.060925614057282,140.79201752475916,6.764022070532803,131.79875330798234,17.526407478473573,113.50098733194892,19.745150051223106,102.40033342951847,24.232419022322063,92.00581589660123,23.821721971289264,78.94828008293791,26.39223982903178,67.52340216366315,26.462888819482828,59.64906193830723,26.163725583542316
201.19300614948907,5.134756597453588,200.18712849802523,5.882126417866743,185.9638878432943,2.0794424232187225,182.8007873506284,-15.077139991087847,160.6707659658589,-45.742623876887365,150.78969983946774,-33.073981437959105,150.2246644840926,-13.597247950432234,141.17567431548338,6.424375367997925,132.29781712734854,17.366580053795587,114.03163329298371,19.656584469101745,102.94672159428325,24.14724681348372,92.56228477660574,23.735365765043525,79.50265499881351,26.369405791712495,68.0935631682101,26.506664942336386,60.23495670636544,26.228965449307566
201.67262915772278,5.368280975843504,200.64427547689183,6.120807821686185,186.25368097034777,2.5069995625389083,182.79476061983348,-14.471796543961545,161.1187155571381,-46.02661283443928,150.94022278534817,-33.61084551658797,150.30010130671508,-14.136878184314128,141.5565827737342,6.076622514519954,132.7944692293596,17.197619059596946,114.56218155193068,19.565521913331338,103.49352367318448,24.058059469398472,93.11702777079768,23.647574132743557,80.05493062282932,26.33914967659257,68.6637463018892,26.544745443889667,60.820598333970565,26.286962125270122
202.15270031311388,5.600162701081842,201.1024064674001,6.356746112291432,186.54893238806937,2.930298919108168,182.7868966631596,-13.867473857102823,161.57225877744474,-46.29670878495597,151.09724726231536,-34.14601361178586,150.37352308530126,-14.679702768852621,141.93470874398201,5.72066654094607,133.28871210531833,17.01929941659739,115.09263242812409,19.471966309047104,104.04074123716515,23.9648488010684,93.6699361092065,23.558467425612776,80.60494424353794,26.301411820107944,69.23368671938653,26.577204288798384,61.40546826030862,26.33780802054133
202.63321744362077,5.830376989954857,201.56155432037406,6.589878850871571,186.84953752921126,3.3491478915561856,182.77695104962106,-13.264619759613481,162.03043912791088,-46.552286964706866,151.2606444625602,-34.67934451030385,150.444891771421,-15.225608157197485,142.3100180706969,5.3564104781234505,133.78054824652747,16.83139604551684,115.62298624089829,19.375921581384432,104.58837585716822,23.867606619495405,94.22090102186166,23.46816599487454,81.152533149492,26.256132558694333,69.80311957538817,26.604115441718477,61.989047924565625,26.38159554423237
203.11417837720217,6.0588990592488585,202.02175188663796,6.820143598615914,187.1553918265255,3.7633538785125324,182.76467934823188,-12.663682080595379,162.49230010966846,-46.79272260996123,151.43028557827347,-35.21069699889301,150.5141693166438,-15.77448080249843,142.68247659834918,4.983757356899332,134.26998014428978,16.63368386707492,116.15324330958754,19.277391655478596,105.13642910413665,23.766324735681565,94.7698137387926,23.37679019175232,81.6975346292441,26.203252228787505,70.37178002458029,26.62555286730577,62.570818765927584,26.418417105454637
203.59558094181648,6.28570412574993,202.48303201701617,7.047477916713547,187.4663907127641,4.172724278606893,182.74983712800622,-12.065108649150375,162.95688522384933,-47.01739095698832,151.60604180164626,-35.73992986430454,150.5813176725394,-16.326207157905287,143.05205017140906,4.60261020812095,134.75701028990795,16.425937801991438,116.68340395352618,19.17638045646504,105.68490254901349,23.660994960628784,95.3172393479096,23.284460367469478,82.23978597134698,26.142711166823347,70.939403221649,26.641590530216035,63.15026222358051,26.448365113319312
204.07742296542233,6.51076740624444,202.94542756233284,7.271819366353668,187.78242962067918,4.577066490468837,182.73217995795824,-11.46934729438027,163.42323797158565,-47.22566724205751,151.78778432486934,-36.26690189328946,150.64629879067752,-16.880673676567653,143.4187046343468,4.21287206263554,135.24164117468484,16.207932770986247,117.21346849204849,19.072891909478983,106.23379776274174,23.551609105339082,95.86432766441743,23.191296873249428,82.77912446435323,26.074449709237626,71.50572432128024,26.652302395105153,63.72685973671042,26.471531976937683
204.55970227597822,6.734064117518528,203.40897137341221,7.493105508725478,188.103403983023,4.976187912727994,182.7114634071021,-10.876845845386867,163.89040185400938,-47.416926701438115,151.9753843401336,-36.79147187259895,150.70907462262767,-17.437766811635356,143.78240583163256,3.814445951290338,135.72387528992311,15.979443694779093,117.74343724448875,18.966929939655813,106.7831163162644,23.43815898081442,96.41110903459389,23.097420060315528,83.31538739681542,25.998408192466115,72.07047847816028,26.65776242662895,64.30009274450333,26.488010105421097
205.0424167014428,6.9555694763583915,203.87369630107855,7.7112739050181744,188.42920923254735,5.369895944013933,182.6874430444518,-10.288052131272082,164.35742037225248,-47.590544571399334,152.16871303963,-37.31349858898403,150.76960711995957,-17.997373016258166,144.1431196077366,3.4072349049325226,136.2037151269256,15.74024549408972,118.27331053018128,18.858498472130805,107.33285978052447,23.32063639805682,96.95759148426754,23.00295027989125,83.84841205728628,25.914526952944584,72.63340084697506,26.65804458944325,64.86944268614519,26.497891907880785
205.52556406977453,7.1752586995503975,204.3396351961561,7.926262116420958,188.75974080200456,5.75799798295634,182.65987443902168,-9.703413981137658,164.82333702744688,-47.74589608821054,152.36764161554936,-37.832840829195845,150.82785823424285,-18.55937874358574,144.5008118071292,2.991141954409386,136.68116317699497,15.49011308963793,118.80308866846036,18.747601432039346,107.88302972646488,23.19903316806824,97.50378303926703,22.908007883199957,84.37803573431842,25.822746327108916,73.1942265824108,26.65322284820388,65.43439100082207,26.501269793428037
206.00914220893208,7.39310700388063,204.80682090946914,8.13800770412297,189.09489412414666,6.140301428184841,182.62851315982573,-9.123379224085511,165.28719532072466,-47.882356488141056,152.57204126008276,-38.34935737998552,150.88378991704724,-19.123670446767903,144.8554482742805,2.5660701305680504,137.15622193143412,15.228821402143524,119.33277197866028,18.63424274451677,108.43362772502877,23.0733411018507,98.04969172542098,22.81271322146506,84.9041911297453,25.723006651394826,73.7526908391535,26.643371167566727,65.99441912772,26.498236171174142
206.49314894687393,7.609089606135342,205.2752862918419,8.34644822931341,189.43456463172572,6.5166136783290085,182.59311477587812,-8.548395689217386,165.74803875321777,-47.99930100746013,152.78178316542107,-38.86290702810413,150.93736411994234,-19.690134578954314,145.20699485366083,2.131922464255865,137.62889388154565,14.956145352326246,119.86236078011541,18.518426334698404,108.98465534715899,22.94355201040605,98.595325568558,22.71718664590992,85.42846320672038,25.615248262238083,74.30852877188931,26.628563512187554,66.55037150560713,26.48888345023039
206.9775821115586,7.823181723100845,205.74506419409863,8.551521253181477,189.7786477574939,6.886742132018526,182.553434856193,-7.978911205635143,166.20491082605815,-48.09610488243709,152.99673852375497,-39.37334856030276,150.9885427944978,-20.2586575932948,145.55541738974034,1.6886019863199522,138.0991815186324,14.671859860905897,120.39185539215998,18.400156127719526,109.53611416379863,22.809657704736424,99.14069259450662,22.621548507758007,85.95150597386782,25.49941149607463,74.86147553530435,26.60887384672219,67.10645133246175,26.47330403970801
207.46243953094472,8.035358571563222,206.2161874670635,8.75316433691637,190.12703893420314,7.250494187882907,182.50922896978454,-7.415373602440695,166.65685504037788,-48.172143349341184,153.21677852727566,-39.88054076333259,151.0372878922832,-20.829125942939072,145.9006817269892,1.236011727607604,138.5670873339971,14.37573984860228,120.92125613412833,18.279436048715525,110.08800574589065,22.67164999584378,99.68580082909546,22.525919158232682,86.47337161528856,25.37543668934012,75.41127256385096,26.584376135826517,67.66298928445758,26.451590348718298
207.9477190329908,8.245595368308841,206.68868896156084,8.951315041707232,190.47963359460562,7.607677244551894,182.4602526856669,-6.858230708735732,167.1038101905932,-48.226791644441846,153.4417743681738,-40.384342423944645,151.0835613648684,-21.40142608103679,146.2427537098779,0.7740547189659992,139.0326138189426,14.06756023613508,121.45056332535472,18.156270022821673,110.6403316643781,22.529520694730024,100.23065829815312,22.430418948557303,86.99411231508361,25.243264178470383,75.95971418599652,26.55514434415636,68.21997305742502,26.423834786372595
208.43341844565543,8.453867330123899,207.16260152841483,9.145910928743206,190.8363271714535,7.958098700655,182.40626157285408,-6.3079303536222255,167.552950328404,-48.25942500400828,153.67159723864052,-40.884612328890114,151.1273251638229,-21.975444460737833,146.5815991828764,0.3026339912424305,139.49576346477147,13.747095944224156,121.9797772851735,18.03066197517336,111.19309349020386,22.383261612397177,100.77527302750826,22.335168229955343,87.51378025735386,25.102834299901247,76.5083574892958,26.521252436367547,68.7773903471944,26.390129761782134
208.91953559689716,8.660149673794535,207.6379580184498,9.336889559213603,191.19701509749882,8.30156595482191,182.34701120036027,-5.76492036620192,168.0059277198152,-48.269418664309796,153.90611833086655,-41.38120926492002,151.1685412407163,-22.551067535191862,146.917183990455,-0.1783474247159802,139.95653876278664,13.41412189358931,122.50889833291893,17.902615830905916,111.7462927943111,22.232864559847258,101.31965304298944,22.24028735365016,88.03242762620027,24.95408739006848,77.05719373932874,26.482774377115902,69.33522884959604,26.350567684058205
209.4060683146746,8.864417616107062,208.11508294949977,9.52418849430751,191.56159280549355,8.637886405682195,182.28225713719974,-5.229648575576618,168.46260671015773,-48.256147861615716,154.1452088370428,-41.873992018785486,151.2071715471185,-23.12818175754859,147.249473977084,-0.6689864980619404,140.4149422042908,13.06841300495023,123.03792678792536,17.772135515154616,112.29993114764267,22.07832134808217,101.86380637042521,22.145896670865227,88.5501066057239,24.79696378540791,77.60621420167547,26.43978413105725,69.89347626046037,26.30524096231204
209.89301442694614,9.066646373847675,208.5956686523764,9.707745295214181,191.92995572818995,8.96686745186554,182.2117549523864,-4.702562810848235,168.92285164476277,-48.21898783219535,154.38873994936034,-42.3628193772376,151.24317803459894,-23.70667358095784,147.57843498723355,-1.1693801979482146,140.87097628058666,12.709744199026773,123.566862969527,17.63922495305485,112.85401012114164,21.91962378810399,102.40774103564428,22.052116532823845,89.0668693800256,24.63140382235531,78.15541014191598,26.39235566284742,70.45212027561769,26.254242005654987
210.38037176167052,9.266811163802629,209.0797378837333,9.887497523122704,192.3019992983401,9.288316492001513,182.13526021493465,-4.184110901118572,169.38652686896148,-48.15731381231802,154.63658286000987,-42.847550127027546,151.27652265472727,-24.286429458569273,147.9040328653739,-1.6796254935276238,141.32464348297708,12.337890396538683,124.09570719705823,17.503888069741947,113.408531285751,21.75676369091468,102.95146506447514,21.95906729074943,89.58276813320646,24.457347837346504,78.7047728256303,26.340562937142295,71.01114859089842,26.197663223198276
210.86813814680625,9.46488720275812,209.56699751531585,10.06338273922239,192.67761894869602,9.602040924719745,182.0525284938584,-3.6747406754894882,169.8534967280848,-48.07050103825293,154.88860876118247,-43.328043054906345,151.30716735907322,-24.867335843532715,148.22623345597538,-2.1998193539529325,141.77594630276474,11.952626518205705,124.62445978985329,17.366128790351183,113.9634962124137,21.589732867516148,103.49498648274653,21.866869295865456,90.09785504936735,24.274736166817206,79.25429351839853,26.28447991859764,71.57054890213283,26.135597024053254
211.35631141031183,9.660849707500347,210.05715441886923,10.235338504702327,193.0567101120098,9.907848148649862,181.96331535817194,-3.174899963062728,170.32362556746398,-47.9579247462695,155.1446888450689,-43.80415694762519,151.3350740992064,-25.44927918899782,148.545002603508,-2.730058748376905,142.2248872312524,11.553727484747697,125.15312106724656,17.22595104001789,114.51890647207279,21.418523128910465,104.03831331628692,21.775642899395223,90.61218231260926,24.0835091472033,79.80396348580064,26.22418057186934,72.13030890515142,26.068135817331154
211.8448893801458,9.854673894815619,210.5499154661387,10.403302380751711,193.43916822103347,10.205545562421491,181.8673763768893,-2.6850365929402074,170.79677773242997,-47.818960172636935,155.40469430386008,-44.27575059193509,151.36020482669664,-26.032145948114362,148.86030615244226,-3.2704406459523057,142.67146875974282,11.140968216884403,125.68169134857226,17.083358743877454,115.07476363567133,21.24312628609954,104.58145359092492,21.68550845256226,91.12580210703317,23.88360711494056,80.35377399341678,26.15973886161322,72.69041629578442,25.995372012143264
212.33386988426673,10.046334981490077,211.04498752886946,10.5672119285598,193.82488870851932,10.494940564664205,181.76446711902474,-2.2055983942237845,171.27281756831394,-47.65298255362461,155.6684963297471,-44.742682774587195,151.38252149311336,-26.61582257403211,149.17210994724815,-3.821062015831899,143.1156933795388,10.714123635335625,126.21017095316472,16.93835582706521,115.6310692741522,21.06353415008539,105.1244153324892,21.59658630658987,91.63876661674004,23.67497040646475,80.90371630682694,26.091228752485108,73.25085876986225,25.917398017600817
212.8232507506333,10.235808184309974,211.54207747880673,10.727004709315679,194.2137670072193,10.775840554007686,181.6543431535922,-1.7370331960151475,171.75160942044704,-47.45936712550184,155.9359661149207,-45.204812282332625,151.40198605002627,-27.200195519900774,149.48037983239612,-4.382019827168506,143.55756358194304,10.27296866082105,126.73856020035822,16.790946214716485,116.1878249584584,20.879738531870032,105.66720656680832,21.50899681270141,92.15112802583087,23.457539358211704,81.45378169161114,26.018724209140828,73.8116240232153,25.83430624281516
213.31302980720397,10.423068720061565,212.04089218769582,10.882618284208547,194.60569854988557,11.048052929081564,181.53676004960607,-1.2797888274162688,172.23301763416032,-47.23748912453783,156.20697485157166,-45.66199790192246,151.4185604490051,-27.785151238870128,149.7850816523562,-4.953411049114891,143.99708185825835,9.817278214060536,127.26685940948715,16.6411338319665,116.74503225953305,20.691731242455376,106.20983531971092,21.422860322120414,92.66293851840658,23.23125430661719,82.00396141334943,25.942299196236206,74.37269975167385,25.74618909689758
213.80320488193718,10.608091805531046,212.54113852728187,11.033990214427718,195.00057876927008,11.311385088515351,181.41147337608027,-0.8343131175288931,172.71690655478483,-46.98672378700195,156.48139373189122,-46.11409842010778,151.43220664161947,-28.370576184089884,150.08618125159865,-5.535332650823818,144.4342506997874,9.346827215773885,127.79506889988568,16.488922603950755,117.30269274831903,20.499504092843495,106.75230961702556,21.338297186070236,93.17425027856814,22.996055588116974,82.5542467376219,25.86202767842707,74.93407365106833,25.653138988959256
214.29377380279175,10.790852657504672,213.04252336931017,11.181058061162219,195.3983030981251,11.56564443093879,181.27823870202906,-0.4010538954549361,173.20314052765184,-46.706446349163514,156.75909394807002,-46.560972623639714,151.442886579439,-28.956356808709813,150.3836444745939,-6.127881601448053,144.8690725978331,8.861390586680784,128.32318899088818,16.334316455804412,117.86080799575939,20.303048894036294,107.29463748458085,21.255427755774235,93.68511549041648,22.751883539146945,83.10462893000857,25.777983620369298,75.49573341722908,25.55524832811159
214.78473439772597,10.971326492768696,213.54475358552588,11.323759385601306,195.79876696920257,11.810638354981393,181.1368115964665,0.019541009703857526,173.6915838980923,-46.39603204729184,157.03994669229905,-47.002479299269396,151.4505622140333,-29.54237956587957,150.67743716581185,-6.731154870140358,145.30155004369806,8.360743247501148,128.85122000182895,16.177319312662974,118.41937957279714,20.102357457035794,107.83682694820538,21.17437238245583,94.19558633805269,22.498678496142873,83.65509925608944,25.69024098671872,76.05766674598647,25.45260952346581
215.27608449469858,11.14948852810926,214.04753604767427,11.462031748934123,196.2018658152548,12.046174259272846,180.9869476284067,0.42702376884557225,174.18210101143723,-46.05485611765613,157.3238231567692,-47.4384772337479,151.45519549697224,-30.128530908749042,150.9675251697231,-7.345249426053499,145.73168552868503,7.844660118954607,129.3791622520423,16.017935099661656,118.97840905037526,19.897421592843955,108.37888603372778,21.09525141733843,94.70571500557759,22.23638079554047,84.20564898144465,25.598873742131104,76.61986133317089,25.34531498413321
215.7678219216681,11.325313980312615,214.55057762750062,11.595812712349925,196.60749506903358,12.272059542442776,180.828402366864,0.8209465528684632,174.67455621301792,-45.68229379652581,157.61059453367147,-47.86882521382637,151.45674837982529,-30.714697290467825,151.25387433079754,-7.970262238340354,146.15948154409693,7.31291612176102,129.90701606086247,15.856167741935792,119.53789799943672,19.68823311246274,108.92082276697664,21.018185211645402,95.21555367709226,21.96493077377562,84.75626937165418,25.503955851262333,77.18230487461261,25.233457119225022
