1,,2,,3,,4,,5,,6,,7,,8,,9,,10,,11,,12,,13,,14,,15,,16,,17,,18,
22.721893491124206,-55.36491415740889,19.475908706678126,-45.89745853610728,26.44125105663568,-15.195852449885791,31.783601014370277,12.124519485870735,31.715976331361105,25.10845862365602,22.721893491124376,32.276675022641626,12.64581572273886,37.21327688232046,5.68047337278108,33.3586699507905,1.4201183431953837,30.112685166344164,0,20.17185676397736,1.8934911242604358,17.940242224670413,3.2459847844464207,9.487156848508135,7.168216398985749,3.7390587927177137,10.887573964497108,-0.5212962368680394,10.819949281487823,-4.511152534416709,10.48182586644134,-7.757137318862931,10.008453085376289,-10.394499956225559,10.752324598478538,-13.57286005766261
23.650608949106243,-54.953171786078514,20.484263792479453,-46.060438576053144,27.01211207712339,-15.996663663485833,32.2205346750909,11.327126382382204,32.29947458702094,24.282702369862733,23.72266502807605,31.756903004995934,13.722630799633691,37.00902281684421,6.749137876935322,33.53717708666858,2.4041926965114726,30.559790209137873,0.7911452973538076,20.883470843837927,2.4185060319877607,18.376745059650204,3.7541781913370187,9.934485026305566,7.3978788994267575,4.518708341284139,11.024849446446353,0.2077259099647506,10.988449893045242,-3.7586011623306774,10.710585661285961,-6.969618180525089,10.263535044734056,-9.50230409147656,11.01026309856013,-12.739533583175813
24.57981319454632,-54.54387356310954,21.491073156309824,-46.20747067330572,27.592956085525827,-16.78866355889315,32.66254057833544,10.521385313039616,32.880631268363175,23.4576999706249,24.71575397957048,31.223330039522978,14.791342329969552,36.791675558790644,7.813137811549836,33.70024957759506,3.386032118002902,30.992142948041646,1.5876203707623517,21.590028953982312,2.9484319267864407,18.821597464411838,4.26532521951998,10.403569815646676,7.642401209377567,5.309675113552117,11.17638477307895,0.9516667587294023,11.167888871288255,-2.9891109545444863,10.945271549524762,-6.171481295988684,10.523004207887823,-8.605626192671792,11.271557197498396,-11.89930936602292
25.509505549451205,-54.1369904330011,22.496338973179263,-46.33880524722272,28.183589532476105,-17.571683808125186,33.10954544326876,9.707673832072572,33.45944889728128,22.633369421229872,25.700978572391307,30.676143663577363,15.851915043818394,36.5612809927587,8.872425735321826,33.847878941486215,4.365640180066293,31.409683536703085,2.38937695541955,22.291055367622164,3.483210276296802,19.274348815945586,4.779413359038585,10.893582570166245,7.901489791500978,6.1113353824201795,11.341887821195996,1.7099080988616038,11.358048879674357,-2.203301193220284,11.185791720648979,-5.363108421685581,10.78680358278666,-7.704653911442705,11.536166985117518,-11.052395718736989
26.43968533582762,-53.73249334025249,23.50006341809791,-46.45469271716203,28.78381886860734,-18.345556083199256,33.561475989055964,8.886369493710703,34.03592999566871,21.809628716964937,26.67815703332218,30.11553141451381,16.904313671252226,36.31788500334724,9.92695420694821,33.9800566962584,5.343020455098326,31.81235212876976,3.1963667865192633,22.986074357969244,4.022782548159341,19.734548491241583,5.296430099935833,11.403694643499023,8.174851108460018,6.923065420786884,11.52106646759836,2.4818317197971282,11.558712581661041,-1.4017911605201903,11.432054364149735,-4.544881314047643,11.054876177379583,-6.799574899420691,11.804052551241568,-10.199000953851055
27.37035187568239,-53.330353229363055,24.50224866607573,-46.555383502481476,29.393450544552593,-19.110112056132834,34.01825893486199,8.057849852183551,34.61007708541888,20.986395853117443,27.647107589146685,29.541680829686925,17.948502942342884,36.06153347515519,10.976675785126247,34.09677435982792,6.318176515495679,32.20008887788933,4.0085415992555795,23.6746101982352,4.567090210014442,20.201745867290015,5.816362932255004,11.933077389279731,8.462191622917544,7.7442415015508175,11.713628589087023,3.266819410971692,11.769662640705803,-0.585200138606325,11.683967669518154,-3.717181729506734,11.327164999615718,-5.890576808237171,12.075173985694732,-9.33933338389815
28.301504491022115,-52.93054104483198,25.502896892122862,-46.64112802253882,30.012291010944978,-19.865183398943287,34.47982099985194,7.222492461720776,35.18189268842525,20.163588824974795,28.607648466648527,28.954779446451397,18.98444758716238,35.79227229278146,12.021543028552856,34.198023450111066,7.291111933654975,32.572833937709305,4.8258531288223026,24.356187161631738,5.116074729502543,20.675490321081128,6.339199346039209,12.48090216114312,8.763217797536413,8.574239897610482,11.919282062462969,4.064252961821012,11.990681720266082,0.2458525903591351,11.941439826245471,-2.880391424494661,11.603613057444193,-4.977847289523567,12.349491378301082,-8.473601321411309
29.233142503853685,-52.53302773115857,26.502010271249446,-46.7121766966919,30.640146718417554,-20.610601783648008,34.9460889031908,6.380674876551922,35.75137932658123,19.341125627824255,29.559597892611237,28.355014802161833,20.01211233578266,35.510147340824915,13.061508495925239,34.2837954850242,8.261830281972948,32.93052746187735,5.6482531104135205,25.030329521370533,5.669677574264085,21.15533122960511,6.864926831331559,13.04634031272397,9.077636094979653,9.412436881864465,12.137734764527124,4.873514161780776,12.221552483799428,1.0907477442140419,12.20437902382281,-2.034892155443316,11.884163358814078,-4.061573994911271,12.626964818884744,-7.602013078923591
30.165265236183757,-52.13778423284205,27.499590978465392,-46.76877994429853,31.27682411760344,-21.346198882264417,35.41698936404356,5.532774650906646,36.31853952178034,18.5189242569532,30.502774093818573,27.742574434172923,21.03146191827574,35.21520450388451,14.096524745940428,34.35408198248359,9.230335132846221,33.27310960404105,6.475693279223037,25.69656155066329,6.227840211939451,21.640817969852122,7.393532878175222,13.628563197657002,9.405152977910063,10.258208727211326,12.368694572080528,5.693984800286785,12.462057594763223,1.9488660407962755,12.472693451741407,-1.1810656787845346,12.168758911674388,-3.1419445760317046,12.907554397269905,-6.724776968968001
31.097872010019046,-51.74478149438178,28.495641188780894,-46.81118818471654,31.92212965913575,-22.07180636680988,35.89244910157521,4.679169339014493,36.88337579591598,17.696902707648945,31.43699529705401,27.11764587983933,22.042461064713507,34.90748966655909,15.126544337295513,34.40887446040557,10.196630058671417,33.600520517848,7.308125370444941,26.354407522721715,6.790504110169138,22.13149991881238,7.925004976613366,14.226742169576966,9.745474908990673,11.110931706549621,12.611869361924107,6.5250466667747276,12.711979716615076,2.8195881979436876,12.746291299492327,-0.3192937509501803,12.457342723974307,-2.219146684516261,13.19122020328058,-5.842101304077602
32.03096214736638,-51.35399046027689,29.490163077206034,-46.83965183730376,32.57586979364754,-22.78725590930179,36.372394834950796,3.8202364951050924,37.44589067088157,16.87497897519887,32.36207972910137,26.48041667651566,23.045074505167918,34.58704871344756,16.151519828687583,34.44816443670646,11.16071863184527,33.91270035694575,8.145501119273035,27.003391710757512,7.357610736593585,22.626926453476074,8.459330616689158,14.840048582118612,10.098308350884281,11.969982092777911,12.866967010858843,7.366081550680292,12.971101512812368,3.70229493349413,13.025080756566865,0.5500418716278546,12.749857803662906,-1.293367971996389,13.477922326740952,-4.954194396785454
32.96453497023242,-50.965382075026724,30.48315881875078,-46.85442132141796,33.23785097177188,-23.4923791817576,36.85675328333525,2.956353673408074,38.00608666857062,16.053071054890268,33.277845616744116,25.831074361556603,24.03926696971098,34.253927529148854,17.17140377881367,34.47194342930257,12.12260442476446,34.209589274981965,8.987772260901352,27.64303838798233,7.9291015588531195,23.12664695083339,8.99649728844571,15.467653788916692,10.463359766253859,12.834736158794755,13.133695395685663,8.21647124143928,13.239205646812593,4.596366965285483,13.308970012456086,1.4265594325177915,13.046247158689255,-0.36479609010348213,13.767620857475208,-4.061264559624561
33.898589800623995,-50.578927283130525,31.47463058842527,-46.85574705641696,33.90787964414193,-24.18700785619464,37.345451165893735,2.0878984281529824,38.56396631087648,15.23109694201051,34.18411118676596,25.16980647231682,25.025003188414587,33.90817199826185,18.186148746370918,34.48020295611025,13.082291009825553,34.49112742560422,9.834890530523865,28.272871827607872,8.504918044588237,23.630210787874546,9.536492481926189,16.108729143605927,10.840335617762264,13.704570177498681,13.411762393205606,9.07559752848735,13.516074782073304,5.501185011155599,13.59786725665117,2.3098771752877383,13.346453797002425,0.5663813095310672,14.060275885307362,-3.1635201051279864
34.833125960547704,-50.19459702908753,32.464580561239586,-46.843879461658645,34.5857622613907,-24.870973604630336,37.83841520179112,1.2152483135694467,39.11953211969268,14.408974631846917,35.08069466595049,24.49680054615095,26.00224789135075,33.54982800538545,19.19570729005642,34.47293453504574,14.039781959425284,34.75725496246008,10.686807663334434,28.892416302845845,9.085001661439378,24.137167341589702,10.079303687173706,16.762445999821097,11.228942368072467,14.57886042178825,13.700875880219542,9.942842201260277,13.801491582051938,6.4161297889423,13.891680678643297,3.199613343505831,13.650420726551545,1.4999765752758094,14.3558475000616,-2.261169345828762
35.768142772010435,-49.8123622573971,33.45301091220375,-46.81906895650073,35.27130527415136,-25.54410809908211,38.335572110192516,0.33878088388703986,39.67278661691262,13.586622119686808,35.9674142810814,23.812244120413624,26.970965808591416,33.17894143511853,20.200031968567203,34.4501296840254,14.995080845960274,35.00791203919721,11.543475394527093,29.501196086907925,9.669293877046982,24.647065988969104,10.624918394231486,17.427975711196922,11.628886479847381,15.456983164562047,14.000743733528566,10.817587049193776,14.095238710205933,7.340582016483495,14.190318467923703,4.095386180740206,13.958090955285684,2.43580205549938,14.654295791562049,-1.3544205942598921
36.703639557018846,-49.432193912558404,34.439923816327905,-46.781565960301094,35.964315133056914,-26.206243011567324,38.83684861026285,-0.5411263066645802,40.22373232442976,12.763957400817588,36.844088258942236,23.116324732459532,27.931121670208483,32.795558172060055,21.19907534060036,34.41177992096556,15.94819124182726,35.243038809463144,12.4048454592957,30.098735453005844,10.257736159051376,25.15945610700288,11.17332409314264,18.104489631368182,12.039874415749864,16.338314678718604,14.311073829933548,11.699213861723536,14.397098829992842,8.273922411617008,14.493688813983454,4.996813930559057,14.269407491153913,3.3736700985703294,14.955580849632781,-0.4434821629544956
37.63961563757971,-49.05406293907075,35.42532144862207,-46.73162089241757,36.664598288740535,-26.8572100141034,39.34217142116722,-1.424095703855869,40.77237176413752,11.94089847052652,37.710534826316746,22.40922991964331,28.88268020627396,32.39972410080887,22.192789964852977,34.357876763782514,16.899116719422807,35.46257542690549,13.270869592834288,30.68455867435125,10.850269975093113,25.67388707268131,11.724508273950278,18.7911591139696,12.461612638442887,17.222231237156507,14.631574046235471,12.587104428285329,14.706854604870102,9.215531692180747,14.801699906313786,5.903514836530491,14.58431334210536,4.313393052857236,15.259662764097982,0.47143763555448004
38.57607033569974,-48.677940281433365,36.40920598409633,-46.66948417220797,37.37196119183528,-27.496840778707707,39.851467262070514,-2.309749753457197,41.318707457929406,11.117363324101007,38.566572209988465,21.691147219319618,29.825606146859798,31.991485105963875,23.181128400022203,34.28841173039257,17.84786085114365,35.66646204517187,14.141499530336716,31.25819002415585,11.446836792812519,26.18990826299452,12.278458426697625,19.487155512635923,12.893807610589306,18.108109112774287,14.961952259235318,13.480640538314844,15.024288698295265,10.164790576012479,15.114259934405823,6.815107142222672,14.90275151608904,5.254783266728708,15.566501624781722,1.3901304887339165
39.51300297338571,-48.303796884145555,37.39157959776077,-46.595406219030025,38.08621029297427,-28.124966977397662,40.36466285213788,-3.1977109012389633,41.86274192769878,10.29326995682834,39.41201863674104,20.96226416884309,30.759864222037947,31.57088707212398,24.16404320480501,34.20337633871205,18.794427209386413,35.85463881790986,15.016687006997017,31.81915377563135,12.047378079850091,26.707069054932703,12.835162041427793,20.191650181001904,13.336165794852036,18.995324578470502,15.301916345734014,14.379203981247827,15.349183773725713,11.121079780950168,15.431277087750743,7.731209091203709,15.224665021054136,6.197653088553352,15.876057521508187,2.3123880840508377
40.45041287264439,-47.931603691706556,38.3724444646254,-46.50963745224166,38.80715204279056,-28.74142028219069,40.88168491053426,-4.087601592971595,42.4044776953391,9.468536363995895,40.24669233335811,20.222768305568422,31.68541916188036,31.137975883888117,25.14148693789855,34.10276210665728,19.73881936654783,36.027045898767085,15.896383758009108,32.36697420198942,12.65183530384627,27.2249188254861,13.394606608183949,20.903814472702294,13.788393653894047,19.88325390714371,15.6511741825326,15.28217654652002,15.681322494618996,12.083780024831583,15.752659555839728,8.651438927041795,15.549996864949662,7.141814866699747,16.18829054410145,3.238002108972154
41.38829935548239,-47.56133164861561,39.35180275970038,-46.4124282912006,39.53459289191727,-29.346032365104122,41.40246015642464,-4.979044274425462,42.94391728274388,8.643080540890963,41.07041152662333,19.472847166850215,32.60223569645905,30.692797425855133,26.113412157999846,33.98656055214457,20.681040895024466,36.18362344139112,16.780541518566906,32.90117557644177,13.26014993244138,27.7430069516449,13.956779617009204,21.622819741371842,14.250197650378198,20.7712733716925,16.009433646432058,16.188940023567113,16.020487524432554,13.05227202549466,16.078315528163955,9.575414893305066,15.87869005572469,8.087080949536443,16.503160782385635,4.16676425096486
42.326661743906584,-47.19295169937206,40.32965665799577,-46.304029155264715,40.268339290987456,-29.938634898155414,41.92691530897406,-5.871661391370964,43.481063211806486,7.816820482800949,41.882994443320285,18.71268829004316,33.510278555845844,30.23539758262396,27.07977142380605,33.854763193090236,21.62109536721306,36.324311599429535,17.66911202386433,33.42128217220011,13.872263433275975,28.260882810399266,14.521668557946782,22.3478373406453,14.7212842469674,21.658759245015375,16.376402614233257,17.09887620182485,16.366461526623937,14.025936500777192,16.408153194214606,10.502755233561658,16.210687601328402,9.033263685432075,16.82062832618493,5.098466197495895
43.265499359923695,-46.826434788475154,41.30600833452155,-46.18469046379184,41.00819769063423,-30.519059553361927,42.45497708734757,-6.765075389578527,44.01591800442043,6.989674185013115,42.684259310232676,17.942479212501922,34.40951247011276,29.765822238793504,28.04051729401425,33.707361547410585,22.55898635551023,36.44905052652999,18.56204700909541,33.926818262476075,14.488117273990383,28.778095778739413,15.089260921039738,23.078038624157386,15.20135990632457,22.54508780001092,16.751788962737237,18.011366870728978,16.719027164650583,15.004154168517061,16.742080743482745,11.433078191379678,16.54593250970987,9.980175422755195,17.140653265323408,6.0328996360322265
44.20481152554038,-46.46175186042407,42.28085996428791,-46.05466263613974,41.75397454149066,-31.087138002741057,42.98657221071011,-7.658908714818523,44.54848418247906,6.161559642814865,43.47402435414409,17.162407471581105,35.2999021693318,29.28411727896264,28.99560232732142,33.544347133021944,23.494717432312655,36.55778037634002,19.45929820945406,34.41730812048141,15.1076529222251,29.29419523365553,15.659544196331296,23.812594945542855,15.690131091112619,23.429635309577662,17.135300568744924,18.92579381971518,17.077967101969932,15.986305746552148,17.080006365459667,12.36600201032735,16.88436778881811,10.927628509874438,17.463195689625138,6.96985625404082
45.144597562763465,-46.09887385971817,43.254213722304826,-45.91419609166624,42.50547629418986,-31.642701918310223,43.52162739822671,-8.552783812861378,45.0787642678759,5.332394851493518,44.25210780183812,16.3726606046354,36.181412383574866,28.7903285877303,29.944979082424766,33.36571146784061,24.428292170017016,36.65044130250729,20.360817360134206,34.89227601942778,15.730811845620565,29.808730552137803,16.232505873864568,24.550677658436484,16.187304263994463,24.311778046614194,17.5266453090573,19.841538838219208,17.443064002039534,16.971771952720275,17.421838249636494,13.301144933972779,17.22593644660219,11.875435295158326,17.788215688914363,7.909127738988616
46.08485679359967,-45.73777173085662,44.22607178358243,-45.76354124972917,43.262509399364944,-32.18558297208685,44.06006936906243,-9.446323129477463,45.60676078250441,4.502097806336394,45.01832788009847,15.57342614901944,37.054007842913904,28.284502049695334,30.888600118021316,33.17144606978289,25.359714141019936,36.72697345867934,21.266556196329816,35.351246232526904,16.357535511817105,30.32125111117645,16.80813344368272,25.291458116472995,16.692585887633072,25.1908922840191,17.92553106047535,20.757983715676772,17.814100528316885,17.95993350485935,17.767484585504405,14.238125205884103,17.570581491011353,12.823408126975494,18.115673353015154,8.850505778342608
47.02558854005571,-45.37841641833879,45.19643632313074,-45.602948529686415,44.02488030764897,-32.71561283608827,44.6018248423822,-10.339149110437205,46.132476248257944,3.67058650263084,45.77250281570872,14.764891642087889,37.917653277420925,27.7666835494567,31.82641799280816,32.96154245676516,26.288986917718148,36.78731699850377,22.17646645323481,35.79374303299045,16.987765388455273,30.831306287761663,17.386414395828865,26.034107673287167,17.205682424691247,26.066354294690854,18.3316656998,21.67451024152362,18.190859344259366,18.95017112080717,18.116853562554525,15.176561069629486,17.918245929994555,13.77135935369455,18.445528771751583,9.793782059569764
47.96679212413835,-45.0207788666639,46.165309515959905,-45.432668350895625,44.79239546967506,-33.232623182331906,45.14682053735112,-11.230884201510975,46.65591318703002,2.837778935664204,46.51445083545252,13.94724462119541,38.77231341716788,27.23691897161325,32.75838526548239,32.735992146703666,27.21611407250822,36.83141207562821,23.09049986604316,36.21929069403012,17.621442943175396,31.338445458883598,17.967336220346226,26.777797682513693,17.726300337831958,26.93754035152807,18.744757103832285,22.590500205195468,18.573123113324584,19.94186551840164,18.46985337027803,16.116070768777064,18.268872771500924,14.719101323684015,18.777742034947835,10.738748270136995
48.908466867854315,-44.66483002033121,47.132693537079945,-45.2529511327148,45.56486133607626,-33.73644568283518,45.69498317313412,-12.121150848469199,47.17707412071405,2.003593100723805,47.24399016611352,13.120672623696663,39.61795299222666,26.695254200763912,33.68445449474103,32.494786657514766,28.141099177786884,36.85919884370023,24.008608169948786,36.6274134888576,18.25850964361797,31.8422180015325,18.550886407277915,27.521699497787353,18.254146089718063,27.80382672742931,19.164513149373136,23.50533539612806,18.960674498969922,20.934397415480618,18.82639219816616,17.056272546894974,18.62240502347953,15.666446385312526,19.112273232428038,11.685196097511266
49.850612093210316,-44.31054082383994,48.098590561500885,-45.06404729450159,46.34237207293796,-34.22691200961546,46.24623946889625,-13.009571497082277,47.6959615712035,1.1679469930970185,47.9609390344753,12.285363186946256,40.45453673266928,26.141735121507566,34.60457823928124,32.23791750711476,29.063945805950823,36.870617456367455,24.930743100145662,37.017635690684585,18.898906957423378,32.34217329269856,19.1370524466671,28.264984472742896,18.78892614301259,28.664589695293103,19.590641713223476,24.418397603757086,19.35329616465293,21.92714752988192,19.18637823570998,17.99678464755138,18.978785693879445,16.61320688694866,19.44908245401632,12.632917229159602
50.79322712221318,-43.95788222168946,49.06300276423292,-44.86620725561394,47.134115310898494,-34.703853834690136,46.8005161438025,-13.895768593120579,48.21258996276123,0.3307586080711644,48.665115667321516,11.44150384829888,41.28202936856769,25.57640761844314,35.51870905780004,31.965376213419944,29.9846575293966,36.86560806727746,25.856856391827762,37.38948157272279,19.542576352232118,32.83786070937194,19.725668370727192,29.006823961015073,19.330346960378336,29.519205528018006,20.022850672184347,25.32906861751826,19.75077077383105,22.919496579443432,19.549719672400727,18.93722531431439,19.337957790649853,17.559195176960998,19.788129789536754,13.581703352548885
51.73631127686963,-43.60682515837894,50.02593232028602,-44.659681435409624,47.94359961783482,-35.167102830076686,47.35773991701791,-14.779364582354532,48.727019294442016,-0.5080540590664384,49.35633829143586,10.589282145109195,42.100395629993784,24.99931757616949,36.42722459494075,31.67715429434665,30.903237920521008,36.84411083007785,26.786899780188946,37.74247540818388,20.189459295684514,33.32882962854285,20.315519918760913,29.746389316238606,19.878115004478275,30.36705049850258,20.460847903056674,26.236730226847385,20.152880989961773,23.91082528200303,19.91632469772958,19.877212790752225,19.69986432173971,18.504223603718145,20.129375328813467,14.531346155146139
52.679863879186314,-43.25734057840768,50.98738140467026,-44.4447202532464,48.76950520956109,-35.61649066779236,47.91783750770753,-15.659981910554507,49.239239041743815,-1.348573013028414,50.03442513360187,9.728885614731837,42.909600247019625,24.410510879285567,37.343820727978255,31.373243267811205,31.819690551720612,36.80606589841619,27.720825000423247,38.07614147027954,20.839497255421065,33.81462942720148,20.906504681565252,30.482851892048274,20.431936737975263,31.20750087964538,20.90434128264144,27.140764221180092,20.559409476502594,24.900514355398542,20.28610150118766,20.816365320432965,20.064448295098202,19.448104515588653,20.472779161670644,15.481637324418273
53.62388425117007,-42.90939942627497,51.94735219239578,-44.22157412848216,49.610512301891504,-36.0518490198547,48.48073563503624,-16.53724302349096,49.74922732102385,-2.190880258527443,50.69929540483355,8.86050179452144,43.70960794971705,23.810033412390254,38.27368485264304,31.053634651729936,32.73401899539209,36.75141342594014,28.658583787724524,38.39000403222147,21.492631699082153,34.29480948233805,21.4988149494975,31.2153830420788,20.991518623532272,32.039932944345,21.353038687739627,28.040552389952182,20.97013889691101,25.887944517467844,20.658958272266148,21.754301146924774,20.4316527186744,20.390650260941158,20.818301377932357,16.432368547832283
54.568371714827606,-42.562972646480006,52.905846858472614,-43.990493480474726,50.46530111064021,-36.47300955828101,49.04636101816919,-17.41077036693423,50.25696224863958,-3.0350578002762063,51.35501020634979,7.9843182218326945,44.50038346815808,23.197931060082425,39.214891789030276,30.718319964019116,33.64622682393218,36.680093566297245,29.602429741967967,38.683587367221406,22.148804094308275,34.76891917094272,22.09264301291489,31.94315411996496,21.556567123812158,32.86372296549993,21.80664799515216,28.935476522599345,21.384851914644457,26.87249648604879,21.034803200456224,22.69063851379579,20.801111362643667,21.331673188144208,21.165902067422735,17.383331512855136
55.51332559216564,-42.21803118352213,53.86286757791083,-43.75172872858181,51.332551851621474,-36.87980395508876,49.61463077643623,-18.280186386654748,50.76242194094823,-3.881187642987328,52.003724919801925,7.100522434020235,45.2884737761475,22.574249706961012,40.165516357235276,30.367290722595072,34.55631760973745,36.592046473135156,30.5718106557008,38.95641574849097,22.807955908739814,35.23650787000571,22.688181162174658,32.66533647934145,22.126788701477892,33.6782472160088,22.264877081680083,29.824918408557323,21.80333119316043,27.853550978979257,21.41358461571673,23.624995664614175,21.17189650619838,22.27098564556644,21.515541319965962,18.334317906953743
56.45874520519095,-41.874545981900525,54.81841652572052,-43.50553029216135,52.210944740649325,-37.27206388229527,50.185554908804534,-19.145113528422883,51.26558451430719,-4.729351791373489,52.64539227902844,6.209301968438751,46.08176784181023,21.939035237624893,41.123633377353144,30.000538445374133,35.46429492520463,36.48721230010139,31.569052621444428,39.20801344924192,23.47002861001721,35.6971249565172,23.285621687634148,33.381101473843074,22.70188981919233,34.4828819687701,22.72743382412426,30.708259837261835,22.225359395916428,28.830488714097072,21.7959463861028,24.556990842948096,21.54422216216011,23.208399981576378,21.86717922538611,19.285119417595126
57.404629875910246,-41.532487986114546,55.772495876911705,-43.252148590571124,53.09915999353808,-37.649621011918015,50.75947990455694,-20.00517423800909,51.76642808507381,-5.579632250147341,53.27996501786777,5.310844362442822,46.87856240392978,21.29233353667297,42.087317669479205,29.618054650272626,36.37016234273034,36.365531200843606,32.59155766562009,39.4379047426859,24.134963665780845,36.15031980746741,23.88515687965065,34.08962045710453,23.28157693961839,35.277003496682426,23.19402609928568,31.584882598148596,22.65071918636994,29.802690409240114,22.182289645268156,25.48624229236563,21.918393096254874,24.143728544542654,22.22077587350725,20.235527732246197
58.3509789263303,-41.191828140663375,56.724658104839364,-42.99183404316895,53.99587782610183,-38.0123070159743,51.336792503211086,-20.859990961183712,52.26493076960543,-6.432111024021566,53.907395870158496,4.4053371533871655,47.677100027994754,20.634190488704178,43.054644053708614,29.219830855206823,37.27908805610656,36.2269433290094,33.63672781464925,39.645613902034626,24.802702543671217,36.595641799846504,24.48697902858129,34.790064782760595,23.865556525419038,36.0599880726443,23.664361783965376,32.45416848065332,23.079193227978465,30.769536782246234,22.57280851575365,26.412368256434974,22.294714074208855,25.07678368283385,22.576291354153625,21.185334538373922
59.297791678457884,-40.852537390046365,57.67394273555561,-42.7248370693126,54.899778454154784,-38.35995356648161,51.917879444284665,-21.709186143717176,52.76107068425932,-7.2868701177088155,54.527637569739056,3.4929678786264162,48.47562327949407,19.964651978317363,44.02368735013653,28.80585857809308,38.20224586760685,36.07138883824635,34.70196509495315,39.830665200499766,25.473186711328708,37.032640310644695,25.091280424783463,35.48160580444602,24.453535039257076,36.83121196955432,24.138148754964277,33.31549927421176,23.51056418419938,31.730408550953285,22.96769712010024,27.33498697872426,22.673489861748067,26.00737774481854,22.93368575714925,22.134331523445297
60.24506745429966,-40.51458667876264,58.620444247217165,-42.4514080883599,55.809542093511084,-38.6923923354573,52.5031274672952,-22.55238223137991,53.254825945392895,-8.143991535921742,55.14064285044799,2.5739240755152366,49.27237472391653,19.28376389011146,44.99252237885827,28.376129336847697,39.13836442983296,35.89880788220205,35.78467153295321,39.992582911293056,26.146357636393816,37.46086471685217,25.698253358614465,36.16341487579555,25.045218943795533,37.59005146031103,24.615094889083366,34.16825676825968,23.9446147184903,32.68468643319915,23.367149580848945,28.253716702801654,23.05502522459858,26.93532307886531,23.292919172318364,23.08231037492726
61.19297070264406,-40.17794695131161,59.56429916554026,-42.17179751966873,56.72384895998499,-39.0094549949188,53.09292331176039,-23.389201669942253,53.746174669363484,-9.003557283372999,55.74636444612378,1.6483932814082607,50.0655969267508,18.59157210868537,45.959223959968995,27.930634649387002,40.08565475556668,35.7091406145241,36.882249155070724,40.13089130762617,26.822156786506866,37.87986439545912,26.308090120431416,36.83466335044389,25.640314701697264,38.33588281781297,25.094908063123626,35.01182275223272,24.381127494308657,33.63175114682164,23.77136002054067,29.168175672235293,23.439624928486467,27.86043203334276,23.653951689484984,24.02906278028675
62.14170771569718,-39.84258915219252,60.50564401624132,-41.88625578259686,57.64137926939054,-39.31097321688347,53.687653717197804,-24.219266905174635,54.23509497252843,-9.865649364775265,56.344755090604906,0.716563033660151,50.853532453485684,17.88812251863797,46.92186691356392,27.469366033627267,41.04232785758984,35.50232718886011,37.992099987727045,40.24511466271076,27.500525629308356,38.289188723455766,26.92098300059172,37.494522582025866,26.23926951543956,39.06808231495873,25.577296153885925,35.84557901556664,24.81988517511195,34.57098340965865,24.180522561716316,30.077982130593284,23.82759373913774,28.782516956619503,24.01674339847324,24.974380426990763
63.091251199476574,-39.50848422590454,61.44461532503669,-41.595033296502066,58.56081323754205,-39.596778673368675,54.28770542312503,-25.042200382847454,54.721564971245016,-10.730349784841223,56.93576751772986,-0.22137913037445855,51.63442386961003,17.173461004568168,47.878526059738306,26.992315007484876,42.00659474868428,35.278307758857665,39.11162605734353,40.33477724975859,28.18140563243867,38.68838707783229,27.537124289452606,38.142163924176145,26.861028918351167,39.786026224646804,26.06196703817136,36.6689073476972,25.265694722809656,35.501763939548056,24.594831326916903,30.98275432144382,24.219236422278584,29.701390197064057,24.381150225328213,25.918055002506264
64.04157256887493,-39.175603116946974,62.381349617642684,-41.298380480742225,59.48083108025361,-39.8667030363919,54.89346516905982,-25.85762454873111,55.20556278187064,-11.597740548283468,57.51935446133717,-1.165245673340877,52.40651374061258,16.447633451074893,48.82727621858726,26.499473088876073,42.97666644163189,35.037022478164374,40.23822939034147,40.3994033419813,28.8647382635383,39.07700883557885,28.156706277371313,38.77675873052954,27.51273409664651,40.48909081977584,26.551860356891837,37.48118953806008,25.727039126584145,36.42347345432768,25.014480438683336,31.88211048835504,24.614857743634957,30.61686410304509,24.745445297222602,26.859878194300165
64.99264323878475,-38.84391676981912,63.31598341977565,-40.99654775467516,60.400113013339364,-40.1205779779705,55.50531969451964,-26.66516184859603,55.68706652076264,-12.467903659814738,58.095468655265336,-2.11484905788447,53.16804463198213,15.710685742756993,49.7661922102061,25.990831795717213,43.95075394921446,34.77841150042781,41.369312013142235,40.4385172125906,29.550464990247576,39.4546033736857,28.779921254705187,39.39747835472073,28.19268921059188,41.17665237324431,27.065864022069718,38.281807376091024,26.20380985882531,37.3354926718354,25.439664019556517,32.77566887489505,25.014762468932986,31.528751022931147,25.109331480207857,27.79964168983949
65.94443462409873,-38.513396129020265,64.248653257152,-40.68978553765865,61.317339252613635,-40.358235170121844,56.12365573902218,-27.464434728212552,56.166054304278305,-13.340921124147627,58.66406283335277,-3.0700017466505756,53.91725910920741,14.962663764213403,50.69334885468999,25.466382645924625,44.92706828421376,34.50241497929562,42.50227595216717,40.45164313479819,30.23852728020705,39.82072006914299,29.406961511811403,40.00349415038454,28.899198420453786,41.8480871579508,27.606045031829353,39.07014265122578,26.69574172222434,38.237202309909065,25.870576192077465,33.66304772463204,25.419255363898742,32.43686330509081,25.47320562574538,28.737137176591148
66.89691813970944,-38.1840121390496,65.17949565548804,-40.37834424905057,62.231190013890455,-40.57950628486341,56.748860042085084,-28.255065633351137,56.64250424877497,-14.216874945994817,59.22508972943808,-4.030516202284559,54.65239973777727,14.203613400043025,51.60682097213413,24.92611715741458,45.90382045941175,34.20897306841533,43.634523233837626,40.43830538181575,30.934869976067546,40.17490829894092,30.038019339047253,40.593977471155654,29.630565886498403,42.50277144679387,28.171148156774564,39.845577152900034,27.202569519472604,39.127983086386536,26.307411078787084,34.543865281134146,25.82864119425824,33.34101329789269,25.837464585296743,29.672156342022106
67.8500652005095,-37.85573574440642,66.10864714050012,-40.062474308208635,63.144250230789225,-40.78425610847373,57.381319343225925,-29.036677009782125,57.11639447061003,-15.095847130069018,59.77850207735975,-4.996204887431759,55.371709083180406,13.433580534844737,52.50468338263374,24.370026848103436,46.879221487590144,33.898025921434595,44.76345588457491,40.39802822685496,31.64694503848915,40.516717440069726,30.673287026770083,41.16809967066885,30.38509576899213,43.14008151267208,28.759918167509284,40.60749267054953,27.72402805326135,40.00721571910566,26.750362802226334,35.41773978796951,26.24322472573766,34.241013349705355,26.202505210323352,30.60449087359936
68.80384722139155,-37.52853788959001,67.03624423790467,-39.74242613449073,64.06386300540964,-40.972597769284874,58.02142038196234,-29.80889130327597,57.58770308614078,-15.977919681082824,60.324252610956194,-5.966880264737512,56.07342971090566,12.65261105321747,53.385010906284094,23.798103235907462,47.85148238153084,33.56951369200098,45.88647593080043,40.33033594312755,32.37356777291325,40.84569686951957,31.31295686533707,41.725032102558885,31.161092228201426,43.75939362848399,29.371099834637278,41.35527099360999,28.259852126281828,40.874280925904316,27.199625484936178,36.28428948870629,26.663310724062967,35.136675808897394,26.568724352286836,31.53393245878985
69.75823561724815,-37.20238951909957,67.96242347341797,-39.418450147254674,64.98986055094082,-41.14475713052488,58.669549897811976,-30.571330959603046,58.0564082117246,-16.863174603748917,60.86229406406596,-6.942354796847155,56.75580418644182,11.860750839760101,54.24587836318034,23.210337838743015,48.81881415401563,33.22337653376212,47.00098539893543,40.23475280384517,33.11350272286734,41.16139596428064,31.957221145105507,42.263946120460474,31.956859424392462,44.360084067128156,30.003437928762423,42.088293911517155,28.809776541225347,41.72855942462036,27.655393249457518,37.143132626912575,27.089203954960226,36.02781302383741,26.936518862648597,32.46027278506051
70.71320180297192,-36.87726157743444,68.88732137275633,-39.090796765858244,65.92182315477135,-41.300960618502785,59.3260946302924,-31.323618424533777,58.52248796371879,-17.751693902779976,61.3925791705276,-7.922440946406056,57.41707507527758,11.058045779071506,55.08536057341769,22.606722174526396,49.77942781782639,32.859554600365584,48.10438631540137,40.11080308221955,33.865514431878694,41.46336410134316,32.60627215643274,42.78401307800837,32.77070151783175,44.941529101503136,30.655677220488542,42.80594321370674,29.373536100783213,42.569431933091636,28.117860218331316,37.993887446156606,27.521209184155566,36.91423734289398,27.30628559287021,33.38330353987834
71.6687171934555,-36.55312500909386,69.81107446163622,-38.75971640965926,66.85933110428954,-41.44143465952786,59.99144131892126,-32.065376143838506,58.985920458480734,-18.643559582888685,61.91506066417952,-8.90695117605955,58.05548494290184,10.244541755750646,55.901532357091355,21.987247761173904,50.73153438574491,32.47798804545894,49.1940807066195,39.958011051462364,34.6283674434747,41.75115065769728,33.26030218967594,43.284404328837354,33.600922668785586,45.50310500450746,31.326562480419568,43.50760068961446,29.95086560764662,43.39627916915603,28.587220514098533,38.83617219000644,27.95963117737506,37.79576111443572,27.67842139441308,34.30281641071028
72.62475320359152,-36.22995075857713,70.73381926577395,-38.42545949801561,67.80196468688393,-41.56640567990914,60.66597670321613,-32.79622656328769,59.44668381236772,-19.538853648787608,62.42969127886022,-9.895697948453005,58.66927635480329,9.420284654396369,56.69246853429661,21.351906116601896,51.673344870553024,32.078617022689855,50.267470599011176,39.77590098478532,35.40082630118269,42.02430501033325,33.919503535192405,43.76429122658212,34.445827037520246,46.04418804903969,32.01483847915932,44.19264812867607,30.54149986450693,44.20848185065137,29.06366825930013,39.66960510203026,28.404774700344717,38.67219668683117,28.053323118738717,35.21860308502329
73.58128124827255,-35.90770977038338,71.65569231088585,-38.08827645028501,68.74930418994296,-41.67610010595578,61.35008752269471,-33.515792128651725,59.90158853965272,-20.437617198997458,62.93642374840829,-10.888493726231758,59.25669187647071,8.585320359607607,57.45624392512866,20.700688758726642,52.60307028503257,31.661381685705862,51.32195801899775,39.563997155400074,36.18165554853016,42.2823765362412,34.584068483339365,44.222845124877466,35.303718784302134,46.56415450799844,32.71924998731163,44.860467320327274,31.1451736740554,45.00542069541552,29.547397576476953,40.49380442579624,28.85694451879067,39.54335640844897,28.431387617308644,36.13045525028434
74.5382727423912,-35.58637298901206,72.5768301226883,-37.74841768582533,69.70092990085504,-41.77074436397689,62.04416051687451,-34.22369528570093,60.342846297959056,-21.339490950574714,63.435210806662155,-11.885150972041117,59.815974073392965,7.739694755983237,58.19093334968261,20.03358720546447,53.51892164196539,31.226222188154594,52.35494499300057,39.32182383651835,36.96961972904438,42.52491461241141,35.254189324474225,44.659237377358124,36.17290206939765,47.06238065428218,33.43854177548036,45.510440054003794,31.76162183898333,45.78647642128635,30.03860258817008,41.30838840487249,29.31644539843893,40.409052627657644,28.813011741584376,37.0381645939604
75.49569910084011,-35.265911358962256,73.49736922689766,-37.40613362399441,70.65642210700872,-41.85056488028167,62.7485824252733,-34.919558480205836,60.77183313030196,-22.243889027476996,63.926005187460305,-12.885482148526478,60.34536551105873,6.883453728122163,58.89461162805378,19.35059297473171,54.41910995413332,30.77307868368365,53.363833547441004,39.04890530135185,37.76348338625269,42.751468615834,35.930058348954105,45.07263933765881,37.05168105307308,47.53824276078953,34.17145861426934,46.14194811914135,32.39057916198192,46.55102974610173,30.537477416920353,42.112975282827136,29.783582105015626,41.26909769282585,29.19859234302737,37.94152280351841
76.45353173851191,-34.94629582473337,74.41744614923022,-37.061674684150006,71.61536109579231,-41.915788081179215,63.46373998740859,-35.60300415793674,61.19045259646151,-23.15022297662398,64.40875962464122,-13.889299718333177,60.84310875495686,6.0166431606233175,59.56535358033739,18.651697584444662,55.301846234318134,30.301891325940602,54.34602570874034,38.74476582311223,38.562011063682576,42.961587923499195,36.61186784713635,45.46222235941431,37.93835989559477,47.99111710041902,34.916745274282505,46.754373305175704,33.03178044574253,47.29846138769949,31.044216185268738,42.90718330322838,30.25865940424677,42.12330395232212,29.58852627309909,38.84032156642533
77.41174207029917,-34.62749733082464,75.33719741540239,-36.71529128565001,72.57732715459429,-41.96664039297869,64.19001994279802,-36.27365476466409,61.600608256217924,-24.057904344935366,64.8834268520435,-14.896416144106524,61.30744637057609,5.139308938085549,60.201234026628526,17.93689255251965,56.16534149530173,29.812600268573078,55.29892350331994,38.40892967501122,39.36396730486132,43.15482191239718,37.29981010937826,45.82715779625937,38.83124275722912,48.42037994606923,35.67314652612362,47.347097401542555,33.68496049295641,48.0281520639175,31.55901301575625,43.690630709644324,30.741982061858494,42.97148375451508,29.983210383261166,39.73435257014813
78.37030151109445,-34.30948682173525,76.25675955113053,-36.367233847852134,73.5419005708032,-42.00334824198919,64.92906102445,-36.93113840203958,62.004203669351284,-24.966344679330973,65.34995960350551,-15.906643888491914,61.73662092340521,4.251496945107789,60.80032778702258,17.20616939687298,57.00780674986595,29.30514566522865,56.219928957601155,38.04092113026047,40.168116653316304,43.33071995951818,37.994077426036995,46.16661700182871,39.72863379824247,48.825407570638674,36.439407140396554,47.919502197677616,34.34985410631481,48.73948249259365,32.08206203092374,44.462935745643136,31.233854843576808,43.81344944777331,30.383041524974942,40.62340750215378
79.3291814757905,-33.99223524196455,77.17626908213094,-36.017752790114315,74.5086616318074,-42.026138054519805,65.68666553790445,-37.57518323889522,62.403142395641794,-25.874955526730417,65.80831061286585,-16.919795414134683,62.13666312881725,3.3532711520104783,61.36070968161465,16.459519635421003,57.82745301079257,28.77946766955492,57.10644409800534,37.64026446207171,40.973223652574916,43.48883144185234,38.694862087469915,46.479771329757085,40.62883717890111,49.20557624702596,37.214271887705195,48.47096948301663,35.026196088509096,49.43183339156573,32.61355735331222,45.22371665479295,31.734582515127784,44.64901338046536,30.788416549701992,41.507278049909246
80.28835337927984,-33.67571353601173,78.0958625341201,-35.66709853179427,75.47719062499539,-42.035236256879756,66.46264606329152,-38.20560322431615,62.799327994869486,-26.783148434053516,66.25843261396295,-17.93568318368017,62.53268503625111,2.444915696764866,61.88045453049995,15.696934786079964,58.62249129086342,28.235506435199483,57.955870950953795,37.20648394365662,41.778052846164485,43.62870573638992,39.40235638403425,46.76579213367927,41.53015705947149,49.56026224812959,37.99648553865336,49.000881046995346,35.713721242230406,50.10458547867165,33.153693105462594,45.97259168066191,32.24446984223749,45.477987900959846,31.199732308903776,42.385755900881435
81.24778863645508,-33.35989264837616,79.01567643281419,-35.315521492249815,76.44706783775558,-42.030869275378194,67.25599059356085,-38.82221508460921,63.194664026814564,-27.69033494821994,66.70027834063535,-18.95411965977371,62.92602207674787,1.5268616184083612,62.35763715377374,14.91840636676622,59.39113260286041,27.673202115809943,58.76561154286787,36.739103848226904,42.581368777612454,43.74989222012104,40.11675260608729,47.02385076722999,42.43089760021985,49.88884184684818,38.784792863844984,49.508618679049476,36.41216437017016,50.75711947174926,33.70266340991583,46.709179066818194,32.76382159063206,46.300185357625395,31.61738565404187,43.25863274253737
82.20745866220881,-33.044743523557,79.93584730392968,-34.96327209083884,77.41787355747641,-42.01326353632416,68.06568712166234,-39.42483554608097,63.59105405125712,-28.595926616149455,67.13380052672153,-19.974917305060643,63.31584949378521,0.5995426321116213,62.802236183802506,14.123961596060525,60.13158795956531,27.092494865033927,59.53306790016893,36.237648448994236,43.38193599044615,43.85194027003595,40.84294131768024,47.253203612844885,43.32936296141264,50.19069131608023,39.577938633883775,49.99356416861471,37.12126027501961,51.38881608863642,34.260662389212825,47.433097056829894,33.29294252603751,47.11541809883053,32.041773436577614,44.12570026234397
83.16733487143375,-32.73023710605358,80.85651167318292,-34.61060074691912,78.38918807154641,-41.98264546602681,68.89072364054562,-40.01328133503833,63.99040162797735,-29.49933498476173,67.55895190606003,-20.997888582186334,63.701342530840975,-0.3366075469547809,63.24547633172938,13.31397656142849,60.8420683737599,26.49332483651898,60.25791331871034,35.701649060669524,44.178519028192966,43.93439926312482,41.59214046517559,47.453874706176975,44.22385730331615,50.465186928724336,40.374667619373724,50.455099305126794,37.840743759469945,51.99905604717097,34.8278841658946,48.14396389426517,33.8321374141799,47.92349847294389,32.4732925079727,44.98675014776825
84.12738867902237,-32.41634434036513,81.77780606629017,-34.25775787984847,79.3605916673539,-41.9392414907953,69.73008814316051,-40.587369177787906,64.3946103167554,-30.399971600976556,67.97545704535207,-22.022846222278076,64.08167643139296,-1.2811552036201874,63.688247887083264,12.489024540111615,61.52078485822608,25.8756321839127,60.97579070200243,35.13122757069837,44.969882434380224,43.99681857637785,42.363376966341605,47.62629534960567,45.11268478619672,50.71170495767902,41.17372459091865,50.89260587802147,38.58286830637269,52.58726868416659,35.40452286250206,48.841397822692215,34.38171102078536,48.72423882833402,32.912339719688475,45.84157408627709
85.08759149986741,-32.10303617099092,82.69986700896789,-33.90499390898472,80.33166463228741,-41.88327803693883,70.58276862245674,-41.146915800636435,64.80558367737132,-31.297248011713577,68.37579299621234,-23.049663857981415,64.45602643891891,-2.2336666227139403,64.12957790042435,11.649681043004222,62.16594842574574,25.239357060862744,61.69822740751272,34.52753376349827,45.754790752535314,44.03874758678526,43.15507209434543,47.77090058665462,45.99414957032076,50.929621675842895,41.973854319122324,51.30546567673446,39.36059999716605,53.15310271104255,35.99077260157617,49.52501708567914,34.941968111579854,49.51745151336954,33.35931192318645,46.689963765337524
86.04791474886144,-31.790283542430217,83.62283102693243,-33.5525592536857,81.30198725373543,-41.8149815307664,71.44775307138406,-41.69173792989071,65.22522526960529,-32.19057576389261,68.75760876471804,-24.078353011591503,64.82356779689655,-3.193708089065467,64.56849342231283,10.796521581000434,62.77577008910055,24.584439621016656,62.4232138977718,33.89182044173168,46.53200852618562,44.059735671337194,43.96564712235414,47.88812546084739,46.867524289494895,51.11831539713671,42.773801574588674,51.6930604907015,40.171505728766704,53.69626868440213,36.58682750565782,50.194439926794075,35.51335084573424,50.3029486220195,33.81460596992815,47.531710872416454
87.00832984089698,-31.47805739918229,84.54683464590005,-33.200704333309176,82.27113981908633,-41.73457839858722,72.32402948289217,-42.22165229185734,65.65543865323747,-33.0793664044333,69.12264678090554,-25.108944178368972,65.18347574880374,-4.160845887504109,65.00402150330876,9.930121664994573,63.348460861072454,23.910820018022065,63.14874063531016,33.22534040806116,47.30030029885853,44.059332207023886,44.793523323534885,47.97840501570764,47.75458655898808,51.27744759929749,43.57342682596948,52.05477522157466,41.01312994047623,54.216477164398725,37.19288169728799,50.84928458960516,36.105131744446396,51.08039264125921,34.278618711375145,48.36660709498088
87.96880819086675,-31.166328685746407,85.47201439158721,-32.849679567213,83.23870261572858,-41.64229506671043,73.21058584993091,-42.73647561284318,66.098127388048,-33.96303148025541,69.47264947481119,-26.141467853574596,65.53492553811822,-5.134646302859267,65.4351891939724,9.05105680588079,63.90431123133857,23.218543369912226,63.87279808265828,32.52934646514913,48.058430614081374,44.03708657083553,45.63712197105485,48.04217429475892,48.663464265733865,51.40725033937417,44.39109038597462,52.39027494750158,41.8830170715965,54.71343871118577,37.80912929900762,51.48916931768062,36.72198382405526,51.84904472416315,34.75174699898878,49.194444120497764
88.9293212136634,-30.855068346621835,86.39838407276233,-32.499732123375,84.20425593105062,-41.53835796144514,74.10641016544997,-43.23602461915485,66.55519503381697,-34.84098253827872,69.8093592764713,-27.175954532468978,65.87709240831776,-6.114675619960309,65.86102354486388,8.15990251455338,64.466216550203,22.50811241493267,64.59337670234657,31.805091415658154,48.805164015381536,43.992548139762306,46.49486433808113,48.07986834152487,49.59217813580375,51.50802420479863,45.23241889754007,52.69972349254763,42.77871156142908,55.186863884916676,38.43603917892017,52.113712405134066,37.362779063214816,52.60809942680112,35.23438768423068,50.01501363643405
89.88984032417937,-30.54424732630781,87.32495074730662,-32.1509898435726,85.16738005244093,-41.42299350910045,75.01049042239913,-43.72011603709913,67.02854515032459,-35.71263112542286,70.13451861592227,-28.212434710312834,66.20915160288013,-7.10050012363655,66.28055160654333,7.2572343019065215,65.03237082297534,21.780154570972456,65.30846695690565,31.053828062250687,49.5392650462864,43.92526629079441,47.36517169778085,48.09192219952911,50.53874889526929,51.5800697830027,46.0957663142097,52.98333611791551,43.69775784927572,55.63646324574478,39.08923788424141,52.72255609501238,38.02638944057918,53.35675130524288,35.72693761856226,50.82810733025667
90.85033693730742,-30.233836569303634,88.25146686071281,-31.80342953169881,86.12765526728793,-41.29642813598562,75.92181461372815,-44.18856659298271,67.52008129735094,-36.57738878860758,70.44986992320054,-29.250938882366853,66.5302783652831,-8.091686098717418,66.69280042957098,6.3436276788344514,65.60094878053411,21.035297258626912,66.01605930886598,30.276809207589224,50.259498250323304,43.83479040092206,48.24646532332122,48.07877091229523,51.50119727020217,51.62368766141833,46.97948658952714,53.24132808480792,44.637700374438225,56.06194735382354,39.77607277447237,53.31540478752996,38.71168693480246,54.09419491555829,36.22979365344503,51.633516889432656
91.81078246794016,-29.92380702010854,89.17793125934958,-31.45701828730131,87.08466186298006,-41.15888826840964,76.83937073238667,-44.64119301311237,68.03170703467612,-37.43466707475264,70.75715562834233,-30.291497543891694,66.83964793900446,-9.087799830032253,67.09679706450697,5.419658156231435,66.17012515375785,20.2741678984913,66.71414422075799,29.475287654336285,50.96462817101968,43.72066984713541,49.13716648786925,48.04084952334682,52.47754398667382,51.63917842747733,47.88193367703627,53.473914654427574,45.59608357621818,56.46302676930634,40.49429552821897,53.891972836038946,39.4175435245387,54.819624813817114,36.74335264034056,52.43103400142891
92.7711483309701,-29.614129623221828,90.1043427895857,-31.111723209927703,88.03798012690584,-41.01060033268172,77.76214677132458,-45.07781202379479,68.56531999188024,-38.28387752726425,71.05811816138402,-31.334141190148074,67.13643556752197,-10.088407602410484,67.49156856191149,4.485901244991652,66.73807467352509,19.49739391116094,67.40071215511227,28.650516205154304,51.65486210489291,43.58246307246935,50.03569646459215,47.978593076207545,53.46580977075587,51.62684266861163,48.80146153028085,53.68131108797718,46.570451893917436,56.839412052346574,41.24165782408704,54.45197459389152,40.14283118844202,55.53223555608915,37.2680114307102,53.22045035371241
93.73140594128989,-29.304775323142707,91.03070029778985,-30.76751139912568,88.98719034645359,-40.851790755110954,78.68913072349159,-45.498240351336705,69.12170050706561,-39.12442835531684,71.35449995236206,-32.37890031639665,67.41981649431341,-11.093075700681425,67.87614197234461,3.5429324560093676,67.30297207071436,18.705602717231102,68.0737535744592,27.80374766270586,52.34400914518352,43.42013039396139,50.94047652665705,47.892436614400964,54.46401534851992,51.58698097225306,49.73642410280456,53.86373264665943,47.55834976683758,57.19081376309768,42.01591134068258,54.99512441443983,40.886421905166344,56.231221698444244,37.804166876015586,54.00155763375014
94.6915267137922,-28.9957150643705,91.95700263033063,-30.424349954442903,89.9318728090119,-40.6826859620065,79.61931058183745,-45.90229472204484,69.70000294467445,-39.955718232876706,71.64804343131271,-33.42580541789809,67.68896596285657,-12.101370409674445,68.24954434636663,2.59132730017879,67.8629920762042,17.899421737297132,68.73125894132937,26.936234829653387,53.03540791961899,43.234184722930195,51.849927947231095,47.78281518145073,55.470181446037486,51.51989392583354,50.68517534815129,54.02139459167702,48.55732163428041,57.51694246171303,42.8148077566114,55.52113665103602,41.647187653365904,56.91577779695214,38.35221582771817,54.774147529009014
95.6514820633696,-28.68691979140442,92.8832486335769,-30.08220597542703,90.8716078019691,-40.50351237967752,80.55167433931189,-46.28979186222588,70.29938646803777,-40.77714414030734,71.94049102827239,-34.47488698991313,67.94305921662925,-13.112858014218972,68.61080273453763,1.631661288394156,68.41630942087318,17.079478391954268,69.37121871825326,26.049230508659377,53.72855178933122,43.02517914255415,52.76247199948142,47.65016382088041,56.482328789380176,51.42588211678495,51.64606921986473,54.15451218423266,49.56491193554763,57.817508708346026,43.63609875047945,56.02972565703226,42.42400041169475,57.585098407682665,38.91488192404711,55.53799930918609
96.61124340491466,-28.37836044874379,93.80943715389725,-29.741046561625723,91.80597561271372,-40.314496434433096,81.4852099888646,-46.66054849818667,70.9190102404865,-41.58810305797212,72.23358517327745,-35.52617552770241,68.18127149910913,-14.127104799144348,68.95894418741773,0.6645099315497021,68.96109883559967,16.246400101797832,69.99162336776129,25.14398750238638,54.42293411545188,42.79366673601166,53.67652995657511,47.49491757621362,57.498478104619494,51.30524613253917,52.61745967148869,54.26330068552909,50.578665109940914,58.09222306315007,44.477536000892655,56.52060578578073,43.21573215880687,58.23837808670564,39.5042736734768,56.2926438200968
97.57078215332007,-28.070007980887823,94.73556703766036,-29.400838812586613,92.73455652863419,-40.115864552582394,82.41890552344546,-47.01438135623383,71.55803342535165,-42.38799196623441,72.52906829636419,-36.579701526526634,68.40277805377406,-15.143677049279916,69.29299575556718,-0.3095512594603349,69.49553505126238,15.400814287423117,70.590463352384,24.22175861349683,55.11804825911281,42.54020058648106,54.5905230916793,47.317511490974,58.51665011782711,51.15828656052804,53.59770065656687,54.347975356768984,51.59612559676208,58.3407960862786,45.336871186456904,56.99349139063358,44.02125487335644,58.87481139009083,40.120954745325946,57.03738253816064
98.53038978890152,-27.761837055491867,95.66163713123501,-29.061549827857363,93.65693083711892,-39.90784316043451,83.35174893600418,-47.35110716267408,72.21561518596417,-43.176207845457526,72.82868282756903,-37.63549548164647,68.60675412410177,-16.1621410494551,69.61198448954616,-1.2899467737417751,70.01779279873978,14.543348369425416,71.16572913465194,23.283796644653222,55.81338758144568,42.265333777140796,55.50287267796125,47.11838060868513,59.53486555507453,50.98530398818346,54.585146128643146,54.40875145915504,52.6148378353127,58.56293833788496,46.21185598577813,57.44809682494295,44.839440533997504,59.493592873908085,40.76360448803166,57.77150834053401
99.49047522135072,-27.45384144010052,96.58764628098987,-28.723146706985688,94.57267882555641,-39.6906586842986,84.29354235832079,-47.67050423594529,72.89091468565505,-43.952147676004955,73.13417119692826,-38.69358788832258,68.79237495357006,-17.18206308449922,69.91493743991475,-2.2761011004003535,70.52604680891034,13.674629768400052,71.71541117709552,22.3313543985181,56.50844544358233,41.96961939116926,56.41199998858792,46.89795997287064,60.55114514243331,50.78659900293732,55.57815004126127,54.445844253890016,53.63234626489458,58.7583603781226,47.100242077462156,57.88413644206102,45.66916111938406,60.09391709422712,41.4309022500309,58.49431410437319
100.45101171466979,-27.146021010302604,97.51359333329367,-28.385596549519164,95.48138078133508,-39.46453755048381,85.25867514238979,-47.972140474724,73.58309108775535,-44.71520843824007,73.44727583447838,-39.75400924181568,68.95881578565672,-18.203009439241697,70.2008816572332,-3.2674387285418334,71.0184718126527,12.795285904942261,72.23749994224528,21.365684677753933,57.202715206654545,41.65361051174477,57.31632629672657,46.65668462705409,61.56350960597507,50.56247219222149,56.575066347964935,54.45946900217655,54.64619532480941,58.92677276714488,47.999781140114976,58.301324595339935,46.509288608170266,60.67497860711785,42.12152737976072,59.20509270683456
101.41196993641319,-26.838375644406028,98.43947713451502,-28.04886645500548,96.38275052272007,-39.22970593480798,86.2452974621537,-48.25551208730016,74.2913035555959,-45.46478711252618,73.76973917025555,-40.81679003738648,69.1052518638395,-19.224546398511876,70.46884419206157,-4.263384147271978,71.49324254084524,11.905944199647422,72.72998589263165,20.38804028502321,57.89569023179399,41.317860222045795,58.21427287554434,46.39498961475917,62.56997967177131,50.31322414346786,57.57424900229796,54.44984096521739,55.653929454358945,59.067886065105256,48.908224852342414,58.69937563813187,47.35869497901018,61.23597196864998,42.8341592256582,59.90313702507447
102.37332055413572,-26.53090522071858,99.3652965310227,-27.712923522992327,97.28231730864582,-38.98630939409898,87.25141139550982,-48.52011522151983,75.01471125250782,-46.20028067922672,74.10330363429631,-41.88196077029559,69.23085843159618,-20.246240247139156,70.71785209496011,-5.263361845696608,71.94853372436665,11.007232073110771,73.19085949078521,19.399674022988393,58.58686388013257,40.96292160525067,59.10426099820825,46.11330997950944,63.568576065893694,50.0391554441083,58.57405195780416,54.417175404215214,56.65309309284481,59.18141083215707,49.82332489275046,59.07800392378897,48.216252210557855,61.776091734893356,43.56747713616039,60.58773993624931
103.33503423539184,-26.223609617548163,100.29105036918543,-27.377734853027334,98.18294624138366,-38.73429774219389,88.27501902035567,-48.76544602522901,75.75247334182205,-46.92108611870506,74.44971165663691,-42.94955193580378,69.33481073240449,-21.267657269952878,70.94693241648895,-6.266796312921485,72.38252009409536,10.099776945927601,73.61811119923641,18.401838694312033,59.275729512801945,40.589347744537804,59.98471193788555,45.812080764828494,64.55731951441368,49.74056668157468,59.572829168027226,54.361687580372745,57.64123067956888,59.267057628453784,50.742832939945,59.43692380566341,49.080832281467394,62.29453246191778,44.32016045970431,61.258194317515375
104.29708164773632,-25.916488713202597,101.21673749537183,-27.043267544658164,99.08433416992943,-38.47359165922566,89.31412241458867,-48.991000646273875,76.50374898686948,-47.62660041132463,74.8107056673137,-44.01959402917166,69.4162840097423,-22.288363751782384,71.15511220720828,-7.273112038052318,72.79337638090988,9.184206238693264,74.00973148051571,17.395787101656595,59.961780490933904,40.19769172308557,60.85404696774333,45.49173701423999,65.53423074340293,49.41775844329888,60.56893458651098,54.28359275489271,58.61588665383266,59.324537014148746,51.664500672531915,59.77584963710734,49.95130717039285,62.79048870579305,45.09088854472702,61.91379304602904
105.25943345872378,-25.609542385989727,102.14235675595063,-26.709488697432477,99.98617794327896,-38.204111825327374,90.36672365610616,-49.19627523250037,77.26769735098122,-48.31622053744874,75.1880280963631,-45.09211754565993,69.47634586277246,-23.307936316192524,71.34141851767828,-8.281733510194954,73.17927731568881,8.261147372002995,74.36371079715371,16.38277204768457,60.64451017566023,39.7885066240724,61.71068736094867,45.152713771267486,66.49733047893295,49.071031316712805,61.56072216679917,54.183106188977774,59.57460545493802,59.35355954939541,52.586079769117134,60.09449577147291,50.826548855988335,63.26315502258896,45.87834073966553,62.55382899894667
106.22206033590885,-25.3027705142174,103.06790699729055,-26.376365410897904,100.88817441042801,-37.9257789206321,91.43082482280562,-49.38076593175461,78.04347759748816,-48.989343477440826,75.58342137382147,-46.167152980529266,69.52793811557649,-24.32623840997897,71.50487839845903,-9.2920852184551,73.53839762931062,7.331227766452116,74.67803961168079,15.364046335058447,61.323411928112705,39.362345530676606,62.55305439066882,44.79544607943464,67.44463944707536,48.70068588924829,62.54654586243555,54.06044314383067,60.51493152218666,59.353835794347134,53.50532190830654,60.39257656211228,51.705429316907896,63.71172596837533,46.681196392956906,63.177595053424625
107.18493294684606,-24.996172976193492,103.99338706576026,-26.043864784602135,101.79002042037234,-37.63851362527285,92.50442799258445,-49.543968891882656,78.8302488897213,-49.64536621166425,75.9986279297251,-47.24473082904038,69.57407240834476,-25.343450517591236,71.64451890011077,-10.303591651938575,73.86891205265391,6.39507484263595,74.95070838662747,14.34086276644075,61.99797910942311,38.919761526076655,63.37956933007081,44.42036898226502,68.37417837390171,48.30702274833726,63.52475962696394,53.915818880654086,61.434432588641585,59.32507631393392,54.41997876870607,60.66980636237764,52.58682053180553,64.13539609922194,47.49813485303815,63.78438408661921
108.14802195909016,-24.68974965022585,104.91879580772849,-25.71195391809283,102.69141282210774,-37.342236619382646,93.58553524334002,-49.68538026073057,79.62717039101165,-50.28368572048245,76.43539019411037,-48.324881586453984,69.61525052566077,-26.359769524107065,71.75936707319363,-11.315677299751144,74.16899531659715,5.453316021149732,75.1797075845243,13.314474144493943,62.667705080723124,38.46130769345089,64.18865345232189,44.02791752328227,69.28396798548357,47.89034248141158,64.49371741392804,53.74944866065073,62.35187533424863,59.267122248038845,55.32780202892161,60.92589952562113,53.469594479335456,64.53335997119859,48.32783546834639,64.3734889756868
109.11129804019578,-24.38350041462232,105.8441320695639,-25.380599910917653,103.59204846463007,-37.03686858309456,94.67214865296984,-49.80449618614435,80.43340126469013,-50.90369898425868,76.89535812050974,-49.40750306898386,69.65197425210795,-27.37539231460417,71.8484499682678,-12.32776665099854,74.43682215201892,4.506578722588813,75.36302766790175,12.286133271880544,63.332083203144634,37.98753711597769,64.97872803058902,43.61852674600996,70.17202900789249,47.450945675903114,65.45177317687171,53.56154774502332,63.28394990627294,59.180285980201745,56.22654336755903,61.1605704051949,54.35262313815167,64.90481214037507,49.16897758731858,64.94420259778374
110.0747318577175,-24.077425147690718,106.76939469763522,-25.04976986262423,104.49162419693499,-36.72233019654166,95.76227029937127,-49.90081281597011,81.24810067408777,-51.504802983356484,77.37878676007841,-50.49131258700359,69.68474537226984,-28.390515774160235,71.91079463589341,-13.339284194786586,74.67056728979765,3.555490367548458,75.50013608596521,11.257089626848568,63.990606837819314,37.499002876835476,65.74821433803953,43.19263169397172,71.03638216720009,46.98913291924376,66.39728086933866,53.352331394974556,64.22905229260613,59.06498616665189,57.12204889658176,61.37354772943223,55.234778486908226,65.24894716282122,50.02024055839178,65.49581783006641
111.03829407921,-23.771523727738952,107.69458253831118,-24.719430872760228,105.38983686801845,-36.398542139856914,96.85390226044171,-49.973826298053865,82.07042778253555,-52.08639469813912,77.88495495772958,-51.57440854442004,69.7140656707299,-29.405336787852974,71.94542812663065,-14.349654420221015,74.86840546081197,2.6006783766239607,75.62166864355828,10.228196367223717,64.64276934587895,36.99625805920263,66.49553364784043,42.750667410691165,71.87504818947787,46.50520479886535,67.32859444487269,53.12201487170714,65.18557848113988,58.92164146361847,58.033543231662804,61.56469367472795,56.11493250425923,65.56495959460685,50.88030373000311,66.02762754969115
112.00195537222783,-23.465796033074838,108.61969443796045,-24.38955004087333,106.28638332687609,-36.06542509317339,97.94504661407859,-50.02303278024178,82.89954175336442,-52.647871108970065,78.41312536525868,-52.65488389041869,69.74043693207159,-30.420052240760043,71.95266272189349,-15.358304780546575,75.02851139594037,1.642770170410671,75.74044797603062,9.199540108615537,65.28806408845531,36.47985574625753,67.21910723315887,42.29306893969192,72.68604780079744,45.99946190219984,68.24406785701751,52.87081343642379,66.15192445976578,58.750670527330726,58.96058034417098,61.7339428285766,57.00162163637549,65.85215844670634,51.74784645058952,66.53892463381428
112.96568640432577,-23.160241942006223,109.54472924295169,-24.060094466511174,107.18096042250374,-35.72289973662416,99.03370543817937,-50.04792841037974,83.73460174990544,-53.18862919621259,78.96256063446128,-53.73083157418486,69.76436094087848,-31.434859017959184,71.95266272189349,-16.3649009196005,75.14905982606138,0.682393169503797,75.85639517898136,8.17111983677043,65.9259844266802,35.95034902117854,67.91735636716203,41.820271324497554,73.46740172723037,45.47220481667904,69.14205505931699,52.59894235032718,67.12648621637555,58.55249201401787,59.90162487125497,61.881230496593275,57.911209344639076,66.11062015865471,52.62154806858808,67.0290019595922
113.92945784305829,-22.854861332840954,110.46968579965363,-23.731031249221417,108.07326500389729,-35.370886750342294,100.11788081064145,-50.04800933631398,84.57476693548944,-53.70806594023023,79.53252341713278,-54.80034454490416,69.78633948173393,-32.44995400452805,71.95266272189349,-17.36951732298212,75.22822548205352,-0.2798252055012824,75.96943134800978,7.142934537434883,66.55602372168534,35.4082909671441,68.58870232301706,41.33270960863169,74.21713069484815,44.923734129734896,70.02091000531482,52.30661687462006,68.10765973886072,58.327524579909124,60.855141450063456,62.00649198439305,58.842153167892434,66.3407366627714,53.50008793243586,67.49715240418124
114.89324035598014,-22.549654083886935,111.394562954435,-23.40232748855172,108.96299392005238,-35.0093068144607,101.1955748093622,-50.02277170589045,85.41919647344753,-54.20557832138624,80.12227636506867,-55.861515751761914,69.80687433922145,-33.46553408554439,71.95266272189349,-18.372268725574287,75.26418309479533,-1.2432575340093308,76.07947757871506,6.114983196355354,67.1776753346025,34.85423466733255,69.23156637389098,40.83081883561795,74.93325542972252,44.35435042879922,70.87898664855476,51.99405227050508,69.09384101511296,58.07618688123375,61.81959471774519,62.10966259759107,59.79250482708932,66.5429008619696,54.38214539056986,67.94266884473771
115.85700461064596,-22.244620073451927,112.31935955366453,-23.073950284049744,109.8498440199649,-34.63808060911251,102.26478951223908,-49.9717116669552,86.26704952711066,-54.68056332004406,80.73108213006441,-56.91243814394366,69.82646729792464,-34.481796146085884,71.95266272189349,-19.37326986225969,75.26466075041088,-2.207308204053419,76.18645496669637,5.087264799278273,67.79043262656347,34.28873320492232,69.85039443207631,40.3150301516674,75.61380221325567,43.76435430144525,71.71463894258068,51.661463799185015,70.08342603302395,57.798897574220916,62.79344931144874,62.19067764180244,60.760316043183536,66.71750565916241,55.26639979142715,68.36484415841804
116.82072127461026,-21.93975917984386,113.24407444371082,-22.745866735263178,110.73351215263062,-34.257128814430786,103.32352699716944,-49.894325367354355,87.11748525980971,-55.13241791656705,81.35820336391555,-57.95120467063478,69.84562014242687,-35.49893707123019,71.95266272189349,-20.372635467921185,75.2569000311126,-3.1717138694610014,76.29028460755296,4.059778331950099,68.39378895870004,33.71233966309177,70.47471762402705,39.78569942256965,76.28494376207988,43.154097899438625,72.5281020162339,51.30906644543782,71.07481078048528,57.496075315099915,63.77516986832285,62.249472422642214,61.74363853712873,66.86494395726291,56.15153048344479,68.76297122237852
117.7843610154278,-21.635071281370557,114.1687064709426,-22.418043941739626,111.61369516704525,-33.866372110548554,104.36978934205075,-49.79010895493397,87.9696628348758,-55.56053909131859,82.00290271841743,-58.97590828102071,69.86483465731163,-36.51715374605507,71.95266272189349,-21.37048027744146,75.24306621964473,-4.136408985607574,76.39088759688406,3.0325227801173185,68.98723769214394,33.125607125019286,71.10741394173726,39.24311443934286,76.97054067029006,42.524131035266294,73.34833110944362,50.93705259780933,72.06639124538862,57.16813876009991,64.7632210255162,62.285982245725535,62.74052402987877,66.98560865918427,57.03621681505979,69.13634291377554
118.74789450065322,-21.330556256339833,115.0932544817286,-22.090449003026748,112.49008991220472,-33.46573117759877,105.40157862478048,-49.65855857754005,88.82274141563988,-55.9643238246621,82.66444284536567,-59.98464192428693,69.88461262716243,-37.53664305563822,71.95266272189349,-22.366919025703396,75.22354701472744,-5.101330634370953,76.48818503028883,2.005497129526333,69.57027218802693,32.52908867388328,71.74693956928849,38.6875605413974,77.66746878851967,41.87505087642566,74.18350330366843,50.54557564185245,73.05656341562565,56.815506565450164,65.75606742017749,62.30014241666751,63.74902424238741,67.07989266783957,57.91913813470916,69.48425210976544
119.71129239784108,-21.02621398305959,116.01771732243748,-21.763049018672234,113.3623932371047,-33.05512669571459,106.41689692325599,-49.49917038301865,89.67600484914476,-56.34316914778029,83.34208639655571,-60.97549854961895,69.90545583656274,-38.55760188505727,71.95266272189349,-23.362066447589683,75.19873011508082,-6.0664158976289,76.58209800336647,0.9787003659236291,70.14238580748076,31.923337392862123,72.39175069076225,38.11932306814364,78.37260396740209,41.2074545904141,75.0307731268714,50.13478509563441,74.04372327908789,56.43859738737987,66.75217368945533,62.29188824108323,64.76719089560834,67.14818888614195,58.79897379083002,69.80599168750456
120.67452537454602,-20.72204433983765,116.94209383943797,-21.435811088223744,114.23030199074105,-32.63447934502898,107.41374631537468,-49.31144051921589,90.5479204247572,-56.696574904786615,84.03509602378296,-61.94657110620207,69.92786607009606,-39.58022711939,71.95266272189349,-24.35603727798312,75.16900321942495,-7.031601857259176,76.6725476117162,-0.04786852494436289,70.70307191163727,31.30890636513419,73.04030349024015,37.53868735899195,79.08282205757087,40.52193934472905,75.8872951070154,49.70483047722243,75.02626682366702,56.0378298821183,67.75000447049854,62.261155024587765,65.79307571049532,67.19089021700452,59.67440313185938,70.10085452414924
121.63756409832268,-20.41804720498186,117.86638287909881,-21.10870231122894,115.0935130221095,-32.203709805675004,108.39012887903397,-49.09486513397778,91.45054081245848,-57.02435944020928,84.74273437884295,-62.89595254322185,69.95234511234588,-40.60471564371406,71.95266272189349,-25.348946251766478,75.13475402647987,-7.996825595139626,76.75945495093731,-1.0742105573311846,71.25182386162817,30.686348673877887,73.69105415180371,36.945938753352664,79.79499890965945,39.81910230686793,76.75022377206346,49.25586130468375,76.00259003725478,55.61362270589464,68.74802440045568,62.20787807279626,66.82473040800221,67.20838956334043,60.54574569905424,70.36813982270326
122.60037923672576,-20.114222456800093,118.79058328778865,-20.781689787235422,115.95172318020587,-31.762738757785712,109.34404669213126,-48.84894037515036,92.38155655432593,-57.326402587438366,85.46426411353116,-63.821735809863725,69.97939474789564,-41.63126434310712,71.95266272189349,-26.340908103822528,75.09637023496578,-8.962024193147954,76.84274111662887,-2.1003267454903494,71.78813501858525,30.056217402271614,74.34245885953442,36.34136259063621,80.50601037430124,39.09954064432819,77.61671364997858,48.788027096085614,76.97108890774263,55.16639451493816,69.74469811647549,62.1319926913238,67.8602067090826,67.20107982806275,61.43274720571986,70.60752218636799
123.56294145730982,-19.810569973600195,119.71469391187617,-20.45474061579091,116.80462931402599,-31.311486881494147,110.27350183256402,-48.57316239057977,93.33865819243681,-57.60258417986418,86.19894787964301,-64.72201385531307,70.00951676132888,-42.66007010264698,71.95266272189349,-27.33203756903407,75.05423954360265,-9.927134733162035,76.92232720439023,-3.1262181036754555,72.31149874364024,29.419065633493744,74.99297379751397,35.725244210252896,81.21273230212984,38.363851524607156,78.48391926872364,48.30147736949519,77.93015942302236,54.69656396547802,70.73849025570667,62.033434185785495,68.89755633469036,67.16935391408464,62.34031958766968,70.81925571449574
124.5252214276295,-19.507089633689986,120.63871359773009,-20.127821896443066,117.65192827256556,-30.849874856933326,111.17649637822967,-48.26702732811199,94.31953626886838,-57.85278405087686,86.94604832897403,-65.59487962875542,70.0432129372291,-43.69132980741122,71.95266272189349,-28.32244938228385,75.00874965111069,-10.892094297059572,76.99813430982044,-4.151885646140045,72.82140839792498,28.775446450722654,75.64105514982379,35.09786895161312,81.91204054377857,37.6126321152023,79.34899515626171,47.79636164297975,78.87819757098549,54.20454971374349,71.72786545529783,61.91213786179645,69.9348310057793,67.1136047243192,63.26688470661179,71.00364407911471
125.48718981523945,-19.20378131537734,121.56264119171914,-19.800900728739492,118.4933169048204,-30.377823364236292,112.05103240702556,-47.930031335593156,95.32188132569786,-58.07688203386667,87.7048281133197,-66.43842607937617,70.08098506017967,-44.72524034247763,71.95266272189349,-29.312258278454664,74.96028825620994,-11.85683996671844,77.07008352851886,-5.17733038713763,73.31735734257114,28.125912937136746,76.28515910054551,34.45952215412723,82.60081094988095,36.846479583611,80.20909584055579,47.27282943460651,79.81359933952376,53.69077041596381,72.71128835239773,61.768039024971756,70.97008244330306,67.03422516167956,64.21086442425451,71.16099095225312
126.44881728769434,-18.900644896970107,122.48647554021204,-19.473944212227877,119.32849205978636,-29.89525308353612,112.89511199684921,-47.5616705608692,96.34338390500267,-58.27475796222379,88.47454988447544,-67.2507461563608,70.12333491476414,-45.761998592923845,71.95266272189349,-30.301578992429256,74.90924305762047,-12.821308824016342,77.13809595608461,-6.2025533409217815,73.79883893871062,27.471018175914395,76.92374183376063,33.81048915720561,83.27591937107053,36.06599109733071,81.06137584956872,46.73103026244269,80.7347607165288,53.155644728368145,73.68722358415505,61.60107298092652,72.00136236821544,66.93160812907882,65.1706806023061,71.29160000593916
127.41007451254876,-18.597680256776158,123.41021548957735,-19.14691944645591,120.15715058645918,-29.402084694965794,113.70673722559792,-47.161441151786306,97.38173454885998,-58.44629166933842,89.25447629423678,-68.0299328088947,70.17076428556601,-46.8018014438276,71.95266272189349,-31.290526259090427,74.85600175406239,-13.785437950831067,77.20209268811692,-7.227555521746041,74.26534654747502,26.81131525023403,77.55525953355072,33.15105530025863,83.93424165798064,35.271763823858805,81.90298971126361,46.17111364455556,81.64007768989217,52.59959130718579,74.65413578771842,61.41117503527582,73.0267225014702,66.80614652943015,66.14475510247485,71.39577491220103
128.37093215735734,-18.294887273103313,124.33385988618392,-18.819793530971197,120.97898933383465,-28.89823887865839,114.48466550921097,-46.72884391441201,98.4346237993471,-58.591362988600764,90.04386999439913,-68.7740789861634,70.22377495716876,-47.84484578026658,71.95266272189349,-32.27921481332092,74.80095204425578,-14.74916442904049,77.26199482021502,-8.252337943863978,74.71637352999625,26.147357243274,78.17816838399733,32.48150592269661,84.57265366124477,34.46439493069272,82.73109195360337,45.59322909901226,82.5279462475055,52.02302880864593,75.61048960023658,61.1982804936348,74.0442145640211,66.65823326564663,67.131509786469,71.47381934306694
129.33136088967473,-17.99226582425942,125.2574075764004,-18.492533565321423,121.79370515090852,-28.38363631474695,115.24307786488089,-46.26389399879022,99.49974219854124,-58.70985175340101,90.84199363675805,-69.48127763735224,70.28475734297399,-48.8913173558457,71.95266272189349,-33.26775939000356,74.74448162692079,-15.712425340522287,77.3177234479781,-9.276901621529106,75.15141324740597,25.47969723821268,78.79092456918198,31.802126363929972,85.1880312314965,33.644481585329856,83.54283710455098,44.997526143880094,83.39676237726053,51.42637588897779,76.55474965885821,60.96232466161854,75.0518902768219,66.48826124064135,68.12936651599682,71.52603697056512
130.2913313770556,-17.689815788552323,126.18088432019368,-18.165106414378016,122.60099488667663,-27.858197683364523,115.98834196281325,-45.767580011318074,100.57478028851983,-58.801637797129416,91.64810987310898,-70.14962171164674,70.3772146673669,-49.94076631182102,71.95266272189349,-34.2562747240211,74.6869782007775,-16.67515776715433,77.36919966700538,-10.301247568994995,75.57062959043054,24.80888686107056,79.39198427318632,31.11320196336905,85.7772502193692,32.81262095526762,84.33537969206947,44.384154297226246,84.24492206704883,50.8100512044106,77.48538060073196,60.70324284484215,76.04780136082633,66.29662335732749,69.13674715276659,71.55273146672371
131.25081428705448,-17.3875370442899,127.10449668101415,-17.83747133535448,123.4005553901348,-27.32184366464412,116.72089231788601,-45.24099892695355,101.65742861135999,-58.866600953176174,92.46148135524737,-70.77720415823237,70.50679218927684,-50.991775714024214,71.95266272189349,-35.244875550256296,74.62882946454596,-17.637298790814356,77.41634457289604,-11.325376800515187,75.98855680384929,24.135291543287877,79.97980368009183,30.415018060424245,86.33718647549637,31.96941020800344,85.10587424412171,43.753263077117964,85.07082130476209,50.17447341117358,78.40084706300655,60.42097034892072,77.02999953698821,66.08371251861814,70.15207355848656,71.55420650357101
132.20978028722612,-17.085429469779996,128.02826997906993,-17.509578499763364,124.19208351027874,-26.77449493871879,117.44116344497712,-44.685247720654644,102.74537770913906,-58.904621054931425,93.28137073496873,-71.36211792629453,70.67188408304133,-52.042847521775485,71.95266272189349,-36.23367660359193,74.57042311694624,-18.59878549338012,77.45907926124926,-12.349290330343194,76.40999368363038,23.458909659927343,80.55283897398004,29.707859994505867,86.8647158505114,31.115446511034747,85.85147528867077,43.105002001622495,85.87285607829187,49.520061165496,79.29961368283057,60.11544247946938,77.99653652626125,65.84992162742645,71.17376759486496,71.53076575313514
133.1682000451251,-16.783492943330458,128.95218188110186,-17.181377545908163,124.97527609610427,-26.2160721857216,118.14958985896453,-44.10142336737934,103.83631812393435,-58.91557793578548,94.1070406640685,-71.90245596501867,70.87088452299776,-53.092483694395156,71.95266272189349,-37.222792618910745,74.51214685669856,-19.5595549567295,77.49732482766433,-13.372989172732645,76.83322692998843,22.779696644516292,81.10954633893255,28.99201310502434,87.35671419504791,30.251327031858892,86.5693373536796,42.439520588807,86.64942237552987,48.847233123607026,80.18014509735286,59.78659454210319,78.9454640495992,65.59564358666549,72.20025112361014,71.48271288744436
134.12604422830606,-16.481727343249133,129.87621005385057,-16.852818112092393,125.74982999660722,-25.646496085785543,118.84660607472614,-43.490622842085685,104.92794039782308,-58.89935142912847,94.93775379434226,-72.39631122359023,71.10218768348363,-54.13918619120349,71.95266272189349,-38.212338331095594,74.4543883825229,-20.519544262740197,77.53100236774043,-14.396474341937022,77.2565432431382,22.097607930582228,81.64838195903087,28.26776273138998,87.81005735973923,29.377648937973333,87.25661496711115,41.75696835673875,87.39891618436764,48.15640794173589,81.04090594372201,59.43436184243728,79.8748338279558,65.3212712992484,73.22994600643034,71.41035157852687
135.08328350432367,-16.18013254784387,130.80033216405695,-16.523849836619547,126.51544206078336,-25.06568731904369,119.53264660713984,-42.85394311973167,106.01793507288255,-58.855821368350604,95.77277277758532,-72.84177665119469,71.36418773883634,-55.18145697152076,71.95284907688495,-39.202422684429195,74.39753539313932,-21.47869049329006,77.56003297707673,-15.419746852209897,77.67822932329426,21.412598951652512,82.16780201835661,27.535394213013177,88.22162119521886,28.495009396875474,87.91046265692847,41.057494823485,88.11973349269692,47.448004276111845,81.8803608590867,59.058679686086776,80.78269758228487,65.02719766808832,74.26127410503375,71.31398549841086
136.03988854073248,-15.87870843542251,131.72452587846175,-16.194422357793144,127.2718091376284,-24.473566565629085,120.2081459710837,-42.192481175275276,107.10399269119006,-58.784867586842125,96.6114238030263,-73.23694526350911,71.65527886339339,-56.21779799466722,71.95395058328,-40.193072751004166,74.34197558726805,-22.43693073025682,77.58433775127247,-16.44280771780481,78.09657187067131,20.72462514125462,82.66626270099124,26.79519288930433,88.58828155212029,27.60400557606272,88.52803495109447,40.341249507112906,88.8102702884093,46.72244078296413,82.69697448059566,58.65948337866672,81.66890886321414,64.71381437022049,75.29265728112875,71.19391831912452
136.9966971915025,-15.577432068748351,132.64876886380569,-15.864485313916703,128.0186280761382,-23.870054505674773,120.87353868143549,-41.507333983674556,108.18380379482284,-58.686369917993176,97.47871405453344,-73.58047388394883,71.97385523149217,-57.246711219963146,71.95604364161068,-41.18425493251138,74.28809666362906,-23.394202055518292,77.60383778592688,-17.465657952975306,78.50985758548399,20.033641932915913,83.14222019101635,26.047444099673754,88.90691428107698,26.705234643032526,89.10648637757208,39.60838192568977,89.46892255939645,45.980136118521926,83.49569812577397,58.23673539407321,82.56312802357178,64.38140288860941,76.3225173964235,71.05045371269608
137.95457421701775,-15.276183039754585,133.57303878682956,-15.533988343293686,128.75557075697316,-23.255071912698725,121.52925925307329,-40.79959851988744,109.25505892585824,-58.560208195194065,98.39312917094679,-73.87295220976651,72.3183110174702,-58.26669860672885,71.95913136011791,-42.17593420015592,74.23628632094255,-24.35044155095224,77.61845417663915,-18.48829857197495,78.91637316794703,19.339604760163837,83.59413067251359,25.29243318353184,89.17439523272242,25.799293765282215,89.64297146432438,38.859041597282754,90.09408629354994,45.22150893901451,84.29703410925936,57.79073141165503,83.47438610917595,64.03004864032863,77.34927631262633,70.88389535115374
138.913412038425,-14.974814916345508,134.49731331427415,-15.202881084227641,129.4790241189529,-22.628705717313437,122.17574220087488,-40.07037175887203,110.31544862637344,-58.40626225183493,99.35125384550548,-74.11538380811814,72.68704039566484,-59.276262114284606,71.96321684704264,-43.16807552514294,74.1869322579285,-25.30558629843651,77.62810801900844,-19.51073058905726,79.31440531827502,18.64246905652584,84.02045032956431,24.530445480288932,89.38760025769,24.886780110309275,90.1346447393143,38.093378039959106,90.6841574787615,44.446977900671044,85.10098672616874,57.32199063029759,84.39997811141245,63.65981683360516,78.37135589144549,70.69454690652569
139.87310263448614,-14.673181266168143,135.42157011288026,-14.871113175022089,130.18737364216753,-21.991551442169026,122.81342203971832,-39.3207506755862,111.3626634384458,-58.224411921305915,100.34967277144858,-74.3087722461598,73.07843754041363,-60.273903701950616,71.96830321062589,-44.160643878677575,74.14042217330712,-26.259573379848803,77.63272040863404,-20.532955018475832,79.70224073668265,17.942190255529283,84.41963534625023,23.761766329355424,89.54340520661327,23.96829084561108,90.57866073050485,37.31154077178607,91.23753210292267,43.65696165972079,85.90570663126414,56.83103637780275,85.337199021667,63.27077267666604,79.38717799458925,70.48271205084018
140.83353798396297,-14.371135656869512,136.34578684938862,-14.538634253980462,130.88176532165113,-21.344301586737288,123.4427332844815,-38.551832244988105,112.39439390415254,-58.01453703699738,101.38497064201539,-74.45412109104748,73.49089662605394,-61.2581253290472,71.97439355910859,-45.153604231964806,74.09714376579842,-27.212339877066967,77.63049535027642,-21.55497381507456,80.07816612338462,17.238723790701613,84.79014190665288,22.986681070141657,89.63868593012563,23.04442313868506,90.97217396585893,36.51367931083087,91.76266189754477,42.8518910509064,86.70934447930756,56.3183919819723,86.28334383132534,62.862981377738265,80.39516448376588,70.24869445612535
141.79461006561746,-14.068531656096638,137.26994119054,-14.205393959406337,131.56334515243782,-20.687648650490132,124.06411045004234,-37.76471344203563,113.40833056557096,-57.776517432299414,102.45373215044492,-74.55243390993738,73.9228118269233,-62.227428954894634,71.9814910007317,-46.14692155620983,74.05748473412251,-28.163822871968733,77.6146133045662,-22.5768031263932,80.44046817859555,16.532025095570248,85.13042619485373,22.205475042058026,89.67032935245714,22.115774156676167,91.31233897333959,35.69994317516068,92.29335682733858,42.03235437889907,87.51005092506085,55.78458077060807,87.23570753177324,62.43650814504886,81.39373722068365,69.99279779440946
142.75621085821138,-13.765222831496601,138.19401080307517,-13.871341929603233,132.23325912956187,-20.022285132899356,124.67798805127882,-36.96049124168681,114.40216396477831,-57.510232940602265,103.55254198997642,-74.60471426998541,74.37257731735906,-63.18031653881317,71.9895986437362,-47.14056082261774,74.02183277699947,-29.11395944643192,77.58507068767466,-23.59847008655362,80.78743360253009,15.822049603662634,85.43894439493437,21.418433584514872,89.669368506897,21.182882035801214,91.60032646752228,34.87048968865619,92.8296791578544,41.19904963692261,88.30597662328614,55.230126071511904,88.19158511439639,61.99141818682486,82.38131806705076,69.71532573772072
143.71823234050675,-13.461062750716366,139.1179733537349,-13.536427802874584,132.89265324805734,-19.34890353343681,125.28480060306879,-36.1402626188997,115.37358464385187,-57.21556339529613,104.67798485384901,-74.61196573834772,74.83858727169871,-64.11529004012309,71.99871959636306,-48.13448700239363,73.99057559314946,-30.062686682334316,77.54266423595948,-24.620002115837764,81.11734909540297,15.108752748506134,85.71415269097639,20.62584203692259,89.66657271290575,20.246061516009974,91.87535304601397,34.025826610796514,93.36841453170263,40.3526770470294,89.09527222874527,54.65555121248559,89.14827157058068,61.527776711293285,83.35632888457559,69.41658195808728
144.68056649126532,-13.155904981403012,140.04180650926003,-13.20060121752394,133.5426735029584,-18.668196351574352,125.8849826202902,-35.30512454863222,116.320283144869,-56.892388629771204,105.82664543530188,-74.5751918821804,75.31923586427979,-65.03085141814464,72.00885696685322,-49.12866506674263,73.9641008812925,-31.00994166155371,77.48819068577825,-25.641426634527534,81.42850135742873,14.392089963628223,85.95450726706127,19.827985738691524,89.66196886689426,19.305574500297126,92.14680803131915,33.16694614504547,93.90634859149367,39.49393683127204,89.87608839620037,54.061379521330934,90.10306189171172,61.04564892668111,84.3171915349663,69.09687012753739
145.64310528924904,-12.849603091203534,140.96548793639118,-12.863811811854816,134.1844658892993,-17.980856086783774,126.47896861782107,-34.45617400584243,117.23995000990692,-56.540588477417685,106.99510842757417,-74.49539626863944,75.8129172694396,-65.92550263219815,72.02001386344762,-50.12305998686983,73.94279634014867,-31.955661465967893,77.42244677348867,-26.662771062904795,81.71917708882216,13.672016682556261,86.15846430727066,19.025150029232037,89.65558386527323,18.361682891657296,92.41314210837072,32.294875986493196,94.44026697983787,38.62352921170299,90.64657578041329,53.44813432584979,91.05325106917536,60.54510004121542,85.2623278799312,68.75649391809921
146.6057407132198,-12.54201064776501,141.88899530186927,-12.526009224170679,134.81917640211407,-17.28757523853696,127.06719311053922,-33.594507965488305,118.13027578104288,-56.160042771625825,108.17995852390499,-74.37358246488085,76.31802566151572,-66.79774564160388,72.03219339438726,-51.11763673398033,73.92704966843814,-32.89978317745462,77.34622923544833,-27.68406282125153,81.98766298979791,12.948488338817725,86.32447999568603,18.2176202479545,89.64744460445365,17.41464859308519,92.67280596210134,31.4106438302299,94.96695533934565,37.742154410374724,91.40488503614603,52.81633895384397,91.99613409435727,60.026195263123185,86.19015978117864,68.395757001801
147.56836474193938,-12.232981218734409,142.81230627243502,-12.187143092775102,135.4479510364369,-16.58904630630579,127.65009061332262,-32.7212234025279,118.98895100035412,-55.75063134578582,109.37778041753359,-74.21075403806086,76.83295521484547,-67.646082405682,72.04539866791316,-52.11236027927927,73.91724856488099,-33.84224387789166,77.26033480801493,-28.705329329849604,82.23224576057055,12.221460365940032,86.45101051638892,17.405681734269308,89.63757798084617,16.464733507575403,92.92425027744378,30.515277371345718,95.48319931262733,36.850512649339805,92.14916681816061,52.16651673311529,92.92900595864324,59.48899980063143,87.09910910041668,68.01496305067096
148.5308693541698,-11.922368371758807,143.73539851482917,-11.84716305597155,136.07193578730204,-15.885961789562032,128.22809564104926,-31.837417291919138,119.81366620991804,-55.31223403328781,110.58515880169904,-74.00791455533536,77.35610010376638,-68.46901488375292,72.05963279226614,-53.10719559397168,73.91378072819725,-34.78298064915688,77.16556022754611,-29.72659800898097,82.45121210135477,11.490888197450573,86.53651205346097,16.589619827586773,89.62601089086178,15.512199538122587,93.16592573933087,29.609804304930748,95.98578454229335,35.94930415065065,92.87757178121899,51.499190991465525,93.84916165341906,58.93357886196719,87.98759769935378,67.61441573673727
149.4931465286728,-11.6100256744852,144.65824969579256,-11.506018752063511,136.69227664974358,-15.17901418777754,128.801642708597,-30.9441866086201,120.60211195181188,-54.84473066752204,111.79867836964058,-73.76606758386052,77.88585450261593,-69.26504503513686,72.07489887568727,-54.10210764926276,73.91671188283823,-35.721985524812595,77.06270223039951,-30.747896278927527,82.64284871236532,10.756727266876766,86.58668152301635,15.769716079985443,89.61277023091117,14.557308587721394,93.39628303269535,28.695252326075206,96.47149667095402,35.03922913635978,93.58825058008318,50.81488505669657,94.75389617007045,58.35999765535749,88.85404743969809,67.19441873202814
150.4550882442104,-11.295806694560667,145.58083748206593,-11.163659819354507,137.31011961879562,-14.468896000424195,129.37116633084383,-30.042628327588744,121.35246094094731,-54.34800154166035,113.0149238145973,-73.4862166907923,78.42061258573148,-70.0326748191541,72.09120002641748,-55.097061416357604,73.92569000791673,-36.65948787580416,76.95255755293272,-31.769251559971195,82.80544229381678,10.018933007746028,86.63207167073926,14.946191810099833,89.59788289740527,13.600322559366447,93.61377284246998,27.772649129869222,96.93712134121978,34.12098782851973,94.27935386951509,50.11412225661019,95.64050449998314,57.768321389029325,89.69688018315799,66.75527570857179
151.41658647954438,-10.979564999632174,146.50313954039,-10.820035896148056,137.9266106894924,-13.756299726973793,129.93710102266766,-29.13383942378306,122.09388036394324,-53.82218415137592,114.23047982980842,-73.16936544328692,78.95899193705765,-70.77040632544495,72.10853935269779,-56.09202186646124,73.9405120452879,-37.5957811340638,76.83592293150349,-32.79069127239387,82.93727954592384,9.277460853585808,86.67627344144404,14.119220075686371,89.58137578675479,12.641503356052397,93.81684585358755,26.843022411402927,97.37944419570101,33.195280449182945,94.94903230427673,49.397425919008214,96.50628163454292,57.1586152712097,90.51451779144162,66.29729033839641
152.37753321343666,-10.6611541573468,147.4251335375056,-10.475096620747678,138.54289585686809,-13.041917866898245,130.49988129894638,-28.218916872161117,122.84308055897088,-53.26810087545485,115.44193110851302,-72.81651740850029,79.54300466619787,-71.47711653892955,72.12691996276908,-57.08695397077881,73.96097509413505,-38.53115873251639,76.71359510246941,-33.81224283647745,83.0366471689012,8.532266237923523,86.71927097330803,13.28897257860595,89.56327579537066,11.681112880773952,94.00395275098077,25.907399865766536,97.79525087700802,32.26280722040198,95.59543653913005,48.665319371692476,97.34852256513551,56.53094451012569,91.30748384171937,65.82076639609542
153.33782042464907,-10.34042773535154,148.34679714015346,-10.128791631456863,139.16012111595677,-12.326442919669319,131.05994167455793,-27.29895764768085,123.59789962627065,-52.68668684186312,116.64586234395034,-72.4286761535885,80.2002607086265,-72.15287927615569,72.1463449648723,-58.08182270051546,73.98687625364141,-39.46591410408692,76.58637080218807,-34.83393367250389,83.11580048325152,7.783333616740094,86.76104840450859,12.455621020719406,89.54360981966363,10.719413036525651,94.17354421958248,24.96680918805012,98.18132702775131,31.324268364229255,96.21671722883707,47.918325942464804,98.16452228314671,55.88537431400428,92.11248505541857,65.32601744501952
154.29734009194357,-10.017239301293472,149.2681080150744,-9.781070566579103,139.77943246179268,-11.610567384758895,131.61771666438034,-26.375058725300278,124.35617566608283,-52.078877178566785,117.83885822935952,-72.00684524570764,80.92426426732288,-72.79800667321692,72.1668174672485,-59.07659302687628,74.01801262299023,-40.40034068170044,76.45504676701722,-35.855791200755135,83.19295593183801,7.030794977348108,86.80158987322312,11.619337103887716,89.52240475604458,9.756665726302202,94.32407094432534,24.02227807334387,98.53445829054112,30.380364102717323,96.8110250281598,47.15696895912697,98.95157577996224,55.22196989107249,92.94075988739581,64.81337479125924
155.25598419408198,-9.691442422819563,150.18904382900917,-9.431883064417917,140.40197588940993,-10.894983761638798,132.17364078329143,-25.448317079977443,125.11574677864786,-51.445607013532,119.01750345797961,-71.55202825201374,81.70851954526631,-73.41281086620668,72.1883405781386,-60.07122992106636,74.05418130136468,-41.33473189828183,76.32041973331445,-36.877842841513,83.26816941173922,6.274829069707124,86.84087951762893,10.780292529971717,89.49968750092427,8.793132853098228,94.45398361014225,23.07483421673797,98.85143030798793,29.431794657918687,97.37651059186015,46.38177174948083,99.70697804696789,54.54079644955732,93.78880921450514,64.28317161288982
156.21364470982616,-9.362890667576892,151.10958224869847,-9.081178763276824,141.02889739384267,-10.18038454978091,132.72814854616922,-24.519829686670306,125.87445106420597,-50.78781147472469,120.17838272304994,-71.0652287396629,82.54653074543603,-73.99760399121848,72.21091740578356,-61.065698354290845,74.09517938794812,-42.26938118675602,76.18328643743746,-37.900116015059524,83.34139409823285,5.515614662550945,86.87890147590338,9.93865900083236,89.47548495071356,7.829076319908381,94.56173290196585,22.12550531332252,99.12902872270206,28.47926025188579,97.91132457470007,45.593257641328194,100.42802407554933,53.841919197685826,94.65313391360058,63.735741087986526
157.17021361793803,-9.031437603212481,152.02970094088317,-8.728907301459316,141.66134297012508,-9.467462248657029,133.28167446789155,-23.590693520336913,126.63012662299758,-50.10642569011097,121.31808071780955,-70.5474502758112,83.43180207081127,-74.55269818434576,72.24415031005321,-62.05992130856285,74.14080398192368,-43.204581980048005,76.04444361574383,-38.92263814167646,83.41258316659639,4.753330524613403,86.91563988622386,9.094608218330535,89.44982400182329,6.864758029727341,94.645769504729,21.17531905818771,99.36403917729388,27.523461106671192,98.41361763144164,44.79194996247088,101.1120088570924,53.12540334368501,95.53023486153614,63.17141639462457
158.12558289717947,-8.696936797373326,152.94937757230406,-8.37501831726891,142.3004586132913,-8.756909357739005,133.83465306333636,-22.662005555935195,127.38061155526299,-49.40238478765693,122.43318213549765,-69.99969642761462,84.35783772437145,-75.07840558168212,72.3494234369403,-63.05273960833253,74.1908521824746,-44.14062771108277,75.90468800459121,-39.9454366416459,83.48168979210755,3.988155424628303,86.95107888676773,8.248311884327109,89.42273155066425,5.900439885549673,94.70454410336447,20.22530314642364,99.55324731437383,26.565097444327336,98.88154041684675,43.978372040710724,101.75622738298279,52.391314095781865,96.41661293516586,62.59053071087925
159.07964452631234,-8.359241817706504,153.86858980970186,-8.0194614490091,142.94739031837554,-8.049418376498693,134.38751884738167,-21.734862768423227,128.12374396124255,-48.67662389532856,123.52027166935335,-69.42297076222926,85.31814190909574,-75.57503831932101,72.53300480119015,-64.04184300516911,74.24512108878423,-45.0778118127852,75.76481634033729,-40.968538935249654,83.54866715004385,3.220268131329476,86.9852026157123,7.3999417006830015,89.39423449364733,4.936383790370087,94.73650738280492,19.276485273120528,99.69343877655228,25.60486948690675,99.31475259141143,43.15304761049859,102.35797464460626,51.639716662203455,97.30876901134366,61.99341721482577
160.03229048409855,-8.018206231859011,154.7873153198173,-7.662186334983403,143.60328408041187,-7.345681804407917,134.94070633490537,-20.810362132758968,128.85736194117663,-47.93007814109191,124.57593401261585,-68.81827684681119,86.3062188279635,-76.04290853335587,72.78930545056147,-65.02486546191605,74.30340780003576,-46.01642771808034,75.62562535933967,-41.99197244276965,83.61346841568297,2.449847413450783,87.01799521123496,6.549669369259107,89.36435972718323,3.9728516471831767,94.74071084016248,18.32988333457712,99.78139920643957,24.64347745646191,99.74247866519096,42.31654589652982,102.91454563334861,50.870676251176775,98.20320396692358,61.38040908453942
160.98341274929993,-7.673683607477898,155.7055317693912,-7.303142613495311,144.26928589443457,-6.646392140938559,135.49465004078542,-19.889600623900463,129.5793035953056,-47.16368265291314,125.59675385852432,-68.1866182485164,87.31557268395397,-76.48232835988026,73.11273643281282,-65.99944094141662,74.36550941541236,-46.95676885989306,75.48791179795609,-43.01576458448781,83.67604676430244,1.6770720397260277,87.04944081151302,5.697666591916317,89.33313414768287,3.0101053589836226,94.72265725932982,17.386070112130398,99.8139142466461,23.68162157504534,100.17443635856802,41.469522541868116,103.42323534059557,50.084258070928826,99.09641867875968,60.75183949809542
161.9329033006784,-7.325527512210186,156.62321682516432,-6.942279922848371,144.94654175547765,-5.952241885562415,136.04978447989964,-18.973675216805702,130.28740702386972,-46.37837255875817,126.57931590031785,-67.52899853450108,88.33970768004644,-76.89360993498755,73.49770879570303,-66.96320340651405,74.4312230340974,-47.89912867114836,75.35247239254409,-44.039942780686005,83.73635537117991,0.9021207788890706,87.07952355472395,4.844105070515553,89.30058465155707,2.0484068287661046,94.68473722574305,16.445000023735616,99.79864242404085,22.719900883902113,100.60777785470748,40.61264285427896,103.88133875773286,49.28052732968669,99.98491402370587,60.10804163356906
162.8806541169958,-6.9735915137029,157.54034815387746,-6.5795479013460465,145.63619765857538,-5.263923537751339,136.60654416712612,-18.063682886432673,130.97951032710932,-45.57508298659317,127.52020483123562,-66.84642127192123,89.37212801922021,-77.27706539477137,73.93863358699065,-67.91378682005174,74.500345755274,-48.84380058477123,75.22010387946136,-45.06453445164627,83.79434741159298,0.12517239967365867,87.10822757904504,3.9891565069176806,89.2667381352166,1.0880179595251889,94.62782392833498,15.506581860727977,99.74954618569467,21.75842481422896,101.03965533677399,39.74657214152788,104.28615087614628,48.459549235677315,100.8651908786162,59.449348669035544
163.82655717701408,-6.61772917960306,158.45690342227135,-6.214896187291856,146.33935542531248,-4.582129582899881,137.16536361734268,-17.160720607739364,131.65345160526488,-44.75474906438407,128.41600534451686,-66.13989002793286,90.40633790445452,-77.63300687532515,74.42992185443444,-68.84882514487296,74.57267467812551,-49.791078033686546,75.0916029950655,-46.08956701765035,83.84997606081919,-0.6535943291862907,87.13553702265358,3.13299260298362,89.23162149507232,0.1292006542555555,94.55279055603836,14.570724414442708,99.66875883864475,20.797154901919384,101.46722098793242,38.871975711380315,104.6349666872216,47.62138899712775,101.73375012034472,58.77609378257017
164.77050445949504,-6.257794077557747,159.3728602970868,-5.848274418989291,147.0511909852358,-3.9075308224949765,137.72590007843036,-16.265875333858105,132.30706895857662,-43.91830592009708,129.26330213340066,-65.41040836969208,91.43584153872871,-77.96174651274234,74.96598464579307,-69.76595234382106,74.64800690183506,-50.741254450819355,74.96776647571426,-47.11506789898036,83.90319449413619,-1.4340006389570306,87.16143602372705,2.2757850605742647,89.19526162753499,-0.827783184048144,94.46051029778602,13.63733647621504,99.55836754242443,19.836052651606906,101.88762699134753,37.98951887160183,104.94608694752213,46.766183426087224,102.58709262574536,58.08861015224815
165.7123879432006,-5.893639775213927,160.28819644506456,-5.479632234741899,147.7679465226782,-3.240732620408238,138.27774422551704,-15.379553960355992,132.93820048728492,-43.06668868169808,130.0586798911262,-64.6589798643549,92.45414312502209,-78.26359644311648,75.5412330088252,-70.6628023797393,74.726139525586,-51.694623269094535,74.84494386746559,-48.14105649337844,83.95395588682163,-2.2158677609046435,87.18590872044274,1.417705581550507,89.15768542901554,-1.7826716523912864,94.35185634251076,12.706326837380203,99.42045945656696,18.875079567924985,102.29802553018396,37.0998669299579,105.25415213421371,45.89452441535727,103.42171927167215,57.38723095614475
166.6520996068926,-5.52511984021865,161.2028501732716,-5.1089278564599,148.4897631638326,-2.5823280452735844,138.81853867889367,-14.501061332322195,133.54468429163012,-42.200832477153284,130.79872331093264,-63.88660807907749,93.45474686631383,-78.53886880254109,76.15007799128944,-71.53700921547104,74.80686964856147,-52.65147792143708,74.7100084242656,-49.167460303516435,84.00221341415306,-2.9990169262953543,87.20893925097806,0.5589258677732687,89.11743500580701,-2.7352041224422123,94.22770187914534,11.777604289273455,99.25712174060567,17.91419715550714,102.69556878760665,36.203685194214046,105.5581247276632,45.00718205120003,104.23413093497908,56.67228937233523
167.58953142933296,-5.152087840218968,162.11665298144032,-4.736261082139833,149.21678203489188,-1.9329101657248486,139.34961351888177,-13.629601658816284,134.12435847185253,-41.32167243442868,131.50553310787194,-63.094261551214316,94.43115696558334,-78.7878757271096,76.7869306409446,-72.3862068138595,74.88999436994482,-53.61211184077197,74.5633764017096,-50.194148187616435,84.04792025140807,-3.783269366395359,87.23051175351031,-0.30038237889658603,89.04638198834891,-3.6852527229260943,94.08892009662259,10.851077623229969,99.07044155407385,16.953366918986802,103.07740894678017,35.30163897213572,105.85629294971022,44.10492683518302,105.0208284925202,55.9441185788948
168.5245753892836,-4.774397342861903,163.02963269383565,-4.361847832683424,149.94914426204878,-1.2930720503959776,139.8722988258029,-12.764379148898058,134.67506112819257,-40.43014368149031,132.22381199311445,-62.28267070955869,95.39681054751367,-79.01089080354618,77.44620200554925,-73.20802913774813,74.97531078891922,-54.5768184600241,74.40654837879009,-51.22098805496623,84.09102957386426,-4.568446312470769,87.25061036621685,-1.1600474565981358,88.93693802756303,-4.632936603689245,93.9363841838753,9.926655630585003,98.86250605650474,15.992550362997491,103.44069819086945,34.39439357148845,106.14694502219442,43.188529268873765,105.77831282114948,55.20305175389876
169.4571234655063,-4.391901915794449,163.94184069953826,-3.985907459200149,150.6869909714962,-0.6634067679208329,140.38792467997848,-11.904598011627144,135.19463036089053,-39.52718134630422,132.95130234146978,-61.45246688461182,96.38619325617833,-79.20791756820827,78.12230313286216,-74.00011014998015,75.06261600466786,-55.545891212118505,74.24102493449936,-52.247847814853486,84.13149455679928,-5.354368995787809,87.26921922727507,-2.0198976634704877,88.79323005333652,-5.578401842706825,93.77096732983625,9.004247102673787,98.63540240743174,15.031708992172668,103.78258870303921,33.48261430003774,106.4283691669554,42.25875985383988,106.50308479772093,54.44942207542235
170.38706763676305,-4.004455126663686,164.85332838762895,-3.6086593127995457,151.43046328942688,-0.04450738693330436,140.89782116173012,-11.049462456063253,135.68090427018672,-38.61372055683651,133.68461889560382,-60.604281081371,97.39771428035857,-79.37884409744893,78.80964507064198,-74.7600838133989,75.1517071163741,-56.519623529980066,74.06830664782984,-53.274595376566,84.16926837549073,-6.140858647612646,87.28632247486229,-2.879761297652749,88.61938499555663,-6.521794517953964,93.59354272343819,8.083760830831523,98.39121776638808,14.070804311145821,104.10023266645413,32.566966465549086,106.69885360583277,41.31638909164883,107.19164529908858,53.683562721540795
171.3142998818156,-3.611910543116636,165.7641471471884,-3.230322744591092,152.1797023420338,0.5630330239326611,141.4033183513793,-10.198176691266099,136.13172095632154,-37.69069644105318,134.42037639818244,-59.73874430483326,98.42880158969643,-79.52355803238393,79.50263886664732,-75.4855840908476,75.24238122322117,-57.498308846533774,73.88989409777383,-54.30109864939149,84.20430420521615,-6.927736499211392,87.3019042471559,-3.739466657283998,88.41952978411052,-7.463260707405766,93.40498355361404,7.165105606393496,98.13203929290705,13.10979782455047,104.39078226427904,31.648115375787995,106.95668656066613,40.36218748386827,107.84049520210635,52.90580687032937
172.23871217942587,-3.214121732800294,166.67434836729723,-2.851117105684324,152.93484925550973,1.1586213960432303,141.90574632924768,-9.349944926295336,136.54491851953537,-36.75904412692037,135.15518959187148,-58.85648755999571,99.47688315383385,-79.6419470141291,80.19569556863689,-76.1742449451697,75.33443542439221,-58.48224059470462,73.70728786332381,-55.327225542617754,84.23655522125324,-7.714823781850299,87.31594868233327,-4.598842040503342,88.19779134888552,-8.402946489037362,93.20616300929652,6.24819022069488,97.85995414652194,12.148651037020016,104.65138967967874,30.726726338519967,107.20015625329518,39.39692553206564,108.44613538362836,52.11648769986334
173.1601965083558,-2.81094226336171,167.5839834370363,-2.4712617471887484,153.69604515604755,1.7416646607644566,142.40643517565667,-8.503971370210678,136.91833506006844,-35.81969874240403,135.8856732193368,-57.95814185185546,100.53938694241282,-79.73389868380028,80.88322622436948,-76.82370033920844,75.42766681907057,-59.47171220741754,73.52198852347209,-56.352843965532514,84.2659745988795,-8.50194172679548,87.32843991857169,-5.457715745449946,87.95829661976865,-9.340997940823854,92.99795427941837,5.332923465070934,97.57704948676604,11.187325453188038,104.87920709581789,29.803464661510475,107.42755090555954,38.42137373780855,109.00506672050858,51.315938388217916
174.0786448473673,-2.4022257024479075,168.49310374548622,-2.0909760202138443,154.46343116984002,2.3115697494625067,142.9067149709278,-7.65946023207178,137.24980867816117,-34.87359541547025,136.60844202324432,-57.04433818540966,101.61374092507515,-79.79930068251323,81.55964188160362,-77.4315842358071,75.52187250643937,-60.46701711759741,73.33549665721102,-57.3778218274235,84.29251551337256,-9.288911565313157,87.33936209404862,-6.31591607026283,87.70517252664729,-10.277561140740374,92.78123055291246,4.419214130856858,97.2854124731727,10.225782577687937,105.07138669586135,28.87899565252502,107.63715873929874,37.43630260266451,109.51379008960095,50.50449211346836
174.9950905308749,-1.9878318225971157,169.40176068172775,-1.7104792758691474,155.23714842308004,2.867743593503434,143.40791579538268,-6.8156157209384105,137.53717747405392,-33.92166927408513,137.32011074625984,-56.115707565655356,102.69737307146289,-79.83804065138386,82.24664913454626,-77.99580222222542,75.61684958568202,-61.46844875816933,73.14931284353298,-58.402027037578506,84.3161311400101,-10.075554528669471,87.34869934694137,-7.1732713130811305,87.44254599940854,-11.212782166762082,92.55686501871162,3.506971009387911,96.98713026527514,9.263983915153233,105.22508066297388,27.953984619329134,107.82726797635246,36.442482628201105,109.9688063677595,49.68248205368994
175.91112863558317,-1.5676576142715533,170.3100056348415,-1.3299908652641932,156.01733804196044,3.409593124253348,143.91136772934277,-5.9716420458701975,137.77827954798693,-32.9648554462147,138.01729413104925,-55.17288099758977,103.78771135121792,-79.85000623152794,82.9943565525993,-78.51624349315753,75.7123951559816,-62.47630056205813,72.96493766143038,-59.425327505285196,84.33677465406964,-10.861691848130562,87.35643581542723,-8.029609772043926,87.17454396793966,-12.146807096864023,92.32573086574854,2.596102891999294,96.68429002260672,8.301890970217443,105.33744118032018,27.029096869688317,107.99616683856033,35.44068431598589,110.36661643183828,48.85024138695789
176.82638654154346,-1.1416138813938517,171.21788999390827,-0.9497301395084321,156.80414115267405,3.9365252730783595,144.41840085312964,-5.126743415926853,137.97095300020067,-32.00408905982502,138.69660692027838,-54.216489486209895,104.88218373398223,-79.8350850640613,83.79900814023273,-78.99367704800542,75.80830653288638,-63.490865961569995,72.78387168989559,-60.44759113983136,84.35439923082879,-11.647144754962682,87.36255563768367,-8.884759745290324,86.90529336212785,-13.079782009021386,92.0887012829561,1.6865185700262373,96.37897890470066,7.339465247513999,105.40562043106502,26.104997711368043,108.14214354776198,34.43167816758637,110.70372115869128,48.00810329134748
177.74046358242208,-0.709611450682246,172.1254651480088,-0.5699164497114282,157.5976988814137,4.4479469713446065,144.93034524706474,-4.280124040168062,138.1243734885549,-31.040248195688548,139.35466385661312,-53.247164036512885,105.97821818939775,-79.79316479009984,84.65522150073002,-79.42887584169122,75.90644617448339,-64.51193046264504,72.60761550792097,-61.468685850504784,84.3689580455652,-12.431734480431942,87.36704295188798,-9.738549530959489,86.63892111186027,-14.011852981209245,91.84664945926704,0.7781268348039987,96.07328407109031,6.376668251676392,105.42674688563568,25.1823524141995,108.26348632579698,33.4162346845701,110.97662142517248,47.15640094493395
178.65295909188512,-0.27156114885505644,173.0327824862237,-0.19076914698266023,158.39815235437226,4.943265150418142,145.44853099146974,-3.430988127653535,138.27201034729558,-30.07357958637087,139.98807968271933,-52.2655356534959,107.07324268710647,-79.7241330507592,85.55761423737454,-79.82261282913723,76.0092596135853,-65.53731260378552,72.43766969449894,-62.4884795465932,84.3804042735564,-13.215282255804567,87.36988189621752,-10.590807427190441,86.37955414702418,-14.943166091402759,91.60044858361414,-0.12916352233222028,95.76929268130897,5.413461487338083,105.39345193367518,24.261670339116876,108.35848339450501,32.39512436850467,111.18181810813587,46.29546752579253
179.563472403599,0.1726261973694534,173.93989339763374,0.18749241756836454,159.20564269774252,5.4218867416651335,145.97428816666604,-2.578539887442929,138.41520971807125,-29.103937262772547,140.59346914126286,-51.272235342155994,108.16468519675021,-79.62787748715536,86.50080395344969,-80.17566096526545,76.11753789622588,-66.5643548536535,72.2755348286218,-63.50684013738433,84.3886910900801,-13.997609312346668,87.3710566088497,-11.441361732122317,86.13131939750679,-15.87386741757706,91.35097184493026,-1.0354437100472182,95.46909189488991,4.449806459132617,105.30497050143202,23.342949642642168,108.42542297572567,31.369117720957576,111.31581208443555,45.425636211998466
180.4716028512297,0.6230397612729917,174.84684927131957,0.5646488928321389,160.02031103771736,5.883218676451605,146.50894685297527,-1.7219835285959846,138.55283191002803,-28.131169337323882,141.16744697490958,-50.26789410749038,109.24997368797102,-79.50428574040413,87.47940825223895,-80.48879320499819,76.23207206843921,-67.59039968091108,72.12271148928193,-64.52363553216586,84.3937716704138,-14.778536881324413,87.36213566528596,-12.290040743894195,85.8983437931953,-16.804103037707193,91.09909243214821,-1.9408049370056801,95.17476887136644,3.4856646716934563,105.16634679708841,22.426083867517548,108.46259329129856,30.338985243496438,111.37510423092539,44.5472401816271
181.37694976844364,1.0797687161372949,175.75370149636205,0.9404809276991273,160.84229850048956,6.326667886143724,147.05383713071893,-0.8605232601723571,138.68373723231184,-27.15512392245509,141.70662792632533,-49.25314295449604,110.32653613041083,-79.35324545162123,88.48804473702569,-80.76278250325757,76.353653176259,-68.61278955422031,71.98070025547173,-65.53873364022567,84.39559918983514,-15.557886194004055,87.32614272136203,-13.136672760645212,85.68475426397691,-17.734019029768348,90.8456835342007,-2.8453384118724614,94.88841077027178,2.5209976296540333,104.98262502882636,21.51096655648513,108.46919542647521,29.30549743768873,111.37779453103605,43.66061261275357
182.279112488907,1.542902235244071,176.6605014618417,1.3147691710598508,161.67174621225206,6.7516413021076005,147.61028908021848,0.006636708768269273,138.80678599406872,-26.17564913059644,142.20762673817603,-48.22861288817015,111.39180049371157,-79.17464426192257,89.52133101109342,-80.99840181496577,76.48307226571927,-69.62886694224332,71.85100170618358,-66.55200237085145,84.38399008570656,-16.335478481651705,87.26332519919237,-13.981086080514473,85.49467773973879,-18.663761471735654,90.59161834002055,-3.749135343312304,94.61210475113933,1.5557668376478944,104.75884940482808,20.597491252287057,108.45656644724107,28.269424805102005,111.37708657809435,42.76608668345318
183.177690346286,2.0125294918750853,177.5673005568393,1.6872942718047739,162.50879529919763,7.157545855709287,148.17963278179553,0.8802921691661822,138.92083850444465,-25.192593074178234,142.66705815312747,-47.1949349135098,112.44319474751524,-78.96836981242396,90.57388467772546,-81.19642409504493,76.62112038285392,-70.63597431364215,71.73511642040984,-67.56330963333093,84.34680021463328,-17.11113497553356,87.17446565948683,-14.82310900164103,85.33224115036825,-19.593476441584187,90.33777003854061,-4.6522869399899776,94.34793797350238,0.5899338003084722,104.50006413327566,19.6855514976655,108.42844161847364,27.231537847303855,111.37485273928797,41.86399557180118
184.07228267424682,2.488739659311989,178.47415017043568,2.0578368788243893,163.35358597330242,7.543788478314951,148.76286342612292,1.761230895478434,139.02475507258566,-24.205803865630713,143.08153691384558,-46.15274003551215,113.47814686146364,-78.73430974424119,91.64032334020527,-81.35762229841723,76.76858857369677,-71.63145413707892,71.63454497714292,-68.57252333695189,84.2847209032044,-17.884676906915757,87.06034666295517,-15.662569822164045,85.20157142575238,-20.523310017289106,90.0850118186936,-5.554884410570281,94.09799759689412,-0.37653997773071524,104.21131342235117,18.77504083536263,108.38465247377519,26.192607065861807,111.37021399775392,40.95467245587278
184.96248880645578,2.9716219108365465,179.38110169171136,2.4261776410091898,164.20578350484624,7.909776101290646,149.35132690406897,2.6487499808257837,139.1173960076378,-23.21512961738415,143.44767776299614,-45.10265925917432,114.49408480519878,-78.47235169849009,92.71526460181627,-81.4827693800049,76.9262678842818,-72.61264888121562,71.55078795537514,-69.579511391002,84.19847976753937,-18.655925507064495,86.92175077030709,-16.49929684022254,85.10679549577844,-21.453408276825485,89.83421686941239,-6.457018963717928,93.86437078084793,-1.34369299183615,103.8976414802367,17.865852808120593,108.32503054674788,25.15340296234342,111.3622913366292,40.03845051374333
185.84790807657907,3.4612654197304664,180.28820650974717,2.7920972072496966,165.06502958578227,8.254915656002481,149.94193157089398,3.5389177390485145,139.19762161874706,-22.220418441868787,143.76209544324513,-44.045323589493336,115.4884365483627,-78.18238331628649,93.79332606584194,-81.57263829473007,77.09494936064289,-73.57690101471442,71.48534593409886,-70.58414170476917,84.08880442375772,-19.42470200724597,86.75946054225233,-17.33311835395571,85.0476901300334,-22.383917298168512,89.58625837962973,-7.358781808097746,93.64914468489712,-2.311563737374456,103.5640925151144,16.95788095868153,108.2494073709941,24.114696038316225,111.35020573905075,39.115662923487974
186.7281398182829,3.9577593592754567,181.1957610945433,3.1553804212376235,165.93131749873066,8.578614073816595,150.5363240600156,4.4273802761652234,139.2642922150594,-21.221518451514925,144.02140469725828,-42.98136403146637,116.45863006059722,-77.86429223874623,94.86912533556557,-81.62800199751487,77.27542404881393,-74.52155300623738,71.4397194923065,-71.58628218754095,83.95642248797895,-20.19082763872629,86.5742585395007,-18.163862661502577,84.99581341675281,-23.314983159293263,89.34200953827838,-8.260264152374475,93.45440646857486,-3.280190709712059,103.2157107351664,16.05101882978758,108.15761448011608,23.07725679534775,111.33307818815575,38.18664286318199
187.60278336523345,4.461192902753282,182.10850947004724,3.516292946627459,166.80464052631152,8.880278286099099,151.13615100485123,5.309783698194508,139.31626810572084,-20.218277758752834,144.22222026770152,-41.91141159009058,117.40209331154438,-77.51796610698514,95.9372800142707,-81.64963344328154,77.46848299482883,-75.4439473244465,71.41540920899047,-72.58580074860524,83.80206157632261,-20.954123632771683,86.36692732276191,-18.991358061002302,84.9452873259284,-24.246751938174867,89.10234353429121,-9.161557205212915,93.2822432914146,-4.249612404215526,102.85754034857479,15.145159964180891,108.04948340771602,22.041855735005612,111.31002966708104,37.25172351090066
188.47143805109704,4.971655223445623,183.02689423226184,3.876020217898059,167.68499195114504,9.159315224216044,151.74305903881844,6.181774111154965,139.35240959987743,-19.21054447601273,144.36115689724073,-40.836097270362956,118.31625427084606,-77.143292562119,96.99240770524068,-81.63830558695227,77.67491724472148,-76.34142643800399,71.4205286529866,-73.58255359790817,83.62644930490825,-21.714411220648316,86.1382494527457,-19.815432850593965,84.89615947044086,-25.17936971278843,88.86813355660098,-10.062752175277808,93.13474231294953,-5.219867316251367,102.49462556352165,14.240197904603662,107.92484568739627,21.009263358857282,111.28018115896379,36.311238044719204
189.33370320953986,5.489235494634215,183.94910572614344,4.235851410104715,168.57236505585126,9.41513181953357,152.3586947953347,7.038997621065221,139.37157700667518,-18.198166715724938,144.43482932854175,-39.756052077280714,119.1985409081442,-76.74015924526364,98.02912601175899,-81.59479138344912,77.89551784452584,-77.21133281557181,71.5057217101758,-74.5760219415948,83.43031328985535,-22.471511633622328,85.88900749016187,-20.635915328416644,84.84847746317092,-26.112982561109106,88.64025279414045,-10.963940271233952,93.01242939561178,-6.190993941186065,102.13201058818908,13.336026193798006,107.78353285275904,19.98025016847035,111.24265364694094,35.36551964271288
190.18917817422823,6.014022889600739,184.87333429664818,4.59707569830266,169.4667531230503,9.647135003417787,152.9847049078175,7.877100333943872,139.37146519146023,-17.181037828441134,144.4450347938153,-38.67190701584096,120.04638119308072,-76.3084537975349,99.04205253710899,-81.51986378769439,78.13107584027568,-78.05100892581211,71.6749204132438,-75.56524155743679,83.2143811472834,-23.225246102959915,85.61998399572013,-21.452633792609475,84.80228891699926,-27.047736561112004,88.41957443584249,-11.865212701746088,92.89695990330188,-7.1630307743861295,101.77473963075926,12.432538374506095,107.6253764374066,18.955586665412397,111.19656811414944,34.41490148295699
191.03746227882823,6.5461065816269866,185.7977702887323,4.960982257547215,170.36814943536234,9.854731707234805,153.6227360096844,8.691728355809573,139.34456974633952,-16.16044720878105,144.43148307274856,-37.58429309104079,120.85720638510219,-75.84806386004854,100.02580488457409,-81.41429575461015,78.38238227800508,-78.85779723738696,71.92032308076273,-76.54922230804604,82.97938049331202,-23.975435859927245,85.33196153013023,-22.265416541311538,84.7576414448065,-27.983777790772223,88.20697167063986,-12.766660675479017,92.78270157705293,-8.136016311218157,101.42785689941417,11.529627989470043,107.45020797494124,17.936043351250902,111.14104554372648,33.45971674352671
191.87850722820883,7.085575743994639,186.72060404735225,5.328860262893642,171.2765472754075,10.037328862350705,154.2744347343529,9.478527792680865,139.2949346099948,-15.139312106885114,144.40211628493944,-36.49384130787726,121.64383281737514,-75.35887707392047,100.97749768997164,-81.27886023911864,78.65022820374776,-79.62904021895841,72.23412803130475,-77.52697405603456,82.72603894406063,-24.721902135790486,85.02572265410191,-23.07409187266194,84.71458265947336,-28.921252328064952,88.00331768746531,-13.668375401097506,92.66993392934984,-9.1099890470486,101.09640660233606,10.627188581432051,107.25785899896516,16.92239072755345,111.07520691880887,32.50029860249731
192.71480523420394,7.632519549985432,187.64002591746407,5.701998889397174,172.19193992580585,10.194333400131598,154.94144771524043,10.2331447505764,139.22886098389614,-14.120641716558708,144.3556368552516,-35.401182671347584,122.41968787124159,-74.84078108026651,101.91980277196882,-81.11433019614199,78.9457570911573,-80.36208033918857,72.60853358344207,-78.49750666401408,82.45508411564884,-25.464466161815835,84.70204992834499,-23.878488084799784,84.67316017388049,-29.860306250965237,87.80522935391065,-14.5704480872663,92.55893647267743,-10.08498747724397,100.78543294770697,9.725113693134233,107.04816104308071,15.915399295887568,110.99817322253381,31.53698023794405
193.54687883859356,8.187027172881074,188.55422624402422,6.081687312113161,173.11432066917757,10.325152251943592,155.62542158576457,10.951225335514778,139.15265006951353,-13.107445231607187,144.29074720854885,-34.30694818644881,123.18441543532867,-74.29366352020239,102.85941708545874,-80.92147858060238,79.32366493855233,-81.05426006673943,73.03573805574683,-79.45982999459662,82.16724362419609,-26.20294916926943,84.36172591356916,-24.678433475864182,84.63342160090866,-30.80108563744824,87.6064439548976,-15.472969942650224,92.44998871952043,-11.061050097170835,100.499301996302,8.82329686731876,106.82094564089005,14.915839557820817,110.90906543803823,30.57009482794217
194.37467645818583,8.749187785963272,189.46139537198871,6.469214706096807,174.04368278814275,10.4291923491528,156.32800297934273,11.628415653514594,139.0726030683171,-12.102731845835905,144.20614976969495,-33.21176885817806,123.93765939826335,-73.71741203484405,103.79632097036665,-80.701078347422,79.78849613702204,-81.70292187027323,73.50793976679125,-80.41295391039401,81.86324508582192,-26.93717238941744,84.00553317048417,-25.47375634399421,84.5954145534385,-31.74373656548903,87.40690865540722,-16.37603217591399,92.34337018236374,-12.038215402195647,100.22156364977394,7.921631646727803,106.57604432599555,13.924482014920784,110.80700454845913,29.599975550566967
195.19814650978935,9.319090562513765,190.3597236463139,6.865870246403432,174.98001956532153,10.50586062312533,157.05083852939254,12.260361810594475,138.99502118177685,-11.109510753050216,144.10054696355365,-32.11627569153248,124.67906364867287,-73.11191426530715,104.730494766618,-80.45390245152302,80.33631546495548,-82.3054082184519,74.01733703514748,-81.35588827401816,81.54381611664593,-27.66695705352609,83.63425425979983,-26.264284987328978,84.55918664435075,-32.6884051130628,87.20664632213038,-17.2797259957224,92.2393603736922,-13.016521887685002,99.94328721181068,7.020011574103478,106.31328863199946,12.942097168754941,110.69111153693353,28.626955583893647
196.01723741021237,9.896824675814287,191.24740141195605,7.2729431080882705,175.92332428333395,10.554564005227292,157.79557486933146,12.842709912773017,138.9262056113629,-10.130791147055476,143.9726412149888,-31.021099691509136,125.4082720751843,-72.4770578527077,105.66191881413806,-80.18072384782758,80.96318770074163,-82.85906157993762,74.55612817938771,-82.28764294808101,81.2096843327875,-28.39212439286149,83.24867174222578,-27.049847704007618,84.52478548652596,-33.63523735814462,87.00567982175806,-18.184142610740253,92.13823880599051,-13.996008049005354,99.66447359412416,6.118330192187955,106.03251009250391,11.969455520890904,110.56050738659849,27.65136810599745
196.83189757626315,10.482479299146519,192.12261901387149,7.691722466206642,176.8735902248003,10.57470942682474,158.56385863257697,13.371106066068847,138.87245755854514,-9.16958222165701,143.82113494886408,-29.926871863105163,126.12492856642467,-71.81273043816142,106.59057345285214,-79.88231549125791,81.66517762276948,-83.36122442339237,75.11651151808411,-83.20722779519443,80.8615773503663,-29.112495638689865,82.84956817847188,-27.83027279216921,84.49225869284498,-34.584379378709656,86.80403202098114,-19.089373229632287,92.04028499174359,-14.976712381523214,99.38512370842619,5.216481043723377,105.73354024111137,11.007327572896173,110.414313080591,26.673546294953667
197.64207542475015,11.076143605792225,192.98356679701635,8.12349749581378,177.83081067234048,10.56570381928384,159.3575788579298,13.841196376500562,138.84007822479373,-8.228893170660257,143.64473059004325,-28.834223211317664,126.82867701102117,-71.11881966278409,107.51643902268557,-79.55945033673615,82.43835000942795,-83.80923921747834,75.69068536980888,-84.11365267797035,80.50022278550176,-29.827892022277325,82.43772612924784,-28.605388549952835,84.46165387618834,-35.53597725273303,86.60172578649059,-19.995509061063274,91.94577844343621,-15.958673380605177,99.10523846642877,4.314357671451887,105.41621061142394,10.056483826338308,110.25164960204808,25.69382332883751
198.44771937248163,11.677906769033086,193.83169301067642,8.569557371964976,178.79497890857488,10.526954113970703,160.18490617147165,14.24862695008676,138.84301609458396,-7.311733187870516,143.44213056339015,-27.7437847411438,127.51916129760087,-70.39521316769165,108.4394958635636,-79.21290133918447,83.27876963910603,-84.2004484308575,76.27084805313416,-85.00592745902057,80.12634825431337,-30.538134774890096,82.01392815526339,-29.375023275497625,84.43301864943686,-36.4901770581898,86.39878398497729,-20.902641313697956,91.85499867355327,-16.94192954161764,98.82481877984372,3.4118536181156855,105.08035273704394,9.117694782784895,110.07163793410672,24.712532385724273
199.24877783626584,12.287857962150866,194.67239581943,9.03119126971552,179.7660882161233,10.457867242251382,161.04800050774543,14.589043892846064,138.9773767599218,-6.421111467093141,143.21203729376845,-26.656187457580643,128.19602531479092,-69.64179859399982,109.35972431541171,-78.843441453525,84.1825012901927,-84.532194532192,76.84919788663211,-85.8830620009571,79.74068137292079,-31.243045127794346,81.57895681722829,-30.13900526694266,84.40640062547112,-37.447124873055174,86.19522948313215,-21.81086119620116,91.76822519457949,-17.926519359927227,98.54386556038298,2.508862426456858,104.72579815157366,8.191730943803435,109.87339905990393,23.730006643689165
200.0451992329114,12.906086358427274,195.50573446578585,9.509688364120677,180.74413187760626,10.357850135491987,161.94525445404707,14.858093310797074,139.26129162768558,-5.560037202133515,142.95315320604203,-25.5720623656253,128.85891295121831,-68.8584635828245,110.2771047181551,-78.45184363467999,85.14560974107701,-84.80181999014391,77.417933188875,-86.74406616639183,79.3439497574434,-31.942444312256214,81.1335946758523,-30.89716282242705,84.38184741717191,-38.40696677530414,85.99108514764617,-22.720259917237655,91.68573751899976,-18.91248133090042,98.26237971975843,1.6052776392176042,104.3523783886153,7.279362810961487,109.65605396257683,22.746579280807453
200.83693197922628,13.532681131143988,196.33162237926445,10.006337830235708,181.72910317564356,10.226309725058655,162.87506059767253,15.051421309958386,139.68309711122322,-4.7315195867969635,142.66418072507452,-24.4920404702749,129.50746809551026,-68.04509577528145,111.19161741171911,-78.03888083757155,86.16415977014782,-85.00666727337531,77.96980179133391,-87.58794981793656,78.9368810240008,-32.636153559541924,80.67862429184521,-31.649324240089896,84.3594066374198,-39.36984884291198,85.78637384521016,-23.630928685472213,91.60781515929887,-19.89985394990373,97.980362169682,0.7009927991400673,103.95992498177117,6.381360885826609,109.41872362526232,21.7625834751544
201.6239244920191,14.167731453582775,197.14997298938613,10.522428843115875,182.72099539285534,10.062652942317499,163.83581152591785,15.164673996348654,140.2311296238828,-3.93856781488887,142.34382227572985,-23.416752776526522,130.14133463629383,-67.20158281248646,112.10324273602913,-77.60532601712188,87.23421615579423,-85.14407885054825,78.54310652404257,-88.4137228182033,78.52020278871248,-33.32399410091759,80.21482822591668,-32.39531781807031,84.33912589909556,-40.33591715385373,85.5811184425151,-24.542958709569547,91.53473762796165,-20.888675712303666,97.69781382186545,-0.20409855103360997,103.54826946464351,5.498495669966331,109.1605290310975,20.77835240480522
202.40612518809814,14.811326499025341,197.9606997256716,11.05925057781647,183.71980181186188,9.866286718634598,164.82589982607897,15.193497475986447,140.89372557901243,-3.1841910802146174,141.99078028287164,-22.34683028937738,130.7601564621961,-66.32781233555548,113.0119610310104,-77.15195212825321,88.35184367640511,-85.21139719032479,79.1618959933906,-89.22039502980388,78.09464266769794,-34.0057871676494,79.74298903877656,-33.13497185450737,84.32105281507984,-41.305317786104496,85.37534180625198,-25.456441198194483,91.46678443747294,-21.87898511346674,97.41473558802085,-1.1101028685612562,103.11724337083461,4.631537664948269,108.88059116321926,19.79421924783523
203.18348248427162,15.463555440753396,198.76371601764106,11.618092209392785,184.72551571528322,9.636617985376063,165.84371808545183,15.133537854890392,141.65922138996018,-2.471398576579503,141.60375717136372,-21.282904013824464,131.36357746184422,-65.42367198560422,113.91775263658826,-76.67953212588756,89.5131071103695,-85.20596476136708,79.82174888379325,-90.00697631535022,77.66092827707678,-34.68135399100359,79.26388929113449,-33.86811464754024,84.3052349982533,-42.27819681763944,85.16906680311155,-26.371467360011792,91.40423510031752,-22.87082064875952,97.13112837986,-2.017126610700757,102.66667823394675,3.7812573723398657,108.5780310047648,18.810517182319614
203.95594479734802,16.124507452048704,199.55893529481511,12.200242912900052,185.7381303857395,9.373053673908004,166.88765889133242,14.980441239079084,142.515953470074,-1.8031994977889383,141.18145536606988,-20.225604954864963,131.9512415238653,-64.48904940374857,114.82059789268806,-76.18883896494728,90.71407123607634,-85.12512403233714,80.51824387966565,-90.7724765374542,77.21978723296843,-35.350515802246235,78.77831154370034,-34.59457449530791,84.29172006149668,-43.25470032643372,84.9623162997849,-27.288128403686244,91.34736912898018,-23.864220813548457,96.8469931090948,-2.9252762347099406,102.19640558758215,2.9484252937087376,108.25196953887098,17.82757938633364
204.7234605441356,16.794271706192944,200.34627098671422,12.806991863393591,186.7576391058509,9.07500071559653,167.9561148310168,14.729853734571122,143.45225823270204,-1.1826030376482208,140.72257729185384,-19.175564117495952,132.52279253688636,-63.52383223110425,115.72047713923513,-75.68064560035438,91.95080083191465,-84.96621747189712,81.24695966542293,-91.51590555872778,76.77194715149244,-36.013093832643534,78.28703835718375,-35.314179695949605,84.28055561769065,-44.23497439046233,84.75511316296286,-28.20651553788261,91.29646603594585,-24.85922410320012,96.56233068743717,-3.8346581978466645,101.70625696534307,2.1338119306224144,107.90152774867488,16.84573903795257
205.48597814144273,17.472937376467826,201.1256365228587,13.439628235928666,187.78403515823743,8.741866041807725,169.0474784918008,14.377421447385132,144.45647209119232,-0.612618389962762,140.22582537357937,-18.133412506714564,133.0778743895346,-62.527908108787216,116.61737071615477,-75.15572498703116,93.21936067627337,-84.72658754870898,82.0034749254803,-92.23627324178275,76.31813564876836,-36.66890931346174,77.79085229229457,-36.02675854760432,84.27178927971585,-45.21916508770053,84.54748025933634,-29.12671997126563,91.25180533369928,-25.85586901308099,96.277142026599,-4.745378957368757,101.19606390083175,1.3381877846484542,107.5258266173135,15.865329315251671
206.24344600607776,18.160593636155085,201.89694533276918,14.099441205560481,188.81731182551925,8.373056583907726,170.16014246098052,13.918790483539766,145.51693145889288,-0.09625474853791616,139.6899020361103,-17.0997811275179,133.61613097043704,-61.50116467791324,117.51125896337226,-74.6148500798997,94.51581554754148,-84.40357673143492,82.78336834425289,-92.93258944923113,75.85908034091574,-37.31778347596688,77.29053590974246,-36.73213934841121,84.265468660453,-46.207418496123324,84.33944045559633,-30.048832912500103,91.21366653472523,-26.85419403855761,95.99142803829216,-5.6575449705340475,100.66565792765056,0.5623233573544155,107.12398712792384,14.886683396306182
206.99581255484895,18.857329658536486,202.66011084596607,14.787719947344414,189.85746239031653,7.967979273262586,171.29249932585185,13.349606949053538,146.62197274915184,0.36347869282099055,139.11350970431033,-16.075300984903095,134.13720616822087,-60.44348957959809,118.40212222081306,-74.05879383388222,95.83623022410802,-83.99452748873696,83.58221860615589,-93.60386404368475,75.395508844054,-37.95953755142526,76.78687177023727,-37.43015039650939,84.26164137278283,-47.19988069370592,84.1310166184337,-30.9729455702508,91.18232915150867,-27.854237674996483,95.70518963422859,-6.571262694600421,100.11487057940167,-0.19301084969220028,106.69513026364297,13.910134459191312
207.74302620456467,19.56323461689368,203.41504649196975,15.505753636335697,190.9044801352493,7.5260410412384715,172.44294167371083,12.665516949945129,147.75993237531713,0.7635727403085752,138.4953508030432,-15.06060308386725,134.6407438715131,-59.35477045495762,119.28994082840234,-73.48832920390092,97.17666948436187,-83.49678228927715,84.39560439560444,-94.24910688775552,74.92814877430271,-38.59399277110302,76.28064243448864,-38.12061999003791,84.26035502958592,-48.196697758423426,83.92223161453938,-31.899149153182492,91.1580726965343,-28.856038417764125,95.41842772612011,-7.486638586825734,99.54353338968735,-0.9270443349238064,106.23837700760788,12.936015681982354
