"traitement" "poisson" "fs" "time" "d_travelled_cm" "dt" "speed" "accel"
"amont" 2 "002_fs1" 8.3 0 NA NA NA
"amont" 2 "002_fs1" 16.6 0.189599266059921 8.3 0.0228432850674604 NA
"amont" 2 "002_fs1" 24.9 0.988176827260307 8.3 0.119057449067507 0.0115920679518128
"amont" 2 "002_fs1" 33.2 0.775967541250613 8.3 0.0934900652109172 -0.00308040769356502
"amont" 2 "002_fs1" 41.5 0.433182850147614 8.3 0.0521907048370619 -0.0049758265510669
"amont" 2 "002_fs1" 49.8 0.503219043159586 8.3 0.0606288003806731 0.00101663801730255
"amont" 2 "002_fs1" 58.1 1.1363661798333 8.3 0.136911587931723 0.00919069729530721
"amont" 2 "002_fs1" 66.4 0.673354670192103 8.3 0.0811270686978437 -0.00672102641372039
"amont" 2 "002_fs1" 74.7 0.334220845057098 8.3 0.0402675716936263 -0.00492283096436354
"amont" 2 "002_fs1" 83 0.425623661460888 8.3 0.0512799592121552 0.00132679367693119
"amont" 2 "002_fs1" 91.3 0.595635774758767 8.30000000000001 0.0717633463564778 0.0024678779691955
"amont" 2 "002_fs2" 8.3 0 NA NA NA
"amont" 2 "002_fs2" 16.6 0.395562400272035 8.3 0.047658120514703 NA
"amont" 2 "002_fs2" 24.9 0.928178651077648 8.3 0.111828753141885 0.00773140152134727
"amont" 2 "002_fs2" 33.2 0.839289745077842 8.3 0.101119246394921 -0.00129030201770659
"amont" 2 "002_fs2" 41.5 0.709004819258882 8.3 0.0854222673805882 -0.00189120229088343
"amont" 2 "002_fs2" 49.8 0.466965393569997 8.3 0.0562608907915659 -0.00351341886614726
"amont" 2 "002_fs2" 58.1 1.21047987948123 8.3 0.145840949335087 0.0107927781377737
"amont" 2 "002_fs2" 66.4 0.679398378953049 8.3 0.0818552263798854 -0.0077091232476147
"amont" 2 "002_fs2" 74.7 1.02166290127457 8.3 0.123091915816213 0.00496827583570209
"amont" 2 "002_fs2" 83 0.8360723268671 8.3 0.100731605646639 -0.00269401327344266
"amont" 2 "002_fs2" 91.3 0.791338834288497 8.30000000000001 0.0953420282275296 -0.000649346677001086
"amont" 2 "002_fs2" 99.6 0.565471314499416 8.29999999999998 0.0681290740360744 -0.00327866917969341
"amont" 2 "002_fs2" 107.9 0.437524925150639 8.3 0.0527138464036914 -0.00185725634125096
"amont" 2 "002_fs2" 116.2 0.578037701122847 8.30000000000001 0.0696430965208249 0.00203966868881126
"amont" 3 "003_fs1" 8.3 0 NA NA NA
"amont" 3 "003_fs1" 16.6 0.279033502476961 8.3 0.0336184942743327 NA
"amont" 3 "003_fs1" 24.9 0.946311245615201 8.3 0.114013403086169 0.00968613359178749
"amont" 3 "003_fs1" 33.2 0.56167713072451 8.3 0.0676719434607844 -0.00558330838860054
"amont" 3 "003_fs1" 41.5 1.09928010716105 8.3 0.132443386404946 0.00780378830652549
"amont" 3 "003_fs1" 49.8 1.4469008740648 8.3 0.174325406513832 0.00504602651914286
"amont" 3 "003_fs1" 58.1 0.982957841003988 8.3 0.118428655542649 -0.00673454830978102
"amont" 3 "003_fs1" 66.4 1.24981100888278 8.3 0.150579639624432 0.00387361253997379
"amont" 3 "003_fs1" 74.7 1.42485766259064 8.3 0.171669597902487 0.00254095882868135
"amont" 3 "003_fs1" 83 1.30902290461863 8.3 0.157713602966099 -0.00168144517305871
"amont" 3 "003_fs1" 91.3 1.35393003681996 8.30000000000001 0.163124100821682 0.000651867211515937
"amont" 3 "003_fs1" 99.6 1.31877177004602 8.29999999999998 0.158888165065786 -0.000510353705529617
"amont" 3 "003_fs2" 8.3 0 NA NA NA
"amont" 3 "003_fs2" 16.6 0.16351582796528 8.3 0.0197007021644915 NA
"amont" 3 "003_fs2" 24.9 0.610324759138689 8.3 0.0735331035106855 0.00648583148749325
"amont" 3 "003_fs2" 33.2 0.901118387645911 8.3 0.108568480439266 0.00422112975043143
"amont" 3 "003_fs2" 41.5 0.496959264913858 8.3 0.0598746102305853 -0.0058667313504435
"amont" 3 "003_fs2" 49.8 0.740782403324391 8.3 0.0892508919667941 0.00353931105255527
"amont" 3 "003_fs2" 58.1 1.16411563104233 8.3 0.140254895306305 0.00614506064331457
"amont" 3 "003_fs2" 66.4 0.880245260437308 8.3 0.10605364583582 -0.00412063246632348
"amont" 3 "003_fs2" 74.7 0.776312341278498 8.3 0.0935316073829516 -0.00150867933167091
"amont" 4 "004_fs1" 8.3 0 NA NA NA
"amont" 4 "004_fs1" 16.6 0.0781842178145011 8.3 0.00941978527885555 NA
"amont" 4 "004_fs1" 24.9 0.477888536344025 8.3 0.0575769320896416 0.0058020658808176
"amont" 4 "004_fs1" 33.2 0.691250111650183 8.3 0.0832831459819497 0.00309713420389254
"amont" 4 "004_fs1" 41.5 0.65424220835893 8.3 0.0788243624528832 -0.000537202834827292
"amont" 4 "004_fs1" 49.8 1.35745689536999 8.3 0.163549023538554 0.0102077904922495
"amont" 4 "004_fs1" 58.1 0.75898494303869 8.3 0.091443969040806 -0.00868735596358404
"amont" 4 "004_fs1" 66.4 0.680932754925761 8.3 0.0820400909549109 -0.0011329973597464
"amont" 4 "004_fs1" 74.7 0.548051763376647 8.3 0.0660303329369454 -0.00192888650818861
"amont" 4 "004_fs1" 83 0.553449452486579 8.3 0.0666806569260939 7.83522878492144e-05
"amont" 4 "004_fs1" 91.3 0.464957406443501 8.30000000000001 0.056018964631747 -0.00128454124028276
"amont" 4 "004_fs1" 99.6 0.367696748774428 8.29999999999998 0.0443008131053529 -0.00141182548510773
"amont" 4 "004_fs1" 107.9 0.361779084165769 8.3 0.0435878414657553 -8.59001975418716e-05
"amont" 4 "004_fs1" 116.2 0.388117759965369 8.30000000000001 0.046761175899442 0.000382329449841761
"amont" 4 "004_fs1" 124.5 0.337922307960384 8.3 0.0407135310795643 -0.000728631906009355
"amont" 4 "004_fs1" 132.8 0.361030242579123 8.30000000000001 0.0434976195878461 0.000335432350395392
"amont" 4 "004_fs1" 141.1 0.314343206403189 8.29999999999998 0.0378726754702638 -0.000677704110552085
"amont" 4 "004_fs2" 8.3 0 NA NA NA
"amont" 4 "004_fs2" 16.6 0.158818826062686 8.3 0.0191347983208056 NA
"amont" 4 "004_fs2" 24.9 0.72986529520091 8.3 0.0879355777350494 0.00828925053183661
"amont" 4 "004_fs2" 33.2 0.654132779960427 8.3 0.0788111783084851 -0.00109932523211617
"amont" 4 "004_fs2" 41.5 1.22631133058995 8.3 0.147748353083127 0.00830568370778813
"amont" 4 "004_fs2" 49.8 1.03041312580376 8.3 0.124146159735392 -0.00284363775273905
"amont" 4 "004_fs2" 58.1 1.23906339196743 8.3 0.149284746020173 0.0030287453355157
"amont" 4 "004_fs2" 66.4 1.44599484785678 8.3 0.174216246729732 0.00300379526621196
"amont" 4 "004_fs2" 74.7 1.23154148138538 8.3 0.148378491733178 -0.00311298252970532
"amont" 4 "004_fs2" 83 1.13263016043411 8.3 0.136461465112543 -0.00143578633983552
"amont" 5 "005_fs1" 8.3 0 NA NA NA
"amont" 5 "005_fs1" 16.6 0.27911798822396 8.3 0.0336286732799952 NA
"amont" 5 "005_fs1" 24.9 0.640972437951454 8.3 0.0772255949339102 0.00525264116312228
"amont" 5 "005_fs1" 33.2 0.204871567041671 8.3 0.0246833213303218 -0.00633039441007088
"amont" 5 "005_fs1" 41.5 0.619819270964851 8.3 0.0746770205981748 0.00602333726118711
"amont" 5 "005_fs1" 49.8 0.516997118419323 8.3 0.0622888094481113 -0.00149255556024862
"amont" 5 "005_fs1" 58.1 0.465302985006381 8.3 0.0560606006031784 -0.000750386607823241
"amont" 5 "005_fs1" 66.4 0.326193362051628 8.3 0.0393004050664612 -0.00201930066707435
"amont" 5 "005_fs1" 74.7 0.467432914730152 8.3 0.0563172186421871 0.0020502185030995
"amont" 5 "005_fs1" 83 0.195752472153896 8.3 0.0235846351992646 -0.00394368475215933
"amont" 5 "005_fs1" 91.3 0.247936884812454 8.30000000000001 0.0298719138328258 0.000757503449826648
"amont" 5 "005_fs1" 99.6 0.290202033108651 8.29999999999998 0.0349641003745363 0.000613516450808497
"amont" 5 "005_fs1" 107.9 0.226366398012041 8.3 0.0272730600014507 -0.000926631370251278
"amont" 5 "005_fs1" 116.2 0.240783724478081 8.30000000000001 0.0290100872865157 0.000209280395790963
"amont" 5 "005_fs1" 124.5 0.135859653958287 8.3 0.0163686330070226 -0.00152306678066182
"amont" 5 "005_fs2" 8.3 0 NA NA NA
"amont" 5 "005_fs2" 16.6 0.468819978677535 8.3 0.0564843347804259 NA
"amont" 5 "005_fs2" 24.9 0.970379892639253 8.3 0.116913240077019 0.00728059099958947
"amont" 5 "005_fs2" 33.2 0.68494672329405 8.3 0.0825237016016928 -0.00414331788859346
"amont" 5 "005_fs2" 41.5 0.71757264222866 8.3 0.0864545352082723 0.000473594410431267
"amont" 5 "005_fs2" 49.8 0.758469430931566 8.3 0.0913818591483815 0.000593653486760149
"amont" 5 "005_fs2" 58.1 0.679868415137776 8.3 0.0819118572455152 -0.00114096408468269
"amont" 5 "005_fs2" 66.4 0.371741253119706 8.3 0.0447881027855067 -0.00447274150120584
"amont" 5 "005_fs2" 74.7 0.559489967668093 8.3 0.0674084298395294 0.00272534060891839
"amont" 5 "005_fs2" 83 0.384837086256251 8.3 0.0463659140067773 -0.00253524287141591
"amont" 5 "005_fs2" 91.3 0.330746876429828 8.30000000000001 0.0398490212566058 -0.000785167801225483
"amont" 5 "005_fs2" 99.6 0.333252414554142 8.29999999999998 0.0401508933197762 3.6370128092822e-05
"amont" 7 "007_fs1" 8.3 0 NA NA NA
"amont" 7 "007_fs1" 16.6 0.282186542299989 8.3 0.0339983785903601 NA
"amont" 7 "007_fs1" 24.9 0.752180177786585 8.3 0.0906241178056127 0.00682237821870514
"amont" 7 "007_fs1" 33.2 0.623834596363269 8.3 0.0751607947425624 -0.00186305097145184
"amont" 7 "007_fs1" 41.5 0.787488894122586 8.3 0.0948781800147695 0.0023755885870129
"amont" 7 "007_fs1" 49.8 0.877024927378009 8.3 0.105665653900965 0.00129969564893922
"amont" 7 "007_fs1" 58.1 1.7763554249208 8.3 0.214018725894072 0.0130545869871213
"amont" 7 "007_fs1" 66.4 0.730060822674092 8.3 0.0879591352619387 -0.0151879024857992
"amont" 7 "007_fs2" 8.3 0 NA NA NA
"amont" 7 "007_fs2" 16.6 0.2221119990047 8.3 0.0267604818077951 NA
"amont" 7 "007_fs2" 24.9 0.613136958748405 8.3 0.0738719227407717 0.00567607722084055
"amont" 7 "007_fs2" 33.2 0.816029453664096 8.3 0.0983168016462766 0.00294516613319336
"amont" 7 "007_fs2" 41.5 0.903680683121925 8.3 0.108877190737581 0.00127233603509697
"amont" 7 "007_fs2" 49.8 1.15714307941621 8.3 0.139414828845327 0.00367923350695726
"amont" 7 "007_fs2" 58.1 1.25110746411278 8.3 0.150735839049733 0.00136397713306097
"amont" 7 "007_fs2" 66.4 1.06271696605354 8.3 0.12803818868115 -0.00273465667091361
"amont" 7 "007_fs2" 74.7 1.52733754879784 8.3 0.184016572144318 0.00674438354977926
"amont" 8 "008_fs1" 8.3 0 NA NA NA
"amont" 8 "008_fs1" 16.6 0.27631840279757 8.3 0.0332913738310325 NA
"amont" 8 "008_fs1" 24.9 0.829276262130132 8.3 0.099912802666281 0.00802667817292151
"amont" 8 "008_fs1" 33.2 0.453662292618858 8.3 0.0546581075444407 -0.00545237290624581
"amont" 8 "008_fs1" 41.5 0.847155056073843 8.3 0.102066874225764 0.00571189960015946
"amont" 8 "008_fs1" 49.8 1.16980371569567 8.3 0.140940206710321 0.00468353403428397
"amont" 8 "008_fs1" 58.1 0.675598203533344 8.3 0.0813973739196799 -0.00717383527598087
"amont" 8 "008_fs1" 66.4 0.246282013967097 8.3 0.0296725318032647 -0.00623190868872472
"amont" 8 "008_fs1" 74.7 0.604760336129206 8.3 0.0728626910999044 0.00520363365019755
"amont" 8 "008_fs1" 83 0.497638116051424 8.3 0.0599563995242679 -0.0015549748886309
"amont" 8 "008_fs1" 91.3 0.545000242580091 8.30000000000001 0.0656626798289265 0.000687503651163682
"amont" 8 "008_fs1" 99.6 0.436679087328513 8.29999999999998 0.052611938232351 -0.00157237850561151
"amont" 8 "008_fs2" 8.3 0 NA NA NA
"amont" 8 "008_fs2" 16.6 0.318180484917262 8.3 0.0383349981828026 NA
"amont" 8 "008_fs2" 24.9 0.775561615875745 8.3 0.0934411585392464 0.00663929642848721
"amont" 8 "008_fs2" 33.2 0.712959680256973 8.3 0.0858987566574665 -0.000908723118286728
"amont" 8 "008_fs2" 41.5 1.0837904367014 8.3 0.130577161048362 0.00538294028805965
"amont" 8 "008_fs2" 49.8 1.30918686401334 8.3 0.157733357110041 0.00327183085080478
"amont" 8 "008_fs2" 58.1 0.821009565094293 8.3 0.0989168150716016 -0.00708633036607707
"amont" 8 "008_fs2" 66.4 0.856172309036913 8.3 0.103153290245411 0.000510418695639703
"amont" 8 "008_fs3" 8.3 0 NA NA NA
"amont" 8 "008_fs3" 16.6 0.25289161903698 8.3 0.0304688697634915 NA
"amont" 8 "008_fs3" 24.9 1.00208919294316 8.3 0.120733637703995 0.0108752732458438
"amont" 8 "008_fs3" 33.2 0.812830425532431 8.3 0.0979313765701724 -0.002747260377569
"amont" 8 "008_fs3" 41.5 0.85679664441999 8.3 0.103228511375902 0.000638209012738567
"amont" 8 "008_fs3" 49.8 0.797571198882382 8.3 0.0960929155279979 -0.000859710343121032
"amont" 8 "008_fs3" 58.1 0.995707259390083 8.3 0.119964730046998 0.00287612223120482
"amont" 8 "008_fs3" 66.4 0.938112717431939 8.3 0.113025628606258 -0.000836036318161484
"amont" 8 "008_fs3" 74.7 1.23347836279384 8.3 0.148611850939017 0.00428749666659749
"amont" 8 "008_fs3" 83 1.31926872953943 8.3 0.158948039703546 0.00124532394753358
"aval" 11 "011_fs1" 8.3 0 NA NA NA
"aval" 11 "011_fs1" 16.6 0.305637304419572 8.3 0.0368237716168159 NA
"aval" 11 "011_fs1" 24.9 0.866693534486164 8.3 0.104420907769417 0.00814423327139777
"aval" 11 "011_fs1" 33.2 0.952271179543857 8.3 0.114731467414923 0.00124223610186808
"aval" 11 "011_fs1" 41.5 0.839793350691094 8.3 0.101179921770011 -0.00163271634276039
"aval" 11 "011_fs1" 49.8 0.515976470188155 8.3 0.0621658397817055 -0.00470049180581998
"aval" 11 "011_fs1" 58.1 0.68834083872372 8.3 0.0829326311715325 0.0025020230590153
"aval" 11 "011_fs1" 66.4 0.542377350157769 8.3 0.0653466686937071 -0.00211879065997896
"aval" 11 "011_fs1" 74.7 0.727155554365219 8.3 0.0876091029355685 0.00268222099299536
"aval" 11 "011_fs2" 8.3 0 NA NA NA
"aval" 11 "011_fs2" 16.6 0.393318242479504 8.3 0.0473877400577716 NA
"aval" 11 "011_fs2" 24.9 0.757725255041075 8.3 0.0912921994025391 0.00528969389695995
"aval" 11 "011_fs2" 33.2 0.694040165322355 8.3 0.0836192970267898 -0.000924446069367394
"aval" 11 "011_fs2" 41.5 0.817983656139485 8.3 0.0985522477276488 0.00179915068685049
"aval" 11 "011_fs2" 49.8 0.523364348267877 8.3 0.0630559455744431 -0.00427666291002479
"aval" 11 "011_fs2" 58.1 0.49868518824065 8.3 0.0600825528000782 -0.000358240093296969
"aval" 11 "011_fs2" 66.4 0.923431081483065 8.3 0.111256756805189 0.00616556674760365
"aval" 11 "011_fs2" 74.7 0.448614814306534 8.3 0.0540499776272932 -0.00689238303348136
"aval" 11 "011_fs3" 8.3 0 NA NA NA
"aval" 11 "011_fs3" 16.6 0.676950167099019 8.3 0.0815602610962674 NA
"aval" 11 "011_fs3" 24.9 0.537288968148012 8.3 0.0647336106202424 -0.00202730728626806
"aval" 11 "011_fs3" 33.2 0.474171143091911 8.3 0.0571290533845675 -0.000916211715141555
"aval" 11 "011_fs3" 41.5 0.918085925791785 8.3 0.110612762143589 0.00644382033241217
"aval" 11 "011_fs3" 49.8 0.519737590861204 8.3 0.0626189868507475 -0.00578238256540254
"aval" 11 "011_fs3" 58.1 0.300523143617275 8.3 0.036207607664732 -0.0031820938778332
"aval" 11 "011_fs3" 66.4 0.372470035154036 8.3 0.0448759078498838 0.00104437351628335
"aval" 11 "011_fs3" 74.7 0.460264903652799 8.3 0.0554536028497349 0.00127442108431941
"aval" 14 "014_fs1" 8.3 0 NA NA NA
"aval" 14 "014_fs1" 16.6 0.155518400990229 8.3 0.0187371567458107 NA
"aval" 14 "014_fs1" 24.9 0.465211998702178 8.3 0.0560496383978528 0.00449547971711351
"aval" 14 "014_fs1" 33.2 0.823141627308366 8.3 0.0991736900371525 0.00519566887220477
"aval" 14 "014_fs1" 41.5 1.02401702162775 8.3 0.123375544774428 0.0029158861129248
"aval" 14 "014_fs1" 49.8 0.809685248441491 8.3 0.097552439571264 -0.00311121749435714
"aval" 14 "014_fs1" 58.1 1.26201156336902 8.3 0.152049585948075 0.00656592125021821
"aval" 14 "014_fs1" 66.4 0.989648538949985 8.3 0.119234763728914 -0.00395359303845317
"aval" 14 "014_fs2" 8.3 0 NA NA NA
"aval" 14 "014_fs2" 16.6 0.409939634844087 8.3 0.0493903174510949 NA
"aval" 14 "014_fs2" 24.9 0.704399802188565 8.3 0.084867446046815 0.00427435284285786
"aval" 14 "014_fs2" 33.2 0.608603592709482 8.3 0.0733257340613833 -0.00139056770908816
"aval" 14 "014_fs2" 41.5 1.09372177956368 8.3 0.131773708381167 0.00704192461684137
"aval" 14 "014_fs2" 49.8 0.756957782393678 8.3 0.0911997328185154 -0.00488843079068087
"aval" 14 "014_fs2" 58.1 0.289454114648854 8.3 0.0348739897167294 -0.00678623410864892
"aval" 14 "014_fs2" 66.4 0.463357528005556 8.3 0.0558262081934404 0.0025243636718929
"aval" 14 "014_fs3" 8.3 0 NA NA NA
"aval" 14 "014_fs3" 16.6 0.36922112419515 8.3 0.0444844727945964 NA
"aval" 14 "014_fs3" 24.9 0.258353004514234 8.3 0.0311268680137631 -0.00160934997359437
"aval" 14 "014_fs3" 33.2 0.668578438560538 8.3 0.0805516191036792 0.00595478928794169
"aval" 14 "014_fs3" 41.5 1.1036494199604 8.3 0.132969809633783 0.00631544464218113
"aval" 14 "014_fs3" 49.8 0.56841306631508 8.3 0.0684835019656723 -0.00776943465880847
"aval" 14 "014_fs3" 58.1 0.62816372087463 8.3 0.0756823760089915 0.000867334222086646
"aval" 14 "014_fs3" 66.4 0.592166087772076 8.3 0.0713453117797682 -0.000522537858942567
"aval" 14 "014_fs3" 74.7 0.395022445840647 8.3 0.0475930657639333 -0.00286171638744998
"aval" 14 "014_fs3" 83 0.45667488291054 8.3 0.0550210702301856 0.000894940297138821
"aval" 15 "015_fs1" 8.3 0 NA NA NA
"aval" 15 "015_fs1" 16.6 0.14666625681292 8.3 0.0176706333509542 NA
"aval" 15 "015_fs1" 24.9 0.76669168859019 8.3 0.0923724926012277 0.00900022400605705
"aval" 15 "015_fs1" 33.2 0.879534402189585 8.3 0.105968000263805 0.0016380129713949
"aval" 15 "015_fs1" 41.5 1.22858286818646 8.3 0.148022032311621 0.00506675084913444
"aval" 15 "015_fs1" 49.8 1.22476742848787 8.3 0.147562340781671 -5.53845216807813e-05
"aval" 15 "015_fs1" 58.1 1.71390583438857 8.3 0.206494678841997 0.00710028169401516
"aval" 15 "015_fs1" 66.4 1.64824048834601 8.3 0.198583191366988 -0.000953191262049166
"aval" 15 "015_fs1" 74.7 1.62041504876644 8.3 0.195230728767041 -0.000403911156620225
"aval" 15 "015_fs1" 83 1.60197880980467 8.3 0.193009495157189 -0.000267618507211043
"aval" 15 "015_fs1" 91.3 1.84354852635151 8.30000000000001 0.222114280283314 0.00350660061760544
"aval" 15 "015_fs2" 8.3 0 NA NA NA
"aval" 15 "015_fs2" 16.6 0.0782520020344509 8.3 0.00942795205234348 NA
"aval" 15 "015_fs2" 24.9 0.600759695611873 8.3 0.072380686218298 0.00758466676698247
"aval" 15 "015_fs2" 33.2 0.833223808364531 8.3 0.100388410646329 0.00337442462988324
"aval" 15 "015_fs2" 41.5 0.899104267399526 8.3 0.108325815349341 0.000956313819639949
"aval" 15 "015_fs2" 49.8 1.02561936741035 8.3 0.123568598483174 0.00183647989564262
"aval" 15 "015_fs2" 58.1 1.46167281279797 8.3 0.17610515816843 0.00632970598617544
"aval" 15 "015_fs2" 66.4 1.05069730411923 8.3 0.126590036640871 -0.00596567729247702
"aval" 15 "015_fs2" 74.7 1.27505538975814 8.3 0.153621131296162 0.00325675839220373
"aval" 15 "015_fs2" 83 0.969790406765627 8.3 0.116842217682606 -0.00443119441127184
"aval" 15 "015_fs2" 91.3 1.44586224732304 8.30000000000001 0.174200270761812 0.00691060880472362
"aval" 15 "015_fs2" 99.6 1.56606741592093 8.29999999999998 0.188682821195293 0.00174488559439529
"aval" 16 "016_fs1" 8.3 0 NA NA NA
"aval" 16 "016_fs1" 16.6 0.123781341419979 8.3 0.0149134146289132 NA
"aval" 16 "016_fs1" 24.9 0.749911096917402 8.3 0.0903507345683617 0.00908883372764441
"aval" 16 "016_fs1" 33.2 0.530435365904092 8.3 0.0639078754101315 -0.0031858866455699
"aval" 16 "016_fs1" 41.5 0.749622803000237 8.3 0.0903160003614744 0.00318170180136661
"aval" 16 "016_fs1" 49.8 0.811523164601358 8.3 0.0977738752531757 0.000898539143578474
"aval" 16 "016_fs1" 58.1 0.638947524307719 8.3 0.0769816294346649 -0.00250508985765191
"aval" 16 "016_fs1" 66.4 0.693432994624165 8.3 0.0835461439306222 0.00079090536095872
"aval" 16 "016_fs1" 74.7 0.658276112265602 8.3 0.0793103749717594 -0.000510333609501553
"aval" 16 "016_fs1" 83 0.511239664794856 8.3 0.0615951403367297 -0.00213436561867828
"aval" 16 "016_fs1" 91.3 0.387757482697724 8.30000000000001 0.0467177689997258 -0.00179245437795228
"aval" 16 "016_fs1" 99.6 0.343868698170416 8.29999999999998 0.04142996363499 -0.000637084983703108
"aval" 16 "016_fs2" 8.3 0 NA NA NA
"aval" 16 "016_fs2" 16.6 0.0242139332068915 8.3 0.0029173413502279 NA
"aval" 16 "016_fs2" 24.9 0.420918320250217 8.3 0.0507130506325563 0.00575851919064197
"aval" 16 "016_fs2" 33.2 0.911465893478242 8.3 0.109815167888945 0.00712073701884199
"aval" 16 "016_fs2" 41.5 0.601605409316785 8.3 0.0724825794357573 -0.0044979022232756
"aval" 16 "016_fs2" 49.8 0.901299181056041 8.3 0.108590262777836 0.00435032329422639
"aval" 16 "016_fs2" 58.1 0.990504133318668 8.3 0.119337847387791 0.00129488971204277
"aval" 16 "016_fs2" 66.4 0.441592529230805 8.3 0.0532039191844343 -0.00796794315703096
"aval" 16 "016_fs2" 74.7 0.574856652617485 8.3 0.0692598376647572 0.00193444800967746
"aval" 16 "016_fs2" 83 0.523277818332767 8.3 0.0630455202810563 -0.00074871293779529
"aval" 16 "016_fs2" 91.3 0.382578279211868 8.30000000000001 0.0460937685797431 -0.00204237972304978
"aval" 16 "016_fs2" 99.6 0.325063098004504 8.29999999999998 0.0391642286752415 -0.000834884325843567
"aval" 16 "016_fs3" 8.3 0 NA NA NA
"aval" 16 "016_fs3" 16.6 0.113457237935918 8.3 0.0136695467392673 NA
"aval" 16 "016_fs3" 24.9 0.192845792814562 8.3 0.0232344328692243 0.00115239591927193
"aval" 16 "016_fs3" 33.2 0.265564057312405 8.3 0.0319956695557114 0.00105557068511893
"aval" 16 "016_fs3" 41.5 0.243623685550464 8.3 0.0293522512711403 -0.000318484130671214
"aval" 16 "016_fs3" 49.8 0.164399828855397 8.3 0.019807208295831 -0.00115000517774811
"aval" 16 "016_fs3" 58.1 0.277771215002208 8.3 0.0334664114460491 0.0016456871265323
"aval" 16 "016_fs3" 66.4 0.184502255706429 8.3 0.0222291874345095 -0.00135388241102887
"aval" 16 "016_fs3" 74.7 0.198104700731266 8.3 0.0238680362326826 0.000197451662430498
"aval" 16 "016_fs3" 83 0.319728739385649 8.3 0.0385215348657408 0.00176548176301906
"aval" 16 "016_fs3" 91.3 0.210085272256999 8.30000000000001 0.0253114785851806 -0.00159157304585063
"aval" 16 "016_fs3" 99.6 0.224100982573347 8.29999999999998 0.027000118382331 0.000203450577969929
"aval" 16 "016_fs3" 107.9 0.125743989953738 8.3 0.0151498783076793 -0.00142773976803032
"aval" 16 "016_fs3" 116.2 0.143911862965091 8.30000000000001 0.0173387786704928 0.000263722935278734
"aval" 16 "016_fs3" 124.5 0.0997592498630515 8.3 0.0120191867304881 -0.000640914691566831
"aval" 16 "016_fs3" 132.8 0.135144184608038 8.30000000000001 0.0162824318804865 0.000513643993975704
"aval" 16 "016_fs3" 141.1 0.114622917172669 8.29999999999998 0.0138099900208036 -0.000297884561407581
"amont" 17 "017_fs1" 8.3 0 NA NA NA
"amont" 17 "017_fs1" 16.6 0.272068410951564 8.3 0.0327793266206704 NA
"amont" 17 "017_fs1" 24.9 0.16981983414676 8.3 0.0204602209815374 -0.00148422959507627
"amont" 17 "017_fs1" 33.2 0.411191513736296 8.3 0.0495411462332887 0.00350372593394594
"amont" 17 "017_fs1" 41.5 0.585132464280648 8.3 0.0704978872627287 0.00252490855776386
"amont" 17 "017_fs1" 49.8 0.633588872406963 8.3 0.0763360087237305 0.000703388127831542
"amont" 17 "017_fs1" 58.1 0.528195710704639 8.3 0.0636380374342938 -0.00152987605896828
"amont" 17 "017_fs1" 66.4 0.792212054740157 8.3 0.0954472355108622 0.00383243350320101
"amont" 17 "017_fs1" 74.7 0.461886666720576 8.3 0.0556489959904309 -0.00479496861691944
"amont" 17 "017_fs1" 83 0.535962169576533 8.3 0.0645737553706667 0.00107527221448624
"amont" 17 "017_fs1" 91.3 0.502526410736412 8.30000000000001 0.0605453506911339 -0.000485349961389489
"amont" 17 "017_fs1" 99.6 0.438811293005538 8.29999999999998 0.0528688304825951 -0.000924881952836005
"amont" 17 "017_fs1" 107.9 0.528351911754332 8.3 0.0636568568378714 0.00129976221147908
"amont" 17 "017_fs1" 116.2 0.409241655691264 8.30000000000001 0.0493062235772607 -0.00172899195910972
"amont" 17 "017_fs1" 124.5 0.453229297136821 8.3 0.0546059394140748 0.000638519980339049
"amont" 17 "017_fs2" 8.3 0 NA NA NA
"amont" 17 "017_fs2" 16.6 0.155827822725415 8.3 0.0187744364729416 NA
"amont" 17 "017_fs2" 24.9 0.58002802450064 8.3 0.0698828945181494 0.0061576455476154
"amont" 17 "017_fs2" 33.2 0.641218483414288 8.3 0.0772552389655769 0.000888234270774394
"amont" 17 "017_fs2" 41.5 0.80231110132875 8.3 0.0966639881118976 0.00233840351160491
"amont" 17 "017_fs2" 49.8 0.86074850457775 8.3 0.103704639105753 0.000848271204078969
"amont" 17 "017_fs2" 58.1 1.19934113627141 8.3 0.144498932080893 0.00491497505724577
"amont" 17 "017_fs2" 66.4 0.911404114988456 8.3 0.109807724697404 -0.00417966354017937
"amont" 17 "017_fs2" 74.7 0.805878168132307 8.3 0.0970937551966635 -0.00153180355430612
"amont" 17 "017_fs2" 83 1.04244622503307 8.3 0.125595930726876 0.00343399705183281
"amont" 17 "017_fs2" 91.3 0.955700583643402 8.30000000000001 0.115144648631735 -0.00125919061387238
"amont" 18 "018_fs1" 8.3 0 NA NA NA
"amont" 18 "018_fs1" 16.6 0.43899109066386 8.3 0.0528904928510675 NA
"amont" 18 "018_fs1" 24.9 1.06474797477204 8.3 0.128282888526751 0.00908342116574505
"amont" 18 "018_fs1" 33.2 1.02146969746877 8.3 0.123068638249249 -0.000628222925000274
"amont" 18 "018_fs1" 41.5 1.05369139362489 8.3 0.126950770316252 0.000467726755060595
"amont" 18 "018_fs1" 49.8 1.29732647521344 8.3 0.156304394604029 0.00353658123949119
"amont" 18 "018_fs1" 58.1 1.72284877096202 8.3 0.207572141079761 0.00617683692478699
"amont" 18 "018_fs1" 66.4 1.30385728742537 8.3 0.15709123944884 -0.00608203634107487
"amont" 18 "018_fs1" 74.7 1.42854078969946 8.3 0.172113348156561 0.00180989261538813
"amont" 18 "018_fs1" 83 1.32213529194085 8.3 0.159293408667572 -0.00154457102276974
"amont" 18 "018_fs1" 91.3 1.23611341311924 8.30000000000001 0.148929326881836 -0.00124868455249839
"amont" 18 "018_fs2" 8.3 0 NA NA NA
"amont" 18 "018_fs2" 16.6 0.0945221690711629 8.3 0.011388213141104 NA
"amont" 18 "018_fs2" 24.9 0.544124173186891 8.3 0.0655571292996255 0.00652637544078572
"amont" 18 "018_fs2" 33.2 0.711230944509543 8.3 0.0856904752421136 0.00242570433042026
"amont" 18 "018_fs2" 41.5 0.425874823266983 8.3 0.0513102196707209 -0.00414219946643286
"amont" 18 "018_fs2" 49.8 1.09536441742389 8.3 0.131971616557095 0.0097182405887198
"amont" 18 "018_fs2" 58.1 1.36000801136897 8.3 0.163856386911924 0.00384153859696732
"amont" 18 "018_fs2" 66.4 0.982397579959008 8.3 0.118361154211929 -0.00548135333734883
"amont" 18 "018_fs2" 74.7 1.04566678215004 8.3 0.125983949656632 0.000918409089723277
"amont" 18 "018_fs2" 83 0.606716526104506 8.3 0.0730983766390971 -0.00637175578524515
"amont" 18 "018_fs2" 91.3 0.549526281104662 8.30000000000001 0.0662079856752603 -0.000830167586004424
"amont" 18 "018_fs2" 99.6 0.609047764099736 8.29999999999998 0.0733792486867153 0.000864007591741568
"amont" 18 "018_fs2" 107.9 0.462069744022299 8.3 0.0556710534966625 -0.00213351749277745
"amont" 18 "018_fs2" 116.2 0.386358165022572 8.30000000000001 0.0465491765087436 -0.00109902132384566
"amont" 18 "018_fs3" 8.3 0 NA NA NA
"amont" 18 "018_fs3" 16.6 0.253069755091104 8.3 0.0304903319386872 NA
"amont" 18 "018_fs3" 24.9 0.625017484235569 8.3 0.075303311353683 0.00539915414638504
"amont" 18 "018_fs3" 33.2 0.591307618177851 8.3 0.0712418817081748 -0.000489328872952791
"amont" 18 "018_fs3" 41.5 1.25508077828508 8.3 0.151214551600612 0.0096352614328237
"amont" 18 "018_fs3" 49.8 0.264945774313511 8.3 0.0319211776281339 -0.0143726956593347
"amont" 18 "018_fs3" 58.1 0.949875179076736 8.3 0.114442792659848 0.00994236325683298
"amont" 18 "018_fs3" 66.4 0.50594649078632 8.3 0.0609574085284723 -0.00644402218450305
"amont" 18 "018_fs3" 74.7 0.388404790738191 8.3 0.046795757920264 -0.00170622296484437
"amont" 18 "018_fs3" 83 0.446672058553025 8.3 0.0538159106690391 0.000845801535997005
"amont" 18 "018_fs3" 91.3 0.195169929251648 8.30000000000001 0.0235144493074274 -0.00365077847730262
"amont" 18 "018_fs3" 99.6 0.445844234906351 8.29999999999998 0.0537161728802834 0.00363876187624772
"amont" 18 "018_fs3" 107.9 0.306136118947037 8.3 0.0368838697526551 -0.00202798832862992
"amont" 19 "019_fs1" 8.3 0 NA NA NA
"amont" 19 "019_fs1" 16.6 0.253090280325013 8.3 0.0304928048584353 NA
"amont" 19 "019_fs1" 24.9 0.417202177441328 8.3 0.0502653225832925 0.00238223105118761
"amont" 19 "019_fs1" 33.2 0.418894374069859 8.3 0.0504692016951637 2.45637484182123e-05
"amont" 19 "019_fs1" 41.5 0.704443561677273 8.3 0.0848727182743703 0.00414500199749477
"amont" 19 "019_fs1" 49.8 0.40243560910352 8.3 0.0484862179642795 -0.00438391570001093
"amont" 19 "019_fs1" 58.1 0.600252457416144 8.3 0.0723195731826679 0.00287148858052872
"amont" 19 "019_fs1" 66.4 0.4305349555565 8.3 0.0518716813923493 -0.00246360142052031
"amont" 19 "019_fs1" 74.7 0.635685988082448 8.3 0.0765886732629456 0.00297795082778268
"amont" 19 "019_fs1" 83 0.437785922213567 8.3 0.05274529183296 -0.0028726965578296
"amont" 19 "019_fs1" 91.3 0.536609604300043 8.30000000000001 0.0646517595542219 0.00143451418328457
"amont" 19 "019_fs1" 99.6 0.520559100164743 8.29999999999998 0.0627179638752704 -0.000232987431198976
"amont" 19 "019_fs1" 107.9 0.565215955590402 8.3 0.0680983079024581 0.000648234220143091
"amont" 19 "019_fs1" 116.2 0.602769419671853 8.30000000000001 0.0726228216472111 0.000545122137922048
"amont" 19 "019_fs2" 8.3 0 NA NA NA
"amont" 19 "019_fs2" 16.6 0.222457901029188 8.3 0.0268021567505045 NA
"amont" 19 "019_fs2" 24.9 0.482826276065742 8.3 0.0581718404898485 0.00377947996859566
"amont" 19 "019_fs2" 33.2 0.938905010586598 8.3 0.113121085612843 0.00662039097867405
"amont" 19 "019_fs2" 41.5 0.280096909467241 8.3 0.0337466155984628 -0.00956318915835907
"amont" 19 "019_fs2" 49.8 0.889225541356082 8.3 0.107135607392299 0.00884204720407666
"amont" 19 "019_fs2" 58.1 0.881214722931088 8.3 0.106170448545914 -0.000116284198359623
"amont" 19 "019_fs2" 66.4 1.13022935424614 8.3 0.136172211354956 0.00361467021795686
"amont" 19 "019_fs2" 74.7 1.11794436552809 8.3 0.1346920922323 -0.000178327605139244
"amont" 19 "019_fs2" 83 0.887785476996552 8.3 0.106962105662235 -0.00334096223735725
"amont" 19 "019_fs2" 91.3 0.611529513197251 8.30000000000001 0.0736782546020783 -0.0040101025373683
"amont" 19 "019_fs2" 99.6 0.629976407353961 8.29999999999998 0.075900771970357 0.000267773176901044
"amont" 19 "019_fs3" 8.3 0 NA NA NA
"amont" 19 "019_fs3" 16.6 0.354306291396528 8.3 0.0426875049875335 NA
"amont" 19 "019_fs3" 24.9 0.499673185575058 8.3 0.0602015886235009 0.00211013055855029
"amont" 19 "019_fs3" 33.2 0.744091417848692 8.3 0.089649568415505 0.00354794937253061
"amont" 19 "019_fs3" 41.5 1.07422823318579 8.3 0.129425088335637 0.00479223131567859
"amont" 19 "019_fs3" 49.8 0.954702155647526 8.3 0.115024356102112 -0.00173502797994286
"amont" 19 "019_fs3" 58.1 0.98999543279868 8.3 0.119276558168516 0.000512313501976394
"amont" 19 "019_fs3" 66.4 1.11145582983684 8.3 0.133910340944197 0.00176310635851586
"amont" 19 "019_fs3" 74.7 0.981748404247675 8.3 0.118282940270804 -0.00188281935824013
"amont" 19 "019_fs3" 83 0.835526237000567 8.3 0.100665811686815 -0.00212254561252879
"amont" 19 "019_fs3" 91.3 0.736500797912644 8.30000000000001 0.0887350358930896 -0.00143744286671394
"amont" 20 "020_fs1" 8.3 0 NA NA NA
"amont" 20 "020_fs1" 16.6 0.227631780624602 8.3 0.0274255157379039 NA
"amont" 20 "020_fs1" 24.9 0.571280354891666 8.3 0.0688289584206826 0.00498836658828659
"amont" 20 "020_fs1" 33.2 0.747688753910877 8.3 0.0900829823989008 0.00256072578050821
"amont" 20 "020_fs1" 41.5 1.15590790666655 8.3 0.139266012851391 0.00592566631957716
"amont" 20 "020_fs1" 49.8 0.770742195117803 8.3 0.0928605054358799 -0.00559102498982064
"amont" 20 "020_fs1" 58.1 0.783906003042974 8.3 0.0944465063907197 0.00019108445239033
"amont" 20 "020_fs1" 66.4 1.4974322354366 8.3 0.180413522341758 0.01035747180133
"amont" 20 "020_fs1" 74.7 1.0332286586339 8.3 0.124485380558302 -0.00673833033535622
"amont" 20 "020_fs1" 83 0.882705527067675 8.3 0.10635006350213 -0.00218497795857497
"amont" 20 "020_fs2" 8.3 0 NA NA NA
"amont" 20 "020_fs2" 16.6 0.331465192532389 8.3 0.039935565365348 NA
"amont" 20 "020_fs2" 24.9 0.905861571208083 8.3 0.109139948338323 0.00833787746662352
"amont" 20 "020_fs2" 33.2 0.862920082032469 8.3 0.103966274943671 -0.00062333414393401
"amont" 20 "020_fs2" 41.5 0.780795117675504 8.3 0.0940717009247595 -0.00119211735167607
"amont" 20 "020_fs2" 49.8 0.835295837836749 8.3 0.100638052751416 0.000791126726103144
"amont" 20 "020_fs2" 58.1 0.718801179385836 8.3 0.0866025517332333 -0.00169102421905812
"amont" 20 "020_fs2" 66.4 0.612150128153506 8.3 0.0737530274883742 -0.00154813545118784
"amont" 20 "020_fs3" 8.3 0 NA NA NA
"amont" 20 "020_fs3" 16.6 0.218224178535426 8.3 0.0262920697030633 NA
"amont" 20 "020_fs3" 24.9 0.61299569153106 8.3 0.0738549025941037 0.00573046179410125
"amont" 20 "020_fs3" 33.2 0.872354794271001 8.3 0.105102987261566 0.00376482947800754
"amont" 20 "020_fs3" 41.5 0.87952568474968 8.3 0.105966949969841 0.000104091892563212
"amont" 20 "020_fs3" 49.8 1.09419973246769 8.3 0.131831293068396 0.00311618591548861
"amont" 20 "020_fs3" 58.1 0.936764404716959 8.3 0.1128631812912 -0.00228531467195139
"amont" 20 "020_fs3" 66.4 1.17726374661091 8.3 0.141839005615772 0.0034910631716352
"amont" 20 "020_fs3" 74.7 0.90978005407658 8.3 0.109612054708022 -0.00388276516960846
"amont" 20 "020_fs3" 83 1.08565531074174 8.3 0.130801844667679 0.00255298674212738
"amont" 21 "021_fs1" 8.3 0 NA NA NA
"amont" 21 "021_fs1" 16.6 0.0724035797457869 8.3 0.00872332286093818 NA
"amont" 21 "021_fs1" 24.9 0.528613282075744 8.3 0.0636883472380415 0.00662229209362691
"amont" 21 "021_fs1" 33.2 0.480235353788889 8.3 0.0578596811793842 -0.000702248922729797
"amont" 21 "021_fs1" 41.5 0.522373484606693 8.3 0.062936564410445 0.000611672678441061
"amont" 21 "021_fs1" 49.8 0.723095432945997 8.3 0.0871199316802407 0.0029136587072043
"amont" 21 "021_fs1" 58.1 0.421600488471301 8.3 0.0507952395748556 -0.00437646892835965
"amont" 21 "021_fs1" 66.4 0.623585092774673 8.3 0.0751307340692377 0.00293198728847978
"amont" 21 "021_fs1" 74.7 0.446146664782981 8.3 0.053752610214817 -0.00257567757282178
"amont" 21 "021_fs1" 83 0.37925078199652 8.3 0.0456928653007856 -0.000971053604100168
"amont" 21 "021_fs1" 91.3 0.355431528424845 8.30000000000001 0.0428230757138367 -0.000345757781560102
"amont" 21 "021_fs1" 99.6 0.187133291869062 8.29999999999998 0.0225461797432605 -0.00244299951452726
"amont" 21 "021_fs1" 107.9 0.398646449510145 8.3 0.0480296927120657 0.00307030276732593
"amont" 21 "021_fs2" 8.3 0 NA NA NA
"amont" 21 "021_fs2" 16.6 0.0669223324336211 8.3 0.00806293161850857 NA
"amont" 21 "021_fs2" 24.9 0.554498638658503 8.3 0.0668070648986149 0.00707760641928992
"amont" 21 "021_fs2" 33.2 0.622606410632192 8.3 0.0750128205580954 0.000988645260178382
"amont" 21 "021_fs2" 41.5 0.784116007637478 8.3 0.0944718081490938 0.00234445633626486
"amont" 21 "021_fs2" 49.8 0.782600767184551 8.3 0.0942892490583797 -2.19950711703687e-05
"amont" 21 "021_fs2" 58.1 0.62083251768594 8.3 0.0747990985163783 -0.00234821090867487
"amont" 21 "021_fs2" 66.4 0.62915771698925 8.3 0.0758021345770181 0.00012084771814937
"amont" 21 "021_fs2" 74.7 0.53177460737726 8.3 0.0640692298044892 -0.00141360298464204
"amont" 21 "021_fs2" 83 0.691595268026075 8.3 0.0833247310874789 0.00231993991361322
"amont" 21 "021_fs3" 8.3 0 NA NA NA
"amont" 21 "021_fs3" 16.6 0.305456781371267 8.3 0.0368020218519599 NA
"amont" 21 "021_fs3" 24.9 0.562434685311313 8.3 0.0677632150977486 0.00373026424648057
"amont" 21 "021_fs3" 33.2 0.523964082348388 8.3 0.0631282026925769 -0.000558435229538763
"amont" 21 "021_fs3" 41.5 1.0135243402282 8.3 0.122111366292554 0.00710640525300925
"amont" 21 "021_fs3" 49.8 0.842144075205871 8.3 0.101463141591069 -0.00248773791584155
"amont" 21 "021_fs3" 58.1 0.986718599542373 8.3 0.118881758981009 0.00209862860119758
"amont" 21 "021_fs3" 66.4 0.90366495260606 8.3 0.108875295494706 -0.00120559801039792
"amont" 21 "021_fs3" 74.7 0.827078820831052 8.3 0.0996480507025365 -0.00111171624002042
"amont" 21 "021_fs3" 83 0.816774887432401 8.3 0.0984066129436629 -0.000149570814322122
"amont" 21 "021_fs3" 91.3 0.612932045357803 8.30000000000001 0.0738472343804581 -0.00295896127267526
"amont" 22 "022_fs1" 8.3 0 NA NA NA
"amont" 22 "022_fs1" 16.6 0.203961384664526 8.3 0.024573660802955 NA
"amont" 22 "022_fs1" 24.9 0.635148579867254 8.3 0.0765239252852113 0.0062590680099104
"amont" 22 "022_fs1" 33.2 0.204988679104497 8.3 0.0246974312174093 -0.00624415591178337
"amont" 22 "022_fs1" 41.5 0.77996077351823 8.3 0.0939711775323169 0.008346234495772
"amont" 22 "022_fs1" 49.8 0.611077245670378 8.3 0.0736237645385998 -0.0024514955414117
"amont" 22 "022_fs1" 58.1 0.614712277490537 8.3 0.0740617201795827 5.27657398774573e-05
"amont" 22 "022_fs1" 66.4 0.593439879347682 8.3 0.071498780644299 -0.000308787895817309
"amont" 22 "022_fs1" 74.7 0.432887478156848 8.3 0.0521551178502226 -0.00233056178241884
"amont" 22 "022_fs1" 83 0.469597096631545 8.3 0.0565779634495838 0.00053287296377845
"amont" 22 "022_fs1" 91.3 0.299520719892365 8.30000000000001 0.0360868337219717 -0.00246881081055567
"amont" 22 "022_fs1" 99.6 0.31197041141272 8.29999999999998 0.0375867965557494 0.000180718413708166
"amont" 22 "022_fs2" 8.3 0 NA NA NA
"amont" 22 "022_fs2" 16.6 0.350027933807936 8.3 0.0421720402178236 NA
"amont" 22 "022_fs2" 24.9 0.704728852856046 8.3 0.0849070907055477 0.00514880126358123
"amont" 22 "022_fs2" 33.2 0.99675785860482 8.3 0.120091308265641 0.00423906235663773
"amont" 22 "022_fs2" 41.5 0.604065298440603 8.3 0.0727789516193498 -0.00570028393328809
"amont" 22 "022_fs2" 49.8 1.1875343988195 8.3 0.143076433592711 0.00846957614136886
"amont" 22 "022_fs2" 58.1 1.18747844373116 8.3 0.143069692015802 -8.12238181806909e-07
"amont" 22 "022_fs2" 66.4 0.894319170701071 8.3 0.107749297674828 -0.00425546919770777
"amont" 22 "022_fs2" 74.7 0.843546451654095 8.3 0.101632102608927 -0.000737011453722967
"amont" 22 "022_fs2" 83 1.05046722707664 8.3 0.126562316515258 0.00300364022967836
"amont" 22 "022_fs2" 91.3 0.927017243876855 8.30000000000001 0.111688824563476 -0.00179198698214231
"amont" 22 "022_fs3" 8.3 0 NA NA NA
"amont" 22 "022_fs3" 16.6 0.335570960566765 8.3 0.0404302362128633 NA
"amont" 22 "022_fs3" 24.9 0.831207492158906 8.3 0.100145480983001 0.00719460780363102
"amont" 22 "022_fs3" 33.2 0.952157833520715 8.3 0.114717811267556 0.00175570244392232
"amont" 22 "022_fs3" 41.5 0.84041676269269 8.3 0.101255031649722 -0.00162202164070292
"amont" 22 "022_fs3" 49.8 1.22056726700861 8.3 0.147056297229953 0.00551822476870256
"amont" 22 "022_fs3" 58.1 1.27899657942203 8.3 0.154095973424341 0.000848153758359983
"amont" 22 "022_fs3" 66.4 0.783439282485424 8.3 0.0943902749982438 -0.00719345764169843
"amont" 22 "022_fs3" 74.7 0.743446314035046 8.3 0.0895718450644634 -0.000580533726961486
"amont" 22 "022_fs3" 83 0.698533755977692 8.3 0.0841606934912882 -0.000651945972671713
"amont" 22 "022_fs3" 91.3 0.462081414954918 8.30000000000001 0.0556724596331226 -0.0034323173323091
"amont" 22 "022_fs3" 99.6 0.455353192929493 8.29999999999998 0.054861830473433 -9.76661638180321e-05
"amont" 22 "022_fs3" 107.9 0.505685868796133 8.3 0.0609260082886908 0.000730623833163595
"amont" 22 "022_fs4" 8.3 0 NA NA NA
"amont" 22 "022_fs4" 16.6 0.27027664248064 8.3 0.0325634509012819 NA
"amont" 22 "022_fs4" 24.9 0.80126223809765 8.3 0.0965376190479096 0.00770773110200334
"amont" 22 "022_fs4" 33.2 0.380016426036475 8.3 0.0457851115706596 -0.00611475993701807
"amont" 22 "022_fs4" 41.5 1.00065648451953 8.3 0.120561022231269 0.009009145862724
"amont" 22 "022_fs4" 49.8 0.778796901389848 8.3 0.0938309519746805 -0.00322049039236004
"amont" 22 "022_fs4" 58.1 0.568493033599413 8.3 0.0684931365782425 -0.00305274884294434
"amont" 22 "022_fs4" 66.4 0.765971625248216 8.3 0.0922857379817128 0.00286657848234581
"amont" 22 "022_fs4" 74.7 0.534300017842647 8.3 0.0643734961256202 -0.00336292070555333
"amont" 22 "022_fs4" 83 0.454059083221703 8.3 0.0547059136411691 -0.00116476897403025
"amont" 22 "022_fs4" 91.3 0.536662666740337 8.30000000000001 0.0646581526193176 0.00119906493712632
"amont" 22 "022_fs4" 99.6 0.441516199265071 8.29999999999998 0.0531947228030207 -0.00138113612244541
"amont" 22 "022_fs4" 107.9 0.444185427647239 8.3 0.0535163165840047 3.87462386727663e-05
"amont" 23 "023_fs1" 8.3 0 NA NA NA
"amont" 23 "023_fs1" 16.6 0.356788714433736 8.3 0.0429865921004501 NA
"amont" 23 "023_fs1" 24.9 0.372291228632642 8.3 0.044854364895499 0.000225032866873371
"amont" 23 "023_fs1" 33.2 0.882325963493422 8.3 0.106304332951015 0.00740361060909826
"amont" 23 "023_fs1" 41.5 1.13048547070266 8.3 0.136203068759357 0.0036022573263063
"amont" 23 "023_fs1" 49.8 0.958480893479292 8.3 0.115479625720397 -0.00249680036613979
"amont" 23 "023_fs1" 58.1 0.988982743816776 8.3 0.119154547447804 0.000442761653904542
"amont" 23 "023_fs1" 66.4 0.985088431977859 8.3 0.118685353250344 -5.65294213807194e-05
"amont" 23 "023_fs1" 74.7 0.843223951788165 8.3 0.101593247203393 -0.00205928988517481
"amont" 23 "023_fs1" 83 0.978786037399849 8.3 0.117926028602391 0.00196780498783108
"amont" 23 "023_fs1" 91.3 1.06009606856965 8.30000000000001 0.127722417899958 0.0011802878671767
"amont" 23 "023_fs1" 99.6 0.689524782829925 8.29999999999998 0.0830752750397502 -0.00537917383857927
"amont" 23 "023_fs1" 107.9 0.758753725321278 8.3 0.0914161114844913 0.00100492005358327
"amont" 23 "023_fs2" 8.3 0 NA NA NA
"amont" 23 "023_fs2" 16.6 0.0739033614589427 8.3 0.00890401945288467 NA
"amont" 23 "023_fs2" 24.9 0.495209812587328 8.3 0.0596638328418467 0.00611564016734483
"amont" 23 "023_fs2" 33.2 0.648010993349075 8.3 0.078073613656515 0.00221804588128534
"amont" 23 "023_fs2" 41.5 0.667564676727714 8.3 0.080429479123821 0.000283839212928434
"amont" 23 "023_fs2" 49.8 1.07632407292525 8.3 0.12967759914762 0.00593350843660233
"amont" 23 "023_fs2" 58.1 0.967757854453616 8.3 0.116597331861881 -0.00157593581755891
"amont" 23 "023_fs2" 66.4 1.31232032573724 8.3 0.158110882618945 0.00500163262133292
"amont" 23 "023_fs2" 74.7 1.1055078899657 8.3 0.133193721682615 -0.00300206758269032
"amont" 23 "023_fs2" 83 1.09581906450943 8.3 0.132026393314389 -0.000140641972075465
"amont" 23 "023_fs2" 91.3 0.997308363751599 8.30000000000001 0.120157634186939 -0.00142997097921074
"amont" 23 "023_fs2" 99.6 0.795309003525824 8.29999999999998 0.0958203618705814 -0.00293220148389858
"amont" 23 "023_fs2" 107.9 1.06293119090358 8.3 0.128063998904046 0.00388477554620051
"amont" 23 "023_fs3" 8.3 0 NA NA NA
"amont" 23 "023_fs3" 16.6 0.0918601247359627 8.3 0.0110674849079473 NA
"amont" 23 "023_fs3" 24.9 0.332676514186816 8.3 0.0400815077333513 0.00349566540065109
"amont" 23 "023_fs3" 33.2 0.769825778641885 8.3 0.0927500938122752 0.00634561278059324
"amont" 23 "023_fs3" 41.5 0.769004265395056 8.3 0.0926511163126574 -1.19249999539525e-05
"amont" 23 "023_fs3" 49.8 0.772204913559071 8.3 0.093036736573382 4.64602723764609e-05
"amont" 23 "023_fs3" 58.1 1.19069456929895 8.3 0.14345717702397 0.00607475186151665
"amont" 23 "023_fs3" 66.4 0.748357804694607 8.3 0.090163590927061 -0.00642091398757942
"amont" 23 "023_fs3" 74.7 0.983961494516456 8.3 0.118549577652585 0.00341999840066555
"amont" 23 "023_fs3" 83 0.540040569510247 8.3 0.0650651288566563 -0.00644390949348539
"amont" 23 "023_fs3" 91.3 0.803254042208674 8.30000000000001 0.096777595446828 0.0038207791072496
"amont" 23 "023_fs3" 99.6 0.683079901096643 8.29999999999998 0.0822987832646559 -0.00174443520267134
"amont" 23 "023_fs4" 8.3 0 NA NA NA
"amont" 23 "023_fs4" 16.6 0.23896630384114 8.3 0.0287911209447156 NA
"amont" 23 "023_fs4" 24.9 0.820879401919059 8.3 0.0989011327613324 0.008446989375496
"amont" 23 "023_fs4" 33.2 0.56651384892011 8.3 0.0682546805927843 -0.00369234363476483
"amont" 23 "023_fs4" 41.5 1.12594203246351 8.3 0.135655666561869 0.00812060071916679
"amont" 23 "023_fs4" 49.8 0.857935756872469 8.3 0.103365753840057 -0.00389035093033881
"amont" 23 "023_fs4" 58.1 0.983952299020482 8.3 0.118548469761504 0.00182924288210207
"amont" 23 "023_fs4" 66.4 0.733547127951273 8.3 0.0883791720423219 -0.00363485514688937
"amont" 23 "023_fs4" 74.7 0.693941128476554 8.3 0.0836073648766933 -0.000574916525979359
"amont" 23 "023_fs4" 83 0.796264862847837 8.3 0.0959355256443177 0.00148532057441258
"amont" 23 "023_fs4" 91.3 0.705546196857223 8.30000000000001 0.0850055658864123 -0.00131686262143438
"amont" 23 "023_fs4" 99.6 0.703670242207377 8.29999999999998 0.0847795472539011 -2.7231160543522e-05
"amont" 23 "023_fs4" 107.9 0.604682086395857 8.3 0.0728532634211876 -0.00143690166659198
"amont" 24 "024_fs1" 8.3 0 NA NA NA
"amont" 24 "024_fs1" 16.6 0.140081564721384 8.3 0.0168772969543836 NA
"amont" 24 "024_fs1" 24.9 0.790098595079934 8.3 0.0951926018168595 0.00943557889909349
"amont" 24 "024_fs1" 33.2 0.507804005061026 8.3 0.0611812054290393 -0.0040977586009422
"amont" 24 "024_fs1" 41.5 0.71543620369346 8.3 0.0861971329751157 0.00301396717422608
"amont" 24 "024_fs1" 49.8 0.387272426366189 8.3 0.0466593284778541 -0.00476359090328454
"amont" 24 "024_fs1" 58.1 0.407910139890885 8.3 0.0491457999868536 0.000299574880602348
"amont" 24 "024_fs1" 66.4 0.356725956668506 8.3 0.0429790309239164 -0.000742984224450264
"amont" 24 "024_fs1" 74.7 0.352759300671336 8.3 0.0425011205628115 -5.75795615788954e-05
"amont" 24 "024_fs1" 83 0.257395209200151 8.3 0.0310114709879701 -0.00138429512949897
"amont" 24 "024_fs1" 91.3 0.283450680620085 8.30000000000001 0.0341506844120584 0.000378218484829923
"amont" 24 "024_fs1" 99.6 0.220399037000455 8.29999999999998 0.0265541008434284 -0.000915251032365064
"amont" 24 "024_fs1" 107.9 0.201781657533606 8.3 0.0243110430763381 -0.000270247923745824
"amont" 24 "024_fs2" 8.3 0 NA NA NA
"amont" 24 "024_fs2" 16.6 0.0756801139107119 8.3 0.00911808601333878 NA
"amont" 24 "024_fs2" 24.9 0.337056737081596 8.3 0.0406092454315176 0.00379411559255167
"amont" 24 "024_fs2" 33.2 0.438372840556186 8.3 0.0528160048862875 0.00147069391021323
"amont" 24 "024_fs2" 41.5 0.505265183849241 8.3 0.0608753233553303 0.000971002225185882
"amont" 24 "024_fs2" 49.8 0.440460365552422 8.3 0.0530675139219786 -0.000940699931729123
"amont" 24 "024_fs2" 58.1 0.322199724309869 8.3 0.0388192438927553 -0.00171665903966545
"amont" 24 "024_fs2" 66.4 0.416865186187568 8.3 0.0502247212274178 0.00137415389574247
"amont" 24 "024_fs2" 74.7 0.486815705536122 8.3 0.0586524946429063 0.00101539438740826
"amont" 24 "024_fs2" 83 0.559597346299819 8.3 0.0674213670240747 0.00105649064833353
"amont" 24 "024_fs2" 91.3 0.6566490638101 8.30000000000001 0.0791143450373614 0.00140879253172129
"amont" 25 "025_fs1" 8.3 0 NA NA NA
"amont" 25 "025_fs1" 16.6 0.315240065417631 8.3 0.0379807307732086 NA
"amont" 25 "025_fs1" 24.9 0.910813926221438 8.3 0.109736617617041 0.00864528757154605
"amont" 25 "025_fs1" 33.2 0.539809413458038 8.3 0.0650372787298841 -0.0053854625165249
"amont" 25 "025_fs1" 41.5 1.40359659284264 8.3 0.169108023234053 0.0125386439161649
"amont" 25 "025_fs1" 49.8 1.05772563588412 8.3 0.127436823600497 -0.00502062646187427
"amont" 25 "025_fs1" 58.1 1.04128738252105 8.3 0.125456311147115 -0.00023861595823876
"amont" 25 "025_fs1" 66.4 0.859893865643889 8.3 0.103601670559505 -0.00263308922742292
"amont" 25 "025_fs1" 74.7 0.933862569918352 8.3 0.112513562640765 0.00107372193750128
"amont" 25 "025_fs1" 83 0.760503658359832 8.3 0.0916269467903413 -0.00251645974101494
"amont" 25 "025_fs1" 91.3 0.679994353547434 8.30000000000001 0.0819270305478835 -0.00116866460752503
"amont" 25 "025_fs1" 99.6 0.679923348577849 8.29999999999998 0.0819184757322711 -1.03070067619336e-06
"amont" 25 "025_fs2" 8.3 0 NA NA NA
"amont" 25 "025_fs2" 16.6 0.231613649485769 8.3 0.027905258974189 NA
"amont" 25 "025_fs2" 24.9 0.370022578973528 8.3 0.0445810336112684 0.00200912947434691
"amont" 25 "025_fs2" 33.2 0.725071903651988 8.3 0.0873580606809623 0.00515385868309565
"amont" 25 "025_fs2" 41.5 1.12671478316823 8.3 0.135748769056413 0.0058302058283676
"amont" 25 "025_fs2" 49.8 0.911807868860603 8.3 0.109856369742241 -0.00311956618243037
"amont" 25 "025_fs2" 58.1 0.756710607447538 8.3 0.0911699527045226 -0.0022513755467131
"amont" 25 "025_fs2" 66.4 0.82587571051496 8.3 0.0995030976524048 0.00100399336721471
"amont" 25 "025_fs2" 74.7 0.78978670577528 8.3 0.0951550247922024 -0.000523864200024374
"amont" 25 "025_fs2" 83 0.895264167299492 8.3 0.107863152686686 0.0015310997463233
"amont" 25 "025_fs2" 91.3 0.659042882457779 8.30000000000001 0.0794027569226239 -0.0034289633450677
"amont" 25 "025_fs2" 99.6 0.634809321069896 8.29999999999998 0.076483050731313 -0.00035177183027842
"amont" 25 "025_fs2" 107.9 0.68941481091298 8.3 0.0830620254112024 0.000792647551793908
"amont" 25 "025_fs3" 8.3 0 NA NA NA
"amont" 25 "025_fs3" 16.6 0.201432131100909 8.3 0.0242689314579408 NA
"amont" 25 "025_fs3" 24.9 0.438304830106074 8.3 0.0528078108561535 0.00343841920460393
"amont" 25 "025_fs3" 33.2 0.53477396397552 8.3 0.0644305980693397 0.00140033580881762
"amont" 25 "025_fs3" 41.5 0.784484577778983 8.3 0.0945162141902389 0.00362477302661436
"amont" 25 "025_fs3" 49.8 1.0715054157037 8.3 0.12909703803659 0.00416636431883753
"amont" 25 "025_fs3" 58.1 1.26375360471913 8.3 0.152259470448087 0.00279065450740928
"amont" 25 "025_fs3" 66.4 0.730287578177051 8.3 0.0879864552020543 -0.0077437367766305
"amont" 25 "025_fs3" 74.7 0.623536774773561 8.3 0.0751249126233206 -0.00154958344322092
"amont" 25 "025_fs3" 83 0.803441178806028 8.3 0.0968001420248227 0.00261147342186773
"amont" 25 "025_fs3" 91.3 0.842390085573732 8.30000000000001 0.101492781394425 0.000565378237301524
"amont" 25 "025_fs3" 99.6 0.823496074716796 8.29999999999998 0.0992163945441925 -0.000274263475931672
"amont" 25 "025_fs3" 107.9 0.737544317789365 8.3 0.0888607611794417 -0.00124766667045191
"amont" 26 "026_fs1" 8.3 0 NA NA NA
"amont" 26 "026_fs1" 16.6 0.284555134508172 8.3 0.0342837511455629 NA
"amont" 26 "026_fs1" 24.9 0.535590880835912 8.3 0.0645290217874593 0.00364400851107185
"amont" 26 "026_fs1" 33.2 0.924820985522361 8.3 0.111424215123176 0.00565002329345984
"amont" 26 "026_fs1" 41.5 0.769215329881959 8.3 0.0926765457689108 -0.00225875534388737
"amont" 26 "026_fs1" 49.8 0.558252279449589 8.3 0.0672593107770589 -0.00306231746889781
"amont" 26 "026_fs1" 58.1 0.648106482924035 8.3 0.0780851184245825 0.00130431417440043
"amont" 26 "026_fs1" 66.4 0.760299430686056 8.3 0.0916023410465127 0.00162858103878677
"amont" 26 "026_fs1" 74.7 0.535225446603317 8.3 0.0644849935666647 -0.00326715029877687
"amont" 26 "026_fs1" 83 0.427854396792167 8.3 0.0515487225050803 -0.00155858687488968
"amont" 26 "026_fs2" 8.3 0 NA NA NA
"amont" 26 "026_fs2" 16.6 0.366074025709552 8.3 0.0441053043023556 NA
"amont" 26 "026_fs2" 24.9 0.416492028118926 8.3 0.050179762423967 0.000731862424290522
"amont" 26 "026_fs2" 33.2 0.470220205291646 8.3 0.056653036782126 0.000779912573272172
"amont" 26 "026_fs2" 41.5 1.11340295909654 8.3 0.134144934830909 0.0093363732588895
"amont" 26 "026_fs2" 49.8 0.427599246827828 8.3 0.0515179815455214 -0.00995505461269728
"amont" 26 "026_fs2" 58.1 0.585842629210239 8.3 0.0705834493024383 0.00229704430806228
"amont" 26 "026_fs2" 66.4 0.318955006372902 8.3 0.0384283140208315 -0.00387411268453094
"amont" 26 "026_fs2" 74.7 0.429057901619225 8.3 0.0516937230866536 0.00159824205612315
"amont" 26 "026_fs2" 83 0.209951609460702 8.3 0.0252953746338196 -0.00318052390998001
"aval" 27 "027_fs1" 8.3 0 NA NA NA
"aval" 27 "027_fs1" 16.6 0.304797504333052 8.3 0.0367225908835003 NA
"aval" 27 "027_fs1" 24.9 0.785578838328767 8.3 0.0946480528106948 0.00697897131652946
"aval" 27 "027_fs1" 33.2 0.726441732671064 8.3 0.0875231003218149 -0.000858428010708418
"aval" 27 "027_fs1" 41.5 0.646288049935139 8.3 0.0778660301126673 -0.00116350243483706
"aval" 27 "027_fs1" 49.8 0.969191391896305 8.3 0.116770047216422 0.00468723097635602
"aval" 27 "027_fs1" 58.1 0.641060483514992 8.3 0.0772362028331316 -0.00476311378111936
"aval" 27 "027_fs1" 66.4 0.692897443177588 8.3 0.0834816196599503 0.000752459858652857
"aval" 27 "027_fs1" 74.7 0.686492542424306 8.3 0.0827099448703983 -9.29728662110802e-05
"aval" 27 "027_fs1" 83 0.39759340658674 8.3 0.0479028200706916 -0.00419362949394057
"aval" 27 "027_fs1" 91.3 0.506252570345338 8.30000000000001 0.0609942855837756 0.00157728500157639
"aval" 27 "027_fs1" 99.6 0.311923175127004 8.29999999999998 0.0375811054369885 -0.00282086507792616
"aval" 27 "027_fs2" 8.3 0 NA NA NA
"aval" 27 "027_fs2" 16.6 0.222140146929981 8.3 0.0267638731240941 NA
"aval" 27 "027_fs2" 24.9 0.902030244334871 8.3 0.108678342690948 0.00986921320082582
"aval" 27 "027_fs2" 33.2 0.636822372958146 8.3 0.076725587103391 -0.00384972958886233
"aval" 27 "027_fs2" 41.5 0.692897122732811 8.3 0.083481581052146 0.000813975174548788
"aval" 27 "027_fs2" 49.8 1.15477790445699 8.3 0.139129868006866 0.00670461288611089
"aval" 27 "027_fs2" 58.1 0.935742831283251 8.3 0.112740100154609 -0.00317949010268166
"aval" 27 "027_fs2" 66.4 1.03177921119799 8.3 0.124310748337107 0.00139405399789143
"aval" 27 "027_fs2" 74.7 1.0428403156284 8.3 0.125643411521494 0.000160561829444127
"aval" 27 "027_fs2" 83 0.756271311785165 8.3 0.091117025516285 -0.00415980554279623
"aval" 27 "027_fs2" 91.3 0.663445343306238 8.30000000000001 0.0799331738923177 -0.00134745200288762
"aval" 27 "027_fs3" 8.3 0 NA NA NA
"aval" 27 "027_fs3" 16.6 0.392110170168103 8.3 0.0472421891768799 NA
"aval" 27 "027_fs3" 24.9 0.560018146528193 8.3 0.0674720658467702 0.00243733453854101
"aval" 27 "027_fs3" 33.2 1.0061046090395 8.3 0.121217422775843 0.00647534420832207
"aval" 27 "027_fs3" 41.5 1.13879704669415 8.3 0.137204463457127 0.0019261494796727
"aval" 27 "027_fs3" 49.8 1.06120422587818 8.3 0.127855930828696 -0.00112632923234105
"aval" 27 "027_fs3" 58.1 1.08018094489749 8.3 0.130142282517769 0.000275464058924473
"aval" 27 "027_fs3" 66.4 0.879264440966205 8.3 0.105935474815205 -0.00291648285573059
"aval" 29 "029_fs1" 8.3 0 NA NA NA
"aval" 29 "029_fs1" 16.6 0.340572263304238 8.3 0.0410328028077396 NA
"aval" 29 "029_fs1" 24.9 0.538485688867721 8.3 0.0648777938394845 0.0028728904857524
"aval" 29 "029_fs1" 33.2 0.68412951720404 8.3 0.0824252430366312 0.00211415050568034
"aval" 29 "029_fs1" 41.5 0.902027786871644 8.3 0.108678046611041 0.00316298838245907
"aval" 29 "029_fs1" 49.8 0.877825533521467 8.3 0.105762112472466 -0.000351317366093435
"aval" 29 "029_fs1" 58.1 1.09986521535866 8.3 0.132513881368514 0.00322310468627079
"aval" 29 "029_fs1" 66.4 0.843064563417324 8.3 0.10157404378522 -0.00372769127509564
"aval" 29 "029_fs1" 74.7 0.927424149977076 8.3 0.111737849394829 0.00122455489272396
"aval" 29 "029_fs2" 8.3 0 NA NA NA
"aval" 29 "029_fs2" 16.6 0.433090160882879 8.3 0.0521795374557685 NA
"aval" 29 "029_fs2" 24.9 0.531637319990532 8.3 0.0640526891554858 0.00143050020478522
"aval" 29 "029_fs2" 33.2 0.667241957869827 8.3 0.0803905973337141 0.0019684226720757
"aval" 29 "029_fs2" 41.5 0.88902894105187 8.3 0.107111920608659 0.00321943653914999
"aval" 29 "029_fs2" 49.8 0.768693363216465 8.3 0.0926136582188512 -0.00174677860118166
"aval" 29 "029_fs2" 58.1 0.961966093012524 8.3 0.115899529278617 0.00280552663370675
"aval" 29 "029_fs2" 66.4 0.861187881057621 8.3 0.103757576031039 -0.0014628859334432
"aval" 29 "029_fs2" 74.7 0.914339605078285 8.3 0.110161398202203 0.000771544839899326
"amont" 37 "037_fs1" 8.3 0 NA NA NA
"amont" 37 "037_fs1" 16.6 0.183743109539925 8.3 0.0221377240409549 NA
"amont" 37 "037_fs1" 24.9 0.454295252545598 8.3 0.0547343677765781 0.00392730647417148
"amont" 37 "037_fs1" 33.2 0.56967877004302 8.3 0.0686359963907253 0.00167489501375267
"amont" 37 "037_fs1" 41.5 0.641255978194188 8.3 0.0772597564089383 0.00103900723111
"amont" 37 "037_fs1" 49.8 0.736101569498892 8.3 0.0886869360842039 0.00137676863557417
"amont" 37 "037_fs1" 58.1 0.612756878998142 8.3 0.0738261299997761 -0.00179045856438889
"amont" 37 "037_fs1" 66.4 0.663857609608204 8.3 0.0799828445311088 0.000741772835100326
"amont" 37 "037_fs1" 74.7 0.439235193931475 8.3 0.0529199028833102 -0.00326059537925285
"amont" 37 "037_fs1" 83 0.42797015304288 8.3 0.0515626690413108 -0.00016352214963848
"amont" 37 "037_fs1" 91.3 0.302484463768753 8.30000000000001 0.0364439112974401 -0.00182153707757479
"amont" 37 "037_fs1" 99.6 0.363985434507383 8.29999999999998 0.0438536668081185 0.000892741627792584
"amont" 37 "037_fs1" 107.9 0.380312215461077 8.3 0.0458207488507322 0.000236997836459474
"amont" 37 "037_fs1" 116.2 0.172958772670818 8.30000000000001 0.0208384063458817 -0.00300992078371692
"amont" 37 "037_fs1" 124.5 0.205233711792418 8.3 0.0247269532280022 0.000468499624351862
"amont" 37 "037_fs1" 132.8 0.297278553651455 8.30000000000001 0.0358166932110186 0.00133611325096584
"amont" 37 "037_fs1" 141.1 0.174136712026635 8.29999999999998 0.020980326750197 -0.00178751403142429
"amont" 37 "037_fs1" 149.4 0.227278444148911 8.30000000000001 0.027382945078182 0.000771399798552409
"amont" 37 "037_fs1" 157.7 0.126691364783436 8.30000000000001 0.015264019853426 -0.00146011147286217
"amont" 37 "037_fs1" 166 0.0758699092102618 8.29999999999998 0.00914095291689903 -0.000737718908015301
"amont" 37 "037_fs1" 174.3 0.235221697207272 8.30000000000001 0.0283399635189484 0.00231313380747583
"amont" 37 "037_fs1" 182.6 0.0221077134612099 8.30000000000001 0.00266357993508553 -0.00309354019082685
"amont" 37 "037_fs2" 8.3 0 NA NA NA
"amont" 37 "037_fs2" 16.6 0.0245684958051662 8.3 0.0029600597355622 NA
"amont" 37 "037_fs2" 24.9 0.378430835260889 8.3 0.0455940765374566 0.00513662853034872
"amont" 37 "037_fs2" 33.2 0.478000840495461 8.3 0.0575904627102965 0.00144534773166746
"amont" 37 "037_fs2" 41.5 0.7040251473016 8.3 0.0848223069038073 0.00328094508355552
"amont" 37 "037_fs2" 49.8 0.967139033311849 8.3 0.116522775097813 0.00381933351735011
"amont" 37 "037_fs2" 58.1 1.07253354182554 8.3 0.12922090865368 0.00152989560914054
"amont" 37 "037_fs2" 66.4 1.02567065871046 8.3 0.123574778157887 -0.000680256686240142
"amont" 37 "037_fs2" 74.7 0.973918919236096 8.3 0.117339628823626 -0.000751222811356689
"amont" 37 "037_fs2" 83 1.04404381633721 8.3 0.125788411606892 0.0010179256365381
"amont" 37 "037_fs2" 91.3 1.19245173303338 8.30000000000001 0.143668883497997 0.00215427372181983
"amont" 37 "037_fs2" 99.6 1.16012045076072 8.29999999999998 0.139773548284425 -0.000469317495611115
"amont" 37 "037_fs3" 8.3 0 NA NA NA
"amont" 37 "037_fs3" 16.6 0.231830525689753 8.3 0.0279313886373196 NA
"amont" 37 "037_fs3" 24.9 0.530357024682832 8.3 0.063898436708775 0.00433337928571751
"amont" 37 "037_fs3" 33.2 0.297214447206892 8.3 0.035808969542999 -0.00338427315250312
"amont" 37 "037_fs3" 41.5 0.563629626163265 8.3 0.0679071838750922 0.00386725473880641
"amont" 37 "037_fs3" 49.8 0.863574881085958 8.3 0.104045166395899 0.00435397379768751
"amont" 37 "037_fs3" 58.1 0.571671517086674 8.3 0.0688760863959848 -0.00423723855420647
"amont" 37 "037_fs3" 66.4 0.575500640049188 8.3 0.0693374265119503 5.55831465018698e-05
"amont" 37 "037_fs3" 74.7 0.703995137010124 8.3 0.0848186912060391 0.00186521261374564
"amont" 37 "037_fs3" 83 0.459918426187041 8.3 0.0554118585767519 -0.00354299188304665
"amont" 37 "037_fs3" 91.3 0.421108270123076 8.30000000000001 0.0507359361594067 -0.000563364146668101
"amont" 37 "037_fs3" 99.6 0.47257930426227 8.29999999999998 0.0569372655737676 0.00074714812221216
"amont" 37 "037_fs3" 107.9 0.382850079293278 8.3 0.0461265155775034 -0.0013024999995499
"amont" 37 "037_fs3" 116.2 0.512292802151399 8.30000000000001 0.0617220243555902 0.00187897696121527
"amont" 37 "037_fs3" 124.5 0.311772130509873 8.3 0.0375629072903462 -0.00291073699581253
"amont" 37 "037_fs3" 132.8 0.432401072724887 8.30000000000001 0.0520965147861308 0.0017510370476849
"amont" 37 "037_fs3" 141.1 0.289251515290412 8.29999999999998 0.0348495801554714 -0.00207794393140475
"amont" 38 "038_fs1" 8.3 0 NA NA NA
"amont" 38 "038_fs1" 16.6 0.454960237923713 8.3 0.0548144864968329 NA
"amont" 38 "038_fs1" 24.9 0.599354621112104 8.3 0.0722114001339885 0.00209601369122356
"amont" 38 "038_fs1" 33.2 1.05532363115428 8.3 0.127147425440275 0.00661879822967308
"amont" 38 "038_fs1" 41.5 0.981844255338584 8.3 0.11829448859501 -0.00106661889701987
"amont" 38 "038_fs1" 49.8 0.626296988929971 8.3 0.0754574685457796 -0.00516108675291935
"amont" 38 "038_fs1" 58.1 0.774954781001644 8.3 0.0933680459038125 0.00215790088650999
"amont" 38 "038_fs1" 66.4 0.403170636152147 8.3 0.0485747754400177 -0.00539677957395118
"amont" 38 "038_fs1" 74.7 0.517493228719672 8.3 0.0623485817734545 0.00165949473896829
"amont" 38 "038_fs1" 83 0.539124849337928 8.3 0.0649548011250516 0.000314002331517716
"amont" 38 "038_fs1" 91.3 0.471610451094672 8.30000000000001 0.0568205362764664 -0.000980031909468091
"amont" 38 "038_fs1" 99.6 0.481211220644664 8.29999999999998 0.0579772554993572 0.000139363761794076
"amont" 38 "038_fs1" 107.9 0.566175192686264 8.3 0.0682138786368993 0.00123332808886049
"amont" 38 "038_fs1" 116.2 0.35394731839339 8.30000000000001 0.0426442552281193 -0.00308067751913012
"amont" 38 "038_fs1" 124.5 0.686098069216483 8.3 0.0826624179778896 0.0048214653915386
"amont" 38 "038_fs1" 132.8 0.350161143526675 8.30000000000001 0.0421880895815271 -0.00487642510799547
"amont" 38 "038_fs1" 141.1 0.337127270723228 8.29999999999998 0.04061774346063 -0.000189198327818934
"amont" 38 "038_fs2" 8.3 0 NA NA NA
"amont" 38 "038_fs2" 16.6 0.165020362790833 8.3 0.0198819714205822 NA
"amont" 38 "038_fs2" 24.9 0.373847278746146 8.3 0.0450418408127886 0.00303130956532607
"amont" 38 "038_fs2" 33.2 0.99133123551606 8.3 0.119437498254947 0.00896333222194677
"amont" 38 "038_fs2" 41.5 0.828369670216172 8.3 0.0998035747248401 -0.00236553295543456
"amont" 38 "038_fs2" 49.8 1.53646667219285 8.3 0.185116466529259 0.010278661663183
"amont" 38 "038_fs2" 58.1 0.57530114144549 8.3 0.0693133905356011 -0.0139521778305612
"amont" 38 "038_fs2" 66.4 1.53532048677514 8.3 0.184978371900619 0.0139355399234961
"amont" 38 "038_fs2" 74.7 0.639887813985338 8.3 0.0770949173476311 -0.0129980065726491
"amont" 38 "038_fs2" 83 1.27992865225222 8.3 0.154208271355689 0.00929076554313954
"amont" 38 "038_fs2" 91.3 1.21174811585409 8.30000000000001 0.145993748898083 -0.000989701500916449
"amont" 38 "038_fs2" 99.6 0.936709765242031 8.29999999999998 0.112856598221932 -0.00399242779230738
"amont" 38 "038_fs2" 107.9 0.947561664807891 8.3 0.114164056000951 0.000157525033616757
"amont" 38 "038_fs2" 116.2 1.1486737409541 8.30000000000001 0.138394426620976 0.00291932176144877
"amont" 38 "038_fs2" 124.5 0.950942768380731 8.3 0.114571417877197 -0.00287024201732277
"amont" 38 "038_fs2" 132.8 0.915806318603822 8.30000000000001 0.110338110675159 -0.000510037012293671
"amont" 38 "038_fs2" 141.1 0.829779739306646 8.29999999999998 0.099973462567066 -0.00124875278410761
"amont" 38 "038_fs3" 8.3 0 NA NA NA
"amont" 38 "038_fs3" 16.6 0.376435416018062 8.3 0.0453536645804895 NA
"amont" 38 "038_fs3" 24.9 0.584344535746782 8.3 0.0704029561140702 0.00301798693175672
"amont" 38 "038_fs3" 33.2 0.996851192780606 8.3 0.120102553347061 0.00598790328108321
"amont" 38 "038_fs3" 41.5 0.880998291980106 8.3 0.106144372527724 -0.00168170853245027
"amont" 38 "038_fs3" 49.8 1.37863983700708 8.3 0.166101185181576 0.00722371236793408
"amont" 38 "038_fs3" 58.1 0.995116397313832 8.3 0.11989354184504 -0.00556718594416102
"amont" 38 "038_fs3" 66.4 1.03442668015677 8.3 0.124629720500815 0.000570623934430782
"amont" 38 "038_fs3" 74.7 0.867371020990702 8.3 0.104502532649482 -0.00242496239172689
"amont" 38 "038_fs3" 83 0.843580605298175 8.3 0.101636217505804 -0.000345339173937106
"amont" 38 "038_fs3" 91.3 0.70387850554969 8.30000000000001 0.0848046392228541 -0.0020279009979458
"amont" 38 "038_fs3" 99.6 0.717717317042704 8.29999999999998 0.0864719659087596 0.000200882733241638
"amont" 38 "038_fs3" 107.9 0.508458788740753 8.3 0.0612600950290064 -0.00303757480478955
"amont" 39 "039_fs1" 8.3 0 NA NA NA
"amont" 39 "039_fs1" 16.6 0.259692211582467 8.3 0.0312882182629479 NA
"amont" 39 "039_fs1" 24.9 0.533141739554925 8.3 0.0642339445246898 0.00396936460984843
"amont" 39 "039_fs1" 33.2 0.514688571766357 8.3 0.0620106712971514 -0.000267864244281736
"amont" 39 "039_fs1" 41.5 0.743130943454353 8.3 0.0895338486089582 0.00331604545925383
"amont" 39 "039_fs1" 49.8 0.739909868959156 8.3 0.0891457673444766 -4.67567788532017e-05
"amont" 39 "039_fs1" 58.1 0.93487724431792 8.3 0.112635812568424 0.00283012593059606
"amont" 39 "039_fs1" 66.4 0.545874448979838 8.3 0.0657680059011852 -0.00564672369484804
"amont" 39 "039_fs1" 74.7 0.54328272740341 8.3 0.0654557502895675 -3.76211580262337e-05
"amont" 39 "039_fs1" 83 0.418711903584053 8.3 0.0504472172992835 -0.0018082569867812
"amont" 39 "039_fs1" 91.3 0.403427467998141 8.30000000000001 0.0486057190359205 -0.00022186726064615
"amont" 39 "039_fs1" 99.6 0.331062043754602 8.29999999999998 0.0398869932234461 -0.00105044889306921
"amont" 39 "039_fs1" 107.9 0.236527100440124 8.3 0.0284972410168824 -0.00137225930199563
"amont" 39 "039_fs1" 116.2 0.212200411108547 8.30000000000001 0.0255663145913911 -0.000353123665721839
"amont" 39 "039_fs1" 124.5 0.169905631570181 8.3 0.0204705580205037 -0.00061394657480571
"amont" 39 "039_fs1" 132.8 0.246968430464732 8.30000000000001 0.0297552325861122 0.00111863548983235
"amont" 39 "039_fs1" 141.1 0.171683291694975 8.29999999999998 0.0206847339391537 -0.00109283116228417
"amont" 39 "039_fs1" 149.4 0.0828288948255669 8.30000000000001 0.00997938491874299 -0.00128980108679647
"amont" 39 "039_fs1" 157.7 0.136364937633136 8.30000000000001 0.0164295105582092 0.000777123571020019
"amont" 39 "039_fs1" 166 0.124490415580567 8.29999999999998 0.0149988452506707 -0.000172369314161255
"amont" 39 "039_fs2" 8.3 0 NA NA NA
"amont" 39 "039_fs2" 16.6 0.223914407644282 8.3 0.0269776394752147 NA
"amont" 39 "039_fs2" 24.9 0.67546940893613 8.3 0.0813818564983289 0.00655472494254388
"amont" 39 "039_fs2" 33.2 0.975417182911803 8.3 0.117520142519494 0.00435401036399582
"amont" 39 "039_fs2" 41.5 0.858396715441806 8.3 0.103421291017085 -0.00169865680751918
"amont" 39 "039_fs2" 49.8 1.21236842865525 8.3 0.146068485380151 0.0051382161883212
"amont" 39 "039_fs2" 58.1 1.25423043727455 8.3 0.151112100876452 0.00060766451762666
"amont" 39 "039_fs2" 66.4 1.21903683510192 8.3 0.146871907843605 -0.000510866630463561
"amont" 39 "039_fs2" 74.7 0.905708100608632 8.3 0.109121457904655 -0.00454824698059641
"amont" 39 "039_fs2" 83 0.830066048174845 8.3 0.100007957611427 -0.00109801208352137
"amont" 39 "039_fs2" 91.3 0.790816724252079 8.30000000000001 0.0952791234038649 -0.00056973906115208
"amont" 39 "039_fs2" 99.6 0.610955203276403 8.29999999999998 0.0736090606357113 -0.00261085093592212
"amont" 39 "039_fs2" 107.9 0.506129787186815 8.3 0.0609794924321464 -0.00152163472332107
"amont" 39 "039_fs2" 116.2 0.465784897037676 8.30000000000001 0.0561186622936959 -0.000585642185355488
"amont" 39 "039_fs2" 124.5 0.301875804454449 8.3 0.0363705788499336 -0.00237928716189907
"amont" 39 "039_fs2" 132.8 0.330046102676704 8.30000000000001 0.0397645906839401 0.000408917088434523
"amont" 39 "039_fs2" 141.1 0.328636966618552 8.29999999999998 0.0395948152552473 -2.04548709268477e-05
"amont" 39 "039_fs3" 8.3 0 NA NA NA
"amont" 39 "039_fs3" 16.6 0.0290527873231961 8.3 0.00350033582207182 NA
"amont" 39 "039_fs3" 24.9 0.399973762823683 8.3 0.0481896099787569 0.0053842498983958
"amont" 39 "039_fs3" 33.2 0.883770337371347 8.3 0.106478353900162 0.00702274023149461
"amont" 39 "039_fs3" 41.5 0.182591890088824 8.3 0.021999022902268 -0.0101782326503487
"amont" 39 "039_fs3" 49.8 1.01146032660854 8.3 0.121862689952836 0.0120317671145263
"amont" 39 "039_fs3" 58.1 1.10165031296985 8.3 0.132728953369862 0.00130918836349711
"amont" 39 "039_fs3" 66.4 0.971156122714878 8.3 0.117006761772877 -0.00189423995144398
"amont" 39 "039_fs3" 74.7 0.611885985864078 8.3 0.073721203116154 -0.00521512754900275
"amont" 39 "039_fs3" 83 0.704632392917678 8.3 0.0848954690262263 0.00134629709759908
"amont" 39 "039_fs3" 91.3 0.835564041014942 8.30000000000001 0.100670366387342 0.00190059004350794
"amont" 39 "039_fs3" 99.6 0.699730863617277 8.29999999999998 0.084304923327383 -0.00197174012770594
"amont" 39 "039_fs3" 107.9 0.653407831414614 8.3 0.0787238351101945 -0.00067242026713114
"amont" 39 "039_fs3" 116.2 0.453826770672407 8.30000000000001 0.0546779241773984 -0.00289709770274652
"amont" 39 "039_fs3" 124.5 0.429525789198237 8.3 0.051750095084125 -0.000352750493165469
"amont" 39 "039_fs3" 132.8 0.358664506123719 8.30000000000001 0.0432125910992433 -0.00102861493793756
"amont" 40 "040_fs1" 8.3 0 NA NA NA
"amont" 40 "040_fs1" 16.6 0.248400640914915 8.3 0.0299277880620379 NA
"amont" 40 "040_fs1" 24.9 0.402931761399053 8.3 0.0485459953492835 0.00224315750448742
"amont" 40 "040_fs1" 33.2 0.674602518512226 8.3 0.0812774118689429 0.0039435441589951
"amont" 40 "040_fs1" 41.5 0.580800513464038 8.3 0.0699759654775949 -0.00136162004715035
"amont" 40 "040_fs1" 49.8 1.07214907815687 8.3 0.129174587729743 0.00713236412676481
"amont" 40 "040_fs1" 58.1 0.767452045705667 8.3 0.0924641018922489 -0.00442295010090287
"amont" 40 "040_fs1" 66.4 0.654940634648822 8.3 0.0789085101986532 -0.00163320381850551
"amont" 40 "040_fs1" 74.7 0.450533557773283 8.3 0.0542811515389498 -0.0029671516457474
"amont" 40 "040_fs1" 83 0.403239288696822 8.3 0.0485830468309424 -0.000686518639518967
"amont" 40 "040_fs1" 91.3 0.412557759610743 8.30000000000001 0.049705754169969 0.00013526594446103
"amont" 40 "040_fs1" 99.6 0.303584665058648 8.29999999999998 0.0365764656697166 -0.00158184198798221
"amont" 40 "040_fs1" 107.9 0.333869368337419 8.3 0.0402252251008939 0.00043960957002136
"amont" 40 "040_fs1" 116.2 0.284095574960507 8.30000000000001 0.0342283825253623 -0.000722511153678512
"amont" 40 "040_fs1" 124.5 0.224669396436702 8.3 0.0270686019803256 -0.000862624162052611
"amont" 40 "040_fs1" 132.8 0.229412789670494 8.30000000000001 0.0276400951410234 6.88545976744292e-05
"amont" 40 "040_fs1" 141.1 0.11636682235145 8.29999999999998 0.0140200990784879 -0.00164096338102837
"amont" 40 "040_fs1" 149.4 0.197924114318778 8.30000000000001 0.0238462788335876 0.00118387707892767
"amont" 40 "040_fs1" 157.7 0.0961452600826611 8.30000000000001 0.0115837662750194 -0.00147741115163473
"amont" 40 "040_fs2" 8.3 0 NA NA NA
"amont" 40 "040_fs2" 16.6 0.0712249489045255 8.3 0.00858131914512355 NA
"amont" 40 "040_fs2" 24.9 0.608504380568563 8.3 0.0733137807913931 0.00779909176461079
"amont" 40 "040_fs2" 33.2 0.607858323499483 8.3 0.0732359425902991 -9.37809651734764e-06
"amont" 40 "040_fs2" 41.5 0.702853093775706 8.3 0.0846810956356273 0.00137893410184677
"amont" 40 "040_fs2" 49.8 1.00739160297128 8.3 0.121372482285696 0.00442064899398422
"amont" 40 "040_fs2" 58.1 0.687728196413516 8.3 0.0828588188450019 -0.00464020041454149
"amont" 40 "040_fs2" 66.4 0.868639030876026 8.3 0.104655304924822 0.00262608266021933
"amont" 40 "040_fs2" 74.7 0.540720005876599 8.3 0.0651469886598312 -0.0047600381042158
"amont" 40 "040_fs2" 83 0.403224052551498 8.3 0.0485812111507829 -0.00199587680831908
"amont" 40 "040_fs2" 91.3 0.605339807754458 8.30000000000001 0.0729325069583683 0.00293389106115487
"amont" 40 "040_fs2" 99.6 0.510765600184877 8.29999999999998 0.0615380241186601 -0.00137282925779618
"amont" 40 "040_fs2" 107.9 0.345304945304333 8.3 0.0416030054583533 -0.00240180947714539
"amont" 40 "040_fs2" 116.2 0.554450247179082 8.30000000000001 0.0668012345998893 0.0030359312218718
"amont" 40 "040_fs2" 124.5 0.379853378283822 8.3 0.0457654672631111 -0.00253442979961184
"amont" 40 "040_fs2" 132.8 0.34702558436021 8.30000000000001 0.0418103113687 -0.000476524806555551
"amont" 40 "040_fs2" 141.1 0.294226878216541 8.29999999999998 0.0354490214718724 -0.000766420469497294
"amont" 40 "040_fs2" 149.4 0.349838532853067 8.30000000000001 0.0421492208256706 0.000807252934192549
"amont" 40 "040_fs3" 8.3 0 NA NA NA
"amont" 40 "040_fs3" 16.6 0.158206220494184 8.3 0.0190609904209861 NA
"amont" 40 "040_fs3" 24.9 0.654061509232899 8.3 0.0788025914738433 0.00719778325938039
"amont" 40 "040_fs3" 33.2 0.762695942488065 8.3 0.0918910774082006 0.00157692601618763
"amont" 40 "040_fs3" 41.5 0.763783839581831 8.3 0.0920221493472086 1.57917998804761e-05
"amont" 40 "040_fs3" 49.8 1.22033892797329 8.3 0.147028786502806 0.00662730568139727
"amont" 40 "040_fs3" 58.1 1.153428559984 8.3 0.138967296383614 -0.000971263869782147
"amont" 40 "040_fs3" 66.4 0.908470312923571 8.3 0.109454254569105 -0.00355578817042279
"amont" 40 "040_fs3" 74.7 0.614401559544912 8.3 0.0740242842825196 -0.0042686711188657
"amont" 40 "040_fs3" 83 0.780743562687991 8.3 0.0940654894804809 0.00241460303589896
"amont" 40 "040_fs3" 91.3 0.634934620806981 8.30000000000001 0.0764981470851784 -0.00211654727654247
"amont" 40 "040_fs3" 99.6 0.601372483552202 8.29999999999998 0.0724545160906269 -0.000487184457174871
"amont" 40 "040_fs3" 107.9 0.432720914085038 8.3 0.0521350498897636 -0.00244812845793535
"amont" 40 "040_fs3" 116.2 0.27376739264902 8.30000000000001 0.0329840232107253 -0.00230735261193232
"amont" 40 "040_fs3" 124.5 0.401192738110735 8.3 0.0483364744711729 0.00184969292294549
"amont" 40 "040_fs3" 132.8 0.213815314648751 8.30000000000001 0.025760881282982 -0.00271995098652902
"amont" 40 "040_fs3" 141.1 0.166542825957906 8.29999999999998 0.0200654007178201 -0.000686202477730348
"amont" 40 "040_fs4" 8.3 0 NA NA NA
"amont" 40 "040_fs4" 16.6 0.317676361934769 8.3 0.0382742604740686 NA
"amont" 40 "040_fs4" 24.9 0.586765998458945 8.3 0.0706946986095115 0.0039060768837883
"amont" 40 "040_fs4" 33.2 0.491568868724438 8.3 0.0592251649065588 -0.00138187153047623
"amont" 40 "040_fs4" 41.5 0.741636509052179 8.3 0.089353796271347 0.00362995558611906
"amont" 40 "040_fs4" 49.8 0.806503317946824 8.3 0.0971690744514246 0.00094159978073225
"amont" 40 "040_fs4" 58.1 0.591472972639091 8.3 0.0712618039324206 -0.00312135789385591
"amont" 40 "040_fs4" 66.4 0.627526525429595 8.3 0.0756056054734452 0.000523349583255977
"amont" 40 "040_fs4" 74.7 0.743365969070349 8.3 0.0895621649482349 0.0016815131897337
"amont" 40 "040_fs4" 83 0.537141399610559 8.3 0.0647158312783806 -0.00299353417709087
"amont" 40 "040_fs4" 91.3 0.45006744652472 8.30000000000001 0.0542249935571951 -0.00126395635195006
"amont" 40 "040_fs4" 99.6 0.376335176958902 8.29999999999998 0.0453415875854099 -0.0010702898761187
"amont" 40 "040_fs4" 107.9 0.412797557746056 8.3 0.049734645511573 0.000529284087489529
"amont" 40 "040_fs4" 116.2 0.383470385125839 8.30000000000001 0.0462012512199805 -0.000425710155613557
"amont" 40 "040_fs4" 124.5 0.284323783056929 8.3 0.0342558774767385 -0.00143920165581229
"amont" 40 "040_fs4" 132.8 0.355803682123618 8.30000000000001 0.0428679135088696 0.0010375947026664
"amont" 41 "041_fs1" 8.3 0 NA NA NA
"amont" 41 "041_fs1" 16.6 0.152670363455004 8.3 0.0183940196933739 NA
"amont" 41 "041_fs1" 24.9 0.561806108289243 8.3 0.0676874829264149 0.00593897147386035
"amont" 41 "041_fs1" 33.2 0.726569422741568 8.3 0.0875384846676587 0.00239168695677637
"amont" 41 "041_fs1" 41.5 0.804379474196173 8.3 0.0969131896621895 0.00112948252946154
"amont" 41 "041_fs1" 49.8 0.865569336518359 8.3 0.104285462231128 0.000888225610715431
"amont" 41 "041_fs1" 58.1 0.789532541076754 8.3 0.0951244025393679 -0.00110374213153731
"amont" 41 "041_fs1" 66.4 1.00388658743855 8.3 0.120950191257656 0.00311154080943234
"amont" 41 "041_fs1" 74.7 0.547448648075064 8.3 0.0659576684427788 -0.00662560515841899
"amont" 41 "041_fs1" 83 0.666007879534113 8.3 0.0802419131968811 0.00172099334386775
"amont" 41 "041_fs1" 91.3 0.547526898500393 8.30000000000001 0.0659670962048665 -0.00171985746891742
"amont" 41 "041_fs1" 99.6 0.447819406410081 8.29999999999998 0.0539541453506123 -0.00144734347641617
"amont" 41 "041_fs1" 107.9 0.537091569974747 8.3 0.0647098277078009 0.00129586534423959
"amont" 41 "041_fs1" 116.2 0.183490428398408 8.30000000000001 0.0221072805299286 -0.0051328370093822
"amont" 41 "041_fs1" 124.5 0.321346873364536 8.3 0.0387164907668116 0.00200110966709433
"amont" 41 "041_fs2" 8.3 0 NA NA NA
"amont" 41 "041_fs2" 16.6 0.191937202504221 8.3 0.0231249641571351 NA
"amont" 41 "041_fs2" 24.9 0.717743461806261 8.3 0.0864751158802725 0.00763254840037801
"amont" 41 "041_fs2" 33.2 0.61430761419674 8.3 0.0740129655658723 -0.00150146389330123
"amont" 41 "041_fs2" 41.5 1.11987640332315 8.3 0.134924867870259 0.00733878341016712
"amont" 41 "041_fs2" 49.8 1.27893485327551 8.3 0.154088536539218 0.00230887574324804
"amont" 41 "041_fs2" 58.1 0.722842928211393 8.3 0.0870895094230594 -0.00807217194170586
"amont" 41 "041_fs2" 66.4 1.06168059146136 8.3 0.127913324272453 0.00491853190956547
"amont" 41 "041_fs2" 74.7 1.04895682564046 8.3 0.126380340438609 -0.000184696847451025
"amont" 41 "041_fs2" 83 0.802136232204807 8.3 0.0966429195427479 -0.0035828217946821
"amont" 41 "041_fs2" 91.3 0.762221603663742 8.30000000000001 0.091833928152258 -0.000579396553071072
"amont" 41 "041_fs2" 99.6 0.880010128324033 8.29999999999998 0.106025316665546 0.00170980584497451
"amont" 42 "042_fs1" 8.3 0 NA NA NA
"amont" 42 "042_fs1" 16.6 0.304509747339926 8.3 0.0366879213662562 NA
"amont" 42 "042_fs1" 24.9 0.632532381759123 8.3 0.0762087206938702 0.00476154208766435
"amont" 42 "042_fs1" 33.2 1.04288985935751 8.3 0.125649380645484 0.00595670601826667
"amont" 42 "042_fs1" 41.5 0.822152544696442 8.3 0.0990545234574027 -0.00320419966121457
"amont" 42 "042_fs1" 49.8 1.36063249864376 8.3 0.163931626342622 0.00781651841990592
"amont" 42 "042_fs1" 58.1 1.45744086560532 8.3 0.175595285012689 0.00140526008073093
"amont" 42 "042_fs1" 66.4 1.26658889401216 8.3 0.15260107156773 -0.00277038716204321
"amont" 42 "042_fs1" 74.7 0.962470031489948 8.3 0.115960244757825 -0.00441455744697648
"amont" 42 "042_fs1" 83 1.36793920705788 8.3 0.164811952657576 0.00588574793972898
"amont" 42 "042_fs1" 91.3 0.946172161381191 8.30000000000001 0.113996645949541 -0.00612232610940176
"amont" 42 "042_fs1" 99.6 1.12121354694488 8.29999999999998 0.135085969511431 0.00254088235685423
"amont" 42 "042_fs1" 107.9 1.12252734236524 8.3 0.135244258116294 1.90709162485709e-05
"amont" 42 "042_fs1" 116.2 1.0040067283151 8.30000000000001 0.12096466606206 -0.00172043277761852
"amont" 42 "042_fs2" 8.3 0 NA NA NA
"amont" 42 "042_fs2" 16.6 0.247402914327633 8.3 0.0298075800394738 NA
"amont" 42 "042_fs2" 24.9 0.752764269930068 8.3 0.0906944903530203 0.00733577232693331
"amont" 42 "042_fs2" 33.2 0.976548461926008 8.3 0.117656441195905 0.00324842781239569
"amont" 42 "042_fs2" 41.5 0.79313544921782 8.3 0.0955584878575688 -0.00266240401666696
"amont" 42 "042_fs2" 49.8 0.717067648857285 8.3 0.0863936926334078 -0.00110419219568204
"amont" 42 "042_fs2" 58.1 1.43088712345862 8.3 0.172396038970918 0.0103617284743988
"amont" 42 "042_fs2" 66.4 1.08064388718018 8.3 0.130198058696407 -0.0050840940089772
"amont" 42 "042_fs2" 74.7 0.928263036075443 8.3 0.11183892000909 -0.00221194442015877
"amont" 42 "042_fs2" 83 0.543214240175475 8.3 0.0654474988163223 -0.00558932785455028
"amont" 42 "042_fs2" 91.3 0.772724681181206 8.30000000000001 0.0930993591784584 0.00333154944122121
"amont" 42 "042_fs2" 99.6 0.701464217866483 8.29999999999998 0.0845137611887331 -0.00103440939635245
"amont" 42 "042_fs2" 107.9 0.417708194343459 8.3 0.0503262884751156 -0.00411897261609849
"amont" 42 "042_fs2" 116.2 0.975062134353553 8.30000000000001 0.117477365584765 0.00809049121803007
"amont" 42 "042_fs3" 8.3 0 NA NA NA
"amont" 42 "042_fs3" 16.6 0.222274954504439 8.3 0.0267801150005348 NA
"amont" 42 "042_fs3" 24.9 0.785069476970755 8.3 0.0945866839723801 0.00816946614118619
"amont" 42 "042_fs3" 33.2 0.563304995508084 8.3 0.0678680717479619 -0.00321910990655641
"amont" 42 "042_fs3" 41.5 0.88021218440843 8.3 0.1060496607721 0.00460019144869134
"amont" 42 "042_fs3" 49.8 0.934052234065409 8.3 0.11253641374282 0.000781536502496435
"amont" 42 "042_fs3" 58.1 0.782934834460872 8.3 0.0943294981278158 -0.0021936042909644
"amont" 42 "042_fs3" 66.4 0.935563721575125 8.3 0.112718520671702 0.00221554488480553
"amont" 42 "042_fs3" 74.7 0.934229855514176 8.3 0.112557813917371 -1.93622595579732e-05
"amont" 42 "042_fs3" 83 0.768676256544634 8.3 0.0926115971740524 -0.00240315864377328
"amont" 42 "042_fs3" 91.3 0.852756593639807 8.30000000000001 0.102741758269856 0.00122050133684383
"amont" 42 "042_fs3" 99.6 0.799509164792046 8.29999999999998 0.0963264053966322 -0.000772934081111321
"amont" 42 "042_fs3" 107.9 0.743306612060307 8.3 0.0895550135012419 -0.000815830348842211
"amont" 42 "042_fs3" 116.2 0.667832298490483 8.30000000000001 0.0804617227096967 -0.00109557720380062
"amont" 42 "042_fs4" 8.3 0 NA NA NA
"amont" 42 "042_fs4" 16.6 0.192372294915073 8.3 0.0231773849295269 NA
"amont" 42 "042_fs4" 24.9 0.580452898462283 8.3 0.0699340841520823 0.00563333725572957
"amont" 42 "042_fs4" 33.2 0.853559878025397 8.3 0.102838539521132 0.00396439221313853
"amont" 42 "042_fs4" 41.5 0.605201125651272 8.3 0.0729157982712376 -0.00360514954818006
"amont" 42 "042_fs4" 49.8 1.1688590402425 8.3 0.140826390390663 0.00818199905053313
"amont" 42 "042_fs4" 58.1 1.15798973152642 8.3 0.139516835123665 -0.00015777774301171
"amont" 42 "042_fs4" 66.4 0.907306929933318 8.3 0.109314087943773 -0.00363888520239666
"amont" 42 "042_fs4" 74.7 1.1370914916815 8.3 0.136998974901386 0.00333552854910994
"amont" 42 "042_fs4" 83 0.867099734617126 8.3 0.104469847544232 -0.0039191719707414
"amont" 42 "042_fs4" 91.3 0.996019757316094 8.30000000000001 0.120002380399529 0.0018713895006382
"amont" 42 "042_fs4" 99.6 0.707134654155569 8.29999999999998 0.0851969462838037 -0.00419342579707536
"amont" 42 "042_fs4" 107.9 0.880650821045153 8.3 0.106102508559657 0.00251874244287389
"amont" 42 "042_fs4" 116.2 0.787467646770622 8.30000000000001 0.0948756200928459 -0.00135263716467603
"amont" 42 "042_fs4" 124.5 0.865641009042929 8.3 0.104294097475052 0.00113475631110914
"amont" 42 "042_fs4" 132.8 0.733247480647669 8.30000000000001 0.0883430699575504 -0.00192181054427728
"amont" 45 "045_fs1" 8.3 0 NA NA NA
"amont" 45 "045_fs1" 16.6 0.338465148695875 8.3 0.0407789335778163 NA
"amont" 45 "045_fs1" 24.9 0.429856706150724 8.3 0.0517899645964728 0.00132663024321163
"amont" 45 "045_fs1" 33.2 0.291473083886116 8.3 0.0351172390224236 -0.00200876211735533
"amont" 45 "045_fs1" 41.5 0.743310256445487 8.3 0.0895554525837937 0.00655882091100845
"amont" 45 "045_fs1" 49.8 0.678834478418173 8.3 0.0817872865564065 -0.000935923617757496
"amont" 45 "045_fs1" 58.1 0.385872158291765 8.3 0.0464906214809356 -0.00425261025005673
"amont" 45 "045_fs1" 66.4 0.409393853240249 8.3 0.0493245606313553 0.000341438451857801
"amont" 45 "045_fs1" 74.7 0.276880326919391 8.3 0.0333590755324567 -0.00192355242155405
"amont" 45 "045_fs1" 83 0.165125650074287 8.3 0.0198946566354562 -0.00162221914421693
"amont" 45 "045_fs1" 91.3 0.183954976900853 8.30000000000001 0.0221632502290184 0.000273324529344843
"amont" 45 "045_fs1" 99.6 0.120365794274221 8.29999999999998 0.014501902924605 -0.000923053892098006
"amont" 45 "045_fs1" 107.9 0.128921665116279 8.3 0.0155327307369011 0.000124196121963389
"amont" 45 "045_fs1" 116.2 0.110613931654601 8.30000000000001 0.0133269797174218 -0.000265753134877024
"amont" 45 "045_fs1" 124.5 0.061877220425571 8.3 0.00745508679826157 -0.000707456978212077
"amont" 45 "045_fs1" 132.8 0.0162691395186296 8.30000000000001 0.00196013729140116 -0.000662042109260289
"amont" 45 "045_fs2" 8.3 0 NA NA NA
"amont" 45 "045_fs2" 16.6 0.0593798994545108 8.3 0.00715420475355551 NA
"amont" 45 "045_fs2" 24.9 0.679128040951379 8.3 0.0818226555363107 0.00899619888948858
"amont" 45 "045_fs2" 33.2 0.361305788806184 8.3 0.0435308179284559 -0.00461347441058492
"amont" 45 "045_fs2" 41.5 0.571879755040075 8.3 0.0689011753060332 0.00305666956356353
"amont" 45 "045_fs2" 49.8 0.881732766525331 8.3 0.106232863436787 0.00449779375069321
"amont" 45 "045_fs2" 58.1 0.787190145591947 8.3 0.0948421862158972 -0.00137237074950477
"amont" 45 "045_fs2" 66.4 0.313984865454979 8.3 0.0378295018620457 -0.00686899811492187
"amont" 45 "045_fs2" 74.7 0.896436793795861 8.3 0.108004432987453 0.00845481097896477
"amont" 45 "045_fs2" 83 0.775333478047466 8.3 0.0934136720539116 -0.00175792300404116
"amont" 45 "045_fs2" 91.3 0.889799987932344 8.30000000000001 0.107204817823174 0.00166158382762195
"amont" 45 "045_fs2" 99.6 0.569586293287839 8.29999999999998 0.0686248546129928 -0.00464818833857604
"amont" 45 "045_fs2" 107.9 0.796651600969792 8.3 0.0959821205987701 0.00329605614286474
"amont" 45 "045_fs2" 116.2 0.685571299644793 8.30000000000001 0.0825989517644327 -0.00161242998004065
"amont" 45 "045_fs2" 124.5 0.574767970556947 8.3 0.0692491530791502 -0.00160840948015452
"amont" 45 "045_fs2" 132.8 0.734237187658096 8.30000000000001 0.0884623117660356 0.00231483839601028
"amont" 45 "045_fs2" 141.1 0.560639276584811 8.29999999999998 0.0675469007933509 -0.00251992903285358
"amont" 45 "045_fs2" 149.4 0.59834635280925 8.30000000000001 0.0720899220252108 0.000547351955645764
"amont" 45 "045_fs3" 8.3 0 NA NA NA
"amont" 45 "045_fs3" 16.6 0.296500628070545 8.3 0.035722967237415 NA
"amont" 45 "045_fs3" 24.9 0.932207219399974 8.3 0.112314122819274 0.00922785007010349
"amont" 45 "045_fs3" 33.2 0.854777116560979 8.3 0.102985194766383 -0.00112396723528807
"amont" 45 "045_fs3" 41.5 0.706874656349163 8.3 0.0851656212468871 -0.00214693656861396
"amont" 45 "045_fs3" 49.8 0.852080784010428 8.3 0.102660335422943 0.00210779688868145
"amont" 45 "045_fs3" 58.1 1.00783509482699 8.3 0.121425915039396 0.00226091320680157
"amont" 45 "045_fs3" 66.4 0.840890805297789 8.3 0.101312145216601 -0.00242334576178254
"amont" 45 "045_fs3" 74.7 0.635300252744666 8.3 0.0765421991258634 -0.00298433085430574
"amont" 45 "045_fs3" 83 0.623798005585469 8.3 0.0751563862151167 -0.000166965410933327
"amont" 45 "045_fs3" 91.3 0.574878446942086 8.30000000000001 0.0692624634869982 -0.000710111172062475
"amont" 45 "045_fs3" 99.6 0.381883779791705 8.29999999999998 0.0460100939508079 -0.0028014903055651
"amont" 45 "045_fs3" 107.9 0.268405318769786 8.3 0.0323379902132272 -0.00164724141416635
"amont" 45 "045_fs3" 116.2 0.342189239045692 8.30000000000001 0.0412276191621316 0.00107103963239811
"amont" 45 "045_fs3" 124.5 0.0761002588315517 8.3 0.00916870588331949 -0.00386251967214603
"amont" 45 "045_fs3" 132.8 0.28085761671771 8.30000000000001 0.0338382670744228 0.00297223628808473
"amont" 46 "046_fs1" 8.3 0 NA NA NA
"amont" 46 "046_fs1" 16.6 0.345896485091589 8.3 0.0416742753122397 NA
"amont" 46 "046_fs1" 24.9 0.657136075709312 8.3 0.0791730211697967 0.00451792118765747
"amont" 46 "046_fs1" 33.2 0.971372622197708 8.3 0.117032846047917 0.00456142468411083
"amont" 46 "046_fs1" 41.5 1.20446964681967 8.3 0.145116824918033 0.00338361191206219
"amont" 46 "046_fs1" 49.8 0.943741062639331 8.3 0.113703742486666 -0.00378470872667064
"amont" 46 "046_fs1" 58.1 1.01317475846206 8.3 0.122069248007477 0.00100789223142294
"amont" 46 "046_fs1" 66.4 0.933034370502375 8.3 0.112413779578599 -0.00116330944926235
"amont" 46 "046_fs1" 74.7 1.02711809850717 8.3 0.12374916849484 0.0013657095079808
"amont" 46 "046_fs1" 83 0.63560305241298 8.3 0.0765786810136121 -0.00568319126279854
"amont" 46 "046_fs1" 91.3 0.895951168345749 8.30000000000001 0.107945923897078 0.0037791858895742
"amont" 46 "046_fs1" 99.6 0.847199590367848 8.29999999999998 0.102072239803355 -0.000707672782376215
"amont" 46 "046_fs1" 107.9 0.554718315320401 8.3 0.0668335319663134 -0.00424562745024603
"amont" 46 "046_fs1" 116.2 0.657058915061329 8.30000000000001 0.0791637247061841 0.00148556539034586
"amont" 46 "046_fs1" 124.5 0.430374499038232 8.3 0.0518523492817147 -0.00329052715957462
"amont" 46 "046_fs1" 132.8 0.448021018378858 8.30000000000001 0.05397843594926 0.000256155020186178
"amont" 46 "046_fs1" 141.1 0.397159881254943 8.29999999999998 0.0478505881030053 -0.000738294921235502
"amont" 46 "046_fs1" 149.4 0.301701418321716 8.30000000000001 0.0363495684724959 -0.00138566501572403
"amont" 46 "046_fs1" 157.7 0.314743037760376 8.30000000000001 0.0379208479229368 0.000189310777161561
"amont" 46 "046_fs2" 8.3 0 NA NA NA
"amont" 46 "046_fs2" 16.6 0.329031445108108 8.3 0.0396423427841094 NA
"amont" 46 "046_fs2" 24.9 0.606335358804061 8.3 0.0730524528679591 0.00402531446793371
"amont" 46 "046_fs2" 33.2 1.03753238317761 8.3 0.125003901587663 0.00625921068912098
"amont" 46 "046_fs2" 41.5 1.38529880012685 8.3 0.166903469894802 0.0050481407598962
"amont" 46 "046_fs2" 49.8 0.870816677866192 8.3 0.104917672032071 -0.00746816841719644
"amont" 46 "046_fs2" 58.1 1.03008160510508 8.3 0.12410621748254 0.00231187294583963
"amont" 46 "046_fs2" 66.4 0.894294734629914 8.3 0.107746353569869 -0.00197106794128567
"amont" 46 "046_fs2" 74.7 0.96485145100859 8.3 0.116247162772119 0.00102419387978917
"amont" 46 "046_fs2" 83 0.781693083928347 8.3 0.0941798896299214 -0.00265870760749373
"amont" 46 "046_fs2" 91.3 0.7827097167892 8.30000000000001 0.094302375516771 1.47573357650086e-05
"amont" 46 "046_fs2" 99.6 0.832434744057425 8.29999999999998 0.100293342657521 0.000721803269969919
"amont" 46 "046_fs2" 107.9 0.67592311742027 8.3 0.0814365201711169 -0.00227190632366317
"amont" 46 "046_fs2" 116.2 0.642720793124614 8.30000000000001 0.0774362401354955 -0.000481961450074864
"amont" 46 "046_fs2" 124.5 0.502737324555922 8.3 0.0605707619946895 -0.00203198531816941
"amont" 46 "046_fs3" 8.3 0 NA NA NA
"amont" 46 "046_fs3" 16.6 0.168094527177371 8.3 0.0202523526719724 NA
"amont" 46 "046_fs3" 24.9 0.403768974768196 8.3 0.0486468644299031 0.0034210255130037
"amont" 46 "046_fs3" 33.2 0.470672963283468 8.3 0.0567075859377672 0.000971171266007729
"amont" 46 "046_fs3" 41.5 0.909107919826985 8.3 0.10953107467795 0.00636427575182925
"amont" 46 "046_fs3" 49.8 0.867300234594949 8.3 0.104494004168066 -0.000606875965046245
"amont" 46 "046_fs3" 58.1 0.979381914713024 8.3 0.117997821049762 0.00162696588936093
"amont" 46 "046_fs3" 66.4 1.17494989331624 8.3 0.141560228110391 0.00283884422417215
"amont" 46 "046_fs3" 74.7 0.889832660991437 8.3 0.107208754336318 -0.0041387317800088
"amont" 46 "046_fs3" 83 0.789427003884418 8.3 0.0951116872149901 -0.00145747796642501
"amont" 46 "046_fs3" 91.3 0.562862820451718 8.30000000000001 0.0678147976447852 -0.00328878187592831
"amont" 46 "046_fs3" 99.6 0.554693455809272 8.29999999999998 0.0668305368444908 -0.000118585638589685
"amont" 46 "046_fs3" 107.9 0.503332966244169 8.3 0.0606425260535144 -0.000745543468792335
"amont" 46 "046_fs3" 116.2 0.586021721478351 8.30000000000001 0.0706050266841386 0.00120030128079809
"amont" 46 "046_fs3" 124.5 0.405176065501302 8.3 0.0488163934338919 -0.0026251365361743
"amont" 46 "046_fs3" 132.8 0.352132588558595 8.30000000000001 0.0424256130793488 -0.000769973536691941
"amont" 46 "046_fs3" 141.1 0.205617713032371 8.29999999999998 0.0247732184376351 -0.00212679453514623
"aval" 167 "167_fs1" 8.3 0 NA NA NA
"aval" 167 "167_fs1" 16.6 0.418943806931592 8.3 0.0504751574616376 NA
"aval" 167 "167_fs1" 24.9 0.864817355157585 8.3 0.104194862067179 0.00647225356693268
"aval" 167 "167_fs1" 33.2 0.905992105294988 8.3 0.109155675336745 0.000597688345730915
"aval" 167 "167_fs1" 41.5 1.05854245648203 8.3 0.127535235720726 0.00221440486553986
"aval" 167 "167_fs1" 49.8 0.694445127597452 8.3 0.0836680876623436 -0.00528519856125093
"aval" 167 "167_fs1" 58.1 0.710626667759635 8.3 0.0856176708144138 0.000234889536393991
"aval" 167 "167_fs1" 66.4 0.543050493698793 8.3 0.0654277703251557 -0.0024325181312359
"aval" 167 "167_fs1" 74.7 0.666474082943152 8.3 0.0802980822823076 0.00179160385025926
"aval" 167 "167_fs1" 83 0.483408861634977 8.3 0.0582420315222864 -0.00265735551325556
"aval" 167 "167_fs1" 91.3 0.505486063893682 8.30000000000001 0.0609019354088773 0.000320470347782027
"aval" 167 "167_fs1" 99.6 0.530266697482877 8.29999999999998 0.0638875539135998 0.000359713072858139
"aval" 167 "167_fs1" 107.9 0.431638728611276 8.3 0.0520046660977441 -0.00143167323082598
"aval" 167 "167_fs1" 116.2 0.478807361530953 8.30000000000001 0.0576876339193918 0.000684694918270804
"aval" 167 "167_fs1" 124.5 0.249085196478806 8.3 0.0300102646360008 -0.00333462280522784
"aval" 167 "167_fs1" 132.8 0.373768255556146 8.30000000000001 0.0450323199465236 0.0018098861819907
"aval" 167 "167_fs1" 141.1 0.328306737114196 8.29999999999998 0.0395550285679754 -0.000659914623921466
"aval" 167 "167_fs2" 8.3 0 NA NA NA
"aval" 167 "167_fs2" 16.6 0.310875201387757 8.3 0.0374548435406936 NA
"aval" 167 "167_fs2" 24.9 0.916562233945556 8.3 0.110429184812718 0.00879208930988241
"aval" 167 "167_fs2" 33.2 0.8257379155449 8.3 0.0994864958487831 -0.00131839626071499
"aval" 167 "167_fs2" 41.5 1.53716397516696 8.3 0.185200478935778 0.0103269859140957
"aval" 167 "167_fs2" 49.8 0.745011984414681 8.3 0.0897604800499616 -0.0114987950464839
"aval" 167 "167_fs2" 58.1 1.36883725784979 8.3 0.164920151548167 0.00905538210821752
"aval" 167 "167_fs2" 66.4 0.821262576754295 8.3 0.0989472984041318 -0.00794853652337773
"aval" 167 "167_fs2" 74.7 0.863420883398546 8.3 0.104026612457656 0.00061196554861739
"aval" 167 "167_fs2" 83 0.913446924651302 8.3 0.11005384634353 0.000726172757334236
"aval" 167 "167_fs2" 91.3 0.840060846458064 8.30000000000001 0.10121215017567 -0.00106526459853736
"aval" 167 "167_fs2" 99.6 0.971379495634228 8.29999999999998 0.117033674172799 0.00190620771049743
"aval" 167 "167_fs2" 107.9 0.774799122807379 8.3 0.0933492919045035 -0.00285354003232474
"aval" 167 "167_fs2" 116.2 0.72756299045981 8.30000000000001 0.0876581916216638 -0.000685674732872252
"aval" 167 "167_fs3" 8.3 0 NA NA NA
"aval" 167 "167_fs3" 16.6 0.265246942167709 8.3 0.0319574629117722 NA
"aval" 167 "167_fs3" 24.9 0.924715144357437 8.3 0.111411463175595 0.00957277111612322
"aval" 167 "167_fs3" 33.2 0.816785385599795 8.3 0.0984078777831078 -0.00156669703523941
"aval" 167 "167_fs3" 41.5 0.592873956859558 8.3 0.071430597211995 -0.00325027476760395
"aval" 167 "167_fs3" 49.8 1.22725279444445 8.3 0.147861782463187 0.00920857653628815
"aval" 167 "167_fs3" 58.1 1.0561892707663 8.3 0.127251719369434 -0.00248314013177739
"aval" 167 "167_fs3" 66.4 0.842811879238035 8.3 0.101543599908197 -0.00309736379051052
"aval" 167 "167_fs3" 74.7 0.724529080490385 8.3 0.0872926603000465 -0.00171698067568078
"aval" 167 "167_fs3" 83 0.781950651321963 8.3 0.0942109218460197 0.000833525487466652
"aval" 167 "167_fs3" 91.3 0.537057152981006 8.30000000000001 0.0647056810820488 -0.00355484828481576
"aval" 167 "167_fs3" 99.6 0.738043424952454 8.29999999999998 0.088920894572585 0.00291749560126942
"aval" 167 "167_fs3" 107.9 0.638461449998553 8.3 0.0769230662648859 -0.0014455214828553
"aval" 167 "167_fs3" 116.2 0.638691558783906 8.30000000000001 0.0769507902149283 3.34023494486403e-06
"aval" 168 "168_fs1" 8.3 0 NA NA NA
"aval" 168 "168_fs1" 16.6 0.277586997351072 8.3 0.0334442165483219 NA
"aval" 168 "168_fs1" 24.9 0.759533997663008 8.3 0.0915101202003625 0.00699589200626995
"aval" 168 "168_fs1" 33.2 0.672787207864181 8.3 0.0810586997426724 -0.00125920728405905
"aval" 168 "168_fs1" 41.5 1.03392363520763 8.3 0.124569112675619 0.00524221842565618
"aval" 168 "168_fs1" 49.8 1.22186820153727 8.3 0.147213036329792 0.00272818357279193
"aval" 168 "168_fs1" 58.1 0.976953889018736 8.3 0.117705287833583 -0.00355515042123001
"aval" 168 "168_fs1" 66.4 1.70178547761708 8.3 0.205034394893623 0.0105215791638603
"aval" 168 "168_fs1" 74.7 0.701422807994747 8.3 0.0845087720475599 -0.0145211593790438
"aval" 168 "168_fs1" 83 0.981768624372729 8.3 0.118285376430449 0.00406947040757704
"aval" 168 "168_fs1" 91.3 0.620604129737588 8.30000000000001 0.0747715818960949 -0.00524262584751258
"aval" 168 "168_fs1" 99.6 0.920603668049575 8.29999999999998 0.110916104584286 0.00435476176966163
"aval" 168 "168_fs1" 107.9 0.758508976148695 8.3 0.0913866236323729 -0.00235294951227873
"aval" 168 "168_fs1" 116.2 0.59350121840675 8.30000000000001 0.0715061708923794 -0.00239523526987873
"aval" 168 "168_fs1" 124.5 0.904848643011811 8.3 0.109017908796604 0.00451948649448486
"aval" 168 "168_fs1" 132.8 0.571887506510064 8.30000000000001 0.0689021092180799 -0.00483322886488238
"aval" 168 "168_fs2" 8.3 0 NA NA NA
"aval" 168 "168_fs2" 16.6 0.206715254099301 8.3 0.0249054523011206 NA
"aval" 168 "168_fs2" 24.9 0.470527469348831 8.3 0.0566900565480519 0.00382947039119655
"aval" 168 "168_fs2" 33.2 0.971767071152163 8.3 0.117080370018333 0.00727594138196155
"aval" 168 "168_fs2" 41.5 0.841917580662965 8.3 0.101435853091924 -0.00188488155739871
"aval" 168 "168_fs2" 49.8 1.00067428409456 8.3 0.120563166758381 0.00230449562246471
"aval" 168 "168_fs2" 58.1 1.5985355166896 8.3 0.192594640565012 0.0086784908200761
"aval" 168 "168_fs2" 66.4 1.40805148266525 8.3 0.169644756947621 -0.00276504621896284
"aval" 168 "168_fs2" 74.7 1.21360918334577 8.3 0.146217973897081 -0.00282250398199278
"aval" 168 "168_fs2" 83 0.738115980177003 8.3 0.0889296361659039 -0.00690220936520201
"aval" 168 "168_fs2" 91.3 0.96693592208537 8.30000000000001 0.116498303865707 0.00332152622889193
"aval" 168 "168_fs2" 99.6 0.839422772219788 8.29999999999998 0.10113527376142 -0.00185096748244416
"aval" 168 "168_fs2" 107.9 0.528265679094461 8.3 0.0636464673607784 -0.00451672366272796
"aval" 168 "168_fs2" 116.2 0.792353173073712 8.30000000000001 0.0954642377197242 0.00383346630830672
"aval" 168 "168_fs2" 124.5 0.692469396881395 8.3 0.0834300478170356 -0.0014499023979143
"aval" 168 "168_fs3" 8.3 0 NA NA NA
"aval" 168 "168_fs3" 16.6 0.485915810886332 8.3 0.0585440736007629 NA
"aval" 168 "168_fs3" 24.9 0.616226323565241 8.3 0.0742441353693062 0.0018915737070534
"aval" 168 "168_fs3" 33.2 0.997800663050631 8.3 0.120216947355498 0.00553889301038451
"aval" 168 "168_fs3" 41.5 0.635919277181991 8.3 0.0766167803833725 -0.00525303216531628
"aval" 168 "168_fs3" 49.8 1.44839007905107 8.3 0.174504828801334 0.0117937407732484
"aval" 168 "168_fs3" 58.1 1.07045182990477 8.3 0.128970099988526 -0.00548611190515761
"aval" 168 "168_fs3" 66.4 0.875036576364262 8.3 0.105426093537863 -0.00283662728321244
"aval" 168 "168_fs3" 74.7 0.897097053575629 8.3 0.10808398235851 0.000320227568752615
"aval" 168 "168_fs3" 83 0.727518822559503 8.3 0.0876528701878919 -0.00246157977959248
"aval" 168 "168_fs3" 91.3 0.624767555105636 8.30000000000001 0.0752731994103175 -0.00149152659970776
"aval" 170 "170_fs1" 8.3 0 NA NA NA
"aval" 170 "170_fs1" 16.6 0.228381972172901 8.3 0.0275159002617953 NA
"aval" 170 "170_fs1" 24.9 0.425032464610328 8.3 0.0512087306759432 0.00285455788122263
"aval" 170 "170_fs1" 33.2 0.399135427080775 8.3 0.0480886056723826 -0.000375918675127784
"aval" 170 "170_fs1" 41.5 0.817418467471373 8.3 0.0984841527073943 0.0060717526548207
"aval" 170 "170_fs1" 49.8 0.540378406839233 8.3 0.0651058321493052 -0.00402148440458906
"aval" 170 "170_fs1" 58.1 0.566723686543107 8.3 0.0682799622341093 0.000382425311422183
"aval" 170 "170_fs1" 66.4 0.517761848242642 8.3 0.0623809455714026 -0.000710724899121286
"aval" 170 "170_fs1" 74.7 0.534415656941477 8.3 0.0643874285471659 0.000241744936838958
"aval" 170 "170_fs1" 83 0.362202867086451 8.3 0.04363889964897 -0.00249982275881879
"aval" 170 "170_fs1" 91.3 0.55099355139616 8.30000000000001 0.066384765228453 0.00274046573246783
"aval" 170 "170_fs1" 99.6 0.474800363131057 8.29999999999998 0.0572048630278383 -0.00110601231332707
"aval" 170 "170_fs1" 107.9 0.365061906308181 8.3 0.043983362205805 -0.00159295190626908
"aval" 170 "170_fs2" 8.3 0 NA NA NA
"aval" 170 "170_fs2" 16.6 0.423557636742399 8.3 0.0510310405713734 NA
"aval" 170 "170_fs2" 24.9 0.684074305053566 8.3 0.0824185909703092 0.00378163257818503
"aval" 170 "170_fs2" 33.2 0.740442609927829 8.3 0.0892099530033529 0.000818236389523336
"aval" 170 "170_fs2" 41.5 0.393126519648908 8.3 0.0473646409215553 -0.00504160386527682
"aval" 170 "170_fs2" 49.8 0.552796416965034 8.3 0.0666019779475945 0.00231775144892039
"aval" 170 "170_fs2" 58.1 0.483353073734883 8.3 0.05823531008854 -0.00100803227217524
"aval" 170 "170_fs2" 66.4 0.287270436028558 8.3 0.0346108959070552 -0.00284631496162468
"aval" 170 "170_fs2" 74.7 0.155134065134425 8.3 0.0186908512210151 -0.00191807767301688
"aval" 170 "170_fs2" 83 0.269139049865746 8.3 0.0324263915500899 0.00165488437699696
"aval" 170 "170_fs3" 8.3 0 NA NA NA
"aval" 170 "170_fs3" 16.6 0.25428109908358 8.3 0.0306362769980216 NA
"aval" 170 "170_fs3" 24.9 0.497363584588411 8.3 0.0599233234443869 0.00352855981281509
"aval" 170 "170_fs3" 33.2 0.410557030079288 8.3 0.0494647024191913 -0.00126007482231272
"aval" 170 "170_fs3" 41.5 0.583542309825674 8.3 0.0703063023886355 0.0025110361408969
"aval" 170 "170_fs3" 49.8 0.906991901548266 8.3 0.109276132716659 0.00469516028048472
"aval" 170 "170_fs3" 58.1 0.610896181836828 8.3 0.0736019496188949 -0.00429809434912816
"aval" 170 "170_fs3" 66.4 0.42172720333298 8.3 0.0508105064256602 -0.0027459570112331
"aval" 170 "170_fs3" 74.7 0.437473245055564 8.3 0.0527076198862126 0.000228567886813547
"aval" 170 "170_fs3" 83 0.358995116048178 8.3 0.0432524236202624 -0.00113918027300605
"aval" 170 "170_fs3" 91.3 0.377532113607914 8.30000000000001 0.0454857968202305 0.000269081108429891
"aval" 170 "170_fs3" 99.6 0.223602071962455 8.29999999999998 0.0269400086701753 -0.00223443230723557
"aval" 170 "170_fs3" 107.9 0.275207813091215 8.3 0.0331575678423151 0.000749103514715633
"aval" 170 "170_fs3" 116.2 0.136960734412912 8.30000000000001 0.0165012933027604 -0.00200678006500658
"aval" 170 "170_fs3" 124.5 0.218049748300734 8.3 0.0262710540121366 0.0011770796035393
"aval" 171 "171_fs1" 8.3 0 NA NA NA
"aval" 171 "171_fs1" 16.6 0.27255846413933 8.3 0.0328383691734132 NA
"aval" 171 "171_fs1" 24.9 0.752886639210128 8.3 0.0907092336397744 0.00697239330920015
"aval" 171 "171_fs1" 33.2 1.05648408995563 8.3 0.12728723975369 0.00440698868842358
"aval" 171 "171_fs1" 41.5 0.997701123604588 8.3 0.120204954651155 -0.000853287361751195
"aval" 171 "171_fs1" 49.8 1.01807305604867 8.3 0.122659404343213 0.000295716830368446
"aval" 171 "171_fs1" 58.1 1.57442158683728 8.3 0.18968934781172 0.00807589680343458
"aval" 171 "171_fs1" 66.4 1.41529402567618 8.3 0.170517352491106 -0.00230987895429088
"aval" 171 "171_fs1" 74.7 1.21129453800207 8.3 0.145939100964105 -0.00296123512373502
"aval" 171 "171_fs1" 83 1.01165907127379 8.3 0.121886635093228 -0.00289788745432263
"aval" 171 "171_fs1" 91.3 1.06366174326115 8.30000000000001 0.128152017260379 0.000754865321343522
"aval" 171 "171_fs1" 99.6 1.0093978236007 8.29999999999998 0.121614195614543 -0.000787689354919984
"aval" 171 "171_fs1" 107.9 0.740901785231701 8.3 0.0892652753291206 -0.0038974602753521
"aval" 171 "171_fs1" 116.2 0.848383903102462 8.30000000000001 0.102214928084634 0.00156019912717027
"aval" 171 "171_fs2" 8.3 0 NA NA NA
"aval" 171 "171_fs2" 16.6 0.0779455658521334 8.3 0.00939103203037751 NA
"aval" 171 "171_fs2" 24.9 0.505104833877721 8.3 0.0608560040816531 0.00620059904232237
"aval" 171 "171_fs2" 33.2 0.55641190659237 8.3 0.0670375791075144 0.000744768075404968
"aval" 171 "171_fs2" 41.5 0.385534895276817 8.3 0.046449987382749 -0.00248043273792354
"aval" 171 "171_fs2" 49.8 0.495731873290028 8.3 0.0597267317216901 0.00159960775167965
"aval" 171 "171_fs2" 58.1 1.02077717502658 8.3 0.122985201810432 0.00762150242033031
"aval" 171 "171_fs2" 66.4 0.42058430150269 8.3 0.0506728074099627 -0.0087123366747553
"aval" 171 "171_fs2" 74.7 0.73251150036418 8.3 0.0882543976342386 0.00452790243665975
"aval" 171 "171_fs2" 83 0.672847985050527 8.3 0.0810660222952442 -0.000866069317951136
"aval" 171 "171_fs2" 91.3 0.592951897192201 8.30000000000001 0.0714399876135181 -0.0011597632146658
"aval" 171 "171_fs2" 99.6 0.661801953731616 8.29999999999998 0.0797351751483877 0.000999420184924049
"aval" 171 "171_fs2" 107.9 0.653153593366928 8.3 0.0786932040201118 -0.000125538690153715
"aval" 171 "171_fs2" 116.2 0.605386336497796 8.30000000000001 0.0729381128310597 -0.000693384480608689
"aval" 171 "171_fs2" 124.5 0.603267068847395 8.3 0.0726827793792042 -3.07630664886087e-05
"aval" 171 "171_fs2" 132.8 0.564650587498777 8.30000000000001 0.0680301912649128 -0.000560552784854392
"aval" 171 "171_fs2" 141.1 0.51613852844792 8.29999999999998 0.0621853648732434 -0.000704195950803536
"aval" 171 "171_fs2" 149.4 0.377312773039218 8.30000000000001 0.0454593702456889 -0.00201518007560898
"aval" 171 "171_fs3" 8.3 0 NA NA NA
"aval" 171 "171_fs3" 16.6 0.507818687420389 8.3 0.0611829743879986 NA
"aval" 171 "171_fs3" 24.9 0.94207900763439 8.3 0.11350349489571 0.00630367716960375
"aval" 171 "171_fs3" 33.2 0.853138951041087 8.3 0.102787825426637 -0.00129104451434611
"aval" 171 "171_fs3" 41.5 1.06083004770377 8.3 0.127810849120936 0.00301482213184332
"aval" 171 "171_fs3" 49.8 0.867507427496856 8.3 0.104518967168296 -0.00280625083766754
"aval" 171 "171_fs3" 58.1 1.20121490281667 8.3 0.144724687086345 0.00484406264072882
"aval" 171 "171_fs3" 66.4 1.12271965111411 8.3 0.135267427845073 -0.0011394288242496
"aval" 171 "171_fs3" 74.7 0.935807203246647 8.3 0.112747855812849 -0.00271320144966559
"aval" 171 "171_fs3" 83 0.721044732505649 8.3 0.08687285933803 -0.00311746945479748
"aval" 171 "171_fs3" 91.3 0.950095743980778 8.30000000000001 0.114469366744672 0.00332488041043878
"aval" 171 "171_fs3" 99.6 0.767089430346965 8.29999999999998 0.0924204132948152 -0.00265650041564539
"aval" 171 "171_fs3" 107.9 0.755609037892192 8.3 0.091037233480987 -0.000166648170340745
"aval" 172 "172_fs1" 8.3 0 NA NA NA
"aval" 172 "172_fs1" 16.6 0.511817523688076 8.3 0.0616647618901296 NA
"aval" 172 "172_fs1" 24.9 0.727931079454563 8.3 0.0877025396933208 0.00313708166303509
"aval" 172 "172_fs1" 33.2 1.01336848656916 8.3 0.122092588743272 0.00414337940360861
"aval" 172 "172_fs1" 41.5 0.733887505735569 8.3 0.088420181413924 -0.00405691654570462
"aval" 172 "172_fs1" 49.8 0.734949000869273 8.3 0.0885480723938883 1.54085518029305e-05
"aval" 172 "172_fs1" 58.1 0.678826243914834 8.3 0.0817862944475703 -0.000814672041725061
"aval" 172 "172_fs1" 66.4 0.502973019888607 8.3 0.0605991590227237 -0.00255266691865621
"aval" 172 "172_fs1" 74.7 0.576113768274355 8.3 0.0694112973824524 0.00106170341683478
"aval" 172 "172_fs1" 83 0.45267897607063 8.3 0.0545396356711603 -0.00179176647124002
"aval" 172 "172_fs1" 91.3 0.453903414357457 8.30000000000001 0.0546871583563201 1.77738174891301e-05
"aval" 172 "172_fs2" 8.3 0 NA NA NA
"aval" 172 "172_fs2" 16.6 0.55554824458061 8.3 0.066933523443447 NA
"aval" 172 "172_fs2" 24.9 0.218258952443254 8.3 0.0262962593305126 -0.00489605591722102
"aval" 172 "172_fs2" 33.2 1.21113716789851 8.3 0.145920140710663 0.0144125158289338
"aval" 172 "172_fs2" 41.5 0.799031097414963 8.3 0.0962688069174655 -0.00598208840881902
"aval" 172 "172_fs2" 49.8 1.09013479066899 8.3 0.131341541044456 0.00422563061770971
"aval" 172 "172_fs2" 58.1 1.02455580102714 8.3 0.123440457955077 -0.000951937721611928
"aval" 172 "172_fs2" 66.4 0.770470428871706 8.3 0.0928277625146633 -0.003688276559086
"aval" 172 "172_fs2" 74.7 1.09928607364057 8.3 0.1324441052579 0.00477305334255869
"aval" 172 "172_fs2" 83 1.0367448263112 8.3 0.124909015218217 -0.000907842173455839
"aval" 172 "172_fs2" 91.3 0.699053969433901 8.30000000000001 0.0842233698113132 -0.00490188498878357
"aval" 172 "172_fs2" 99.6 1.16583220760247 8.29999999999998 0.140461711759334 0.0067757038491592
"aval" 172 "172_fs3" 8.3 0 NA NA NA
"aval" 172 "172_fs3" 16.6 0.303075970733301 8.3 0.0365151771967832 NA
"aval" 172 "172_fs3" 24.9 0.492571440600976 8.3 0.0593459566989128 0.00275069632555778
"aval" 172 "172_fs3" 33.2 0.707117892837758 8.3 0.0851949268479226 0.00311433375289275
"aval" 172 "172_fs3" 41.5 1.13846717542094 8.3 0.137164719930234 0.00626142085329048
"aval" 172 "172_fs3" 49.8 0.647233681305137 8.3 0.0779799616030286 -0.00713069377436205
"aval" 172 "172_fs3" 58.1 1.35345691022336 8.3 0.163067097617272 0.0102514621703908
"aval" 172 "172_fs3" 66.4 0.853779310112512 8.3 0.102864977121989 -0.00725326752955218
"aval" 172 "172_fs3" 74.7 0.90525846773049 8.3 0.109067285268734 0.000747266041776434
"aval" 172 "172_fs3" 83 1.10289037538115 8.3 0.132878358479657 0.00286880400131603
"aval" 172 "172_fs3" 91.3 0.965508211517009 8.30000000000001 0.116326290544218 -0.00199422505246253
"aval" 172 "172_fs3" 99.6 0.925220674373766 8.29999999999998 0.111472370406478 -0.000584809655149368
"aval" 172 "172_fs3" 107.9 0.965741889001931 8.3 0.116354444458064 0.000588201692962175
"aval" 172 "172_fs3" 116.2 0.871853390799283 8.30000000000001 0.105042577204733 -0.00136287557269052
"aval" 172 "172_fs3" 124.5 0.785132052238363 8.3 0.0945942231612485 -0.00125883783656436
"aval" 173 "173_fs1" 8.3 0 NA NA NA
"aval" 173 "173_fs1" 16.6 0.225581554174028 8.3 0.0271785005028949 NA
"aval" 173 "173_fs1" 24.9 0.895401520704516 8.3 0.107879701289701 0.00972303623937419
"aval" 173 "173_fs1" 33.2 1.02272972731691 8.3 0.123220449074326 0.00184828286561749
"aval" 173 "173_fs1" 41.5 0.629500358675215 8.3 0.0758434167078573 -0.00570807618873116
"aval" 173 "173_fs1" 49.8 1.28879878623806 8.3 0.155276962197356 0.0095703066854818
"aval" 173 "173_fs1" 58.1 1.06223223479403 8.3 0.127979787324582 -0.00328881624973186
"aval" 173 "173_fs1" 66.4 1.24107954058264 8.3 0.149527655491884 0.0025961286948557
"aval" 173 "173_fs1" 74.7 0.777291284123597 8.3 0.0936495523040478 -0.00673230158889593
"aval" 173 "173_fs1" 83 0.98961561322015 8.3 0.119230796773512 0.00308207764692341
"aval" 173 "173_fs1" 91.3 0.88218921706223 8.30000000000001 0.106287857477377 -0.00155939027664279
"aval" 173 "173_fs1" 99.6 0.620894488784282 8.29999999999998 0.0748065649137691 -0.00379292681489252
"aval" 173 "173_fs1" 107.9 1.11304659132391 8.3 0.134101998954689 0.00714402819770114
"aval" 173 "173_fs1" 116.2 0.562985909526154 8.30000000000001 0.0678296276537533 -0.00798462304830543
"aval" 173 "173_fs2" 8.3 0 NA NA NA
"aval" 173 "173_fs2" 16.6 0.113228493563144 8.3 0.0136419871762824 NA
"aval" 173 "173_fs2" 24.9 0.617668424049247 8.3 0.074417882415572 0.00732239701678187
"aval" 173 "173_fs2" 33.2 0.545289247515606 8.3 0.0656974997006753 -0.00105064851986706
"aval" 173 "173_fs2" 41.5 0.920225929106476 8.3 0.11087059386825 0.00544254146597287
"aval" 173 "173_fs2" 49.8 1.3447437597019 8.3 0.162017320446012 0.00616225621418814
"aval" 173 "173_fs2" 58.1 1.16238626088072 8.3 0.140046537455509 -0.00264708228801239
"aval" 173 "173_fs2" 66.4 1.50956274019321 8.3 0.181875028938941 0.00503957728716051
"aval" 173 "173_fs2" 74.7 1.49673342181162 8.3 0.18032932792911 -0.000186229037329017
"aval" 173 "173_fs2" 83 1.29859047257028 8.3 0.156456683442203 -0.00287622222733827
"aval" 173 "173_fs2" 91.3 2.08421715870845 8.30000000000001 0.25111050104921 0.0114040744104828
"aval" 173 "173_fs2" 99.6 1.41625502677278 8.29999999999998 0.170633135755757 -0.00969606810764496
"aval" 173 "173_fs3" 8.3 0 NA NA NA
"aval" 173 "173_fs3" 16.6 0.544830136057075 8.3 0.0656421850671175 NA
"aval" 173 "173_fs3" 24.9 1.15139258959693 8.3 0.138721998746619 0.00880479682885556
"aval" 173 "173_fs3" 33.2 0.77700413603224 8.3 0.0936149561484626 -0.00543458344556096
"aval" 173 "173_fs3" 41.5 0.730770340444978 8.3 0.0880446193307203 -0.000671124917800277
"aval" 173 "173_fs3" 49.8 1.37524883751529 8.3 0.165692631025939 0.00935518213195407
"aval" 173 "173_fs3" 58.1 1.00224642699658 8.3 0.120752581565852 -0.00541446379037189
"aval" 173 "173_fs3" 66.4 1.43061892968815 8.3 0.172363726468451 0.00621821022922878
"aval" 173 "173_fs3" 74.7 1.40811536933951 8.3 0.16965245413729 -0.000326659317007336
"aval" 173 "173_fs3" 83 1.24949082496343 8.3 0.150541063248606 -0.0023025772155042
"aval" 173 "173_fs3" 91.3 1.08674535037134 8.30000000000001 0.130933174743535 -0.00236239620543017
"aval" 173 "173_fs3" 99.6 1.20517995723608 8.29999999999998 0.145202404486275 0.00171918430635421
"aval" 173 "173_fs3" 107.9 1.09128498676201 8.3 0.131480118886989 -0.0016532874216007
"aval" 173 "173_fs3" 116.2 1.0207222058873 8.30000000000001 0.122978579022566 -0.00102428191137632
"aval" 174 "174_fs1" 8.3 0 NA NA NA
"aval" 174 "174_fs1" 16.6 0.402923065843939 8.3 0.0485449476920409 NA
"aval" 174 "174_fs1" 24.9 0.480010786067466 8.3 0.0578326248274055 0.00111899724522466
"aval" 174 "174_fs1" 33.2 0.928311558637019 8.3 0.111844766100846 0.00650748690041446
"aval" 174 "174_fs1" 41.5 0.956942168205963 8.3 0.115294237133249 0.000415598919566632
"aval" 174 "174_fs1" 49.8 0.899044537566183 8.3 0.108318618983877 -0.000840435921610983
"aval" 174 "174_fs1" 58.1 0.820284152907912 8.3 0.0988294160130014 -0.00114327746637061
"aval" 174 "174_fs1" 66.4 0.804799239501561 8.3 0.0969637637953687 -0.000224777375618396
"aval" 174 "174_fs1" 74.7 0.806772988466353 8.3 0.0972015648754642 2.8650732541631e-05
"aval" 174 "174_fs1" 83 0.527050621335448 8.3 0.0635000748596926 -0.00406042048382791
"aval" 174 "174_fs2" 8.3 0 NA NA NA
"aval" 174 "174_fs2" 16.6 0.0536192698490979 8.3 0.00646015299386721 NA
"aval" 174 "174_fs2" 24.9 0.556110403230588 8.3 0.0670012534012757 0.0072941084828203
"aval" 174 "174_fs2" 33.2 0.638360042821452 8.3 0.0769108485327051 0.0011939271242686
"aval" 174 "174_fs2" 41.5 1.18168138545918 8.3 0.142371251260142 0.00788679550932977
"aval" 174 "174_fs2" 49.8 0.988381422026512 8.3 0.119082099039339 -0.00280592195431365
"aval" 174 "174_fs2" 58.1 0.94522250800304 8.3 0.113882229879884 -0.000626490260175242
"aval" 174 "174_fs2" 66.4 0.858945014956953 8.3 0.103487351199633 -0.00125239502171704
"aval" 174 "174_fs2" 74.7 0.826612433794803 8.3 0.0995918594933498 -0.000469336350154579
"aval" 174 "174_fs2" 83 0.905035423886489 8.3 0.109040412516445 0.00113837988230057
"aval" 174 "174_fs2" 91.3 0.609634201670443 8.30000000000001 0.0734499038157159 -0.00428801309647332
"aval" 174 "174_fs2" 99.6 0.56707182437241 8.29999999999998 0.0683219065508929 -0.000617830995761814
"aval" 174 "174_fs2" 107.9 0.702764134655376 8.3 0.0846703776693224 0.00196969531547344
"aval" 174 "174_fs2" 116.2 0.570788487461888 8.30000000000001 0.0687696972845647 -0.00191574462466959
"aval" 174 "174_fs2" 124.5 0.418467769025174 8.3 0.0504178034970089 -0.00221107154066937
"aval" 174 "174_fs3" 8.3 0 NA NA NA
"aval" 174 "174_fs3" 16.6 0.116864040808288 8.3 0.0140800049166612 NA
"aval" 174 "174_fs3" 24.9 0.508818356537229 8.3 0.0613034164502685 0.00568956765465149
"aval" 174 "174_fs3" 33.2 0.557945721711633 8.3 0.0672223761098353 0.000713127669827315
"aval" 174 "174_fs3" 41.5 1.2402047254515 8.3 0.149422256078493 0.00990359999622389
"aval" 174 "174_fs3" 49.8 0.549828554731584 8.3 0.0662444041845282 -0.010021427939032
"aval" 174 "174_fs3" 58.1 1.15301696339546 8.3 0.138917706433188 0.00875581954803134
"aval" 174 "174_fs3" 66.4 0.680263890458265 8.3 0.0819595048744897 -0.00686243392273477
"aval" 174 "174_fs3" 74.7 1.36405429676974 8.3 0.164343891177077 0.00992582967501052
"aval" 174 "174_fs3" 83 0.855982073156592 8.3 0.10313037025983 -0.00737512300207792
"aval" 174 "174_fs3" 91.3 0.724319074668344 8.30000000000001 0.0872673583937762 -0.00191120624892218
"aval" 174 "174_fs3" 99.6 0.742881201703208 8.29999999999998 0.0895037592413506 0.000269445885249921
"aval" 174 "174_fs3" 107.9 0.626698916326043 8.3 0.0755058935332582 -0.00168648984434848
"aval" 174 "174_fs3" 116.2 0.822631933393313 8.30000000000001 0.0991122811317243 0.00284414308415253
"aval" 174 "174_fs3" 124.5 0.60296985721809 8.3 0.0726469707491675 -0.00318859161235624
"aval" 175 "175_fs1" 8.3 0 NA NA NA
"aval" 175 "175_fs1" 16.6 0.543428886229706 8.3 0.0654733597867116 NA
"aval" 175 "175_fs1" 24.9 0.711271624306935 8.3 0.0856953764225224 0.00243638754648323
"aval" 175 "175_fs1" 33.2 0.928864833021735 8.3 0.111911425665269 0.00315856014972853
"aval" 175 "175_fs1" 41.5 1.66086855848393 8.3 0.200104645600474 0.0106256891488198
"aval" 175 "175_fs1" 49.8 0.999385915880433 8.3 0.120407941672341 -0.00960201252146171
"aval" 175 "175_fs1" 58.1 0.977750044551093 8.3 0.117801210186879 -0.000314064034393114
"aval" 175 "175_fs1" 66.4 1.61741560948814 8.3 0.194869350540739 0.00928531811492295
"aval" 175 "175_fs1" 74.7 0.30837023362693 8.3 0.0371530401960156 -0.0190019651017739
"aval" 175 "175_fs1" 83 0.900696752921753 8.3 0.10851768107491 0.00859814950348126
"aval" 175 "175_fs1" 91.3 1.03994949362375 8.30000000000001 0.125295119713705 0.00202137814925238
"aval" 175 "175_fs1" 99.6 0.864956645855334 8.29999999999998 0.104211644078956 -0.00254017778731912
"aval" 175 "175_fs1" 107.9 0.699166189240202 8.3 0.0842368902699038 -0.00240659684446414
"aval" 175 "175_fs1" 116.2 0.654908355816885 8.30000000000001 0.0789046211827571 -0.000642442058692372
"aval" 175 "175_fs1" 124.5 0.548387747557024 8.3 0.0660708129586776 -0.00154624195470838
"aval" 175 "175_fs2" 8.3 0 NA NA NA
"aval" 175 "175_fs2" 16.6 0.085162943187157 8.3 0.0102605955647177 NA
"aval" 175 "175_fs2" 24.9 0.556733380770316 8.3 0.0670763109361826 0.00684526691222469
"aval" 175 "175_fs2" 33.2 0.764312174589328 8.3 0.0920858041673888 0.00301319195556701
"aval" 175 "175_fs2" 41.5 0.159000597460087 8.3 0.0191566984891671 -0.00878663923833996
"aval" 175 "175_fs2" 49.8 1.74307172305993 8.3 0.210008641332522 0.0229942099811271
"aval" 175 "175_fs2" 58.1 0.974005603438351 8.3 0.117350072703416 -0.0111636829673622
"aval" 175 "175_fs2" 66.4 1.06084118048837 8.3 0.127812190420285 0.00126049611046623
"aval" 175 "175_fs2" 74.7 1.00414105522741 8.3 0.120980850027399 -0.000823053059383965
"aval" 175 "175_fs2" 83 0.758862420357281 8.3 0.0914292072719616 -0.00356043888619723
"aval" 175 "175_fs2" 91.3 0.659850263046211 8.30000000000001 0.0795000316923144 -0.001437250069837
"aval" 175 "175_fs2" 99.6 0.257423750538907 8.29999999999998 0.0310149097034828 -0.00584158096250985
"aval" 175 "175_fs3" 8.3 0 NA NA NA
"aval" 175 "175_fs3" 16.6 0.0657365814045472 8.3 0.00792007004874063 NA
"aval" 175 "175_fs3" 24.9 0.482036319224541 8.3 0.0580766649668122 0.00604296324314115
"aval" 175 "175_fs3" 33.2 0.250053205569084 8.3 0.030126892237239 -0.00336744249753894
"aval" 175 "175_fs3" 41.5 0.555910044765501 8.3 0.0669771138271688 0.00443978573372649
"aval" 175 "175_fs3" 49.8 0.723023765432064 8.3 0.0871112970400077 0.00242580520636613
"aval" 175 "175_fs3" 58.1 0.490880423144092 8.3 0.0591422196559147 -0.00336976835952928
"aval" 175 "175_fs3" 66.4 0.780954313680363 8.3 0.0940908811663087 0.00421068210968603
"aval" 175 "175_fs3" 74.7 0.173879950813969 8.3 0.0209493916643336 -0.00881222765084038
"aval" 175 "175_fs3" 83 0.27205999254056 8.3 0.0327783123542844 0.00142517116746395
"aval" 175 "175_fs3" 91.3 0.268803449842833 8.30000000000001 0.0323859578123894 -4.72716315536084e-05
"aval" 176 "176_fs1" 8.3 0 NA NA NA
"aval" 176 "176_fs1" 16.6 0.456624972126518 8.3 0.055015056882713 NA
"aval" 176 "176_fs1" 24.9 0.965211573209942 8.3 0.11629055098915 0.00738258965137792
"aval" 176 "176_fs1" 33.2 0.545953056372527 8.3 0.0657774766713888 -0.00608591256840492
"aval" 176 "176_fs1" 41.5 1.21440256801828 8.3 0.146313562411841 0.0097031428602954
"aval" 176 "176_fs1" 49.8 0.406707085607624 8.3 0.0490008536876655 -0.0117244227378524
"aval" 176 "176_fs1" 58.1 2.01644351941964 8.3 0.242945002339716 0.0233667648978374
"aval" 176 "176_fs1" 66.4 0.807052769790076 8.3 0.0972352734686838 -0.0175553890206063
"aval" 176 "176_fs1" 74.7 0.70099758542492 8.3 0.084457540412641 -0.00153948591036661
"aval" 176 "176_fs1" 83 0.610456550066036 8.3 0.073548981935667 -0.00131428415385229
"aval" 176 "176_fs1" 91.3 0.822414283164952 8.30000000000001 0.0990860582126447 0.00307675617794911
"aval" 176 "176_fs1" 99.6 0.85884176332774 8.29999999999998 0.103474911244306 0.000528777473694168
"aval" 176 "176_fs2" 8.3 0 NA NA NA
"aval" 176 "176_fs2" 16.6 0.371989865715154 8.3 0.0448180561102596 NA
"aval" 176 "176_fs2" 24.9 0.948555387902769 8.3 0.114283781675032 0.00836936452587625
"aval" 176 "176_fs2" 33.2 0.599075103357505 8.3 0.0721777232960849 -0.0050730190818009
"aval" 176 "176_fs2" 41.5 0.689994383315546 8.3 0.0831318534115116 0.00131977471270201
"aval" 176 "176_fs2" 49.8 0.377777231148251 8.3 0.0455153290540061 -0.00453211136837416
"aval" 176 "176_fs2" 58.1 0.69243658624121 8.3 0.0834260947278566 0.00456756212937958
"aval" 176 "176_fs2" 66.4 1.08050467642848 8.3 0.130181286316684 0.00563315561311177
"aval" 176 "176_fs2" 74.7 0.756982707132303 8.3 0.0912027357990727 -0.00469621090573634
"aval" 176 "176_fs2" 83 0.425544108425243 8.3 0.0512703745090654 -0.00481112786626595
"aval" 176 "176_fs2" 91.3 0.863630990420243 8.30000000000001 0.104051926556656 0.00635922313826388
"aval" 176 "176_fs2" 99.6 0.50181389817258 8.29999999999998 0.0604595058039255 -0.00525209888587112
"aval" 176 "176_fs2" 107.9 0.572066682963995 8.3 0.06892369674265 0.00101978204081018
"aval" 176 "176_fs2" 116.2 0.279261748105971 8.30000000000001 0.0336459937477073 -0.00425032566204128
"aval" 176 "176_fs3" 8.3 0 NA NA NA
"aval" 176 "176_fs3" 16.6 0.159920254707948 8.3 0.0192675005672226 NA
"aval" 176 "176_fs3" 24.9 0.794407213536124 8.3 0.0957117124742318 0.00921014601289268
"aval" 176 "176_fs3" 33.2 0.779939541843847 8.3 0.0939686194992586 -0.000210011201803997
"aval" 176 "176_fs3" 41.5 0.659092325371488 8.3 0.0794087139001793 -0.00175420549386498
"aval" 176 "176_fs3" 49.8 0.870802048764032 8.3 0.104915909489642 0.00307315609511604
"aval" 176 "176_fs3" 58.1 0.773017863936643 8.3 0.0931346824020052 -0.00141942495031774
"aval" 176 "176_fs3" 66.4 0.961560896393293 8.3 0.11585071040883 0.00273687084419581
"aval" 176 "176_fs3" 74.7 0.51630099392071 8.3 0.0622049390265916 -0.00646334594966733
"aval" 176 "176_fs3" 83 0.53825082235087 8.3 0.0648494966687795 0.000318621402673237
"aval" 176 "176_fs3" 91.3 0.647540432383428 8.30000000000001 0.0780169195642683 0.00158643649343238
"aval" 176 "176_fs3" 99.6 0.381280378764828 8.29999999999998 0.0459373950319071 -0.00386500295570617
"aval" 176 "176_fs3" 107.9 0.39304852403848 8.3 0.0473552438600579 0.000170825160018162
"aval" 176 "176_fs3" 116.2 0.650192232263988 8.30000000000001 0.0783364135257816 0.0037326710440631
"amont" 177 "177_fs1" 8.3 0 NA NA NA
"amont" 177 "177_fs1" 16.6 0.319920690189898 8.3 0.0385446614686624 NA
"amont" 177 "177_fs1" 24.9 0.601524449012816 8.3 0.072472825182267 0.00408773056790416
"amont" 177 "177_fs1" 33.2 0.716746271952108 8.3 0.0863549725243503 0.00167254787254016
"amont" 177 "177_fs1" 41.5 0.836661430560758 8.3 0.100802581995272 0.0017406758398701
"amont" 177 "177_fs1" 49.8 0.553992836996873 8.3 0.0667461249393823 -0.00410318759709516
"amont" 177 "177_fs1" 58.1 0.507037572253573 8.3 0.0610888641269365 -0.000681597688246479
"amont" 177 "177_fs1" 66.4 0.558588474573816 8.3 0.0672998162137128 0.000748307480334492
"amont" 177 "177_fs1" 74.7 0.421332710731937 8.3 0.050762977196619 -0.00199239024302335
"amont" 177 "177_fs1" 83 0.427825989436285 8.3 0.0515452999320825 9.42557512606724e-05
"amont" 177 "177_fs1" 91.3 0.271758994173075 8.30000000000001 0.0327420474907319 -0.00226545210136754
"amont" 177 "177_fs1" 99.6 0.272152486724346 8.29999999999998 0.032789456231849 5.71189652013553e-06
"amont" 177 "177_fs1" 107.9 0.267674060755483 8.3 0.03224988683801 -6.50083607034965e-05
"amont" 177 "177_fs2" 8.3 0 NA NA NA
"amont" 177 "177_fs2" 16.6 0.234104279544676 8.3 0.0282053348849007 NA
"amont" 177 "177_fs2" 24.9 0.259837814453667 8.3 0.0313057607775502 0.000373545288271026
"amont" 177 "177_fs2" 33.2 0.581629531300246 8.3 0.0700758471446079 0.004671094743019
"amont" 177 "177_fs2" 41.5 0.464218228023519 8.3 0.0559299069907854 -0.00170433013901476
"amont" 177 "177_fs2" 49.8 0.527839631861118 8.3 0.0635951363688094 0.000923521611810114
"amont" 177 "177_fs2" 58.1 0.513752887722233 8.3 0.0618979382797871 -0.000204481697472563
"amont" 177 "177_fs2" 66.4 0.464235318015659 8.3 0.0559319660259829 -0.00071879183780773
"amont" 177 "177_fs2" 74.7 0.503597803972702 8.3 0.0606744342135786 0.000571381709348876
"amont" 177 "177_fs2" 83 0.527733544589701 8.3 0.0635823547698435 0.000350351874248783
"amont" 177 "177_fs2" 91.3 0.393224171130198 8.30000000000001 0.0473764061602648 -0.0019525239288649
"amont" 177 "177_fs2" 99.6 0.446873029519553 8.29999999999998 0.0538401240385004 0.000778761190148874
"amont" 177 "177_fs2" 107.9 0.324844767437681 8.3 0.0391379237876724 -0.00177134942781061
"amont" 177 "177_fs3" 8.3 0 NA NA NA
"amont" 177 "177_fs3" 16.6 0.446115069979628 8.3 0.0537488036120034 NA
"amont" 177 "177_fs3" 24.9 0.383013945650359 8.3 0.0461462585120915 -0.000915969289146008
"amont" 177 "177_fs3" 33.2 0.914559015533768 8.3 0.11018783319684 0.00771585237165638
"amont" 177 "177_fs3" 41.5 1.03057052065794 8.3 0.124165122970836 0.00168401081614412
"amont" 177 "177_fs3" 49.8 0.472502008992116 8.3 0.0569279528906163 -0.00810086386508668
"amont" 177 "177_fs3" 58.1 0.755929751467986 8.3 0.0910758736708416 0.0041142073229187
"amont" 177 "177_fs3" 66.4 0.483798875814316 8.3 0.0582890211824477 -0.00395022319137276
"amont" 177 "177_fs3" 74.7 0.608172054035985 8.3 0.0732737414501188 0.00180538798405676
"amont" 177 "177_fs3" 83 0.592783184755569 8.3 0.071419660813924 -0.000223383209180086
"amont" 177 "177_fs3" 91.3 0.651972420344935 8.30000000000001 0.0785508940174619 0.000859184723317819
"amont" 177 "177_fs3" 99.6 0.508475983106496 8.29999999999998 0.061262166639337 -0.00208297920218374
"amont" 177 "177_fs4" 8.3 0 NA NA NA
"amont" 177 "177_fs4" 16.6 0.113420789177567 8.3 0.0136651553225984 NA
"amont" 177 "177_fs4" 24.9 0.604444463551957 8.3 0.0728246341628864 0.00712764805304675
"amont" 177 "177_fs4" 33.2 0.492680076684043 8.3 0.0593590453836196 -0.00162236009388757
"amont" 177 "177_fs4" 41.5 0.684268013429303 8.3 0.0824419293288318 0.00278107035484484
"amont" 177 "177_fs4" 49.8 0.637005874734959 8.3 0.0767476957511999 -0.000686052238268901
"amont" 177 "177_fs4" 58.1 0.43684444109674 8.3 0.0526318603731011 -0.00290552233471069
"amont" 177 "177_fs4" 66.4 0.382906477131851 8.3 0.0461333104978134 -0.000782957816299728
"amont" 177 "177_fs4" 74.7 0.246709932302628 8.3 0.0297240882292323 -0.00197701473115435
"amont" 177 "177_fs4" 83 0.374745990791148 8.3 0.0451501193724275 0.00185855796905967
"amont" 177 "177_fs4" 91.3 0.207597118059529 8.30000000000001 0.0250117009710276 -0.00242631547004818
"amont" 177 "177_fs4" 99.6 0.301843389208763 8.29999999999998 0.0363666733986462 0.00136806896718297
"amont" 178 "178_fs1" 8.3 0 NA NA NA
"amont" 178 "178_fs1" 16.6 0.16945752043956 8.3 0.0204165687276579 NA
"amont" 178 "178_fs1" 24.9 0.729357259049272 8.3 0.0878743685601533 0.00812744576295126
"amont" 178 "178_fs1" 33.2 0.686196530045409 8.3 0.0826742807283625 -0.000626516606239849
"amont" 178 "178_fs1" 41.5 1.06473374147507 8.3 0.128281173671696 0.00549480637871483
"amont" 178 "178_fs1" 49.8 0.995437032930079 8.3 0.119932172642178 -0.00100590373849607
"amont" 178 "178_fs1" 58.1 0.997368985652479 8.3 0.120164938030419 2.80440226796291e-05
"amont" 178 "178_fs1" 66.4 0.940139841575391 8.3 0.11326986043077 -0.000830732240921585
"amont" 178 "178_fs1" 74.7 1.16322174962572 8.3 0.140147198750086 0.00323823353244776
"amont" 178 "178_fs1" 83 0.883018152958369 8.3 0.106387729272093 -0.00406740596120406
"amont" 178 "178_fs1" 91.3 1.00714355740511 8.30000000000001 0.121342597277723 0.00180179132597962
"amont" 178 "178_fs1" 99.6 1.18416431361409 8.29999999999998 0.142670399230613 0.00256961469311923
"amont" 178 "178_fs1" 107.9 0.937098397013881 8.3 0.112903421326974 -0.00358638287995656
"amont" 178 "178_fs1" 116.2 0.74660422670905 8.30000000000001 0.0899523164709697 -0.00276519335614504
"amont" 178 "178_fs1" 124.5 1.22378527142127 8.3 0.147444008604972 0.00692670989566293
"amont" 178 "178_fs1" 132.8 0.500560589838268 8.30000000000001 0.0603085047997913 -0.0104982534705037
"amont" 178 "178_fs2" 8.3 0 NA NA NA
"amont" 178 "178_fs2" 16.6 0.105733096658111 8.3 0.0127389273082061 NA
"amont" 178 "178_fs2" 24.9 0.452139996909153 8.3 0.0544746984227895 0.00502840615838354
"amont" 178 "178_fs2" 33.2 0.360522893133965 8.3 0.0434364931486705 -0.00132990424989385
"amont" 178 "178_fs2" 41.5 0.899880678179223 8.3 0.108419358816774 0.00782926092386788
"amont" 178 "178_fs2" 49.8 0.60517175995889 8.3 0.0729122602360108 -0.00427796368442929
"amont" 178 "178_fs2" 58.1 0.627774003796726 8.3 0.0756354221441839 0.000328091796165423
"amont" 178 "178_fs2" 66.4 0.672635143540857 8.3 0.0810403787398622 0.000651199589840766
"amont" 178 "178_fs2" 74.7 0.603568547049078 8.3 0.0727191020541059 -0.00100256345611522
"amont" 178 "178_fs2" 83 0.499948488486881 8.3 0.0602347576490219 -0.0015041378801306
"amont" 178 "178_fs2" 91.3 0.518715665142652 8.30000000000001 0.0624958632701989 0.000272422363997237
"amont" 178 "178_fs2" 99.6 0.355757202670678 8.29999999999998 0.0428623135747806 -0.00236548791511065
"amont" 179 "179_fs1" 8.3 0 NA NA NA
"amont" 179 "179_fs1" 16.6 0.627294426347985 8.3 0.0755776417286729 NA
"amont" 179 "179_fs1" 24.9 0.441337126011653 8.3 0.0531731477122473 -0.00269933662848501
"amont" 179 "179_fs1" 33.2 0.261605710919609 8.3 0.0315187603517601 -0.00260896233258882
"amont" 179 "179_fs1" 41.5 1.89855222477141 8.3 0.22874123190017 0.0237617435600494
"amont" 179 "179_fs1" 49.8 0.671670723425259 8.3 0.0809241835452119 -0.0178092829343324
"amont" 179 "179_fs1" 58.1 0.652729506944094 8.3 0.0786421092703727 -0.000274948707811954
"amont" 179 "179_fs1" 66.4 0.755950045897239 8.3 0.0910783187827998 0.00149833849547315
"amont" 179 "179_fs1" 74.7 0.652773590336436 8.3 0.0786474205224622 -0.00149769858558284
"amont" 179 "179_fs1" 83 0.351938918880184 8.3 0.0424022793831548 -0.00436688447461536
"amont" 179 "179_fs1" 91.3 0.566748447467548 8.30000000000001 0.0682829454780178 0.00311815254154976
"amont" 179 "179_fs1" 99.6 0.216082438595566 8.29999999999998 0.0260340287464538 -0.00509023093151374
"amont" 179 "179_fs1" 107.9 0.401369117642964 8.3 0.0483577250172245 0.00268960196033382
"amont" 179 "179_fs2" 8.3 0 NA NA NA
"amont" 179 "179_fs2" 16.6 0.16771437257316 8.3 0.0202065509124289 NA
"amont" 179 "179_fs2" 24.9 0.577210687243204 8.3 0.0695434562943619 0.00594420546770277
"amont" 179 "179_fs2" 33.2 1.06343391169223 8.3 0.128124567673763 0.00705796522643384
"amont" 179 "179_fs2" 41.5 1.21261457503537 8.3 0.146098141570526 0.00216549083093533
"amont" 179 "179_fs2" 49.8 0.877562330361884 8.3 0.10573040124842 -0.00486358317133811
"amont" 179 "179_fs2" 58.1 1.48348692871234 8.3 0.178733364905101 0.00879553778996159
"amont" 179 "179_fs2" 66.4 1.0556500882383 8.3 0.127186757619072 -0.00621043461277459
"amont" 179 "179_fs2" 74.7 0.641829457163874 8.3 0.0773288502607077 -0.00600697679016436
"amont" 179 "179_fs2" 83 0.730606771901614 8.3 0.0880249122773029 0.00128868217067412
"amont" 179 "179_fs2" 91.3 0.73122715710545 8.30000000000001 0.0880996574825842 9.00544641943288e-06
"amont" 179 "179_fs2" 99.6 0.592728102970244 8.29999999999998 0.0714130244542464 -0.00201043771425757
"amont" 179 "179_fs3" 8.3 0 NA NA NA
"amont" 179 "179_fs3" 16.6 0.11129006311141 8.3 0.0134084413387241 NA
"amont" 179 "179_fs3" 24.9 0.634504735314949 8.3 0.0764463536524035 0.0075949291944192
"amont" 179 "179_fs3" 33.2 1.18589396817008 8.3 0.142878791345793 0.00800390815583
"amont" 179 "179_fs3" 41.5 1.36336425299651 8.3 0.164260753373074 0.00257614000328693
"amont" 179 "179_fs3" 49.8 1.37023670143651 8.3 0.165088759209218 9.97597392944655e-05
"amont" 179 "179_fs3" 58.1 1.26847601076637 8.3 0.152828435032093 -0.00147714749121986
"amont" 179 "179_fs3" 66.4 1.17929409329115 8.3 0.142083625697729 -0.00129455534148964
"amont" 179 "179_fs3" 74.7 1.0919884853511 8.3 0.131564877753145 -0.00126731902946802
"amont" 179 "179_fs3" 83 1.46760624125235 8.3 0.176820029066548 0.00545242786908472
"amont" 179 "179_fs3" 91.3 1.20721578350696 8.30000000000001 0.145447684759875 -0.00377980051887629
"amont" 179 "179_fs3" 99.6 1.03465410007375 8.29999999999998 0.124657120490814 -0.00250488726133261
"amont" 179 "179_fs3" 107.9 1.07014857223639 8.3 0.128933562920047 0.000515234027618381
"amont" 180 "180_fs1" 8.3 0 NA NA NA
"amont" 180 "180_fs1" 16.6 0.217866257742047 8.3 0.0262489467159093 NA
"amont" 180 "180_fs1" 24.9 0.903238205148307 8.3 0.10882388013835 0.00994878715933024
"amont" 180 "180_fs1" 33.2 0.510667637685748 8.3 0.0615262214079214 -0.00569851310005166
"amont" 180 "180_fs1" 41.5 0.919209996540849 8.3 0.110748192354319 0.00593035794534914
"amont" 180 "180_fs1" 49.8 0.91008118032808 8.3 0.109648334979287 -0.000132512936750894
"amont" 180 "180_fs1" 58.1 0.984790781795248 8.3 0.11864949178256 0.00108447672328592
"amont" 180 "180_fs1" 66.4 0.58949505945249 8.3 0.0710235011388542 -0.00573807116189226
"amont" 180 "180_fs1" 74.7 0.466680782363672 8.3 0.0562266002847798 -0.00178275913904511
"amont" 180 "180_fs1" 83 0.560434301207057 8.3 0.0675222049647056 0.00136091622649709
"amont" 180 "180_fs1" 91.3 0.523091384811405 8.30000000000001 0.0630230584110126 -0.000542065849842535
"amont" 180 "180_fs1" 99.6 0.447249622456508 8.29999999999998 0.0538854966815071 -0.00110091105174766
"amont" 180 "180_fs1" 107.9 0.426735143778296 8.3 0.051413872744373 -0.000297786016522177
"amont" 180 "180_fs2" 8.3 0 NA NA NA
"amont" 180 "180_fs2" 16.6 0.12551381140933 8.3 0.0151221459529314 NA
"amont" 180 "180_fs2" 24.9 0.400528825842978 8.3 0.0482564850413227 0.00399208904679414
"amont" 180 "180_fs2" 33.2 0.56795657358755 8.3 0.0684285028418735 0.0024303635904278
"amont" 180 "180_fs2" 41.5 0.712920476270227 8.3 0.0858940332855696 0.00210428077634893
"amont" 180 "180_fs2" 49.8 0.996568472162283 8.3 0.120068490621962 0.00411740449836051
"amont" 180 "180_fs2" 58.1 0.604334315562516 8.3 0.0728113633207851 -0.00569362979532249
"amont" 180 "180_fs2" 66.4 0.700272119125093 8.3 0.0843701348343485 0.0013926230739233
"amont" 180 "180_fs2" 74.7 0.990246846507854 8.3 0.11930684897685 0.00420924266777125
"amont" 180 "180_fs2" 83 0.923811791272997 8.3 0.111302625454578 -0.000964364279791793
"amont" 180 "180_fs2" 91.3 0.767803949509494 8.30000000000001 0.0925064999409028 -0.00226459343538255
"amont" 180 "180_fs2" 99.6 0.583547353022711 8.29999999999998 0.0703069100027364 -0.00267464939014054
"amont" 180 "180_fs2" 107.9 0.801682280038943 8.3 0.096588226510716 0.0031664236756602
"aval" 181 "181_fs1" 8.3 0 NA NA NA
"aval" 181 "181_fs1" 16.6 0.10678550664941 8.3 0.0128657236926999 NA
"aval" 181 "181_fs1" 24.9 0.56525168934496 8.3 0.0681026131740916 0.00665504692546887
"aval" 181 "181_fs1" 33.2 0.521022198681137 8.3 0.0627737588772453 -0.000642030638174245
"aval" 181 "181_fs1" 41.5 0.573268252062287 8.3 0.06906846410389 0.000758398220077667
"aval" 181 "181_fs1" 49.8 0.5871930608303 8.3 0.0707461519072651 0.000202131060647609
"aval" 181 "181_fs1" 58.1 0.614707649743702 8.3 0.0740611626197231 0.000399398881019033
"aval" 181 "181_fs1" 66.4 0.991367772189562 8.3 0.119441900263803 0.00546755875229874
"aval" 181 "181_fs1" 74.7 0.60351333856907 8.3 0.0727124504300085 -0.00563005419684267
"aval" 181 "181_fs1" 83 0.864271005734638 8.3 0.104129036835499 0.00378513089222773
"amont" 183 "183_fs1" 8.3 0 NA NA NA
"amont" 183 "183_fs1" 16.6 0.274011665476709 8.3 0.0330134536718927 NA
"amont" 183 "183_fs1" 24.9 1.04881097553508 8.3 0.126362768136757 0.0112469053572126
"amont" 183 "183_fs1" 33.2 0.678919122974227 8.3 0.0817974846956899 -0.0053693112579599
"amont" 183 "183_fs1" 41.5 1.37831150402681 8.3 0.166061626991182 0.0101523063006617
"amont" 183 "183_fs1" 49.8 1.56159315755166 8.3 0.188143753921886 0.00266049722056679
"amont" 183 "183_fs1" 58.1 0.907930558799857 8.3 0.10938922395179 -0.0094884975867586
"amont" 183 "183_fs1" 66.4 1.42508932419785 8.3 0.1716975089395 0.00750702228767596
"amont" 183 "183_fs1" 74.7 1.18576979660924 8.3 0.142863830916776 -0.00347393711117159
"amont" 183 "183_fs1" 83 1.17653050737612 8.3 0.141750663539292 -0.000134116551504132
"amont" 183 "183_fs1" 91.3 1.24640160317912 8.30000000000001 0.150168867852906 0.00101424148356793
"amont" 183 "183_fs1" 99.6 0.889064471246987 8.29999999999998 0.107116201355059 -0.00518706825275266
"amont" 183 "183_fs1" 107.9 1.23109979045368 8.3 0.148325275958275 0.00496494874737539
"amont" 183 "183_fs1" 116.2 1.08528018901034 8.30000000000001 0.130756649278354 -0.00211670200962893
"amont" 183 "183_fs1" 124.5 0.836399238190013 8.3 0.100770992553014 -0.00361272972594466
"amont" 183 "183_fs2" 8.3 0 NA NA NA
"amont" 183 "183_fs2" 16.6 0.392573259538693 8.3 0.0472979830769509 NA
"amont" 183 "183_fs2" 24.9 0.659564416021207 8.3 0.0794655922917117 0.00387561556804347
"amont" 183 "183_fs2" 33.2 0.426872780143094 8.3 0.0514304554389269 -0.00337772733166082
"amont" 183 "183_fs2" 41.5 0.874902775728102 8.3 0.105409972979289 0.00650355633016416
"amont" 183 "183_fs2" 49.8 0.702945868779478 8.3 0.0846922733469251 -0.00249610838944149
"amont" 183 "183_fs2" 58.1 0.454284964418457 8.3 0.0547331282431876 -0.00360953555466717
"amont" 183 "183_fs2" 66.4 0.522023613196253 8.3 0.0628944112284642 0.000983287106659833
"amont" 183 "183_fs2" 74.7 0.488623680374129 8.3 0.058870322936642 -0.000484829914677371
"amont" 183 "183_fs2" 83 0.450978476349005 8.3 0.0543347561866271 -0.000546453825302996
"amont" 183 "183_fs2" 91.3 0.274326655974783 8.30000000000001 0.0330514043343111 -0.00256425925931518
"amont" 183 "183_fs2" 99.6 0.381159631430166 8.29999999999998 0.0459228471602611 0.00155077624409036
"amont" 183 "183_fs2" 107.9 0.229706674977731 8.3 0.0276755030093652 -0.00219847519890311
"amont" 184 "184_fs1" 8.3 0 NA NA NA
"amont" 184 "184_fs1" 16.6 0.113849957084921 8.3 0.0137168622993881 NA
"amont" 184 "184_fs1" 24.9 0.692228012639956 8.3 0.083400965378308 0.00839567506974939
"amont" 184 "184_fs1" 33.2 0.973775393117045 8.3 0.117322336520126 0.00408691218576118
"amont" 184 "184_fs1" 41.5 0.864231696046168 8.3 0.104124300728454 -0.00159012479417732
"amont" 184 "184_fs1" 49.8 1.13396879374569 8.3 0.13662274623442 0.00391547536216463
"amont" 184 "184_fs1" 58.1 1.29243324884225 8.3 0.155714849258102 0.00230025337634714
"amont" 184 "184_fs1" 66.4 1.46763608574091 8.3 0.176823624788061 0.00254322596746495
"amont" 184 "184_fs1" 74.7 1.14053819603141 8.3 0.137414240485713 -0.00474811859064437
"amont" 184 "184_fs1" 83 1.3285806891511 8.3 0.160069962548326 0.00272960506778469
"amont" 184 "184_fs1" 91.3 1.58044578459538 8.30000000000001 0.190415154770527 0.00365604725568692
"amont" 184 "184_fs1" 99.6 1.32149790533892 8.29999999999998 0.159216615101075 -0.00375886020113883
"amont" 184 "184_fs1" 107.9 1.34660960312414 8.3 0.16224212085833 0.000364518765934367
"amont" 184 "184_fs2" 8.3 0 NA NA NA
"amont" 184 "184_fs2" 16.6 0.116458406592797 8.3 0.0140311333244334 NA
"amont" 184 "184_fs2" 24.9 0.824959281898358 8.3 0.0993926845660673 0.01028452424598
"amont" 184 "184_fs2" 33.2 0.643605374602409 8.3 0.0775428162171577 -0.00263251425890477
"amont" 184 "184_fs2" 41.5 1.01874565894493 8.3 0.122740440836738 0.00544549694211813
"amont" 184 "184_fs2" 49.8 0.687753072808853 8.3 0.0828618160010666 -0.00480465359465923
"amont" 184 "184_fs2" 58.1 0.891487043196536 8.3 0.107408077493559 0.00295738090270987
"amont" 184 "184_fs2" 66.4 1.24061947557328 8.3 0.149472225972684 0.00506796969628016
"amont" 184 "184_fs2" 74.7 0.862849071760685 8.3 0.103957719489239 -0.00548367547993309
"amont" 184 "184_fs2" 83 1.07937749007452 8.3 0.130045480731869 0.00314310376417232
"amont" 184 "184_fs2" 91.3 0.694728706347395 8.30000000000001 0.0837022537767944 -0.00558352131988855
"amont" 184 "184_fs2" 99.6 0.709502394294676 8.29999999999998 0.0854822161800816 0.000214453301600867
"amont" 184 "184_fs2" 107.9 0.994410361985641 8.3 0.119808477347668 0.00413569411657663
"amont" 184 "184_fs2" 116.2 0.852532971047948 8.30000000000001 0.102714815788909 -0.00205947729623595
"amont" 185 "185_fs1" 8.3 0 NA NA NA
"amont" 185 "185_fs1" 16.6 0.0873526119664973 8.3 0.0105244110803009 NA
"amont" 185 "185_fs1" 24.9 0.504439926726709 8.3 0.0607758947863505 0.00605439562723489
"amont" 185 "185_fs1" 33.2 0.804976086003997 8.3 0.0969850706028912 0.00436255130319767
"amont" 185 "185_fs1" 41.5 0.750173201749625 8.3 0.0903823134638103 -0.000795512908322995
"amont" 185 "185_fs1" 49.8 1.09446933869758 8.3 0.131863775746696 0.00499776654010675
"amont" 185 "185_fs1" 58.1 1.15715876982387 8.3 0.139416719255888 0.0009099931938785
"amont" 185 "185_fs1" 66.4 1.23086224439437 8.3 0.148296655951129 0.00106987189099296
"amont" 185 "185_fs1" 74.7 0.802338156848961 8.3 0.0966672478131279 -0.00622041061903633
"amont" 185 "185_fs1" 83 1.33895893423303 8.3 0.161320353522052 0.00778953080830411
"amont" 185 "185_fs1" 91.3 1.00813795469502 8.30000000000001 0.121462404180123 -0.00480216257131678
"amont" 185 "185_fs1" 99.6 1.34417359000705 8.29999999999998 0.161948625302055 0.00487785796649787
"amont" 185 "185_fs2" 8.3 0 NA NA NA
"amont" 185 "185_fs2" 16.6 0.436293145813003 8.3 0.0525654392545786 NA
"amont" 185 "185_fs2" 24.9 0.374248308372809 8.3 0.0450901576352782 -0.000900636339674755
"amont" 185 "185_fs2" 33.2 0.650982730323034 8.3 0.0784316542557871 0.00401704778560349
"amont" 185 "185_fs2" 41.5 0.581631074724369 8.3 0.0700760330993216 -0.00100670134415247
"amont" 185 "185_fs2" 49.8 0.561990582810574 8.3 0.0677097087723583 -0.000285099316501607
"amont" 185 "185_fs2" 58.1 0.488369537060468 8.3 0.0588397032602974 -0.00106867536289891
"amont" 185 "185_fs2" 66.4 0.556004316620027 8.3 0.0669884718819309 0.000981779352004038
"amont" 185 "185_fs2" 74.7 0.422422262546803 8.3 0.0508942484996149 -0.00193906305811036
"amont" 185 "185_fs2" 83 0.358954510813559 8.3 0.0432475314233204 -0.000921291214011381
"amont" 185 "185_fs2" 91.3 0.436453976445221 8.30000000000001 0.0525848164391831 0.00112497409829671
"amont" 185 "185_fs2" 99.6 0.366046379786405 8.29999999999998 0.0441019734682417 -0.0010220292736074
"amont" 185 "185_fs3" 8.3 0 NA NA NA
"amont" 185 "185_fs3" 16.6 0.389375743384265 8.3 0.0469127401667789 NA
"amont" 185 "185_fs3" 24.9 0.772754665834616 8.3 0.0931029717873032 0.00556508814705112
"amont" 185 "185_fs3" 33.2 0.944359862187815 8.3 0.113778296649134 0.00249100299540134
"amont" 185 "185_fs3" 41.5 0.919606288339171 8.3 0.110795938354117 -0.000359320276508106
"amont" 185 "185_fs3" 49.8 1.12785402171368 8.3 0.135886026712492 0.00302290221185238
"amont" 185 "185_fs3" 58.1 0.681988545609176 8.3 0.0821672946517079 -0.00647213639286553
"amont" 185 "185_fs3" 66.4 0.824260422960392 8.3 0.0993084846940231 0.00206520361955604
"amont" 185 "185_fs3" 74.7 1.08638955952384 8.3 0.130890308376366 0.00380503899787267
"amont" 185 "185_fs3" 83 0.803644210536145 8.3 0.0968246036790537 -0.00410430177076056
"amont" 186 "186_fs1" 8.3 0 NA NA NA
"amont" 186 "186_fs1" 16.6 0.246623567531533 8.3 0.0297136828351244 NA
"amont" 186 "186_fs1" 24.9 0.513378047645373 8.3 0.0618527768247437 0.00387217999874931
"amont" 186 "186_fs1" 33.2 0.311228398064007 8.3 0.0374973973571093 -0.00293438306838969
"amont" 186 "186_fs1" 41.5 0.701989463701796 8.3 0.0845770438194936 0.00567224656173305
"amont" 186 "186_fs1" 49.8 0.8950020256056 8.3 0.107831569350072 0.00280175006392516
"amont" 186 "186_fs1" 58.1 0.750691822964038 8.3 0.0904447979474744 -0.00209479173525277
"amont" 186 "186_fs1" 66.4 0.639342868879305 8.3 0.0770292613107596 -0.00161632971526685
"amont" 186 "186_fs1" 74.7 0.610926564538921 8.3 0.0736056101854122 -0.00041248808739125
"amont" 186 "186_fs1" 83 0.620709194383606 8.3 0.0747842402871815 0.000142003626719191
"amont" 186 "186_fs1" 91.3 0.450368084464632 8.30000000000001 0.0542612149957387 -0.00247265364957142
"amont" 186 "186_fs1" 99.6 0.505492852273574 8.29999999999998 0.0609027532859729 0.000800185336172801
"amont" 186 "186_fs2" 8.3 0 NA NA NA
"amont" 186 "186_fs2" 16.6 0.313226959218306 8.3 0.0377381878576272 NA
"amont" 186 "186_fs2" 24.9 0.709221214494228 8.3 0.0854483390956902 0.00574821099253771
"amont" 186 "186_fs2" 33.2 0.454665702378325 8.3 0.0547790002865452 -0.00369510106134277
"amont" 186 "186_fs2" 41.5 0.966852435400292 8.3 0.116488245228951 0.00743484878824166
"amont" 186 "186_fs2" 49.8 0.807375131826888 8.3 0.0972741122682997 -0.00231495577839171
"amont" 186 "186_fs2" 58.1 0.962755886633479 8.3 0.115994685136564 0.00225549070701975
"amont" 186 "186_fs2" 66.4 0.742846294343013 8.3 0.0894995535353027 -0.00319218453027241
"amont" 186 "186_fs2" 74.7 0.823228131166877 8.3 0.0991841121887804 0.00116681429559972
"amont" 186 "186_fs2" 83 0.756825000134715 8.3 0.0911837349559897 -0.000963900871420557
"amont" 186 "186_fs2" 91.3 0.791435048411113 8.30000000000001 0.0953536202904954 0.000502395823434423
"amont" 186 "186_fs2" 99.6 0.512588876913739 8.29999999999998 0.0617576960137037 -0.00404770172009541
"amont" 186 "186_fs2" 107.9 0.629344756294254 8.3 0.0758246694330427 0.00169481607461917
"amont" 186 "186_fs2" 116.2 0.474876184250068 8.30000000000001 0.0572139981024177 -0.00224224955790662
"amont" 186 "186_fs2" 124.5 0.463775995074864 8.3 0.0558766259126342 -0.000161129179491996
"aval" 188 "188_fs1" 8.3 0 NA NA NA
"aval" 188 "188_fs1" 16.6 0.0355078580834811 8.3 0.00427805519078085 NA
"aval" 188 "188_fs1" 24.9 0.384284454159641 8.3 0.0462993318264628 0.00506280441393758
"aval" 188 "188_fs1" 33.2 0.51744435749474 8.3 0.062342693674065 0.00193293516236171
"aval" 188 "188_fs1" 41.5 0.675260832311146 8.3 0.0813567267844754 0.00229084736270005
"aval" 188 "188_fs1" 49.8 0.672246924590894 8.3 0.0809936053723968 -4.37495677203067e-05
"aval" 188 "188_fs1" 58.1 0.540291874178904 8.3 0.0650954065275787 -0.00191544564395399
"aval" 188 "188_fs1" 66.4 0.612775207117427 8.3 0.0738283382069189 0.001052160443294
"aval" 188 "188_fs1" 74.7 0.418304565646965 8.3 0.0503981404393934 -0.00282291539367778
"aval" 188 "188_fs2" 8.3 0 NA NA NA
"aval" 188 "188_fs2" 16.6 0.174899617414464 8.3 0.0210722430619837 NA
"aval" 188 "188_fs2" 24.9 0.558401180005913 8.3 0.0672772506031221 0.00556686837845041
"aval" 188 "188_fs2" 33.2 0.621652641748253 8.3 0.0748979086443677 0.000918151571234417
"aval" 188 "188_fs2" 41.5 0.335795009778262 8.3 0.0404572300937665 -0.00414947934344594
"aval" 188 "188_fs2" 49.8 0.709233004015628 8.3 0.0854497595199552 0.00542078667785407
"aval" 188 "188_fs2" 58.1 0.575576223402324 8.3 0.069346532940039 -0.00194014778071279
"aval" 188 "188_fs2" 66.4 0.381561802175208 8.3 0.0459713014668926 -0.00281629294857186
"aval" 188 "188_fs2" 74.7 0.4718002397543 8.3 0.0568434023800361 0.00130989167628236
"aval" 188 "188_fs2" 83 0.306037650122447 8.3 0.0368720060388491 -0.0024061923302635
"aval" 188 "188_fs2" 91.3 0.327649621291264 8.30000000000001 0.0394758579868992 0.000313717102174714
"aval" 188 "188_fs2" 99.6 0.282493677666698 8.29999999999998 0.0340353828514095 -0.000655478931986716
"aval" 188 "188_fs2" 107.9 0.313186418031385 8.3 0.0377333033772753 0.000445532593477806
"aval" 188 "188_fs2" 116.2 0.09514531255871 8.30000000000001 0.0114632906697241 -0.00316506177199412
"aval" 188 "188_fs2" 124.5 0.227425684298506 8.3 0.0274006848552417 0.00192016797415875
"aval" 189 "189_fs1" 8.3 0 NA NA NA
"aval" 189 "189_fs1" 16.6 0.304533559032024 8.3 0.0366907902448222 NA
"aval" 189 "189_fs1" 24.9 0.68943129297001 8.3 0.0830640112012061 0.00558713505498602
"aval" 189 "189_fs1" 33.2 0.613270664376412 8.3 0.0738880318525797 -0.0011055396805574
"aval" 189 "189_fs1" 41.5 0.744670015917631 8.3 0.0897192790262206 0.0019073791775471
"aval" 189 "189_fs1" 49.8 1.34306339852667 8.3 0.16181486729237 0.00868621545375293
"aval" 189 "189_fs1" 58.1 0.616266504073178 8.3 0.0742489763943587 -0.0105501073371098
"aval" 189 "189_fs2" 8.3 0 NA NA NA
"aval" 189 "189_fs2" 16.6 0.365856396112144 8.3 0.044079083868933 NA
"aval" 189 "189_fs2" 24.9 0.478013817295897 8.3 0.0575920261802286 0.00162806533871032
"aval" 189 "189_fs2" 33.2 1.20796819478342 8.3 0.145538336720894 0.0105959410289958
"aval" 189 "189_fs2" 41.5 0.760483980261445 8.3 0.0916245759351139 -0.00649563382961202
"aval" 189 "189_fs2" 49.8 1.05131709350561 8.3 0.126664710060916 0.00422170290672321
"aval" 189 "189_fs2" 58.1 1.11326147228997 8.3 0.134127888227707 0.000899178092384419
"aval" 189 "189_fs2" 66.4 0.946309218805917 8.3 0.114013158892279 -0.00242346136571422
"aval" 189 "189_fs2" 74.7 0.97818445407504 8.3 0.11785354868374 0.000462697565236229
"aval" 189 "189_fs3" 8.3 0 NA NA NA
"aval" 189 "189_fs3" 16.6 0.442919567142842 8.3 0.0533638032702219 NA
"aval" 189 "189_fs3" 24.9 0.692792980513042 8.3 0.083469033796752 0.00362713620801568
"aval" 189 "189_fs3" 33.2 1.07908809531766 8.3 0.130010613893694 0.00560741928878819
"aval" 189 "189_fs3" 41.5 1.14452874362227 8.3 0.137895029352081 0.000949929573299575
"aval" 189 "189_fs3" 49.8 1.27079174099993 8.3 0.153107438674691 0.00183282040031449
"aval" 189 "189_fs3" 58.1 1.14489925058546 8.3 0.137939668745236 -0.00182744216017522
"aval" 189 "189_fs3" 66.4 0.875331914141408 8.3 0.105461676402579 -0.00391301112562135
"aval" 189 "189_fs3" 74.7 1.25384523569655 8.3 0.151065691047777 0.005494459595807
"aval" 189 "189_fs3" 83 0.976882984293995 8.3 0.117696745095662 -0.00402035493398979
"aval" 190 "190_fs1" 8.3 0 NA NA NA
"aval" 190 "190_fs1" 16.6 0.0266984815430615 8.3 0.00321668452326042 NA
"aval" 190 "190_fs1" 24.9 0.30757472823991 8.3 0.0370571961734831 0.00407717007834009
"aval" 190 "190_fs1" 33.2 0.752329484444027 8.3 0.0906421065595212 0.00645601329952266
"aval" 190 "190_fs1" 41.5 0.756991122263212 8.3 0.0912037496702666 6.76678446681104e-05
"aval" 190 "190_fs1" 49.8 0.910015464298986 8.3 0.10964041738542 0.00222128526688597
"aval" 190 "190_fs1" 58.1 0.209077177226462 8.3 0.0251900213525858 -0.01017474650998
"aval" 190 "190_fs1" 66.4 0.843785646507114 8.3 0.101660921265917 0.00921336143534113
"aval" 190 "190_fs1" 74.7 1.40912196779722 8.3 0.169773731059906 0.00820636262578173
"aval" 190 "190_fs1" 83 0.557512838080706 8.3 0.0671702214555067 -0.012361868627036
"aval" 190 "190_fs1" 91.3 0.379813521594554 8.30000000000001 0.0457606652523559 -0.00257946460278926
"aval" 190 "190_fs1" 99.6 0.386209219656888 8.29999999999998 0.0465312312839625 9.28392809164571e-05
"aval" 190 "190_fs1" 107.9 0.432600857781202 8.3 0.0521205852748437 0.000673416143479665
"aval" 190 "190_fs1" 116.2 0.407647941350376 8.30000000000001 0.0491142098012501 -0.000362213912481158
"aval" 190 "190_fs2" 8.3 0 NA NA NA
"aval" 190 "190_fs2" 16.6 0.203656663226881 8.3 0.0245369473767326 NA
"aval" 190 "190_fs2" 24.9 0.397012237156693 8.3 0.0478327996574329 0.00280672919044581
"aval" 190 "190_fs2" 33.2 0.966413933089903 8.3 0.11643541362529 0.00826537517685019
"aval" 190 "190_fs2" 41.5 0.527340502462108 8.3 0.0635350002966396 -0.00637354377453614
"aval" 190 "190_fs2" 49.8 1.41970409708105 8.3 0.171048686395307 0.0129534561564659
"aval" 190 "190_fs2" 58.1 0.739645169723258 8.3 0.089113875870272 -0.00987166391867887
"aval" 190 "190_fs2" 66.4 0.890861847963349 8.3 0.107332752766669 0.0021950454092044
"aval" 190 "190_fs2" 74.7 1.32444537956471 8.3 0.159571732477675 0.00629385297722975
"aval" 190 "190_fs2" 83 0.590767827701562 8.3 0.0711768467110316 -0.010649986236945
"aval" 190 "190_fs2" 91.3 0.786825772358589 8.30000000000001 0.0947982858263358 0.00284595651991617
"aval" 190 "190_fs2" 99.6 0.876969745064865 8.29999999999998 0.105659005429502 0.00130852043411641
"aval" 190 "190_fs2" 107.9 0.682717610829547 8.3 0.0822551338348852 -0.00281974356561649
"aval" 190 "190_fs3" 8.3 0 NA NA NA
"aval" 190 "190_fs3" 16.6 0.245049428682907 8.3 0.0295240275521575 NA
"aval" 190 "190_fs3" 24.9 0.404567210193179 8.3 0.0487430373726722 0.00231554335186924
"aval" 190 "190_fs3" 33.2 0.79398717546398 8.3 0.0956611054775879 0.00565277928974887
"aval" 190 "190_fs3" 41.5 0.525740808566892 8.3 0.0633422660923967 -0.00389383607050496
"aval" 190 "190_fs3" 49.8 0.786563324265845 8.3 0.0947666655741982 0.00378607222672307
"aval" 190 "190_fs3" 58.1 0.416056373087213 8.3 0.0501272738659292 -0.00537823996485168
"aval" 190 "190_fs3" 66.4 1.28645786040308 8.3 0.15499492294013 0.0126346565149639
"aval" 190 "190_fs3" 74.7 1.07520871007515 8.3 0.129543218081343 -0.00306647046491409
"aval" 190 "190_fs3" 83 0.541853589070403 8.3 0.0652835649482413 -0.00774212688350623
"aval" 190 "190_fs3" 91.3 1.02498211551672 8.30000000000001 0.123491821146593 0.007013042915464
"aval" 190 "190_fs3" 99.6 0.409172372679461 8.29999999999998 0.0492978762264412 -0.008939029508452
"aval" 190 "190_fs4" 8.3 0 NA NA NA
"aval" 190 "190_fs4" 16.6 0.0695373715236234 8.3 0.00837799656911125 NA
"aval" 190 "190_fs4" 24.9 0.322217582552399 8.3 0.0388213954882408 0.00366787938784694
"aval" 190 "190_fs4" 33.2 0.345868999508049 8.3 0.0416709637961504 0.000343321482880669
"aval" 190 "190_fs4" 41.5 0.582773440780059 8.3 0.0702136675638626 0.00343887997201351
"aval" 190 "190_fs4" 49.8 0.299206778718192 8.3 0.0360490094841195 -0.00411622386502928
"aval" 190 "190_fs4" 58.1 1.71704749178415 8.3 0.206873191781223 0.0205812267827836
"aval" 190 "190_fs4" 66.4 1.86992316937104 8.3 0.225291948116992 0.00221912726936974
"aval" 190 "190_fs4" 74.7 1.05603883601408 8.3 0.127233594700492 -0.0118142594477712
"aval" 190 "190_fs4" 83 0.818343470417543 8.3 0.0985955988454872 -0.00345036094638609
"aval" 190 "190_fs4" 91.3 0.616593826752486 8.30000000000001 0.0742884128617452 -0.00292857662454722
"aval" 190 "190_fs4" 99.6 0.949387769567871 8.29999999999998 0.114384068622635 0.00483080189890243
"aval" 190 "190_fs4" 107.9 0.980789364154628 8.3 0.118167393271642 0.000455822246868279
"aval" 190 "190_fs4" 116.2 0.849195387793673 8.30000000000001 0.102312697324539 -0.00191020433097629
"aval" 191 "191_fs1" 8.3 0 NA NA NA
"aval" 191 "191_fs1" 16.6 0.323122673426524 8.3 0.0389304425815089 NA
"aval" 191 "191_fs1" 24.9 0.688644726214314 8.3 0.0829692441222065 0.00530587970369852
"aval" 191 "191_fs1" 33.2 0.821098060357892 8.3 0.0989274771515532 0.00192267867823454
"aval" 191 "191_fs1" 41.5 0.826079399386711 8.3 0.0995276384803266 7.23085938281187e-05
"aval" 191 "191_fs1" 49.8 1.14852414290843 8.3 0.138376402760052 0.00468057400960541
"aval" 191 "191_fs1" 58.1 1.25172677181407 8.3 0.15081045443543 0.00149807851510587
"aval" 191 "191_fs1" 66.4 1.33435651339764 8.3 0.160765844987668 0.00119944464484788
"aval" 191 "191_fs1" 74.7 1.00808464091309 8.3 0.121455980832902 -0.00473612821141756
"aval" 191 "191_fs1" 83 1.23116874763984 8.3 0.148333584052993 0.00323826544820376
"aval" 191 "191_fs1" 91.3 1.01741436411716 8.30000000000001 0.122580043869538 -0.00310283616668137
"aval" 191 "191_fs1" 99.6 1.0176461987541 8.29999999999998 0.122607975753506 3.3652872251043e-06
"aval" 191 "191_fs2" 8.3 0 NA NA NA
"aval" 191 "191_fs2" 16.6 0.0789370468700047 8.3 0.00951048757469936 NA
"aval" 191 "191_fs2" 24.9 0.466323250087626 8.3 0.0561835241069429 0.00562325741352332
"aval" 191 "191_fs2" 33.2 0.554844264898909 8.3 0.0668487066143263 0.00128496174787752
"aval" 191 "191_fs2" 41.5 0.573868755521934 8.3 0.0691408139183054 0.0002761575065035
"aval" 191 "191_fs2" 49.8 0.561775263164011 8.3 0.0676837666462664 -0.000175547864101082
"aval" 191 "191_fs2" 58.1 0.66626867823905 8.3 0.0802733347275963 0.00151681543148554
"aval" 191 "191_fs2" 66.4 0.51123612056446 8.3 0.0615947133210193 -0.00225043631404543
"aval" 191 "191_fs2" 74.7 0.479734286195156 8.3 0.0577993115897778 -0.000457277317017044
"aval" 191 "191_fs2" 83 0.377499912041371 8.3 0.0454819171134182 -0.00148402343088671
"aval" 191 "191_fs2" 91.3 0.457524509942681 8.30000000000001 0.0551234349328531 0.00116162865294397
"aval" 191 "191_fs2" 99.6 0.275107894860511 8.29999999999998 0.0331455295012665 -0.00264794041344417
"aval" 192 "192_fs1" 8.3 0 NA NA NA
"aval" 192 "192_fs1" 16.6 0.0815493905614715 8.3 0.00982522777849054 NA
"aval" 192 "192_fs1" 24.9 0.199655176587579 8.3 0.0240548405527204 0.00171441117761806
"aval" 192 "192_fs1" 33.2 0.600768663721351 8.3 0.0723817667134157 0.00582252122418015
"aval" 192 "192_fs1" 41.5 0.651475199378762 8.3 0.0784909878769593 0.000736050742595617
"aval" 192 "192_fs1" 49.8 1.13096675867045 8.3 0.1362610552615 0.00696024908247484
"aval" 192 "192_fs1" 58.1 0.80203423243367 8.3 0.0966306304136951 -0.00477474998166329
"aval" 192 "192_fs1" 66.4 0.665826523505993 8.3 0.0802200630730112 -0.00197717678803421
"aval" 192 "192_fs1" 74.7 0.496621867762763 8.3 0.0598339599714172 -0.00245615700019204
"aval" 192 "192_fs1" 83 0.569861061045721 8.3 0.0686579591621351 0.00106313243261661
"aval" 192 "192_fs1" 91.3 0.365537992662667 8.30000000000001 0.0440407220075502 -0.00296593218729939
"aval" 192 "192_fs1" 99.6 0.33358428299441 8.29999999999998 0.0401908774692061 -0.000463836691366749
"aval" 193 "193_fs1" 8.3 0 NA NA NA
"aval" 193 "193_fs1" 16.6 0.31051726032772 8.3 0.0374117181117735 NA
"aval" 193 "193_fs1" 24.9 0.738974406293869 8.3 0.0890330609992613 0.00621943890210697
"aval" 193 "193_fs1" 33.2 0.857574614122235 8.3 0.103322242665329 0.00172158815253832
"aval" 193 "193_fs1" 41.5 0.699046541342744 8.3 0.0842224748605716 -0.00230117684394672
"aval" 193 "193_fs1" 49.8 0.389785878864583 8.3 0.0469621540800703 -0.0044891952747592
"aval" 193 "193_fs1" 58.1 0.386343266507281 8.3 0.0465473815069013 -4.99725991769861e-05
"aval" 193 "193_fs1" 66.4 0.685153508862809 8.3 0.0825486155256396 0.00433749807454679
"aval" 193 "193_fs1" 74.7 0.309986442942572 8.3 0.0373477642099485 -0.00544588570068568
"aval" 193 "193_fs1" 83 0.443441062179459 8.3 0.0534266339975252 0.00193721322741888
"aval" 193 "193_fs1" 91.3 0.201982456231377 8.30000000000001 0.0243352356905274 -0.00350498774783106
"aval" 193 "193_fs1" 99.6 0.455699969325093 8.29999999999998 0.0549036107620595 0.00368293675560629
"aval" 193 "193_fs1" 107.9 0.278215307848378 8.3 0.0335199166082384 -0.00257634869323147
"aval" 193 "193_fs2" 8.3 0 NA NA NA
"aval" 193 "193_fs2" 16.6 0.182280394368709 8.3 0.0219614932974348 NA
"aval" 193 "193_fs2" 24.9 0.803837053579425 8.3 0.0968478377806536 0.00902245114255648
"aval" 193 "193_fs2" 33.2 0.409665716480136 8.3 0.0493573152385706 -0.00572174970386542
"aval" 193 "193_fs2" 41.5 1.08448398750647 8.3 0.130660721386321 0.00979559110213866
"aval" 193 "193_fs2" 49.8 0.800666735608568 8.3 0.0964658717600685 -0.00411986140075337
"aval" 193 "193_fs2" 58.1 0.618449056857437 8.3 0.0745119345611369 -0.00264505267457006
"aval" 193 "193_fs2" 66.4 0.836165679681638 8.3 0.100742852973691 0.00316035161597041
"aval" 193 "193_fs2" 74.7 0.543449169046046 8.3 0.0654758034995236 -0.00424904210532141
"aval" 193 "193_fs2" 83 0.449415099875844 8.3 0.0541463975754029 -0.00136498866555671
"aval" 193 "193_fs3" 8.3 0 NA NA NA
"aval" 193 "193_fs3" 16.6 0.127473572185129 8.3 0.0153582617090516 NA
"aval" 193 "193_fs3" 24.9 0.459507565405655 8.3 0.0553623572777898 0.00481977055045038
"aval" 193 "193_fs3" 33.2 1.18932984441279 8.3 0.14329275233889 0.0105940235013373
"aval" 193 "193_fs3" 41.5 0.739213192101557 8.3 0.0890618303736816 -0.00653384601990459
"aval" 193 "193_fs3" 49.8 1.08081845523198 8.3 0.130219090991805 0.00495870609856902
"aval" 193 "193_fs3" 58.1 0.882785395043424 8.3 0.10635968614981 -0.00287462708939691
"aval" 193 "193_fs3" 66.4 1.09870322382242 8.3 0.132373882388243 0.00313424051065454
"aval" 193 "193_fs3" 74.7 0.776263667717003 8.3 0.0935257430984341 -0.00468049870961552
"aval" 193 "193_fs3" 83 0.822861005209577 8.3 0.0991398801457322 0.000676402053891341
"amont" 194 "194_fs1" 8.3 0 NA NA NA
"amont" 194 "194_fs1" 16.6 0.043499841803287 8.3 0.00524094479557674 NA
"amont" 194 "194_fs1" 24.9 0.524943309141381 8.3 0.0632461818242628 0.00698858277454049
"amont" 194 "194_fs1" 33.2 0.994875391589245 8.3 0.119864505010752 0.00682148472126379
"amont" 194 "194_fs1" 41.5 0.771006474986287 8.3 0.0928923463838901 -0.00324965766588702
"amont" 194 "194_fs1" 49.8 1.37850670667019 8.3 0.16608514538195 0.00881840951783856
"amont" 194 "194_fs1" 58.1 1.00234833290696 8.3 0.120764859386381 -0.00546027542115295
"amont" 194 "194_fs1" 66.4 1.43059862778216 8.3 0.172361280455681 0.00621643627340973
"amont" 194 "194_fs1" 74.7 1.10801620417533 8.3 0.133495928213896 -0.0046825725592513
"amont" 194 "194_fs2" 8.3 0 NA NA NA
"amont" 194 "194_fs2" 16.6 0.442985674571532 8.3 0.0533717680206665 NA
"amont" 194 "194_fs2" 24.9 0.608916694705208 8.3 0.0733634571933986 0.00240863724972675
"amont" 194 "194_fs2" 33.2 0.722556287593768 8.3 0.0870549744088877 0.00164958038740832
"amont" 194 "194_fs2" 41.5 0.960023819971291 8.3 0.115665520478469 0.00344705374332303
"amont" 194 "194_fs2" 49.8 0.517564833713713 8.3 0.0623572088811703 -0.00642268814425284
"amont" 194 "194_fs2" 58.1 0.616943634720967 8.3 0.0743305584001164 0.00144257223119833
"amont" 194 "194_fs2" 66.4 0.644454689411327 8.3 0.0776451433025695 0.000399347578608796
"amont" 194 "194_fs2" 74.7 0.39915908508881 8.3 0.0480914560347964 -0.00356068521298471
"amont" 194 "194_fs2" 83 0.351550872447993 8.3 0.042355526800963 -0.000691075811305225
"amont" 195 "195_fs1" 8.3 0 NA NA NA
"amont" 195 "195_fs1" 16.6 0.234648155187205 8.3 0.0282708620707476 NA
"amont" 195 "195_fs1" 24.9 0.367220041302895 8.3 0.0442433784702284 0.0019243995662025
"amont" 195 "195_fs1" 33.2 0.926840846137399 8.3 0.111667571823783 0.00812339678958489
"amont" 195 "195_fs1" 41.5 0.931484508711988 8.3 0.112227049242408 6.74069179066548e-05
"amont" 195 "195_fs1" 49.8 0.887950778128275 8.3 0.106982021461238 -0.000631931057972323
"amont" 195 "195_fs1" 58.1 1.6106410209847 8.3 0.194053135058397 0.0104904956141155
"amont" 195 "195_fs1" 66.4 1.43036154382786 8.3 0.172332716123839 -0.00261691794392265
"amont" 195 "195_fs1" 74.7 1.48123745179071 8.3 0.178462343589242 0.00073850933318109
"amont" 195 "195_fs1" 83 1.19204404479373 8.3 0.14361976443298 -0.00419790110316413
"amont" 195 "195_fs2" 8.3 0 NA NA NA
"amont" 195 "195_fs2" 16.6 0.311510838211929 8.3 0.0375314262905938 NA
"amont" 195 "195_fs2" 24.9 0.679331377394094 8.3 0.0818471539029029 0.00533924429063965
"amont" 195 "195_fs2" 33.2 0.462487893601438 8.3 0.0557214329640286 -0.00314767722155112
"amont" 195 "195_fs2" 41.5 0.887673790150625 8.3 0.106948649415738 0.00617195378936258
"amont" 195 "195_fs2" 49.8 0.742723635184865 8.3 0.0894847753234778 -0.00210408121593497
"amont" 195 "195_fs2" 58.1 0.8410067470688 8.3 0.101326114104675 0.00142666732303577
"amont" 195 "195_fs2" 66.4 1.00832433284781 8.3 0.121484859379255 0.00242876449091325
"amont" 195 "195_fs2" 74.7 0.94718848308991 8.3 0.114119094348182 -0.000887441570008749
"amont" 195 "195_fs2" 83 1.1096591167905 8.3 0.133693869492832 0.00235840664393372
"amont" 195 "195_fs2" 91.3 1.03027267854939 8.30000000000001 0.124129238379444 -0.00115236519438404
"amont" 196 "196_fs1" 8.3 0 NA NA NA
"amont" 196 "196_fs1" 16.6 0.164427291262653 8.3 0.0198105170195968 NA
"amont" 196 "196_fs1" 24.9 0.875646161937068 8.3 0.105499537582779 0.0103239783811063
"amont" 196 "196_fs1" 33.2 0.384624048458144 8.3 0.046340246802186 -0.0071276253952522
"amont" 196 "196_fs1" 41.5 1.05438426039407 8.3 0.12703424824025 0.0097221688479595
"amont" 196 "196_fs1" 49.8 0.718893045560561 8.3 0.0866136199470556 -0.0048699552160475
"amont" 196 "196_fs1" 58.1 0.828799437256642 8.3 0.0998553538863423 0.00159538963123937
"amont" 196 "196_fs1" 66.4 0.404715290614285 8.3 0.0487608783872633 -0.0061559609035035
"amont" 196 "196_fs1" 74.7 0.637407152869063 8.3 0.0767960425143449 0.00337773061772068
"amont" 196 "196_fs1" 83 0.412537654900707 8.3 0.0497033319157479 -0.00326418199983097
"amont" 196 "196_fs1" 91.3 0.33175715573014 8.30000000000001 0.0399707416542337 -0.001172601236327
"amont" 196 "196_fs1" 99.6 0.165690160889981 8.29999999999998 0.0199626699867447 -0.00241061104427578
"amont" 196 "196_fs1" 107.9 0.30837398861232 8.3 0.0371534926038939 0.0020711834478493
"amont" 196 "196_fs1" 116.2 0.238179428616196 8.30000000000001 0.0286963167007464 -0.00101893685580091
"amont" 196 "196_fs1" 124.5 0.0676805063484439 8.3 0.00815427787330649 -0.00247494443704096
"amont" 196 "196_fs1" 132.8 0.122273055716832 8.30000000000001 0.0147316934598592 0.000792459709223216
"amont" 196 "196_fs2" 8.3 0 NA NA NA
"amont" 196 "196_fs2" 16.6 0.162381907078998 8.3 0.0195640851902407 NA
"amont" 196 "196_fs2" 24.9 0.737615922435094 8.3 0.088869388245192 0.00835003651264475
"amont" 196 "196_fs2" 33.2 0.657476306457979 8.3 0.0792140128262625 -0.00116329824324452
"amont" 196 "196_fs2" 41.5 0.800074108170037 8.3 0.0963944708638599 0.00206993470332498
"amont" 196 "196_fs2" 49.8 0.652983142117737 8.3 0.0786726677250286 -0.00213515700467846
"amont" 196 "196_fs2" 58.1 0.600986740117325 8.3 0.0724080409779909 -0.000754774306872019
"amont" 196 "196_fs2" 66.4 0.312994115255007 8.3 0.0377101343680731 -0.00418047067589371
"amont" 196 "196_fs2" 74.7 0.491403918060607 8.3 0.0592052913326032 0.00258977794753375
"amont" 196 "196_fs2" 83 0.378662507642454 8.3 0.0456219888725848 -0.00163654246506245
"amont" 196 "196_fs2" 91.3 0.344699563509426 8.30000000000001 0.0415300678927019 -0.00049300252769674
"amont" 196 "196_fs3" 8.3 0 NA NA NA
"amont" 196 "196_fs3" 16.6 0.184094613250502 8.3 0.0221800738856026 NA
"amont" 196 "196_fs3" 24.9 1.06991841256146 8.3 0.12890583283873 0.0128585251750756
"amont" 196 "196_fs3" 33.2 0.864347660996801 8.3 0.104138272409253 -0.00298404342523816
"amont" 196 "196_fs3" 41.5 0.982031309052138 8.3 0.118317025187005 0.00170828346719898
"amont" 196 "196_fs3" 49.8 1.39506863402274 8.3 0.168080558315992 0.00599560640108287
"amont" 196 "196_fs3" 58.1 1.86587233520104 8.3 0.224803895807354 0.00683413704715197
"amont" 196 "196_fs3" 66.4 1.5563466767549 8.3 0.187511647801795 -0.00449304192838053
"amont" 196 "196_fs3" 74.7 1.48434556536024 8.3 0.178836815103643 -0.00104516056604244
"amont" 196 "196_fs3" 83 1.24425393921169 8.3 0.149910113158035 -0.00348514481272387
"amont" 196 "196_fs3" 91.3 1.44946622483645 8.30000000000001 0.174634484920054 0.00297883997132759
"amont" 196 "196_fs3" 99.6 1.03809545124337 8.29999999999998 0.12507174111366 -0.00597141491643307
"amont" 197 "197_fs1" 8.3 0 NA NA NA
"amont" 197 "197_fs1" 16.6 0.488562896102807 8.3 0.0588629995304586 NA
"amont" 197 "197_fs1" 24.9 0.615383145097266 8.3 0.0741425476020803 0.00184090940621948
"amont" 197 "197_fs1" 33.2 0.652343914434957 8.3 0.078595652341561 0.000536518643310931
"amont" 197 "197_fs1" 41.5 0.596238851673195 8.3 0.0718360062256862 -0.000814415194683713
"amont" 197 "197_fs1" 49.8 0.568422632973636 8.3 0.0684846545751369 -0.000403777307295101
"amont" 197 "197_fs1" 58.1 0.442729885374648 8.3 0.0533409500451383 -0.00182454271445766
"amont" 197 "197_fs1" 66.4 0.256638374051449 8.3 0.030920286030295 -0.00270128482106545
"amont" 197 "197_fs1" 74.7 0.318224986590932 8.3 0.0383403598302328 0.000893984795173226
"amont" 197 "197_fs1" 83 0.237819476233858 8.3 0.0286529489438383 -0.00116715793811981
"amont" 197 "197_fs1" 91.3 0.25578120941309 8.30000000000001 0.0308170131822999 0.000260730631139949
"amont" 197 "197_fs2" 8.3 0 NA NA NA
"amont" 197 "197_fs2" 16.6 0.155533558872291 8.3 0.0187389829966615 NA
"amont" 197 "197_fs2" 24.9 0.719604219000656 8.3 0.0866993034940549 0.0081879904213727
"amont" 197 "197_fs2" 33.2 0.39068080254674 8.3 0.0470699762104506 -0.00477461774501257
"amont" 197 "197_fs2" 41.5 0.928745715415094 8.3 0.111897074146397 0.00781049372722246
"amont" 197 "197_fs2" 49.8 0.56028904485241 8.3 0.0675047041990856 -0.00534847830690498
"amont" 197 "197_fs2" 58.1 0.41174974727184 8.3 0.0496084032857638 -0.00215618083293034
"amont" 197 "197_fs2" 66.4 0.364240906333169 8.3 0.0438844465461649 -0.000689633342120343
"amont" 197 "197_fs2" 74.7 0.436087486929722 8.3 0.0525406610758701 0.00104291741321749
"amont" 197 "197_fs2" 83 0.357826176165022 8.3 0.0431115874897617 -0.00113603296218173
"amont" 197 "197_fs2" 91.3 0.294698418707118 8.30000000000001 0.0355058335791709 -0.000916355892842274
"amont" 198 "198_fs1" 8.3 0 NA NA NA
"amont" 198 "198_fs1" 16.6 0.220900388280674 8.3 0.0266145046121294 NA
"amont" 198 "198_fs1" 24.9 0.544676690057939 8.3 0.0656236975973421 0.00469990276930274
"amont" 198 "198_fs1" 33.2 0.6146557031748 8.3 0.0740549039969638 0.00101580799995442
"amont" 198 "198_fs1" 41.5 0.578904418869427 8.3 0.0697475203457141 -0.000518961885692736
"amont" 198 "198_fs1" 49.8 1.12547871322924 8.3 0.135599844967379 0.00793401501465842
"amont" 198 "198_fs1" 58.1 0.797735910134703 8.3 0.0961127602571931 -0.00475748008556456
"amont" 198 "198_fs1" 66.4 1.17073913224078 8.3 0.141052907498889 0.00541447557128869
"amont" 198 "198_fs1" 74.7 0.853021455969217 8.3 0.102773669393882 -0.00461195639819369
"amont" 198 "198_fs1" 83 0.884126085280994 8.3 0.106521215094096 0.000451511530146271
"amont" 198 "198_fs1" 91.3 0.922221407812874 8.30000000000001 0.111111012989503 0.000552987698241814
"amont" 198 "198_fs2" 8.3 0 NA NA NA
"amont" 198 "198_fs2" 16.6 0.15237656185064 8.3 0.0183586219097157 NA
"amont" 198 "198_fs2" 24.9 0.415781433520233 8.3 0.0500941486168955 0.00382355743459998
"amont" 198 "198_fs2" 33.2 0.703667359340947 8.3 0.0847791999205959 0.00417892184381932
"amont" 198 "198_fs2" 41.5 0.911609286000852 8.3 0.109832444096488 0.00301846315372196
"amont" 198 "198_fs2" 49.8 1.63914649518574 8.3 0.197487529540451 0.0105608536679473
"amont" 198 "198_fs2" 58.1 1.34876715194678 8.3 0.162502066499612 -0.00421511602901677
"amont" 198 "198_fs2" 66.4 1.49797633050668 8.3 0.18047907596466 0.0021659047548251
"amont" 198 "198_fs2" 74.7 1.61495787171003 8.3 0.194573237555425 0.00169809175792354
"amont" 198 "198_fs2" 83 0.773005260719357 8.3 0.0931331639420912 -0.0122216956160644
"amont" 198 "198_fs2" 91.3 1.67837347576525 8.30000000000001 0.202213671778946 0.013142229859862
"amont" 199 "199_fs1" 8.3 0 NA NA NA
"amont" 199 "199_fs1" 16.6 0.0312535983675141 8.3 0.00376549377921856 NA
"amont" 199 "199_fs1" 24.9 0.6023995123513 8.3 0.0725782545001566 0.00829069406276362
"amont" 199 "199_fs1" 33.2 0.667486354022396 8.3 0.0804200426533007 0.000944793753390851
"amont" 199 "199_fs1" 41.5 1.2856690146955 8.3 0.154899881288614 0.00897347453437512
"amont" 199 "199_fs1" 49.8 1.14615091923186 8.3 0.13809047219661 -0.00202523001108489
"amont" 199 "199_fs1" 58.1 0.963421436130033 8.3 0.116074871822895 -0.00265248197273664
"amont" 199 "199_fs1" 66.4 1.26043369949865 8.3 0.151859481867307 0.00431139880053148
"amont" 199 "199_fs1" 74.7 1.11976376545165 8.3 0.134911297042368 -0.00204194997890833
"amont" 199 "199_fs2" 8.3 0 NA NA NA
"amont" 199 "199_fs2" 16.6 0.132493176764313 8.3 0.015963033345098 NA
"amont" 199 "199_fs2" 24.9 0.420735191781039 8.3 0.050690986961571 0.00418409079716542
"amont" 199 "199_fs2" 33.2 1.05862526028213 8.3 0.127545212082184 0.00925954519525459
"amont" 199 "199_fs2" 41.5 1.10869241625573 8.3 0.133577399548883 0.000726769574301122
"amont" 199 "199_fs2" 49.8 1.10335601635063 8.3 0.132934459801281 -7.7462620193081e-05
"amont" 199 "199_fs2" 58.1 0.911441056185089 8.3 0.109812175443987 -0.00278581739244509
"amont" 199 "199_fs2" 66.4 1.02518382849122 8.3 0.123516123914605 0.00165107812899021
"amont" 199 "199_fs2" 74.7 1.01791172776789 8.3 0.122639967200951 -0.000105561049837897
"amont" 199 "199_fs2" 83 1.05090976334947 8.3 0.12661563413849 0.000478996016571018
"amont" 199 "199_fs3" 8.3 0 NA NA NA
"amont" 199 "199_fs3" 16.6 0.385901625040748 8.3 0.0464941716916563 NA
"amont" 199 "199_fs3" 24.9 0.473221452588299 8.3 0.0570146328419638 0.00126752543979608
"amont" 199 "199_fs3" 33.2 0.817214153219857 8.3 0.0984595365325128 0.00499336189042759
"amont" 199 "199_fs3" 41.5 1.19832551214824 8.3 0.144376567728703 0.00553217243327594
"amont" 199 "199_fs3" 49.8 1.08496790823146 8.3 0.130719025088127 -0.00164548706512959
"amont" 199 "199_fs3" 58.1 1.4230126721581 8.3 0.171447309898566 0.00490702226631795
"amont" 199 "199_fs3" 66.4 1.99392032208763 8.3 0.240231364106943 0.00828723544679235
"amont" 199 "199_fs3" 74.7 1.1523204093414 8.3 0.138833784258 -0.0122165758854148
"amont" 200 "200_fs1" 8.3 0 NA NA NA
"amont" 200 "200_fs1" 16.6 0.101979450261546 8.3 0.0122866807544032 NA
"amont" 200 "200_fs1" 24.9 0.319455753051085 8.3 0.0384886449459139 0.0031568631556037
"amont" 200 "200_fs1" 33.2 0.760307053675176 8.3 0.0916032594789369 0.00639935114855698
"amont" 200 "200_fs1" 41.5 0.996511363309996 8.3 0.120061610037349 0.00342871693474844
"amont" 200 "200_fs1" 49.8 1.09385360110552 8.3 0.131789590494641 0.0014130096936496
"amont" 200 "200_fs1" 58.1 1.46712575993594 8.3 0.176762139751318 0.00541837942851539
"amont" 200 "200_fs1" 66.4 1.08683842250605 8.3 0.13094438825374 -0.00552021102380458
"amont" 200 "200_fs1" 74.7 0.987092195095677 8.3 0.118926770493455 -0.00144790575425124
"amont" 200 "200_fs1" 83 1.1474379342958 8.3 0.138245534252506 0.00232756189868078
"amont" 200 "200_fs1" 91.3 1.36429554640586 8.30000000000001 0.164372957398297 0.0031478823067218
"amont" 200 "200_fs1" 99.6 1.11886055795581 8.29999999999998 0.134802476862146 -0.00356270849833134
"amont" 200 "200_fs1" 107.9 0.822292431379803 8.3 0.0990713772746751 -0.00430495175752668
"amont" 200 "200_fs1" 116.2 0.982353113028746 8.30000000000001 0.118355796750451 0.00232342403322604
"amont" 200 "200_fs1" 124.5 0.972608999893453 8.3 0.117181807216079 -0.000141444522213552
"amont" 200 "200_fs2" 8.3 0 NA NA NA
"amont" 200 "200_fs2" 16.6 0.0933838567274606 8.3 0.0112510670755977 NA
"amont" 200 "200_fs2" 24.9 0.364832218157521 8.3 0.0439556889346411 0.00394031588663174
"amont" 200 "200_fs2" 33.2 0.478265482429662 8.3 0.0576223472806822 0.00164658534289651
"amont" 200 "200_fs2" 41.5 0.611511656842306 8.3 0.0736761032340128 0.0019341874642567
"amont" 200 "200_fs2" 49.8 0.914779575219979 8.3 0.11021440665301 0.00440220523120443
"amont" 200 "200_fs2" 58.1 0.404278059398918 8.3 0.0487081999275804 -0.00741038635246134
"amont" 200 "200_fs2" 66.4 0.572378191560196 8.3 0.0689612278988187 0.00244012385195642
"amont" 200 "200_fs2" 74.7 0.389135874309669 8.3 0.0468838402782734 -0.00265992621934282
"amont" 200 "200_fs2" 83 0.459835037465258 8.3 0.0554018117428021 0.00102626162223238
"amont" 200 "200_fs2" 91.3 0.448954256090606 8.30000000000001 0.0540908742277838 -0.000157944278917872
"amont" 200 "200_fs2" 99.6 0.388560674595427 8.29999999999998 0.0468145391078828 -0.000876666881915782
"amont" 200 "200_fs2" 107.9 0.345111172187503 8.3 0.0415796592996992 -0.00063070841062453
"amont" 200 "200_fs2" 116.2 0.227536804983329 8.30000000000001 0.0274140728895577 -0.00170669715784838
"amont" 200 "200_fs2" 124.5 0.280053490783369 8.3 0.0337413844317312 0.000762326691828142
"amont" 200 "200_fs2" 132.8 0.283791846944357 8.30000000000001 0.0341917887884767 5.4265585150053e-05
"amont" 200 "200_fs3" 8.3 0 NA NA NA
"amont" 200 "200_fs3" 16.6 0.0396631746942738 8.3 0.00477869574629805 NA
"amont" 200 "200_fs3" 24.9 0.556605098132653 8.3 0.0670608551967052 0.00750387463257918
"amont" 200 "200_fs3" 33.2 0.696508695649604 8.3 0.0839167103192294 0.0020308259183764
"amont" 200 "200_fs3" 41.5 0.639482894594576 8.3 0.0770461318788646 -0.000827780534983706
"amont" 200 "200_fs3" 49.8 0.625033085243169 8.3 0.075305190993153 -0.00020975191394116
"amont" 200 "200_fs3" 58.1 0.788887074059287 8.3 0.0950466354288297 0.00237848728140683
"amont" 200 "200_fs3" 66.4 0.930440880372034 8.3 0.112101310888197 0.00205478017582736
"amont" 200 "200_fs3" 74.7 0.793072410637893 8.3 0.095550892847939 -0.00199402626991058
"amont" 200 "200_fs3" 83 0.759262619063932 8.3 0.0914774239836063 -0.000490779381244907
"amont" 200 "200_fs3" 91.3 0.608443883865059 8.30000000000001 0.0733064920319348 -0.00218926890983994
"amont" 200 "200_fs3" 99.6 0.652435658281257 8.29999999999998 0.0786067058170191 0.00063857997410655
"amont" 200 "200_fs3" 107.9 0.393248666265413 8.3 0.0473793573813751 -0.00376233113682458
"amont" 201 "201_fs1" 8.3 0 NA NA NA
"amont" 201 "201_fs1" 16.6 0.268522632448919 8.3 0.032352124391436 NA
"amont" 201 "201_fs1" 24.9 0.852950367016407 8.3 0.102765104459808 0.00848349157450267
"amont" 201 "201_fs1" 33.2 0.872307682569962 8.3 0.105097311153007 0.000280988758216784
"amont" 201 "201_fs1" 41.5 1.04190451991076 8.3 0.125530665049489 0.00246184986704594
"amont" 201 "201_fs1" 49.8 1.49430753038402 8.3 0.180037051853496 0.00656703455469971
"amont" 201 "201_fs1" 58.1 1.56406189840038 8.3 0.188441192578359 0.00101254707528468
"amont" 201 "201_fs1" 66.4 1.14694924074188 8.3 0.13818665551107 -0.00605476350208302
"amont" 201 "201_fs1" 74.7 1.27766575613576 8.3 0.153935633269368 0.00189746719979496
"amont" 201 "201_fs1" 83 1.32969476146954 8.3 0.16020418812886 0.000755247573432753
"amont" 201 "201_fs1" 91.3 1.40880478921036 8.30000000000001 0.169735516772332 0.00114835284861104
"amont" 201 "201_fs1" 99.6 1.25222191087368 8.29999999999998 0.150870109743817 -0.00227294060584511
"amont" 201 "201_fs1" 107.9 1.40146314308727 8.3 0.168850981094852 0.00216637004229336
"amont" 201 "201_fs2" 8.3 0 NA NA NA
"amont" 201 "201_fs2" 16.6 0.346665349353436 8.3 0.0417669095606549 NA
"amont" 201 "201_fs2" 24.9 0.81677060372218 8.3 0.0984060968339976 0.0068239984666678
"amont" 201 "201_fs2" 33.2 0.48930460962648 8.3 0.0589523626056 -0.00475346195522863
"amont" 201 "201_fs2" 41.5 0.591256200530194 8.3 0.0712356868108667 0.0014799185789478
"amont" 201 "201_fs2" 49.8 0.437687969731202 8.3 0.0527334903290606 -0.00222918029901279
"amont" 201 "201_fs2" 58.1 0.580647900172691 8.3 0.0699575783340591 0.00207519132590344
"amont" 201 "201_fs2" 66.4 0.389496519684913 8.3 0.0469272915283028 -0.00277473335009113
"amont" 201 "201_fs2" 74.7 0.240324890211349 8.3 0.0289548060495601 -0.00216535969623406
"amont" 201 "201_fs2" 83 0.387812839336815 8.3 0.046724438474315 0.00214091956924758
"amont" 201 "201_fs2" 91.3 0.192538681044324 8.30000000000001 0.0231974314511233 -0.00283457915942069
"amont" 201 "201_fs2" 99.6 0.20222101360664 8.29999999999998 0.0243639775429687 0.000140547721909086
"amont" 201 "201_fs3" 8.3 0 NA NA NA
"amont" 201 "201_fs3" 16.6 0.350396848335156 8.3 0.0422164877512236 NA
"amont" 201 "201_fs3" 24.9 0.600207118067447 8.3 0.0723141106105358 0.00362621962160388
"amont" 201 "201_fs3" 33.2 0.711037074990871 8.3 0.0856671174687796 0.00160879600701732
"amont" 201 "201_fs3" 41.5 0.713013262846721 8.3 0.0859052123911713 2.86861352279122e-05
"amont" 201 "201_fs3" 49.8 0.620039726909505 8.3 0.0747035815553621 -0.00134959407660352
"amont" 201 "201_fs3" 58.1 0.473971341321063 8.3 0.0571049808820558 -0.00212031333413329
"amont" 201 "201_fs3" 66.4 0.21286566794422 8.3 0.0256464660173759 -0.00379018251381685
"amont" 201 "201_fs3" 74.7 0.697854112379578 8.3 0.0840788087204311 0.00704004128952472
"amont" 201 "201_fs3" 83 0.275627289024477 8.3 0.0332081071113828 -0.00612900019386124
"amont" 201 "201_fs3" 91.3 0.270746993241735 8.30000000000001 0.0326201196676788 -7.08418606872249e-05
"amont" 201 "201_fs3" 99.6 0.224476051921445 8.29999999999998 0.0270453074604151 -0.000671664121357081
"amont" 202 "202_fs1" 8.3 0 NA NA NA
"amont" 202 "202_fs1" 16.6 0.253616517120646 8.3 0.0305562068820055 NA
"amont" 202 "202_fs1" 24.9 0.855010644262072 8.3 0.103013330633985 0.00872977394602159
"amont" 202 "202_fs1" 33.2 0.777036286431659 8.3 0.0936188296905613 -0.00113186758354498
"amont" 202 "202_fs1" 41.5 0.795969163570399 8.3 0.0958998992253493 0.00027482765479373
"amont" 202 "202_fs1" 49.8 0.878628022357554 8.3 0.105858797874404 0.00119986730711504
"amont" 202 "202_fs1" 58.1 0.846692869643697 8.3 0.102011189113698 -0.000463567320566954
"amont" 202 "202_fs1" 66.4 0.862571775887822 8.3 0.10392431034793 0.000230496534244806
"amont" 202 "202_fs1" 74.7 1.22196622367613 8.3 0.14722484622604 0.00521693203350724
"amont" 202 "202_fs1" 83 0.229561304749857 8.3 0.0276579885240792 -0.0144056455062604
"amont" 202 "202_fs1" 91.3 0.393531598829288 8.30000000000001 0.0474134456420828 0.00238017555638598
"amont" 202 "202_fs1" 99.6 0.674048899667084 8.29999999999998 0.0812107108032633 0.00407195965797355
"amont" 202 "202_fs1" 107.9 0.427466256923807 8.3 0.0515019586655189 -0.00357936772743908
"amont" 202 "202_fs2" 8.3 0 NA NA NA
"amont" 202 "202_fs2" 16.6 0.293053178809058 8.3 0.0353076119047058 NA
"amont" 202 "202_fs2" 24.9 0.5460102016758 8.3 0.0657843616476868 0.00367189755939531
"amont" 202 "202_fs2" 33.2 0.524899126951222 8.3 0.0632408586688219 -0.000306446142031915
"amont" 202 "202_fs2" 41.5 0.732445674745055 8.3 0.0882464668367536 0.00301272387565442
"amont" 202 "202_fs2" 49.8 0.653652692493365 8.3 0.0787533364449838 -0.00114375064961082
"amont" 202 "202_fs2" 58.1 0.627907395097432 8.3 0.0756514933852327 -0.000373716031295313
"amont" 202 "202_fs2" 66.4 0.572652751067812 8.3 0.0689943073575677 -0.000802070605742775
"amont" 202 "202_fs2" 74.7 0.459833552341157 8.3 0.0554016328121876 -0.0016376716319735
"amont" 202 "202_fs2" 83 0.328022622471959 8.3 0.0395207978881879 -0.00191335360530117
"amont" 202 "202_fs2" 91.3 0.475785346545623 8.30000000000001 0.0573235357283882 0.00214490817351811
"amont" 202 "202_fs2" 99.6 0.225324288087836 8.29999999999998 0.0271475045888959 -0.00363566640234848
"amont" 202 "202_fs3" 8.3 0 NA NA NA
"amont" 202 "202_fs3" 16.6 0.227586538705561 8.3 0.0274200649042845 NA
"amont" 202 "202_fs3" 24.9 0.743160828176964 8.3 0.0895374491779475 0.00748402220164614
"amont" 202 "202_fs3" 33.2 0.679205536957064 8.3 0.0818319924044655 -0.000928368285961685
"amont" 202 "202_fs3" 41.5 1.09575383539295 8.3 0.132018534384693 0.00604657132291903
"amont" 202 "202_fs3" 49.8 0.577827770000839 8.3 0.069617803614559 -0.00751816033375114
"amont" 202 "202_fs3" 58.1 0.927930207721276 8.3 0.111798820207383 0.00508205019190646
"amont" 202 "202_fs3" 66.4 0.787232765032197 8.3 0.0948473210882165 -0.0020423492914658
"amont" 202 "202_fs3" 74.7 0.82578636267274 8.3 0.0994923328521373 0.000559639971556734
"amont" 202 "202_fs3" 83 0.553377262036217 8.3 0.0666719592814719 -0.00395426187598379
"amont" 202 "202_fs3" 91.3 0.613435083679308 8.30000000000001 0.0739078414071455 0.000871793027189587
"amont" 202 "202_fs3" 99.6 0.571251968445883 8.29999999999998 0.068825538366974 -0.000612325667490544
"amont" 202 "202_fs3" 107.9 0.442387567174746 8.3 0.0532997068885236 -0.00187058210583739
"amont" 203 "203_fs1" 8.3 0 NA NA NA
"amont" 203 "203_fs1" 16.6 0.265399877323639 8.3 0.0319758888341733 NA
"amont" 203 "203_fs1" 24.9 0.649805169771743 8.3 0.0782897794905714 0.00557998682607206
"amont" 203 "203_fs1" 33.2 0.446502201133286 8.3 0.053795445919673 -0.00295112452661427
"amont" 203 "203_fs1" 41.5 1.05066006971198 8.3 0.126585550567708 0.00876989212626933
"amont" 203 "203_fs1" 49.8 0.43458061952808 8.3 0.0523591107865156 -0.00894294455195093
"amont" 203 "203_fs1" 58.1 0.812997721297 8.3 0.0979515326863854 0.00549306287950238
"amont" 203 "203_fs1" 66.4 0.625786602954235 8.3 0.0753959762595464 -0.00271753691889627
"amont" 203 "203_fs1" 74.7 0.63632481738762 8.3 0.0766656406491109 0.000152971613200543
"amont" 203 "203_fs1" 83 0.54597221330887 8.3 0.0657797847360084 -0.00131154890519307
"amont" 203 "203_fs1" 91.3 0.331121037432737 8.30000000000001 0.0398941008955104 -0.00311875708921662
"amont" 203 "203_fs1" 99.6 0.498644678744618 8.29999999999998 0.0600776721379059 0.00243175557137296
"amont" 203 "203_fs1" 107.9 0.294598821629744 8.3 0.0354938339312945 -0.00296190821766403
"amont" 203 "203_fs2" 8.3 0 NA NA NA
"amont" 203 "203_fs2" 16.6 0.0901715514409694 8.3 0.0108640423422855 NA
"amont" 203 "203_fs2" 24.9 0.391845499270344 8.3 0.0472103011169089 0.00437906732224379
"amont" 203 "203_fs2" 33.2 0.444851053617254 8.3 0.0535965124840065 0.000769423056276823
"amont" 203 "203_fs2" 41.5 0.839047346236579 8.3 0.101090041715251 0.00572211195557157
"amont" 203 "203_fs2" 49.8 0.978360257887363 8.3 0.117874729865947 0.00202225158442132
"amont" 203 "203_fs2" 58.1 1.15299873180784 8.3 0.138915509856367 0.00253503373378544
"amont" 203 "203_fs2" 66.4 0.758544178845188 8.3 0.091390864921107 -0.00572586083557345
"amont" 203 "203_fs2" 74.7 0.904754722181475 8.3 0.109006593033913 0.00212237688106093
"amont" 203 "203_fs2" 83 1.13904094776332 8.3 0.137233849128111 0.00340087422821669
"amont" 203 "203_fs2" 91.3 0.539782356681717 8.30000000000001 0.0650340188773152 -0.00869877472901155
"amont" 203 "203_fs2" 99.6 0.872224525537609 8.29999999999998 0.105087292233447 0.00482569558507614
"amont" 203 "203_fs2" 107.9 0.575461936108586 8.3 0.0693327633865767 -0.0043077745598639
"amont" 203 "203_fs3" 8.3 0 NA NA NA
"amont" 203 "203_fs3" 16.6 0.0769640138972255 8.3 0.00927277275870186 NA
"amont" 203 "203_fs3" 24.9 0.560420072255559 8.3 0.0675204906331999 0.00701779733427688
"amont" 203 "203_fs3" 33.2 0.878957274850583 8.3 0.105898466849468 0.00462385255617685
"amont" 203 "203_fs3" 41.5 0.571345962327231 8.3 0.0688368629309917 -0.00446525348415376
"amont" 203 "203_fs3" 49.8 0.639806559397865 8.3 0.0770851276382971 0.00099376683220547
"amont" 203 "203_fs3" 58.1 0.447302903413236 8.3 0.0538919160738838 -0.00279436283908593
"amont" 203 "203_fs3" 66.4 0.591881266612621 8.3 0.0713109959774242 0.00209868432572775
"amont" 203 "203_fs3" 74.7 0.332270145016041 8.3 0.0400325475922942 -0.00376848775724458
"amont" 203 "203_fs3" 83 0.236611335653587 8.3 0.0285073898377816 -0.00138857322343525
"amont" 203 "203_fs3" 91.3 0.44561793634804 8.30000000000001 0.0536889079937396 0.00303391785011543
"amont" 204 "204_fs1" 8.3 0 NA NA NA
"amont" 204 "204_fs1" 16.6 0.143695234331836 8.3 0.017312678835161 NA
"amont" 204 "204_fs1" 24.9 0.661602735909921 8.3 0.0797111730011953 0.00751789086337763
"amont" 204 "204_fs1" 33.2 0.740920443615431 8.3 0.0892675233271603 0.00115136750915241
"amont" 204 "204_fs1" 41.5 1.11799652548422 8.3 0.134698376564363 0.00547359677556663
"amont" 204 "204_fs1" 49.8 1.02781301438109 8.3 0.123832893298927 -0.00130909436932969
"amont" 204 "204_fs1" 58.1 1.03427762101742 8.3 0.124611761568364 9.3839550534612e-05
"amont" 204 "204_fs1" 66.4 1.37393190874819 8.3 0.165533964909421 0.00493038594470558
"amont" 204 "204_fs1" 74.7 0.340860590832023 8.3 0.0410675410640992 -0.0149959546801592
"amont" 204 "204_fs1" 83 1.20133265830982 8.3 0.144738874495159 0.0124905221001277
"amont" 204 "204_fs1" 91.3 0.947133003850829 8.30000000000001 0.114112410102509 -0.00368993546899392
"amont" 204 "204_fs1" 99.6 1.0861804915146 8.29999999999998 0.13086511945959 0.00201839871772058
"amont" 204 "204_fs1" 107.9 0.805903207958043 8.3 0.0970967720431378 -0.00406847559234366
"amont" 204 "204_fs2" 8.3 0 NA NA NA
"amont" 204 "204_fs2" 16.6 0.214668650510707 8.3 0.0258636928326153 NA
"amont" 204 "204_fs2" 24.9 0.782716887480804 8.3 0.0943032394555186 0.00824572850878354
"amont" 204 "204_fs2" 33.2 0.808970704713432 8.3 0.0974663499654737 0.000381097651801813
"amont" 204 "204_fs2" 41.5 1.21877832005511 8.3 0.146840761452423 0.00594872427553609
"amont" 204 "204_fs2" 49.8 0.838050687567349 8.3 0.100969962357512 -0.00552660230059172
"amont" 204 "204_fs2" 58.1 1.14654663164238 8.3 0.138138148390648 0.00447809470278748
"amont" 204 "204_fs2" 66.4 0.915778890574268 8.3 0.110334806093285 -0.0033498002767907
"amont" 204 "204_fs2" 74.7 0.732321405072808 8.3 0.0882314945870854 -0.00266304957906023
"amont" 204 "204_fs2" 83 0.661009156685355 8.3 0.0796396574319706 -0.00103516110302588
"amont" 204 "204_fs2" 91.3 0.618170903793173 8.30000000000001 0.0744784221437557 -0.000621835576893353
"amont" 204 "204_fs2" 99.6 0.800120922372965 8.29999999999998 0.0964001111292731 0.0026411673476527
"amont" 204 "204_fs2" 107.9 0.57172404133485 8.3 0.0688824146186567 -0.00331538512176101
"amont" 206 "206_fs1" 8.3 0 NA NA NA
"amont" 206 "206_fs1" 16.6 0.0930268402079066 8.3 0.0112080530370972 NA
"amont" 206 "206_fs1" 24.9 0.597195614022311 8.3 0.0719512787978688 0.00731846093503272
"amont" 206 "206_fs1" 33.2 0.494403030312984 8.3 0.0595666301581908 -0.00149212634212988
"amont" 206 "206_fs1" 41.5 0.693140173741071 8.3 0.0835108643061531 0.00288484748770631
"amont" 206 "206_fs1" 49.8 0.874997698809964 8.3 0.105421409495176 0.00263982472156907
"amont" 206 "206_fs1" 58.1 0.698205418166455 8.3 0.08412113471885 -0.00256629816582246
"amont" 206 "206_fs1" 66.4 0.81491989889488 8.3 0.0981831203487807 0.00169421513613623
"amont" 206 "206_fs1" 74.7 0.655119957810271 8.3 0.0789301153988278 -0.00231963915059673
"amont" 206 "206_fs1" 83 0.757243825952892 8.3 0.0912341958979389 0.00148241933724229
"amont" 206 "206_fs1" 91.3 0.421804169687548 8.30000000000001 0.0508197794804274 -0.00486920679729053
"amont" 206 "206_fs2" 8.3 0 NA NA NA
"amont" 206 "206_fs2" 16.6 0.13328584974769 8.3 0.0160585361141795 NA
"amont" 206 "206_fs2" 24.9 0.475235317892588 8.3 0.0572572672159745 0.00496370254238494
"amont" 206 "206_fs2" 33.2 0.609492354673162 8.3 0.0734328138160436 0.00194886103615291
"amont" 206 "206_fs2" 41.5 1.21250470177263 8.3 0.146084903828028 0.00875326385686558
"amont" 206 "206_fs2" 49.8 0.974413891707521 8.3 0.117399264061147 -0.00345610117673262
"amont" 206 "206_fs2" 58.1 1.17385576912384 8.3 0.141428405918535 0.0028950773322154
"amont" 206 "206_fs2" 66.4 1.15918796926367 8.3 0.139661201116105 -0.000212916241256687
"amont" 206 "206_fs2" 74.7 1.35252603455887 8.3 0.162954943922755 0.00280647503694586
"amont" 206 "206_fs2" 83 1.35571785094079 8.3 0.163339500113349 4.63320711558292e-05
"amont" 206 "206_fs2" 91.3 1.16333286078456 8.30000000000001 0.140160585636694 -0.00279264029839215
"amont" 206 "206_fs2" 99.6 1.29265035454325 8.29999999999998 0.155741006571476 0.001877159148769
"amont" 206 "206_fs3" 8.3 0 NA NA NA
"amont" 206 "206_fs3" 16.6 0.111931878254098 8.3 0.0134857684643492 NA
"amont" 206 "206_fs3" 24.9 0.377092669329167 8.3 0.0454328517264057 0.00384904617615139
"amont" 206 "206_fs3" 33.2 0.805047177082913 8.3 0.096993635793122 0.00621214265864051
"amont" 206 "206_fs3" 41.5 0.832319600572811 8.3 0.100279469948531 0.000395883633181862
"amont" 206 "206_fs3" 49.8 0.708448949875731 8.3 0.0853552951657508 -0.00179809334732297
"amont" 206 "206_fs3" 58.1 0.608965875121852 8.3 0.0733693825448015 -0.0014440858579457
"amont" 206 "206_fs3" 66.4 0.718628081266475 8.3 0.0865816965381294 0.00159184505943711
"amont" 206 "206_fs3" 74.7 0.755196386539248 8.3 0.0909875164505119 0.000530821676190652
"amont" 206 "206_fs3" 83 0.504126503713115 8.3 0.0607381329774838 -0.00364450403289495
"amont" 206 "206_fs3" 91.3 0.923933366213162 8.30000000000001 0.11131727303773 0.00609387229641522
"amont" 206 "206_fs3" 99.6 0.876223023530829 8.29999999999998 0.105569038979618 -0.000692558320254453
"amont" 207 "207_fs1" 8.3 0 NA NA NA
"amont" 207 "207_fs1" 16.6 0.32882490673956 8.3 0.0396174586433204 NA
"amont" 207 "207_fs1" 24.9 0.62418594678344 8.3 0.0752031261184867 0.0042874298162851
"amont" 207 "207_fs1" 33.2 0.789224986894854 8.3 0.0950873478186571 0.0023956893614663
"amont" 207 "207_fs1" 41.5 0.533196188789149 8.3 0.0642405046733915 -0.00371648712593561
"amont" 207 "207_fs1" 49.8 1.04480018816513 8.3 0.125879540742787 0.00742638988787895
"amont" 207 "207_fs1" 58.1 0.699314624138151 8.3 0.0842547739925482 -0.00501503213858296
"amont" 207 "207_fs1" 66.4 0.498832765200923 8.3 0.0601003331567377 -0.00291017359467597
"amont" 207 "207_fs2" 8.3 0 NA NA NA
"amont" 207 "207_fs2" 16.6 0.48754071132939 8.3 0.0587398447384807 NA
"amont" 207 "207_fs2" 24.9 0.710288059703327 8.3 0.0855768746630515 0.00323337709934588
"amont" 207 "207_fs2" 33.2 0.832741555103491 8.3 0.100330307843794 0.00177752206996898
"amont" 207 "207_fs2" 41.5 0.664926175259419 8.3 0.080111587380653 -0.00243599041724592
"amont" 207 "207_fs2" 49.8 1.29759697765803 8.3 0.156336985260004 0.00918378287703025
"amont" 207 "207_fs2" 58.1 1.06554022552104 8.3 0.128378340424221 -0.00336851142599791
"amont" 207 "207_fs2" 66.4 1.04045078888069 8.3 0.125355516732613 -0.00036419562549498
"amont" 207 "207_fs2" 74.7 0.769485889210363 8.3 0.092709143278357 -0.00393329800653687
"amont" 207 "207_fs2" 83 0.921714409039874 8.3 0.111049928799985 0.00220973319537684
"amont" 207 "207_fs2" 91.3 0.876288253160486 8.30000000000001 0.105576897971143 -0.00065940130467977
"amont" 207 "207_fs2" 99.6 0.881330992796979 8.29999999999998 0.106184456963492 7.31998785962555e-05
"amont" 207 "207_fs3" 8.3 0 NA NA NA
"amont" 207 "207_fs3" 16.6 0.27079294437426 8.3 0.032625655948706 NA
"amont" 207 "207_fs3" 24.9 0.594174392804748 8.3 0.0715872762415359 0.00469417111961806
"amont" 207 "207_fs3" 33.2 0.547860797075651 8.3 0.0660073249488736 -0.000672283288272566
"amont" 207 "207_fs3" 41.5 0.537264157755285 8.3 0.0647306214162995 -0.000153819702719778
"amont" 207 "207_fs3" 49.8 0.38107560805777 8.3 0.0459127238623819 -0.00226721657276115
"amont" 207 "207_fs3" 58.1 0.754747174298846 8.3 0.0909333944938369 0.00542417718451264
"amont" 207 "207_fs3" 66.4 0.428530846741712 8.3 0.0516302224990015 -0.0047353219270886
"amont" 207 "207_fs3" 74.7 0.702013083579025 8.3 0.0845798895878344 0.00396983940829313
"amont" 207 "207_fs3" 83 0.543614555825975 8.3 0.0654957296175873 -0.00229929638195748
"amont" 207 "207_fs3" 91.3 0.426926828771402 8.30000000000001 0.0514369673218556 -0.00169382678261828
"amont" 207 "207_fs3" 99.6 0.373776125316663 8.29999999999998 0.0450332681104414 -0.000771530025471597
"amont" 207 "207_fs3" 107.9 0.316285462224595 8.3 0.0381066821957343 -0.000834528423458679
"amont" 208 "208_fs1" 8.3 0 NA NA NA
"amont" 208 "208_fs1" 16.6 0.119245693486565 8.3 0.0143669510224777 NA
"amont" 208 "208_fs1" 24.9 0.518648643908972 8.3 0.0624877884227678 0.00579769125304699
"amont" 208 "208_fs1" 33.2 0.78068546852687 8.3 0.0940584901839602 0.00380369900737258
"amont" 208 "208_fs1" 41.5 0.914417848595823 8.3 0.110170825132027 0.00194124517446587
"amont" 208 "208_fs1" 49.8 0.976530871398421 8.3 0.117654321855231 0.000901626111229455
"amont" 208 "208_fs1" 58.1 0.565397526163333 8.3 0.0681201838751003 -0.00596796843134109
"amont" 208 "208_fs1" 66.4 0.84738073713267 8.3 0.102094064714779 0.00409323865538302
"amont" 208 "208_fs1" 74.7 0.802818511841242 8.3 0.0967251219085834 -0.000646860579059766
"amont" 208 "208_fs2" 8.3 0 NA NA NA
"amont" 208 "208_fs2" 16.6 0.294822003486021 8.3 0.0355207233115688 NA
"amont" 208 "208_fs2" 24.9 0.464535359097898 8.3 0.0559681155539636 0.00246354123402348
"amont" 208 "208_fs2" 33.2 0.728447638111319 8.3 0.0877647756760624 0.00383092290627696
"amont" 208 "208_fs2" 41.5 0.508259509397554 8.3 0.0612360854695848 -0.0031962277357202
"amont" 208 "208_fs2" 49.8 0.614051813269754 8.3 0.0739821461770789 0.00153566996475832
"amont" 208 "208_fs2" 58.1 0.424768901773632 8.3 0.051176976117305 -0.00274761085057516
"amont" 208 "208_fs2" 66.4 0.511836493561304 8.3 0.0616670474170245 0.0012638640120144
"amont" 208 "208_fs2" 74.7 0.383052693295788 8.3 0.046150926903107 -0.00186941211011055
"amont" 208 "208_fs2" 83 0.386765208849883 8.3 0.0465982179337209 5.38904856161329e-05
"amont" 208 "208_fs2" 91.3 0.431593195913433 8.30000000000001 0.051999180230534 0.000650718349013632
"amont" 208 "208_fs3" 8.3 0 NA NA NA
"amont" 208 "208_fs3" 16.6 0.560120800002855 8.3 0.0674844337352837 NA
"amont" 208 "208_fs3" 24.9 0.798307602648969 8.3 0.0961816388733698 0.00345749459495014
"amont" 208 "208_fs3" 33.2 0.602240185767852 8.3 0.0725590585262471 -0.00284609401772562
"amont" 208 "208_fs3" 41.5 0.878464454991927 8.3 0.105839090962883 0.00400964246224527
"amont" 208 "208_fs3" 49.8 0.773044124898985 8.3 0.0931378463733717 -0.00153027043247122
"amont" 208 "208_fs3" 58.1 0.743207180154162 8.3 0.0895430337535134 -0.000433109954199794
"amont" 208 "208_fs3" 66.4 0.714106885514541 8.3 0.0860369741583784 -0.000422416818690966
"amont" 208 "208_fs3" 74.7 0.742695937378946 8.3 0.0894814382384272 0.000414995672295037
"amont" 208 "208_fs3" 83 0.796721268231667 8.3 0.0959905142447792 0.000784226024861689
"amont" 208 "208_fs3" 91.3 1.10149917166013 8.30000000000001 0.132710743573509 0.00442412401550959
"amont" 208 "208_fs3" 99.6 0.653846550221112 8.29999999999998 0.0787766927977245 -0.00649807840672103
"amont" 208 "208_fs3" 107.9 0.816160657671976 8.3 0.0983326093580695 0.00235613452534277
"amont" 208 "208_fs3" 116.2 0.527751267748409 8.30000000000001 0.0635844900901697 -0.00418652039372286
"amont" 208 "208_fs3" 124.5 0.49382595897256 8.3 0.0594971034906698 -0.00049245621680721
"amont" 209 "209_fs1" 8.3 0 NA NA NA
"amont" 209 "209_fs1" 16.6 0.175068963396855 8.3 0.0210926461923922 NA
"amont" 209 "209_fs1" 24.9 0.586487132247523 8.3 0.0706611002707859 0.0059721029010113
"amont" 209 "209_fs1" 33.2 0.643972685353406 8.3 0.0775870705245067 0.000834454247436237
"amont" 209 "209_fs1" 41.5 0.655279894241198 8.3 0.0789493848483371 0.000164134255883185
"amont" 209 "209_fs1" 49.8 0.405011140081514 8.3 0.0487965229013872 -0.00363287493336746
"amont" 209 "209_fs1" 58.1 1.23384668345225 8.3 0.148656226921958 0.0120312896410326
"amont" 209 "209_fs1" 66.4 0.834657848505786 8.3 0.100561186566962 -0.00579458317530071
"amont" 209 "209_fs1" 74.7 0.864889482976582 8.3 0.104203552165853 0.000438839228782068
"amont" 209 "209_fs1" 83 0.520451969709427 8.3 0.0627050565914972 -0.00499981874389833
"amont" 209 "209_fs1" 91.3 1.26341662936008 8.30000000000001 0.152218871007238 0.0107847969175591
"amont" 209 "209_fs1" 99.6 0.267180024478577 8.29999999999998 0.0321903643950093 -0.0144612658568951
"amont" 209 "209_fs1" 107.9 0.29100710042956 8.3 0.0350610964372963 0.000345871330396029
"amont" 209 "209_fs1" 116.2 0.299093709557094 8.30000000000001 0.0360353866936257 0.00011738436823245
"amont" 209 "209_fs1" 124.5 0.226667124591539 8.3 0.0273092921194626 -0.0010513366956823
"amont" 209 "209_fs1" 132.8 0.339806423498801 8.30000000000001 0.0409405329516627 0.00164231817255423
"amont" 209 "209_fs1" 141.1 0.0954419492604483 8.29999999999998 0.0114990300313793 -0.00354716902654018
"amont" 209 "209_fs1" 149.4 0.216837603973483 8.30000000000001 0.0261250125269257 0.00176216656572847
"amont" 209 "209_fs2" 8.3 0 NA NA NA
"amont" 209 "209_fs2" 16.6 0.194266650156835 8.3 0.0234056205008235 NA
"amont" 209 "209_fs2" 24.9 0.460999938616027 8.3 0.0555421612790394 0.00387187238291758
"amont" 209 "209_fs2" 33.2 0.741693987095143 8.3 0.0893607213367642 0.00407452530815961
"amont" 209 "209_fs2" 41.5 0.749024827293936 8.3 0.0902439550956549 0.000106413705890452
"amont" 209 "209_fs2" 49.8 0.755280579794403 8.3 0.0909976602161931 9.08078458479757e-05
"amont" 209 "209_fs2" 58.1 0.779009688098763 8.3 0.0938565889275618 0.000344449242333573
"amont" 209 "209_fs2" 66.4 0.744523417119483 8.3 0.0897016165204196 -0.000500599085197847
"amont" 209 "209_fs2" 74.7 0.688204097240314 8.3 0.0829161562940137 -0.000817525328482644
"amont" 209 "209_fs2" 83 0.647435818088249 8.3 0.0780043154323192 -0.00059178805562584
"amont" 209 "209_fs2" 91.3 0.526088523636362 8.30000000000001 0.0633841594742604 -0.00176146457326009
"amont" 209 "209_fs2" 99.6 0.36817289728946 8.29999999999998 0.0443581803963205 -0.00229228663589638
"amont" 209 "209_fs2" 107.9 0.447728817457541 8.3 0.0539432310189809 0.00115482537622414
"amont" 210 "210_fs1" 8.3 0 NA NA NA
"amont" 210 "210_fs1" 16.6 0.607655597116562 8.3 0.073211517724887 NA
"amont" 210 "210_fs1" 24.9 0.958752414907019 8.3 0.115512339145424 0.00509648450849844
"amont" 210 "210_fs1" 33.2 0.915146458908786 8.3 0.110258609507083 -0.000632979474498961
"amont" 210 "210_fs1" 41.5 1.89346742109314 8.3 0.228128604950981 0.0142012042703492
"amont" 210 "210_fs1" 49.8 0.990884945346401 8.3 0.119383728354988 -0.013101792360963
"amont" 210 "210_fs1" 58.1 1.04123803358222 8.3 0.125450365491833 0.000730920136969321
"amont" 210 "210_fs1" 66.4 1.32926432586204 8.3 0.160152328417113 0.00418095938858785
"amont" 210 "210_fs1" 74.7 0.911576028189965 8.3 0.109828437131321 -0.00606311943202308
"amont" 210 "210_fs1" 83 1.21989231412909 8.3 0.146974977605915 0.00447548680416795
"amont" 210 "210_fs1" 91.3 1.10592004818851 8.30000000000001 0.13324337929982 -0.00165440943446927
"amont" 210 "210_fs1" 99.6 0.888619025341277 8.29999999999998 0.107062533173648 -0.00315431881038219
"amont" 210 "210_fs1" 107.9 0.902600123513621 8.3 0.108747002832966 0.000202948151725107
"amont" 210 "210_fs2" 8.3 0 NA NA NA
"amont" 210 "210_fs2" 16.6 0.0990029791967365 8.3 0.0119280697827393 NA
"amont" 210 "210_fs2" 24.9 0.557857962893121 8.3 0.0672118027582074 0.00666069071993591
"amont" 210 "210_fs2" 33.2 0.892422459387035 8.3 0.107520778239402 0.00485650307002342
"amont" 210 "210_fs2" 41.5 0.717219950849272 8.3 0.0864120422709967 -0.00254322120101266
"amont" 210 "210_fs2" 49.8 1.35365943790198 8.3 0.163091498542407 0.00923848870739888
"amont" 210 "210_fs2" 58.1 1.40225124746971 8.3 0.168945933430085 0.000705353600925017
"amont" 210 "210_fs2" 66.4 0.740912663170737 8.3 0.0892665859241852 -0.00959992138625298
"amont" 210 "210_fs2" 74.7 1.61791394882524 8.3 0.194929391424727 0.0127304584940412
"amont" 210 "210_fs2" 83 1.54723809833491 8.3 0.18641422871505 -0.00102592321803345
"amont" 210 "210_fs2" 91.3 1.51714010921489 8.30000000000001 0.182787964965649 -0.000436899246915693
"amont" 210 "210_fs2" 99.6 1.3305405908346 8.29999999999998 0.160306095281277 -0.00270865899811715
"amont" 210 "210_fs2" 107.9 1.30621947810379 8.3 0.157375840735396 -0.000353042716371155
"amont" 210 "210_fs3" 8.3 0 NA NA NA
"amont" 210 "210_fs3" 16.6 0.180628890479871 8.3 0.0217625169252857 NA
"amont" 210 "210_fs3" 24.9 0.622003886453251 8.3 0.0749402272835243 0.00640695305520948
"amont" 210 "210_fs3" 33.2 0.723462168224541 8.3 0.0871641166535591 0.00147275775542588
"amont" 210 "210_fs3" 41.5 1.10347895839062 8.3 0.132949272095256 0.00551628378815626
"amont" 210 "210_fs3" 49.8 1.39818789483044 8.3 0.168456372871138 0.00427796394890139
"amont" 210 "210_fs3" 58.1 0.807781335818023 8.3 0.0973230525081954 -0.00857027956180025
"amont" 210 "210_fs3" 66.4 1.40482268615272 8.3 0.169255745319605 0.00866658949535055
"amont" 210 "210_fs3" 74.7 1.01182904926996 8.3 0.121907114369874 -0.00570465433129287
"amont" 210 "210_fs3" 83 0.788722534238456 8.3 0.0950268113540309 -0.0032385907248004
"amont" 210 "210_fs3" 91.3 1.00579146271039 8.30000000000001 0.121179694302457 0.00315094975282237
"amont" 211 "211_fs1" 8.3 0 NA NA NA
"amont" 211 "211_fs1" 16.6 0.295409458811041 8.3 0.0355915010615712 NA
"amont" 211 "211_fs1" 24.9 0.987279186401335 8.3 0.118949299566426 0.010043108253597
"amont" 211 "211_fs1" 33.2 0.4455053206967 8.3 0.0536753398429759 -0.0078643324968012
"amont" 211 "211_fs1" 41.5 0.804435938842912 8.3 0.0969199926316762 0.00521019913116871
"amont" 211 "211_fs1" 49.8 0.721619575245271 8.3 0.0869421174994303 -0.00120215363039107
"amont" 211 "211_fs1" 58.1 1.01455285241902 8.3 0.122235283423978 0.00425218866560816
"amont" 211 "211_fs1" 66.4 1.03538605900911 8.3 0.12474530831435 0.000302412637394222
"amont" 211 "211_fs1" 74.7 0.674717392079428 8.3 0.0812912520577624 -0.00523542846464912
"amont" 211 "211_fs1" 83 0.864106521111431 8.3 0.104109219411016 0.00274915269316307
"amont" 211 "211_fs1" 91.3 0.732140269880688 8.30000000000001 0.0882096710699623 -0.00191560823386188
"amont" 211 "211_fs1" 99.6 0.636827968751251 8.29999999999998 0.0767262612953316 -0.00138354334634105
"amont" 211 "211_fs2" 8.3 0 NA NA NA
"amont" 211 "211_fs2" 16.6 0.103412327542624 8.3 0.0124593165714005 NA
"amont" 211 "211_fs2" 24.9 0.224902799789019 8.3 0.0270967228661468 0.00176354292707787
"amont" 211 "211_fs2" 33.2 0.886590787583181 8.3 0.106818167178696 0.00960499329066863
"amont" 211 "211_fs2" 41.5 0.772018201126017 8.3 0.0930142410995202 -0.00166312362399715
"amont" 211 "211_fs2" 49.8 0.772577451109145 8.3 0.0930816206155596 8.11801398065706e-06
"amont" 211 "211_fs2" 58.1 1.04066896740327 8.3 0.125381803301598 0.00389158827542636
"amont" 211 "211_fs2" 66.4 0.693606883592605 8.3 0.0835670944087475 -0.00503791673407843
"amont" 211 "211_fs2" 74.7 1.09258002771813 8.3 0.131636147917847 0.00579145223001195
"amont" 211 "211_fs2" 83 1.0019172055612 8.3 0.120712916332675 -0.00131605199821342
"amont" 211 "211_fs2" 91.3 0.496389692622284 8.30000000000001 0.0598059870629256 -0.00733818424936741
"amont" 211 "211_fs2" 99.6 0.979131760782908 8.29999999999998 0.117967682022037 0.00700743312760383
"amont" 211 "211_fs2" 107.9 0.743965681340447 8.3 0.0896344194386082 -0.00341364609438906
"amont" 211 "211_fs2" 116.2 0.757755268734755 8.30000000000001 0.0912958155102113 0.00020016820139797
"amont" 211 "211_fs2" 124.5 0.923333188796025 8.3 0.111244962505545 0.00240351168618481
"amont" 211 "211_fs2" 132.8 0.641416662793438 8.30000000000001 0.0772791159992093 -0.00409227066341396
"amont" 211 "211_fs2" 141.1 0.920188375366021 8.29999999999998 0.110866069321208 0.00404662088216848
"amont" 211 "211_fs2" 149.4 0.656663954213534 8.30000000000001 0.0791161390618715 -0.00382529280232965
"amont" 212 "212_fs1" 8.3 0 NA NA NA
"amont" 212 "212_fs1" 16.6 0.0931690316946029 8.3 0.0112251845415184 NA
"amont" 212 "212_fs1" 24.9 0.511398387032118 8.3 0.0616142634978456 0.00607097336823219
"amont" 212 "212_fs1" 33.2 0.73192844806019 8.3 0.0881841503686975 0.00320119118925927
"amont" 212 "212_fs1" 41.5 0.45993086301158 8.3 0.055413356989347 -0.0039482883589579
"amont" 212 "212_fs1" 49.8 0.889126213224443 8.3 0.107123640147523 0.00623015459737063
"amont" 212 "212_fs1" 58.1 0.577979847179322 8.3 0.0696361261661834 -0.00451656794955902
"amont" 212 "212_fs1" 66.4 0.691244639532478 8.3 0.0832824866906599 0.0016441398222261
"amont" 212 "212_fs1" 74.7 0.521450386920388 8.3 0.0628253478217335 -0.00246471552637668
"amont" 212 "212_fs1" 83 0.641756850253465 8.3 0.0773201024401765 0.00174635597812566
"amont" 212 "212_fs1" 91.3 0.391854201830094 8.30000000000001 0.0472113496180836 -0.00362756058097505
"amont" 212 "212_fs1" 99.6 0.305931324444849 8.29999999999998 0.036859195716247 -0.00124724745805261
"amont" 212 "212_fs2" 8.3 0 NA NA NA
"amont" 212 "212_fs2" 16.6 0.453581695478154 8.3 0.0546483970455607 NA
"amont" 212 "212_fs2" 24.9 0.832493120370201 8.3 0.100300375948217 0.00550023842200678
"amont" 212 "212_fs2" 33.2 0.331205218565966 8.3 0.0399042432007188 -0.00727664249969857
"amont" 212 "212_fs2" 41.5 0.652020862867429 8.3 0.0785567304659553 0.00465692617653452
"amont" 212 "212_fs2" 49.8 0.797144842331064 8.3 0.0960415472688029 0.00210660443407802
"amont" 212 "212_fs2" 58.1 0.670146710815254 8.3 0.0807405675681029 -0.00184349153020482
"amont" 212 "212_fs2" 66.4 0.850925709333672 8.3 0.102521169799238 0.0026241689435102
"amont" 212 "212_fs2" 74.7 0.483246124749221 8.3 0.0582224246685808 -0.00533719820851286
"amont" 212 "212_fs2" 83 0.979481105732252 8.3 0.11800977177497 0.0072032948320951
"amont" 213 "213_fs1" 8.3 0 NA NA NA
"amont" 213 "213_fs1" 16.6 0.28234383563152 8.3 0.034017329594159 NA
"amont" 213 "213_fs1" 24.9 0.785239869121267 8.3 0.0946072131471407 0.00729998597023876
"amont" 213 "213_fs1" 33.2 0.605088838581694 8.3 0.0729022697086378 -0.00261505342632564
"amont" 213 "213_fs1" 41.5 0.610785946533861 8.3 0.0735886682570917 8.2698620295642e-05
"amont" 213 "213_fs1" 49.8 0.691489197698118 8.3 0.0833119515298938 0.0011714799123858
"amont" 213 "213_fs1" 58.1 0.606568736421519 8.3 0.073080570653195 -0.00123269649116853
"amont" 213 "213_fs1" 66.4 0.590686498941466 8.3 0.0711670480652369 -0.000230544890115434
"amont" 213 "213_fs1" 74.7 0.372135726488713 8.3 0.0448356296974353 -0.00317246004431344
"amont" 213 "213_fs1" 83 0.268478168000928 8.3 0.0323467672290275 -0.00150468222510938
"amont" 213 "213_fs1" 91.3 0.391248359130391 8.30000000000001 0.0471383565217338 0.00178211919189232
"amont" 213 "213_fs1" 99.6 0.23169118070138 8.29999999999998 0.0279146000845037 -0.00231611523340122
"amont" 213 "213_fs1" 107.9 0.185021833143785 8.3 0.0222917871257572 -0.000677447344427285
"amont" 213 "213_fs2" 8.3 0 NA NA NA
"amont" 213 "213_fs2" 16.6 0.260803459539829 8.3 0.0314221035590156 NA
"amont" 213 "213_fs2" 24.9 0.713775201312002 8.3 0.0859970122062654 0.00657529019846384
"amont" 213 "213_fs2" 33.2 0.729899017625877 8.3 0.0879396406778165 0.000234051623078441
"amont" 213 "213_fs2" 41.5 0.906925706723513 8.3 0.109268157436568 0.0025697008143074
"amont" 213 "213_fs2" 49.8 0.559470616552913 8.3 0.067406098379869 -0.00504362157309625
"amont" 213 "213_fs2" 58.1 0.602797178474942 8.3 0.0726261660813183 0.000628923819451717
"amont" 213 "213_fs2" 66.4 0.513376930235199 8.3 0.0618526421970119 -0.00129801492582004
"amont" 213 "213_fs2" 74.7 0.423096789647219 8.3 0.0509755168249661 -0.0013104970327766
"amont" 213 "213_fs2" 83 0.436187496241641 8.3 0.0525527103905592 0.00019002332115579
"amont" 213 "213_fs2" 91.3 0.30804530373049 8.30000000000001 0.0371138920157217 -0.00186009859937801
"amont" 213 "213_fs2" 99.6 0.335019859209395 8.29999999999998 0.0403638384589633 0.000391559812438753
"amont" 213 "213_fs2" 107.9 0.298374318301268 8.3 0.0359487130483456 -0.000531942820556349
"amont" 213 "213_fs2" 116.2 0.300161451171624 8.30000000000001 0.0361640302616414 2.59418329272045e-05
"amont" 213 "213_fs3" 8.3 0 NA NA NA
"amont" 213 "213_fs3" 16.6 0.131920684196517 8.3 0.0158940583369298 NA
"amont" 213 "213_fs3" 24.9 0.656831684815663 8.3 0.0791363475681522 0.0076195529194244
"amont" 213 "213_fs3" 33.2 0.370800261245594 8.3 0.0446747302705535 -0.00415200208404804
"amont" 213 "213_fs3" 41.5 1.144079890829 8.3 0.137840950702289 0.0112248458351489
"amont" 213 "213_fs3" 49.8 0.626379814648069 8.3 0.0754674475479601 -0.00751487989811193
"amont" 213 "213_fs3" 58.1 0.893491837667103 8.3 0.107649618996036 0.0038773700539851
"amont" 213 "213_fs3" 66.4 0.897484481274525 8.3 0.108130660394521 5.79567949981438e-05
"amont" 213 "213_fs3" 74.7 0.656680831665838 8.3 0.07911817248986 -0.00349548047044109
"amont" 213 "213_fs3" 83 0.65672609503581 8.3 0.079123625907929 6.57038321562749e-07
"amont" 213 "213_fs3" 91.3 0.65022817436091 8.30000000000001 0.0783407438989047 -9.43231336173763e-05
"amont" 213 "213_fs3" 99.6 0.56938541426321 8.29999999999998 0.0686006523208688 -0.00117350500940193
"amont" 213 "213_fs3" 107.9 0.467553385251013 8.3 0.0563317331627726 -0.00147818303109592
