"poisson" "fs" "frame" "pts" "X" "Y" "d_travelled" "d_cum" "d_tot" "d_travelled_cm" "d_cum_cm" "d_tot_cm" "time" "traitement"
2 "002_fs1" "1" 76 53.4845105746031 3.92206543398899 0 0 75.1109302430145 0 0 4.28132302385183 0.0083 "amont"
2 "002_fs1" "2" 76 50.1793989233552 4.29693613706678 3.32630291333195 3.32630291333195 75.1109302430145 0.189599266059921 0.189599266059921 4.28132302385183 0.0166 "amont"
2 "002_fs1" "3" 76 54.7352627560191 21.0240429661411 17.3364355659703 20.6627384793022 75.1109302430145 0.988176827260307 1.17777609332023 4.28132302385183 0.0249 "amont"
2 "002_fs1" "4" 76 67.2639485166896 26.3493110093726 13.6134656359757 34.2762041152779 75.1109302430145 0.775967541250613 1.95374363457084 4.28132302385183 0.0332 "amont"
2 "002_fs1" "5" 76 74.5982231629071 24.3583709775266 7.59969912539673 41.8759032406747 75.1109302430145 0.433182850147614 2.38692648471846 4.28132302385183 0.0415 "amont"
2 "002_fs1" "6" 76 82.2380236167798 19.934100313543 8.82840426595766 50.7043075066323 75.1109302430145 0.503219043159586 2.89014552787804 4.28132302385183 0.0498 "amont"
2 "002_fs1" "7" 76 99.04346123344 9.20883661085452 19.9362487690053 70.6405562756376 75.1109302430145 1.1363661798333 4.02651170771134 4.28132302385183 0.0581 "amont"
2 "002_fs1" "8" 76 108.216640668119 1.76535528210704 11.8132398279316 82.4537961035692 75.1109302430145 0.673354670192103 4.69986637790345 4.28132302385183 0.0664 "amont"
2 "002_fs1" "9" 76 112.88014880998 -1.78888173716345 5.86352359749295 88.3173197010622 75.1109302430145 0.334220845057098 5.03408722296054 4.28132302385183 0.0747 "amont"
2 "002_fs1" "10" 76 117.750066063939 -7.44937785049424 7.46708178001557 95.7844014810777 75.1109302430145 0.425623661460888 5.45971088442143 4.28132302385183 0.083 "amont"
2 "002_fs1" "11" 76 126.700678382532 -12.8423198363447 10.4497504343643 106.234151915442 75.1109302430145 0.595635774758767 6.0553466591802 4.28132302385183 0.0913 "amont"
2 "002_fs2" "1" 76 76.9448451869053 33.0524123891994 0 0 124.013901478572 0 0 7.0687923842786 0.0083 "amont"
2 "002_fs2" "2" 76 82.0182236757779 37.7874039536944 6.93969123284272 6.93969123284272 124.013901478572 0.395562400272035 0.395562400272035 7.0687923842786 0.0166 "amont"
2 "002_fs2" "3" 76 92.6214214273374 25.4287830035551 16.2838359838184 23.2235272166611 124.013901478572 0.928178651077648 1.32374105134968 7.0687923842786 0.0249 "amont"
2 "002_fs2" "4" 76 89.6763320567279 11.0019379243786 14.7243814925937 37.9479087092548 124.013901478572 0.839289745077842 2.16303079642752 7.0687923842786 0.0332 "amont"
2 "002_fs2" "5" 76 79.8033523443868 3.43589155884928 12.4386810396295 50.3865897488843 124.013901478572 0.709004819258882 2.87203561568641 7.0687923842786 0.0415 "amont"
2 "002_fs2" "6" 76 72.0085564422784 0.914746913439672 8.19237532578942 58.5789650746737 124.013901478572 0.466965393569997 3.3390010092564 7.0687923842786 0.0498 "amont"
2 "002_fs2" "7" 76 52.7355839884956 -8.00382935591358 21.2364891137057 79.8154541883795 124.013901478572 1.21047987948123 4.54948088873763 7.0687923842786 0.0581 "amont"
2 "002_fs2" "8" 76 41.5981856616023 -12.2496921917761 11.9192698061938 91.7347239945733 124.013901478572 0.679398378953049 5.22887926769068 7.0687923842786 0.0664 "amont"
2 "002_fs2" "9" 76 27.7800930406352 -23.6657723279408 17.9239105486766 109.65863454325 124.013901478572 1.02166290127457 6.25054216896524 7.0687923842786 0.0747 "amont"
2 "002_fs2" "10" 76 17.0221463148475 -33.6364752023725 14.6679355590719 124.326570102322 124.013901478572 0.8360723268671 7.08661449583234 7.0687923842786 0.083 "amont"
2 "002_fs2" "11" 76 13.0435812227313 -46.937321983209 13.8831374436578 138.20970754598 124.013901478572 0.791338834288497 7.87795333012084 7.0687923842786 0.0913 "amont"
2 "002_fs2" "12" 76 9.77584568200373 -56.3042427355687 9.92054937718274 148.130256923162 124.013901478572 0.565471314499416 8.44342464462026 7.0687923842786 0.0996 "amont"
2 "002_fs2" "13" 76 8.81833195305646 -63.9201627707005 7.67587587983576 155.806132802998 124.013901478572 0.437524925150639 8.88094956977089 7.0687923842786 0.1079 "amont"
2 "002_fs2" "14" 76 12.9567446412932 -73.1783305645311 10.1410123004008 165.947145103399 124.013901478572 0.578037701122847 9.45898727089374 7.0687923842786 0.1162 "amont"
3 "003_fs1" "1" 76 67.956116576968 54.8410196989781 0 0 172.781764181936 0 0 9.84856055837035 0.0083 "amont"
3 "003_fs1" "2" 76 68.8708869974851 59.6501150468252 4.89532460485897 4.89532460485897 172.781764181936 0.279033502476961 0.279033502476961 9.84856055837035 0.0166 "amont"
3 "003_fs1" "3" 76 85.4463521124222 58.7126953306847 16.6019516774597 21.4972762823186 172.781764181936 0.946311245615201 1.22534474809216 9.84856055837035 0.0249 "amont"
3 "003_fs1" "4" 76 90.5151802367301 50.262370077143 9.85398474955281 31.3512610318715 172.781764181936 0.56167713072451 1.78702187881667 9.84856055837035 0.0332 "amont"
3 "003_fs1" "5" 76 82.1675216368629 32.876986068584 19.2856159151061 50.6368769469776 172.781764181936 1.09928010716105 2.88630198597772 9.84856055837035 0.0415 "amont"
3 "003_fs1" "6" 76 75.2531696904463 8.45259949056569 25.384225860786 76.0211028077636 172.781764181936 1.4469008740648 4.33320286004253 9.84856055837035 0.0498 "amont"
3 "003_fs1" "7" 76 81.7304036470558 -7.5296135435091 17.2448744035787 93.2659772113423 172.781764181936 0.982957841003988 5.31616070104651 9.84856055837035 0.0581 "amont"
3 "003_fs1" "8" 76 92.0147660413672 -26.8946253922524 21.9265089277681 115.19248613911 172.781764181936 1.24981100888278 6.5659717099293 9.84856055837035 0.0664 "amont"
3 "003_fs1" "9" 76 92.7752235736268 -51.8805584987174 24.9975028524674 140.189988991578 172.781764181936 1.42485766259064 7.99082937251994 9.84856055837035 0.0747 "amont"
3 "003_fs1" "10" 76 100.465930552588 -73.5198440371922 22.9653141161162 163.155303107694 172.781764181936 1.30902290461863 9.29985227713856 9.84856055837035 0.083 "amont"
3 "003_fs1" "11" 76 118.02151161557 -89.5202850998863 23.7531585407011 186.908461648395 172.781764181936 1.35393003681996 10.6537823139585 9.84856055837035 0.0913 "amont"
3 "003_fs1" "12" 76 136.127861037571 -103.923432528277 23.1363468429126 210.044808491308 172.781764181936 1.31877177004602 11.9725540840045 9.84856055837035 0.0996 "amont"
3 "003_fs2" "1" 76 64.9740248057647 21.3119661103448 0 0 78.569889885708 0 0 4.47848372348536 0.0083 "amont"
3 "003_fs2" "2" 76 63.9543562610791 23.9933292894467 2.86869873623298 2.86869873623298 78.569889885708 0.16351582796528 0.16351582796528 4.47848372348536 0.0166 "amont"
3 "003_fs2" "3" 76 73.9608572774059 27.8037707226877 10.7074519147138 13.5761506509468 78.569889885708 0.610324759138689 0.773840587103969 4.47848372348536 0.0249 "amont"
3 "003_fs2" "4" 76 80.1573206338811 13.2596546815722 15.8090945201037 29.3852451710505 78.569889885708 0.901118387645911 1.67495897474988 4.47848372348536 0.0332 "amont"
3 "003_fs2" "5" 76 78.0631983577893 4.79630122118607 8.71858359497996 38.1038287660305 78.569889885708 0.496959264913858 2.17191823966374 4.47848372348536 0.0415 "amont"
3 "003_fs2" "6" 76 73.360460494882 -7.3191854195565 12.996182514463 51.1000112804935 78.569889885708 0.740782403324391 2.91270064298813 4.47848372348536 0.0498 "amont"
3 "003_fs2" "7" 76 72.2289604597973 -27.7108983261735 20.4230812463567 71.5230925268502 78.569889885708 1.16411563104233 4.07681627403046 4.47848372348536 0.0581 "amont"
3 "003_fs2" "8" 76 74.951784777811 -42.9118643055429 15.4428993059177 86.9659918327679 78.569889885708 0.880245260437308 4.95706153446777 4.47848372348536 0.0664 "amont"
3 "003_fs2" "9" 76 78.2215700654545 -56.1330475525422 13.6195147592719 100.58550659204 78.569889885708 0.776312341278498 5.73337387574627 4.47848372348536 0.0747 "amont"
4 "004_fs1" "1" 76 83.8418378797505 16.4351890593325 0 0 49.0734684655668 0 0 2.79718770253731 0.0083 "amont"
4 "004_fs1" "2" 76 82.8471812307425 17.3796941941417 1.37165294411405 1.37165294411405 49.0734684655668 0.0781842178145011 0.0781842178145011 2.79718770253731 0.0166 "amont"
4 "004_fs1" "3" 76 85.6672264641099 25.2751966266085 8.3840094095443 9.75566235365835 49.0734684655668 0.477888536344025 0.556072754158526 2.79718770253731 0.0249 "amont"
4 "004_fs1" "4" 76 73.5647862900945 26.0496635251934 12.1271949412313 21.8828572948896 49.0734684655668 0.691250111650183 1.24732286580871 2.79718770253731 0.0332 "amont"
4 "004_fs1" "5" 76 69.802877930003 15.2057250127733 11.4779334799812 33.3607907748709 49.0734684655668 0.65424220835893 1.90156507416764 2.79718770253731 0.0415 "amont"
4 "004_fs1" "6" 76 57.5227762251241 -5.19905165634771 23.8150332521052 57.175824026976 49.0734684655668 1.35745689536999 3.25902196953763 2.79718770253731 0.0498 "amont"
4 "004_fs1" "7" 76 47.9754189350442 -14.4808178260519 13.3155253164683 70.4913493434443 49.0734684655668 0.75898494303869 4.01800691257632 2.79718770253731 0.0581 "amont"
4 "004_fs1" "8" 76 37.4513608112233 -20.1337484513188 11.9461886829081 82.4375380263524 49.0734684655668 0.680932754925761 4.69893966750208 2.79718770253731 0.0664 "amont"
4 "004_fs1" "9" 76 27.8415471233617 -19.8197198645599 9.61494321713415 92.0524812434865 49.0734684655668 0.548051763376647 5.24699143087873 2.79718770253731 0.0747 "amont"
4 "004_fs1" "10" 76 18.2635380851474 -18.226345326053 9.7096395173084 101.762120760795 49.0734684655668 0.553449452486579 5.80044088336531 2.79718770253731 0.083 "amont"
4 "004_fs1" "11" 76 13.7060869495514 -11.4610889243322 8.15714748146492 109.91926824226 49.0734684655668 0.464957406443501 6.26539828980881 2.79718770253731 0.0913 "amont"
4 "004_fs1" "12" 76 11.6554081924421 -5.34489752006886 6.45082015393734 116.370088396197 49.0734684655668 0.367696748774428 6.63309503858324 2.79718770253731 0.0996 "amont"
4 "004_fs1" "13" 76 13.3082336809463 0.783119748870376 6.34700147659244 122.71708987279 49.0734684655668 0.361779084165769 6.99487412274901 2.79718770253731 0.1079 "amont"
4 "004_fs1" "14" 76 18.1942830743186 5.52549674218102 6.80908350816437 129.526173380954 49.0734684655668 0.388117759965369 7.38299188271438 2.79718770253731 0.1162 "amont"
4 "004_fs1" "15" 76 23.9305772171655 7.0226893735823 5.92846154316463 135.454634924119 49.0734684655668 0.337922307960384 7.72091419067476 2.79718770253731 0.1245 "amont"
4 "004_fs1" "16" 76 29.7131726337321 9.60714719178299 6.33386390489689 141.788498829016 49.0734684655668 0.361030242579123 8.08194443325388 2.79718770253731 0.1328 "amont"
4 "004_fs1" "17" 76 35.0883748825759 10.8400882537964 5.51479309479279 147.303291923808 49.0734684655668 0.314343206403189 8.39628763965707 2.79718770253731 0.1411 "amont"
4 "004_fs2" "1" 76 103.221522685748 -22.1514658930653 0 0 134.549996676373 0 0 7.66934981055328 0.0083 "amont"
4 "004_fs2" "2" 76 105.432465746594 -20.4558327693435 2.78629519408222 2.78629519408222 134.549996676373 0.158818826062686 0.158818826062686 7.66934981055328 0.0166 "amont"
4 "004_fs2" "3" 76 101.567021963721 -8.2485596852639 12.8046543017703 15.5909494958526 134.549996676373 0.72986529520091 0.888684121263596 7.66934981055328 0.0249 "amont"
4 "004_fs2" "4" 76 90.0934418913083 -8.48488654828759 11.4760136835163 27.0669631793688 134.549996676373 0.654132779960427 1.54281690122402 7.66934981055328 0.0332 "amont"
4 "004_fs2" "5" 76 68.7513190306689 -11.2007751348077 21.5142338699991 48.5811970493679 134.549996676373 1.22631133058995 2.76912823181397 7.66934981055328 0.0415 "amont"
4 "004_fs2" "6" 76 51.5516005684777 -5.6363419622154 18.077423259715 66.658620309083 134.549996676373 1.03041312580376 3.79954135761773 7.66934981055328 0.0498 "amont"
4 "004_fs2" "7" 76 38.8623246571052 12.013613607265 21.7379542450427 88.3965745541257 134.549996676373 1.23906339196743 5.03860474958516 7.66934981055328 0.0581 "amont"
4 "004_fs2" "8" 76 22.8026100939858 31.6512756075385 25.368330664154 113.76490521828 134.549996676373 1.44599484785678 6.48459959744194 7.66934981055328 0.0664 "amont"
4 "004_fs2" "9" 76 8.45969085318416 47.8098495077145 21.6059909014978 135.370896119778 134.549996676373 1.23154148138538 7.71614107882732 7.66934981055328 0.0747 "amont"
4 "004_fs2" "10" 76 2.13481990203292 66.647070839974 19.8707045690194 155.241600688797 134.549996676373 1.13263016043411 8.84877123926142 7.66934981055328 0.083 "amont"
5 "005_fs1" "1" 76 78.7769050025267 -14.038838878097 0 0 61.8808036398076 0 0 3.52720580746903 0.0083 "amont"
5 "005_fs1" "2" 76 73.9285242531593 -14.7258039812116 4.89680681094667 4.89680681094667 61.8808036398076 0.27911798822396 0.27911798822396 3.52720580746903 0.0166 "amont"
5 "005_fs1" "3" 76 81.9493880974829 -22.6073458948485 11.2451304903764 16.1419373013231 61.8808036398076 0.640972437951454 0.920090426175414 3.52720580746903 0.0249 "amont"
5 "005_fs1" "4" 76 85.201817198368 -21.0775577148286 3.59423801827493 19.736175319598 61.8808036398076 0.204871567041671 1.12496199321709 3.52720580746903 0.0332 "amont"
5 "005_fs1" "5" 76 89.6755311867967 -11.1664405185147 10.874022297629 30.610197617227 61.8808036398076 0.619819270964851 1.74478126418194 3.52720580746903 0.0415 "amont"
5 "005_fs1" "6" 76 92.7085782199391 -2.61847051879718 9.07012488454953 39.6803225017765 61.8808036398076 0.516997118419323 2.26177838260126 3.52720580746903 0.0498 "amont"
5 "005_fs1" "7" 76 95.1385844347122 5.17467208213847 8.16321026326984 47.8435327650463 61.8808036398076 0.465302985006381 2.72708136760764 3.52720580746903 0.0581 "amont"
5 "005_fs1" "8" 76 97.3861105047987 10.4375433361428 5.72269056230927 53.5662233273556 61.8808036398076 0.326193362051628 3.05327472965927 3.52720580746903 0.0664 "amont"
5 "005_fs1" "9" 76 101.436877301327 17.5678139408713 8.20057745140618 61.7668007787618 61.8808036398076 0.467432914730152 3.52070764438942 3.52720580746903 0.0747 "amont"
5 "005_fs1" "10" 76 103.362859277549 20.4111734431727 3.43425389743678 65.2010546761985 61.8808036398076 0.195752472153896 3.71646011654332 3.52720580746903 0.083 "amont"
5 "005_fs1" "11" 76 105.719044745802 24.0675224829051 4.34976990899043 69.550824585189 61.8808036398076 0.247936884812454 3.96439700135577 3.52720580746903 0.0913 "amont"
5 "005_fs1" "12" 76 108.428306674433 28.3780753777857 5.09126373874826 74.6420883239372 61.8808036398076 0.290202033108651 4.25459903446442 3.52720580746903 0.0996 "amont"
5 "005_fs1" "13" 76 111.684685439216 30.6512980342281 3.97134031600072 78.613428639938 61.8808036398076 0.226366398012041 4.48096543247646 3.52720580746903 0.1079 "amont"
5 "005_fs1" "14" 76 115.034503237877 33.2248611916131 4.2242758680365 82.8377045079745 61.8808036398076 0.240783724478081 4.72174915695454 3.52720580746903 0.1162 "amont"
5 "005_fs1" "15" 76 115.970534868966 35.4168762260923 2.38350270102259 85.221207208997 61.8808036398076 0.135859653958287 4.85760881091283 3.52720580746903 0.1245 "amont"
5 "005_fs2" "1" 76 70.2661428504167 20.648145625956 0 0 72.6938635811684 0 0 4.1435502241266 0.0083 "amont"
5 "005_fs2" "2" 76 68.8548894734458 28.751079648747 8.22491190662342 8.22491190662342 72.6938635811684 0.468819978677535 0.468819978677535 4.1435502241266 0.0166 "amont"
5 "005_fs2" "3" 76 84.8793075823814 23.0028882650685 17.0242086427939 25.2491205494173 72.6938635811684 0.970379892639253 1.43919987131679 4.1435502241266 0.0249 "amont"
5 "005_fs2" "4" 76 83.4396157124083 11.072834471445 12.0166091805974 37.2657297300147 72.6938635811684 0.68494672329405 2.12414659461084 4.1435502241266 0.0332 "amont"
5 "005_fs2" "5" 76 74.9220920551955 1.80274527476763 12.5889937233098 49.8547234533245 72.6938635811684 0.71757264222866 2.8417192368395 4.1435502241266 0.0415 "amont"
5 "005_fs2" "6" 76 68.5215443760347 -9.86324943270228 13.3064812444134 63.161204697738 72.6938635811684 0.758469430931566 3.60018866777106 4.1435502241266 0.0498 "amont"
5 "005_fs2" "7" 76 64.5536810127904 -21.1114359342708 11.9275160550487 75.0887207527867 72.6938635811684 0.679868415137776 4.28005708290884 4.1435502241266 0.0581 "amont"
5 "005_fs2" "8" 76 61.6977421115384 -26.974641543782 6.52177637052115 81.6104971233078 72.6938635811684 0.371741253119706 4.65179833602855 4.1435502241266 0.0664 "amont"
5 "005_fs2" "9" 76 60.6003169500044 -36.7287138095227 9.81561346786129 91.4261105911691 72.6938635811684 0.559489967668093 5.21128830369664 4.1435502241266 0.0747 "amont"
5 "005_fs2" "10" 76 62.3592509001299 -43.2470939292785 6.75152782905704 98.1776384202262 72.6938635811684 0.384837086256251 5.59612538995289 4.1435502241266 0.083 "amont"
5 "005_fs2" "11" 76 65.2539678606669 -48.2760611194709 5.80257677947067 103.980215199697 72.6938635811684 0.330746876429828 5.92687226638272 4.1435502241266 0.0913 "amont"
5 "005_fs2" "12" 76 69.7246327512794 -52.043701022551 5.84653358866916 109.826748788366 72.6938635811684 0.333252414554142 6.26012468093686 4.1435502241266 0.0996 "amont"
7 "007_fs1" "1" 76 44.0105640746742 14.0241061763526 0 0 77.5791293815172 0 0 4.42201037474648 0.0083 "amont"
7 "007_fs1" "2" 76 41.2992493508936 18.1662818969293 4.95064109298226 4.95064109298226 77.5791293815172 0.282186542299989 0.282186542299989 4.42201037474648 0.0166 "amont"
7 "007_fs1" "3" 76 51.599103416291 26.4155975479854 13.1961434699401 18.1467845629224 77.5791293815172 0.752180177786585 1.03436672008657 4.42201037474648 0.0249 "amont"
7 "007_fs1" "4" 76 60.8696936696171 20.5985961231834 10.9444666028644 29.0912511657867 77.5791293815172 0.623834596363269 1.65820131644984 4.42201037474648 0.0332 "amont"
7 "007_fs1" "5" 76 64.8188958812029 7.35947013331747 13.8155946337296 42.9068457995163 77.5791293815172 0.787488894122586 2.44569021057243 4.42201037474648 0.0415 "amont"
7 "007_fs1" "6" 76 70.9459312707967 -6.75438161107553 15.3864022347019 58.2932480342182 77.5791293815172 0.877024927378009 3.32271513795044 4.42201037474648 0.0498 "amont"
7 "007_fs1" "7" 76 90.8603973329739 -30.7255529723349 31.1641302617684 89.4573782959866 77.5791293815172 1.7763554249208 5.09907056287124 4.42201037474648 0.0581 "amont"
7 "007_fs1" "8" 76 100.600624193673 -39.0427046503995 12.8080846083174 102.265462904304 77.5791293815172 0.730060822674092 5.82913138554533 4.42201037474648 0.0664 "amont"
7 "007_fs2" "1" 76 32.6169285667537 25.5661258788421 0 0 115.646125156504 0 0 6.59182913392073 0.0083 "amont"
7 "007_fs2" "2" 76 35.6868229204763 27.9661327712349 3.89670173692456 3.89670173692456 115.646125156504 0.2221119990047 0.2221119990047 6.59182913392073 0.0166 "amont"
7 "007_fs2" "3" 76 40.8695123508614 18.5401986276235 10.756788749972 14.6534904868966 115.646125156504 0.613136958748405 0.835248957753105 6.59182913392073 0.0249 "amont"
7 "007_fs2" "4" 76 30.6588822570662 8.50527678276069 14.3163062046333 28.9697966915298 115.646125156504 0.816029453664096 1.6512784114172 6.59182913392073 0.0332 "amont"
7 "007_fs2" "5" 76 17.4001333160649 -0.187040807540541 15.8540470723145 44.8238437638443 115.646125156504 0.903680683121925 2.55495909453913 6.59182913392073 0.0415 "amont"
7 "007_fs2" "6" 76 9.4589119816429 -18.870126444708 20.3007557792318 65.1245995430761 115.646125156504 1.15714307941621 3.71210217395534 6.59182913392073 0.0498 "amont"
7 "007_fs2" "7" 76 8.18217119535458 -40.7822161083141 21.9492537563646 87.0738532994407 115.646125156504 1.25110746411278 4.96320963806812 6.59182913392073 0.0581 "amont"
7 "007_fs2" "8" 76 5.30811764073516 -59.2035194705068 18.644157299185 105.718010598626 115.646125156504 1.06271696605354 6.02592660412166 6.59182913392073 0.0664 "amont"
7 "007_fs2" "9" 76 0.798845630437711 -85.6167678682245 26.7953955929445 132.51340619157 115.646125156504 1.52733754879784 7.5532641529195 6.59182913392073 0.0747 "amont"
8 "008_fs1" "1" 76 101.290769674967 -23.2835894977532 0 0 96.3672253086628 0 0 5.49293184259378 0.0083 "amont"
8 "008_fs1" "2" 76 104.316643501636 -19.4962159614303 4.84769127715034 4.84769127715034 96.3672253086628 0.27631840279757 0.27631840279757 5.49293184259378 0.0166 "amont"
8 "008_fs1" "3" 76 109.370243257223 -5.85341617323377 14.5487063531602 19.3963976303106 96.3672253086628 0.829276262130132 1.1055946649277 5.49293184259378 0.0249 "amont"
8 "008_fs1" "4" 76 102.901161568288 -1.21698806999001 7.95898758980453 27.3553852201151 96.3672253086628 0.453662292618858 1.55925695754656 5.49293184259378 0.0332 "amont"
8 "008_fs1" "5" 76 88.5352092144571 2.59213745856925 14.8623694048043 42.2177546249193 96.3672253086628 0.847155056073843 2.4064120136204 5.49293184259378 0.0415 "amont"
8 "008_fs1" "6" 76 69.5343525771262 10.3481500035591 20.5228722051871 62.7406268301065 96.3672253086628 1.16980371569567 3.57621572931607 5.49293184259378 0.0498 "amont"
8 "008_fs1" "7" 76 58.9975966779444 15.7759399175579 11.8526000619885 74.5932268920949 96.3672253086628 0.675598203533344 4.25181393284941 5.49293184259378 0.0581 "amont"
8 "008_fs1" "8" 76 54.8055059909566 14.7294483273982 4.32073708714206 78.913963979237 96.3672253086628 0.246282013967097 4.49809594681651 5.49293184259378 0.0664 "amont"
8 "008_fs1" "9" 76 45.3723758213773 19.5858417999163 10.6098304584071 89.5237944376441 96.3672253086628 0.604760336129206 5.10285628294572 5.49293184259378 0.0747 "amont"
8 "008_fs1" "10" 76 37.9693609051067 24.2136796085774 8.73049326406007 98.2542877017042 96.3672253086628 0.497638116051424 5.60049439899714 5.49293184259378 0.083 "amont"
8 "008_fs1" "11" 76 30.5393907215951 30.2316577999947 9.561407764563 107.815695466267 96.3672253086628 0.545000242580091 6.14549464157723 5.49293184259378 0.0913 "amont"
8 "008_fs1" "12" 76 24.2630291163778 34.6246940040849 7.66103661979847 115.476732086066 96.3672253086628 0.436679087328513 6.58217372890574 5.49293184259378 0.0996 "amont"
8 "008_fs2" "1" 76 70.7671075990805 17.3211466701242 0 0 87.3075972783906 0 0 4.97653304486826 0.0083 "amont"
8 "008_fs2" "2" 76 73.9790486836245 21.8866070648688 5.58211377047827 5.58211377047827 87.3075972783906 0.318180484917262 0.318180484917262 4.97653304486826 0.0166 "amont"
8 "008_fs2" "3" 76 87.1936643894948 18.6452288776612 13.606344138171 19.1884579086492 87.3075972783906 0.775561615875745 1.09374210079301 4.97653304486826 0.0249 "amont"
8 "008_fs2" "4" 76 88.8940754620422 6.25328466501335 12.5080645659118 31.696522474561 87.3075972783906 0.712959680256973 1.80670178104998 4.97653304486826 0.0332 "amont"
8 "008_fs2" "5" 76 90.0842646965023 -12.7232956299031 19.0138673105509 50.7103897851119 87.3075972783906 1.0837904367014 2.89049221775138 4.97653304486826 0.0415 "amont"
8 "008_fs2" "6" 76 99.8149266493978 -33.5283910934181 22.9681905967253 73.6785803818372 87.3075972783906 1.30918686401334 4.19967908176472 4.97653304486826 0.0498 "amont"
8 "008_fs2" "7" 76 109.871828396374 -43.8397744288508 14.4036765806016 88.0822569624389 87.3075972783906 0.821009565094293 5.02068864685902 4.97653304486826 0.0581 "amont"
8 "008_fs2" "8" 76 120.553449340702 -54.400096476604 15.020566825209 103.102823787648 87.3075972783906 0.856172309036913 5.87686095589593 4.97653304486826 0.0664 "amont"
8 "008_fs3" "1" 76 90.3521133785739 18.4315555271699 0 0 95.1357601197111 0 0 5.42273832682353 0.0083 "amont"
8 "008_fs3" "2" 76 90.5844980813361 22.8621605085915 4.4366950708242 4.4366950708242 95.1357601197111 0.25289161903698 0.25289161903698 5.42273832682353 0.0166 "amont"
8 "008_fs3" "3" 76 108.004790501116 20.494076956818 17.5805121568975 22.0172072277217 95.1357601197111 1.00208919294316 1.25498081198014 5.42273832682353 0.0249 "amont"
8 "008_fs3" "4" 76 111.842869369385 6.76010567904484 14.2601829040777 36.2773901317995 95.1357601197111 0.812830425532431 2.06781123751257 5.42273832682353 0.0332 "amont"
8 "008_fs3" "5" 76 102.345389846309 -4.89083756819275 15.0315200775437 51.3089102093432 95.1357601197111 0.85679664441999 2.92460788193256 5.42273832682353 0.0415 "amont"
8 "008_fs3" "6" 76 89.2278240499675 -9.76104136537367 13.9924771733751 65.3013873827183 95.1357601197111 0.797571198882382 3.72217908081494 5.42273832682353 0.0498 "amont"
8 "008_fs3" "7" 76 71.9765585478266 -12.5076796996774 17.4685484103523 82.7699357930706 95.1357601197111 0.995707259390083 4.71788634020503 5.42273832682353 0.0581 "amont"
8 "008_fs3" "8" 76 57.8217295172183 -20.9047302692707 16.4581178496831 99.2280536427538 95.1357601197111 0.938112717431939 5.65599905763696 5.42273832682353 0.0664 "amont"
8 "008_fs3" "9" 76 49.3760708955643 -40.8285654251723 21.6399712770849 120.868024919839 95.1357601197111 1.23347836279384 6.8894774204308 5.42273832682353 0.0747 "amont"
8 "008_fs3" "10" 76 37.7825245215216 -60.860633123136 23.1450654305163 144.013090350355 95.1357601197111 1.31926872953943 8.20874614997023 5.42273832682353 0.083 "amont"
11 "011_fs1" "1" 76 48.0274768622056 17.8218854507376 0 0 69.5773109900111 0 0 3.96590672643064 0.0083 "aval"
11 "011_fs1" "2" 76 50.7576146372191 22.4368625284123 5.3620579722732 5.3620579722732 69.5773109900111 0.305637304419572 0.305637304419572 3.96590672643064 0.0166 "aval"
11 "011_fs1" "3" 76 60.046262886543 10.3986902441333 15.2051497278274 20.5672077001006 69.5773109900111 0.866693534486164 1.17233083890574 3.96590672643064 0.0249 "aval"
11 "011_fs1" "4" 76 45.3880875375027 2.38336517082718 16.7065119218221 37.2737196219227 69.5773109900111 0.952271179543857 2.12460201844959 3.96590672643064 0.0332 "aval"
11 "011_fs1" "5" 76 32.4236404314387 -4.61597657952888 14.7332166787911 52.0069363007138 69.5773109900111 0.839793350691094 2.96439536914069 3.96590672643064 0.0415 "aval"
11 "011_fs1" "6" 76 24.9812404495082 -9.76897058918985 9.0522187752308 61.0591550759446 69.5773109900111 0.515976470188155 3.48037183932884 3.96590672643064 0.0498 "aval"
11 "011_fs1" "7" 76 16.7050624180896 -18.5631958736661 12.0761550653284 73.135310141273 69.5773109900111 0.68834083872372 4.16871267805256 3.96590672643064 0.0581 "aval"
11 "011_fs1" "8" 76 11.0110007396036 -26.1868661558318 9.51539210803103 82.6507022493041 69.5773109900111 0.542377350157769 4.71109002821033 3.96590672643064 0.0664 "aval"
11 "011_fs1" "9" 76 6.80917666661628 -38.2321414660416 12.7571149888635 95.4078172381675 69.5773109900111 0.727155554365219 5.43824558257555 3.96590672643064 0.0747 "aval"
11 "011_fs2" "1" 76 79.4258775169271 10.3138922586261 0 0 75.7397150923492 0 0 4.31716376026391 0.0083 "aval"
11 "011_fs2" "2" 76 80.9367342677334 3.58100813803767 6.90032004350007 6.90032004350007 75.7397150923492 0.393318242479504 0.393318242479504 4.31716376026391 0.0166 "aval"
11 "011_fs2" "3" 76 67.8324318787205 1.34663548779025 13.2934255270364 20.1937455705365 75.7397150923492 0.757725255041075 1.15104349752058 4.31716376026391 0.0249 "aval"
11 "011_fs2" "4" 76 56.1735412712672 4.85786522662397 12.1761432512694 32.3698888218059 75.7397150923492 0.694040165322355 1.84508366284293 4.31716376026391 0.0332 "aval"
11 "011_fs2" "5" 76 42.1280661605721 1.91438507127285 14.3505904585875 46.7204792803933 75.7397150923492 0.817983656139485 2.66306731898242 4.31716376026391 0.0415 "aval"
11 "011_fs2" "6" 76 34.046825020429 -2.44446295458226 9.18183067136627 55.9023099517596 75.7397150923492 0.523364348267877 3.1864316672503 4.31716376026391 0.0498 "aval"
11 "011_fs2" "7" 76 26.9535494597257 -7.56579527787855 8.74886295159034 64.6511729033499 75.7397150923492 0.49868518824065 3.68511685549095 4.31716376026391 0.0581 "aval"
11 "011_fs2" "8" 76 17.7425940540128 -20.8930593699805 16.2005452891766 80.8517181925265 75.7397150923492 0.923431081483065 4.60854793697401 4.31716376026391 0.0664 "aval"
11 "011_fs2" "9" 76 13.9774602149638 -27.8044644076614 7.87043533871112 88.7221535312376 75.7397150923492 0.448614814306534 5.05716275128054 4.31716376026391 0.0747 "aval"
11 "011_fs3" "1" 76 17.1450981405417 -23.7897277765717 0 0 69.4231432674123 0 0 3.9571191662425 0.0083 "aval"
11 "011_fs3" "2" 76 14.935720167996 -12.1207263052355 11.8763187210354 11.8763187210354 69.4231432674123 0.676950167099019 0.676950167099019 3.9571191662425 0.0166 "aval"
11 "011_fs3" "3" 76 21.9061204880693 -5.7752318393853 9.42612224821074 21.3024409692462 69.4231432674123 0.537288968148012 1.21423913524703 3.9571191662425 0.0249 "aval"
11 "011_fs3" "4" 76 28.9242233683726 -1.3088538845227 8.31879198406861 29.6212329533148 69.4231432674123 0.474171143091911 1.68841027833894 3.9571191662425 0.0332 "aval"
11 "011_fs3" "5" 76 39.269439518407 11.0363704094984 16.106770627926 45.7280035812408 69.4231432674123 0.918085925791785 2.60649620413073 3.9571191662425 0.0415 "aval"
11 "011_fs3" "6" 76 43.7881703369216 18.9561370786212 9.11820334844218 54.846206929683 69.4231432674123 0.519737590861204 3.12623379499193 3.9571191662425 0.0498 "aval"
11 "011_fs3" "7" 76 47.1004017855088 23.0581668416934 5.27233585293466 60.1185427826177 69.4231432674123 0.300523143617275 3.42675693860921 3.9571191662425 0.0581 "aval"
11 "011_fs3" "8" 76 48.0078703375453 29.5294110515428 6.53456202024624 66.6531048028639 69.4231432674123 0.372470035154036 3.79922697376324 3.9571191662425 0.0664 "aval"
11 "011_fs3" "9" 76 50.0436278015906 37.3434020898824 8.07482287110174 74.7279276739656 69.4231432674123 0.460264903652799 4.25949187741604 3.9571191662425 0.0747 "aval"
14 "014_fs1" "1" 76 105.568926915104 14.116562614382 0 0 78.7672378104562 0 0 4.48973255519601 0.0083 "aval"
14 "014_fs1" "2" 76 107.198863686792 16.3045832911154 2.72839299982857 2.72839299982857 78.7672378104562 0.155518400990229 0.155518400990229 4.48973255519601 0.0166 "aval"
14 "014_fs1" "3" 76 101.674671873328 22.312515389112 8.16161401231892 10.8900070121475 78.7672378104562 0.465211998702178 0.620730399692407 4.48973255519601 0.0249 "aval"
14 "014_fs1" "4" 76 91.923788631716 11.6605154979973 14.4410811808485 25.331088192996 78.7672378104562 0.823141627308366 1.44387202700077 4.48973255519601 0.0332 "aval"
14 "014_fs1" "5" 76 86.5709462140053 -5.48870841853136 17.9652109057501 43.2962990987461 78.7672378104562 1.02401702162775 2.46788904862853 4.48973255519601 0.0415 "aval"
14 "014_fs1" "6" 76 77.3808289089226 -16.3203238450182 14.2050043586226 57.5013034573687 78.7672378104562 0.809685248441491 3.27757429707002 4.48973255519601 0.0498 "aval"
14 "014_fs1" "7" 76 56.3420533187138 -23.217717680773 22.1405537433162 79.641857200685 78.7672378104562 1.26201156336902 4.53958586043904 4.48973255519601 0.0581 "aval"
14 "014_fs1" "8" 76 40.435616760151 -30.1771125610611 17.362255069298 97.0041122699829 78.7672378104562 0.989648538949985 5.52923439938903 4.48973255519601 0.0664 "aval"
14 "014_fs2" "1" 76 64.4023366185535 8.69021887742673 0 0 60.0383990779321 0 0 3.42218874744213 0.0083 "aval"
14 "014_fs2" "2" 76 65.7203150754457 15.7603458382464 7.19192341831732 7.19192341831732 60.0383990779321 0.409939634844087 0.409939634844087 3.42218874744213 0.0166 "aval"
14 "014_fs2" "3" 76 78.0679152468346 15.256117158663 12.357891266466 19.5498146847834 60.0383990779321 0.704399802188565 1.11433943703265 3.42218874744213 0.0249 "aval"
14 "014_fs2" "4" 76 82.2150162673711 5.41714622259444 10.6772560124471 30.2270706972304 60.0383990779321 0.608603592709482 1.72294302974213 3.42218874744213 0.0332 "aval"
14 "014_fs2" "5" 76 92.5826790626722 -10.7288998364414 19.1881013958541 49.4151720930845 60.0383990779321 1.09372177956368 2.81666480930582 3.42218874744213 0.0415 "aval"
14 "014_fs2" "6" 76 100.834021898267 -21.1343170834458 13.2799610946259 62.6951331877104 60.0383990779321 0.756957782393678 3.57362259169949 3.42218874744213 0.0498 "aval"
14 "014_fs2" "7" 76 103.507593842291 -25.4516707765677 5.07814236226059 67.773275549971 60.0383990779321 0.289454114648854 3.86307670634835 3.42218874744213 0.0581 "aval"
14 "014_fs2" "8" 76 109.472161529834 -30.9748822356117 8.12907943869396 75.902354988665 60.0383990779321 0.463357528005556 4.3264342343539 3.42218874744213 0.0664 "aval"
14 "014_fs3" "1" 76 51.4245275152973 25.4794240949743 0 0 77.8207630744271 0 0 4.43578349524234 0.0083 "aval"
14 "014_fs3" "2" 76 57.6481480576812 23.6834905471845 6.47756358237105 6.47756358237105 77.8207630744271 0.36922112419515 0.36922112419515 4.43578349524234 0.0166 "aval"
14 "014_fs3" "3" 76 61.1979614982421 20.865253328149 4.53250885112691 11.010072433498 77.8207630744271 0.258353004514234 0.627574128709384 4.43578349524234 0.0249 "aval"
14 "014_fs3" "4" 76 55.0382710914299 10.8833635083409 11.7294462905357 22.7395187240337 77.8207630744271 0.668578438560538 1.29615256726992 4.43578349524234 0.0332 "aval"
14 "014_fs3" "5" 76 46.1714148171192 -6.32931727409527 19.362270525621 42.1017892496547 77.8207630744271 1.1036494199604 2.39980198723032 4.43578349524234 0.0415 "aval"
14 "014_fs3" "6" 76 44.5995359209867 -16.1768120325159 9.9721590581593 52.073948307814 77.8207630744271 0.56841306631508 2.9682150535454 4.43578349524234 0.0498 "aval"
14 "014_fs3" "7" 76 41.1834786495279 -26.6544131397743 11.0204161556953 63.0943644635092 77.8207630744271 0.62816372087463 3.59637877442003 4.43578349524234 0.0581 "aval"
14 "014_fs3" "8" 76 41.4362330502199 -37.040216745594 10.3888787328434 73.4832431963527 77.8207630744271 0.592166087772076 4.1885448621921 4.43578349524234 0.0664 "aval"
14 "014_fs3" "9" 76 42.3627087831035 -43.9082273067728 6.93021834808152 80.4134615444342 77.8207630744271 0.395022445840647 4.58356730803275 4.43578349524234 0.0747 "aval"
14 "014_fs3" "10" 76 43.0557060568572 -51.8900401198105 8.01184005106211 88.4253015954963 77.8207630744271 0.45667488291054 5.04024219094329 4.43578349524234 0.083 "aval"
15 "015_fs1" "1" 76 80.4990348686059 55.5761448738158 0 0 191.686276898232 0 0 10.9261177831992 0.0083 "aval"
15 "015_fs1" "2" 76 81.8420664553621 57.7709272671842 2.57309222478806 2.57309222478806 191.686276898232 0.14666625681292 0.14666625681292 10.9261177831992 0.0166 "aval"
15 "015_fs1" "3" 76 94.4328593496632 62.5031686934838 13.4507313787753 16.0238236035633 191.686276898232 0.76669168859019 0.913357945403109 10.9261177831992 0.0249 "aval"
15 "015_fs1" "4" 76 101.513433995899 48.7931878658742 15.4304281085892 31.4542517121525 191.686276898232 0.879534402189585 1.79289234759269 10.9261177831992 0.0332 "aval"
15 "015_fs1" "5" 76 92.9562091639548 29.0105565722793 21.5540854067799 53.0083371189324 191.686276898232 1.22858286818646 3.02147521577915 10.9261177831992 0.0415 "aval"
15 "015_fs1" "6" 76 87.3291662523545 8.27329755424 21.4871478682082 74.4954849871406 191.686276898232 1.22476742848787 4.24624264426702 10.9261177831992 0.0498 "aval"
15 "015_fs1" "7" 76 98.9915869938903 -19.4413924589048 30.0685234103258 104.564008397466 191.686276898232 1.71390583438857 5.96014847865559 10.9261177831992 0.0581 "aval"
15 "015_fs1" "8" 76 103.211269486247 -48.0483538510099 28.916499795544 133.48050819301 191.686276898232 1.64824048834601 7.60838896700159 10.9261177831992 0.0664 "aval"
15 "015_fs1" "9" 76 104.149259118194 -76.4612093957326 28.4283341888849 161.908842381895 191.686276898232 1.62041504876644 9.22880401576803 10.9261177831992 0.0747 "aval"
15 "015_fs1" "10" 76 117.830361683516 -101.011410071237 28.1048914000819 190.013733781977 191.686276898232 1.60197880980467 10.8307828255727 10.9261177831992 0.083 "aval"
15 "015_fs1" "11" 76 135.643760903425 -128.006773562651 32.3429566026581 222.356690384635 191.686276898232 1.84354852635151 12.6743313519242 10.9261177831992 0.0913 "aval"
15 "015_fs2" "1" 76 46.2187915208022 50.373651112142 0 0 149.244601590959 0 0 8.50694229068464 0.0083 "aval"
15 "015_fs2" "2" 76 47.4117175795804 51.0530795206374 1.37284214095528 1.37284214095528 149.244601590959 0.0782520020344509 0.0782520020344509 8.50694229068464 0.0166 "aval"
15 "015_fs2" "3" 76 57.4113230872615 47.7226169767539 10.5396437826644 11.9124859236197 149.244601590959 0.600759695611873 0.679011697646324 8.50694229068464 0.0249 "aval"
15 "015_fs2" "4" 76 54.7918663726456 33.341266330692 14.6179615502549 26.5304474738746 149.244601590959 0.833223808364531 1.51223550601085 8.50694229068464 0.0332 "aval"
15 "015_fs2" "5" 76 45.4229811777719 20.651291325581 15.7737590771847 42.3042065510593 149.244601590959 0.899104267399526 2.41133977341038 8.50694229068464 0.0415 "aval"
15 "015_fs2" "6" 76 42.2254220853195 2.94436440664589 17.9933222352692 60.2975287863285 149.244601590959 1.02561936741035 3.43695914082073 8.50694229068464 0.0498 "aval"
15 "015_fs2" "7" 76 50.4140970915974 -21.3564314023117 25.6433826806662 85.9409114669947 149.244601590959 1.46167281279797 4.8986319536187 8.50694229068464 0.0581 "aval"
15 "015_fs2" "8" 76 55.595392655548 -39.0465475807731 18.4332860371795 104.374197504174 149.244601590959 1.05069730411923 5.94932925773793 8.50694229068464 0.0664 "aval"
15 "015_fs2" "9" 76 59.8180987190099 -61.0137615112291 22.3693928027745 126.743590306949 149.244601590959 1.27505538975814 7.22438464749608 8.50694229068464 0.0747 "aval"
15 "015_fs2" "10" 76 63.0842257907526 -77.7111887663864 17.0138667853619 143.757457092311 149.244601590959 0.969790406765627 8.1941750542617 8.50694229068464 0.083 "aval"
15 "015_fs2" "11" 76 86.4890823332351 -87.491110358711 25.3660043390007 169.123461431311 149.244601590959 1.44586224732304 9.64003730158474 8.50694229068464 0.0913 "aval"
15 "015_fs2" "12" 76 113.562786768546 -82.8132003714629 27.4748669459812 196.598328377292 149.244601590959 1.56606741592093 11.2061047175057 8.50694229068464 0.0996 "aval"
16 "016_fs1" "1" 76 130.37600128432 -4.21831135062763 0 0 88.6541702169147 0 0 5.05328770236414 0.0083 "aval"
16 "016_fs1" "2" 76 132.438324579378 -3.53810552709069 2.17160248105227 2.17160248105227 88.6541702169147 0.123781341419979 0.123781341419979 5.05328770236414 0.0166 "aval"
16 "016_fs1" "3" 76 130.586388597003 9.48723456960283 13.1563350336386 15.3279375146909 88.6541702169147 0.749911096917402 0.873692438337381 5.05328770236414 0.0249 "aval"
16 "016_fs1" "4" 76 121.402558416421 10.9894772333831 9.30588361235249 24.6338211270434 88.6541702169147 0.530435365904092 1.40412780424147 5.05328770236414 0.0332 "aval"
16 "016_fs1" "5" 76 109.626743300897 5.1340292098659 13.1512772456182 37.7850983726616 88.6541702169147 0.749622803000237 2.15375060724171 5.05328770236414 0.0415 "aval"
16 "016_fs1" "6" 76 96.9957451510074 -1.43537948794483 14.2372485017782 52.0223468744398 88.6541702169147 0.811523164601358 2.96527377184307 5.05328770236414 0.0498 "aval"
16 "016_fs1" "7" 76 85.8766059928753 -2.85664797018529 11.2096056896091 63.2319525640489 88.6541702169147 0.638947524307719 3.60422129615079 5.05328770236414 0.0581 "aval"
16 "016_fs1" "8" 76 73.7437288107128 -1.96644248374548 12.1654911337573 75.3974436978062 88.6541702169147 0.693432994624165 4.29765429077495 5.05328770236414 0.0664 "aval"
16 "016_fs1" "9" 76 62.6601448651953 1.27804894426396 11.5487037239579 86.9461474217641 88.6541702169147 0.658276112265602 4.95593040304055 5.05328770236414 0.0747 "aval"
16 "016_fs1" "10" 76 54.2114597516818 4.28882596838929 8.96911692622555 95.9152643479897 88.6541702169147 0.511239664794856 5.46717006783541 5.05328770236414 0.083 "aval"
16 "016_fs1" "11" 76 47.908399554115 6.84793022541351 6.80276285434604 102.718027202336 88.6541702169147 0.387757482697724 5.85492755053314 5.05328770236414 0.0913 "aval"
16 "016_fs1" "12" 76 42.9052616935682 10.2188494608534 6.03278417842835 108.750811380764 88.6541702169147 0.343868698170416 6.19879624870355 5.05328770236414 0.0996 "aval"
16 "016_fs2" "1" 76 118.636852385125 -0.922075614239418 0 0 76.8044564729489 0 0 4.37785401895809 0.0083 "aval"
16 "016_fs2" "2" 76 118.681491414662 -0.499621636139352 0.424805845734939 0.424805845734939 76.8044564729489 0.0242139332068915 0.0242139332068915 4.37785401895809 0.0166 "aval"
16 "016_fs2" "3" 76 123.096245782004 5.41994386847887 7.38453193421433 7.80933777994927 76.8044564729489 0.420918320250217 0.445132253457108 4.37785401895809 0.0249 "aval"
16 "016_fs2" "4" 76 114.137757225593 18.6655363924701 15.9906297101446 23.7999674900939 76.8044564729489 0.911465893478242 1.35659814693535 4.37785401895809 0.0332 "aval"
16 "016_fs2" "5" 76 103.667855378643 17.3320366177238 10.5544808652068 34.3544483553006 76.8044564729489 0.601605409316785 1.95820355625214 4.37785401895809 0.0415 "aval"
16 "016_fs2" "6" 76 92.2497310595487 6.39338022577755 15.8122663343165 50.1667146896171 76.8044564729489 0.901299181056041 2.85950273730818 4.37785401895809 0.0498 "aval"
16 "016_fs2" "7" 76 79.3813189464921 -5.28451880767301 17.3772654968187 67.5439801864359 76.8044564729489 0.990504133318668 3.85000687062685 4.37785401895809 0.0581 "aval"
16 "016_fs2" "8" 76 74.2732707212456 -11.1092531331271 7.74723735492641 75.2912175413623 76.8044564729489 0.441592529230805 4.29159939985765 4.37785401895809 0.0664 "aval"
16 "016_fs2" "9" 76 65.3124612255122 -15.7369136234938 10.0852044318857 85.376421973248 76.8044564729489 0.574856652617485 4.86645605247514 4.37785401895809 0.0747 "aval"
16 "016_fs2" "10" 76 56.1780295185405 -16.6535907024891 9.18031260232925 94.5567345755772 76.8044564729489 0.523277818332767 5.3897338708079 4.37785401895809 0.083 "aval"
16 "016_fs2" "11" 76 49.5614359231953 -17.7806603136146 6.71189963529594 101.268634210873 76.8044564729489 0.382578279211868 5.77231215001977 4.37785401895809 0.0913 "aval"
16 "016_fs2" "12" 76 44.0528558081773 -19.2565237574192 5.70286136850007 106.971495579373 76.8044564729489 0.325063098004504 6.09737524802428 4.37785401895809 0.0996 "aval"
16 "016_fs3" "1" 76 32.2872500553792 -2.72784370173906 0 0 38.2592768824733 0 0 2.18077878230098 0.0083 "aval"
16 "016_fs3" "2" 76 30.3454686659356 -3.16543613870328 1.99047785852488 1.99047785852488 38.2592768824733 0.113457237935918 0.113457237935918 2.18077878230098 0.0166 "aval"
16 "016_fs3" "3" 76 27.2999159325523 -4.63888567926261 3.38325952306248 5.37373738158736 38.2592768824733 0.192845792814562 0.30630303075048 2.18077878230098 0.0249 "aval"
16 "016_fs3" "4" 76 24.5307652614977 -0.892119286211653 4.65901854934043 10.0327559309278 38.2592768824733 0.265564057312405 0.571867088062884 2.18077878230098 0.0332 "aval"
16 "016_fs3" "5" 76 26.259337846989 3.01684035283733 4.27409974649938 14.3068556774272 38.2592768824733 0.243623685550464 0.815490773613349 2.18077878230098 0.0415 "aval"
16 "016_fs3" "6" 76 28.1799525050814 5.16855882311717 2.8842075237789 17.1910632012061 38.2592768824733 0.164399828855397 0.979890602468746 2.18077878230098 0.0498 "aval"
16 "016_fs3" "7" 76 28.687760673095 10.0152078183284 4.87317921056505 22.0642424117711 38.2592768824733 0.277771215002208 1.25766181747095 2.18077878230098 0.0581 "aval"
16 "016_fs3" "8" 76 31.21471351797 12.0380553963761 3.23688167906016 25.3011240908313 38.2592768824733 0.184502255706429 1.44216407317738 2.18077878230098 0.0664 "aval"
16 "016_fs3" "9" 76 33.2039798912128 14.8879792502268 3.4755210654608 28.7766451562921 38.2592768824733 0.198104700731266 1.64026877390865 2.18077878230098 0.0747 "aval"
16 "016_fs3" "10" 76 36.5537946613929 19.3871702556497 5.60927612957279 34.3859212858649 38.2592768824733 0.319728739385649 1.9599975132943 2.18077878230098 0.083 "aval"
16 "016_fs3" "11" 76 37.0770079834389 23.0355507800737 3.68570653082455 38.0716278166894 38.2592768824733 0.210085272256999 2.1700827855513 2.18077878230098 0.0913 "aval"
16 "016_fs3" "12" 76 40.1923561730861 25.4338948386022 3.93159618549732 42.0032240021867 38.2592768824733 0.224100982573347 2.39418376812464 2.18077878230098 0.0996 "aval"
16 "016_fs3" "13" 76 41.5232530404538 27.1932423196449 2.2060349114691 44.2092589136558 38.2592768824733 0.125743989953738 2.51992775807838 2.18077878230098 0.1079 "aval"
16 "016_fs3" "14" 76 44.0328577626445 27.4695488455875 2.52476952570335 46.7340284393592 38.2592768824733 0.143911862965091 2.66383962104347 2.18077878230098 0.1162 "aval"
16 "016_fs3" "15" 76 44.7580257735479 29.0624077082441 1.75016227829915 48.4841907176583 38.2592768824733 0.0997592498630515 2.76359887090652 2.18077878230098 0.1245 "aval"
16 "016_fs3" "16" 76 44.64617381773 31.4307184821007 2.37095060715856 50.8551413248169 38.2592768824733 0.135144184608038 2.89874305551456 2.18077878230098 0.1328 "aval"
16 "016_fs3" "17" 76 45.8353932308827 33.052319574381 2.01092837145034 52.8660696962672 38.2592768824733 0.114622917172669 3.01336597268723 2.18077878230098 0.1411 "aval"
17 "017_fs1" "1" 76 79.6212938225779 20.0202435739768 0 0 83.9808035987868 0 0 4.78690580513085 0.0083 "amont"
17 "017_fs1" "2" 76 83.2290918970052 23.1453936840395 4.77313001669411 4.77313001669411 83.9808035987868 0.272068410951564 0.272068410951564 4.78690580513085 0.0166 "amont"
17 "017_fs1" "3" 76 84.8250660969784 25.6611573954368 2.97929533590807 7.75242535260218 83.9808035987868 0.16981983414676 0.441888245098324 4.78690580513085 0.0249 "amont"
17 "017_fs1" "4" 76 82.3452399699077 32.4354187257348 7.21388620589993 14.9663115585021 83.9808035987868 0.411191513736296 0.853079758834621 4.78690580513085 0.0332 "amont"
17 "017_fs1" "5" 76 72.2538655875231 34.3180446221995 10.265481829485 25.2317933879872 83.9808035987868 0.585132464280648 1.43821222311527 4.78690580513085 0.0415 "amont"
17 "017_fs1" "6" 76 63.1164970424072 27.9883580847335 11.1155942527537 36.3473876407409 83.9808035987868 0.633588872406963 2.07180109552223 4.78690580513085 0.0498 "amont"
17 "017_fs1" "7" 76 58.3464855388418 20.043755720578 9.26659141587085 45.6139790566117 83.9808035987868 0.528195710704639 2.59999680622687 4.78690580513085 0.0581 "amont"
17 "017_fs1" "8" 76 50.8993415932968 8.30888644842776 13.8984571007045 59.5124361573162 83.9808035987868 0.792212054740157 3.39220886096703 4.78690580513085 0.0664 "amont"
17 "017_fs1" "9" 76 47.2601589055653 1.06876126049838 8.10327485474695 67.6157110120632 83.9808035987868 0.461886666720576 3.8540955276876 4.78690580513085 0.0747 "amont"
17 "017_fs1" "10" 76 41.8736444546659 -6.63831066560863 9.40284508029005 77.0185560923533 83.9808035987868 0.535962169576533 4.39005769726414 4.78690580513085 0.083 "amont"
17 "017_fs1" "11" 76 37.1687319958751 -14.0941883832327 8.81625281993705 85.8348089122903 83.9808035987868 0.502526410736412 4.89258410800055 4.78690580513085 0.0913 "amont"
17 "017_fs1" "12" 76 35.4990534580028 -21.6093869535293 7.69844373693927 93.5332526492296 83.9808035987868 0.438811293005538 5.33139540100609 4.78690580513085 0.0996 "amont"
17 "017_fs1" "13" 76 30.2494116639476 -29.2488746835774 9.26933178516373 102.802584434393 83.9808035987868 0.528351911754332 5.85974731276042 4.78690580513085 0.1079 "amont"
17 "017_fs1" "14" 76 27.0763588693277 -35.6893338743221 7.17967817002218 109.982262604415 83.9808035987868 0.409241655691264 6.26898896845168 4.78690580513085 0.1162 "amont"
17 "017_fs1" "15" 76 24.2512433552515 -43.1219205031574 7.95139117783896 117.933653782254 83.9808035987868 0.453229297136821 6.7222182655885 4.78690580513085 0.1245 "amont"
17 "017_fs2" "1" 76 52.9134879356906 27.6520928573224 0 0 105.834941119918 0 0 6.03259164383532 0.0083 "amont"
17 "017_fs2" "2" 76 54.8427323653199 29.5890481119575 2.73382145132307 2.73382145132307 105.834941119918 0.155827822725415 0.155827822725415 6.03259164383532 0.0166 "amont"
17 "017_fs2" "3" 76 45.7647712004922 34.1868930019289 10.1759302543972 12.9097517057203 105.834941119918 0.58002802450064 0.735855847226055 6.03259164383532 0.0249 "amont"
17 "017_fs2" "4" 76 35.5909380234302 29.3865619681857 11.2494470774437 24.1591987831639 105.834941119918 0.641218483414288 1.37707433064034 6.03259164383532 0.0332 "amont"
17 "017_fs2" "5" 76 37.6762500095419 15.4662556385366 14.0756333566447 38.2348321398087 105.834941119918 0.80231110132875 2.17938543196909 6.03259164383532 0.0415 "amont"
17 "017_fs2" "6" 76 46.4064420163407 3.14475219272336 15.1008509575044 53.335683097313 105.834941119918 0.86074850457775 3.04013393654684 6.03259164383532 0.0498 "amont"
17 "017_fs2" "7" 76 60.0412712164576 -12.8807951432732 21.0410725661651 74.3767556634782 105.834941119918 1.19934113627141 4.23947507281826 6.03259164383532 0.0581 "amont"
17 "017_fs2" "8" 76 66.6365023112754 -27.4468002290313 15.9895458769904 90.3663015404686 105.834941119918 0.911404114988456 5.15087918780671 6.03259164383532 0.0664 "amont"
17 "017_fs2" "9" 76 72.0770928100377 -40.4962850969438 14.1382134760054 104.504515016474 105.834941119918 0.805878168132307 5.95675735593902 6.03259164383532 0.0747 "amont"
17 "017_fs2" "10" 76 76.4043079319249 -58.265515482545 18.288530263738 122.793045280212 105.834941119918 1.04244622503307 6.99920358097209 6.03259164383532 0.083 "amont"
17 "017_fs2" "11" 76 80.5032932975299 -74.5234296612942 16.7666769060246 139.559722186237 105.834941119918 0.955700583643402 7.95490416461549 6.03259164383532 0.0913 "amont"
18 "018_fs1" "1" 76 204.173528129935 28.7071084564271 0 0 167.347999494303 0 0 9.53883597117526 0.0083 "amont"
18 "018_fs1" "2" 76 211.870249758037 28.9811325309767 7.70159808182211 7.70159808182211 167.347999494303 0.43899109066386 0.43899109066386 9.53883597117526 0.0166 "amont"
18 "018_fs1" "3" 76 219.269727325439 11.8293906376446 18.6797890310884 26.3813871129105 167.347999494303 1.06474797477204 1.5037390654359 9.53883597117526 0.0249 "amont"
18 "018_fs1" "4" 76 214.135483655304 -5.33990215914457 17.920521008224 44.3019081211345 167.347999494303 1.02146969746877 2.52520876290466 9.53883597117526 0.0332 "amont"
18 "018_fs1" "5" 76 196.521797627585 -10.9509074988076 18.4858139232437 62.7877220443782 167.347999494303 1.05369139362489 3.57890015652956 9.53883597117526 0.0415 "amont"
18 "018_fs1" "6" 76 173.78747815123 -9.86763050622244 22.7601136002358 85.547835644614 167.347999494303 1.29732647521344 4.876226631743 9.53883597117526 0.0498 "amont"
18 "018_fs1" "7" 76 144.494832657002 -17.3185871464246 30.2254170344214 115.773252679035 167.347999494303 1.72284877096202 6.59907540270501 9.53883597117526 0.0581 "amont"
18 "018_fs1" "8" 76 124.800668483041 -28.9543641258055 22.8746892530766 138.647941932112 167.347999494303 1.30385728742537 7.90293269013038 9.53883597117526 0.0664 "amont"
18 "018_fs1" "9" 76 102.92019530803 -41.1754405227152 25.0621191175343 163.710061049646 167.347999494303 1.42854078969946 9.33147347982984 9.53883597117526 0.0747 "amont"
18 "018_fs1" "10" 76 82.1966463865007 -51.5946084364968 23.1953559989623 186.905417048609 167.347999494303 1.32213529194085 10.6536087717707 9.53883597117526 0.083 "amont"
18 "018_fs1" "11" 76 62.0793469007242 -59.6930985317094 21.686200230162 208.591617278771 167.347999494303 1.23611341311924 11.8897221848899 9.53883597117526 0.0913 "amont"
18 "018_fs2" "1" 76 123.692679503514 -6.98515055674619 0 0 113.238818518663 0 0 6.45461265556377 0.0083 "amont"
18 "018_fs2" "2" 76 125.35073898538 -7.01241734732233 1.65828366791514 1.65828366791514 113.238818518663 0.0945221690711629 0.0945221690711629 6.45461265556377 0.0166 "amont"
18 "018_fs2" "3" 76 130.203364416118 -15.2330542042598 9.54603812608581 11.204321794001 113.238818518663 0.544124173186891 0.638646342258054 6.45461265556377 0.0249 "amont"
18 "018_fs2" "4" 76 126.232721794088 -27.0621661563202 12.4777358685885 23.6820576625894 113.238818518663 0.711230944509543 1.3498772867676 6.45461265556377 0.0332 "amont"
18 "018_fs2" "5" 76 119.248993458152 -29.717476565497 7.47148812749094 31.1535457900804 113.238818518663 0.425874823266983 1.77575211003458 6.45461265556377 0.0415 "amont"
18 "018_fs2" "6" 76 105.455387734575 -16.3374003248199 19.2169196039279 50.3704653940083 113.238818518663 1.09536441742389 2.87111652745847 6.45461265556377 0.0498 "amont"
18 "018_fs2" "7" 76 85.3489820224551 -3.49131093597856 23.8597896731398 74.2302550671481 113.238818518663 1.36000801136897 4.23112453882744 6.45461265556377 0.0581 "amont"
18 "018_fs2" "8" 76 69.4115761078193 3.06962481362635 17.2350452624387 91.4653003295868 113.238818518663 0.982397579959008 5.21352211878645 6.45461265556377 0.0664 "amont"
18 "018_fs2" "9" 76 52.3722868160446 9.8668884229057 18.3450312657902 109.810331595377 113.238818518663 1.04566678215004 6.25918890093649 6.45461265556377 0.0747 "amont"
18 "018_fs2" "10" 76 42.2964949411441 13.2985554218619 10.6441495807808 120.454481176158 113.238818518663 0.606716526104506 6.865905427041 6.45461265556377 0.083 "amont"
18 "018_fs2" "11" 76 33.658712568911 17.5803740459824 9.64081194920459 130.095293125362 113.238818518663 0.549526281104662 7.41543170814566 6.45461265556377 0.0913 "amont"
18 "018_fs2" "12" 76 23.0999546190707 15.9424204892623 10.6850484929778 140.78034161834 113.238818518663 0.609047764099736 8.02447947224539 6.45461265556377 0.0996 "amont"
18 "018_fs2" "13" 76 15.4917383976943 13.144175834175 8.10648673723331 148.886828355574 113.238818518663 0.462069744022299 8.4865492162677 6.45461265556377 0.1079 "amont"
18 "018_fs2" "14" 76 11.4139981884261 7.72973108217838 6.77821342144863 155.665041777022 113.238818518663 0.386358165022572 8.87290738129027 6.45461265556377 0.1162 "amont"
18 "018_fs3" "1" 76 43.9447726471856 21.6308549955441 0 0 80.168155791818 0 0 4.56958488013363 0.0083 "amont"
18 "018_fs3" "2" 76 39.9602074773991 23.5892329955901 4.43982026475621 4.43982026475621 80.168155791818 0.253069755091104 0.253069755091104 4.56958488013363 0.0166 "amont"
18 "018_fs3" "3" 76 30.1448268027995 18.701050265164 10.9652190216766 15.4050392864328 80.168155791818 0.625017484235569 0.878087239326672 4.56958488013363 0.0249 "amont"
18 "018_fs3" "4" 76 28.7871824612969 8.4164550426043 10.3738178627693 25.7788571492022 80.168155791818 0.591307618177851 1.46939485750452 4.56958488013363 0.0332 "amont"
18 "018_fs3" "5" 76 44.2184221810541 -7.29059704312303 22.0189610225452 47.7978181717473 80.168155791818 1.25508077828508 2.7244756357896 4.56958488013363 0.0415 "amont"
18 "018_fs3" "6" 76 47.3867472019014 -10.6916578573656 4.64817147918441 52.4459896509318 80.168155791818 0.264945774313511 2.98942141010311 4.56958488013363 0.0498 "amont"
18 "018_fs3" "7" 76 61.3473144915897 -19.7915121875897 16.6644768259077 69.1104664768394 80.168155791818 0.949875179076736 3.93929658917985 4.56958488013363 0.0581 "amont"
18 "018_fs3" "8" 76 68.9168158843735 -24.427300979093 8.87625422432141 77.9867207011608 80.168155791818 0.50594649078632 4.44524307996617 4.56958488013363 0.0664 "amont"
18 "018_fs3" "9" 76 74.4863162051052 -28.3532258094571 6.81411913575774 84.8008398369186 80.168155791818 0.388404790738191 4.83364787070436 4.56958488013363 0.0747 "amont"
18 "018_fs3" "10" 76 81.8342226229681 -31.0765844792864 7.83635190443903 92.6371917413576 80.168155791818 0.446672058553025 5.28031992925738 4.56958488013363 0.083 "amont"
18 "018_fs3" "11" 76 84.7602440588585 -32.8549000696205 3.42403384652013 96.0612255878777 80.168155791818 0.195169929251648 5.47548985850903 4.56958488013363 0.0913 "amont"
18 "018_fs3" "12" 76 91.6216468585176 -36.6101837553448 7.82182868256757 103.883054270445 80.168155791818 0.445844234906351 5.92133409341538 4.56958488013363 0.0996 "amont"
18 "018_fs3" "13" 76 96.4596536085421 -38.9424103999731 5.37080910433399 109.253863374779 80.168155791818 0.306136118947037 6.22747021236242 4.56958488013363 0.1079 "amont"
19 "019_fs1" "1" 76 66.314221706244 5.46555707195677 0 0 87.2644829915843 0 0 4.9740755305203 0.0083 "amont"
19 "019_fs1" "2" 76 65.2711137833464 9.78147267124041 4.44018035657918 4.44018035657918 87.2644829915843 0.253090280325013 0.253090280325013 4.9740755305203 0.0166 "amont"
19 "019_fs1" "3" 76 66.9818120998477 16.8980868440495 7.31933644633908 11.7595168029183 87.2644829915843 0.417202177441328 0.670292457766341 4.9740755305203 0.0249 "amont"
19 "019_fs1" "4" 76 71.4819346338687 22.7081688139144 7.34902410648875 19.108540909407 87.2644829915843 0.418894374069859 1.0891868318362 4.9740755305203 0.0332 "amont"
19 "019_fs1" "5" 76 83.7755469082409 23.9744819474255 12.3586589767943 31.4671998862013 87.2644829915843 0.704443561677273 1.79363039351347 4.9740755305203 0.0415 "amont"
19 "019_fs1" "6" 76 90.6900274243201 22.547097646012 7.0602738439214 38.5274737301227 87.2644829915843 0.40243560910352 2.19606600261699 4.9740755305203 0.0498 "amont"
19 "019_fs1" "7" 76 100.07070283781 17.7617537461927 10.5307448669499 49.0582185970726 87.2644829915843 0.600252457416144 2.79631846003314 4.9740755305203 0.0581 "amont"
19 "019_fs1" "8" 76 105.96861278633 13.0430499234889 7.55324483432456 56.6114634313971 87.2644829915843 0.4305349555565 3.22685341558964 4.9740755305203 0.0664 "amont"
19 "019_fs1" "9" 76 115.159817694647 6.72660627375819 11.1523857558324 67.7638491872296 87.2644829915843 0.635685988082448 3.86253940367209 4.9740755305203 0.0747 "amont"
19 "019_fs1" "10" 76 121.519417450663 2.42023001238772 7.68045477567662 75.4443039629062 87.2644829915843 0.437785922213567 4.30032532588565 4.9740755305203 0.083 "amont"
19 "019_fs1" "11" 76 128.7700001261 -3.58445815533833 9.41420358421128 84.8585075471175 87.2644829915843 0.536609604300043 4.83693493018569 4.9740755305203 0.0913 "amont"
19 "019_fs1" "12" 76 135.182042346936 -10.0875640109393 9.13261579236392 93.9911233394814 87.2644829915843 0.520559100164743 5.35749403035044 4.9740755305203 0.0996 "amont"
19 "019_fs1" "13" 76 142.195902340275 -17.0971431899292 9.91606939632284 103.907192735804 87.2644829915843 0.565215955590402 5.92270998594084 4.9740755305203 0.1079 "amont"
19 "019_fs1" "14" 76 147.646739889027 -26.1589820999549 10.5749020995062 114.48209483531 87.2644829915843 0.602769419671853 6.52547940561269 4.9740755305203 0.1162 "amont"
19 "019_fs2" "1" 76 66.0911820197488 24.591524902287 0 0 106.581563256138 0 0 6.07514910559986 0.0083 "amont"
19 "019_fs2" "2" 76 63.8105289950011 27.7585798377023 3.90277019349452 3.90277019349452 106.581563256138 0.222457901029188 0.222457901029188 6.07514910559986 0.0166 "amont"
19 "019_fs2" "3" 76 58.2766859131638 34.1717118449827 8.470636422206 12.3734066157005 106.581563256138 0.482826276065742 0.70528417709493 6.07514910559986 0.0249 "amont"
19 "019_fs2" "4" 76 43.2640993138648 27.3930975557303 16.4720177295894 28.84542434529 106.581563256138 0.938905010586598 1.64418918768153 6.07514910559986 0.0332 "amont"
19 "019_fs2" "5" 76 44.911897662795 22.7636301381084 4.91398086784634 33.7594052131363 106.581563256138 0.280096909467241 1.92428609714877 6.07514910559986 0.0415 "amont"
19 "019_fs2" "6" 76 51.1996514082099 8.48644086397047 15.6004480939663 49.3598533071027 106.581563256138 0.889225541356082 2.81351163850485 6.07514910559986 0.0498 "amont"
19 "019_fs2" "7" 76 57.3386749483062 -5.7023267852752 15.4599074198437 64.8197607269463 106.581563256138 0.881214722931088 3.69472636143594 6.07514910559986 0.0581 "amont"
19 "019_fs2" "8" 76 61.2741509818739 -25.1364415817959 19.8285851622129 84.6483458891592 106.581563256138 1.13022935424614 4.82495571568208 6.07514910559986 0.0664 "amont"
19 "019_fs2" "9" 76 63.1606301989164 -44.658564448967 19.6130590443525 104.261404933512 106.581563256138 1.11794436552809 5.94290008121017 6.07514910559986 0.0747 "amont"
19 "019_fs2" "10" 76 63.6047506626614 -60.2274150049387 15.5751838069571 119.836588740469 106.581563256138 0.887785476996552 6.83068555820672 6.07514910559986 0.083 "amont"
19 "019_fs2" "11" 76 63.3475048454899 -70.9529184433895 10.728587950829 130.565176691298 106.581563256138 0.611529513197251 7.44221507140397 6.07514910559986 0.0913 "amont"
19 "019_fs2" "12" 76 61.8750892855778 -81.9066168100405 11.0522176728765 141.617394364174 106.581563256138 0.629976407353961 8.07219147875793 6.07514910559986 0.0996 "amont"
19 "019_fs3" "1" 76 149.166469647538 19.0098966271256 0 0 112.234649921109 0 0 6.39737504550321 0.0083 "amont"
19 "019_fs3" "2" 76 151.922481628644 24.5814142743711 6.2158998490619 6.2158998490619 112.234649921109 0.354306291396528 0.354306291396528 6.39737504550321 0.0166 "amont"
19 "019_fs3" "3" 76 154.686613106873 32.900415035098 8.7661962381589 14.9820960872208 112.234649921109 0.499673185575058 0.853979476971586 6.39737504550321 0.0249 "amont"
19 "019_fs3" "4" 76 141.704486475484 34.2706157603556 13.0542354008542 28.036331488075 112.234649921109 0.744091417848692 1.59807089482028 6.39737504550321 0.0332 "amont"
19 "019_fs3" "5" 76 130.496728967071 19.1193118751882 18.8461093541366 46.8824408422117 112.234649921109 1.07422823318579 2.67229912800607 6.39737504550321 0.0415 "amont"
19 "019_fs3" "6" 76 121.768082480314 4.82437878109806 16.7491606253952 63.6316014676069 112.234649921109 0.954702155647526 3.62700128365359 6.39737504550321 0.0498 "amont"
19 "019_fs3" "7" 76 108.041557128889 -5.81713278017077 17.3683409262926 80.9999423938995 112.234649921109 0.98999543279868 4.61699671645227 6.39737504550321 0.0581 "amont"
19 "019_fs3" "8" 76 92.6685063839007 -17.812510627572 19.4992250848568 100.499167478756 112.234649921109 1.11145582983684 5.72845254628911 6.39737504550321 0.0664 "amont"
19 "019_fs3" "9" 76 78.3811804086448 -27.4315880201736 17.2236562148715 117.722823693628 112.234649921109 0.981748404247675 6.71020095053679 6.39737504550321 0.0747 "amont"
19 "019_fs3" "10" 76 66.2207500253811 -35.6164096571288 14.6583550350977 132.381178728725 112.234649921109 0.835526237000567 7.54572718753735 6.39737504550321 0.083 "amont"
19 "019_fs3" "11" 76 55.6266749462665 -43.0136751029663 12.9210666300464 145.302245358772 112.234649921109 0.736500797912644 8.28222798545 6.39737504550321 0.0913 "amont"
20 "020_fs1" "1" 76 80.2291654443424 -23.2327023322754 0 0 97.6481232518481 0 0 5.56594302535534 0.0083 "amont"
20 "020_fs1" "2" 76 76.5636784640498 -24.817810220221 3.99354001095794 3.99354001095794 97.6481232518481 0.227631780624602 0.227631780624602 5.56594302535534 0.0166 "amont"
20 "020_fs1" "3" 76 79.2240031625062 -34.4807509934588 10.0224623665204 14.0160023774784 97.6481232518481 0.571280354891666 0.798912135516268 5.56594302535534 0.0249 "amont"
20 "020_fs1" "4" 76 92.1583557896186 -36.6641664116638 13.1173465598399 27.1333489373183 97.6481232518481 0.747688753910877 1.54660088942714 5.56594302535534 0.0332 "amont"
20 "020_fs1" "5" 76 98.0451494997038 -17.2583169808668 20.2790860818692 47.4124350191876 97.6481232518481 1.15590790666655 2.70250879609369 5.56594302535534 0.0415 "amont"
20 "020_fs1" "6" 76 98.3303951354596 -3.73953308321796 13.5217928968036 60.9342279159911 97.6481232518481 0.770742195117803 3.47325099121149 5.56594302535534 0.0498 "amont"
20 "020_fs1" "7" 76 99.7464074387152 9.94011169556273 13.7527368954908 74.6869648114819 97.6481232518481 0.783906003042974 4.25715699425447 5.56594302535534 0.0581 "amont"
20 "020_fs1" "8" 76 105.812191103703 35.5009821771706 26.2707409725719 100.957705784054 97.6481232518481 1.4974322354366 5.75458922969106 5.56594302535534 0.0664 "amont"
20 "020_fs1" "9" 76 112.03006408465 52.5280079642549 18.1268185725246 119.084524356578 97.6481232518481 1.0332286586339 6.78781788832497 5.56594302535534 0.0747 "amont"
20 "020_fs1" "10" 76 117.754419762963 66.9172353434156 15.4860618783803 134.570586234959 97.6481232518481 0.882705527067675 7.67052341539264 5.56594302535534 0.083 "amont"
20 "020_fs2" "1" 76 128.659172845501 -3.898676442496 0 0 75.6901148877494 0 0 4.31433654860171 0.0083 "amont"
20 "020_fs2" "2" 76 129.151564969619 1.89561856745317 5.8151788163577 5.8151788163577 75.6901148877494 0.331465192532389 0.331465192532389 4.31433654860171 0.0166 "amont"
20 "020_fs2" "3" 76 115.920299024096 10.6989738099793 15.8923082668085 21.7074870831662 75.6901148877494 0.905861571208083 1.23732676374047 4.31433654860171 0.0249 "amont"
20 "020_fs2" "4" 76 101.00120883964 8.12826980780127 15.1389488075872 36.8464358907533 75.6901148877494 0.862920082032469 2.10024684577294 4.31433654860171 0.0332 "amont"
20 "020_fs2" "5" 76 89.5018329580985 0.684887471565787 13.6981599592194 50.5445958499727 75.6901148877494 0.780795117675504 2.88104196344844 4.31433654860171 0.0415 "amont"
20 "020_fs2" "6" 76 76.01540422016 -5.04792403518854 14.6543129445044 65.1989087944771 75.6901148877494 0.835295837836749 3.71633780128519 4.31433654860171 0.0498 "amont"
20 "020_fs2" "7" 76 63.7999656042492 -8.17984919886143 12.6105470067691 77.8094558012461 75.6901148877494 0.718801179385836 4.43513898067103 4.31433654860171 0.0581 "amont"
20 "020_fs2" "8" 76 53.2149390118051 -9.99466471080117 10.7394759325177 88.5489317337638 75.6901148877494 0.612150128153506 5.04728910882454 4.31433654860171 0.0664 "amont"
20 "020_fs3" "1" 76 49.5482696675984 -5.58861641377661 0 0 68.9654295040816 0 0 3.93102948173265 0.0083 "amont"
20 "020_fs3" "2" 76 46.1378438234509 -7.32826138565875 3.82849436027062 3.82849436027062 68.9654295040816 0.218224178535426 0.218224178535426 3.93102948173265 0.0166 "amont"
20 "020_fs3" "3" 76 37.2540806525101 -13.3891147598427 10.7543103777379 14.5828047380085 68.9654295040816 0.61299569153106 0.831219870066486 3.93102948173265 0.0249 "amont"
20 "020_fs3" "4" 76 23.9107711982492 -5.8935896226522 15.3044700749298 29.8872748129384 68.9654295040816 0.872354794271001 1.70357466433749 3.93102948173265 0.0332 "amont"
20 "020_fs3" "5" 76 22.5548122198947 9.47699159938523 15.430275171047 45.3175499839854 68.9654295040816 0.87952568474968 2.58310034908717 3.93102948173265 0.0415 "amont"
20 "020_fs3" "6" 76 39.08924113596 19.2298248128481 19.1964865345209 64.5140365185062 68.9654295040816 1.09419973246769 3.67730008155486 3.93102948173265 0.0498 "amont"
20 "020_fs3" "7" 76 55.5063489804663 19.9849089340381 16.4344632406484 80.9484997591546 68.9654295040816 0.936764404716959 4.61406448627181 3.93102948173265 0.0581 "amont"
20 "020_fs3" "8" 76 76.0979951292745 21.5853762060313 20.6537499405422 101.602249699697 68.9654295040816 1.17726374661091 5.79132823288272 3.93102948173265 0.0664 "amont"
20 "020_fs3" "9" 76 91.9509820247636 23.4395708787577 15.9610535802909 117.563303279988 68.9654295040816 0.90978005407658 6.7011082869593 3.93102948173265 0.0747 "amont"
20 "020_fs3" "10" 76 110.81401603588 26.0774346286226 19.0465843989778 136.609887678966 68.9654295040816 1.08565531074174 7.78676359770104 3.93102948173265 0.083 "amont"
21 "021_fs1" "1" 76 95.8368164864244 7.11694528698601 0 0 67.5164911063271 0 0 3.84843999306065 0.0083 "amont"
21 "021_fs1" "2" 76 96.3380122981491 8.28412477087014 1.27023824115416 1.27023824115416 67.5164911063271 0.0724035797457869 0.0724035797457869 3.84843999306065 0.0166 "amont"
21 "021_fs1" "3" 76 90.8657026297361 15.7714051630244 9.27391722939902 10.5441554705532 67.5164911063271 0.528613282075744 0.601016861821531 3.84843999306065 0.0249 "amont"
21 "021_fs1" "4" 76 84.4193138963218 10.3466694039283 8.4251816454191 18.9693371159723 67.5164911063271 0.480235353788889 1.08125221561042 3.84843999306065 0.0332 "amont"
21 "021_fs1" "5" 76 79.5604688020375 2.57629521934464 9.16444709836304 28.1337842143353 67.5164911063271 0.522373484606693 1.60362570021711 3.84843999306065 0.0415 "amont"
21 "021_fs1" "6" 76 70.8147774693199 -6.61307668414204 12.6858847885263 40.8196690028616 67.5164911063271 0.723095432945997 2.32672113316311 3.84843999306065 0.0498 "amont"
21 "021_fs1" "7" 76 65.2835070980619 -11.5236018432307 7.39649979774213 48.2161688006037 67.5164911063271 0.421600488471301 2.74832162163441 3.84843999306065 0.0581 "amont"
21 "021_fs1" "8" 76 54.6893185321803 -14.2528368183154 10.9400893469241 59.1562581475278 67.5164911063271 0.623585092774673 3.37190671440908 3.84843999306065 0.0664 "amont"
21 "021_fs1" "9" 76 46.8970291098476 -14.990576317147 7.82713446987685 66.9833926174046 67.5164911063271 0.446146664782981 3.81805337919207 3.84843999306065 0.0747 "amont"
21 "021_fs1" "10" 76 40.5333352773886 -13.0482163229161 6.65352249116702 73.6369151085717 67.5164911063271 0.37925078199652 4.19730416118859 3.84843999306065 0.083 "amont"
21 "021_fs1" "11" 76 35.3943377876691 -9.51637238449786 6.23564084955869 79.8725559581304 67.5164911063271 0.355431528424845 4.55273568961343 3.84843999306065 0.0913 "amont"
21 "021_fs1" "12" 76 32.5397623105566 -7.8947214188714 3.28304020822915 83.1555961663595 67.5164911063271 0.187133291869062 4.73986898148249 3.84843999306065 0.0996 "amont"
21 "021_fs1" "13" 76 28.9260739303098 -1.90686221872366 6.99379735982711 90.1493935261866 67.5164911063271 0.398646449510145 5.13851543099264 3.84843999306065 0.1079 "amont"
21 "021_fs2" "1" 76 25.282061637945 6.88963952601142 0 0 55.9628405538243 0 0 3.18988191156799 0.0083 "amont"
21 "021_fs2" "2" 76 25.1292194570386 8.05372446250664 1.17407600760739 1.17407600760739 55.9628405538243 0.0669223324336211 0.0669223324336211 3.18988191156799 0.0166 "amont"
21 "021_fs2" "3" 76 22.7187288162472 17.4783952543647 9.72804629225444 10.9021222998618 55.9628405538243 0.554498638658503 0.621420971092124 3.18988191156799 0.0249 "amont"
21 "021_fs2" "4" 76 30.403533295082 25.2407370526215 10.9229194847753 21.8250417846371 55.9628405538243 0.622606410632192 1.24402738172432 3.18988191156799 0.0332 "amont"
21 "021_fs2" "5" 76 43.4318311660611 20.8245646772725 13.7564211866224 35.5814629712596 55.9628405538243 0.784116007637478 2.02814338936179 3.18988191156799 0.0415 "amont"
21 "021_fs2" "6" 76 49.441892153488 8.48002665415032 13.7298380207816 49.3113009920412 55.9628405538243 0.782600767184551 2.81074415654635 3.18988191156799 0.0498 "amont"
21 "021_fs2" "7" 76 53.7422932158761 -1.52686229720609 10.8917985558937 60.2030995479348 55.9628405538243 0.62083251768594 3.43157667423229 3.18988191156799 0.0581 "amont"
21 "021_fs2" "8" 76 58.6990875158562 -11.3891351738441 11.0378546840219 71.2409542319568 55.9628405538243 0.62915771698925 4.06073439122154 3.18988191156799 0.0664 "amont"
21 "021_fs2" "9" 76 62.4525557859732 -19.9301415491928 9.32937907679403 80.5703333087508 55.9628405538243 0.53177460737726 4.5925089985988 3.18988191156799 0.0747 "amont"
21 "021_fs2" "10" 76 65.9581887030673 -31.5459196586133 12.1332503162469 92.7035836249977 55.9628405538243 0.691595268026075 5.28410426662487 3.18988191156799 0.083 "amont"
21 "021_fs3" "1" 76 46.565322709119 25.2176019879548 0 0 94.6305306104769 0 0 5.39394024479718 0.0083 "amont"
21 "021_fs3" "2" 76 51.5649130863702 27.1468007209008 5.35889090125029 5.35889090125029 94.6305306104769 0.305456781371267 0.305456781371267 5.39394024479718 0.0166 "amont"
21 "021_fs3" "3" 76 50.0397297642724 36.89548962401 9.86727518090023 15.2261660821505 94.6305306104769 0.562434685311313 0.86789146668258 5.39394024479718 0.0249 "amont"
21 "021_fs3" "4" 76 40.9202995361237 38.0510559457313 9.19235232190155 24.4185184040521 94.6305306104769 0.523964082348388 1.39185554903097 5.39394024479718 0.0332 "amont"
21 "021_fs3" "5" 76 32.7453840521748 22.2605747188461 17.7811287759332 42.1996471799853 94.6305306104769 1.0135243402282 2.40537988925916 5.39394024479718 0.0415 "amont"
21 "021_fs3" "6" 76 30.9804815314048 7.59191041966042 14.7744574597521 56.9741046397374 94.6305306104769 0.842144075205871 3.24752396446503 5.39394024479718 0.0498 "amont"
21 "021_fs3" "7" 76 22.6233458708147 -7.56803358105327 17.3108526235504 74.2849572632878 94.6305306104769 0.986718599542373 4.23424256400741 5.39394024479718 0.0581 "amont"
21 "021_fs3" "8" 76 15.0857553546499 -21.5153195983959 15.8537710983519 90.1387283616398 94.6305306104769 0.90366495260606 5.13790751661347 5.39394024479718 0.0664 "amont"
21 "021_fs3" "9" 76 9.21577133820301 -34.7851303942163 14.510154751422 104.648883113062 94.6305306104769 0.827078820831052 5.96498633744452 5.39394024479718 0.0747 "amont"
21 "021_fs3" "10" 76 5.75710934706467 -48.6908451462573 14.3293839900421 118.978267103104 94.6305306104769 0.816774887432401 6.78176122487692 5.39394024479718 0.083 "amont"
21 "021_fs3" "11" 76 4.00019915897656 -59.2995417213632 10.7531937782071 129.731460881311 94.6305306104769 0.612932045357803 7.39469327023472 5.39394024479718 0.0913 "amont"
22 "022_fs1" "1" 76 103.561883489626 10.7428053007976 0 0 59.7957761930146 0 0 3.40835924300183 0.0083 "amont"
22 "022_fs1" "2" 76 105.163236760193 13.9427558044551 3.5782699063952 3.5782699063952 59.7957761930146 0.203961384664526 0.203961384664526 3.40835924300183 0.0166 "amont"
22 "022_fs1" "3" 76 100.920085927578 24.2462102632294 11.1429575415308 14.721227447926 59.7957761930146 0.635148579867254 0.83910996453178 3.40835924300183 0.0249 "amont"
22 "022_fs1" "4" 76 97.9003927883773 26.1993548876783 3.59629261586837 18.3175200637943 59.7957761930146 0.204988679104497 1.04409864363628 3.40835924300183 0.0332 "amont"
22 "022_fs1" "5" 76 87.8115854786612 16.9551810055477 13.6835223424251 32.0010424062194 59.7957761930146 0.77996077351823 1.82405941715451 3.40835924300183 0.0415 "amont"
22 "022_fs1" "6" 76 84.2049382981563 6.85941426191425 10.7206534328136 42.7216958390331 59.7957761930146 0.611077245670378 2.43513666282489 3.40835924300183 0.0498 "amont"
22 "022_fs1" "7" 76 81.9427879672356 -3.68508754345362 10.7844259208866 53.5061217599197 59.7957761930146 0.614712277490537 3.04984894031542 3.40835924300183 0.0581 "amont"
22 "022_fs1" "8" 76 77.9556703762006 -13.3025986128222 10.4112259534681 63.9173477133878 59.7957761930146 0.593439879347682 3.6432888196631 3.40835924300183 0.0664 "amont"
22 "022_fs1" "9" 76 77.2679097735488 -20.865909809434 7.59451716064645 71.5118648740342 59.7957761930146 0.432887478156848 4.07617629781995 3.40835924300183 0.0747 "amont"
22 "022_fs1" "10" 76 71.1026952357378 -26.3306845132599 8.23854555493939 79.7504104289736 59.7957761930146 0.469597096631545 4.5457733944515 3.40835924300183 0.083 "amont"
22 "022_fs1" "11" 76 68.9427797000027 -31.1210035934287 5.25474947179588 85.0051599007695 59.7957761930146 0.299520719892365 4.84529411434386 3.40835924300183 0.0913 "amont"
22 "022_fs1" "12" 76 65.3686732852968 -35.2660367278062 5.47316511250385 90.4783250132734 59.7957761930146 0.31197041141272 5.15726452575658 3.40835924300183 0.0996 "amont"
22 "022_fs2" "1" 76 58.8733418464262 -19.1278719370097 0 0 110.509837833232 0 0 6.29906075649423 0.0083 "amont"
22 "022_fs2" "2" 76 54.847129542837 -23.7646317955661 6.14084094399887 6.14084094399887 110.509837833232 0.350027933807936 0.350027933807936 6.29906075649423 0.0166 "amont"
22 "022_fs2" "3" 76 42.5252783293474 -22.7486729951536 12.3636640851938 18.5045050291927 110.509837833232 0.704728852856046 1.05475678666398 6.29906075649423 0.0249 "amont"
22 "022_fs2" "4" 76 36.241087408516 -6.4298674893916 17.4869799755232 35.9914850047158 110.509837833232 0.99675785860482 2.0515146452688 6.29906075649423 0.0332 "amont"
22 "022_fs2" "5" 76 45.0352678085227 -0.516129487972535 10.5976368147474 46.5891218194632 110.509837833232 0.604065298440603 2.65557994370941 6.29906075649423 0.0415 "amont"
22 "022_fs2" "6" 76 64.2970548776311 7.42342228666803 20.8339368213948 67.423058640858 110.509837833232 1.1875343988195 3.84311434252891 6.29906075649423 0.0498 "amont"
22 "022_fs2" "7" 76 80.0130624613687 21.0989159173286 20.8329551531782 88.2560137940363 110.509837833232 1.18747844373116 5.03059278626007 6.29906075649423 0.0581 "amont"
22 "022_fs2" "8" 76 88.6519273697891 34.1962496656957 15.6898100122995 103.945823806336 110.509837833232 0.894319170701071 5.92491195696114 6.29906075649423 0.0664 "amont"
22 "022_fs2" "9" 76 95.596860296556 47.2645357033971 14.799060555335 118.744884361671 110.509837833232 0.843546451654095 6.76845840861523 6.29906075649423 0.0747 "amont"
22 "022_fs2" "10" 76 103.120323149623 64.0881722733498 18.4292495978357 137.174133959507 110.509837833232 1.05046722707664 7.81892563569187 6.29906075649423 0.083 "amont"
22 "022_fs2" "11" 76 110.527973744907 78.5666686543647 16.2634604188922 153.437594378399 110.509837833232 0.927017243876855 8.74594287956873 6.29906075649423 0.0913 "amont"
22 "022_fs3" "1" 76 70.6462374195699 30.2114474350179 0 0 111.087426711465 0 0 6.33198332255349 0.0083 "amont"
22 "022_fs3" "2" 76 75.5204836865366 33.5131080724017 5.88720983450466 5.88720983450466 111.087426711465 0.335570960566765 0.335570960566765 6.33198332255349 0.0166 "amont"
22 "022_fs3" "3" 76 89.3565819472343 28.9072155965296 14.5825875817352 20.4697974162398 111.087426711465 0.831207492158906 1.16677845272567 6.33198332255349 0.0249 "amont"
22 "022_fs3" "4" 76 89.3195285293523 12.2027332968091 16.7045233951003 37.1743208113401 111.087426711465 0.952157833520715 2.11893628624639 6.33198332255349 0.0332 "amont"
22 "022_fs3" "5" 76 75.8750298020088 6.15000471978612 14.7441537314507 51.9184745427908 111.087426711465 0.84041676269269 2.95935304893908 6.33198332255349 0.0415 "amont"
22 "022_fs3" "6" 76 56.1420770242337 -2.16545552974861 21.4134608247124 73.3319353675032 111.087426711465 1.22056726700861 4.17992031594768 6.33198332255349 0.0498 "amont"
22 "022_fs3" "7" 76 39.1817960604698 -16.8568403876616 22.4385364810882 95.7704718485915 111.087426711465 1.27899657942203 5.45891689536971 6.33198332255349 0.0581 "amont"
22 "022_fs3" "8" 76 30.0712291954084 -27.1481082172264 13.7445488155337 109.515020664125 111.087426711465 0.783439282485424 6.24235617785514 6.33198332255349 0.0664 "amont"
22 "022_fs3" "9" 76 26.3785380824252 -39.6573742557717 13.0429177900885 122.557938454214 111.087426711465 0.743446314035046 6.98580249189018 6.33198332255349 0.0747 "amont"
22 "022_fs3" "10" 76 23.9285774405046 -51.6649628115111 12.2549781750472 134.812916629261 111.087426711465 0.698533755977692 7.68433624786788 6.33198332255349 0.083 "amont"
22 "022_fs3" "11" 76 23.4940832740275 -59.7600021406573 8.10669149043716 142.919608119698 111.087426711465 0.462081414954918 8.1464176628228 6.33198332255349 0.0913 "amont"
22 "022_fs3" "12" 76 26.6925354826694 -67.0804169072657 7.98865250753496 150.908260627233 111.087426711465 0.455353192929493 8.60177085575229 6.33198332255349 0.0996 "amont"
22 "022_fs3" "13" 76 32.2212136831475 -74.0187493614499 8.8716819087041 159.779942535937 111.087426711465 0.505685868796133 9.10745672454842 6.33198332255349 0.1079 "amont"
22 "022_fs4" "1" 76 46.2880942946639 25.2956935379449 0 0 100.353611484215 0 0 5.72015585460026 0.0083 "amont"
22 "022_fs4" "2" 76 48.9738495740227 29.2034287675274 4.74169548211648 4.74169548211648 100.353611484215 0.27027664248064 0.27027664248064 5.72015585460026 0.0166 "amont"
22 "022_fs4" "3" 76 59.2676267582912 19.6303451610854 14.0572322473272 18.7989277294437 100.353611484215 0.80126223809765 1.07153888057829 5.72015585460026 0.0249 "amont"
22 "022_fs4" "4" 76 58.6306032944178 12.9938937010295 6.66695484274518 25.4658825721888 100.353611484215 0.380016426036475 1.45155530661476 5.72015585460026 0.0332 "amont"
22 "022_fs4" "5" 76 48.2005196593309 -1.12717616698512 17.5553769213953 43.0212594935841 100.353611484215 1.00065648451953 2.4522117911343 5.72015585460026 0.0415 "amont"
22 "022_fs4" "6" 76 37.3320604450292 -9.40709117046066 13.6631035331552 56.6843630267394 100.353611484215 0.778796901389848 3.23100869252414 5.72015585460026 0.0498 "amont"
22 "022_fs4" "7" 76 32.6545609664824 -18.2157765125451 9.97356199297216 66.6579250197115 100.353611484215 0.568493033599413 3.79950172612356 5.72015585460026 0.0581 "amont"
22 "022_fs4" "8" 76 27.694364380601 -30.7049296540927 13.4380986885652 80.0960237082767 100.353611484215 0.765971625248216 4.56547335137177 5.72015585460026 0.0664 "amont"
22 "022_fs4" "9" 76 25.3213739382175 -39.77327448143 9.37368452355522 89.4697082318319 100.353611484215 0.534300017842647 5.09977336921442 5.72015585460026 0.0747 "amont"
22 "022_fs4" "10" 76 23.9084395032066 -47.6129145892321 7.96594882845094 97.4356570602829 100.353611484215 0.454059083221703 5.55383245243612 5.72015585460026 0.083 "amont"
22 "022_fs4" "11" 76 23.4948572600408 -57.0189609138376 9.41513450421643 106.850791564499 100.353611484215 0.536662666740337 6.09049511917646 5.72015585460026 0.0913 "amont"
22 "022_fs4" "12" 76 24.4396931538548 -64.7070181824474 7.74589823272054 114.59668979722 100.353611484215 0.441516199265071 6.53201131844153 5.72015585460026 0.0996 "amont"
22 "022_fs4" "13" 76 21.674431110945 -71.9926147143998 7.79272680082875 122.389416598049 100.353611484215 0.444185427647239 6.97619674608877 5.72015585460026 0.1079 "amont"
23 "023_fs1" "1" 76 117.176250589382 32.0344716107553 0 0 149.459688521923 0 0 8.51920224574961 0.0083 "amont"
23 "023_fs1" "2" 76 117.78350093933 38.2643974101978 6.25945113041641 6.25945113041641 149.459688521923 0.356788714433736 0.356788714433736 8.51920224574961 0.0166 "amont"
23 "023_fs1" "3" 76 116.065022375021 44.5656944820028 6.53142506373056 12.790876194147 149.459688521923 0.372291228632642 0.729079943066377 8.51920224574961 0.0249 "amont"
23 "023_fs1" "4" 76 100.772777160569 42.165871684299 15.4794028683056 28.2702790624526 149.459688521923 0.882325963493422 1.6114059065598 8.51920224574961 0.0332 "amont"
23 "023_fs1" "5" 76 90.7579570164656 25.0470406019539 19.83307843338 48.1033574958326 149.459688521923 1.13048547070266 2.74189137726246 8.51920224574961 0.0415 "amont"
23 "023_fs1" "6" 76 83.450405820082 9.90243107013112 16.8154542715665 64.9188117673992 149.459688521923 0.958480893479292 3.70037227074175 8.51920224574961 0.0498 "amont"
23 "023_fs1" "7" 76 70.5057185532415 -1.65081546104886 17.3505744529259 82.2693862203251 149.459688521923 0.988982743816776 4.68935501455853 8.51920224574961 0.0581 "amont"
23 "023_fs1" "8" 76 56.8676291209054 -12.2658421707905 17.282253192594 99.5516394129191 149.459688521923 0.985088431977859 5.67444344653639 8.51920224574961 0.0664 "amont"
23 "023_fs1" "9" 76 44.5203097577067 -20.413753982498 14.7934026629503 114.345042075869 149.459688521923 0.843223951788165 6.51766739832455 8.51920224574961 0.0747 "amont"
23 "023_fs1" "10" 76 29.780457817096 -29.2230403286723 17.171684866664 131.516726942533 149.459688521923 0.978786037399849 7.4964534357244 8.51920224574961 0.083 "amont"
23 "023_fs1" "11" 76 15.1649845843039 -40.7243496703379 18.5981766415729 150.114903584106 149.459688521923 1.06009606856965 8.55654950429406 8.51920224574961 0.0913 "amont"
23 "023_fs1" "12" 76 6.45489740674162 -49.11899083962 12.0969260145601 162.211829598666 149.459688521923 0.689524782829925 9.24607428712398 8.51920224574961 0.0996 "amont"
23 "023_fs1" "13" 76 0.0229378890917928 -60.7733934461366 13.3114688652856 175.523298463952 149.459688521923 0.758753725321278 10.0048280124453 8.51920224574961 0.1079 "amont"
23 "023_fs2" "1" 76 59.0035113765391 44.2658687631195 0 0 148.914288705255 0 0 8.48811445619955 0.0083 "amont"
23 "023_fs2" "2" 76 59.4013617055897 45.499869386894 1.29655020103408 1.29655020103408 148.914288705255 0.0739033614589427 0.0739033614589427 8.48811445619955 0.0166 "amont"
23 "023_fs2" "3" 76 54.1598853768322 52.4285333073734 8.68789144890049 9.98444164993457 148.914288705255 0.495209812587328 0.56911317404627 8.48811445619955 0.0249 "amont"
23 "023_fs2" "4" 76 42.8182914050873 53.2118778074675 11.3686139184048 21.3530555683394 148.914288705255 0.648010993349075 1.21712416739535 8.48811445619955 0.0332 "amont"
23 "023_fs2" "5" 76 39.2400946161437 42.0602182445763 11.7116609952231 33.0647165635625 148.914288705255 0.667564676727714 1.88468884412306 8.48811445619955 0.0415 "amont"
23 "023_fs2" "6" 76 44.6693002645654 23.9746763552785 18.8828784723728 51.9475950359352 148.914288705255 1.07632407292525 2.96101291704831 8.48811445619955 0.0498 "amont"
23 "023_fs2" "7" 76 48.0575041641988 7.33798136184453 16.9782079728705 68.9258030088057 148.914288705255 0.967757854453616 3.92877077150192 8.48811445619955 0.0581 "amont"
23 "023_fs2" "8" 76 47.0933248386174 -15.6649841168603 23.0231636094253 91.948966618231 148.914288705255 1.31232032573724 5.24109109723917 8.48811445619955 0.0664 "amont"
23 "023_fs2" "9" 76 46.0174365415291 -35.0299951114945 19.3948752625562 111.343841880787 148.914288705255 1.1055078899657 6.34659898720487 8.48811445619955 0.0747 "amont"
23 "023_fs2" "10" 76 43.4875721996099 -54.0877076596855 19.2248958685864 130.568737749374 148.914288705255 1.09581906450943 7.4424180517143 8.48811445619955 0.083 "amont"
23 "023_fs2" "11" 76 43.9563237404736 -71.5780653437253 17.4966379605544 148.065375709928 148.914288705255 0.997308363751599 8.43972641546589 8.48811445619955 0.0913 "amont"
23 "023_fs2" "12" 76 43.8886809094686 -85.5306909127897 13.9527895355408 162.018165245469 148.914288705255 0.795309003525824 9.23503541899172 8.48811445619955 0.0996 "amont"
23 "023_fs2" "13" 76 45.895091613467 -104.070353084099 18.6479156298873 180.666080875356 148.914288705255 1.06293119090358 10.2979666098953 8.48811445619955 0.1079 "amont"
23 "023_fs3" "1" 76 36.768658556159 16.8719825041665 0 0 107.079454958538 0 0 6.10352893263669 0.0083 "amont"
23 "023_fs3" "2" 76 35.3062893761311 16.1947306025016 1.61158113571864 1.61158113571864 107.079454958538 0.0918601247359627 0.0918601247359627 6.10352893263669 0.0166 "amont"
23 "023_fs3" "3" 76 30.2193626903607 19.0560402494819 5.83643007345291 7.44801120917155 107.079454958538 0.332676514186816 0.424536638922778 6.10352893263669 0.0249 "amont"
23 "023_fs3" "4" 76 23.4305924489678 7.38055535701034 13.5057154147699 20.9537266239415 107.079454958538 0.769825778641885 1.19436241756466 6.10352893263669 0.0332 "amont"
23 "023_fs3" "5" 76 35.2328900882603 0.844423135421124 13.4913029016677 34.4450295256091 107.079454958538 0.769004265395056 1.96336668295972 6.10352893263669 0.0415 "amont"
23 "023_fs3" "6" 76 48.1443752534939 -3.25765897163708 13.5474546238433 47.9924841494525 107.079454958538 0.772204913559071 2.73557159651879 6.10352893263669 0.0498 "amont"
23 "023_fs3" "7" 76 67.4394192043496 -11.26187094026 20.8893784087536 68.881862558206 107.079454958538 1.19069456929895 3.92626616581774 6.10352893263669 0.0581 "amont"
23 "023_fs3" "8" 76 79.0619342851566 -17.3684245972885 13.1290842928878 82.0109468510938 107.079454958538 0.748357804694607 4.67462397051235 6.10352893263669 0.0664 "amont"
23 "023_fs3" "9" 76 92.5258128440204 -28.1720013836742 17.2624823599378 99.2734292110317 107.079454958538 0.983961494516456 5.65858546502881 6.10352893263669 0.0747 "amont"
23 "023_fs3" "10" 76 100.733253700324 -32.9050863530587 9.47439595632012 108.747825167352 107.079454958538 0.540040569510247 6.19862603453905 6.10352893263669 0.083 "amont"
23 "023_fs3" "11" 76 111.049374429317 -42.505455229702 14.0921761790995 122.840001346451 107.079454958538 0.803254042208674 7.00188007674773 6.10352893263669 0.0913 "amont"
23 "023_fs3" "12" 76 120.323935114904 -50.0946168824627 11.9838579139762 134.823859260428 107.079454958538 0.683079901096643 7.68495997784437 6.10352893263669 0.0996 "amont"
23 "023_fs4" "1" 76 51.2774965090493 11.9652513344675 0 0 137.333962416582 0 0 7.82803585774519 0.0083 "amont"
23 "023_fs4" "2" 76 47.6446647603477 9.87272218058155 4.19239129545859 4.19239129545859 137.333962416582 0.23896630384114 0.23896630384114 7.82803585774519 0.0166 "amont"
23 "023_fs4" "3" 76 51.9908787790911 -3.85719204013151 14.4013930161238 18.5937843115824 137.333962416582 0.820879401919059 1.0598457057602 7.82803585774519 0.0249 "amont"
23 "023_fs4" "4" 76 61.4278733849693 -6.97547081466365 9.93883945473877 28.5326237663212 137.333962416582 0.56651384892011 1.62635955468031 7.82803585774519 0.0332 "amont"
23 "023_fs4" "5" 76 80.9582429742156 -4.01569883260782 19.7533689905879 48.2859927569091 137.333962416582 1.12594203246351 2.75230158714382 7.82803585774519 0.0415 "amont"
23 "023_fs4" "6" 76 95.9192883714255 -2.36800088308729 15.0515045065345 63.3374972634436 137.333962416582 0.857935756872469 3.61023734401629 7.82803585774519 0.0498 "amont"
23 "023_fs4" "7" 76 113.162395182806 -3.18224594580551 17.262321035447 80.5998182988907 137.333962416582 0.983952299020482 4.59418964303677 7.82803585774519 0.0581 "amont"
23 "023_fs4" "8" 76 125.603933691728 -6.47248301660926 12.8692478587943 93.4690661576849 137.333962416582 0.733547127951273 5.32773677098804 7.82803585774519 0.0664 "amont"
23 "023_fs4" "9" 76 137.156118892585 -10.3147704552449 12.1744057627466 105.643471920431 137.333962416582 0.693941128476554 6.02167789946459 7.82803585774519 0.0747 "amont"
23 "023_fs4" "10" 76 149.80470587975 -16.2445112428356 13.9695589973305 119.613030917762 137.333962416582 0.796264862847837 6.81794276231243 7.82803585774519 0.083 "amont"
23 "023_fs4" "11" 76 161.088646693586 -21.3325019275812 12.3780034536355 131.991034371397 137.333962416582 0.705546196857223 7.52348895916965 7.82803585774519 0.0913 "amont"
23 "023_fs4" "12" 76 172.300235454219 -26.4998584252904 12.3450919685505 144.336126339948 137.333962416582 0.703670242207377 8.22715920137703 7.82803585774519 0.0996 "amont"
23 "023_fs4" "13" 76 181.399678345368 -31.9532530480276 10.6084576560677 154.944583996016 137.333962416582 0.604682086395857 8.83184128777289 7.82803585774519 0.1079 "amont"
24 "024_fs1" "1" 76 35.3438108445289 17.4899190689729 0 0 54.2995197223001 0 0 3.09507262417111 0.0083 "amont"
24 "024_fs1" "2" 76 36.5956495522969 19.6047610483888 2.45757131090148 2.45757131090148 54.2995197223001 0.140081564721384 0.140081564721384 3.09507262417111 0.0166 "amont"
24 "024_fs1" "3" 76 49.674818387904 15.0142091753251 13.8613788610515 16.3189501719529 54.2995197223001 0.790098595079934 0.930180159801318 3.09507262417111 0.0249 "amont"
24 "024_fs1" "4" 76 49.5134077313332 6.10682932272613 8.90884219405309 25.227792366006 54.2995197223001 0.507804005061026 1.43798416486234 3.09507262417111 0.0332 "amont"
24 "024_fs1" "5" 76 40.3057640286692 -2.42310383082281 12.5515123454993 37.7793047115053 54.2995197223001 0.71543620369346 2.1534203685558 3.09507262417111 0.0415 "amont"
24 "024_fs1" "6" 76 35.3656827268636 -7.08759435378792 6.79425309414366 44.573557805649 54.2995197223001 0.387272426366189 2.54069279492199 3.09507262417111 0.0498 "amont"
24 "024_fs1" "7" 76 29.0601716961473 -10.4718847441984 7.15631824369973 51.7298760493487 54.2995197223001 0.407910139890885 2.94860293481288 3.09507262417111 0.0581 "amont"
24 "024_fs1" "8" 76 24.2441090195601 -14.4684440746762 6.25835011699133 57.9882261663401 54.2995197223001 0.356725956668506 3.30532889148138 3.09507262417111 0.0664 "amont"
24 "024_fs1" "9" 76 19.0483091407172 -17.8306471856448 6.18875966090062 64.1769858272407 54.2995197223001 0.352759300671336 3.65808819215272 3.09507262417111 0.0747 "amont"
24 "024_fs1" "10" 76 16.6567202802019 -21.6610385760508 4.51570542456406 68.6926912518047 54.2995197223001 0.257395209200151 3.91548340135287 3.09507262417111 0.083 "amont"
24 "024_fs1" "11" 76 14.3980564090867 -26.0913168865885 4.97281895824711 73.6655102100519 54.2995197223001 0.283450680620085 4.19893408197296 3.09507262417111 0.0913 "amont"
24 "024_fs1" "12" 76 12.910540962964 -29.6603893510214 3.86664977193781 77.5321599819897 54.2995197223001 0.220399037000455 4.41933311897341 3.09507262417111 0.0996 "amont"
24 "024_fs1" "13" 76 14.682420800402 -32.7250667770563 3.54002907953695 81.0721890615266 54.2995197223001 0.201781657533606 4.62111477650702 3.09507262417111 0.1079 "amont"
24 "024_fs2" "1" 76 26.9882574288744 6.86049069272678 0 0 57.4511090852751 0 0 3.27471321786068 0.0083 "amont"
24 "024_fs2" "2" 76 25.6934746408692 6.56658360955106 1.32772129667916 1.32772129667916 57.4511090852751 0.0756801139107119 0.0756801139107119 3.27471321786068 0.0166 "amont"
24 "024_fs2" "3" 76 19.8106358447098 5.96738263748534 5.91327608915081 7.24099738582997 57.4511090852751 0.337056737081596 0.412736850992308 3.27471321786068 0.0249 "amont"
24 "024_fs2" "4" 76 23.2530947021137 -0.909908763513329 7.69075158870502 14.931748974535 57.4511090852751 0.438372840556186 0.851109691548494 3.27471321786068 0.0332 "amont"
24 "024_fs2" "5" 76 31.7526570592906 -3.4265097064384 8.86430147103932 23.7960504455743 57.4511090852751 0.505265183849241 1.35637487539774 3.27471321786068 0.0415 "amont"
24 "024_fs2" "6" 76 39.4077135663388 -4.48122848551927 7.72737483425302 31.5234252798273 57.4511090852751 0.440460365552422 1.79683524095016 3.27471321786068 0.0498 "amont"
24 "024_fs2" "7" 76 44.9868597866713 -5.38969782439128 5.65262674227841 37.1760520221057 57.4511090852751 0.322199724309869 2.11903496526003 3.27471321786068 0.0581 "amont"
24 "024_fs2" "8" 76 48.9591521984364 -11.5303059592869 7.31342431908014 44.4894763411859 57.4511090852751 0.416865186187568 2.53590015144759 3.27471321786068 0.0664 "amont"
24 "024_fs2" "9" 76 52.6241271931358 -19.2445951561734 8.54062641291443 53.0301027541003 57.4511090852751 0.486815705536122 3.02271585698372 3.27471321786068 0.0747 "amont"
24 "024_fs2" "10" 76 60.1349898479994 -25.5667937835589 9.8174973035056 62.8476000576059 57.4511090852751 0.559597346299819 3.58231320328354 3.27471321786068 0.083 "amont"
24 "024_fs2" "11" 76 70.4315230639373 -30.7335594494106 11.5201590142123 74.3677590718182 57.4511090852751 0.6566490638101 4.23896226709364 3.27471321786068 0.0913 "amont"
25 "025_fs1" "1" 76 165.335067470115 0.660416317114652 0 0 127.596603889015 0 0 7.27300642167388 0.0083 "amont"
25 "025_fs1" "2" 76 170.104145468331 3.4608857547442 5.53052746346722 5.53052746346722 127.596603889015 0.315240065417631 0.315240065417631 7.27300642167388 0.0166 "amont"
25 "025_fs1" "3" 76 169.83204363511 -12.51598902092 15.9791916880954 21.5097191515626 127.596603889015 0.910813926221438 1.22605399163907 7.27300642167388 0.0249 "amont"
25 "025_fs1" "4" 76 162.315886817932 -18.2774764619415 9.47034058698312 30.9800597385457 127.596603889015 0.539809413458038 1.76586340509711 7.27300642167388 0.0332 "amont"
25 "025_fs1" "5" 76 139.409603001366 -9.24042815054037 24.6245016288182 55.604561367364 127.596603889015 1.40359659284264 3.16945999793975 7.27300642167388 0.0415 "amont"
25 "025_fs1" "6" 76 123.033560168574 -0.512756215948514 18.5565901032302 74.1611514705942 127.596603889015 1.05772563588412 4.22718563382387 7.27300642167388 0.0498 "amont"
25 "025_fs1" "7" 76 104.766118599843 -0.346327344720578 18.2681996933518 92.429351163946 127.596603889015 1.04128738252105 5.26847301634492 7.27300642167388 0.0581 "amont"
25 "025_fs1" "8" 76 89.713592372728 -1.34859697737738 15.0858572919981 107.515208455944 127.596603889015 0.859893865643889 6.12836688198881 7.27300642167388 0.0664 "amont"
25 "025_fs1" "9" 76 73.5082192961257 -3.75831075150501 16.3835538582167 123.898762314161 127.596603889015 0.933862569918352 7.06222945190716 7.27300642167388 0.0747 "amont"
25 "025_fs1" "10" 76 60.5339459925141 -6.86985662773174 13.3421694449093 137.24093175907 127.596603889015 0.760503658359832 7.82273311026699 7.27300642167388 0.083 "amont"
25 "025_fs1" "11" 76 49.3122610423791 -10.9185770929058 11.9297255008322 149.170657259902 127.596603889015 0.679994353547434 8.50272746381443 7.27300642167388 0.0913 "amont"
25 "025_fs1" "12" 76 38.9401215244837 -16.8098717002947 11.9284797996114 161.099137059514 127.596603889015 0.679923348577849 9.18265081239228 7.27300642167388 0.0996 "amont"
25 "025_fs2" "1" 76 44.5931023408035 -32.1687122703 0 0 122.131696260492 0 0 6.96150668684807 0.0083 "amont"
25 "025_fs2" "2" 76 42.1001607988679 -35.3775189906972 4.06339735939946 4.06339735939946 122.131696260492 0.231613649485769 0.231613649485769 6.96150668684807 0.0166 "amont"
25 "025_fs2" "3" 76 35.9953210936405 -37.584806201362 6.49162419251803 10.5550215519175 122.131696260492 0.370022578973528 0.601636228459297 6.96150668684807 0.0249 "amont"
25 "025_fs2" "4" 76 31.3982080629347 -25.7239802942079 12.7205597131928 23.2755812651103 122.131696260492 0.725071903651988 1.32670813211128 6.96150668684807 0.0332 "amont"
25 "025_fs2" "5" 76 45.7524244839924 -12.1339900353015 19.7669260204953 43.0425072856055 122.131696260492 1.12671478316823 2.45342291527952 6.96150668684807 0.0415 "amont"
25 "025_fs2" "6" 76 60.2238341904714 -5.31706628824458 15.9966292782562 59.0391365638617 122.131696260492 0.911807868860603 3.36523078414012 6.96150668684807 0.0498 "amont"
25 "025_fs2" "7" 76 68.7279115602345 4.8771908722145 13.2756246920621 72.3147612559238 122.131696260492 0.756710607447538 4.12194139158766 6.96150668684807 0.0581 "amont"
25 "025_fs2" "8" 76 77.7038160944654 16.2510924359875 14.489047552894 86.8038088088178 122.131696260492 0.82587571051496 4.94781710210262 6.96150668684807 0.0664 "amont"
25 "025_fs2" "9" 76 84.3372259135725 28.4159613731514 13.8559071188646 100.659715927682 122.131696260492 0.78978670577528 5.7376038078779 6.96150668684807 0.0747 "amont"
25 "025_fs2" "10" 76 93.8290787998848 40.9297689896352 15.7063888999911 116.366104827673 122.131696260492 0.895264167299492 6.63286797517739 6.96150668684807 0.083 "amont"
25 "025_fs2" "11" 76 99.8225366918829 50.8172312522181 11.5621558325926 127.928260660266 122.131696260492 0.659042882457779 7.29191085763517 6.96150668684807 0.0913 "amont"
25 "025_fs2" "12" 76 107.847719090342 58.5392350036156 11.1370056328052 139.065266293071 122.131696260492 0.634809321069896 7.92672017870506 6.96150668684807 0.0996 "amont"
25 "025_fs2" "13" 76 117.522448346274 65.797923492492 12.0949966826839 151.160262975755 122.131696260492 0.68941481091298 8.61613498961804 6.96150668684807 0.1079 "amont"
25 "025_fs3" "1" 76 84.8654738387433 -37.3739700021205 0 0 123.823084732845 0 0 7.05791582977219 0.0083 "amont"
25 "025_fs3" "2" 76 88.3862688392176 -37.6779943954662 3.53389703685805 3.53389703685805 123.823084732845 0.201432131100909 0.201432131100909 7.05791582977219 0.0166 "amont"
25 "025_fs3" "3" 76 92.9430960154253 -43.871913576855 7.68955842291357 11.2234554597716 123.823084732845 0.438304830106074 0.639736961206982 7.05791582977219 0.0249 "amont"
25 "025_fs3" "4" 76 102.060244630166 -41.6584291568226 9.38199936799158 20.6054548277632 123.823084732845 0.53477396397552 1.1745109251825 7.05791582977219 0.0332 "amont"
25 "025_fs3" "5" 76 104.319176200117 -28.0821890364662 13.7628873294558 34.368342157219 123.823084732845 0.784484577778983 1.95899550296149 7.05791582977219 0.0415 "amont"
25 "025_fs3" "6" 76 95.4761427080909 -11.493687929846 18.7983406263807 53.1666827835997 123.823084732845 1.0715054157037 3.03050091866518 7.05791582977219 0.0498 "amont"
25 "025_fs3" "7" 76 89.8205108984592 9.94394738413627 22.1711158722654 75.3377986558651 123.823084732845 1.26375360471913 4.29425452338431 7.05791582977219 0.0581 "amont"
25 "025_fs3" "8" 76 91.5189187147476 22.6429380306811 12.812062775036 88.1498614309011 123.823084732845 0.730287578177051 5.02454210156136 7.05791582977219 0.0664 "amont"
25 "025_fs3" "9" 76 94.1678630805869 33.2566132613215 10.939241662694 99.0891030935951 123.823084732845 0.623536774773561 5.64807887633492 7.05791582977219 0.0747 "amont"
25 "025_fs3" "10" 76 100.651989725407 45.7721265904631 14.0954592772987 113.184562370894 123.823084732845 0.803441178806028 6.45152005514095 7.05791582977219 0.083 "amont"
25 "025_fs3" "11" 76 107.168469212297 59.0366521841383 14.7787734311181 127.963335802012 123.823084732845 0.842390085573732 7.29391014071468 7.05791582977219 0.0913 "amont"
25 "025_fs3" "12" 76 116.435050642821 70.1206466385232 14.447299556435 142.410635358447 123.823084732845 0.823496074716796 8.11740621543148 7.05791582977219 0.0996 "amont"
25 "025_fs3" "13" 76 125.100599126004 79.729791704649 12.9393739963047 155.350009354752 123.823084732845 0.737544317789365 8.85495053322084 7.05791582977219 0.1079 "amont"
26 "026_fs1" "1" 76 66.6570494224675 -17.5154723481636 0 0 61.4670198265961 0 0 3.50362013011598 0.0083 "amont"
26 "026_fs1" "2" 76 62.9784008143509 -20.8903143819736 4.99219534224864 4.99219534224864 61.4670198265961 0.284555134508172 0.284555134508172 3.50362013011598 0.0166 "amont"
26 "026_fs1" "3" 76 68.9092889081286 -28.178359884184 9.39633124273529 14.3885265849839 61.4670198265961 0.535590880835912 0.820146015344084 3.50362013011598 0.0249 "amont"
26 "026_fs1" "4" 76 81.9123953206131 -18.4743626049445 16.2249295705677 30.6134561555517 61.4670198265961 0.924820985522361 1.74496700086644 3.50362013011598 0.0332 "amont"
26 "026_fs1" "5" 76 79.2779334467991 -5.23900118798821 13.4950057874028 44.1084619429544 61.4670198265961 0.769215329881959 2.5141823307484 3.50362013011598 0.0415 "amont"
26 "026_fs1" "6" 76 74.9277645243732 3.53576379429487 9.79389963946647 53.9023615824209 61.4670198265961 0.558252279449589 3.07243461019799 3.50362013011598 0.0498 "amont"
26 "026_fs1" "7" 76 70.8022844241316 14.1312293265544 11.3702891741059 65.2726507565268 61.4670198265961 0.648106482924035 3.72054109312203 3.50362013011598 0.0581 "amont"
26 "026_fs1" "8" 76 68.4309046072776 27.2573272870786 13.3385865032641 78.6112372597909 61.4670198265961 0.760299430686056 4.48084052380808 3.50362013011598 0.0664 "amont"
26 "026_fs1" "9" 76 66.5598806489662 36.4589504661392 9.38992011584766 88.0011573756386 61.4670198265961 0.535225446603317 5.0160659704114 3.50362013011598 0.0747 "amont"
26 "026_fs1" "10" 76 67.0302736193433 43.9504143700968 7.50621748758187 95.5073748632205 61.4670198265961 0.427854396792167 5.44392036720357 3.50362013011598 0.083 "amont"
26 "026_fs2" "1" 76 75.9122384254059 9.17297777841031 0 0 50.6626733861025 0 0 2.88777238300784 0.0083 "amont"
26 "026_fs2" "2" 76 77.1758870561865 15.4697855983492 6.42235132823775 6.42235132823775 50.6626733861025 0.366074025709552 0.366074025709552 2.88777238300784 0.0166 "amont"
26 "026_fs2" "3" 76 72.2475414126978 20.8644005744907 7.30687768629694 13.7292290145347 50.6626733861025 0.416492028118926 0.782566053828478 2.88777238300784 0.0249 "amont"
26 "026_fs2" "4" 76 64.4112998150514 18.2861854724193 8.24947728581835 21.978706300353 50.6626733861025 0.470220205291646 1.25278625912012 2.88777238300784 0.0332 "amont"
26 "026_fs2" "5" 76 56.6754971413895 0.34989554908492 19.5333852473078 41.5120915476608 50.6626733861025 1.11340295909654 2.36618921821667 2.88777238300784 0.0415 "amont"
26 "026_fs2" "6" 76 56.4096793957914 -7.14713463253213 7.50174117241803 49.0138327200789 50.6626733861025 0.427599246827828 2.79378846504449 2.88777238300784 0.0498 "amont"
26 "026_fs2" "7" 76 52.9424452226866 -16.8225858147312 10.2779408633375 59.2917735834164 50.6626733861025 0.585842629210239 3.37963109425473 2.88777238300784 0.0581 "amont"
26 "026_fs2" "8" 76 51.9045384166723 -22.321188258746 5.59570186619126 64.8874754496076 50.6626733861025 0.318955006372902 3.69858610062763 2.88777238300784 0.0664 "amont"
26 "026_fs2" "9" 76 48.2860926319705 -28.9217618118743 7.52733160735483 72.4148070569625 50.6626733861025 0.429057901619225 4.12764400224686 2.88777238300784 0.0747 "amont"
26 "026_fs2" "10" 76 46.8074683544744 -32.2953093063622 3.68336156948601 76.0981686264485 50.6626733861025 0.209951609460702 4.33759561170756 2.88777238300784 0.083 "amont"
27 "027_fs1" "1" 76 126.010267715198 2.40319067649153 0 0 86.0855069968109 0 0 4.90687389881822 0.0083 "aval"
27 "027_fs1" "2" 76 129.997947727772 5.96581455437956 5.34732463742197 5.34732463742197 86.0855069968109 0.304797504333052 0.304797504333052 4.90687389881822 0.0166 "aval"
27 "027_fs1" "3" 76 124.988141744836 18.8051177961632 13.7820848829608 19.1294095203828 86.0855069968109 0.785578838328767 1.09037634266182 4.90687389881822 0.0249 "aval"
27 "027_fs1" "4" 76 112.334205071978 20.3225191470606 12.7445918012467 31.8740013216295 86.0855069968109 0.726441732671064 1.81681807533288 4.90687389881822 0.0332 "aval"
27 "027_fs1" "5" 76 103.843813845051 12.807715558866 11.3383868409673 43.2123881625969 86.0855069968109 0.646288049935139 2.46310612526802 4.90687389881822 0.0415 "aval"
27 "027_fs1" "6" 76 92.2904946294541 0.332340215242425 17.0033577525667 60.2157459151636 86.0855069968109 0.969191391896305 3.43229751716433 4.90687389881822 0.0498 "aval"
27 "027_fs1" "7" 76 85.515627143247 -8.64479030960496 11.2466751493858 71.4624210645495 86.0855069968109 0.641060483514992 4.07335800067932 4.90687389881822 0.0581 "aval"
27 "027_fs1" "8" 76 76.3402966711619 -16.6187459400075 12.1560954943436 83.6185165588931 86.0855069968109 0.692897443177588 4.76625544385691 4.90687389881822 0.0664 "aval"
27 "027_fs1" "9" 76 65.0503627508285 -20.8126457755777 12.0437288144615 95.6622453733546 86.0855069968109 0.686492542424306 5.45274798628121 4.90687389881822 0.0747 "aval"
27 "027_fs1" "10" 76 59.2571891977811 -24.6977802724084 6.97532292257439 102.637568295929 86.0855069968109 0.39759340658674 5.85034139286795 4.90687389881822 0.083 "aval"
27 "027_fs1" "11" 76 50.8545853547207 -27.5751913074978 8.88162404114629 111.519192337075 86.0855069968109 0.506252570345338 6.35659396321329 4.90687389881822 0.0913 "aval"
27 "027_fs1" "12" 76 45.3857012303196 -27.7695419479064 5.47233640573692 116.991528742812 86.0855069968109 0.311923175127004 6.6685171383403 4.90687389881822 0.0996 "aval"
27 "027_fs2" "1" 76 143.76714114564 2.10946305835512 0 0 108.992864919829 0 0 6.21259330043026 0.0083 "aval"
27 "027_fs2" "2" 76 147.664039931266 2.06136847617239 3.89719556017511 3.89719556017511 108.992864919829 0.222140146929981 0.222140146929981 6.21259330043026 0.0166 "aval"
27 "027_fs2" "3" 76 143.934052045787 17.4405988655185 15.8250920058749 19.72228756605 108.992864919829 0.902030244334871 1.12417039126485 6.21259330043026 0.0249 "aval"
27 "027_fs2" "4" 76 134.457902104275 23.3586533253451 11.172322332599 30.8946098986491 108.992864919829 0.636822372958146 1.760992764223 6.21259330043026 0.0332 "aval"
27 "027_fs2" "5" 76 123.634268068581 17.8251673309835 12.1560898725055 43.0506997711546 108.992864919829 0.692897122732811 2.45388988695581 6.21259330043026 0.0415 "aval"
27 "027_fs2" "6" 76 109.934594303708 2.90013418127131 20.2592614817016 63.3099612528561 108.992864919829 1.15477790445699 3.6086677914128 6.21259330043026 0.0498 "aval"
27 "027_fs2" "7" 76 95.81636810603 -5.47712695485927 16.4165408997062 79.7265021525623 108.992864919829 0.935742831283251 4.54441062269605 6.21259330043026 0.0581 "aval"
27 "027_fs2" "8" 76 78.7639321096862 -11.5495840012991 18.1013896701402 97.8278918227025 108.992864919829 1.03177921119799 5.57618983389404 6.21259330043026 0.0664 "aval"
27 "027_fs2" "9" 76 60.5906087514205 -13.6599380403325 18.2954441338315 116.123335956534 108.992864919829 1.0428403156284 6.61903014952244 6.21259330043026 0.0747 "aval"
27 "027_fs2" "10" 76 47.336044770686 -14.2550641763335 13.2679177506169 129.391253707151 108.992864919829 0.756271311785165 7.3753014613076 6.21259330043026 0.083 "aval"
27 "027_fs2" "11" 76 35.7931973749604 -12.7590294690749 11.6393919878287 141.03064569498 108.992864919829 0.663445343306238 8.03874680461384 6.21259330043026 0.0913 "aval"
27 "027_fs3" "1" 76 162.459867790665 -3.51385877702126 0 0 92.8718913586524 0 0 5.29369780744319 0.0083 "aval"
27 "027_fs3" "2" 76 160.86440752303 -10.205411526748 6.87912579242286 6.87912579242286 92.8718913586524 0.392110170168103 0.392110170168103 5.29369780744319 0.0166 "aval"
27 "027_fs3" "3" 76 153.697487441616 -16.9257923877449 9.82487976365251 16.7040055560754 92.8718913586524 0.560018146528193 0.952128316696296 5.29369780744319 0.0249 "aval"
27 "027_fs3" "4" 76 138.449719824861 -8.03411634182073 17.6509580533246 34.3549636094 92.8718913586524 1.0061046090395 1.9582329257358 5.29369780744319 0.0332 "aval"
27 "027_fs3" "5" 76 121.579774120918 2.66921022448943 19.9788955560378 54.3338591654377 92.8718913586524 1.13879704669415 3.09702997242995 5.29369780744319 0.0415 "aval"
27 "027_fs3" "6" 76 103.385077789085 6.61493263068157 18.6176179978628 72.9514771633005 92.8718913586524 1.06120422587818 4.15823419830813 5.29369780744319 0.0498 "aval"
27 "027_fs3" "7" 76 84.7460904775242 3.1927654903198 18.9505428929384 91.9020200562389 92.8718913586524 1.08018094489749 5.23841514320562 5.29369780744319 0.0581 "aval"
27 "027_fs3" "8" 76 69.6544678262434 -0.000179512050834774 15.4256919467755 107.327712003014 92.8718913586524 0.879264440966205 6.11767958417182 5.29369780744319 0.0664 "aval"
29 "029_fs1" "1" 76 39.0973112668796 17.3290995458233 0 0 82.1344327774447 0 0 4.68166266831435 0.0083 "aval"
29 "029_fs1" "2" 76 35.3708296066689 21.9995797879989 5.97495198779366 5.97495198779366 82.1344327774447 0.340572263304238 0.340572263304238 4.68166266831435 0.0166 "aval"
29 "029_fs1" "3" 76 41.4342172327737 29.2441195727607 9.44711734855651 15.4220693363502 82.1344327774447 0.538485688867721 0.879057952171959 4.68166266831435 0.0249 "aval"
29 "029_fs1" "4" 76 51.4459632992657 22.6244912280034 12.0022722316498 27.424341568 82.1344327774447 0.68412951720404 1.563187469376 4.68166266831435 0.0332 "aval"
29 "029_fs1" "5" 76 54.8216183239807 7.16366571305574 15.825048892485 43.249390460485 82.1344327774447 0.902027786871644 2.46521525624764 4.68166266831435 0.0415 "aval"
29 "029_fs1" "6" 76 59.810690329706 -7.406267635559 15.400447956517 58.6498384170019 82.1344327774447 0.877825533521467 3.34304078976911 4.68166266831435 0.0498 "aval"
29 "029_fs1" "7" 76 75.3536049801823 -18.8408129532752 19.2958809712046 77.9457193882066 82.1344327774447 1.09986521535866 4.44290600512777 4.68166266831435 0.0581 "aval"
29 "029_fs1" "8" 76 87.2817048701881 -27.5862386133674 14.7906063757425 92.7363257639491 82.1344327774447 0.843064563417324 5.2859705685451 4.68166266831435 0.0664 "aval"
29 "029_fs1" "9" 76 99.5689267917819 -38.2519112715501 16.2705991224048 109.006924886354 82.1344327774447 0.927424149977076 6.21339471852217 4.68166266831435 0.0747 "aval"
29 "029_fs2" "1" 76 98.2628818190115 15.3206017229473 0 0 80.4041177958994 0 0 4.58303471436627 0.0083 "aval"
29 "029_fs2" "2" 76 103.286406638379 21.0210325550251 7.59807299794524 7.59807299794524 80.4041177958994 0.433090160882879 0.433090160882879 4.58303471436627 0.0166 "aval"
29 "029_fs2" "3" 76 95.4608438994172 26.0957687072046 9.32697052614969 16.9250435240949 80.4041177958994 0.531637319990532 0.964727480873411 4.58303471436627 0.0249 "aval"
29 "029_fs2" "4" 76 87.2393908533077 17.7628143387826 11.7059992608742 28.6310427849691 80.4041177958994 0.667241957869827 1.63196943874324 4.58303471436627 0.0332 "aval"
29 "029_fs2" "5" 76 82.4794016733069 2.90990621457553 15.5969989658223 44.2280417507914 80.4041177958994 0.88902894105187 2.52099837979511 4.58303471436627 0.0415 "aval"
29 "029_fs2" "6" 76 75.2722075903216 -8.48853502130322 13.4858484774818 57.7138902282732 80.4041177958994 0.768693363216465 3.28969174301157 4.58303471436627 0.0498 "aval"
29 "029_fs2" "7" 76 61.6426423970028 -18.4411485899706 16.8765981230267 74.5904883512999 80.4041177958994 0.961966093012524 4.2516578360241 4.58303471436627 0.0581 "aval"
29 "029_fs2" "8" 76 48.3823438501014 -25.6822152984273 15.1085593168004 89.6990476681003 80.4041177958994 0.861187881057621 5.11284571708172 4.58303471436627 0.0664 "aval"
29 "029_fs2" "9" 76 34.3699536542684 -33.4904204858925 16.0410457031278 105.740093371228 80.4041177958994 0.914339605078285 6.02718532216 4.58303471436627 0.0747 "aval"
37 "037_fs1" "1" 76 83.7407672190051 18.8559185227839 0 0 84.7617957112668 0 0 4.83142235554221 0.0083 "amont"
37 "037_fs1" "2" 76 86.8001137155319 19.8716741657229 3.22356332526185 3.22356332526185 84.7617957112668 0.183743109539925 0.183743109539925 4.83142235554221 0.0166 "amont"
37 "037_fs1" "3" 76 91.2645760030983 13.2693302363931 7.97009214992278 11.1936554751846 84.7617957112668 0.454295252545598 0.638038362085524 4.83142235554221 0.0249 "amont"
37 "037_fs1" "4" 76 91.6381134562437 3.28194873443636 9.99436438671965 21.1880198619043 84.7617957112668 0.56967877004302 1.20771713212854 4.83142235554221 0.0332 "amont"
37 "037_fs1" "5" 76 81.3826635885654 -1.3430494099992 11.2501048805998 32.4381247425041 84.7617957112668 0.641255978194188 1.84897311032273 4.83142235554221 0.0415 "amont"
37 "037_fs1" "6" 76 68.5530860304747 0.131722811808174 12.9140626227876 45.3521873652916 84.7617957112668 0.736101569498892 2.58507467982162 4.83142235554221 0.0498 "amont"
37 "037_fs1" "7" 76 57.9060432819575 1.61684079891813 10.7501206841779 56.1023080494696 84.7617957112668 0.612756878998142 3.19783155881977 4.83142235554221 0.0581 "amont"
37 "037_fs1" "8" 76 46.3099886744436 0.532688992080523 11.6466247299685 67.7489327794381 84.7617957112668 0.663857609608204 3.86168916842797 4.83142235554221 0.0664 "amont"
37 "037_fs1" "9" 76 38.7416591167721 -0.916787967145751 7.70588059528903 75.4548133747271 84.7617957112668 0.439235193931475 4.30092436235944 4.83142235554221 0.0747 "amont"
37 "037_fs1" "10" 76 31.2620189836889 -1.57159786244046 7.50824829899789 82.963061673725 84.7617957112668 0.42797015304288 4.72889451540232 4.83142235554221 0.083 "amont"
37 "037_fs1" "11" 76 26.0345220056279 -2.48528140181719 5.30674497839918 88.2698066521242 84.7617957112668 0.302484463768753 5.03137897917108 4.83142235554221 0.0913 "amont"
37 "037_fs1" "12" 76 19.88085794386 -4.1910665191549 6.38570937732251 94.6555160294467 84.7617957112668 0.363985434507383 5.39536441367846 4.83142235554221 0.0996 "amont"
37 "037_fs1" "13" 76 15.3327722586644 -9.07291288129801 6.67214413089608 101.327660160343 84.7617957112668 0.380312215461077 5.77567662913954 4.83142235554221 0.1079 "amont"
37 "037_fs1" "14" 76 12.8936602730113 -10.8779337212372 3.03436443282138 104.362024593164 84.7617957112668 0.172958772670818 5.94863540181036 4.83142235554221 0.1162 "amont"
37 "037_fs1" "15" 76 11.0814841889011 -13.9892479968526 3.6005914349547 107.962616028119 84.7617957112668 0.205233711792418 6.15386911360277 4.83142235554221 0.1245 "amont"
37 "037_fs1" "16" 76 9.27247475685505 -18.8808755328078 5.21541322195535 113.178029250074 84.7617957112668 0.297278553651455 6.45114766725423 4.83142235554221 0.1328 "amont"
37 "037_fs1" "17" 76 8.87353216298925 -21.909745507723 3.055030035555 116.233059285629 84.7617957112668 0.174136712026635 6.62528437928086 4.83142235554221 0.1411 "amont"
37 "037_fs1" "18" 76 9.8875681639891 -25.7659898255973 3.98734112541949 120.220400411049 84.7617957112668 0.227278444148911 6.85256282342977 4.83142235554221 0.1494 "amont"
37 "037_fs1" "19" 76 11.0981199559665 -27.6300611575782 2.22265552251642 122.443055933565 84.7617957112668 0.126691364783436 6.97925418821321 4.83142235554221 0.1577 "amont"
37 "037_fs1" "20" 76 12.3312811373694 -28.1310705073004 1.33105103877652 123.774106972342 84.7617957112668 0.0758699092102618 7.05512409742347 4.83142235554221 0.166 "amont"
37 "037_fs1" "21" 76 15.4987118546643 -30.776255978581 4.12669644223285 127.900803414574 84.7617957112668 0.235221697207272 7.29034579463074 4.83142235554221 0.1743 "amont"
37 "037_fs1" "22" 76 15.2381509245501 -31.0635523579576 0.38785462212649 128.288658036701 84.7617957112668 0.0221077134612099 7.31245350809195 4.83142235554221 0.1826 "amont"
37 "037_fs2" "1" 76 42.8562987822843 16.3079892083948 0 0 133.611576472399 0 0 7.61585985892674 0.0083 "amont"
37 "037_fs2" "2" 76 42.6880718215097 15.9111475382919 0.431026242195899 0.431026242195899 133.611576472399 0.0245684958051662 0.0245684958051662 7.61585985892674 0.0166 "amont"
37 "037_fs2" "3" 76 36.0591837533337 15.5423804005283 6.63913746071736 7.07016370291326 133.611576472399 0.378430835260889 0.402999331066056 7.61585985892674 0.0249 "amont"
37 "037_fs2" "4" 76 32.4715112461047 7.96258747445427 8.3859796578151 15.4561433607284 133.611576472399 0.478000840495461 0.881000171561517 7.61585985892674 0.0332 "amont"
37 "037_fs2" "5" 76 43.5526337561681 2.50696748349367 12.3513183737123 27.8074617344407 133.611576472399 0.7040251473016 1.58502531886312 7.61585985892674 0.0415 "amont"
37 "037_fs2" "6" 76 60.5130121229452 2.02057126886461 16.9673514616114 44.774813196052 133.611576472399 0.967139033311849 2.55216435217497 7.61585985892674 0.0498 "amont"
37 "037_fs2" "7" 76 77.7390969263101 -5.55029926430979 18.8163779267639 63.5911911228159 133.611576472399 1.07253354182554 3.62469789400051 7.61585985892674 0.0581 "amont"
37 "037_fs2" "8" 76 90.2077977533167 -18.5242550236748 17.9942220826396 81.5854132054556 133.611576472399 1.02567065871046 4.65036855271097 7.61585985892674 0.0664 "amont"
37 "037_fs2" "9" 76 102.167016392483 -30.7274770924228 17.0862968287034 98.671710034159 133.611576472399 0.973918919236096 5.62428747194706 7.61585985892674 0.0747 "amont"
37 "037_fs2" "10" 76 118.32188443006 -39.3597735597261 18.3165581813545 116.988268215513 133.611576472399 1.04404381633721 6.66833128828427 7.61585985892674 0.083 "amont"
37 "037_fs2" "11" 76 136.00693688284 -50.5353689462357 20.9202058426908 137.908474058204 133.611576472399 1.19245173303338 7.86078302131764 7.61585985892674 0.0913 "amont"
37 "037_fs2" "12" 76 146.560812884636 -67.9382399192929 20.3529903642232 158.261464422427 133.611576472399 1.16012045076072 9.02090347207837 7.61585985892674 0.0996 "amont"
37 "037_fs3" "1" 76 104.793838281584 -18.8884984142312 0 0 105.588524369563 0 0 6.01854588906511 0.0083 "amont"
37 "037_fs3" "2" 76 108.264078734739 -21.0097162187769 4.06720220508338 4.06720220508338 105.588524369563 0.231830525689753 0.231830525689753 6.01854588906511 0.0166 "amont"
37 "037_fs3" "3" 76 113.66721654799 -13.4347579141894 9.30450920496196 13.3717114100453 105.588524369563 0.530357024682832 0.762187550372585 6.01854588906511 0.0249 "amont"
37 "037_fs3" "4" 76 110.010461934778 -9.7176419951964 5.21428854748933 18.5859999575347 105.588524369563 0.297214447206892 1.05940199757948 6.01854588906511 0.0332 "amont"
37 "037_fs3" "5" 76 100.123142533739 -9.58278399405469 9.88823905549588 28.4742390130306 105.588524369563 0.563629626163265 1.62303162374274 6.01854588906511 0.0415 "amont"
37 "037_fs3" "6" 76 85.0242351464127 -8.33429604418592 15.15043651028 43.6246755233105 105.588524369563 0.863574881085958 2.4866065048287 6.01854588906511 0.0498 "amont"
37 "037_fs3" "7" 76 75.4644357913557 -5.30154259856448 10.0293248611697 53.6540003844802 105.588524369563 0.571671517086674 3.05827802191537 6.01854588906511 0.0581 "amont"
37 "037_fs3" "8" 76 66.5726983614962 -0.51861803897657 10.0965024570033 63.7505028414835 105.588524369563 0.575500640049188 3.63377866196456 6.01854588906511 0.0664 "amont"
37 "037_fs3" "9" 76 56.9081933312689 7.1715966861683 12.3507918773706 76.1012947188541 105.588524369563 0.703995137010124 4.33777379897469 6.01854588906511 0.0747 "amont"
37 "037_fs3" "10" 76 51.5916080354949 13.2410740672365 8.06874431907089 84.170039037925 105.588524369563 0.459918426187041 4.79769222516173 6.01854588906511 0.083 "amont"
37 "037_fs3" "11" 76 47.3933139705313 19.3201255690256 7.38786438812414 91.5579034260492 105.588524369563 0.421108270123076 5.2188004952848 6.01854588906511 0.0913 "amont"
37 "037_fs3" "12" 76 43.112301425272 26.4202223163204 8.29086498705737 99.8487684131065 105.588524369563 0.47257930426227 5.69137979954707 6.01854588906511 0.0996 "amont"
37 "037_fs3" "13" 76 39.73925056414 32.2285058567974 6.71666805777681 106.565436470883 105.588524369563 0.382850079293278 6.07422987884035 6.01854588906511 0.1079 "amont"
37 "037_fs3" "14" 76 37.5881075556663 40.9548689052754 8.98759302019999 115.553029491083 105.588524369563 0.512292802151399 6.58652268099175 6.01854588906511 0.1162 "amont"
37 "037_fs3" "15" 76 36.339288781595 46.2800845891425 5.46968650017321 121.022715991257 105.588524369563 0.311772130509873 6.89829481150162 6.01854588906511 0.1245 "amont"
37 "037_fs3" "16" 76 33.8499358523684 53.4459949413696 7.58598373201555 128.608699723272 105.588524369563 0.432401072724887 7.33069588422651 6.01854588906511 0.1328 "amont"
37 "037_fs3" "17" 76 32.8831111019393 58.4276305307474 5.07458798755109 133.683287710823 105.588524369563 0.289251515290412 7.61994739951692 6.01854588906511 0.1411 "amont"
38 "038_fs1" "1" 76 120.855233241451 35.4394245824192 0 0 123.068959323816 0 0 7.01493068145748 0.0083 "amont"
38 "038_fs1" "2" 76 128.346883183481 38.1932675077247 7.98175856006514 7.98175856006514 123.068959323816 0.454960237923713 0.454960237923713 7.01493068145748 0.0166 "amont"
38 "038_fs1" "3" 76 138.253240189054 34.6677638432128 10.5149933528439 18.4967519129091 123.068959323816 0.599354621112104 1.05431485903582 7.01493068145748 0.0249 "amont"
38 "038_fs1" "4" 76 137.122078398581 16.1879013014206 18.5144496693734 37.0112015822825 123.068959323816 1.05532363115428 2.1096384901901 7.01493068145748 0.0332 "amont"
38 "038_fs1" "5" 76 122.435297413268 7.18730537337473 17.2253378129576 54.2365393952401 123.068959323816 0.981844255338584 3.09148274552869 7.01493068145748 0.0415 "amont"
38 "038_fs1" "6" 76 112.205956907184 3.17614502747548 10.9876664724556 65.2242058676957 123.068959323816 0.626296988929971 3.71777973445866 7.01493068145748 0.0498 "amont"
38 "038_fs1" "7" 76 99.5180049478465 -1.70840989598705 13.5956979123096 78.8199037800053 123.068959323816 0.774954781001644 4.4927345154603 7.01493068145748 0.0581 "amont"
38 "038_fs1" "8" 76 93.9090413885208 -6.01761495899132 7.07316905530083 85.8930728353061 123.068959323816 0.403170636152147 4.89590515161245 7.01493068145748 0.0664 "amont"
38 "038_fs1" "9" 76 85.7910070152433 -10.0824207588908 9.07882857402934 94.9719014093354 123.068959323816 0.517493228719672 5.41339838033212 7.01493068145748 0.0747 "amont"
38 "038_fs1" "10" 76 77.9992958593692 -15.4442540934373 9.45833069013909 104.430232099475 123.068959323816 0.539124849337928 5.95252322967005 7.01493068145748 0.083 "amont"
38 "038_fs1" "11" 76 72.1842035966195 -21.3299644521653 8.27386756306442 112.704099662539 123.068959323816 0.471610451094672 6.42413368076472 7.01493068145748 0.0913 "amont"
38 "038_fs1" "12" 76 66.4032784467253 -27.4824736507618 8.44230211657305 121.146401779112 123.068959323816 0.481211220644664 6.90534490140938 7.01493068145748 0.0996 "amont"
38 "038_fs1" "13" 76 58.5920150810365 -33.6181585873086 9.93289811730288 131.079299896415 123.068959323816 0.566175192686264 7.47152009409565 7.01493068145748 0.1079 "amont"
38 "038_fs1" "14" 76 54.2091735230106 -38.017005917335 6.20960207707702 137.288901973492 123.068959323816 0.35394731839339 7.82546741248904 7.01493068145748 0.1162 "amont"
38 "038_fs1" "15" 76 46.3725439814589 -47.1533065822238 12.0368082318681 149.32571020536 123.068959323816 0.686098069216483 8.51156548170552 7.01493068145748 0.1245 "amont"
38 "038_fs1" "16" 76 41.4544661352295 -50.8344946655722 6.14317795660834 155.468888161968 123.068959323816 0.350161143526675 8.8617266252322 7.01493068145748 0.1328 "amont"
38 "038_fs1" "17" 76 38.3176165386968 -55.848639139385 5.91451352146014 161.383401683429 123.068959323816 0.337127270723228 9.19885389595543 7.01493068145748 0.1411 "amont"
38 "038_fs2" "1" 76 104.455072417567 52.7336148226804 0 0 182.348369160274 0 0 10.3938570421356 0.0083 "amont"
38 "038_fs2" "2" 76 105.856488978528 55.2669133400612 2.8950940840497 2.8950940840497 182.348369160274 0.165020362790833 0.165020362790833 10.3938570421356 0.0166 "amont"
38 "038_fs2" "3" 76 110.89936155584 59.4605155088641 6.55872418852887 9.45381827257857 182.348369160274 0.373847278746146 0.538867641536978 10.3938570421356 0.0249 "amont"
38 "038_fs2" "4" 76 101.509825399434 74.0998626714719 17.3917760616853 26.8455943342638 182.348369160274 0.99133123551606 1.53019887705304 10.3938570421356 0.0332 "amont"
38 "038_fs2" "5" 76 87.085501574151 72.327521330702 14.5328012318627 41.3783955661265 182.348369160274 0.828369670216172 2.35856854726921 10.3938570421356 0.0415 "amont"
38 "038_fs2" "6" 76 74.4909562359481 48.4952027641146 26.9555556525061 68.3339512186326 182.348369160274 1.53646667219285 3.89503521946206 10.3938570421356 0.0498 "amont"
38 "038_fs2" "7" 76 70.6909594789309 39.1448699498122 10.0930024814998 78.4269537001324 182.348369160274 0.57530114144549 4.47033636090755 10.3938570421356 0.0581 "amont"
38 "038_fs2" "8" 76 50.889515062402 20.8850476216176 26.9354471364059 105.362400836538 182.348369160274 1.53532048677514 6.00565684768269 10.3938570421356 0.0664 "amont"
38 "038_fs2" "9" 76 43.3732789920658 12.5464889066114 11.2261019997428 116.588502836281 182.348369160274 0.639887813985338 6.64554466166803 10.3938570421356 0.0747 "amont"
38 "038_fs2" "10" 76 28.3342901759379 -4.12836758583603 22.4548886360039 139.043391472285 182.348369160274 1.27992865225222 7.92547331392025 10.3938570421356 0.083 "amont"
38 "038_fs2" "11" 76 20.8295545826973 -24.0183882548898 21.2587388746331 160.302130346918 182.348369160274 1.21174811585409 9.13722142977434 10.3938570421356 0.0913 "amont"
38 "038_fs2" "12" 76 18.2079048438757 -40.2414282856373 16.433504653369 176.735635000287 182.348369160274 0.936709765242031 10.0739311950164 10.3938570421356 0.0996 "amont"
38 "038_fs2" "13" 76 18.7581785667259 -56.8562072349899 16.6238888562788 193.359523856566 182.348369160274 0.947561664807891 11.0214928598243 10.3938570421356 0.1079 "amont"
38 "038_fs2" "14" 76 22.8864307830612 -76.5810019202723 20.1521708939316 213.511694750497 182.348369160274 1.1486737409541 12.1701666007784 10.3938570421356 0.1162 "amont"
38 "038_fs2" "15" 76 28.5537187449846 -92.2721212250801 16.6832064628198 230.194901213317 182.348369160274 0.950942768380731 13.1211093691591 10.3938570421356 0.1245 "amont"
38 "038_fs2" "16" 76 36.2020508853312 -106.401677316045 16.0667775193653 246.261678732683 182.348369160274 0.915806318603822 14.0369156877629 10.3938570421356 0.1328 "amont"
38 "038_fs2" "17" 76 43.3627333197399 -119.07632039344 14.5575392860815 260.819218018764 182.348369160274 0.829779739306646 14.8666954270696 10.3938570421356 0.1411 "amont"
38 "038_fs3" "1" 76 90.5756337652023 38.5270281848785 0 0 127.980482324263 0 0 7.29488749248296 0.0083 "amont"
38 "038_fs3" "2" 76 95.6175762138851 42.7923946164526 6.60413010558004 6.60413010558004 127.980482324263 0.376435416018062 0.376435416018062 7.29488749248296 0.0166 "amont"
38 "038_fs3" "3" 76 105.791041912768 44.0561580922471 10.2516585218734 16.8557886274534 127.980482324263 0.584344535746782 0.960779951764845 7.29488749248296 0.0249 "amont"
38 "038_fs3" "4" 76 108.68240515816 26.8082087141757 17.4886174172036 34.344406044657 127.980482324263 0.996851192780606 1.95763114454545 7.29488749248296 0.0332 "amont"
38 "038_fs3" "5" 76 96.211363355016 17.6777944521294 15.4561103856159 49.8005164302729 127.980482324263 0.880998291980106 2.83862943652556 7.29488749248296 0.0415 "amont"
38 "038_fs3" "6" 76 74.7835092252973 6.45987247365224 24.1866638071418 73.9871802374147 127.980482324263 1.37863983700708 4.21726927353264 7.29488749248296 0.0498 "amont"
38 "038_fs3" "7" 76 61.5518162464635 -4.92917638656024 17.4581824090146 91.4453626464293 127.980482324263 0.995116397313832 5.21238567084647 7.29488749248296 0.0581 "amont"
38 "038_fs3" "8" 76 57.7390430628125 -22.6719701367622 18.1478364939784 109.593199140408 127.980482324263 1.03442668015677 6.24681235100324 7.29488749248296 0.0664 "amont"
38 "038_fs3" "9" 76 59.4952961930299 -37.7873180656413 15.2170354559772 124.810234596385 127.980482324263 0.867371020990702 7.11418337199394 7.29488749248296 0.0747 "amont"
38 "038_fs3" "10" 76 60.7451760993923 -52.5341051292974 14.7996597420732 139.609894338458 127.980482324263 0.843580605298175 7.95776397729212 7.29488749248296 0.083 "amont"
38 "038_fs3" "11" 76 63.6865805206912 -64.5274224633437 12.3487457113981 151.958640049856 127.980482324263 0.70387850554969 8.66164248284181 7.29488749248296 0.0913 "amont"
38 "038_fs3" "12" 76 59.9573911909308 -76.5540521648035 12.5915318779422 164.550171927798 127.980482324263 0.717717317042704 9.37935979988451 7.29488749248296 0.0996 "amont"
38 "038_fs3" "13" 76 57.0100011743356 -84.9733854368006 8.92032962703075 173.470501554829 127.980482324263 0.508458788740753 9.88781858862526 7.29488749248296 0.1079 "amont"
39 "039_fs1" "1" 76 89.7729059612081 15.6825217621797 0 0 84.1369164929135 0 0 4.79580424009607 0.0083 "amont"
39 "039_fs1" "2" 76 91.8281617053851 19.7486124706539 4.55600371197311 4.55600371197311 84.1369164929135 0.259692211582467 0.259692211582467 4.79580424009607 0.0166 "amont"
39 "039_fs1" "3" 76 99.0647565677446 13.8226433395333 9.3533638518408 13.9093675638139 84.1369164929135 0.533141739554925 0.792833951137393 4.79580424009607 0.0249 "amont"
39 "039_fs1" "4" 76 98.9507541060213 4.79373896450596 9.02962406607644 22.9389916298903 84.1369164929135 0.514688571766357 1.30752252290375 4.79580424009607 0.0332 "amont"
39 "039_fs1" "5" 76 86.4705365846222 1.02311865085352 13.0373849728834 35.9763766027737 84.1369164929135 0.743130943454353 2.0506534663581 4.79580424009607 0.0415 "amont"
39 "039_fs1" "6" 76 73.5050751492833 0.390724167207566 12.9808748940203 48.957251496794 84.1369164929135 0.739909868959156 2.79056333531726 4.79580424009607 0.0498 "amont"
39 "039_fs1" "7" 76 57.2028668154338 -1.40995754762338 16.4013551634723 65.3586066602663 84.1369164929135 0.93487724431792 3.72544057963518 4.79580424009607 0.0581 "amont"
39 "039_fs1" "8" 76 48.1303193438895 -4.47637594510388 9.57674471894452 74.9353513792108 84.1369164929135 0.545874448979838 4.27131502861502 4.79580424009607 0.0664 "amont"
39 "039_fs1" "9" 76 38.7569819603059 -6.20431313853692 9.53127591935807 84.4666272985689 84.1369164929135 0.54328272740341 4.81459775601843 4.79580424009607 0.0747 "amont"
39 "039_fs1" "10" 76 32.2514087755021 -9.61585694934223 7.34582286989567 91.8124501684646 84.1369164929135 0.418711903584053 5.23330965960248 4.79580424009607 0.083 "amont"
39 "039_fs1" "11" 76 26.3519465017135 -13.5260777291617 7.07767487716036 98.8901250456249 84.1369164929135 0.403427467998141 5.63673712760062 4.79580424009607 0.0913 "amont"
39 "039_fs1" "12" 76 21.8493423473826 -17.1949537824257 5.80810603078249 104.698231076407 84.1369164929135 0.331062043754602 5.96779917135522 4.79580424009607 0.0996 "amont"
39 "039_fs1" "13" 76 18.2688115024491 -19.2923246443776 4.1495982533355 108.847829329743 84.1369164929135 0.236527100440124 6.20432627179535 4.79580424009607 0.1079 "amont"
39 "039_fs1" "14" 76 17.4529034921121 -22.9246296851979 3.7228142299745 112.570643559717 84.1369164929135 0.212200411108547 6.41652668290389 4.79580424009607 0.1162 "amont"
39 "039_fs1" "15" 76 16.3536567396668 -25.6953387134337 2.98080055386282 115.55144411358 84.1369164929135 0.169905631570181 6.58643231447407 4.79580424009607 0.1245 "amont"
39 "039_fs1" "16" 76 16.434752190748 -30.0273592080811 4.3327794818374 119.884223595418 84.1369164929135 0.246968430464732 6.83340074493881 4.79580424009607 0.1328 "amont"
39 "039_fs1" "17" 76 18.1257248569667 -32.5198841499018 3.01198757359605 122.896211169014 84.1369164929135 0.171683291694975 7.00508403663378 4.79580424009607 0.1411 "amont"
39 "039_fs1" "18" 76 19.4350800293446 -33.150122635992 1.4531385057117 124.349349674725 84.1369164929135 0.0828288948255669 7.08791293145935 4.79580424009607 0.1494 "amont"
39 "039_fs1" "19" 76 20.9003127408255 -35.0412901399459 2.39236732689713 126.741717001623 84.1369164929135 0.136364937633136 7.22427786909248 4.79580424009607 0.1577 "amont"
39 "039_fs1" "20" 76 23.0262825209059 -35.5415836595259 2.18404237860644 128.925759380229 84.1369164929135 0.124490415580567 7.34876828467305 4.79580424009607 0.166 "amont"
39 "039_fs2" "1" 76 98.4804067981125 53.7332648742286 0 0 129.180322501398 0 0 7.36327838257969 0.0083 "amont"
39 "039_fs2" "2" 76 100.226279519136 57.2523058759472 3.92832294112776 3.92832294112776 129.180322501398 0.223914407644282 0.223914407644282 7.36327838257969 0.0166 "amont"
39 "039_fs2" "3" 76 110.293843763473 51.0013283257211 11.8503405076514 15.7786634487792 129.180322501398 0.67546940893613 0.899383816580412 7.36327838257969 0.0249 "amont"
39 "039_fs2" "4" 76 113.340598241328 34.1621550915801 17.1125821563474 32.8912456051266 129.180322501398 0.975417182911803 1.87480099949222 7.36327838257969 0.0332 "amont"
39 "039_fs2" "5" 76 102.015202141794 24.2360934705351 15.0595914989791 47.9508371041056 129.180322501398 0.858396715441806 2.73319771493402 7.36327838257969 0.0415 "amont"
39 "039_fs2" "6" 76 81.6081715214221 18.2402697266915 21.2696215553553 69.2204586594609 129.180322501398 1.21236842865525 3.94556614358927 7.36327838257969 0.0498 "amont"
39 "039_fs2" "7" 76 61.1840483733891 10.0528958264226 22.0040427592027 91.2245014186637 129.180322501398 1.25423043727455 5.19979658086383 7.36327838257969 0.0581 "amont"
39 "039_fs2" "8" 76 47.3379492754029 -6.24657275122763 21.3866111421389 112.611112560803 129.180322501398 1.21903683510192 6.41883341596575 7.36327838257969 0.0664 "amont"
39 "039_fs2" "9" 76 40.2987145413541 -20.4918900392133 15.8896158001514 128.500728360954 129.180322501398 0.905708100608632 7.32454151657438 7.36327838257969 0.0747 "amont"
39 "039_fs2" "10" 76 39.4569740673647 -35.0301049303604 14.5625622486815 143.063290609636 129.180322501398 0.830066048174845 8.15460756474923 7.36327838257969 0.083 "amont"
39 "039_fs2" "11" 76 44.1210640869038 -48.0966086420308 13.8739776184575 156.937268228093 129.180322501398 0.790816724252079 8.94542428900131 7.36327838257969 0.0913 "amont"
39 "039_fs2" "12" 76 49.5866252085282 -57.3169203704681 10.7185123381825 167.655780566276 129.180322501398 0.610955203276403 9.55637949227771 7.36327838257969 0.0996 "amont"
39 "039_fs2" "13" 76 55.9402995679166 -63.5198074998034 8.87946995064588 176.535250516921 129.180322501398 0.506129787186815 10.0625092794645 7.36327838257969 0.1079 "amont"
39 "039_fs2" "14" 76 62.6834584178725 -68.1356406113325 8.17166486031011 184.706915377232 129.180322501398 0.465784897037676 10.5282941765022 7.36327838257969 0.1162 "amont"
39 "039_fs2" "15" 76 66.760735148889 -71.5156017685421 5.29606674481489 190.002982122046 129.180322501398 0.301875804454449 10.8301699809566 7.36327838257969 0.1245 "amont"
39 "039_fs2" "16" 76 72.1702265095208 -73.5807348598843 5.79028250310006 195.793264625147 129.180322501398 0.330046102676704 11.1602160836334 7.36327838257969 0.1328 "amont"
39 "039_fs2" "17" 76 77.9315316273778 -73.802218230603 5.76556081786933 201.558825443016 129.180322501398 0.328636966618552 11.4888530502519 7.36327838257969 0.1411 "amont"
39 "039_fs3" "1" 76 85.6175803259162 -25.4603570849171 0 0 124.028862028707 0 0 7.06964513563629 0.0083 "amont"
39 "039_fs3" "2" 76 85.1372566464427 -25.2898248656585 0.509698023213966 0.509698023213966 124.028862028707 0.0290527873231961 0.0290527873231961 7.06964513563629 0.0166 "amont"
39 "039_fs3" "3" 76 79.736220262669 -29.7695868733393 7.01708355831022 7.52678158152419 124.028862028707 0.399973762823683 0.429026550146879 7.06964513563629 0.0249 "amont"
39 "039_fs3" "4" 76 94.337854488444 -34.9839253758133 15.5047427609008 23.031524342425 124.028862028707 0.883770337371347 1.31279688751823 7.06964513563629 0.0332 "amont"
39 "039_fs3" "5" 76 92.1006326677879 -32.6912423597191 3.20336649278639 26.2348908352114 124.028862028707 0.182591890088824 1.49538877760705 7.06964513563629 0.0415 "amont"
39 "039_fs3" "6" 76 99.0530588504382 -16.3650093165332 17.7449180106761 43.9798088458875 124.028862028707 1.01146032660854 2.50684910421559 7.06964513563629 0.0498 "amont"
39 "039_fs3" "7" 76 107.421084415932 1.05672277175182 19.3271984731553 63.3070073190428 124.028862028707 1.10165031296985 3.60849941718544 7.06964513563629 0.0581 "amont"
39 "039_fs3" "8" 76 121.573150561945 10.5439016435374 17.0378267142961 80.3448340333389 124.028862028707 0.971156122714878 4.57965553990032 7.06964513563629 0.0664 "amont"
39 "039_fs3" "9" 76 131.801367320236 13.8027989487456 10.7348418572645 91.0796758906034 124.028862028707 0.611885985864078 5.1915415257644 7.06964513563629 0.0747 "amont"
39 "039_fs3" "10" 76 143.969383902724 15.9840186465493 12.3619718055733 103.441647696177 124.028862028707 0.704632392917678 5.89617391868207 7.06964513563629 0.083 "amont"
39 "039_fs3" "11" 76 158.351374315843 18.8204192184423 14.65901826342 118.100665959597 124.028862028707 0.835564041014942 6.73173795969702 7.06964513563629 0.0913 "amont"
39 "039_fs3" "12" 76 170.593072601788 17.9036261150743 12.275980063461 130.376646023058 124.028862028707 0.699730863617277 7.43146882331429 7.06964513563629 0.0996 "amont"
39 "039_fs3" "13" 76 181.987198722053 16.6462364321117 11.4632952879757 141.839941311033 124.028862028707 0.653407831414614 8.08487665472891 7.06964513563629 0.1079 "amont"
39 "039_fs3" "14" 76 189.868111612569 15.5137010541435 7.96187316969135 149.801814480725 124.028862028707 0.453826770672407 8.53870342540132 7.06964513563629 0.1162 "amont"
39 "039_fs3" "15" 76 197.291676968385 14.2194665577759 7.53554016137258 157.337354642097 124.028862028707 0.429525789198237 8.96822921459955 7.06964513563629 0.1245 "amont"
39 "039_fs3" "16" 76 203.489404048322 13.1322819605032 6.29235975655648 163.629714398654 124.028862028707 0.358664506123719 9.32689372072327 7.06964513563629 0.1328 "amont"
40 "040_fs1" "1" 76 42.188066544353 16.2366219459258 0 0 87.9556603677196 0 0 5.01347264096001 0.0083 "amont"
40 "040_fs1" "2" 76 38.6250159312637 18.7458080425477 4.35790598096341 4.35790598096341 87.9556603677196 0.248400640914915 0.248400640914915 5.01347264096001 0.0166 "amont"
40 "040_fs1" "3" 76 36.4880629651752 25.4840485995999 7.06897827015882 11.4268842511222 87.9556603677196 0.402931761399053 0.651332402313967 5.01347264096001 0.0249 "amont"
40 "040_fs1" "4" 76 47.4131991852641 30.0350645027835 11.8351319037233 23.2620161548455 87.9556603677196 0.674602518512226 1.32593492082619 5.01347264096001 0.0332 "amont"
40 "040_fs1" "5" 76 54.016859031875 22.2750880744694 10.1894826923515 33.451498847197 87.9556603677196 0.580800513464038 1.90673543429023 5.01347264096001 0.0415 "amont"
40 "040_fs1" "6" 76 65.1973564054362 7.14899240512869 18.8096329501204 52.2611317973175 87.9556603677196 1.07214907815687 2.9788845124471 5.01347264096001 0.0498 "amont"
40 "040_fs1" "7" 76 73.5785102639214 -3.38843931621432 13.4640709772924 65.7252027746099 87.9556603677196 0.767452045705667 3.74633655815276 5.01347264096001 0.0581 "amont"
40 "040_fs1" "8" 76 82.9455090681077 -10.0430407978819 11.4901865727864 77.2153893473962 87.9556603677196 0.654940634648822 4.40127719280158 5.01347264096001 0.0664 "amont"
40 "040_fs1" "9" 76 90.0345668701011 -13.5387548658935 7.90409750479445 85.1194868521907 87.9556603677196 0.450533557773283 4.85181075057487 5.01347264096001 0.0747 "amont"
40 "040_fs1" "10" 76 97.0164967676985 -14.6786737766806 7.07437348590915 92.1938603380998 87.9556603677196 0.403239288696822 5.25505003927169 5.01347264096001 0.083 "amont"
40 "040_fs1" "11" 76 104.234708659081 -15.2115605772954 7.23785543176742 99.4317157698673 87.9556603677196 0.412557759610743 5.66760779888243 5.01347264096001 0.0913 "amont"
40 "040_fs1" "12" 76 109.55432435166 -14.9499063701203 5.32604675541487 104.757762525282 87.9556603677196 0.303584665058648 5.97119246394108 5.01347264096001 0.0996 "amont"
40 "040_fs1" "13" 76 115.36848685913 -14.239871627005 5.85735733925297 110.615119864535 87.9556603677196 0.333869368337419 6.3050618322785 5.01347264096001 0.1079 "amont"
40 "040_fs1" "14" 76 120.209175730003 -13.0527271703791 4.98413289404399 115.599252758579 87.9556603677196 0.284095574960507 6.58915740723901 5.01347264096001 0.1162 "amont"
40 "040_fs1" "15" 76 123.553032722779 -10.9659637585626 3.94156835853864 119.540821117118 87.9556603677196 0.224669396436702 6.81382680367571 5.01347264096001 0.1245 "amont"
40 "040_fs1" "16" 76 127.093515346209 -9.05183643839644 4.02478578369288 123.565606900811 87.9556603677196 0.229412789670494 7.0432395933462 5.01347264096001 0.1328 "amont"
40 "040_fs1" "17" 76 127.083541285117 -7.01033760401867 2.04152319914824 125.607130099959 87.9556603677196 0.11636682235145 7.15960641569765 5.01347264096001 0.1411 "amont"
40 "040_fs1" "18" 76 127.916864721603 -3.63946136885482 3.47235288278557 129.079482982744 87.9556603677196 0.197924114318778 7.35753053001643 5.01347264096001 0.1494 "amont"
40 "040_fs1" "19" 76 128.235947524519 -1.98315767801097 1.68675894881862 130.766241931563 87.9556603677196 0.0961452600826611 7.45367579009909 5.01347264096001 0.1577 "amont"
40 "040_fs2" "1" 76 73.4325334704973 -39.6832510845372 0 0 128.463187142537 0 0 7.3224016671246 0.0083 "amont"
40 "040_fs2" "2" 76 74.5891696359693 -40.1561086123599 1.24956050709694 1.24956050709694 128.463187142537 0.0712249489045255 0.0712249489045255 7.3224016671246 0.0166 "amont"
40 "040_fs2" "3" 76 82.8428407155202 -33.3853225573092 10.6755154485713 11.9250759556682 128.463187142537 0.608504380568563 0.679729329473088 7.3224016671246 0.0249 "amont"
40 "040_fs2" "4" 76 77.211369032891 -24.3293143019853 10.664181114026 22.5892570696942 128.463187142537 0.607858323499483 1.28758765297257 7.3224016671246 0.0332 "amont"
40 "040_fs2" "5" 76 64.9562306653909 -22.9658158996258 12.3307560311527 34.920013100847 128.463187142537 0.702853093775706 1.99044074674828 7.3224016671246 0.0415 "amont"
40 "040_fs2" "6" 76 48.6493646880933 -16.1511238045809 17.673536894233 52.5935499950799 128.463187142537 1.00739160297128 2.99783234971956 7.3224016671246 0.0498 "amont"
40 "040_fs2" "7" 76 38.374740471244 -9.8260829206655 12.0654069546231 64.658956949703 128.463187142537 0.687728196413516 3.68556054613307 7.3224016671246 0.0581 "amont"
40 "040_fs2" "8" 76 29.2376903456867 2.37022831756087 15.2392812434391 79.8982381931421 128.463187142537 0.868639030876026 4.5541995770091 7.3224016671246 0.0664 "amont"
40 "040_fs2" "9" 76 25.3517222259175 11.0240968736345 9.48631589257191 89.384554085714 128.463187142537 0.540720005876599 5.0949195828857 7.3224016671246 0.0747 "amont"
40 "040_fs2" "10" 76 22.2115807596551 17.3630628689785 7.074106185114 96.458660270828 128.463187142537 0.403224052551498 5.4981436354372 7.3224016671246 0.083 "amont"
40 "040_fs2" "11" 76 19.8568040455405 27.7187064988991 10.6199966272712 107.078656898099 128.463187142537 0.605339807754458 6.10348344319165 7.3224016671246 0.0913 "amont"
40 "040_fs2" "12" 76 17.5147928994084 36.3680371371347 8.96080000324346 116.039456901343 128.463187142537 0.510765600184877 6.61424904337653 7.3224016671246 0.0996 "amont"
40 "040_fs2" "13" 76 16.5167333707028 42.3432373003017 6.05798149656724 122.09743839791 128.463187142537 0.345304945304333 6.95955398868086 7.3224016671246 0.1079 "amont"
40 "040_fs2" "14" 76 17.1665349279755 52.0487061512944 9.72719731893126 131.824635716841 128.463187142537 0.554450247179082 7.51400423585995 7.3224016671246 0.1162 "amont"
40 "040_fs2" "15" 76 18.0029532658166 58.6601022177755 6.66409435585652 138.488730072698 128.463187142537 0.379853378283822 7.89385761414377 7.3224016671246 0.1245 "amont"
40 "040_fs2" "16" 76 17.5824175824176 64.7337289037943 6.08816814667036 144.576898219368 128.463187142537 0.34702558436021 8.24088319850398 7.3224016671246 0.1328 "amont"
40 "040_fs2" "17" 76 18.3016049844324 69.845257401121 5.16187505643054 149.738773275799 128.463187142537 0.294226878216541 8.53511007672052 7.3224016671246 0.1411 "amont"
40 "040_fs2" "18" 76 17.4010985477225 75.9163542405386 6.13751812022924 155.876291396028 128.463187142537 0.349838532853067 8.88494860957358 7.3224016671246 0.1494 "amont"
40 "040_fs3" "1" 76 113.312306708524 -17.0856837784707 0 0 119.651001552522 0 0 6.82010708849376 0.0083 "amont"
40 "040_fs3" "2" 76 115.103604081624 -19.2058061596917 2.77554772796815 2.77554772796815 119.651001552522 0.158206220494184 0.158206220494184 6.82010708849376 0.0166 "amont"
40 "040_fs3" "3" 76 120.198049917233 -8.92393790167534 11.4747633198754 14.2503110478436 119.651001552522 0.654061509232899 0.812267729727083 6.82010708849376 0.0249 "amont"
40 "040_fs3" "4" 76 112.957802812304 2.32862164313389 13.3806305699661 27.6309416178096 119.651001552522 0.762695942488065 1.57496367221515 6.82010708849376 0.0332 "amont"
40 "040_fs3" "5" 76 99.766864745113 -0.0275521102663561 13.3997164838918 41.0306581017014 119.651001552522 0.763783839581831 2.33874751179698 6.82010708849376 0.0415 "amont"
40 "040_fs3" "6" 76 80.8400737217418 -10.0346165987231 21.4094548767244 62.4401129784258 119.651001552522 1.22033892797329 3.55908643977027 6.82010708849376 0.0498 "amont"
40 "040_fs3" "7" 76 60.7684649909565 -12.6055261446919 20.2355887716491 82.6757017500748 119.651001552522 1.153428559984 4.71251499975427 6.82010708849376 0.0581 "amont"
40 "040_fs3" "8" 76 46.0732639529159 -6.43516777866313 15.9380756653258 98.6137774154006 119.651001552522 0.908470312923571 5.62098531267784 6.82010708849376 0.0664 "amont"
40 "040_fs3" "9" 76 36.3225833395214 -1.84054877585839 10.7789747288581 109.392752144259 119.651001552522 0.614401559544912 6.23538687222275 6.82010708849376 0.0747 "amont"
40 "040_fs3" "10" 76 26.2530067580537 7.44483949345926 13.6972554857542 123.090007630013 119.651001552522 0.780743562687991 7.01613043491074 6.82010708849376 0.083 "amont"
40 "040_fs3" "11" 76 19.7049160255035 16.4561862685268 11.1392038738067 134.22921150382 119.651001552522 0.634934620806981 7.65106505571772 6.82010708849376 0.0913 "amont"
40 "040_fs3" "12" 76 16.7331367048615 26.5793947857802 10.5503944482843 144.779605952104 119.651001552522 0.601372483552202 8.25243753926993 6.82010708849376 0.0996 "amont"
40 "040_fs3" "13" 76 14.5268803791349 33.8433294926382 7.59159498394803 152.371200936052 119.651001552522 0.432720914085038 8.68515845335496 6.82010708849376 0.1079 "amont"
40 "040_fs3" "14" 76 14.0696668323321 38.6244545530246 4.80293671314071 157.174137649193 119.651001552522 0.27376739264902 8.95892584600398 6.82010708849376 0.1162 "amont"
40 "040_fs3" "15" 76 14.6336188267322 45.6402941516856 7.03846908966202 164.212606738855 119.651001552522 0.401192738110735 9.36011858411472 6.82010708849376 0.1245 "amont"
40 "040_fs3" "16" 76 15.4292960578579 49.3060809825882 3.75114587103071 167.963752609885 119.651001552522 0.213815314648751 9.57393389876347 6.82010708849376 0.1328 "amont"
40 "040_fs3" "17" 76 15.7688050638179 52.2080927055028 2.9218039641738 170.885556574059 119.651001552522 0.166542825957906 9.74047672472137 6.82010708849376 0.1411 "amont"
40 "040_fs4" "1" 76 112.437766842681 -7.87158035407623 0 0 94.8355939866454 0 0 5.40562885723879 0.0083 "amont"
40 "040_fs4" "2" 76 117.946697029939 -7.02717452950588 5.57326950762753 5.57326950762753 94.8355939866454 0.317676361934769 0.317676361934769 5.40562885723879 0.0166 "amont"
40 "040_fs4" "3" 76 117.113347023618 3.23317891342663 10.2941403238411 15.8674098314687 94.8355939866454 0.586765998458945 0.904442360393714 5.40562885723879 0.0249 "amont"
40 "040_fs4" "4" 76 108.505906402268 3.7675989945734 8.62401524077962 24.4914250722483 94.8355939866454 0.491568868724438 1.39601122911815 5.40562885723879 0.0332 "amont"
40 "040_fs4" "5" 76 97.7051979792126 -3.48741029008841 13.0111668254768 37.5025918977251 94.8355939866454 0.741636509052179 2.13764773817033 5.40562885723879 0.0415 "amont"
40 "040_fs4" "6" 76 84.789694446508 -9.26573980107327 14.1491810166109 51.6517729143361 94.8355939866454 0.806503317946824 2.94415105611716 5.40562885723879 0.0498 "amont"
40 "040_fs4" "7" 76 74.5255234082856 -10.789907223215 10.3767188182297 62.0284917325657 94.8355939866454 0.591472972639091 3.53562402875625 5.40562885723879 0.0581 "amont"
40 "040_fs4" "8" 76 64.3905779301494 -6.49035075493271 11.0092372882385 73.0377290208042 94.8355939866454 0.627526525429595 4.16315055418584 5.40562885723879 0.0664 "amont"
40 "040_fs4" "9" 76 54.7727729567958 2.31753005656492 13.0415082293044 86.0792372501086 94.8355939866454 0.743365969070349 4.90651652325619 5.40562885723879 0.0747 "amont"
40 "040_fs4" "10" 76 47.7170391319788 8.56409715770207 9.42353332650104 95.5027705766096 94.8355939866454 0.537141399610559 5.44365792286675 5.40562885723879 0.083 "amont"
40 "040_fs4" "11" 76 42.6626957055124 14.6303288530306 7.89592011446877 103.398690691078 94.8355939866454 0.45006744652472 5.89372536939147 5.40562885723879 0.0913 "amont"
40 "040_fs4" "12" 76 39.4565022871267 20.4019519805299 6.60237152559477 110.001062216673 94.8355939866454 0.376335176958902 6.27006054635037 5.40562885723879 0.0996 "amont"
40 "040_fs4" "13" 76 37.442356114859 27.3582932058173 7.24206241659747 117.243124633271 94.8355939866454 0.412797557746056 6.68285810409643 5.40562885723879 0.1079 "amont"
40 "040_fs4" "14" 76 35.8286740225916 33.8894468098297 6.72755061624278 123.970675249513 94.8355939866454 0.383470385125839 7.06632848922227 5.40562885723879 0.1162 "amont"
40 "040_fs4" "15" 76 35.8796337343006 38.8773230410462 4.98813654485841 128.958811794372 94.8355939866454 0.284323783056929 7.3506522722792 5.40562885723879 0.1245 "amont"
40 "040_fs4" "16" 76 33.4623430869651 44.6324416766689 6.24216986181787 135.20098165619 94.8355939866454 0.355803682123618 7.70645595440281 5.40562885723879 0.1328 "amont"
41 "041_fs1" "1" 76 153.692481984083 -26.4213584452704 0 0 110.853317991275 0 0 6.31863912550266 0.0083 "amont"
41 "041_fs1" "2" 76 156.051067789891 -27.6906285068605 2.67842742903515 2.67842742903515 110.853317991275 0.152670363455004 0.152670363455004 6.31863912550266 0.0166 "amont"
41 "041_fs1" "3" 76 155.217217364661 -37.5115403037634 9.85624751384637 12.5346749428815 110.853317991275 0.561806108289243 0.714476471744247 6.31863912550266 0.0249 "amont"
41 "041_fs1" "4" 76 143.08729939282 -33.5940391270195 12.7468319779222 25.2815069208038 110.853317991275 0.726569422741568 1.44104589448581 6.31863912550266 0.0332 "amont"
41 "041_fs1" "5" 76 139.143158501171 -20.044498336069 14.1119205999329 39.3934275207366 110.853317991275 0.804379474196173 2.24542536868199 6.31863912550266 0.0415 "amont"
41 "041_fs1" "6" 76 132.928800637668 -6.18885153794463 15.1854269564624 54.578854477199 110.853317991275 0.865569336518359 3.11099470520035 6.31863912550266 0.0498 "amont"
41 "041_fs1" "7" 76 123.971454008877 4.37659003047895 13.8514480890659 68.4303025662649 110.853317991275 0.789532541076754 3.9005272462771 6.31863912550266 0.0581 "amont"
41 "041_fs1" "8" 76 109.279395313484 14.0888273751603 17.6120453936587 86.0423479599236 110.853317991275 1.00388658743855 4.90441383371565 6.31863912550266 0.0664 "amont"
41 "041_fs1" "9" 76 101.035458775265 19.0164317143996 9.60436224693094 95.6467102068546 110.853317991275 0.547448648075064 5.45186248179071 6.31863912550266 0.0747 "amont"
41 "041_fs1" "10" 76 90.3931662288353 23.8398760635449 11.6843487637564 107.331058970611 110.853317991275 0.666007879534113 6.11787036132482 6.31863912550266 0.083 "amont"
41 "041_fs1" "11" 76 80.9881166903998 25.7931270073776 9.6057350614104 116.936794032021 110.853317991275 0.547526898500393 6.66539725982522 6.31863912550266 0.0913 "amont"
41 "041_fs1" "12" 76 73.1357593258726 26.0476355609388 7.85648081421195 124.793274846233 110.853317991275 0.447819406410081 7.1132166662353 6.31863912550266 0.0996 "amont"
41 "041_fs1" "13" 76 63.7210943530214 25.6595783676825 9.42265912236399 134.215933968597 110.853317991275 0.537091569974747 7.65030823621005 6.31863912550266 0.1079 "amont"
41 "041_fs1" "14" 76 60.6958476815213 26.7598886019407 3.21913032277908 137.435064291376 110.853317991275 0.183490428398408 7.83379866460845 6.31863912550266 0.1162 "amont"
41 "041_fs1" "15" 76 55.3985688746804 24.8306147393386 5.63766444499186 143.072728736368 110.853317991275 0.321346873364536 8.15514553797299 6.31863912550266 0.1245 "amont"
41 "041_fs2" "1" 76 162.449991919743 29.7890872914621 0 0 132.618728274642 0 0 7.55926751165459 0.0083 "amont"
41 "041_fs2" "2" 76 162.03756340552 33.1310541184774 3.36731934217931 3.36731934217931 132.618728274642 0.191937202504221 0.191937202504221 7.55926751165459 0.0166 "amont"
41 "041_fs2" "3" 76 149.652282782201 35.4032887222356 12.5919905580046 15.9593099001839 132.618728274642 0.717743461806261 0.909680664310482 7.55926751165459 0.0249 "amont"
41 "041_fs2" "4" 76 144.772729612209 25.793880376934 10.7773265648551 26.736636465039 132.618728274642 0.61430761419674 1.52398827850722 7.55926751165459 0.0332 "amont"
41 "041_fs2" "5" 76 147.030428239593 6.27707695416609 19.6469544442658 46.3835909093048 132.618728274642 1.11987640332315 2.64386468183038 7.55926751165459 0.0415 "amont"
41 "041_fs2" "6" 76 139.971320708089 -15.0210056683543 22.437453566237 68.8210444755418 132.618728274642 1.27893485327551 3.92279953510588 7.55926751165459 0.0498 "amont"
41 "041_fs2" "7" 76 129.380109401521 -21.9956412112318 12.6814548809016 81.5024993564435 132.618728274642 0.722842928211393 4.64564246331728 7.55926751165459 0.0581 "amont"
41 "041_fs2" "8" 76 110.95885321047 -24.7495976020441 18.6259752887958 100.128474645239 132.618728274642 1.06168059146136 5.70732305477864 7.55926751165459 0.0664 "amont"
41 "041_fs2" "9" 76 92.9897992178522 -28.7212918267708 18.4027513270256 118.531225972265 132.618728274642 1.04895682564046 6.75627988041909 7.55926751165459 0.0747 "amont"
41 "041_fs2" "10" 76 80.2484932804378 -34.695923373692 14.0725654772773 132.603791449542 132.618728274642 0.802136232204807 7.5584161126239 7.55926751165459 0.083 "amont"
41 "041_fs2" "11" 76 68.1744896504794 -40.4437125099273 13.372308836206 145.976100285748 132.618728274642 0.762221603663742 8.32063771628764 7.55926751165459 0.0913 "amont"
41 "041_fs2" "12" 76 53.9766257371161 -46.5080680827263 15.4387741811234 161.414874466872 132.618728274642 0.880010128324033 9.20064784461168 7.55926751165459 0.0996 "amont"
42 "042_fs1" "1" 76 62.6679214628784 61.4742023124933 0 0 190.382703490139 0 0 10.8518140989379 0.0083 "amont"
42 "042_fs1" "2" 76 66.3442543987405 65.3503462572294 5.34227626912151 5.34227626912151 190.382703490139 0.304509747339926 0.304509747339926 10.8518140989379 0.0166 "amont"
42 "042_fs1" "3" 76 58.2772146275724 72.9705559055345 11.0970593291074 16.4393355982289 190.382703490139 0.632532381759123 0.937042129099049 10.8518140989379 0.0249 "amont"
42 "042_fs1" "4" 76 40.9379168282288 67.1307071913357 18.2963133220617 34.7356489202906 190.382703490139 1.04288985935751 1.97993198845656 10.8518140989379 0.0332 "amont"
42 "042_fs1" "5" 76 41.8581948830669 52.7363665546539 14.4237288543235 49.1593777746141 190.382703490139 0.822152544696442 2.80208453315301 10.8518140989379 0.0415 "amont"
42 "042_fs1" "6" 76 50.9170573168231 30.6513149033602 23.8707455902414 73.0301233648556 190.382703490139 1.36063249864376 4.16271703179677 10.8518140989379 0.0498 "amont"
42 "042_fs1" "7" 76 54.1116642782409 5.28252888449424 25.5691379930757 98.5992613579313 190.382703490139 1.45744086560532 5.62015789740208 10.8518140989379 0.0581 "amont"
42 "042_fs1" "8" 76 48.8548292350695 -16.3075662111365 22.220857789687 120.820119147618 190.382703490139 1.26658889401216 6.88674679141424 10.8518140989379 0.0664 "amont"
42 "042_fs1" "9" 76 44.1643107011275 -32.5284506240013 16.8854391489465 137.705558296565 190.382703490139 0.962470031489948 7.84921682290419 10.8518140989379 0.0747 "amont"
42 "042_fs1" "10" 76 32.5920550673356 -53.5530007173365 23.9989334571557 161.70449175372 190.382703490139 1.36793920705788 9.21715602996207 10.8518140989379 0.083 "amont"
42 "042_fs1" "11" 76 22.3193986636343 -66.5920311979958 16.5995116031788 178.304003356899 190.382703490139 0.946172161381191 10.1633281913433 10.8518140989379 0.0913 "amont"
42 "042_fs1" "12" 76 13.4154590229085 -84.1318433568524 19.6704131042961 197.974416461195 190.382703490139 1.12121354694488 11.2845417382881 10.8518140989379 0.0996 "amont"
42 "042_fs1" "13" 76 8.5250842834555 -103.208443846288 19.6934621467586 217.667878607954 190.382703490139 1.12252734236524 12.4070690806534 10.8518140989379 0.1079 "amont"
42 "042_fs1" "14" 76 7.71046499332186 -120.803749636202 17.6141531283351 235.282031736289 190.382703490139 1.0040067283151 13.4110758089685 10.8518140989379 0.1162 "amont"
42 "042_fs2" "1" 76 129.474702150813 30.3768462810287 0 0 127.063238651841 0 0 7.24260460315492 0.0083 "amont"
42 "042_fs2" "2" 76 130.799397831955 34.510158623916 4.34040200574794 4.34040200574794 127.063238651841 0.247402914327633 0.247402914327633 7.24260460315492 0.0166 "amont"
42 "042_fs2" "3" 76 126.985157009207 47.1537468124431 13.2063907005275 17.5467927062754 127.063238651841 0.752764269930068 1.0001671842577 7.24260460315492 0.0249 "amont"
42 "042_fs2" "4" 76 110.681517328071 52.417914548514 17.1324291565966 34.6792218628721 127.063238651841 0.976548461926008 1.97671564618371 7.24260460315492 0.0332 "amont"
42 "042_fs2" "5" 76 100.30310990359 43.149347298638 13.9146570038214 48.5938788666935 127.063238651841 0.79313544921782 2.76985109540153 7.24260460315492 0.0415 "amont"
42 "042_fs2" "6" 76 102.536888053487 30.769120667938 12.5801341904787 61.1740130571722 127.063238651841 0.717067648857285 3.48691874425881 7.24260460315492 0.0498 "amont"
42 "042_fs2" "7" 76 101.785825272034 5.67707580439946 25.1032828676951 86.2772959248673 127.063238651841 1.43088712345862 4.91780586771744 7.24260460315492 0.0581 "amont"
42 "042_fs2" "8" 76 99.1833873230588 -13.1021223534007 18.9586646873716 105.235960612239 127.063238651841 1.08064388718018 5.99844975489762 7.24260460315492 0.0664 "amont"
42 "042_fs2" "9" 76 93.437668051242 -28.3401747560665 16.2853164223762 121.521277034615 127.063238651841 0.928263036075443 6.92671279097306 7.24260460315492 0.0747 "amont"
42 "042_fs2" "10" 76 89.2149543429549 -36.8836521978665 9.53007438904342 131.051351423659 127.063238651841 0.543214240175475 7.46992703114853 7.24260460315492 0.083 "amont"
42 "042_fs2" "11" 76 79.774571434914 -46.6129816533571 13.5565733540562 144.607924777715 127.063238651841 0.772724681181206 8.24265171232974 7.24260460315492 0.0913 "amont"
42 "042_fs2" "12" 76 70.9926463641206 -55.2341777214082 12.3063897871313 156.914314564846 127.063238651841 0.701464217866483 8.94411593019623 7.24260460315492 0.0996 "amont"
42 "042_fs2" "13" 76 67.300793848407 -61.5644971834739 7.32821393585017 164.242528500696 127.063238651841 0.417708194343459 9.36182412453968 7.24260460315492 0.1079 "amont"
42 "042_fs2" "14" 76 53.1955945709485 -71.2428583215438 17.1063532342729 181.348881734969 127.063238651841 0.975062134353553 10.3368862588932 7.24260460315492 0.1162 "amont"
42 "042_fs3" "1" 76 95.3171744113289 -37.1120916509948 0 0 129.047324021308 0 0 7.35569746921454 0.0083 "amont"
42 "042_fs3" "2" 76 97.5253799150795 -40.3261858263315 3.89956060534103 3.89956060534103 129.047324021308 0.222274954504439 0.222274954504439 7.35569746921454 0.0166 "amont"
42 "042_fs3" "3" 76 109.347860402532 -47.3922017301898 13.7731487187852 17.6727093241262 129.047324021308 0.785069476970755 1.00734443147519 7.35569746921454 0.0249 "amont"
42 "042_fs3" "4" 76 118.856135406215 -44.6982496083756 9.88254378084358 27.5552531049698 129.047324021308 0.563304995508084 1.57064942698328 7.35569746921454 0.0332 "amont"
42 "042_fs3" "5" 76 125.798635948653 -30.9045226617108 15.4423190247093 42.9975721296791 129.047324021308 0.88021218440843 2.45086161139171 7.35569746921454 0.0415 "amont"
42 "042_fs3" "6" 76 122.04407146155 -14.9535626833087 16.3868812993931 59.3844534290722 129.047324021308 0.934052234065409 3.38491384545712 7.35569746921454 0.0498 "amont"
42 "042_fs3" "7" 76 115.042299733113 -3.13643039302815 13.7356988501907 73.1201522792629 129.047324021308 0.782934834460872 4.16784867991799 7.35569746921454 0.0581 "amont"
42 "042_fs3" "8" 76 108.481758870662 11.9088000135339 16.413398624125 89.5335509033879 129.047324021308 0.935563721575125 5.10341240149311 7.35569746921454 0.0664 "amont"
42 "042_fs3" "9" 76 104.141889533566 27.7137850196931 16.389997465161 105.923548368549 129.047324021308 0.934229855514176 6.03764225700729 7.35569746921454 0.0747 "amont"
42 "042_fs3" "10" 76 102.935528684523 41.1452669961338 13.4855483604322 119.409096728981 129.047324021308 0.768676256544634 6.80631851355192 7.35569746921454 0.083 "amont"
42 "042_fs3" "11" 76 99.9870379819356 55.8124825273736 14.9606419936808 134.369738722662 129.047324021308 0.852756593639807 7.65907510719173 7.35569746921454 0.0913 "amont"
42 "042_fs3" "12" 76 94.1189311916415 68.5524734149338 14.026476575299 148.396215297961 129.047324021308 0.799509164792046 8.45858427198378 7.35569746921454 0.0996 "amont"
42 "042_fs3" "13" 76 89.9856440447429 80.9205659826681 13.040466878251 161.436682176212 129.047324021308 0.743306612060307 9.20189088404408 7.35569746921454 0.1079 "amont"
42 "042_fs3" "14" 76 84.9972439579061 91.5219274594135 11.7163561138681 173.15303829008 129.047324021308 0.667832298490483 9.86972318253457 7.35569746921454 0.1162 "amont"
42 "042_fs4" "1" 76 232.363316355198 2.13556045712483 0 0 169.304030268236 0 0 9.65032972528944 0.0083 "amont"
42 "042_fs4" "2" 76 234.852364749673 -0.143681248620567 3.3749525423697 3.3749525423697 169.304030268236 0.192372294915073 0.192372294915073 9.65032972528944 0.0166 "amont"
42 "042_fs4" "3" 76 243.35441924581 5.46135066694148 10.1833841835488 13.5583367259185 169.304030268236 0.580452898462283 0.772825193377356 9.65032972528944 0.0249 "amont"
42 "042_fs4" "4" 76 245.542305263731 20.2753924575487 14.9747347022 28.5330714281185 169.304030268236 0.853559878025397 1.62638507140275 9.65032972528944 0.0332 "amont"
42 "042_fs4" "5" 76 235.819706318976 24.5419750159452 10.6175636079171 39.1506350360355 169.304030268236 0.605201125651272 2.23158619705403 9.65032972528944 0.0415 "amont"
42 "042_fs4" "6" 76 218.021397521409 14.357256038979 20.5062989516228 59.6569339876583 169.304030268236 1.1688590402425 3.40044523729652 9.65032972528944 0.0498 "amont"
42 "042_fs4" "7" 76 199.573356734101 5.84880298587575 20.315609325025 79.9725433126833 169.304030268236 1.15798973152642 4.55843496882295 9.65032972528944 0.0581 "amont"
42 "042_fs4" "8" 76 183.978460197607 2.65955934609315 15.9176654374266 95.8902087501099 169.304030268236 0.907306929933318 5.46574189875627 9.65032972528944 0.0664 "amont"
42 "042_fs4" "9" 76 164.215324021151 -0.0570550360982907 19.9489735382719 115.839182288382 169.304030268236 1.1370914916815 6.60283339043777 9.65032972528944 0.0747 "amont"
42 "042_fs4" "10" 76 149.135630024085 -2.06109382114107 15.2122760459145 131.051458334296 169.304030268236 0.867099734617126 7.46993312505489 9.65032972528944 0.083 "amont"
42 "042_fs4" "11" 76 131.669003397786 -2.56972703770265 17.4740308301069 148.525489164403 169.304030268236 0.996019757316094 8.46595288237099 9.65032972528944 0.0913 "amont"
42 "042_fs4" "12" 76 119.709671233208 0.728759366802478 12.4058711255363 160.93136028994 169.304030268236 0.707134654155569 9.17308753652656 9.65032972528944 0.0996 "amont"
42 "042_fs4" "13" 76 104.393061541706 2.75469437348289 15.4500144043009 176.38137469424 169.304030268236 0.880650821045153 10.0537383575717 9.65032972528944 0.1079 "amont"
42 "042_fs4" "14" 76 90.6769287576244 4.40637741036483 13.8152218731688 190.196596567409 169.304030268236 0.787467646770622 10.8412060043423 9.65032972528944 0.1162 "amont"
42 "042_fs4" "15" 76 75.4904795027991 4.32187202866453 15.1866843691742 205.383280936584 169.304030268236 0.865641009042929 11.7068470133853 9.65032972528944 0.1245 "amont"
42 "042_fs4" "16" 76 63.1605360869976 7.98994467570611 12.8639908885556 218.247271825139 169.304030268236 0.733247480647669 12.4400944940329 9.65032972528944 0.1328 "amont"
45 "045_fs1" "1" 76 76.8045378032109 -10.5754436941824 0 0 54.7391478430602 0 0 3.12013142705443 0.0083 "amont"
45 "045_fs1" "2" 76 78.6066495851484 -16.2333637851402 5.93798506483991 5.93798506483991 54.7391478430602 0.338465148695875 0.338465148695875 3.12013142705443 0.0166 "amont"
45 "045_fs1" "3" 76 74.035105680356 -22.2311034947655 7.54134572194252 13.4793307867824 54.7391478430602 0.429856706150724 0.768321854846599 3.12013142705443 0.0249 "amont"
45 "045_fs1" "4" 76 71.3786226829701 -17.8617072706663 5.11356287519501 18.5928936619774 54.7391478430602 0.291473083886116 1.05979493873271 3.12013142705443 0.0332 "amont"
45 "045_fs1" "5" 76 63.0110758222519 -7.85972729336697 13.0405308148331 31.6334244768106 54.7391478430602 0.743310256445487 1.8031051951782 3.12013142705443 0.0415 "amont"
45 "045_fs1" "6" 76 55.4517985528196 1.34302138678913 11.9093768143539 43.5428012911645 54.7391478430602 0.678834478418173 2.48193967359638 3.12013142705443 0.0498 "amont"
45 "045_fs1" "7" 76 51.8314484587989 7.06331221038056 6.76968698757483 50.3124882787393 54.7391478430602 0.385872158291765 2.86781183188814 3.12013142705443 0.0581 "amont"
45 "045_fs1" "8" 76 46.4109855644715 11.7754995102528 7.18234830246051 57.4948365811998 54.7391478430602 0.409393853240249 3.27720568512839 3.12013142705443 0.0664 "amont"
45 "045_fs1" "9" 76 42.370821386192 14.4723238429041 4.85754959507703 62.3523861762768 54.7391478430602 0.276880326919391 3.55408601204778 3.12013142705443 0.0747 "amont"
45 "045_fs1" "10" 76 39.6839104506697 15.5552726464098 2.89694122937345 65.2493274056503 54.7391478430602 0.165125650074287 3.71921166212207 3.12013142705443 0.083 "amont"
45 "045_fs1" "11" 76 36.8978382987915 17.1841188873871 3.22728029650619 68.4766077021565 54.7391478430602 0.183954976900853 3.90316663902292 3.12013142705443 0.0913 "amont"
45 "045_fs1" "12" 76 34.8248038139375 17.5862668533422 2.11168060130213 70.5882883034586 54.7391478430602 0.120365794274221 4.02353243329714 3.12013142705443 0.0996 "amont"
45 "045_fs1" "13" 76 33.6799182426109 19.5368826728087 2.26178359853121 72.8500719019898 54.7391478430602 0.128921665116279 4.15245409841342 3.12013142705443 0.1079 "amont"
45 "045_fs1" "14" 76 31.8443780423884 18.9070396277399 1.94059529218599 74.7906671941758 54.7391478430602 0.110613931654601 4.26306803006802 3.12013142705443 0.1162 "amont"
45 "045_fs1" "15" 76 30.8081660877874 19.2306392907914 1.08556527062405 75.8762324647999 54.7391478430602 0.061877220425571 4.32494525049359 3.12013142705443 0.1245 "amont"
45 "045_fs1" "16" 76 30.7173492128046 18.9600494355544 0.285423500326836 76.1616559651267 54.7391478430602 0.0162691395186296 4.34121439001222 3.12013142705443 0.1328 "amont"
45 "045_fs2" "1" 76 63.5908651591723 -44.7692522058456 0 0 120.860846756576 0 0 6.88906826512484 0.0083 "amont"
45 "045_fs2" "2" 76 62.754535839518 -45.3903816565635 1.04175262200896 1.04175262200896 120.860846756576 0.0593798994545108 0.0593798994545108 6.88906826512484 0.0166 "amont"
45 "045_fs2" "3" 76 51.6995100629489 -49.8336191619083 11.9145270342347 12.9562796562437 120.860846756576 0.679128040951379 0.73850794040589 6.88906826512484 0.0249 "amont"
45 "045_fs2" "4" 76 46.0969714978438 -46.8687153547269 6.3386980492313 19.294977705475 120.860846756576 0.361305788806184 1.09981372921207 6.88906826512484 0.0332 "amont"
45 "045_fs2" "5" 76 43.4383182033451 -37.1944084859868 10.0329781585978 29.3279558640728 120.860846756576 0.571879755040075 1.67169348425215 6.88906826512484 0.0415 "amont"
45 "045_fs2" "6" 76 35.232925065414 -24.0810047429263 15.4689959039532 44.796951768026 120.860846756576 0.881732766525331 2.55342625077748 6.88906826512484 0.0498 "amont"
45 "045_fs2" "7" 76 27.9621255749406 -12.3395680050073 13.8103534314377 58.6073051994636 120.860846756576 0.787190145591947 3.34061639636943 6.88906826512484 0.0581 "amont"
45 "045_fs2" "8" 76 24.9367826535844 -7.7362058539664 5.50850641149086 64.1158116109545 120.860846756576 0.313984865454979 3.65460126182441 6.88906826512484 0.0664 "amont"
45 "045_fs2" "9" 76 20.6817360078898 7.40420000607679 15.7269612946642 79.8427729056187 120.860846756576 0.896436793795861 4.55103805562027 6.88906826512484 0.0747 "amont"
45 "045_fs2" "10" 76 25.6325380491142 20.0735827621476 13.602341720131 93.4451146257497 120.860846756576 0.775333478047466 5.32637153366773 6.88906826512484 0.083 "amont"
45 "045_fs2" "11" 76 37.6008738763218 30.0959309287812 15.6105261040762 109.055640729826 120.860846756576 0.889799987932344 6.21617152160008 6.88906826512484 0.0913 "amont"
45 "045_fs2" "12" 76 46.0275739712439 35.466742593614 9.99274198750595 119.048382717332 120.860846756576 0.569586293287839 6.78575781488792 6.88906826512484 0.0996 "amont"
45 "045_fs2" "13" 76 58.4230826832331 41.9234872788045 13.976343876663 133.024726593995 120.860846756576 0.796651600969792 7.58240941585771 6.88906826512484 0.1079 "amont"
45 "045_fs2" "14" 76 69.7619934691367 45.9349037319449 12.027566660435 145.05229325443 120.860846756576 0.685571299644793 8.2679807155025 6.88906826512484 0.1162 "amont"
45 "045_fs2" "15" 76 79.0835961099477 49.7803807402495 10.0836486062622 155.135941860692 120.860846756576 0.574767970556947 8.84274868605945 6.88906826512484 0.1245 "amont"
45 "045_fs2" "16" 76 90.2769525066595 56.1551793892068 12.8813541694403 168.017296030132 120.860846756576 0.734237187658096 9.57698587371754 6.88906826512484 0.1328 "amont"
45 "045_fs2" "17" 76 98.3584209618363 61.7616374972322 9.83577678218968 177.853072812322 120.860846756576 0.560639276584811 10.1376251503024 6.88906826512484 0.1411 "amont"
45 "045_fs2" "18" 76 106.691752908129 68.145130199446 10.49730443525 188.350377247572 120.860846756576 0.59834635280925 10.7359715031116 6.88906826512484 0.1494 "amont"
45 "045_fs3" "1" 76 80.7076637334218 46.2497442632071 0 0 111.825635438716 0 0 6.37406122000683 0.0083 "amont"
45 "045_fs3" "2" 76 80.1077110211538 51.4167956534159 5.2017654047464 5.2017654047464 111.825635438716 0.296500628070545 0.296500628070545 6.37406122000683 0.0166 "amont"
45 "045_fs3" "3" 76 96.4524660242941 51.9816557772298 16.3545126210522 21.5562780257986 111.825635438716 0.932207219399974 1.22870784747052 6.37406122000683 0.0249 "amont"
45 "045_fs3" "4" 76 101.198312328871 37.7563385199554 14.9960897642277 36.5523677900263 111.825635438716 0.854777116560979 2.0834849640315 6.37406122000683 0.0332 "amont"
45 "045_fs3" "5" 76 93.8005765517237 27.8031486218536 12.4013097605116 48.9536775505379 111.825635438716 0.706874656349163 2.79035962038066 6.37406122000683 0.0415 "amont"
45 "045_fs3" "6" 76 85.2565411784247 15.5367044354668 14.9487856843935 63.9024632349314 111.825635438716 0.852080784010428 3.64244040439109 6.37406122000683 0.0498 "amont"
45 "045_fs3" "7" 76 77.3282755567135 -0.267459291509397 17.6813174531051 81.5837806880364 111.825635438716 1.00783509482699 4.65027549921808 6.37406122000683 0.0581 "amont"
45 "045_fs3" "8" 76 73.5677790784684 -14.5325931940218 14.7524702683823 96.3362509564187 111.825635438716 0.840890805297789 5.49116630451586 6.37406122000683 0.0664 "amont"
45 "045_fs3" "9" 76 70.0902194623368 -25.1218042211629 11.1456184692047 107.481869425623 111.825635438716 0.635300252744666 6.12646655726053 6.37406122000683 0.0747 "amont"
45 "045_fs3" "10" 76 71.3302957936394 -35.99514358256 10.9438246593942 118.425694085018 111.825635438716 0.623798005585469 6.750264562846 6.37406122000683 0.083 "amont"
45 "045_fs3" "11" 76 73.0840182593255 -45.9270879229628 10.0855867884576 128.511280873475 111.825635438716 0.574878446942086 7.32514300978809 6.37406122000683 0.0913 "amont"
45 "045_fs3" "12" 76 76.652034614825 -51.5976651595491 6.69971543494219 135.210996308417 111.825635438716 0.381883779791705 7.70702678957979 6.37406122000683 0.0996 "amont"
45 "045_fs3" "13" 76 77.2426158973831 -56.2693485405165 4.70886524157519 139.919861549993 111.825635438716 0.268405318769786 7.97543210834958 6.37406122000683 0.1079 "amont"
45 "045_fs3" "14" 76 80.4124681073051 -61.3675725242813 6.00331998325776 145.92318153325 111.825635438716 0.342189239045692 8.31762134739527 6.37406122000683 0.1162 "amont"
45 "045_fs3" "15" 76 80.8335997827089 -62.6345056145527 1.33509226020266 147.258273793453 111.825635438716 0.0761002588315517 8.39372160622682 6.37406122000683 0.1245 "amont"
45 "045_fs3" "16" 76 84.842439545021 -65.4994229384347 4.92732660908263 152.185600402536 111.825635438716 0.28085761671771 8.67457922294453 6.37406122000683 0.1328 "amont"
46 "046_fs1" "1" 76 207.090010467295 42.5489435259782 0 0 174.051226157439 0 0 9.92091989097405 0.0083 "amont"
46 "046_fs1" "2" 76 206.65111983451 48.6014108467643 6.06835938757174 6.06835938757174 174.051226157439 0.345896485091589 0.345896485091589 9.92091989097405 0.0166 "amont"
46 "046_fs1" "3" 76 199.626998149998 57.7432218997433 11.5287030826195 17.5970624701913 174.051226157439 0.657136075709312 1.0030325608009 9.92091989097405 0.0249 "amont"
46 "046_fs1" "4" 76 183.794912012977 51.4375078628608 17.041624950837 34.6386874210282 174.051226157439 0.971372622197708 1.97440518299861 9.92091989097405 0.0332 "amont"
46 "046_fs1" "5" 76 174.748043880408 32.3410343546885 21.1310464354328 55.7697338564611 174.051226157439 1.20446964681967 3.17887482981828 9.92091989097405 0.0415 "amont"
46 "046_fs1" "6" 76 169.223839032177 16.7329339377454 16.5568607480584 72.3265946045195 174.051226157439 0.943741062639331 4.12261589245761 9.92091989097405 0.0498 "amont"
46 "046_fs1" "7" 76 156.558520571739 4.26135895090812 17.7749957624922 90.1015903670118 174.051226157439 1.01317475846206 5.13579065091967 9.92091989097405 0.0581 "amont"
46 "046_fs1" "8" 76 143.368063125737 -5.43177163291409 16.3690240439013 106.470614410913 174.051226157439 0.933034370502375 6.06882502142204 9.92091989097405 0.0664 "amont"
46 "046_fs1" "9" 76 127.191714780437 -13.3710604214576 18.0196157632837 124.490230174197 174.051226157439 1.02711809850717 7.09594311992922 9.92091989097405 0.0747 "amont"
46 "046_fs1" "10" 76 118.174297783937 -19.9307438871948 11.1509307440874 135.641160918284 174.051226157439 0.63560305241298 7.7315461723422 9.92091989097405 0.083 "amont"
46 "046_fs1" "11" 76 105.465380655693 -29.1802211797691 15.7184415499254 151.35960246821 174.051226157439 0.895951168345749 8.62749734068794 9.92091989097405 0.0913 "amont"
46 "046_fs1" "12" 76 91.4728248278104 -34.1923694595478 14.8631507082079 166.222753176417 174.051226157439 0.847199590367848 9.47469693105579 9.92091989097405 0.0996 "amont"
46 "046_fs1" "13" 76 81.7472168287869 -34.5422721471486 9.73190026877896 175.954653445196 174.051226157439 0.554718315320401 10.0294152463762 9.92091989097405 0.1079 "amont"
46 "046_fs1" "14" 76 70.2938318547188 -33.2385250371989 11.5273493870409 187.482002832237 174.051226157439 0.657058915061329 10.6864741614375 9.92091989097405 0.1162 "amont"
46 "046_fs1" "15" 76 63.1202040363178 -30.8830942477485 7.55042980768828 195.032432639926 174.051226157439 0.430374499038232 11.1168486604758 9.92091989097405 0.1245 "amont"
46 "046_fs1" "16" 76 56.4219892101376 -26.7704553138244 7.86001786629576 202.892450506221 174.051226157439 0.448021018378858 11.5648696788546 9.92091989097405 0.1328 "amont"
46 "046_fs1" "17" 76 50.8975572976493 -22.5243117420084 6.96771721499901 209.86016772122 174.051226157439 0.397159881254943 11.9620295601096 9.92091989097405 0.1411 "amont"
46 "046_fs1" "18" 76 47.0266734076563 -18.9143000244842 5.29300733897747 215.153175060198 174.051226157439 0.301701418321716 12.2637309784313 9.92091989097405 0.1494 "amont"
46 "046_fs1" "19" 76 42.9102942810395 -15.2338404144717 5.5218076800066 220.674982740204 174.051226157439 0.314743037760376 12.5784740161916 9.92091989097405 0.1577 "amont"
46 "046_fs2" "1" 76 210.636075995365 28.134582582055 0 0 171.79391709855 0 0 9.79225327461737 0.0083 "amont"
46 "046_fs2" "2" 76 216.372572825439 27.4910402703007 5.7724814931247 5.7724814931247 171.79391709855 0.329031445108108 0.329031445108108 9.79225327461737 0.0166 "amont"
46 "046_fs2" "3" 76 221.0878046512 17.9557271716789 10.637462435159 16.4099439282837 171.79391709855 0.606335358804061 0.935366803912169 9.79225327461737 0.0249 "amont"
46 "046_fs2" "4" 76 204.098491846038 11.4221374053149 18.2023225118878 34.6122664401715 171.79391709855 1.03753238317761 1.97289918708977 9.79225327461737 0.0332 "amont"
46 "046_fs2" "5" 76 179.84679728825 13.0079578573244 24.3034877215237 58.9157541616952 171.79391709855 1.38529880012685 3.35819798721663 9.79225327461737 0.0415 "amont"
46 "046_fs2" "6" 76 165.129327578998 8.90946412175936 15.2774855765999 74.1932397382951 171.79391709855 0.870816677866192 4.22901466508282 9.79225327461737 0.0498 "amont"
46 "046_fs2" "7" 76 148.599675449413 1.60511035783622 18.0716071071068 92.2648468454018 171.79391709855 1.03008160510508 5.2590962701879 9.79225327461737 0.0581 "amont"
46 "046_fs2" "8" 76 135.705728070179 -7.33372663866697 15.6893813092967 107.954228154699 171.79391709855 0.894294734629914 6.15339100481782 9.79225327461737 0.0664 "amont"
46 "046_fs2" "9" 76 122.832205405619 -18.3247747360107 16.9272184387472 124.881446593446 171.79391709855 0.96485145100859 7.11824245582641 9.79225327461737 0.0747 "amont"
46 "046_fs2" "10" 76 113.025118304572 -27.9108309126005 13.7139137531289 138.595360346575 171.79391709855 0.781693083928347 7.89993553975476 9.79225327461737 0.083 "amont"
46 "046_fs2" "11" 76 103.322703004865 -37.6280362419647 13.7317494173544 152.327109763929 171.79391709855 0.7827097167892 8.68264525654395 9.79225327461737 0.0913 "amont"
46 "046_fs2" "12" 76 90.2950809328855 -44.2281373745744 14.6041183167969 166.931228080726 171.79391709855 0.832434744057425 9.51508000060138 9.79225327461737 0.0996 "amont"
46 "046_fs2" "13" 76 81.3020873144483 -51.9576491261009 11.8583003056188 178.789528386345 171.79391709855 0.67592311742027 10.1910031180217 9.79225327461737 0.1079 "amont"
46 "046_fs2" "14" 76 70.6536786149039 -55.66644060254 11.2758033881511 190.065331774496 171.79391709855 0.642720793124614 10.8337239111463 9.79225327461737 0.1162 "amont"
46 "046_fs2" "15" 76 62.3223641102998 -58.5613966726801 8.8199530623846 198.88528483688 171.79391709855 0.502737324555922 11.3364612357022 9.79225327461737 0.1245 "amont"
46 "046_fs3" "1" 76 120.675121877182 55.0427714266586 0 0 152.433906268603 0 0 8.68873265731038 0.0083 "amont"
46 "046_fs3" "2" 76 118.695400869244 57.228512434673 2.94902679258545 2.94902679258545 152.433906268603 0.168094527177371 0.168094527177371 8.68873265731038 0.0166 "amont"
46 "046_fs3" "3" 76 112.658680194208 60.9347680471045 7.08366622400343 10.0326930165889 152.433906268603 0.403768974768196 0.571863501945566 8.68873265731038 0.0249 "amont"
46 "046_fs3" "4" 76 106.171056204539 55.8263703755166 8.2574204084819 18.2901134250708 152.433906268603 0.470672963283468 1.04253646522903 8.68873265731038 0.0332 "amont"
46 "046_fs3" "5" 76 107.128388693793 39.9058658320634 15.9492617513506 34.2393751764214 152.433906268603 0.909107919826985 1.95164438505602 8.68873265731038 0.0415 "amont"
46 "046_fs3" "6" 76 106.700598801316 24.6960870577792 15.2157935893851 49.4551687658065 152.433906268603 0.867300234594949 2.81894461965097 8.68873265731038 0.0498 "amont"
46 "046_fs3" "7" 76 101.681414627516 8.26338533685919 17.1821388546145 66.6373076204209 152.433906268603 0.979381914713024 3.79832653436399 8.68873265731038 0.0581 "amont"
46 "046_fs3" "8" 76 92.2128938705871 -10.0464294057301 20.613156023092 87.2504636435129 152.433906268603 1.17494989331624 4.97327642768024 8.68873265731038 0.0664 "amont"
46 "046_fs3" "9" 76 84.9674599707201 -23.8743037704114 15.6110993156392 102.861562959152 152.433906268603 0.889832660991437 5.86310908867167 8.68873265731038 0.0747 "amont"
46 "046_fs3" "10" 76 74.8648345276125 -33.3478608644362 13.8495965593757 116.711159518528 152.433906268603 0.789427003884418 6.65253609255609 8.68873265731038 0.083 "amont"
46 "046_fs3" "11" 76 69.0660943866302 -41.3407337970166 9.87478632371434 126.585945842242 152.433906268603 0.562862820451718 7.21539891300781 8.68873265731038 0.0913 "amont"
46 "046_fs3" "12" 76 65.1629425007089 -50.2551490669734 9.73146413700477 136.317409979247 152.433906268603 0.554693455809272 7.77009236881708 8.68873265731038 0.0996 "amont"
46 "046_fs3" "13" 76 61.5424893436624 -58.3092371349362 8.83040291656437 145.147812895811 152.433906268603 0.503332966244169 8.27342533506125 8.68873265731038 0.1079 "amont"
46 "046_fs3" "14" 76 55.2414898567312 -66.4331567359505 10.2810828329535 155.428895728765 152.433906268603 0.586021721478351 8.8594470565396 8.68873265731038 0.1162 "amont"
46 "046_fs3" "15" 76 49.5846151510625 -70.7376238452125 7.10835202633864 162.537247755104 152.433906268603 0.405176065501302 9.2646231220409 8.68873265731038 0.1245 "amont"
46 "046_fs3" "16" 76 44.4396852438371 -74.157342120314 6.1777647115543 168.715012466658 152.433906268603 0.352132588558595 9.6167557105995 8.68873265731038 0.1328 "amont"
46 "046_fs3" "17" 76 40.8993197604998 -74.8491728075596 3.60732829881352 172.322340765471 152.433906268603 0.205617713032371 9.82237342363187 8.68873265731038 0.1411 "amont"
167 "167_fs1" "1" 76 107.279109388846 19.7679840028924 0 0 120.59268903878 0 0 6.87378327521048 0.0083 "aval"
167 "167_fs1" "2" 76 112.328148982801 14.4268135290419 7.34989134967706 7.34989134967706 120.59268903878 0.418943806931592 0.418943806931592 6.87378327521048 0.0166 "aval"
167 "167_fs1" "3" 76 111.548671015399 -0.725384588164957 15.1722343010103 22.5221256506873 120.59268903878 0.864817355157585 1.28376116208918 6.87378327521048 0.0249 "aval"
167 "167_fs1" "4" 76 95.6617160199553 -1.21825101557295 15.8945983385086 38.4167239891959 120.59268903878 0.905992105294988 2.18975326738416 6.87378327521048 0.0332 "aval"
167 "167_fs1" "5" 76 78.1436035418818 4.94574246202257 18.5709202891584 56.9876442783543 120.59268903878 1.05854245648203 3.24829572386619 6.87378327521048 0.0415 "aval"
167 "167_fs1" "6" 76 66.1289094974276 6.96531054845082 12.1832478525869 69.1708921309411 120.59268903878 0.694445127597452 3.94274085146365 6.87378327521048 0.0498 "aval"
167 "167_fs1" "7" 76 53.7386308185005 8.34749629958327 12.4671345220989 81.63802665304 120.59268903878 0.710626667759635 4.65336751922328 6.87378327521048 0.0581 "aval"
167 "167_fs1" "8" 76 44.2116975354762 8.27598837581087 9.52720164383847 91.1652282968785 120.59268903878 0.543050493698793 5.19641801292207 6.87378327521048 0.0664 "aval"
167 "167_fs1" "9" 76 33.3438789444021 3.96255299950906 11.6925277709325 102.857756067811 120.59268903878 0.666474082943152 5.86289209586523 6.87378327521048 0.0747 "aval"
167 "167_fs1" "10" 76 26.0422354641089 -0.351487067641528 8.48085722166627 111.338613289477 120.59268903878 0.483408861634977 6.3463009575002 6.87378327521048 0.083 "aval"
167 "167_fs1" "11" 76 19.6431911788793 -6.49125805089608 8.86817655953828 120.206789849016 120.59268903878 0.505486063893682 6.85178702139388 6.87378327521048 0.0913 "aval"
167 "167_fs1" "12" 76 15.3349911131994 -14.7364879911467 9.30292451724346 129.509714366259 120.59268903878 0.530266697482877 7.38205371887676 6.87378327521048 0.0996 "aval"
167 "167_fs1" "13" 76 11.0449612080406 -20.9766846729611 7.57260927388204 137.082323640141 120.59268903878 0.431638728611276 7.81369244748804 6.87378327521048 0.1079 "aval"
167 "167_fs1" "14" 76 9.27639833854684 -29.1885270428385 8.40012914966584 145.482452789807 120.59268903878 0.478807361530953 8.29249980901899 6.87378327521048 0.1162 "aval"
167 "167_fs1" "15" 76 8.06820093000564 -33.3881011270975 4.36991572769836 149.852368517505 120.59268903878 0.249085196478806 8.5415850054978 6.87378327521048 0.1245 "aval"
167 "167_fs1" "16" 76 6.22862457192903 -39.6821171793575 6.5573378167745 156.40970633428 120.59268903878 0.373768255556146 8.91535326105394 6.87378327521048 0.1328 "aval"
167 "167_fs1" "17" 76 5.82923188416376 -45.4280205057349 5.7597673177929 162.169473652073 120.59268903878 0.328306737114196 9.24365999816814 6.87378327521048 0.1411 "aval"
167 "167_fs2" "1" 76 197.332160311894 22.6727530809264 0 0 170.427419069173 0 0 9.71436288694284 0.0083 "aval"
167 "167_fs2" "2" 76 202.288482946517 20.3966936840898 5.45395090153959 5.45395090153959 170.427419069173 0.310875201387757 0.310875201387757 9.71436288694284 0.0166 "aval"
167 "167_fs2" "3" 76 210.258862012353 6.43099577943724 16.0800391920273 21.5339900935669 170.427419069173 0.916562233945556 1.22743743533331 9.71436288694284 0.0249 "aval"
167 "167_fs2" "4" 76 198.351559106328 -1.81997925867535 14.486630097279 36.0206201908458 170.427419069173 0.8257379155449 2.05317535087821 9.71436288694284 0.0332 "aval"
167 "167_fs2" "5" 76 171.646130959706 1.93258694388328 26.9677890380168 62.9884092288626 170.427419069173 1.53716397516696 3.59033932604517 9.71436288694284 0.0415 "aval"
167 "167_fs2" "6" 76 158.903972288669 -0.978147418147842 13.0703856914856 76.0587949203482 170.427419069173 0.745011984414681 4.33535131045985 9.71436288694284 0.0498 "aval"
167 "167_fs2" "7" 76 135.49201909745 -6.32470918932461 24.0146887342068 100.073483654555 170.427419069173 1.36883725784979 5.70418856830964 9.71436288694284 0.0581 "aval"
167 "167_fs2" "8" 76 121.326328718159 -8.95662957739216 14.4081153816543 114.481599036209 170.427419069173 0.821262576754295 6.52545114506393 9.71436288694284 0.0664 "aval"
167 "167_fs2" "9" 76 106.325825329207 -11.0634678583473 15.1477347964657 129.629333832675 170.427419069173 0.863420883398546 7.38887202846248 9.71436288694284 0.0747 "aval"
167 "167_fs2" "10" 76 90.620713345246 -14.2513214508942 16.0253846430053 145.65471847568 170.427419069173 0.913446924651302 8.30231895311378 9.71436288694284 0.083 "aval"
167 "167_fs2" "11" 76 76.9853080527424 -19.844326144551 14.7379095869836 160.392628062664 170.427419069173 0.840060846458064 9.14237979957184 9.71436288694284 0.0913 "aval"
167 "167_fs2" "12" 76 61.9476127694749 -27.862356546747 17.0417455374426 177.434373600106 170.427419069173 0.971379495634228 10.1137592952061 9.71436288694284 0.0996 "aval"
167 "167_fs2" "13" 76 50.5679691744789 -35.2969019484424 13.5929670667961 191.027340666903 170.427419069173 0.774799122807379 10.8885584180134 9.71436288694284 0.1079 "aval"
167 "167_fs2" "14" 76 39.5381986452339 -41.721119547764 12.764262990523 203.791603657426 170.427419069173 0.72756299045981 11.6161214084733 9.71436288694284 0.1162 "aval"
167 "167_fs3" "1" 76 45.2673803622205 43.6966549921632 0 0 137.620538037803 0 0 7.8443706681548 0.0083 "aval"
167 "167_fs3" "2" 76 41.4877876731516 46.4113048244803 4.65345512574929 4.65345512574929 137.620538037803 0.265246942167709 0.265246942167709 7.8443706681548 0.0166 "aval"
167 "167_fs3" "3" 76 25.6701989305219 42.8068666631427 16.2230727080252 20.8765278337745 137.620538037803 0.924715144357437 1.18996208652515 7.8443706681548 0.0249 "aval"
167 "167_fs3" "4" 76 25.2330808448671 28.4839671077972 14.3295681684175 35.206096002192 137.620538037803 0.816785385599795 2.00674747212494 7.8443706681548 0.0332 "aval"
167 "167_fs3" "5" 76 33.949010554022 22.8077395969549 10.4012974887642 45.6073934909561 137.620538037803 0.592873956859558 2.5996214289845 7.8443706681548 0.0415 "aval"
167 "167_fs3" "6" 76 49.5436885313557 7.9625636828074 21.5307507797272 67.1381442706833 137.620538037803 1.22725279444445 3.82687422342895 7.8443706681548 0.0498 "aval"
167 "167_fs3" "7" 76 60.5629622966502 -6.9345175138277 18.5296363292334 85.6677805999167 137.620538037803 1.0561892707663 4.88306349419525 7.8443706681548 0.0581 "aval"
167 "167_fs3" "8" 76 68.8168138646978 -19.202559563833 14.7861733199655 100.453953919882 137.620538037803 0.842811879238035 5.72587537343329 7.8443706681548 0.0664 "aval"
167 "167_fs3" "9" 76 76.2113802491062 -29.5413620518691 12.7110364998313 113.164990419714 137.620538037803 0.724529080490385 6.45040445392367 7.8443706681548 0.0747 "aval"
167 "167_fs3" "10" 76 81.5058042679828 -42.1969720331522 13.7184324793327 126.883422899046 137.620538037803 0.781950651321963 7.23235510524564 7.8443706681548 0.083 "aval"
167 "167_fs3" "11" 76 84.9339007535038 -50.9732628700306 9.42205531545625 136.305478214502 137.620538037803 0.537057152981006 7.76941225822664 7.8443706681548 0.0913 "aval"
167 "167_fs3" "12" 76 89.5168175217781 -63.0832154374511 12.9481302623237 149.253608476826 137.620538037803 0.738043424952454 8.5074556831791 7.8443706681548 0.0996 "aval"
167 "167_fs3" "13" 76 93.3668169948871 -73.6018490935234 11.2010780701501 160.454686546976 137.620538037803 0.638461449998553 9.14591713317765 7.8443706681548 0.1079 "aval"
167 "167_fs3" "14" 76 94.7458349629022 -84.7217822360744 11.2051150663843 171.659801613361 137.620538037803 0.638691558783906 9.78460869196156 7.8443706681548 0.1162 "aval"
168 "168_fs1" "1" 76 129.52209760211 54.7283360719268 0 0 154.323403171866 0 0 8.79643398079636 0.0083 "aval"
168 "168_fs1" "2" 76 129.134943829149 59.5828699192325 4.86994732194863 4.86994732194863 154.323403171866 0.277586997351072 0.277586997351072 8.79643398079636 0.0166 "aval"
168 "168_fs1" "3" 76 141.664027157479 64.1195981212269 13.325157853737 18.1951051756856 154.323403171866 0.759533997663008 1.03712099501408 8.79643398079636 0.0249 "aval"
168 "168_fs1" "4" 76 149.581855544749 55.3659980023527 11.8032843484944 29.99838952418 154.323403171866 0.672787207864181 1.70990820287826 8.79643398079636 0.0332 "aval"
168 "168_fs1" "5" 76 143.78175385328 38.1793012385606 18.1390111439936 48.1374006681736 154.323403171866 1.03392363520763 2.7438318380859 8.79643398079636 0.0415 "aval"
168 "168_fs1" "6" 76 129.179599908843 22.4856279243336 21.436284237496 69.5736849056696 154.323403171866 1.22186820153727 3.96570003962317 8.79643398079636 0.0498 "aval"
168 "168_fs1" "7" 76 124.749268481276 5.92857322200183 17.1395419126094 86.713226818279 154.323403171866 0.976953889018736 4.9426539286419 8.79643398079636 0.0581 "aval"
168 "168_fs1" "8" 76 127.442975847034 -23.8055459667301 29.8558855722294 116.569112390508 154.323403171866 1.70178547761708 6.64443940625898 8.79643398079636 0.0664 "aval"
168 "168_fs1" "9" 76 131.705779122578 -35.3492826859009 12.3056632981535 128.874775688662 154.323403171866 0.701422807994747 7.34586221425372 8.79643398079636 0.0747 "aval"
168 "168_fs1" "10" 76 143.789577670297 -47.6231722893832 17.2240109539075 146.098786642569 154.323403171866 0.981768624372729 8.32763083862645 8.79643398079636 0.083 "aval"
168 "168_fs1" "11" 76 153.449828010794 -52.6454797815181 10.8877917497823 156.986578392352 154.323403171866 0.620604129737588 8.94823496836404 8.79643398079636 0.0913 "aval"
168 "168_fs1" "12" 76 167.494108143136 -60.6211370174811 16.1509415447294 173.137519937081 154.323403171866 0.920603668049575 9.86883863641362 8.79643398079636 0.0996 "aval"
168 "168_fs1" "13" 76 180.003418617099 -65.1596454159499 13.3071750201525 186.444694957234 154.323403171866 0.758508976148695 10.6273476125623 8.79643398079636 0.1079 "aval"
168 "168_fs1" "14" 76 190.147791508072 -67.5065014400969 10.4123020773114 196.856997034545 154.323403171866 0.59350121840675 11.2208488309691 8.79643398079636 0.1162 "aval"
168 "168_fs1" "15" 76 205.238115647781 -72.4342860607462 15.8745375966984 212.731534631243 154.323403171866 0.904848643011811 12.1256974739809 8.79643398079636 0.1245 "aval"
168 "168_fs1" "16" 76 215.200133076494 -73.6265898319763 10.0331141492994 222.764648780543 154.323403171866 0.571887506510064 12.6975849804909 8.79643398079636 0.1328 "aval"
168 "168_fs2" "1" 76 69.1349628600831 -5.26432697703257 0 0 138.012429841103 0 0 7.86670850094286 0.0083 "aval"
168 "168_fs2" "2" 76 66.0111536112595 -3.42206668809257 3.6265834052509 3.6265834052509 138.012429841103 0.206715254099301 0.206715254099301 7.86670850094286 0.0166 "aval"
168 "168_fs2" "3" 76 63.3874521395578 -11.2488817720421 8.25486788331282 11.8814512885637 138.012429841103 0.470527469348831 0.677242723448132 7.86670850094286 0.0249 "aval"
168 "168_fs2" "4" 76 64.2654808117121 -28.2748018924964 17.0485451079327 28.9299963964964 138.012429841103 0.971767071152163 1.6490097946003 7.86670850094286 0.0332 "aval"
168 "168_fs2" "5" 76 77.512099770186 -34.8088879005579 14.7704838712801 43.7004802677765 138.012429841103 0.841917580662965 2.49092737526326 7.86670850094286 0.0415 "aval"
168 "168_fs2" "6" 76 89.5136383437618 -21.9961873668757 17.5556891946414 61.2561694624179 138.012429841103 1.00067428409456 3.49160165935782 7.86670850094286 0.0498 "aval"
168 "168_fs2" "7" 76 106.948935822114 -0.0302270077887101 28.0444827489404 89.3006522113583 138.012429841103 1.5985355166896 5.09013717604742 7.86670850094286 0.0581 "aval"
168 "168_fs2" "8" 76 127.211261064672 14.0998638554767 24.7026575906185 114.003309801977 138.012429841103 1.40805148266525 6.49818865871267 7.86670850094286 0.0664 "aval"
168 "168_fs2" "9" 76 148.481303729049 13.1466910831639 21.2913891815047 135.294698983481 138.012429841103 1.21360918334577 7.71179784205844 7.86670850094286 0.0747 "aval"
168 "168_fs2" "10" 76 161.429014892684 12.9373639487562 12.949403161 148.244102144481 138.012429841103 0.738115980177003 8.44991382223544 7.86670850094286 0.083 "aval"
168 "168_fs2" "11" 76 177.467108264512 7.41018854647268 16.9637881067609 165.207890251242 138.012429841103 0.96693592208537 9.41684974432082 7.86670850094286 0.0913 "aval"
168 "168_fs2" "12" 76 189.021154990275 -1.72108452183699 14.7267153021015 179.934605553344 138.012429841103 0.839422772219788 10.2562725165406 7.86670850094286 0.0996 "aval"
168 "168_fs2" "13" 76 197.093305447344 -6.27441898628967 9.26781893148177 189.202424484826 138.012429841103 0.528265679094461 10.7845381956351 7.86670850094286 0.1079 "aval"
168 "168_fs2" "14" 76 200.40987078741 -19.7739126341825 13.9009328609423 203.103357345768 138.012429841103 0.792353173073712 11.5768913687088 7.86670850094286 0.1162 "aval"
168 "168_fs2" "15" 76 204.700049482325 -31.1397608815948 12.1485859101999 215.251943255968 138.012429841103 0.692469396881395 12.2693607655902 7.86670850094286 0.1245 "aval"
168 "168_fs3" "1" 76 64.3433176164162 -4.76223939125032 0 0 92.7310323858156 0 0 5.28566884599149 0.0083 "aval"
168 "168_fs3" "2" 76 60.0307419779485 2.59130177712632 8.52483878747951 8.52483878747951 92.7310323858156 0.485915810886332 0.485915810886332 5.28566884599149 0.0166 "aval"
168 "168_fs3" "3" 76 51.8105300333667 -4.43049144056698 10.8109881327235 19.335826920203 92.7310323858156 0.616226323565241 1.10214213445157 5.28566884599149 0.0249 "aval"
168 "168_fs3" "4" 76 53.6621462957432 -21.8375636442141 17.5052747903619 36.841101710565 92.7310323858156 0.997800663050631 2.0999427975022 5.28566884599149 0.0332 "aval"
168 "168_fs3" "5" 76 64.8185248409493 -21.7903267210791 11.1564785470525 47.9975802576175 92.7310323858156 0.635919277181991 2.73586207468419 5.28566884599149 0.0415 "aval"
168 "168_fs3" "6" 76 88.2649814623232 -11.9949362701914 25.4103522640539 73.4079325216714 92.7310323858156 1.44839007905107 4.18425215373527 5.28566884599149 0.0498 "aval"
168 "168_fs3" "7" 76 104.525068168907 -2.59852223864891 18.7798566649959 92.1877891866673 92.7310323858156 1.07045182990477 5.25470398364004 5.28566884599149 0.0581 "aval"
168 "168_fs3" "8" 76 119.78823468748 -0.95387034255225 15.3515188835835 107.539308070251 92.7310323858156 0.875036576364262 6.1297405600043 5.28566884599149 0.0664 "aval"
168 "168_fs3" "9" 76 135.369562127194 -3.17288535479622 15.7385447995724 123.277852869823 92.7310323858156 0.897097053575629 7.02683761357993 5.28566884599149 0.0747 "aval"
168 "168_fs3" "10" 76 147.770334911199 -6.19405453629594 12.763488115079 136.041340984902 92.7310323858156 0.727518822559503 7.75435643613943 5.28566884599149 0.083 "aval"
168 "168_fs3" "11" 76 156.753040838187 -12.4750483098543 10.9608343000989 147.002175285001 92.7310323858156 0.624767555105636 8.37912399124507 5.28566884599149 0.0913 "aval"
170 "170_fs1" "1" 76 28.9899671013591 -23.2167047625679 0 0 91.893518130213 0 0 5.23793053342214 0.0083 "aval"
170 "170_fs1" "2" 76 27.0452927045424 -19.7135780838901 4.00670126619125 4.00670126619125 91.893518130213 0.228381972172901 0.228381972172901 5.23793053342214 0.0166 "aval"
170 "170_fs1" "3" 76 30.5072485337897 -13.1092322078557 7.45670990544435 11.4634111716356 91.893518130213 0.425032464610328 0.653414436783229 5.23793053342214 0.0249 "aval"
170 "170_fs1" "4" 76 37.4546878830808 -12.2338152074171 7.00237591369781 18.4657870853334 91.893518130213 0.399135427080775 1.052549863864 5.23793053342214 0.0332 "aval"
170 "170_fs1" "5" 76 50.127587971946 -5.52169490120991 14.3406748679188 32.8064619532522 91.893518130213 0.817418467471373 1.86996833133538 5.23793053342214 0.0415 "aval"
170 "170_fs1" "6" 76 58.6658621988374 -1.40169538340882 9.48032292700408 42.2867848802563 91.893518130213 0.540378406839233 2.41034673817461 5.23793053342214 0.0498 "aval"
170 "170_fs1" "7" 76 65.1292066605357 6.15336242953208 9.94252081654574 52.2293056968021 91.893518130213 0.566723686543107 2.97707042471772 5.23793053342214 0.0581 "aval"
170 "170_fs1" "8" 76 69.86329725646 13.9057238060112 9.08354119723933 61.3128468940414 91.893518130213 0.517761848242642 3.49483227296036 5.23793053342214 0.0664 "aval"
170 "170_fs1" "9" 76 73.3167082370899 22.6222570676663 9.37571327967504 70.6885601737164 91.893518130213 0.534415656941477 4.02924792990184 5.23793053342214 0.0747 "aval"
170 "170_fs1" "10" 76 75.9441846505533 28.408035143129 6.35443626467457 77.042996438391 91.893518130213 0.362202867086451 4.39145079698829 5.23793053342214 0.083 "aval"
170 "170_fs1" "11" 76 78.1682444936844 37.8152565727366 9.66655353326597 86.709549971657 91.893518130213 0.55099355139616 4.94244434838445 5.23793053342214 0.0913 "aval"
170 "170_fs1" "12" 76 80.4714566611087 45.8203360270328 8.32983093212381 95.0393809037808 91.893518130213 0.474800363131057 5.4172447115155 5.23793053342214 0.0996 "aval"
170 "170_fs1" "13" 76 81.6034934513215 52.1240910878185 6.40459484751195 101.443975751293 91.893518130213 0.365061906308181 5.78230661782368 5.23793053342214 0.1079 "aval"
170 "170_fs2" "1" 76 54.5179035395242 10.0184286882283 0 0 43.000886680058 0 0 2.4510505407633 0.0083 "aval"
170 "170_fs2" "2" 76 58.0112762708595 16.5769092013295 7.43083573232279 7.43083573232279 43.000886680058 0.423557636742399 0.423557636742399 2.4510505407633 0.0166 "aval"
170 "170_fs2" "3" 76 66.4243799652338 8.01823090001362 12.001303597431 19.4321393297538 43.000886680058 0.684074305053566 1.10763194179597 2.4510505407633 0.0249 "aval"
170 "170_fs2" "4" 76 61.2328990320425 -3.88951335495008 12.990221226804 32.4223605565578 43.000886680058 0.740442609927829 1.84807455172379 2.4510505407633 0.0332 "aval"
170 "170_fs2" "5" 76 55.7878013410678 -8.12258787504435 6.89695648506857 39.3193170416264 43.000886680058 0.393126519648908 2.2412010713727 2.4510505407633 0.0415 "aval"
170 "170_fs2" "6" 76 47.5728163891471 -13.2770782441582 9.69818275377253 49.0174997953989 43.000886680058 0.552796416965034 2.79399748833774 2.4510505407633 0.0498 "aval"
170 "170_fs2" "7" 76 41.2777814262111 -18.958704240519 8.47987848657689 57.4973782819758 43.000886680058 0.483353073734883 3.27735056207262 2.4510505407633 0.0581 "aval"
170 "170_fs2" "8" 76 37.0634866027681 -21.7226919135035 5.03983221102734 62.5372104930031 43.000886680058 0.287270436028558 3.56462099810118 2.4510505407633 0.0664 "aval"
170 "170_fs2" "9" 76 36.5000014275856 -24.385371883972 2.72165026551623 65.2588607585193 43.000886680058 0.155134065134425 3.7197550632356 2.4510505407633 0.0747 "aval"
170 "170_fs2" "10" 76 32.523960105516 -26.9321153875067 4.72173771694291 69.9805984754623 43.000886680058 0.269139049865746 3.98889411310135 2.4510505407633 0.083 "aval"
170 "170_fs3" "1" 76 67.3954926757932 20.7934933298925 0 0 54.6918225383933 0 0 3.11743388468842 0.0083 "aval"
170 "170_fs3" "2" 76 69.2930200192219 24.8308876134079 4.46107191374701 4.46107191374701 54.6918225383933 0.25428109908358 0.25428109908358 3.11743388468842 0.0166 "aval"
170 "170_fs3" "3" 76 76.9044346582267 20.5642958880606 8.7256769226037 13.1867488363507 54.6918225383933 0.497363584588411 0.75164468367199 3.11743388468842 0.0249 "aval"
170 "170_fs3" "4" 76 76.316508657714 13.3855758514285 7.20275491367171 20.3895037500224 54.6918225383933 0.410557030079288 1.16220171375128 3.11743388468842 0.0332 "aval"
170 "170_fs3" "5" 76 66.6659399360783 9.96875608063004 10.2375843829066 30.627088132929 54.6918225383933 0.583542309825674 1.74574402357695 3.11743388468842 0.0415 "aval"
170 "170_fs3" "6" 76 52.9708465030406 1.86686917456041 15.9121386236538 46.5392267565828 54.6918225383933 0.906991901548266 2.65273592512522 3.11743388468842 0.0498 "aval"
170 "170_fs3" "7" 76 46.5391472626733 -6.70620235396797 10.7174768743303 57.2567036309131 54.6918225383933 0.610896181836828 3.26363210696205 3.11743388468842 0.0581 "aval"
170 "170_fs3" "8" 76 44.2575040159208 -13.7443273979613 7.39872286549087 64.655426496404 54.6918225383933 0.42172720333298 3.68535931029503 3.11743388468842 0.0664 "aval"
170 "170_fs3" "9" 76 45.2521288254999 -21.3545753496157 7.67496921150113 72.3303957079051 54.6918225383933 0.437473245055564 4.12283255535059 3.11743388468842 0.0747 "aval"
170 "170_fs3" "10" 76 49.7206473115976 -25.7929490440783 6.29815993066979 78.6285556385749 54.6918225383933 0.358995116048178 4.48182767139877 3.11743388468842 0.083 "aval"
170 "170_fs3" "11" 76 54.7083009927299 -30.1509699711095 6.62337041417393 85.2519260527488 54.6918225383933 0.377532113607914 4.85935978500668 3.11743388468842 0.0913 "aval"
170 "170_fs3" "12" 76 57.9838400187418 -32.3095677050725 3.92284336776237 89.1747694205112 54.6918225383933 0.223602071962455 5.08296185696914 3.11743388468842 0.0996 "aval"
170 "170_fs3" "13" 76 62.6833081772005 -33.4170803459419 4.8282072472143 94.0029766677255 54.6918225383933 0.275207813091215 5.35816967006035 3.11743388468842 0.1079 "aval"
170 "170_fs3" "14" 76 64.9178615684811 -34.3004345347427 2.40281990198091 96.4057965697064 54.6918225383933 0.136960734412912 5.49513040447327 3.11743388468842 0.1162 "aval"
170 "170_fs3" "15" 76 68.7203729906503 -33.8822795930613 3.82543418071463 100.231230750421 54.6918225383933 0.218049748300734 5.713180152774 3.11743388468842 0.1245 "aval"
171 "171_fs1" "1" 76 77.0500866734297 60.6874344240662 0 0 163.172457448155 0 0 9.30083007454484 0.0083 "aval"
171 "171_fs1" "2" 76 73.6130036282403 64.0117956350171 4.78172744104088 4.78172744104088 163.172457448155 0.27255846413933 0.27255846413933 9.30083007454484 0.0166 "aval"
171 "171_fs1" "3" 76 80.9867924404658 74.9704772269868 13.2085375300022 17.9902649710431 163.172457448155 0.752886639210128 1.02544510334946 9.30083007454484 0.0249 "aval"
171 "171_fs1" "4" 76 98.7623063184452 69.71974051168 18.5348085957128 36.5250735667559 163.172457448155 1.05648408995563 2.08192919330509 9.30083007454484 0.0332 "aval"
171 "171_fs1" "5" 76 96.5854235367681 52.3521070875423 17.503528484291 54.0286020510469 163.172457448155 0.997701123604588 3.07963031690968 9.30083007454484 0.0415 "aval"
171 "171_fs1" "6" 76 91.071917149851 35.3634609777137 17.8609308078714 71.8895328589183 163.172457448155 1.01807305604867 4.09770337295835 9.30083007454484 0.0498 "aval"
171 "171_fs1" "7" 76 94.8988611022413 8.00842543215498 27.6214313480225 99.5109642069408 163.172457448155 1.57442158683728 5.67212495979563 9.30083007454484 0.0581 "aval"
171 "171_fs1" "8" 76 101.865093875321 -15.8240436751469 24.8297197487049 124.340683955646 163.172457448155 1.41529402567618 7.08741898547181 9.30083007454484 0.0664 "aval"
171 "171_fs1" "9" 76 107.161422202112 -36.4042432617595 21.2507813684574 145.591465324103 163.172457448155 1.21129453800207 8.29871352347388 9.30083007454484 0.0747 "aval"
171 "171_fs1" "10" 76 109.062714734251 -54.0505164717958 17.7484047591893 163.339870083292 163.172457448155 1.01165907127379 9.31037259474767 9.30083007454484 0.083 "aval"
171 "171_fs1" "11" 76 106.121499084403 -72.4780008874286 18.6607323379148 182.000602421207 163.172457448155 1.06366174326115 10.3740343380088 9.30083007454484 0.0913 "aval"
171 "171_fs1" "12" 76 95.6010344040523 -86.7229675018197 17.7087337473808 199.709336168588 163.172457448155 1.0093978236007 11.3834321616095 9.30083007454484 0.0996 "aval"
171 "171_fs1" "13" 76 86.0468687505162 -95.536203111678 12.9982769338895 212.707613102478 163.172457448155 0.740901785231701 12.1243339468412 9.30083007454484 0.1079 "aval"
171 "171_fs1" "14" 76 72.8562875503192 -102.431120371472 14.8839281246046 227.591541227082 163.172457448155 0.848383903102462 12.9727178499437 9.30083007454484 0.1162 "aval"
171 "171_fs2" "1" 76 75.1776096895256 -12.0109320457142 0 0 75.6927665787911 0 0 4.31448769499109 0.0083 "aval"
171 "171_fs2" "2" 76 76.3551969604385 -12.7060950951998 1.36746606758129 1.36746606758129 75.6927665787911 0.0779455658521334 0.0779455658521334 4.31448769499109 0.0166 "aval"
171 "171_fs2" "3" 76 80.6088792932039 -20.4799076569209 8.86148831364423 10.2289543812255 75.6927665787911 0.505104833877721 0.583050399729854 4.31448769499109 0.0249 "aval"
171 "171_fs2" "4" 76 76.9208946299339 -29.5180405227402 9.76161239635736 19.9905667775829 75.6927665787911 0.55641190659237 1.13946230632222 4.31448769499109 0.0332 "aval"
171 "171_fs2" "5" 76 70.3918582159719 -31.2844689448338 6.76377009257573 26.7543368701586 75.6927665787911 0.385534895276817 1.52499720159904 4.31448769499109 0.0415 "aval"
171 "171_fs2" "6" 76 62.1196296166555 -28.5995257777763 8.69705040859697 35.4513872787556 75.6927665787911 0.495731873290028 2.02072907488907 4.31448769499109 0.0498 "aval"
171 "171_fs2" "7" 76 44.3152275355392 -30.5264497561615 17.9083714916944 53.35975877045 75.6927665787911 1.02077717502658 3.04150624991565 4.31448769499109 0.0581 "aval"
171 "171_fs2" "8" 76 36.9388937990535 -30.7121927102986 7.37867195618755 60.7384307266376 75.6927665787911 0.42058430150269 3.46209055141834 4.31448769499109 0.0664 "aval"
171 "171_fs2" "9" 76 24.4267371292155 -27.7802708584856 12.8510789537575 73.5895096803951 75.6927665787911 0.73251150036418 4.19460205178252 4.31448769499109 0.0747 "aval"
171 "171_fs2" "10" 76 19.213060665279 -17.1896962201861 11.8043506149215 85.3938602953166 75.6927665787911 0.672847985050527 4.86745003683305 4.31448769499109 0.083 "aval"
171 "171_fs2" "11" 76 21.5061247371941 -7.04290887569005 10.4026648630211 95.7965251583377 75.6927665787911 0.592951897192201 5.46040193402525 4.31448769499109 0.0913 "aval"
171 "171_fs2" "12" 76 25.144405952587 3.98288030482567 11.6105605917827 107.40708575012 75.6927665787911 0.661801953731616 6.12220388775687 4.31448769499109 0.0996 "aval"
171 "171_fs2" "13" 76 29.3946491762517 14.6243243534648 11.4588349713496 118.86592072147 75.6927665787911 0.653153593366928 6.77535748112379 4.31448769499109 0.1079 "aval"
171 "171_fs2" "14" 76 33.427054242412 24.4498714876239 10.620812921014 129.486733642484 75.6927665787911 0.605386336497796 7.38074381762159 4.31448769499109 0.1162 "aval"
171 "171_fs2" "15" 76 37.9153258168508 34.034687669473 10.5836327867964 140.07036642928 75.6927665787911 0.603267068847395 7.98401088646898 4.31448769499109 0.1245 "aval"
171 "171_fs2" "16" 76 41.6152090350116 43.2239577726126 9.90615065787328 149.976517087154 75.6927665787911 0.564650587498777 8.54866147396776 4.31448769499109 0.1328 "aval"
171 "171_fs2" "17" 76 44.3086481408702 51.869160595153 9.05506190259508 159.031578989749 75.6927665787911 0.51613852844792 9.06480000241568 4.31448769499109 0.1411 "aval"
171 "171_fs2" "18" 76 46.5995178941764 58.0796349493384 6.61952233402138 165.65110132377 75.6927665787911 0.377312773039218 9.4421127754549 4.31448769499109 0.1494 "aval"
171 "171_fs3" "1" 76 89.7156511564763 41.7357308041643 0 0 138.261667413188 0 0 7.88091504255174 0.0083 "aval"
171 "171_fs3" "2" 76 89.6687624372623 50.6447071946159 8.90909977930506 8.90909977930506 138.261667413188 0.507818687420389 0.507818687420389 7.88091504255174 0.0166 "aval"
171 "171_fs3" "3" 76 104.644683521998 57.6366108962577 16.5277018883226 25.4368016676277 138.261667413188 0.94207900763439 1.44989769505478 7.88091504255174 0.0249 "aval"
171 "171_fs3" "4" 76 116.908700066813 49.0566653977273 14.9673500182647 40.4041516858924 138.261667413188 0.853138951041087 2.30303664609587 7.88091504255174 0.0332 "aval"
171 "171_fs3" "5" 76 113.710342766153 30.7224945197136 18.6110534684872 59.0152051543796 138.261667413188 1.06083004770377 3.36386669379964 7.88091504255174 0.0415 "aval"
171 "171_fs3" "6" 76 108.142195808329 16.558217449455 15.2194285525764 74.234633706956 138.261667413188 0.867507427496856 4.23137412129649 7.88091504255174 0.0498 "aval"
171 "171_fs3" "7" 76 106.812332178907 -4.4737260782648 21.0739456634503 95.3085793704063 138.261667413188 1.20121490281667 5.43258902411316 7.88091504255174 0.0581 "aval"
171 "171_fs3" "8" 76 105.967878275571 -24.1524517840564 19.6968359844581 115.005415354864 138.261667413188 1.12271965111411 6.55530867522727 7.88091504255174 0.0664 "aval"
171 "171_fs3" "9" 76 106.609021507185 -40.5575982697267 16.4176702323973 131.423085587262 138.261667413188 0.935807203246647 7.49111587847392 7.88091504255174 0.0747 "aval"
171 "171_fs3" "10" 76 107.835886565124 -53.1478708684417 12.6499075878184 144.07299317508 138.261667413188 0.721044732505649 8.21216061097956 7.88091504255174 0.083 "aval"
171 "171_fs3" "11" 76 107.932926186345 -69.8159347795017 16.6683463856277 160.741339560708 138.261667413188 0.950095743980778 9.16225635496034 7.88091504255174 0.0913 "aval"
171 "171_fs3" "12" 76 107.76229041079 -83.272562260116 13.4577093043327 174.19904886504 138.261667413188 0.767089430346965 9.92934578530731 7.88091504255174 0.0996 "aval"
171 "171_fs3" "13" 76 103.527680735766 -95.8343114098874 13.2562989103893 187.45534777543 138.261667413188 0.755609037892192 10.6849548231995 7.88091504255174 0.1079 "aval"
172 "172_fs1" "1" 76 65.5696790604402 29.9822078581903 0 0 86.7909704948454 0 0 4.94708531820619 0.0083 "aval"
172 "172_fs1" "2" 76 68.7815112145938 21.5970333814953 8.97925480154519 8.97925480154519 86.7909704948454 0.511817523688076 0.511817523688076 4.94708531820619 0.0166 "aval"
172 "172_fs1" "3" 76 56.6395413535386 17.6392720330766 12.7707206921853 21.7499754937305 86.7909704948454 0.727931079454563 1.23974860314264 4.94708531820619 0.0249 "aval"
172 "172_fs1" "4" 76 39.3826546130819 13.3647929925592 17.7783945012133 39.5283699949438 86.7909704948454 1.01336848656916 2.2531170897118 4.94708531820619 0.0332 "aval"
172 "172_fs1" "5" 76 28.9448493449388 5.82665689977387 12.8752193988696 52.4035893938135 86.7909704948454 0.733887505735569 2.98700459544737 4.94708531820619 0.0415 "aval"
172 "172_fs1" "6" 76 23.769813643442 -5.98309204408446 12.8938421205136 65.297431514327 86.7909704948454 0.734949000869273 3.72195359631664 4.94708531820619 0.0498 "aval"
172 "172_fs1" "7" 76 22.3168774803422 -17.803362415677 11.909232349383 77.2066638637101 86.7909704948454 0.678826243914834 4.40077984023147 4.94708531820619 0.0581 "aval"
172 "172_fs1" "8" 76 23.8517330571465 -26.4929394246042 8.82408806822118 86.0307519319312 86.7909704948454 0.502973019888607 4.90375286012008 4.94708531820619 0.0664 "aval"
172 "172_fs1" "9" 76 27.344241166874 -35.9776151421535 10.1072590925325 96.1380110244638 86.7909704948454 0.576113768274355 5.47986662839444 4.94708531820619 0.0747 "aval"
172 "172_fs1" "10" 76 30.4547010259027 -43.2848866484359 7.94173642229176 104.079747446756 86.7909704948454 0.45267897607063 5.93254560446507 4.94708531820619 0.083 "aval"
172 "172_fs1" "11" 76 33.470772908522 -50.6548356347818 7.96321779574486 112.0429652425 86.7909704948454 0.453903414357457 6.38644901882252 4.94708531820619 0.0913 "aval"
172 "172_fs2" "1" 76 80.4672177122897 15.6246852526692 0 0 112.784680823565 0 0 6.42872680694319 0.0083 "aval"
172 "172_fs2" "2" 76 72.525749253022 9.97432511829197 9.74646043123877 9.74646043123877 112.784680823565 0.55554824458061 0.55554824458061 6.42872680694319 0.0166 "aval"
172 "172_fs2" "3" 76 69.8296693795214 12.6933679724197 3.82910442882902 13.5755648600678 112.784680823565 0.218258952443254 0.773807197023865 6.42872680694319 0.0249 "aval"
172 "172_fs2" "4" 76 56.703112107785 29.4018050301401 21.2480204894475 34.8235853495153 112.784680823565 1.21113716789851 1.98494436492237 6.42872680694319 0.0332 "aval"
172 "172_fs2" "5" 76 43.1478979240212 32.9743390961808 14.0180894283327 48.841674777848 112.784680823565 0.799031097414963 2.78397546233733 6.42872680694319 0.0415 "aval"
172 "172_fs2" "6" 76 28.5236221331223 20.6494556210554 19.1251717661225 67.9668465439705 112.784680823565 1.09013479066899 3.87411025300632 6.42872680694319 0.0498 "aval"
172 "172_fs2" "7" 76 13.5335234515798 10.7305112313936 17.9746631759147 85.9415097198853 112.784680823565 1.02455580102714 4.89866605403346 6.42872680694319 0.0581 "aval"
172 "172_fs2" "8" 76 7.26511290952976 -1.24517229662348 13.5170250679247 99.4585347878099 112.784680823565 0.770470428871706 5.66913648290516 6.42872680694319 0.0664 "aval"
172 "172_fs2" "9" 76 8.64306637441598 -20.4816029148882 19.2857205901855 118.744255377995 112.784680823565 1.09928607364057 6.76842255654574 6.42872680694319 0.0747 "aval"
172 "172_fs2" "10" 76 8.95214855874895 -38.6674822915606 18.1885057247579 136.932761102753 112.784680823565 1.0367448263112 7.80516738285694 6.42872680694319 0.083 "aval"
172 "172_fs2" "11" 76 7.39624581873119 -50.8324907755788 12.2641047269105 149.196865829664 112.784680823565 0.699053969433901 8.50422135229084 6.42872680694319 0.0913 "aval"
172 "172_fs2" "12" 76 8.54645303233019 -71.2533202281385 20.4531966246048 169.650062454269 112.784680823565 1.16583220760247 9.67005355989331 6.42872680694319 0.0996 "aval"
172 "172_fs3" "1" 76 116.922801360047 45.108842768395 0 0 177.386999375086 0 0 10.1110589643799 0.0083 "aval"
172 "172_fs3" "2" 76 121.288993225908 42.0743480698936 5.31712229356668 5.31712229356668 177.386999375086 0.303075970733301 0.303075970733301 10.1110589643799 0.0166 "aval"
172 "172_fs3" "3" 76 115.762463815736 35.4309456139141 8.64160422106976 13.9587265146364 177.386999375086 0.492571440600976 0.795647411334277 10.1110589643799 0.0249 "aval"
172 "172_fs3" "4" 76 104.699553281864 41.0443539273174 12.4055770673291 26.3643035819655 177.386999375086 0.707117892837758 1.50276530417204 10.1110589643799 0.0332 "aval"
172 "172_fs3" "5" 76 85.1568379612046 45.16834891831 19.9731083407182 46.3374119226837 177.386999375086 1.13846717542094 2.64123247959297 10.1110589643799 0.0415 "aval"
172 "172_fs3" "6" 76 75.440776626669 39.2918149272331 11.3549768650024 57.6923887876861 177.386999375086 0.647233681305137 3.28846616089811 10.1110589643799 0.0498 "aval"
172 "172_fs3" "7" 76 65.6764957796875 17.647483001758 23.7448580740941 81.4372468617802 177.386999375086 1.35345691022336 4.64192307112147 10.1110589643799 0.0581 "aval"
172 "172_fs3" "8" 76 56.8483539950107 5.5469911565375 14.9785843879388 96.415831249719 177.386999375086 0.853779310112512 5.49570238123399 10.1110589643799 0.0664 "aval"
172 "172_fs3" "9" 76 49.2745130485157 -8.41245732217732 15.8817275040437 112.297558753763 177.386999375086 0.90525846773049 6.40096084896448 10.1110589643799 0.0747 "aval"
172 "172_fs3" "10" 76 42.2202876088313 -26.4296691642538 19.3489539540553 131.646512707818 177.386999375086 1.10289037538115 7.50385122434563 10.1110589643799 0.083 "aval"
172 "172_fs3" "11" 76 35.062871116811 -41.7819432850227 16.93874055293 148.585253260748 177.386999375086 0.965508211517009 8.46935943586264 10.1110589643799 0.0913 "aval"
172 "172_fs3" "12" 76 28.9756791755578 -56.8292694323402 16.2319416556801 164.817194916428 177.386999375086 0.925220674373766 9.3945801102364 10.1110589643799 0.0996 "aval"
172 "172_fs3" "13" 76 23.8369984085784 -72.9740454478876 16.9428401579286 181.760035074357 177.386999375086 0.965741889001931 10.3603219992383 10.1110589643799 0.1079 "aval"
172 "172_fs3" "14" 76 19.6994552054566 -87.6994780309466 15.2956735227944 197.055708597151 177.386999375086 0.871853390799283 11.2321753900376 10.1110589643799 0.1162 "aval"
172 "172_fs3" "15" 76 16.4597014181404 -101.087303204607 13.7742465304976 210.829955127649 177.386999375086 0.785132052238363 12.017307442276 10.1110589643799 0.1245 "aval"
173 "173_fs1" "1" 76 207.888043793016 13.3376802654132 0 0 157.410957020745 0 0 8.97242455018249 0.0083 "aval"
173 "173_fs1" "2" 76 211.842699766188 13.1858074564675 3.95757112586014 3.95757112586014 157.410957020745 0.225581554174028 0.225581554174028 8.97242455018249 0.0166 "aval"
173 "173_fs1" "3" 76 215.620297515074 28.433630546373 15.7087986088512 19.6663697347113 157.410957020745 0.895401520704516 1.12098307487854 8.97242455018249 0.0249 "aval"
173 "173_fs1" "4" 76 200.020103974651 37.2977051064834 17.9426267950334 37.6089965297447 157.410957020745 1.02272972731691 2.14371280219545 8.97242455018249 0.0332 "aval"
173 "173_fs1" "5" 76 192.138391885309 29.5617119912907 11.0438659416704 48.6528624714152 157.410957020745 0.629500358675215 2.77321316087066 8.97242455018249 0.0415 "aval"
173 "173_fs1" "6" 76 174.871349421474 14.9643087328561 22.6105050217203 71.2633674931354 157.410957020745 1.28879878623806 4.06201194710872 8.97242455018249 0.0498 "aval"
173 "173_fs1" "7" 76 158.143179541922 6.75115439137846 18.6356532420005 89.899020735136 157.410957020745 1.06223223479403 5.12424418190275 8.97242455018249 0.0581 "aval"
173 "173_fs1" "8" 76 137.805130930679 -1.02325697843656 21.7733252733796 111.672346008516 157.410957020745 1.24107954058264 6.36532372248539 8.97242455018249 0.0664 "aval"
173 "173_fs1" "9" 76 125.393982398443 -6.67327328955628 13.6366891951508 125.309035203666 157.410957020745 0.777291284123597 7.14261500660898 8.97242455018249 0.0747 "aval"
173 "173_fs1" "10" 76 109.04049165979 -12.50346914112 17.3616774249149 142.670712628581 157.410957020745 0.98961561322015 8.13223061982913 8.97242455018249 0.083 "aval"
173 "173_fs1" "11" 76 95.3008711354439 -19.6281077090192 15.4770038081093 158.147716436691 157.410957020745 0.88218921706223 9.01441983689136 8.97242455018249 0.0913 "aval"
173 "173_fs1" "12" 76 85.1376091599637 -23.5476824787641 10.8928857681453 169.040602204836 157.410957020745 0.620894488784282 9.63531432567565 8.97242455018249 0.0996 "aval"
173 "173_fs1" "13" 76 65.9320019567874 -27.076645815291 19.5271331811213 188.567735385957 157.410957020745 1.11304659132391 10.7483609169996 8.97242455018249 0.1079 "aval"
173 "173_fs1" "14" 76 56.1824281074757 -28.657742814467 9.87694578116059 198.444681167118 157.410957020745 0.562985909526154 11.3113468265257 8.97242455018249 0.1162 "aval"
173 "173_fs2" "1" 76 103.115792645547 -45.2601776881098 0 0 187.595574811787 0 0 10.6929477642719 0.0083 "aval"
173 "173_fs2" "2" 76 105.035853093136 -44.7508543363238 1.98646479935341 1.98646479935341 187.595574811787 0.113228493563144 0.113228493563144 10.6929477642719 0.0166 "aval"
173 "173_fs2" "3" 76 113.782164981408 -38.353419769835 10.8362881412149 12.8227529405683 187.595574811787 0.617668424049247 0.730896917612392 10.6929477642719 0.0249 "aval"
173 "173_fs2" "4" 76 111.059908847614 -29.1824425386321 9.56647802658957 22.3892309671578 187.595574811787 0.545289247515606 1.276186165128 10.6929477642719 0.0332 "aval"
173 "173_fs2" "5" 76 95.6509570464144 -24.3654832758086 16.1443145457276 38.5335455128855 187.595574811787 0.920225929106476 2.19641209423447 10.6929477642719 0.0415 "aval"
173 "173_fs2" "6" 76 74.6232574605386 -13.6688429055832 23.5919957842438 62.1255412971293 187.595574811787 1.3447437597019 3.54115585393637 10.6929477642719 0.0498 "aval"
173 "173_fs2" "7" 76 63.7244652019544 3.56717258190099 20.3927414189601 82.5182827160894 187.595574811787 1.16238626088072 4.70354211481709 10.6929477642719 0.0581 "aval"
173 "173_fs2" "8" 76 50.129501876238 26.2950355558145 26.483556845495 109.001839561584 187.595574811787 1.50956274019321 6.21310485501031 10.6929477642719 0.0664 "aval"
173 "173_fs2" "9" 76 29.4287204059415 42.4500804452468 26.2584810844143 135.260320645999 187.595574811787 1.49673342181162 7.70983827682192 10.6929477642719 0.0747 "aval"
173 "173_fs2" "10" 76 19.5372132983994 62.9730134441497 22.7822889924611 158.04260963846 187.595574811787 1.29859047257028 9.0084287493922 10.6929477642719 0.083 "aval"
173 "173_fs2" "11" 76 23.3710345262035 99.3366854156155 36.5652133106745 194.607822949134 187.595574811787 2.08421715870845 11.0926459081007 10.6929477642719 0.0913 "aval"
173 "173_fs2" "12" 76 22.5848317349472 124.170823087369 24.8465794170664 219.454402366201 187.595574811787 1.41625502677278 12.5089009348734 10.6929477642719 0.0996 "aval"
173 "173_fs3" "1" 76 113.693510273733 -41.4525520767779 0 0 177.480790612666 0 0 10.116405064922 0.0083 "aval"
173 "173_fs3" "2" 76 120.938736918896 -47.6871450475237 9.55842343959781 9.55842343959781 177.480790612666 0.544830136057075 0.544830136057075 10.116405064922 0.0166 "aval"
173 "173_fs3" "3" 76 108.565013002501 -63.6535380081161 20.1998699929287 29.7582934325265 177.480790612666 1.15139258959693 1.69622272565401 10.116405064922 0.0249 "aval"
173 "173_fs3" "4" 76 96.735213027912 -56.880226009305 13.6316515093375 43.389944941864 177.480790612666 0.77700413603224 2.47322686168625 10.116405064922 0.0332 "aval"
173 "173_fs3" "5" 76 87.4755483483187 -48.0131713583976 12.8205322885084 56.2104772303724 177.480790612666 0.730770340444978 3.20399720213123 10.116405064922 0.0415 "aval"
173 "173_fs3" "6" 76 65.475145682938 -38.108488645072 24.1271725879876 80.33764981836 177.480790612666 1.37524883751529 4.57924603964652 10.116405064922 0.0498 "aval"
173 "173_fs3" "7" 76 48.5876141290166 -33.2112767103586 17.5832706490627 97.9209204674227 177.480790612666 1.00224642699658 5.5814924666431 10.116405064922 0.0581 "aval"
173 "173_fs3" "8" 76 38.8898946955285 -10.0619173013735 25.0985777138271 123.01949818125 177.480790612666 1.43061892968815 7.01211139633124 10.116405064922 0.0664 "aval"
173 "173_fs3" "9" 76 37.5316503918182 14.6044938708135 24.7037784094651 147.723276590715 177.480790612666 1.40811536933951 8.42022676567075 10.116405064922 0.0747 "aval"
173 "173_fs3" "10" 76 34.6467256380745 36.3347193781303 21.920891666025 169.64416825674 177.480790612666 1.24949082496343 9.66971759063418 10.116405064922 0.083 "aval"
173 "173_fs3" "11" 76 34.3484028837585 55.3980931957447 19.0657079012516 188.709876157992 177.480790612666 1.08674535037134 10.7564629410055 10.116405064922 0.0913 "aval"
173 "173_fs3" "12" 76 32.7414881555996 76.4804497177161 21.1435080216856 209.853384179677 177.480790612666 1.20517995723608 11.9616428982416 10.116405064922 0.0996 "aval"
173 "173_fs3" "13" 76 31.2472503988037 95.5674008845253 19.1453506449475 228.998734824625 177.480790612666 1.09128498676201 13.0529278850036 10.116405064922 0.1079 "aval"
173 "173_fs3" "14" 76 25.337226432361 112.4714491129 17.9074071208298 246.906141945455 177.480790612666 1.0207222058873 14.0736500908909 10.116405064922 0.1162 "aval"
174 "174_fs1" "1" 76 58.9263041989254 -32.9499611976606 0 0 106.14395886956 0 0 6.05020565556491 0.0083 "aval"
174 "174_fs1" "2" 76 65.1616146305686 -36.2800063673462 7.06882571656034 7.06882571656034 106.14395886956 0.402923065843939 0.402923065843939 6.05020565556491 0.0166 "aval"
174 "174_fs1" "3" 76 71.1738815994615 -30.3834005323424 8.42124186083273 15.4900675773931 106.14395886956 0.480010786067466 0.882933851911405 6.05020565556491 0.0249 "aval"
174 "174_fs1" "4" 76 71.4538461841357 -14.0996393564478 16.2861676953863 31.7762352727794 106.14395886956 0.928311558637019 1.81124541054842 6.05020565556491 0.0332 "aval"
174 "174_fs1" "5" 76 75.880576857051 2.09469342421414 16.7884590913327 48.5646943641121 106.14395886956 0.956942168205963 2.76818757875439 6.05020565556491 0.0415 "aval"
174 "174_fs1" "6" 76 84.5205479996271 15.2905002124556 15.7727111853716 64.3374055494837 106.14395886956 0.899044537566183 3.66723211632057 6.05020565556491 0.0498 "aval"
174 "174_fs1" "7" 76 92.6896422990692 27.1380882242688 14.390950051016 78.7283556004997 106.14395886956 0.820284152907912 4.48751626922848 6.05020565556491 0.0581 "aval"
174 "174_fs1" "8" 76 101.749632605999 37.9672517111482 14.1192849035362 92.8476405040358 106.14395886956 0.804799239501561 5.29231550873004 6.05020565556491 0.0664 "aval"
174 "174_fs1" "9" 76 110.431439136234 49.1457785592365 14.1539120783571 107.001552582393 106.14395886956 0.806772988466353 6.0990884971964 6.05020565556491 0.0747 "aval"
174 "174_fs1" "10" 76 115.83797306788 56.6469246357949 9.24650212869208 116.248054711085 106.14395886956 0.527050621335448 6.62613911853184 6.05020565556491 0.083 "aval"
174 "174_fs2" "1" 76 158.258424236339 -20.6099557088376 0 0 135.990815169572 0 0 7.75147646466561 0.0083 "aval"
174 "174_fs2" "2" 76 159.160879614563 -20.8754175347843 0.940688944721015 0.940688944721015 135.990815169572 0.0536192698490979 0.0536192698490979 7.75147646466561 0.0166 "aval"
174 "174_fs2" "3" 76 155.806715037115 -30.0370448906661 9.75632286369453 10.6970118084155 135.990815169572 0.556110403230588 0.609729673079686 7.75147646466561 0.0249 "aval"
174 "174_fs2" "4" 76 146.249427256874 -24.1990188281262 11.1992989968676 21.8963108052831 135.990815169572 0.638360042821452 1.24808971590114 7.75147646466561 0.0332 "aval"
174 "174_fs2" "5" 76 136.206013378323 -6.06301423060512 20.7312523764768 42.62756318176 135.990815169572 1.18168138545918 2.42977110136032 7.75147646466561 0.0415 "aval"
174 "174_fs2" "6" 76 123.686132360182 5.93402892523466 17.3400249478335 59.9675881295935 135.990815169572 0.988381422026512 3.41815252338683 7.75147646466561 0.0498 "aval"
174 "174_fs2" "7" 76 108.468316056819 12.5225807258145 16.5828510175972 76.5504391471907 135.990815169572 0.94522250800304 4.36337503138987 7.75147646466561 0.0581 "aval"
174 "174_fs2" "8" 76 93.8454645982134 16.1630929170295 15.0692107887185 91.6196499359092 135.990815169572 0.858945014956953 5.22232004634682 7.75147646466561 0.0664 "aval"
174 "174_fs2" "9" 76 79.6207633859052 18.9853406861248 14.5019725227158 106.121622458625 135.990815169572 0.826612433794803 6.04893248014163 7.75147646466561 0.0747 "aval"
174 "174_fs2" "10" 76 63.9348563753749 16.5241797614031 15.8778144541489 121.999436912774 135.990815169572 0.905035423886489 6.95396790402812 7.75147646466561 0.083 "aval"
174 "174_fs2" "11" 76 53.2685449952853 15.7367584409267 10.6953368714113 132.694773784185 135.990815169572 0.609634201670443 7.56360210569856 7.75147646466561 0.0913 "aval"
174 "174_fs2" "12" 76 44.1845305307484 11.6801724139136 9.94862849776157 142.643402281947 135.990815169572 0.56707182437241 8.13067393007097 7.75147646466561 0.0996 "aval"
174 "174_fs2" "13" 76 34.3731296028523 4.21388353100224 12.3291953448312 154.972597626778 135.990815169572 0.702764134655376 8.83343806472634 7.75147646466561 0.1079 "aval"
174 "174_fs2" "14" 76 27.2917349410955 -2.86642036549802 10.0138331133665 164.986430740144 135.990815169572 0.570788487461888 9.40422655218823 7.75147646466561 0.1162 "aval"
174 "174_fs2" "15" 76 22.7929552827762 -8.66807429609406 7.34153980745919 172.327970547604 135.990815169572 0.418467769025174 9.82269432121341 7.75147646466561 0.1245 "aval"
174 "174_fs3" "1" 76 76.8874916091072 39.4487888347745 0 0 136.64019447037 0 0 7.78849108481112 0.0083 "aval"
174 "174_fs3" "2" 76 76.5966967410768 41.4783080779162 2.05024632996996 2.05024632996996 136.64019447037 0.116864040808288 0.116864040808288 7.78849108481112 0.0166 "aval"
174 "174_fs3" "3" 76 74.3697520379216 50.1227039682169 8.92663783398647 10.9768841639564 136.64019447037 0.508818356537229 0.625682397345517 7.78849108481112 0.0249 "aval"
174 "174_fs3" "4" 76 65.4792012642697 46.027187053841 9.78852143353742 20.7654055974939 136.64019447037 0.557945721711633 1.18362811905715 7.78849108481112 0.0332 "aval"
174 "174_fs3" "5" 76 47.494807054262 33.7809159536236 21.7579776394999 42.5233832369938 136.64019447037 1.2402047254515 2.42383284450865 7.78849108481112 0.0415 "aval"
174 "174_fs3" "6" 76 37.9159312786969 32.6439580042389 9.64611499529095 52.1694982322847 136.64019447037 0.549828554731584 2.97366139924023 7.78849108481112 0.0498 "aval"
174 "174_fs3" "7" 76 20.0996967945787 23.0643624071349 20.2283677788678 72.3978660111525 136.64019447037 1.15301696339546 4.12667836263569 7.78849108481112 0.0581 "aval"
174 "174_fs3" "8" 76 13.3614593484312 13.2141160338514 11.9344542185661 84.3323202297186 136.64019447037 0.680263890458265 4.80694225309396 7.78849108481112 0.0664 "aval"
174 "174_fs3" "9" 76 10.4173717066986 -10.5348722036629 23.9307771363112 108.26309736603 136.64019447037 1.36405429676974 6.1709965498637 7.78849108481112 0.0747 "aval"
174 "174_fs3" "10" 76 8.35538165632879 -25.4098637832079 15.0172293536244 123.280326719654 136.64019447037 0.855982073156592 7.02697862302029 7.78849108481112 0.083 "aval"
174 "174_fs3" "11" 76 6.61968145909007 -37.9981180082355 12.7073521871639 135.987678906818 136.64019447037 0.724319074668344 7.75129769768863 7.78849108481112 0.0913 "aval"
174 "174_fs3" "12" 76 7.47318340484001 -51.003144562116 13.0330035386528 149.020682445471 136.64019447037 0.742881201703208 8.49417889939184 7.78849108481112 0.0996 "aval"
174 "174_fs3" "13" 76 8.68931522828105 -61.930396895412 10.9947178302815 160.015400275752 136.64019447037 0.626698916326043 9.12087781571788 7.78849108481112 0.1079 "aval"
174 "174_fs3" "14" 76 14.5132826112056 -75.1352462054583 14.4321391823388 174.447539458091 136.64019447037 0.822631933393313 9.9435097491112 7.78849108481112 0.1162 "aval"
174 "174_fs3" "15" 76 19.4076162027637 -84.5133290406954 10.5784185476858 185.025958005777 136.64019447037 0.60296985721809 10.5464796063293 7.78849108481112 0.1245 "aval"
175 "175_fs1" "1" 76 151.49347995618 -10.6974721984438 0 0 151.530726270295 0 0 8.63725139740681 0.0083 "aval"
175 "175_fs1" "2" 76 158.913673868996 -4.71125222873218 9.53384010929309 9.53384010929309 151.530726270295 0.543428886229706 0.543428886229706 8.63725139740681 0.0166 "aval"
175 "175_fs1" "3" 76 169.798860633878 1.38992898859593 12.4784495492445 22.0122896585376 151.530726270295 0.711271624306935 1.25470051053664 8.63725139740681 0.0249 "aval"
175 "175_fs1" "4" 76 168.139925052879 17.6011427232666 16.2958742635392 38.3081639220768 151.530726270295 0.928864833021735 2.18356534355838 8.63725139740681 0.0332 "aval"
175 "175_fs1" "5" 76 139.25753725972 13.7497358211518 29.138044885683 67.4462088077598 151.530726270295 1.66086855848393 3.84443390204231 8.63725139740681 0.0415 "aval"
175 "175_fs1" "6" 76 121.865393620319 11.5310756738949 17.5330862435164 84.9792950512761 151.530726270295 0.999385915880433 4.84381981792274 8.63725139740681 0.0498 "aval"
175 "175_fs1" "7" 76 104.727443429053 12.2615229647106 17.1535095535279 102.132804604804 151.530726270295 0.977750044551093 5.82156986247383 8.63725139740681 0.0581 "aval"
175 "175_fs1" "8" 76 77.0189927119804 18.3789420073695 28.3757124471603 130.508517051964 151.530726270295 1.61741560948814 7.43898547196197 8.63725139740681 0.0664 "aval"
175 "175_fs1" "9" 76 71.8582992463464 20.0023296080086 5.41000409871806 135.918521150682 151.530726270295 0.30837023362693 7.7473557055889 8.63725139740681 0.0747 "aval"
175 "175_fs1" "10" 76 56.1568149232254 21.7791333095758 15.8016974196799 151.720218570362 151.530726270295 0.900696752921753 8.64805245851065 8.63725139740681 0.083 "aval"
175 "175_fs1" "11" 76 38.0031573054398 19.9584704168344 18.2447279583114 169.964946528674 151.530726270295 1.03994949362375 9.6880019521344 8.63725139740681 0.0913 "aval"
175 "175_fs1" "12" 76 23.544757806724 15.3513524172394 15.174677997462 185.139624526136 151.530726270295 0.864956645855334 10.5529585979897 8.63725139740681 0.0996 "aval"
175 "175_fs1" "13" 76 12.1026718066162 10.9314851158688 12.2660734954421 197.405698021578 151.530726270295 0.699166189240202 11.2521247872299 8.63725139740681 0.1079 "aval"
175 "175_fs1" "14" 76 5.05186386240433 1.85968918260784 11.4896202774892 208.895318299067 151.530726270295 0.654908355816885 11.9070331430468 8.63725139740681 0.1162 "aval"
175 "175_fs1" "15" 76 0.0253149920649491 -6.34362259072361 9.62083767643901 218.516155975506 151.530726270295 0.548387747557024 12.4554208906038 8.63725139740681 0.1245 "aval"
175 "175_fs2" "1" 76 98.0406751561735 -13.4777389852053 0 0 105.075424303459 0 0 5.98929918529716 0.0083 "aval"
175 "175_fs2" "2" 76 96.7248065314831 -12.7700774155618 1.4940867225817 1.4940867225817 105.075424303459 0.085162943187157 0.085162943187157 5.98929918529716 0.0166 "aval"
175 "175_fs2" "3" 76 95.8512945991453 -22.4981910190788 9.76725229421606 11.2613390167978 105.075424303459 0.556733380770316 0.641896323957473 5.98929918529716 0.0249 "aval"
175 "175_fs2" "4" 76 106.962111763147 -30.0048969943954 13.408985519111 24.6703245359088 105.075424303459 0.764312174589328 1.4062084985468 5.98929918529716 0.0332 "aval"
175 "175_fs2" "5" 76 108.247848774444 -27.529396590445 2.78948416596644 27.4598087018752 105.075424303459 0.159000597460087 1.56520909600689 5.98929918529716 0.0415 "aval"
175 "175_fs2" "6" 76 124.818138777487 -1.82775329872153 30.5802056677181 58.0400143695934 105.075424303459 1.74307172305993 3.30828081906682 5.98929918529716 0.0498 "aval"
175 "175_fs2" "7" 76 133.544278670019 12.8640128663704 17.0878176041816 75.127831973775 105.075424303459 0.974005603438351 4.28228642250517 5.98929918529716 0.0581 "aval"
175 "175_fs2" "8" 76 149.401661552741 22.606804523813 18.6112487804977 93.7390807542727 105.075424303459 1.06084118048837 5.34312760299354 5.98929918529716 0.0664 "aval"
175 "175_fs2" "9" 76 165.910476093893 28.7550122215625 17.6165097408317 111.355590495104 105.075424303459 1.00414105522741 6.34726865822095 5.98929918529716 0.0747 "aval"
175 "175_fs2" "10" 76 179.221040644649 28.4814314861287 13.3133757957418 124.668966290846 105.075424303459 0.758862420357281 7.10613107857823 5.98929918529716 0.083 "aval"
175 "175_fs2" "11" 76 190.796473270997 28.3380661613747 11.5763204043195 136.245286695166 105.075424303459 0.659850263046211 7.76598134162444 5.98929918529716 0.0913 "aval"
175 "175_fs2" "12" 76 192.516050138503 32.5140897944829 4.51620614980538 140.761492844971 105.075424303459 0.257423750538907 8.02340509216335 5.98929918529716 0.0996 "aval"
175 "175_fs3" "1" 76 65.6591166857337 -4.60091497627269 0 0 47.8811038080564 0 0 2.72922291705921 0.0083 "aval"
175 "175_fs3" "2" 76 64.5244622892908 -4.80730983775575 1.15327335797451 1.15327335797451 47.8811038080564 0.0657365814045472 0.0657365814045472 2.72922291705921 0.0166 "aval"
175 "175_fs3" "3" 76 60.7085921187058 -12.3542443834814 8.4567775302551 9.61005088822962 47.8811038080564 0.482036319224541 0.547772900629088 2.72922291705921 0.0249 "aval"
175 "175_fs3" "4" 76 61.5799781783959 -16.6537284699245 4.38689834331725 13.9969492315469 47.8811038080564 0.250053205569084 0.797826106198172 2.72922291705921 0.0332 "aval"
175 "175_fs3" "5" 76 71.2566631818204 -15.4375757719152 9.75280780290353 23.7497570344504 47.8811038080564 0.555910044765501 1.35373615096367 2.72922291705921 0.0415 "aval"
175 "175_fs3" "6" 76 82.2233910035511 -9.06335779812045 12.6846274637204 36.4343844981708 47.8811038080564 0.723023765432064 2.07675991639574 2.72922291705921 0.0498 "aval"
175 "175_fs3" "7" 76 88.4850321525287 -3.15088680137421 8.61193724814197 45.0463217463128 47.8811038080564 0.490880423144092 2.56764033953983 2.72922291705921 0.0581 "aval"
175 "175_fs3" "8" 76 101.035764516941 2.3441315522162 13.7009528715853 58.7472746178981 47.8811038080564 0.780954313680363 3.34859465322019 2.72922291705921 0.0664 "aval"
175 "175_fs3" "9" 76 102.929477141942 4.7356913011165 3.05052545287664 61.7978000707747 47.8811038080564 0.173879950813969 3.52247460403416 2.72922291705921 0.0747 "aval"
175 "175_fs3" "10" 76 107.394657941952 6.42196550793767 4.77298232527299 66.5707823960477 47.8811038080564 0.27205999254056 3.79453459657472 2.72922291705921 0.083 "aval"
175 "175_fs3" "11" 76 111.983482207177 7.50913295565491 4.71584999724268 71.2866323932904 47.8811038080564 0.268803449842833 4.06333804641755 2.72922291705921 0.0913 "aval"
176 "176_fs1" "1" 76 96.4159592408253 26.1617386025771 0 0 140.559628241375 0 0 8.01189880975835 0.0083 "aval"
176 "176_fs1" "2" 76 95.8015105873011 34.1491038654855 8.01096442327224 8.01096442327224 140.559628241375 0.456624972126518 0.456624972126518 8.01189880975835 0.0166 "aval"
176 "176_fs1" "3" 76 111.490769300495 40.5202744875805 16.9335363721042 24.9445007953765 140.559628241375 0.965211573209942 1.42183654533646 8.01189880975835 0.0249 "aval"
176 "176_fs1" "4" 76 119.212051120607 34.8526239597086 9.57812379600925 34.5226245913857 140.559628241375 0.545953056372527 1.96778960170899 8.01189880975835 0.0332 "aval"
176 "176_fs1" "5" 76 130.791261919753 16.9686077656843 21.305308210847 55.8279328022327 140.559628241375 1.21440256801828 3.18219216972726 8.01189880975835 0.0415 "aval"
176 "176_fs1" "6" 76 134.239034432861 10.7216792896024 7.13521202820392 62.9631448304366 140.559628241375 0.406707085607624 3.58889925533489 8.01189880975835 0.0498 "aval"
176 "176_fs1" "7" 76 159.872217979808 -13.6589600769231 35.3762020950815 98.3393469255181 140.559628241375 2.01644351941964 5.60534277475453 8.01189880975835 0.0581 "aval"
176 "176_fs1" "8" 76 170.249953185856 -23.2909282343291 14.1588205226329 112.498167448151 140.559628241375 0.807052769790076 6.41239554454461 8.01189880975835 0.0664 "aval"
176 "176_fs1" "9" 76 178.110923005263 -32.7487798271679 12.2982032530688 124.79637070122 140.559628241375 0.70099758542492 7.11339312996953 8.01189880975835 0.0747 "aval"
176 "176_fs1" "10" 76 186.15616310819 -39.8179493256542 10.7097640362463 135.506134737466 140.559628241375 0.610456550066036 7.72384968003556 8.01189880975835 0.083 "aval"
176 "176_fs1" "11" 76 197.837204880112 -48.2872883197886 14.4283207572799 149.934455494746 140.559628241375 0.822414283164952 8.54626396320052 8.01189880975835 0.0913 "aval"
176 "176_fs1" "12" 76 207.759870609407 -59.6260372894395 15.067399356627 165.001854851373 140.559628241375 0.85884176332774 9.40510572652826 8.01189880975835 0.0996 "aval"
176 "176_fs2" "1" 76 105.41493173525 28.3234228538996 0 0 101.935438843614 0 0 5.81032001408601 0.0083 "aval"
176 "176_fs2" "2" 76 107.034810187756 34.6453269127196 6.52613799500271 6.52613799500271 101.935438843614 0.371989865715154 0.371989865715154 5.81032001408601 0.0166 "aval"
176 "176_fs2" "3" 76 123.610849998749 33.1727367157909 16.6413225947854 23.1674605897881 101.935438843614 0.948555387902769 1.32054525361792 5.81032001408601 0.0249 "aval"
176 "176_fs2" "4" 76 132.083973070431 26.9543633436668 10.5100895325878 33.6775501223759 101.935438843614 0.599075103357505 1.91962035697543 5.81032001408601 0.0332 "aval"
176 "176_fs2" "5" 76 128.131891477916 15.5125076570652 12.105164619571 45.7827147419469 101.935438843614 0.689994383315546 2.60961474029097 5.81032001408601 0.0415 "aval"
176 "176_fs2" "6" 76 124.937881914424 9.70524305949084 6.62767072189913 52.410385463846 101.935438843614 0.377777231148251 2.98739197143922 5.81032001408601 0.0498 "aval"
176 "176_fs2" "7" 76 117.666104071009 -0.0259131348608435 12.1480102849335 64.5583957487796 101.935438843614 0.69243658624121 3.67982855768044 5.81032001408601 0.0581 "aval"
176 "176_fs2" "8" 76 108.28080420148 -16.4957192597116 18.9562223934821 83.5146181422617 101.935438843614 1.08050467642848 4.76033323410892 5.81032001408601 0.0664 "aval"
176 "176_fs2" "9" 76 103.1878377748 -28.7607375582027 13.2803983707422 96.7950165130038 101.935438843614 0.756982707132303 5.51731594124122 5.81032001408601 0.0747 "aval"
176 "176_fs2" "10" 76 99.6051010303591 -35.3105823314585 7.46568611272356 104.260702625727 101.935438843614 0.425544108425243 5.94286004966646 5.81032001408601 0.083 "aval"
176 "176_fs2" "11" 76 95.4913150639921 -49.8928427818885 15.1514208845657 119.412123510293 101.935438843614 0.863630990420243 6.8064910400867 5.81032001408601 0.0913 "aval"
176 "176_fs2" "12" 76 91.6924776189494 -57.8348131859934 8.80375259951895 128.215876109812 101.935438843614 0.50181389817258 7.30830493825929 5.81032001408601 0.0996 "aval"
176 "176_fs2" "13" 76 89.9103325546106 -67.7115750794533 10.0362575958596 138.252133705672 101.935438843614 0.572066682963995 7.88037162122328 5.81032001408601 0.1079 "aval"
176 "176_fs2" "14" 76 87.6318905184949 -72.0488698235291 4.89932891413984 143.151462619811 101.935438843614 0.279261748105971 8.15963336932925 5.81032001408601 0.1162 "aval"
176 "176_fs3" "1" 76 50.7231712872807 36.3586903710224 0 0 113.803272870485 0 0 6.48678655361767 0.0083 "aval"
176 "176_fs3" "2" 76 48.0496198790893 37.2093477966474 2.8056185036482 2.8056185036482 113.803272870485 0.159920254707948 0.159920254707948 6.48678655361767 0.0166 "aval"
176 "176_fs3" "3" 76 34.1126824904162 37.2388708894911 13.9369686585285 16.7425871621767 113.803272870485 0.794407213536124 0.954327468244071 6.48678655361767 0.0249 "aval"
176 "176_fs3" "4" 76 27.3799006140113 25.3267661967259 13.6831498569096 30.4257370190863 113.803272870485 0.779939541843847 1.73426701008792 6.48678655361767 0.0332 "aval"
176 "176_fs3" "5" 76 33.4764365189451 15.5015050455308 11.5630232521314 41.9887602712176 113.803272870485 0.659092325371488 2.39335933545941 6.48678655361767 0.0415 "aval"
176 "176_fs3" "6" 76 44.8310115169418 5.28057797101121 15.2772289256848 57.2659891969024 113.803272870485 0.870802048764032 3.26416138422344 6.48678655361767 0.0498 "aval"
176 "176_fs3" "7" 76 50.6040585866465 -6.99101903629253 13.5617169111692 70.8277061080716 113.803272870485 0.773017863936643 4.03717924816008 6.48678655361767 0.0581 "aval"
176 "176_fs3" "8" 76 55.1753759823932 -23.2293296083697 16.8694894104086 87.6971955184802 113.803272870485 0.961560896393293 4.99874014455337 6.48678655361767 0.0664 "aval"
176 "176_fs3" "9" 76 57.8666282713288 -31.8781985558135 9.05791217404755 96.7551076925278 113.803272870485 0.51630099392071 5.51504113847408 6.48678655361767 0.0747 "aval"
176 "176_fs3" "10" 76 58.9450894408207 -41.2594091197455 9.44299688334859 106.198104575876 113.803272870485 0.53825082235087 6.05329196082495 6.48678655361767 0.083 "aval"
176 "176_fs3" "11" 76 58.533235534437 -52.612299534289 11.3603584628671 117.558463038744 113.803272870485 0.647540432383428 6.70083239320838 6.48678655361767 0.0913 "aval"
176 "176_fs3" "12" 76 58.5077636752338 -59.3013804883661 6.68912945201453 124.247592490758 113.803272870485 0.381280378764828 7.08211277197321 6.48678655361767 0.0996 "aval"
176 "176_fs3" "13" 76 60.2326392715279 -65.9777522566222 6.89558814102597 131.143180631784 113.803272870485 0.39304852403848 7.47516129601169 6.48678655361767 0.1079 "aval"
176 "176_fs3" "14" 76 58.1864007198939 -77.1995991655427 11.4068812677893 142.550061899573 113.803272870485 0.650192232263988 8.12535352827568 6.48678655361767 0.1162 "aval"
177 "177_fs1" "1" 76 73.3034901080549 28.9142594203479 0 0 78.0232211239028 0 0 4.44732360406246 0.0083 "amont"
177 "177_fs1" "2" 76 70.4009832310349 33.7181352505664 5.61264368754207 5.61264368754207 78.0232211239028 0.319920690189898 0.319920690189898 4.44732360406246 0.0166 "amont"
177 "177_fs1" "3" 76 64.0801709281136 25.2674300765714 10.5530605089968 16.1657041965388 78.0232211239028 0.601524449012816 0.921445139202714 4.44732360406246 0.0249 "amont"
177 "177_fs1" "4" 76 68.1581666197051 13.3725614025487 12.5744959991598 28.7402001956986 78.0232211239028 0.716746271952108 1.63819141115482 4.44732360406246 0.0332 "amont"
177 "177_fs1" "5" 76 72.5555843072839 -0.631521886397991 14.6782707115922 43.4184709072909 78.0232211239028 0.836661430560758 2.47485284171558 4.44732360406246 0.0415 "amont"
177 "177_fs1" "6" 76 71.0203191384103 -10.2286712798137 9.7191725788925 53.1376434861834 78.0232211239028 0.553992836996873 3.02884567871245 4.44732360406246 0.0498 "amont"
177 "177_fs1" "7" 76 68.6011260042199 -18.7887866210604 8.89539600444865 62.033039490632 78.0232211239028 0.507037572253573 3.53588325096603 4.44732360406246 0.0581 "amont"
177 "177_fs1" "8" 76 65.5944889729617 -28.1159603984781 9.79979779954064 71.8328372901727 78.0232211239028 0.558588474573816 4.09447172553984 4.44732360406246 0.0664 "amont"
177 "177_fs1" "9" 76 60.8916125607885 -33.8187394939209 7.39180194266557 79.2246392328382 78.0232211239028 0.421332710731937 4.51580443627178 4.44732360406246 0.0747 "amont"
177 "177_fs1" "10" 76 56.1226266365385 -39.6146512130827 7.50571911291728 86.7303583457555 78.0232211239028 0.427825989436285 4.94363042570806 4.44732360406246 0.083 "amont"
177 "177_fs1" "11" 76 51.847720822013 -41.7256129183104 4.76770165215922 91.4980599979147 78.0232211239028 0.271758994173075 5.21538941988114 4.44732360406246 0.0913 "amont"
177 "177_fs1" "12" 76 47.588549053729 -43.8834611620841 4.77460503025169 96.2726650281664 78.0232211239028 0.272152486724346 5.48754190660549 4.44732360406246 0.0996 "amont"
177 "177_fs1" "13" 76 42.9810742020597 -42.9757546857384 4.69603615360497 100.968701181771 78.0232211239028 0.267674060755483 5.75521596736097 4.44732360406246 0.1079 "amont"
177 "177_fs2" "1" 76 40.7478010209405 -5.84126342791524 0 0 44.6333677164093 0 0 2.54410195983533 0.0083 "amont"
177 "177_fs2" "2" 76 42.8085089488006 -9.39396559032747 4.10709262359081 4.10709262359081 44.6333677164093 0.234104279544676 0.234104279544676 2.54410195983533 0.0166 "amont"
177 "177_fs2" "3" 76 38.7762689685717 -11.5203458793084 4.55855814830994 8.66565077190075 44.6333677164093 0.259837814453667 0.493942093998343 2.54410195983533 0.0249 "amont"
177 "177_fs2" "4" 76 29.0592502422884 -8.40558885299009 10.2040268649166 18.8696776368173 44.6333677164093 0.581629531300246 1.07557162529859 2.54410195983533 0.0332 "amont"
177 "177_fs2" "5" 76 22.8133301260016 -3.17910431405357 8.1441794390091 27.0138570758264 44.6333677164093 0.464218228023519 1.53978985332211 2.54410195983533 0.0415 "amont"
177 "177_fs2" "6" 76 23.4397075433718 6.06003147250152 9.2603444186161 36.2742014944425 44.6333677164093 0.527839631861118 2.06762948518322 2.54410195983533 0.0498 "amont"
177 "177_fs2" "7" 76 28.3394929695963 13.6250847611751 9.01320855653041 45.287410050973 44.6333677164093 0.513752887722233 2.58138237290546 2.54410195983533 0.0581 "amont"
177 "177_fs2" "8" 76 35.6304454032635 17.2547617554111 8.14447926343261 53.4318893144056 44.6333677164093 0.464235318015659 3.04561769092112 2.54410195983533 0.0664 "amont"
177 "177_fs2" "9" 76 44.2774176600953 19.0680364239428 8.83504919250355 62.2669385069091 44.6333677164093 0.503597803972702 3.54921549489382 2.54410195983533 0.0747 "amont"
177 "177_fs2" "10" 76 53.4033043252839 20.6293513986226 9.2584832384158 71.5254217453249 44.6333677164093 0.527733544589701 4.07694903948352 2.54410195983533 0.083 "amont"
177 "177_fs2" "11" 76 60.2264553770656 21.6473164893171 6.89866966895085 78.4240914142758 44.6333677164093 0.393224171130198 4.47017321061372 2.54410195983533 0.0913 "amont"
177 "177_fs2" "12" 76 67.8340689297969 23.5414913898173 7.83987771086934 86.2639691251451 44.6333677164093 0.446873029519553 4.91704624013327 2.54410195983533 0.0996 "amont"
177 "177_fs2" "13" 76 73.4448979759739 24.5402665602429 5.69903100767861 91.9630001328237 44.6333677164093 0.324844767437681 5.24189100757095 2.54410195983533 0.1079 "amont"
177 "177_fs3" "1" 76 61.9153406452888 26.7142893109493 0 0 97.921521378392 0 0 5.58152671856834 0.0083 "amont"
177 "177_fs3" "2" 76 69.2471674604705 23.9757362643284 7.82658017508119 7.82658017508119 97.921521378392 0.446115069979628 0.446115069979628 5.58152671856834 0.0166 "amont"
177 "177_fs3" "3" 76 75.3553737610448 21.1753661714353 6.71954290614665 14.5461230812278 97.921521378392 0.383013945650359 0.829129015629987 5.58152671856834 0.0249 "amont"
177 "177_fs3" "4" 76 64.6546401965229 9.21990896384011 16.0448950093644 30.5910180905922 97.921521378392 0.914559015533768 1.74368803116376 5.58152671856834 0.0332 "amont"
177 "177_fs3" "5" 76 47.3686740626689 3.92005528557161 18.0801845729463 48.6712026635385 97.921521378392 1.03057052065794 2.77425855182169 5.58152671856834 0.0415 "amont"
177 "177_fs3" "6" 76 41.0842365553219 -1.48566423282722 8.28950892968624 56.9607115932247 97.921521378392 0.472502008992116 3.24676056081381 5.58152671856834 0.0498 "amont"
177 "177_fs3" "7" 76 34.5951476608903 -13.0515793432781 13.2619254643506 70.2226370575753 97.921521378392 0.755929751467986 4.00269031228179 5.58152671856834 0.0581 "amont"
177 "177_fs3" "8" 76 30.0249804427608 -20.2038248428047 8.48769957568975 78.7103366332651 97.921521378392 0.483798875814316 4.48648918809611 5.58152671856834 0.0664 "amont"
177 "177_fs3" "9" 76 25.3725478805969 -29.805754473696 10.6696851585261 89.3800217917911 97.921521378392 0.608172054035985 5.09466124213209 5.58152671856834 0.0747 "amont"
177 "177_fs3" "10" 76 20.2688419056174 -38.8669933138762 10.3997049957117 99.7797267875029 97.921521378392 0.592783184755569 5.68744442688766 5.58152671856834 0.083 "amont"
177 "177_fs3" "11" 76 15.6800475866693 -49.3442728944501 11.4381126376304 111.217839425133 97.921521378392 0.651972420344935 6.3394168472326 5.58152671856834 0.0913 "amont"
177 "177_fs3" "12" 76 10.7094719128243 -56.7517717942238 8.9206312825701 120.138470707703 97.921521378392 0.508475983106496 6.84789283033909 5.58152671856834 0.0996 "amont"
177 "177_fs4" "1" 76 46.8184442870878 9.19479228143416 0 0 53.7058590509831 0 0 3.06123396590604 0.0083 "amont"
177 "177_fs4" "2" 76 48.0449157158494 10.7617079520774 1.98983840662398 1.98983840662398 53.7058590509831 0.113420789177567 0.113420789177567 3.06123396590604 0.0166 "amont"
177 "177_fs4" "3" 76 55.9886025359625 3.73683917151988 10.6042888342449 12.5941272408688 53.7058590509831 0.604444463551957 0.717865252729524 3.06123396590604 0.0249 "amont"
177 "177_fs4" "4" 76 54.2520101563408 -4.73042213626337 8.6435101172639 21.2376373581328 53.7058590509831 0.492680076684043 1.21054532941357 3.06123396590604 0.0332 "amont"
177 "177_fs4" "5" 76 42.4349396612444 -6.8445921347116 12.0047019899878 33.2423393481205 53.7058590509831 0.684268013429303 1.89481334284287 3.06123396590604 0.0415 "amont"
177 "177_fs4" "6" 76 31.2674982357113 -7.27001362777577 11.1755416620168 44.4178810101374 53.7058590509831 0.637005874734959 2.53181921757783 3.06123396590604 0.0498 "amont"
177 "177_fs4" "7" 76 23.6784444871137 -8.33875221695581 7.6639375631007 52.081818573238 53.7058590509831 0.43684444109674 2.96866365867457 3.06123396590604 0.0581 "amont"
177 "177_fs4" "8" 76 17.4685098721808 -10.9007112874308 6.71765749354125 58.7994760667793 53.7058590509831 0.382906477131851 3.35157013580642 3.06123396590604 0.0664 "amont"
177 "177_fs4" "9" 76 13.1418285533567 -10.7843988647438 4.32824442636189 63.1277204931412 53.7058590509831 0.246709932302628 3.59828006810905 3.06123396590604 0.0747 "amont"
177 "177_fs4" "10" 76 7.25438788834759 -13.7104841676075 6.57449106651137 69.7022115596526 53.7058590509831 0.374745990791148 3.9730260589002 3.06123396590604 0.083 "amont"
177 "177_fs4" "11" 76 3.61876417757827 -13.9268234656337 3.64205470279876 73.3442662624513 53.7058590509831 0.207597118059529 4.18062317695972 3.06123396590604 0.0913 "amont"
177 "177_fs4" "12" 76 0.718742040005566 -18.3576440742572 5.29549805629409 78.6397643187454 53.7058590509831 0.301843389208763 4.48246656616849 3.06123396590604 0.0996 "amont"
178 "178_fs1" "1" 76 88.2334923091117 65.0093304335888 0 0 161.883065333273 0 0 9.22733472399656 0.0083 "amont"
178 "178_fs1" "2" 76 90.5330143645572 66.8936245579632 2.97293895508 2.97293895508 161.883065333273 0.16945752043956 0.16945752043956 9.22733472399656 0.0166 "amont"
178 "178_fs1" "3" 76 80.3216366135088 74.6045753465502 12.7957413868293 15.7686803419093 161.883065333273 0.729357259049272 0.898814779488832 9.22733472399656 0.0249 "amont"
178 "178_fs1" "4" 76 70.1572227770799 68.1539140539861 12.0385356148317 27.8072159567411 161.883065333273 0.686196530045409 1.58501130953424 9.22733472399656 0.0332 "amont"
178 "178_fs1" "5" 76 68.6348237318634 49.5365165315443 18.6795393241241 46.4867552808652 161.883065333273 1.06473374147507 2.64974505100931 9.22733472399656 0.0415 "amont"
178 "178_fs1" "6" 76 64.6904537983791 32.523976405148 17.4638075952645 63.9505628761297 161.883065333273 0.995437032930079 3.64518208393939 9.22733472399656 0.0498 "amont"
178 "178_fs1" "7" 76 54.2477082464112 18.4840824164609 17.4977015026751 81.4482643788048 161.883065333273 0.997368985652479 4.64255106959187 9.22733472399656 0.0581 "amont"
178 "178_fs1" "8" 76 43.2739309713897 6.17076688122052 16.4936814311472 97.941945809952 161.883065333273 0.940139841575391 5.58269091116726 9.22733472399656 0.0664 "amont"
178 "178_fs1" "9" 76 31.5451764016358 -10.5294802706038 20.4073991162406 118.349344926193 161.883065333273 1.16322174962572 6.74591266079298 9.22733472399656 0.0747 "amont"
178 "178_fs1" "10" 76 26.6536748884114 -25.228501572856 15.4915465431293 133.840891469322 161.883065333273 0.883018152958369 7.62893081375135 9.22733472399656 0.083 "amont"
178 "178_fs1" "11" 76 23.7588052972669 -42.6589300330317 17.6691852176334 151.510076686955 161.883065333273 1.00714355740511 8.63607437115646 9.22733472399656 0.0913 "amont"
178 "178_fs1" "12" 76 21.8653141730065 -63.3472728034086 20.7748125195454 172.284889206501 161.883065333273 1.18416431361409 9.82023868477054 9.22733472399656 0.0996 "amont"
178 "178_fs1" "13" 76 21.6386825741142 -79.7860334134659 16.4403227546295 188.72521196113 161.883065333273 0.937098397013881 10.7573370817844 9.22733472399656 0.1079 "amont"
178 "178_fs1" "14" 76 30.0447411683988 -89.8311396659385 13.0983197668254 201.823531727956 161.883065333273 0.74660422670905 11.5039413084935 9.22733472399656 0.1162 "amont"
178 "178_fs1" "15" 76 51.261241213998 -93.1201309438218 21.4699170424784 223.293448770434 161.883065333273 1.22378527142127 12.7277265799147 9.22733472399656 0.1245 "amont"
178 "178_fs1" "16" 76 59.9515703851707 -94.3840813938291 8.78176473400471 232.075213504439 161.883065333273 0.500560589838268 13.228287169753 9.22733472399656 0.1328 "amont"
178 "178_fs2" "1" 76 58.4351418667212 10.5738316453878 0 0 74.5596729779275 0 0 4.24990135974187 0.0083 "amont"
178 "178_fs2" "2" 76 59.4185099796945 12.1466915473879 1.85496660803703 1.85496660803703 74.5596729779275 0.105733096658111 0.105733096658111 4.24990135974187 0.0166 "amont"
178 "178_fs2" "3" 76 65.8729566882841 7.53570532347226 7.932280647529 9.78724725556603 74.5596729779275 0.452139996909153 0.557873093567264 4.24990135974187 0.0249 "amont"
178 "178_fs2" "4" 76 65.4114281337937 1.2276034839054 6.32496303743799 16.112210293004 74.5596729779275 0.360522893133965 0.918395986701229 4.24990135974187 0.0332 "amont"
178 "178_fs2" "5" 76 49.696445951303 -0.282599263627503 15.7873803189337 31.8995906119378 74.5596729779275 0.899880678179223 1.81827666488045 4.24990135974187 0.0415 "amont"
178 "178_fs2" "6" 76 39.1300159389585 0.752907353389958 10.6170484203314 42.5166390322692 74.5596729779275 0.60517175995889 2.42344842483934 4.24990135974187 0.0498 "amont"
178 "178_fs2" "7" 76 28.7351210550411 -2.88647213347821 11.0135790139777 53.5302180462468 74.5596729779275 0.627774003796726 3.05122242863607 4.24990135974187 0.0581 "amont"
178 "178_fs2" "8" 76 18.1089853865031 -8.01870281739957 11.8006165533484 65.3308345995952 74.5596729779275 0.672635143540857 3.72385757217693 4.24990135974187 0.0664 "amont"
178 "178_fs2" "9" 76 10.4661064821649 -15.3475273202208 10.588921878054 75.9197564776492 74.5596729779275 0.603568547049078 4.327426119226 4.24990135974187 0.0747 "amont"
178 "178_fs2" "10" 76 6.01836945769696 -22.9071922896639 8.77102611380493 84.6907825914541 74.5596729779275 0.499948488486881 4.82737460771288 4.24990135974187 0.083 "amont"
178 "178_fs2" "11" 76 2.51195429707491 -31.3048142536163 9.10027482706407 93.7910574185182 74.5596729779275 0.518715665142652 5.34609027285554 4.24990135974187 0.0913 "amont"
178 "178_fs2" "12" 76 1.3979031324946 -37.4459375351313 6.24135443281891 100.032411851337 74.5596729779275 0.355757202670678 5.70184747552621 4.24990135974187 0.0996 "amont"
179 "179_fs1" "1" 76 100.504696029518 35.5558622274493 0 0 97.1426560272693 0 0 5.53713139355435 0.0083 "amont"
179 "179_fs1" "2" 76 89.7706187602191 37.9834639446566 11.0051653745261 11.0051653745261 97.1426560272693 0.627294426347985 0.627294426347985 5.53713139355435 0.0166 "amont"
179 "179_fs1" "3" 76 82.0281169696139 37.9206488338186 7.74275659669566 18.7479219712217 97.1426560272693 0.441337126011653 1.06863155235964 5.53713139355435 0.0249 "amont"
179 "179_fs1" "4" 76 84.0793188432793 33.8149504480701 4.58957387578262 23.3374958470043 97.1426560272693 0.261605710919609 1.33023726327925 5.53713139355435 0.0332 "amont"
179 "179_fs1" "5" 76 86.7992990746914 0.618261465148294 33.3079337679195 56.6454296149239 97.1426560272693 1.89855222477141 3.22878948805066 5.53713139355435 0.0415 "amont"
179 "179_fs1" "6" 76 90.0614639886668 -10.704891486079 11.7836969021975 68.4291265171214 97.1426560272693 0.671670723425259 3.90046021147592 5.53713139355435 0.0498 "amont"
179 "179_fs1" "7" 76 87.7401395919031 -21.9185392981928 11.4513948586683 79.8805213757897 97.1426560272693 0.652729506944094 4.55318971842001 5.53713139355435 0.0581 "amont"
179 "179_fs1" "8" 76 85.2938016228593 -34.9532445618844 13.2622815069691 93.1428028827588 97.1426560272693 0.755950045897239 5.30913976431725 5.53713139355435 0.0664 "amont"
179 "179_fs1" "9" 76 77.8414487899088 -43.6489098564007 11.4521682515164 104.594971134275 97.1426560272693 0.652773590336436 5.96191335465369 5.53713139355435 0.0747 "amont"
179 "179_fs1" "10" 76 75.0795957520259 -49.1711354604365 6.17436699789797 110.769338132173 97.1426560272693 0.351938918880184 6.31385227353387 5.53713139355435 0.083 "amont"
179 "179_fs1" "11" 76 68.5210681343069 -56.6442923548999 9.94295521872892 120.712293350902 97.1426560272693 0.566748447467548 6.88060072100142 5.53713139355435 0.0913 "amont"
179 "179_fs1" "12" 76 65.3891117144813 -54.508426431228 3.79091997536081 124.503213326263 97.1426560272693 0.216082438595566 7.09668315959699 5.53713139355435 0.0996 "amont"
179 "179_fs1" "13" 76 58.7520353108098 -52.1562289740538 7.04156346742041 131.544776793683 97.1426560272693 0.401369117642964 7.49805227723995 5.53713139355435 0.1079 "amont"
179 "179_fs2" "1" 76 65.7125625789493 -39.6447465611146 0 0 132.236892495301 0 0 7.53750287223216 0.0083 "amont"
179 "179_fs2" "2" 76 67.8147411203363 -41.7034627944232 2.94235741356421 2.94235741356421 132.236892495301 0.16771437257316 0.16771437257316 7.53750287223216 0.0166 "amont"
179 "179_fs2" "3" 76 75.2860332715449 -48.5390946139236 10.1265032849685 13.0688606985327 132.236892495301 0.577210687243204 0.744925059816364 7.53750287223216 0.0249 "amont"
179 "179_fs2" "4" 76 90.3874494749491 -37.5836849712451 18.6567352928462 31.7255959913789 132.236892495301 1.06343391169223 1.8083589715086 7.53750287223216 0.0332 "amont"
179 "179_fs2" "5" 76 88.3673096421753 -16.4058769054001 21.2739399129012 52.99953590428 132.236892495301 1.21261457503537 3.02097354654396 7.53750287223216 0.0415 "amont"
179 "179_fs2" "6" 76 83.8137675015853 -1.69884299769615 15.395830357226 68.3953662615061 132.236892495301 0.877562330361884 3.89853587690585 7.53750287223216 0.0498 "amont"
179 "179_fs2" "7" 76 89.9848589419846 23.585041342081 26.0260864686375 94.4214527301436 132.236892495301 1.48348692871234 5.38202280561819 7.53750287223216 0.0581 "amont"
179 "179_fs2" "8" 76 98.2767756564584 40.1452669690639 18.5201769866368 112.94162971678 132.236892495301 1.0556500882383 6.43767289385648 7.53750287223216 0.0664 "amont"
179 "179_fs2" "9" 76 106.019591746199 48.3208486264928 11.2601659151557 124.201795631936 132.236892495301 0.641829457163874 7.07950235102036 7.53750287223216 0.0747 "amont"
179 "179_fs2" "10" 76 114.486119377724 57.9442776440954 12.8176626649406 137.019458296877 132.236892495301 0.730606771901614 7.81010912292197 7.53750287223216 0.083 "amont"
179 "179_fs2" "11" 76 121.37065680435 68.7690064026982 12.8285466158851 149.848004912762 132.236892495301 0.73122715710545 8.54133628002742 7.53750287223216 0.0913 "amont"
179 "179_fs2" "12" 76 126.813011904472 77.6298492771701 10.3987386486008 160.246743561363 132.236892495301 0.592728102970244 9.13406438299766 7.53750287223216 0.0996 "amont"
179 "179_fs3" "1" 76 200.53641449554 32.9728550721208 0 0 164.727065020216 0 0 9.38944270615229 0.0083 "amont"
179 "179_fs3" "2" 76 200.605169469442 34.9241013551786 1.9524572475686 1.9524572475686 164.727065020216 0.11129006311141 0.11129006311141 9.38944270615229 0.0166 "amont"
179 "179_fs3" "3" 76 201.079948580401 46.0456338121577 11.1316620230693 13.0841192706379 164.727065020216 0.634504735314949 0.745794798426359 9.38944270615229 0.0249 "amont"
179 "179_fs3" "4" 76 180.275041642499 45.9435598480511 20.8051573363172 33.889276606955 164.727065020216 1.18589396817008 1.93168876659644 9.38944270615229 0.0332 "amont"
179 "179_fs3" "5" 76 175.460718318633 22.514408809823 23.918671105202 57.807947712157 164.727065020216 1.36336425299651 3.29505301959295 9.38944270615229 0.0415 "amont"
179 "179_fs3" "6" 76 169.179756188824 -0.689784616857821 24.0392403760791 81.8471880882361 164.727065020216 1.37023670143651 4.66528972102946 9.38944270615229 0.0498 "amont"
179 "179_fs3" "7" 76 154.494617134915 -17.4105995997228 22.2539651011645 104.101153189401 164.727065020216 1.26847601076637 5.93376573179583 9.38944270615229 0.0581 "amont"
179 "179_fs3" "8" 76 135.779163575426 -26.2300004551494 20.6893700577395 124.79052324714 164.727065020216 1.17929409329115 7.11305982508699 9.38944270615229 0.0664 "amont"
179 "179_fs3" "9" 76 120.544979496205 -37.8462315996933 19.1576927254579 143.948215972598 164.727065020216 1.0919884853511 8.20504831043809 9.38944270615229 0.0747 "amont"
179 "179_fs3" "10" 76 95.3715753198469 -43.252925713944 25.7474779167078 169.695693889306 164.727065020216 1.46760624125235 9.67265455169043 9.38944270615229 0.083 "amont"
179 "179_fs3" "11" 76 74.3513012604062 -40.6630185279857 21.1792242720519 190.874918161358 164.727065020216 1.20721578350696 10.8798703351974 9.38944270615229 0.0913 "amont"
179 "179_fs3" "12" 76 59.6471584374695 -30.0198525287052 18.1518263170834 209.026744478441 164.727065020216 1.03465410007375 11.9145244352711 9.38944270615229 0.0996 "amont"
179 "179_fs3" "13" 76 44.2943625523425 -19.2136101727446 18.7745363550243 227.801280833465 164.727065020216 1.07014857223639 12.9846730075075 9.38944270615229 0.1079 "amont"
180 "180_fs1" "1" 76 42.7344678957273 0.657114324488646 0 0 95.8247438029906 0 0 5.46201039677046 0.0083 "amont"
180 "180_fs1" "2" 76 40.4955982151918 3.75498301562897 3.82221504810608 3.82221504810608 95.8247438029906 0.217866257742047 0.217866257742047 5.46201039677046 0.0166 "amont"
180 "180_fs1" "3" 76 43.9761376961719 19.2143028927977 15.8462843008475 19.6684993489536 95.8247438029906 0.903238205148307 1.12110446289035 5.46201039677046 0.0249 "amont"
180 "180_fs1" "4" 76 52.8200879251499 20.645974368578 8.95908136290786 28.6275807118614 95.8247438029906 0.510667637685748 1.6317721005761 5.46201039677046 0.0332 "amont"
180 "180_fs1" "5" 76 63.3777643129744 8.45584776293254 16.1264911673833 44.7540718792448 95.8247438029906 0.919209996540849 2.55098209711695 5.46201039677046 0.0415 "amont"
180 "180_fs1" "6" 76 75.1059207424671 -2.37809186678055 15.9663364969839 60.7204083762286 95.8247438029906 0.91008118032808 3.46106327744503 5.46201039677046 0.0498 "amont"
180 "180_fs1" "7" 76 91.173265175841 -8.72917460937975 17.2770312595658 77.9974396357944 95.8247438029906 0.984790781795248 4.44585405924028 5.46201039677046 0.0581 "amont"
180 "180_fs1" "8" 76 101.475030727784 -7.8175963273373 10.3420185868858 88.3394582226802 95.8247438029906 0.58949505945249 5.03534911869277 5.46201039677046 0.0664 "amont"
180 "180_fs1" "9" 76 109.656544702695 -7.50766811799366 8.18738214673109 96.5268403694112 95.8247438029906 0.466680782363672 5.50202990105644 5.46201039677046 0.0747 "amont"
180 "180_fs1" "10" 76 118.263264398262 -2.75412692743777 9.83218072293081 106.359021092342 95.8247438029906 0.560434301207057 6.0624642022635 5.46201039677046 0.083 "amont"
180 "180_fs1" "11" 76 126.235816828477 1.79081582891195 9.17704183879658 115.536062931139 95.8247438029906 0.523091384811405 6.5855555870749 5.46201039677046 0.0913 "amont"
180 "180_fs1" "12" 76 132.383029049876 6.6671979461932 7.84648460450013 123.382547535639 95.8247438029906 0.447249622456508 7.03280520953141 5.46201039677046 0.0996 "amont"
180 "180_fs1" "13" 76 137.920091606755 11.7060311787066 7.48658146979466 130.869129005433 95.8247438029906 0.426735143778296 7.45954035330971 5.46201039677046 0.1079 "amont"
180 "180_fs2" "1" 76 37.7333121208229 -19.9958402301639 0 0 115.720964315306 0 0 6.59609496597242 0.0083 "amont"
180 "180_fs2" "2" 76 35.9340098447323 -21.2652104473013 2.20199669139176 2.20199669139176 115.720964315306 0.12551381140933 0.12551381140933 6.59609496597242 0.0166 "amont"
180 "180_fs2" "3" 76 29.10613210752 -19.604997785289 7.02682150601717 9.22881819740893 115.720964315306 0.400528825842978 0.526042637252309 6.59609496597242 0.0249 "amont"
180 "180_fs2" "4" 76 27.4648761790248 -9.7769474981597 9.96415041381667 19.1929686112256 115.720964315306 0.56795657358755 1.09399921083986 6.59609496597242 0.0332 "amont"
180 "180_fs2" "5" 76 39.8351783881462 -7.93030267887076 12.5073767766707 31.7003453878963 115.720964315306 0.712920476270227 1.80691968711009 6.59609496597242 0.0415 "amont"
180 "180_fs2" "6" 76 57.2871032303393 -6.87740401078128 17.4836574063558 49.1840027942521 115.720964315306 0.996568472162283 2.80348815927237 6.59609496597242 0.0498 "amont"
180 "180_fs2" "7" 76 66.5207232251348 -1.66681639439872 10.6023564133775 59.7863592076296 115.720964315306 0.604334315562516 3.40782247483489 6.59609496597242 0.0581 "amont"
180 "180_fs2" "8" 76 74.5116580459176 7.66473629990674 12.2854757741244 72.071834981754 115.720964315306 0.700272119125093 4.10809459395998 6.59609496597242 0.0664 "amont"
180 "180_fs2" "9" 76 86.4553547540434 20.2806235194057 17.3727516931202 89.4445866748743 115.720964315306 0.990246846507854 5.09834144046783 6.59609496597242 0.0747 "amont"
180 "180_fs2" "10" 76 98.4576479829589 31.1718622124133 16.2072244082982 105.651811083172 115.720964315306 0.923811791272997 6.02215323174083 6.59609496597242 0.083 "amont"
180 "180_fs2" "11" 76 105.283435881602 42.7846186725018 13.4702447282367 119.122055811409 115.720964315306 0.767803949509494 6.78995718125032 6.59609496597242 0.0913 "amont"
180 "180_fs2" "12" 76 110.203822346241 51.7623546135925 10.2376728600476 129.359728671457 115.720964315306 0.583547353022711 7.37350453427303 6.59609496597242 0.0996 "amont"
180 "180_fs2" "13" 76 117.661797401067 63.6867674184392 14.064601404192 143.424330075649 115.720964315306 0.801682280038943 8.17518681431198 6.59609496597242 0.1079 "amont"
181 "181_fs1" "1" 76 66.4604598979514 13.0040252402432 0 0 68.9399172630653 0 0 3.92957528399472 0.0083 "aval"
181 "181_fs1" "2" 76 66.1081480635575 14.844029619585 1.87342994121771 1.87342994121771 68.9399172630653 0.10678550664941 0.10678550664941 3.92957528399472 0.0166 "aval"
181 "181_fs1" "3" 76 75.7830030972008 17.0207348521912 9.91669630429754 11.7901262455153 68.9399172630653 0.56525168934496 0.67203719599437 3.92957528399472 0.0249 "aval"
181 "181_fs1" "4" 76 79.0897786241239 8.49909361627303 9.14074032773924 20.9308665732545 68.9399172630653 0.521022198681137 1.19305939467551 3.92957528399472 0.0332 "aval"
181 "181_fs1" "5" 76 73.6425342532502 0.0446526831443066 10.0573377554787 30.9882043287332 68.9399172630653 0.573268252062287 1.76632764673779 3.92957528399472 0.0415 "aval"
181 "181_fs1" "6" 76 65.8005653112832 -6.63570346674456 10.3016326461456 41.2898369748788 68.9399172630653 0.5871930608303 2.35352070756809 3.92957528399472 0.0498 "aval"
181 "181_fs1" "7" 76 61.1675993974686 -16.3741693699299 10.7843447323456 52.0741817072245 68.9399172630653 0.614707649743702 2.9682283573118 3.92957528399472 0.0581 "aval"
181 "181_fs1" "8" 76 57.4992147584339 -33.375320071822 17.3924170559572 69.4665987631817 68.9399172630653 0.991367772189562 3.95959612950136 3.92957528399472 0.0664 "aval"
181 "181_fs1" "9" 76 51.608534920311 -42.1733111096656 10.5879533082293 80.054552071411 68.9399172630653 0.60351333856907 4.56310946807043 3.92957528399472 0.0747 "aval"
181 "181_fs1" "10" 76 38.6761815337317 -50.0891286515844 15.1626492234147 95.2172012948257 68.9399172630653 0.864271005734638 5.42738047380507 3.92957528399472 0.083 "aval"
183 "183_fs1" "1" 76 36.8041257159202 -32.3758167827408 0 0 206.655567028849 0 0 11.7793673206444 0.0083 "amont"
183 "183_fs1" "2" 76 33.0867198394957 -35.4238126559395 4.80722220134578 4.80722220134578 206.655567028849 0.274011665476709 0.274011665476709 11.7793673206444 0.0166 "amont"
183 "183_fs1" "3" 76 28.5357947712088 -17.595291488456 18.4001925532471 23.2074147545929 206.655567028849 1.04881097553508 1.32282264101179 11.7793673206444 0.0249 "amont"
183 "183_fs1" "4" 76 38.4247009499706 -10.9561527218128 11.9108618065654 35.1182765611582 206.655567028849 0.678919122974227 2.00174176398602 11.7793673206444 0.0332 "amont"
183 "183_fs1" "5" 76 61.6852030584492 -4.348192402731 24.1809035794177 59.299180140576 206.655567028849 1.37831150402681 3.38005326801283 11.7793673206444 0.0415 "amont"
183 "183_fs1" "6" 76 82.6889532558235 13.2416805859803 27.3963711851168 86.6955513256927 206.655567028849 1.56159315755166 4.94164642556449 11.7793673206444 0.0498 "amont"
183 "183_fs1" "7" 76 92.5477300889927 25.7526764634641 15.9286062947343 102.624157620427 206.655567028849 0.907930558799857 5.84957698436434 11.7793673206444 0.0581 "amont"
183 "183_fs1" "8" 76 114.976102829475 36.8001401194028 25.0015670911904 127.625724711617 206.655567028849 1.42508932419785 7.2746663085622 11.7793673206444 0.0664 "amont"
183 "183_fs1" "9" 76 135.754711565141 37.8067928001946 20.8029788878814 148.428703599499 206.655567028849 1.18576979660924 8.46043610517144 11.7793673206444 0.0747 "amont"
183 "183_fs1" "10" 76 156.005745881382 33.8140759455908 20.6408860943179 169.069589693817 206.655567028849 1.17653050737612 9.63696661254756 11.7793673206444 0.083 "amont"
183 "183_fs1" "11" 76 177.177287231963 28.3443247634925 21.8666947926161 190.936284486433 206.655567028849 1.24640160317912 10.8833682157267 11.7793673206444 0.0913 "amont"
183 "183_fs1" "12" 76 191.747907047933 22.7780998603501 15.5976223025787 206.533906789012 206.655567028849 0.889064471246987 11.7724326869737 11.7793673206444 0.0996 "amont"
183 "183_fs1" "13" 76 211.962148586685 15.1709654579593 21.5982419377838 228.132148726796 206.655567028849 1.23109979045368 13.0035324774273 11.7793673206444 0.1079 "amont"
183 "183_fs1" "14" 76 229.294727766457 7.29039281067543 19.0400033159709 247.172152042766 206.655567028849 1.08528018901034 14.0888126664377 11.7793673206444 0.1162 "amont"
183 "183_fs1" "15" 76 241.123835691879 -1.39228084258366 14.6736708454388 261.845822888205 206.655567028849 0.836399238190013 14.9252119046277 11.7793673206444 0.1245 "amont"
183 "183_fs2" "1" 76 114.627859637898 9.91958385377285 0 0 78.1462711050584 0 0 4.45433745298833 0.0083 "amont"
183 "183_fs2" "2" 76 119.164237202239 15.1018124729428 6.88725016734549 6.88725016734549 78.1462711050584 0.392573259538693 0.392573259538693 4.45433745298833 0.0166 "amont"
183 "183_fs2" "3" 76 110.643518870688 22.9307633038229 11.5713055442317 18.4585557115772 78.1462711050584 0.659564416021207 1.0521376755599 4.45433745298833 0.0249 "amont"
183 "183_fs2" "4" 76 104.383267734349 18.8204933689211 7.48899614286129 25.9475518544385 78.1462711050584 0.426872780143094 1.47901045570299 4.45433745298833 0.0332 "amont"
183 "183_fs2" "5" 76 95.5689702933138 6.25445873263982 15.3491715040018 41.2967233584403 78.1462711050584 0.874902775728102 2.3539132314311 4.45433745298833 0.0415 "amont"
183 "183_fs2" "6" 76 86.7687663984171 -2.38522287113983 12.3323836627979 53.6291070212381 78.1462711050584 0.702945868779478 3.05685910021057 4.45433745298833 0.0498 "amont"
183 "183_fs2" "7" 76 81.4578520683377 -8.32775438476267 7.96991165646416 61.5990186777023 78.1462711050584 0.454284964418457 3.51114406462903 4.45433745298833 0.0581 "amont"
183 "183_fs2" "8" 76 74.3975469667751 -14.1609966800385 9.15830900344304 70.7573276811453 78.1462711050584 0.522023613196253 4.03316767782528 4.45433745298833 0.0664 "amont"
183 "183_fs2" "9" 76 67.3332641880297 -19.0170251236577 8.57234526972155 79.3296729508669 78.1462711050584 0.488623680374129 4.52179135819941 4.45433745298833 0.0747 "amont"
183 "183_fs2" "10" 76 59.8287369555264 -21.5230741221743 7.9119030938422 87.2415760447091 78.1462711050584 0.450978476349005 4.97276983454842 4.45433745298833 0.083 "amont"
183 "183_fs2" "11" 76 55.3312043665604 -23.2361845377055 4.81274835043478 92.0543243951439 78.1462711050584 0.274326655974783 5.2470964905232 4.45433745298833 0.0913 "amont"
183 "183_fs2" "12" 76 48.8255485655618 -24.782974682655 6.68701107772221 98.7413354728661 78.1462711050584 0.381159631430166 5.62825612195337 4.45433745298833 0.0996 "amont"
183 "183_fs2" "13" 76 44.8171158716396 -25.1987837396546 4.02994166627599 102.771277139142 78.1462711050584 0.229706674977731 5.8579627969311 4.45433745298833 0.1079 "amont"
184 "184_fs1" "1" 76 63.3573984859469 58.2984757984419 0 0 190.247609049281 0 0 10.844113715809 0.0083 "amont"
184 "184_fs1" "2" 76 61.7645585838292 59.5036059358207 1.99736766815651 1.99736766815651 190.247609049281 0.113849957084921 0.113849957084921 10.844113715809 0.0166 "amont"
184 "184_fs1" "3" 76 49.6929138163993 58.176708719203 12.1443510989466 14.1417187671031 190.247609049281 0.692228012639956 0.806077969724878 10.844113715809 0.0249 "amont"
184 "184_fs1" "4" 76 40.8114984307809 43.5830128286894 17.0837788266148 31.2254975937179 190.247609049281 0.973775393117045 1.77985336284192 10.844113715809 0.0332 "amont"
184 "184_fs1" "5" 76 46.7214355213468 29.6202888149538 15.1619595797573 46.3874571734753 190.247609049281 0.864231696046168 2.64408505888809 10.844113715809 0.0415 "amont"
184 "184_fs1" "6" 76 62.0500508266418 16.9391089301263 19.8941893639595 66.2816465374347 190.247609049281 1.13396879374569 3.77805385263378 10.844113715809 0.0498 "amont"
184 "184_fs1" "7" 76 77.549203495193 0.389224511001999 22.6742675235482 88.9559140609829 190.247609049281 1.29243324884225 5.07048710147602 10.844113715809 0.0581 "amont"
184 "184_fs1" "8" 76 82.3106157857591 -24.9146987907489 25.7480015042264 114.703915565209 190.247609049281 1.46763608574091 6.53812318721693 10.844113715809 0.0664 "amont"
184 "184_fs1" "9" 76 82.163933356362 -44.9236031796078 20.0094420356388 134.713357600848 190.247609049281 1.14053819603141 7.67866138324835 10.844113715809 0.0747 "amont"
184 "184_fs1" "10" 76 80.4618576964853 -68.1698070423859 23.3084331430018 158.02179074385 190.247609049281 1.3285806891511 9.00724207239945 10.844113715809 0.083 "amont"
184 "184_fs1" "11" 76 77.0375056319135 -95.6846565337085 27.7271190279891 185.748909771839 190.247609049281 1.58044578459538 10.5876878569948 10.844113715809 0.0913 "amont"
184 "184_fs1" "12" 76 65.2833917624769 -115.668317882597 23.1841737778758 208.933083549715 190.247609049281 1.32149790533892 11.9091857623337 10.844113715809 0.0996 "amont"
184 "184_fs1" "13" 76 47.5628630325231 -131.292361002229 23.6247298793709 232.557813429086 190.247609049281 1.34660960312414 13.2557953654579 10.844113715809 0.1079 "amont"
184 "184_fs2" "1" 76 106.465495655049 -11.8737797373619 0 0 164.767549314389 0 0 9.39175031092018 0.0083 "amont"
184 "184_fs2" "2" 76 106.601107798934 -13.912404101749 2.04312994022451 2.04312994022451 164.767549314389 0.116458406592797 0.116458406592797 9.39175031092018 0.0166 "amont"
184 "184_fs2" "3" 76 113.574542183888 -26.594599076809 14.4729698578659 16.5160997980904 164.767549314389 0.824959281898358 0.941417688491155 9.39175031092018 0.0249 "amont"
184 "184_fs2" "4" 76 124.09908593964 -30.6845794439192 11.2913223614458 27.8074221595362 164.767549314389 0.643605374602409 1.58502306309356 9.39175031092018 0.0332 "amont"
184 "184_fs2" "5" 76 137.98331343998 -19.4301254338075 17.8727308586829 45.6801530182191 164.767549314389 1.01874565894493 2.60376872203849 9.39175031092018 0.0415 "amont"
184 "184_fs2" "6" 76 146.528832722394 -10.9119873316399 12.0658433826115 57.7459964008306 164.767549314389 0.687753072808853 3.29152179484734 9.39175031092018 0.0498 "amont"
184 "184_fs2" "7" 76 158.702314286401 -1.09262830293517 15.6401235648515 73.3861199656821 164.767549314389 0.891487043196536 4.18300883804388 9.39175031092018 0.0581 "amont"
184 "184_fs2" "8" 76 176.962001678465 10.7526279701618 21.7652539574259 95.151373923108 164.767549314389 1.24061947557328 5.42362831361716 9.39175031092018 0.0664 "amont"
184 "184_fs2" "9" 76 190.794768166887 16.9011744485609 15.1377030133454 110.289076936453 164.767549314389 0.862849071760685 6.28647738537784 9.39175031092018 0.0747 "amont"
184 "184_fs2" "10" 76 209.174870421521 21.4575845981548 18.9364471942898 129.225524130743 164.767549314389 1.07937749007452 7.36585487545236 9.39175031092018 0.083 "amont"
184 "184_fs2" "11" 76 220.850414883105 24.9553609537249 12.1882229183753 141.413747049118 164.767549314389 0.694728706347395 8.06058358179975 9.39175031092018 0.0913 "amont"
184 "184_fs2" "12" 76 232.990791450407 27.7029568342966 12.4474104262224 153.861157475341 164.767549314389 0.709502394294676 8.77008597609443 9.39175031092018 0.0996 "amont"
184 "184_fs2" "13" 76 250.162793374953 30.7816159331386 17.4457958243095 171.30695329965 164.767549314389 0.994410361985641 9.76449633808007 9.39175031092018 0.1079 "amont"
184 "184_fs2" "14" 76 264.884486967875 33.4226715419204 14.9567187903149 186.263672089965 164.767549314389 0.852532971047948 10.617029309128 9.39175031092018 0.1162 "amont"
185 "185_fs1" "1" 76 114.260623751117 -34.8867261777949 0 0 152.625889511555 0 0 8.69967570215863 0.0083 "amont"
185 "185_fs1" "2" 76 113.150680174699 -35.9434132307235 1.53250196432451 1.53250196432451 152.625889511555 0.0873526119664973 0.0873526119664973 8.69967570215863 0.0166 "amont"
185 "185_fs1" "3" 76 112.121982376303 -44.733245587166 8.84982327590717 10.3823252402317 152.625889511555 0.504439926726709 0.591792538693206 8.69967570215863 0.0249 "amont"
185 "185_fs1" "4" 76 98.0461930135135 -43.5869551469915 14.1223874737543 24.504712713986 152.625889511555 0.804976086003997 1.3967686246972 8.69967570215863 0.0332 "amont"
185 "185_fs1" "5" 76 92.4004734211582 -31.698472598874 13.1609333640285 37.6656460780145 152.625889511555 0.750173201749625 2.14694182644683 8.69967570215863 0.0415 "amont"
185 "185_fs1" "6" 76 87.7539907586749 -13.0679354962359 19.2012164683786 56.8668625463931 152.625889511555 1.09446933869758 3.24141116514441 8.69967570215863 0.0498 "amont"
185 "185_fs1" "7" 76 73.9404214654706 1.80879684175736 20.3010310495416 77.1678935959347 152.625889511555 1.15715876982387 4.39856993496828 8.69967570215863 0.0581 "amont"
185 "185_fs1" "8" 76 59.4604988745904 17.8286561943941 21.5940744630592 98.7619680589939 152.625889511555 1.23086224439437 5.62943217936265 8.69967570215863 0.0664 "amont"
185 "185_fs1" "9" 76 52.7113871552349 30.1812392378965 14.0761080148941 112.838076073888 152.625889511555 0.802338156848961 6.43177033621161 8.69967570215863 0.0747 "amont"
185 "185_fs1" "10" 76 44.156504979775 52.0585777213846 23.4905076181233 136.328583692011 152.625889511555 1.33895893423303 7.77072927044464 8.69967570215863 0.083 "amont"
185 "185_fs1" "11" 76 35.0796881438075 67.2384428268521 17.6866307841231 154.015214476134 152.625889511555 1.00813795469502 8.77886722513966 8.69967570215863 0.0913 "amont"
185 "185_fs1" "12" 76 23.2685231747704 87.6493900569601 23.5819928071413 177.597207283276 152.625889511555 1.34417359000705 10.1230408151467 8.69967570215863 0.0996 "amont"
185 "185_fs2" "1" 76 44.2055750087123 22.1603153341686 0 0 75.6221807387717 0 0 4.31046430210999 0.0083 "amont"
185 "185_fs2" "2" 76 36.8624748439893 24.3205615289916 7.65426571601759 7.65426571601759 75.6221807387717 0.436293145813003 0.436293145813003 4.31046430210999 0.0166 "amont"
185 "185_fs2" "3" 76 30.8508095375934 21.6806596477028 6.56575979601419 14.2200255120318 75.6221807387717 0.374248308372809 0.810541454185811 4.31046430210999 0.0249 "amont"
185 "185_fs2" "4" 76 35.4619214614697 11.232158822088 11.4207496547901 25.6407751668218 75.6221807387717 0.650982730323034 1.46152418450884 4.31046430210999 0.0332 "amont"
185 "185_fs2" "5" 76 37.3232801140139 1.19930973378223 10.2040539425328 35.8448291093546 75.6221807387717 0.581631074724369 2.04315525923321 4.31046430210999 0.0415 "amont"
185 "185_fs2" "6" 76 38.9989067446803 -8.51674390674447 9.85948390895743 45.7043130183121 75.6221807387717 0.561990582810574 2.60514584204379 4.31046430210999 0.0498 "amont"
185 "185_fs2" "7" 76 39.3409792274058 -17.0777991843199 8.56788661509594 54.272199633408 75.6221807387717 0.488369537060468 3.09351537910426 4.31046430210999 0.0581 "amont"
185 "185_fs2" "8" 76 38.8842095034429 -26.8215604899048 9.75446169508819 64.0266613284962 75.6221807387717 0.556004316620027 3.64951969572428 4.31046430210999 0.0664 "amont"
185 "185_fs2" "9" 76 41.4105836357605 -33.7885629189561 7.41091688678603 71.4375782152822 75.6221807387717 0.422422262546803 4.07194195827109 4.31046430210999 0.0747 "amont"
185 "185_fs2" "10" 76 42.7343631134156 -39.9453034236363 6.29744755813262 77.7350257734148 75.6221807387717 0.358954510813559 4.43089646908465 4.31046430210999 0.083 "amont"
185 "185_fs2" "11" 76 44.4789810998435 -47.4009921305234 7.6570873060565 85.3921130794713 75.6221807387717 0.436453976445221 4.86735044552987 4.31046430210999 0.0913 "amont"
185 "185_fs2" "12" 76 46.7173333954444 -53.4201404033707 6.4218663120422 91.8139793915135 75.6221807387717 0.366046379786405 5.23339682531627 4.31046430210999 0.0996 "amont"
185 "185_fs3" "1" 76 68.5702241751518 -16.4164452735694 0 0 99.2321097872276 0 0 5.65623025787197 0.0083 "amont"
185 "185_fs3" "2" 76 75.0007321230069 -18.7214884851506 6.83115339270641 6.83115339270641 99.2321097872276 0.389375743384265 0.389375743384265 5.65623025787197 0.0166 "amont"
185 "185_fs3" "3" 76 80.7078900007448 -6.42420044605348 13.5570994006073 20.3882527933137 99.2321097872276 0.772754665834616 1.16213040921888 5.65623025787197 0.0249 "amont"
185 "185_fs3" "4" 76 65.2745039515912 -0.399265783353997 16.567716880488 36.9559696738017 99.2321097872276 0.944359862187815 2.1064902714067 5.65623025787197 0.0332 "amont"
185 "185_fs3" "5" 76 49.150229521304 -0.943120789957163 16.1334436550732 53.0894133288749 99.2321097872276 0.919606288339171 3.02609655974587 5.65623025787197 0.0415 "amont"
185 "185_fs3" "6" 76 30.6896303555263 6.17925178664939 19.7869126616435 72.8763259905184 99.2321097872276 1.12785402171368 4.15395058145955 5.65623025787197 0.0498 "amont"
185 "185_fs3" "7" 76 23.4230077443098 15.6845404699077 11.9647113264768 84.8410373169952 99.2321097872276 0.681988545609176 4.83593912706873 5.65623025787197 0.0581 "amont"
185 "185_fs3" "8" 76 16.4605802914022 28.358794443989 14.4607091747437 99.3017464917389 99.2321097872276 0.824260422960392 5.66019955002912 5.65623025787197 0.0664 "amont"
185 "185_fs3" "9" 76 6.99965490779289 44.9043114632602 19.0594659565586 118.361212448297 99.2321097872276 1.08638955952384 6.74658910955296 5.65623025787197 0.0747 "amont"
185 "185_fs3" "10" 76 3.5965824523536 58.586471297067 14.0990212374762 132.460233685774 99.2321097872276 0.803644210536145 7.5502333200891 5.65623025787197 0.083 "amont"
186 "186_fs1" "1" 76 57.0264595127798 15.0117927840315 0 0 88.6781697379614 0 0 5.0546556750638 0.0083 "amont"
186 "186_fs1" "2" 76 59.2494464126215 18.723788916664 4.32672925493917 4.32672925493917 88.6781697379614 0.246623567531533 0.246623567531533 5.0546556750638 0.0166 "amont"
186 "186_fs1" "3" 76 63.892573472061 11.0062246269553 9.0066324148311 13.3333616697703 88.6781697379614 0.513378047645373 0.760001615176905 5.0546556750638 0.0249 "amont"
186 "186_fs1" "4" 76 62.4656587387271 5.73582395359426 5.46014733445627 18.7935090042265 88.6781697379614 0.311228398064007 1.07123001324091 5.0546556750638 0.0332 "amont"
186 "186_fs1" "5" 76 50.8422730163529 1.66507197620547 12.3156046263473 31.1091136305738 88.6781697379614 0.701989463701796 1.77321947694271 5.0546556750638 0.0415 "amont"
186 "186_fs1" "6" 76 36.1102376435824 -3.76754622853599 15.7017899229053 46.8109035534791 88.6781697379614 0.8950020256056 2.66822150254831 5.0546556750638 0.0498 "amont"
186 "186_fs1" "7" 76 25.8202091740334 -11.9873428499963 13.1700319818252 59.9809355353043 88.6781697379614 0.750691822964038 3.41891332551235 5.0546556750638 0.0581 "amont"
186 "186_fs1" "8" 76 17.0607987386447 -18.9933069789078 11.216541559286 71.1974770945904 88.6781697379614 0.639342868879305 4.05825619439165 5.0546556750638 0.0664 "amont"
186 "186_fs1" "9" 76 11.7221095649126 -28.2870755478267 10.7180099041916 81.915486998782 88.6781697379614 0.610926564538921 4.66918275893057 5.0546556750638 0.0747 "amont"
186 "186_fs1" "10" 76 5.83348322298275 -37.4472191058085 10.8896349891861 92.8051219879681 88.6781697379614 0.620709194383606 5.28989195331418 5.0546556750638 0.083 "amont"
186 "186_fs1" "11" 76 2.02625051666416 -44.3706469477444 7.90119446429178 100.70631645226 88.6781697379614 0.450368084464632 5.74026003777881 5.0546556750638 0.0913 "amont"
186 "186_fs1" "12" 76 0.172667972863849 -53.0430687293863 8.86829565392235 109.574612106182 88.6781697379614 0.505492852273574 6.24575289005239 5.0546556750638 0.0996 "amont"
186 "186_fs2" "1" 76 53.9298079570445 43.6214529502936 0 0 139.017967784553 0 0 7.92402416371952 0.0083 "amont"
186 "186_fs2" "2" 76 55.6272483146553 48.8479266274098 5.49520981084748 5.49520981084748 139.017967784553 0.313226959218306 0.313226959218306 7.92402416371952 0.0166 "amont"
186 "186_fs2" "3" 76 63.8980005635848 39.5522339548555 12.4424774472672 17.9376872581146 139.017967784553 0.709221214494228 1.02244817371253 7.92402416371952 0.0249 "amont"
186 "186_fs2" "4" 76 58.833027134954 33.3900872142596 7.97659126979518 25.9142785279098 139.017967784553 0.454665702378325 1.47711387609086 7.92402416371952 0.0332 "amont"
186 "186_fs2" "5" 76 44.0913266332787 24.9994565825646 16.9623234280753 42.8766019559851 139.017967784553 0.966852435400292 2.44396631149115 7.92402416371952 0.0415 "amont"
186 "186_fs2" "6" 76 35.4788136502277 13.7541464318699 14.1644759969629 57.0410779529481 139.017967784553 0.807375131826888 3.25134144331804 7.92402416371952 0.0498 "amont"
186 "186_fs2" "7" 76 27.9591236454206 -1.370062759831 16.8904541514645 73.9315321044126 139.017967784553 0.962755886633479 4.21409732995152 7.92402416371952 0.0581 "amont"
186 "186_fs2" "8" 76 23.751679523317 -13.704592847923 13.0323911288248 86.9639232332374 139.017967784553 0.742846294343013 4.95694362429453 7.92402416371952 0.0664 "amont"
186 "186_fs2" "9" 76 21.2680004223848 -27.9320310573079 14.4425987924013 101.406522025639 139.017967784553 0.823228131166877 5.78017175546141 7.92402416371952 0.0747 "amont"
186 "186_fs2" "10" 76 18.9658718766769 -41.0085636469533 13.2776315813108 114.68415360695 139.017967784553 0.756825000134715 6.53699675559612 7.92402416371952 0.083 "amont"
186 "186_fs2" "11" 76 18.2990931859137 -54.8773697550419 13.8848254107213 128.568979017671 139.017967784553 0.791435048411113 7.32843180400724 7.92402416371952 0.0913 "amont"
186 "186_fs2" "12" 76 18.7714652231586 -63.8577421492266 8.99278731427613 137.561766331947 139.017967784553 0.512588876913739 7.84102068092098 7.92402416371952 0.0996 "amont"
186 "186_fs2" "13" 76 19.4750970577453 -74.8764348155769 11.0411360753378 148.602902407285 139.017967784553 0.629344756294254 8.47036543721523 7.92402416371952 0.1079 "amont"
186 "186_fs2" "14" 76 19.5652430653898 -83.2071082232059 8.33116112719418 156.934063534479 139.017967784553 0.474876184250068 8.9452416214653 7.92402416371952 0.1162 "amont"
186 "186_fs2" "15" 76 20.423217317866 -91.2981666410969 8.13642096622568 165.070484500705 139.017967784553 0.463775995074864 9.40901761654016 7.92402416371952 0.1245 "amont"
188 "188_fs1" "1" 76 91.3997680486643 -5.4779249484555 0 0 41.9610439936554 0 0 2.39177950763836 0.0083 "aval"
188 "188_fs1" "2" 76 91.96926669159 -5.7303761666175 0.622944878657563 0.622944878657563 41.9610439936554 0.0355078580834811 0.0355078580834811 2.39177950763836 0.0166 "aval"
188 "188_fs1" "3" 76 98.7071831498724 -5.50062053151692 6.74183252911651 7.36477740777407 41.9610439936554 0.384284454159641 0.419792312243122 2.39177950763836 0.0249 "aval"
188 "188_fs1" "4" 76 98.8512460599545 -14.5774485401122 9.07797118411824 16.4427485918923 41.9610439936554 0.51744435749474 0.937236669737862 2.39177950763836 0.0332 "aval"
188 "188_fs1" "5" 76 87.0045694327858 -14.5669618110782 11.8466812686166 28.2894298605089 41.9610439936554 0.675260832311146 1.61249750204901 2.39177950763836 0.0415 "aval"
188 "188_fs1" "6" 76 75.8781289891087 -10.6559292345397 11.7938056945771 40.083235555086 41.9610439936554 0.672246924590894 2.2847444266399 2.39177950763836 0.0498 "aval"
188 "188_fs1" "7" 76 66.8326084902055 -7.82285677994869 9.4788048101562 49.5620403652422 41.9610439936554 0.540291874178904 2.8250363008188 2.39177950763836 0.0581 "aval"
188 "188_fs1" "8" 76 56.0879204059256 -8.1745471478898 10.7504422301303 60.3124825953725 41.9610439936554 0.612775207117427 3.43781150793623 2.39177950763836 0.0664 "aval"
188 "188_fs1" "9" 76 49.9900645090985 -12.2577233084924 7.33867659029763 67.6511591856701 41.9610439936554 0.418304565646965 3.8561160735832 2.39177950763836 0.0747 "aval"
188 "188_fs2" "1" 76 54.2396610521447 10.1951262311577 0 0 62.2700078065476 0 0 3.54939044497321 0.0083 "aval"
188 "188_fs2" "2" 76 54.8953468020428 13.1926656826093 3.06841434060464 3.06841434060464 62.2700078065476 0.174899617414464 0.174899617414464 3.54939044497321 0.0166 "aval"
188 "188_fs2" "3" 76 64.5127514005538 11.3279472637141 9.7965119299283 12.8649262705329 62.2700078065476 0.558401180005913 0.733300797420377 3.54939044497321 0.0249 "aval"
188 "188_fs2" "4" 76 65.3978025964446 0.457731412230771 10.9061866973378 23.7711129678707 62.2700078065476 0.621652641748253 1.35495343916863 3.54939044497321 0.0332 "aval"
188 "188_fs2" "5" 76 61.2092546043048 -3.68492502688014 5.89114052242564 29.6622534902963 62.2700078065476 0.335795009778262 1.69074844894689 3.54939044497321 0.0415 "aval"
188 "188_fs2" "6" 76 49.6752878835734 -8.35268721031514 12.4426842809759 42.1049377712723 62.2700078065476 0.709233004015628 2.39998145296252 3.54939044497321 0.0498 "aval"
188 "188_fs2" "7" 76 39.6177839817684 -9.25421662839989 10.0978284807425 52.2027662520148 62.2700078065476 0.575576223402324 2.97555767636484 3.54939044497321 0.0581 "aval"
188 "188_fs2" "8" 76 32.9292602760002 -9.52657610788714 6.69406670482822 58.896832956843 62.2700078065476 0.381561802175208 3.35711947854005 3.54939044497321 0.0664 "aval"
188 "188_fs2" "9" 76 25.2151692255583 -12.5273747625207 8.27719718867193 67.1740301455149 62.2700078065476 0.4718002397543 3.82891971829435 3.54939044497321 0.0747 "aval"
188 "188_fs2" "10" 76 19.8654536226377 -12.9829842360038 5.36908158109557 72.5431117266105 62.2700078065476 0.306037650122447 4.1349573684168 3.54939044497321 0.083 "aval"
188 "188_fs2" "11" 76 14.2903055520044 -14.3829753956171 5.74823897002217 78.2913506966327 62.2700078065476 0.327649621291264 4.46260698970806 3.54939044497321 0.0913 "aval"
188 "188_fs2" "12" 76 9.68376320918131 -16.2110879145976 4.95602943274909 83.2473801293818 62.2700078065476 0.282493677666698 4.74510066737476 3.54939044497321 0.0996 "aval"
188 "188_fs2" "13" 76 4.25291070851293 -17.044967740052 5.49449856195412 88.7418786913359 62.2700078065476 0.313186418031385 5.05828708540615 3.54939044497321 0.1079 "aval"
188 "188_fs2" "14" 76 2.7307573292054 -17.7300452373045 1.66921600980193 90.4110947011378 62.2700078065476 0.09514531255871 5.15343239796486 3.54939044497321 0.1162 "aval"
188 "188_fs2" "15" 76 0.274391621491361 -20.8742086105232 3.98992428593871 94.4010189870765 62.2700078065476 0.227425684298506 5.38085808226336 3.54939044497321 0.1245 "aval"
189 "189_fs1" "1" 76 28.6666195807946 5.7161457593694 0 0 54.8452738899275 0 0 3.12618061172587 0.0083 "aval"
189 "189_fs1" "2" 76 29.6801038987311 10.9618324549698 5.34269401810568 5.34269401810568 54.8452738899275 0.304533559032024 0.304533559032024 3.12618061172587 0.0166 "aval"
189 "189_fs1" "3" 76 19.0156607017497 5.25520552762808 12.0952858415791 17.4379798596848 54.8452738899275 0.68943129297001 0.993964852002034 3.12618061172587 0.0249 "aval"
189 "189_fs1" "4" 76 21.3129478420614 -5.25580994102981 10.7591344627441 28.1971143224289 54.8452738899275 0.613270664376412 1.60723551637845 3.12618061172587 0.0332 "aval"
189 "189_fs1" "5" 76 29.8102080747095 -15.1792547297858 13.064386244169 41.2615005665978 54.8452738899275 0.744670015917631 2.35190553229608 3.12618061172587 0.0415 "aval"
189 "189_fs1" "6" 76 37.3170007694154 -37.5139858127835 23.5625157636258 64.8240163302236 54.8452738899275 1.34306339852667 3.69496893082275 3.12618061172587 0.0498 "aval"
189 "189_fs1" "7" 76 38.2501713469048 -48.2853320315897 10.8116930539154 75.635709384139 54.8452738899275 0.616266504073178 4.31123543489592 3.12618061172587 0.0581 "aval"
189 "189_fs2" "1" 76 144.061376296262 -1.37064683154267 0 0 102.619878221092 0 0 5.84933305860223 0.0083 "aval"
189 "189_fs2" "2" 76 149.029407758751 2.6933699823054 6.41853326512533 6.41853326512533 102.619878221092 0.365856396112144 0.365856396112144 5.84933305860223 0.0166 "aval"
189 "189_fs2" "3" 76 145.639322267793 10.3638193560035 8.38620732098065 14.804740586106 102.619878221092 0.478013817295897 0.843870213408041 5.84933305860223 0.0249 "aval"
189 "189_fs2" "4" 76 125.5632259754 3.57638887235771 21.1924244698845 35.9971650559905 102.619878221092 1.20796819478342 2.05183840819146 5.84933305860223 0.0332 "aval"
189 "189_fs2" "5" 76 112.699012288846 0.0385534305014517 13.3418242151131 49.3389892711036 102.619878221092 0.760483980261445 2.8123223884529 5.84933305860223 0.0415 "aval"
189 "189_fs2" "6" 76 94.4889597382392 2.96788903154379 18.4441595351861 67.7831488062896 102.619878221092 1.05131709350561 3.86363948195851 5.84933305860223 0.0498 "aval"
189 "189_fs2" "7" 76 75.740499491085 8.44067728254504 19.530903022631 87.3140518289207 102.619878221092 1.11326147228997 4.97690095424848 5.84933305860223 0.0581 "aval"
189 "189_fs2" "8" 76 59.5756868090246 12.2251785428911 16.6019161194021 103.915967948323 102.619878221092 0.946309218805917 5.9232101730544 5.84933305860223 0.0664 "aval"
189 "189_fs2" "9" 76 43.1108910561803 17.0640741021672 17.1611307732463 121.077098721569 102.619878221092 0.97818445407504 6.90139462712944 5.84933305860223 0.0747 "aval"
189 "189_fs3" "1" 76 79.7371771026692 -15.0877616866549 0 0 136.950424411044 0 0 7.80617419142949 0.0083 "aval"
189 "189_fs3" "2" 76 81.106967325225 -22.7365940127097 7.77051872180425 7.77051872180425 136.950424411044 0.442919567142842 0.442919567142842 7.80617419142949 0.0166 "aval"
189 "189_fs3" "3" 76 90.4265721290694 -30.5385854829053 12.1542628160183 19.9247815378225 136.950424411044 0.692792980513042 1.13571254765588 7.80617419142949 0.0249 "aval"
189 "189_fs3" "4" 76 105.439360029481 -19.0054604481865 18.9313700932923 38.8561516311148 136.950424411044 1.07908809531766 2.21480064297355 7.80617419142949 0.0332 "aval"
189 "189_fs3" "5" 76 118.298441556821 -3.58377440104641 20.0794516424959 58.9356032736108 136.950424411044 1.14452874362227 3.35932938659581 7.80617419142949 0.0415 "aval"
189 "189_fs3" "6" 76 139.212976260913 4.13834112586358 22.2945919473673 81.230195220978 136.950424411044 1.27079174099993 4.63012112759575 7.80617419142949 0.0498 "aval"
189 "189_fs3" "7" 76 158.663756917872 9.14958749049254 20.0859517646573 101.316146985635 136.950424411044 1.14489925058546 5.77502037818121 7.80617419142949 0.0581 "aval"
189 "189_fs3" "8" 76 173.687282748467 12.3310830707633 15.3567002480949 116.67284723373 136.950424411044 0.875331914141408 6.65035229232262 7.80617419142949 0.0664 "aval"
189 "189_fs3" "9" 76 194.29283312776 20.0312021449673 21.9972848367816 138.670132070512 136.950424411044 1.25384523569655 7.90419752801917 7.80617419142949 0.0747 "aval"
189 "189_fs3" "10" 76 210.532145106478 25.5089757591991 17.1382979700701 155.808430040582 136.950424411044 0.976882984293995 8.88108051231316 7.80617419142949 0.083 "aval"
190 "190_fs1" "1" 76 130.772230259845 9.39226862005171 0 0 84.5626471579283 0 0 4.82007088800192 0.0083 "aval"
190 "190_fs1" "2" 76 131.23518168853 9.46346764281202 0.468394413036167 0.468394413036167 84.5626471579283 0.0266984815430615 0.0266984815430615 4.82007088800192 0.0166 "aval"
190 "190_fs1" "3" 76 135.805908197882 12.3315317504906 5.39604786385807 5.86444227689424 84.5626471579283 0.30757472823991 0.334273209782972 4.82007088800192 0.0249 "aval"
190 "190_fs1" "4" 76 135.118601807418 25.5123872469912 13.1987628849829 19.0632051618772 84.5626471579283 0.752329484444027 1.086602694227 4.82007088800192 0.0332 "aval"
190 "190_fs1" "5" 76 123.452092258292 31.8578940920683 13.2805460046178 32.3437511664949 84.5626471579283 0.756991122263212 1.84359381649021 4.82007088800192 0.0415 "aval"
190 "190_fs1" "6" 76 108.968747092227 25.1407667538679 15.9651835841927 48.3089347506877 84.5626471579283 0.910015464298986 2.7536092807892 4.82007088800192 0.0498 "aval"
190 "190_fs1" "7" 76 106.670549313041 22.2819798644195 3.66802065309583 51.9769554037835 84.5626471579283 0.209077177226462 2.96268645801566 4.82007088800192 0.0581 "aval"
190 "190_fs1" "8" 76 98.8622228644187 9.70555530952481 14.8032569562652 66.7802123600486 84.5626471579283 0.843785646507114 3.80647210452277 4.82007088800192 0.0664 "aval"
190 "190_fs1" "9" 76 84.758397202823 -10.5979320769834 24.7214380315301 91.5016503915787 84.5626471579283 1.40912196779722 5.21559407231999 4.82007088800192 0.0747 "aval"
190 "190_fs1" "10" 76 77.4244386140337 -17.0693758171205 9.78092698387203 101.282577375451 84.5626471579283 0.557512838080706 5.77310691040069 4.82007088800192 0.083 "aval"
190 "190_fs1" "11" 76 75.2219280615216 -23.3582375371718 6.66339511569394 107.945972491145 84.5626471579283 0.379813521594554 6.15292043199525 4.82007088800192 0.0913 "aval"
190 "190_fs1" "12" 76 71.2069459481642 -28.8161381099796 6.77560034485768 114.721572836002 84.5626471579283 0.386209219656888 6.53912965165214 4.82007088800192 0.0996 "aval"
190 "190_fs1" "13" 76 67.495540479032 -35.4362445042971 7.58948873300355 122.311061569006 84.5626471579283 0.432600857781202 6.97173050943334 4.82007088800192 0.1079 "aval"
190 "190_fs1" "14" 76 62.6191325426915 -40.667661123331 7.15171826930485 129.462779838311 84.5626471579283 0.407647941350376 7.37937845078371 4.82007088800192 0.1162 "aval"
190 "190_fs2" "1" 76 185.344871789895 -4.20758776598132 0 0 126.22088876361 0 0 7.19459065952579 0.0083 "aval"
190 "190_fs2" "2" 76 185.811805735178 -7.74986923448898 3.57292391626107 3.57292391626107 126.22088876361 0.203656663226881 0.203656663226881 7.19459065952579 0.0166 "aval"
190 "190_fs2" "3" 76 191.79784688111 -11.3108108339612 6.96512696766128 10.5380508839223 126.22088876361 0.397012237156693 0.600668900383574 7.19459065952579 0.0249 "aval"
190 "190_fs2" "4" 76 188.485339803722 -27.9387027338781 16.954630405086 27.4926812890084 126.22088876361 0.966413933089903 1.56708283347348 7.19459065952579 0.0332 "aval"
190 "190_fs2" "5" 76 179.473080335856 -30.0294096504429 9.25158776249313 36.7442690515015 126.22088876361 0.527340502462108 2.09442333593559 7.19459065952579 0.0415 "aval"
190 "190_fs2" "6" 76 158.990019107319 -15.8587601873045 24.9070894224745 61.651358473976 126.22088876361 1.41970409708105 3.51412743301663 7.19459065952579 0.0498 "aval"
190 "190_fs2" "7" 76 147.359553028379 -10.1042114654755 12.9762310477765 74.6275895217524 126.22088876361 0.739645169723258 4.25377260273989 7.19459065952579 0.0581 "aval"
190 "190_fs2" "8" 76 132.357649538684 -5.72090394615958 15.6291552274272 90.2567447491796 126.22088876361 0.890861847963349 5.14463445070324 7.19459065952579 0.0664 "aval"
190 "190_fs2" "9" 76 110.146124322427 1.10217790530527 23.2358838520124 113.492628601192 126.22088876361 1.32444537956471 6.46907983026794 7.19459065952579 0.0747 "aval"
190 "190_fs2" "10" 76 100.42732151206 4.70281373533385 10.3643478544134 123.856976455605 126.22088876361 0.590767827701562 7.05984765796951 7.19459065952579 0.083 "aval"
190 "190_fs2" "11" 76 87.309404534417 9.00043996490768 13.8039609185717 137.660937374177 126.22088876361 0.786825772358589 7.84667343032809 7.19459065952579 0.0913 "aval"
190 "190_fs2" "12" 76 72.33305357029 12.5247122275945 15.385434123945 153.046371498122 126.22088876361 0.876969745064865 8.72364317539296 7.19459065952579 0.0996 "aval"
190 "190_fs2" "13" 76 60.50005181534 14.3796036785773 11.977501944378 165.0238734425 126.22088876361 0.682717610829547 9.40636078622251 7.19459065952579 0.1079 "aval"
190 "190_fs3" "1" 76 118.632186228829 6.66212223448036 0 0 94.1260222318546 0 0 5.36518326721572 0.0083 "aval"
190 "190_fs3" "2" 76 121.10213342057 10.1808907120581 4.29911278391065 4.29911278391065 94.1260222318546 0.245049428682907 0.245049428682907 5.36518326721572 0.0166 "aval"
190 "190_fs3" "3" 76 127.826510175816 7.90939743420364 7.0976703542663 11.396783138177 94.1260222318546 0.404567210193179 0.649616638876086 5.36518326721572 0.0249 "aval"
190 "190_fs3" "4" 76 130.738654956393 -5.71239235072494 13.9295995695435 25.3263827077205 94.1260222318546 0.79398717546398 1.44360381434007 5.36518326721572 0.0332 "aval"
190 "190_fs3" "5" 76 122.423510912917 -9.70385264494587 9.2235229573139 34.5499056650344 94.1260222318546 0.525740808566892 1.96934462290696 5.36518326721572 0.0415 "aval"
190 "190_fs3" "6" 76 108.636993473704 -10.2989816525943 13.7993565660674 48.3492622311018 94.1260222318546 0.786563324265845 2.7559079471728 5.36518326721572 0.0498 "aval"
190 "190_fs3" "7" 76 101.337762353631 -10.3061250987054 7.29923461556514 55.6484968466669 94.1260222318546 0.416056373087213 3.17196432026002 5.36518326721572 0.0581 "aval"
190 "190_fs3" "8" 76 79.2430531836676 -5.70142372865831 22.5694361474224 78.2179329940894 94.1260222318546 1.28645786040308 4.45842218066309 5.36518326721572 0.0664 "aval"
190 "190_fs3" "9" 76 60.8587098749846 -9.92521489171804 18.8633107030727 97.0812436971621 94.1260222318546 1.07520871007515 5.53363089073824 5.36518326721572 0.0747 "aval"
190 "190_fs3" "10" 76 51.5287783441407 -11.7473782033821 9.50620331702461 106.587447014187 94.1260222318546 0.541853589070403 6.07548447980864 5.36518326721572 0.083 "aval"
190 "190_fs3" "11" 76 35.7850470531476 -20.436012706064 17.9821423774863 124.569589391673 94.1260222318546 1.02498211551672 7.10046659532536 5.36518326721572 0.0913 "aval"
190 "190_fs3" "12" 76 29.7550409386664 -24.3307980258456 7.17846267858703 131.74805207026 94.1260222318546 0.409172372679461 7.50963896800483 5.36518326721572 0.0996 "aval"
190 "190_fs4" "1" 76 84.929370668582 -46.2236825370558 0 0 154.212833983907 0 0 8.79013153708271 0.0083 "aval"
190 "190_fs4" "2" 76 86.1406178838026 -46.0781914084176 1.21995388637936 1.21995388637936 154.212833983907 0.0695373715236234 0.0695373715236234 8.79013153708271 0.0166 "aval"
190 "190_fs4" "3" 76 90.4507396216671 -49.735865772635 5.65294004477893 6.87289393115829 154.212833983907 0.322217582552399 0.391754954076022 8.79013153708271 0.0249 "aval"
190 "190_fs4" "4" 76 96.5148972031572 -49.5234361343255 6.06787718435173 12.94077111551 154.212833983907 0.345868999508049 0.737623953584071 8.79013153708271 0.0332 "aval"
190 "190_fs4" "5" 76 101.657728206646 -40.68695396737 10.2240954522817 23.1648665677918 154.212833983907 0.582773440780059 1.32039739436413 8.79013153708271 0.0415 "aval"
190 "190_fs4" "6" 76 102.431883542304 -35.4951120710703 5.24924173189811 28.4141082996899 154.212833983907 0.299206778718192 1.61960417308232 8.79013153708271 0.0498 "aval"
190 "190_fs4" "7" 76 82.9597877481326 -12.5109613430641 30.1236402067396 58.5377485064294 154.212833983907 1.71704749178415 3.33665166486648 8.79013153708271 0.0581 "aval"
190 "190_fs4" "8" 76 71.555051354343 18.2484916460832 32.8056696380884 91.3434181445178 154.212833983907 1.86992316937104 5.20657483423751 8.79013153708271 0.0664 "aval"
190 "190_fs4" "9" 76 69.2268229521778 36.628616099008 18.526997123054 109.870415267572 154.212833983907 1.05603883601408 6.26261367025159 8.79013153708271 0.0747 "aval"
190 "190_fs4" "10" 76 70.3526100852903 50.9413120990254 14.3569029897815 124.227318257353 154.212833983907 0.818343470417543 7.08095714066914 8.79013153708271 0.083 "aval"
190 "190_fs4" "11" 76 69.6865625950034 61.738223359745 10.8174355570612 135.044753814414 154.212833983907 0.616593826752486 7.69755096742162 8.79013153708271 0.0913 "aval"
190 "190_fs4" "12" 76 74.557920273816 77.6658640518558 16.6559257818925 151.700679596307 154.212833983907 0.949387769567871 8.64693873698949 8.79013153708271 0.0996 "aval"
190 "190_fs4" "13" 76 80.4182907002035 93.8439693120584 17.2068309500812 168.907510546388 154.212833983907 0.980789364154628 9.62772810114412 8.79013153708271 0.1079 "aval"
190 "190_fs4" "14" 76 85.0950043081345 107.989062496698 14.8981646981346 183.805675244523 154.212833983907 0.849195387793673 10.4769234889378 8.79013153708271 0.1162 "aval"
191 "191_fs1" "1" 76 139.126865832207 -11.8039744353393 0 0 139.203642473333 0 0 7.93460762097999 0.0083 "aval"
191 "191_fs1" "2" 76 142.512044819741 -16.3510691311751 5.66881883204428 5.66881883204428 139.203642473333 0.323122673426524 0.323122673426524 7.93460762097999 0.0166 "aval"
191 "191_fs1" "3" 76 134.433058349086 -25.3339579671734 12.0814864248125 17.7503052568568 139.203642473333 0.688644726214314 1.01176739964084 7.93460762097999 0.0249 "aval"
191 "191_fs1" "4" 76 122.677785106033 -17.0078437929247 14.4052291290858 32.1555343859426 139.203642473333 0.821098060357892 1.83286545999873 7.93460762097999 0.0332 "aval"
191 "191_fs1" "5" 76 113.181326275235 -6.06008903049633 14.4926210418721 46.6481554278147 139.203642473333 0.826079399386711 2.65894485938544 7.93460762097999 0.0415 "aval"
191 "191_fs1" "6" 76 93.1978374449365 -3.47854047241282 20.1495463668145 66.7977017946293 139.203642473333 1.14852414290843 3.80746900229387 7.93460762097999 0.0498 "aval"
191 "191_fs1" "7" 76 72.4959067244091 -10.8049913401622 21.9601188037556 88.7578205983849 139.203642473333 1.25172677181407 5.05919577410794 7.93460762097999 0.0581 "aval"
191 "191_fs1" "8" 76 49.2165924557107 -8.33708751451184 23.4097633929411 112.167583991326 139.203642473333 1.33435651339764 6.39355228750558 7.93460762097999 0.0664 "aval"
191 "191_fs1" "9" 76 34.6741280725152 1.72773008825169 17.6856954546155 129.853279445941 139.203642473333 1.00808464091309 7.40163692841867 7.93460762097999 0.0747 "aval"
191 "191_fs1" "10" 76 28.2945689585896 22.3635615426242 21.5994517129797 151.452731158921 139.203642473333 1.23116874763984 8.63280567605851 7.93460762097999 0.083 "aval"
191 "191_fs1" "11" 76 22.7976337435906 39.3454308247991 17.8493748090731 169.302105967994 139.203642473333 1.01741436411716 9.65022004017567 7.93460762097999 0.0913 "aval"
191 "191_fs1" "12" 76 17.8293465049982 56.4936527775365 17.8534420834052 187.155548051399 139.203642473333 1.0176461987541 10.6678662389298 7.93460762097999 0.0996 "aval"
191 "191_fs2" "1" 76 41.849760402148 11.3191563848917 0 0 60.3096810885239 0 0 3.43765182204586 0.0083 "aval"
191 "191_fs2" "2" 76 42.9145825050923 12.2045898461622 1.38486047140359 1.38486047140359 60.3096810885239 0.0789370468700047 0.0789370468700047 3.43765182204586 0.0166 "aval"
191 "191_fs2" "3" 76 50.4396599729236 15.4145375434404 8.18110965066011 9.5659701220637 60.3096810885239 0.466323250087626 0.545260296957631 3.43765182204586 0.0249 "aval"
191 "191_fs2" "4" 76 55.2334158949566 6.94265464116847 9.73410991050717 19.3000800325709 60.3096810885239 0.554844264898909 1.10010456185654 3.43765182204586 0.0332 "aval"
191 "191_fs2" "5" 76 49.8314721825633 -1.5532896228371 10.0678729038936 29.3679529364645 60.3096810885239 0.573868755521934 1.67397331737847 3.43765182204586 0.0415 "aval"
191 "191_fs2" "6" 76 41.8442457601666 -7.32729708339866 9.85570637129844 39.2236593077629 60.3096810885239 0.561775263164011 2.23574858054248 3.43765182204586 0.0498 "aval"
191 "191_fs2" "7" 76 32.2068268399244 -13.9417588931723 11.6889241796325 50.9125834873953 60.3096810885239 0.66626867823905 2.90201725878153 3.43765182204586 0.0581 "aval"
191 "191_fs2" "8" 76 25.8039380986913 -20.2224402907197 8.96905474674492 59.8816382341403 60.3096810885239 0.51123612056446 3.413253379346 3.43765182204586 0.0664 "aval"
191 "191_fs2" "9" 76 20.2887734115173 -26.5800023785447 8.41639098587993 68.2980292200202 60.3096810885239 0.479734286195156 3.89298766554115 3.43765182204586 0.0747 "aval"
191 "191_fs2" "10" 76 18.6413338472857 -32.99463371901 6.62280547441001 74.9208346944302 60.3096810885239 0.377499912041371 4.27048757758252 3.43765182204586 0.083 "aval"
191 "191_fs2" "11" 76 18.7519546319641 -41.0206172098158 8.02674578846809 82.9475804828983 60.3096810885239 0.457524509942681 4.7280120875252 3.43765182204586 0.0913 "aval"
191 "191_fs2" "12" 76 21.021921758506 -45.279949353926 4.82645429579844 87.7740347786967 60.3096810885239 0.275107894860511 5.00311998238571 3.43765182204586 0.0996 "aval"
192 "192_fs1" "1" 76 43.6324321933311 -3.18972200518994 0 0 68.8067534093757 0 0 3.92198494433441 0.0083 "aval"
192 "192_fs1" "2" 76 42.5392604610465 -4.11268055247126 1.43069106248196 1.43069106248196 68.8067534093757 0.0815493905614715 0.0815493905614715 3.92198494433441 0.0166 "aval"
192 "192_fs1" "3" 76 39.0490286700569 -4.40822450947297 3.50272239627332 4.93341345875528 68.8067534093757 0.199655176587579 0.281204567149051 3.92198494433441 0.0249 "aval"
192 "192_fs1" "4" 76 33.136897264664 -13.133710733784 10.5398011179184 15.4732145766737 68.8067534093757 0.600768663721351 0.881973230870401 3.92198494433441 0.0332 "aval"
192 "192_fs1" "5" 76 42.0842715051066 -20.2453517324208 11.4293894627853 26.902604039459 68.8067534093757 0.651475199378762 1.53344843024916 3.92198494433441 0.0415 "aval"
192 "192_fs1" "6" 76 59.7672776109602 -11.2455020898785 19.8415220819378 46.7441261213968 68.8067534093757 1.13096675867045 2.66441518891962 3.92198494433441 0.0498 "aval"
192 "192_fs1" "7" 76 70.5498612891036 -2.20544530465202 14.0707760076082 60.814902129005 68.8067534093757 0.80203423243367 3.46644942135329 3.92198494433441 0.0581 "aval"
192 "192_fs1" "8" 76 81.417463243521 2.07764844742525 11.6811670790525 72.4960692080575 68.8067534093757 0.665826523505993 4.13227594485928 3.92198494433441 0.0664 "aval"
192 "192_fs1" "9" 76 89.7159383729718 4.73204678686255 8.71266434671514 81.2087335547727 68.8067534093757 0.496621867762763 4.62889781262204 3.92198494433441 0.0747 "aval"
192 "192_fs1" "10" 76 99.4633639528737 6.95442164172647 9.99756247448633 91.206296029259 68.8067534093757 0.569861061045721 5.19875887366776 3.92198494433441 0.083 "aval"
192 "192_fs1" "11" 76 105.875062066106 6.82785306783524 6.41294723969591 97.6192432689549 68.8067534093757 0.365537992662667 5.56429686633043 3.92198494433441 0.0913 "aval"
192 "192_fs1" "12" 76 111.725849566498 6.69237418854959 5.8523558420072 103.471599110962 68.8067534093757 0.33358428299441 5.89788114932484 3.92198494433441 0.0996 "aval"
193 "193_fs1" "1" 76 72.5102125696151 -18.9019232960612 0 0 62.6436755823315 0 0 3.5706895081929 0.0083 "aval"
193 "193_fs1" "2" 76 72.4235119828937 -24.348904559114 5.44767123381965 5.44767123381965 62.6436755823315 0.31051726032772 0.31051726032772 3.5706895081929 0.0166 "aval"
193 "193_fs1" "3" 76 85.3660340277656 -25.1028481600914 12.9644632683135 18.4121345021331 62.6436755823315 0.738974406293869 1.04949166662159 3.5706895081929 0.0249 "aval"
193 "193_fs1" "4" 76 89.1969568892645 -10.5535825324997 15.0451686688111 33.4573031709443 62.6436755823315 0.857574614122235 1.90706628074382 3.5706895081929 0.0332 "aval"
193 "193_fs1" "5" 76 82.9957959456096 0.0270918915762763 12.2639744095218 45.7212775804661 62.6436755823315 0.699046541342744 2.60611282208657 3.5706895081929 0.0415 "aval"
193 "193_fs1" "6" 76 77.5242974438435 4.1290082485113 6.83834875201023 52.5596263324763 62.6436755823315 0.389785878864583 2.99589870095115 3.5706895081929 0.0498 "aval"
193 "193_fs1" "7" 76 72.2847193532101 8.428712347952 6.77795204398738 59.3375783764637 62.6436755823315 0.386343266507281 3.38224196745843 3.5706895081929 0.0581 "aval"
193 "193_fs1" "8" 76 63.9199710875273 17.0610401875364 12.0202369975931 71.3578153740569 62.6436755823315 0.685153508862809 4.06739547632124 3.5706895081929 0.0664 "aval"
193 "193_fs1" "9" 76 59.4928675255289 20.2195998018023 5.4383586481153 76.7961740221722 62.6436755823315 0.309986442942572 4.37738191926381 3.5706895081929 0.0747 "aval"
193 "193_fs1" "10" 76 54.9634364682785 26.5447468131559 7.77966775753437 84.5758417797065 62.6436755823315 0.443441062179459 4.82082298144327 3.5706895081929 0.083 "aval"
193 "193_fs1" "11" 76 51.4211645093329 26.4495145725083 3.54355186370837 88.1193936434149 62.6436755823315 0.201982456231377 5.02280543767465 3.5706895081929 0.0913 "aval"
193 "193_fs1" "12" 76 47.4231250333514 33.3727716757924 7.994736303949 96.1141299473639 62.6436755823315 0.455699969325093 5.47850540699974 3.5706895081929 0.0996 "aval"
193 "193_fs1" "13" 76 44.0564432337553 36.9067955661926 4.88097031312944 100.995100260493 62.6436755823315 0.278215307848378 5.75672071484812 3.5706895081929 0.1079 "aval"
193 "193_fs2" "1" 76 48.5788758395358 17.0692593656795 0 0 79.9499484259024 0 0 4.55714706027644 0.0083 "aval"
193 "193_fs2" "2" 76 50.5621619435589 19.5778747663384 3.19790165559139 3.19790165559139 79.9499484259024 0.182280394368709 0.182280394368709 4.55714706027644 0.0166 "aval"
193 "193_fs2" "3" 76 57.834810687531 7.49539193029602 14.1024044487618 17.3003061043532 79.9499484259024 0.803837053579425 0.986117447948134 4.55714706027644 0.0249 "aval"
193 "193_fs2" "4" 76 51.5294591814407 4.04615938814209 7.18711783298485 24.4874239373381 79.9499484259024 0.409665716480136 1.39578316442827 4.55714706027644 0.0332 "aval"
193 "193_fs2" "5" 76 33.3780315288717 -1.65609253476038 19.0260348685345 43.5134588058726 79.9499484259024 1.08448398750647 2.48026715193474 4.55714706027644 0.0415 "aval"
193 "193_fs2" "6" 76 21.7895222438892 -9.59451912693515 14.046784835238 57.5602436411106 79.9499484259024 0.800666735608568 3.28093388754331 4.55714706027644 0.0498 "aval"
193 "193_fs2" "7" 76 15.1383637241532 -18.1668135274786 10.8499834536392 68.4102270947499 79.9499484259024 0.618449056857437 3.89938294440074 4.55714706027644 0.0581 "aval"
193 "193_fs2" "8" 76 7.6482285647611 -30.7800707163341 14.669573327748 83.0798004224979 79.9499484259024 0.836165679681638 4.73554862408238 4.55714706027644 0.0664 "aval"
193 "193_fs2" "9" 76 3.41417516138739 -39.3225343045269 9.53419594817624 92.6139963706742 79.9499484259024 0.543449169046046 5.27899779312843 4.55714706027644 0.0747 "aval"
193 "193_fs2" "10" 76 0 -46.4294577510577 7.88447543641832 100.498471807092 79.9499484259024 0.449415099875844 5.72841289300427 4.55714706027644 0.083 "aval"
193 "193_fs3" "1" 76 70.4302576864809 -23.3336539477912 0 0 88.9840782864732 0 0 5.07209246232897 0.0083 "aval"
193 "193_fs3" "2" 76 71.5075372672545 -25.2934644790579 2.23637845938822 2.23637845938822 88.9840782864732 0.127473572185129 0.127473572185129 5.07209246232897 0.0166 "aval"
193 "193_fs3" "3" 76 73.7299616105722 -33.0426061418139 8.06153623518693 10.2979146945752 88.9840782864732 0.459507565405655 0.586981137590784 5.07209246232897 0.0249 "aval"
193 "193_fs3" "4" 76 92.815861243708 -24.6108299879299 20.865435866891 31.1633505614661 88.9840782864732 1.18932984441279 1.77631098200357 5.07209246232897 0.0332 "aval"
193 "193_fs3" "5" 76 92.6529702659147 -11.6432005201435 12.9686524930098 44.1320030544759 88.9840782864732 0.739213192101557 2.51552417410513 5.07209246232897 0.0415 "aval"
193 "193_fs3" "6" 76 81.8054522513478 3.90924155644677 18.9617272847715 63.0937303392474 88.9840782864732 1.08081845523198 3.5963426293371 5.07209246232897 0.0498 "aval"
193 "193_fs3" "7" 76 76.5071412177556 18.4622279360515 15.4874630709373 78.5811934101847 88.9840782864732 0.882785395043424 4.47912802438053 5.07209246232897 0.0581 "aval"
193 "193_fs3" "8" 76 74.1919397861492 37.5981772407765 19.2754951547792 97.8566885649639 88.9840782864732 1.09870322382242 5.57783124820294 5.07209246232897 0.0664 "aval"
193 "193_fs3" "9" 76 73.1719248306401 51.1785856472862 13.6186608371404 111.475349402104 88.9840782864732 0.776263667717003 6.35409491591995 5.07209246232897 0.0747 "aval"
193 "193_fs3" "10" 76 74.4141347320643 65.5611991775662 14.4361579861329 125.911507388237 88.9840782864732 0.822861005209577 7.17695592112952 5.07209246232897 0.083 "aval"
194 "194_fs1" "1" 76 61.9622837149319 25.0977548720488 0 0 102.306275464457 0 0 5.83145770147402 0.0083 "amont"
194 "194_fs1" "2" 76 61.3328668619216 25.5293103856803 0.763155119355912 0.763155119355912 102.306275464457 0.043499841803287 0.043499841803287 5.83145770147402 0.0166 "amont"
194 "194_fs1" "3" 76 66.0358228383684 33.4474970430654 9.20953173932248 9.97268685867839 102.306275464457 0.524943309141381 0.568443150944668 5.83145770147402 0.0249 "amont"
194 "194_fs1" "4" 76 81.8285612952862 26.015812806782 17.4539542384078 27.4266410970862 102.306275464457 0.994875391589245 1.56331854253391 5.83145770147402 0.0332 "amont"
194 "194_fs1" "5" 76 79.1197815623864 12.7633864521246 13.5264293857243 40.9530704828105 102.306275464457 0.771006474986287 2.3343250175202 5.83145770147402 0.0415 "amont"
194 "194_fs1" "6" 76 78.9946124587782 -11.4206178184985 24.1843281871962 65.1373986700068 102.306275464457 1.37850670667019 3.71283172419039 5.83145770147402 0.0498 "amont"
194 "194_fs1" "7" 76 85.5944895767688 -27.7201854045699 17.5850584720519 82.7224571420587 102.306275464457 1.00234833290696 4.71518005709735 5.83145770147402 0.0581 "amont"
194 "194_fs1" "8" 76 97.7782747773397 -49.6627491257755 25.0982215400378 107.820678682097 102.306275464457 1.43059862778216 6.1457786848795 5.83145770147402 0.0664 "amont"
194 "194_fs1" "9" 76 107.236150837872 -66.6456424660901 19.4388807750058 127.259559457102 102.306275464457 1.10801620417533 7.25379488905484 5.83145770147402 0.0747 "amont"
194 "194_fs2" "1" 76 69.5613726552421 17.5828476451879 0 0 81.9954392505378 0 0 4.67374003728065 0.0083 "amont"
194 "194_fs2" "2" 76 72.6691409428985 10.4595925608107 7.77167850125495 7.77167850125495 81.9954392505378 0.442985674571532 0.442985674571532 4.67374003728065 0.0166 "amont"
194 "194_fs2" "3" 76 64.700790717917 3.34436090413169 10.6827490299159 18.4544275311709 81.9954392505378 0.608916694705208 1.05190236927674 4.67374003728065 0.0249 "amont"
194 "194_fs2" "4" 76 52.1663605039227 1.45231496599561 12.6764260981363 31.1308536293072 81.9954392505378 0.722556287593768 1.77445865687051 4.67374003728065 0.0332 "amont"
194 "194_fs2" "5" 76 35.8879026309433 -2.86999871823525 16.8425231573911 47.9733767866982 81.9954392505378 0.960023819971291 2.7344824768418 4.67374003728065 0.0415 "amont"
194 "194_fs2" "6" 76 27.4345190574657 -6.18485107860954 9.08008480199497 57.0534615886932 81.9954392505378 0.517564833713713 3.25204731055551 4.67374003728065 0.0498 "amont"
194 "194_fs2" "7" 76 19.435000181199 -13.4757646190704 10.8235725389643 67.8770341276575 81.9954392505378 0.616943634720967 3.86899094527648 4.67374003728065 0.0581 "amont"
194 "194_fs2" "8" 76 12.1095418143639 -22.0878682922191 11.3062226212513 79.1832567489089 81.9954392505378 0.644454689411327 4.51344563468781 4.67374003728065 0.0664 "amont"
194 "194_fs2" "9" 76 7.87656118127927 -27.6664842747016 7.00279096647035 86.1860477153792 81.9954392505378 0.39915908508881 4.91260471977662 4.67374003728065 0.0747 "amont"
194 "194_fs2" "10" 76 5.2046081089585 -33.225211902711 6.16755916575427 92.3536068811335 81.9954392505378 0.351550872447993 5.26415559222461 4.67374003728065 0.083 "amont"
195 "195_fs1" "1" 76 178.574841254312 -7.54286608982829 0 0 139.167030993097 0 0 7.93252076660652 0.0083 "amont"
195 "195_fs1" "2" 76 177.226001849547 -11.4322503897768 4.11663430152992 4.11663430152992 139.167030993097 0.234648155187205 0.234648155187205 7.93252076660652 0.0166 "amont"
195 "195_fs1" "3" 76 173.930685608144 -16.9681461010466 6.44245686496307 10.559091166493 139.167030993097 0.367220041302895 0.601868196490101 7.93252076660652 0.0249 "amont"
195 "195_fs1" "4" 76 162.373485317284 -5.53002497733632 16.2603657217088 26.8194568882018 139.167030993097 0.926840846137399 1.5287090426275 7.93252076660652 0.0332 "amont"
195 "195_fs1" "5" 76 151.77940701835 6.91268480333179 16.3418334861752 43.161290374377 139.167030993097 0.931484508711988 2.46019355133949 7.93252076660652 0.0415 "amont"
195 "195_fs1" "6" 76 136.259845445991 8.26172309668527 15.5780838268118 58.7393742011888 139.167030993097 0.887950778128275 3.34814432946776 7.93252076660652 0.0498 "amont"
195 "195_fs1" "7" 76 109.912347844441 -1.94903143822603 28.2568600172754 86.9962342184642 139.167030993097 1.6106410209847 4.95878535045246 7.93252076660652 0.0581 "amont"
195 "195_fs1" "8" 76 87.1504409223552 8.61541599566829 25.0940621724187 112.090296390883 139.167030993097 1.43036154382786 6.38914689428032 7.93252076660652 0.0664 "amont"
195 "195_fs1" "9" 76 61.7143242943256 13.9359885063764 25.9866219612405 138.076918352123 139.167030993097 1.48123745179071 7.87038434607103 7.93252076660652 0.0747 "amont"
195 "195_fs1" "10" 76 40.8532333085773 12.4626636525935 20.9130534174339 158.989971769557 139.167030993097 1.19204404479373 9.06242839086476 7.93252076660652 0.083 "amont"
195 "195_fs2" "1" 76 58.2724233186242 -13.4767093970084 0 0 70.0886275667747 0 0 3.99505177130616 0.0083 "amont"
195 "195_fs2" "2" 76 63.7223833863036 -13.8832555492892 5.46510242477068 5.46510242477068 70.0886275667747 0.311510838211929 0.311510838211929 3.99505177130616 0.0166 "amont"
195 "195_fs2" "3" 76 65.1461398811657 -25.7160020667454 11.9180943402473 17.3831967650179 70.0886275667747 0.679331377394094 0.990842215606023 3.99505177130616 0.0249 "amont"
195 "195_fs2" "4" 76 58.5941898473816 -30.5020306371608 8.11382269476206 25.49701945978 70.0886275667747 0.462487893601438 1.45333010920746 3.99505177130616 0.0332 "amont"
195 "195_fs2" "5" 76 46.7556164159176 -20.3840517398833 15.5732243886075 41.0702438483875 70.0886275667747 0.887673790150625 2.34100389935809 3.99505177130616 0.0415 "amont"
195 "195_fs2" "6" 76 34.6226804486494 -15.6323153433407 13.0302392137696 54.100483062157 70.0886275667747 0.742723635184865 3.08372753454295 3.99505177130616 0.0498 "amont"
195 "195_fs2" "7" 76 20.4144983422342 -11.6545069783094 14.7545043345403 68.8549873966974 70.0886275667747 0.8410067470688 3.92473428161175 3.99505177130616 0.0581 "amont"
195 "195_fs2" "8" 76 16.791802106289 5.66047654408095 17.6899005762774 86.5448879729748 70.0886275667747 1.00832433284781 4.93305861445956 3.99505177130616 0.0664 "amont"
195 "195_fs2" "9" 76 25.6813521342202 19.7001328463052 16.6173418085949 103.16222978157 70.0886275667747 0.94718848308991 5.88024709754947 3.99505177130616 0.0747 "amont"
195 "195_fs2" "10" 76 33.2592242907713 37.6324317773857 19.4677038033422 122.629933584912 70.0886275667747 1.1096591167905 6.98990621433998 3.99505177130616 0.083 "amont"
195 "195_fs2" "11" 76 40.3163277889687 54.2727876308215 18.0749592727963 140.704892857708 70.0886275667747 1.03027267854939 8.02017889288937 3.99505177130616 0.0913 "amont"
196 "196_fs1" "1" 76 112.256314356466 26.610247943928 0 0 88.4687753397901 0 0 5.04272019436804 0.0083 "amont"
196 "196_fs1" "2" 76 111.272037065775 29.3218214152256 2.88468932039742 2.88468932039742 88.4687753397901 0.164427291262653 0.164427291262653 5.04272019436804 0.0166 "amont"
196 "196_fs1" "3" 76 96.4780154710032 33.4612083983909 15.362213367317 18.2469026877144 88.4687753397901 0.875646161937068 1.04007345319972 5.04272019436804 0.0249 "amont"
196 "196_fs1" "4" 76 93.6956014891526 27.3137823770437 6.74779032382709 24.9946930115415 88.4687753397901 0.384624048458144 1.42469750165786 5.04272019436804 0.0332 "amont"
196 "196_fs1" "5" 76 89.264243826641 9.35444095893968 18.4979694805978 43.4926624921393 88.4687753397901 1.05438426039407 2.47908176205194 5.04272019436804 0.0415 "amont"
196 "196_fs1" "6" 76 86.5406120995492 -2.96011860033616 12.6121586940449 56.1048211861842 88.4687753397901 0.718893045560561 3.1979748076125 5.04272019436804 0.0498 "amont"
196 "196_fs1" "7" 76 77.2375640528911 -14.1348585780174 14.5403410045025 70.6451621906867 88.4687753397901 0.828799437256642 4.02677424486914 5.04272019436804 0.0581 "amont"
196 "196_fs1" "8" 76 73.5862581095467 -20.2243391979727 7.10026825639097 77.7454304470776 88.4687753397901 0.404715290614285 4.43148953548343 5.04272019436804 0.0664 "amont"
196 "196_fs1" "9" 76 64.806314372485 -27.1498514439789 11.1825816292818 88.9280120763595 88.4687753397901 0.637407152869063 5.06889668835249 5.04272019436804 0.0747 "amont"
196 "196_fs1" "10" 76 58.2748169789085 -30.2677012454186 7.23750271755626 96.1655147939157 88.4687753397901 0.412537654900707 5.4814343432532 5.04272019436804 0.083 "amont"
196 "196_fs1" "11" 76 52.4557648709375 -30.3882667296467 5.82030097772176 101.985815771637 88.4687753397901 0.33175715573014 5.81319149898334 5.04272019436804 0.0913 "amont"
196 "196_fs1" "12" 76 49.5503407016798 -30.2973941181588 2.9068449278944 104.892660699532 88.4687753397901 0.165690160889981 5.97888165987332 5.04272019436804 0.0996 "amont"
196 "196_fs1" "13" 76 44.769546150201 -27.7650314667932 5.41006997565473 110.302730675187 88.4687753397901 0.30837398861232 6.28725564848564 5.04272019436804 0.1079 "amont"
196 "196_fs1" "14" 76 41.6729616005441 -24.9593677327348 4.1785864669508 114.481317142137 88.4687753397901 0.238179428616196 6.52543507710183 5.04272019436804 0.1162 "amont"
196 "196_fs1" "15" 76 40.5789135297837 -25.4208042741698 1.18737730435866 115.668694446496 88.4687753397901 0.0676805063484439 6.59311558345028 5.04272019436804 0.1245 "amont"
196 "196_fs1" "16" 76 39.4249826988653 -23.6124694168722 2.14514132836546 117.813835774862 88.4687753397901 0.122273055716832 6.71538863916711 5.04272019436804 0.1328 "amont"
196 "196_fs2" "1" 76 46.5838125231224 -16.2292914588663 0 0 68.961273148878 0 0 3.93079256948604 0.0083 "amont"
196 "196_fs2" "2" 76 47.1992375875278 -19.0108277475206 2.84880538735083 2.84880538735083 68.961273148878 0.162381907078998 0.162381907078998 3.93079256948604 0.0166 "amont"
196 "196_fs2" "3" 76 34.3373954011975 -17.5850206016983 12.9406302181595 15.7894356055104 68.961273148878 0.737615922435094 0.899997829514091 3.93079256948604 0.0249 "amont"
196 "196_fs2" "4" 76 34.4209636517328 -6.0506512869116 11.5346720431224 27.3241076486328 68.961273148878 0.657476306457979 1.55747413597207 3.93079256948604 0.0332 "amont"
196 "196_fs2" "5" 76 41.3186813186811 6.17398266332668 14.0363878626322 41.360495511265 68.961273148878 0.800074108170037 2.35754824414211 3.93079256948604 0.0415 "amont"
196 "196_fs2" "6" 76 45.2576353714843 16.9313529942295 11.4558445985568 52.8163401098218 68.961273148878 0.652983142117737 3.01053138625984 3.93079256948604 0.0498 "amont"
196 "196_fs2" "7" 76 48.398171750874 26.9963965598687 10.5436270196022 63.359967129424 68.961273148878 0.600986740117325 3.61151812637717 3.93079256948604 0.0581 "amont"
196 "196_fs2" "8" 76 48.6889820859672 32.4798153143548 5.49112482903521 68.8510919584592 68.961273148878 0.312994115255007 3.92451224163218 3.93079256948604 0.0664 "amont"
196 "196_fs2" "9" 76 45.9186977562997 40.6437150197761 8.62112136948432 77.4722133279435 68.961273148878 0.491403918060607 4.41591615969278 3.93079256948604 0.0747 "amont"
196 "196_fs2" "10" 76 43.0680824571752 46.6442253103506 6.64320188846411 84.1154152164077 68.961273148878 0.378662507642454 4.79457866733524 3.93079256948604 0.083 "amont"
196 "196_fs2" "11" 76 41.8623253133102 52.5701616846125 6.04736076332327 90.1627759797309 68.961273148878 0.344699563509426 5.13927823084466 3.93079256948604 0.0913 "amont"
196 "196_fs3" "1" 76 43.4085664903002 -28.1072787578094 0 0 157.897885741118 0 0 9.00017948724371 0.0083 "amont"
196 "196_fs3" "2" 76 41.224735841015 -25.7277746211242 3.22973005702635 3.22973005702635 157.897885741118 0.184094613250502 0.184094613250502 9.00017948724371 0.0166 "amont"
196 "196_fs3" "3" 76 41.1795743028705 -44.4982187580439 18.7704984659905 22.0002285230168 157.897885741118 1.06991841256146 1.25401302581196 9.00017948724371 0.0249 "amont"
196 "196_fs3" "4" 76 53.6807070054754 -53.0812483384663 15.1639940525755 37.1642225755923 157.897885741118 0.864347660996801 2.11836068680876 9.00017948724371 0.0332 "amont"
196 "196_fs3" "5" 76 67.3009612615381 -42.530703215288 17.228619457055 54.3928420326473 157.897885741118 0.982031309052138 3.1003919958609 9.00017948724371 0.0415 "amont"
196 "196_fs3" "6" 76 82.3790882330858 -23.2519520856173 24.4748883161884 78.8677303488357 157.897885741118 1.39506863402274 4.49546062988363 9.00017948724371 0.0498 "amont"
196 "196_fs3" "7" 76 113.492971514169 -13.0794175135121 32.734602371948 111.602332720784 157.897885741118 1.86587233520104 6.36133296508467 9.00017948724371 0.0581 "amont"
196 "196_fs3" "8" 76 138.162069717373 -1.37634514192689 27.3043276623667 138.90666038315 157.897885741118 1.5563466767549 7.91767964183957 9.00017948724371 0.0664 "amont"
196 "196_fs3" "9" 76 151.870440705981 20.7646140106531 26.0411502694778 164.947810652628 157.897885741118 1.48434556536024 9.40202520719981 9.00017948724371 0.0747 "amont"
196 "196_fs3" "10" 76 156.854860495001 42.0169437591146 21.829016477398 186.776827130026 157.897885741118 1.24425393921169 10.6462791464115 9.00017948724371 0.083 "amont"
196 "196_fs3" "11" 76 154.748104305363 67.3587554388973 25.4292320146746 212.206059144701 157.897885741118 1.44946622483645 12.0957453712479 9.00017948724371 0.0913 "amont"
196 "196_fs3" "12" 76 153.07407771288 85.4938566669973 18.2122008990065 230.418260043707 157.897885741118 1.03809545124337 13.1338408224913 9.00017948724371 0.0996 "amont"
197 "197_fs1" "1" 76 61.6879861067518 7.26283124082676 0 0 49.4498761814811 0 0 2.81864294234442 0.0083 "amont"
197 "197_fs1" "2" 76 68.2667360154666 1.76857321447613 8.57127887899661 8.57127887899661 49.4498761814811 0.488562896102807 0.488562896102807 2.81864294234442 0.0166 "amont"
197 "197_fs1" "3" 76 67.0069657105175 -8.95387131361798 10.7961955280222 19.3674744070188 49.4498761814811 0.615383145097266 1.10394604120007 2.81864294234442 0.0249 "amont"
197 "197_fs1" "4" 76 55.5773588226224 -9.54008288464718 11.4446300778063 30.8121044848251 49.4498761814811 0.652343914434957 1.75628995563503 2.81864294234442 0.0332 "amont"
197 "197_fs1" "5" 76 45.9015371714801 -5.56553959271253 10.4603307311087 41.2724352159338 49.4498761814811 0.596238851673195 2.35252880730823 2.81864294234442 0.0415 "amont"
197 "197_fs1" "6" 76 37.0149587497846 -1.04049510217737 9.97232689427431 51.2447621102081 49.4498761814811 0.568422632973636 2.92095144028186 2.81864294234442 0.0498 "amont"
197 "197_fs1" "7" 76 29.493889160181 0.89929040551641 7.76719097148505 59.0119530816931 49.4498761814811 0.442729885374648 3.36368132565651 2.81864294234442 0.0581 "amont"
197 "197_fs1" "8" 76 26.2858247428473 4.05843223867157 4.5024276149377 63.5143806966308 49.4498761814811 0.256638374051449 3.62031969970796 2.81864294234442 0.0664 "amont"
197 "197_fs1" "9" 76 20.7213088228299 4.51106187956566 5.5828945015953 69.0972751982261 49.4498761814811 0.318224986590932 3.93854468629889 2.81864294234442 0.0747 "amont"
197 "197_fs1" "10" 76 16.5677781541588 4.90607145103746 4.1722715128747 73.2695467111008 49.4498761814811 0.237819476233858 4.17636416253275 2.81864294234442 0.083 "amont"
197 "197_fs1" "11" 76 12.4022374700613 3.23725852570021 4.48738963882613 77.756936349927 49.4498761814811 0.25578120941309 4.43214537194584 2.81864294234442 0.0913 "amont"
197 "197_fs2" "1" 76 55.7387520872421 -1.26946503038931 0 0 54.7881018218507 0 0 3.12292180384549 0.0083 "amont"
197 "197_fs2" "2" 76 57.5867497293821 0.738141568954575 2.72865892758405 2.72865892758405 54.7881018218507 0.155533558872291 0.155533558872291 3.12292180384549 0.0166 "amont"
197 "197_fs2" "3" 76 61.1085338374493 -11.385325600587 12.6246354210641 15.3532943486482 54.7881018218507 0.719604219000656 0.875137777872946 3.12292180384549 0.0249 "amont"
197 "197_fs2" "4" 76 54.2645412068005 -11.7564790216268 6.85404916748666 22.2073435161348 54.7881018218507 0.39068080254674 1.26581858041969 3.12292180384549 0.0332 "amont"
197 "197_fs2" "5" 76 40.4146052710939 -3.17354902721291 16.2937844809666 38.5011279971014 54.7881018218507 0.928745715415094 2.19456429583478 3.12292180384549 0.0415 "amont"
197 "197_fs2" "6" 76 31.4805603430292 0.925781853641752 9.82963236583176 48.3307603629332 54.7881018218507 0.56028904485241 2.75485334068719 3.12292180384549 0.0498 "amont"
197 "197_fs2" "7" 76 24.7241778215487 3.48172487720899 7.22367977669894 55.5544401396321 54.7881018218507 0.41174974727184 3.16660308795903 3.12292180384549 0.0581 "amont"
197 "197_fs2" "8" 76 18.3877832575131 4.30916024034667 6.39019133917841 61.9446314788105 54.7881018218507 0.364240906333169 3.5308439942922 3.12292180384549 0.0664 "amont"
197 "197_fs2" "9" 76 10.752624588501 3.82242128292802 7.65065766543371 69.5952891442442 54.7881018218507 0.436087486929722 3.96693148122192 3.12292180384549 0.0747 "amont"
197 "197_fs2" "10" 76 4.80247306862901 1.8212680645961 6.27765221342144 75.8729413576657 54.7881018218507 0.357826176165022 4.32475765738694 3.12292180384549 0.083 "amont"
197 "197_fs2" "11" 76 0.951828646216114 -1.62879928792984 5.17014769661611 81.0430890542818 54.7881018218507 0.294698418707118 4.61945607609406 3.12292180384549 0.0913 "amont"
198 "198_fs1" "1" 76 43.6435511658081 -19.522524421005 0 0 116.197322306145 0 0 6.62324737145026 0.0083 "amont"
198 "198_fs1" "2" 76 40.4177201365418 -17.3747136089533 3.87544540843287 3.87544540843287 116.197322306145 0.220900388280674 0.220900388280674 6.62324737145026 0.0166 "amont"
198 "198_fs1" "3" 76 32.3925617856065 -12.1873408521675 9.55573140452525 13.4311768129581 116.197322306145 0.544676690057939 0.765577078338613 6.62324737145026 0.0249 "amont"
198 "198_fs1" "4" 76 40.1342217970915 -4.68073470010017 10.7834333890316 24.2146102019897 116.197322306145 0.6146557031748 1.38023278151341 6.62324737145026 0.0332 "amont"
198 "198_fs1" "5" 76 50.2125583384984 -3.42538850058952 10.1562178749022 34.3708280768919 116.197322306145 0.578904418869427 1.95913720038284 6.62324737145026 0.0415 "amont"
198 "198_fs1" "6" 76 65.984514405421 8.45400237194252 19.7452405829692 54.1160686598611 116.197322306145 1.12547871322924 3.08461591361208 6.62324737145026 0.0498 "amont"
198 "198_fs1" "7" 76 74.4828334988187 19.5737535246455 13.9953668444685 68.1114355043296 116.197322306145 0.797735910134703 3.88235182374679 6.62324737145026 0.0581 "amont"
198 "198_fs1" "8" 76 84.3263350011544 37.6006119648121 20.5392830217681 88.6507185260977 116.197322306145 1.17073913224078 5.05309095598757 6.62324737145026 0.0664 "amont"
198 "198_fs1" "9" 76 93.0098669715321 49.7889727418043 14.9652887012143 103.616007227312 116.197322306145 0.853021455969217 5.90611241195679 6.62324737145026 0.0747 "amont"
198 "198_fs1" "10" 76 101.069255982653 63.0417789327917 15.5109839522981 119.12699117961 116.197322306145 0.884126085280994 6.79023849723778 6.62324737145026 0.083 "amont"
198 "198_fs1" "11" 76 106.240812336498 78.3723202085594 16.1793229440855 135.306314123696 116.197322306145 0.922221407812874 7.71245990505065 6.62324737145026 0.0913 "amont"
198 "198_fs2" "1" 76 115.61863971865 -34.5548023448115 0 0 162.851688364046 0 0 9.28254623675065 0.0083 "amont"
198 "198_fs2" "2" 76 115.781626249946 -37.2231021785885 2.67327301492352 2.67327301492352 162.851688364046 0.15237656185064 0.15237656185064 9.28254623675065 0.0166 "amont"
198 "198_fs2" "3" 76 115.21513136579 -44.4954826040037 7.29441111439005 9.96768412931356 162.851688364046 0.415781433520233 0.568157995370873 9.28254623675065 0.0249 "amont"
198 "198_fs2" "4" 76 127.433265596977 -42.7299110598381 12.3450413919464 22.31272552126 162.851688364046 0.703667359340947 1.27182535471182 9.28254623675065 0.0332 "amont"
198 "198_fs2" "5" 76 135.195361514532 -28.7466866197241 15.993145368436 38.305870889696 162.851688364046 0.911609286000852 2.18343464071267 9.28254623675065 0.0415 "amont"
198 "198_fs2" "6" 76 144.601992951395 -1.57173847604918 28.7569560558902 67.0628269455862 162.851688364046 1.63914649518574 3.82258113589841 9.28254623675065 0.0498 "amont"
198 "198_fs2" "7" 76 160.405973063236 16.0393938334083 23.6625816131014 90.7254085586876 162.851688364046 1.34876715194678 5.17134828784519 9.28254623675065 0.0581 "amont"
198 "198_fs2" "8" 76 184.350892232978 26.8696433449737 26.2802865001172 117.005695058805 162.851688364046 1.49797633050668 6.66932461835187 9.28254623675065 0.0664 "amont"
198 "198_fs2" "9" 76 208.741802256766 41.2855860685632 28.3325942405268 145.338289299332 162.851688364046 1.61495787171003 8.2842824900619 9.28254623675065 0.0747 "amont"
198 "198_fs2" "10" 76 217.991271971891 51.2033216155113 13.561495802094 158.899785101426 162.851688364046 0.773005260719357 9.05728775078126 9.28254623675065 0.083 "amont"
198 "198_fs2" "11" 76 238.400534230054 72.4278073785026 29.445148697636 188.344933799062 162.851688364046 1.67837347576525 10.7356612265465 9.28254623675065 0.0913 "amont"
199 "199_fs1" "1" 76 70.353737705131 27.0645134390781 0 0 109.163503436246 0 0 6.22231969586602 0.0083 "amont"
199 "199_fs1" "2" 76 69.8134703770722 26.9709522708502 0.548308743289721 0.548308743289721 109.163503436246 0.0312535983675141 0.0312535983675141 6.22231969586602 0.0166 "amont"
199 "199_fs1" "3" 76 60.0367908789967 30.9844147045756 10.5684124973912 11.1167212406809 109.163503436246 0.6023995123513 0.633653110718814 6.22231969586602 0.0249 "amont"
199 "199_fs1" "4" 76 51.544101750556 22.9218437160633 11.7102869126736 22.8270081533546 109.163503436246 0.667486354022396 1.30113946474121 6.22231969586602 0.0332 "amont"
199 "199_fs1" "5" 76 54.2334979279668 0.527154771887183 22.5555967490438 45.3826049023984 109.163503436246 1.2856690146955 2.58680847943671 6.22231969586602 0.0415 "amont"
199 "199_fs1" "6" 76 49.2841430602239 -18.9621234522116 20.1079108637168 65.4905157661152 109.163503436246 1.14615091923186 3.73295939866857 6.22231969586602 0.0498 "amont"
199 "199_fs1" "7" 76 40.9239567558346 -33.6518919660244 16.9021304584216 82.3926462245368 109.163503436246 0.963421436130033 4.6963808347986 6.22231969586602 0.0581 "amont"
199 "199_fs1" "8" 76 29.5729263589582 -52.6290680869602 22.1128719210289 104.505518145566 109.163503436246 1.26043369949865 5.95681453429725 6.22231969586602 0.0664 "amont"
199 "199_fs1" "9" 76 20.2763862469218 -69.9351224025388 19.644978341257 124.150496486823 109.163503436246 1.11976376545165 7.0765782997489 6.22231969586602 0.0747 "amont"
199 "199_fs2" "1" 76 78.245293980531 -13.0320214865491 0 0 90.6971268277296 0 0 5.16973622918059 0.0083 "amont"
199 "199_fs2" "2" 76 80.5567924709385 -12.7870644811865 2.32444169761953 2.32444169761953 90.6971268277296 0.132493176764313 0.132493176764313 5.16973622918059 0.0166 "amont"
199 "199_fs2" "3" 76 87.9325505051546 -13.0735359015605 7.38131915405331 9.70576085167285 90.6971268277296 0.420735191781039 0.553228368545352 5.16973622918059 0.0249 "amont"
199 "199_fs2" "4" 76 83.1530444854156 -31.0203841092709 18.5723729874058 28.2781338390786 90.6971268277296 1.05862526028213 1.61185362882748 5.16973622918059 0.0332 "amont"
199 "199_fs2" "5" 76 64.7058703919322 -24.8532765414851 19.4507441448374 47.728877983916 90.6971268277296 1.10869241625573 2.72054604508321 5.16973622918059 0.0415 "amont"
199 "199_fs2" "6" 76 54.8981503138917 -8.1647523004965 19.3571230938707 67.0860010777867 90.6971268277296 1.10335601635063 3.82390206143384 5.16973622918059 0.0498 "amont"
199 "199_fs2" "7" 76 44.1152209252924 3.64264948566478 15.9901939681595 83.0761950459462 90.6971268277296 0.911441056185089 4.73534311761893 5.16973622918059 0.0581 "amont"
199 "199_fs2" "8" 76 30.121526814624 14.9413774416184 17.9856812016004 101.061876247547 90.6971268277296 1.02518382849122 5.76052694611016 5.16973622918059 0.0664 "amont"
199 "199_fs2" "9" 76 16.695937389202 26.7170006348663 17.858100487156 118.919976734703 90.6971268277296 1.01791172776789 6.77843867387805 5.16973622918059 0.0747 "amont"
199 "199_fs2" "10" 76 5.89048236648671 41.6557289800904 18.4370133920959 137.356990126799 90.6971268277296 1.05090976334947 7.82934843722752 5.16973622918059 0.083 "amont"
199 "199_fs3" "1" 76 33.5334528562387 37.7085296892614 0 0 130.346479599081 0 0 7.42974933714762 0.0083 "amont"
199 "199_fs3" "2" 76 27.0334421044591 35.8149822973559 6.77020394808329 6.77020394808329 130.346479599081 0.385901625040748 0.385901625040748 7.42974933714762 0.0166 "amont"
199 "199_fs3" "3" 76 19.6367015468388 32.044888921026 8.30213074716314 15.0723346952464 130.346479599081 0.473221452588299 0.859123077629047 7.42974933714762 0.0249 "amont"
199 "199_fs3" "4" 76 27.894211197997 20.3245776747317 14.3370904073659 29.4094251026123 130.346479599081 0.817214153219857 1.6763372308489 7.42974933714762 0.0332 "amont"
199 "199_fs3" "5" 76 37.2451821513883 1.4954360010635 21.0232545990918 50.4326797017042 130.346479599081 1.19832551214824 2.87466274299714 7.42974933714762 0.0415 "amont"
199 "199_fs3" "6" 76 34.8676903620485 -17.3900256974999 19.034524705815 69.4672044075192 130.346479599081 1.08496790823146 3.9596306512286 7.42974933714762 0.0498 "amont"
199 "199_fs3" "7" 76 37.2818829213053 -42.2381568112526 24.9651345992649 94.4323390067842 130.346479599081 1.4230126721581 5.3826433233867 7.42974933714762 0.0581 "amont"
199 "199_fs3" "8" 76 59.1559871072428 -69.5364718619688 34.9810582822391 129.413397289023 130.346479599081 1.99392032208763 7.37656364547433 7.42974933714762 0.0664 "amont"
199 "199_fs3" "9" 76 66.2653956521047 -88.4612950101564 20.2161475323053 149.629544821329 130.346479599081 1.1523204093414 8.52888405481573 7.42974933714762 0.0747 "amont"
200 "200_fs1" "1" 76 59.4369430064287 1.72453889030157 0 0 168.752376499074 0 0 9.61888546044721 0.0083 "amont"
200 "200_fs1" "2" 76 57.9222371144364 0.772387658125353 1.78911316248327 1.78911316248327 168.752376499074 0.101979450261546 0.101979450261546 9.61888546044721 0.0166 "amont"
200 "200_fs1" "3" 76 52.997341464142 3.44739722764734 5.60448689563307 7.39360005811634 168.752376499074 0.319455753051085 0.421435203312631 9.61888546044721 0.0249 "amont"
200 "200_fs1" "4" 76 44.566557907485 -6.8891082872513 13.3387202399154 20.7323202980317 168.752376499074 0.760307053675176 1.18174225698781 9.61888546044721 0.0332 "amont"
200 "200_fs1" "5" 76 41.4979881967795 -24.1003581879897 17.4826554966666 38.2149757946983 168.752376499074 0.996511363309996 2.1782536202978 9.61888546044721 0.0415 "amont"
200 "200_fs1" "6" 76 59.5712754547572 -30.5523562717704 19.1904140544827 57.4053898491811 168.752376499074 1.09385360110552 3.27210722140332 9.61888546044721 0.0498 "amont"
200 "200_fs1" "7" 76 83.1136113693897 -20.147692257683 25.7390484199288 83.1444382691099 168.752376499074 1.46712575993594 4.73923298133926 9.61888546044721 0.0581 "amont"
200 "200_fs1" "8" 76 100.335878934798 -11.9649675880584 19.0673407457201 102.21177901483 168.752376499074 1.08683842250605 5.82607140384531 9.61888546044721 0.0664 "amont"
200 "200_fs1" "9" 76 117.091730186184 -7.59072117608088 17.3174069315031 119.529185946333 168.752376499074 0.987092195095677 6.81316359894099 9.61888546044721 0.0747 "amont"
200 "200_fs1" "10" 76 136.15058160988 -1.11022635825691 20.1304900753648 139.659676021698 168.752376499074 1.1474379342958 7.96060153323678 9.61888546044721 0.083 "amont"
200 "200_fs1" "11" 76 160.032145633124 0.488392948787009 23.9350095860678 163.594685607766 168.752376499074 1.36429554640586 9.32489707964264 9.61888546044721 0.0913 "amont"
200 "200_fs1" "12" 76 179.626221147053 -0.684232828965435 19.629132595716 183.223818203482 168.752376499074 1.11886055795581 10.4437576375985 9.61888546044721 0.0996 "amont"
200 "200_fs1" "13" 76 194.042582454476 -0.151989655617285 14.4261830066632 197.650001210145 168.752376499074 0.822292431379803 11.2660500689783 9.61888546044721 0.1079 "amont"
200 "200_fs1" "14" 76 211.173260883106 -2.03872003385561 17.2342651408552 214.884266351 168.752376499074 0.982353113028746 12.248403182007 9.61888546044721 0.1162 "amont"
200 "200_fs1" "15" 76 228.080179730493 -4.34368006721434 17.0633157876044 231.947582138605 168.752376499074 0.972608999893453 13.2210121819005 9.61888546044721 0.1245 "amont"
200 "200_fs2" "1" 76 56.6894240037265 4.86129302096055 0 0 87.6434092580543 0 0 4.9956743277091 0.0083 "amont"
200 "200_fs2" "2" 76 55.3507454584555 5.80575590667286 1.63831327592036 1.63831327592036 87.6434092580543 0.0933838567274606 0.0933838567274606 4.9956743277091 0.0166 "amont"
200 "200_fs2" "3" 76 49.6042836993156 2.98699509296409 6.40056523083371 8.03887850675407 87.6434092580543 0.364832218157521 0.458216074884982 4.9956743277091 0.0249 "amont"
200 "200_fs2" "4" 76 50.4150707497099 -5.36436229824551 8.39062249876601 16.4295010055201 87.6434092580543 0.478265482429662 0.936481557314644 4.9956743277091 0.0332 "amont"
200 "200_fs2" "5" 76 61.0606591199513 -6.6937703965707 10.728274681444 27.157775686964 87.6434092580543 0.611511656842306 1.54799321415695 4.9956743277091 0.0415 "amont"
200 "200_fs2" "6" 76 77.0855066954648 -5.81792712450607 16.0487644775435 43.2065401645075 87.6434092580543 0.914779575219979 2.46277278937693 4.9956743277091 0.0498 "amont"
200 "200_fs2" "7" 76 84.0586494858423 -7.11415989472255 7.09259753331434 50.2991376978219 87.6434092580543 0.404278059398918 2.86705084877585 4.9956743277091 0.0581 "amont"
200 "200_fs2" "8" 76 94.0875386776496 -7.62167889706291 10.0417226589508 60.3408603567727 87.6434092580543 0.572378191560196 3.43942904033604 4.9956743277091 0.0664 "amont"
200 "200_fs2" "9" 76 100.834119224703 -8.66610753761319 6.82694516332752 67.1678055201002 87.6434092580543 0.389135874309669 3.82856491464571 4.9956743277091 0.0747 "amont"
200 "200_fs2" "10" 76 108.887774527939 -9.13479163438478 8.06728135903961 75.2350868791398 87.6434092580543 0.459835037465258 4.28839995211097 4.9956743277091 0.083 "amont"
200 "200_fs2" "11" 76 116.075335350604 -12.3560485417286 7.87639045772993 83.1114773368697 87.6434092580543 0.448954256090606 4.73735420820157 4.9956743277091 0.0913 "amont"
200 "200_fs2" "12" 76 122.066015000912 -15.6089326420877 6.81685394027064 89.9283312771404 87.6434092580543 0.388560674595427 5.125914882797 4.9956743277091 0.0996 "amont"
200 "200_fs2" "13" 76 127.758166258792 -17.6722738322668 6.05458196820181 95.9829132453422 87.6434092580543 0.345111172187503 5.47102605498451 4.9956743277091 0.1079 "amont"
200 "200_fs2" "14" 76 131.651657047915 -18.5530608006653 3.99187377163735 99.9747870169795 87.6434092580543 0.227536804983329 5.69856285996783 4.9956743277091 0.1162 "amont"
200 "200_fs2" "15" 76 135.139720006288 -22.0132832042386 4.91321913655034 104.88800615353 87.6434092580543 0.280053490783369 5.9786163507512 4.9956743277091 0.1245 "amont"
200 "200_fs2" "16" 76 139.058035520192 -25.0849759156597 4.97880433235714 109.866810485887 87.6434092580543 0.283791846944357 6.26240819769556 4.9956743277091 0.1328 "amont"
200 "200_fs3" "1" 76 128.355461972022 17.3298623129011 0 0 87.2044630340925 0 0 4.97065439294327 0.0083 "amont"
200 "200_fs3" "2" 76 128.890152610391 17.7751784050842 0.69584517007498 0.69584517007498 87.2044630340925 0.0396631746942738 0.0396631746942738 4.97065439294327 0.0166 "amont"
200 "200_fs3" "3" 76 137.043846788119 23.1484948744012 9.76500172162549 10.4608468917005 87.2044630340925 0.556605098132653 0.596268272826927 4.97065439294327 0.0249 "amont"
200 "200_fs3" "4" 76 132.826409267655 34.6170692686261 12.2194508008702 22.6802976925707 87.2044630340925 0.696508695649604 1.29277696847653 4.97065439294327 0.0332 "amont"
200 "200_fs3" "5" 76 121.801868192907 36.6968321393507 11.218998150782 33.8992958433528 87.2044630340925 0.639482894594576 1.93225986307111 4.97065439294327 0.0415 "amont"
200 "200_fs3" "6" 76 114.573843574052 28.4507609063471 10.9654927235644 44.8647885669171 87.2044630340925 0.625033085243169 2.55729294831428 4.97065439294327 0.0498 "amont"
200 "200_fs3" "7" 76 108.032376536008 16.2541120113407 13.8401241063033 58.7049126732204 87.2044630340925 0.788887074059287 3.34618002237356 4.97065439294327 0.0581 "amont"
200 "200_fs3" "8" 76 100.358542217308 1.84683226414813 16.3235242170532 75.0284368902736 87.2044630340925 0.930440880372034 4.2766209027456 4.97065439294327 0.0664 "amont"
200 "200_fs3" "9" 76 91.6085950940852 -8.97099231135718 13.9135510638227 88.9419879540963 87.2044630340925 0.793072410637893 5.06969331338349 4.97065439294327 0.0747 "amont"
200 "200_fs3" "10" 76 82.1030513119429 -18.3025307161135 13.320396825683 102.262384779779 87.2044630340925 0.759262619063932 5.82895593244742 4.97065439294327 0.083 "amont"
200 "200_fs3" "11" 76 75.1891295427939 -26.4352827819837 10.6744541028958 112.936838882675 87.2044630340925 0.608443883865059 6.43739981631248 4.97065439294327 0.0913 "amont"
200 "200_fs3" "12" 76 66.5463306711685 -33.9398433340411 11.4462396189694 124.383078501645 87.2044630340925 0.652435658281257 7.08983547459374 4.97065439294327 0.0996 "amont"
200 "200_fs3" "13" 76 61.2359686173419 -38.3441171108428 6.89909940816515 131.28217790981 87.2044630340925 0.393248666265413 7.48308414085915 4.97065439294327 0.1079 "amont"
201 "201_fs1" "1" 76 115.361157842476 38.477812446537 0 0 154.666749890096 0 0 8.81600474373545 0.0083 "amont"
201 "201_fs1" "2" 76 118.295442850325 42.1632934938431 4.71092337629682 4.71092337629682 154.666749890096 0.268522632448919 0.268522632448919 8.81600474373545 0.0166 "amont"
201 "201_fs1" "3" 76 111.541851972539 55.5166282483306 14.9640415266036 19.6749649029005 154.666749890096 0.852950367016407 1.12147299946533 8.81600474373545 0.0249 "amont"
201 "201_fs1" "4" 76 97.1533738592083 50.3038359442221 15.303643553859 34.9786084567594 154.666749890096 0.872307682569962 1.99378068203529 8.81600474373545 0.0332 "amont"
201 "201_fs1" "5" 76 85.2476832615894 36.4338198224852 18.279026665101 53.2576351218604 154.666749890096 1.04190451991076 3.03568520194604 8.81600474373545 0.0415 "amont"
201 "201_fs1" "6" 76 59.9886599512635 29.4155375543534 26.2159215856845 79.473556707545 154.666749890096 1.49430753038402 4.52999273233006 8.81600474373545 0.0498 "amont"
201 "201_fs1" "7" 76 33.8108585704345 21.1900353435715 27.4396824280769 106.913239135622 154.666749890096 1.56406189840038 6.09405463073044 8.81600474373545 0.0581 "amont"
201 "201_fs1" "8" 76 21.1654531015238 5.53803086073952 20.1219165042436 127.035155639865 154.666749890096 1.14694924074188 7.24100387147233 8.81600474373545 0.0664 "amont"
201 "201_fs1" "9" 76 24.1181997027821 -16.6818244977183 22.4151887041361 149.450344344001 154.666749890096 1.27766575613576 8.51866962760808 8.81600474373545 0.0747 "amont"
201 "201_fs1" "10" 76 28.6157337996784 -39.5721446631933 23.3279782713954 172.778322615397 154.666749890096 1.32969476146954 9.84836438907762 8.81600474373545 0.083 "amont"
201 "201_fs1" "11" 76 31.0732851232523 -64.1655349156334 24.7158734949185 197.494196110315 154.666749890096 1.40880478921036 11.257169178288 8.81600474373545 0.0913 "amont"
201 "201_fs1" "12" 76 40.5850232952626 -83.9684450557995 21.9688054539242 219.46300156424 154.666749890096 1.25222191087368 12.5093910891617 8.81600474373545 0.0996 "amont"
201 "201_fs1" "13" 76 54.9671939649131 -103.910293267111 24.5870726857416 244.050074249981 154.666749890096 1.40146314308727 13.9108542322489 8.81600474373545 0.1079 "amont"
201 "201_fs2" "1" 76 49.007009818373 -5.41594719484732 0 0 48.6434358255552 0 0 2.77267584205665 0.0083 "amont"
201 "201_fs2" "2" 76 51.2359884372415 -11.0746159659745 6.08184823427081 6.08184823427081 48.6434358255552 0.346665349353436 0.346665349353436 2.77267584205665 0.0166 "amont"
201 "201_fs2" "3" 76 60.6995054047511 -0.31492552626338 14.3293088372312 20.411157071502 48.6434358255552 0.81677060372218 1.16343595307562 2.77267584205665 0.0249 "amont"
201 "201_fs2" "4" 76 55.4412352245152 6.47040081072964 8.58429139695579 28.9954484684578 48.6434358255552 0.48930460962648 1.6527405627021 2.77267584205665 0.0332 "amont"
201 "201_fs2" "5" 76 45.11818769216 7.48631016358456 10.3729157987753 39.3683642672332 48.6434358255552 0.591256200530194 2.24399676323229 2.77267584205665 0.0415 "amont"
201 "201_fs2" "6" 76 37.6434565501017 5.72807647918819 7.67873631107373 47.0471005783069 48.6434358255552 0.437687969731202 2.68168473296349 2.77267584205665 0.0498 "amont"
201 "201_fs2" "7" 76 27.4588832964481 5.94131149552072 10.1868052661876 57.2339058444944 48.6434358255552 0.580647900172691 3.26233263313618 2.77267584205665 0.0581 "amont"
201 "201_fs2" "8" 76 20.8723539786633 7.76099320742031 6.83327227517392 64.0671781196684 48.6434358255552 0.389496519684913 3.6518291528211 2.77267584205665 0.0664 "amont"
201 "201_fs2" "9" 76 16.6778232772636 8.18816424208893 4.21622614405875 68.2834042637271 48.6434358255552 0.240324890211349 3.89215404303245 2.77267584205665 0.0747 "amont"
201 "201_fs2" "10" 76 10.3409592246918 10.6650474934986 6.80373402345289 75.08713828718 48.6434358255552 0.387812839336815 4.27996688236926 2.77267584205665 0.083 "amont"
201 "201_fs2" "11" 76 7.01061179077601 11.2296734732817 3.37787159726883 78.4650098844488 48.6434358255552 0.192538681044324 4.47250556341358 2.77267584205665 0.0913 "amont"
201 "201_fs2" "12" 76 4.07693734747244 13.2246653668292 3.54773708081824 82.0127469652671 48.6434358255552 0.20222101360664 4.67472657702022 2.77267584205665 0.0996 "amont"
201 "201_fs3" "1" 76 47.1203246800163 22.1257825117997 0 0 71.2891599217561 0 0 4.0634821155401 0.0083 "amont"
201 "201_fs3" "2" 76 51.3316127160165 26.6040089218831 6.14731312868695 6.14731312868695 71.2891599217561 0.350396848335156 0.350396848335156 4.0634821155401 0.0166 "amont"
201 "201_fs3" "3" 76 55.396184789088 16.8901482544077 10.5299494397798 16.6772625684667 71.2891599217561 0.600207118067447 0.950603966402603 4.0634821155401 0.0249 "amont"
201 "201_fs3" "4" 76 45.7893210976387 8.93293800531768 12.4743346489626 29.1515972174294 71.2891599217561 0.711037074990871 1.66164104139347 4.0634821155401 0.0332 "amont"
201 "201_fs3" "5" 76 38.9895483695026 -1.56650422807604 12.509004611346 41.6606018287754 71.2891599217561 0.713013262846721 2.3746543042402 4.0634821155401 0.0415 "amont"
201 "201_fs3" "6" 76 34.9056424171168 -11.6486767045112 10.8778899457808 52.5384917745561 71.2891599217561 0.620039726909505 2.9946940311497 4.0634821155401 0.0498 "amont"
201 "201_fs3" "7" 76 32.7652555786542 -19.6837707870979 8.31528668984321 60.8537784643994 71.2891599217561 0.473971341321063 3.46866537247076 4.0634821155401 0.0581 "amont"
201 "201_fs3" "8" 76 30.8514211984074 -22.8905790424659 3.73448540253018 64.5882638669295 71.2891599217561 0.21286566794422 3.68153104041498 4.0634821155401 0.0664 "amont"
201 "201_fs3" "9" 76 32.7149150565463 -34.9909830297881 12.2430546031505 76.83131847008 71.2891599217561 0.697854112379578 4.37938515279456 4.0634821155401 0.0747 "amont"
201 "201_fs3" "10" 76 34.0098659512603 -39.6499319784085 4.83556647411364 81.6668849441937 71.2891599217561 0.275627289024477 4.65501244181904 4.0634821155401 0.083 "amont"
201 "201_fs3" "11" 76 35.0500734983729 -44.2845805233723 4.749947249855 86.4168321940487 71.2891599217561 0.270746993241735 4.92575943506077 4.0634821155401 0.0913 "amont"
201 "201_fs3" "12" 76 35.4527842002356 -48.2021125334979 3.93817634949903 90.3550085435477 71.2891599217561 0.224476051921445 5.15023548698222 4.0634821155401 0.0996 "amont"
202 "202_fs1" "1" 76 57.428324244204 -35.5042911355467 0 0 111.302104318854 0 0 6.34421994617467 0.0083 "amont"
202 "202_fs1" "2" 76 61.0806423377275 -38.045520141412 4.44941258106396 4.44941258106396 111.302104318854 0.253616517120646 0.253616517120646 6.34421994617467 0.0166 "amont"
202 "202_fs1" "3" 76 73.0321100272364 -28.9808622689552 15.0001867414399 19.4495993225038 111.302104318854 0.855010644262072 1.10862716138272 6.34421994617467 0.0249 "amont"
202 "202_fs1" "4" 76 73.7761373416985 -15.3689658472197 13.6322155514326 33.0818148739364 111.302104318854 0.777036286431659 1.88566344781438 6.34421994617467 0.0332 "amont"
202 "202_fs1" "5" 76 62.9472565358536 -6.55199323540023 13.9643712907088 47.0461861646452 111.302104318854 0.795969163570399 2.68163261138478 6.34421994617467 0.0415 "amont"
202 "202_fs1" "6" 76 48.0953168151591 -2.4255516490764 15.4145267080273 62.4607128726725 111.302104318854 0.878628022357554 3.56026063374233 6.34421994617467 0.0498 "amont"
202 "202_fs1" "7" 76 35.5940572949231 5.59738898573505 14.8542608709421 77.3149737436145 111.302104318854 0.846692869643697 4.40695350338603 6.34421994617467 0.0581 "amont"
202 "202_fs1" "8" 76 24.8836785160177 16.2880661203613 15.1328381734706 92.4478119170851 111.302104318854 0.862571775887822 5.26952527927385 6.34421994617467 0.0664 "amont"
202 "202_fs1" "9" 76 13.016946939215 34.1421607189589 21.4380039241427 113.885815841228 111.302104318854 1.22196622367613 6.49149150294998 6.34421994617467 0.0747 "amont"
202 "202_fs1" "10" 76 9.4470997184302 36.0065833093078 4.027391311401 117.913207152629 111.302104318854 0.229561304749857 6.72105280769984 6.34421994617467 0.083 "amont"
202 "202_fs1" "11" 76 6.46813904276507 42.2348961705438 6.90406313735593 124.817270289985 111.302104318854 0.393531598829288 7.11458440652913 6.34421994617467 0.0913 "amont"
202 "202_fs1" "12" 76 3.65160852548536 53.7200038011416 11.825419292405 136.64268958239 111.302104318854 0.674048899667084 7.78863330619621 6.34421994617467 0.0996 "amont"
202 "202_fs1" "13" 76 2.05924646757001 61.0484076976298 7.49940801620713 144.142097598597 111.302104318854 0.427466256923807 8.21609956312002 6.34421994617467 0.1079 "amont"
202 "202_fs2" "1" 76 62.7694942457322 -22.4171347923627 0 0 76.167541174686 0 0 4.3415498469571 0.0083 "amont"
202 "202_fs2" "2" 76 67.8211551216207 -21.4613513934355 5.1412838387554 5.1412838387554 76.167541174686 0.293053178809058 0.293053178809058 4.3415498469571 0.0166 "amont"
202 "202_fs2" "3" 76 75.7040862315381 -16.0190119467086 9.57912634518948 14.7204101839449 76.167541174686 0.5460102016758 0.839063380484858 4.3415498469571 0.0249 "amont"
202 "202_fs2" "4" 76 74.8136368247114 -6.8534078632531 9.20875661317934 23.9291667971242 76.167541174686 0.524899126951222 1.36396250743608 4.3415498469571 0.0332 "amont"
202 "202_fs2" "5" 76 65.7125396842905 2.21800772019208 12.8499241183343 36.7790909154585 76.167541174686 0.732445674745055 2.09640818218114 4.3415498469571 0.0415 "amont"
202 "202_fs2" "6" 76 55.8302066285307 8.03566523234355 11.4675910963748 48.2466820118333 76.167541174686 0.653652692493365 2.7500608746745 4.3415498469571 0.0498 "amont"
202 "202_fs2" "7" 76 47.960606465388 15.744093694927 11.0159192122356 59.262601224069 76.167541174686 0.627907395097432 3.37796826977193 4.3415498469571 0.0581 "amont"
202 "202_fs2" "8" 76 41.3581098757561 23.316411342557 10.0465394924178 69.3091407164867 76.167541174686 0.572652751067812 3.95062102083974 4.3415498469571 0.0664 "amont"
202 "202_fs2" "9" 76 35.854751847392 29.2150263117918 8.06725530423083 77.3763960207176 76.167541174686 0.459833552341157 4.4104545731809 4.3415498469571 0.0747 "amont"
202 "202_fs2" "10" 76 32.5737364920525 33.9428655532545 5.75478285038525 83.1311788711028 76.167541174686 0.328022622471959 4.73847719565286 4.3415498469571 0.083 "amont"
202 "202_fs2" "11" 76 28.6887778040247 41.3307856775643 8.34711134290566 91.4782902140085 76.167541174686 0.475785346545623 5.21426254219848 4.3415498469571 0.0913 "amont"
202 "202_fs2" "12" 76 26.1821990321678 44.3875368822513 3.9530576857515 95.43134789976 76.167541174686 0.225324288087836 5.43958683028632 4.3415498469571 0.0996 "amont"
202 "202_fs3" "1" 76 117.706509937632 6.68178091661798 0 0 105.453324425515 0 0 6.01083949225438 0.0083 "amont"
202 "202_fs3" "2" 76 121.118739101249 8.75511521090482 3.99274629308002 3.99274629308002 105.453324425515 0.227586538705561 0.227586538705561 6.01083949225438 0.0166 "amont"
202 "202_fs3" "3" 76 123.784336457309 -4.0073950739357 13.0379092662625 17.0306555593425 105.453324425515 0.743160828176964 0.970747366882525 6.01083949225438 0.0249 "amont"
202 "202_fs3" "4" 76 118.303508648337 -14.5879848641595 11.9158866132818 28.9465421726244 105.453324425515 0.679205536957064 1.64995290383959 6.01083949225438 0.0332 "amont"
202 "202_fs3" "5" 76 100.088004653675 -8.4440418401723 19.223751498122 48.1702936707464 105.453324425515 1.09575383539295 2.74570673923254 6.01083949225438 0.0415 "amont"
202 "202_fs3" "6" 76 90.6211021290421 -4.81868642442799 10.1373292982603 58.3076229690067 105.453324425515 0.577827770000839 3.32353450923338 6.01083949225438 0.0498 "amont"
202 "202_fs3" "7" 76 75.2625875795029 0.579221774022301 16.2794773284434 74.5871002974501 105.453324425515 0.927930207721276 4.25146471695466 6.01083949225438 0.0581 "amont"
202 "202_fs3" "8" 76 61.46847717585 1.26408153808973 13.8111011409157 88.3982014383659 105.453324425515 0.787232765032197 5.03869748198686 6.01083949225438 0.0664 "amont"
202 "202_fs3" "9" 76 47.1394848407643 -0.872985791241774 14.4874800468902 102.885681485256 105.453324425515 0.82578636267274 5.8644838446596 6.01083949225438 0.0747 "amont"
202 "202_fs3" "10" 76 37.6288422517146 -2.82239190682282 9.70837301817924 112.594054503435 105.453324425515 0.553377262036217 6.41786110669581 6.01083949225438 0.083 "amont"
202 "202_fs3" "11" 76 29.0055203303938 -9.26128717341521 10.7620190119177 123.356073515353 105.453324425515 0.613435083679308 7.03129619037512 6.01083949225438 0.0913 "amont"
202 "202_fs3" "12" 76 21.4283261441084 -15.820700094582 10.0219643586997 133.378037874053 105.453324425515 0.571251968445883 7.602548158821 6.01083949225438 0.0996 "amont"
202 "202_fs3" "13" 76 16.0710012540998 -21.4363094707581 7.76118538903063 141.139223263083 105.453324425515 0.442387567174746 8.04493572599575 6.01083949225438 0.1079 "amont"
203 "203_fs1" "1" 76 61.2308554438783 9.639770695442 0 0 65.8541319341777 0 0 3.75368552024813 0.0083 "amont"
203 "203_fs1" "2" 76 62.6761338615227 14.0659194977887 4.65613819866033 4.65613819866033 65.8541319341777 0.265399877323639 0.265399877323639 3.75368552024813 0.0166 "amont"
203 "203_fs1" "3" 76 71.2985950202931 6.60835746436123 11.4000906977499 16.0562288964102 65.8541319341777 0.649805169771743 0.915205047095381 3.75368552024813 0.0249 "amont"
203 "203_fs1" "4" 76 71.0015705185621 -1.21938119682466 7.83337194970677 23.889600846117 65.8541319341777 0.446502201133286 1.36170724822867 3.75368552024813 0.0332 "amont"
203 "203_fs1" "5" 76 52.6620308454811 -3.06958026491088 18.4326328019645 42.3222336480815 65.8541319341777 1.05066006971198 2.41236731794065 3.75368552024813 0.0415 "amont"
203 "203_fs1" "6" 76 45.9478563554757 0.542706102645752 7.62422139522947 49.946455043311 65.8541319341777 0.43458061952808 2.84694793746873 3.75368552024813 0.0498 "amont"
203 "203_fs1" "7" 76 31.72008540139 1.54623308600713 14.2631179174912 64.2095729608022 65.8541319341777 0.812997721297 3.65994565876573 3.75368552024813 0.0581 "amont"
203 "203_fs1" "8" 76 20.8900814141917 -0.254638402390924 10.9787123325304 75.1882852933326 65.8541319341777 0.625786602954235 4.28573226171996 3.75368552024813 0.0664 "amont"
203 "203_fs1" "9" 76 13.7994561456665 -8.87721622982247 11.1635932875021 86.3518785808348 65.8541319341777 0.63632481738762 4.92205707910758 3.75368552024813 0.0747 "amont"
203 "203_fs1" "10" 76 12.5403738572464 -18.3725627487121 9.57845988261175 95.9303384634465 65.8541319341777 0.54597221330887 5.46802929241645 3.75368552024813 0.083 "amont"
203 "203_fs1" "11" 76 11.5162099808044 -24.0907099661486 5.80914100759187 101.739479471038 65.8541319341777 0.331121037432737 5.79915032984919 3.75368552024813 0.0913 "amont"
203 "203_fs1" "12" 76 13.4218523519216 -32.6287832320797 8.74815225867751 110.487631729716 65.8541319341777 0.498644678744618 6.29779500859381 3.75368552024813 0.0996 "amont"
203 "203_fs1" "13" 76 15.219745898906 -37.4743937484346 5.1684003794692 115.656032109185 65.8541319341777 0.294598821629744 6.59239383022355 3.75368552024813 0.1079 "amont"
203 "203_fs2" "1" 76 74.6002009955084 27.5317663941266 0 0 110.255981347003 0 0 6.28459093677916 0.0083 "amont"
203 "203_fs2" "2" 76 74.2020173968681 29.0627915105484 1.58195704282402 1.58195704282402 110.255981347003 0.0901715514409694 0.0901715514409694 6.28459093677916 0.0166 "amont"
203 "203_fs2" "3" 76 81.0763264811609 29.1116123809889 6.87448244333936 8.45643948616339 110.255981347003 0.391845499270344 0.482017050711313 6.28459093677916 0.0249 "amont"
203 "203_fs2" "4" 76 88.4303570715699 26.4987666362995 7.80440444942552 16.2608439355889 110.255981347003 0.444851053617254 0.926868104328567 6.28459093677916 0.0332 "amont"
203 "203_fs2" "5" 76 78.9233332295524 15.2604975546894 14.7201288813435 30.9809728169324 110.255981347003 0.839047346236579 1.76591545056515 6.28459093677916 0.0415 "amont"
203 "203_fs2" "6" 76 62.1757157224383 11.5018294208215 17.1642150506555 48.1451878675879 110.255981347003 0.978360257887363 2.74427570845251 6.28459093677916 0.0498 "amont"
203 "203_fs2" "7" 76 44.0448690408994 2.53264208163489 20.2280479264534 68.3732357940413 110.255981347003 1.15299873180784 3.89727444026035 6.28459093677916 0.0581 "amont"
203 "203_fs2" "8" 76 36.6749728176008 -8.54806068685809 13.3077926113191 81.6810284053604 110.255981347003 0.758544178845188 4.65581861910554 6.28459093677916 0.0664 "amont"
203 "203_fs2" "9" 76 30.1607733284645 -23.0226535175169 15.8728898628329 97.5539182681933 110.255981347003 0.904754722181475 5.56057334128702 6.28459093677916 0.0747 "amont"
203 "203_fs2" "10" 76 27.021203927735 -42.7576571395396 19.9831745221635 117.537092790357 110.255981347003 1.13904094776332 6.69961428905034 6.28459093677916 0.083 "amont"
203 "203_fs2" "11" 76 25.8865801491451 -52.159305355245 9.46986590669679 127.006958697054 110.255981347003 0.539782356681717 7.23939664573205 6.28459093677916 0.0913 "amont"
203 "203_fs2" "12" 76 29.4487787246763 -67.0410927691609 15.3021846585545 142.309143355608 110.255981347003 0.872224525537609 8.11162117126966 6.28459093677916 0.0996 "amont"
203 "203_fs2" "13" 76 35.1013100552928 -75.4061713998839 10.0958234405015 152.40496679611 110.255981347003 0.575461936108586 8.68708310737825 6.28459093677916 0.1079 "amont"
203 "203_fs3" "1" 76 38.328716724132 -7.91607465729481 0 0 55.7471996275876 0 0 3.1775903787725 0.0083 "amont"
203 "203_fs3" "2" 76 37.3129051655028 -8.80561990852476 1.35024585784606 1.35024585784606 55.7471996275876 0.0769640138972255 0.0769640138972255 3.1775903787725 0.0166 "amont"
203 "203_fs3" "3" 76 28.9233281277736 -3.6790356529184 9.83193109220279 11.1821769500489 55.7471996275876 0.560420072255559 0.637384086152785 3.1775903787725 0.0249 "amont"
203 "203_fs3" "4" 76 34.236567596747 10.7969870411976 15.4203030675541 26.602480017603 55.7471996275876 0.878957274850583 1.51634136100337 3.1775903787725 0.0332 "amont"
203 "203_fs3" "5" 76 43.8114928880411 13.7623927032976 10.0236133741619 36.6260933917649 55.7471996275876 0.571345962327231 2.0876873233306 3.1775903787725 0.0415 "amont"
203 "203_fs3" "6" 76 55.0179806016764 13.1236476683114 11.2246764806643 47.8507698724292 55.7471996275876 0.639806559397865 2.72749388272846 3.1775903787725 0.0498 "amont"
203 "203_fs3" "7" 76 62.3621046112776 10.35853770415 7.84741935812694 55.6981892305561 55.7471996275876 0.447302903413236 3.1747967861417 3.1775903787725 0.0581 "amont"
203 "203_fs3" "8" 76 72.6335433757596 8.83454675737471 10.3838818703969 66.082071100953 55.7471996275876 0.591881266612621 3.76667805275432 3.1775903787725 0.0664 "amont"
203 "203_fs3" "9" 76 78.3939646018385 9.72802031354701 5.82930078975511 71.9113718907081 55.7471996275876 0.332270145016041 4.09894819777036 3.1775903787725 0.0747 "amont"
203 "203_fs3" "10" 76 82.1981605174731 11.3892024003143 4.15107606409801 76.0624479548061 55.7471996275876 0.236611335653587 4.33555953342395 3.1775903787725 0.083 "amont"
203 "203_fs3" "11" 76 89.3553995389954 14.5344911981448 7.81785853242175 83.8803064872279 55.7471996275876 0.44561793634804 4.78117746977199 3.1775903787725 0.0913 "amont"
204 "204_fs1" "1" 76 32.9806130602079 43.4324420938065 0 0 125.412061968162 0 0 7.14848753218524 0.0083 "amont"
204 "204_fs1" "2" 76 34.1300766315362 45.676103903206 2.52096902336555 2.52096902336555 125.412061968162 0.143695234331836 0.143695234331836 7.14848753218524 0.0166 "amont"
204 "204_fs1" "3" 76 45.0385481491755 41.710095878552 11.6070655422793 14.1280345656449 125.412061968162 0.661602735909921 0.805297970241757 7.14848753218524 0.0249 "amont"
204 "204_fs1" "4" 76 42.044067517424 29.0611117763822 12.9986042739549 27.1266388395998 125.412061968162 0.740920443615431 1.54621841385719 7.14848753218524 0.0332 "amont"
204 "204_fs1" "5" 76 27.1434591874656 16.3065105430798 19.613974131302 46.7406129709018 125.412061968162 1.11799652548422 2.6642149393414 7.14848753218524 0.0415 "amont"
204 "204_fs1" "6" 76 20.3086092081687 -0.379738261768296 18.0318072698437 64.7724202407455 125.412061968162 1.02781301438109 3.6920279537225 7.14848753218524 0.0498 "amont"
204 "204_fs1" "7" 76 26.5478742166103 -17.4185361238405 18.1452214213583 82.9176416621038 125.412061968162 1.03427762101742 4.72630557473992 7.14848753218524 0.0581 "amont"
204 "204_fs1" "8" 76 46.6003677865747 -30.7940220392069 24.1040685745297 107.021710236633 125.412061968162 1.37393190874819 6.10023748348811 7.14848753218524 0.0664 "amont"
204 "204_fs1" "9" 76 50.3765588362739 -35.4309288883197 5.98001036547409 113.001720602108 125.412061968162 0.340860590832023 6.44109807432013 7.14848753218524 0.0747 "amont"
204 "204_fs1" "10" 76 63.5378711740028 -51.8923419617701 21.0760115492951 134.077732151403 125.412061968162 1.20133265830982 7.64243073262995 7.14848753218524 0.083 "amont"
204 "204_fs1" "11" 76 77.0404592245956 -61.5765465075908 16.616368488611 150.694100640014 125.412061968162 0.947133003850829 8.58956373648078 7.14848753218524 0.0913 "amont"
204 "204_fs1" "12" 76 95.9984200286511 -59.6480332833963 19.0557980967473 169.749898736761 125.412061968162 1.0861804915146 9.67574422799538 7.14848753218524 0.0996 "amont"
204 "204_fs1" "13" 76 109.615063644593 -55.8416545816887 14.1386527711937 183.888551507955 125.412061968162 0.805903207958043 10.4816474359534 7.14848753218524 0.1079 "amont"
204 "204_fs2" "1" 76 89.8173538792351 23.1214604427967 0 0 106.041295939264 0 0 6.04435386853806 0.0083 "amont"
204 "204_fs2" "2" 76 93.5834703423063 23.122725755243 3.76611667562643 3.76611667562643 106.041295939264 0.214668650510707 0.214668650510707 6.04435386853806 0.0166 "amont"
204 "204_fs2" "3" 76 101.533221526703 11.9260363724249 13.7318752189615 17.4979918945879 106.041295939264 0.782716887480804 0.997385537991511 6.04435386853806 0.0249 "amont"
204 "204_fs2" "4" 76 90.3185668177885 3.22789392764975 14.1924685037444 31.6904603983323 106.041295939264 0.808970704713432 1.80635624270494 6.04435386853806 0.0332 "amont"
204 "204_fs2" "5" 76 69.520226775289 8.18997177717074 21.3820757904406 53.0725361887729 106.041295939264 1.21877832005511 3.02513456276006 6.04435386853806 0.0415 "amont"
204 "204_fs2" "6" 76 55.0234654198812 10.6418364256065 14.7026436415324 67.7751798303053 106.041295939264 0.838050687567349 3.8631852503274 6.04435386853806 0.0498 "amont"
204 "204_fs2" "7" 76 35.921322277498 4.33981721818287 20.1148531867084 87.8900330170137 106.041295939264 1.14654663164238 5.00973188196978 6.04435386853806 0.0581 "amont"
204 "204_fs2" "8" 76 22.552001209851 -4.57012845059944 16.0662963258644 103.956329342878 106.041295939264 0.915778890574268 5.92551077254405 6.04435386853806 0.0664 "amont"
204 "204_fs2" "9" 76 17.2666776683016 -16.2803752298568 12.8477439486458 116.804073291524 106.041295939264 0.732321405072808 6.65783217761686 6.04435386853806 0.0747 "amont"
204 "204_fs2" "10" 76 16.4768263740471 -27.8500973339412 11.5966518716729 128.400725163197 106.041295939264 0.661009156685355 7.31884133430222 6.04435386853806 0.083 "amont"
204 "204_fs2" "11" 76 20.8342666621826 -37.7813100340462 10.8451035753188 139.245828738516 106.041295939264 0.618170903793173 7.93701223809539 6.04435386853806 0.0913 "amont"
204 "204_fs2" "12" 76 24.9559319042237 -51.1997718221474 14.037209164438 153.283037902954 106.041295939264 0.800120922372965 8.73713316046835 6.04435386853806 0.0996 "amont"
204 "204_fs2" "13" 76 25.5336588070076 -61.2133662442814 10.0302463392079 163.313284242161 106.041295939264 0.57172404133485 9.3088572018032 6.04435386853806 0.1079 "amont"
206 "206_fs1" "1" 76 62.8676384334238 -12.9434836685909 0 0 91.9436889933541 0 0 5.24079027262118 0.0083 "amont"
206 "206_fs1" "2" 76 63.7544414144114 -14.3135811522278 1.63204982820889 1.63204982820889 91.9436889933541 0.0930268402079066 0.0930268402079066 5.24079027262118 0.0166 "amont"
206 "206_fs1" "3" 76 73.5843663520229 -17.9388447484119 10.4771160354791 12.109165863688 91.9436889933541 0.597195614022311 0.690222454230217 5.24079027262118 0.0249 "amont"
206 "206_fs1" "4" 76 79.9716572396788 -12.0706052212568 8.67373737391199 20.7829032376 91.9436889933541 0.494403030312984 1.1846254845432 5.24079027262118 0.0332 "amont"
206 "206_fs1" "5" 76 84.7606498890217 -0.892959807635037 12.1603539252819 32.943257162882 91.9436889933541 0.693140173741071 1.87776565828427 5.24079027262118 0.0415 "amont"
206 "206_fs1" "6" 76 92.887049884979 12.1304734654177 15.3508368212274 48.2940939841094 91.9436889933541 0.874997698809964 2.75276335709424 5.24079027262118 0.0498 "amont"
206 "206_fs1" "7" 76 104.476796937516 16.0954578919822 12.2492178625694 60.5433118466788 91.9436889933541 0.698205418166455 3.45096877526069 5.24079027262118 0.0581 "amont"
206 "206_fs1" "8" 76 118.755782120344 15.3811571061276 14.2968403314891 74.8401521781679 91.9436889933541 0.81491989889488 4.26588867415557 5.24079027262118 0.0664 "amont"
206 "206_fs1" "9" 76 130.249086133856 15.355526069402 11.4933325931626 86.3334847713305 91.9436889933541 0.655119957810271 4.92100863196584 5.24079027262118 0.0747 "amont"
206 "206_fs1" "10" 76 143.523406093915 14.8234477596841 13.2849794026823 99.6184641740129 91.9436889933541 0.757243825952892 5.67825245791873 5.24079027262118 0.083 "amont"
206 "206_fs1" "11" 76 150.847138623353 13.7632475435375 7.40007315241312 107.018537326426 91.9436889933541 0.421804169687548 6.10005662760628 5.24079027262118 0.0913 "amont"
206 "206_fs2" "1" 76 100.478992871919 -42.5137765406732 0 0 162.292120528539 0 0 9.25065087012672 0.0083 "amont"
206 "206_fs2" "2" 76 100.793589300249 -44.8308655731333 2.33834824118754 2.33834824118754 162.292120528539 0.13328584974769 0.13328584974769 9.25065087012672 0.0166 "amont"
206 "206_fs2" "3" 76 93.2420016106531 -48.3645309867916 8.33746171741382 10.6758099586014 162.292120528539 0.475235317892588 0.608521167640278 9.25065087012672 0.0249 "amont"
206 "206_fs2" "4" 76 86.3288769455182 -40.2069754263711 10.6928483275993 21.3686582862007 162.292120528539 0.609492354673162 1.21801352231344 9.25065087012672 0.0332 "amont"
206 "206_fs2" "5" 76 73.2728480970521 -23.4129699928417 21.2720123118005 42.6406705980013 162.292120528539 1.21250470177263 2.43051822408607 9.25065087012672 0.0415 "amont"
206 "206_fs2" "6" 76 57.7336568621948 -16.2875299372478 17.0949805562723 59.7356511542736 162.292120528539 0.974413891707521 3.40493211579359 9.25065087012672 0.0498 "amont"
206 "206_fs2" "7" 76 43.3234639324581 -1.57503308232839 20.5939608618218 80.3296120160953 162.292120528539 1.17385576912384 4.57878788491743 9.25065087012672 0.0581 "amont"
206 "206_fs2" "8" 76 34.9857271015945 16.9738403763132 20.3366310397135 100.666243055809 162.292120528539 1.15918796926367 5.7379758541811 9.25065087012672 0.0664 "amont"
206 "206_fs2" "9" 76 19.7628264787095 35.1756613434005 23.7285269220854 124.394769977894 162.292120528539 1.35252603455887 7.09050188873997 9.25065087012672 0.0747 "amont"
206 "206_fs2" "10" 76 12.1116255381522 57.6959342510968 23.7845237007157 148.17929367861 162.292120528539 1.35571785094079 8.44621973968076 9.25065087012672 0.083 "amont"
206 "206_fs2" "11" 76 15.3856906111775 77.8409584861618 20.4093484348168 168.588642113427 162.292120528539 1.16333286078456 9.60955260046532 9.25065087012672 0.0913 "amont"
206 "206_fs2" "12" 76 21.9897988410617 99.5361400592188 22.6780763954956 191.266718508922 162.292120528539 1.29265035454325 10.9022029550086 9.25065087012672 0.0996 "amont"
206 "206_fs3" "1" 76 39.0027694079992 26.2944087083422 0 0 82.4304742043832 0 0 4.69853702964985 0.0083 "amont"
206 "206_fs3" "2" 76 40.615837700515 27.4143175338268 1.9637171623526 1.9637171623526 82.4304742043832 0.111931878254098 0.111931878254098 4.69853702964985 0.0166 "amont"
206 "206_fs3" "3" 76 40.2417033295273 34.0193907475579 6.61566086542399 8.57937802777658 82.4304742043832 0.377092669329167 0.489024547583265 4.69853702964985 0.0249 "amont"
206 "206_fs3" "4" 76 26.3121572110732 31.6859808675789 14.1236346856651 22.7030127134417 82.4304742043832 0.805047177082913 1.29407172466618 4.69853702964985 0.0332 "amont"
206 "206_fs3" "5" 76 28.035613985002 17.185947411878 14.6020982556633 37.3051109691051 82.4304742043832 0.832319600572811 2.12639132523899 4.69853702964985 0.0415 "amont"
206 "206_fs3" "6" 76 30.6960849566752 5.0451002860213 12.4289289451883 49.7340399142933 82.4304742043832 0.708448949875731 2.83484027511472 4.69853702964985 0.0498 "amont"
206 "206_fs3" "7" 76 31.2684682055597 -5.62316758907662 10.683611844243 60.4176517585364 82.4304742043832 0.608965875121852 3.44380615023657 4.69853702964985 0.0581 "amont"
206 "206_fs3" "8" 76 29.6897979498079 -18.1314493898533 12.6075101976575 73.0251619561938 82.4304742043832 0.718628081266475 4.16243423150305 4.69853702964985 0.0664 "amont"
206 "206_fs3" "9" 76 29.5340854861612 -31.379593748859 13.2490594129693 86.2742213691631 82.4304742043832 0.755196386539248 4.91763061804229 4.69853702964985 0.0747 "amont"
206 "206_fs3" "10" 76 33.4871723897509 -39.2913054493947 8.84432462654588 95.1185459957089 82.4304742043832 0.504126503713115 5.42175712175541 4.69853702964985 0.083 "amont"
206 "206_fs3" "11" 76 47.4404767290736 -47.5404606884275 16.2093573019853 111.327903297694 82.4304742043832 0.923933366213162 6.34569048796857 4.69853702964985 0.0913 "amont"
206 "206_fs3" "12" 76 61.8453220192593 -52.907869464456 15.3723337461549 126.700237043849 82.4304742043832 0.876223023530829 7.2219135114994 4.69853702964985 0.0996 "amont"
207 "207_fs1" "1" 76 37.0551950522807 -12.3444681895796 0 0 60.2611767905989 0 0 3.43488707706414 0.0083 "amont"
207 "207_fs1" "2" 76 31.3161001341194 -11.7592226904958 5.76885801297473 5.76885801297473 60.2611767905989 0.32882490673956 0.32882490673956 3.43488707706414 0.0166 "amont"
207 "207_fs1" "3" 76 22.7139279706878 -4.98287075151117 10.9506306453235 16.7194886582982 60.2611767905989 0.62418594678344 0.953010853522999 3.43488707706414 0.0249 "amont"
207 "207_fs1" "4" 76 26.0446830502557 8.45659492646729 13.8460524016641 30.5655410599623 60.2611767905989 0.789224986894854 1.74223584041785 3.43488707706414 0.0332 "amont"
207 "207_fs1" "5" 76 34.2062029915572 13.027467720762 9.35431910156402 39.9198601615264 60.2611767905989 0.533196188789149 2.275432029207 3.43488707706414 0.0415 "amont"
207 "207_fs1" "6" 76 46.5385309993524 26.5883038077709 18.3298278625461 58.2496880240725 60.2611767905989 1.04480018816513 3.32023221737213 3.43488707706414 0.0498 "amont"
207 "207_fs1" "7" 76 54.0581743697401 36.2823955155474 12.2686776164588 70.5183656405313 60.2611767905989 0.699314624138151 4.01954684151028 3.43488707706414 0.0581 "amont"
207 "207_fs1" "8" 76 56.6720002344756 44.6343908954497 8.75145202106882 79.2698176616001 60.2611767905989 0.498832765200923 4.51837960671121 3.43488707706414 0.0664 "amont"
207 "207_fs2" "1" 76 65.1332084102696 -40.4528174074678 0 0 141.23420977368 0 0 8.05034995709977 0.0083 "amont"
207 "207_fs2" "2" 76 64.5508334203042 -48.9863139923586 8.55334581279631 8.55334581279631 141.23420977368 0.48754071132939 0.48754071132939 8.05034995709977 0.0166 "amont"
207 "207_fs2" "3" 76 52.1307130740825 -47.9753900408371 12.4611940298829 21.0145398426792 141.23420977368 0.710288059703327 1.19782877103272 8.05034995709977 0.0249 "amont"
207 "207_fs2" "4" 76 48.0377470081175 -33.9509418420778 14.6095009667279 35.6240408094072 141.23420977368 0.832741555103491 2.03057032613621 8.05034995709977 0.0332 "amont"
207 "207_fs2" "5" 76 49.5144621672095 -22.379416252362 11.6653714957793 47.2894123051864 141.23420977368 0.664926175259419 2.69549650139563 8.05034995709977 0.0415 "amont"
207 "207_fs2" "6" 76 41.855603607292 -0.941582813382865 22.7648592571585 70.0542715623449 141.23420977368 1.29759697765803 3.99309347905366 8.05034995709977 0.0498 "amont"
207 "207_fs2" "7" 76 31.3750252965299 14.537805273953 18.6936881670357 88.7479597293807 141.23420977368 1.06554022552104 5.0586337045747 8.05034995709977 0.0581 "amont"
207 "207_fs2" "8" 76 20.8099095361291 29.4230132575186 18.2535226119419 107.001482341323 141.23420977368 1.04045078888069 6.09908449345539 8.05034995709977 0.0664 "amont"
207 "207_fs2" "9" 76 13.4195823737355 40.720197881832 13.4997524422871 120.50123478361 141.23420977368 0.769485889210363 6.86857038266575 8.05034995709977 0.0747 "amont"
207 "207_fs2" "10" 76 7.56677457167365 55.7942613663048 16.1704282287697 136.671663012379 141.23420977368 0.921714409039874 7.79028479170562 8.05034995709977 0.083 "amont"
207 "207_fs2" "11" 76 2.43973115448267 70.287613479506 15.3734781256226 152.045141138002 141.23420977368 0.876288253160486 8.66657304486611 8.05034995709977 0.0913 "amont"
207 "207_fs2" "12" 76 1.69338963916078 85.7315374257871 15.4619472420523 167.507088380054 141.23420977368 0.881330992796979 9.54790403766309 8.05034995709977 0.0996 "amont"
207 "207_fs3" "1" 76 55.1268171215478 16.39716719828 0 0 68.9537196621182 0 0 3.93036202074074 0.0083 "amont"
207 "207_fs3" "2" 76 56.2906888880453 21.0031481442335 4.75075341007473 4.75075341007473 68.9537196621182 0.27079294437426 0.27079294437426 3.93036202074074 0.0166 "amont"
207 "207_fs3" "3" 76 46.9140237908171 25.5572963481654 10.4241121544693 15.174865564544 68.9537196621182 0.594174392804748 0.864967337179008 3.93036202074074 0.0249 "amont"
207 "207_fs3" "4" 76 37.6328868376858 23.05865361032 9.61159293115178 24.7864584956958 68.9537196621182 0.547860797075651 1.41282813425466 3.93036202074074 0.0332 "amont"
207 "207_fs3" "5" 76 36.7031424886615 13.6789334409457 9.4256869781629 34.2121454738587 68.9537196621182 0.537264157755285 1.95009229200994 3.93036202074074 0.0415 "amont"
207 "207_fs3" "6" 76 37.0103222947899 7.00045716831829 6.68553698346964 40.8976824573283 68.9537196621182 0.38107560805777 2.33116790006771 3.93036202074074 0.0498 "amont"
207 "207_fs3" "7" 76 37.9706048268607 -6.2058544073642 13.241178496471 54.1388609537993 68.9537196621182 0.754747174298846 3.08591507436656 3.93036202074074 0.0581 "amont"
207 "207_fs3" "8" 76 38.7668714536435 -13.6816528253091 7.51808503055635 61.6569459843557 68.9537196621182 0.428530846741712 3.51444592110827 3.93036202074074 0.0664 "amont"
207 "207_fs3" "9" 76 37.3590580381834 -25.9169454513901 12.3160190101583 73.972964994514 68.9537196621182 0.702013083579025 4.2164590046873 3.93036202074074 0.0747 "amont"
207 "207_fs3" "10" 76 39.0349918464497 -35.3056340730576 9.53709747063113 83.5100624651451 68.9537196621182 0.543614555825975 4.76007356051327 3.93036202074074 0.083 "amont"
207 "207_fs3" "11" 76 40.3161996704793 -42.6851850820019 7.48994436441056 91.0000068295557 68.9537196621182 0.426926828771402 5.18700038928467 3.93036202074074 0.0913 "amont"
207 "207_fs3" "12" 76 42.8953383073222 -48.7141596087993 6.55747588274847 97.5574827123042 68.9537196621182 0.373776125316663 5.56077651460134 3.93036202074074 0.0996 "amont"
207 "207_fs3" "13" 76 47.2844300234011 -52.1091275478585 5.54886775832623 103.10635047063 68.9537196621182 0.316285462224595 5.87706197682593 3.93036202074074 0.1079 "amont"
208 "208_fs1" "1" 76 47.225451706611 -5.72553654489451 0 0 81.7839112681412 0 0 4.66168294228405 0.0083 "amont"
208 "208_fs1" "2" 76 45.1498055676177 -5.98684367151156 2.09202971029062 2.09202971029062 81.7839112681412 0.119245693486565 0.119245693486565 4.66168294228405 0.0166 "amont"
208 "208_fs1" "3" 76 41.8202455688 2.48119229418194 9.09909901594688 11.1911287262375 81.7839112681412 0.518648643908972 0.637894337395538 4.66168294228405 0.0249 "amont"
208 "208_fs1" "4" 76 55.4852656018961 3.40537626130697 13.6962362899451 24.8873650161826 81.7839112681412 0.78068546852687 1.41857980592241 4.66168294228405 0.0332 "amont"
208 "208_fs1" "5" 76 71.5199872459115 3.90225633202181 16.042418396418 40.9297834126005 81.7839112681412 0.914417848595823 2.33299765451823 4.66168294228405 0.0415 "amont"
208 "208_fs1" "6" 76 85.8888055745388 13.2321338450304 17.1321205508495 58.06190396345 81.7839112681412 0.976530871398421 3.30952852591665 4.66168294228405 0.0498 "amont"
208 "208_fs1" "7" 76 94.0437830703744 18.8790762674295 9.91925484497076 67.9811588084208 81.7839112681412 0.565397526163333 3.87492605207999 4.66168294228405 0.0581 "amont"
208 "208_fs1" "8" 76 106.461098576999 27.0533043819597 14.8663287216258 82.8474875300466 81.7839112681412 0.84738073713267 4.72230678921265 4.66168294228405 0.0664 "amont"
208 "208_fs1" "9" 76 118.703750011089 34.01689687093 14.0845352954604 96.932022825507 81.7839112681412 0.802818511841242 5.5251253010539 4.66168294228405 0.0747 "amont"
208 "208_fs2" "1" 76 82.6624145893088 12.5554273283228 0 0 64.4845711434823 0 0 3.67562055517849 0.0083 "amont"
208 "208_fs2" "2" 76 83.923598857628 17.5716276333388 5.17231585063194 5.17231585063194 64.4845711434823 0.294822003486021 0.294822003486021 3.67562055517849 0.0166 "amont"
208 "208_fs2" "3" 76 91.416872011676 20.7761823169905 8.14974314206839 13.3220589927003 64.4845711434823 0.464535359097898 0.759357362583919 3.67562055517849 0.0249 "amont"
208 "208_fs2" "4" 76 96.2037609810664 8.92677090921887 12.77978312476 26.1018421174603 64.4845711434823 0.728447638111319 1.48780500069524 3.67562055517849 0.0332 "amont"
208 "208_fs2" "5" 76 97.4638091307256 0.0994157959808035 8.9168334982027 35.018675615663 64.4845711434823 0.508259509397554 1.99606451009279 3.67562055517849 0.0415 "amont"
208 "208_fs2" "6" 76 98.4089089636834 -10.6318862101919 10.7728388292939 45.7915144449569 64.4845711434823 0.614051813269754 2.61011632336255 3.67562055517849 0.0498 "amont"
208 "208_fs2" "7" 76 100.343643476084 -17.8284401117987 7.45208599602863 53.2436004409856 64.4845711434823 0.424768901773632 3.03488522513618 3.67562055517849 0.0581 "amont"
208 "208_fs2" "8" 76 105.409198708542 -25.2428277309368 8.97958760633866 62.2231880473242 64.4845711434823 0.511836493561304 3.54672171869748 3.67562055517849 0.0664 "amont"
208 "208_fs2" "9" 76 109.701791530589 -30.4134214936718 6.72022268939978 68.943410736724 64.4845711434823 0.383052693295788 3.92977441199327 3.67562055517849 0.0747 "amont"
208 "208_fs2" "10" 76 114.989842740129 -34.6651917903152 6.78535454122602 75.72876527795 64.4845711434823 0.386765208849883 4.31653962084315 3.67562055517849 0.083 "amont"
208 "208_fs2" "11" 76 120.955621497665 -39.3280018204204 7.57181045462163 83.3005757325717 64.4845711434823 0.431593195913433 4.74813281675659 3.67562055517849 0.0913 "amont"
208 "208_fs3" "1" 76 51.2588207867192 -39.910107850497 0 0 88.7487124529251 0 0 5.05867660981673 0.0083 "amont"
208 "208_fs3" "2" 76 50.8756492053051 -49.7293152092614 9.82668070180447 9.82668070180447 88.7487124529251 0.560120800002855 0.560120800002855 5.05867660981673 0.0166 "amont"
208 "208_fs3" "3" 76 36.8858505576915 -49.0685081440134 14.0053965377012 23.8320772395057 88.7487124529251 0.798307602648969 1.35842840265182 5.05867660981673 0.0249 "amont"
208 "208_fs3" "4" 76 31.2763435415812 -40.114978122668 10.5656172941728 34.3976945336785 88.7487124529251 0.602240185767852 1.96066858841968 5.05867660981673 0.0332 "amont"
208 "208_fs3" "5" 76 32.7162021899402 -24.7707289784906 15.4116571051215 49.8093516388001 88.7487124529251 0.878464454991927 2.8391330434116 5.05867660981673 0.0415 "amont"
208 "208_fs3" "6" 76 35.4372505638684 -11.4843239790495 13.5621776298068 63.3715292686068 88.7487124529251 0.773044124898985 3.61217716831059 5.05867660981673 0.0498 "amont"
208 "208_fs3" "7" 76 36.8703614950238 1.47540118847587 13.0387224588449 76.4102517274518 88.7487124529251 0.743207180154162 4.35538434846475 5.05867660981673 0.0581 "amont"
208 "208_fs3" "8" 76 34.1606460090501 13.7070409421871 12.5281909739393 88.9384427013911 88.7487124529251 0.714106885514541 5.06949123397929 5.05867660981673 0.0664 "amont"
208 "208_fs3" "9" 76 33.7796115601182 26.731221664134 13.0297532873499 101.968195988741 88.7487124529251 0.742695937378946 5.81218717135824 5.05867660981673 0.0747 "amont"
208 "208_fs3" "10" 76 33.846804832577 40.7086262660176 13.9775661093275 115.945762098068 88.7487124529251 0.796721268231667 6.6089084395899 5.05867660981673 0.083 "amont"
208 "208_fs3" "11" 76 47.4742088070692 54.4101580305456 19.3245468712303 135.270308969299 88.7487124529251 1.10149917166013 7.71040761125003 5.05867660981673 0.0913 "amont"
208 "208_fs3" "12" 76 57.9776318181549 59.0212061780063 11.4709921091423 146.741301078441 88.7487124529251 0.653846550221112 8.36425416147114 5.05867660981673 0.0996 "amont"
208 "208_fs3" "13" 76 71.6747506586664 54.8485006568148 14.3186080293329 161.059909107774 88.7487124529251 0.816160657671976 9.18041481914312 5.05867660981673 0.1079 "amont"
208 "208_fs3" "14" 76 79.5035465437177 49.9053008336633 9.25879417102472 170.318703278799 88.7487124529251 0.527751267748409 9.70816608689153 5.05867660981673 0.1162 "amont"
208 "208_fs3" "15" 76 84.0775605505718 42.5475435977737 8.66361331530806 178.982316594107 88.7487124529251 0.49382595897256 10.2019920458641 5.05867660981673 0.1245 "amont"
209 "209_fs1" "1" 76 93.7314059412899 -29.3047753231427 0 0 100.338433215738 0 0 5.71929069329704 0.0083 "amont"
209 "209_fs1" "2" 76 91.0307002977898 -30.7675113991257 3.07138532275184 3.07138532275184 100.338433215738 0.175068963396855 0.175068963396855 5.71929069329704 0.0166 "amont"
209 "209_fs1" "3" 76 88.9871903464536 -40.851790755111 10.2892479341671 13.3606332569189 100.338433215738 0.586487132247523 0.761556095644378 5.71929069329704 0.0249 "amont"
209 "209_fs1" "4" 76 78.6891307234916 -45.4982403513367 11.2977664097089 24.6583996666278 100.338433215738 0.643972685353406 1.40552878099778 5.71929069329704 0.0332 "amont"
209 "209_fs1" "5" 76 69.1217005070656 -39.1244283553168 11.4961384954596 36.1545381620874 100.338433215738 0.655279894241198 2.06080867523898 5.71929069329704 0.0415 "amont"
209 "209_fs1" "6" 76 71.3544999523621 -32.3789003163967 7.10545859792129 43.2599967600087 100.338433215738 0.405011140081514 2.4658198153205 5.71929069329704 0.0498 "amont"
209 "209_fs1" "7" 76 67.4198164943134 -11.0930757006814 21.646433043022 64.9064298030307 100.338433215738 1.23384668345225 3.69966649877275 5.71929069329704 0.0581 "amont"
209 "209_fs1" "8" 76 67.8761419723446 3.54293245600937 14.6431201492243 79.549549952255 100.338433215738 0.834657848505786 4.53432434727853 5.71929069329704 0.0664 "amont"
209 "209_fs1" "9" 76 67.3029720707144 18.7056027172311 15.1734997013435 94.7230496535985 100.338433215738 0.864889482976582 5.39921383025512 5.71929069329704 0.0747 "amont"
209 "209_fs1" "10" 76 68.0737535744592 27.8037476627059 9.13073631069169 103.85378596429 100.338433215738 0.520451969709427 5.91966579996454 5.71929069329704 0.083 "amont"
209 "209_fs1" "11" 76 52.3440091451835 43.4201303939614 22.165204023861 126.018989988151 100.338433215738 1.26341662936008 7.18308242932462 5.71929069329704 0.0913 "amont"
209 "209_fs1" "12" 76 50.9404765266571 47.892436614401 4.68736885050134 130.706358838653 100.338433215738 0.267180024478577 7.4502624538032 5.71929069329704 0.0996 "amont"
209 "209_fs1" "13" 76 54.4640153485199 51.5869809722531 5.10538772683438 135.811746565487 100.338433215738 0.29100710042956 7.74126955423276 5.71929069329704 0.1079 "amont"
209 "209_fs1" "14" 76 49.7364241028046 53.8637326466594 5.24725806240515 141.059004627892 100.338433215738 0.299093709557094 8.04036326378985 5.71929069329704 0.1162 "amont"
209 "209_fs1" "15" 76 47.5583497668376 57.1908137630977 3.9766162209042 145.035620848796 100.338433215738 0.226667124591539 8.26703038838139 5.71929069329704 0.1245 "amont"
209 "209_fs1" "16" 76 42.0159113406826 54.9951244144398 5.96151620173335 150.99713705053 100.338433215738 0.339806423498801 8.60683681188019 5.71929069329704 0.1328 "amont"
209 "209_fs1" "17" 76 40.8864219051663 56.2312216984442 1.674420162464 152.671557212994 100.338433215738 0.0954419492604483 8.70227876114064 5.71929069329704 0.1411 "amont"
209 "209_fs1" "18" 76 37.8041668760156 54.0015576337501 3.80416849076286 156.475725703757 100.338433215738 0.216837603973483 8.91911636511412 5.71929069329704 0.1494 "amont"
209 "209_fs2" "1" 76 50.01431760719 21.527149730793 0 0 99.2544457780886 0 0 5.65750340935105 0.0083 "amont"
209 "209_fs2" "2" 76 46.7375913519604 20.5897050029591 3.40818684485675 3.40818684485675 99.2544457780886 0.194266650156835 0.194266650156835 5.65750340935105 0.0166 "amont"
209 "209_fs2" "3" 76 38.76844983582 19.2098609815486 8.0877182213338 11.4959050661905 99.2544457780886 0.460999938616027 0.655266588772861 5.65750340935105 0.0249 "amont"
209 "209_fs2" "4" 76 35.2570733347682 6.6804181040406 13.0121752121955 24.508080278386 99.2544457780886 0.741693987095143 1.396960575868 5.65750340935105 0.0332 "amont"
209 "209_fs2" "5" 76 45.7353953003183 -1.24959054328127 13.1407864437533 37.6488667221393 99.2544457780886 0.749024827293936 2.14598540316194 5.65750340935105 0.0415 "amont"
209 "209_fs2" "6" 76 58.0779137503715 -6.07027052849855 13.2505364876211 50.8994032097604 99.2544457780886 0.755280579794403 2.90126598295634 5.65750340935105 0.0498 "amont"
209 "209_fs2" "7" 76 69.6697334556508 -13.3098934110752 13.6668366333116 64.566239843072 99.2544457780886 0.779009688098763 3.68027567105511 5.65750340935105 0.0581 "amont"
209 "209_fs2" "8" 76 78.8581242400839 -22.5934524552014 13.0618143354295 77.6280541785016 99.2544457780886 0.744523417119483 4.42479908817459 5.65750340935105 0.0664 "amont"
209 "209_fs2" "9" 76 87.4718843232381 -31.0538734493012 12.0737560919353 89.7018102704369 99.2544457780886 0.688204097240314 5.1130031854149 5.65750340935105 0.0747 "amont"
209 "209_fs2" "10" 76 94.6605212648843 -39.8481640112347 11.3585231243553 101.060333394792 99.2544457780886 0.647435818088249 5.76043900350315 5.65750340935105 0.083 "amont"
209 "209_fs2" "11" 76 99.5055727408216 -47.7038257281041 9.22962322169057 110.289956616483 99.2544457780886 0.526088523636362 6.28652752713951 5.65750340935105 0.0913 "amont"
209 "209_fs2" "12" 76 103.74443474783 -52.5775279096113 6.45917363665719 116.74913025314 99.2544457780886 0.36817289728946 6.65470042442897 5.65750340935105 0.0996 "amont"
209 "209_fs2" "13" 76 109.48857974275 -57.9351504507788 7.85489153434283 124.604021787483 99.2544457780886 0.447728817457541 7.10242924188652 5.65750340935105 0.1079 "amont"
210 "210_fs1" "1" 76 47.5168251703117 72.3088394335675 0 0 185.60431731343 0 0 10.5794460868655 0.0083 "amont"
210 "210_fs1" "2" 76 36.9937607596361 74.0158925579319 10.6606245108169 10.6606245108169 185.60431731343 0.607655597116562 0.607655597116562 10.5794460868655 0.0166 "amont"
210 "210_fs1" "3" 76 22.6737740638082 65.1921910641173 16.8202178053863 27.4808423162032 185.60431731343 0.958752414907019 1.56640801202358 10.5794460868655 0.0249 "amont"
210 "210_fs1" "4" 76 24.4050133324499 49.2306030848337 16.0552010334875 43.5360433496907 185.60431731343 0.915146458908786 2.48155447093237 10.5794460868655 0.0332 "amont"
210 "210_fs1" "5" 76 44.699687759063 22.9321241830679 33.2187266858446 76.7547700355353 185.60431731343 1.89346742109314 4.37502189202551 10.5794460868655 0.0415 "amont"
210 "210_fs1" "6" 76 46.9344250189423 5.69241588650254 17.383946409586 94.1387164451212 185.60431731343 0.990884945346401 5.36590683737191 10.5794460868655 0.0498 "amont"
210 "210_fs1" "7" 76 45.7435535270574 -12.536059467343 18.2673339224951 112.406050367616 185.60431731343 1.04123803358222 6.40714487095413 10.5794460868655 0.0581 "amont"
210 "210_fs1" "8" 76 43.9313844909217 -35.7859701789247 23.3204267695094 135.726477137126 185.60431731343 1.32926432586204 7.73640919681617 10.5794460868655 0.0664 "amont"
210 "210_fs1" "9" 76 43.0397639325079 -51.7536578275293 15.9925618980696 151.719039035195 185.60431731343 0.911576028189965 8.64798522500613 10.5794460868655 0.0747 "amont"
210 "210_fs1" "10" 76 45.3428885801195 -73.0309916843503 21.4016195461245 173.12065858132 185.60431731343 1.21989231412909 9.86787753913523 10.5794460868655 0.083 "amont"
210 "210_fs1" "11" 76 53.4587282702313 -90.6541261266857 19.4021061085703 192.52276468989 185.60431731343 1.10592004818851 10.9737975873237 10.5794460868655 0.0913 "amont"
210 "210_fs1" "12" 76 64.256667314013 -101.898974240955 15.5898074621277 208.112572152018 185.60431731343 0.888619025341277 11.862416612665 10.5794460868655 0.0996 "amont"
210 "210_fs1" "13" 76 77.2903940161973 -110.891862539879 15.8350898862039 223.947662038222 185.60431731343 0.902600123513621 12.7650167361786 10.5794460868655 0.1079 "amont"
210 "210_fs2" "1" 76 39.8652352808839 -18.8184620767143 0 0 176.669244734431 0 0 10.0701469498625 0.0083 "amont"
210 "210_fs2" "2" 76 38.3590099141656 -17.9535417314241 1.73689437187257 1.73689437187257 176.669244734431 0.0990029791967365 0.0990029791967365 10.0701469498625 0.0166 "amont"
210 "210_fs2" "3" 76 28.7539656153563 -19.8318752673279 9.78698180514247 11.523876177015 176.669244734431 0.557857962893121 0.656860942089858 10.0701469498625 0.0249 "amont"
210 "210_fs2" "4" 76 21.5186304531971 -5.94745976888538 15.6565343752111 27.1804105522262 176.669244734431 0.892422459387035 1.54928340147689 10.0701469498625 0.0332 "amont"
210 "210_fs2" "5" 76 28.4245587366435 4.5708654440229 12.5828061552504 39.7632167074766 176.669244734431 0.717219950849272 2.26650335232616 10.0701469498625 0.0415 "amont"
210 "210_fs2" "6" 76 52.1517104336731 5.57550789556586 23.7484111912628 63.5116278987394 176.669244734431 1.35365943790198 3.62016279022815 10.0701469498625 0.0498 "amont"
210 "210_fs2" "7" 76 76.7085514613436 7.04717165068212 24.6008990784159 88.1125269771553 176.669244734431 1.40225124746971 5.02241403769785 10.0701469498625 0.0581 "amont"
210 "210_fs2" "8" 76 87.6328811238575 14.0912603724749 12.9984677749252 101.110994752081 176.669244734431 0.740912663170737 5.76332670086859 10.0701469498625 0.0664 "amont"
210 "210_fs2" "9" 76 113.793946166912 25.1037975564885 28.384455242548 129.495449994628 176.669244734431 1.61791394882524 7.38124064969382 10.0701469498625 0.0747 "amont"
210 "210_fs2" "10" 76 140.766702196117 28.1527046976836 27.1445280409633 156.639978035592 176.669244734431 1.54723809833491 8.92847874802874 10.0701469498625 0.083 "amont"
210 "210_fs2" "11" 76 166.994246903993 23.6190962135509 26.6164931441209 183.256471179713 176.669244734431 1.51714010921489 10.4456188572436 10.0701469498625 0.0913 "amont"
210 "210_fs2" "12" 76 190.137338299572 20.572057645546 23.3428173830631 206.599288562776 176.669244734431 1.3305405908346 11.7761594480782 10.0701469498625 0.0996 "amont"
210 "210_fs2" "13" 76 212.812248193046 17.2558052033647 22.9161311948033 229.515419757579 176.669244734431 1.30621947810379 13.082378926182 10.0701469498625 0.1079 "amont"
210 "210_fs3" "1" 76 159.171562193348 -2.43580307761601 0 0 114.077997501743 0 0 6.50244585759936 0.0083 "amont"
210 "210_fs3" "2" 76 161.405091915944 -4.68379085197745 3.16892790315563 3.16892790315563 114.077997501743 0.180628890479871 0.180628890479871 6.50244585759936 0.0166 "amont"
210 "210_fs3" "3" 76 170.14679743431 -11.2154018953028 10.9123488851448 14.0812767883004 114.077997501743 0.622003886453251 0.802632776933122 6.50244585759936 0.0249 "amont"
210 "210_fs3" "4" 76 169.579229842713 -23.8950242101259 12.6923187407814 26.7735955290818 114.077997501743 0.723462168224541 1.52609494515766 6.50244585759936 0.0332 "amont"
210 "210_fs3" "5" 76 150.220439213784 -23.757378249468 19.3592799717653 46.1328755008471 114.077997501743 1.10347895839062 2.62957390354829 6.50244585759936 0.0415 "amont"
210 "210_fs3" "6" 76 130.317997247701 -9.41880516917601 24.5296121900077 70.6624876908549 114.077997501743 1.39818789483044 4.02776179837873 6.50244585759936 0.0498 "amont"
210 "210_fs3" "7" 76 116.855513736277 -4.99208496116245 14.1716023827723 84.8340900736272 114.077997501743 0.807781335818023 4.83554313419675 6.50244585759936 0.0581 "amont"
210 "210_fs3" "8" 76 92.2486900850403 -3.60279047736987 24.6460120377671 109.480102111394 114.077997501743 1.40482268615272 6.24036582034947 6.50244585759936 0.0664 "amont"
210 "210_fs3" "9" 76 74.9479286426063 0.371550710216411 17.7513868292975 127.231488940692 114.077997501743 1.01182904926996 7.25219486961943 6.50244585759936 0.0747 "amont"
210 "210_fs3" "10" 76 62.7344857833422 6.87546903468527 13.8372374427799 141.068726383472 114.077997501743 0.788722534238456 8.04091740385789 6.50244585759936 0.083 "amont"
210 "210_fs3" "11" 76 46.1169042471614 12.8099776724292 17.645464258077 158.714190641549 114.077997501743 1.00579146271039 9.04670886656828 6.50244585759936 0.0913 "amont"
211 "211_fs1" "1" 76 89.639620055665 24.3100921214992 0 0 120.658671560495 0 0 6.87754427894823 0.0083 "amont"
211 "211_fs1" "2" 76 92.87522307252 28.3586035500459 5.18262208440422 5.18262208440422 120.658671560495 0.295409458811041 0.295409458811041 6.87754427894823 0.0166 "amont"
211 "211_fs1" "3" 76 101.147718047713 13.1411122426603 17.3206874807252 22.5033095651294 120.658671560495 0.987279186401335 1.28268864521238 6.87754427894823 0.0249 "amont"
211 "211_fs1" "4" 76 97.4738947414554 6.24248581716841 7.81588281924036 30.3191923843697 120.658671560495 0.4455053206967 1.72819396590908 6.87754427894823 0.0332 "amont"
211 "211_fs1" "5" 76 83.8482312109407 2.56613489381891 14.1129112077704 44.4321035921401 120.658671560495 0.804435938842912 2.53262990475199 6.87754427894823 0.0415 "amont"
211 "211_fs1" "6" 76 74.4979876505686 -5.96898998407562 12.6599925481627 57.0920961403028 120.658671560495 0.721619575245271 3.25424947999726 6.87754427894823 0.0498 "amont"
211 "211_fs1" "7" 76 64.8561962906772 -20.9304876864165 17.7991728494565 74.8912689897593 120.658671560495 1.01455285241902 4.26880233241628 6.87754427894823 0.0581 "amont"
211 "211_fs1" "8" 76 55.9169737103612 -36.7433132524098 18.1646677019141 93.0559366916734 120.658671560495 1.03538605900911 5.30418839142538 6.87754427894823 0.0664 "amont"
211 "211_fs1" "9" 76 48.8160980721746 -46.2140903959713 11.8371472294636 104.893083921137 120.658671560495 0.674717392079428 5.97890578350481 6.87754427894823 0.0747 "amont"
211 "211_fs1" "10" 76 40.9276636409363 -59.1597859144493 15.1597635282707 120.052847449408 120.658671560495 0.864106521111431 6.84301230461624 6.87754427894823 0.083 "amont"
211 "211_fs1" "11" 76 34.3628619214209 -70.19999685734 12.8445661382577 132.897413587665 120.658671560495 0.732140269880688 7.57515257449693 6.87754427894823 0.0913 "amont"
211 "211_fs1" "12" 76 28.5319053843351 -79.7301031416335 11.1724205044079 144.069834092073 120.658671560495 0.636827968751251 8.21198054324818 6.87754427894823 0.0996 "amont"
211 "211_fs2" "1" 76 72.4561336341329 2.15854039523686 0 0 174.907286542957 0 0 9.96971533294855 0.0083 "amont"
211 "211_fs2" "2" 76 70.6441121224379 2.06861798503434 1.81425136039691 1.81425136039691 174.907286542957 0.103412327542624 0.103412327542624 9.96971533294855 0.0166 "amont"
211 "211_fs2" "3" 76 66.9522801657952 0.676269418665129 3.94566315419331 5.75991451459022 174.907286542957 0.224902799789019 0.328315127331642 9.96971533294855 0.0249 "amont"
211 "211_fs2" "4" 76 63.1010841079104 -14.3936404634035 15.5542243435646 21.3141388581548 174.907286542957 0.886590787583181 1.21490591491482 9.96971533294855 0.0332 "amont"
211 "211_fs2" "5" 76 74.5567093770462 -21.6195268164122 13.5441789671231 34.8583178252779 174.907286542957 0.772018201126017 1.98692411604084 9.96971533294855 0.0415 "amont"
211 "211_fs2" "6" 76 87.3641158702842 -17.1832001967726 13.5539903703359 48.4123081956138 174.907286542957 0.772577451109145 2.75950156714999 9.96971533294855 0.0498 "amont"
211 "211_fs2" "7" 76 104.968024550075 -12.3424110705276 18.2573503053205 66.6696585009343 174.907286542957 1.04066896740327 3.80017053455325 9.96971533294855 0.0581 "amont"
211 "211_fs2" "8" 76 116.953547465306 -14.444945353394 12.1685418174141 78.8382003183484 174.907286542957 0.693606883592605 4.49377741814586 9.96971533294855 0.0664 "amont"
211 "211_fs2" "9" 76 135.406893029647 -19.6304029393517 19.1680706617215 98.0062709800699 174.907286542957 1.09258002771813 5.58635744586399 9.96971533294855 0.0747 "amont"
211 "211_fs2" "10" 76 152.021835677982 -25.3673015305895 17.5774948344071 115.583765814477 174.907286542957 1.0019172055612 6.58827465142519 9.96971533294855 0.083 "amont"
211 "211_fs2" "11" 76 159.805228329816 -21.4611067388992 8.70859109863655 124.292356913114 174.907286542957 0.496389692622284 7.08466434404747 9.96971533294855 0.0913 "amont"
211 "211_fs2" "12" 76 175.647118772092 -14.8196002248178 17.1777501891738 141.470107102287 174.907286542957 0.979131760782908 8.06379610483038 9.96971533294855 0.0996 "amont"
211 "211_fs2" "13" 76 187.686619979626 -9.77917517631363 13.0520294972008 154.522136599488 174.907286542957 0.743965681340447 8.80776178617083 9.96971533294855 0.1079 "amont"
211 "211_fs2" "14" 76 199.022190580313 -2.83410489994554 13.2939520830659 167.816088682554 174.907286542957 0.757755268734755 9.56551705490558 9.96971533294855 0.1162 "amont"
211 "211_fs2" "15" 76 212.956615633407 5.42627178145921 16.1988278736145 184.014916556169 174.907286542957 0.923333188796025 10.4888502437016 9.96971533294855 0.1245 "amont"
211 "211_fs2" "16" 76 222.935425454715 10.6273919535171 11.2529239086568 195.267840464825 174.907286542957 0.641416662793438 11.130266906495 9.96971533294855 0.1328 "amont"
211 "211_fs2" "17" 76 236.883279862125 18.7560435670266 16.1436557081758 211.411496173001 174.907286542957 0.920188375366021 12.0504552818611 9.96971533294855 0.1411 "amont"
211 "211_fs2" "18" 76 245.708677193593 26.16093685887 11.5204202493603 222.931916422361 174.907286542957 0.656663954213534 12.7071192360746 9.96971533294855 0.1494 "amont"
212 "212_fs1" "1" 76 65.4837632055042 -13.1816517190377 0 0 68.4166016714229 0 0 3.89974629527111 0.0083 "amont"
212 "212_fs1" "2" 76 63.8567902252462 -13.3387961379313 1.63454441569479 1.63454441569479 68.4166016714229 0.0931690316946029 0.0931690316946029 3.89974629527111 0.0166 "amont"
212 "212_fs1" "3" 76 55.9932057365801 -17.6584090832805 8.97190152687926 10.6064459425741 68.4166016714229 0.511398387032118 0.604567418726721 3.89974629527111 0.0249 "amont"
212 "212_fs1" "4" 76 64.0537749549261 -27.6541407585887 12.8408499659682 23.4472959085423 68.4166016714229 0.73192844806019 1.33649586678691 3.89974629527111 0.0332 "amont"
212 "212_fs1" "5" 76 70.859721687018 -23.3197151852084 8.06896250897509 31.5162584175174 68.4166016714229 0.45993086301158 1.79642672979849 3.89974629527111 0.0415 "amont"
212 "212_fs1" "6" 76 81.4773561189287 -11.892315997501 15.5987054951657 47.114963912683 68.4166016714229 0.889126213224443 2.68555294302293 3.89974629527111 0.0498 "amont"
212 "212_fs1" "7" 76 88.4855852106696 -4.56399622925295 10.1399973189355 57.2549612316185 68.4166016714229 0.577979847179322 3.26353279020226 3.89974629527111 0.0581 "amont"
212 "212_fs1" "8" 76 97.3733160699081 3.68674730415466 12.1270989391663 69.3820601707848 68.4166016714229 0.691244639532478 3.95477742973473 3.89974629527111 0.0664 "amont"
212 "212_fs1" "9" 76 105.812868621143 7.21725360604592 9.14825240211207 78.5303125728969 68.4166016714229 0.521450386920388 4.47622781665512 3.89974629527111 0.0747 "amont"
212 "212_fs1" "10" 76 116.407706648126 11.0267232174332 11.2588921097099 89.7892046826068 68.4166016714229 0.641756850253465 5.11798466690859 3.89974629527111 0.083 "amont"
212 "212_fs1" "11" 76 122.576443871393 14.0610747298701 6.87463511982621 96.663839802433 68.4166016714229 0.391854201830094 5.50983886873868 3.89974629527111 0.0913 "amont"
212 "212_fs1" "12" 76 126.54957731171 17.6695675731146 5.36721621833069 102.031056020764 68.4166016714229 0.305931324444849 5.81577019318353 3.89974629527111 0.0996 "amont"
212 "212_fs2" "1" 76 109.488326012948 -16.8217934745518 0 0 77.0338567585319 0 0 4.39092983523632 0.0083 "amont"
212 "212_fs2" "2" 76 109.022452047888 -24.7657181422309 7.95757360487989 7.95757360487989 77.0338567585319 0.453581695478154 0.453581695478154 4.39092983523632 0.0166 "amont"
212 "212_fs2" "3" 76 122.15423161009 -18.3730229450859 14.6051424626351 22.562716067515 77.0338567585319 0.832493120370201 1.28607481584835 4.39092983523632 0.0249 "amont"
212 "212_fs2" "4" 76 122.081396684727 -12.562861579004 5.81061786957836 28.3733339370933 77.0338567585319 0.331205218565966 1.61728003441432 4.39092983523632 0.0332 "amont"
212 "212_fs2" "5" 76 118.640835186102 -1.65358113536064 11.4389625064461 39.8122964435395 77.0338567585319 0.652020862867429 2.26930089728175 4.39092983523632 0.0415 "amont"
212 "212_fs2" "6" 76 110.362405676349 9.61796500896378 13.9849972338783 53.7972936774178 77.0338567585319 0.797144842331064 3.06644573961281 4.39092983523632 0.0498 "amont"
212 "212_fs2" "7" 76 103.681348312791 19.2921356275497 11.7569598388641 65.5542535162819 77.0338567585319 0.670146710815254 3.73659245042807 4.39092983523632 0.0581 "amont"
212 "212_fs2" "8" 76 100.743333644309 33.9286931297665 14.9285212163802 80.4827747326621 77.0338567585319 0.850925709333672 4.58751815976174 4.39092983523632 0.0664 "amont"
212 "212_fs2" "9" 76 100.492667216307 42.4029888203527 8.47800218858282 88.9607769212449 77.0338567585319 0.483246124749221 5.07076428451096 4.39092983523632 0.0747 "amont"
212 "212_fs2" "10" 76 96.3954024534331 59.0912517795988 17.1838790479342 106.144655969179 77.0338567585319 0.979481105732252 6.05024539024321 4.39092983523632 0.083 "amont"
213 "213_fs1" "1" 76 58.711062348485 19.1699107726524 0 0 71.3468380716477 0 0 4.06676977008392 0.0083 "amont"
213 "213_fs1" "2" 76 55.0439130451773 22.4998047259388 4.95340062511438 4.95340062511438 71.3468380716477 0.28234383563152 0.28234383563152 4.06676977008392 0.0166 "amont"
213 "213_fs1" "3" 76 68.0706826695542 26.9814621043193 13.7761380547591 18.7295386798735 71.3468380716477 0.785239869121267 1.06758370475279 4.06676977008392 0.0249 "amont"
213 "213_fs1" "4" 76 74.8787964562741 18.8364995257043 10.615593659328 29.3451323392014 71.3468380716477 0.605088838581694 1.67267254333448 4.06676977008392 0.0332 "amont"
213 "213_fs1" "5" 76 77.5818900031774 8.46750027879807 10.7155429216467 40.0606752608481 71.3468380716477 0.610785946533861 2.28345848986834 4.06676977008392 0.0415 "amont"
213 "213_fs1" "6" 76 80.0098744191358 -3.41843684278615 12.1313894333003 52.1920646941484 71.3468380716477 0.691489197698118 2.97494768756646 4.06676977008392 0.0498 "amont"
213 "213_fs1" "7" 76 84.5477759343313 -13.0439332209467 10.6415567793249 62.8336214734733 71.3468380716477 0.606568736421519 3.58151642398798 4.06676977008392 0.0581 "amont"
213 "213_fs1" "8" 76 91.9094466224678 -20.3374877067658 10.3629210340608 73.1965425075341 71.3468380716477 0.590686498941466 4.17220292292945 4.06676977008392 0.0664 "amont"
213 "213_fs1" "9" 76 97.7492292714381 -23.2565325086344 6.52869695594233 79.7252394634765 71.3468380716477 0.372135726488713 4.54433864941816 4.06676977008392 0.0747 "amont"
213 "213_fs1" "10" 76 101.805500613012 -25.6507156039067 4.71014329826189 84.4353827617383 71.3468380716477 0.268478168000928 4.81281681741909 4.06676977008392 0.083 "amont"
213 "213_fs1" "11" 76 108.669478753446 -25.6703772773677 6.86400630053317 91.2993890622715 71.3468380716477 0.391248359130391 5.20406517654948 4.06676977008392 0.0913 "amont"
213 "213_fs1" "12" 76 112.408728516216 -24.0765563332145 4.06475755616456 95.3641466184361 71.3468380716477 0.23169118070138 5.43575635725086 4.06676977008392 0.0996 "amont"
213 "213_fs1" "13" 76 115.645240152359 -23.8285857198853 3.24599707269798 98.6101436911341 71.3468380716477 0.185021833143785 5.62077819039464 4.06676977008392 0.1079 "amont"
213 "213_fs2" "1" 76 61.1903970232391 16.5939170900041 0 0 65.4152320337767 0 0 3.72866822592527 0.0083 "amont"
213 "213_fs2" "2" 76 64.6071179582455 19.6371410066191 4.57549929017244 4.57549929017244 65.4152320337767 0.260803459539829 0.260803459539829 3.72866822592527 0.0166 "amont"
213 "213_fs2" "3" 76 66.4787579323136 7.25543017439571 12.5223719528421 17.0978712430146 65.4152320337767 0.713775201312002 0.974578660851832 3.72866822592527 0.0249 "amont"
213 "213_fs2" "4" 76 53.926169295802 4.72425620216222 12.805245923261 29.9031171662756 65.4152320337767 0.729899017625877 1.70447767847771 3.72866822592527 0.0332 "amont"
213 "213_fs2" "5" 76 38.0335726102126 5.48882770202533 15.9109773109388 45.8140944772144 65.4152320337767 0.906925706723513 2.61140338520122 3.72866822592527 0.0415 "amont"
213 "213_fs2" "6" 76 28.2221241545498 5.76283937801281 9.8152739746125 55.6293684518269 65.4152320337767 0.559470616552913 3.17087400175413 3.72866822592527 0.0498 "amont"
213 "213_fs2" "7" 76 18.1839936762932 2.43495851560454 10.5753890960516 66.2047575478785 65.4152320337767 0.602797178474942 3.77367118022908 3.72866822592527 0.0581 "amont"
213 "213_fs2" "8" 76 13.0607326570871 -4.97255597030392 9.00661281114384 75.2113703590224 65.4152320337767 0.513376930235199 4.28704811046428 3.72866822592527 0.0664 "amont"
213 "213_fs2" "9" 76 10.3511991187672 -11.8831026848001 7.42275069556524 82.6341210545876 65.4152320337767 0.423096789647219 4.71014490011149 3.72866822592527 0.0747 "amont"
213 "213_fs2" "10" 76 12.6397757466605 -19.1852824773658 7.65241221476564 90.2865332693532 65.4152320337767 0.436187496241641 5.14633239635314 3.72866822592527 0.083 "amont"
213 "213_fs2" "11" 76 14.9079719336503 -24.0905636293124 5.40430357421913 95.6908368435724 65.4152320337767 0.30804530373049 5.45437770008362 3.72866822592527 0.0913 "amont"
213 "213_fs2" "12" 76 17.9121287685094 -29.1423489076554 5.8775413896385 101.568378233211 65.4152320337767 0.335019859209395 5.78939755929302 3.72866822592527 0.0996 "amont"
213 "213_fs2" "13" 76 20.4291759961104 -33.7321091937894 5.23463716318015 106.803015396391 65.4152320337767 0.298374318301268 6.08777187759429 3.72866822592527 0.1079 "amont"
213 "213_fs2" "14" 76 24.2287441850309 -37.3781942407621 5.265990371432 112.069005767823 65.4152320337767 0.300161451171624 6.38793332876591 3.72866822592527 0.1162 "amont"
213 "213_fs3" "1" 76 40.7055540360751 40.2549064847382 0 0 119.04792641865 0 0 6.78573180586304 0.0083 "amont"
213 "213_fs3" "2" 76 41.2541672175403 42.503341836949 2.31439796835995 2.31439796835995 119.04792641865 0.131920684196517 0.131920684196517 6.78573180586304 0.0166 "amont"
213 "213_fs3" "3" 76 47.2672248099735 32.6732334591463 11.5233628915029 13.8377608598628 119.04792641865 0.656831684815663 0.78875236901218 6.78573180586304 0.0249 "amont"
213 "213_fs3" "4" 76 42.6308043470831 28.1101080307422 6.50526774115078 20.3430286010136 119.04792641865 0.370800261245594 1.15955263025777 6.78573180586304 0.0332 "amont"
213 "213_fs3" "5" 76 25.7947392132086 17.1823856988486 20.0715770320877 40.4146056331013 119.04792641865 1.144079890829 2.30363252108677 6.78573180586304 0.0415 "amont"
213 "213_fs3" "6" 76 21.2123725955586 7.19425950918873 10.9891195552293 51.4037251883306 119.04792641865 0.626379814648069 2.93001233573484 6.78573180586304 0.0498 "amont"
213 "213_fs3" "7" 76 19.0172442869655 -8.32657479547993 15.6752953976685 67.079020585999 119.04792641865 0.893491837667103 3.82350417340195 6.78573180586304 0.0581 "amont"
213 "213_fs3" "8" 76 16.1064877615216 -23.8005298204931 15.7453417767461 82.8243623627451 119.04792641865 0.897484481274525 4.72098865467647 6.78573180586304 0.0664 "amont"
213 "213_fs3" "9" 76 13.8940254792995 -35.1068075347558 11.5207163450147 94.3450787077598 119.04792641865 0.656680831665838 5.37766948634231 6.78573180586304 0.0747 "amont"
213 "213_fs3" "10" 76 12.3713260849612 -46.5272536449411 11.5215104392247 105.866589146985 119.04792641865 0.65672609503581 6.03439558137812 6.78573180586304 0.083 "amont"
213 "213_fs3" "11" 76 12.2252927874545 -57.9338307146841 11.4075118308932 117.274100977878 119.04792641865 0.65022817436091 6.68462375573903 6.78573180586304 0.0913 "amont"
213 "213_fs3" "12" 76 12.3950169613253 -67.9216065352858 9.9892177940914 127.263318771969 119.04792641865 0.56938541426321 7.25400917000224 6.78573180586304 0.0996 "amont"
213 "213_fs3" "13" 76 14.452193378712 -75.8621458322005 8.20269096931601 135.466009741285 119.04792641865 0.467553385251013 7.72156255525325 6.78573180586304 0.1079 "amont"
