"poisson" "fs" "frame" "pts" "X" "Y" "angle"
2 "002_fs1" 1 1 104.14201183432 54.0005024425794 -143.355851887701
2 "002_fs1" 1 2 103.328106623629 53.4720882653595 -143.355851887701
2 "002_fs1" 1 3 102.516973217026 52.9403139264006 -143.355851887701
2 "002_fs1" 1 4 101.708713524767 52.4051627952206 -143.355851887701
2 "002_fs1" 1 5 100.903429457111 51.8666182413369 -143.355851887701
2 "002_fs1" 1 6 100.101222924316 51.3246636342673 -143.355851887701
2 "002_fs1" 1 7 99.3021958366382 50.7792823435294 -143.355851887701
2 "002_fs1" 1 8 98.5064501043365 50.230457738641 -143.355851887701
2 "002_fs1" 1 9 97.7140876376685 49.6781731891195 -143.355851887701
2 "002_fs1" 1 10 96.9252103468918 49.1224120644829 -143.355851887701
2 "002_fs1" 1 11 96.1399201422644 48.5631577342486 -143.355851887701
2 "002_fs1" 1 12 95.3583189340438 48.0003935679343 -143.355851887701
2 "002_fs1" 1 13 94.580508632488 47.4341029350578 -143.355851887701
2 "002_fs1" 1 14 93.8065911478546 46.8642692051367 -143.355851887701
2 "002_fs1" 1 15 93.0366683904014 46.2908757476885 -143.355851887701
2 "002_fs1" 1 16 92.2708422703862 45.7139059322311 -143.355851887701
2 "002_fs1" 1 17 91.5092146980668 45.1333431282821 -143.355851887701
2 "002_fs1" 1 18 90.7518875837009 44.549170705359 -143.355851887701
2 "002_fs1" 1 19 89.9989628375463 43.9613720329797 -143.355851887701
2 "002_fs1" 1 20 89.2505423698607 43.3699304806617 -143.355851887701
2 "002_fs1" 1 21 88.506728090902 42.7748294179228 -143.355851887701
2 "002_fs1" 1 22 87.7676219109278 42.1760522142805 -143.355851887701
2 "002_fs1" 1 23 87.033325740196 41.5735822392525 -143.355851887701
2 "002_fs1" 1 24 86.3039414889643 40.9674028623566 -143.355851887701
2 "002_fs1" 1 25 85.5795710674905 40.3574974531103 -143.355851887701
2 "002_fs1" 1 26 84.8603163860324 39.7438493810314 -143.355851887701
2 "002_fs1" 1 27 84.1462793548476 39.1264420156375 -143.355851887701
2 "002_fs1" 1 28 83.437561884194 38.5052587264462 -135.498792326159
2 "002_fs1" 1 29 82.7342658843294 37.8802828829752 -135.498792326159
2 "002_fs1" 1 30 82.0364932655115 37.2514978547422 -135.498792326159
2 "002_fs1" 1 31 81.344301573978 36.6188870112649 -135.498792326159
2 "002_fs1" 1 32 80.6534435194038 35.9824337220609 -135.498792326159
2 "002_fs1" 1 33 79.9612967591401 35.3421213566478 -135.498792326159
2 "002_fs1" 1 34 79.268178987085 34.6979332845434 -135.498792326159
2 "002_fs1" 1 35 78.5744078971363 34.0498528752653 -135.498792326159
2 "002_fs1" 1 36 77.8803011831918 33.3978634983311 -135.498792326159
2 "002_fs1" 1 37 77.1861765391495 32.7419485232586 -135.498792326159
2 "002_fs1" 1 38 76.4923516589072 32.0820913195653 -135.498792326159
2 "002_fs1" 1 39 75.7991442363628 31.418275256769 -135.498792326159
2 "002_fs1" 1 40 75.1068719654142 30.7504837043873 -135.498792326159
2 "002_fs1" 1 41 74.4158525399592 30.0787000319379 -135.498792326159
2 "002_fs1" 1 42 73.7264036538957 29.4029076089384 -135.498792326159
2 "002_fs1" 1 43 73.0388430011217 28.7230898049065 -135.498792326159
2 "002_fs1" 1 44 72.3534882755349 28.0392299893599 -135.498792326159
2 "002_fs1" 1 45 71.6706571710333 27.3513115318162 -135.498792326159
2 "002_fs1" 1 46 70.9906673815147 26.6593178017931 -135.498792326159
2 "002_fs1" 1 47 70.3138366008771 25.9632321688082 -135.498792326159
2 "002_fs1" 1 48 69.6404825230182 25.2630380023793 -135.498792326159
2 "002_fs1" 1 49 68.970922841836 24.558718672024 -135.498792326159
2 "002_fs1" 1 50 68.3054752512283 23.8502575472598 -135.498792326159
2 "002_fs1" 1 51 67.6444574450931 23.1376379976046 -135.498792326159
2 "002_fs1" 1 52 66.9881871173282 22.420843392576 -135.498792326159
2 "002_fs1" 1 53 66.3369819618314 21.6998571016915 -135.498792326159
2 "002_fs1" 1 54 65.6911596725007 20.974662494469 -125.595976206242
2 "002_fs1" 1 55 65.0510379432339 20.2452429404261 -125.595976206242
2 "002_fs1" 1 56 64.4169344679289 19.5115818090803 -125.595976206242
2 "002_fs1" 1 57 63.7891669404836 18.7736624699494 -125.595976206242
2 "002_fs1" 1 58 63.1680530547958 18.0314682925511 -125.595976206242
2 "002_fs1" 1 59 62.5539105047635 17.284982646403 -125.595976206242
2 "002_fs1" 1 60 61.9470569842845 16.5341889010228 -125.595976206242
2 "002_fs1" 1 61 61.3478101872567 15.779070425928 -125.595976206242
2 "002_fs1" 1 62 60.756487807578 15.0196105906365 -125.595976206242
2 "002_fs1" 1 63 60.1734075391462 14.2557927646659 -125.595976206242
2 "002_fs1" 1 64 59.5988870758592 13.4876003175337 -125.595976206242
2 "002_fs1" 1 65 59.0332441116149 12.7150166187578 -125.595976206242
2 "002_fs1" 1 66 58.4767963403112 11.9380250378557 -125.595976206242
2 "002_fs1" 1 67 57.929861455846 11.1566089443451 -125.595976206242
2 "002_fs1" 1 68 57.392757152117 10.3707517077437 -125.595976206242
2 "002_fs1" 1 69 56.8658011230223 9.58043669756907 -125.595976206242
2 "002_fs1" 1 70 56.3493110624597 8.78564728333899 -125.595976206242
2 "002_fs1" 1 71 55.843604664327 7.98636683457104 -125.595976206242
2 "002_fs1" 1 72 55.3489996225221 7.18257872078297 -125.595976206242
2 "002_fs1" 1 73 54.865813630943 6.37426631149236 -125.595976206242
2 "002_fs1" 1 74 54.3943643834875 5.5614129762169 -125.595976206242
2 "002_fs1" 1 75 53.934740712771 4.74400299239031 -125.595976206242
2 "002_fs1" 1 76 53.4845105746031 3.92206543398899 -125.595976206242
2 "002_fs1" 1 77 53.0426960927024 3.09569375185521 -113.405367590044
2 "002_fs1" 1 78 52.6089893021053 2.26498638295456 -113.405367590044
2 "002_fs1" 1 79 52.1830822378479 1.43004176425273 -113.405367590044
2 "002_fs1" 1 80 51.7646669349663 0.590958332715246 -113.405367590044
2 "002_fs1" 1 81 51.3534354284968 -0.25216547469222 -113.405367590044
2 "002_fs1" 1 82 50.9490797534756 -1.09923122100403 -113.405367590044
2 "002_fs1" 1 83 50.5512919449389 -1.95014046925462 -113.405367590044
2 "002_fs1" 1 84 50.159764037923 -2.80479478247833 -113.405367590044
2 "002_fs1" 1 85 49.7741880674639 -3.66309572370955 -113.405367590044
2 "002_fs1" 1 86 49.3942560685979 -4.52494485598265 -113.405367590044
2 "002_fs1" 1 87 49.0196600763613 -5.39024374233205 -113.405367590044
2 "002_fs1" 1 88 48.6500921257902 -6.2588939457921 -113.405367590044
2 "002_fs1" 1 89 48.2852442519207 -7.13079702939717 -113.405367590044
2 "002_fs1" 1 90 47.9248084897893 -8.00585455618165 -113.405367590044
2 "002_fs1" 1 91 47.568476874432 -8.88396808917994 -113.405367590044
2 "002_fs1" 1 92 47.2159414408849 -9.76503919142641 -113.405367590044
2 "002_fs1" 1 93 46.8668942241844 -10.6489694259554 -113.405367590044
2 "002_fs1" 1 94 46.5210272593667 -11.5356603558014 -113.405367590044
2 "002_fs1" 1 95 46.1780325814679 -12.4250135439986 -113.405367590044
2 "002_fs1" 1 96 45.8376022255243 -13.3169305535816 -113.405367590044
2 "002_fs1" 1 97 45.499428226572 -14.2113129475847 -113.405367590044
2 "002_fs1" 1 98 45.1632026196473 -15.1080622890422 -113.405367590044
2 "002_fs1" 1 99 44.8286174397863 -16.0070801409885 -110.298640940002
2 "002_fs1" 1 100 44.4953647220253 -16.9082680664581 -110.298640940002
2 "002_fs1" 1 101 44.1631365014005 -17.8115276284853 -110.298640940002
2 "002_fs1" 1 102 43.831624812948 -18.7167603901044 -110.298640940002
2 "002_fs1" 1 103 43.5005216917041 -19.6238679143499 -110.298640940002
2 "002_fs1" 1 104 43.169519172705 -20.5327517642562 -110.298640940002
2 "002_fs1" 1 105 42.8383092909869 -21.4433135028576 -110.298640940002
2 "002_fs1" 1 106 42.506584081586 -22.3554546931884 -110.298640940002
2 "002_fs1" 1 107 42.1740355795384 -23.2690768982832 -110.298640940002
2 "002_fs1" 1 108 41.8403558198804 -24.1840816811763 -110.298640940002
2 "002_fs1" 1 109 41.5052368376483 -25.1003706049019 -110.298640940002
2 "002_fs1" 1 110 41.1683706678782 -26.0178452324947 -110.298640940002
2 "002_fs1" 1 111 40.8294493456062 -26.9364071269888 -110.298640940002
2 "002_fs1" 1 112 40.4881649058687 -27.8559578514187 -110.298640940002
2 "002_fs1" 1 113 40.1442093837017 -28.7763989688187 -110.298640940002
2 "002_fs1" 1 114 39.7972748141416 -29.6976320422234 -110.298640940002
2 "002_fs1" 1 115 39.4470532322245 -30.6195586346669 -110.298640940002
2 "002_fs1" 1 116 39.0938279041042 -31.5420802370949 -110.298640940002
2 "002_fs1" 1 117 38.743839210182 -32.4650948261758 -110.298640940002
2 "002_fs1" 1 118 38.3986094896673 -33.3884953527341 -110.298640940002
2 "002_fs1" 1 119 38.0578510789138 -34.31217438101 -110.298640940002
2 "002_fs1" 1 120 37.721276314275 -35.2360244752435 -108.931239668074
2 "002_fs1" 1 121 37.3885975321046 -36.1599381996747 -108.931239668074
2 "002_fs1" 1 122 37.0595270687562 -37.0838081185437 -108.931239668074
2 "002_fs1" 1 123 36.7337772605834 -38.0075267960906 -108.931239668074
2 "002_fs1" 1 124 36.4110604439398 -38.9309867965554 -108.931239668074
2 "002_fs1" 1 125 36.091088955179 -39.8540806841783 -108.931239668074
2 "002_fs1" 1 126 35.7735751306547 -40.7767010231993 -108.931239668074
2 "002_fs1" 1 127 35.4582313067205 -41.6987403778585 -108.931239668074
2 "002_fs1" 1 128 35.1447698197299 -42.6200913123961 -108.931239668074
2 "002_fs1" 1 129 34.8329030060366 -43.540646391052 -108.931239668074
2 "002_fs1" 1 130 34.5223432019943 -44.4602981780665 -108.931239668074
2 "002_fs1" 1 131 34.2128027439564 -45.3789392376794 -108.931239668074
2 "002_fs1" 1 132 33.9039939682767 -46.2964621341311 -108.931239668074
2 "002_fs1" 1 133 33.5956292113088 -47.2127594316614 -108.931239668074
2 "002_fs1" 1 134 33.2874208094062 -48.1277236945106 -108.931239668074
2 "002_fs1" 1 135 32.9790810989226 -49.0412474869187 -108.931239668074
2 "002_fs1" 1 136 32.6703224162116 -49.9532233731258 -108.931239668074
2 "002_fs1" 1 137 32.3608570976268 -50.863543917372 -108.931239668074
2 "002_fs1" 1 138 32.0503974795218 -51.7721016838973 -108.931239668074
2 "002_fs1" 1 139 31.7386558982503 -52.6787892369419 -108.931239668074
2 "002_fs1" 1 140 31.4253446901658 -53.5834991407459 -111.146671963306
2 "002_fs1" 1 141 31.110176191622 -54.4861239595492 -111.146671963306
2 "002_fs1" 1 142 30.7928627389725 -55.386556257592 -111.146671963306
2 "002_fs1" 1 143 30.4731166685708 -56.2846885991145 -111.146671963306
2 "002_fs1" 1 144 30.1506503167707 -57.1804135483567 -111.146671963306
2 "002_fs1" 1 145 29.8251760199257 -58.0736236695586 -111.146671963306
2 "002_fs1" 1 146 29.4964061143895 -58.9642115269603 -111.146671963306
2 "002_fs1" 1 147 29.1640529365156 -59.852069684802 -111.146671963306
2 "002_fs1" 1 148 28.8278288226577 -60.7370907073237 -111.146671963306
2 "002_fs1" 1 149 28.4874461091694 -61.6191671587656 -111.146671963306
2 "002_fs1" 1 150 28.1426171324043 -62.4981916033676 -111.146671963306
2 "002_fs1" 1 151 27.793054228716 -63.37405660537 -111.146671963306
2 "002_fs1" 1 152 27.4384697344581 -64.2466547290126 -111.146671963306
2 "002_fs1" 1 153 27.0785759859843 -65.1158785385358 -111.146671963306
2 "002_fs1" 1 154 26.7130853196481 -65.9816205981795 -111.146671963306
2 "002_fs1" 1 155 26.3417100718032 -66.8437734721838 -111.146671963306
2 "002_fs1" 1 156 25.9641625788032 -67.7022297247888 -111.146671963306
2 "002_fs1" 1 157 25.5801551770017 -68.5568819202346 -118.213747505741
2 "002_fs1" 1 158 25.1894002027524 -69.4076226227614 -118.213747505741
2 "002_fs1" 1 159 24.7916099924087 -70.254344396609 -118.213747505741
2 "002_fs1" 1 160 24.3864968823244 -71.0969398060178 -118.213747505741
2 "002_fs1" 1 161 23.9737732088531 -71.9353014152277 -118.213747505741
2 "002_fs1" 1 162 23.5531513083484 -72.7693217884788 -118.213747505741
2 "002_fs1" 1 163 23.1243435171638 -73.5988934900112 -118.213747505741
2 "002_fs1" 1 164 22.6870621716531 -74.423909084065 -118.213747505741
2 "002_fs1" 1 165 22.2410196081697 -75.2442611348803 -118.213747505741
2 "002_fs1" 1 166 21.7857445892852 -76.0598422066972 -118.213747505741
2 "002_fs1" 1 167 21.3176378939569 -76.8705448637557 -118.213747505741
2 "002_fs1" 1 168 20.8356448926631 -77.676261670296 -118.213747505741
2 "002_fs1" 1 169 20.3400864578466 -78.4768851905582 -118.213747505741
2 "002_fs1" 1 170 19.8312834619505 -79.2723079887822 -118.213747505741
2 "002_fs1" 1 171 19.3095567774176 -80.0624226292083 -126.946931207281
2 "002_fs1" 1 172 18.7752272766909 -80.8471216760764 -126.946931207281
2 "002_fs1" 1 173 18.2286158322134 -81.6262976936267 -126.946931207281
2 "002_fs1" 1 174 17.670043316428 -82.3998432460993 -126.946931207281
2 "002_fs1" 1 175 17.0998306017776 -83.1676508977341 -126.946931207281
2 "002_fs1" 1 176 16.5182985607051 -83.9296132127715 -126.946931207281
2 "002_fs1" 1 177 15.9257680656536 -84.6856227554514 -126.946931207281
2 "002_fs1" 1 178 15.322559989066 -85.4355720900138 -126.946931207281
2 "002_fs1" 1 179 14.7089952033851 -86.179353780699 -126.946931207281
2 "002_fs1" 1 180 14.0853945810539 -86.916860391747 -132.221167550544
2 "002_fs1" 1 181 13.4520789945154 -87.6479844873977 -132.221167550544
2 "002_fs1" 1 182 12.8093693162125 -88.3726186318915 -132.221167550544
2 "002_fs1" 1 183 12.1575864185881 -89.0906553894683 -132.221167550544
2 "002_fs1" 1 184 11.4970511740852 -89.8019873243681 -132.221167550544
2 "002_fs1" 1 185 10.8280844551468 -90.5065070008312 -132.221167550544
2 "002_fs1" 1 186 10.1510071342157 -91.2041069830977 -135.665848379701
2 "002_fs1" 1 187 9.46614008373493 -91.8946798354074 -135.665848379701
2 "002_fs1" 1 188 8.77380417614742 -92.5781181220006 -135.665848379701
2 "002_fs1" 1 189 8.07432028389604 -93.2543144071174 -135.665848379701
2 "002_fs1" 1 190 7.36800927942383 -93.9231612549979 -135.665848379701
2 "002_fs1" 1 191 6.65519203517366 -94.584551229882 -139.925036822651
2 "002_fs1" 1 192 5.93618942358847 -95.23837689601 -139.925036822651
2 "002_fs1" 1 193 5.21132231711127 -95.8845308176218 -139.925036822651
2 "002_fs1" 1 194 4.48091158818494 -96.5229055589577 -139.925036822651
2 "002_fs1" 1 195 3.74527810925241 -97.1533936842576 -139.925036822651
2 "002_fs1" 1 196 3.00474275275664 -97.7758877577616 -139.925036822651
2 "002_fs1" 1 197 2.25962639114059 -98.3902803437099 -139.925036822651
2 "002_fs1" 1 198 1.51024989684717 -98.9964640063424 -139.925036822651
2 "002_fs1" 1 199 0.756934142319324 -99.5943313098995 -139.925036822651
2 "002_fs1" 1 200 0 -100.183774818621 -139.925036822651
2 "002_fs1" 2 1 104.480135249366 41.016563304794 -164.009078482479
2 "002_fs1" 2 2 103.521071022189 40.9030868772927 -164.009078482479
2 "002_fs1" 2 3 102.567784728125 40.7779032458305 -164.009078482479
2 "002_fs1" 2 4 101.620298694645 40.6410755213513 -164.009078482479
2 "002_fs1" 2 5 100.678635249223 40.4926668147983 -164.009078482479
2 "002_fs1" 2 6 99.742816719329 40.3327402371152 -164.009078482479
2 "002_fs1" 2 7 98.8128654324358 40.1613588992455 -164.009078482479
2 "002_fs1" 2 8 97.8888037160155 39.9785859121327 -164.009078482479
2 "002_fs1" 2 9 96.9706538975398 39.7844843867204 -164.009078482479
2 "002_fs1" 2 10 96.0584383044809 39.5791174339522 -164.009078482479
2 "002_fs1" 2 11 95.1521792643108 39.3625481647715 -164.009078482479
2 "002_fs1" 2 12 94.2518991045014 39.1348396901219 -164.009078482479
2 "002_fs1" 2 13 93.3576201525248 38.8960551209469 -164.009078482479
2 "002_fs1" 2 14 92.4693647358528 38.6462575681901 -164.009078482479
2 "002_fs1" 2 15 91.5871551819577 38.385510142795 -164.009078482479
2 "002_fs1" 2 16 90.7110138183112 38.1138759557052 -164.009078482479
2 "002_fs1" 2 17 89.8409629723855 37.8314181178641 -164.009078482479
2 "002_fs1" 2 18 88.9770249716526 37.5381997402154 -164.009078482479
2 "002_fs1" 2 19 88.1192221435843 37.2342839337026 -164.009078482479
2 "002_fs1" 2 20 87.2675768156528 36.9197338092691 -164.009078482479
2 "002_fs1" 2 21 86.42211131533 36.5946124778586 -164.009078482479
2 "002_fs1" 2 22 85.582847970088 36.2589830504146 -164.009078482479
2 "002_fs1" 2 23 84.7498091073986 35.9129086378805 -164.009078482479
2 "002_fs1" 2 24 83.923017054734 35.5564523512001 -164.009078482479
2 "002_fs1" 2 25 83.1024941395661 35.1896773013167 -164.009078482479
2 "002_fs1" 2 26 82.288262689367 34.812646599174 -164.009078482479
2 "002_fs1" 2 27 81.4803450316085 34.4254233557155 -164.009078482479
2 "002_fs1" 2 28 80.6787634937628 34.0280706818846 -144.699132859269
2 "002_fs1" 2 29 79.8835404033018 33.620651688625 -144.699132859269
2 "002_fs1" 2 30 79.0946980876975 33.2032294868802 -144.699132859269
2 "002_fs1" 2 31 78.3122588744219 32.7758671875937 -144.699132859269
2 "002_fs1" 2 32 77.536245090947 32.3386279017091 -144.699132859269
2 "002_fs1" 2 33 76.7666790647449 31.8915747401699 -144.699132859269
2 "002_fs1" 2 34 76.0035831232874 31.4347708139196 -144.699132859269
2 "002_fs1" 2 35 75.2469795940467 30.9682792339018 -144.699132859269
2 "002_fs1" 2 36 74.4968908044946 30.49216311106 -144.699132859269
2 "002_fs1" 2 37 73.7533390821033 30.0064855563378 -144.699132859269
2 "002_fs1" 2 38 73.0163467543447 29.5113096806787 -144.699132859269
2 "002_fs1" 2 39 72.2836891669094 29.0066985950262 -144.699132859269
2 "002_fs1" 2 40 71.5502329111851 28.4927154103239 -144.699132859269
2 "002_fs1" 2 41 70.8164667689931 27.9694232375152 -144.699132859269
2 "002_fs1" 2 42 70.0831418097567 27.4368851875439 -144.699132859269
2 "002_fs1" 2 43 69.3510091028992 26.8951643713533 -144.699132859269
2 "002_fs1" 2 44 68.6208197178441 26.344323899887 -144.699132859269
2 "002_fs1" 2 45 67.8933247240145 25.7844268840886 -144.699132859269
2 "002_fs1" 2 46 67.1692751908338 25.2155364349016 -144.699132859269
2 "002_fs1" 2 47 66.4494221877254 24.6377156632696 -144.699132859269
2 "002_fs1" 2 48 65.7345167841125 24.051027680136 -144.699132859269
2 "002_fs1" 2 49 65.0253100494186 23.4555355964445 -144.699132859269
2 "002_fs1" 2 50 64.3225530530667 22.8513025231385 -144.699132859269
2 "002_fs1" 2 51 63.6269968644804 22.2383915711615 -144.699132859269
2 "002_fs1" 2 52 62.939392553083 21.6168658514573 -144.699132859269
2 "002_fs1" 2 53 62.2604911882976 20.9867884749692 -144.699132859269
2 "002_fs1" 2 54 61.5910438395478 20.3482225526408 -125.410883339957
2 "002_fs1" 2 55 60.9318015762567 19.7012311954156 -125.410883339957
2 "002_fs1" 2 56 60.2835154678478 19.0458775142372 -125.410883339957
2 "002_fs1" 2 57 59.6469365837443 18.3822246200492 -125.410883339957
2 "002_fs1" 2 58 59.0228159933695 17.710335623795 -125.410883339957
2 "002_fs1" 2 59 58.4119047661468 17.0302736364183 -125.410883339957
2 "002_fs1" 2 60 57.8149539714995 16.3421017688624 -125.410883339957
2 "002_fs1" 2 61 57.2327146788509 15.645883132071 -125.410883339957
2 "002_fs1" 2 62 56.6659379576244 14.9416808369877 -125.410883339957
2 "002_fs1" 2 63 56.1153748772431 14.2295579945559 -125.410883339957
2 "002_fs1" 2 64 55.5817765071306 13.5095777157192 -125.410883339957
2 "002_fs1" 2 65 55.06589391671 12.7818031114212 -125.410883339957
2 "002_fs1" 2 66 54.5684781754048 12.0462972926053 -125.410883339957
2 "002_fs1" 2 67 54.0902803526382 11.3031233702151 -125.410883339957
2 "002_fs1" 2 68 53.6296191417549 10.552349800096 -125.410883339957
2 "002_fs1" 2 69 53.176327601849 9.79413054805488 -125.410883339957
2 "002_fs1" 2 70 52.7292318538966 9.02868835623326 -125.410883339957
2 "002_fs1" 2 71 52.2883788608646 8.25624791511603 -125.410883339957
2 "002_fs1" 2 72 51.85381558572 7.47703391518812 -125.410883339957
2 "002_fs1" 2 73 51.4255889914297 6.69127104693436 -125.410883339957
2 "002_fs1" 2 74 51.0037460409609 5.89918400083963 -125.410883339957
2 "002_fs1" 2 75 50.5883336972804 5.10099746738882 -125.410883339957
2 "002_fs1" 2 76 50.1793989233552 4.29693613706678 -125.410883339957
2 "002_fs1" 2 77 49.7769886821523 3.48722470035844 -110.957653389192
2 "002_fs1" 2 78 49.3811499366387 2.6720878477486 -110.957653389192
2 "002_fs1" 2 79 48.9919296497813 1.85175026972217 -110.957653389192
2 "002_fs1" 2 80 48.6093747845472 1.02643665676405 -110.957653389192
2 "002_fs1" 2 81 48.2335323039033 0.196371699359048 -110.957653389192
2 "002_fs1" 2 82 47.8644491708166 -0.638219912007884 -110.957653389192
2 "002_fs1" 2 83 47.502172348254 -1.47711348685192 -110.957653389192
2 "002_fs1" 2 84 47.1467487991826 -2.32008433468818 -110.957653389192
2 "002_fs1" 2 85 46.7982254865694 -3.16690776503177 -110.957653389192
2 "002_fs1" 2 86 46.4566493733812 -4.01735908739784 -110.957653389192
2 "002_fs1" 2 87 46.122067422585 -4.8712136113015 -110.957653389192
2 "002_fs1" 2 88 45.794526597148 -5.72824664625787 -110.957653389192
2 "002_fs1" 2 89 45.474073860037 -6.58823350178213 -110.957653389192
2 "002_fs1" 2 90 45.160756174219 -7.45094948738929 -110.957653389192
2 "002_fs1" 2 91 44.854620502661 -8.3161699125946 -110.957653389192
2 "002_fs1" 2 92 44.55571380833 -9.18367008691311 -110.957653389192
2 "002_fs1" 2 93 44.2640830541929 -10.05322531986 -110.957653389192
2 "002_fs1" 2 94 43.9797752032167 -10.9246109209503 -110.957653389192
2 "002_fs1" 2 95 43.7028372183685 -11.7976021996992 -110.957653389192
2 "002_fs1" 2 96 43.4333160626151 -12.6719744656219 -110.957653389192
2 "002_fs1" 2 97 43.1712586989236 -13.5475030282334 -110.957653389192
2 "002_fs1" 2 98 42.9167120902609 -14.4239631970488 -110.957653389192
2 "002_fs1" 2 99 42.669723199594 -15.3011302815834 -102.334266494689
2 "002_fs1" 2 100 42.4302497682266 -16.1787832129556 -102.334266494689
2 "002_fs1" 2 101 42.1975470265463 -17.0568104300131 -102.334266494689
2 "002_fs1" 2 102 41.9711997155019 -17.9352267864256 -102.334266494689
2 "002_fs1" 2 103 41.7509138431068 -18.8140541607492 -102.334266494689
2 "002_fs1" 2 104 41.5363954173748 -19.6933144315404 -102.334266494689
2 "002_fs1" 2 105 41.3273504463195 -20.5730294773554 -102.334266494689
2 "002_fs1" 2 106 41.1234849379543 -21.4532211767506 -102.334266494689
2 "002_fs1" 2 107 40.924504900293 -22.3339114082823 -102.334266494689
2 "002_fs1" 2 108 40.7301163413492 -23.2151220505069 -102.334266494689
2 "002_fs1" 2 109 40.5400252691364 -24.0968749819808 -102.334266494689
2 "002_fs1" 2 110 40.3539376916682 -24.9791920812603 -102.334266494689
2 "002_fs1" 2 111 40.1715596169584 -25.8620952269016 -102.334266494689
2 "002_fs1" 2 112 39.9925970530204 -26.7456062974613 -102.334266494689
2 "002_fs1" 2 113 39.8167560078678 -27.6297471714955 -102.334266494689
2 "002_fs1" 2 114 39.6437424895144 -28.5145397275607 -102.334266494689
2 "002_fs1" 2 115 39.4732625059737 -29.4000058442132 -102.334266494689
2 "002_fs1" 2 116 39.3050220652592 -30.2861674000092 -102.334266494689
2 "002_fs1" 2 117 39.1387271753846 -31.1730462735053 -102.334266494689
2 "002_fs1" 2 118 38.9740838443635 -32.0606643432577 -102.334266494689
2 "002_fs1" 2 119 38.8107980802096 -32.9490434878228 -102.334266494689
2 "002_fs1" 2 120 38.6485758909364 -33.8382055857568 -99.9538853094156
2 "002_fs1" 2 121 38.4871232845575 -34.7281725156162 -99.9538853094156
2 "002_fs1" 2 122 38.3261462690865 -35.6189661559573 -99.9538853094156
2 "002_fs1" 2 123 38.165350852537 -36.5106083853364 -99.9538853094156
2 "002_fs1" 2 124 38.0044430429227 -37.4031210823099 -99.9538853094156
2 "002_fs1" 2 125 37.8431288482572 -38.2965261254342 -99.9538853094156
2 "002_fs1" 2 126 37.6811142765539 -39.1908453932654 -99.9538853094156
2 "002_fs1" 2 127 37.5181053358267 -40.0861007643601 -99.9538853094156
2 "002_fs1" 2 128 37.353808034089 -40.9823141172745 -99.9538853094156
2 "002_fs1" 2 129 37.1879283793544 -41.879507330565 -99.9538853094156
2 "002_fs1" 2 130 37.0201723796367 -42.7777022827879 -99.9538853094156
2 "002_fs1" 2 131 36.850250723505 -43.6769208513815 -99.9538853094156
2 "002_fs1" 2 132 36.683124215337 -44.5771415167365 -99.9538853094156
2 "002_fs1" 2 133 36.5227865024358 -45.4781843022623 -99.9538853094156
2 "002_fs1" 2 134 36.3683943393674 -46.3798330754225 -99.9538853094156
2 "002_fs1" 2 135 36.2191044806974 -47.2818717036807 -99.9538853094156
2 "002_fs1" 2 136 36.0740736809917 -48.1840840545005 -99.9538853094156
2 "002_fs1" 2 137 35.9324586948159 -49.0862539953457 -99.9538853094156
2 "002_fs1" 2 138 35.7934162767358 -49.9881653936797 -99.9538853094156
2 "002_fs1" 2 139 35.6561031813171 -50.8896021169661 -99.9538853094156
2 "002_fs1" 2 140 35.5196761631257 -51.7903480326687 -101.006241387143
2 "002_fs1" 2 141 35.3832919767272 -52.6901870082509 -101.006241387143
2 "002_fs1" 2 142 35.2461073766874 -53.5889029111765 -101.006241387143
2 "002_fs1" 2 143 35.1072791175721 -54.486279608909 -101.006241387143
2 "002_fs1" 2 144 34.965963953947 -55.3821009689121 -101.006241387143
2 "002_fs1" 2 145 34.8213186403778 -56.2761508586493 -101.006241387143
2 "002_fs1" 2 146 34.6724999314303 -57.1682131455843 -101.006241387143
2 "002_fs1" 2 147 34.5186645816703 -58.0580716971807 -101.006241387143
2 "002_fs1" 2 148 34.3589693456635 -58.945510380902 -101.006241387143
2 "002_fs1" 2 149 34.1925709779757 -59.830313064212 -101.006241387143
2 "002_fs1" 2 150 34.0186262331725 -60.7122636145742 -101.006241387143
2 "002_fs1" 2 151 33.8362918658198 -61.5911458994522 -101.006241387143
2 "002_fs1" 2 152 33.6447246304834 -62.4667437863096 -101.006241387143
2 "002_fs1" 2 153 33.4430812817288 -63.3388411426102 -101.006241387143
2 "002_fs1" 2 154 33.230518574122 -64.2072218358173 -101.006241387143
2 "002_fs1" 2 155 33.0061932622286 -65.0716697333948 -101.006241387143
2 "002_fs1" 2 156 32.7692248407334 -65.9319687028062 -101.006241387143
2 "002_fs1" 2 157 32.5157735177958 -66.787902611515 -114.719217306843
2 "002_fs1" 2 158 32.2438536865218 -67.639255326985 -114.719217306843
2 "002_fs1" 2 159 31.9536884240765 -68.4858107166798 -114.719217306843
2 "002_fs1" 2 160 31.6455008076244 -69.3273526480628 -114.719217306843
2 "002_fs1" 2 161 31.3195139143304 -70.1636649885978 -114.719217306843
2 "002_fs1" 2 162 30.9759508213594 -70.9945316057484 -114.719217306843
2 "002_fs1" 2 163 30.6150346058761 -71.8197363669782 -114.719217306843
2 "002_fs1" 2 164 30.2369883450453 -72.6390631397507 -114.719217306843
2 "002_fs1" 2 165 29.8420351160319 -73.4522957915297 -114.719217306843
2 "002_fs1" 2 166 29.4303979960005 -74.2592181897787 -114.719217306843
2 "002_fs1" 2 167 29.0023000621161 -75.0596142019614 -114.719217306843
2 "002_fs1" 2 168 28.5579643915434 -75.8532676955412 -114.719217306843
2 "002_fs1" 2 169 28.0976140614473 -76.639962537982 -114.719217306843
2 "002_fs1" 2 170 27.6214721489924 -77.4194825967472 -114.719217306843
2 "002_fs1" 2 171 27.1297617313437 -78.1916117393004 -127.202493778674
2 "002_fs1" 2 172 26.622705885666 -78.9561338331054 -127.202493778674
2 "002_fs1" 2 173 26.1005276891239 -79.7128327456257 -127.202493778674
2 "002_fs1" 2 174 25.5634502188824 -80.461492344325 -127.202493778674
2 "002_fs1" 2 175 25.0116965521062 -81.2018964966667 -127.202493778674
2 "002_fs1" 2 176 24.4454897659602 -81.9338290701146 -127.202493778674
2 "002_fs1" 2 177 23.865052937609 -82.6570739321322 -127.202493778674
2 "002_fs1" 2 178 23.2706091442176 -83.3714149501833 -127.202493778674
2 "002_fs1" 2 179 22.6623814629508 -84.0766359917313 -127.202493778674
2 "002_fs1" 2 180 22.0405929709733 -84.7725209242398 -134.764550145699
2 "002_fs1" 2 181 21.4054667454499 -85.4588536151727 -134.764550145699
2 "002_fs1" 2 182 20.7572258635454 -86.1354179319933 -134.764550145699
2 "002_fs1" 2 183 20.0960934024247 -86.8019977421654 -134.764550145699
2 "002_fs1" 2 184 19.4222924392525 -87.4583769131524 -134.764550145699
2 "002_fs1" 2 185 18.7360460511937 -88.1043393124182 -134.764550145699
2 "002_fs1" 2 186 18.037577315413 -88.7396688074263 -140.144501919907
2 "002_fs1" 2 187 17.3271093090752 -89.3641492656402 -140.144501919907
2 "002_fs1" 2 188 16.6048651093452 -89.9775645545236 -140.144501919907
2 "002_fs1" 2 189 15.8710677933878 -90.5796985415401 -140.144501919907
2 "002_fs1" 2 190 15.1259404383676 -91.1703350941534 -140.144501919907
2 "002_fs1" 2 191 14.3697061214496 -91.7492580798269 -147.40703860756
2 "002_fs1" 2 192 13.6025879197986 -92.3162513660245 -147.40703860756
2 "002_fs1" 2 193 12.8248089105793 -92.8710988202096 -147.40703860756
2 "002_fs1" 2 194 12.0365921709565 -93.4135843098458 -147.40703860756
2 "002_fs1" 2 195 11.2381607780951 -93.9434917023969 -147.40703860756
2 "002_fs1" 2 196 10.4297378091598 -94.4606048653264 -147.40703860756
2 "002_fs1" 2 197 9.61154634131549 -94.9647076660978 -147.40703860756
2 "002_fs1" 2 198 8.78380945172694 -95.4555839721749 -147.40703860756
2 "002_fs1" 2 199 7.94675021755893 -95.9330176510212 -147.40703860756
2 "002_fs1" 2 200 7.10059171597624 -96.3967925701004 -147.40703860756
2 "002_fs1" 3 1 120.710059171598 7.20422180014478 142.12912702936
2 "002_fs1" 3 2 120.014501918541 7.92216795988523 142.12912702936
2 "002_fs1" 3 3 119.312390635743 8.63326098934053 142.12912702936
2 "002_fs1" 3 4 118.603776107879 9.33718476674383 142.12912702936
2 "002_fs1" 3 5 117.888709119627 10.0336231703282 142.12912702936
2 "002_fs1" 3 6 117.167240455665 10.7222600783266 142.12912702936
2 "002_fs1" 3 7 116.439420900667 11.4027793689723 142.12912702936
2 "002_fs1" 3 8 115.705301239312 12.0748649204983 142.12912702936
2 "002_fs1" 3 9 114.964932256277 12.7382006111376 142.12912702936
2 "002_fs1" 3 10 114.218364736238 13.3924703191235 142.12912702936
2 "002_fs1" 3 11 113.465649463873 14.0373579226889 142.12912702936
2 "002_fs1" 3 12 112.706837223857 14.6725473000669 142.12912702936
2 "002_fs1" 3 13 111.941978800869 15.2977223294907 142.12912702936
2 "002_fs1" 3 14 111.171124979585 15.9125668891932 142.12912702936
2 "002_fs1" 3 15 110.394326544682 16.5167648574077 142.12912702936
2 "002_fs1" 3 16 109.611634280836 17.1100001123672 142.12912702936
2 "002_fs1" 3 17 108.823098972726 17.6919565323047 142.12912702936
2 "002_fs1" 3 18 108.028771405027 18.2623179954533 142.12912702936
2 "002_fs1" 3 19 107.228702362416 18.8207683800463 142.12912702936
2 "002_fs1" 3 20 106.422942629571 19.3669915643165 142.12912702936
2 "002_fs1" 3 21 105.611542991169 19.9006714264971 142.12912702936
2 "002_fs1" 3 22 104.794554231886 20.4214918448212 142.12912702936
2 "002_fs1" 3 23 103.972027136399 20.929136697522 142.12912702936
2 "002_fs1" 3 24 103.144012489385 21.4232898628323 142.12912702936
2 "002_fs1" 3 25 102.310561075521 21.9036352189854 142.12912702936
2 "002_fs1" 3 26 101.471723679484 22.3698566442143 142.12912702936
2 "002_fs1" 3 27 100.627551085951 22.8216380167522 142.12912702936
2 "002_fs1" 3 28 99.778094079599 23.258663214832 167.912916521944
2 "002_fs1" 3 29 98.9234034451046 23.6806161166869 167.912916521944
2 "002_fs1" 3 30 98.0635299671447 24.0871806005501 167.912916521944
2 "002_fs1" 3 31 97.1958474547276 24.4780405446544 167.912916521944
2 "002_fs1" 3 32 96.309903979577 24.8528798272331 167.912916521944
2 "002_fs1" 3 33 95.4057521169019 25.2113823265192 167.912916521944
2 "002_fs1" 3 34 94.4846725410362 25.5532319207458 167.912916521944
2 "002_fs1" 3 35 93.5479459263135 25.878112488146 167.912916521944
2 "002_fs1" 3 36 92.5968529470677 26.1857079069529 167.912916521944
2 "002_fs1" 3 37 91.6326742776326 26.4757020553996 167.912916521944
2 "002_fs1" 3 38 90.6566905923419 26.7477788117191 167.912916521944
2 "002_fs1" 3 39 89.6701825655295 27.0016220541445 167.912916521944
2 "002_fs1" 3 40 88.6744308715291 27.236915660909 167.912916521944
2 "002_fs1" 3 41 87.6707161846745 27.4533435102456 167.912916521944
2 "002_fs1" 3 42 86.6603191792995 27.6505894803873 167.912916521944
2 "002_fs1" 3 43 85.6445205297379 27.8283374495673 167.912916521944
2 "002_fs1" 3 44 84.6246009103235 27.9862712960187 167.912916521944
2 "002_fs1" 3 45 83.60184099539 28.1240748979745 167.912916521944
2 "002_fs1" 3 46 82.5775214592713 28.2414321336679 167.912916521944
2 "002_fs1" 3 47 81.5529229763011 28.3380268813318 167.912916521944
2 "002_fs1" 3 48 80.5293262208133 28.4135430191995 167.912916521944
2 "002_fs1" 3 49 79.5080118671416 28.4676644255039 167.912916521944
2 "002_fs1" 3 50 78.4902605896197 28.5000749784782 167.912916521944
2 "002_fs1" 3 51 77.4773530625815 28.5104585563554 167.912916521944
2 "002_fs1" 3 52 76.4705699603608 28.4984990373687 167.912916521944
2 "002_fs1" 3 53 75.4711919572914 28.4638802997511 167.912916521944
2 "002_fs1" 3 54 74.480499727707 28.4062862217358 -159.500504951051
2 "002_fs1" 3 55 73.4997739459414 28.3254006815557 -159.500504951051
2 "002_fs1" 3 56 72.5302952863284 28.220907557444 -159.500504951051
2 "002_fs1" 3 57 71.5733444232019 28.0924907276337 -159.500504951051
2 "002_fs1" 3 58 70.6302020308955 27.939834070358 -159.500504951051
2 "002_fs1" 3 59 69.7021487837431 27.7626214638499 -159.500504951051
2 "002_fs1" 3 60 68.7904653560784 27.5605367863425 -159.500504951051
2 "002_fs1" 3 61 67.8964324222354 27.3332639160689 -159.500504951051
2 "002_fs1" 3 62 67.0213306565476 27.0804867312623 -159.500504951051
2 "002_fs1" 3 63 66.1621896674143 26.8019085491334 -159.500504951051
2 "002_fs1" 3 64 65.2970343747487 26.4976363072091 -159.500504951051
2 "002_fs1" 3 65 64.4238559777354 26.1681577926784 -159.500504951051
2 "002_fs1" 3 66 63.5442135464176 25.8139756727626 -159.500504951051
2 "002_fs1" 3 67 62.6596661508387 25.4355926146833 -159.500504951051
2 "002_fs1" 3 68 61.7717728610419 25.0335112856617 -159.500504951051
2 "002_fs1" 3 69 60.8820927470705 24.6082343529194 -159.500504951051
2 "002_fs1" 3 70 59.9921848789678 24.1602644836777 -159.500504951051
2 "002_fs1" 3 71 59.1036083267772 23.6901043451581 -159.500504951051
2 "002_fs1" 3 72 58.2179221605418 23.198256604582 -159.500504951051
2 "002_fs1" 3 73 57.336685450305 22.6852239291708 -159.500504951051
2 "002_fs1" 3 74 56.4614572661101 22.151508986146 -159.500504951051
2 "002_fs1" 3 75 55.5937966780004 21.597614442729 -159.500504951051
2 "002_fs1" 3 76 54.7352627560191 21.0240429661411 -159.500504951051
2 "002_fs1" 3 77 53.8874145702096 20.4312972236039 -129.080331257388
2 "002_fs1" 3 78 53.0518111906152 19.8198798823387 -129.080331257388
2 "002_fs1" 3 79 52.2300116872791 19.1902936095669 -129.080331257388
2 "002_fs1" 3 80 51.4235751302446 18.5430410725101 -129.080331257388
2 "002_fs1" 3 81 50.634060589555 17.8786249383895 -129.080331257388
2 "002_fs1" 3 82 49.8630271352537 17.1975478744267 -129.080331257388
2 "002_fs1" 3 83 49.1120338373838 16.5003125478431 -129.080331257388
2 "002_fs1" 3 84 48.3826397659888 15.78742162586 -129.080331257388
2 "002_fs1" 3 85 47.6764039911118 15.0593777756989 -129.080331257388
2 "002_fs1" 3 86 46.9948855827963 14.3166836645813 -129.080331257388
2 "002_fs1" 3 87 46.3396436110854 13.5598419597285 -129.080331257388
2 "002_fs1" 3 88 45.7122371460225 12.7893553283619 -129.080331257388
2 "002_fs1" 3 89 45.1142252576508 12.0057264377031 -129.080331257388
2 "002_fs1" 3 90 44.5471670160137 11.2094579549734 -129.080331257388
2 "002_fs1" 3 91 44.0126214911544 10.4010525473942 -129.080331257388
2 "002_fs1" 3 92 43.5121477531162 9.58101288218697 -129.080331257388
2 "002_fs1" 3 93 43.0473048719425 8.7498416265731 -129.080331257388
2 "002_fs1" 3 94 42.6155675239363 7.90804091425926 -129.080331257388
2 "002_fs1" 3 95 42.187910959777 7.05609697558444 -129.080331257388
2 "002_fs1" 3 96 41.7593210957682 6.19447781189845 -129.080331257388
2 "002_fs1" 3 97 41.3309793858027 5.32365042319427 -129.080331257388
2 "002_fs1" 3 98 40.9040672837731 4.44408180946479 -129.080331257388
2 "002_fs1" 3 99 40.479766243572 3.55623897070308 -108.0491346674
2 "002_fs1" 3 100 40.0592577190922 2.66058890690206 -108.0491346674
2 "002_fs1" 3 101 39.6437231642264 1.75759861805469 -108.0491346674
2 "002_fs1" 3 102 39.2343440328672 0.847735104153941 -108.0491346674
2 "002_fs1" 3 103 38.8323017789073 -0.0685346348072073 -108.0491346674
2 "002_fs1" 3 104 38.4387778562393 -0.990743598835792 -108.0491346674
2 "002_fs1" 3 105 38.054953718756 -1.91842478793885 -108.0491346674
2 "002_fs1" 3 106 37.6820108203501 -2.85111120212341 -108.0491346674
2 "002_fs1" 3 107 37.3211306149142 -3.78833584139647 -108.0491346674
2 "002_fs1" 3 108 36.9734945563409 -4.72963170576514 -108.0491346674
2 "002_fs1" 3 109 36.6402840985231 -5.67453179523642 -108.0491346674
2 "002_fs1" 3 110 36.3226806953533 -6.62256910981731 -108.0491346674
2 "002_fs1" 3 111 36.0218658007242 -7.57327664951484 -108.0491346674
2 "002_fs1" 3 112 35.7390208685286 -8.52618741433608 -108.0491346674
2 "002_fs1" 3 113 35.4753273526591 -9.48083440428806 -108.0491346674
2 "002_fs1" 3 114 35.2319667070083 -10.4367506193778 -108.0491346674
2 "002_fs1" 3 115 35.010120385469 -11.3934690596124 -108.0491346674
2 "002_fs1" 3 116 34.8109698419338 -12.3505227249987 -108.0491346674
2 "002_fs1" 3 117 34.6356965302954 -13.3074446155439 -108.0491346674
2 "002_fs1" 3 118 34.4854819044466 -14.263767731255 -108.0491346674
2 "002_fs1" 3 119 34.3615074182799 -15.2190250721391 -108.0491346674
2 "002_fs1" 3 120 34.264954525688 -16.1727496382031 -76.6866177130122
2 "002_fs1" 3 121 34.1970046805637 -17.124474429454 -76.6866177130122
2 "002_fs1" 3 122 34.1588393367996 -18.073732445899 -76.6866177130122
2 "002_fs1" 3 123 34.1523258249704 -19.0200590816842 -76.6866177130122
2 "002_fs1" 3 124 34.1904219972342 -19.9632265471112 -76.6866177130122
2 "002_fs1" 3 125 34.275101339065 -20.9034409787753 -76.6866177130122
2 "002_fs1" 3 126 34.4029843957248 -21.8409549212195 -76.6866177130122
2 "002_fs1" 3 127 34.5706917124757 -22.7760209189866 -76.6866177130122
2 "002_fs1" 3 128 34.7748438345797 -23.7088915166194 -76.6866177130122
2 "002_fs1" 3 129 35.0120613072989 -24.639819258661 -76.6866177130122
2 "002_fs1" 3 130 35.2789646758952 -25.569056689654 -76.6866177130122
2 "002_fs1" 3 131 35.5721744856308 -26.4968563541414 -76.6866177130122
2 "002_fs1" 3 132 35.8883112817676 -27.423470796666 -76.6866177130122
2 "002_fs1" 3 133 36.2239956095678 -28.3491525617706 -76.6866177130122
2 "002_fs1" 3 134 36.5758480142933 -29.2741541939983 -76.6866177130122
2 "002_fs1" 3 135 36.9404890412062 -30.1987282378918 -76.6866177130122
2 "002_fs1" 3 136 37.3145392355685 -31.123127237994 -76.6866177130122
2 "002_fs1" 3 137 37.6946191426423 -32.0476037388477 -76.6866177130122
2 "002_fs1" 3 138 38.0773493076896 -32.9724102849958 -76.6866177130122
2 "002_fs1" 3 139 38.4593502759725 -33.8977994209813 -76.6866177130122
2 "002_fs1" 3 140 38.8372425927529 -34.8240236913469 -73.512303168987
2 "002_fs1" 3 141 39.207646803293 -35.7513356406355 -73.512303168987
2 "002_fs1" 3 142 39.5671834528547 -36.6799878133899 -73.512303168987
2 "002_fs1" 3 143 39.9124730867002 -37.6102327541532 -73.512303168987
2 "002_fs1" 3 144 40.2401362500914 -38.542323007468 -73.512303168987
2 "002_fs1" 3 145 40.5467934882903 -39.4765111178773 -73.512303168987
2 "002_fs1" 3 146 40.8290653465591 -40.413049629924 -73.512303168987
2 "002_fs1" 3 147 41.0835723701598 -41.3521910881508 -73.512303168987
2 "002_fs1" 3 148 41.314571594042 -42.2941721923064 -73.512303168987
2 "002_fs1" 3 149 41.5536531426596 -43.2389629031716 -73.512303168987
2 "002_fs1" 3 150 41.8018899303237 -44.1863115365616 -73.512303168987
2 "002_fs1" 3 151 42.0560447112233 -45.1359596793719 -73.512303168987
2 "002_fs1" 3 152 42.3128802395474 -46.0876489184977 -73.512303168987
2 "002_fs1" 3 153 42.5691592694851 -47.0411208408346 -73.512303168987
2 "002_fs1" 3 154 42.8216445552253 -47.9961170332779 -73.512303168987
2 "002_fs1" 3 155 43.0670988509572 -48.952379082723 -73.512303168987
2 "002_fs1" 3 156 43.3022849108697 -49.9096485760653 -73.512303168987
2 "002_fs1" 3 157 43.5239654891518 -50.8676671002001 -89.9602295842078
2 "002_fs1" 3 158 43.7289033399927 -51.8261762420229 -89.9602295842078
2 "002_fs1" 3 159 43.9138612175812 -52.7849175884292 -89.9602295842078
2 "002_fs1" 3 160 44.0756018761064 -53.7436327263142 -89.9602295842078
2 "002_fs1" 3 161 44.2108880697574 -54.7020632425733 -89.9602295842078
2 "002_fs1" 3 162 44.3164825527232 -55.659950724102 -89.9602295842078
2 "002_fs1" 3 163 44.3891480791927 -56.6170367577957 -89.9602295842078
2 "002_fs1" 3 164 44.4256474033551 -57.5730629305497 -89.9602295842078
2 "002_fs1" 3 165 44.4191194369239 -58.527755387598 -89.9602295842078
2 "002_fs1" 3 166 44.3523737214756 -59.4805768446057 -89.9602295842078
2 "002_fs1" 3 167 44.22672020471 -60.4307692788686 -89.9602295842078
2 "002_fs1" 3 168 44.0457841893669 -61.3775678480194 -89.9602295842078
2 "002_fs1" 3 169 43.813190978186 -62.3202077096909 -89.9602295842078
2 "002_fs1" 3 170 43.5325658739072 -63.2579240215161 -89.9602295842078
2 "002_fs1" 3 171 43.20753417927 -64.1899519411278 -117.731037379962
2 "002_fs1" 3 172 42.8417211970143 -65.1155266261588 -117.731037379962
2 "002_fs1" 3 173 42.4387522298798 -66.0338832342419 -117.731037379962
2 "002_fs1" 3 174 42.0022525806062 -66.9442569230099 -117.731037379962
2 "002_fs1" 3 175 41.5358475519332 -67.8458828500958 -117.731037379962
2 "002_fs1" 3 176 41.0431624466007 -68.7379961731322 -117.731037379962
2 "002_fs1" 3 177 40.5278225673483 -69.6198320497523 -117.731037379962
2 "002_fs1" 3 178 39.9934532169158 -70.4906256375885 -117.731037379962
2 "002_fs1" 3 179 39.4436796980428 -71.349612094274 -117.731037379962
2 "002_fs1" 3 180 38.8821273134692 -72.1960265774414 -125.428637278685
2 "002_fs1" 3 181 38.3124213659347 -73.0291042447236 -125.428637278685
2 "002_fs1" 3 182 37.738187158179 -73.8480802537535 -125.428637278685
2 "002_fs1" 3 183 37.1630499929419 -74.6521897621639 -125.428637278685
2 "002_fs1" 3 184 36.590635172963 -75.4406679275877 -125.428637278685
2 "002_fs1" 3 185 36.0245680009822 -76.2127499076576 -125.428637278685
2 "002_fs1" 3 186 35.4683644807774 -76.9676708600065 -131.713610483743
2 "002_fs1" 3 187 34.8943110996312 -77.7046659422673 -131.713610483743
2 "002_fs1" 3 188 34.2805174566891 -78.4229703120727 -131.713610483743
2 "002_fs1" 3 189 33.6293674969431 -79.1218191270557 -131.713610483743
2 "002_fs1" 3 190 32.9432451653852 -79.8004475448489 -131.713610483743
2 "002_fs1" 3 191 32.2245344070073 -80.4580907230855 -147.264071931467
2 "002_fs1" 3 192 31.4756191668016 -81.0939838193979 -147.264071931467
2 "002_fs1" 3 193 30.6988833897601 -81.7073619914193 -147.264071931467
2 "002_fs1" 3 194 29.8967110208747 -82.2974603967824 -147.264071931467
2 "002_fs1" 3 195 29.0714860051375 -82.86351419312 -147.264071931467
2 "002_fs1" 3 196 28.2255922875404 -83.404758538065 -147.264071931467
2 "002_fs1" 3 197 27.3614138130755 -83.9204285892502 -147.264071931467
2 "002_fs1" 3 198 26.4813345267348 -84.4097595043085 -147.264071931467
2 "002_fs1" 3 199 25.5877383735103 -84.8719864408726 -147.264071931467
2 "002_fs1" 3 200 24.683009298394 -85.3063445565755 -147.264071931467
2 "002_fs1" 4 1 128.351648351649 -3.2776040662965 149.029353767927
2 "002_fs1" 4 2 127.585140080259 -2.91922277579869 149.029353767927
2 "002_fs1" 4 3 126.817608633098 -2.54808232562348 149.029353767927
2 "002_fs1" 4 4 126.049024235073 -2.16466649188141 149.029353767927
2 "002_fs1" 4 5 125.27935711109 -1.76945905068285 149.029353767927
2 "002_fs1" 4 6 124.508577486056 -1.36294377813829 149.029353767927
2 "002_fs1" 4 7 123.736655584878 -0.945604450358218 149.029353767927
2 "002_fs1" 4 8 122.963561632463 -0.517924843453073 149.029353767927
2 "002_fs1" 4 9 122.189265853717 -0.0803887335332831 149.029353767927
2 "002_fs1" 4 10 121.413738473547 0.36652010329064 149.029353767927
2 "002_fs1" 4 11 120.63694971686 0.822317890908266 149.029353767927
2 "002_fs1" 4 12 119.858869808563 1.28652085320911 149.029353767927
2 "002_fs1" 4 13 119.079468973563 1.75864521408278 149.029353767927
2 "002_fs1" 4 14 118.298717436766 2.23820719741875 149.029353767927
2 "002_fs1" 4 15 117.516585423079 2.72472302710659 149.029353767927
2 "002_fs1" 4 16 116.733043157409 3.21770892703583 149.029353767927
2 "002_fs1" 4 17 115.948060864663 3.71668112109603 149.029353767927
2 "002_fs1" 4 18 115.161608769747 4.22115583317671 149.029353767927
2 "002_fs1" 4 19 114.373657097569 4.73064928716741 149.029353767927
2 "002_fs1" 4 20 113.584176073034 5.2446777069577 149.029353767927
2 "002_fs1" 4 21 112.793135921051 5.7627573164371 149.029353767927
2 "002_fs1" 4 22 112.000506866525 6.28440433949513 149.029353767927
2 "002_fs1" 4 23 111.206259134363 6.80913500002137 149.029353767927
2 "002_fs1" 4 24 110.410362949472 7.33646552190535 149.029353767927
2 "002_fs1" 4 25 109.61278853676 7.86591212903662 149.029353767927
2 "002_fs1" 4 26 108.813506121132 8.3969910453047 149.029353767927
2 "002_fs1" 4 27 108.012488166076 8.92921849459916 149.029353767927
2 "002_fs1" 4 28 107.210307496487 9.46211070080949 149.228558005714
2 "002_fs1" 4 29 106.407406453147 9.99518388782528 149.228558005714
2 "002_fs1" 4 30 105.603757550249 10.5279542795361 149.228558005714
2 "002_fs1" 4 31 104.799333301981 11.0599380998314 149.228558005714
2 "002_fs1" 4 32 103.994106222533 11.5906515726007 149.228558005714
2 "002_fs1" 4 33 103.188048826094 12.1196109217337 149.228558005714
2 "002_fs1" 4 34 102.381133626855 12.6463323711198 149.228558005714
2 "002_fs1" 4 35 101.573333139005 13.1703321446487 149.228558005714
2 "002_fs1" 4 36 100.764619876734 13.6911264662097 149.228558005714
2 "002_fs1" 4 37 99.9549663542318 14.2082315596925 149.228558005714
2 "002_fs1" 4 38 99.1443450856875 14.7211636489867 149.228558005714
2 "002_fs1" 4 39 98.3327285852911 15.2294389579817 149.228558005714
2 "002_fs1" 4 40 97.5200893672324 15.7325737105671 149.228558005714
2 "002_fs1" 4 41 96.706399945701 16.2300841306324 149.228558005714
2 "002_fs1" 4 42 95.8916328348867 16.7214864420672 149.228558005714
2 "002_fs1" 4 43 95.0757605489791 17.2062968687611 149.228558005714
2 "002_fs1" 4 44 94.2587556021681 17.6840316346035 149.228558005714
2 "002_fs1" 4 45 93.4405905086432 18.154206963484 149.228558005714
2 "002_fs1" 4 46 92.6212377825942 18.6163390792922 149.228558005714
2 "002_fs1" 4 47 91.8006699382107 19.0699442059175 149.228558005714
2 "002_fs1" 4 48 90.9788594896826 19.5145385672496 149.228558005714
2 "002_fs1" 4 49 90.1557789511996 19.9496383871779 149.228558005714
2 "002_fs1" 4 50 89.3314008369511 20.3747598895921 149.228558005714
2 "002_fs1" 4 51 88.5056976611272 20.7894192983816 149.228558005714
2 "002_fs1" 4 52 87.6786419379173 21.193132837436 149.228558005714
2 "002_fs1" 4 53 86.8502061815113 21.5854167306449 149.228558005714
2 "002_fs1" 4 54 86.0203629060989 21.9657872018977 166.845621796405
2 "002_fs1" 4 55 85.1890846258696 22.3337604750841 166.845621796405
2 "002_fs1" 4 56 84.3563438550133 22.6888527740935 166.845621796405
2 "002_fs1" 4 57 83.5221131077197 23.0305803228155 166.845621796405
2 "002_fs1" 4 58 82.6863648981785 23.3584593451396 166.845621796405
2 "002_fs1" 4 59 81.8490717405793 23.6720060649555 166.845621796405
2 "002_fs1" 4 60 81.0102061491119 23.9707367061525 166.845621796405
2 "002_fs1" 4 61 80.169740637966 24.2541674926204 166.845621796405
2 "002_fs1" 4 62 79.3276477213313 24.5218146482485 166.845621796405
2 "002_fs1" 4 63 78.4838999133974 24.7731943969265 166.845621796405
2 "002_fs1" 4 64 77.6384697283542 25.0078229625439 166.845621796405
2 "002_fs1" 4 65 76.7913296803913 25.2252165689902 166.845621796405
2 "002_fs1" 4 66 75.9424522836984 25.424891440155 166.845621796405
2 "002_fs1" 4 67 75.0918100524653 25.6063637999278 166.845621796405
2 "002_fs1" 4 68 74.2393755008816 25.7691498721981 166.845621796405
2 "002_fs1" 4 69 73.385121143137 25.9127658808556 166.845621796405
2 "002_fs1" 4 70 72.5290194934212 26.0367280497897 166.845621796405
2 "002_fs1" 4 71 71.671043065924 26.14055260289 166.845621796405
2 "002_fs1" 4 72 70.8108697675156 26.2237570891502 166.845621796405
2 "002_fs1" 4 73 69.9410124221866 26.2860646285905 166.845621796405
2 "002_fs1" 4 74 69.0591056725017 26.3276245807854 166.845621796405
2 "002_fs1" 4 75 68.1663506576173 26.3486392672184 166.845621796405
2 "002_fs1" 4 76 67.2639485166896 26.3493110093726 166.845621796405
2 "002_fs1" 4 77 66.3531003888749 26.3298421287314 -166.063062276552
2 "002_fs1" 4 78 65.4350074133294 26.290434946778 -166.063062276552
2 "002_fs1" 4 79 64.5108707292094 26.2312917849957 -166.063062276552
2 "002_fs1" 4 80 63.5818914756712 26.1526149648678 -166.063062276552
2 "002_fs1" 4 81 62.6492707918709 26.0546068078776 -166.063062276552
2 "002_fs1" 4 82 61.714209816965 25.9374696355083 -166.063062276552
2 "002_fs1" 4 83 60.7779096901095 25.8014057692431 -166.063062276552
2 "002_fs1" 4 84 59.8415715504609 25.6466175305655 -166.063062276552
2 "002_fs1" 4 85 58.9063965371752 25.4733072409586 -166.063062276552
2 "002_fs1" 4 86 57.9735857894089 25.2816772219057 -166.063062276552
2 "002_fs1" 4 87 57.0443404463181 25.0719297948901 -166.063062276552
2 "002_fs1" 4 88 56.1198616470592 24.844267281395 -166.063062276552
2 "002_fs1" 4 89 55.2013505307883 24.5988920029039 -166.063062276552
2 "002_fs1" 4 90 54.2900082366617 24.3360062808998 -166.063062276552
2 "002_fs1" 4 91 53.3870359038357 24.0558124368661 -166.063062276552
2 "002_fs1" 4 92 52.4936346714665 23.7585127922861 -166.063062276552
2 "002_fs1" 4 93 51.6110056787105 23.444309668643 -166.063062276552
2 "002_fs1" 4 94 50.7403500647238 23.1134053874201 -166.063062276552
2 "002_fs1" 4 95 49.8828689686627 22.7660022701007 -166.063062276552
2 "002_fs1" 4 96 49.0397635296835 22.402302638168 -166.063062276552
2 "002_fs1" 4 97 48.2122348869424 22.0225088131054 -166.063062276552
2 "002_fs1" 4 98 47.4014841795957 21.6268231163961 -166.063062276552
2 "002_fs1" 4 99 46.6087125467996 21.2154478695234 -143.134099010262
2 "002_fs1" 4 100 45.8351120920945 20.7885853937397 -143.134099010262
2 "002_fs1" 4 101 45.0561988234221 20.3464016903279 -143.134099010262
2 "002_fs1" 4 102 44.251787392545 19.8889254739096 -143.134099010262
2 "002_fs1" 4 103 43.4266954330471 19.4161530269487 -143.134099010262
2 "002_fs1" 4 104 42.5857405785125 18.9280806319091 -143.134099010262
2 "002_fs1" 4 105 41.7337404625251 18.4247045712544 -143.134099010262
2 "002_fs1" 4 106 40.875512718669 17.9060211274487 -143.134099010262
2 "002_fs1" 4 107 40.0158749805282 17.3720265829556 -143.134099010262
2 "002_fs1" 4 108 39.1596448816866 16.822717220239 -143.134099010262
2 "002_fs1" 4 109 38.3116400557282 16.2580893217628 -143.134099010262
2 "002_fs1" 4 110 37.4766781362372 15.6781391699907 -143.134099010262
2 "002_fs1" 4 111 36.6595767567974 15.0828630473865 -143.134099010262
2 "002_fs1" 4 112 35.8651535509929 14.4722572364141 -143.134099010262
2 "002_fs1" 4 113 35.0982261524076 13.8463180195373 -143.134099010262
2 "002_fs1" 4 114 34.3636121946256 13.20504167922 -143.134099010262
2 "002_fs1" 4 115 33.6661293112308 12.5484244979258 -143.134099010262
2 "002_fs1" 4 116 33.0105951358074 11.8764627581188 -143.134099010262
2 "002_fs1" 4 117 32.4018273019391 11.1891527422626 -143.134099010262
2 "002_fs1" 4 118 31.8446434432102 10.4864907328211 -143.134099010262
2 "002_fs1" 4 119 31.3438611932045 9.76847301225811 -143.134099010262
2 "002_fs1" 4 120 30.9042981855061 9.03509586303747 -98.4987525519853
2 "002_fs1" 4 121 30.5307720536989 8.28635556762299 -98.4987525519853
2 "002_fs1" 4 122 30.228100431367 7.52224840847848 -98.4987525519853
2 "002_fs1" 4 123 30.0011009520944 6.74277066806778 -98.4987525519853
2 "002_fs1" 4 124 29.8509106517116 5.94792198293035 -98.4987525519853
2 "002_fs1" 4 125 29.7237842827376 5.13795666111244 -98.4987525519853
2 "002_fs1" 4 126 29.6006825575812 4.31355798711832 -98.4987525519853
2 "002_fs1" 4 127 29.4817894337137 3.4754504600352 -98.4987525519853
2 "002_fs1" 4 128 29.3672888686067 2.62435857895036 -98.4987525519853
2 "002_fs1" 4 129 29.2573648197314 1.76100684295102 -98.4987525519853
2 "002_fs1" 4 130 29.1522012445594 0.886119751124426 -98.4987525519853
2 "002_fs1" 4 131 29.051982100562 0.000421802557866613 -98.4987525519853
2 "002_fs1" 4 132 28.9568913452106 -0.895362503661431 -98.4987525519853
2 "002_fs1" 4 133 28.8671129359766 -1.80050866844624 -98.4987525519853
2 "002_fs1" 4 134 28.7828308303314 -2.71429219270931 -98.4987525519853
2 "002_fs1" 4 135 28.7042289857465 -3.63598857736338 -98.4987525519853
2 "002_fs1" 4 136 28.6314913596932 -4.56487332332119 -98.4987525519853
2 "002_fs1" 4 137 28.5648019096429 -5.50022193149547 -98.4987525519853
2 "002_fs1" 4 138 28.5043445930671 -6.44130990279905 -98.4987525519853
2 "002_fs1" 4 139 28.4503033674372 -7.38741273814463 -98.4987525519853
2 "002_fs1" 4 140 28.4028621902245 -8.33780593844497 -88.5057157607417
2 "002_fs1" 4 141 28.3622050189005 -9.29176500461281 -88.5057157607417
2 "002_fs1" 4 142 28.3285158109366 -10.2485654375609 -88.5057157607417
2 "002_fs1" 4 143 28.3019785238041 -11.207482738202 -88.5057157607417
2 "002_fs1" 4 144 28.2827771149746 -12.1677924074489 -88.5057157607417
2 "002_fs1" 4 145 28.2710955419193 -13.1287699462143 -88.5057157607417
2 "002_fs1" 4 146 28.2671177621097 -14.089690855411 -88.5057157607417
2 "002_fs1" 4 147 28.2733439038048 -15.0496761127667 -88.5057157607417
2 "002_fs1" 4 148 28.2917706291694 -16.0072132383336 -88.5057157607417
2 "002_fs1" 4 149 28.3217047821745 -16.960627451504 -88.5057157607417
2 "002_fs1" 4 150 28.3624530392715 -17.9082439715832 -88.5057157607417
2 "002_fs1" 4 151 28.4133220769119 -18.8483880178765 -88.5057157607417
2 "002_fs1" 4 152 28.4736185715471 -19.7793848096892 -88.5057157607417
2 "002_fs1" 4 153 28.5426491996286 -20.6995595663268 -88.5057157607417
2 "002_fs1" 4 154 28.6197206376077 -21.6072375070944 -88.5057157607417
2 "002_fs1" 4 155 28.704139561936 -22.5007438512974 -88.5057157607417
2 "002_fs1" 4 156 28.7952126490648 -23.3784038182412 -88.5057157607417
2 "002_fs1" 4 157 28.8922465754457 -24.238542627231 -54.9700929391902
2 "002_fs1" 4 158 28.9945480175299 -25.0794854975722 -54.9700929391902
2 "002_fs1" 4 159 29.1042088820856 -25.8995626703818 -54.9700929391902
2 "002_fs1" 4 160 29.3016574179426 -26.6980427396608 -54.9700929391902
2 "002_fs1" 4 161 29.6150620977869 -27.4762290347348 -54.9700929391902
2 "002_fs1" 4 162 30.0320530552839 -28.235691301708 -54.9700929391902
2 "002_fs1" 4 163 30.540260424099 -28.9779992866848 -54.9700929391902
2 "002_fs1" 4 164 31.1273143378972 -29.7047227357693 -54.9700929391902
2 "002_fs1" 4 165 31.780844930344 -30.4174313950658 -54.9700929391902
2 "002_fs1" 4 166 32.4884823351046 -31.1176950106784 -54.9700929391902
2 "002_fs1" 4 167 33.2378566858443 -31.8070833287115 -54.9700929391902
2 "002_fs1" 4 168 34.0165981162283 -32.4871660952694 -54.9700929391902
2 "002_fs1" 4 169 34.812336759922 -33.1595130564561 -54.9700929391902
2 "002_fs1" 4 170 35.6127027505905 -33.825693958376 -54.9700929391902
2 "002_fs1" 4 171 36.4053262218993 -34.4872785471333 -49.2643238995096
2 "002_fs1" 4 172 37.1778373075135 -35.1458365688323 -49.2643238995096
2 "002_fs1" 4 173 37.9178661410984 -35.8029377695771 -49.2643238995096
2 "002_fs1" 4 174 38.6130428563193 -36.4601518954721 -49.2643238995096
2 "002_fs1" 4 175 39.2509975868416 -37.1190486926214 -49.2643238995096
2 "002_fs1" 4 176 39.8193604663304 -37.7811979071294 -49.2643238995096
2 "002_fs1" 4 177 40.305761628451 -38.4481692851002 -49.2643238995096
2 "002_fs1" 4 178 40.6978312068687 -39.121532572638 -49.2643238995096
2 "002_fs1" 4 179 40.9832070646045 -39.8028575158472 -49.2643238995096
2 "002_fs1" 4 180 41.2107087280135 -40.4937138608319 -73.7633185041268
2 "002_fs1" 4 181 41.4342606218518 -41.1956713536964 -73.7633185041268
2 "002_fs1" 4 182 41.6531294781268 -41.910299740545 -73.7633185041268
2 "002_fs1" 4 183 41.8665820288456 -42.6391687674818 -73.7633185041268
2 "002_fs1" 4 184 42.0738850060155 -43.3838481806112 -73.7633185041268
2 "002_fs1" 4 185 42.274305141644 -44.1459077260373 -73.7633185041268
2 "002_fs1" 4 186 42.4671091677382 -44.9269171498643 -78.502374098343
2 "002_fs1" 4 187 42.6515638163054 -45.7284461981967 -78.502374098343
2 "002_fs1" 4 188 42.826935819353 -46.5520646171384 -78.502374098343
2 "002_fs1" 4 189 42.9924919088882 -47.3993421527939 -78.502374098343
2 "002_fs1" 4 190 43.1474988169183 -48.2718485512673 -78.502374098343
2 "002_fs1" 4 191 43.2912232754506 -49.171153558663 -86.0214032128643
2 "002_fs1" 4 192 43.4229320164924 -50.098826921085 -86.0214032128643
2 "002_fs1" 4 193 43.5418917720511 -51.0564383846377 -86.0214032128643
2 "002_fs1" 4 194 43.6473692741338 -52.0455576954253 -86.0214032128643
2 "002_fs1" 4 195 43.7386312547479 -53.067754599552 -86.0214032128643
2 "002_fs1" 4 196 43.8149444459006 -54.1245988431222 -86.0214032128643
2 "002_fs1" 4 197 43.8755755795993 -55.2176601722399 -86.0214032128643
2 "002_fs1" 4 198 43.9197913878513 -56.3485083330094 -86.0214032128643
2 "002_fs1" 4 199 43.9468586026638 -57.5187130715352 -86.0214032128643
2 "002_fs1" 4 200 43.9560439560441 -58.7298441339212 -86.0214032128643
2 "002_fs1" 5 1 137.616229923922 -12.9479337366261 148.042190051697
2 "002_fs1" 5 2 136.800353546174 -12.4040843350861 148.042190051697
2 "002_fs1" 5 3 135.984083552265 -11.86350076239 148.042190051697
2 "002_fs1" 5 4 135.167418877689 -11.3260921136495 148.042190051697
2 "002_fs1" 5 5 134.35035845794 -10.7917674839763 148.042190051697
2 "002_fs1" 5 6 133.532901228512 -10.260435968482 148.042190051697
2 "002_fs1" 5 7 132.715046124898 -9.73200666227839 148.042190051697
2 "002_fs1" 5 8 131.896792082591 -9.20638866047707 148.042190051697
2 "002_fs1" 5 9 131.078138037087 -8.68349105818979 148.042190051697
2 "002_fs1" 5 10 130.259082923878 -8.16322295052822 148.042190051697
2 "002_fs1" 5 11 129.439625678458 -7.64549343260401 148.042190051697
2 "002_fs1" 5 12 128.619765236321 -7.13021159952891 148.042190051697
2 "002_fs1" 5 13 127.799500532961 -6.61728654641453 148.042190051697
2 "002_fs1" 5 14 126.978830503871 -6.10662736837264 148.042190051697
2 "002_fs1" 5 15 126.157754084546 -5.59814316051487 148.042190051697
2 "002_fs1" 5 16 125.336270210478 -5.09174301795292 148.042190051697
2 "002_fs1" 5 17 124.514377817163 -4.5873360357985 148.042190051697
2 "002_fs1" 5 18 123.692075840092 -4.08483130916326 148.042190051697
2 "002_fs1" 5 19 122.869363214761 -3.58413793315893 148.042190051697
2 "002_fs1" 5 20 122.046238876663 -3.08516500289716 148.042190051697
2 "002_fs1" 5 21 121.222701761292 -2.58782161348964 148.042190051697
2 "002_fs1" 5 22 120.398750804141 -2.09201686004806 148.042190051697
2 "002_fs1" 5 23 119.574384940704 -1.59765983768412 148.042190051697
2 "002_fs1" 5 24 118.749603106475 -1.10465964150953 148.042190051697
2 "002_fs1" 5 25 117.924404236948 -0.61292536663592 148.042190051697
2 "002_fs1" 5 26 117.098787267616 -0.122366108174987 148.042190051697
2 "002_fs1" 5 27 116.272751133974 0.367109038761527 148.042190051697
2 "002_fs1" 5 28 115.446294771514 0.855590979061986 149.557395077809
2 "002_fs1" 5 29 114.619417115731 1.3431706176147 149.557395077809
2 "002_fs1" 5 30 113.792212647974 1.82993885930799 149.557395077809
2 "002_fs1" 5 31 112.965762839648 2.31598660903012 149.557395077809
2 "002_fs1" 5 32 112.140257188845 2.80140477166944 149.557395077809
2 "002_fs1" 5 33 111.315549366543 3.28628425211426 149.557395077809
2 "002_fs1" 5 34 110.491493043716 3.77071595525288 149.557395077809
2 "002_fs1" 5 35 109.667941891342 4.25479078597365 149.557395077809
2 "002_fs1" 5 36 108.844749580395 4.73859964916485 149.557395077809
2 "002_fs1" 5 37 108.021769781851 5.22223344971479 149.557395077809
2 "002_fs1" 5 38 107.198856166688 5.70578309251178 149.557395077809
2 "002_fs1" 5 39 106.37586240588 6.18933948244418 149.557395077809
2 "002_fs1" 5 40 105.552642170404 6.67299352440023 149.557395077809
2 "002_fs1" 5 41 104.729049131236 7.15683612326831 149.557395077809
2 "002_fs1" 5 42 103.904936959351 7.6409581839367 149.557395077809
2 "002_fs1" 5 43 103.080159325725 8.1254506112937 149.557395077809
2 "002_fs1" 5 44 102.254569901336 8.61040431022766 149.557395077809
2 "002_fs1" 5 45 101.428022357158 9.09591018562688 149.557395077809
2 "002_fs1" 5 46 100.600370364167 9.58205914237965 149.557395077809
2 "002_fs1" 5 47 99.77146759334 10.0689420853743 149.557395077809
2 "002_fs1" 5 48 98.9411677156523 10.5566499194992 149.557395077809
2 "002_fs1" 5 49 98.1093244020801 11.0452735496425 149.557395077809
2 "002_fs1" 5 50 97.2757913235993 11.5349038806927 149.557395077809
2 "002_fs1" 5 51 96.4404221511859 12.025631817538 149.557395077809
2 "002_fs1" 5 52 95.6030705558158 12.5175482650668 149.557395077809
2 "002_fs1" 5 53 94.763590208465 13.0107441281673 149.557395077809
2 "002_fs1" 5 54 93.9218347801095 13.5053103117279 150.67935885823
2 "002_fs1" 5 55 93.0776579417253 14.0013377206369 150.67935885823
2 "002_fs1" 5 56 92.2309133642883 14.4989172597825 150.67935885823
2 "002_fs1" 5 57 91.3814547187746 14.9981398340532 150.67935885823
2 "002_fs1" 5 58 90.52913567616 15.4990963483372 150.67935885823
2 "002_fs1" 5 59 89.6738099074205 16.0018777075229 150.67935885823
2 "002_fs1" 5 60 88.8153310835322 16.5065748164984 150.67935885823
2 "002_fs1" 5 61 87.953552875471 17.0132785801523 150.67935885823
2 "002_fs1" 5 62 87.0878562811939 17.5219667892917 150.67935885823
2 "002_fs1" 5 63 86.2175700596221 18.031954024399 150.67935885823
2 "002_fs1" 5 64 85.342931688295 18.5423139029041 150.67935885823
2 "002_fs1" 5 65 84.4641895727385 19.052119700487 150.67935885823
2 "002_fs1" 5 66 83.5815921184787 19.5604446928277 150.67935885823
2 "002_fs1" 5 67 82.6953877310416 20.0663621556063 150.67935885823
2 "002_fs1" 5 68 81.8058248159529 20.5689453645028 150.67935885823
2 "002_fs1" 5 69 80.9131517787388 21.0672675951974 150.67935885823
2 "002_fs1" 5 70 80.0176170249252 21.5604021233699 150.67935885823
2 "002_fs1" 5 71 79.119468960038 22.0474222247006 150.67935885823
2 "002_fs1" 5 72 78.2189559896032 22.5274011748693 150.67935885823
2 "002_fs1" 5 73 77.3163265191468 22.9994122495563 150.67935885823
2 "002_fs1" 5 74 76.4118289541946 23.4625287244414 150.67935885823
2 "002_fs1" 5 75 75.5057117002728 23.9158238752048 150.67935885823
2 "002_fs1" 5 76 74.5982231629071 24.3583709775266 150.67935885823
2 "002_fs1" 5 77 73.6896117476237 24.7892433070867 166.053509171554
2 "002_fs1" 5 78 72.7801258599484 25.2075141395652 166.053509171554
2 "002_fs1" 5 79 71.8700139054072 25.6122567506422 166.053509171554
2 "002_fs1" 5 80 70.9595242895261 26.0025444159977 166.053509171554
2 "002_fs1" 5 81 70.048905417831 26.3774504113117 166.053509171554
2 "002_fs1" 5 82 69.1384056958479 26.7360480122643 166.053509171554
2 "002_fs1" 5 83 68.2282735291027 27.0774104945357 166.053509171554
2 "002_fs1" 5 84 67.3187573231214 27.4006111338057 166.053509171554
2 "002_fs1" 5 85 66.41010548343 27.7047232057544 166.053509171554
2 "002_fs1" 5 86 65.5025664155544 27.9888199860619 166.053509171554
2 "002_fs1" 5 87 64.5963885250205 28.2519747504083 166.053509171554
2 "002_fs1" 5 88 63.6918202173544 28.4932607744736 166.053509171554
2 "002_fs1" 5 89 62.789109898082 28.7117513339378 166.053509171554
2 "002_fs1" 5 90 61.8885059727293 28.906519704481 166.053509171554
2 "002_fs1" 5 91 60.9902568468221 29.0766391617832 166.053509171554
2 "002_fs1" 5 92 60.0946109258865 29.2211829815245 166.053509171554
2 "002_fs1" 5 93 59.2018166154485 29.3392244393849 166.053509171554
2 "002_fs1" 5 94 58.3121223210339 29.4298368110445 166.053509171554
2 "002_fs1" 5 95 57.4257764481688 29.4920933721833 166.053509171554
2 "002_fs1" 5 96 56.5422418959112 29.5250696356155 166.053509171554
2 "002_fs1" 5 97 55.6405835056082 29.5282127171172 166.053509171554
2 "002_fs1" 5 98 54.7132854737041 29.5017533197074 166.053509171554
2 "002_fs1" 5 99 53.7629152049984 29.4460214585738 -161.252818371889
2 "002_fs1" 5 100 52.7920401042904 29.3613471489042 -161.252818371889
2 "002_fs1" 5 101 51.8032275763795 29.2480604058864 -161.252818371889
2 "002_fs1" 5 102 50.7990450260649 29.1064912447082 -161.252818371889
2 "002_fs1" 5 103 49.7820598581461 28.9369696805574 -161.252818371889
2 "002_fs1" 5 104 48.7548394774225 28.7398257286219 -161.252818371889
2 "002_fs1" 5 105 47.7199512886932 28.5153894040893 -161.252818371889
2 "002_fs1" 5 106 46.6799626967577 28.2639907221476 -161.252818371889
2 "002_fs1" 5 107 45.6374411064154 27.9859596979845 -161.252818371889
2 "002_fs1" 5 108 44.5949539224655 27.6816263467878 -161.252818371889
2 "002_fs1" 5 109 43.5550685497075 27.3513206837454 -161.252818371889
2 "002_fs1" 5 110 42.5203523929406 26.995372724045 -161.252818371889
2 "002_fs1" 5 111 41.4933728569642 26.6141124828745 -161.252818371889
2 "002_fs1" 5 112 40.4766973465777 26.2078699754216 -161.252818371889
2 "002_fs1" 5 113 39.4728932665804 25.7769752168741 -161.252818371889
2 "002_fs1" 5 114 38.4845280217716 25.3217582224199 -161.252818371889
2 "002_fs1" 5 115 37.5141690169507 24.8425490072467 -161.252818371889
2 "002_fs1" 5 116 36.5643836569171 24.3396775865425 -161.252818371889
2 "002_fs1" 5 117 35.63773934647 23.8134739754948 -161.252818371889
2 "002_fs1" 5 118 34.7368034904088 23.2642681892917 -161.252818371889
2 "002_fs1" 5 119 33.8641434935329 22.6923902431208 -161.252818371889
2 "002_fs1" 5 120 33.0223267606417 22.09817015217 -120.944465522257
2 "002_fs1" 5 121 32.2139206965344 21.481937931627 -120.944465522257
2 "002_fs1" 5 122 31.4414927060104 20.8440235966798 -120.944465522257
2 "002_fs1" 5 123 30.707610193869 20.184757162516 -120.944465522257
2 "002_fs1" 5 124 30.0148405649096 19.5044686443235 -120.944465522257
2 "002_fs1" 5 125 29.3657512239316 18.8034880572901 -120.944465522257
2 "002_fs1" 5 126 28.7629095757343 18.0821454166036 -120.944465522257
2 "002_fs1" 5 127 28.208883025117 17.3407707374518 -120.944465522257
2 "002_fs1" 5 128 27.706238976879 16.5796940350225 -120.944465522257
2 "002_fs1" 5 129 27.2575448358198 15.7992453245035 -120.944465522257
2 "002_fs1" 5 130 26.8653680067386 14.9997546210826 -120.944465522257
2 "002_fs1" 5 131 26.5228765026226 14.1815703825933 -120.944465522257
2 "002_fs1" 5 132 26.1876477485393 13.3453644714185 -120.944465522257
2 "002_fs1" 5 133 25.8554700423223 12.49208445147 -120.944465522257
2 "002_fs1" 5 134 25.5278482694866 11.6226867124694 -120.944465522257
2 "002_fs1" 5 135 25.2062873155468 10.7381276441382 -120.944465522257
2 "002_fs1" 5 136 24.8922920660177 9.83936363619804 -120.944465522257
2 "002_fs1" 5 137 24.5873674064138 8.92735107837038 -120.944465522257
2 "002_fs1" 5 138 24.29301822225 8.00304636037674 -120.944465522257
2 "002_fs1" 5 139 24.010749399041 7.06740587193869 -120.944465522257
2 "002_fs1" 5 140 23.7420658223015 6.1213860027778 -94.0916240011473
2 "002_fs1" 5 141 23.4884723775461 5.16594314261559 -94.0916240011473
2 "002_fs1" 5 142 23.2514739502897 4.20203368117362 -94.0916240011473
2 "002_fs1" 5 143 23.0325754260468 3.2306140081734 -94.0916240011473
2 "002_fs1" 5 144 22.8332816903323 2.2526405133365 -94.0916240011473
2 "002_fs1" 5 145 22.6550976286609 1.26906958638446 -94.0916240011473
2 "002_fs1" 5 146 22.4995281265472 0.280857617038833 -94.0916240011473
2 "002_fs1" 5 147 22.368078069506 -0.711039004978829 -94.0916240011473
2 "002_fs1" 5 148 22.2622523430519 -1.70566388994703 -94.0916240011473
2 "002_fs1" 5 149 22.1835558326998 -2.7020606481442 -94.0916240011473
2 "002_fs1" 5 150 22.1334934239643 -3.6992728898488 -94.0916240011473
2 "002_fs1" 5 151 22.1135700023601 -4.69634422533926 -94.0916240011473
2 "002_fs1" 5 152 22.1299425127951 -5.69233935531693 -94.0916240011473
2 "002_fs1" 5 153 22.1899130266033 -6.68645082932917 -94.0916240011473
2 "002_fs1" 5 154 22.2917798540707 -7.67791911799236 -94.0916240011473
2 "002_fs1" 5 155 22.4337134387823 -8.66598477649765 -94.0916240011473
2 "002_fs1" 5 156 22.6138842243227 -9.64988836003613 -94.0916240011473
2 "002_fs1" 5 157 22.8304626542769 -10.628870423799 -66.0677846576276
2 "002_fs1" 5 158 23.0816191722296 -11.6021715229773 -66.0677846576276
2 "002_fs1" 5 159 23.3655242217656 -12.5690322127622 -66.0677846576276
2 "002_fs1" 5 160 23.6803482464699 -13.5286930483449 -66.0677846576276
2 "002_fs1" 5 161 24.0242616899271 -14.4803945849164 -66.0677846576276
2 "002_fs1" 5 162 24.3954349957221 -15.4233773776679 -66.0677846576276
2 "002_fs1" 5 163 24.7920386074398 -16.3568819817906 -66.0677846576276
2 "002_fs1" 5 164 25.212242968665 -17.2801489524755 -66.0677846576276
2 "002_fs1" 5 165 25.6542185229823 -18.1924188449138 -66.0677846576276
2 "002_fs1" 5 166 26.1161357139769 -19.0929322142966 -66.0677846576276
2 "002_fs1" 5 167 26.5961649852333 -19.9809296158151 -66.0677846576276
2 "002_fs1" 5 168 27.0924767803364 -20.8556516046604 -66.0677846576276
2 "002_fs1" 5 169 27.6032415428711 -21.7163387360235 -66.0677846576276
2 "002_fs1" 5 170 28.1266297164222 -22.5622315650957 -66.0677846576276
2 "002_fs1" 5 171 28.6608117445744 -23.3925706470681 -53.4310977097196
2 "002_fs1" 5 172 29.2039580709127 -24.2065965371318 -53.4310977097196
2 "002_fs1" 5 173 29.7542391390218 -25.0035497904779 -53.4310977097196
2 "002_fs1" 5 174 30.3098253924865 -25.7826709622976 -53.4310977097196
2 "002_fs1" 5 175 30.8688872748917 -26.543200607782 -53.4310977097196
2 "002_fs1" 5 176 31.4295952298222 -27.2843792821222 -53.4310977097196
2 "002_fs1" 5 177 31.9901197008627 -28.0054475405093 -53.4310977097196
2 "002_fs1" 5 178 32.5486311315983 -28.7056459381346 -53.4310977097196
2 "002_fs1" 5 179 33.1055559354211 -29.384215030189 -53.4310977097196
2 "002_fs1" 5 180 33.6931451121924 -30.0403953718638 -39.7085850231986
2 "002_fs1" 5 181 34.3212449152306 -30.6734275183501 -39.7085850231986
2 "002_fs1" 5 182 34.9882884059676 -31.282552024839 -39.7085850231986
2 "002_fs1" 5 183 35.6927086458355 -31.8670094465216 -39.7085850231986
2 "002_fs1" 5 184 36.4329386962661 -32.4260403385891 -39.7085850231986
2 "002_fs1" 5 185 37.2074116186913 -32.9588852562326 -39.7085850231986
2 "002_fs1" 5 186 38.0145604745431 -33.4647847546432 -26.2644174001143
2 "002_fs1" 5 187 38.8528183252533 -33.9429793890121 -26.2644174001143
2 "002_fs1" 5 188 39.720618232254 -34.3927097145304 -26.2644174001143
2 "002_fs1" 5 189 40.616393256977 -34.8132162863891 -26.2644174001143
2 "002_fs1" 5 190 41.5385764608542 -35.2037396597796 -26.2644174001143
2 "002_fs1" 5 191 42.4856009053176 -35.5635203898928 -10.4430168465199
2 "002_fs1" 5 192 43.455899651799 -35.8917990319199 -10.4430168465199
2 "002_fs1" 5 193 44.4479057617305 -36.1878161410521 -10.4430168465199
2 "002_fs1" 5 194 45.4600522965438 -36.4508122724805 -10.4430168465199
2 "002_fs1" 5 195 46.4907723176711 -36.6800279813961 -10.4430168465199
2 "002_fs1" 5 196 47.538498886544 -36.8747038229902 -10.4430168465199
2 "002_fs1" 5 197 48.6016650645947 -37.0340803524539 -10.4430168465199
2 "002_fs1" 5 198 49.6787039132549 -37.1573981249782 -10.4430168465199
2 "002_fs1" 5 199 50.7680484939567 -37.2438976957544 -10.4430168465199
2 "002_fs1" 5 200 51.868131868132 -37.2928196199735 -10.4430168465199
2 "002_fs1" 6 1 145.866441251057 -20.9276463317233 146.12885117317
2 "002_fs1" 6 2 145.036604272123 -20.3287143772303 146.12885117317
2 "002_fs1" 6 3 144.206342937727 -19.7336379134103 146.12885117317
2 "002_fs1" 6 4 143.375655932377 -19.1423176251796 146.12885117317
2 "002_fs1" 6 5 142.544541940582 -18.5546541974547 146.12885117317
2 "002_fs1" 6 6 141.712999646849 -17.9705483151519 146.12885117317
2 "002_fs1" 6 7 140.881027735689 -17.3899006631877 146.12885117317
2 "002_fs1" 6 8 140.048624891607 -16.8126119264786 146.12885117317
2 "002_fs1" 6 9 139.215789799114 -16.2385827899409 146.12885117317
2 "002_fs1" 6 10 138.382521142718 -15.6677139384911 146.12885117317
2 "002_fs1" 6 11 137.548817606926 -15.0999060570455 146.12885117317
2 "002_fs1" 6 12 136.714677876248 -14.5350598305207 146.12885117317
2 "002_fs1" 6 13 135.880100635191 -13.973075943833 146.12885117317
2 "002_fs1" 6 14 135.045084568265 -13.4138550818988 146.12885117317
2 "002_fs1" 6 15 134.209628359977 -12.8572979296345 146.12885117317
2 "002_fs1" 6 16 133.373730694836 -12.3033051719567 146.12885117317
2 "002_fs1" 6 17 132.53739025735 -11.7517774937816 146.12885117317
2 "002_fs1" 6 18 131.700605732029 -11.2026155800258 146.12885117317
2 "002_fs1" 6 19 130.863375803379 -10.6557201156056 146.12885117317
2 "002_fs1" 6 20 130.025699155909 -10.1109917854375 146.12885117317
2 "002_fs1" 6 21 129.187574474129 -9.56833127443787 146.12885117317
2 "002_fs1" 6 22 128.349000442546 -9.02763926752314 146.12885117317
2 "002_fs1" 6 23 127.509975745668 -8.48881644960969 146.12885117317
2 "002_fs1" 6 24 126.670499068005 -7.95176350561403 146.12885117317
2 "002_fs1" 6 25 125.830569094064 -7.41638112045248 146.12885117317
2 "002_fs1" 6 26 124.990184508353 -6.88256997904153 146.12885117317
2 "002_fs1" 6 27 124.149343995383 -6.35023076629759 146.12885117317
2 "002_fs1" 6 28 123.308046239659 -5.81926416713705 148.113455322005
2 "002_fs1" 6 29 122.466289925692 -5.28957086647634 148.113455322005
2 "002_fs1" 6 30 121.62407373799 -4.76105154923189 148.113455322005
2 "002_fs1" 6 31 120.78139636106 -4.23360690032015 148.113455322005
2 "002_fs1" 6 32 119.938256479411 -3.70713760465748 148.113455322005
2 "002_fs1" 6 33 119.094702491446 -3.18154434716033 148.113455322005
2 "002_fs1" 6 34 118.251441169024 -2.65672781274512 148.113455322005
2 "002_fs1" 6 35 117.408638010697 -2.13258868632826 148.113455322005
2 "002_fs1" 6 36 116.566209359417 -1.60902765282617 148.113455322005
2 "002_fs1" 6 37 115.724071558134 -1.08594539715529 148.113455322005
2 "002_fs1" 6 38 114.8821409498 -0.563242604232016 148.113455322005
2 "002_fs1" 6 39 114.040333877368 -0.0408199589727758 148.113455322005
2 "002_fs1" 6 40 113.198566683789 0.481421853705996 148.113455322005
2 "002_fs1" 6 41 112.356755712014 1.00358214888789 148.113455322005
2 "002_fs1" 6 42 111.514817304995 1.52576024165651 148.113455322005
2 "002_fs1" 6 43 110.672667805685 2.04805544709541 148.113455322005
2 "002_fs1" 6 44 109.830223557034 2.57056708028816 148.113455322005
2 "002_fs1" 6 45 108.987400901994 3.09339445631835 148.113455322005
2 "002_fs1" 6 46 108.144116183517 3.61663689026958 148.113455322005
2 "002_fs1" 6 47 107.300285744555 4.14039369722542 148.113455322005
2 "002_fs1" 6 48 106.455825928059 4.66476419226944 148.113455322005
2 "002_fs1" 6 49 105.610653076981 5.18984769048524 148.113455322005
2 "002_fs1" 6 50 104.764683534273 5.71574350695636 148.113455322005
2 "002_fs1" 6 51 103.917833642886 6.24255095676642 148.113455322005
2 "002_fs1" 6 52 103.070019745771 6.77036935499899 148.113455322005
2 "002_fs1" 6 53 102.221158185882 7.29929801673765 148.113455322005
2 "002_fs1" 6 54 101.371165306168 7.82943625706596 147.680333457354
2 "002_fs1" 6 55 100.519957449583 8.36088339106755 147.680333457354
2 "002_fs1" 6 56 99.667450959077 8.89373873382593 147.680333457354
2 "002_fs1" 6 57 98.8135621776025 9.42810160042475 147.680333457354
2 "002_fs1" 6 58 97.9582074481109 9.96407130594756 147.680333457354
2 "002_fs1" 6 59 97.1013031135539 10.5017471654779 147.680333457354
2 "002_fs1" 6 60 96.2427655168832 11.0412284940994 147.680333457354
2 "002_fs1" 6 61 95.3825110010504 11.5826146068956 147.680333457354
2 "002_fs1" 6 62 94.5204559090073 12.1260048189502 147.680333457354
2 "002_fs1" 6 63 93.6565165837055 12.6714984453467 147.680333457354
2 "002_fs1" 6 64 92.7906093680967 13.2191948011686 147.680333457354
2 "002_fs1" 6 65 91.9226506051324 13.7691932014995 147.680333457354
2 "002_fs1" 6 66 91.0525566377645 14.3215929614231 147.680333457354
2 "002_fs1" 6 67 90.1802438089445 14.8764933960229 147.680333457354
2 "002_fs1" 6 68 89.3056284616242 15.4339938203825 147.680333457354
2 "002_fs1" 6 69 88.4287446227213 15.9941401635557 147.680333457354
2 "002_fs1" 6 70 87.549887752336 16.5564668901066 147.680333457354
2 "002_fs1" 6 71 86.669116187571 17.1202238630608 147.680333457354
2 "002_fs1" 6 72 85.7864723761045 17.6846578792659 147.680333457354
2 "002_fs1" 6 73 84.9019987656141 18.2490157355691 147.680333457354
2 "002_fs1" 6 74 84.015737803778 18.8125442288181 147.680333457354
2 "002_fs1" 6 75 83.1277319382739 19.3744901558603 147.680333457354
2 "002_fs1" 6 76 82.2380236167798 19.934100313543 147.680333457354
2 "002_fs1" 6 77 81.3466552869737 20.4906214987139 153.132315613726
2 "002_fs1" 6 78 80.4536693965333 21.0433005082203 153.132315613726
2 "002_fs1" 6 79 79.5591083931368 21.5913841389097 153.132315613726
2 "002_fs1" 6 80 78.6630147244618 22.1341191876296 153.132315613726
2 "002_fs1" 6 81 77.7654308381865 22.6707524512273 153.132315613726
2 "002_fs1" 6 82 76.8663991819886 23.2005307265505 153.132315613726
2 "002_fs1" 6 83 75.9659622035462 23.7227008104466 153.132315613726
2 "002_fs1" 6 84 75.0641623505371 24.2365094997629 153.132315613726
2 "002_fs1" 6 85 74.1610420706391 24.741203591347 153.132315613726
2 "002_fs1" 6 86 73.2566438115304 25.2360298820463 153.132315613726
2 "002_fs1" 6 87 72.3510100208887 25.7202351687083 153.132315613726
2 "002_fs1" 6 88 71.4441831463919 26.1930662481805 153.132315613726
2 "002_fs1" 6 89 70.5362056357181 26.6537699173103 153.132315613726
2 "002_fs1" 6 90 69.627119936545 27.1015929729451 153.132315613726
2 "002_fs1" 6 91 68.7169684965507 27.5357822119325 153.132315613726
2 "002_fs1" 6 92 67.805793763413 27.9555844311198 153.132315613726
2 "002_fs1" 6 93 66.8936381848098 28.3602464273546 153.132315613726
2 "002_fs1" 6 94 65.9805442084191 28.7490149974843 153.132315613726
2 "002_fs1" 6 95 65.0665542819188 29.1211369383564 153.132315613726
2 "002_fs1" 6 96 64.1517108529867 29.4758590468183 153.132315613726
2 "002_fs1" 6 97 63.2360563693009 29.8124281197175 153.132315613726
2 "002_fs1" 6 98 62.3196332785392 30.1300909539014 153.132315613726
2 "002_fs1" 6 99 61.4024840283794 30.4280943462175 177.222112767866
2 "002_fs1" 6 100 60.4846510664997 30.7056850935134 177.222112767866
2 "002_fs1" 6 101 59.5661768405778 30.9621099926363 177.222112767866
2 "002_fs1" 6 102 58.6471037982917 31.1966158404338 177.222112767866
2 "002_fs1" 6 103 57.7274743873192 31.4084494337534 177.222112767866
2 "002_fs1" 6 104 56.8073310553384 31.5968575694424 177.222112767866
2 "002_fs1" 6 105 55.886716250027 31.7610870443485 177.222112767866
2 "002_fs1" 6 106 54.9586424566579 31.9004142402445 177.222112767866
2 "002_fs1" 6 107 53.9956332790636 32.0145553423273 177.222112767866
2 "002_fs1" 6 108 52.9974073341542 32.1035636330657 177.222112767866
2 "002_fs1" 6 109 51.9668399697794 32.1675009820838 177.222112767866
2 "002_fs1" 6 110 50.9068065337892 32.2064292590053 177.222112767866
2 "002_fs1" 6 111 49.8201823740332 32.2204103334541 177.222112767866
2 "002_fs1" 6 112 48.7098428383612 32.2095060750543 177.222112767866
2 "002_fs1" 6 113 47.5786632746232 32.1737783534296 177.222112767866
2 "002_fs1" 6 114 46.4295190306688 32.113289038204 177.222112767866
2 "002_fs1" 6 115 45.265285454348 32.0280999990014 177.222112767866
2 "002_fs1" 6 116 44.0888378935105 31.9182731054457 177.222112767866
2 "002_fs1" 6 117 42.903051696006 31.7838702271607 177.222112767866
2 "002_fs1" 6 118 41.7108022096845 31.6249532337705 177.222112767866
2 "002_fs1" 6 119 40.5149647823957 31.4415839948988 177.222112767866
2 "002_fs1" 6 120 39.3184147619893 31.2338243801696 -155.950668197698
2 "002_fs1" 6 121 38.1240274963154 31.0017362592068 -155.950668197698
2 "002_fs1" 6 122 36.9346783332236 30.7453815016342 -155.950668197698
2 "002_fs1" 6 123 35.7532426205636 30.4648219770758 -155.950668197698
2 "002_fs1" 6 124 34.5825957061855 30.1601195551556 -155.950668197698
2 "002_fs1" 6 125 33.4256129379389 29.8313361054973 -155.950668197698
2 "002_fs1" 6 126 32.2851696636736 29.4785334977249 -155.950668197698
2 "002_fs1" 6 127 31.1641412312395 29.1017736014622 -155.950668197698
2 "002_fs1" 6 128 30.0654029884863 28.7011182863333 -155.950668197698
2 "002_fs1" 6 129 28.9918302832639 28.2766294219619 -155.950668197698
2 "002_fs1" 6 130 27.9462984634221 27.828368877972 -155.950668197698
2 "002_fs1" 6 131 26.9316828768107 27.3563985239875 -155.950668197698
2 "002_fs1" 6 132 25.9508588712794 26.8607802296323 -155.950668197698
2 "002_fs1" 6 133 25.0067017946782 26.3415758645303 -155.950668197698
2 "002_fs1" 6 134 24.1020869948566 25.7988472983053 -155.950668197698
2 "002_fs1" 6 135 23.2398898196647 25.2326564005814 -155.950668197698
2 "002_fs1" 6 136 22.4229856169522 24.6430650409823 -155.950668197698
2 "002_fs1" 6 137 21.654249734569 24.030135089132 -155.950668197698
2 "002_fs1" 6 138 20.9365575203647 23.3939284146544 -155.950668197698
2 "002_fs1" 6 139 20.2727843221892 22.7345068871734 -155.950668197698
2 "002_fs1" 6 140 19.6658054878923 22.0519323763128 -105.283835765634
2 "002_fs1" 6 141 19.1184963653239 21.3462667516966 -105.283835765634
2 "002_fs1" 6 142 18.6337323023337 20.6175718829488 -105.283835765634
2 "002_fs1" 6 143 18.2143886467715 19.8659096396931 -105.283835765634
2 "002_fs1" 6 144 17.8633407464872 19.0913418915535 -105.283835765634
2 "002_fs1" 6 145 17.5834639493305 18.2939305081538 -105.283835765634
2 "002_fs1" 6 146 17.3776288539113 17.4737373593829 -105.283835765634
2 "002_fs1" 6 147 17.2105590333242 16.6310116686296 -105.283835765634
2 "002_fs1" 6 148 17.0468633461147 15.7667269904765 -105.283835765634
2 "002_fs1" 6 149 16.8867555179475 14.8820319001115 -105.283835765634
2 "002_fs1" 6 150 16.7304492744871 13.9780749727223 -105.283835765634
2 "002_fs1" 6 151 16.5781583413981 13.0560047834966 -105.283835765634
2 "002_fs1" 6 152 16.430096444345 12.1169699076222 -105.283835765634
2 "002_fs1" 6 153 16.2864773089925 11.1621189202869 -105.283835765634
2 "002_fs1" 6 154 16.1475146610051 10.1926003966785 -105.283835765634
2 "002_fs1" 6 155 16.0134222260475 9.20956291198462 -105.283835765634
2 "002_fs1" 6 156 15.8844137297841 8.21415504139316 -105.283835765634
2 "002_fs1" 6 157 15.7607028978795 7.20752536009184 -94.3313034129117
2 "002_fs1" 6 158 15.6425034559985 6.19082244326842 -94.3313034129117
2 "002_fs1" 6 159 15.5300291298054 5.16519486611062 -94.3313034129117
2 "002_fs1" 6 160 15.4234936449649 4.1317912038063 -94.3313034129117
2 "002_fs1" 6 161 15.3231107271417 3.09176003154315 -94.3313034129117
2 "002_fs1" 6 162 15.2290941020001 2.04624992450897 -94.3313034129117
2 "002_fs1" 6 163 15.141657495205 0.996409457891502 -94.3313034129117
2 "002_fs1" 6 164 15.0610146324208 -0.0566127931215021 -94.3313034129117
2 "002_fs1" 6 165 14.987379239312 -1.11166825334223 -94.3313034129117
2 "002_fs1" 6 166 14.9209650415433 -2.16760834758296 -94.3313034129117
2 "002_fs1" 6 167 14.8619857647793 -3.22328450065589 -94.3313034129117
2 "002_fs1" 6 168 14.8106551346846 -4.27754813737332 -94.3313034129117
2 "002_fs1" 6 169 14.7671868769236 -5.32925068254741 -94.3313034129117
2 "002_fs1" 6 170 14.7317947171611 -6.37724356099045 -94.3313034129117
2 "002_fs1" 6 171 14.7046923810614 -7.42037819751465 -83.4014747853858
2 "002_fs1" 6 172 14.6860935942894 -8.45750601693223 -83.4014747853858
2 "002_fs1" 6 173 14.6762120825096 -9.48747844405548 -83.4014747853858
2 "002_fs1" 6 174 14.6799884443051 -10.5091469036966 -83.4014747853858
2 "002_fs1" 6 175 14.7417747530314 -11.5213628206679 -83.4014747853858
2 "002_fs1" 6 176 14.8704860030545 -12.5229776197814 -83.4014747853858
2 "002_fs1" 6 177 15.0636910166585 -13.5128427258496 -83.4014747853858
2 "002_fs1" 6 178 15.3189586161274 -14.4898095636846 -83.4014747853858
2 "002_fs1" 6 179 15.6338576237455 -15.4527295580986 -83.4014747853858
2 "002_fs1" 6 180 16.0059568617968 -16.4004541339039 -59.4991654826583
2 "002_fs1" 6 181 16.4328251525656 -17.3318347159128 -59.4991654826583
2 "002_fs1" 6 182 16.9120313183357 -18.2457227289374 -59.4991654826583
2 "002_fs1" 6 183 17.4411441813916 -19.14096959779 -59.4991654826583
2 "002_fs1" 6 184 18.0177325640172 -20.0164267472829 -59.4991654826583
2 "002_fs1" 6 185 18.6393652884967 -20.8709456022282 -59.4991654826583
2 "002_fs1" 6 186 19.3036111771141 -21.7033775874382 -45.4811319869554
2 "002_fs1" 6 187 20.0080390521538 -22.5125741277252 -45.4811319869554
2 "002_fs1" 6 188 20.7502177358996 -23.2973866479014 -45.4811319869554
2 "002_fs1" 6 189 21.5277160506359 -24.0566665727789 -45.4811319869554
2 "002_fs1" 6 190 22.3381028186467 -24.7892653271702 -45.4811319869554
2 "002_fs1" 6 191 23.1789468622162 -25.4940343358873 -29.8599264342222
2 "002_fs1" 6 192 24.0478170036284 -26.1698250237425 -29.8599264342222
2 "002_fs1" 6 193 24.9422820651674 -26.8154888155481 -29.8599264342222
2 "002_fs1" 6 194 25.8599108691176 -27.4298771361163 -29.8599264342222
2 "002_fs1" 6 195 26.7982722377628 -28.0118414102593 -29.8599264342222
2 "002_fs1" 6 196 27.7549349933874 -28.5602330627894 -29.8599264342222
2 "002_fs1" 6 197 28.7274679582754 -29.0739035185188 -29.8599264342222
2 "002_fs1" 6 198 29.7134399547108 -29.5517042022597 -29.8599264342222
2 "002_fs1" 6 199 30.710419804978 -29.9924865388244 -29.8599264342222
2 "002_fs1" 6 200 31.7159763313609 -30.3951019530251 -29.8599264342222
2 "002_fs1" 7 1 156.821639898563 -27.5548652666345 152.733814962869
2 "002_fs1" 7 2 155.986568047108 -27.2020160496076 152.733814962869
2 "002_fs1" 7 3 155.153319538412 -26.8431657956343 152.733814962869
2 "002_fs1" 7 4 154.321898126584 -26.4784086404717 152.733814962869
2 "002_fs1" 7 5 153.492307565735 -26.1078387198768 152.733814962869
2 "002_fs1" 7 6 152.664551609974 -25.7315501696069 152.733814962869
2 "002_fs1" 7 7 151.838634013413 -25.3496371254189 152.733814962869
2 "002_fs1" 7 8 151.01455853016 -24.96219372307 152.733814962869
2 "002_fs1" 7 9 150.192328914327 -24.5693140983173 152.733814962869
2 "002_fs1" 7 10 149.371948920022 -24.1710923869178 152.733814962869
2 "002_fs1" 7 11 148.553422301358 -23.7676227246288 152.733814962869
2 "002_fs1" 7 12 147.736752812442 -23.3589992472072 152.733814962869
2 "002_fs1" 7 13 146.921944207387 -22.9453160904102 152.733814962869
2 "002_fs1" 7 14 146.109000240301 -22.5266673899948 152.733814962869
2 "002_fs1" 7 15 145.297924665295 -22.1031472817182 152.733814962869
2 "002_fs1" 7 16 144.488721236479 -21.6748499013375 152.733814962869
2 "002_fs1" 7 17 143.681393707963 -21.2418693846097 152.733814962869
2 "002_fs1" 7 18 142.875945833857 -20.8042998672919 152.733814962869
2 "002_fs1" 7 19 142.072381368272 -20.3622354851413 152.733814962869
2 "002_fs1" 7 20 141.270704065318 -19.915770373915 152.733814962869
2 "002_fs1" 7 21 140.470917679104 -19.4649986693699 152.733814962869
2 "002_fs1" 7 22 139.673025963741 -19.0100145072634 152.733814962869
2 "002_fs1" 7 23 138.877032673339 -18.5509120233523 152.733814962869
2 "002_fs1" 7 24 138.082941562008 -18.0877853533939 152.733814962869
2 "002_fs1" 7 25 137.290756383858 -17.6207286331453 152.733814962869
2 "002_fs1" 7 26 136.500480893 -17.1498359983634 152.733814962869
2 "002_fs1" 7 27 135.712118843542 -16.6752015848055 152.733814962869
2 "002_fs1" 7 28 134.925673989597 -16.1969195282286 145.759132131412
2 "002_fs1" 7 29 134.141150085273 -15.7150839643898 145.759132131412
2 "002_fs1" 7 30 133.358550884681 -15.2297890290462 145.759132131412
2 "002_fs1" 7 31 132.577880141931 -14.741128857955 145.759132131412
2 "002_fs1" 7 32 131.799141611133 -14.2491975868731 145.759132131412
2 "002_fs1" 7 33 131.022339046398 -13.7540893515578 145.759132131412
2 "002_fs1" 7 34 130.247476201834 -13.255898287766 145.759132131412
2 "002_fs1" 7 35 129.474697948602 -12.754718531255 145.759132131412
2 "002_fs1" 7 36 128.705349229411 -12.2506442177817 145.759132131412
2 "002_fs1" 7 37 127.93961007382 -11.7437694831034 145.759132131412
2 "002_fs1" 7 38 127.177287487174 -11.234188462977 145.759132131412
2 "002_fs1" 7 39 126.418188474821 -10.7219952931598 145.759132131412
2 "002_fs1" 7 40 125.662120042105 -10.2072841094086 145.759132131412
2 "002_fs1" 7 41 124.908889194372 -9.69014904748082 145.759132131412
2 "002_fs1" 7 42 124.15830293697 -9.17068424313339 145.759132131412
2 "002_fs1" 7 43 123.410168275242 -8.64898383212343 145.759132131412
2 "002_fs1" 7 44 122.664292214536 -8.12514195020805 145.759132131412
2 "002_fs1" 7 45 121.920481760197 -7.59925273314431 145.759132131412
2 "002_fs1" 7 46 121.178543917571 -7.07141031668937 145.759132131412
2 "002_fs1" 7 47 120.438285692005 -6.54170883660026 145.759132131412
2 "002_fs1" 7 48 119.699514088843 -6.01024242863414 145.759132131412
2 "002_fs1" 7 49 118.962036113432 -5.47710522854806 145.759132131412
2 "002_fs1" 7 50 118.225658771118 -4.94239137209914 145.759132131412
2 "002_fs1" 7 51 117.490189067246 -4.40619499504444 145.759132131412
2 "002_fs1" 7 52 116.755434007163 -3.86861023314114 145.759132131412
2 "002_fs1" 7 53 116.021200596215 -3.32973122214625 145.759132131412
2 "002_fs1" 7 54 115.287295839746 -2.78965209781691 143.548616325597
2 "002_fs1" 7 55 114.553526743104 -2.24846699591021 143.548616325597
2 "002_fs1" 7 56 113.819700311635 -1.70627005218324 143.548616325597
2 "002_fs1" 7 57 113.085623550683 -1.1631554023931 143.548616325597
2 "002_fs1" 7 58 112.351103465595 -0.619217182296893 143.548616325597
2 "002_fs1" 7 59 111.615947061718 -0.0745495276517261 143.548616325597
2 "002_fs1" 7 60 110.879961344396 0.470753425785347 143.548616325597
2 "002_fs1" 7 61 110.142953318975 1.01659754225716 143.548616325597
2 "002_fs1" 7 62 109.404729990803 1.56288868600669 143.548616325597
2 "002_fs1" 7 63 108.665098365224 2.10953272127679 143.548616325597
2 "002_fs1" 7 64 107.923865447584 2.6564355123104 143.548616325597
2 "002_fs1" 7 65 107.180838243229 3.20350292335038 143.548616325597
2 "002_fs1" 7 66 106.435823757506 3.75064081863965 143.548616325597
2 "002_fs1" 7 67 105.68895559848 4.29775529311755 143.548616325597
2 "002_fs1" 7 68 104.943488672145 4.84476299991536 143.548616325597
2 "002_fs1" 7 69 104.200176171133 5.39159530559616 143.548616325597
2 "002_fs1" 7 70 103.458853198544 5.9381846672643 143.548616325597
2 "002_fs1" 7 71 102.719354857478 6.4844635420242 143.548616325597
2 "002_fs1" 7 72 101.981516251032 7.0303643869803 143.548616325597
2 "002_fs1" 7 73 101.245172482306 7.57581965923697 143.548616325597
2 "002_fs1" 7 74 100.5101586544 8.12076181589862 143.548616325597
2 "002_fs1" 7 75 99.7763098704112 8.66512331406966 143.548616325597
2 "002_fs1" 7 76 99.04346123344 9.20883661085452 143.548616325597
2 "002_fs1" 7 77 98.3114478465852 9.75183416335759 144.298325801656
2 "002_fs1" 7 78 97.5801048129456 10.2940484286833 144.298325801656
2 "002_fs1" 7 79 96.8492672356206 10.8354118639359 144.298325801656
2 "002_fs1" 7 80 96.118770217709 11.3758569262201 144.298325801656
2 "002_fs1" 7 81 95.3884488623099 11.9153160726401 144.298325801656
2 "002_fs1" 7 82 94.6581382725225 12.4537217603002 144.298325801656
2 "002_fs1" 7 83 93.9276735514458 12.9910064463051 144.298325801656
2 "002_fs1" 7 84 93.1968898021788 13.527102587759 144.298325801656
2 "002_fs1" 7 85 92.4656221278207 14.0619426417663 144.298325801656
2 "002_fs1" 7 86 91.7337056314704 14.5954590654316 144.298325801656
2 "002_fs1" 7 87 91.0009754162271 15.1275843158591 144.298325801656
2 "002_fs1" 7 88 90.2672665851898 15.6582508501532 144.298325801656
2 "002_fs1" 7 89 89.5324142414576 16.1873911254185 144.298325801656
2 "002_fs1" 7 90 88.7962534881295 16.7149375987593 144.298325801656
2 "002_fs1" 7 91 88.0586194283046 17.2408227272799 144.298325801656
2 "002_fs1" 7 92 87.3193471650821 17.7649789680849 144.298325801656
2 "002_fs1" 7 93 86.5782718015608 18.2873387782785 144.298325801656
2 "002_fs1" 7 94 85.83522844084 18.8078346149653 144.298325801656
2 "002_fs1" 7 95 85.0900521860186 19.3263989352496 144.298325801656
2 "002_fs1" 7 96 84.3425781401958 19.8429641962359 144.298325801656
2 "002_fs1" 7 97 83.5926414064705 20.3574628550284 144.298325801656
2 "002_fs1" 7 98 82.8400770879419 20.8698273687318 144.298325801656
2 "002_fs1" 7 99 82.0847202877091 21.3799901944503 149.045005868885
2 "002_fs1" 7 100 81.3264061088711 21.8878837892883 149.045005868885
2 "002_fs1" 7 101 80.5649696545269 22.3934406103503 149.045005868885
2 "002_fs1" 7 102 79.8002460277756 22.8965931147407 149.045005868885
2 "002_fs1" 7 103 79.0320703317164 23.3972737595638 149.045005868885
2 "002_fs1" 7 104 78.2602776694482 23.8954150019241 149.045005868885
2 "002_fs1" 7 105 77.48470314407 24.3909492989261 149.045005868885
2 "002_fs1" 7 106 76.7051818586812 24.883809107674 149.045005868885
2 "002_fs1" 7 107 75.9215489163805 25.3739268852723 149.045005868885
2 "002_fs1" 7 108 75.1336394202671 25.8612350888254 149.045005868885
2 "002_fs1" 7 109 74.3412884734402 26.3456661754377 149.045005868885
2 "002_fs1" 7 110 73.5443311789987 26.8271526022137 149.045005868885
2 "002_fs1" 7 111 72.7426026400417 27.3056268262577 149.045005868885
2 "002_fs1" 7 112 71.9359379596683 27.7810213046741 149.045005868885
2 "002_fs1" 7 113 71.1241722409774 28.2532684945674 149.045005868885
2 "002_fs1" 7 114 70.3058910359375 28.7222745775457 149.045005868885
2 "002_fs1" 7 115 69.4762661272709 29.187562033627 149.045005868885
2 "002_fs1" 7 116 68.6354229129128 29.6483627321844 149.045005868885
2 "002_fs1" 7 117 67.7840359155593 30.1039013371212 149.045005868885
2 "002_fs1" 7 118 66.9227796579067 30.5534025123403 149.045005868885
2 "002_fs1" 7 119 66.0523286626512 30.9960909217448 149.045005868885
2 "002_fs1" 7 120 65.1733574524891 31.4311912292379 161.60479099243
2 "002_fs1" 7 121 64.2865405501166 31.8579280987225 161.60479099243
2 "002_fs1" 7 122 63.3925524782301 32.2755261941017 161.60479099243
2 "002_fs1" 7 123 62.4920677595257 32.6832101792787 161.60479099243
2 "002_fs1" 7 124 61.5857609166997 33.0802047181565 161.60479099243
2 "002_fs1" 7 125 60.6743064724483 33.4657344746381 161.60479099243
2 "002_fs1" 7 126 59.758378949468 33.8390241126267 161.60479099243
2 "002_fs1" 7 127 58.8386528704548 34.1992982960253 161.60479099243
2 "002_fs1" 7 128 57.9158027581049 34.5457816887369 161.60479099243
2 "002_fs1" 7 129 56.9905031351149 34.8776989546648 161.60479099243
2 "002_fs1" 7 130 56.0634285241807 35.1942747577118 161.60479099243
2 "002_fs1" 7 131 55.1352534479988 35.4947337617812 161.60479099243
2 "002_fs1" 7 132 54.2066524292653 35.778300630776 161.60479099243
2 "002_fs1" 7 133 53.2782999906765 36.0442000285992 161.60479099243
2 "002_fs1" 7 134 52.3508706549287 36.2916566191539 161.60479099243
2 "002_fs1" 7 135 51.4250389447181 36.5198950663433 161.60479099243
2 "002_fs1" 7 136 50.501479382741 36.7281400340703 161.60479099243
2 "002_fs1" 7 137 49.5808664916937 36.9156161862381 161.60479099243
2 "002_fs1" 7 138 48.6638747942723 37.0815481867497 161.60479099243
2 "002_fs1" 7 139 47.7511788131732 37.2251606995082 161.60479099243
2 "002_fs1" 7 140 46.8434530710926 37.3456783884166 -172.344436127181
2 "002_fs1" 7 141 45.9413720907267 37.4423259173782 -172.344436127181
2 "002_fs1" 7 142 45.0456103947719 37.5143279502958 -172.344436127181
2 "002_fs1" 7 143 44.1568425059243 37.5609091510726 -172.344436127181
2 "002_fs1" 7 144 43.2757429468803 37.5812941836117 -172.344436127181
2 "002_fs1" 7 145 42.402986240336 37.5747077118161 -172.344436127181
2 "002_fs1" 7 146 41.5392469089878 37.5403743995889 -172.344436127181
2 "002_fs1" 7 147 40.6851994755318 37.4775189108332 -172.344436127181
2 "002_fs1" 7 148 39.8415184626645 37.3853659094521 -172.344436127181
2 "002_fs1" 7 149 39.0088783930819 37.2631400593486 -172.344436127181
2 "002_fs1" 7 150 38.1879537894804 37.1100660244258 -172.344436127181
2 "002_fs1" 7 151 37.3794191745562 36.9253684685868 -172.344436127181
2 "002_fs1" 7 152 36.5804402138191 36.7083076446813 -172.344436127181
2 "002_fs1" 7 153 35.7722939048602 36.4589129182678 -172.344436127181
2 "002_fs1" 7 154 34.9539204027487 36.1779562677421 -172.344436127181
2 "002_fs1" 7 155 34.1274691351823 35.8662399584302 -172.344436127181
2 "002_fs1" 7 156 33.2950895298586 35.5245662556579 -172.344436127181
2 "002_fs1" 7 157 32.4589310144754 35.1537374247509 -145.220050914812
2 "002_fs1" 7 158 31.6211430167302 34.754555731035 -145.220050914812
2 "002_fs1" 7 159 30.7838749643207 34.3278234398361 -145.220050914812
2 "002_fs1" 7 160 29.9492762849445 33.8743428164799 -145.220050914812
2 "002_fs1" 7 161 29.1194964062993 33.3949161262923 -145.220050914812
2 "002_fs1" 7 162 28.2966847560827 32.8903456345991 -145.220050914812
2 "002_fs1" 7 163 27.4829907619924 32.3614336067261 -145.220050914812
2 "002_fs1" 7 164 26.680563851726 31.8089823079991 -145.220050914812
2 "002_fs1" 7 165 25.8915534529811 31.2337940037438 -145.220050914812
2 "002_fs1" 7 166 25.1181089934554 30.6366709592862 -145.220050914812
2 "002_fs1" 7 167 24.3623799008466 30.018415439952 -145.220050914812
2 "002_fs1" 7 168 23.6265156028522 29.3798297110671 -145.220050914812
2 "002_fs1" 7 169 22.9126655271699 28.7217160379571 -145.220050914812
2 "002_fs1" 7 170 22.2229791014974 28.044876685948 -145.220050914812
2 "002_fs1" 7 171 21.5596057535324 27.3501139203655 -124.187916633382
2 "002_fs1" 7 172 20.9246949109723 26.6382300065355 -124.187916633382
2 "002_fs1" 7 173 20.320396001515 25.9100272097838 -124.187916633382
2 "002_fs1" 7 174 19.748858452858 25.1663077954361 -124.187916633382
2 "002_fs1" 7 175 19.212231692699 24.4078740288183 -124.187916633382
2 "002_fs1" 7 176 18.7126651487356 23.6355281752561 -124.187916633382
2 "002_fs1" 7 177 18.2523082486655 22.8500725000755 -124.187916633382
2 "002_fs1" 7 178 17.8275804027601 22.0523092686021 -124.187916633382
2 "002_fs1" 7 179 17.4111256343416 21.2430407461619 -124.187916633382
2 "002_fs1" 7 180 16.9998714222052 20.4230691980806 -114.690978232055
2 "002_fs1" 7 181 16.5947440118469 19.5931968896839 -114.690978232055
2 "002_fs1" 7 182 16.1966696487626 18.7542260862978 -114.690978232055
2 "002_fs1" 7 183 15.8065745784484 17.9069590532481 -114.690978232055
2 "002_fs1" 7 184 15.4253850464002 17.0521980558605 -114.690978232055
2 "002_fs1" 7 185 15.0540272981142 16.1907453594608 -114.690978232055
2 "002_fs1" 7 186 14.6934275790861 15.3234032293749 -110.544775689235
2 "002_fs1" 7 187 14.3445121348122 14.4509739309285 -110.544775689235
2 "002_fs1" 7 188 14.0082072107884 13.5742597294476 -110.544775689235
2 "002_fs1" 7 189 13.6854390525106 12.6940628902577 -110.544775689235
2 "002_fs1" 7 190 13.3771339054749 11.8111856786849 -110.544775689235
2 "002_fs1" 7 191 13.0842180151773 10.9264303600549 -102.749505056182
2 "002_fs1" 7 192 12.8076176271138 10.0405991996934 -102.749505056182
2 "002_fs1" 7 193 12.5482589867803 9.15449446292641 -102.749505056182
2 "002_fs1" 7 194 12.307068339673 8.26891841507958 -102.749505056182
2 "002_fs1" 7 195 12.0849719312877 7.3846733214788 -102.749505056182
2 "002_fs1" 7 196 11.8828960071206 6.50256144744981 -102.749505056182
2 "002_fs1" 7 197 11.7017668126675 5.62338505831849 -102.749505056182
2 "002_fs1" 7 198 11.5425105934245 4.7479464194106 -102.749505056182
2 "002_fs1" 7 199 11.4060535948877 3.87704779605195 -102.749505056182
2 "002_fs1" 7 200 11.2933220625529 3.01149145356837 -102.749505056182
2 "002_fs1" 8 1 161.89349112426 -32.0180943452481 154.52132033137
2 "002_fs1" 8 2 161.10145499525 -31.7103066895975 154.52132033137
2 "002_fs1" 8 3 160.311331104866 -31.3974972286893 154.52132033137
2 "002_fs1" 8 4 159.523124955455 -31.0797138875015 154.52132033137
2 "002_fs1" 8 5 158.736842049368 -30.7570045910121 154.52132033137
2 "002_fs1" 8 6 157.952487888953 -30.429417264199 154.52132033137
2 "002_fs1" 8 7 157.17006797656 -30.0969998320401 154.52132033137
2 "002_fs1" 8 8 156.389587814537 -29.7598002195134 154.52132033137
2 "002_fs1" 8 9 155.611052905235 -29.4178663515969 154.52132033137
2 "002_fs1" 8 10 154.834468751001 -29.0712461532685 154.52132033137
2 "002_fs1" 8 11 154.059840854186 -28.7199875495062 154.52132033137
2 "002_fs1" 8 12 153.287174717138 -28.3641384652879 154.52132033137
2 "002_fs1" 8 13 152.516475842206 -28.0037468255915 154.52132033137
2 "002_fs1" 8 14 151.74774973174 -27.638860555395 154.52132033137
2 "002_fs1" 8 15 150.981001888089 -27.2695275796764 154.52132033137
2 "002_fs1" 8 16 150.216237813602 -26.8957958234137 154.52132033137
2 "002_fs1" 8 17 149.453463010628 -26.5177132115847 154.52132033137
2 "002_fs1" 8 18 148.692682981516 -26.1353276691673 154.52132033137
2 "002_fs1" 8 19 147.933903228615 -25.7486871211397 154.52132033137
2 "002_fs1" 8 20 147.177129254275 -25.3578394924797 154.52132033137
2 "002_fs1" 8 21 146.422366560844 -24.9628327081653 154.52132033137
2 "002_fs1" 8 22 145.669620650672 -24.5637146931743 154.52132033137
2 "002_fs1" 8 23 144.918897026108 -24.1605333724849 154.52132033137
2 "002_fs1" 8 24 144.170201189501 -23.7533366710748 154.52132033137
2 "002_fs1" 8 25 143.4235386432 -23.3421725139222 154.52132033137
2 "002_fs1" 8 26 142.678914889554 -22.9270888260048 154.52132033137
2 "002_fs1" 8 27 141.936335430913 -22.5081335323008 154.52132033137
2 "002_fs1" 8 28 141.195805769626 -22.0853545577879 146.728881188108
2 "002_fs1" 8 29 140.457331408041 -21.6587998274443 146.728881188108
2 "002_fs1" 8 30 139.720917848508 -21.2285172662477 146.728881188108
2 "002_fs1" 8 31 138.986570593376 -20.7945547991763 146.728881188108
2 "002_fs1" 8 32 138.254295144994 -20.3569603512078 146.728881188108
2 "002_fs1" 8 33 137.524097005711 -19.9157818473204 146.728881188108
2 "002_fs1" 8 34 136.795981677877 -19.4710672124919 146.728881188108
2 "002_fs1" 8 35 136.06995466384 -19.0228643717003 146.728881188108
2 "002_fs1" 8 36 135.346021465951 -18.5712212499235 146.728881188108
2 "002_fs1" 8 37 134.624187586557 -18.1161857721395 146.728881188108
2 "002_fs1" 8 38 133.904458528007 -17.6578058633262 146.728881188108
2 "002_fs1" 8 39 133.186839792652 -17.1961294484616 146.728881188108
2 "002_fs1" 8 40 132.471336882841 -16.7312044525237 146.728881188108
2 "002_fs1" 8 41 131.757955300921 -16.2630788004903 146.728881188108
2 "002_fs1" 8 42 131.046700549244 -15.7918004173395 146.728881188108
2 "002_fs1" 8 43 130.337578130157 -15.3174172280492 146.728881188108
2 "002_fs1" 8 44 129.630593546009 -14.8399771575972 146.728881188108
2 "002_fs1" 8 45 128.926135317379 -14.3595281309618 146.728881188108
2 "002_fs1" 8 46 128.225176723913 -13.8761180731206 146.728881188108
2 "002_fs1" 8 47 127.527648972693 -13.3897949090518 146.728881188108
2 "002_fs1" 8 48 126.833424117136 -12.9006065637332 146.728881188108
2 "002_fs1" 8 49 126.142374210657 -12.4086009621427 146.728881188108
2 "002_fs1" 8 50 125.454371306672 -11.9138260292585 146.728881188108
2 "002_fs1" 8 51 124.769287458597 -11.4163296900583 146.728881188108
2 "002_fs1" 8 52 124.086994719846 -10.9161598695202 146.728881188108
2 "002_fs1" 8 53 123.407365143837 -10.4133644926221 146.728881188108
2 "002_fs1" 8 54 122.730270783984 -9.90799148434192 141.190198145064
2 "002_fs1" 8 55 122.055583693703 -9.40008876965766 141.190198145064
2 "002_fs1" 8 56 121.38317592641 -8.88970427354724 141.190198145064
2 "002_fs1" 8 57 120.712919535521 -8.37688592098863 141.190198145064
2 "002_fs1" 8 58 120.044686574451 -7.86168163695979 141.190198145064
2 "002_fs1" 8 59 119.378349096615 -7.34413934643865 141.190198145064
2 "002_fs1" 8 60 118.71377915543 -6.82430697440316 141.190198145064
2 "002_fs1" 8 61 118.050848804312 -6.30223244583129 141.190198145064
2 "002_fs1" 8 62 117.389430096675 -5.777963685701 141.190198145064
2 "002_fs1" 8 63 116.729395085935 -5.2515486189902 141.190198145064
2 "002_fs1" 8 64 116.070615825509 -4.72303517067684 141.190198145064
2 "002_fs1" 8 65 115.412964368811 -4.19247126573893 141.190198145064
2 "002_fs1" 8 66 114.756312769258 -3.65990482915436 141.190198145064
2 "002_fs1" 8 67 114.100533080265 -3.12538378590111 141.190198145064
2 "002_fs1" 8 68 113.445497355248 -2.58895606095712 141.190198145064
2 "002_fs1" 8 69 112.791077647622 -2.05066957930038 141.190198145064
2 "002_fs1" 8 70 112.137146010804 -1.51057226590876 141.190198145064
2 "002_fs1" 8 71 111.483574498208 -0.968712045760299 141.190198145064
2 "002_fs1" 8 72 110.830235163251 -0.425136843832888 141.190198145064
2 "002_fs1" 8 73 110.177000059347 0.120105414895505 141.190198145064
2 "002_fs1" 8 74 109.523741239914 0.666966805446918 141.190198145064
2 "002_fs1" 8 75 108.870330758366 1.21539940284342 141.190198145064
2 "002_fs1" 8 76 108.216640668119 1.76535528210704 141.190198145064
2 "002_fs1" 8 77 107.562543022588 2.31678651825982 139.235403544348
2 "002_fs1" 8 78 106.907909875191 2.86964518632385 139.235403544348
2 "002_fs1" 8 79 106.252613279341 3.42388336132112 139.235403544348
2 "002_fs1" 8 80 105.596525288455 3.97945311827374 139.235403544348
2 "002_fs1" 8 81 104.939517955948 4.53630653220372 139.235403544348
2 "002_fs1" 8 82 104.281463335236 5.09439567813311 139.235403544348
2 "002_fs1" 8 83 103.622233479736 5.65367263108399 139.235403544348
2 "002_fs1" 8 84 102.961700442861 6.21408946607838 139.235403544348
2 "002_fs1" 8 85 102.299736278029 6.77559825813833 139.235403544348
2 "002_fs1" 8 86 101.637428825041 7.33814577665984 139.235403544348
2 "002_fs1" 8 87 100.977926197992 7.90162745968919 139.235403544348
2 "002_fs1" 8 88 100.321228394732 8.46590995944027 139.235403544348
2 "002_fs1" 8 89 99.667148441016 9.0308596101479 139.235403544348
2 "002_fs1" 8 90 99.0154993626004 9.59634274604684 139.235403544348
2 "002_fs1" 8 91 98.3660941852414 10.162225701372 139.235403544348
2 "002_fs1" 8 92 97.7187459346951 10.7283748103581 139.235403544348
2 "002_fs1" 8 93 97.0732676367176 11.29465640724 139.235403544348
2 "002_fs1" 8 94 96.4294723170651 11.8609368262526 139.235403544348
2 "002_fs1" 8 95 95.7871730014937 12.4270824016305 139.235403544348
2 "002_fs1" 8 96 95.1461827157594 12.9929594676088 139.235403544348
2 "002_fs1" 8 97 94.5063144856185 13.558434358422 139.235403544348
2 "002_fs1" 8 98 93.8673813368271 14.1233734083052 139.235403544348
2 "002_fs1" 8 99 93.2291962951412 14.6876429514931 139.690735231076
2 "002_fs1" 8 100 92.5915723863172 15.2511093222205 139.690735231076
2 "002_fs1" 8 101 91.9543226361109 15.8136388547222 139.690735231076
2 "002_fs1" 8 102 91.3172600702787 16.3750978832331 139.690735231076
2 "002_fs1" 8 103 90.6801977145766 16.9353527419879 139.690735231076
2 "002_fs1" 8 104 90.0429485947607 17.4942697652216 139.690735231076
2 "002_fs1" 8 105 89.4053257365872 18.0517152871688 139.690735231076
2 "002_fs1" 8 106 88.7671421658123 18.6075556420644 139.690735231076
2 "002_fs1" 8 107 88.128210908192 19.1616571641433 139.690735231076
2 "002_fs1" 8 108 87.4883449894824 19.7138861876402 139.690735231076
2 "002_fs1" 8 109 86.8473574354398 20.26410904679 139.690735231076
2 "002_fs1" 8 110 86.2050612718202 20.8121920758275 139.690735231076
2 "002_fs1" 8 111 85.5612695243798 21.3580016089875 139.690735231076
2 "002_fs1" 8 112 84.9157952188747 21.9014039805047 139.690735231076
2 "002_fs1" 8 113 84.268451381061 22.4422655246142 139.690735231076
2 "002_fs1" 8 114 83.6190510366949 22.9804525755505 139.690735231076
2 "002_fs1" 8 115 82.9674072115325 23.5158314675487 139.690735231076
2 "002_fs1" 8 116 82.3133329313299 24.0482685348434 139.690735231076
2 "002_fs1" 8 117 81.6566412218432 24.5776301116695 139.690735231076
2 "002_fs1" 8 118 80.9971451088286 25.1037825322618 139.690735231076
2 "002_fs1" 8 119 80.3346576180423 25.6265921308552 139.690735231076
2 "002_fs1" 8 120 79.6689917752403 26.1459252416844 146.362197553418
2 "002_fs1" 8 121 78.9999606061788 26.6616481989842 146.362197553418
2 "002_fs1" 8 122 78.3273771366139 27.1736273369896 146.362197553418
2 "002_fs1" 8 123 77.6510543923017 27.6817289899352 146.362197553418
2 "002_fs1" 8 124 76.9708053989984 28.185819492056 146.362197553418
2 "002_fs1" 8 125 76.2864431824601 28.6857651775867 146.362197553418
2 "002_fs1" 8 126 75.5977807684429 29.1814323807621 146.362197553418
2 "002_fs1" 8 127 74.904631182703 29.6726874358171 146.362197553418
2 "002_fs1" 8 128 74.2068074509965 30.1593966769865 146.362197553418
2 "002_fs1" 8 129 73.5041225990795 30.6414264385051 146.362197553418
2 "002_fs1" 8 130 72.7963896527081 31.1186430546076 146.362197553418
2 "002_fs1" 8 131 72.0834216376386 31.5909128595291 146.362197553418
2 "002_fs1" 8 132 71.365031579627 32.0581021875041 146.362197553418
2 "002_fs1" 8 133 70.6410325044293 32.5200773727676 146.362197553418
2 "002_fs1" 8 134 69.9099381510643 32.9766813071745 146.362197553418
2 "002_fs1" 8 135 69.1688485825857 33.4275581655662 146.362197553418
2 "002_fs1" 8 136 68.4181721844496 33.8722520161202 146.362197553418
2 "002_fs1" 8 137 67.6584570349034 34.3103061634583 146.362197553418
2 "002_fs1" 8 138 66.8902512121942 34.7412639122018 146.362197553418
2 "002_fs1" 8 139 66.1141027945691 35.1646685669724 146.362197553418
2 "002_fs1" 8 140 65.3305598602754 35.5800634323916 158.401503568956
2 "002_fs1" 8 141 64.5401704875603 35.9869918130809 158.401503568956
2 "002_fs1" 8 142 63.743482754671 36.3849970136619 158.401503568956
2 "002_fs1" 8 143 62.9410447398546 36.7736223387562 158.401503568956
2 "002_fs1" 8 144 62.1334045213584 37.1524110929851 158.401503568956
2 "002_fs1" 8 145 61.3211101774294 37.5209065809704 158.401503568956
2 "002_fs1" 8 146 60.5047097863151 37.8786521073335 158.401503568956
2 "002_fs1" 8 147 59.6847514262624 38.225190976696 158.401503568956
2 "002_fs1" 8 148 58.8617831755186 38.5600664936793 158.401503568956
2 "002_fs1" 8 149 58.036353112331 38.8828219629051 158.401503568956
2 "002_fs1" 8 150 57.2090093149466 39.1930006889949 158.401503568956
2 "002_fs1" 8 151 56.3802998616127 39.4901459765702 158.401503568956
2 "002_fs1" 8 152 55.5507728305765 39.7738011302526 158.401503568956
2 "002_fs1" 8 153 54.7209763000852 40.0435094546636 158.401503568956
2 "002_fs1" 8 154 53.8914583483859 40.2988142544247 158.401503568956
2 "002_fs1" 8 155 53.0627670537259 40.5392588341576 158.401503568956
2 "002_fs1" 8 156 52.2354504943523 40.7643864984836 158.401503568956
2 "002_fs1" 8 157 51.4100567485123 40.9737405520244 174.044473652079
2 "002_fs1" 8 158 50.5871338944532 41.1668642994015 174.044473652079
2 "002_fs1" 8 159 49.767230010422 41.3433010452364 174.044473652079
2 "002_fs1" 8 160 48.9508931746661 41.5025940941507 174.044473652079
2 "002_fs1" 8 161 48.1386714654326 41.6442867507659 174.044473652079
2 "002_fs1" 8 162 47.3311129609687 41.7679223197036 174.044473652079
2 "002_fs1" 8 163 46.5287657395215 41.8730441055853 174.044473652079
2 "002_fs1" 8 164 45.7321778793383 41.9591954130325 174.044473652079
2 "002_fs1" 8 165 44.9418974586662 42.0259195466668 174.044473652079
2 "002_fs1" 8 166 44.1584725557526 42.0727598111097 174.044473652079
2 "002_fs1" 8 167 43.3824456164423 42.0992595109827 174.044473652079
2 "002_fs1" 8 168 42.61084871981 42.1049619509075 174.044473652079
2 "002_fs1" 8 169 41.840868980016 42.0894104355054 174.044473652079
2 "002_fs1" 8 170 41.0725111725441 42.0521482693982 174.044473652079
2 "002_fs1" 8 171 40.3057800728777 41.9927187572073 -167.666131158911
2 "002_fs1" 8 172 39.5406804565005 41.9106652035541 -167.666131158911
2 "002_fs1" 8 173 38.7772170988959 41.8055309130604 -167.666131158911
2 "002_fs1" 8 174 38.0153947755475 41.6768591903477 -167.666131158911
2 "002_fs1" 8 175 37.2552182619389 41.5241933400374 -167.666131158911
2 "002_fs1" 8 176 36.4966923335538 41.347076666751 -167.666131158911
2 "002_fs1" 8 177 35.7398217658755 41.1450524751103 -167.666131158911
2 "002_fs1" 8 178 34.9846113343878 40.9176640697366 -167.666131158911
2 "002_fs1" 8 179 34.231065814574 40.6644547552515 -167.666131158911
2 "002_fs1" 8 180 33.479189981918 40.3849678362766 -154.169955940635
2 "002_fs1" 8 181 32.728988611903 40.0787466174334 -154.169955940635
2 "002_fs1" 8 182 31.9804664800129 39.7453344033435 -154.169955940635
2 "002_fs1" 8 183 31.2336283617311 39.3842744986283 -154.169955940635
2 "002_fs1" 8 184 30.4884790325411 38.9951102079094 -154.169955940635
2 "002_fs1" 8 185 29.7450232679266 38.5773848358085 -154.169955940635
2 "002_fs1" 8 186 29.003265843371 38.1306416869469 -144.731026005378
2 "002_fs1" 8 187 28.2632115343581 37.6544240659462 -144.731026005378
2 "002_fs1" 8 188 27.5248651163713 37.148275277428 -144.731026005378
2 "002_fs1" 8 189 26.7882313648941 36.6117386260138 -144.731026005378
2 "002_fs1" 8 190 26.0533150554103 36.0443574163252 -144.731026005378
2 "002_fs1" 8 191 25.3201209634032 35.4456749529837 -133.496156735037
2 "002_fs1" 8 192 24.5886538643566 34.8152345406108 -133.496156735037
2 "002_fs1" 8 193 23.8589185337539 34.1525794838281 -133.496156735037
2 "002_fs1" 8 194 23.1309197470787 33.4572530872571 -133.496156735037
2 "002_fs1" 8 195 22.4046622798146 32.7287986555194 -133.496156735037
2 "002_fs1" 8 196 21.6801509074451 31.9667594932364 -133.496156735037
2 "002_fs1" 8 197 20.9573904054539 31.1706789050297 -133.496156735037
2 "002_fs1" 8 198 20.2363855493244 30.340100195521 -133.496156735037
2 "002_fs1" 8 199 19.5171411145402 29.4745666693316 -133.496156735037
2 "002_fs1" 8 200 18.799661876585 28.5736216310832 -133.496156735037
2 "002_fs1" 9 1 171.631445477599 -37.2928196199735 152.599424515504
2 "002_fs1" 9 2 170.79541541688 -36.8792666729333 152.599424515504
2 "002_fs1" 9 3 169.960677206879 -36.4652193028227 152.599424515504
2 "002_fs1" 9 4 169.127243384644 -36.050631372021 152.599424515504
2 "002_fs1" 9 5 168.295126487223 -35.6354567429075 152.599424515504
2 "002_fs1" 9 6 167.464339051662 -35.2196492778617 152.599424515504
2 "002_fs1" 9 7 166.634893615009 -34.8031628392628 152.599424515504
2 "002_fs1" 9 8 165.806802714311 -34.3859512894902 152.599424515504
2 "002_fs1" 9 9 164.980078886615 -33.9679684909233 152.599424515504
2 "002_fs1" 9 10 164.154734668968 -33.5491683059414 152.599424515504
2 "002_fs1" 9 11 163.330782598417 -33.1295045969239 152.599424515504
2 "002_fs1" 9 12 162.508235212009 -32.7089312262501 152.599424515504
2 "002_fs1" 9 13 161.687105046792 -32.2874020562994 152.599424515504
2 "002_fs1" 9 14 160.867404639813 -31.8648709494511 152.599424515504
2 "002_fs1" 9 15 160.049146528118 -31.4412917680846 152.599424515504
2 "002_fs1" 9 16 159.232343248756 -31.0166183745792 152.599424515504
2 "002_fs1" 9 17 158.417007338773 -30.5908046313142 152.599424515504
2 "002_fs1" 9 18 157.603151335216 -30.1638044006691 152.599424515504
2 "002_fs1" 9 19 156.790787775132 -29.7355715450232 152.599424515504
2 "002_fs1" 9 20 155.979929195569 -29.3060599267558 152.599424515504
2 "002_fs1" 9 21 155.170588133574 -28.8752234082463 152.599424515504
2 "002_fs1" 9 22 154.362777126194 -28.443015851874 152.599424515504
2 "002_fs1" 9 23 153.556508710475 -28.0093911200182 152.599424515504
2 "002_fs1" 9 24 152.751795423466 -27.5743030750585 152.599424515504
2 "002_fs1" 9 25 151.948649802214 -27.1377055793739 152.599424515504
2 "002_fs1" 9 26 151.147084383765 -26.6995524953441 152.599424515504
2 "002_fs1" 9 27 150.347111705166 -26.2597976853482 152.599424515504
2 "002_fs1" 9 28 149.548744303466 -25.8183950117656 149.00428831846
2 "002_fs1" 9 29 148.75199471571 -25.3752983369758 149.00428831846
2 "002_fs1" 9 30 147.956875478947 -24.9304615233579 149.00428831846
2 "002_fs1" 9 31 147.163399130222 -24.4838384332915 149.00428831846
2 "002_fs1" 9 32 146.371578206584 -24.0353829291558 149.00428831846
2 "002_fs1" 9 33 145.58142524508 -23.5850488733302 149.00428831846
2 "002_fs1" 9 34 144.792952782757 -23.132790128194 149.00428831846
2 "002_fs1" 9 35 144.006173356661 -22.6785605561266 149.00428831846
2 "002_fs1" 9 36 143.22109950384 -22.2223140195073 149.00428831846
2 "002_fs1" 9 37 142.437743761342 -21.7640043807156 149.00428831846
2 "002_fs1" 9 38 141.656118666213 -21.3035855021307 149.00428831846
2 "002_fs1" 9 39 140.8762367555 -20.841011246132 149.00428831846
2 "002_fs1" 9 40 140.097725711769 -20.3762354750988 149.00428831846
2 "002_fs1" 9 41 139.320040381111 -19.9092120514105 149.00428831846
2 "002_fs1" 9 42 138.543209198743 -19.4398948374465 149.00428831846
2 "002_fs1" 9 43 137.767265915585 -18.9682376955861 149.00428831846
2 "002_fs1" 9 44 136.99224428256 -18.4941944882086 149.00428831846
2 "002_fs1" 9 45 136.218178050588 -18.0177190776935 149.00428831846
2 "002_fs1" 9 46 135.445100970591 -17.53876532642 149.00428831846
2 "002_fs1" 9 47 134.673046793491 -17.0572870967675 149.00428831846
2 "002_fs1" 9 48 133.902049270209 -16.5732382511153 149.00428831846
2 "002_fs1" 9 49 133.132142151667 -16.0865726518428 149.00428831846
2 "002_fs1" 9 50 132.363359188787 -15.5972441613294 149.00428831846
2 "002_fs1" 9 51 131.595734132489 -15.1052066419545 149.00428831846
2 "002_fs1" 9 52 130.829300733696 -14.6104139560972 149.00428831846
2 "002_fs1" 9 53 130.064092743328 -14.1128199661371 149.00428831846
2 "002_fs1" 9 54 129.300143912308 -13.6123785344534 144.243584204288
2 "002_fs1" 9 55 128.537487991558 -13.1090435234256 144.243584204288
2 "002_fs1" 9 56 127.776158731998 -12.6027687954329 144.243584204288
2 "002_fs1" 9 57 127.01618988455 -12.0935082128547 144.243584204288
2 "002_fs1" 9 58 126.257615200135 -11.5812156380704 144.243584204288
2 "002_fs1" 9 59 125.500468429676 -11.0658449334593 144.243584204288
2 "002_fs1" 9 60 124.744783324093 -10.5473499614007 144.243584204288
2 "002_fs1" 9 61 123.990593634309 -10.0256845842741 144.243584204288
2 "002_fs1" 9 62 123.237933111245 -9.50080266445877 144.243584204288
2 "002_fs1" 9 63 122.486835505821 -8.97265806433401 144.243584204288
2 "002_fs1" 9 64 121.737334568961 -8.44120464627926 144.243584204288
2 "002_fs1" 9 65 120.989464051585 -7.90639627267382 144.243584204288
2 "002_fs1" 9 66 120.243257704615 -7.36818680589704 144.243584204288
2 "002_fs1" 9 67 119.498749278973 -6.82653010832828 144.243584204288
2 "002_fs1" 9 68 118.755972525579 -6.28138004234691 144.243584204288
2 "002_fs1" 9 69 118.014961195356 -5.73269047033227 144.243584204288
2 "002_fs1" 9 70 117.275749039225 -5.1804152546637 144.243584204288
2 "002_fs1" 9 71 116.538369808108 -4.62450825772052 144.243584204288
2 "002_fs1" 9 72 115.802857252926 -4.06492334188218 144.243584204288
2 "002_fs1" 9 73 115.069245124601 -3.50161436952791 144.243584204288
2 "002_fs1" 9 74 114.337567174053 -2.93453520303714 144.243584204288
2 "002_fs1" 9 75 113.607857152206 -2.36363970478922 144.243584204288
2 "002_fs1" 9 76 112.88014880998 -1.78888173716345 144.243584204288
2 "002_fs1" 9 77 112.154475898297 -1.21021516253924 137.948520864902
2 "002_fs1" 9 78 111.430872168078 -0.627593843295898 137.948520864902
2 "002_fs1" 9 79 110.709371370245 -0.0409716418127744 137.948520864902
2 "002_fs1" 9 80 109.990007255719 0.549697579530743 137.948520864902
2 "002_fs1" 9 81 109.272813575422 1.14445995835533 137.948520864902
2 "002_fs1" 9 82 108.557824080276 1.74336163228162 137.948520864902
2 "002_fs1" 9 83 107.845072521202 2.34644873893029 137.948520864902
2 "002_fs1" 9 84 107.134592649122 2.95376741592196 137.948520864902
2 "002_fs1" 9 85 106.42641930894 3.56536380041695 137.948520864902
2 "002_fs1" 9 86 105.723101401798 4.18123096851869 137.948520864902
2 "002_fs1" 9 87 105.026703886821 4.80116269196239 137.948520864902
2 "002_fs1" 9 88 104.336842467655 5.42490595639566 137.948520864902
2 "002_fs1" 9 89 103.653132847949 6.05220774746613 137.948520864902
2 "002_fs1" 9 90 102.975190731352 6.68281505082135 137.948520864902
2 "002_fs1" 9 91 102.30263182151 7.31647485210897 137.948520864902
2 "002_fs1" 9 92 101.635071822072 7.95293413697661 137.948520864902
2 "002_fs1" 9 93 100.972126436685 8.59193989107183 137.948520864902
2 "002_fs1" 9 94 100.313411368998 9.23323910004231 137.948520864902
2 "002_fs1" 9 95 99.6585423226584 9.87657874953558 137.948520864902
2 "002_fs1" 9 96 99.0071350013142 10.5217058251993 137.948520864902
2 "002_fs1" 9 97 98.3588051086131 11.1683673126811 137.948520864902
2 "002_fs1" 9 98 97.7131683482031 11.8163101976286 137.948520864902
2 "002_fs1" 9 99 97.0698404237322 12.4652814656893 135.372884932762
2 "002_fs1" 9 100 96.4284370388481 13.1150281025108 135.372884932762
2 "002_fs1" 9 101 95.7885738971988 13.7652970937409 135.372884932762
2 "002_fs1" 9 102 95.1498667024322 14.4158354250271 135.372884932762
2 "002_fs1" 9 103 94.5119311581961 15.0663900820169 135.372884932762
2 "002_fs1" 9 104 93.8743829681386 15.7167080503581 135.372884932762
2 "002_fs1" 9 105 93.2368378359074 16.3665363156982 135.372884932762
2 "002_fs1" 9 106 92.5989114651505 17.0156218636848 135.372884932762
2 "002_fs1" 9 107 91.9602195595157 17.6637116799656 135.372884932762
2 "002_fs1" 9 108 91.3203778226509 18.3105527501881 135.372884932762
2 "002_fs1" 9 109 90.6790019582041 18.95589206 135.372884932762
2 "002_fs1" 9 110 90.0357076698232 19.5994765950489 135.372884932762
2 "002_fs1" 9 111 89.390110661156 20.2410533409823 135.372884932762
2 "002_fs1" 9 112 88.7418266358504 20.8803692834479 135.372884932762
2 "002_fs1" 9 113 88.0904712975544 21.5171714080933 135.372884932762
2 "002_fs1" 9 114 87.4356603499158 22.1512067005661 135.372884932762
2 "002_fs1" 9 115 86.7770094965825 22.782222146514 135.372884932762
2 "002_fs1" 9 116 86.1141344412024 23.4099647315844 135.372884932762
2 "002_fs1" 9 117 85.4466508874234 24.0341814414251 135.372884932762
2 "002_fs1" 9 118 84.7741745388934 24.6546192616836 135.372884932762
2 "002_fs1" 9 119 84.0963210992604 25.2710251780076 135.372884932762
2 "002_fs1" 9 120 83.4127062721721 25.8831461760446 144.418086680641
2 "002_fs1" 9 121 82.7229457612765 26.4907292414423 144.418086680641
2 "002_fs1" 9 122 82.0266552702215 27.0935213598483 144.418086680641
2 "002_fs1" 9 123 81.323450502655 27.6912695169102 144.418086680641
2 "002_fs1" 9 124 80.6129471622248 28.2837206982755 144.418086680641
2 "002_fs1" 9 125 79.8947609525789 28.870621889592 144.418086680641
2 "002_fs1" 9 126 79.1685075773652 29.4517200765071 144.418086680641
2 "002_fs1" 9 127 78.4338027402316 30.0267622446686 144.418086680641
2 "002_fs1" 9 128 77.6902621448259 30.5954953797241 144.418086680641
2 "002_fs1" 9 129 76.9375003583203 31.1576664668851 144.418086680641
2 "002_fs1" 9 130 76.1734773826851 31.7129944535493 144.418086680641
2 "002_fs1" 9 131 75.3969551475685 32.2610944201931 144.418086680641
2 "002_fs1" 9 132 74.6084912949378 32.8015574007539 144.418086680641
2 "002_fs1" 9 133 73.8086434667599 33.3339744291691 144.418086680641
2 "002_fs1" 9 134 72.997969305002 33.8579365393761 144.418086680641
2 "002_fs1" 9 135 72.1770264516313 34.3730347653122 144.418086680641
2 "002_fs1" 9 136 71.3463725486149 34.8788601409148 144.418086680641
2 "002_fs1" 9 137 70.5065652379199 35.3750037001215 144.418086680641
2 "002_fs1" 9 138 69.6581621615134 35.8610564768695 144.418086680641
2 "002_fs1" 9 139 68.8017209613626 36.3366095050962 144.418086680641
2 "002_fs1" 9 140 67.9377992794346 36.8012538187391 158.670588833344
2 "002_fs1" 9 141 67.0669547576964 37.2545804517356 158.670588833344
2 "002_fs1" 9 142 66.1897450381153 37.6961804380229 158.670588833344
2 "002_fs1" 9 143 65.3067277626584 38.1256448115386 158.670588833344
2 "002_fs1" 9 144 64.4184605732928 38.5425646062201 158.670588833344
2 "002_fs1" 9 145 63.5255011119856 38.9465308560047 158.670588833344
2 "002_fs1" 9 146 62.6284070207039 39.3371345948298 158.670588833344
2 "002_fs1" 9 147 61.7277359414149 39.7139668566328 158.670588833344
2 "002_fs1" 9 148 60.8240455160856 40.0766186753511 158.670588833344
2 "002_fs1" 9 149 59.9178933866834 40.4246810849221 158.670588833344
2 "002_fs1" 9 150 59.0098371951751 40.7577451192833 158.670588833344
2 "002_fs1" 9 151 58.100434583528 41.0754018123719 158.670588833344
2 "002_fs1" 9 152 57.1902431937093 41.3772421981255 158.670588833344
2 "002_fs1" 9 153 56.2798206676859 41.6628573104813 158.670588833344
2 "002_fs1" 9 154 55.3697246474251 41.9318381833768 158.670588833344
2 "002_fs1" 9 155 54.460512774894 42.1837758507494 158.670588833344
2 "002_fs1" 9 156 53.5527426920597 42.4182613465365 158.670588833344
2 "002_fs1" 9 157 52.6469720408893 42.6348857046755 174.936775941992
2 "002_fs1" 9 158 51.74375846335 42.8332399591037 174.936775941992
2 "002_fs1" 9 159 50.8436596014089 43.0129151437586 174.936775941992
2 "002_fs1" 9 160 49.947233097033 43.1735022925776 174.936775941992
2 "002_fs1" 9 161 49.0550365921897 43.3145924394981 174.936775941992
2 "002_fs1" 9 162 48.1676277288458 43.4357766184574 174.936775941992
2 "002_fs1" 9 163 47.2855641489687 43.5366458633929 174.936775941992
2 "002_fs1" 9 164 46.4094034945254 43.6167912082421 174.936775941992
2 "002_fs1" 9 165 45.539703407483 43.6758036869424 174.936775941992
2 "002_fs1" 9 166 44.6770215298087 43.7132743334311 174.936775941992
2 "002_fs1" 9 167 43.8219155034696 43.7287941816456 174.936775941992
2 "002_fs1" 9 168 42.9749429704328 43.7219542655234 174.936775941992
2 "002_fs1" 9 169 42.1366615726654 43.6923456190018 174.936775941992
2 "002_fs1" 9 170 41.3076289521347 43.6395592760182 174.936775941992
2 "002_fs1" 9 171 40.4881334627395 43.56318627051 -166.802537678975
2 "002_fs1" 9 172 39.6734886667458 43.4628176364147 -166.802537678975
2 "002_fs1" 9 173 38.8617926550813 43.3380444076695 -166.802537678975
2 "002_fs1" 9 174 38.0530255932809 43.188457618212 -166.802537678975
2 "002_fs1" 9 175 37.2471676468791 43.0136483019795 -166.802537678975
2 "002_fs1" 9 176 36.4441989814108 42.8132074929094 -166.802537678975
2 "002_fs1" 9 177 35.6440997624107 42.5867262249391 -166.802537678975
2 "002_fs1" 9 178 34.8468501554134 42.3337955320059 -166.802537678975
2 "002_fs1" 9 179 34.0524303259537 42.0540064480474 -166.802537678975
2 "002_fs1" 9 180 33.2608204395663 41.7469500070008 -153.431331159262
2 "002_fs1" 9 181 32.4720006617859 41.4122172428036 -153.431331159262
2 "002_fs1" 9 182 31.6859511581473 41.0493991893933 -153.431331159262
2 "002_fs1" 9 183 30.9026520941852 40.658086880707 -153.431331159262
2 "002_fs1" 9 184 30.1220836354343 40.2378713506824 -153.431331159262
2 "002_fs1" 9 185 29.3442259474292 39.7883436332567 -153.431331159262
2 "002_fs1" 9 186 28.5690591957048 39.3090947623673 -144.135852277984
2 "002_fs1" 9 187 27.7965635457958 38.7997157719517 -144.135852277984
2 "002_fs1" 9 188 27.0267191632368 38.2597976959473 -144.135852277984
2 "002_fs1" 9 189 26.2595062135627 37.6889315682914 -144.135852277984
2 "002_fs1" 9 190 25.494904862308 37.0867084229215 -144.135852277984
2 "002_fs1" 9 191 24.7328952750076 36.4527192937749 -133.118743227342
2 "002_fs1" 9 192 23.9734576171961 35.786555214789 -133.118743227342
2 "002_fs1" 9 193 23.2165720544083 35.0878072199013 -133.118743227342
2 "002_fs1" 9 194 22.462218752179 34.3560663430491 -133.118743227342
2 "002_fs1" 9 195 21.7103778760427 33.5909236181698 -133.118743227342
2 "002_fs1" 9 196 20.9610295915342 32.7919700792008 -133.118743227342
2 "002_fs1" 9 197 20.2141540641884 31.9587967600796 -133.118743227342
2 "002_fs1" 9 198 19.4697314595398 31.0909946947434 -133.118743227342
2 "002_fs1" 9 199 18.7277419431232 30.1881549171298 -133.118743227342
2 "002_fs1" 9 200 17.9881656804733 29.2498684611761 -133.118743227342
2 "002_fs1" 10 1 180.760777683855 -42.2294214796523 154.47391428938
2 "002_fs1" 10 2 179.858873510656 -41.8074684339828 154.47391428938
2 "002_fs1" 10 3 178.958742220347 -41.3862707679187 154.47391428938
2 "002_fs1" 10 4 178.060380713919 -40.9657510324616 154.47391428938
2 "002_fs1" 10 5 177.163785892364 -40.5458317786132 154.47391428938
2 "002_fs1" 10 6 176.268954656675 -40.1264355573753 154.47391428938
2 "002_fs1" 10 7 175.375883907842 -39.7074849197496 154.47391428938
2 "002_fs1" 10 8 174.48457054686 -39.2889024167379 154.47391428938
2 "002_fs1" 10 9 173.595011474719 -38.8706105993417 154.47391428938
2 "002_fs1" 10 10 172.707203592411 -38.4525320185629 154.47391428938
2 "002_fs1" 10 11 171.821143800929 -38.0345892254032 154.47391428938
2 "002_fs1" 10 12 170.936829001265 -37.6167047708643 154.47391428938
2 "002_fs1" 10 13 170.054256094411 -37.198801205948 154.47391428938
2 "002_fs1" 10 14 169.173421981359 -36.7808010816559 154.47391428938
2 "002_fs1" 10 15 168.294323563101 -36.3626269489898 154.47391428938
2 "002_fs1" 10 16 167.416957740629 -35.9442013589513 154.47391428938
2 "002_fs1" 10 17 166.541321414935 -35.5254468625424 154.47391428938
2 "002_fs1" 10 18 165.667411487011 -35.1062860107645 154.47391428938
2 "002_fs1" 10 19 164.795224857849 -34.6866413546195 154.47391428938
2 "002_fs1" 10 20 163.924758428442 -34.2664354451091 154.47391428938
2 "002_fs1" 10 21 163.056009099782 -33.845590833235 154.47391428938
2 "002_fs1" 10 22 162.18897377286 -33.424030069999 154.47391428938
2 "002_fs1" 10 23 161.323649348668 -33.0016757064027 154.47391428938
2 "002_fs1" 10 24 160.4600327282 -32.5784502934479 154.47391428938
2 "002_fs1" 10 25 159.598120812446 -32.1542763821363 154.47391428938
2 "002_fs1" 10 26 158.737910502399 -31.7290765234696 154.47391428938
2 "002_fs1" 10 27 157.87939869905 -31.3027732684496 154.47391428938
2 "002_fs1" 10 28 157.022582303393 -30.875289168078 151.582551152647
2 "002_fs1" 10 29 156.167458216419 -30.4465467733564 151.582551152647
2 "002_fs1" 10 30 155.31402333912 -30.0164686352867 151.582551152647
2 "002_fs1" 10 31 154.462274572488 -29.5849773048705 151.582551152647
2 "002_fs1" 10 32 153.612208817516 -29.1519953331096 151.582551152647
2 "002_fs1" 10 33 152.763822975195 -28.7174452710057 151.582551152647
2 "002_fs1" 10 34 151.917113946517 -28.2812496695605 151.582551152647
2 "002_fs1" 10 35 151.072078632475 -27.8433310797757 151.582551152647
2 "002_fs1" 10 36 150.228713934061 -27.403612052653 151.582551152647
2 "002_fs1" 10 37 149.387016752266 -26.9620151391943 151.582551152647
2 "002_fs1" 10 38 148.546983988083 -26.5184628904011 151.582551152647
2 "002_fs1" 10 39 147.708612542504 -26.0728778572753 151.582551152647
2 "002_fs1" 10 40 146.87189931652 -25.6251825908186 151.582551152647
2 "002_fs1" 10 41 146.036841211125 -25.1752996420325 151.582551152647
2 "002_fs1" 10 42 145.20343512731 -24.723151561919 151.582551152647
2 "002_fs1" 10 43 144.371677966067 -24.2686609014797 151.582551152647
2 "002_fs1" 10 44 143.541566628388 -23.8117502117164 151.582551152647
2 "002_fs1" 10 45 142.713098015265 -23.3523420436307 151.582551152647
2 "002_fs1" 10 46 141.886269027691 -22.8903589482244 151.582551152647
2 "002_fs1" 10 47 141.061076566657 -22.4257234764992 151.582551152647
2 "002_fs1" 10 48 140.237517533156 -21.9583581794568 151.582551152647
2 "002_fs1" 10 49 139.41558882818 -21.488185608099 151.582551152647
2 "002_fs1" 10 50 138.59528735272 -21.0151283134275 151.582551152647
2 "002_fs1" 10 51 137.776610007768 -20.5391088464439 151.582551152647
2 "002_fs1" 10 52 136.959553694318 -20.0600497581501 151.582551152647
2 "002_fs1" 10 53 136.143649556083 -19.5778735995477 151.582551152647
2 "002_fs1" 10 54 135.328442541985 -19.0925029216385 146.481301978677
2 "002_fs1" 10 55 134.514021235043 -18.6038602754242 146.481301978677
2 "002_fs1" 10 56 133.700474508165 -18.1118682119065 146.481301978677
2 "002_fs1" 10 57 132.887891234261 -17.6164492820871 146.481301978677
2 "002_fs1" 10 58 132.07636028624 -17.1175260369678 146.481301978677
2 "002_fs1" 10 59 131.265970537011 -16.6150210275503 146.481301978677
2 "002_fs1" 10 60 130.456810859481 -16.1088568048363 146.481301978677
2 "002_fs1" 10 61 129.648970126562 -15.5989559198274 146.481301978677
2 "002_fs1" 10 62 128.84253721116 -15.0852409235256 146.481301978677
2 "002_fs1" 10 63 128.037600986186 -14.5676343669324 146.481301978677
2 "002_fs1" 10 64 127.234250324547 -14.0460588010496 146.481301978677
2 "002_fs1" 10 65 126.432574099154 -13.520436776879 146.481301978677
2 "002_fs1" 10 66 125.632661182915 -12.9906908454222 146.481301978677
2 "002_fs1" 10 67 124.834600448738 -12.4567435576809 146.481301978677
2 "002_fs1" 10 68 124.038480769533 -11.9185174646569 146.481301978677
2 "002_fs1" 10 69 123.244391018208 -11.375935117352 146.481301978677
2 "002_fs1" 10 70 122.452420067673 -10.8289190667678 146.481301978677
2 "002_fs1" 10 71 121.662656790836 -10.277391863906 146.481301978677
2 "002_fs1" 10 72 120.875190060607 -9.7212760597684 146.481301978677
2 "002_fs1" 10 73 120.090108749893 -9.16049420535668 146.481301978677
2 "002_fs1" 10 74 119.307501731605 -8.59496885167263 146.481301978677
2 "002_fs1" 10 75 118.527457878651 -8.02462254971792 146.481301978677
2 "002_fs1" 10 76 117.750066063939 -7.44937785049424 146.481301978677
2 "002_fs1" 10 77 116.97541516038 -6.8691573050034 138.849730830646
2 "002_fs1" 10 78 116.20359404088 -6.28388346424705 138.849730830646
2 "002_fs1" 10 79 115.434691578351 -5.69347887922697 138.849730830646
2 "002_fs1" 10 80 114.6687966457 -5.0978661009448 138.849730830646
2 "002_fs1" 10 81 113.905998115836 -4.49696768040235 138.849730830646
2 "002_fs1" 10 82 113.146384861668 -3.8907061686013 138.849730830646
2 "002_fs1" 10 83 112.390045756106 -3.27900411654338 138.849730830646
2 "002_fs1" 10 84 111.637069672058 -2.66178407523032 138.849730830646
2 "002_fs1" 10 85 110.887545482432 -2.03896859566382 138.849730830646
2 "002_fs1" 10 86 110.141562060139 -1.41048022884561 138.849730830646
2 "002_fs1" 10 87 109.399208278086 -0.776241525777436 138.849730830646
2 "002_fs1" 10 88 108.660573009183 -0.136175037460987 138.849730830646
2 "002_fs1" 10 89 107.925745126338 0.509796685101975 138.849730830646
2 "002_fs1" 10 90 107.194813502461 1.16175109090975 138.849730830646
2 "002_fs1" 10 91 106.46786701046 1.81976562896062 138.849730830646
2 "002_fs1" 10 92 105.745036182037 2.48391761290304 138.849730830646
2 "002_fs1" 10 93 105.029699337269 3.15417853613451 138.849730830646
2 "002_fs1" 10 94 104.323568563378 3.83022458577344 138.849730830646
2 "002_fs1" 10 95 103.626097849989 4.51168083750903 138.849730830646
2 "002_fs1" 10 96 102.936741186731 5.19817236703051 138.849730830646
2 "002_fs1" 10 97 102.254952563229 5.88932425002707 138.849730830646
2 "002_fs1" 10 98 101.58018596911 6.58476156218791 138.849730830646
2 "002_fs1" 10 99 100.911895394002 7.28410937920225 132.073851921105
2 "002_fs1" 10 100 100.24953482753 7.98699277675931 132.073851921105
2 "002_fs1" 10 101 99.5925582593223 8.69303683054827 132.073851921105
2 "002_fs1" 10 102 98.9404196790052 9.40186661625833 132.073851921105
2 "002_fs1" 10 103 98.2925730762055 10.1131072095787 132.073851921105
2 "002_fs1" 10 104 97.64847244055 10.8263836861987 132.073851921105
2 "002_fs1" 10 105 97.0075717616655 11.5413211218074 132.073851921105
2 "002_fs1" 10 106 96.3693250291787 12.257544592094 132.073851921105
2 "002_fs1" 10 107 95.7331862327165 12.9746791727478 132.073851921105
2 "002_fs1" 10 108 95.0986093619057 13.6923499394579 132.073851921105
2 "002_fs1" 10 109 94.4650484063731 14.4101819679136 132.073851921105
2 "002_fs1" 10 110 93.8319573557455 15.1278003338041 132.073851921105
2 "002_fs1" 10 111 93.1987901996497 15.8448301128186 132.073851921105
2 "002_fs1" 10 112 92.5650009277125 16.5608963806462 132.073851921105
2 "002_fs1" 10 113 91.9300435295606 17.2756242129763 132.073851921105
2 "002_fs1" 10 114 91.293371994821 17.988638685498 132.073851921105
2 "002_fs1" 10 115 90.6544403131203 18.6995648739005 132.073851921105
2 "002_fs1" 10 116 90.0127024740855 19.4080278538729 132.073851921105
2 "002_fs1" 10 117 89.3676124673432 20.1136527011047 132.073851921105
2 "002_fs1" 10 118 88.7186242825203 20.8160644912849 132.073851921105
2 "002_fs1" 10 119 88.0651919092436 21.5148883001027 132.073851921105
2 "002_fs1" 10 120 87.4067693371398 22.2097492032473 139.755061335222
2 "002_fs1" 10 121 86.7428105558359 22.900272276408 139.755061335222
2 "002_fs1" 10 122 86.0727695549586 23.586082595274 139.755061335222
2 "002_fs1" 10 123 85.3961003241347 24.2668052355345 139.755061335222
2 "002_fs1" 10 124 84.7122568529909 24.9420652728786 139.755061335222
2 "002_fs1" 10 125 84.0206931311541 25.6114877829957 139.755061335222
2 "002_fs1" 10 126 83.3208631482512 26.2746978415748 139.755061335222
2 "002_fs1" 10 127 82.6122208939088 26.9313205243052 139.755061335222
2 "002_fs1" 10 128 81.8942203577538 27.5809809068761 139.755061335222
2 "002_fs1" 10 129 81.166315529413 28.2233040649768 139.755061335222
2 "002_fs1" 10 130 80.4279603985132 28.8579150742963 139.755061335222
2 "002_fs1" 10 131 79.6786089546812 29.484439010524 139.755061335222
2 "002_fs1" 10 132 78.9177155176588 30.1025010179155 139.755061335222
2 "002_fs1" 10 133 78.1449746929502 30.7117461293465 139.755061335222
2 "002_fs1" 10 134 77.3607198182889 31.3118667229892 139.755061335222
2 "002_fs1" 10 135 76.5653880873164 31.902562070459 139.755061335222
2 "002_fs1" 10 136 75.7594166936742 32.4835314433712 139.755061335222
2 "002_fs1" 10 137 74.9432428310036 33.0544741133411 139.755061335222
2 "002_fs1" 10 138 74.1173036929461 33.615089351984 139.755061335222
2 "002_fs1" 10 139 73.2820364731431 34.1650764309153 139.755061335222
2 "002_fs1" 10 140 72.4378783652361 34.7041346217503 154.356022084356
2 "002_fs1" 10 141 71.5852665628666 35.2319631961042 154.356022084356
2 "002_fs1" 10 142 70.7246382596759 35.7482614255925 154.356022084356
2 "002_fs1" 10 143 69.8564306493055 36.2527285818305 154.356022084356
2 "002_fs1" 10 144 68.9810809253969 36.7450639364334 154.356022084356
2 "002_fs1" 10 145 68.0990262815914 37.2249667610166 154.356022084356
2 "002_fs1" 10 146 67.2107039115305 37.6921363271954 154.356022084356
2 "002_fs1" 10 147 66.3165510088557 38.1462719065851 154.356022084356
2 "002_fs1" 10 148 65.4170047672084 38.5870727708011 154.356022084356
2 "002_fs1" 10 149 64.51250238023 39.0142381914587 154.356022084356
2 "002_fs1" 10 150 63.603481041562 39.4274674401731 154.356022084356
2 "002_fs1" 10 151 62.6903779448458 39.8264597885598 154.356022084356
2 "002_fs1" 10 152 61.7736302837229 40.2109145082341 154.356022084356
2 "002_fs1" 10 153 60.8536752518347 40.5805308708112 154.356022084356
2 "002_fs1" 10 154 59.9309500428226 40.9350081479065 154.356022084356
2 "002_fs1" 10 155 59.005891850328 41.2740456111353 154.356022084356
2 "002_fs1" 10 156 58.0789378679924 41.5973425321129 154.356022084356
2 "002_fs1" 10 157 57.1505252894574 41.9045981824547 168.70336992822
2 "002_fs1" 10 158 56.2210913083642 42.1955118337759 168.70336992822
2 "002_fs1" 10 159 55.2910731183543 42.469782757692 168.70336992822
2 "002_fs1" 10 160 54.3609079130692 42.7271102258182 168.70336992822
2 "002_fs1" 10 161 53.4310328861502 42.9671935097698 168.70336992822
2 "002_fs1" 10 162 52.501885231239 43.1897318811622 168.70336992822
2 "002_fs1" 10 163 51.5739021419768 43.3944246116106 168.70336992822
2 "002_fs1" 10 164 50.6475208120051 43.5809709727305 168.70336992822
2 "002_fs1" 10 165 49.7231784349654 43.7490702361371 168.70336992822
2 "002_fs1" 10 166 48.8013122044991 43.8984216734458 168.70336992822
2 "002_fs1" 10 167 47.8823593142476 44.0287245562718 168.70336992822
2 "002_fs1" 10 168 46.9667569578524 44.1396781562305 168.70336992822
2 "002_fs1" 10 169 46.054942328955 44.2309817449373 168.70336992822
2 "002_fs1" 10 170 45.1473526211966 44.3023345940073 168.70336992822
2 "002_fs1" 10 171 44.2436610263363 44.3534359750561 -177.190157875864
2 "002_fs1" 10 172 43.3396524399157 44.3839851596988 -177.190157875864
2 "002_fs1" 10 173 42.4346213668758 44.3936814195508 -177.190157875864
2 "002_fs1" 10 174 41.528578141046 44.3822240262275 -177.190157875864
2 "002_fs1" 10 175 40.6215330962559 44.3493122513441 -177.190157875864
2 "002_fs1" 10 176 39.7134965663348 44.294645366516 -177.190157875864
2 "002_fs1" 10 177 38.804478885112 44.2179226433584 -177.190157875864
2 "002_fs1" 10 178 37.8944903864172 44.1188433534868 -177.190157875864
2 "002_fs1" 10 179 36.9835414040796 43.9971067685164 -177.190157875864
2 "002_fs1" 10 180 36.0716422719287 43.8524121600626 -166.732441095089
2 "002_fs1" 10 181 35.1588033237939 43.6844587997407 -166.732441095089
2 "002_fs1" 10 182 34.2450348935046 43.4929459591659 -166.732441095089
2 "002_fs1" 10 183 33.3303473148904 43.2775729099537 -166.732441095089
2 "002_fs1" 10 184 32.4147509217804 43.0380389237194 -166.732441095089
2 "002_fs1" 10 185 31.4982560480043 42.7740432720782 -166.732441095089
2 "002_fs1" 10 186 30.5808730273914 42.4852852266455 -159.044281489884
2 "002_fs1" 10 187 29.6626121937712 42.1714640590366 -159.044281489884
2 "002_fs1" 10 188 28.7434838809731 41.8322790408668 -159.044281489884
2 "002_fs1" 10 189 27.8234984228264 41.4674294437515 -159.044281489884
2 "002_fs1" 10 190 26.9026661531607 41.076614539306 -159.044281489884
2 "002_fs1" 10 191 25.9809974058053 40.6595335991456 -149.103309456552
2 "002_fs1" 10 192 25.0585025145897 40.2158858948856 -149.103309456552
2 "002_fs1" 10 193 24.1351918133433 39.7453706981413 -149.103309456552
2 "002_fs1" 10 194 23.2110756358954 39.2476872805281 -149.103309456552
2 "002_fs1" 10 195 22.2861643160756 38.7225349136613 -149.103309456552
2 "002_fs1" 10 196 21.3604681877133 38.1696128691563 -149.103309456552
2 "002_fs1" 10 197 20.4339975846378 37.5886204186282 -149.103309456552
2 "002_fs1" 10 198 19.5067628406787 36.9792568336925 -149.103309456552
2 "002_fs1" 10 199 18.5787742896652 36.3412213859645 -149.103309456552
2 "002_fs1" 10 200 17.6500422654269 35.6742133470595 -149.103309456552
2 "002_fs1" 11 1 187.99661876585 -47.368897388359 153.781178893459
2 "002_fs1" 11 2 187.138331699586 -46.9713009419172 153.781178893459
2 "002_fs1" 11 3 186.281058477725 -46.5723496600482 153.781178893459
2 "002_fs1" 11 4 185.424809337924 -46.1720295157139 153.781178893459
2 "002_fs1" 11 5 184.569594517838 -45.7703264818759 153.781178893459
2 "002_fs1" 11 6 183.715424255122 -45.3672265314959 153.781178893459
2 "002_fs1" 11 7 182.862308787433 -44.9627156375357 153.781178893459
2 "002_fs1" 11 8 182.010258352426 -44.556779772957 153.781178893459
2 "002_fs1" 11 9 181.159283187758 -44.1494049107217 153.781178893459
2 "002_fs1" 11 10 180.309393531084 -43.7405770237913 153.781178893459
2 "002_fs1" 11 11 179.460599620059 -43.3302820851277 153.781178893459
2 "002_fs1" 11 12 178.612911692341 -42.9185060676926 153.781178893459
2 "002_fs1" 11 13 177.766339985585 -42.5052349444477 153.781178893459
2 "002_fs1" 11 14 176.920894737446 -42.0904546883548 153.781178893459
2 "002_fs1" 11 15 176.07658618558 -41.6741512723757 153.781178893459
2 "002_fs1" 11 16 175.233424567644 -41.256310669472 153.781178893459
2 "002_fs1" 11 17 174.391420121293 -40.8369188526055 153.781178893459
2 "002_fs1" 11 18 173.550583084183 -40.4159617947379 153.781178893459
2 "002_fs1" 11 19 172.710923693969 -39.993425468831 153.781178893459
2 "002_fs1" 11 20 171.872452188309 -39.5692958478465 153.781178893459
2 "002_fs1" 11 21 171.035178804857 -39.1435589047462 153.781178893459
2 "002_fs1" 11 22 170.199113781269 -38.7162006124917 153.781178893459
2 "002_fs1" 11 23 169.364267355201 -38.287206944045 153.781178893459
2 "002_fs1" 11 24 168.53064976431 -37.8565638723676 153.781178893459
2 "002_fs1" 11 25 167.69827124625 -37.4242573704213 153.781178893459
2 "002_fs1" 11 26 166.867142038679 -36.9902734111678 153.781178893459
2 "002_fs1" 11 27 166.037272379251 -36.554597967569 153.781178893459
2 "002_fs1" 11 28 165.208672505622 -36.1172170125865 150.447456761697
2 "002_fs1" 11 29 164.381352655449 -35.6781165191821 150.447456761697
2 "002_fs1" 11 30 163.555323066387 -35.2372824603175 150.447456761697
2 "002_fs1" 11 31 162.730593976091 -34.7947008089544 150.447456761697
2 "002_fs1" 11 32 161.907175622219 -34.3503575380547 150.447456761697
2 "002_fs1" 11 33 161.085078242426 -33.9042386205799 150.447456761697
2 "002_fs1" 11 34 160.264312074367 -33.456330029492 150.447456761697
2 "002_fs1" 11 35 159.444887355699 -33.0066177377526 150.447456761697
2 "002_fs1" 11 36 158.626814324077 -32.5550877183234 150.447456761697
2 "002_fs1" 11 37 157.810103217157 -32.1017259441663 150.447456761697
2 "002_fs1" 11 38 156.994764272595 -31.6465183882429 150.447456761697
2 "002_fs1" 11 39 156.180807728046 -31.1894510235149 150.447456761697
2 "002_fs1" 11 40 155.368243821168 -30.7305098229442 150.447456761697
2 "002_fs1" 11 41 154.557082789615 -30.2696807594924 150.447456761697
2 "002_fs1" 11 42 153.747181128859 -29.8069498061214 150.447456761697
2 "002_fs1" 11 43 152.937771076467 -29.3423029357928 150.447456761697
2 "002_fs1" 11 44 152.128779726338 -28.8757261214683 150.447456761697
2 "002_fs1" 11 45 151.320246942621 -28.4072053361098 150.447456761697
2 "002_fs1" 11 46 150.512212589464 -27.9367265526789 150.447456761697
2 "002_fs1" 11 47 149.704716531016 -27.4642757441374 150.447456761697
2 "002_fs1" 11 48 148.897798631426 -26.9898388834471 150.447456761697
2 "002_fs1" 11 49 148.091498754843 -26.5134019435697 150.447456761697
2 "002_fs1" 11 50 147.285856765414 -26.0349508974668 150.447456761697
2 "002_fs1" 11 51 146.480912527289 -25.5544717181004 150.447456761697
2 "002_fs1" 11 52 145.676705904616 -25.071950378432 150.447456761697
2 "002_fs1" 11 53 144.873276761544 -24.5873728514234 150.447456761697
2 "002_fs1" 11 54 144.070664962222 -24.1007251100365 147.050597578968
2 "002_fs1" 11 55 143.268910370797 -23.6119931272328 147.050597578968
2 "002_fs1" 11 56 142.468052851419 -23.1211628759742 147.050597578968
2 "002_fs1" 11 57 141.668132268237 -22.6282203292225 147.050597578968
2 "002_fs1" 11 58 140.869188485398 -22.1331514599392 147.050597578968
2 "002_fs1" 11 59 140.071261367052 -21.6359422410863 147.050597578968
2 "002_fs1" 11 60 139.274390777347 -21.1365786456253 147.050597578968
2 "002_fs1" 11 61 138.478616580432 -20.6350466465181 147.050597578968
2 "002_fs1" 11 62 137.683978640455 -20.1313322167265 147.050597578968
2 "002_fs1" 11 63 136.890516821565 -19.625421329212 147.050597578968
2 "002_fs1" 11 64 136.098270987911 -19.1172999569365 147.050597578968
2 "002_fs1" 11 65 135.307281003641 -18.6069540728618 147.050597578968
2 "002_fs1" 11 66 134.517586732903 -18.0943696499495 147.050597578968
2 "002_fs1" 11 67 133.729228039848 -17.5795326611614 147.050597578968
2 "002_fs1" 11 68 132.942244788622 -17.0624290794593 147.050597578968
2 "002_fs1" 11 69 132.156676843375 -16.5430448778048 147.050597578968
2 "002_fs1" 11 70 131.372564068255 -16.0213660291598 147.050597578968
2 "002_fs1" 11 71 130.589946327411 -15.4973785064859 147.050597578968
2 "002_fs1" 11 72 129.808863484992 -14.9710682827449 147.050597578968
2 "002_fs1" 11 73 129.029355405146 -14.4424213308985 147.050597578968
2 "002_fs1" 11 74 128.251461952021 -13.9114236239086 147.050597578968
2 "002_fs1" 11 75 127.475222989767 -13.3780611347367 147.050597578968
2 "002_fs1" 11 76 126.700678382532 -12.8423198363447 147.050597578968
2 "002_fs1" 11 77 125.927867994465 -12.3041857016943 142.928248821334
2 "002_fs1" 11 78 125.156831689714 -11.7636447037473 142.928248821334
2 "002_fs1" 11 79 124.387609332427 -11.2206828154653 142.928248821334
2 "002_fs1" 11 80 123.620240786754 -10.6752860098102 142.928248821334
2 "002_fs1" 11 81 122.854765916844 -10.1274402597436 142.928248821334
2 "002_fs1" 11 82 122.091224586844 -9.57713153822729 142.928248821334
2 "002_fs1" 11 83 121.329656660903 -9.02434581822303 142.928248821334
2 "002_fs1" 11 84 120.57010200317 -8.46906907269255 142.928248821334
2 "002_fs1" 11 85 119.812600477794 -7.91128727459761 142.928248821334
2 "002_fs1" 11 86 119.057191948922 -7.35098639689991 142.928248821334
2 "002_fs1" 11 87 118.303916280705 -6.78815241256123 142.928248821334
2 "002_fs1" 11 88 117.55281333729 -6.22277129454329 142.928248821334
2 "002_fs1" 11 89 116.803922982826 -5.65482901580782 142.928248821334
2 "002_fs1" 11 90 116.057285081462 -5.08431154931657 142.928248821334
2 "002_fs1" 11 91 115.312939497346 -4.51120486803129 142.928248821334
2 "002_fs1" 11 92 114.570926094626 -3.9354949449137 142.928248821334
2 "002_fs1" 11 93 113.832147140616 -3.35717273473767 142.928248821334
2 "002_fs1" 11 94 113.098294121927 -2.77626630672648 142.928248821334
2 "002_fs1" 11 95 112.369200165698 -2.19282048134397 142.928248821334
2 "002_fs1" 11 96 111.64464099815 -1.60688016059683 142.928248821334
2 "002_fs1" 11 97 110.924392345504 -1.01849024649175 142.928248821334
2 "002_fs1" 11 98 110.208229933983 -0.427695641035399 142.928248821334
2 "002_fs1" 11 99 109.495929489806 0.165458753765478 138.273063707611
2 "002_fs1" 11 100 108.787266739195 0.760928035904243 138.273063707611
2 "002_fs1" 11 101 108.082017408371 1.35866730337418 138.273063707611
2 "002_fs1" 11 102 107.379957223556 1.95863165416861 138.273063707611
2 "002_fs1" 11 103 106.680861910971 2.56077618628083 138.273063707611
2 "002_fs1" 11 104 105.984507196837 3.16505599770414 138.273063707611
2 "002_fs1" 11 105 105.290668807375 3.77142618643188 138.273063707611
2 "002_fs1" 11 106 104.599122468807 4.37984185045735 138.273063707611
2 "002_fs1" 11 107 103.909643907354 4.99025808777387 138.273063707611
2 "002_fs1" 11 108 103.222008849236 5.6026299963747 138.273063707611
2 "002_fs1" 11 109 102.535993020676 6.21691267425322 138.273063707611
2 "002_fs1" 11 110 101.851372147895 6.83306121940268 138.273063707611
2 "002_fs1" 11 111 101.167921957113 7.45103072981641 138.273063707611
2 "002_fs1" 11 112 100.485418174552 8.07077630348772 138.273063707611
2 "002_fs1" 11 113 99.8036365264328 8.69225303840994 138.273063707611
2 "002_fs1" 11 114 99.1223527389774 9.31541603257637 138.273063707611
2 "002_fs1" 11 115 98.4413425384067 9.94022038398029 138.273063707611
2 "002_fs1" 11 116 97.760381650942 10.566621190615 138.273063707611
2 "002_fs1" 11 117 97.0792458028043 11.1945735504739 138.273063707611
2 "002_fs1" 11 118 96.3977107202151 11.8240325615502 138.273063707611
2 "002_fs1" 11 119 95.7155521293955 12.4549533218373 138.273063707611
2 "002_fs1" 11 120 95.0325457565667 13.0872909293284 137.705514381499
2 "002_fs1" 11 121 94.3484673279501 13.7210004820169 137.705514381499
2 "002_fs1" 11 122 93.6630925697668 14.3560370778961 137.705514381499
2 "002_fs1" 11 123 92.9761972082381 14.9923558149592 137.705514381499
2 "002_fs1" 11 124 92.2875569695852 15.6299117911997 137.705514381499
2 "002_fs1" 11 125 91.5969475800293 16.2686601046108 137.705514381499
2 "002_fs1" 11 126 90.9041447657918 16.9085558531858 137.705514381499
2 "002_fs1" 11 127 90.2089242530938 17.549554134918 137.705514381499
2 "002_fs1" 11 128 89.5110617681565 18.1916100478007 137.705514381499
2 "002_fs1" 11 129 88.8103330372012 18.8346786898273 137.705514381499
2 "002_fs1" 11 130 88.1065137864492 19.478715158991 137.705514381499
2 "002_fs1" 11 131 87.3993797421217 20.1236745532853 137.705514381499
2 "002_fs1" 11 132 86.6887066304399 20.7695119707032 137.705514381499
2 "002_fs1" 11 133 85.9742701776251 21.4161825092383 137.705514381499
2 "002_fs1" 11 134 85.2558461098984 22.0636412668838 137.705514381499
2 "002_fs1" 11 135 84.5332101534812 22.7118433416329 137.705514381499
2 "002_fs1" 11 136 83.8061380345947 23.3607438314791 137.705514381499
2 "002_fs1" 11 137 83.07440547946 24.0102978344156 137.705514381499
2 "002_fs1" 11 138 82.3377882142985 24.6604604484357 137.705514381499
2 "002_fs1" 11 139 81.5960619653314 25.3111867715328 137.705514381499
2 "002_fs1" 11 140 80.8490049763093 25.9624318936949 141.099220391942
2 "002_fs1" 11 141 80.0981088685431 26.6140119928764 141.099220391942
2 "002_fs1" 11 142 79.3447543524861 27.2652505842213 141.099220391942
2 "002_fs1" 11 143 78.5889156081471 27.9153620141792 141.099220391942
2 "002_fs1" 11 144 77.8305668155349 28.5635606291993 141.099220391942
2 "002_fs1" 11 145 77.0696821546582 29.209060775731 141.099220391942
2 "002_fs1" 11 146 76.3062358055258 29.8510768002237 141.099220391942
2 "002_fs1" 11 147 75.5402019481465 30.4888230491268 141.099220391942
2 "002_fs1" 11 148 74.7715547625291 31.1215138688895 141.099220391942
2 "002_fs1" 11 149 74.0002684286824 31.7483636059613 141.099220391942
2 "002_fs1" 11 150 73.2263171266151 32.3685866067916 141.099220391942
2 "002_fs1" 11 151 72.4496750363361 32.9813972178297 141.099220391942
2 "002_fs1" 11 152 71.6703163378541 33.5860097855249 141.099220391942
2 "002_fs1" 11 153 70.8882152111779 34.1816386563267 141.099220391942
2 "002_fs1" 11 154 70.1033458363163 34.7674981766844 141.099220391942
2 "002_fs1" 11 155 69.315682393278 35.3428026930473 141.099220391942
2 "002_fs1" 11 156 68.5251990620719 35.9067665518649 141.099220391942
2 "002_fs1" 11 157 67.7318700227068 36.4586040995866 151.641141484968
2 "002_fs1" 11 158 66.9356694551913 36.9975296826615 151.641141484968
2 "002_fs1" 11 159 66.1365715395344 37.5227576475393 151.641141484968
2 "002_fs1" 11 160 65.3345504557447 38.0335023406691 151.641141484968
2 "002_fs1" 11 161 64.5295803838311 38.5289781085004 151.641141484968
2 "002_fs1" 11 162 63.7216355038024 39.0083992974826 151.641141484968
2 "002_fs1" 11 163 62.9106899956673 39.4709802540649 151.641141484968
2 "002_fs1" 11 164 62.0967180394346 39.9159353246969 151.641141484968
2 "002_fs1" 11 165 61.2796938151131 40.3424788558277 151.641141484968
2 "002_fs1" 11 166 60.4595915027116 40.7498251939069 151.641141484968
2 "002_fs1" 11 167 59.6363852822388 41.1371886853838 151.641141484968
2 "002_fs1" 11 168 58.8100493337036 41.5037836767077 151.641141484968
2 "002_fs1" 11 169 57.9805578371148 41.848824514328 151.641141484968
2 "002_fs1" 11 170 57.147884972481 42.1715255446941 151.641141484968
2 "002_fs1" 11 171 56.3120049198112 42.4711011142553 167.831433685946
2 "002_fs1" 11 172 55.472891859114 42.746765569461 167.831433685946
2 "002_fs1" 11 173 54.6305199703983 42.9977332567606 167.831433685946
2 "002_fs1" 11 174 53.7848634336729 43.2232185226034 167.831433685946
2 "002_fs1" 11 175 52.9358964289464 43.4224357134389 167.831433685946
2 "002_fs1" 11 176 52.0833908964422 43.5945991757163 167.831433685946
2 "002_fs1" 11 177 51.225940682653 43.7389232558851 167.831433685946
2 "002_fs1" 11 178 50.3633644992461 43.8546223003946 167.831433685946
2 "002_fs1" 11 179 49.49576414456 43.9409106556941 167.831433685946
2 "002_fs1" 11 180 48.6232414169332 43.9970026682331 -177.416939082423
2 "002_fs1" 11 181 47.7458981147043 44.0221126844609 -177.416939082423
2 "002_fs1" 11 182 46.8638360362118 44.0154550508268 -177.416939082423
2 "002_fs1" 11 183 45.9771569797941 43.9762441137804 -177.416939082423
2 "002_fs1" 11 184 45.0859627437898 43.9036942197708 -177.416939082423
2 "002_fs1" 11 185 44.1903551265375 43.7970197152474 -177.416939082423
2 "002_fs1" 11 186 43.2904359263755 43.6554349466598 -165.653645325296
2 "002_fs1" 11 187 42.3863069416424 43.4781542604571 -165.653645325296
2 "002_fs1" 11 188 41.4780699706768 43.2643920030888 -165.653645325296
2 "002_fs1" 11 189 40.5658268118171 43.0133625210042 -165.653645325296
2 "002_fs1" 11 190 39.6496792634018 42.7242801606528 -165.653645325296
2 "002_fs1" 11 191 38.7297291237695 42.3963592684838 -150.207514140064
2 "002_fs1" 11 192 37.8060781912586 42.0288141909467 -150.207514140064
2 "002_fs1" 11 193 36.8788282642077 41.6208592744908 -150.207514140064
2 "002_fs1" 11 194 35.9480811409553 41.1717088655654 -150.207514140064
2 "002_fs1" 11 195 35.0139386198399 40.68057731062 -150.207514140064
2 "002_fs1" 11 196 34.0765024992 40.1466789561039 -150.207514140064
2 "002_fs1" 11 197 33.1358745773741 39.5692281484664 -150.207514140064
2 "002_fs1" 11 198 32.1921566527008 38.947439234157 -150.207514140064
2 "002_fs1" 11 199 31.2454505235185 38.280526559625 -150.207514140064
2 "002_fs1" 11 200 30.2958579881657 37.5677044713198 -150.207514140064
