"poisson" "fs" "frame" "pts" "X" "Y" "angle" "seg" "angle_diff" "angle_cum_diff" "traitement"
2 "002_fs1" 11 1 187.99661876585 -47.368897388359 153.781178893459 "segment_01_pts_1-27" -0.692735395921147 65.2154975250849 "amont"
2 "002_fs1" 11 28 165.208672505622 -36.1172170125865 150.447456761697 "segment_02_pts_28-53" -1.13509439094972 62.1840961426908 "amont"
2 "002_fs1" 11 54 144.070664962222 -24.1007251100365 147.050597578968 "segment_03_pts_54-76" 0.569295600290559 73.1356544079774 "amont"
2 "002_fs1" 11 77 125.927867994465 -12.3041857016943 142.928248821334 "segment_04_pts_77-98" 4.07851799068746 90.6473924562932 "amont"
2 "002_fs1" 11 99 109.495929489806 0.165458753765478 138.273063707611 "segment_05_pts_99-119" 6.19921178650563 134.199693351757 "amont"
2 "002_fs1" 11 120 95.0325457565667 13.0872909293284 137.705514381499 "segment_06_pts_120-139" -2.04954695372371 141.062071845411 "amont"
2 "002_fs1" 11 140 80.8490049763093 25.9624318936949 141.099220391942 "segment_07_pts_140-156" -13.2568016924134 168.249888016525 "amont"
2 "002_fs1" 11 157 67.7318700227068 36.4586040995866 151.641141484968 "segment_08_pts_157-170" -17.062228443252 206.505972026377 "amont"
2 "002_fs1" 11 171 56.3120049198112 42.4711011142553 167.831433685946 "segment_09_pts_171-179" -9.35872418991804 217.205477576702 "amont"
2 "002_fs1" 11 180 48.6232414169332 43.9970026682331 -177.416939082423 "segment_10_pts_180-185" 10.6844979873339 236.784951339627 "amont"
2 "002_fs1" 11 186 43.2904359263755 43.6554349466598 -165.653645325296 "segment_11_pts_186-190" 6.60936383541241 258.938313439968 "amont"
2 "002_fs1" 11 191 38.7297291237695 42.3963592684838 -150.207514140064 "segment_12_pts_191-200" 1.10420468351165 284.965347854884 "amont"
2 "002_fs2" 14 1 71.6815194664148 -110.90664273487 147.640522639817 "segment_01_pts_1-27" 1.24341179275189 182.902313030726 "amont"
2 "002_fs2" 14 28 50.4117159874545 -97.5059031740325 151.692821533361 "segment_02_pts_28-53" 3.82124926585027 185.55859529998 "amont"
2 "002_fs2" 14 54 29.2149656282088 -86.0132855124437 141.710884705187 "segment_03_pts_54-76" 12.8829641795473 189.013901939423 "amont"
2 "002_fs2" 14 77 12.3594669620804 -72.4869146557049 119.882865084637 "segment_04_pts_77-98" 19.3509432090072 199.284837192606 "amont"
2 "002_fs2" 14 99 2.32371449865238 -54.7483110018757 95.8024913166394 "segment_05_pts_99-119" 15.400485240763 202.536036196564 "amont"
2 "002_fs2" 14 120 0.553614737604676 -35.2996671852983 73.6315332537415 "segment_06_pts_120-139" 18.2973618296432 228.518781039544 "amont"
2 "002_fs2" 14 140 5.98834214738517 -17.806303769144 48.6543511437733 "segment_07_pts_140-156" 17.4675247005336 240.320218323278 "amont"
2 "002_fs2" 14 157 16.5668454808108 -6.020120896766 33.1948668769314 "segment_08_pts_157-170" 14.9164491382337 272.251597578597 "amont"
2 "002_fs2" 14 171 27.5801002575883 1.0960564078307 25.0315790490755 "segment_09_pts_171-179" 14.0067423948002 283.032168614657 "amont"
2 "002_fs2" 14 180 35.0414376692929 4.52050308586479 19.4629214029517 "segment_10_pts_180-185" 11.1020429704524 275.352521288045 "amont"
2 "002_fs2" 14 186 40.2746962463707 6.33343010730545 15.6342797688714 "segment_11_pts_186-190" 8.39439609484108 259.449432022567 "amont"
2 "002_fs2" 14 191 44.7935137597626 7.56962917719795 10.8314356146167 "segment_12_pts_191-200" 3.84003025516056 234.653494851032 "amont"
3 "003_fs1" 12 1 171.293322062553 -128.776189675435 145.22312214138 "segment_01_pts_1-27" 3.19630971810193 283.953426010539 "amont"
3 "003_fs1" 12 28 158.565426487862 -119.933444002109 144.578003057367 "segment_02_pts_28-53" 0.295421205878654 254.470975427008 "amont"
3 "003_fs1" 12 54 146.409644359719 -111.285238139879 144.397156871508 "segment_03_pts_54-76" -1.33586790944938 253.811510488857 "amont"
3 "003_fs1" 12 77 135.661718544203 -103.588996222437 144.619718933522 "segment_04_pts_77-98" -2.84605106517367 257.026755390453 "amont"
3 "003_fs1" 12 99 125.391837947386 -96.3036960348766 146.467628895095 "segment_05_pts_99-119" -7.40419860349516 291.581646153102 "amont"
3 "003_fs1" 12 120 115.276075997993 -89.6179860728851 150.509303008967 "segment_06_pts_120-139" 2.72912700117715 314.680153650639 "amont"
3 "003_fs1" 12 140 105.213118618044 -83.9663995429905 158.493999919556 "segment_07_pts_140-156" 33.8119779957092 410.234238331844 "amont"
3 "003_fs1" 12 157 96.0683132924395 -80.4083996383077 159.646892510937 "segment_08_pts_157-170" 63.7142410600865 364.959034866961 "amont"
3 "003_fs1" 12 171 88.6978314958568 -77.5998859276789 145.714236374179 "segment_09_pts_171-179" 56.1144569224157 303.366828113047 "amont"
3 "003_fs1" 12 180 84.9973918982287 -75.0076936817696 134.50522536426 "segment_10_pts_180-185" 45.6503917332329 344.275797085914 "amont"
3 "003_fs1" 12 186 82.7578436361838 -72.6606652197115 125.434067903989 "segment_11_pts_186-190" 37.4524633747455 409.34322218258 "amont"
3 "003_fs1" 12 191 81.0674453152644 -70.2099118766341 113.730689853745 "segment_12_pts_191-200" 27.5950853545236 479.261699153767 "amont"
3 "003_fs2" 9 1 94.2011834319526 -96.2477678915885 112.879485904253 "segment_01_pts_1-27" -1.0362634564807 147.914035161963 "amont"
3 "003_fs2" 9 28 88.2073075741494 -82.0254359919643 111.571523910181 "segment_02_pts_28-53" 0.127530525513734 125.945617816631 "amont"
3 "003_fs2" 9 54 82.6787372303138 -68.0249627294934 110.54632497512 "segment_03_pts_54-76" 0.985332783133998 150.494307370738 "amont"
3 "003_fs2" 9 77 78.0219892002597 -55.5941972835175 110.468005514658 "segment_04_pts_77-98" 1.58430821074029 142.344283465303 "amont"
3 "003_fs2" 9 99 73.6219977364659 -43.8308029807426 115.076105246457 "segment_05_pts_99-119" 13.0400761130409 142.97572420373 "amont"
3 "003_fs2" 9 120 68.4230343446223 -32.7391770171633 111.680955592858 "segment_06_pts_120-139" 17.0626676005219 171.819620016704 "amont"
3 "003_fs2" 9 140 64.2092465890414 -21.9515094469542 95.934357123334 "segment_07_pts_140-156" 17.8353721853416 194.216872761755 "amont"
3 "003_fs2" 9 157 63.2529735328707 -12.3193624160562 91.0696113395775 "segment_08_pts_157-170" 23.9689279029134 205.936841894655 "amont"
3 "003_fs2" 9 171 63.1070671371148 -4.22459560584144 88.4221232024534 "segment_09_pts_171-179" 27.8764208540499 202.425136232091 "amont"
3 "003_fs2" 9 180 63.3408480919504 0.79587853997964 69.9092416376222 "segment_10_pts_180-185" 15.0550490265991 234.692077545842 "amont"
3 "003_fs2" 9 186 64.5824869679868 3.97529337747017 57.8759637733446 "segment_11_pts_186-190" 6.93260990834769 255.992809489357 "amont"
3 "003_fs2" 9 191 66.208719334407 6.4853696564129 48.4380216752568 "segment_12_pts_191-200" 2.54549882809391 206.815588294738 "amont"
4 "004_fs1" 17 1 63.8375983978872 41.9718158621866 -127.238647938483 "segment_01_pts_1-27" -0.593115163886296 223.889768247579 "amont"
4 "004_fs1" 17 28 54.549087324684 29.7596377776873 -129.967463319223 "segment_02_pts_28-53" -4.1596183610753 250.883486154038 "amont"
4 "004_fs1" 17 54 44.9778255373996 18.4167697872358 -142.542911325047 "segment_03_pts_54-76" -0.334237477838371 254.548117498244 "amont"
4 "004_fs1" 17 77 34.5979088739922 10.5357676215317 -149.260193883424 "segment_04_pts_77-98" 2.33101609695365 244.155669544309 "amont"
4 "004_fs1" 17 99 23.8414474137137 4.12561839571345 -147.053231029525 "segment_05_pts_99-119" 6.03416046230376 285.721286979482 "amont"
4 "004_fs1" 17 120 13.7108401704108 -2.48145104678588 -136.062814216114 "segment_06_pts_120-139" 11.0757147353716 298.328663680378 "amont"
4 "004_fs1" 17 140 5.62612395816393 -10.3390333261052 -122.244148061626 "segment_07_pts_140-156" 30.0151043894176 285.763605359134 "amont"
4 "004_fs1" 17 157 0.505166502016436 -18.7780376276235 -93.1281424357956 "segment_08_pts_157-170" 14.8850160362179 274.015706956727 "amont"
4 "004_fs1" 17 171 0.0808928825647968 -26.8910691852317 -90.88269122349 "segment_09_pts_171-179" 38.0809520748681 358.61454300557 "amont"
4 "004_fs1" 17 180 0.00632479669343411 -31.9948484522219 -87.8973656429508 "segment_10_pts_180-185" 53.9039920027557 379.257401684404 "amont"
4 "004_fs1" 17 186 0.260745379124103 -35.00332272059 -53.3926326783471 "segment_11_pts_186-190" 31.6965691988842 369.629983365777 "amont"
4 "004_fs1" 17 191 1.99916270757859 -37.1234937297885 -26.0721728230143 "segment_12_pts_191-200" 20.129603586247 346.254646504633 "amont"
4 "004_fs2" 10 1 26.5086787385676 108.353446358327 -121.618712331638 "segment_01_pts_1-27" 4.83791707751132 197.883608425105 "amont"
4 "004_fs2" 10 28 17.2586299291441 93.3369278996653 -122.639001056388 "segment_02_pts_28-53" 25.2368912396322 176.429204611546 "amont"
4 "004_fs2" 10 54 8.28939231584184 79.3581685125712 -115.835750510195 "segment_03_pts_54-76" 28.7685310477458 181.285400901823 "amont"
4 "004_fs2" 10 77 1.97336124687894 66.0328821880127 -98.1670955610461 "segment_04_pts_77-98" 34.3106289851547 182.625474635355 "amont"
4 "004_fs2" 10 99 0.0908839038973497 51.9248196388077 -73.4964389162529 "segment_05_pts_99-119" 27.7798048577903 154.769095144575 "amont"
4 "004_fs2" 10 120 4.12294682687991 38.6717178929476 -54.9504416297192 "segment_06_pts_120-139" 21.0289148128815 176.514426243551 "amont"
4 "004_fs2" 10 140 11.4309262715067 28.5732705060284 -30.7707859537241 "segment_07_pts_140-156" -1.01277372945944 212.103232985594 "amont"
4 "004_fs2" 10 157 21.1862534900712 22.8351376441959 -19.9138100973332 "segment_08_pts_157-170" -25.9564862636767 271.415921419842 "amont"
4 "004_fs2" 10 171 29.7203381982639 19.7690237383557 -19.3842683367907 "segment_09_pts_171-179" -36.5921348993594 279.610572101357 "amont"
4 "004_fs2" 10 180 35.192596604511 17.8086709399203 -25.4623139014745 "segment_10_pts_180-185" -37.3372917804219 304.807462697267 "amont"
4 "004_fs2" 10 186 38.5187082976389 16.1873001824387 -31.620824870288 "segment_11_pts_186-190" -36.3912479418075 291.138925728465 "amont"
4 "004_fs2" 10 191 41.1757711949575 14.5094832392592 -41.9320065312349 "segment_12_pts_191-200" -33.0764299682988 276.974360776235 "amont"
5 "005_fs1" 15 1 165.883347421809 38.6957770020177 -176.517425908159 "segment_01_pts_1-27" -0.359251130973007 133.498968633338 "amont"
5 "005_fs1" 15 28 147.896210736268 37.6343785945258 -178.998185850863 "segment_02_pts_28-53" 1.80706251676068 87.7902881154496 "amont"
5 "005_fs1" 15 54 130.40097457922 37.3050009961337 -172.545584644988 "segment_03_pts_54-76" 1.54210233751911 74.931132476894 "amont"
5 "005_fs1" 15 77 115.338370176026 35.2655829036623 -160.220862462039 "segment_04_pts_77-98" 1.3662108373415 124.769178406912 "amont"
5 "005_fs1" 15 99 101.368076028916 30.152968630858 -144.229064631807 "segment_05_pts_99-119" -1.67429396973264 131.646747264013 "amont"
5 "005_fs1" 15 120 90.0865300388065 21.8840884687762 -127.711184779264 "segment_06_pts_120-139" -1.55382922543872 151.756962507674 "amont"
5 "005_fs1" 15 140 81.9504584717515 11.2646366665288 -120.469296326701 "segment_07_pts_140-156" 2.79750891607962 187.332315270367 "amont"
5 "005_fs1" 15 157 76.1634362741387 1.38975395706854 -116.644575469648 "segment_08_pts_157-170" 5.28340181954813 227.798601015083 "amont"
5 "005_fs1" 15 171 71.9944725143464 -6.98925274277701 -111.690220251802 "segment_09_pts_171-179" 3.14160075937454 253.884252412086 "amont"
5 "005_fs1" 15 180 69.8208035206652 -12.5317749323673 -108.058640080064 "segment_10_pts_180-185" 1.13888333562075 234.477991706301 "amont"
5 "005_fs1" 15 186 68.6028281329948 -16.3078912646067 -106.01563045937 "segment_11_pts_186-190" 0.418721555462284 241.894753468993 "amont"
5 "005_fs1" 15 191 67.6956575747452 -19.5098086678766 -102.936559534307 "segment_12_pts_191-200" -0.615989810707191 260.868428710643 "amont"
5 "005_fs2" 12 1 116.58495350803 -69.4584924811276 158.39573683281 "segment_01_pts_1-27" 5.18120859921123 162.788444358149 "amont"
5 "005_fs2" 12 28 99.6651878020907 -62.8179349380453 163.904244185169 "segment_02_pts_28-53" 0.0705462390307616 167.502256963398 "amont"
5 "005_fs2" 12 54 83.049004115948 -58.0026552303359 155.904748289959 "segment_03_pts_54-76" 4.9334988857953 158.56932278331 "amont"
5 "005_fs2" 12 77 69.1386858147723 -51.6913216194901 139.947820757343 "segment_04_pts_77-98" 13.7259169292245 179.096251193205 "amont"
5 "005_fs2" 12 99 57.8406387930265 -41.9866885060516 117.383168922518 "segment_05_pts_99-119" 14.3603840336992 174.345720677014 "amont"
5 "005_fs2" 12 120 51.4750898814299 -29.5263358864719 98.3459300244111 "segment_06_pts_120-139" 15.9007126160078 193.201498408388 "amont"
5 "005_fs2" 12 140 49.6829688927173 -16.2152599308411 77.8487876490111 "segment_07_pts_140-156" 9.68317481105144 189.242270370207 "amont"
5 "005_fs2" 12 157 52.1504904977962 -5.02776031611916 69.2611399552164 "segment_08_pts_157-170" 14.9370701814085 196.843994792529 "amont"
5 "005_fs2" 12 171 55.4711780574694 3.48532451932206 55.4157668310522 "segment_09_pts_171-179" 11.2279336344329 245.034970643752 "amont"
5 "005_fs2" 12 180 58.9398978538205 8.40200134744566 46.5345750897064 "segment_10_pts_180-185" 8.30796099601071 212.59044410256 "amont"
5 "005_fs2" 12 186 61.8054812595728 11.368034983546 40.6674559800055 "segment_11_pts_186-190" 8.82824071935834 194.204161244762 "amont"
5 "005_fs2" 12 191 64.4740453636027 13.619712117408 33.2271271605553 "segment_12_pts_191-200" 9.76967467799832 199.664161233936 "amont"
7 "007_fs1" 8 1 144.58157227388 -66.261353390372 150.321404256706 "segment_01_pts_1-27" 1.91557338050708 136.249441347026 "amont"
7 "007_fs1" 8 28 128.370460614419 -57.0094523219258 148.235854533351 "segment_02_pts_28-53" 0.242779577054023 120.620864199452 "amont"
7 "007_fs1" 8 54 113.182622052951 -47.5900123801744 145.810621210672 "segment_03_pts_54-76" 1.58171883500017 102.375808001747 "amont"
7 "007_fs1" 8 77 100.039259176672 -38.638975982792 142.461839445434 "segment_04_pts_77-98" 6.76784931439715 135.236071671924 "amont"
7 "007_fs1" 8 99 88.010451174662 -29.3696539169868 138.852071199947 "segment_05_pts_99-119" 9.55690405501164 169.131559409274 "amont"
7 "007_fs1" 8 120 77.0879579008875 -19.7903638703359 135.283043549732 "segment_06_pts_120-139" 10.1366601074679 123.770160972381 "amont"
7 "007_fs1" 8 140 67.1999209239634 -9.98718891317122 130.788957211889 "segment_07_pts_140-156" 10.5508638462935 189.422633204986 "amont"
7 "007_fs1" 8 157 59.4908246048903 -0.941824334406192 117.563494738185 "segment_08_pts_157-170" 0.20235509417698 169.633073163199 "amont"
7 "007_fs1" 8 171 55.29255086411 7.20508768408155 111.465651948523 "segment_09_pts_171-179" 0.631716070226105 126.107881600008 "amont"
7 "007_fs1" 8 180 53.0989461022134 12.853161712394 107.705128273132 "segment_10_pts_180-185" 3.65916131111257 124.254543712674 "amont"
7 "007_fs1" 8 186 51.8540119837009 16.8217150734705 104.451988449847 "segment_11_pts_186-190" 3.20885729759455 129.456318784616 "amont"
7 "007_fs1" 8 191 50.9875690691069 20.2633593899104 99.4003402786074 "segment_12_pts_191-200" 2.13307240410865 130.939143109669 "amont"
7 "007_fs2" 9 1 10.2785363686429 -137.711466146448 94.3909567420475 "segment_01_pts_1-27" -3.60272547068969 147.44951129143 "amont"
7 "007_fs2" 9 28 8.76558290438786 -118.524054991766 104.089497058173 "segment_02_pts_28-53" 11.9025415389959 138.042775666583 "amont"
7 "007_fs2" 9 54 4.27174801498307 -100.823140685424 102.86483176696 "segment_03_pts_54-76" 15.384128786271 130.056300871018 "amont"
7 "007_fs2" 9 77 0.680451156305509 -84.9149658922279 91.3281976234654 "segment_04_pts_77-98" 11.0732656115049 134.418610698602 "amont"
7 "007_fs2" 9 99 0.398849465153319 -69.3151612245858 82.0171156182033 "segment_05_pts_99-119" -6.28578580693606 152.26129553854 "amont"
7 "007_fs2" 9 120 2.48602664346527 -54.5832235498409 70.2342503015235 "segment_06_pts_120-139" -23.1061544395338 206.498294534413 "amont"
7 "007_fs2" 9 140 7.34071042538662 -41.1558390386283 81.8474201864692 "segment_07_pts_140-156" -18.0258381597963 267.872402805024 "amont"
7 "007_fs2" 9 157 8.91378918380789 -29.4417275651888 90.6102928466307 "segment_08_pts_157-170" -11.4970021630384 259.012891889302 "amont"
7 "007_fs2" 9 171 8.8027777806123 -19.4310078385666 91.2150006616233 "segment_09_pts_171-179" 10.3487464547791 235.577286888984 "amont"
7 "007_fs2" 9 180 8.66530921406493 -13.1048849880902 98.7367723002065 "segment_10_pts_180-185" 54.5160768136062 270.288353899049 "amont"
7 "007_fs2" 9 186 7.92344718673107 -9.03389508181766 114.074010336576 "segment_11_pts_186-190" 84.0451751463469 323.672648574532 "amont"
7 "007_fs2" 9 191 6.39987840173856 -5.77256184370532 124.019721850434 "segment_12_pts_191-200" 114.004074913175 369.763255842028 "amont"
8 "008_fs1" 12 1 0 83.3628848642233 -65.7923751522364 "segment_01_pts_1-27" 7.47774433385208 104.31048658534 "amont"
8 "008_fs1" 12 28 8.05652649575896 65.4788503580235 -63.4811870072764 "segment_02_pts_28-53" 3.08726112720493 98.5757370200053 "amont"
8 "008_fs1" 12 54 16.4987335708365 48.5986657628903 -60.9423320738436 "segment_03_pts_54-76" 3.80256111859917 95.4037155858788 "amont"
8 "008_fs1" 12 77 24.6296587404818 34.0001044569527 -56.3436974086555 "segment_04_pts_77-98" 9.74096805084831 123.271557549032 "amont"
8 "008_fs1" 12 99 33.5661697520704 20.6733381087834 -47.2077994211353 "segment_05_pts_99-119" 8.12833700451591 146.528694146174 "amont"
8 "008_fs1" 12 120 44.0670735040471 9.43956678949849 -33.5465397387273 "segment_06_pts_120-139" -1.6541977495905 179.300036566299 "amont"
8 "008_fs1" 12 140 56.0690677172717 1.60671640580847 -20.3726807507194 "segment_07_pts_140-156" 4.85520884044513 209.3076547833 "amont"
8 "008_fs1" 12 157 67.832611595756 -2.70629471398547 -13.448963756879 "segment_08_pts_157-170" 12.7834477180298 248.578990654431 "amont"
8 "008_fs1" 12 171 77.7032648196783 -5.02531126084591 -8.1186637030969 "segment_09_pts_171-179" 2.70718708021708 274.762658759065 "amont"
8 "008_fs1" 12 180 84.2179823778945 -5.92582589462256 -4.29330353340141 "segment_10_pts_180-185" -0.895996598654997 320.120197879695 "amont"
8 "008_fs1" 12 186 88.55916973237 -6.23086062511231 -1.20005073569722 "segment_11_pts_186-190" -2.16213803608979 337.410017033851 "amont"
8 "008_fs1" 12 191 92.1810398935078 -6.28803928113439 3.37508755992981 "segment_12_pts_191-200" 1.86052455800193 380.362931186473 "amont"
8 "008_fs2" 8 1 168.182586644125 -82.1716268077839 147.52897662288 "segment_01_pts_1-27" 4.08081624787238 99.3329649666271 "amont"
8 "008_fs2" 8 28 151.38244495773 -71.5188376913145 151.344617386835 "segment_02_pts_28-53" 5.83089965410707 97.5803472288195 "amont"
8 "008_fs2" 8 54 134.685307658972 -62.4001140782401 150.485883805549 "segment_03_pts_54-76" 4.47137151235663 114.865095538471 "amont"
8 "008_fs2" 8 77 119.92247885667 -54.0148897997908 147.728554269464 "segment_04_pts_77-98" 2.54850936956007 122.428473629249 "amont"
8 "008_fs2" 8 99 106.188267182577 -45.3423506736461 149.73358013601 "segment_05_pts_99-119" 14.0756591224379 141.327629847793 "amont"
8 "008_fs2" 8 120 92.7317247620804 -37.5094460881564 143.010708727948 "segment_06_pts_120-139" 26.4333970091077 149.81907593713 "amont"
8 "008_fs2" 8 140 81.2940198371656 -28.6851058048156 124.043104858892 "segment_07_pts_140-156" 32.6673218670309 164.644090434307 "amont"
8 "008_fs2" 8 157 74.2176416651686 -17.9971329617708 100.591451289829 "segment_08_pts_157-170" 23.5085943111321 185.671359576489 "amont"
8 "008_fs2" 8 171 72.4810254133222 -7.82310100873732 84.2763699377439 "segment_09_pts_171-179" 8.93731473584843 220.076679690386 "amont"
8 "008_fs2" 8 180 73.2049256581967 -1.14735639655123 76.770078420569 "segment_10_pts_180-185" 4.26909450345595 182.520429029177 "amont"
8 "008_fs2" 8 186 74.2747264256203 3.19831158853441 69.8321649958823 "segment_11_pts_186-190" -0.0912487946107206 152.691376781419 "amont"
8 "008_fs2" 8 191 75.6050967790319 6.68666742157012 58.3627201325742 "segment_12_pts_191-200" -8.80551414525279 129.932800961051 "amont"
8 "008_fs3" 10 1 0 -105.841207205785 48.6117889607422 "segment_01_pts_1-27" 1.87029990444313 197.747632158918 "amont"
8 "008_fs3" 10 28 14.0029907400605 -89.9397444214982 49.7353247546803 "segment_02_pts_28-53" -8.21924345512551 185.342611175852 "amont"
8 "008_fs3" 10 54 27.1574399324568 -74.3971377201514 51.8708926049772 "segment_03_pts_54-76" -14.9251345207053 178.186282800376 "amont"
8 "008_fs3" 10 77 38.2507969239571 -60.2337583196342 54.845133626222 "segment_04_pts_77-98" -14.5619424542235 207.860438286746 "amont"
8 "008_fs3" 10 99 48.2038321966105 -46.0114856657284 65.0736330805025 "segment_05_pts_99-119" 0.939022620458331 212.846227712285 "amont"
8 "008_fs3" 10 120 54.9665693999236 -31.2919485125102 71.723438768157 "segment_06_pts_120-139" 29.2788650261079 275.396592972331 "amont"
8 "008_fs3" 10 140 59.9509586705536 -16.1163858198899 73.1670067538954 "segment_07_pts_140-156" 55.3691326900901 243.206473924819 "amont"
8 "008_fs3" 10 157 63.8961811328839 -3.31069272617759 54.0315481245694 "segment_08_pts_157-170" 51.0800269616171 295.80353062924 "amont"
8 "008_fs3" 10 171 70.3810994476831 5.23092772105386 29.9132338786393 "segment_09_pts_171-179" 12.4296952392708 208.706317919461 "amont"
8 "008_fs3" 10 180 76.7971700760264 8.80428254349266 16.7667440487783 "segment_10_pts_180-185" -9.37753614694164 213.08519114529 "amont"
8 "008_fs3" 10 186 81.0976675852116 10.0043118304306 3.27380110672683 "segment_11_pts_186-190" -28.5277487320266 243.104918223128 "amont"
8 "008_fs3" 10 191 84.8956771635264 10.1345354374799 -15.9264914077509 "segment_12_pts_191-200" -22.7867237409563 238.368566504247 "amont"
11 "011_fs1" 9 1 0 -69.9473416599882 76.8551665395265 "segment_01_pts_1-27" -5.11102854585732 176.946125123936 "aval"
11 "011_fs1" 9 28 2.63642355072011 -58.6425903627623 77.7674659339861 "segment_02_pts_28-53" -0.595082485005591 168.744807632852 "aval"
11 "011_fs1" 9 54 5.02564748417979 -47.5947670266985 79.2146868085467 "segment_03_pts_54-76" 4.11321365168708 195.955370213307 "aval"
11 "011_fs1" 9 77 6.88929396222022 -37.8078106203982 78.3603738636381 "segment_04_pts_77-98" 8.11456394632157 193.149831831151 "aval"
11 "011_fs1" 9 99 8.8116133454688 -28.5313598981791 75.1096463447802 "segment_05_pts_99-119" 11.5467627204142 199.265734558442 "aval"
11 "011_fs1" 9 120 11.1413547858315 -19.8191331932636 71.5702857859604 "segment_06_pts_120-139" 20.077916477925 231.176149404777 "aval"
11 "011_fs1" 9 140 13.8970437440673 -11.596537474399 67.4014469272171 "segment_07_pts_140-156" 35.0172331249375 224.096510332681 "aval"
11 "011_fs1" 9 157 16.7981962891528 -4.69344384115311 59.233273545385 "segment_08_pts_157-170" 38.78003792616 229.721109904583 "aval"
11 "011_fs1" 9 171 19.8987900556799 0.428277631662809 47.0471330654337 "segment_09_pts_171-179" 34.391373680382 218.210801895347 "aval"
11 "011_fs1" 9 180 22.5214409728645 3.17065139333874 35.7911315116513 "segment_10_pts_180-185" 28.0788277461457 208.986540757023 "aval"
11 "011_fs1" 9 186 24.6595584510875 4.67085089880828 27.7955315624981 "segment_11_pts_186-190" 23.4630446748514 208.241368588874 "aval"
11 "011_fs1" 9 191 26.6402777057381 5.68309640453288 16.8781910513476 "segment_12_pts_191-200" 16.7786181423969 208.545576813398 "aval"
11 "011_fs2" 9 1 0 -54.941889690703 63.2594547387713 "segment_01_pts_1-27" -4.42027148424317 112.451443502392 "aval"
11 "011_fs2" 9 28 5.04339314892903 -44.9397137329185 62.5209481960878 "segment_02_pts_28-53" -3.49402681102572 119.779802352869 "aval"
11 "011_fs2" 9 54 9.87997771092284 -35.6421552857446 62.399789111477 "segment_03_pts_54-76" -2.44785473278043 112.264992418225 "aval"
11 "011_fs2" 9 77 14.1642337616718 -27.4456231081673 63.0108539502393 "segment_04_pts_77-98" -0.133686015148676 110.994608379266 "aval"
11 "011_fs2" 9 99 18.2411268233831 -19.4291472312179 65.118059340889 "segment_05_pts_99-119" 5.34122598589751 121.253005738387 "aval"
11 "011_fs2" 9 120 21.9195238498924 -11.4592433158429 67.9397941606913 "segment_06_pts_120-139" 12.5542137391794 183.630214556468 "aval"
11 "011_fs2" 9 140 25.0363863649139 -3.78324235341748 64.3785629725911 "segment_07_pts_140-156" 16.2115940084608 180.987879288684 "aval"
11 "011_fs2" 9 157 28.024020636179 2.3840039470019 55.5401681434496 "segment_08_pts_157-170" 16.9232753518923 168.427116971263 "aval"
11 "011_fs2" 9 171 31.2115320430109 6.95013049187901 45.0241106115109 "segment_09_pts_171-179" 15.5890456170006 148.776212358246 "aval"
11 "011_fs2" 9 180 33.840988774785 9.54133531708064 38.5793260230606 "segment_10_pts_180-185" 15.2168308635332 161.201133960382 "aval"
11 "011_fs2" 9 186 35.8080252504546 11.0877780758557 34.1831642424028 "segment_11_pts_186-190" 15.3501776608849 115.968616697729 "aval"
11 "011_fs2" 9 191 37.5484470987634 12.2526226088664 28.4007804822863 "segment_12_pts_191-200" 15.9179405836495 128.782112196503 "aval"
11 "011_fs3" 9 1 39.424969078623 68.6066964673315 -69.517216222304 "segment_01_pts_1-27" 2.67250698709373 115.500512756343 "aval"
11 "011_fs3" 9 28 43.5739483671798 57.4717019132177 -70.4452899278427 "segment_02_pts_28-53" -5.33134462462122 105.337788861447 "aval"
11 "011_fs3" 9 54 47.4199302635331 46.6653836603251 -74.2805964831297 "segment_03_pts_54-76" -9.77643400434864 114.023480142639 "aval"
11 "011_fs3" 9 77 50.099171623649 36.9141726574695 -87.8062195162466 "segment_04_pts_77-98" -4.40747039467793 109.432831204367 "aval"
11 "011_fs3" 9 99 50.457536517914 27.3366593977644 -90.4543615012798 "segment_05_pts_99-119" -6.43833396969437 112.465701462459 "aval"
11 "011_fs3" 9 120 50.3445114235688 18.0304609160374 -101.824311868393 "segment_06_pts_120-139" -14.3765758328714 126.477114858618 "aval"
11 "011_fs3" 9 140 48.4716155623315 9.28122316001475 -109.916908593689 "segment_07_pts_140-156" -18.2707554302817 124.987659682567 "aval"
11 "011_fs3" 9 157 45.9201461593969 2.2892873572589 -117.555157644649 "segment_08_pts_157-170" -17.0732244883648 173.783807886433 "aval"
11 "011_fs3" 9 171 43.1247895087846 -2.93548344605574 -130.347195842739 "segment_09_pts_171-179" -14.754121892164 241.600521611405 "aval"
11 "011_fs3" 9 180 40.5152776047179 -5.95524681123345 -137.244026054496 "segment_10_pts_180-185" -15.0101963370803 261.131404128149 "aval"
11 "011_fs3" 9 186 38.4970451789813 -7.79433740338328 -141.665583822834 "segment_11_pts_186-190" -15.4611160278421 280.136450996815 "aval"
11 "011_fs3" 9 191 36.6831958111872 -9.20928069207969 -147.093845895146 "segment_12_pts_191-200" -16.4333536048675 321.715678311697 "aval"
14 "014_fs1" 8 1 0 -35.8521658555374 4.93218010000141 "segment_01_pts_1-27" -11.5049505027608 143.658093570775 "aval"
14 "014_fs1" 8 28 14.6769583061422 -34.5686630307343 8.32319269906446 "segment_02_pts_28-53" -6.79778580015361 125.658274899443 "aval"
14 "014_fs1" 8 54 28.683900916349 -32.504413830963 11.2018713328338 "segment_03_pts_54-76" -1.84826986814745 115.399834807194 "aval"
14 "014_fs1" 8 77 40.9677672544249 -30.0594498127335 13.601954801118 "segment_04_pts_77-98" 2.39745986508671 117.128408630396 "aval"
14 "014_fs1" 8 99 52.6373387822537 -27.2251462034175 15.4112786114575 "segment_05_pts_99-119" -0.394813638428367 104.581010918952 "aval"
14 "014_fs1" 8 120 63.7409513643353 -24.1599811179185 15.7991229594119 "segment_06_pts_120-139" -11.5803559065912 198.867791579972 "aval"
14 "014_fs1" 8 140 74.2412412553074 -21.1918496482093 14.7072097497152 "segment_07_pts_140-156" -25.4760652263121 214.406431547265 "aval"
14 "014_fs1" 8 157 83.2175556277814 -18.8484304078962 16.0951628400903 "segment_08_pts_157-170" -57.5590727500718 224.047036948581 "aval"
14 "014_fs1" 8 171 91.0837582031809 -16.5199454558579 29.7711818003579 "segment_09_pts_171-179" -53.3509882693038 251.913993824171 "aval"
14 "014_fs1" 8 180 94.9912106412896 -14.1774360725351 49.7302139699056 "segment_10_pts_180-185" -35.4512232411811 265.263693562445 "aval"
14 "014_fs1" 8 186 96.7511259065071 -12.0253852391821 60.084320310474 "segment_11_pts_186-190" -26.6034740528902 264.046632948208 "aval"
14 "014_fs1" 8 191 97.995556371782 -9.77735875972519 73.7272965406755 "segment_12_pts_191-200" -15.035641765301 250.093476069694 "aval"
14 "014_fs2" 8 1 150.262045646661 -38.6458427262399 175.256361855 "segment_01_pts_1-27" 2.63308262319157 106.290902827536 "aval"
14 "014_fs2" 8 28 135.243381910123 -37.3818522412553 170.199361845804 "segment_02_pts_28-53" 4.36426154094562 92.0990649829914 "aval"
14 "014_fs2" 8 54 121.066704353189 -34.8943991713323 161.322256723731 "segment_03_pts_54-76" 7.25027540329944 111.536745379893 "aval"
14 "014_fs2" 8 77 108.971532132261 -30.7452926081754 150.249433389487 "segment_04_pts_77-98" 8.69400295893021 88.8978770429566 "aval"
14 "014_fs2" 8 99 98.355391078162 -24.6246357615234 142.845515434483 "segment_05_pts_99-119" 10.3596661537478 116.18703543366 "aval"
14 "014_fs2" 8 120 88.8041681848428 -17.3692318950454 133.537243956906 "segment_06_pts_120-139" 5.2900873164148 137.314219048686 "aval"
14 "014_fs2" 8 140 81.3878144817962 -9.37334096963973 113.053252784999 "segment_07_pts_140-156" 4.11025506160151 162.67948767399 "aval"
14 "014_fs2" 8 157 78.104408228293 -1.59321702871426 107.433872188848 "segment_08_pts_157-170" 12.8265398909083 165.130919612893 "aval"
14 "014_fs2" 8 171 75.8785133572881 5.58993178856149 102.424045863172 "segment_09_pts_171-179" 13.0377867244393 177.77370355252 "aval"
14 "014_fs2" 8 180 74.7936262401998 10.6141858714587 98.8532082476236 "segment_10_pts_180-185" 10.8358823735299 154.093952210524 "aval"
14 "014_fs2" 8 186 74.2583445794936 14.1519088742156 96.1240294308387 "segment_11_pts_186-190" 9.71579350719186 146.163836299354 "aval"
14 "014_fs2" 8 191 73.9429648502402 17.2198708296931 92.2880539303092 "segment_12_pts_191-200" 9.10712972306479 142.659997754898 "aval"
14 "014_fs3" 10 1 53.3558748943364 -91.9152482793482 107.694409935814 "segment_01_pts_1-27" 4.04043565170542 115.634397151119 "aval"
14 "014_fs3" 10 28 48.8766387630747 -77.8228607311005 104.185402593874 "segment_02_pts_28-53" 1.49788315057282 110.733721129342 "aval"
14 "014_fs3" 10 54 45.3597486048506 -63.8255835078209 100.92600763431 "segment_03_pts_54-76" -0.922711772067942 96.5013672059361 "aval"
14 "014_fs3" 10 77 42.955576463509 -51.3488679802137 101.292825372343 "segment_04_pts_77-98" -0.144206344708095 99.0092379896508 "aval"
14 "014_fs3" 10 99 40.5833218630297 -39.5405142431221 107.581492933369 "segment_05_pts_99-119" 8.84384122125574 110.083603160079 "aval"
14 "014_fs3" 10 120 37.0541938403106 -28.4796343645297 105.855996774788 "segment_06_pts_120-139" 15.5616130754982 139.292312857404 "aval"
14 "014_fs3" 10 140 34.1068559564422 -17.8356268511467 89.2788355254783 "segment_07_pts_140-156" -0.708493758770842 170.20417520805 "aval"
14 "014_fs3" 10 157 34.2850682551339 -8.45411289116547 79.7741961633993 "segment_08_pts_157-170" 6.17737850210332 142.959498705486 "aval"
14 "014_fs3" 10 171 35.6889655749428 -0.824516190492972 74.0847667991308 "segment_09_pts_171-179" 19.1257103663589 157.391426975235 "aval"
14 "014_fs3" 10 180 37.0725442202914 3.76144443589777 60.1160664084358 "segment_10_pts_180-185" 13.858303326519 157.22394034189 "aval"
14 "014_fs3" 10 186 38.7605603285365 6.59302894117789 50.888860944537 "segment_11_pts_186-190" 9.78097841213437 164.498736877301 "aval"
14 "014_fs3" 10 191 40.581373266168 8.77802281134041 41.8677209064468 "segment_12_pts_191-200" 6.6113235068007 165.097632217606 "aval"
15 "015_fs1" 11 1 163.584108199493 -169.429148019437 133.250559129765 "segment_01_pts_1-27" 2.92157518338806 185.988478943762 "aval"
15 "015_fs1" 11 28 151.171498358566 -156.143913434248 123.104082552344 "segment_02_pts_28-53" 1.60746403655479 197.267353668705 "aval"
15 "015_fs1" 11 54 141.682173053935 -141.488566482401 114.127314128778 "segment_03_pts_54-76" -17.4831453003152 185.316429694373 "aval"
15 "015_fs1" 11 77 135.39354906761 -127.384712653381 115.045116681318 "segment_04_pts_77-98" -16.8285505149174 236.489325459184 "aval"
15 "015_fs1" 11 99 129.054026400953 -113.942402403203 124.977145634003 "segment_05_pts_99-119" 2.41663489287804 229.17668035176 "aval"
15 "015_fs1" 11 120 120.931282905587 -102.482737150058 138.868467606952 "segment_06_pts_120-139" 36.7626515541273 284.416596956951 "aval"
15 "015_fs1" 11 140 110.683871874842 -93.5924956106252 145.429744939813 "segment_07_pts_140-156" 55.7819044763442 291.490649616337 "aval"
15 "015_fs1" 11 157 100.963402360817 -86.933994777991 142.124355216008 "segment_08_pts_157-170" 73.2161318048628 420.617405062943 "aval"
15 "015_fs1" 11 171 93.5915760562871 -81.0282504949022 117.247146889194 "segment_09_pts_171-179" 59.7442630779102 424.779837450046 "aval"
15 "015_fs1" 11 180 91.3053513998535 -76.4782272150377 109.624992715429 "segment_10_pts_180-185" 54.8165112217721 391.839577259769 "aval"
15 "015_fs1" 11 186 90.0796048676016 -72.9421230244949 103.967880877752 "segment_11_pts_186-190" 16.0198414799915 286.839724208027 "aval"
15 "015_fs1" 11 191 89.2875038570071 -69.6143086900805 95.1318537678459 "segment_12_pts_191-200" -1.35044251663473 388.81173705097 "aval"
15 "015_fs2" 12 1 160.811496196112 -83.5122705515121 172.666836685221 "segment_01_pts_1-27" -5.05994432384026 200.944924549458 "aval"
15 "015_fs2" 12 28 143.8286981622 -81.3627335192714 179.396052144394 "segment_02_pts_28-53" 9.11705129240633 169.049658688523 "aval"
15 "015_fs2" 12 54 127.440255100284 -81.2301517254434 -173.492211912764 "segment_03_pts_54-76" 5.66940823915439 167.419414440358 "aval"
15 "015_fs2" 12 77 112.936120624217 -82.9250765207538 -166.182542751315 "segment_04_pts_77-98" -10.0408891771222 189.468809775088 "aval"
15 "015_fs2" 12 99 99.3544947013528 -86.3045407008953 -162.016555734431 "segment_05_pts_99-119" -0.0487548710788133 241.183354699411 "aval"
15 "015_fs2" 12 120 86.7365526810578 -90.3896827334431 -166.780426995455 "segment_06_pts_120-139" 39.4507032513908 282.392172547095 "aval"
15 "015_fs2" 12 140 74.2180419020098 -93.2679446734771 -177.790615574136 "segment_07_pts_140-156" 77.1872987082787 288.559445283807 "aval"
15 "015_fs2" 12 157 62.9777161738704 -93.6243103846246 167.33798533377 "segment_08_pts_157-170" 75.2544396926221 333.067479961378 "aval"
15 "015_fs2" 12 171 54.8262182230078 -91.6915073155917 150.691652027119 "segment_09_pts_171-179" 70.1887617057449 396.378342862685 "aval"
15 "015_fs2" 12 180 50.3374923595795 -89.0941226235239 139.767306878452 "segment_10_pts_180-185" 67.6397034308311 478.771451082597 "aval"
15 "015_fs2" 12 186 47.5573580081081 -86.6810930626448 132.129501727344 "segment_11_pts_186-190" 65.856840838708 510.419265378845 "aval"
15 "015_fs2" 12 191 45.378616597165 -84.21487125819 122.77038581463 "segment_12_pts_191-200" 64.5372070342084 565.127598221479 "aval"
16 "016_fs1" 12 1 0 57.3187963486114 -45.1975525162656 "segment_01_pts_1-27" 1.98499305016279 88.3158563169793 "aval"
16 "016_fs1" 12 28 16.1312491824448 41.0472357071618 -48.1863035196928 "segment_02_pts_28-53" -1.70616577315607 103.948859520776 "aval"
16 "016_fs1" 12 54 30.7455119271502 24.6831733677728 -49.9471793092058 "segment_03_pts_54-76" 1.91556176907981 98.7249668752999 "aval"
16 "016_fs1" 12 77 43.4456112043652 9.55932013420443 -47.4814794945659 "segment_04_pts_77-98" 8.59279131998036 112.845077590153 "aval"
16 "016_fs1" 12 99 56.0500048867086 -4.05998282166877 -32.7939049213432 "segment_05_pts_99-119" 8.89937492649375 132.663101393179 "aval"
16 "016_fs1" 12 120 71.3095034083394 -13.7328660314964 -14.3850850302177 "segment_06_pts_120-139" 6.49823293727901 140.58253070763 "aval"
16 "016_fs1" 12 140 87.5476980488614 -17.7362575805706 3.98990654239607 "segment_07_pts_140-156" -2.4847965592218 189.722424385945 "aval"
16 "016_fs1" 12 157 102.139634857615 -16.6147128670291 15.7072238382739 "segment_08_pts_157-170" -2.12347227976184 229.815130207632 "aval"
16 "016_fs1" 12 171 113.566888034424 -13.3417766862872 20.9512837123852 "segment_09_pts_171-179" -5.18315879160426 200.166350898378 "aval"
16 "016_fs1" 12 180 120.685069680104 -10.6026067637378 21.9175633679091 "segment_10_pts_180-185" -9.01027140374774 262.590197589369 "aval"
16 "016_fs1" 12 186 125.424635241763 -8.69773364320832 21.4001207793836 "segment_11_pts_186-190" -12.8279596428589 265.646031979458 "aval"
16 "016_fs1" 12 191 129.405461263257 -7.14584821847257 19.3020711658918 "segment_12_pts_191-200" -19.1244099746343 244.524640368473 "aval"
16 "016_fs2" 12 1 0 25.496156869025 -45.6819143049524 "segment_01_pts_1-27" 3.75845499167431 107.600289805255 "aval"
16 "016_fs2" 12 28 15.7821753813998 9.33951606906527 -46.4953371011855 "segment_02_pts_28-53" 1.53285745608212 122.459121006781 "aval"
16 "016_fs2" 12 54 30.7782474518054 -6.49858936529779 -43.8629865430392 "segment_03_pts_54-76" 7.18050487101993 119.199531913954 "aval"
16 "016_fs2" 12 77 44.7559566722543 -19.7527802656397 -23.8117936644118 "segment_04_pts_77-98" 7.42041845024481 118.82184784129 "aval"
16 "016_fs2" 12 99 61.6682134380517 -27.0097630234761 4.77139784819999 "segment_05_pts_99-119" -6.88567545954917 130.02123999057 "aval"
16 "016_fs2" 12 120 79.2479437134867 -25.3577002461861 27.181213650657 "segment_06_pts_120-139" -4.87087872377453 188.92442349571 "aval"
16 "016_fs2" 12 140 94.345233847636 -17.4461727713759 42.6649009612686 "segment_07_pts_140-156" -4.47146207754075 157.891359404891 "aval"
16 "016_fs2" 12 157 104.799613337647 -7.70874235669521 49.9471564545049 "segment_08_pts_157-170" -5.51988851183024 247.58472936531 "aval"
16 "016_fs2" 12 171 112.411716901408 1.4055529946155 56.6554439807368 "segment_09_pts_171-179" -4.11497037845509 270.704080839712 "aval"
16 "016_fs2" 12 180 116.487848186366 7.74600537340274 66.9723242414039 "segment_10_pts_180-185" 3.06912487267405 214.817279695897 "aval"
16 "016_fs2" 12 186 118.349467018895 12.235276443545 71.6522378971655 "segment_11_pts_186-190" 5.55752424932562 259.975829422987 "aval"
16 "016_fs2" 12 191 119.622096298393 16.1591921989001 78.2912939949979 "segment_12_pts_191-200" 9.21130683692887 343.47976982682 "aval"
16 "016_fs3" 17 1 37.9374471682163 94.597619707257 -76.568360698763 "segment_01_pts_1-27" 1.76059800253374 76.6601776166555 "aval"
16 "016_fs3" 17 28 43.1624672931615 72.7477029462269 -79.0015814753731 "segment_02_pts_28-53" -3.1765184848004 61.3506307179147 "aval"
16 "016_fs3" 17 54 47.1307864947651 51.477895645186 -94.0215103973289 "segment_03_pts_54-76" 1.24910115996936 64.8263034053049 "aval"
16 "016_fs3" 17 77 45.7342789970609 32.2242868113905 -101.513009900832 "segment_04_pts_77-98" -3.03589618882337 83.9961148375426 "aval"
16 "016_fs3" 17 99 42.0149488110443 14.7295330025048 -117.421236973748 "segment_05_pts_99-119" 0.895354437407093 95.9779619223638 "aval"
16 "016_fs3" 17 120 33.8155179926882 -1.06514786463731 -113.081262505423 "segment_06_pts_120-139" 6.78483145985714 110.66021098464 "aval"
16 "016_fs3" 17 140 27.2611985182814 -16.5314764341207 -96.641961964162 "segment_07_pts_140-156" 2.03610027257446 129.666405782771 "aval"
16 "016_fs3" 17 157 25.8380325629382 -30.337834113364 -79.6713073871191 "segment_08_pts_157-170" -2.30728978877411 167.888464807747 "aval"
16 "016_fs3" 17 171 27.9792920538315 -41.8740104847895 -76.7120593721512 "segment_09_pts_171-179" -0.640014328277999 168.37355560449 "aval"
16 "016_fs3" 17 180 29.7288658123807 -49.2024310817089 -73.1600590811134 "segment_10_pts_180-185" 3.74479811438272 161.63849734837 "aval"
16 "016_fs3" 17 186 31.2119606396003 -53.9959209194358 -69.4986963272922 "segment_11_pts_186-190" 5.38969226853715 184.552304924694 "aval"
16 "016_fs3" 17 191 32.6984025291272 -57.911440663268 -65.713249822899 "segment_12_pts_191-200" 7.18798556892332 239.207050441445 "aval"
17 "017_fs1" 15 1 0 -90.7468995581499 60.2006646446626 "segment_01_pts_1-27" -2.13738689952932 134.583517324733 "amont"
17 "017_fs1" 15 28 9.52134758665966 -74.0665809707721 64.7969983304302 "segment_02_pts_28-53" -1.62332513442726 111.395579480003 "amont"
17 "017_fs1" 15 54 17.3683072493229 -57.360702860887 64.2011749655269 "segment_03_pts_54-76" 0.716679294530927 109.223183168599 "amont"
17 "017_fs1" 15 77 24.5822189905648 -42.4810022465671 60.2127407090318 "segment_04_pts_77-98" 3.52462117318326 123.029133869751 "amont"
17 "017_fs1" 15 99 32.3911880507154 -28.9274891929589 50.7683152856335 "segment_05_pts_99-119" 1.15901098581694 121.9419460766 "amont"
17 "017_fs1" 15 120 41.783066081246 -17.5211402533678 45.7250408733274 "segment_06_pts_120-139" -0.63953258862059 134.951026547692 "amont"
17 "017_fs1" 15 140 51.7768501100285 -7.23152576984467 50.9738636000178 "segment_07_pts_140-156" 0.640939091849162 178.032913666586 "amont"
17 "017_fs1" 15 157 59.3214945869764 2.11455613536941 53.5998741139739 "segment_08_pts_157-170" 1.09789104461851 182.714502093137 "amont"
17 "017_fs1" 15 171 65.2808509417808 10.2050609127474 54.1398720246294 "segment_09_pts_171-179" 0.711584349068339 184.413022035201 "amont"
17 "017_fs1" 15 180 69.0801327467742 15.463959062482 54.291594523355 "segment_10_pts_180-185" 0.334325726117434 188.741014544456 "amont"
17 "017_fs1" 15 186 71.5887942502976 18.9539751182899 54.2498728734906 "segment_11_pts_186-190" -0.0434914476708812 190.567854063767 "amont"
17 "017_fs1" 15 191 73.6639603177038 21.8352851998568 53.9677104380447 "segment_12_pts_191-200" -0.613762108651798 182.926222332233 "amont"
17 "017_fs2" 11 1 106.508875739645 -118.401883351814 131.167188198979 "segment_01_pts_1-27" 8.78972330404579 198.432963152927 "amont"
17 "017_fs2" 11 28 94.369618769585 -104.386146499206 118.875179066011 "segment_02_pts_28-53" 7.51083891661487 147.134668095948 "amont"
17 "017_fs2" 11 54 85.7959287772079 -88.7089891960687 110.460556418803 "segment_03_pts_54-76" 4.59634544597468 154.156635967834 "amont"
17 "017_fs2" 11 77 80.293926595606 -73.866272200868 103.884804107147 "segment_04_pts_77-98" 2.28777178761827 156.463748168903 "amont"
17 "017_fs2" 11 99 76.7118087249717 -59.2404581564024 99.6205770903862 "segment_05_pts_99-119" -3.11011558664649 165.597876664527 "amont"
17 "017_fs2" 11 120 74.3307619571303 -45.0327713300731 94.2345845010099 "segment_06_pts_120-139" -15.6375416878116 187.608466175204 "amont"
17 "017_fs2" 11 140 73.3397254809439 -31.2053336121807 91.5663691308251 "segment_07_pts_140-156" -25.3441060760073 225.558272758156 "amont"
17 "017_fs2" 11 157 73.0068021269025 -19.5758329922502 105.066868683232 "segment_08_pts_157-170" -18.6593279215198 205.923763799572 "amont"
17 "017_fs2" 11 171 70.463144398816 -10.7407569557674 125.935142161638 "segment_09_pts_171-179" -5.96008542022243 209.348182204781 "amont"
17 "017_fs2" 11 180 66.6922104961036 -5.67798586761396 136.334506717353 "segment_10_pts_180-185" -0.710747911410408 186.905222130074 "amont"
17 "017_fs2" 11 186 63.4550845039399 -2.65391515731025 142.799198830322 "segment_11_pts_186-190" 2.18115608815663 175.100091070251 "amont"
17 "017_fs2" 11 191 60.4036902296639 -0.383355268247612 150.616921339898 "segment_12_pts_191-200" 5.30708083345971 157.034290615205 "amont"
18 "018_fs1" 11 1 0 -74.1896257285759 9.26958498146359 "segment_01_pts_1-27" -6.44692639868374 171.567753904599 "amont"
18 "018_fs1" 11 28 22.666107811065 -70.4450150213198 14.2696730030389 "segment_02_pts_28-53" -2.15753135209349 133.850013310249 "amont"
18 "018_fs1" 11 54 44.1022589675377 -64.9699935081906 16.3587822080972 "segment_03_pts_54-76" -2.81469247039064 148.386875988663 "amont"
18 "018_fs1" 11 77 62.8977366092392 -59.4471325238729 17.5075778043673 "segment_04_pts_77-98" -6.65293652072701 163.560354631398 "amont"
18 "018_fs1" 11 99 80.803056047595 -53.7816403647282 20.2079680320696 "segment_05_pts_99-119" -9.55373127912871 196.320049494073 "amont"
18 "018_fs1" 11 120 97.4870766715858 -47.6109900708847 26.4158956928007 "segment_06_pts_120-139" -9.60212113989972 224.324989010774 "amont"
18 "018_fs1" 11 140 112.771701986551 -39.9149227558019 39.675259847729 "segment_07_pts_140-156" -2.26536021702936 272.43511461347 "amont"
18 "018_fs1" 11 157 123.671334741256 -30.769680885072 46.8387880169579 "segment_08_pts_157-170" 5.44470595366967 267.782449635312 "amont"
18 "018_fs1" 11 171 131.870901965653 -22.0190289979197 46.2412693622655 "segment_09_pts_171-179" 8.72700006918016 256.886513146736 "amont"
18 "018_fs1" 11 180 137.351072464352 -16.3152793862006 44.7684866014189 "segment_10_pts_180-185" 14.4437932538855 302.540105545527 "amont"
18 "018_fs1" 11 186 141.074063302823 -12.6379126857793 43.2654991773522 "segment_11_pts_186-190" 21.5133570877093 342.116694697465 "amont"
18 "018_fs1" 11 191 144.196197976149 -9.71700211266955 40.1521131314726 "segment_12_pts_191-200" 34.6911976454019 369.592528467984 "amont"
18 "018_fs2" 14 1 0 -53.716805773871 80.7690161445748 "segment_01_pts_1-27" -0.872529066186914 226.258200651016 "amont"
18 "018_fs2" 14 28 3.60472975654216 -31.5244279086131 81.4840199646645 "segment_02_pts_28-53" 2.74963125532763 152.553883364703 "amont"
18 "018_fs2" 14 54 6.83122341326884 -10.1304576779692 75.6088554898327 "segment_03_pts_54-76" 6.74139555621511 177.364437485553 "amont"
18 "018_fs2" 14 77 11.6921907892883 8.52109698662733 64.1834552379677 "segment_04_pts_77-98" 19.1612868376607 211.576995552644 "amont"
18 "018_fs2" 14 99 19.784522152348 24.8739426764198 40.2205521262417 "segment_05_pts_99-119" 20.9718565295015 161.966444501795 "amont"
18 "018_fs2" 14 120 33.4838138282484 36.2272444840139 11.5895932579255 "segment_06_pts_120-139" 10.6109690194543 256.13711308286 "amont"
18 "018_fs2" 14 140 49.7454333220458 39.3687191490319 -9.17093289010833 "segment_07_pts_140-156" -6.78582146145508 185.84168792132 "amont"
18 "018_fs2" 14 157 63.7253572515054 37.0041045061778 -21.7751656314525 "segment_08_pts_157-170" -7.06121874566778 226.812312693335 "amont"
18 "018_fs2" 14 171 74.6620984284553 32.5511168172644 -30.5825522287295 "segment_09_pts_171-179" -7.17986422287337 257.83467896145 "amont"
18 "018_fs2" 14 180 81.0888934327092 28.6988403847467 -35.6948153318362 "segment_10_pts_180-185" -7.0247140952269 257.806412121593 "amont"
18 "018_fs2" 14 186 85.1292399359348 25.7631721393359 -39.0013564264186 "segment_11_pts_186-190" -7.15880883235087 265.419759472654 "amont"
18 "018_fs2" 14 191 88.3616081689527 23.1186737107284 -43.1285701303152 "segment_12_pts_191-200" -7.4845677317233 292.555559367667 "amont"
18 "018_fs3" 13 1 154.522400676247 -45.3273869502852 -178.884185203065 "segment_01_pts_1-27" -0.24210432202895 117.7835888705 "amont"
18 "018_fs3" 13 28 133.333814783509 -45.6850204202453 173.180897271793 "segment_02_pts_28-53" 1.61835706284441 112.673883933466 "amont"
18 "018_fs3" 13 54 113.090492507311 -43.2102249564116 165.607301863541 "segment_03_pts_54-76" 1.89356400312707 113.635146370079 "amont"
18 "018_fs3" 13 77 95.7131567512508 -38.7000573512301 158.291383934555 "segment_04_pts_77-98" 3.26502058813222 122.193295194654 "amont"
18 "018_fs3" 13 99 79.6298042088159 -32.2378963336992 149.937779277616 "segment_05_pts_99-119" 2.46146215858715 136.158501843852 "amont"
18 "018_fs3" 13 120 65.4347148921344 -23.9524390078832 143.288670117085 "segment_06_pts_120-139" 1.52582422510602 178.441797867484 "amont"
18 "018_fs3" 13 140 52.9102083976753 -14.5990057442601 143.093465584238 "segment_07_pts_140-156" 3.79957618422111 240.111274077244 "amont"
18 "018_fs3" 13 157 41.9101945670943 -6.34893526239716 144.714453029233 "segment_08_pts_157-170" 1.42568166883356 213.27456463428 "amont"
18 "018_fs3" 13 171 32.7147130711664 0.136003370963408 147.170498509569 "segment_09_pts_171-179" -0.0584506674834984 193.036241314421 "amont"
18 "018_fs3" 13 180 26.748356197533 3.96437419468788 149.474855005847 "segment_10_pts_180-185" -1.18222541248929 251.004343593343 "amont"
18 "018_fs3" 13 186 22.7454503286603 6.30772512501821 151.559465418475 "segment_11_pts_186-190" -2.09669340115613 312.111069515854 "amont"
18 "018_fs3" 13 191 19.3936096245786 8.10721530174416 155.01608516408 "segment_12_pts_191-200" -3.46363182801983 280.640434911955 "amont"
19 "019_fs1" 14 1 180.693153000845 -85.0943255186607 119.191007556452 "segment_01_pts_1-27" -0.876076906489288 111.211854341009 "amont"
19 "019_fs1" 14 28 168.861275147971 -63.7920295770012 115.997762865745 "segment_02_pts_28-53" -0.409520561637919 89.5803076403525 "amont"
19 "019_fs1" 14 54 158.534688235424 -42.7402442125206 123.29057261139 "segment_03_pts_54-76" -0.879532833648668 107.975028442039 "amont"
19 "019_fs1" 14 77 147.089801704065 -25.4429747734634 132.540654600828 "segment_04_pts_77-98" -5.11725781134848 107.633044432206 "amont"
19 "019_fs1" 14 99 133.646006398904 -10.9158652370754 141.752399578902 "segment_05_pts_99-119" -1.49191031610877 92.2963469131344 "amont"
19 "019_fs1" 14 120 118.69000163905 0.831812138462908 144.192309436911 "segment_06_pts_120-139" -2.81885051338179 130.829213996448 "amont"
19 "019_fs1" 14 140 104.086021689969 11.364116688508 143.480167980088 "segment_07_pts_140-156" -3.79717384560527 187.677804425924 "amont"
19 "019_fs1" 14 157 91.7780478464409 20.4943191121009 141.961645910599 "segment_08_pts_157-170" -4.09110502727074 217.12234685732 "amont"
19 "019_fs1" 14 171 81.8300548855015 28.2921559009709 140.691989005134 "segment_09_pts_171-179" -4.08393888713965 216.069404677428 "amont"
19 "019_fs1" 14 180 75.5516990876021 33.4431616439636 139.817252833494 "segment_10_pts_180-185" -3.84925622173211 246.846868921851 "amont"
19 "019_fs1" 14 186 71.4217631930084 36.9381811409168 139.188803656853 "segment_11_pts_186-190" -3.53475876656626 245.802781971886 "amont"
19 "019_fs1" 14 191 68.0120817899212 39.8883925223155 138.345333371966 "segment_12_pts_191-200" -2.92299040206254 302.467325266782 "amont"
19 "019_fs2" 12 1 38.072696534235 -150.396628335137 63.2091596662539 "segment_01_pts_1-27" -5.22230738395744 136.039183554471 "amont"
19 "019_fs2" 12 28 49.80541684279 -126.9324790517 73.8408695193276 "segment_02_pts_28-53" 2.92923860132817 127.473500254447 "amont"
19 "019_fs2" 12 54 56.786172324265 -102.695875169567 76.2452732076568 "segment_03_pts_54-76" -2.51809939732462 114.600912579956 "amont"
19 "019_fs2" 12 77 62.0975054747849 -80.9622684161304 77.2084869532584 "segment_04_pts_77-98" -5.9411510508322 124.09682786024 "amont"
19 "019_fs2" 12 99 66.8374164514519 -60.1121642049478 78.2460195298931 "segment_05_pts_99-119" -5.64231774058661 167.326473258924 "amont"
19 "019_fs2" 12 120 70.9433095326904 -40.1140721461994 83.7648192402981 "segment_06_pts_120-139" -3.72028375042716 144.748257686138 "amont"
19 "019_fs2" 12 140 72.9921207779078 -20.9971463313182 90.586454546339 "segment_07_pts_140-156" -0.972363687830367 157.531448308765 "amont"
19 "019_fs2" 12 157 72.7324736560458 -3.88185191962828 99.8720984926646 "segment_08_pts_157-170" -18.5442506469261 225.877262437939 "amont"
19 "019_fs2" 12 171 70.2689525602944 8.6976472415862 135.443185657308 "segment_09_pts_171-179" 10.1539123543407 210.48900340359 "amont"
19 "019_fs2" 12 180 63.7214824098974 14.9905342666016 137.786918184427 "segment_10_pts_180-185" 22.4338745174239 271.356319002677 "amont"
19 "019_fs2" 12 186 59.4498358436932 19.0198832144004 128.325723555729 "segment_11_pts_186-190" 16.9852239281998 303.494102501886 "amont"
19 "019_fs2" 12 191 56.6426776865442 22.636831467647 119.594925676272 "segment_12_pts_191-200" 14.9986217394166 320.678994879461 "amont"
19 "019_fs3" 11 1 0 -84.1598626781002 39.8513961522077 "segment_01_pts_1-27" 5.08123915132859 122.130524727604 "amont"
19 "019_fs3" 11 28 19.1722679485452 -68.2068915736999 35.6103672778546 "segment_02_pts_28-53" 0.163155842726042 90.0331841922623 "amont"
19 "019_fs3" 11 54 38.7244303424288 -54.2298215860425 33.5678211770779 "segment_03_pts_54-76" 1.20501078222453 106.118911131103 "amont"
19 "019_fs3" 11 77 56.403394515303 -42.5125260567793 32.1514682668251 "segment_04_pts_77-98" 4.04195332797202 102.953938424952 "amont"
19 "019_fs3" 11 99 73.7024003680696 -31.6570419759017 28.9715124994152 "segment_05_pts_99-119" 1.6795154092913 120.309893118612 "amont"
19 "019_fs3" 11 120 90.6572747133066 -22.3262096086119 22.9695204915442 "segment_06_pts_120-139" -4.72532087839535 215.811253649975 "amont"
19 "019_fs3" 11 140 107.753161142175 -15.0972547325271 23.9180847351292 "segment_07_pts_140-156" -4.76226041495952 202.057018037878 "amont"
19 "019_fs3" 11 157 122.046482739688 -8.72411524318062 29.4329619002171 "segment_08_pts_157-170" -7.40591190437642 311.467097652141 "amont"
19 "019_fs3" 11 171 133.727252197687 -1.99906741040496 46.0258103338681 "segment_09_pts_171-179" -21.3417485752313 220.662187260915 "amont"
19 "019_fs3" 11 180 138.920180250142 3.56711853235521 58.2123480982387 "segment_10_pts_180-185" -17.5836920045395 241.147239800139 "amont"
19 "019_fs3" 11 186 141.597309593376 7.99047852874378 64.968703790998 "segment_11_pts_186-190" -7.41882247344836 291.272975913628 "amont"
19 "019_fs3" 11 191 143.495540099527 12.1846288886646 75.4584110386398 "segment_12_pts_191-200" 7.45049588752045 363.840041499314 "amont"
20 "020_fs1" 10 1 141.944209636517 116.409597337239 -117.676213348431 "segment_01_pts_1-27" -0.737367015314462 144.263893255372 "amont"
20 "020_fs1" 10 28 132.739476039217 98.8335614222617 -115.832757553318 "segment_02_pts_28-53" 0.359003639885628 108.357791214817 "amont"
20 "020_fs1" 10 54 124.432645143458 81.6512569538395 -114.382507348319 "segment_03_pts_54-76" 2.23764081421857 115.265195897831 "amont"
20 "020_fs1" 10 77 117.457996619358 66.2432912804578 -113.019746184006 "segment_04_pts_77-98" 2.02314014339865 113.069309175919 "amont"
20 "020_fs1" 10 99 111.138547829509 51.3557241690843 -112.686513285716 "segment_05_pts_99-119" -1.16968839589765 115.68240177549 "amont"
20 "020_fs1" 10 120 105.188536953117 37.135718715966 -113.90383439464 "segment_06_pts_120-139" 12.9511317256633 150.055656835864 "amont"
20 "020_fs1" 10 140 99.2150594477108 23.6556421930446 -112.4394531904 "segment_07_pts_140-156" 15.7634450963706 165.420154960248 "amont"
20 "020_fs1" 10 157 94.48813629003 12.140911842834 -109.345445476329 "segment_08_pts_157-170" -0.212511717873866 159.92871996955 "amont"
20 "020_fs1" 10 171 91.1261688523385 2.53209604064642 -107.873698947739 "segment_09_pts_171-179" -4.61503725256013 198.397765255656 "amont"
20 "020_fs1" 10 180 89.1129205690341 -3.73768757904054 -106.77452390592 "segment_10_pts_180-185" -2.75087594855643 244.111988637467 "amont"
20 "020_fs1" 10 186 87.8440281209218 -7.96810105029482 -105.901700958442 "segment_11_pts_186-190" -3.13895238946048 255.144474322653 "amont"
20 "020_fs1" 10 191 86.8352208325711 -11.5286655889525 -104.622485892099 "segment_12_pts_191-200" -3.60236935433315 288.242217725459 "amont"
20 "020_fs2" 8 1 0 2.10090279478621 -15.030834206677 "segment_01_pts_1-27" -0.879100305983409 92.5288514852892 "amont"
20 "020_fs2" 8 28 18.9668575788843 -2.98240202426265 -13.1043819062332 "segment_02_pts_28-53" 0.643073198532313 41.7634183740447 "amont"
20 "020_fs2" 8 54 37.391322444116 -7.25252299717806 -9.83138977432999 "segment_03_pts_54-76" 4.90796310188498 70.5950366586242 "amont"
20 "020_fs2" 8 77 53.9409089817514 -10.0899393944629 -4.01948307332837 "segment_04_pts_77-98" -1.89721497302601 63.1992126815205 "amont"
20 "020_fs2" 8 99 69.8841746030081 -11.1576244021868 5.33302305126612 "segment_05_pts_99-119" -14.1929436618221 92.4625008285947 "amont"
20 "020_fs2" 8 120 85.2498010964725 -9.64803364341373 18.4484784553107 "segment_06_pts_120-139" -10.4510961916866 125.589352634072 "amont"
20 "020_fs2" 8 140 98.9483745118314 -4.96763025586185 33.3534846642824 "segment_07_pts_140-156" 0.215424940039384 108.547457112262 "amont"
20 "020_fs2" 8 157 109.214688121987 1.88212531125887 44.1830233512995 "segment_08_pts_157-170" 16.3045062493664 157.0612639164 "amont"
20 "020_fs2" 8 171 116.579157166396 9.13784659679848 50.0568761855613 "segment_09_pts_171-179" 31.8403060249976 211.583650570692 "amont"
20 "020_fs2" 8 180 120.776863754354 14.1028120378207 44.431155510383 "segment_10_pts_180-185" 34.4484917755046 214.437292715625 "amont"
20 "020_fs2" 8 186 123.992224705562 17.2039780502921 39.0543731915764 "segment_11_pts_186-190" 36.4913376928819 206.712897201482 "amont"
20 "020_fs2" 8 191 126.889271055172 19.5073819430739 29.1296328284311 "segment_12_pts_191-200" 19.635993515997 171.785453315504 "amont"
20 "020_fs3" 10 1 165.680473372781 22.1615286776667 178.78690733376 "segment_01_pts_1-27" 2.15018746556848 158.137647963385 "amont"
20 "020_fs3" 10 28 145.879025928696 22.6286979282415 173.702515821375 "segment_02_pts_28-53" -5.2530268019936 165.041327341683 "amont"
20 "020_fs3" 10 54 126.900749201573 24.7254600162759 175.195989762621 "segment_03_pts_54-76" -1.3174178825993 157.489008773122 "amont"
20 "020_fs3" 10 77 110.077810725349 26.1076460699487 -179.054504398393 "segment_04_pts_77-98" 3.48186555752315 170.051240652783 "amont"
20 "020_fs3" 10 99 93.8809279777868 25.7918870923636 -170.868077293019 "segment_05_pts_99-119" -2.7668714411644 173.270111596564 "amont"
20 "020_fs3" 10 120 78.7034025283541 23.2964036624331 -164.347486811676 "segment_06_pts_120-139" -4.13972082393983 192.577222460065 "amont"
20 "020_fs3" 10 140 64.5561508971391 19.3184336657891 -164.088185521364 "segment_07_pts_140-156" 2.51431473015509 195.533753975114 "amont"
20 "020_fs3" 10 157 52.5636108110502 15.9217604040343 -166.245685654226 "segment_08_pts_157-170" 11.0881559457478 198.262879617909 "amont"
20 "020_fs3" 10 171 42.4989905035977 13.4439458511689 -162.982303536249 "segment_09_pts_171-179" 13.2563297457608 190.431764308213 "amont"
20 "020_fs3" 10 180 36.227124979308 11.4855250997341 -157.397554346159 "segment_10_pts_180-185" 11.3238052453976 201.605810122453 "amont"
20 "020_fs3" 10 186 32.2803402702917 9.80423289374667 -151.982997974608 "segment_11_pts_186-190" 8.51298102774732 212.906485617902 "amont"
20 "020_fs3" 10 191 29.1169986826379 8.08222511709758 -143.414896939056 "segment_12_pts_191-200" 3.38053734231215 237.656718814464 "amont"
21 "021_fs1" 13 1 0 19.779060380724 -32.4325836656781 "segment_01_pts_1-27" -2.9977376437762 87.6682389607238 "amont"
21 "021_fs1" 13 28 11.0777400409164 12.7374521082643 -34.4673063156005 "segment_02_pts_28-53" -3.22214871435126 94.7641809650461 "amont"
21 "021_fs1" 13 54 21.4934157978548 5.54512866922772 -45.074417923587 "segment_03_pts_54-76" -1.07077932359494 126.69983618375 "amont"
21 "021_fs1" 13 77 29.2352660788252 -2.27938594508723 -53.3926656619345 "segment_04_pts_77-98" 6.96257346867741 120.679672627982 "amont"
21 "021_fs1" 13 99 35.6928066534419 -11.0219593216407 -57.3249798868132 "segment_05_pts_99-119" 22.1049651316581 133.80352504872 "amont"
21 "021_fs1" 13 120 41.2134882743795 -19.5580211692223 -41.7921818158415 "segment_06_pts_120-139" 26.5891981473015 171.867493813707 "amont"
21 "021_fs1" 13 140 48.5939294410543 -26.028224322329 -19.8502931164851 "segment_07_pts_140-156" 17.7486786817613 173.298285270179 "amont"
21 "021_fs1" 13 157 56.2327764065008 -28.6761230751925 0.71854544355887 "segment_08_pts_157-170" -17.6701378147689 200.007733691224 "amont"
21 "021_fs1" 13 171 63.23269899846 -28.5220637881912 12.8694876075143 "segment_09_pts_171-179" -33.9533067120561 214.204864280341 "amont"
21 "021_fs1" 13 180 67.5506442207178 -27.4948112615464 20.3070329767493 "segment_10_pts_180-185" -40.4250117283321 232.129936076447 "amont"
21 "021_fs1" 13 186 70.2549078241693 -26.4711842640291 24.8196267798517 "segment_11_pts_186-190" -44.2166791148633 241.493196946194 "amont"
21 "021_fs1" 13 191 72.4502975829143 -25.4384239297536 29.963360335013 "segment_12_pts_191-200" -51.1939744550601 268.553151389771 "amont"
21 "021_fs2" 10 1 59.5097210481825 -70.8395009606569 71.9375054410994 "segment_01_pts_1-27" -5.36237102954419 167.603253797826 "amont"
21 "021_fs2" 10 28 63.9580755963565 -57.0453938681489 80.675035136375 "segment_02_pts_28-53" -8.14858127229398 146.647282670927 "amont"
21 "021_fs2" 10 54 66.1935338241332 -43.259832740454 91.1509790276696 "segment_03_pts_54-76" -9.75220107527463 143.770328660098 "amont"
21 "021_fs2" 10 77 65.8542170847139 -31.0174980607718 106.174391340313 "segment_04_pts_77-98" -5.26349952149847 112.152437871141 "amont"
21 "021_fs2" 10 99 62.5254422623249 -19.6014732480916 112.801104956874 "segment_05_pts_99-119" -7.46150357729923 162.273299028526 "amont"
21 "021_fs2" 10 120 58.1232665008297 -9.24961341998051 119.46165701051 "segment_06_pts_120-139" -0.764713093620131 140.30844514452 "amont"
21 "021_fs2" 10 140 52.8318782217992 0.0748123881390939 123.758186878535 "segment_07_pts_140-156" 9.22004059660236 219.355032705929 "amont"
21 "021_fs2" 10 157 47.7238374482602 7.73010079392532 119.231685447127 "segment_08_pts_157-170" 12.8860992696647 222.304881401188 "amont"
21 "021_fs2" 10 171 44.1724675174967 14.1269003548741 115.259142586337 "segment_09_pts_171-179" 3.95021762756184 228.4939581784 "amont"
21 "021_fs2" 10 180 42.1698491292663 18.4006370769084 112.897054319644 "segment_10_pts_180-185" -8.53355710848975 212.871190929612 "amont"
21 "021_fs2" 10 186 40.9318731429299 21.3570276049206 110.926981607507 "segment_11_pts_186-190" -19.007899432237 222.597980058294 "amont"
21 "021_fs2" 10 191 39.9684348265095 23.9018162628872 107.970644239461 "segment_12_pts_191-200" -31.7907889135436 286.689813074042 "amont"
21 "021_fs3" 11 1 34.353293564415 -89.3490687399314 141.067287882943 "segment_01_pts_1-27" 11.0193448089692 158.984305327909 "amont"
21 "021_fs3" 11 28 22.233791343038 -79.5837644998116 141.082761689718 "segment_02_pts_28-53" 19.0828511615031 191.632671309705 "amont"
21 "021_fs3" 11 54 10.6135790851819 -70.0775991523584 121.533138858278 "segment_03_pts_54-76" 13.52612709209 193.939428565174 "amont"
21 "021_fs3" 11 77 3.77264274687582 -58.761084164795 106.533839377427 "segment_04_pts_77-98" 13.6590935992439 191.845305101605 "amont"
21 "021_fs3" 11 99 0.221421480614367 -46.5321307003889 88.1200231442852 "segment_05_pts_99-119" 3.47368076898809 158.907970632996 "amont"
21 "021_fs3" 11 120 0.674260945429751 -34.4415553409691 76.8701520526204 "segment_06_pts_120-139" 8.64884302783994 226.824764866746 "amont"
21 "021_fs3" 11 140 3.38741035449971 -23.3509527396885 58.6670434277285 "segment_07_pts_140-156" 6.72156096031568 218.156283479664 "amont"
21 "021_fs3" 11 157 8.56002785024202 -14.9691213448939 46.4200190095455 "segment_08_pts_157-170" 4.55036595832212 209.414080746399 "amont"
21 "021_fs3" 11 171 14.2276046360155 -9.09118886446066 38.5756554802874 "segment_09_pts_171-179" 0.946578723111571 261.083052858729 "amont"
21 "021_fs3" 11 180 18.3177571124791 -5.85867406798491 34.486398654534 "segment_10_pts_180-185" -5.30650414088491 315.829990694757 "amont"
21 "021_fs3" 11 186 21.1285339881975 -3.95675675119429 30.0780351516229 "segment_11_pts_186-190" -11.3802013848372 322.992059545107 "amont"
21 "021_fs3" 11 191 23.6256692068926 -2.53308210292099 24.5124175620783 "segment_12_pts_191-200" -20.2214612723117 351.930725824559 "amont"
22 "022_fs1" 12 1 0 -19.728883902685 -23.5415633377123 "segment_01_pts_1-27" 1.8148684501775 102.349240687396 "amont"
22 "022_fs1" 12 28 22.7753461738712 -29.6910803518496 -19.3185940699135 "segment_02_pts_28-53" 3.96267839349285 86.1364060393445 "amont"
22 "022_fs1" 12 54 45.3945779987258 -37.4354616173881 6.19870652070937 "segment_03_pts_54-76" -3.0722117542067 116.793316052631 "amont"
22 "022_fs1" 12 77 66.2792332381888 -34.93289204305 33.3718909798226 "segment_04_pts_77-98" -4.98514385887923 111.928267668142 "amont"
22 "022_fs1" 12 99 83.3295457647696 -23.408933770404 58.6202869128287 "segment_05_pts_99-119" -3.85286654879728 143.358532320995 "amont"
22 "022_fs1" 12 120 93.2269718762417 -7.02150521467485 64.9735453812374 "segment_06_pts_120-139" -2.64483759250398 180.94453794481 "amont"
22 "022_fs1" 12 140 101.134520858926 9.95730036485003 61.020970792999 "segment_07_pts_140-156" -1.45100091795656 178.776987798557 "amont"
22 "022_fs1" 12 157 108.714969772875 23.4001081679293 48.2700354130826 "segment_08_pts_157-170" 2.95663176507622 170.551801558847 "amont"
22 "022_fs1" 12 171 117.390092678439 33.0160351771244 41.1183542647758 "segment_09_pts_171-179" 6.36960742459237 234.210519693018 "amont"
22 "022_fs1" 12 180 123.601692213374 38.3722951120224 35.722263847062 "segment_10_pts_180-185" 9.43299906776143 213.569349257942 "amont"
22 "022_fs1" 12 186 128.080832728065 41.5489886780305 31.594287417815 "segment_11_pts_186-190" 12.0868125916277 223.661930992612 "amont"
22 "022_fs1" 12 191 132.026529646282 43.9404998112724 26.0123900927772 "segment_12_pts_191-200" 16.0118889050033 258.281533147527 "amont"
22 "022_fs2" 11 1 160.067624683009 125.626675388034 -149.753209098864 "segment_01_pts_1-27" 10.4057416937517 176.094888979685 "amont"
22 "022_fs2" 11 28 138.465351616868 112.880077047971 -135.127004947266 "segment_02_pts_28-53" 6.51314351510632 156.771399443881 "amont"
22 "022_fs2" 11 54 121.45807628381 95.794298581823 -122.39316203187 "segment_03_pts_54-76" 3.57484477042051 127.166202157737 "amont"
22 "022_fs2" 11 77 110.104521833534 77.7389444918804 -112.924950210623 "segment_04_pts_77-98" 2.29683825190482 129.007393968273 "amont"
22 "022_fs2" 11 99 102.19313438899 58.9030056039701 -105.521515284499 "segment_05_pts_99-119" 0.993672612296621 159.635626360341 "amont"
22 "022_fs2" 11 120 97.0868011279454 40.2141870906372 -99.7765593744506 "segment_06_pts_120-139" -7.34107196019174 209.29994962168 "amont"
22 "022_fs2" 11 140 93.8924061141437 21.734084239363 -101.708746001837 "segment_07_pts_140-156" -13.0681235902018 248.353108674702 "amont"
22 "022_fs2" 11 157 90.573625542889 6.04220827608674 -117.303911051822 "segment_08_pts_157-170" -9.65997984031085 282.610437947454 "amont"
22 "022_fs2" 11 171 84.735983739368 -4.64313326090075 -141.51193409305 "segment_09_pts_171-179" -3.26851216160162 283.255653020675 "amont"
22 "022_fs2" 11 180 77.8257774668633 -10.0532190271285 -146.065288238308 "segment_10_pts_180-185" -11.0548605672206 285.38181966817 "amont"
22 "022_fs2" 11 186 73.2050267633451 -13.1366482616179 -149.447074652017 "segment_11_pts_186-190" -16.2851730930078 284.384610920892 "amont"
22 "022_fs2" 11 191 69.2453819329229 -15.4387882708847 -154.453576336901 "segment_12_pts_191-200" -22.8064566644813 310.143539248226 "amont"
22 "022_fs3" 13 1 100.62550393099 -92.1993563793414 162.942977983654 "segment_01_pts_1-27" 6.72725851560674 224.253999090555 "amont"
22 "022_fs3" 13 28 76.26031776883 -84.8058937513251 168.802195553937 "segment_02_pts_28-53" 6.79905585265672 220.829895073657 "amont"
22 "022_fs3" 13 54 52.1444676308264 -80.0109726150516 163.260536818555 "segment_03_pts_54-76" 9.09442194944896 216.573471807269 "amont"
22 "022_fs3" 13 77 31.3030357711778 -73.65381422175 148.642727875516 "segment_04_pts_77-98" 12.9798464342887 214.109086328614 "amont"
22 "022_fs3" 13 99 13.747434199201 -62.6885816392056 126.544360355858 "segment_05_pts_99-119" 32.3345779054302 236.513210352234 "amont"
22 "022_fs3" 13 120 1.85770484157166 -46.3043111610857 93.4587109481723 "segment_06_pts_120-139" 6.16889576093017 246.303862032956 "amont"
22 "022_fs3" 13 140 0.934998426863729 -27.5489872234367 75.933011908819 "segment_07_pts_140-156" 15.2966382727589 264.766563587582 "amont"
22 "022_fs3" 13 157 4.89642047940964 -12.0111948832333 57.5138816251975 "segment_08_pts_157-170" 15.2536559129403 261.775162078514 "amont"
22 "022_fs3" 13 171 11.9950398405206 -1.21113299501792 46.7329959346571 "segment_09_pts_171-179" 9.10958841871805 261.627161832732 "amont"
22 "022_fs3" 13 180 17.8436754812643 5.04464359438919 48.2776450932338 "segment_10_pts_180-185" 17.4060341973498 297.233544542679 "amont"
22 "022_fs3" 13 186 21.5059911964271 9.14916704767171 48.2538597567029 "segment_11_pts_186-190" 21.939326714845 298.301345057457 "amont"
22 "022_fs3" 13 191 24.6057816474682 12.6274942536971 49.3142599337217 "segment_12_pts_191-200" 28.7623362196165 312.398225135503 "amont"
22 "022_fs4" 13 1 73.2375316990702 -121.792428088535 136.115153260063 "segment_01_pts_1-27" 2.01901721719804 125.668152602268 "amont"
22 "022_fs4" 13 28 54.7288105715779 -104.000262041043 136.863606982167 "segment_02_pts_28-53" 3.44651277883025 116.638474224381 "amont"
22 "022_fs4" 13 54 36.6563364069582 -87.0489291889066 134.858070045529 "segment_03_pts_54-76" 10.7147142733341 129.96207338541 "amont"
22 "022_fs4" 13 77 21.1430004486339 -71.234340050781 108.764473794943 "segment_04_pts_77-98" -1.69929118397114 139.323551992243 "amont"
22 "022_fs4" 13 99 14.6868998903433 -51.8114112008345 89.7446216742542 "segment_05_pts_99-119" 6.69949079162998 133.940670693357 "amont"
22 "022_fs4" 13 120 14.9771504939458 -31.6296051753974 71.8457941448587 "segment_06_pts_120-139" 3.0600231175097 155.217982242625 "amont"
22 "022_fs4" 13 140 20.952687038377 -13.5324031133329 61.2468400636411 "segment_07_pts_140-156" 4.92453066882435 193.171792351644 "amont"
22 "022_fs4" 13 157 28.8353734645299 0.585026404292933 49.8042909750489 "segment_08_pts_157-170" 5.96567113999046 222.82822006793 "amont"
22 "022_fs4" 13 171 37.4899357443241 10.6895434875191 40.2389375694769 "segment_09_pts_171-179" 1.62665683752848 206.502323711262 "amont"
22 "022_fs4" 13 180 44.0640690756978 16.1606594937733 33.1243010799368 "segment_10_pts_180-185" -0.0895573190446726 219.789903491919 "amont"
22 "022_fs4" 13 186 48.9169745013415 19.2683524795765 27.712992240768 "segment_11_pts_186-190" -1.60046000888585 240.570218738472 "amont"
22 "022_fs4" 13 191 53.2352326887545 21.4885596366989 20.0730065415444 "segment_12_pts_191-200" -4.2213419946678 269.968060312159 "amont"
23 "023_fs1" 13 1 17.3106297928243 -119.18449944809 111.31720187589 "segment_01_pts_1-27" -3.982446898391 206.136495025217 "amont"
23 "023_fs1" 13 28 9.29915947868295 -98.6305579539192 109.660051762226 "segment_02_pts_28-53" 12.8555943637284 160.38324709559 "amont"
23 "023_fs1" 13 54 2.27061039073988 -78.609848658732 97.1823063719637 "segment_03_pts_54-76" 17.6963171376651 178.219415821957 "amont"
23 "023_fs1" 13 77 0.0735821845617011 -59.952018756017 72.435877881783 "segment_04_pts_77-98" 12.3200415313265 128.385930213907 "amont"
23 "023_fs1" 13 99 5.6293446575599 -42.7589941833277 47.5606016312182 "segment_05_pts_99-119" 15.0675892626573 192.596716215441 "amont"
23 "023_fs1" 13 120 17.3536938235238 -30.215708420805 27.6886851561355 "segment_06_pts_120-139" 8.76975467757478 169.37996542472 "amont"
23 "023_fs1" 13 140 31.7998755306269 -22.7665151439399 15.4447520550227 "segment_07_pts_140-156" 4.60324128941384 266.187951197535 "amont"
23 "023_fs1" 13 157 45.3681524293193 -19.0553256481082 11.6155187829358 "segment_08_pts_157-170" 1.9601844816765 269.438465328444 "amont"
23 "023_fs1" 13 171 56.5711613938467 -16.7645906732868 10.6761541322646 "segment_09_pts_171-179" -3.8269497086507 305.316137057834 "amont"
23 "023_fs1" 13 180 63.7941986865085 -15.4023601035398 10.8632070021799 "segment_10_pts_180-185" -10.2850536104378 281.084399290967 "amont"
23 "023_fs1" 13 186 68.5964387470694 -14.4775807987631 11.3545034862922 "segment_11_pts_186-190" -16.2948974067167 263.063557373194 "amont"
23 "023_fs1" 13 191 72.597178871079 -13.6695372455258 12.5503001479244 "segment_12_pts_191-200" -24.9058401630064 268.072934806313 "amont"
23 "023_fs2" 13 1 48.8250211327134 -164.066843296301 91.2594859118207 "segment_01_pts_1-27" -0.822923448172446 158.628359274514 "amont"
23 "023_fs2" 13 28 48.3389493356779 -142.432794043868 92.7338804801902 "segment_02_pts_28-53" -2.45222453190846 146.015013958229 "amont"
23 "023_fs2" 13 54 47.3289865402889 -121.655215520536 94.6616665514663 "segment_03_pts_54-76" -1.0517831086523 124.104976017134 "amont"
23 "023_fs2" 13 77 45.8085944788297 -103.27044301899 97.383361356315 "segment_04_pts_77-98" 11.1822055515456 138.220143584858 "amont"
23 "023_fs2" 13 99 43.555878665625 -85.7116290934983 87.6458716762463 "segment_05_pts_99-119" 6.89933759797367 178.733347602677 "amont"
23 "023_fs2" 13 120 44.4006626435287 -69.1659043535492 70.2639200026123 "segment_06_pts_120-139" 4.84201385881424 191.455593152001 "amont"
23 "023_fs2" 13 140 49.9153668656809 -53.8590170211233 66.8158897551125 "segment_07_pts_140-156" 0.869342005438739 205.575492357976 "amont"
23 "023_fs2" 13 157 55.3201091416169 -41.3592318006359 64.7622734255966 "segment_08_pts_157-170" -7.15816459540301 285.914447108076 "amont"
23 "023_fs2" 13 171 60.0680305740671 -31.1686820703042 71.3100022352371 "segment_09_pts_171-179" -18.0482372615116 260.207539098417 "amont"
23 "023_fs2" 13 180 62.3049710008668 -24.4949119449747 73.6250684686148 "segment_10_pts_180-185" -16.6416909990436 251.641025623628 "amont"
23 "023_fs2" 13 186 63.6303714633079 -19.9379710022448 75.4186053669135 "segment_11_pts_186-190" -15.2289645048107 288.660817333471 "amont"
23 "023_fs2" 13 191 64.6283900094413 -16.0517341097054 78.2476831572662 "segment_12_pts_191-200" -13.1971391836465 338.604534381436 "amont"
23 "023_fs3" 12 1 158.782755705833 -94.5043026488805 131.581605186038 "segment_01_pts_1-27" -3.41670143672394 104.450800687578 "amont"
23 "023_fs3" 12 28 144.746390718683 -78.6743334890892 130.765109328481 "segment_02_pts_28-53" -0.796045408136678 99.3547527277985 "amont"
23 "023_fs3" 12 54 131.425300208704 -63.2160191899397 130.232897548122 "segment_03_pts_54-76" -1.87608190746289 121.036185349889 "amont"
23 "023_fs3" 12 77 119.822135499751 -49.4933139893951 128.342135859572 "segment_04_pts_77-98" -3.15912342303795 134.524112843228 "amont"
23 "023_fs3" 12 99 109.119778197196 -35.9081010869848 124.547041143804 "segment_05_pts_99-119" -2.64289524796159 168.274962116594 "amont"
23 "023_fs3" 12 120 99.8014394345097 -22.396172180245 129.283061001143 "segment_06_pts_120-139" -6.18337954189366 189.15496212878 "amont"
23 "023_fs3" 12 140 89.7543006902264 -10.1972207309589 137.28994946786 "segment_07_pts_140-156" -10.3775516410531 209.274401392658 "amont"
23 "023_fs3" 12 157 79.9554378778322 -1.23974997324976 147.670907626483 "segment_08_pts_157-170" -9.40615130428168 216.658320251485 "amont"
23 "023_fs3" 12 171 70.6007686654642 4.58470944584323 157.616689492566 "segment_09_pts_171-179" -7.30098358144983 222.533153719263 "amont"
23 "023_fs3" 12 180 64.072232000449 7.20920055573686 165.441625241583 "segment_10_pts_180-185" -4.79027517116583 242.866497486289 "amont"
23 "023_fs3" 12 186 59.5606568072052 8.33091343565269 172.140502970442 "segment_11_pts_186-190" -1.98717147800846 260.164281219343 "amont"
23 "023_fs3" 12 191 55.677315948314 8.82246950646885 -177.895152466361 "segment_12_pts_191-200" -1.51332790005284 265.906635076701 "amont"
23 "023_fs4" 13 1 226.272189349113 -70.8306660603761 133.897408739399 "segment_01_pts_1-27" -8.24762915560953 120.666158867128 "amont"
23 "023_fs4" 13 28 211.283744664446 -55.3398644195813 141.58151783747 "segment_02_pts_28-53" -1.97068239155109 97.6557799517347 "amont"
23 "023_fs4" 13 54 195.175803838585 -42.599095261729 142.304055610277 "segment_03_pts_54-76" 1.5555016398379 111.890791541719 "amont"
23 "023_fs4" 13 77 180.78328814005 -31.4545865337296 139.367253310428 "segment_04_pts_77-98" 0.941402055336624 120.519611270555 "amont"
23 "023_fs4" 13 99 167.505202105849 -20.0225847981776 134.603455368754 "segment_05_pts_99-119" -1.46870821352886 153.290605935184 "amont"
23 "023_fs4" 13 120 155.85410799715 -8.17214290755413 133.522989802147 "segment_06_pts_120-139" -3.67536588477626 164.790623400347 "amont"
23 "023_fs4" 13 140 144.78947364642 3.45959589143399 136.945505637131 "segment_07_pts_140-156" -8.283724475285 237.158129985307 "amont"
23 "023_fs4" 13 157 134.90381716647 12.6188596775739 146.341573704558 "segment_08_pts_157-170" -11.0265903380967 230.063459771051 "amont"
23 "023_fs4" 13 171 125.652596326529 18.6827059358788 156.326331748138 "segment_09_pts_171-179" -13.5605649136618 361.631236424317 "amont"
23 "023_fs4" 13 180 119.080289326867 21.4969195389972 163.933372165408 "segment_10_pts_180-185" -15.5496180994321 366.846799191552 "amont"
23 "023_fs4" 13 186 114.450607785271 22.7824547137943 170.053599255817 "segment_11_pts_186-190" -3.02934661043582 288.003887140139 "amont"
23 "023_fs4" 13 191 110.447500913506 23.4425215834526 179.003349890309 "segment_12_pts_191-200" 16.0825218789109 314.394634984083 "amont"
24 "024_fs1" 13 1 42.40067624683 -57.5993787053509 137.760590653289 "segment_01_pts_1-27" 2.10148554879723 168.057079996472 "amont"
24 "024_fs1" 13 28 32.4985729076957 -48.6606810702286 142.209541798513 "segment_02_pts_28-53" 3.7227803323949 185.647667763041 "amont"
24 "024_fs1" 13 54 22.308926005139 -40.7160999218792 133.662905742432 "segment_03_pts_54-76" 3.13746205329252 180.08817842629 "amont"
24 "024_fs1" 13 77 14.4361606821465 -32.3106674436431 107.727575261371 "segment_04_pts_77-98" 17.3096915495475 180.449033430564 "amont"
24 "024_fs1" 13 99 11.2275729240716 -22.0081682048993 84.0637412382174 "segment_05_pts_99-119" 13.7157490302611 166.012314193918 "amont"
24 "024_fs1" 13 120 12.4159469517801 -11.5838669162 64.3745222181026 "segment_06_pts_120-139" 16.7899213979842 181.893497172254 "amont"
24 "024_fs1" 13 140 16.7260955165467 -2.88088832164425 41.1400854149544 "segment_07_pts_140-156" 6.66666065600837 204.715409411858 "amont"
24 "024_fs1" 13 157 23.3214375677175 2.8068005374937 29.57120497355 "segment_08_pts_157-170" 4.5744611190289 220.008808934138 "amont"
24 "024_fs1" 13 171 29.2919713704019 6.13500146237925 21.2653233888484 "segment_09_pts_171-179" 2.99913813586564 242.602652443613 "amont"
24 "024_fs1" 13 180 33.5250065172357 7.76628092840326 18.9587813613848 "segment_10_pts_180-185" 4.6971425618817 255.412166012296 "amont"
24 "024_fs1" 13 186 36.3261885392167 8.72361136500709 17.9755217753171 "segment_11_pts_186-190" 6.4281576140652 262.500279130905 "amont"
24 "024_fs1" 13 191 38.6673399560043 9.4803606880217 17.6065919988934 "segment_12_pts_191-200" 9.43793324673128 283.671630575792 "amont"
24 "024_fs2" 11 1 96.5680473372784 -55.3619941178144 139.35113955746 "segment_01_pts_1-27" 5.3791608809743 121.863680673511 "amont"
24 "024_fs2" 11 28 86.7802551242021 -46.9295258440416 134.747304078411 "segment_02_pts_28-53" -6.64291033260213 130.860934184647 "amont"
24 "024_fs2" 11 54 78.0576493581463 -38.1228025512075 135.903826005832 "segment_03_pts_54-76" -9.22849130571646 135.752983821469 "amont"
24 "024_fs2" 11 77 70.0679177474815 -30.4081668548009 141.315187879617 "segment_04_pts_77-98" -1.17441518130732 128.435253005182 "amont"
24 "024_fs2" 11 99 61.7783917633868 -23.8142776143293 151.168608624741 "segment_05_pts_99-119" 14.4082886428351 186.624755262034 "amont"
24 "024_fs2" 11 120 53.042072546203 -19.0469323131114 151.391729899274 "segment_06_pts_120-139" 24.3380227268374 218.802700906181 "amont"
24 "024_fs2" 11 140 44.6224734190421 -14.4070201817064 139.18312063534 "segment_07_pts_140-156" 21.8865163036175 257.644865672535 "amont"
24 "024_fs2" 11 157 38.360957613849 -8.85754433284384 113.345753070774 "segment_08_pts_157-170" 1.75790128774845 257.11307803397 "amont"
24 "024_fs2" 11 171 35.9718733642819 -3.23212897327483 106.488831899901 "segment_09_pts_171-179" -2.12584289767072 289.639466994167 "amont"
24 "024_fs2" 11 180 34.7918440746279 0.827502743700762 102.210731634013 "segment_10_pts_180-185" -4.03470175180749 316.315423232992 "amont"
24 "024_fs2" 11 186 34.1851218811353 3.70774030450616 98.6944614160917 "segment_11_pts_186-190" -5.56564689091516 314.523644692293 "amont"
24 "024_fs2" 11 191 33.8182874386913 6.20618555767518 93.3632830507412 "segment_12_pts_191-200" -7.79427934761897 310.818100537645 "amont"
25 "025_fs1" 12 1 0 -58.8340630659973 51.5383066242507 "segment_01_pts_1-27" 7.55188702339811 107.609226884532 "amont"
25 "025_fs1" 12 28 12.9413710100647 -42.6023747523275 46.1119641676833 "segment_02_pts_28-53" 2.31437661045443 133.21719765097 "amont"
25 "025_fs1" 12 54 26.7168467853509 -28.3286306238293 43.3003165667736 "segment_03_pts_54-76" 2.2618871520943 122.779419475908 "amont"
25 "025_fs1" 12 77 39.4894452558557 -16.2907423720393 43.8908209891919 "segment_04_pts_77-98" 5.26371123581889 125.622683669937 "amont"
25 "025_fs1" 12 99 51.5666828898836 -4.65459013000009 46.6814209022194 "segment_05_pts_99-119" 7.64997779614585 134.779893810062 "amont"
25 "025_fs1" 12 120 62.8260199386794 7.31595262328165 44.7207165361387 "segment_06_pts_120-139" 11.573471060425 188.54992235392 "amont"
25 "025_fs1" 12 140 73.6923716735584 17.9534124374921 28.1999530941733 "segment_07_pts_140-156" 7.06295635094259 233.369941349384 "amont"
25 "025_fs1" 12 157 85.2930796278595 24.0241603743515 11.3107675917643 "segment_08_pts_157-170" 3.79754592615758 251.776200623478 "amont"
25 "025_fs1" 12 171 96.0233996969836 26.0663435490375 -2.02922569150245 "segment_09_pts_171-179" -3.99828345274315 292.149170689129 "amont"
25 "025_fs1" 12 180 102.638775818025 25.7560616721332 -11.9753223503436 "segment_10_pts_180-185" -3.77905559971722 264.937261567027 "amont"
25 "025_fs1" 12 186 107.001583985776 24.7767773945732 -19.2978711231919 "segment_11_pts_186-190" -3.580723071127 225.188121740564 "amont"
25 "025_fs1" 12 191 110.626109275435 23.4605438878702 -28.8416656617934 "segment_12_pts_191-200" -3.25110575131943 239.446186021568 "amont"
25 "025_fs2" 13 1 167.371090448014 52.130569475606 146.596617496213 "segment_01_pts_1-27" -23.6888807870519 220.622241706745 "amont"
25 "025_fs2" 13 28 151.134327002903 62.6915644440656 166.706612671812 "segment_02_pts_28-53" -10.9275692051701 177.18706583708 "amont"
25 "025_fs2" 13 54 133.261661264227 66.7977282952691 -176.365273767884 "segment_03_pts_54-76" 13.9348571728935 165.540647462619 "amont"
25 "025_fs2" 13 77 116.819828228814 65.6607777209907 -161.988474718375 "segment_04_pts_77-98" 15.5988716835483 191.453461079321 "amont"
25 "025_fs2" 13 99 101.952707330098 60.7384329678693 -147.045239643414 "segment_05_pts_99-119" 9.77092305323308 197.255328607237 "amont"
25 "025_fs2" 13 120 89.4851621562927 52.5159733621925 -130.745032831108 "segment_06_pts_120-139" 6.62364614053067 211.032026271301 "amont"
25 "025_fs2" 13 140 80.21554940369 41.628689215305 -118.830222717036 "segment_07_pts_140-156" 6.66422330797637 213.573858626266 "amont"
25 "025_fs2" 13 157 74.4241294479371 31.010530591053 -112.475867481047 "segment_08_pts_157-170" -2.90132991409976 214.471863631967 "amont"
25 "025_fs2" 13 171 70.6367370040136 21.7711618487415 -108.177091381483 "segment_09_pts_171-179" -11.2514912834236 272.229325533612 "amont"
25 "025_fs2" 13 180 68.6538354746128 15.6639082769839 -105.567372696728 "segment_10_pts_180-185" -16.6628325057314 288.176373116797 "amont"
25 "025_fs2" 13 186 67.5161488149454 11.5399532687905 -103.942068525697 "segment_11_pts_186-190" -20.7209160544162 284.661255297952 "amont"
25 "025_fs2" 13 191 66.6671489611703 8.0798854329114 -101.500403208032 "segment_12_pts_191-200" -27.1659097292833 295.068400508847 "amont"
25 "025_fs3" 13 1 171.158072696534 106.485312542917 -145.317930218505 "segment_01_pts_1-27" 0.249097881968424 182.721691370032 "amont"
25 "025_fs3" 13 28 155.274521911834 95.5557578226834 -152.080702088245 "segment_02_pts_28-53" 5.5573579911846 165.282914239038 "amont"
25 "025_fs3" 13 54 138.972222753026 86.9374359484633 -152.543778707633 "segment_03_pts_54-76" 8.24766958809198 180.452990118299 "amont"
25 "025_fs3" 13 77 124.473839131779 79.3820383565115 -146.406151966196 "segment_04_pts_77-98" 9.10553624602915 190.027279440521 "amont"
25 "025_fs3" 13 99 111.521377116987 70.6895386063673 -136.292664197286 "segment_05_pts_99-119" 4.78407926362908 212.317825685712 "amont"
25 "025_fs3" 13 120 100.763470847803 60.3615435162371 -132.893118301917 "segment_06_pts_120-139" 0.600882178971574 229.127344628866 "amont"
25 "025_fs3" 13 140 90.9248870751028 49.75740549804 -132.512723634264 "segment_07_pts_140-156" -0.308715826613906 281.749593885544 "amont"
25 "025_fs3" 13 157 82.7711718198194 40.8814957254135 -135.587578403093 "segment_08_pts_157-170" 0.777933729090591 298.673407246492 "amont"
25 "025_fs3" 13 171 75.6933697311018 34.0018616628391 -137.805861690522 "segment_09_pts_171-179" 14.0086666009969 308.792742175031 "amont"
25 "025_fs3" 13 180 70.8919256614789 29.5983622751585 -130.509625709803 "segment_10_pts_180-185" 27.7485565193509 263.508755540853 "amont"
25 "025_fs3" 13 186 68.2625540283497 26.428720167621 -122.797788104642 "segment_11_pts_186-190" 32.7977881046424 333.398582169473 "amont"
25 "025_fs3" 13 191 66.4372357011364 23.5341315998031 -113.815256534142 "segment_12_pts_191-200" 23.8152565341421 415.333886427197 "amont"
26 "026_fs1" 10 1 32.4598478444634 83.1402351328655 -35.001542220029 "segment_01_pts_1-27" -3.26756442607867 170.802589804725 "amont"
26 "026_fs1" 10 28 48.3090067559403 71.9341933681401 -48.4094472036835 "segment_02_pts_28-53" -11.3269469557918 138.87927430441 "amont"
26 "026_fs1" 10 54 60.547261825087 58.0274501872684 -65.2721270081279 "segment_03_pts_54-76" -8.1529581146124 126.349950274831 "amont"
26 "026_fs1" 10 77 67.2297776847832 43.2675118072463 -76.9238030216185 "segment_04_pts_77-98" -1.24601573801415 121.245858704865 "amont"
26 "026_fs1" 10 99 70.7784949502425 27.8855147708533 -80.1427485197823 "segment_05_pts_99-119" 1.24237318832697 149.819108195167 "amont"
26 "026_fs1" 10 120 73.3186639194943 13.174161009554 -82.9435535800235 "segment_06_pts_120-139" 1.44770674231941 157.416728429372 "amont"
26 "026_fs1" 10 140 75.0529077997146 -1.06160411127354 -84.0727090480918 "segment_07_pts_140-156" 11.1141235226764 219.604224364505 "amont"
26 "026_fs1" 10 157 76.3402527953486 -13.0667433327781 -68.8633276964027 "segment_08_pts_157-170" 19.3030244875293 236.148262296282 "amont"
26 "026_fs1" 10 171 80.0313279771737 -22.292535065548 -57.8930374926634 "segment_09_pts_171-179" -1.87553740162465 168.486289153775 "amont"
26 "026_fs1" 10 180 83.4720859935906 -27.6757260789504 -52.3945859186993 "segment_10_pts_180-185" -13.7452737526157 169.92459297913 "amont"
26 "026_fs1" 10 186 86.1050891988828 -31.1046287226251 -55.3767176241051 "segment_11_pts_186-190" -14.3366004890572 211.592975265391 "amont"
26 "026_fs1" 10 191 88.072596434772 -34.0057570629589 -61.4053960973061 "segment_12_pts_191-200" -12.5237199938987 253.97702824662 "amont"
26 "026_fs2" 10 1 0 -17.1233201375773 -31.8852995511211 "segment_01_pts_1-27" -1.08297098649947 155.264498642438 "amont"
26 "026_fs2" 10 28 15.411275881634 -26.7033845810811 -23.1311689907818 "segment_02_pts_28-53" 3.83540488476484 135.202275825182 "amont"
26 "026_fs2" 10 54 31.568169885111 -33.4361198006571 4.28116403329409 "segment_03_pts_54-76" -7.73009729445516 109.08742886665 "amont"
26 "026_fs2" 10 77 47.4396949285629 -32.0754762235984 34.4597259099986 "segment_04_pts_77-98" -5.04389998488271 97.1224990755156 "amont"
26 "026_fs2" 10 99 59.290322079606 -23.7791319995316 55.4368276204818 "segment_05_pts_99-119" -3.29313131106989 127.177243443632 "amont"
26 "026_fs2" 10 120 67.4353785793429 -11.736567972329 71.3521172142754 "segment_06_pts_120-139" -5.70246307334541 130.473214439394 "amont"
26 "026_fs2" 10 140 71.6966489916937 1.00648213477058 75.5052490889332 "segment_07_pts_140-156" -2.45267808815267 200.681544841015 "amont"
26 "026_fs2" 10 157 74.5692277672293 12.215287609561 76.6434411432155 "segment_08_pts_157-170" 8.13422136744865 194.200478516723 "amont"
26 "026_fs2" 10 171 76.7736657123414 21.3573818207077 70.1081671441966 "segment_09_pts_171-179" 12.6917943305773 235.394578764943 "amont"
26 "026_fs2" 10 180 78.8725049168095 27.0035766054104 62.7901588021818 "segment_10_pts_180-185" 7.38947419319395 214.45592672745 "amont"
26 "026_fs2" 10 186 80.7610544535413 30.6071675584143 58.0553746289963 "segment_11_pts_186-190" 5.38874625835403 210.22962194624 "amont"
26 "026_fs2" 10 191 82.5839680642118 33.4866970781283 52.5778391390085 "segment_12_pts_191-200" 3.10963953771973 197.222075320118 "amont"
27 "027_fs1" 12 1 0 21.281996106281 -50.7976127867921 "segment_01_pts_1-27" 2.59237695300888 111.247186882088 "aval"
27 "027_fs1" 12 28 15.2240417907481 2.65027307081607 -49.0768573832178 "segment_02_pts_28-53" 1.77833944135927 118.68813620303 "aval"
27 "027_fs1" 12 54 30.5123764575363 -14.97918711132 -40.693970996323 "segment_03_pts_54-76" 5.52963400688866 120.634172642881 "aval"
27 "027_fs1" 12 77 46.2142367627695 -28.2074042571837 -14.8396007135359 "segment_04_pts_77-98" 10.588916800223 133.752884075008 "aval"
27 "027_fs1" 12 99 65.8698263034262 -33.1902663246294 16.5096075328257 "segment_05_pts_99-119" -7.02924488151154 137.895634751215 "aval"
27 "027_fs1" 12 120 82.9280957048471 -27.9104572124259 39.1063586495539 "segment_06_pts_120-139" -6.36752452449667 141.621374149139 "aval"
27 "027_fs1" 12 140 97.374651272738 -15.9988745796796 52.6568746034356 "segment_07_pts_140-156" -4.00851161002623 203.043557483203 "aval"
27 "027_fs1" 12 157 106.605395765125 -3.79576007902631 58.0828101247186 "segment_08_pts_157-170" -3.84179717820225 244.492486571306 "aval"
27 "027_fs1" 12 171 113.170959158206 6.7519599298563 57.6610184801944 "segment_09_pts_171-179" -0.0432803047289809 234.947036715707 "aval"
27 "027_fs1" 12 180 117.517455776819 13.609943815076 57.4479841480307 "segment_10_pts_180-185" 2.41526603779623 265.666994321859 "aval"
27 "027_fs1" 12 186 120.425308457797 18.165201796205 57.4100421340016 "segment_11_pts_186-190" 4.55745900933302 239.244953914161 "aval"
27 "027_fs1" 12 191 122.833039433476 21.9298081310297 57.1265335969803 "segment_12_pts_191-200" 7.75786105793522 272.671960300247 "aval"
27 "027_fs2" 11 1 0 44.0502994241491 -66.3798780583488 "segment_01_pts_1-27" 16.2464145069464 104.065085084838 "aval"
27 "027_fs2" 11 28 9.82511935862664 21.5597835587933 -61.3949529282103 "segment_02_pts_28-53" 11.3118841285531 158.912869054692 "aval"
27 "027_fs2" 11 54 21.2650125526816 0.847168103427862 -43.1230410824707 "segment_03_pts_54-76" 9.88505542977213 120.247691753408 "aval"
27 "027_fs2" 11 77 36.5902207383476 -13.2343839738096 -19.0856771059768 "segment_04_pts_77-98" 11.6393286912319 138.677389204476 "aval"
27 "027_fs2" 11 99 55.448985799422 -19.5589225510438 0.996964712010681 "segment_05_pts_99-119" -10.0508880772921 139.104447005902 "aval"
27 "027_fs2" 11 120 74.5356574371865 -19.1117678615109 13.687890657227 "segment_06_pts_120-139" -7.31072652183579 125.702736097027 "aval"
27 "027_fs2" 11 140 92.2794964770926 -14.7088875206115 22.080963027121 "segment_07_pts_140-156" -3.117562974475 199.0728104845 "aval"
27 "027_fs2" 11 157 106.676891595323 -8.80351451899418 29.9303575433386 "segment_08_pts_157-170" -2.11822464516026 186.130775221253 "aval"
27 "027_fs2" 11 171 117.631408544242 -2.41035411644469 37.7903614994115 "segment_09_pts_171-179" -0.866287378204163 215.882908035479 "aval"
27 "027_fs2" 11 180 123.924728960773 2.5255431517902 42.5625533309869 "segment_10_pts_180-185" -0.740853351742651 192.284796046903 "aval"
27 "027_fs2" 11 186 127.886439959583 6.20563894909753 46.1599449264879 "segment_11_pts_186-190" -0.808262133197083 228.348227284446 "aval"
27 "027_fs2" 11 191 131.035558275402 9.52320865297506 51.152820989597 "segment_12_pts_191-200" -1.04780379906049 303.564914960731 "aval"
27 "027_fs3" 8 1 0 -15.7293751179919 11.2142148838971 "segment_01_pts_1-27" -5.84347642767569 63.5650389405856 "aval"
27 "027_fs3" 8 28 25.2385665194175 -10.7274932272455 11.9627481304466 "segment_02_pts_28-53" -2.49600226481626 56.0072342688017 "aval"
27 "027_fs3" 8 54 49.4212002006682 -5.58009892250976 15.4177622492281 "segment_03_pts_54-76" 2.83852503038566 46.1048655634786 "aval"
27 "027_fs3" 8 77 70.5620530105435 0.288278347580558 18.4348875428298 "segment_04_pts_77-98" 7.4393863867069 79.841753481449 "aval"
27 "027_fs3" 8 99 90.4045265937879 6.90011905057935 16.5521446971424 "segment_05_pts_99-119" 8.26795196435911 82.2517485276836 "aval"
27 "027_fs3" 8 120 109.644739975498 12.5719439334077 9.23785826772239 "segment_06_pts_120-139" 7.35183314727822 101.739417600812 "aval"
27 "027_fs3" 8 140 128.684900474264 15.5668863054479 -4.20430885429447 "segment_07_pts_140-156" -15.4447678331337 179.123882461265 "aval"
27 "027_fs3" 8 157 144.660004468872 14.2605239061348 -18.6551412530919 "segment_08_pts_157-170" -12.8100929968287 134.11927735566 "aval"
27 "027_fs3" 8 171 157.533316859571 9.78459534250263 -31.7091655274455 "segment_09_pts_171-179" -6.14055203546043 155.917782809968 "aval"
27 "027_fs3" 8 180 164.608254882801 5.31002702832266 -40.3025157923785 "segment_10_pts_180-185" -0.419808925061837 197.923663523576 "aval"
27 "027_fs3" 8 186 168.848219715717 1.64738802345894 -45.9393621358411 "segment_11_pts_186-190" 3.69407916093846 238.279529094916 "aval"
27 "027_fs3" 8 191 172.138858854822 -1.81386592686117 -53.4206951736691 "segment_12_pts_191-200" 9.85977097607289 159.002142136983 "aval"
29 "029_fs1" 9 1 111.039729501268 -74.0450019809305 102.65407696696 "segment_01_pts_1-27" -19.6349483734249 165.092431005119 "aval"
29 "029_fs1" 9 28 108.052171310824 -60.8304556654112 107.19623183266 "segment_02_pts_28-53" -16.7743066346804 172.01985143976 "aval"
29 "029_fs1" 9 54 104.129770324478 -48.24716269787 114.527262933704 "segment_03_pts_54-76" -18.1590026950215 135.308645975571 "aval"
29 "029_fs1" 9 77 99.3126278742812 -37.8196602709862 128.65335339166 "segment_04_pts_77-98" -14.8231663375824 141.015441663433 "aval"
29 "029_fs1" 9 99 92.2010019235886 -29.0277967129478 141.02207191868 "segment_05_pts_99-119" -6.8161239779335 171.217275671343 "aval"
29 "029_fs1" 9 120 83.9152442044883 -22.3822237283782 153.518908933515 "segment_06_pts_120-139" 3.86575788737935 206.620692476571 "aval"
29 "029_fs1" 9 140 75.0214081673259 -18.0054651729581 159.257478511766 "segment_07_pts_140-156" 8.94300400163914 225.609161032298 "aval"
29 "029_fs1" 9 157 66.8392985731195 -14.8915024129151 153.488029782551 "segment_08_pts_157-170" 19.5233111061796 287.197662606448 "aval"
29 "029_fs1" 9 171 60.9122278022361 -11.8931317011337 145.568820357978 "segment_09_pts_171-179" 30.2939905119364 297.915575953527 "aval"
29 "029_fs1" 9 180 57.3867828268283 -9.43947246666201 139.384100792526 "segment_10_pts_180-185" 30.9546058273463 267.118582824878 "aval"
29 "029_fs1" 9 186 55.1311536469863 -7.47433783442094 134.504241328557 "segment_11_pts_186-190" 31.7852480355076 253.947559210009 "aval"
29 "029_fs1" 9 191 53.3113436235417 -5.59304740522427 127.789028680344 "segment_12_pts_191-200" 33.2067490770649 314.226163930549 "aval"
29 "029_fs2" 9 1 0 -51.3208638801717 29.0812615727824 "segment_01_pts_1-27" -0.103138455445546 156.304004963746 "aval"
29 "029_fs2" 9 28 12.2766648072769 -44.512580368511 26.3278008213587 "segment_02_pts_28-53" -0.565024556002523 142.721321186851 "aval"
29 "029_fs2" 9 54 24.2039994409092 -38.6139621720263 26.7476581489295 "segment_03_pts_54-76" 2.67390358365904 103.006843212106 "aval"
29 "029_fs2" 9 77 34.8290164643694 -33.2455944661794 30.2167751140748 "segment_04_pts_77-98" 7.72006598069988 145.221221703726 "aval"
29 "029_fs2" 9 99 44.7362374499355 -27.4550047742626 31.9581338546121 "segment_05_pts_99-119" 4.6147658910467 141.493192608148 "aval"
29 "029_fs2" 9 120 53.9609131083392 -21.7159123330675 26.8099304779697 "segment_06_pts_120-139" -8.73704981824298 221.761218735185 "aval"
29 "029_fs2" 9 140 63.1741550618781 -17.1022118777426 22.0221558418933 "segment_07_pts_140-156" -22.3804945371027 189.511025926491 "aval"
29 "029_fs2" 9 157 71.4297095450717 -13.7513817978384 26.7949233689345 "segment_08_pts_157-170" -28.7890319288784 284.772489045034 "aval"
29 "029_fs2" 9 171 77.5720979237627 -10.6101289190481 34.0114642738972 "segment_09_pts_171-179" -41.5153411559956 255.232400575767 "aval"
29 "029_fs2" 9 180 81.2427462829259 -8.09772863119156 39.8276553147499 "segment_10_pts_180-185" -39.5043489513312 224.719222463906 "aval"
29 "029_fs2" 9 186 83.5898993456905 -6.11042133095094 44.5221254042034 "segment_11_pts_186-190" -37.5217332441105 237.509415694567 "aval"
29 "029_fs2" 9 191 85.480438693427 -4.2221275057164 51.1434992932094 "segment_12_pts_191-200" -35.6509071190622 272.523535430229 "aval"
37 "037_fs1" 22 1 41.6566921129663 -79.0905075854519 110.536848945394 "segment_01_pts_1-27" 0.496555082108671 137.269033290894 "amont"
37 "037_fs1" 22 28 34.639057715381 -60.5037804759912 119.775775293831 "segment_02_pts_28-53" 2.63892877729818 167.640982104621 "amont"
37 "037_fs1" 22 54 25.0569610535201 -43.8667372374485 127.484732822014 "segment_03_pts_54-76" 2.75263276918584 196.250804056021 "amont"
37 "037_fs1" 22 77 14.7523903146523 -30.499873103603 128.947709648907 "segment_04_pts_77-98" 2.03018613902215 220.620788708699 "amont"
37 "037_fs1" 22 99 4.48050528125788 -17.716424398037 106.34009421672 "segment_05_pts_99-119" 2.72781686518837 212.434854019497 "amont"
37 "037_fs1" 22 120 0.355747108682067 -3.19808269698967 83.5473280429472 "segment_06_pts_120-139" 4.69034958435822 237.602996695075 "amont"
37 "037_fs1" 22 140 2.24260306479113 11.3745746252802 57.6616662721849 "segment_07_pts_140-156" -0.346295786312858 266.367703131044 "amont"
37 "037_fs1" 22 157 9.02670431798657 21.7937773008798 36.4382153204695 "segment_08_pts_157-170" 0.241393001280777 337.113392070783 "amont"
37 "037_fs1" 22 171 17.6349815604444 28.0310797310719 24.8744696618709 "segment_09_pts_171-179" 2.83617590962509 325.6663502614 "amont"
37 "037_fs1" 22 180 23.5189499896782 30.6843436107513 15.4451269010608 "segment_10_pts_180-185" 6.38081642396247 340.061746538269 "amont"
37 "037_fs1" 22 186 27.7125744413451 31.7906606623901 8.18496583396644 "segment_11_pts_186-190" 6.95694094739675 356.249463560444 "amont"
37 "037_fs1" 22 191 31.3953188162303 32.277044156806 -1.572378054221 "segment_12_pts_191-200" -13.4268411764974 417.631225773011 "amont"
37 "037_fs2" 12 1 157.15976331361 -123.370541607413 102.318977986388 "segment_01_pts_1-27" -2.23278259242116 183.657204255531 "amont"
37 "037_fs2" 12 28 152.868541797312 -103.499138961849 98.0373854332314 "segment_02_pts_28-53" -5.83956675639537 157.517487573949 "amont"
37 "037_fs2" 12 54 150.103617476951 -84.1190375192558 102.350086737802 "segment_03_pts_54-76" -12.3278206482685 146.718231394497 "amont"
37 "037_fs2" 12 77 146.365676935102 -67.2103420394708 109.162397320937 "segment_04_pts_77-98" -20.5867445817952 155.997163128882 "amont"
37 "037_fs2" 12 99 140.839011325378 -51.5127162975573 120.922508041111 "segment_05_pts_99-119" -25.6324118278036 173.094035718937 "amont"
37 "037_fs2" 12 120 132.625369268251 -38.0549984229715 140.059405974051 "segment_06_pts_120-139" -16.9374088761164 245.312780121933 "amont"
37 "037_fs2" 12 140 120.989328168759 -28.4742719428572 159.089651526028 "segment_07_pts_140-156" 8.91103889465381 264.678958227164 "amont"
37 "037_fs2" 12 157 108.90996552358 -23.9573280307762 169.395758623367 "segment_08_pts_157-170" 33.2276868490572 271.789821315705 "amont"
37 "037_fs2" 12 171 98.4687390058103 -22.0310475441751 169.480129479552 "segment_09_pts_171-179" 44.3337557752129 296.753335086611 "amont"
37 "037_fs2" 12 180 91.8794674173085 -20.755120250389 161.340169038369 "segment_10_pts_180-185" 40.41567599237 347.734255827948 "amont"
37 "037_fs2" 12 186 87.8594911120993 -19.3362941450303 152.089268409032 "segment_11_pts_186-190" 34.2628455117068 347.927664717628 "amont"
37 "037_fs2" 12 191 84.6497211166707 -17.5639584598956 136.61441597306 "segment_12_pts_191-200" 23.4050999423284 457.421528916614 "amont"
37 "037_fs3" 17 1 0 104.370708625838 -48.8856144926741 "segment_01_pts_1-27" 1.35545669806256 104.959092947988 "amont"
37 "037_fs3" 17 28 13.6126881962644 88.7502261692345 -50.3280938772952 "segment_02_pts_28-53" -6.14724186340851 124.79607301948 "amont"
37 "037_fs3" 17 54 26.4135012868556 73.2511646316289 -66.4215321049276 "segment_03_pts_54-76" -1.18816913160983 124.176702569894 "amont"
37 "037_fs3" 17 77 33.0677869652525 57.7050420667922 -78.9058361561534 "segment_04_pts_77-98" 0.885043810985735 163.718609510149 "amont"
37 "037_fs3" 17 99 36.281143072219 41.1156314049191 -84.1355806212459 "segment_05_pts_99-119" 0.809195314834312 188.038069817923 "amont"
37 "037_fs3" 17 120 37.9169459496292 24.8570373563571 -87.1870283165447 "segment_06_pts_120-139" 2.00828565218677 227.999873144102 "amont"
37 "037_fs3" 17 140 38.6808736649377 9.6357018744954 -80.6881690334236 "segment_07_pts_140-156" 6.09396580333153 263.08143555849 "amont"
37 "037_fs3" 17 157 40.8595777856585 -3.13239690995857 -71.2676542594631 "segment_08_pts_157-170" 7.75270680901657 295.42260387693 "amont"
37 "037_fs3" 17 171 44.3355661024089 -13.2523638916352 -63.8056924005157 "segment_09_pts_171-179" 11.4223455843027 300.640644263467 "amont"
37 "037_fs3" 17 180 47.4138392896614 -19.3861602657923 -57.172599923282 "segment_10_pts_180-185" 13.7159219473919 299.142619640747 "amont"
37 "037_fs3" 17 186 49.9499619601507 -23.2555681500275 -52.6982802565662 "segment_11_pts_186-190" 15.4696625624127 313.783256609599 "amont"
37 "037_fs3" 17 191 52.3187773796124 -26.3212741051418 -46.9871505247153 "segment_12_pts_191-200" 18.0676497179003 330.305858204045 "amont"
38 "038_fs1" 17 1 0 -103.271599540569 50.9198102673905 "segment_01_pts_1-27" -0.267333976131553 128.86751456572 "amont"
38 "038_fs1" 17 28 13.8116972610264 -86.2591844282672 51.2636522856301 "segment_02_pts_28-53" -1.57247397454218 131.165776236834 "amont"
38 "038_fs1" 17 54 27.0761942915954 -69.7237724052524 50.9861340934091 "segment_03_pts_54-76" -1.72605726680491 124.650088395388 "amont"
38 "038_fs1" 17 77 38.8316972379453 -55.2238110905745 49.8353417396385 "segment_04_pts_77-98" 0.258580264705216 151.997009139864 "amont"
38 "038_fs1" 17 99 50.2989785954463 -41.6539663677734 49.0253423010273 "segment_05_pts_99-119" 2.57662808641792 202.797410119365 "amont"
38 "038_fs1" 17 120 61.4689885120886 -28.7841534714062 50.581998706574 "segment_06_pts_120-139" 1.06178529671762 232.44963903041 "amont"
38 "038_fs1" 17 140 71.8209032316789 -16.1493868990384 53.5868159942138 "segment_07_pts_140-156" 0.417224461169141 244.191146777283 "amont"
38 "038_fs1" 17 157 80.005025694591 -5.052819700969 52.0773270147501 "segment_08_pts_157-170" 8.58799940615139 254.282217878557 "amont"
38 "038_fs1" 17 171 87.0182145332905 3.89440635593252 47.8476664038197 "segment_09_pts_171-179" 13.9176911912646 244.019403883496 "amont"
38 "038_fs1" 17 180 91.9967914645691 9.35550937397335 44.7891584557063 "segment_10_pts_180-185" 10.0699167791083 235.53569758339 "amont"
38 "038_fs1" 17 186 95.4996370119273 12.8069654148116 42.4072308725046 "segment_11_pts_186-190" 5.83212754998082 267.965138966814 "amont"
38 "038_fs1" 17 191 98.5168152700651 15.5410008558822 38.8744509986529 "segment_12_pts_191-200" -2.57418734056817 312.298528891747 "amont"
38 "038_fs2" 17 1 81.4201183431953 -167.849885840044 128.446159968357 "segment_01_pts_1-27" 2.03786729859462 227.117102018223 "amont"
38 "038_fs2" 17 28 67.5718130190806 -150.400547435335 128.011031127149 "segment_02_pts_28-53" 3.445135439795 178.853939143229 "amont"
38 "038_fs2" 17 54 54.3520659019678 -133.480490601868 127.340993470338 "segment_03_pts_54-76" 3.37414796694441 204.104422736765 "amont"
38 "038_fs2" 17 77 42.8642510761522 -118.418078472429 126.094220801038 "segment_04_pts_77-98" 2.25533846527091 185.731788622036 "amont"
38 "038_fs2" 17 99 32.1760515427118 -103.716011313241 122.344759928667 "segment_05_pts_99-119" 4.84509989733758 213.129073471584 "amont"
38 "038_fs2" 17 120 22.931482114036 -89.0737972355101 119.547058482203 "segment_06_pts_120-139" 7.07307379694048 273.560339459272 "amont"
38 "038_fs2" 17 140 14.7994732462669 -74.7057230094566 119.651045458367 "segment_07_pts_140-156" 5.7829885959062 306.071411998375 "amont"
38 "038_fs2" 17 157 7.7832273538275 -62.3037707220873 110.28723703659 "segment_08_pts_157-170" 11.1943795991801 379.989715289849 "amont"
38 "038_fs2" 17 171 3.96028429379135 -51.7577605756098 104.133438975462 "segment_09_pts_171-179" 14.1334389754625 368.974039323669 "amont"
38 "038_fs2" 17 180 2.20661445988793 -44.7138808957466 101.568636219378 "segment_10_pts_180-185" 11.5686362193776 397.109952018241 "amont"
38 "038_fs2" 17 186 1.23474860811609 -39.869745430871 98.958433271356 "segment_11_pts_186-190" 8.95843327135603 397.79119099751 "amont"
38 "038_fs2" 17 191 0.602199458449775 -35.7283543524816 94.4567018106922 "segment_12_pts_191-200" 4.45670181069224 414.491192758375 "amont"
38 "038_fs3" 13 1 0.743871513102192 -91.6069159664962 -0.915887190036153 "segment_01_pts_1-27" -5.80965112112302 246.384214567332 "amont"
38 "038_fs3" 13 28 21.5329711869844 -92.0439775406697 -2.89302582962055 "segment_02_pts_28-53" -12.7896402617827 255.109572003707 "amont"
38 "038_fs3" 13 54 41.8096892260128 -92.9021470258654 27.547371651758 "segment_03_pts_54-76" -10.7632835217302 231.400292055337 "amont"
38 "038_fs3" 13 77 57.6476036822352 -84.4180275838307 59.5535227731714 "segment_04_pts_77-98" -11.6388006947359 211.042953126629 "amont"
38 "038_fs3" 13 99 66.0691390782798 -69.6152571352818 81.8971098521237 "segment_05_pts_99-119" -15.0139909339845 250.916075885833 "amont"
38 "038_fs3" 13 120 68.2979888693396 -53.4706066849752 105.150710529016 "segment_06_pts_120-139" -11.0088534127693 284.545127252495 "amont"
38 "038_fs3" 13 140 64.1204326347766 -38.8406093175988 123.223714810529 "segment_07_pts_140-156" -7.45969678799791 317.586282421446 "amont"
38 "038_fs3" 13 157 56.8071113161664 -27.8223521040251 125.941146766356 "segment_08_pts_157-170" 12.1933453712176 322.896716892428 "amont"
38 "038_fs3" 13 171 50.6565710892197 -19.1673272813199 116.025217402062 "segment_09_pts_171-179" 16.8082872421949 352.979153212258 "amont"
38 "038_fs3" 13 180 47.8299716780838 -13.315673813663 112.123906694325 "segment_10_pts_180-185" 22.3079244090702 301.085590480489 "amont"
38 "038_fs3" 13 186 46.156562432207 -9.13339305494219 108.560252237299 "segment_11_pts_186-190" 19.6049034734123 306.100546611965 "amont"
38 "038_fs3" 13 191 44.9321507740676 -5.41054376854117 103.091410643399 "segment_12_pts_191-200" 16.7528467744659 399.622029927387 "amont"
39 "039_fs1" 20 1 67.622065561248 -83.5733953088596 126.435395076282 "segment_01_pts_1-27" -2.72222758827139 157.815518180689 "amont"
39 "039_fs1" 20 28 53.5196814334594 -64.5659444696709 133.591742910127 "segment_02_pts_28-53" 2.40718611064398 182.061125625864 "amont"
39 "039_fs1" 20 54 37.7835483618264 -48.1103097384377 139.579047278341 "segment_03_pts_54-76" -0.45278561532615 189.576423851389 "amont"
39 "039_fs1" 20 77 22.3659913310624 -34.9758154847856 137.728370266463 "segment_04_pts_77-98" 5.76353234644412 217.266358025692 "amont"
39 "039_fs1" 20 99 7.94565046077571 -21.7171627112561 113.082103878349 "segment_05_pts_99-119" 7.48220451958368 236.669093311902 "amont"
39 "039_fs1" 20 120 1.02677247884884 -5.09483316123118 87.8991566256889 "segment_06_pts_120-139" 9.04780282225887 263.060124826758 "amont"
39 "039_fs1" 20 140 1.94786763873759 12.3302043524162 63.140565740363 "segment_07_pts_140-156" 5.75409182901226 278.812727745579 "amont"
39 "039_fs1" 20 157 8.81598158624809 25.5594612865881 45.5795024155339 "segment_08_pts_157-170" 8.65752417032979 280.961756534114 "amont"
39 "039_fs1" 20 171 17.5723510797864 34.3580583547728 33.6396495334032 "segment_09_pts_171-179" 9.83144746210981 300.238114169667 "amont"
39 "039_fs1" 20 180 24.0578727273641 38.5649980973669 23.4900066374467 "segment_10_pts_180-185" 9.84161867992682 301.056878555673 "amont"
39 "039_fs1" 20 186 28.8927283730914 40.5957138890639 15.7156096012065 "segment_11_pts_186-190" 9.60127683482711 294.916692126938 "amont"
39 "039_fs1" 20 191 33.2192318337369 41.7544347962677 4.90976557794889 "segment_12_pts_191-200" 1.01265955659951 333.528565502722 "amont"
39 "039_fs2" 17 1 142.011834319527 -81.1194993279461 153.601287175516 "segment_01_pts_1-27" -7.73138248191549 230.188884101415 "amont"
39 "039_fs2" 17 28 120.295324201559 -70.5646812051028 177.79485207978 "segment_02_pts_28-53" 7.67667641191338 231.365422792991 "amont"
39 "039_fs2" 17 54 97.2073980258326 -69.8135324833742 -168.308990551674 "segment_03_pts_54-76" -3.00576017433181 249.44071971837 "amont"
39 "039_fs2" 17 77 77.0676705473462 -74.0160023670953 -170.402127573402 "segment_04_pts_77-98" -8.61519034503655 253.417339033066 "amont"
39 "039_fs2" 17 99 57.5987276275754 -77.2003567446286 173.126369031078 "segment_05_pts_99-119" 10.7431765065151 285.6374574125 "amont"
39 "039_fs2" 17 120 39.174062045666 -74.8121178982654 152.452459339102 "segment_06_pts_120-139" 7.42357364468276 304.954846913182 "amont"
39 "039_fs2" 17 140 23.339238881311 -66.3495433703845 134.489531925676 "segment_07_pts_140-156" 5.86400903841832 312.853215369768 "amont"
39 "039_fs2" 17 157 12.6918326400182 -55.3601031450179 120.247007057935 "segment_08_pts_157-170" 3.54816479202543 349.292288523908 "amont"
39 "039_fs2" 17 171 6.50172310954673 -44.4761966154084 110.011444877825 "segment_09_pts_171-179" 13.9341793190568 357.707629758832 "amont"
39 "039_fs2" 17 180 3.77487836736981 -36.9128308250192 106.954130476532 "segment_10_pts_180-185" 15.8859593239216 377.179405156113 "amont"
39 "039_fs2" 17 186 2.21794598628503 -31.7213611004919 103.893988428163 "segment_11_pts_186-190" 13.1502997661054 399.133211600836 "amont"
39 "039_fs2" 17 191 1.16166866481063 -27.3448696449851 98.3661635422668 "segment_12_pts_191-200" 8.07898064772903 422.524451618796 "amont"
39 "039_fs3" 16 1 266.576500422654 -6.7264996320273 167.737833069151 "segment_01_pts_1-27" 0.405658281319035 134.395322674991 "amont"
39 "039_fs3" 16 28 243.315799935402 -1.55890105920122 158.21826020902 "segment_02_pts_28-53" -3.11621645453147 115.923356430069 "amont"
39 "039_fs3" 16 54 221.80985344093 7.03776036406168 161.599664259291 "segment_03_pts_54-76" 2.32661165480656 119.825697779024 "amont"
39 "039_fs3" 16 77 202.630906131515 13.3628854209678 163.126589679148 "segment_04_pts_77-98" 3.25902936372449 153.075940715366 "amont"
39 "039_fs3" 16 99 183.93123388859 19.1140305848318 148.829653678336 "segment_05_pts_99-119" -8.61264308007932 196.478422897417 "amont"
39 "039_fs3" 16 120 168.206260610111 28.7723147186027 142.578988504549 "segment_06_pts_120-139" -8.45111035284631 182.430428557709 "amont"
39 "039_fs3" 16 140 154.058031750592 39.4526659606855 158.868901688824 "segment_07_pts_140-156" 3.03311690185942 249.964776984481 "amont"
39 "039_fs3" 16 157 139.722984549297 44.8519914334968 174.080732247673 "segment_08_pts_157-170" -4.57904465986169 284.246431262505 "amont"
39 "039_fs3" 16 171 127.592035101614 46.0025097744435 -173.943707451224 "segment_09_pts_171-179" 6.73473246423762 336.761596821573 "amont"
39 "039_fs3" 16 180 119.934569833675 45.1182141805724 -166.098624557204 "segment_10_pts_180-185" 5.17242593132275 313.054804206412 "amont"
39 "039_fs3" 16 186 114.83063627942 43.8062848029151 -160.56465715835 "segment_11_pts_186-190" 2.40281268324134 274.175916185142 "amont"
39 "039_fs3" 16 191 110.578004521678 42.2646538150765 -153.487397867183 "segment_12_pts_191-200" -3.12658562312808 265.704159012457 "amont"
40 "040_fs1" 19 1 129.636517328825 55.0843938085458 -96.1951134736805 "segment_01_pts_1-27" -0.449233990507722 141.867450072903 "amont"
40 "040_fs1" 19 28 127.480701864586 34.5921568868969 -89.2382030807311 "segment_02_pts_28-53" -1.00047122463677 200.483373130325 "amont"
40 "040_fs1" 19 54 127.748604402919 14.7565571513503 -88.332419664415 "segment_03_pts_54-76" -4.02181841153364 167.098498259232 "amont"
40 "040_fs1" 19 77 128.249929699198 -2.75020456010714 -98.7265204971942 "segment_04_pts_77-98" -6.51309762589808 211.277048232569 "amont"
40 "040_fs1" 19 99 125.483920239969 -19.6219110826087 -119.056568860135 "segment_05_pts_99-119" -6.01112150783284 241.917222831014 "amont"
40 "040_fs1" 19 120 117.685845840973 -33.4010896218043 -148.780752150245 "segment_06_pts_120-139" -4.86953819061702 199.536996180733 "amont"
40 "040_fs1" 19 140 104.248025988884 -41.3368884086249 -173.041104323719 "segment_07_pts_140-156" -5.34191575365881 270.396438283812 "amont"
40 "040_fs1" 19 157 91.636529679095 -42.7353945347132 170.293086096886 "segment_08_pts_157-170" 4.04163320957136 280.745146133768 "amont"
40 "040_fs1" 19 171 80.7683251318265 -40.8004953893387 161.966059422842 "segment_09_pts_171-179" 5.38218983480266 314.46844871359 "amont"
40 "040_fs1" 19 180 74.1094030025738 -38.5966610315613 158.246461631989 "segment_10_pts_180-185" 6.2000956759737 298.912838680432 "amont"
40 "040_fs1" 19 186 69.8237320569278 -36.8720299559698 156.620475548491 "segment_11_pts_186-190" 7.25708073918466 303.251921260122 "amont"
40 "040_fs1" 19 191 66.3127026436314 -35.3470179925681 155.754097387598 "segment_12_pts_191-200" 9.2074443965414 330.013285463636 "amont"
40 "040_fs2" 18 1 0 131.861806993288 -67.1455091084287 "segment_01_pts_1-27" -1.00432386279172 129.70036799134 "amont"
40 "040_fs2" 18 28 8.28332907043279 112.167252627263 -66.8577406748229 "segment_02_pts_28-53" -4.02748636650979 119.867655667821 "amont"
40 "040_fs2" 18 54 16.3757456856111 93.0522834301989 -86.5757078662238 "segment_03_pts_54-76" 3.92119963233561 124.664785597458 "amont"
40 "040_fs2" 18 77 17.3723832177954 75.1184456875826 -93.4116829871548 "segment_04_pts_77-98" -1.16281662512866 158.598775805193 "amont"
40 "040_fs2" 18 99 16.3204452190387 57.7503363479809 -107.966811336033 "segment_05_pts_99-119" -2.02884962693668 192.480398430978 "amont"
40 "040_fs2" 18 120 11.1445653789125 42.2090119858613 -114.03783306207 "segment_06_pts_120-139" -4.57811787608956 232.482680744121 "amont"
40 "040_fs2" 18 140 4.77053278561402 27.6050624805459 -104.019800344455 "segment_07_pts_140-156" 9.13725631112464 251.315441207413 "amont"
40 "040_fs2" 18 157 1.54994326599387 14.5948651285122 -98.1277425225968 "segment_08_pts_157-170" 8.12774252259683 328.073115260214 "amont"
40 "040_fs2" 18 171 0.0463761952463528 3.56132567795143 -90.4181093592226 "segment_09_pts_171-179" 2.47931665121634 300.911577799768 "amont"
40 "040_fs2" 18 180 0 -3.58830045106021 -90 "segment_10_pts_180-185" 12.1578935737457 318.199502716986 "amont"
40 "040_fs2" 18 186 0 -8.34919599725509 -90 "segment_11_pts_186-190" 18.1046600811043 350.675698549989 "amont"
40 "040_fs2" 18 191 0 -12.3005290821623 -90 "segment_12_pts_191-200" 22.8572744988965 405.14465018964 "amont"
40 "040_fs3" 17 1 8.52020116013045 109.021909655892 -67.1629878346429 "segment_01_pts_1-27" 1.19078211813998 173.902359952672 "amont"
40 "040_fs3" 17 28 16.656843835601 89.3735194235891 -87.3867982859669 "segment_02_pts_28-53" 1.02897496668724 136.860750571906 "amont"
40 "040_fs3" 17 54 17.4922902915555 69.1863592593756 -95.7963117429611 "segment_03_pts_54-76" 4.78111708109979 180.874845151442 "amont"
40 "040_fs3" 17 77 15.6552491448692 51.453790315433 -108.269708364571 "segment_04_pts_77-98" 2.12974938848922 212.236069340915 "amont"
40 "040_fs3" 17 99 10.2288585945141 35.2265952024035 -111.744902257402 "segment_05_pts_99-119" 1.45730667146637 195.672431191053 "amont"
40 "040_fs3" 17 120 4.10077231098251 19.9335228030547 -106.189783424059 "segment_06_pts_120-139" -1.47844837566041 276.621803414642 "amont"
40 "040_fs3" 17 140 0.017286487718934 5.0527136412162 -76.2963566777814 "segment_07_pts_140-156" 0.0353086382929604 256.823888511048 "amont"
40 "040_fs3" 17 157 3.27485742825468 -7.78735724228682 -63.9218396215155 "segment_08_pts_157-170" 4.37633131743268 301.596194896876 "amont"
40 "040_fs3" 17 171 8.17703423623198 -17.7420381335127 -57.2335078242635 "segment_09_pts_171-179" 3.95788616223084 356.872206636183 "amont"
40 "040_fs3" 17 180 11.9781783582182 -23.4933334779532 -47.2830429877381 "segment_10_pts_180-185" 5.10545465396617 313.180181552027 "amont"
40 "040_fs3" 17 186 15.2238161412846 -26.9345619765288 -40.7912356956291 "segment_11_pts_186-190" 6.92732505897902 301.644800180558 "amont"
40 "040_fs3" 17 191 18.2744125494401 -29.5152528909634 -32.590054937435 "segment_12_pts_191-200" 9.01893562013818 339.727125785743 "amont"
40 "040_fs4" 16 1 0 94.1683845293561 -47.4949080448247 "segment_01_pts_1-27" -2.31597147326458 141.245521986138 "amont"
40 "040_fs4" 16 28 14.6974712950471 78.0396066476007 -55.709981214482 "segment_02_pts_28-53" -0.727150040073703 131.321507673791 "amont"
40 "040_fs4" 16 54 26.4185474132678 60.7696021886334 -66.418954153626 "segment_03_pts_54-76" 0.478051161128391 133.001388002111 "amont"
40 "040_fs4" 16 77 33.6893637876894 43.8639189052268 -77.0068587855501 "segment_04_pts_77-98" -0.975678533438412 149.472270908242 "amont"
40 "040_fs4" 16 99 37.6021946168437 26.5031695585538 -92.5409322514016 "segment_05_pts_99-119" 3.66854974756794 226.730690789927 "amont"
40 "040_fs4" 16 120 36.7930829311732 9.80288322688108 -91.6179665993408 "segment_06_pts_120-139" 4.19227701397097 242.062526621859 "amont"
40 "040_fs4" 16 140 36.4751661664982 -6.48002753614799 -74.7658256978949 "segment_07_pts_140-156" 12.1286281705503 278.197441056872 "amont"
40 "040_fs4" 16 157 40.1849769357124 -19.7993325153092 -56.6589072444881 "segment_08_pts_157-170" 11.7639692524899 284.070289061854 "amont"
40 "040_fs4" 16 171 46.264674318301 -28.6581536894849 -40.3589298906451 "segment_09_pts_171-179" 3.50714379667222 260.286385052474 "amont"
40 "040_fs4" 16 180 51.9396232435283 -33.5105697838149 -42.4115387717912 "segment_10_pts_180-185" 6.96146498255829 320.322194261484 "amont"
40 "040_fs4" 16 186 55.3834080019635 -36.656694057141 -42.7248762789808 "segment_11_pts_186-190" 8.41985314776392 360.731566322208 "amont"
40 "040_fs4" 16 191 58.2823265269511 -39.3428747856493 -44.8353603405063 "segment_12_pts_191-200" 10.8382134384464 377.123819814557 "amont"
41 "041_fs1" 15 1 0 24.5171084481589 -7.79370460617682 "segment_01_pts_1-27" 5.73690084669072 137.217835956676 "amont"
41 "041_fs1" 15 28 19.9791506682815 21.8209264293365 -0.404193332502122 "segment_02_pts_28-53" -0.0105672104510167 109.286333557287 "amont"
41 "041_fs1" 15 54 39.4197286324545 21.7526145420206 10.9033211367307 "segment_03_pts_54-76" 0.507613962178727 106.358986010685 "amont"
41 "041_fs1" 15 77 56.1065342755546 25.0470661027897 21.6076054608228 "segment_04_pts_77-98" 6.37650664642439 122.931463262701 "amont"
41 "041_fs1" 15 99 71.4651335940184 31.1850961577427 26.3752804340927 "segment_05_pts_99-119" 8.69492800481073 197.24903027165 "amont"
41 "041_fs1" 15 120 85.6756871187404 38.1905043828709 13.9111205092045 "segment_06_pts_120-139" 3.45785548393098 160.26224969248 "amont"
41 "041_fs1" 15 140 100.110316313405 41.6172455380359 -5.22829479592019 "segment_07_pts_140-156" -4.48592483373355 206.333119181969 "amont"
41 "041_fs1" 15 157 112.998123745412 40.325744626223 -21.4844231560743 "segment_08_pts_157-170" -5.22106968644262 201.773525060911 "amont"
41 "041_fs1" 15 171 122.271802147637 36.5834725729313 -32.2999369223419 "segment_09_pts_171-179" -10.1222436446282 253.446906152454 "amont"
41 "041_fs1" 15 180 127.8391789747 33.0049701778067 -38.5595071147267 "segment_10_pts_180-185" -12.0782552239994 233.530637469378 "amont"
41 "041_fs1" 15 186 131.379484023645 30.1424631302106 -42.823183758312 "segment_11_pts_186-190" -13.1173583377733 241.620365681238 "amont"
41 "041_fs1" 15 191 134.215452181237 27.4795704054611 -48.2267647812475 "segment_12_pts_191-200" -14.7533710662067 290.954426548628 "amont"
41 "041_fs2" 12 1 0 -53.3740639195631 4.11454863429526 "segment_01_pts_1-27" -7.16654538948574 186.42809304134 "amont"
41 "041_fs2" 12 28 19.5980004167167 -51.9512194380236 6.86519812297029 "segment_02_pts_28-53" -5.47844238479121 172.678505794475 "amont"
41 "041_fs2" 12 54 38.2912914483365 -49.6739643693273 11.4111551053241 "segment_03_pts_54-76" -5.33269387352212 151.822421903739 "amont"
41 "041_fs2" 12 77 54.6836637909885 -46.3294393574331 17.2267655207517 "segment_04_pts_77-98" -4.06667230931756 187.669509775441 "amont"
41 "041_fs2" 12 99 69.9994038519198 -41.5457267512609 20.4519271376931 "segment_05_pts_99-119" 2.21560819619524 193.581801344511 "amont"
41 "041_fs2" 12 120 84.2878490902103 -36.2236735296251 17.6287105440951 "segment_06_pts_120-139" 7.23268851595613 200.602073036141 "amont"
41 "041_fs2" 12 140 98.1320573607101 -31.8679540499578 11.3206063004167 "segment_07_pts_140-156" 9.34472338065123 227.045277851233 "amont"
41 "041_fs2" 12 157 110.281882887303 -29.4723631295809 6.43074851043881 "segment_08_pts_157-170" 0.80767250562408 270.350864090681 "amont"
41 "041_fs2" 12 171 120.420085230748 -28.354340008725 3.37812332690391 "segment_09_pts_171-179" -7.51687320122569 298.780627735344 "amont"
41 "041_fs2" 12 180 126.945474566973 -27.9827476118593 1.63577759330368 "segment_10_pts_180-185" -12.6046257204323 266.14942570739 "amont"
41 "041_fs2" 12 186 131.29096973799 -27.8668539989025 0.478100995449633 "segment_11_pts_186-190" -16.098626483141 247.103248184465 "amont"
41 "041_fs2" 12 191 134.92118106424 -27.8427941724441 -0.913107385650593 "segment_12_pts_191-200" -18.6421045900803 262.58136421057 "amont"
42 "042_fs1" 14 1 55.3846153846154 -162.317202813406 142.417472240337 "segment_01_pts_1-27" 8.59371903982009 222.239180960558 "amont"
42 "042_fs1" 14 28 37.4130496045359 -148.5030189121 142.024834540148 "segment_02_pts_28-53" 15.0921515498873 219.982428503696 "amont"
42 "042_fs1" 14 54 20.2065980762695 -134.970695544963 131.414310818322 "segment_03_pts_54-76" 18.6390004028673 209.756700065093 "amont"
42 "042_fs1" 14 77 7.38942161308836 -120.072166243383 98.3158901636912 "segment_04_pts_77-98" 12.847310518883 205.158858819948 "amont"
42 "042_fs1" 14 99 4.83868322478338 -102.174927747308 85.7753748127809 "segment_05_pts_99-119" 18.0451522781013 208.603534034757 "amont"
42 "042_fs1" 14 120 6.39006729374694 -84.4530127546072 61.4435763159517 "segment_06_pts_120-139" 18.1673161578061 254.57915146277 "amont"
42 "042_fs1" 14 140 14.5121812916402 -69.8099781064986 43.843698014867 "segment_07_pts_140-156" 12.2358244685345 269.920311984635 "amont"
42 "042_fs1" 14 157 25.0291403767806 -59.79428134888 38.554036406687 "segment_08_pts_157-170" 4.88170478924758 251.21076563134 "amont"
42 "042_fs1" 14 171 34.0271218208326 -52.6575609445924 35.6950784365201 "segment_09_pts_171-179" -3.33087570689197 307.902940219582 "amont"
42 "042_fs1" 14 180 40.0600121536507 -48.3376735987202 34.5015695625161 "segment_10_pts_180-185" -10.2816722616022 331.681275644511 "amont"
42 "042_fs1" 14 186 44.2088383530472 -45.4916427310384 34.021401980907 "segment_11_pts_186-190" -14.6866498066727 321.496156803759 "amont"
42 "042_fs1" 14 191 47.7462343247142 -43.1058386247299 33.9051032698072 "segment_12_pts_191-200" -20.2609585564662 327.999594813271 "amont"
42 "042_fs2" 14 1 0 -101.395568538818 31.2207073923946 "segment_01_pts_1-27" -1.39187631991214 170.744092712333 "amont"
42 "042_fs2" 14 28 18.7972066225954 -90.0146466567253 29.5560291463688 "segment_02_pts_28-53" -0.528425156760196 142.64746101731 "amont"
42 "042_fs2" 14 54 37.294669671004 -79.541608286617 27.5602182335593 "segment_03_pts_54-76" -2.09744839544122 170.962058275038 "amont"
42 "042_fs2" 14 77 53.9228230162974 -70.880614271421 25.2869309847315 "segment_04_pts_77-98" -5.6655432108698 201.050239060221 "amont"
42 "042_fs2" 14 99 70.0662402147277 -63.2710612443748 25.4415926566675 "segment_05_pts_99-119" -6.43087189545469 208.599224798201 "amont"
42 "042_fs2" 14 120 85.4988575906789 -55.8966247264503 29.6916637362103 "segment_06_pts_120-139" -3.30669534588046 241.113789730875 "amont"
42 "042_fs2" 14 140 99.6918593514489 -47.7644203942671 33.6937095358216 "segment_07_pts_140-156" -31.8195326200871 322.807170136429 "amont"
42 "042_fs2" 14 157 111.257329481592 -40.0278835642499 38.5071292495282 "segment_08_pts_157-170" -46.9203482490617 262.994181980818 "amont"
42 "042_fs2" 14 171 120.285758971626 -32.7569013478916 47.9901426306764 "segment_09_pts_171-179" -44.3527958414367 311.557159548421 "amont"
42 "042_fs2" 14 180 124.999244908344 -27.4143425504966 55.8684758155831 "segment_10_pts_180-185" -47.9544091223305 333.978774326675 "amont"
42 "042_fs2" 14 186 127.620371388121 -23.4859847589703 60.5031550992655 "segment_11_pts_186-190" -50.993570982773 362.108758616977 "amont"
42 "042_fs2" 14 191 129.581758762048 -19.9562312556064 67.1007157714162 "segment_12_pts_191-200" -53.819921973038 376.326733750975 "amont"
42 "042_fs3" 14 1 42.9416737109046 136.34306540271 -42.3675027346521 "segment_01_pts_1-27" -3.41095781297655 184.534539956685 "amont"
42 "042_fs3" 14 28 59.3645853238678 121.320174055441 -46.9742354205178 "segment_02_pts_28-53" -1.18829430043042 150.107768183049 "amont"
42 "042_fs3" 14 54 73.8099897437659 105.803953797111 -51.9280462440655 "segment_03_pts_54-76" -4.42831204850399 149.536423540777 "amont"
42 "042_fs3" 14 77 85.4515501324362 90.8426747986406 -59.1631242190322 "segment_04_pts_77-98" -6.31552575623839 159.907509802399 "amont"
42 "042_fs3" 14 99 94.7616869769342 75.1632096816788 -73.334966425254 "segment_05_pts_99-119" -4.31467123295162 157.693017990463 "amont"
42 "042_fs3" 14 120 99.4680370738708 58.9395042213667 -85.5536306007235 "segment_06_pts_120-139" 1.2849828785868 168.502287115831 "amont"
42 "042_fs3" 14 140 100.719492612457 42.6240263516383 -86.8379008289184 "segment_07_pts_140-156" -2.61343963580991 179.575537990846 "amont"
42 "042_fs3" 14 157 101.494642976863 28.5225984622766 -87.6650929087048 "segment_08_pts_157-170" -1.07736259172025 227.81473801408 "amont"
42 "042_fs3" 14 171 101.968536004057 17.0056912083346 -86.3428613115236 "segment_09_pts_171-179" 10.4786650842791 256.107856369272 "amont"
42 "042_fs3" 14 180 102.45415821278 9.71977599699323 -80.6093588518597 "segment_10_pts_180-185" 14.689979502172 234.226851592062 "amont"
42 "042_fs3" 14 186 103.307923103854 4.93483791999893 -73.412701499467 "segment_11_pts_186-190" 12.6685820808998 265.750379465726 "amont"
42 "042_fs3" 14 191 104.516475164522 1.00049624462446 -67.9996440069181 "segment_12_pts_191-200" 11.8234296921958 310.346758822155 "amont"
42 "042_fs4" 16 1 0 17.6135074775145 -10.2158710184271 "segment_01_pts_1-27" -1.01704689717788 152.50299684826 "amont"
42 "042_fs4" 16 28 22.6788711991394 13.553100186106 -7.69073999418216 "segment_02_pts_28-53" -3.47297544968411 154.4497397797 "amont"
42 "042_fs4" 16 54 44.5834178661707 10.5991098469339 -7.99492326697689 "segment_03_pts_54-76" -1.10590192067944 133.431541992777 "amont"
42 "042_fs4" 16 77 64.0021075186285 7.85697306580278 -10.5075346630118 "segment_04_pts_77-98" 4.20115732414589 131.583524350454 "amont"
42 "042_fs4" 16 99 82.4141564209278 4.41905249704098 -13.2381656346706 "segment_05_pts_99-119" 4.40468063670731 195.103165287788 "amont"
42 "042_fs4" 16 120 99.8341867502385 0.304353750607106 -15.2761544293822 "segment_06_pts_120-139" -0.381928223484296 196.080206039898 "amont"
42 "042_fs4" 16 140 116.293213524209 -4.20839037406637 -17.6775763491856 "segment_07_pts_140-156" -3.55161833077113 274.941022853621 "amont"
42 "042_fs4" 16 157 130.05561851136 -8.61685319002737 -20.3661803215564 "segment_08_pts_157-170" -3.5942789812755 230.010788161601 "amont"
42 "042_fs4" 16 171 141.16553966198 -12.7620610125506 -22.6112674470853 "segment_09_pts_171-179" -0.118200666091042 311.623940222921 "amont"
42 "042_fs4" 16 180 148.223891330603 -15.717078763034 -24.2201240483775 "segment_10_pts_180-185" 3.66045806335863 350.452829539423 "amont"
42 "042_fs4" 16 186 152.890669470543 -17.8273873167866 -25.4687248793623 "segment_11_pts_186-190" 7.03916713719763 339.709285493821 "amont"
42 "042_fs4" 16 191 156.754943103133 -19.6776592370276 -27.2635351675027 "segment_12_pts_191-200" 12.6617345974917 373.840845391204 "amont"
45 "045_fs1" 16 1 0.27049873203714 -23.6755237282915 55.8290120364092 "segment_01_pts_1-27" 1.37935363545477 111.703602444333 "amont"
45 "045_fs1" 16 28 10.7614882174813 -8.22073578868924 55.5745629072971 "segment_02_pts_28-53" 0.085043731617958 113.102111446264 "amont"
45 "045_fs1" 16 54 21.2301109018719 7.03859618830109 51.4867966833243 "segment_03_pts_54-76" -0.29913834042285 129.183521845244 "amont"
45 "045_fs1" 16 77 31.192876098535 19.4621628060751 38.2526950744713 "segment_04_pts_77-98" 3.33790747312133 133.596405254728 "amont"
45 "045_fs1" 16 99 43.569416483165 29.0686535002861 18.1590179231885 "segment_05_pts_99-119" 6.95904392140304 141.01973100895 "amont"
45 "045_fs1" 16 120 57.2037796141651 33.3685793394105 -8.69393739097515 "segment_06_pts_120-139" -5.35657690723396 202.565301420208 "amont"
45 "045_fs1" 16 140 71.7239406863275 31.0049988901178 -28.3232299385731 "segment_07_pts_140-156" -5.96108845577777 209.313127327342 "amont"
45 "045_fs1" 16 157 82.959957322309 24.7984814086997 -50.173324641067 "segment_08_pts_157-170" -3.8385074599289 213.130922994908 "amont"
45 "045_fs1" 16 171 88.9246853869776 17.4722425044517 -62.5580634956742 "segment_09_pts_171-179" 1.34923061286474 265.727623274247 "amont"
45 "045_fs1" 16 180 91.7465800396355 11.9608867302525 -67.5790638688574 "segment_10_pts_180-185" 1.64909199034319 294.293911617336 "amont"
45 "045_fs1" 16 186 93.343525196687 8.01844040552658 -71.752452121823 "segment_11_pts_186-190" 2.11021766275458 291.312437959227 "amont"
45 "045_fs1" 16 191 94.4424966946764 4.60301673987374 -78.3407664019649 "segment_12_pts_191-200" 3.10120736125845 303.447846531251 "amont"
45 "045_fs2" 18 1 147.692307692308 103.194669829323 -146.380623590295 "segment_01_pts_1-27" 3.88442342844326 172.355562688495 "amont"
45 "045_fs2" 18 28 131.472183091336 92.3461155185633 -138.312878876258 "segment_02_pts_28-53" -0.808114796809917 159.935699817836 "amont"
45 "045_fs2" 18 54 117.562145731214 79.9021010120384 -132.756203193887 "segment_03_pts_54-76" -4.16491300668872 163.026795319929 "amont"
45 "045_fs2" 18 77 106.222400349266 67.5896438552502 -129.793208881552 "segment_04_pts_77-98" -7.3835928438547 169.203678893562 "amont"
45 "045_fs2" 18 99 96.066285682081 55.4455009071159 -136.605008500686 "segment_05_pts_99-119" -3.30084029071102 188.92533426014 "amont"
45 "045_fs2" 18 120 84.9916249265725 45.0430325781431 -144.356249368262 "segment_06_pts_120-139" -3.78608184894236 226.603323797374 "amont"
45 "045_fs2" 18 140 73.2282662606661 36.6698090683308 -151.777202220754 "segment_07_pts_140-156" -3.97412498903324 284.275992272619 "amont"
45 "045_fs2" 18 157 62.2981756384891 30.8529262636949 -158.064575024949 "segment_08_pts_157-170" -4.47327337994761 263.918535626537 "amont"
45 "045_fs2" 18 171 52.8961319604198 27.1060636077688 -162.981910643291 "segment_09_pts_171-179" -6.28542902806262 340.118629434973 "amont"
45 "045_fs2" 18 180 46.7457828001031 25.2519100758562 -166.657983637078 "segment_10_pts_180-185" -8.02999846641512 424.63124348086 "amont"
45 "045_fs2" 18 186 42.5436556367629 24.2748282651628 -169.430289032126 "segment_11_pts_186-190" -9.86998724580545 481.977119099492 "amont"
45 "045_fs2" 18 191 38.9812768400691 23.6264339297862 -173.267108199865 "segment_12_pts_191-200" -0.457786647579297 488.643045299724 "amont"
45 "045_fs3" 16 1 127.472527472527 -96.6143750666791 133.86464139395 "segment_01_pts_1-27" -1.51570911200386 183.843277485516 "amont"
45 "045_fs3" 16 28 114.078978456308 -82.7176291574891 142.78125163065 "segment_02_pts_28-53" -0.632208689303241 185.312918105702 "amont"
45 "045_fs3" 16 54 99.3161894518059 -71.6547556109667 156.96113445039 "segment_03_pts_54-76" 3.3178604874343 188.714909316317 "amont"
45 "045_fs3" 16 77 84.1892170250076 -65.2421813431037 157.584192104792 "segment_04_pts_77-98" 5.7232660340909 221.533986303667 "amont"
45 "045_fs3" 16 99 69.5662791679674 -59.1722344677462 149.044891231978 "segment_05_pts_99-119" 8.02038482226411 229.784473027999 "amont"
45 "045_fs3" 16 120 56.8022705339797 -51.4335944156466 133.578140005129 "segment_06_pts_120-139" 7.77269871905014 210.604609646429 "amont"
45 "045_fs3" 16 140 47.0819750033123 -41.0261533634558 114.241868829927 "segment_07_pts_140-156" 15.6523172292847 241.056520699497 "amont"
45 "045_fs3" 16 157 42.2785102743664 -29.7853258310688 88.1895445052914 "segment_08_pts_157-170" -2.37094962270132 223.709511023279 "amont"
45 "045_fs3" 16 171 42.6199545162524 -19.7973292941521 85.1187552709191 "segment_09_pts_171-179" 8.23986897453507 231.474223024723 "amont"
45 "045_fs3" 16 180 43.1999549551384 -13.4264772083968 75.3651928203718 "segment_10_pts_180-185" 7.61507966189686 215.311043346306 "amont"
45 "045_fs3" 16 186 44.3490443328567 -9.32428219097494 65.1999703189236 "segment_11_pts_186-190" 3.53735856618247 220.699042907589 "amont"
45 "045_fs3" 16 191 45.9148700652913 -6.04638679411013 56.2036285113019 "segment_12_pts_191-200" 2.33280578555597 225.556511882629 "amont"
46 "046_fs1" 19 1 0 25.7226000736718 -36.9690017100818 "segment_01_pts_1-27" -6.15656544200917 157.73606209804 "amont"
46 "046_fs1" 19 28 16.9237698755708 12.9030455172156 -44.9475807727717 "segment_02_pts_28-53" 2.25420240558294 161.542392473621 "amont"
46 "046_fs1" 19 54 31.6992182805074 -1.90869676150106 -49.9245052919502 "segment_03_pts_54-76" 6.11477653967628 156.873611374553 "amont"
46 "046_fs1" 19 77 43.4135967257848 -15.8411517531802 -49.6858471784397 "segment_04_pts_77-98" 2.96917644624364 162.891064428697 "amont"
46 "046_fs1" 19 99 54.6340879357908 -29.0647310123671 -50.3766754730137 "segment_05_pts_99-119" 0.520347231303397 229.392330849317 "amont"
46 "046_fs1" 19 120 65.2940909550326 -41.963042583169 -52.6553321079542 "segment_06_pts_120-139" 5.65290321390954 232.166077502816 "amont"
46 "046_fs1" 19 140 75.0012655316854 -54.6361789591223 -43.4356581949281 "segment_07_pts_140-156" 14.4443102793521 359.446119426808 "amont"
46 "046_fs1" 19 157 84.7994545179984 -63.7565335789806 -29.5935826656854 "segment_08_pts_157-170" 15.4128093527934 326.248782405667 "amont"
46 "046_fs1" 19 171 94.5746615011202 -69.2272043249909 -21.4347397697611 "segment_09_pts_171-179" 14.7813487684274 359.915924342429 "amont"
46 "046_fs1" 19 180 101.143264046799 -71.7570472973435 -15.8447969056166 "segment_10_pts_180-185" 13.466232743534 305.521485396941 "amont"
46 "046_fs1" 19 186 105.692987553277 -73.0164665332875 -11.7992952464764 "segment_11_pts_186-190" 11.4912246094134 313.304258391965 "amont"
46 "046_fs1" 19 191 109.594286493188 -73.8057916859263 -6.49480031293901 "segment_12_pts_191-200" 3.22122372358925 380.410259270978 "amont"
46 "046_fs2" 15 1 0 -56.8459112877629 4.90972633413353 "segment_01_pts_1-27" -4.98887648812944 136.271753830116 "amont"
46 "046_fs2" 15 28 22.4878398465304 -55.0296310312414 -6.11602548858454 "segment_02_pts_28-53" 0.495867987339563 127.318452113021 "amont"
46 "046_fs2" 15 54 44.0628000212449 -57.3520038069054 -3.78935915870185 "segment_03_pts_54-76" 1.83975687855399 157.897735818126 "amont"
46 "046_fs2" 15 77 63.1602843112425 -58.5509361900714 5.58398021318442 "segment_04_pts_77-98" -6.52446812142801 170.054904760515 "amont"
46 "046_fs2" 15 99 81.533346239279 -56.6814638301383 15.566325260244 "segment_05_pts_99-119" -8.59835446874826 205.37763017305 "amont"
46 "046_fs2" 15 120 98.2898421231026 -51.9426701150559 24.420596546644 "segment_06_pts_120-139" -8.23923499163916 233.920140134411 "amont"
46 "046_fs2" 15 140 113.558051313591 -44.9434387061124 31.8937476437857 "segment_07_pts_140-156" -7.45948898008382 225.381651120346 "amont"
46 "046_fs2" 15 157 125.653790491199 -37.3667830360945 39.0883618778156 "segment_08_pts_157-170" -5.68231031901132 278.245108428264 "amont"
46 "046_fs2" 15 171 134.67575864236 -29.9229809824863 49.7709654029977 "segment_09_pts_171-179" 1.16732809971585 296.266378527604 "amont"
46 "046_fs2" 15 180 139.291438986508 -24.3967464875317 55.1690468617096 "segment_10_pts_180-185" 4.30391197602032 289.44756009798 "amont"
46 "046_fs2" 15 186 142.077691880136 -20.3348182285134 59.4415066457175 "segment_11_pts_186-190" 7.03881470093458 305.156953584807 "amont"
46 "046_fs2" 15 191 144.191244825184 -16.695573030164 65.7958527910842 "segment_12_pts_191-200" 11.4667312059511 302.710103065097 "amont"
46 "046_fs3" 17 1 2.4344885883346 -31.0237231418312 -56.8403893080574 "segment_01_pts_1-27" 1.88096416853874 209.932658162177 "amont"
46 "046_fs3" 17 28 13.9353446882314 -48.5927226305086 -51.8842078142109 "segment_02_pts_28-53" 8.14502097725234 178.701610602594 "amont"
46 "046_fs3" 17 54 27.0074138367638 -65.1177221311262 -35.0117143955893 "segment_03_pts_54-76" 10.0070739049388 153.282241685181 "amont"
46 "046_fs3" 17 77 41.6400822387052 -75.1578046327804 -13.8121445761744 "segment_04_pts_77-98" 8.68111853193436 159.080397743686 "amont"
46 "046_fs3" 17 99 58.614712596891 -79.2110124633531 2.86349512726838 "segment_05_pts_99-119" -10.945871074958 191.653267593396 "amont"
46 "046_fs3" 17 120 75.6240361889055 -78.2359220826807 22.2895282732298 "segment_06_pts_120-139" -6.78073494597322 204.719423553544 "amont"
46 "046_fs3" 17 140 89.7896644930113 -72.2871044323636 38.7097889445899 "segment_07_pts_140-156" -4.33105067470576 249.6009486823 "amont"
46 "046_fs3" 17 157 100.433952749847 -63.6317846911662 51.8318610066851 "segment_08_pts_157-170" 0.193312697567556 203.63867271908 "amont"
46 "046_fs3" 17 171 107.298274924441 -54.7602745890545 60.099756901366 "segment_09_pts_171-179" 0.959219670140612 213.94031336391 "amont"
46 "046_fs3" 17 180 110.855182287468 -48.516085423897 63.6326833572371 "segment_10_pts_180-185" -1.08890869750757 239.036743574054 "amont"
46 "046_fs3" 17 186 112.966882340309 -44.209628586746 66.395747776727 "segment_11_pts_186-190" -1.61369675601613 243.072297738685 "amont"
46 "046_fs3" 17 191 114.536688617034 -40.5717193871431 70.5672976513019 "segment_12_pts_191-200" -1.85678770246041 319.519409886071 "amont"
167 "167_fs1" 17 1 0 -97.3798886616451 83.6272573778948 "segment_01_pts_1-27" -1.23133818921734 146.023060928818 "aval"
167 "167_fs1" 17 28 2.11496929237711 -78.4468154972586 83.5798157852746 "segment_02_pts_28-53" -0.0661172804980765 129.557282125004 "aval"
167 "167_fs1" 17 54 4.13369657107992 -60.5070859354479 83.5844384866208 "segment_03_pts_54-76" 0.785571883784982 158.393056061886 "aval"
167 "167_fs1" 17 77 5.90604257734915 -44.7430494001836 83.214089211512 "segment_04_pts_77-98" 1.48720019744374 190.710404476194 "aval"
167 "167_fs1" 17 99 7.70669439496268 -29.6479797033131 83.1586690002701 "segment_05_pts_99-119" 2.38197017492573 210.888450904535 "aval"
167 "167_fs1" 17 120 9.4401318778296 -15.1313943664795 85.0736001590641 "segment_06_pts_120-139" 4.41732353910822 225.555007464524 "aval"
167 "167_fs1" 17 140 10.6268741149273 -1.12810776181846 87.8063127054523 "segment_07_pts_140-156" 5.78839612451411 267.031125410362 "aval"
167 "167_fs1" 17 157 11.0833316619917 10.8397230434999 86.7865368291053 "segment_08_pts_157-170" 8.33690643866608 306.677005959192 "aval"
167 "167_fs1" 17 171 11.6439350406882 20.4175786658287 75.7391748202288 "segment_09_pts_171-179" 10.0823831413484 311.699900256402 "aval"
167 "167_fs1" 17 180 13.2420248405384 26.2962441406639 62.9647749355059 "segment_10_pts_180-185" 13.1047879507642 262.875936423125 "aval"
167 "167_fs1" 17 186 15.2104554865009 30.0482557291184 56.5054603189179 "segment_11_pts_186-190" 15.3107780201913 287.860282683405 "aval"
167 "167_fs1" 17 191 17.234214742518 33.0534292544989 50.8900928849176 "segment_12_pts_191-200" 18.8457250039403 348.304103746674 "aval"
167 "167_fs2" 14 1 0 -77.8799686765764 43.4662199272944 "segment_01_pts_1-27" 2.75857296601053 126.006715085883 "aval"
167 "167_fs2" 14 28 14.1218734939139 -64.5064577678653 42.2410754780116 "segment_02_pts_28-53" -0.0865675963321877 121.21910498013 "aval"
167 "167_fs2" 14 54 27.8409639760699 -52.0567261811761 41.4636223796482 "segment_03_pts_54-76" -1.05238190710223 134.630332410729 "aval"
167 "167_fs2" 14 77 40.0710270718042 -41.2538051234841 41.1555286592295 "segment_04_pts_77-98" -0.556816824124446 135.771345833397 "aval"
167 "167_fs2" 14 99 51.8148864922461 -30.9903278951339 41.0089043378632 "segment_05_pts_99-119" 0.837039742164265 169.810264095105 "aval"
167 "167_fs2" 14 120 63.1213743485158 -21.1594985665114 40.9290177287328 "segment_06_pts_120-139" 3.82140778709517 218.669475812023 "aval"
167 "167_fs2" 14 140 74.0522282791817 -11.6815336854899 40.8804438930675 "segment_07_pts_140-156" 8.0065327690306 218.80359901765 "aval"
167 "167_fs2" 14 157 83.352145773728 -3.65073120743091 36.7968959207915 "segment_08_pts_157-170" 8.57726734987512 253.261877704732 "aval"
167 "167_fs2" 14 171 91.339418836676 2.26387345728489 29.5745256036664 "segment_09_pts_171-179" 5.29976525028617 292.744878761637 "aval"
167 "167_fs2" 14 180 96.9366645985416 5.38898569102912 23.4335684172611 "segment_10_pts_180-185" 1.77787645705356 308.279729099003 "aval"
167 "167_fs2" 14 186 100.898138711505 7.06962777729905 18.4271075032363 "segment_11_pts_186-190" -1.2723113419534 299.046112205456 "aval"
167 "167_fs2" 14 191 104.322020003632 8.17835900148009 10.8114444067996 "segment_12_pts_191-200" -6.14974089128617 309.541806509992 "aval"
167 "167_fs3" 14 1 101.978021978022 -138.521688281236 100.728090364068 "segment_01_pts_1-27" 2.91181319682565 147.695593258311 "aval"
167 "167_fs3" 14 28 98.3516924361464 -119.300655929389 97.7027809176712 "segment_02_pts_28-53" -0.396300550033516 131.184573095115 "aval"
167 "167_fs3" 14 54 95.852620124755 -100.61551292817 93.9834519227032 "segment_03_pts_54-76" -4.28959662067054 144.753080981221 "aval"
167 "167_fs3" 14 77 94.7086864614969 -83.9982622224688 92.5942868859777 "segment_04_pts_77-98" -5.20687881089329 163.73184233058 "aval"
167 "167_fs3" 14 99 93.9871289517329 -68.0719614663067 93.1778412591997 "segment_05_pts_99-119" -5.61968884525913 167.826693251612 "aval"
167 "167_fs3" 14 120 93.1322551983687 -52.8796819250014 95.8177902507857 "segment_06_pts_120-139" -5.65308807946664 196.020135657029 "aval"
167 "167_fs3" 14 140 91.6276549286357 -38.4580012698974 100.889797773776 "segment_07_pts_140-156" -5.54908371416592 236.120862581165 "aval"
167 "167_fs3" 14 157 89.2695774891665 -26.337255429103 104.457826572533 "segment_08_pts_157-170" -6.53219357854812 253.689628687945 "aval"
167 "167_fs3" 14 171 86.7149483634685 -16.5649662099199 109.511152760195 "segment_09_pts_171-179" -4.23992999439425 265.336983937501 "aval"
167 "167_fs3" 14 180 84.5103980045591 -10.4266411766898 113.020384480767 "segment_10_pts_180-185" -2.26104961833312 228.049258905985 "aval"
167 "167_fs3" 14 186 82.7868759935605 -6.41082252858189 115.223506020817 "segment_11_pts_186-190" -1.05034693798468 226.20131738323 "aval"
167 "167_fs3" 14 191 81.2223815781732 -3.11683177153827 117.743012597083 "segment_12_pts_191-200" 0.293942897259754 250.466886321604 "aval"
168 "168_fs1" 16 1 290.853761622992 -97.9676286922414 161.194465191818 "segment_01_pts_1-27" -2.10214333147923 181.678146320762 "aval"
168 "168_fs1" 16 28 263.941848177605 -88.8005229487907 161.62490056677 "segment_02_pts_28-53" 0.573744258764293 156.402319367276 "aval"
168 "168_fs1" 16 54 237.686417948364 -80.0973060701551 163.946150034575 "segment_03_pts_54-76" 2.21078656128776 178.38264182031 "aval"
168 "168_fs1" 16 77 214.172317103751 -73.3632868057053 167.758392013407 "segment_04_pts_77-98" 2.99881180757203 210.063824210255 "aval"
168 "168_fs1" 16 99 191.447947013609 -68.4781635195835 172.606662268562 "segment_05_pts_99-119" 2.76319438390036 246.37638587536 "aval"
168 "168_fs1" 16 120 169.410180190132 -65.6470661237441 173.185278308697 "segment_06_pts_120-139" 1.50064656039478 272.959355568655 "aval"
168 "168_fs1" 16 140 148.411029972938 -63.0958885676323 167.689059788381 "segment_07_pts_140-156" 3.01850592446817 330.703758666219 "aval"
168 "168_fs1" 16 157 130.602624809343 -59.1336583137725 159.02711221078 "segment_08_pts_157-170" 4.8505863421255 298.131172641868 "aval"
168 "168_fs1" 16 171 116.45495669773 -53.5930994822622 148.124120702582 "segment_09_pts_171-179" 4.60471531949113 321.774245242144 "aval"
168 "168_fs1" 16 180 108.579222114082 -48.5758547565118 138.338537698113 "segment_10_pts_180-185" 4.87607939393953 368.921963289496 "aval"
168 "168_fs1" 16 186 104.078068375047 -44.4818566505684 131.561555909931 "segment_11_pts_186-190" 4.52221693910853 388.727501125613 "aval"
168 "168_fs1" 16 191 100.676650763765 -40.5633254883295 122.931840880235 "segment_12_pts_191-200" 4.14229841646264 412.625590248169 "aval"
168 "168_fs2" 15 1 217.480980557904 -111.239664753328 104.732549930185 "segment_01_pts_1-27" 4.35064268894691 211.683486228723 "aval"
168 "168_fs2" 15 28 210.114857134913 -83.0285778278668 98.538882336632 "segment_02_pts_28-53" -3.2477421796974 175.505374037455 "aval"
168 "168_fs2" 15 54 205.982212261978 -55.0118256102065 93.0743883588373 "segment_03_pts_54-76" -10.151986137681 169.363101091895 "aval"
168 "168_fs2" 15 77 204.647582420791 -30.0579790660407 95.1113415709807 "segment_04_pts_77-98" -12.2232148713405 182.58021933923 "aval"
168 "168_fs2" 15 99 202.39273426007 -6.47497555539383 117.003501827815 "segment_05_pts_99-119" -0.930794664088026 220.729810581601 "aval"
168 "168_fs2" 15 120 191.45733396967 14.4952517152925 135.563097337695 "segment_06_pts_120-139" -8.47813162279235 215.192744126623 "aval"
168 "168_fs2" 15 140 175.493365238655 29.9650116695177 153.752200359576 "segment_07_pts_140-156" -10.4510503210228 265.201899720325 "aval"
168 "168_fs2" 15 157 159.649527140861 37.548440329472 170.124504260244 "segment_08_pts_157-170" -2.53050929906789 360.688611029453 "aval"
168 "168_fs2" 15 171 143.947196686263 40.1858606068223 177.533386882183 "segment_09_pts_171-179" -0.13006657512085 272.933047565998 "aval"
168 "168_fs2" 15 180 134.189287777643 40.5589223757513 -178.45113098897 "segment_10_pts_180-185" -0.871084688327556 350.083850424035 "aval"
168 "168_fs2" 15 186 127.738230636094 40.3587184552951 -176.080786259082 "segment_11_pts_186-190" -1.38621398138417 412.436225780786 "aval"
168 "168_fs2" 15 191 122.329644532158 39.9706733559152 -173.692077263893 "segment_12_pts_191-200" -1.72303281941404 487.323322926634 "aval"
168 "168_fs3" 11 1 175.891800507185 -87.1975604896826 96.1115257921234 "segment_01_pts_1-27" -4.56498526729412 152.790206299904 "aval"
168 "168_fs3" 11 28 173.001257585949 -60.9701350510076 103.247409539595 "segment_02_pts_28-53" -7.54005250609535 143.72505690609 "aval"
168 "168_fs3" 11 54 166.538805801994 -33.6940945204478 114.758129243513 "segment_03_pts_54-76" -11.2821351927509 140.659259907261 "aval"
168 "168_fs3" 11 77 156.12186286636 -11.5995769909773 134.240918070724 "segment_04_pts_77-98" -11.4286668611283 137.248164583364 "aval"
168 "168_fs3" 11 99 140.029064178614 4.72212395489947 154.48522965227 "segment_05_pts_99-119" -14.0430136878091 156.503473940483 "aval"
168 "168_fs3" 11 120 121.02705776027 13.5421826938918 175.118903615259 "segment_06_pts_120-139" 5.39506392351279 188.039856175484 "aval"
168 "168_fs3" 11 140 99.3529665208781 15.2365955206446 -167.978714985543 "segment_07_pts_140-156" 17.2175895207018 225.436722040148 "aval"
168 "168_fs3" 11 157 83.3510748961292 11.6866841830162 -153.293103843459 "segment_08_pts_157-170" 9.72914556680587 222.191141433381 "aval"
168 "168_fs3" 11 171 71.1198407902943 5.41585959781031 -143.76980308973 "segment_09_pts_171-179" 1.02336419258214 273.640058395828 "aval"
168 "168_fs3" 11 180 63.5949576802194 -0.176116528946636 -138.206191659705 "segment_10_pts_180-185" -5.98339383082256 295.158836805606 "aval"
168 "168_fs3" 11 186 58.7385035263939 -4.57138727344989 -134.454256710246 "segment_11_pts_186-190" -11.4722071530482 282.375879009709 "aval"
168 "168_fs3" 11 191 54.7948626663739 -8.63713995307182 -129.76448020058 "segment_12_pts_191-200" -19.7188522132914 265.299012909994 "aval"
170 "170_fs1" 13 1 90.7072414764724 96.5512432328151 -106.965840431281 "segment_01_pts_1-27" 5.17879083932463 76.8672087895697 "aval"
170 "170_fs1" 13 28 85.9649963104191 80.8771582527418 -100.231969043967 "segment_02_pts_28-53" 0.244413238542705 76.7906970370117 "aval"
170 "170_fs1" 13 54 83.1857993781161 65.3664398280433 -96.8138704059596 "segment_03_pts_54-76" -1.94244957788652 90.1595691957484 "aval"
170 "170_fs1" 13 77 81.5478421764243 51.5224696937645 -93.7229663608417 "segment_04_pts_77-98" -3.27672922764144 118.987928255792 "aval"
170 "170_fs1" 13 99 80.695932883085 38.294754258609 -93.5232856838004 "segment_05_pts_99-119" -2.84368175186978 135.115366919204 "aval"
170 "170_fs1" 13 120 79.8967164727735 25.5518141120063 -97.5366242903801 "segment_06_pts_120-139" -2.35226500323718 155.927891335371 "aval"
170 "170_fs1" 13 140 78.2366169900732 13.2555702930712 -103.592329692445 "segment_07_pts_140-156" -7.22040243192103 227.642222610514 "aval"
170 "170_fs1" 13 157 75.7735020662565 3.21623731023783 -111.203244021901 "segment_08_pts_157-170" -11.5498046561952 274.91008333963 "aval"
170 "170_fs1" 13 171 72.768102143844 -4.28347598682342 -126.985803793936 "segment_09_pts_171-179" -6.65116679612818 257.68589041025 "aval"
170 "170_fs1" 13 180 69.4666390271613 -8.55740535890294 -136.696649387864 "segment_10_pts_180-185" -7.61759721818541 293.167319999867 "aval"
170 "170_fs1" 13 186 66.7027846415131 -11.1116667708871 -142.576106260741 "segment_11_pts_186-190" -15.0374386573299 324.62279616388 "aval"
170 "170_fs1" 13 191 64.1431635249108 -13.0358759407067 -149.511932191739 "segment_12_pts_191-200" -22.1406353262532 365.657359762067 "aval"
170 "170_fs2" 10 1 43.9560439560439 -68.8778768962703 118.074862606516 "segment_01_pts_1-27" 6.21631974458846 139.778159888655 "aval"
170 "170_fs2" 10 28 36.4870211077253 -54.7112759377507 105.19710057375 "segment_02_pts_28-53" 8.99985509273922 110.323223926975 "aval"
170 "170_fs2" 10 54 32.51590811249 -39.918047879538 89.9644734670986 "segment_03_pts_54-76" 7.36337949718188 139.294770333452 "aval"
170 "170_fs2" 10 77 32.673747151075 -26.3456114297876 67.5304109720981 "segment_04_pts_77-98" -4.61292338332312 142.854650383022 "aval"
170 "170_fs2" 10 99 37.6884204268773 -14.3530291013048 47.1245160516661 "segment_05_pts_99-119" 1.98264045964689 143.478869258049 "aval"
170 "170_fs2" 10 120 46.1134423092016 -5.42996419749853 34.9076028700453 "segment_06_pts_120-139" 1.29905980610383 150.631695327547 "aval"
170 "170_fs2" 10 140 56.0262871007702 1.48780715991904 33.2047752050227 "segment_07_pts_140-156" -4.92403761085378 184.113801885842 "aval"
170 "170_fs2" 10 157 64.5143618827549 7.05500750677616 38.3948786182732 "segment_08_pts_157-170" -4.24142174647944 164.701376922156 "aval"
170 "170_fs2" 10 171 70.7523569145894 12.052801546409 45.2848557807449 "segment_09_pts_171-179" -1.20455878996194 182.911888941176 "aval"
170 "170_fs2" 10 180 74.3317518021778 15.7066376500965 49.9701919741645 "segment_10_pts_180-185" 0.514017243706718 200.403808332204 "aval"
170 "170_fs2" 10 186 76.5760327774661 18.4111558880112 53.7683405264364 "segment_11_pts_186-190" 1.99843875657889 237.002753369887 "aval"
170 "170_fs2" 10 191 78.3478366198199 20.8614931693068 59.2422393701742 "segment_12_pts_191-200" 4.21950396796334 249.499995687825 "aval"
170 "170_fs3" 15 1 110.363482671175 -51.8389855124053 148.708789986737 "segment_01_pts_1-27" 1.7061798960994 206.226504912961 "aval"
170 "170_fs3" 15 28 96.1969408247199 -43.2995319798908 158.847168473007 "segment_02_pts_28-53" -1.66311353195456 195.690157300089 "aval"
170 "170_fs3" 15 54 81.6023279110459 -37.6922611440307 163.523830791602 "segment_03_pts_54-76" -1.12175562377797 222.301165617388 "aval"
170 "170_fs3" 15 77 68.1427957235911 -33.7142291563181 162.730205721309 "segment_04_pts_77-98" 5.12957350991491 248.657458594821 "aval"
170 "170_fs3" 15 99 55.191478791088 -29.6529209075008 151.087736322734 "segment_05_pts_99-119" 8.06229617268653 267.906915871999 "aval"
170 "170_fs3" 15 120 44.3375583161942 -23.5441431716318 135.080560350778 "segment_06_pts_120-139" 8.14030820944117 274.40428365372 "aval"
170 "170_fs3" 15 140 35.3986005771198 -14.4855389483447 111.503296321495 "segment_07_pts_140-156" 9.54932255176361 264.08905292805 "aval"
170 "170_fs3" 15 157 31.8147228823115 -5.01685761154044 96.6317724780938 "segment_08_pts_157-170" 0.234527094621413 227.261990798651 "aval"
170 "170_fs3" 15 171 30.8524513069232 3.4224356690876 93.5290314684717 "segment_09_pts_171-179" 2.58150519371901 266.317121776157 "aval"
170 "170_fs3" 15 180 30.5277587884327 8.94178472780507 90.9692175913673 "segment_10_pts_180-185" 19.9349542034774 327.914765924412 "aval"
170 "170_fs3" 15 186 30.4904475773394 12.5957397571981 82.544034759661 "segment_11_pts_186-190" 26.4659156388007 315.761831529817 "aval"
170 "170_fs3" 15 191 30.9375485953271 15.5970161504569 71.9930221692876 "segment_12_pts_191-200" 27.2558912208377 283.351198891464 "aval"
171 "171_fs1" 14 1 19.9041983657369 -128.162752794843 27.9163130001837 "segment_01_pts_1-27" 4.37338000263064 262.173990172768 "aval"
171 "171_fs1" 14 28 38.6180977817488 -118.263600833764 25.8350121598054 "segment_02_pts_28-53" 1.42682231786194 204.915766333464 "aval"
171 "171_fs1" 14 54 56.9673296981497 -109.396828277524 23.6726112923925 "segment_03_pts_54-76" -2.00311988698418 203.086189736923 "aval"
171 "171_fs1" 14 77 73.5807358251868 -102.126573021761 22.156897786312 "segment_04_pts_77-98" -5.31074179037759 229.620214785532 "aval"
171 "171_fs1" 14 99 89.4063303383404 -95.6954763647771 21.7263582816366 "segment_05_pts_99-119" -13.6388746176212 282.871758089471 "aval"
171 "171_fs1" 14 120 104.935946084894 -89.4774722965632 28.3213805718404 "segment_06_pts_120-139" -24.3438090611188 286.297931380537 "aval"
171 "171_fs1" 14 140 118.762545117307 -81.9295537317707 39.2671100414066 "segment_07_pts_140-156" -35.1268505310878 369.756016235064 "aval"
171 "171_fs1" 14 157 129.449704243402 -73.0682189426384 75.7978011673055 "segment_08_pts_157-170" -24.0196001221096 309.264979311432 "aval"
171 "171_fs1" 14 171 131.71034094111 -63.3706854599179 90 "segment_09_pts_171-179" -23.2726097347662 321.751369731095 "aval"
171 "171_fs1" 14 180 131.71034094111 -56.1936868583495 90 "segment_10_pts_180-185" -33.3027492568971 335.095736332744 "aval"
171 "171_fs1" 14 186 131.71034094111 -51.2808105108874 91.7769312143815 "segment_11_pts_186-190" -39.2986145569024 362.95370114733 "aval"
171 "171_fs1" 14 191 131.555499442657 -47.2333348549736 96.1840232472609 "segment_12_pts_191-200" -45.6624466107257 398.885304707618 "aval"
171 "171_fs2" 18 1 50.8387339156569 111.288984805634 -94.4084302450438 "segment_01_pts_1-27" 1.49660759847083 183.38651231936 "aval"
171 "171_fs2" 18 28 49.3552459656102 92.0735722469759 -94.6959489650956 "segment_02_pts_28-53" -0.074697432299601 188.927083699134 "aval"
171 "171_fs2" 18 54 47.8447695431049 73.6667244595192 -94.5676553448288 "segment_03_pts_54-76" -2.71113976999145 197.132242161728 "aval"
171 "171_fs2" 18 77 46.5368938464992 57.3696399608585 -96.2947311906269 "segment_04_pts_77-98" -3.3856209156133 201.354219121937 "aval"
171 "171_fs2" 18 99 44.788943839967 41.6949078205656 -99.4486575246668 "segment_05_pts_99-119" -3.29686835409495 227.131338812846 "aval"
171 "171_fs2" 18 120 42.2806733743022 26.762942855487 -103.343207043008 "segment_06_pts_120-139" -2.72525381344853 252.296203344431 "aval"
171 "171_fs2" 18 140 38.968549388332 12.9197961481454 -108.372592875933 "segment_07_pts_140-156" -1.92908998728713 335.091125808291 "aval"
171 "171_fs2" 18 157 35.1786894939926 1.70777930353267 -118.709829493261 "segment_08_pts_157-170" 4.29050347699881 333.729307071288 "aval"
171 "171_fs2" 18 171 30.3522031872915 -6.98223653797845 -125.999111737784 "segment_09_pts_171-179" 7.10905582207967 390.95434218622 "aval"
171 "171_fs2" 18 180 26.4869962239538 -12.2493741248963 -129.945382286291 "segment_10_pts_180-185" 8.29482909598369 403.742812817854 "aval"
171 "171_fs2" 18 186 23.6544652542583 -15.6030225903166 -132.507988816531 "segment_11_pts_186-190" 8.96162520488149 379.902787493753 "aval"
171 "171_fs2" 18 191 21.1696837326964 -18.2933240270439 -135.613316303892 "segment_12_pts_191-200" 9.64109064044784 420.867535982435 "aval"
171 "171_fs3" 13 1 51.0791772330235 -114.578437509427 8.68583977033199 "segment_01_pts_1-27" -21.8876563689542 207.785073827919 "aval"
171 "171_fs3" 13 28 71.4856269329177 -111.432134309541 16.5022643400805 "segment_02_pts_28-53" -20.6505597698266 198.538740217153 "aval"
171 "171_fs3" 13 54 90.5788037039894 -105.661370964634 37.1953028346659 "segment_03_pts_54-76" -13.3565497245943 179.04986957569 "aval"
171 "171_fs3" 13 77 104.067944325909 -95.2689854949959 54.8313947128513 "segment_04_pts_77-98" -14.8483353601332 175.022358922114 "aval"
171 "171_fs3" 13 99 113.929557569294 -81.0380704494668 73.0448689844065 "segment_05_pts_99-119" -8.70724142954637 179.706627130896 "aval"
171 "171_fs3" 13 120 118.550726024048 -65.6853087076119 84.6863827512467 "segment_06_pts_120-139" -9.95920491913058 193.740450628694 "aval"
171 "171_fs3" 13 140 119.840374514633 -50.5605685785874 98.4125953676219 "segment_07_pts_140-156" -2.59858979656856 229.929782235307 "aval"
171 "171_fs3" 13 157 117.897713124694 -37.7273485529781 103.546456981867 "segment_08_pts_157-170" -5.70455989768304 243.269754759608 "aval"
171 "171_fs3" 13 171 115.359644347643 -27.4374527937875 111.279668348875 "segment_09_pts_171-179" 0.548588344998507 202.044719905443 "aval"
171 "171_fs3" 13 180 112.828114360555 -21.0548332098338 116.393940061242 "segment_10_pts_180-185" 8.5666946169287 247.007645442022 "aval"
171 "171_fs3" 13 186 110.754435501423 -16.9320964797516 119.67585723158 "segment_11_pts_186-190" 12.5823328327961 287.284627976848 "aval"
171 "171_fs3" 13 191 108.828904961782 -13.5905660454023 123.582253959977 "segment_12_pts_191-200" 17.3855543864757 282.842461962663 "aval"
172 "172_fs1" 11 1 49.5914342068189 -82.1348394523755 116.864775878979 "segment_01_pts_1-27" -1.55424730811929 156.836431498101 "aval"
172 "172_fs1" 11 28 43.9110316546349 -70.9208145537449 117.088870055763 "segment_02_pts_28-53" -0.637361025889163 140.065167008684 "aval"
172 "172_fs1" 11 54 38.2612256188747 -59.8772916099927 117.44887683181 "segment_03_pts_54-76" -0.342295722604788 154.178024428573 "aval"
172 "172_fs1" 11 77 33.2468853041978 -50.2426984282362 121.007953873127 "segment_04_pts_77-98" -0.0718284554954067 155.163851690611 "aval"
172 "172_fs1" 11 99 27.9117695593925 -41.4200584378171 127.668296158597 "segment_05_pts_99-119" -1.8198731503949 195.806263445774 "aval"
172 "172_fs1" 11 120 21.8161891621296 -33.5602267065696 132.610226610365 "segment_06_pts_120-139" 0.112092249916259 240.615503681719 "aval"
172 "172_fs1" 11 140 15.4455492597236 -26.6804040118126 136.611499870916 "segment_07_pts_140-156" 10.5697977187916 258.592097255468 "aval"
172 "172_fs1" 11 157 9.5018050311474 -21.0369860916773 128.903363557856 "segment_08_pts_157-170" 9.16239878258777 282.8810910484 "aval"
172 "172_fs1" 11 171 5.57607082428592 -16.0993125341495 120.590669998056 "segment_09_pts_171-179" 17.7527029351363 263.773177640003 "aval"
172 "172_fs1" 11 180 3.54081816628178 -12.6176377989407 116.275305561352 "segment_10_pts_180-185" 17.772826093349 277.794574970085 "aval"
172 "172_fs1" 11 186 2.31974867840674 -10.1095525149388 112.782571233335 "segment_11_pts_186-190" 16.3457472656735 303.011491524175 "aval"
172 "172_fs1" 11 191 1.39965799559485 -7.8827623966053 107.748640371894 "segment_12_pts_191-200" 15.1039303956469 326.812704191323 "aval"
172 "172_fs2" 12 1 1.98365736827282 -103.800600105603 71.5216894035291 "segment_01_pts_1-27" -11.5776145611842 177.035795100132 "aval"
172 "172_fs2" 12 28 5.76653347072158 -92.3823761028769 80.52547886376 "segment_02_pts_28-53" -6.83674850772982 158.839032904345 "aval"
172 "172_fs2" 12 54 7.64415182782574 -81.0054948238064 84.7138678925587 "segment_03_pts_54-76" -5.90491506349784 175.953468129585 "aval"
172 "172_fs2" 12 77 8.57131011941647 -70.8096780515845 90.5784787003421 "segment_04_pts_77-98" 0.696896229745974 171.599874507375 "aval"
172 "172_fs2" 12 99 8.42930141005525 -61.0847222484252 98.4755964661777 "segment_05_pts_99-119" 20.0620434121819 221.184263032181 "aval"
172 "172_fs2" 12 120 7.05452062701266 -51.8343771123471 93.3448037415973 "segment_06_pts_120-139" 8.69115319932878 173.651915267845 "aval"
172 "172_fs2" 12 140 6.56584661552972 -42.9505435808057 88.5217050365874 "segment_07_pts_140-156" -3.8535356943357 238.96039196625 "aval"
172 "172_fs2" 12 157 6.76933801125097 -35.341319798671 86.8508773379316 "segment_08_pts_157-170" -8.40307097302114 328.664620095803 "aval"
172 "172_fs2" 12 171 7.11716095100604 -29.1275203856518 85.5720457392324 "segment_09_pts_171-179" -19.3569789147003 364.144869189038 "aval"
172 "172_fs2" 12 180 7.42546141784425 -25.1970808688829 83.0005351147164 "segment_10_pts_180-185" -45.5409513121935 421.368254252358 "aval"
172 "172_fs2" 12 186 7.78523081140361 -22.616986010297 73.1773630968486 "segment_11_pts_186-190" -66.4766263746263 446.915352923576 "aval"
172 "172_fs2" 12 191 8.45345818625844 -20.4966600593697 67.013217285666 "segment_12_pts_191-200" -81.9226405201637 495.979950466367 "aval"
172 "172_fs3" 15 1 0 -134.655893867699 61.1275050118139 "segment_01_pts_1-27" -6.23157190641693 216.359679508742 "aval"
172 "172_fs3" 15 28 6.4929942293293 -122.845342133824 64.5715570253919 "segment_02_pts_28-53" -5.32002017281006 187.765004254685 "aval"
172 "172_fs3" 15 54 12.0282495374327 -111.192443643366 66.3208950969249 "segment_03_pts_54-76" -5.35744286803964 189.479665390265 "aval"
172 "172_fs3" 15 77 16.6466380101874 -100.622207180315 70.810636174289 "segment_04_pts_77-98" -3.63858885440386 157.502700764392 "aval"
172 "172_fs3" 15 99 20.2250346239219 -90.2543260707278 77.0380093779299 "segment_05_pts_99-119" -1.38960230434606 221.302082620661 "aval"
172 "172_fs3" 15 120 22.5438288595563 -80.1055629458492 80.6881960231604 "segment_06_pts_120-139" -1.27761695074494 326.561226656285 "aval"
172 "172_fs3" 15 140 24.1429641379289 -70.2547217902734 84.4654812453084 "segment_07_pts_140-156" 5.5523081128535 270.864199954064 "aval"
172 "172_fs3" 15 157 24.9461089580793 -61.8023060777849 85.7848697618733 "segment_08_pts_157-170" 19.3757557629469 361.930601175227 "aval"
172 "172_fs3" 15 171 25.4721152015062 -54.8596867640097 81.5765415657632 "segment_09_pts_171-179" 24.8274564183435 395.080918881027 "aval"
172 "172_fs3" 15 180 26.1530905511451 -50.4441151713036 76.6665237131532 "segment_10_pts_180-185" 20.4212427186368 443.187205553956 "aval"
172 "172_fs3" 15 186 26.8579042097667 -47.5334258228453 73.787111929495 "segment_11_pts_186-190" 15.0978068979886 504.600736118457 "aval"
172 "172_fs3" 15 191 27.5658665363667 -45.1332404789434 70.9495317477375 "segment_12_pts_191-200" 9.51311984019195 587.56064419577 "aval"
173 "173_fs1" 14 1 0 -26.1802908105954 1.940406800207 "segment_01_pts_1-27" 1.48190110589412 109.535221615816 "aval"
173 "173_fs1" 14 28 20.2259585468788 -25.5421478211799 -3.9343266542726 "segment_02_pts_28-53" 2.87056867742371 125.041242072896 "aval"
173 "173_fs1" 14 54 39.7024959954893 -26.9033669387816 -6.07655287960099 "segment_03_pts_54-76" 5.36383311659234 103.919111818817 "aval"
173 "173_fs1" 14 77 56.9315369414516 -28.7376412641351 -5.24192963558805 "segment_04_pts_77-98" 4.1298730956266 115.568092749314 "aval"
173 "173_fs1" 14 99 73.4552815313533 -30.2367466742481 -1.97790500455816 "segment_05_pts_99-119" -2.24252709888679 181.9635232106 "aval"
173 "173_fs1" 14 120 89.1933089434052 -30.7488501845204 3.44335211730925 "segment_06_pts_120-139" -5.00122009173314 144.199944623148 "aval"
173 "173_fs1" 14 140 104.111016048961 -29.8075528267165 10.1242287014896 "segment_07_pts_140-156" -3.46634943358376 197.220433643264 "aval"
173 "173_fs1" 14 157 116.807156763262 -27.4902158035824 17.555018248476 "segment_08_pts_157-170" -1.71958644380523 192.670935952618 "aval"
173 "173_fs1" 14 171 126.784231264677 -24.2787322863121 24.4630414398328 "segment_09_pts_171-179" 0.0404897756656943 196.359926972881 "aval"
173 "173_fs1" 14 180 132.811038646558 -21.4968265173158 29.2062779305838 "segment_10_pts_180-185" 1.11157958563552 255.967947407883 "aval"
173 "173_fs1" 14 186 136.689250471051 -19.3001008076651 32.7413984309135 "segment_11_pts_186-190" 1.92631118669497 305.242872785137 "aval"
173 "173_fs1" 14 191 139.841932426225 -17.2476863451373 37.5440146442513 "segment_12_pts_191-200" 3.06083575958468 348.368717077828 "aval"
173 "173_fs2" 12 1 27.8613693998309 181.785120232303 -99.8442729210534 "segment_01_pts_1-27" 9.2594643277764 219.949463996698 "aval"
173 "173_fs2" 12 28 24.187760621786 160.475692887867 -95.1053388837568 "segment_02_pts_28-53" 3.35310194103927 183.670428193684 "aval"
173 "173_fs2" 12 54 22.4844990645141 140.873838705829 -89.6558364337066 "segment_03_pts_54-76" -4.30505360205389 183.786558842485 "aval"
173 "173_fs2" 12 77 22.5959158449538 123.397373835134 -89.5995112626429 "segment_04_pts_77-98" -12.0223413717971 189.059490728747 "aval"
173 "173_fs2" 12 99 22.7071180903712 105.837982619308 -91.4373456327187 "segment_05_pts_99-119" -14.8905243935012 229.334828795083 "aval"
173 "173_fs2" 12 120 22.2596580327646 88.6126189458413 -93.7881124335308 "segment_06_pts_120-139" -17.3256664386281 347.122589288186 "aval"
173 "173_fs2" 12 140 21.2665551082877 73.896308597179 -122.887081039861 "segment_07_pts_140-156" 21.2760049489308 400.865888176525 "aval"
173 "173_fs2" 12 157 14.4723308543497 63.9335336151297 -141.968678220857 "segment_08_pts_157-170" 60.7697320887258 486.332625004409 "aval"
173 "173_fs2" 12 171 4.92655158502816 56.3268645019404 -118.409535238785 "segment_09_pts_171-179" 49.4207185492951 398.425584917708 "aval"
173 "173_fs2" 12 180 2.17355314298857 50.9351659984116 -104.105081956436 "segment_10_pts_180-185" 42.0403405145343 348.157888260141 "aval"
173 "173_fs2" 12 186 1.17873611909562 46.8742250792629 -100.222936434035 "segment_11_pts_186-190" 42.6829448534227 363.605775290444 "aval"
173 "173_fs2" 12 191 0.526285936129341 43.1003724785418 -93.7990678454525 "segment_12_pts_191-200" 41.7080302369732 390.079197197675 "aval"
173 "173_fs3" 14 1 0 164.631403038617 -64.3165042146349 "segment_01_pts_1-27" -1.91930978740578 175.771342184185 "aval"
173 "173_fs3" 14 28 9.04238878665376 145.831054237859 -64.0856856861058 "segment_02_pts_28-53" -1.07250545513946 140.272253123824 "aval"
173 "173_fs3" 14 54 17.8305968790551 127.757269414218 -63.8450603996854 "segment_03_pts_54-76" 0.314330220366969 168.045095467837 "aval"
173 "173_fs3" 14 77 25.6678416733398 111.776575015587 -63.8265168663875 "segment_04_pts_77-98" -8.01605110441236 193.384137365658 "aval"
173 "173_fs3" 14 99 33.2253660398221 96.4580652411714 -65.1834915490376 "segment_05_pts_99-119" -17.3682513126175 251.178650378305 "aval"
173 "173_fs3" 14 120 40.0497733434087 81.4891389856337 -81.5602302382854 "segment_06_pts_120-139" -3.85452667662773 286.738989182499 "aval"
173 "173_fs3" 14 140 42.2151588813446 66.492241854755 -86.7485110001935 "segment_07_pts_140-156" -3.44132477889734 286.829813228718 "aval"
173 "173_fs3" 14 157 42.9545878177914 53.275421176398 -88.3648538788515 "segment_08_pts_157-170" -11.9328807929156 276.657166695951 "aval"
173 "173_fs3" 14 171 43.2531869856546 42.4198824033464 -90.9048663931443 "segment_09_pts_171-179" -16.3428393025889 290.22786331143 "aval"
173 "173_fs3" 14 180 43.0490707505169 35.5935076735401 -104.665170196991 "segment_10_pts_180-185" -6.26045267414112 304.034903084507 "aval"
173 "173_fs3" 14 186 41.8114060367317 31.1523853625763 -113.355870826023 "segment_11_pts_186-190" 0.126832631354802 333.592872926768 "aval"
173 "173_fs3" 14 191 40.2098330069433 27.5369331446325 -118.625126945801 "segment_12_pts_191-200" 2.7698570853411 392.38219649706 "aval"
174 "174_fs1" 10 1 143.093829247675 91.648581439214 -127.997480485373 "segment_01_pts_1-27" -1.51791739031046 106.576089564959 "aval"
174 "174_fs1" 10 28 133.466511980372 79.3171193068419 -127.584357545218 "segment_02_pts_28-53" -1.1029078962376 93.2315470511175 "aval"
174 "174_fs1" 10 54 123.9537117692 66.9621980997093 -128.194576031049 "segment_03_pts_54-76" -0.956415226015821 98.8031528519738 "aval"
174 "174_fs1" 10 77 115.4657195562 56.1882862492624 -130.842265465774 "segment_04_pts_77-98" -0.688362636344152 106.197206835909 "aval"
174 "174_fs1" 10 99 107.033123188248 46.4691946629732 -136.415569103269 "segment_05_pts_99-119" -0.290815034028498 137.756248622426 "aval"
174 "174_fs1" 10 120 98.1475513024876 38.058561471607 -141.114647344884 "segment_06_pts_120-139" -2.6361451726076 139.500516123225 "aval"
174 "174_fs1" 10 140 88.8700005157018 30.5830686478002 -140.671843627595 "segment_07_pts_140-156" -2.15127845720053 168.326131228817 "aval"
174 "174_fs1" 10 157 81.0999043089081 24.1951460139697 -136.69571356947 "segment_08_pts_157-170" 1.82105876177729 195.823684604397 "aval"
174 "174_fs1" 10 171 75.2401729047438 18.638879875426 -132.83705061511 "segment_09_pts_171-179" 5.49054594700372 195.325483063179 "aval"
174 "174_fs1" 10 180 71.7231483792414 14.8241178707535 -130.385179792519 "segment_10_pts_180-185" 7.44481308767804 184.926772398381 "aval"
174 "174_fs1" 10 186 69.4562932563079 12.14323149816 -128.532472450719 "segment_11_pts_186-190" 8.88976461856855 217.763380991701 "aval"
174 "174_fs1" 10 191 67.6106909048231 9.81146808388473 -125.978416046021 "segment_12_pts_191-200" 10.785130829751 196.4036416749 "aval"
174 "174_fs2" 15 1 0 -43.8338857942718 52.9749554499344 "segment_01_pts_1-27" 3.38597267239749 149.133022557426 "aval"
174 "174_fs2" 15 28 9.15250592896354 -31.6659142820281 57.6951768508177 "segment_02_pts_28-53" 2.62649570261808 145.829233351913 "aval"
174 "174_fs2" 15 54 16.8671921212782 -19.4140738606745 61.1259448116437 "segment_03_pts_54-76" 1.72058926842538 168.546932072214 "aval"
174 "174_fs2" 15 77 23.0720577662757 -8.17179880019518 58.7533908338072 "segment_04_pts_77-98" 4.19508754172854 165.674822870334 "aval"
174 "174_fs2" 15 99 29.8012579540496 2.89072979298027 54.9714881256937 "segment_05_pts_99-119" 9.15884286976524 186.76975696366 "aval"
174 "174_fs2" 15 120 36.9292039336389 12.9953319202905 45.2054317707718 "segment_06_pts_120-139" 10.3885810259316 220.297431658369 "aval"
174 "174_fs2" 15 140 44.6982217570713 20.7169321807285 27.3128325182683 "segment_07_pts_140-156" 7.20191974824282 198.108554533574 "aval"
174 "174_fs2" 15 157 52.7873359025607 24.7822414732447 10.9929807052865 "segment_08_pts_157-170" 2.89804786356684 223.720793119033 "aval"
174 "174_fs2" 15 171 60.8205983339706 26.2869621252701 2.65944016931477 "segment_09_pts_171-179" 1.28781736162627 274.942383901355 "aval"
174 "174_fs2" 15 180 65.99441912772 26.4982361711741 -2.22457501373206 "segment_10_pts_180-185" -0.312855620848831 324.700320189063 "aval"
174 "174_fs2" 15 186 69.335228849596 26.3505676840582 -5.49323986034145 "segment_11_pts_186-190" 0.336106300526335 354.068490968358 "aval"
174 "174_fs2" 15 191 72.1303089051514 26.0681358173312 -9.38152233939254 "segment_12_pts_191-200" 1.10688351073149 351.341968422613 "aval"
174 "174_fs3" 15 1 46.8864232642933 -117.870982886953 129.72122251884 "segment_01_pts_1-27" 1.64080970037105 133.575721385302 "aval"
174 "174_fs3" 15 28 36.7579780495376 -105.681880471749 129.435042918115 "segment_02_pts_28-53" 3.44322580413345 161.283761464117 "aval"
174 "174_fs3" 15 54 27.3939647732176 -94.2863288672101 129.255177578676 "segment_03_pts_54-76" 3.65774567955826 201.373055321311 "aval"
174 "174_fs3" 15 77 19.0379185327356 -84.060667972836 127.234373708792 "segment_04_pts_77-98" 7.8333287589667 157.24263028503 "aval"
174 "174_fs3" 15 99 11.2822192996265 -73.8036586358731 119.180353801527 "segment_05_pts_99-119" 11.2957788686359 199.951067167985 "aval"
174 "174_fs3" 15 120 5.45714341340884 -63.2833413774102 113.273298953204 "segment_06_pts_120-139" 12.8237290305154 236.473709008644 "aval"
174 "174_fs3" 15 140 0.878433327959755 -52.4713494422327 95.0533706745835 "segment_07_pts_140-156" 10.2441555693999 223.350473536138 "aval"
174 "174_fs3" 15 157 0.106161321799135 -42.8533069316213 84.9954320621047 "segment_08_pts_157-170" 6.1947572999813 272.968003672219 "aval"
174 "174_fs3" 15 171 0.829936259868333 -34.7951862263528 82.4776238626445 "segment_09_pts_171-179" -0.475486518052648 335.281080655612 "aval"
174 "174_fs3" 15 180 1.51926391409754 -29.6176662889499 81.7258536459683 "segment_10_pts_180-185" -2.19714817945894 336.25822398385 "aval"
174 "174_fs3" 15 186 2.01905191331106 -26.1889086966076 79.9211803930211 "segment_11_pts_186-190" -4.55550688750539 353.171079564532 "aval"
174 "174_fs3" 15 191 2.54449846233641 -23.3547847355746 75.4742189630312 "segment_12_pts_191-200" -9.87752264997758 398.778097247423 "aval"
175 "175_fs1" 15 1 14.3363359647376 -71.3934119925547 116.740217034364 "segment_01_pts_1-27" 10.6745049517034 254.404552606389 "aval"
175 "175_fs1" 15 28 3.37354939528764 -49.3215101074168 96.9585913840408 "segment_02_pts_28-53" -0.447638604778746 191.394015272438 "aval"
175 "175_fs1" 15 54 0.618766129515492 -26.2042112549225 91.7115369394704 "segment_03_pts_54-76" 11.0903611079644 185.370597299766 "aval"
175 "175_fs1" 15 77 0.0167253425485541 -5.45038690605395 76.0217466631182 "segment_04_pts_77-98" 14.9918508432369 188.60659535882 "aval"
175 "175_fs1" 15 99 5.02848108750867 13.4835085054648 49.0939732712516 "segment_05_pts_99-119" 12.1527472325186 164.862804638442 "aval"
175 "175_fs1" 15 120 18.1497910046415 28.4734552968324 31.6018604983045 "segment_06_pts_120-139" 18.0929722007481 214.643458536873 "aval"
175 "175_fs1" 15 140 33.4182280801112 37.6435344538958 12.3991947698336 "segment_07_pts_140-156" 4.96711020662632 255.205887330677 "aval"
175 "175_fs1" 15 157 47.9510873047166 40.7056953127605 -4.14356911615418 "segment_08_pts_157-170" -16.3355291120899 259.674681421888 "aval"
175 "175_fs1" 15 171 59.9247814325003 39.7211549900935 -16.5220998950452 "segment_09_pts_171-179" -10.8623928776317 329.090425102637 "aval"
175 "175_fs1" 15 180 67.7382746678094 37.3262819322308 -23.9520739684541 "segment_10_pts_180-185" -6.42854915535442 326.401811815626 "aval"
175 "175_fs1" 15 186 73.0030469193624 34.9353940241265 -28.9384524892187 "segment_11_pts_186-190" -2.86809000127274 338.389428575801 "aval"
175 "175_fs1" 15 191 77.4266726333119 32.4456768850858 -35.0515295378594 "segment_12_pts_191-200" 2.31791773706919 379.142796046053 "aval"
175 "175_fs2" 12 1 242.9078613694 -29.2580072195889 127.049798338928 "segment_01_pts_1-27" -2.73410230035218 115.053250242714 "aval"
175 "175_fs2" 12 28 226.402775667409 -7.37520879801848 127.641711845239 "segment_02_pts_28-53" -4.27029998094071 127.586444414564 "aval"
175 "175_fs2" 12 54 208.73267842383 15.4746914672823 133.582764058409 "segment_03_pts_54-76" -4.51545550812733 132.468094725227 "aval"
175 "175_fs2" 12 77 191.734595451592 33.1865760224523 147.985472403543 "segment_04_pts_77-98" -2.85555492142109 147.105163436604 "aval"
175 "175_fs2" 12 99 172.940148778493 44.6855180174773 171.436626408258 "segment_05_pts_99-119" 2.01971106998684 159.460579545552 "aval"
175 "175_fs2" 12 120 149.345901778805 48.0186105545532 -164.156986882655 "segment_06_pts_120-139" -4.07575846727357 166.109939511317 "aval"
175 "175_fs2" 12 140 129.555624124901 42.0768483369519 -133.43609535781 "segment_07_pts_140-156" -7.77259463230618 166.279087876592 "aval"
175 "175_fs2" 12 157 117.715617890257 29.318720991632 -116.297955170495 "segment_08_pts_157-170" -8.56163366127461 212.56432921946 "aval"
175 "175_fs2" 12 171 111.014888196796 15.3819594949686 -105.16976218371 "segment_09_pts_171-179" -12.6744226779503 257.227977994665 "aval"
175 "175_fs2" 12 180 108.428027653134 5.76841797769899 -103.234826070607 "segment_10_pts_180-185" -11.9180126619287 297.309672363746 "aval"
175 "175_fs2" 12 186 106.948965724099 -0.615560065292584 -100.852541496869 "segment_11_pts_186-190" -12.287751808705 365.949658930451 "aval"
175 "175_fs2" 12 191 105.983098437278 -5.78980055695072 -95.5874745379864 "segment_12_pts_191-200" -14.4785879926228 326.380509173488 "aval"
175 "175_fs3" 11 1 153.913778529163 -42.4478695634706 117.743408430879 "segment_01_pts_1-27" -2.26619752990075 104.266401423996 "aval"
175 "175_fs3" 11 28 143.108013801265 -22.0606156174693 127.362862351677 "segment_02_pts_28-53" -6.4964732312614 104.82911181536 "aval"
175 "175_fs3" 11 54 128.714981067018 -3.39419562084584 146.909128928922 "segment_03_pts_54-76" -9.85991933223474 84.9852761896481 "aval"
175 "175_fs3" 11 77 111.150155598385 7.83913256289722 171.326219564594 "segment_04_pts_77-98" -8.21452140086009 107.755065195347 "aval"
175 "175_fs3" 11 99 93.0386550789985 10.3914431439656 -164.034420554593 "segment_05_pts_99-119" 6.31979855603538 112.147249124243 "aval"
175 "175_fs3" 11 120 75.1100564862608 5.12084588267328 -149.458906701056 "segment_06_pts_120-139" 1.75647010769646 172.484669588328 "aval"
175 "175_fs3" 11 140 58.9506182776544 -4.51930196941919 -141.616511015378 "segment_07_pts_140-156" -3.89842274370281 161.698421433429 "aval"
175 "175_fs3" 11 157 46.3998607895435 -14.4931476332063 -139.715902946389 "segment_08_pts_157-170" -8.75657504945414 203.437125164595 "aval"
175 "175_fs3" 11 171 36.5213326377246 -22.8643014536543 -140.307256983227 "segment_09_pts_171-179" -17.7091268358313 259.161237001094 "aval"
175 "175_fs3" 11 180 30.4121956545835 -27.9203420504232 -141.780500711479 "segment_10_pts_180-185" -27.9875973883339 245.313221052431 "aval"
175 "175_fs3" 11 186 26.4516801649908 -31.0233100229916 -143.533870286101 "segment_11_pts_186-190" -35.5320591417899 245.291146028454 "aval"
175 "175_fs3" 11 191 23.2229239521334 -33.3923015508531 -147.12445307993 "segment_12_pts_191-200" -14.8345800839218 236.772300137613 "aval"
176 "176_fs1" 12 1 260.625528317836 -100.705057677996 142.299085598712 "segment_01_pts_1-27" 2.07095740360836 65.9630792326844 "aval"
176 "176_fs1" 12 28 241.751187042745 -86.1083946759786 141.846172317718 "segment_02_pts_28-53" 2.62973721139659 92.2965898627502 "aval"
176 "176_fs1" 12 54 223.37611514771 -71.6760370421499 142.345059744217 "segment_03_pts_54-76" 2.20370900454174 71.6974139021872 "aval"
176 "176_fs1" 12 77 207.048709574187 -59.0882470546785 143.990318004234 "segment_04_pts_77-98" 1.0662997440879 95.4665060442515 "aval"
176 "176_fs1" 12 99 191.212546880529 -47.6049588379861 147.155045557246 "segment_05_pts_99-119" -0.838230785607607 105.173057231252 "aval"
176 "176_fs1" 12 120 175.469289226136 -37.4753764713085 150.339986152234 "segment_06_pts_120-139" -4.65094719887762 142.785427251428 "aval"
176 "176_fs1" 12 140 159.930946974036 -28.6476825443369 152.388762775624 "segment_07_pts_140-156" -3.25187035865824 150.912996919143 "aval"
176 "176_fs1" 12 157 146.54409591983 -21.6589595563532 152.270869514111 "segment_08_pts_157-170" 3.46774086082362 227.41007152174 "aval"
176 "176_fs1" 12 171 135.448322831425 -15.7956071682203 148.554912161699 "segment_09_pts_171-179" 6.55282080826973 238.036497254275 "aval"
176 "176_fs1" 12 180 128.722775738553 -11.6460833444089 145.055144447881 "segment_10_pts_180-185" 8.21375530253576 233.434485795488 "aval"
176 "176_fs1" 12 186 124.416740161427 -8.60877067097243 142.196474954385 "segment_11_pts_186-190" 9.37503641064396 203.882689557021 "aval"
176 "176_fs1" 12 191 120.918638709572 -5.86756207617782 137.832472506378 "segment_12_pts_191-200" 10.5895315998005 211.347587903501 "aval"
176 "176_fs2" 14 1 83.4488588334742 -137.88742496799 86.8337126443852 "segment_01_pts_1-27" 3.51505218180209 117.229479513173 "aval"
176 "176_fs2" 14 28 84.771385718571 -114.075590839506 86.1887586192971 "segment_02_pts_28-53" 2.98138146967989 103.339607157572 "aval"
176 "176_fs2" 14 54 86.2923840584987 -91.2931083335124 86.0183158564688 "segment_03_pts_54-76" 2.75071702578671 113.764863096181 "aval"
176 "176_fs2" 14 77 87.6950249022504 -71.173721227088 85.4052593885989 "segment_04_pts_77-98" 2.7636526792636 138.455530941953 "aval"
176 "176_fs2" 14 99 89.2547479600752 -51.8884978360188 83.8656921062265 "segment_05_pts_99-119" 1.63588656576846 158.507612581549 "aval"
176 "176_fs2" 14 120 91.2600107846825 -33.3828502775679 80.5388682838702 "segment_06_pts_120-139" 1.17144329772962 177.829399705421 "aval"
176 "176_fs2" 14 140 94.249396989444 -15.7034180624609 75.4288234909843 "segment_07_pts_140-156" 3.94870713867786 205.802850713383 "aval"
176 "176_fs2" 14 157 98.1018163359497 -1.03456760498102 70.8053698800814 "segment_08_pts_157-170" 5.6212976895923 254.011890952713 "aval"
176 "176_fs2" 14 171 102.139338756372 10.4601237448071 66.5917818988014 "segment_09_pts_171-179" 2.48475173397172 257.687959221905 "aval"
176 "176_fs2" 14 180 105.235109281774 17.4437596396049 58.2971027971346 "segment_10_pts_180-185" -6.21403997966 239.09916570437 "aval"
176 "176_fs2" 14 186 108.037569024888 21.8831936353848 52.7386389605058 "segment_11_pts_186-190" -10.6106526270198 216.578696257466 "aval"
176 "176_fs2" 14 191 110.777159487042 25.4337147397629 48.0544908825492 "segment_12_pts_191-200" -14.1568605866562 280.890168378247 "aval"
176 "176_fs3" 14 1 45.5790363482671 -140.487733345144 84.5695788281036 "segment_01_pts_1-27" 5.27565183285422 112.89334225887 "aval"
176 "176_fs3" 14 28 47.8301922097213 -117.212566382546 78.9564835294216 "segment_02_pts_28-53" 1.93014579540316 101.201887933879 "aval"
176 "176_fs3" 14 54 52.1685161601964 -95.3616420979045 71.6676929651008 "segment_03_pts_54-76" -1.90700268839146 122.356851624919 "aval"
176 "176_fs3" 14 77 58.4775939523956 -76.379703677168 71.3875815140682 "segment_04_pts_77-98" -2.25527454241126 144.834142601041 "aval"
176 "176_fs3" 14 99 64.5181675974168 -58.4363586069805 68.8343206210943 "segment_05_pts_99-119" -7.60067742608902 180.157803206361 "aval"
176 "176_fs3" 14 120 71.1406548895458 -41.3354362278361 73.1710241449425 "segment_06_pts_120-139" -4.40561418572494 207.041634670532 "aval"
176 "176_fs3" 14 140 76.060638790117 -24.7102820037124 87.8711382582968 "segment_07_pts_140-156" 1.40310981992529 213.991359988587 "aval"
176 "176_fs3" 14 157 76.5408535066555 -10.0658325680685 93.6646864406894 "segment_08_pts_157-170" -17.960964842026 219.496323436191 "aval"
176 "176_fs3" 14 171 75.7432686710119 2.04072013984887 97.5752927776598 "segment_09_pts_171-179" -27.341025805585 218.485024954867 "aval"
176 "176_fs3" 14 180 74.6284640779166 9.5169850389899 112.234979844972 "segment_10_pts_180-185" -16.5866332754572 293.481863561156 "aval"
176 "176_fs3" 14 186 72.5967286273842 14.2605133987907 121.646147218524 "segment_11_pts_186-190" -16.0808842600323 307.787149167828 "aval"
176 "176_fs3" 14 191 70.2183037397749 18.021135319422 129.674823323268 "segment_12_pts_191-200" -20.4624813193327 365.969010194229 "aval"
177 "177_fs1" 13 1 0 -39.0494196869735 8.96921385114206 "segment_01_pts_1-27" 5.25910802714616 159.57384357425 "amont"
177 "177_fs1" 13 28 15.7625298042839 -36.6363347838538 -6.1231659606712 "segment_02_pts_28-53" -4.74102815067615 152.456208222959 "amont"
177 "177_fs1" 13 54 30.7559254205143 -38.3270241461508 -20.8197885317357 "segment_03_pts_54-76" 6.28357090833336 159.828709158037 "amont"
177 "177_fs1" 13 77 43.5209800848615 -43.2197485421838 -17.0431799615135 "segment_04_pts_77-98" 13.0408235956834 184.01064624323 "amont"
177 "177_fs1" 13 99 55.675918867758 -46.8100923298383 7.68567301464153 "segment_05_pts_99-119" -14.1104998119477 179.472374765608 "amont"
177 "177_fs1" 13 120 68.3688116306746 -44.9781478169518 29.9276935020559 "segment_06_pts_120-139" -10.6691328438891 182.317429608697 "amont"
177 "177_fs1" 13 140 78.4139058106345 -39.0761832351672 46.0600925010241 "segment_07_pts_140-156" -3.88327451866098 225.991558128464 "amont"
177 "177_fs1" 13 157 85.4408101728441 -31.6825279599852 60.136369868761 "segment_08_pts_157-170" -7.61872548980593 220.030096773502 "amont"
177 "177_fs1" 13 171 89.4883397317868 -24.455058850222 71.8321561114234 "segment_09_pts_171-179" -9.20104900317848 235.184070410544 "amont"
177 "177_fs1" 13 180 91.1136766241639 -19.4538596504038 74.5853256293903 "segment_10_pts_180-185" -8.60823067624115 269.288190403106 "amont"
177 "177_fs1" 13 186 92.0432909800298 -16.0246800539185 77.5381051422507 "segment_11_pts_186-190" -7.54344904279743 271.978252109343 "amont"
177 "177_fs1" 13 191 92.6650069380484 -13.1339333378477 83.1532309314955 "segment_12_pts_191-200" -4.91323180403094 264.878686178135 "amont"
177 "177_fs2" 13 1 111.287686672302 43.80761028609 -152.192886164041 "segment_01_pts_1-27" -0.359049336581336 175.60272323473 "amont"
177 "177_fs2" 13 28 97.8999478458996 36.7440874444994 -152.438881787446 "segment_02_pts_28-53" -3.43934358734154 175.809110722604 "amont"
177 "177_fs2" 13 54 84.7505801420307 29.8908314071195 -154.673522500768 "segment_03_pts_54-76" -4.97099134919574 164.490847692889 "amont"
177 "177_fs2" 13 77 72.9266378326093 24.3137638869317 -158.652677835286 "segment_04_pts_77-98" -4.99910510558641 149.888143962165 "amont"
177 "177_fs2" 13 99 61.4061830133674 19.8384223674346 -163.967989920648 "segment_05_pts_99-119" -2.33255870009518 148.994870048144 "amont"
177 "177_fs2" 13 120 50.006104969089 16.5824402122007 -166.027175859325 "segment_06_pts_120-139" 2.01536693023016 163.190536253722 "amont"
177 "177_fs2" 13 140 38.9242884545314 13.81757837345 -163.354225910001 "segment_07_pts_140-156" 4.41176695665251 200.515954637762 "amont"
177 "177_fs2" 13 157 29.8557353807159 11.0794128834971 -157.837576818521 "segment_08_pts_157-170" 6.90473543417053 213.433006041205 "amont"
177 "177_fs2" 13 171 22.7787120626849 8.16454251842919 -152.442196933563 "segment_09_pts_171-179" 11.9163396123212 209.580143258748 "amont"
177 "177_fs2" 13 180 18.3541634574711 5.82924086430245 -148.377704922303 "segment_10_pts_180-185" 17.0207078863016 213.185349789237 "amont"
177 "177_fs2" 13 186 15.457404822811 4.02549544245949 -145.208745162268 "segment_11_pts_186-190" 19.8360001737298 213.358511397194 "amont"
177 "177_fs2" 13 191 13.0752266850792 2.35201459289379 -140.731620067636 "segment_12_pts_191-200" 22.9114754354531 232.755117640738 "amont"
177 "177_fs3" 12 1 0 -98.7254081472661 77.9857098131272 "segment_01_pts_1-27" 10.7127667284888 174.674699919821 "amont"
177 "177_fs3" 12 28 3.2781538825555 -83.378378497432 75.8020400901412 "segment_02_pts_28-53" 7.24063453846642 134.440751971735 "amont"
177 "177_fs3" 12 54 6.95675018057358 -68.8909425497797 72.8214493655513 "segment_03_pts_54-76" 2.90957006921616 152.850222546677 "amont"
177 "177_fs3" 12 77 10.8911644205741 -56.2011166667011 71.7572227377491 "segment_04_pts_77-98" 1.32971640728451 131.895358323537 "amont"
177 "177_fs3" 12 99 14.879840475221 -44.0816438981757 73.5463875583239 "segment_05_pts_99-119" 1.22210804085435 178.821212222679 "amont"
177 "177_fs3" 12 120 18.3054173819784 -32.4535980125727 74.793512986673 "segment_06_pts_120-139" -0.995488945416426 223.946998312367 "amont"
177 "177_fs3" 12 140 21.3332006892421 -21.2985558804288 75.5349796309014 "segment_07_pts_140-156" -4.68758725570837 282.066016864068 "amont"
177 "177_fs3" 12 157 23.7883800729484 -11.7683493251661 76.0940150180327 "segment_08_pts_157-170" -4.91721163630375 281.410491993888 "amont"
177 "177_fs3" 12 171 25.7350447625946 -3.89581117443112 76.5843921746157 "segment_09_pts_171-179" -2.40907413384026 284.444265825011 "amont"
177 "177_fs3" 12 180 26.9415535407569 1.17314622084268 76.9780754395903 "segment_10_pts_180-185" 0.572225847362262 308.562682118391 "amont"
177 "177_fs3" 12 186 27.7221853588933 4.55485290686352 77.22743689182 "segment_11_pts_186-190" 4.78303252248347 330.652598860494 "amont"
177 "177_fs3" 12 191 28.3601826947308 7.37394852013335 77.5113976580457 "segment_12_pts_191-200" 8.74745168125683 349.97599661901 "amont"
177 "177_fs4" 12 1 5.59030509881501 -60.6942158835834 105.502876638007 "segment_01_pts_1-27" 9.00229515196348 162.674000483531 "amont"
177 "177_fs4" 12 28 1.50568429860141 -45.7502077417514 95.1397111175088 "segment_02_pts_28-53" 4.28520082768803 155.788747315379 "amont"
177 "177_fs4" 12 54 0.20563260437558 -31.0640091709278 87.6875337640356 "segment_03_pts_54-76" 8.62778188433269 155.579329521682 "amont"
177 "177_fs4" 12 77 0.873636717741874 -17.7881180014964 64.2350240588095 "segment_04_pts_77-98" 13.774665319268 140.691283971457 "amont"
177 "177_fs4" 12 99 6.34436635864688 -6.83257604468997 32.4640642329973 "segment_05_pts_99-119" 6.69480223103796 166.583994762333 "amont"
177 "177_fs4" 12 120 16.9430713029607 -0.19889796330591 18.0296760459227 "segment_06_pts_120-139" 8.65882449468203 163.265456290168 "amont"
177 "177_fs4" 12 140 27.6810457406593 3.23361154667634 8.8403153364006 "segment_07_pts_140-156" 6.41094664453172 223.490026895237 "amont"
177 "177_fs4" 12 157 37.446244975585 4.72858534496027 5.76073755854789 "segment_08_pts_157-170" 3.89700736251021 216.744194547602 "amont"
177 "177_fs4" 12 171 45.4261192133427 5.53089215335626 5.76236057949383 "segment_09_pts_171-179" 1.72296245019893 210.469053181514 "amont"
177 "177_fs4" 12 180 50.5130371713228 6.0492302047839 6.80646825341629 "segment_10_pts_180-185" 0.114729783382738 233.591995688519 "amont"
177 "177_fs4" 12 186 53.9102205928799 6.46119137943134 8.11188996697899 "segment_11_pts_186-190" -1.12188953535572 256.147802875152 "amont"
177 "177_fs4" 12 191 56.7446376597333 6.87258654544848 10.6362268978376 "segment_12_pts_191-200" -2.86477862079811 307.253939612448 "amont"
178 "178_fs1" 16 1 95.5762186531417 -76.3807542683852 -147.089862230417 "segment_01_pts_1-27" -20.0679173599995 280.50231768632 "amont"
178 "178_fs1" 16 28 83.3972875063791 -84.2289957580685 -153.332654992588 "segment_02_pts_28-53" -12.2904720713319 271.960076469084 "amont"
178 "178_fs1" 16 54 71.015807131566 -90.4123259710564 -160.253263723262 "segment_03_pts_54-76" -7.71840160290682 237.93538140663 "amont"
178 "178_fs1" 16 77 59.4352248604645 -94.5342180628703 -167.208802276863 "segment_04_pts_77-98" -6.14808311289065 267.912007875501 "amont"
178 "178_fs1" 16 99 47.9475467706609 -97.1089124219998 -174.710411950272 "segment_05_pts_99-119" -3.17273663732894 253.540980289903 "amont"
178 "178_fs1" 16 120 36.7097646315581 -98.1075364957975 175.775700726817 "segment_06_pts_120-139" 13.9707417064901 331.887483634985 "amont"
178 "178_fs1" 16 140 26.008711267584 -97.2632838595417 164.418689359659 "segment_07_pts_140-156" 25.9060482790623 368.4103528189 "amont"
178 "178_fs1" 16 157 17.2795655191869 -94.7759559208296 153.691110386972 "segment_08_pts_157-170" 31.8827781601975 411.587120203247 "amont"
178 "178_fs1" 16 171 10.516928429723 -91.3682602596766 142.738001815564 "segment_09_pts_171-179" 38.0190262469576 456.06532726014 "amont"
178 "178_fs1" 16 180 6.81495725385889 -88.5030355159404 135.842176226925 "segment_10_pts_180-185" 34.2831416813558 457.982568963825 "amont"
178 "178_fs1" 16 186 4.571718944319 -86.2914290538607 131.085250228631 "segment_11_pts_186-190" 32.0122351892377 403.453688750381 "amont"
178 "178_fs1" 16 191 2.82805845182429 -84.2607576072985 124.642396936847 "segment_12_pts_191-200" 30.6579990889896 347.939620875709 "amont"
178 "178_fs2" 12 1 9.55739453518351 -75.2098540475452 93.7185717681182 "segment_01_pts_1-27" -1.27583198547019 178.672033961954 "amont"
178 "178_fs2" 12 28 8.60108959911065 -60.9427348625953 105.23814403732 "segment_02_pts_28-53" 6.54488407298349 188.724159697197 "amont"
178 "178_fs2" 12 54 5.05654460613431 -48.3120099280319 108.608544621095 "segment_03_pts_54-76" 2.27887840246017 190.241625068903 "amont"
178 "178_fs2" 12 77 1.31523666464057 -36.9354821525364 96.522635985247 "segment_04_pts_77-98" 6.69014677588819 201.137984034455 "amont"
178 "178_fs2" 12 99 0.0454100813627178 -25.5089900795376 83.2750707934882 "segment_05_pts_99-119" 3.39475454582245 208.140769897631 "amont"
178 "178_fs2" 12 120 1.40252016752703 -14.7223653983207 70.8754394865958 "segment_06_pts_120-139" 11.6992058797952 214.828478777513 "amont"
178 "178_fs2" 12 140 4.86784446089109 -4.81769989951715 61.1570870850367 "segment_07_pts_140-156" 16.5306328931189 236.251751402392 "amont"
178 "178_fs2" 12 157 9.24708785582459 3.01701182451944 49.9987489458375 "segment_08_pts_157-170" 19.7434747106455 242.089138801587 "amont"
178 "178_fs2" 12 171 13.9086523765801 8.48400962386381 37.8951205373871 "segment_09_pts_171-179" 12.1892415560687 250.487700522883 "amont"
178 "178_fs2" 12 180 17.5902435245135 11.2849692889986 28.5325674313673 "segment_10_pts_180-185" 5.70409956667075 248.068907985683 "amont"
178 "178_fs2" 12 186 20.3855418975097 12.7652296814989 21.6486045371479 "segment_11_pts_186-190" 0.480872742714958 236.585112532807 "amont"
178 "178_fs2" 12 191 22.8965299603317 13.7298791032897 12.1133468046322 "segment_12_pts_191-200" -7.50828444008751 230.616507345118 "amont"
179 "179_fs1" 13 1 0 -34.5313259667915 -3.79860935874943 "segment_01_pts_1-27" 1.5494624932285 147.160543468373 "amont"
179 "179_fs1" 13 28 22.4763714708391 -36.1293299008171 -18.157518104667 "segment_02_pts_28-53" 1.32060986740537 174.643489914092 "amont"
179 "179_fs1" 13 54 42.59419930261 -42.8286972972568 -29.9968103750801 "segment_03_pts_54-76" 0.901371441658586 169.930579918526 "amont"
179 "179_fs1" 13 77 59.4656020282733 -52.6491624833579 -32.7164096177522 "segment_04_pts_77-98" 4.96275829472891 182.525421220016 "amont"
179 "179_fs1" 13 99 74.9653914401406 -62.472856203138 -7.31218980722859 "segment_05_pts_99-119" -6.64645636088291 178.548806531722 "amont"
179 "179_fs1" 13 120 92.4449705761844 -64.4658339148991 27.1393907076724 "segment_06_pts_120-139" -28.1980712689991 216.728565768916 "amont"
179 "179_fs1" 13 140 106.744998681887 -56.8654708811889 57.5596902406425 "segment_07_pts_140-156" -18.6763571595493 217.011964387493 "amont"
179 "179_fs1" 13 157 114.295992517428 -44.3835726230739 89.6305329276951 "segment_08_pts_157-170" -0.618629921898517 187.0142532746 "amont"
179 "179_fs1" 13 171 114.353809768552 -32.120217602395 91.9816016248168 "segment_09_pts_171-179" -0.127874211061041 166.068413718745 "amont"
179 "179_fs1" 13 180 114.058900722983 -24.1553925295073 94.3905894402832 "segment_10_pts_180-185" 0.0692326982144635 204.001250835924 "amont"
179 "179_fs1" 13 186 113.650084174485 -19.0828868386077 97.0758602216011 "segment_11_pts_186-190" 0.592097185130754 207.717146903581 "amont"
179 "179_fs1" 13 191 113.136370833472 -15.1157936471689 102.740955166568 "segment_12_pts_191-200" 2.52428405938869 237.417566473223 "amont"
179 "179_fs2" 12 1 147.692307692308 130.647708911367 -114.075372417162 "segment_01_pts_1-27" 8.03704025158648 167.510776841257 "amont"
179 "179_fs2" 12 28 139.296657647504 111.820060532131 -110.436260637654 "segment_02_pts_28-53" -1.057536404961 143.670296020279 "amont"
179 "179_fs2" 12 54 132.571381507461 93.7006094745438 -109.713285142001 "segment_03_pts_54-76" -7.5295547161686 134.03615607571 "amont"
179 "179_fs2" 12 77 126.50506257565 76.8726346049417 -113.672677116585 "segment_04_pts_77-98" -8.92856071685598 149.082785101764 "amont"
179 "179_fs2" 12 99 119.125653152407 60.1323648879903 -121.075380377944 "segment_05_pts_99-119" -8.49725750401259 175.321694842968 "amont"
179 "179_fs2" 12 120 110.640982725558 46.2211558283083 -139.152396833178 "segment_06_pts_120-139" -3.13384071717491 170.339379879381 "amont"
179 "179_fs2" 12 140 100.492456891966 37.7082021223973 -164.728637862812 "segment_07_pts_140-156" 5.18975141353525 243.040824163512 "amont"
179 "179_fs2" 12 157 87.5432105294239 34.2251971512065 -165.80985618602 "segment_08_pts_157-170" 9.12673912708848 289.508125405583 "amont"
179 "179_fs2" 12 171 76.6320310720239 31.3911649603666 -152.778837982061 "segment_09_pts_171-179" 16.2485858163213 240.451755953561 "amont"
179 "179_fs2" 12 180 71.2139266578163 28.4863567899525 -138.154043995215 "segment_10_pts_180-185" 18.5219214059527 305.003801148849 "amont"
179 "179_fs2" 12 186 68.2373247932375 25.7324596695281 -128.285810000351 "segment_11_pts_186-190" 16.642369934868 326.571997988553 "amont"
179 "179_fs2" 12 191 65.9891693937795 22.7920061213783 -116.247039318421 "segment_12_pts_191-200" 15.3260448728244 313.152420044482 "amont"
179 "179_fs3" 13 1 0 20.587030032282 -37.1270941455243 "segment_01_pts_1-27" -2.72212331626505 175.032611961775 "amont"
179 "179_fs3" 13 28 16.9464296342602 7.67984169508867 -44.3106048156104 "segment_02_pts_28-53" 3.89824120157105 171.121598163187 "amont"
179 "179_fs3" 13 54 31.9289643881639 -6.98570883306365 -44.6796726824363 "segment_03_pts_54-76" 5.13114595546651 182.428055603434 "amont"
179 "179_fs3" 13 77 44.8864621857338 -19.7399591312359 -39.5823932427575 "segment_04_pts_77-98" 2.49816653745492 195.656511248922 "amont"
179 "179_fs3" 13 99 58.3034745181989 -30.8076400271721 -38.0554747959345 "segment_05_pts_99-119" 6.65290299828054 239.449452389481 "amont"
179 "179_fs3" 13 120 71.5825853826643 -41.2123603693528 -37.5813618440616 "segment_06_pts_120-139" 18.9972865868608 235.8260669372 "amont"
179 "179_fs3" 13 140 84.3791386197413 -51.0091926009936 -29.2399834549528 "segment_07_pts_140-156" 24.9979529064698 335.388263353815 "amont"
179 "179_fs3" 13 157 96.0599381754436 -57.4384495322178 -12.9129309941867 "segment_08_pts_157-170" -9.06252299993122 303.203729806567 "amont"
179 "179_fs3" 13 171 107.659921618192 -59.957811585765 3.35565136323018 "segment_09_pts_171-179" -32.9683547761022 318.770918886836 "amont"
179 "179_fs3" 13 180 115.074563296826 -59.4020437728471 19.9056293377677 "segment_10_pts_180-185" -27.917474821075 376.548526577753 "amont"
179 "179_fs3" 13 186 119.203192277412 -57.7853590169838 36.8986837022936 "segment_11_pts_186-190" -17.6359018361744 430.055751304432 "amont"
179 "179_fs3" 13 191 122.02912780949 -55.5499809365942 56.4890783079396 "segment_12_pts_191-200" -5.96437214411007 470.93921291811 "amont"
180 "180_fs1" 13 1 168.971541279233 47.105744551428 -135.120996296771 "segment_01_pts_1-27" -4.43283326885395 128.121071585501 "amont"
180 "180_fs1" 13 28 156.784110290849 34.9428343755395 -131.161979906572 "segment_02_pts_28-53" -2.31795693032575 122.485283107091 "amont"
180 "180_fs1" 13 54 146.122155266111 22.7058276743406 -126.710271792238 "segment_03_pts_54-76" -1.21033155505424 140.231536359091 "amont"
180 "180_fs1" 13 77 137.555777198029 11.1885196118214 -124.259647398591 "segment_04_pts_77-98" -1.07279659446145 183.647240226683 "amont"
180 "180_fs1" 13 99 129.500830857247 -0.652134106274104 -121.895177287699 "segment_05_pts_99-119" -5.453920585086 174.052457600973 "amont"
180 "180_fs1" 13 120 122.205855786318 -12.3515031807123 -129.177612048135 "segment_06_pts_120-139" -13.3256938746762 250.9867737587 "amont"
180 "180_fs1" 13 140 114.389709887272 -21.7873861535541 -150.330696977271 "segment_07_pts_140-156" -7.34705225684624 212.022751844841 "amont"
180 "180_fs1" 13 157 105.054764661481 -26.9808015796877 -165.596024684329 "segment_08_pts_157-170" -6.94442387042193 269.960513555531 "amont"
180 "180_fs1" 13 171 96.2150609982215 -29.1900441827405 -174.427559846072 "segment_09_pts_171-179" 0.167596803749035 307.235529928041 "amont"
180 "180_fs1" 13 180 90.6569083477873 -29.6935918252507 179.748203115465 "segment_10_pts_180-185" 14.2228395090125 265.270030352373 "amont"
180 "180_fs1" 13 186 86.8900934373368 -29.6526536558561 175.760729629856 "segment_11_pts_186-190" 16.4083282853881 257.847867421279 "amont"
180 "180_fs1" 13 191 83.7111276868465 -29.3976099404186 170.766995455393 "segment_12_pts_191-200" 19.2671415034347 290.584838429218 "amont"
180 "180_fs2" 13 1 136.489151873767 109.060010954378 -111.059595279516 "segment_01_pts_1-27" -13.3860326247626 136.957856110746 "amont"
180 "180_fs2" 13 28 129.853445322373 91.8610510215166 -112.840001573622 "segment_02_pts_28-53" -4.60028685079685 150.546593382806 "amont"
180 "180_fs2" 13 54 123.362796367662 76.4658306719703 -114.042618158139 "segment_03_pts_54-76" 4.14633526334272 156.312744879912 "amont"
180 "180_fs2" 13 77 117.389015376639 63.1020962753164 -114.526409020872 "segment_04_pts_77-98" 7.17373623305669 158.508296657693 "amont"
180 "180_fs2" 13 99 111.414377222902 49.9697763788942 -110.366090320383 "segment_05_pts_99-119" 2.70442603206338 207.963988238015 "amont"
180 "180_fs2" 13 120 106.508561151737 36.6291075440835 -102.879461387794 "segment_06_pts_120-139" -6.7539528895129 250.599938341508 "amont"
180 "180_fs2" 13 140 103.461807662627 23.2261510033417 -103.746717354759 "segment_07_pts_140-156" -17.2396295126238 323.195004804292 "amont"
180 "180_fs2" 13 157 100.783788953324 12.4848691454448 -116.155789473574 "segment_08_pts_157-170" -23.8108797165959 346.345094490984 "amont"
180 "180_fs2" 13 171 96.9428779070913 4.97585594955672 -137.674694119609 "segment_09_pts_171-179" -16.1774982413517 304.794815620932 "amont"
180 "180_fs2" 13 180 92.5742057530852 1.11817325463966 -149.834784882372 "segment_10_pts_180-185" -12.5736473069335 300.91846596491 "amont"
180 "180_fs2" 13 186 88.9499266295948 -0.9274344131519 -157.480213526202 "segment_11_pts_186-190" -11.0704738386302 335.808062922178 "amont"
180 "180_fs2" 13 191 85.6118295072787 -2.26645070143422 -167.183802115621 "segment_12_pts_191-200" -9.68215968207525 374.327603866955 "amont"
181 "181_fs1" 10 1 7.64158918005069 -83.1351688304942 48.0785199844248 "segment_01_pts_1-27" 8.47564485069287 153.083046822867 "aval"
181 "181_fs1" 10 28 18.4716685327853 -71.0796023188304 47.0465717097575 "segment_02_pts_28-53" 10.6468950970259 151.258599970011 "aval"
181 "181_fs1" 10 54 29.2597926976511 -59.5054462737142 44.9997833418775 "segment_03_pts_54-76" 5.70708000060749 147.676668011853 "aval"
181 "181_fs1" 10 77 39.1118252393454 -49.6743165283872 41.6023919799422 "segment_04_pts_77-98" -8.37756304099136 148.260411925249 "aval"
181 "181_fs1" 10 99 49.0185052755058 -40.9101850171992 39.523389347588 "segment_05_pts_99-119" -23.6155385513629 171.279352573522 "aval"
181 "181_fs1" 10 120 58.8569292866719 -32.7690906645519 43.6090522659192 "segment_06_pts_120-139" -40.3360152098837 231.272811400658 "aval"
181 "181_fs1" 10 140 67.6589428406694 -24.3514863836471 57.1024172551119 "segment_07_pts_140-156" -39.8413631095878 246.876909352758 "aval"
181 "181_fs1" 10 157 72.9922202658904 -15.8349430526231 75.3321954050058 "segment_08_pts_157-170" -22.0549253454103 219.416810575194 "aval"
181 "181_fs1" 10 171 75.0902161469704 -7.61434772113282 84.796789904869 "segment_09_pts_171-179" -7.39100375592969 158.438342898245 "aval"
181 "181_fs1" 10 180 75.5316229022814 -2.10768736772977 96.2533854691937 "segment_10_pts_180-185" 22.5292392288255 214.009082109994 "aval"
181 "181_fs1" 10 186 75.075822730128 1.51594357385545 105.869443663033 "segment_11_pts_186-190" 52.4938066040105 300.940471552724 "aval"
181 "181_fs1" 10 191 74.199899384458 4.44593573183732 116.428944097585 "segment_12_pts_191-200" 81.2518499687717 389.408327191063 "aval"
183 "183_fs1" 15 1 273.609467455621 -62.3655020830867 112.265017034585 "segment_01_pts_1-27" -6.16638532168017 230.754266463687 "amont"
183 "183_fs1" 15 28 264.484934465371 -40.1930019176033 117.455959097579 "segment_02_pts_28-53" -8.12668566991164 172.877212769191 "amont"
183 "183_fs1" 15 54 253.10740700803 -18.4008971897932 125.166949258294 "segment_03_pts_54-76" -8.09873101870369 179.110651678578 "amont"
183 "183_fs1" 15 77 240.519840599119 -0.6754940974227 135.371994215023 "segment_04_pts_77-98" -8.05158961994144 193.982194130848 "amont"
183 "183_fs1" 15 99 226.187229022471 13.3460164168677 148.470615319161 "segment_05_pts_99-119" -3.72024574362155 225.727017603689 "amont"
183 "183_fs1" 15 120 210.46555580059 22.8495742675876 160.846614285957 "segment_06_pts_120-139" -0.357896464039897 269.409900586767 "amont"
183 "183_fs1" 15 140 192.855225865387 28.9095325855466 165.057775700557 "segment_07_pts_140-156" -0.834586818889022 279.268981970988 "amont"
183 "183_fs1" 15 157 177.517987742997 33.0006679954715 164.357313590083 "segment_08_pts_157-170" -1.99119028691692 308.431725950388 "amont"
183 "183_fs1" 15 171 165.435537574301 36.4002666747671 162.325290026922 "segment_09_pts_171-179" -2.39402294412668 320.158064361579 "amont"
183 "183_fs1" 15 180 157.699892035908 38.8851742705956 160.168675692171 "segment_10_pts_180-185" -2.53552081136658 318.117840263395 "amont"
183 "183_fs1" 15 186 152.545147392267 40.7617930430135 158.186908854172 "segment_11_pts_186-190" -2.74335236767641 343.744883423026 "amont"
183 "183_fs1" 15 191 148.250878113458 42.4979489565838 154.978803737135 "segment_12_pts_191-200" -3.11867545528784 379.81853966048 "amont"
183 "183_fs2" 13 1 0 19.559041451613 -45.5938051224478 "segment_01_pts_1-27" 1.35798229025264 87.9112792442725 "amont"
183 "183_fs2" 13 28 15.857758232139 3.33796724933063 -47.7369193260537 "segment_02_pts_28-53" 1.8367554423622 114.106035065693 "amont"
183 "183_fs2" 13 54 30.6238394409091 -12.8824136058616 -40.9501663404244 "segment_03_pts_54-76" 3.76620084921964 115.323342860191 "amont"
183 "183_fs2" 13 77 45.5334368354528 -25.6723728438515 -20.2557884112252 "segment_04_pts_77-98" 6.75256990490634 123.73794517385 "amont"
183 "183_fs2" 13 99 62.6896534636634 -31.7492377238836 8.58033727859974 "segment_05_pts_99-119" -6.97023328836774 134.404837376127 "amont"
183 "183_fs2" 13 120 80.390636517284 -28.8885677114018 31.4667836601382 "segment_06_pts_120-139" -7.72309698141447 164.513432457045 "amont"
183 "183_fs2" 13 140 94.56342511448 -20.0719612202295 45.5872066265631 "segment_07_pts_140-156" -1.60022053832775 169.34277610503 "amont"
183 "183_fs2" 13 157 104.835461291323 -9.46221414933166 56.2883156797364 "segment_08_pts_157-170" 8.20222370518937 229.265078397644 "amont"
183 "183_fs2" 13 171 111.373293925743 0.407702225566027 58.3868637543295 "segment_09_pts_171-179" 9.68443580054885 223.614998861762 "amont"
183 "183_fs2" 13 180 115.338100071111 6.80213032665262 54.6090482288223 "segment_10_pts_180-185" 5.71056608752604 233.903480788267 "amont"
183 "183_fs2" 13 186 118.306759946979 10.9200361843317 50.5147283622906 "segment_11_pts_186-190" 0.998185574187609 261.722714134224 "amont"
183 "183_fs2" 13 191 121.035989689281 14.1927873214382 45.4266833767472 "segment_12_pts_191-200" -5.22812643456408 309.78855077444 "amont"
184 "184_fs1" 13 1 0 -190.046557841631 58.8806367031624 "segment_01_pts_1-27" 7.50977632108746 185.768341353829 "amont"
184 "184_fs1" 13 28 14.2026525706755 -166.592381337885 53.0326357925696 "segment_02_pts_28-53" 11.447600777089 183.16102349408 "amont"
184 "184_fs1" 13 54 30.3936601673784 -145.244600238844 39.0984053172055 "segment_03_pts_54-76" 2.1041418989326 167.451956801854 "amont"
184 "184_fs1" 13 77 48.4393067766248 -130.735010375684 34.2669341931504 "segment_04_pts_77-98" -13.0496327188903 213.265602138792 "amont"
184 "184_fs1" 13 99 66.8861344568453 -118.10435781204 42.3538449297255 "segment_05_pts_99-119" -25.1390859221827 243.676888586494 "amont"
184 "184_fs1" 13 120 82.787137181531 -103.411394689549 56.5400086667157 "segment_06_pts_120-139" -29.6685607217499 275.44722310467 "amont"
184 "184_fs1" 13 140 94.0253516392322 -86.1197843849725 82.9539260946943 "segment_07_pts_140-156" -14.017417726916 281.921918374772 "amont"
184 "184_fs1" 13 157 96.0270498732037 -68.8733756367581 90 "segment_08_pts_157-170" -12.5972111076409 340.818776116651 "amont"
184 "184_fs1" 13 171 96.002486323383 -54.8840966646064 123.254611482941 "segment_09_pts_171-179" 32.1612674185047 376.200561969557 "amont"
184 "184_fs1" 13 180 90.7848072349499 -47.193646831675 122.043212778345 "segment_10_pts_180-185" 31.7450044601992 352.801265821491 "amont"
184 "184_fs1" 13 186 87.7555753949973 -42.2014934602485 115.289712407651 "segment_11_pts_186-190" 37.1493081413661 355.202824633991 "amont"
184 "184_fs1" 13 191 85.715893144807 -37.7967670604764 107.67227058391 "segment_12_pts_191-200" 47.3537130966618 366.127395746004 "amont"
184 "184_fs2" 14 1 334.877430262046 32.1483642383699 175.918384617154 "segment_01_pts_1-27" -3.93979223977468 94.3852303279461 "amont"
184 "184_fs2" 14 28 309.707966854774 33.9072610194992 179.759580807265 "segment_02_pts_28-53" -0.180964863687734 67.9363456716935 "amont"
184 "184_fs2" 14 54 285.432663740746 33.9889501649807 -178.421409091077 "segment_03_pts_54-76" 0.236227263805489 96.4782882246867 "amont"
184 "184_fs2" 14 77 263.950805150057 33.3912540225855 -177.628442584149 "segment_04_pts_77-98" 2.82291278601801 110.355055675507 "amont"
184 "184_fs2" 14 99 243.412711508263 32.5300691913471 -176.016965946607 "segment_05_pts_99-119" 3.91005801554937 123.386404906809 "amont"
184 "184_fs2" 14 120 223.845345164171 31.1502161111878 -173.911710150099 "segment_06_pts_120-139" 3.1356230584347 180.246268630117 "amont"
184 "184_fs2" 14 140 205.236867162652 29.1480999463971 -171.942696274958 "segment_07_pts_140-156" 6.73742805712993 238.369867699458 "amont"
184 "184_fs2" 14 157 189.528500514779 26.9077187608951 -168.377442805441 "segment_08_pts_157-170" 13.5853149537969 300.238088221866 "amont"
184 "184_fs2" 14 171 176.558898782173 24.1738444359001 -160.292228349423 "segment_09_pts_171-179" 14.718702351582 253.95545480371 "amont"
184 "184_fs2" 14 180 168.898190954252 21.3515837099777 -152.241379260737 "segment_10_pts_180-185" 12.8121044090638 229.609813931969 "amont"
184 "184_fs2" 14 186 164.139075564127 18.7843295426504 -145.69364716264 "segment_11_pts_186-190" 11.0110693795615 268.774727675303 "amont"
184 "184_fs2" 14 191 160.342145828829 16.1319815903135 -136.200321415075 "segment_12_pts_191-200" 7.25592190525802 315.617115098286 "amont"
185 "185_fs1" 12 1 0 136.125703751777 -61.7617539148769 "segment_01_pts_1-27" -4.00030962538934 166.774461253585 "amont"
185 "185_fs1" 12 28 9.05919241355656 119.205898089683 -65.4116793500693 "segment_02_pts_28-53" 0.029846407415377 117.00901715321 "amont"
185 "185_fs1" 12 54 16.9046909199384 101.999088845892 -66.0835784370296 "segment_03_pts_54-76" 6.62564949851858 123.622673172386 "amont"
185 "185_fs1" 12 77 23.5979619948 87.0146530814538 -58.1800929613473 "segment_04_pts_77-98" 7.00936815434537 138.688297514995 "amont"
185 "185_fs1" 12 99 31.9951740127352 73.5580625406416 -53.7888686550763 "segment_05_pts_99-119" -3.08670201570293 164.555319352927 "amont"
185 "185_fs1" 12 120 40.846300223261 61.5093894772956 -50.8518899941066 "segment_06_pts_120-139" -18.7861158395386 218.406020576597 "amont"
185 "185_fs1" 12 140 49.9810528609521 50.2386862851004 -59.2150779258752 "segment_07_pts_140-156" -21.7852049455461 258.243703705955 "amont"
185 "185_fs1" 12 157 56.159647003056 39.8061036660376 -66.5445478874282 "segment_08_pts_157-170" -17.9648101813116 327.220561206323 "amont"
185 "185_fs1" 12 171 60.1291317517345 30.3670135429805 -85.3642736856613 "segment_09_pts_171-179" -0.98376860375086 369.202353499652 "amont"
185 "185_fs1" 12 180 60.5757070471557 24.0452049370203 -92.0063844873641 "segment_10_pts_180-185" 5.19007676753873 415.107970248375 "amont"
185 "185_fs1" 12 186 60.4042677385054 19.7744389192488 -95.7311337443081 "segment_11_pts_186-190" 8.3214584306949 347.582508753958 "amont"
185 "185_fs1" 12 191 60.0171117247037 16.2039199408069 -103.944419820172 "segment_12_pts_191-200" 15.3134110307026 351.87379459253 "amont"
185 "185_fs2" 12 1 63.8377007607779 -103.120835010218 112.222398206378 "segment_01_pts_1-27" -2.27359339272866 110.826659443031 "amont"
185 "185_fs2" 12 28 56.6684189555898 -85.5165492796997 108.690521135868 "segment_02_pts_28-53" 1.44869061539485 90.0246805676538 "amont"
185 "185_fs2" 12 54 50.8538864367209 -68.2575599482189 105.578041904694 "segment_03_pts_54-76" 3.47575002840613 86.9543019750327 "amont"
185 "185_fs2" 12 77 46.532480522829 -52.7406427697063 103.577983784357 "segment_04_pts_77-98" 5.5460267176568 107.325743309298 "amont"
185 "185_fs2" 12 99 42.9300212339792 -37.6805644279455 96.7557905723974 "segment_05_pts_99-119" 3.40286720443747 115.45798409122 "amont"
185 "185_fs2" 12 120 41.2334129524099 -23.1084468272397 93.3673428434087 "segment_06_pts_120-139" 3.36734284340874 129.817646992228 "amont"
185 "185_fs2" 12 140 40.4255975769854 -9.09821572006314 90.3947502570698 "segment_07_pts_140-156" 0.25164099564887 163.340550044748 "amont"
185 "185_fs2" 12 157 40.3615583525931 2.83252647815999 88.7880793302669 "segment_08_pts_157-170" -4.24482416150295 175.735463177672 "amont"
185 "185_fs2" 12 171 40.5627192570058 12.6439262391944 90.3834474712071 "segment_09_pts_171-179" -4.72565385543355 208.654878963739 "amont"
185 "185_fs2" 12 180 40.5036673696345 18.9456840868841 92.6003216864069 "segment_10_pts_180-185" -3.60824834326199 198.592703740584 "amont"
185 "185_fs2" 12 186 40.3036291862448 23.1450666303258 93.9068718402674 "segment_11_pts_186-190" -6.54543930173739 211.130314353126 "amont"
185 "185_fs2" 12 191 40.0586528239232 26.6437252149697 95.1352791594791 "segment_12_pts_191-200" -9.1304611458262 204.633687821854 "amont"
185 "185_fs3" 10 1 0 108.916566162457 -89.5175021182282 "segment_01_pts_1-27" 2.54224273447866 168.676296953478 "amont"
185 "185_fs3" 10 28 0.158778906469792 90.7062489776529 -86.141479078535 "segment_02_pts_28-53" 2.14999631787995 157.1784133398 "amont"
185 "185_fs3" 10 54 1.38566761404937 73.2694063788987 -81.4368953145096 "segment_03_pts_54-76" 3.48589422364523 158.254464210899 "amont"
185 "185_fs3" 10 77 3.70812037878721 57.9213293104275 -78.700980812242 "segment_04_pts_77-98" 9.10795489640988 155.774888871093 "amont"
185 "185_fs3" 10 99 6.63642263613815 43.3906973748954 -73.195565650336 "segment_05_pts_99-119" 2.66445658138198 177.252334346559 "amont"
185 "185_fs3" 10 120 10.7721841376598 29.808642775722 -68.8413208099456 "segment_06_pts_120-139" -0.829114300041937 201.067956956116 "amont"
185 "185_fs3" 10 140 15.6454324218696 17.2938316720033 -63.6279772302221 "segment_07_pts_140-156" -4.27816003498232 255.423856140087 "amont"
185 "185_fs3" 10 157 20.7715757226759 6.97312421160962 -65.2698775526933 "segment_08_pts_157-170" 7.97195233721762 261.236263633109 "amont"
185 "185_fs3" 10 171 24.6528343648019 -1.53565929127819 -69.1097979961715 "segment_09_pts_171-179" 28.2130301186131 250.315239533033 "amont"
185 "185_fs3" 10 180 26.7697063661769 -7.11225152435748 -70.7162321651211 "segment_10_pts_180-185" 41.0385867064921 237.012218878495 "amont"
185 "185_fs3" 10 186 28.0891635955884 -10.908564820783 -72.0430947999031 "segment_11_pts_186-190" 50.2642567938524 246.379780896452 "amont"
185 "185_fs3" 10 191 29.1264571445695 -14.1337591041006 -74.0322645097549 "segment_12_pts_191-200" 62.984709385417 297.378344539276 "amont"
186 "186_fs1" 12 1 0.18033145306299 -110.46253108239 90.4622707613342 "segment_01_pts_1-27" 0.462270761334239 104.476711254128 "amont"
186 "186_fs1" 12 28 0.0164984181061527 -89.7498677521786 89.9775193947259 "segment_02_pts_28-53" 0.459927877533985 109.662424833089 "amont"
186 "186_fs1" 12 54 0.0277538377401925 -69.923907557453 89.5081545136657 "segment_03_pts_54-76" 5.24149216582084 117.979757624592 "amont"
186 "186_fs1" 12 77 0.181869509820615 -52.2706721001376 86.6888412546331 "segment_04_pts_77-98" 6.98839176034279 158.281110927408 "amont"
186 "186_fs1" 12 99 1.19524847801438 -35.3229305508133 78.8752418332633 "segment_05_pts_99-119" 14.0022326968247 155.312311428491 "amont"
186 "186_fs1" 12 120 4.3973874953636 -19.9016209031201 57.0869180164975 "segment_06_pts_120-139" 3.26447195309797 164.994699066168 "amont"
186 "186_fs1" 12 140 13.0435579310407 -6.69290359537405 48.4551597653767 "segment_07_pts_140-156" 8.43356576818783 188.800576934915 "amont"
186 "186_fs1" 12 157 21.6660031069288 2.91983061581374 38.2340740449821 "segment_08_pts_157-170" 7.26732523243313 213.223361279989 "amont"
186 "186_fs1" 12 171 30.233273272849 9.61514292260915 33.6406600581931 "segment_09_pts_171-179" 5.83546858438183 212.126217327201 "amont"
186 "186_fs1" 12 180 35.9482198613473 13.3883842378193 30.4598034289404 "segment_10_pts_180-185" 3.55145606352627 199.20332392999 "amont"
186 "186_fs1" 12 186 39.897663646003 15.6911624935096 28.1410305242732 "segment_11_pts_186-190" 2.64399748708517 203.709961171883 "amont"
186 "186_fs1" 12 191 43.2853076939319 17.4877817185292 25.2270415000694 "segment_12_pts_191-200" 1.07102381239259 216.602583047045 "amont"
186 "186_fs2" 15 1 20.286434768778 -150.692660382921 89.3716303574376 "segment_01_pts_1-27" -0.628369642562433 102.118080614903 "amont"
186 "186_fs2" 15 28 20.5136370194525 -129.618566216773 89.8935852865533 "segment_02_pts_28-53" -0.389580019198888 93.6212968213579 "amont"
186 "186_fs2" 15 54 20.5487190870123 -108.770185305548 90.411549355877 "segment_03_pts_54-76" -2.06782997361175 104.669149828092 "amont"
186 "186_fs2" 15 77 20.4141122384157 -90.5161167848419 94.1664980223821 "segment_04_pts_77-98" -2.56074765547436 128.906180139432 "amont"
186 "186_fs2" 15 99 19.0372118102288 -73.7272729865264 112.910754283058 "segment_05_pts_99-119" 7.67364314496655 148.280152604692 "amont"
186 "186_fs2" 15 120 12.4430757143869 -58.214306565018 110.352629672039 "segment_06_pts_120-139" -0.128571196612072 188.663741657078 "amont"
186 "186_fs2" 15 140 6.98298908978308 -43.2941628282725 103.793690060752 "segment_07_pts_140-156" 6.39764525699752 199.011392787862 "amont"
186 "186_fs2" 15 157 3.80323337012686 -30.2437293283957 101.011238987089 "segment_08_pts_157-170" 8.36046502625767 226.093613813935 "amont"
186 "186_fs2" 15 171 1.67795520613197 -19.3376909854259 100.158884927574 "segment_09_pts_171-179" 11.672746443166 257.812424296852 "amont"
186 "186_fs2" 15 180 0.447057134582053 -12.3030725997081 95.6345463184017 "segment_10_pts_180-185" 10.1390811883624 272.434078352504 "amont"
186 "186_fs2" 15 186 0.0252185860289273 -7.62127870264788 88.9351512991309 "segment_11_pts_186-190" 5.49628935406638 302.039576011936 "amont"
186 "186_fs2" 15 191 0.170751068667641 -3.73237164678977 76.0925839738163 "segment_12_pts_191-200" -4.70166929376857 310.165254331771 "amont"
188 "188_fs1" 9 1 0 -13.0163645456895 -16.3236519795473 "segment_01_pts_1-27" -3.60597445134362 128.409149408942 "aval"
188 "188_fs1" 9 28 18.4251667944105 -18.27033247544 4.6329454898151 "segment_02_pts_28-53" -16.3607385815988 119.637556712565 "aval"
188 "188_fs1" 9 54 35.7305180642572 -16.773808445045 17.5733114519555 "segment_03_pts_54-76" 0.153944158129562 94.4918305208132 "aval"
188 "188_fs1" 9 77 50.6326180029997 -12.0069113260806 22.7271139010884 "segment_04_pts_77-98" 12.825434986914 108.667381828163 "aval"
188 "188_fs1" 9 99 64.6133901330393 -6.16392236798305 14.8545714575804 "segment_05_pts_99-119" 13.8798279604464 127.410229833143 "aval"
188 "188_fs1" 9 120 78.3684002306886 -2.61497272425393 0.808558109503485 "segment_06_pts_120-139" -4.54449312244256 149.97533730636 "aval"
188 "188_fs1" 9 140 92.0974304178145 -2.4802866188017 -7.2019180651763 "segment_07_pts_140-156" -1.09356573490203 177.444235745804 "aval"
188 "188_fs1" 9 157 103.573006828523 -3.96586429722308 -12.7720980815343 "segment_08_pts_157-170" 5.20399004346238 187.798329185428 "aval"
188 "188_fs1" 9 171 112.912275052201 -6.1165606780032 -17.4270237190239 "segment_09_pts_171-179" 12.3088913678082 222.226367172841 "aval"
188 "188_fs1" 9 180 118.759727299315 -7.97667361720872 -20.7595458923058 "segment_10_pts_180-185" 18.1248617020456 254.468600575422 "aval"
188 "188_fs1" 9 186 122.563581728544 -9.43578673592822 -23.2574941580153 "segment_11_pts_186-190" 22.8944933404566 279.488036738644 "aval"
188 "188_fs1" 9 191 125.681134811339 -10.7903835526464 -26.661482698306 "segment_12_pts_191-200" 23.2988262268622 299.17451373425 "aval"
188 "188_fs2" 15 1 4.05742082991043 -71.4943029678552 97.3760720635375 "segment_01_pts_1-27" -1.87287616262401 151.047604880584 "aval"
188 "188_fs2" 15 28 1.72348460822775 -53.3200852327483 94.3513739618088 "segment_02_pts_28-53" 1.22438810340617 142.672477457121 "aval"
188 "188_fs2" 15 54 0.402063998538864 -35.8221562553747 90.4893588515297 "segment_03_pts_54-76" 3.35628064339235 152.0421392015 "aval"
188 "188_fs2" 15 77 0.394974002773523 -20.1944320789658 67.0889871435242 "segment_04_pts_77-98" 7.19597643353128 139.37913372245 "aval"
188 "188_fs2" 15 99 6.36155750736299 -6.31405309728422 42.5168915715809 "segment_05_pts_99-119" 9.6753385765688 165.052567463552 "aval"
188 "188_fs2" 15 120 16.8397265868892 3.06941417852522 22.7324102507289 "segment_06_pts_120-139" 8.03986611491765 199.705120318959 "aval"
188 "188_fs2" 15 140 29.3835719454707 8.23488282307778 10.6773854562761 "segment_07_pts_140-156" 4.41132811440996 211.542347290475 "aval"
188 "188_fs2" 15 157 40.8520680485906 10.3466918039302 4.1198374586691 "segment_08_pts_157-170" 0.537770541951375 215.759534613859 "aval"
188 "188_fs2" 15 171 50.4174521140175 11.0113858304812 1.07012335629212 "segment_09_pts_171-179" -3.29044300992377 217.449731885727 "aval"
188 "188_fs2" 15 180 56.4828528933023 11.1151001768964 -0.120232344357184 "segment_10_pts_180-185" -5.99513874514306 225.750285597301 "aval"
188 "188_fs2" 15 186 60.5425269744143 11.103089125604 -0.564683201050533 "segment_11_pts_186-190" -7.46996317599316 242.636352007411 "aval"
188 "188_fs2" 15 191 63.934599307585 11.0685780170984 -0.568472915475617 "segment_12_pts_191-200" -10.9468329685284 331.297187614125 "aval"
189 "189_fs1" 7 1 47.1344040574809 -99.5274785573754 108.254434677308 "segment_01_pts_1-27" 12.8694403199177 111.893317981783 "aval"
189 "189_fs1" 7 28 41.2657353072769 -81.5505411821805 97.3963472810142 "segment_02_pts_28-53" 3.20803706297943 88.7746731626589 "aval"
189 "189_fs1" 7 54 38.9791625472855 -63.6205427833679 92.7216254262553 "segment_03_pts_54-76" 0.1661962374654 88.4306965916074 "aval"
189 "189_fs1" 7 77 38.2375732853479 -47.5891317185269 90.1164515287912 "segment_04_pts_77-98" -5.58666362548539 109.356395422387 "aval"
189 "189_fs1" 7 99 38.2079459002535 -32.3163167023785 92.2736234495185 "segment_05_pts_99-119" -22.4799813979483 113.321073362698 "aval"
189 "189_fs1" 7 120 37.5051255729726 -17.5328865895472 110.59321080441 "segment_06_pts_120-139" -11.1076727440612 145.069294418555 "aval"
189 "189_fs1" 7 140 32.4123626620733 -4.2111888573005 126.303365574317 "segment_07_pts_140-156" -0.999851294541216 163.888782832013 "aval"
189 "189_fs1" 7 157 25.6403116936763 4.73058174414163 144.820020640376 "segment_08_pts_157-170" 22.9433517650514 198.575846041143 "aval"
189 "189_fs1" 7 171 17.290362057608 10.5866414252426 145.399509512377 "segment_09_pts_171-179" 32.3036603806704 198.574773448439 "aval"
189 "189_fs1" 7 180 12.2046013958683 14.1099188741501 144.045067784615 "segment_10_pts_180-185" 34.3568818065852 208.118495346258 "aval"
189 "189_fs1" 7 186 8.90808907750437 16.5081746587272 142.963765654041 "segment_11_pts_186-190" 36.2431497959083 191.451979520245 "aval"
189 "189_fs1" 7 191 6.14740786344299 18.6019563976976 140.390051352464 "segment_12_pts_191-200" 38.2104533366075 233.658823761789 "aval"
189 "189_fs2" 9 1 0 38.661067353996 -26.5819839708237 "segment_01_pts_1-27" 1.22778993634902 82.6692588725243 "aval"
189 "189_fs2" 9 28 15.3838426325996 30.9478646110837 -27.7390821228283 "segment_02_pts_28-53" 4.52401452098097 79.1145103179409 "aval"
189 "189_fs2" 9 54 30.3424867250482 23.0900825567549 -25.2648209299237 "segment_03_pts_54-76" 4.42614531451599 74.0716546153652 "aval"
189 "189_fs2" 9 77 43.6978549126857 16.8172865267211 -19.5774383770553 "segment_04_pts_77-98" 0.641605885514522 85.7871205575352 "aval"
189 "189_fs2" 9 99 56.8861472618702 12.1585427163559 -16.6401016366979 "segment_05_pts_99-119" -3.49820629270722 115.93334469251 "aval"
189 "189_fs2" 9 120 69.8184830932008 8.28202057793794 -20.6616799538848 "segment_06_pts_120-139" -3.89805160646856 144.934447824416 "aval"
189 "189_fs2" 9 140 81.8890039216183 3.6827325067926 -26.6231632627632 "segment_07_pts_140-156" 2.81358159021979 210.525246017983 "aval"
189 "189_fs2" 9 157 91.7137089812532 -1.25154786238011 -26.228336648783 "segment_08_pts_157-170" 12.687370649042 233.049113678362 "aval"
189 "189_fs2" 9 171 99.7859703343044 -5.20308826489418 -22.0057259811706 "segment_09_pts_171-179" 20.3498822903059 163.429314673497 "aval"
189 "189_fs2" 9 180 105.109514368175 -7.32382018063379 -17.3633048992829 "segment_10_pts_180-185" 2.38188003459048 123.670237651231 "aval"
189 "189_fs2" 9 186 108.763485999162 -8.43981981028094 -13.0163075391192 "segment_11_pts_186-190" -12.3873242188528 157.705760142484 "aval"
189 "189_fs2" 9 191 111.896200787615 -9.13917665323254 -6.12271464232016 "segment_12_pts_191-200" -32.6488277092077 182.895022125555 "aval"
189 "189_fs3" 10 1 247.844463229079 62.4501373540664 -136.303790310535 "segment_01_pts_1-27" -5.28123758717899 95.9305920957157 "aval"
189 "189_fs3" 10 28 234.545471572927 49.7070189887187 -133.78571967039 "segment_02_pts_28-53" -8.08906691250931 140.957000653676 "aval"
189 "189_fs3" 10 54 221.561421595844 36.159345119951 -136.001287997397 "segment_03_pts_54-76" -9.95334629129778 101.964022260862 "aval"
189 "189_fs3" 10 77 210.008115308184 25.0680660547334 -146.451169125244 "segment_04_pts_77-98" -7.79590797031432 115.568536698914 "aval"
189 "189_fs3" 10 99 197.403725326224 16.818623684673 -160.391183495538 "segment_05_pts_99-119" -5.70998752334688 121.287057166094 "aval"
189 "189_fs3" 10 120 183.365471695577 11.8963835743706 -171.687969063601 "segment_06_pts_120-139" -4.88346908905851 214.293259599746 "aval"
189 "189_fs3" 10 140 169.515551483161 9.93796056608574 179.219754084432 "segment_07_pts_140-156" 3.94745665724071 163.555150573938 "aval"
189 "189_fs3" 10 157 157.741433321392 10.1298474062835 175.916856514219 "segment_08_pts_157-170" 1.901322898469 234.467189495192 "aval"
189 "189_fs3" 10 171 147.942075593492 10.8297907903853 176.513298036457 "segment_09_pts_171-179" -2.3063306810993 293.663572546034 "aval"
189 "189_fs3" 10 180 141.669797536621 11.2004897431549 178.367783031274 "segment_10_pts_180-185" 3.14897921839946 273.114806222324 "aval"
189 "189_fs3" 10 186 137.492543244548 11.3066987515738 -179.530434493188 "segment_11_pts_186-190" 10.0266616378894 263.245956748847 "aval"
189 "189_fs3" 10 191 134.01095760185 11.2642177554994 -175.626834076129 "segment_12_pts_191-200" 15.4221123340618 255.514651453018 "aval"
190 "190_fs1" 14 1 0 -59.5613378764553 13.1322887466101 "segment_01_pts_1-27" -1.21457254564809 95.2413373975631 "aval"
190 "190_fs1" 14 28 23.0111119931673 -54.1771829452046 16.1540262804618 "segment_02_pts_28-53" -3.64884379564828 132.094633890165 "aval"
190 "190_fs1" 14 54 44.6431529758827 -47.8735834280745 21.844070135176 "segment_03_pts_54-76" -5.20771109455615 120.565757026925 "aval"
190 "190_fs1" 14 77 63.403632596868 -40.2849052262187 31.2832528483033 "segment_04_pts_77-98" -6.31695702556982 154.106575968691 "aval"
190 "190_fs1" 14 99 79.5585868548065 -30.3828633289137 40.1589132913012 "segment_05_pts_99-119" -6.91019556021406 131.395032685578 "aval"
190 "190_fs1" 14 120 93.616462086268 -18.4403818751458 47.9665261797141 "segment_06_pts_120-139" -5.58659751731641 218.246423897172 "aval"
190 "190_fs1" 14 140 105.283921831448 -5.42253659870852 53.3991735597419 "segment_07_pts_140-156" -4.11495348397975 213.25091332665 "aval"
190 "190_fs1" 14 157 114.133865205906 6.55969558175332 58.7602698777868 "segment_08_pts_157-170" -1.42440391053296 222.842892992869 "aval"
190 "190_fs1" 14 171 120.433474133478 17.0375201280197 64.2548509688841 "segment_09_pts_171-179" 2.09827852817371 250.344725786661 "aval"
190 "190_fs1" 14 180 123.787698880389 24.0674252514532 67.5811268873004 "segment_10_pts_180-185" 5.94812076098307 249.443259714304 "aval"
190 "190_fs1" 14 186 125.754734327363 28.8829227918004 69.7898277608227 "segment_11_pts_186-190" 8.28813395284411 266.432126831879 "aval"
190 "190_fs1" 14 191 127.244622556243 32.9750267112081 72.8850857247731 "segment_12_pts_191-200" 11.6781988075195 266.357681405484 "aval"
190 "190_fs2" 13 1 0 17.1132466250339 -6.20352441814918 "segment_01_pts_1-27" -1.5894072727976 112.281386339691 "aval"
190 "190_fs2" 13 28 21.7585479266576 14.7835666965684 -1.82237167416757 "segment_02_pts_28-53" -2.78541082154246 98.0912064523959 "aval"
190 "190_fs2" 13 54 42.7308639426135 14.1389700444442 0.775862634548362 "segment_03_pts_54-76" -2.2096386897458 97.0682950396924 "aval"
190 "190_fs2" 13 77 61.3082477112089 14.4014133174672 1.9020438683843 "segment_04_pts_77-98" -0.749074409619705 123.59843611402 "aval"
190 "190_fs2" 13 99 79.0896637981848 14.9941502506207 1.86515007091923 "segment_05_pts_99-119" -1.74519242339876 106.621767059261 "aval"
190 "190_fs2" 13 120 96.0517661096288 15.5409270561118 0.161372361159879 "segment_06_pts_120-139" -6.77377061487086 186.895269243937 "aval"
190 "190_fs2" 13 140 112.406019661822 15.558675591563 -4.54115514139431 "segment_07_pts_140-156" -7.6119093473373 196.452225583262 "aval"
190 "190_fs2" 13 157 126.175321695116 14.4184717757738 -11.3942448445873 "segment_08_pts_157-170" -5.99082893368767 263.301892282298 "aval"
190 "190_fs2" 13 171 137.081607822215 12.1643444342648 -18.2656003286307 "segment_09_pts_171-179" -3.55295320908745 279.10728804201 "aval"
190 "190_fs2" 13 180 143.82761835022 9.89421960645416 -23.337099649274 "segment_10_pts_180-185" -1.48810751890101 260.693223664651 "aval"
190 "190_fs2" 13 186 148.229343984743 7.96274576517106 -27.2480896075786 "segment_11_pts_186-190" 0.202413699292403 215.640973053185 "aval"
190 "190_fs2" 13 191 151.844326334842 6.07196136779163 -32.6972439124674 "segment_12_pts_191-200" 2.60743979349447 244.380266413974 "aval"
190 "190_fs3" 12 1 0 -84.8224488428223 69.0593577987161 "segment_01_pts_1-27" -0.0867865907172103 140.75940513458 "aval"
190 "190_fs3" 12 28 8.69163027030152 -62.1991832888038 64.7858668115922 "segment_02_pts_28-53" 1.55945595691075 141.377387689301 "aval"
190 "190_fs3" 12 54 18.8955020837925 -40.6482363701627 56.3555445223293 "segment_03_pts_54-76" 3.45081125638349 157.166619797154 "aval"
190 "190_fs3" 12 77 30.3409102836442 -23.6549082835792 41.471626688299 "segment_04_pts_77-98" 5.49568878660575 150.053046509485 "aval"
190 "190_fs3" 12 99 45.4150236708318 -10.4640934994241 29.7876122934011 "segment_05_pts_99-119" 7.82912633083408 208.233849504424 "aval"
190 "190_fs3" 12 120 61.9352563495096 -1.12897121927426 16.5080084162917 "segment_06_pts_120-139" 2.69782604314815 184.671121692885 "aval"
190 "190_fs3" 12 140 79.3453144732379 3.91520593115138 2.83737155976454 "segment_07_pts_140-156" -0.258772368676707 212.502192676395 "aval"
190 "190_fs3" 12 157 94.64278176116 4.58296705956593 -6.6931011476358 "segment_08_pts_157-170" 2.08092408775252 251.59331627189 "aval"
190 "190_fs3" 12 171 107.324560889375 3.03788317172678 -12.2157635784076 "segment_09_pts_171-179" 4.88346893444249 264.038472769416 "aval"
190 "190_fs3" 12 180 115.254512735897 1.29314691959843 -14.9439451452402 "segment_10_pts_180-185" 7.27775719979253 257.46317640794 "aval"
190 "190_fs3" 12 186 120.487984509241 -0.118636808134397 -16.5320642890032 "segment_11_pts_186-190" 9.34388683053153 235.923327990203 "aval"
190 "190_fs3" 12 191 124.818401916731 -1.41414620667194 -18.1264169037223 "segment_12_pts_191-200" 12.6272856238042 297.397475980213 "aval"
190 "190_fs4" 14 1 120.101437024514 161.861278686437 -126.542090978892 "segment_01_pts_1-27" 6.31461192022935 182.251937489657 "aval"
190 "190_fs4" 14 28 106.364298656312 143.271550563062 -122.42466721169 "segment_02_pts_28-53" 2.76067845209506 158.916318927001 "aval"
190 "190_fs4" 14 54 94.3985397368614 124.379603111288 -119.579943652004 "segment_03_pts_54-76" 1.82341149908621 168.374428537071 "aval"
190 "190_fs4" 14 77 84.675694781993 107.240255735771 -119.47581339567 "segment_04_pts_77-98" 3.22415563013776 186.923237020106 "aval"
190 "190_fs4" 14 99 75.3635491566731 90.7626861515645 -118.698186451006 "segment_05_pts_99-119" 0.0413125587597989 224.902858600111 "aval"
190 "190_fs4" 14 120 66.753770972298 75.0170006547021 -118.790116661922 "segment_06_pts_120-139" -2.74575327690285 243.046528195273 "aval"
190 "190_fs4" 14 140 58.459364734774 59.9185498179282 -117.296151964607 "segment_07_pts_140-156" -7.45800393712022 302.734129159813 "aval"
190 "190_fs4" 14 157 51.7447432329162 46.8427714407412 -112.843340003303 "segment_08_pts_157-170" 5.15928823705245 274.842194902182 "aval"
190 "190_fs4" 14 171 47.1387913520188 35.7957798289881 -107.66095829301 "segment_09_pts_171-179" 8.69210453858061 271.79556934175 "aval"
190 "190_fs4" 14 180 44.8500564245336 28.5194413485487 -104.9239028296 "segment_10_pts_180-185" 10.7760256079721 370.733810609338 "aval"
190 "190_fs4" 14 186 43.5479074279384 23.5794251230204 -103.195325067839 "segment_11_pts_186-190" 15.4253189500231 402.82947346765 "aval"
190 "190_fs4" 14 191 42.5808070845833 19.4027310404798 -100.815882741959 "segment_12_pts_191-200" 25.5128704701129 456.475982181976 "aval"
191 "191_fs1" 12 1 0 101.797728369935 -63.2347599713858 "segment_01_pts_1-27" -6.2489573083181 142.314199715949 "aval"
191 "191_fs1" 12 28 7.83473363357729 86.1697438865872 -70.5085883251655 "segment_02_pts_28-53" 0.762595307461211 136.525214532655 "aval"
191 "191_fs1" 12 54 13.485371497677 70.092379298527 -72.2844467450146 "segment_03_pts_54-76" 0.921767298046731 122.460944198985 "aval"
191 "191_fs1" 12 77 18.061842736402 55.8836133150529 -69.7300076429542 "segment_04_pts_77-98" -3.91815369463164 162.451554545895 "aval"
191 "191_fs1" 12 99 22.9855776450271 42.4393526493848 -74.425733477351 "segment_05_pts_99-119" -5.56100810162168 195.136733289393 "aval"
191 "191_fs1" 12 120 26.6405098984458 29.2198793030927 -83.6096530226285 "segment_06_pts_120-139" -1.42439417468708 210.971066747133 "aval"
191 "191_fs1" 12 140 28.0254099306907 16.369381963244 -88.882032580394 "segment_07_pts_140-156" 5.64747176426009 279.602301184511 "aval"
191 "191_fs1" 12 157 28.2429553642399 5.32905595826747 -87.6459384158734 "segment_08_pts_157-170" 9.90620232698008 312.246769961891 "aval"
191 "191_fs1" 12 171 28.6404523742403 -3.90270585344058 -84.5520307052059 "segment_09_pts_171-179" 22.5344990582061 310.249130416735 "aval"
191 "191_fs1" 12 180 29.2197446769878 -9.75922829396228 -81.1944253050319 "segment_10_pts_180-185" 41.5476408167109 293.444660398175 "aval"
191 "191_fs1" 12 186 29.8236615055334 -13.4983346948079 -69.9371460927689 "segment_11_pts_186-190" 44.2960481939266 254.307786648933 "aval"
191 "191_fs1" 12 191 30.996142251255 -16.4550736581064 -53.0571647559807 "segment_12_pts_191-200" 44.364395741133 246.742268930088 "aval"
191 "191_fs2" 12 1 68.6165116934348 -49.5722523551838 -171.852628442344 "segment_01_pts_1-27" -4.3313833702407 193.770833349045 "aval"
191 "191_fs2" 12 28 51.0820685400122 -52.0557755094876 178.128087538682 "segment_02_pts_28-53" 10.1654796185916 180.072014360027 "aval"
191 "191_fs2" 12 54 34.1036241219841 -51.3798929304313 155.000555530207 "segment_03_pts_54-76" 12.970194107413 174.282421632726 "aval"
191 "191_fs2" 12 77 20.5449307802841 -44.8626415799184 127.242137425065 "segment_04_pts_77-98" 17.0975916981618 170.604303044402 "aval"
191 "191_fs2" 12 99 11.9337063791173 -33.1503720181528 98.0883766221502 "segment_05_pts_99-119" 12.3897435200799 200.449691494282 "aval"
191 "191_fs2" 12 120 10.0567832261862 -19.5094757551433 72.1657690043109 "segment_06_pts_120-139" 12.0203652906509 210.922090954148 "aval"
191 "191_fs2" 12 140 14.2533843755786 -7.1875530249892 47.0079834391552 "segment_07_pts_140-156" 10.7003442512523 234.660024274248 "aval"
191 "191_fs2" 12 157 21.9141371105245 0.843413941926144 29.6846658745522 "segment_08_pts_157-170" 3.70938029162733 228.70454925521 "aval"
191 "191_fs2" 12 171 30.0399742288173 5.42424210915726 23.0797273511915 "segment_09_pts_171-179" 1.90624322032869 210.693364968074 "aval"
191 "191_fs2" 12 180 35.3690682198637 7.66610997572303 19.3906489235173 "segment_10_pts_180-185" -0.0269670997673011 203.716678279211 "aval"
191 "191_fs2" 12 186 39.050012577356 8.94736468770185 17.3739086953175 "segment_11_pts_186-190" -1.11548281372158 240.966225205113 "aval"
191 "191_fs2" 12 191 42.19864219278 9.92361555892808 15.6064729678442 "segment_12_pts_191-200" -2.39744347132886 256.821391727444 "aval"
192 "192_fs1" 12 1 128.622147083686 -47.8754201004984 100.543092356126 "segment_01_pts_1-27" -3.19432595169457 161.128187662793 "aval"
192 "192_fs1" 12 28 125.038296025695 -28.8309103865615 105.590992144325 "segment_02_pts_28-53" -5.29359297665968 152.245592171612 "aval"
192 "192_fs1" 12 54 119.283749536462 -8.43661210607922 116.545072200268 "segment_03_pts_54-76" -10.4670033869244 164.31134445643 "aval"
192 "192_fs1" 12 77 111.315776480142 7.28102501787208 139.100676987506 "segment_04_pts_77-98" -15.9818060967053 128.404780714643 "aval"
192 "192_fs1" 12 99 99.6574428970169 17.0732858649974 168.47205210316 "segment_05_pts_99-119" -8.76394623457111 170.618997409158 "aval"
192 "192_fs1" 12 120 82.96384900835 20.3323510189512 -171.247138252099 "segment_06_pts_120-139" 7.77940534711155 196.264974829127 "aval"
192 "192_fs1" 12 140 68.2493037488119 17.9363449973055 -155.25224991451 "segment_07_pts_140-156" 3.32822668841754 221.446565043334 "aval"
192 "192_fs1" 12 157 56.5707537519285 12.4826800767831 -147.93778587428 "segment_08_pts_157-170" 1.69610513357676 221.985177713492 "aval"
192 "192_fs1" 12 171 47.3221308420561 6.65760357366162 -145.273755485211 "segment_09_pts_171-179" 1.39388471754597 261.718768035233 "aval"
192 "192_fs1" 12 180 41.5804789409053 2.67108399908653 -144.814285530684 "segment_10_pts_180-185" 1.52209058531639 247.270787662625 "aval"
192 "192_fs1" 12 186 37.83613789475 0.0325680846830778 -145.129268366756 "segment_11_pts_186-190" 1.75341338822275 241.00939650107 "aval"
192 "192_fs1" 12 191 34.7655119092818 -2.10209437486895 -146.570032146903 "segment_12_pts_191-200" 2.29214343176642 251.380388345266 "aval"
193 "193_fs1" 13 1 39.6280642434488 78.3919289850151 -82.4827759149295 "segment_01_pts_1-27" -2.43677111136843 167.189156483541 "aval"
193 "193_fs1" 13 28 41.5727271122357 63.584798377942 -84.6865239362939 "segment_02_pts_28-53" 3.75422318333844 149.682848378205 "aval"
193 "193_fs1" 13 54 42.9136635050834 49.0079811084282 -84.6052517271101 "segment_03_pts_54-76" 9.33219480349847 152.116623090091 "aval"
193 "193_fs1" 13 77 44.1546297682727 36.3685496260757 -70.0327710434455 "segment_04_pts_77-98" 3.2885273187196 152.864815848534 "aval"
193 "193_fs1" 13 99 48.3973276929567 24.8399865834185 -63.6204678753396 "segment_05_pts_99-119" 5.19256290823649 168.285477535225 "aval"
193 "193_fs1" 13 120 53.6155552089008 14.3855362056086 -58.4373998924416 "segment_06_pts_120-139" 5.39455699045222 149.397860654939 "aval"
193 "193_fs1" 13 140 59.4788668324725 4.86548714035786 -56.1941359145803 "segment_07_pts_140-156" 0.364370450501674 206.502736575205 "aval"
193 "193_fs1" 13 157 64.7408300748673 -2.96745141838699 -54.4672106915569 "segment_08_pts_157-170" -5.07034550808746 166.739980099027 "aval"
193 "193_fs1" 13 171 69.2710971580095 -9.31484564912734 -54.6761622229075 "segment_09_pts_171-179" -4.29787242168371 176.345791416121 "aval"
193 "193_fs1" 13 180 72.1543203950118 -13.3833732182442 -54.6978990347226 "segment_10_pts_180-185" -2.23382196897113 201.495632730371 "aval"
193 "193_fs1" 13 186 74.0792276168744 -16.1023599761226 -54.7714755875456 "segment_11_pts_186-190" 0.0327074982682873 240.614460839215 "aval"
193 "193_fs1" 13 191 75.685086940449 -18.3772213369853 -54.9522877221903 "segment_12_pts_191-200" 2.96333922942172 269.592085997037 "aval"
193 "193_fs2" 10 1 7.75429698506622 -87.8961181676331 111.390660668383 "segment_01_pts_1-27" 11.9479301294238 149.707019935765 "aval"
193 "193_fs2" 10 28 2.14224144895064 -73.4393454092711 98.7249333561578 "segment_02_pts_28-53" 9.18245094625469 136.81399114173 "aval"
193 "193_fs2" 10 54 0 -58.9151705673377 90 "segment_03_pts_54-76" 5.3835205776229 133.414112589926 "aval"
193 "193_fs2" 10 77 0 -45.8614401838472 89.7200796253978 "segment_04_pts_77-98" 9.32160613765171 145.934283172482 "aval"
193 "193_fs2" 10 99 0.0914881474047888 -33.430308684393 80.2872906537515 "segment_05_pts_99-119" 7.29300560699809 161.633931923978 "aval"
193 "193_fs2" 10 120 2.13984960563937 -21.7346769195141 74.0027655607553 "segment_06_pts_120-139" 3.28818441456168 220.009405120085 "aval"
193 "193_fs2" 10 140 5.3239166337134 -10.7017781476297 65.7308960532637 "segment_07_pts_140-156" 5.66615544603568 233.555375024499 "aval"
193 "193_fs2" 10 157 9.42683724822416 -1.75385486788548 53.2940726497104 "segment_08_pts_157-170" 14.9916680654879 280.079079237851 "aval"
193 "193_fs2" 10 171 14.093736244255 4.3451368098971 37.102726497159 "segment_09_pts_171-179" 6.59305878960166 279.643453000849 "aval"
193 "193_fs2" 10 180 18.2565503919579 7.4406992699279 31.7329154033627 "segment_10_pts_180-185" 5.36655282816433 287.1956288546 "aval"
193 "193_fs2" 10 186 21.190602212711 9.24929731341422 30.4437993160178 "segment_11_pts_186-190" 6.95696354673943 291.582977218711 "aval"
193 "193_fs2" 10 191 23.6044129667603 10.6566984921623 28.2567481107101 "segment_12_pts_191-200" 7.90712206361545 291.238102592433 "aval"
193 "193_fs3" 10 1 97.9656241194702 102.301190965739 -124.976139456013 "segment_01_pts_1-27" 4.06864419285009 211.299995427296 "aval"
193 "193_fs3" 10 28 88.9313362180007 89.3690699516811 -123.233795748137 "segment_02_pts_28-53" 10.9325520499882 192.576644654507 "aval"
193 "193_fs3" 10 54 80.6753288482927 76.7624095012928 -119.204089546089 "segment_03_pts_54-76" 11.3005815488878 193.81797293407 "aval"
193 "193_fs3" 10 77 74.1881837281381 65.0344965053652 -109.000827959976 "segment_04_pts_77-98" 9.05661577548884 165.629199539968 "aval"
193 "193_fs3" 10 99 70.0831419188943 53.0182676460247 -102.427855862897 "segment_05_pts_99-119" 9.31226256705118 201.49017932273 "aval"
193 "193_fs3" 10 120 67.4655547323428 40.9866049955656 -98.4867746621638 "segment_06_pts_120-139" 7.70823518397086 226.984160466371 "aval"
193 "193_fs3" 10 140 65.7486366090906 29.3498929862603 -93.0802483758028 "segment_07_pts_140-156" 27.3515753971756 196.426741610001 "aval"
193 "193_fs3" 10 157 65.2931556727737 19.6705873398778 -75.5370522929496 "segment_08_pts_157-170" 21.0140906503461 244.780516212153 "aval"
193 "193_fs3" 10 171 67.3531600961076 12.0710578701244 -60.7332967349667 "segment_09_pts_171-179" 12.1847067543858 199.488914086776 "aval"
193 "193_fs3" 10 180 70.0006736704453 7.44725386956981 -53.3326029830229 "segment_10_pts_180-185" 10.8834834994894 144.438252484016 "aval"
193 "193_fs3" 10 186 72.2256819116543 4.5050457528493 -48.8267419693634 "segment_11_pts_186-190" 10.6793882882642 127.815076326323 "aval"
193 "193_fs3" 10 191 74.3123654362198 2.1501661428764 -43.693007007501 "segment_12_pts_191-200" 11.2634506792059 175.89811859994 "aval"
194 "194_fs1" 9 1 129.42612942613 -96.0995221412682 130.943095142414 "segment_01_pts_1-27" 4.86745223864605 192.841805189024 "amont"
194 "194_fs1" 9 28 120.733191582664 -86.0423623210332 126.059988965043 "segment_02_pts_28-53" 4.55674904824885 137.421450158877 "amont"
194 "194_fs1" 9 54 113.187779768341 -75.6558587313789 123.446449152562 "segment_03_pts_54-76" 5.6764683191269 138.834609729864 "amont"
194 "194_fs1" 9 77 106.971476607997 -66.2356376694507 122.204407284417 "segment_04_pts_77-98" 3.6724449055415 144.879671310581 "amont"
194 "194_fs1" 9 99 101.234817155107 -57.1001073911281 116.961566130882 "segment_05_pts_99-119" -4.24831776417848 126.769861311131 "amont"
194 "194_fs1" 9 120 96.5388360482274 -47.7706807177531 110.337118095719 "segment_06_pts_120-139" -12.4094128768253 221.075850206805 "amont"
194 "194_fs1" 9 140 93.0851084387546 -38.5135982975732 120.952269553991 "segment_07_pts_140-156" -7.43202280056275 219.12684804489 "amont"
194 "194_fs1" 9 157 88.7713091808263 -31.4693178941579 133.672498353854 "segment_08_pts_157-170" 10.7029018945397 277.098649081759 "amont"
194 "194_fs1" 9 171 83.9518161441516 -26.4462857692986 136.555913278649 "segment_09_pts_171-179" 28.4697492898197 259.572716885188 "amont"
194 "194_fs1" 9 180 80.784312708312 -23.4621011510251 138.719389596219 "segment_10_pts_180-185" 41.7145844913713 239.552136527273 "amont"
194 "194_fs1" 9 186 78.5819614234175 -21.5369621298883 139.980632288815 "segment_11_pts_186-190" 44.4527105861135 218.5347247945 "amont"
194 "194_fs1" 9 191 76.6906364998698 -19.9542143682635 141.1650866983 "segment_12_pts_191-200" 48.8465036718557 197.433168006297 "amont"
194 "194_fs2" 10 1 0 -73.9502458382794 84.4283413967768 "segment_01_pts_1-27" 3.15081347345523 83.2218741438776 "amont"
194 "194_fs2" 10 28 1.44261760876208 -59.2505470466616 82.678618314655 "segment_02_pts_28-53" 1.86754879901045 102.220748355333 "amont"
194 "194_fs2" 10 54 3.26890489784995 -45.1145407818864 80.7528024675237 "segment_03_pts_54-76" 0.636828619447442 117.161045883507 "amont"
194 "194_fs2" 10 77 5.30013616515532 -32.6871672318837 79.1888475611513 "segment_04_pts_77-98" 7.61250510979242 143.098548197945 "amont"
194 "194_fs2" 10 99 7.55950505255174 -20.9095881549876 76.0043923410207 "segment_05_pts_99-119" 11.7014979438747 149.219461088822 "amont"
194 "194_fs2" 10 120 10.382631422051 -9.68379959104834 69.9235691053094 "segment_06_pts_120-139" 10.1805578109858 179.989493531744 "amont"
194 "194_fs2" 10 140 14.2285915888104 0.707570436570023 58.0277070420183 "segment_07_pts_140-156" 17.6542008673896 181.800077852636 "amont"
194 "194_fs2" 10 157 19.1413791251063 8.37199846807309 38.3063336689141 "segment_08_pts_157-170" 13.8214843455192 231.029561874118 "amont"
194 "194_fs2" 10 171 25.2974413369019 13.1490252644651 25.5085473932878 "segment_09_pts_171-179" 12.8738214159317 246.360132897139 "amont"
194 "194_fs2" 10 180 29.6543227235778 15.1618862253474 14.6085677424434 "segment_10_pts_180-185" 9.83677224469381 233.78090890419 "amont"
194 "194_fs2" 10 186 32.8119514371784 15.9396049087513 6.11817956759475 "segment_11_pts_186-190" 4.54401215463245 235.937315352285 "amont"
194 "194_fs2" 10 191 35.5938816593056 16.1990265061636 -5.60295363351904 "segment_12_pts_191-200" -4.92445534808116 256.000163465274 "amont"
195 "195_fs1" 10 1 0 7.52648102089427 8.69843942449847 "segment_01_pts_1-27" 5.93479552252377 229.544489599347 "amont"
195 "195_fs1" 10 28 14.7079311672019 9.74135657009208 4.27534583868903 "segment_02_pts_28-53" 2.58907558272172 90.1658259537889 "amont"
195 "195_fs1" 10 54 28.8786107656222 10.807272692817 7.87077435534493 "segment_03_pts_54-76" -4.63597190602218 116.784919695819 "amont"
195 "195_fs1" 10 77 41.3912237445585 12.5766754476812 15.4951878808572 "segment_04_pts_77-98" 8.01237826981866 165.423916310286 "amont"
195 "195_fs1" 10 99 53.0083703133841 15.8070244266637 12.8564058411287 "segment_05_pts_99-119" -0.390312698331208 108.520438761161 "amont"
195 "195_fs1" 10 120 64.3484303518866 18.3425447602534 0.752186957219072 "segment_06_pts_120-139" -31.9772119148012 174.458323033704 "amont"
195 "195_fs1" 10 140 75.3077773535314 18.4099430128938 -14.9101079007919 "segment_07_pts_140-156" -30.4380703242536 272.366815818676 "amont"
195 "195_fs1" 10 157 84.3415838604569 15.9337352779614 -27.9725411745851 "segment_08_pts_157-170" -16.8678216991629 218.622475643031 "amont"
195 "195_fs1" 10 171 91.2170862164825 12.2099473962269 -39.2286393585176 "segment_09_pts_171-179" 4.94725616035129 223.209349799333 "amont"
195 "195_fs1" 10 180 94.96150767418 9.10527950161759 -45.4902065511574 "segment_10_pts_180-185" 19.9319586533997 281.419150709594 "amont"
195 "195_fs1" 10 186 97.2401959270047 6.75566601057426 -49.7012326472623 "segment_11_pts_186-190" 31.9284365385288 334.889863680242 "amont"
195 "195_fs1" 10 191 99.0114685189974 4.63895546561935 -55.2444752345095 "segment_12_pts_191-200" 50.01565147956 352.622213229392 "amont"
195 "195_fs2" 11 1 69.0222597914907 83.450895076959 -142.326070244598 "segment_01_pts_1-27" 13.1490529525751 199.395819596051 "amont"
195 "195_fs2" 11 28 57.2958659272216 74.3403093499247 -133.572133531276 "segment_02_pts_28-53" 11.7145367702734 244.882590822568 "amont"
195 "195_fs2" 11 54 47.4963683043026 63.9871029488228 -126.46883164068 "segment_03_pts_54-76" 9.23475571023825 190.170553077997 "amont"
195 "195_fs2" 11 77 40.0163116324267 53.8141113709858 -120.717144229468 "segment_04_pts_77-98" 5.78069151797922 223.669319712326 "amont"
195 "195_fs2" 11 99 33.8680707221301 43.4239669076998 -116.240449097806 "segment_05_pts_99-119" -5.05617895489161 213.475885271564 "amont"
195 "195_fs2" 11 120 28.8124273724766 33.1079918222057 -112.890261739094 "segment_06_pts_120-139" -16.5194705376303 299.913560552501 "amont"
195 "195_fs2" 11 140 24.5550829126072 23.050442515728 -116.038818317453 "segment_07_pts_140-156" -19.1314740725978 326.853934287337 "amont"
195 "195_fs2" 11 157 20.3177840481255 14.411483681136 -120.030022084111 "segment_08_pts_157-170" -13.2416576182175 310.562535623068 "amont"
195 "195_fs2" 11 171 16.3852199371472 7.6750148145004 -126.777407184423 "segment_09_pts_171-179" 10.8408649228774 317.522646250698 "amont"
195 "195_fs2" 11 180 13.4702368436908 3.83348052298163 -133.582630130277 "segment_10_pts_180-185" 23.2912389693763 352.676205609035 "amont"
195 "195_fs2" 11 186 11.2781159825403 1.58404748556973 -142.000807838636 "segment_11_pts_186-190" 36.3051559772794 409.519415526617 "amont"
195 "195_fs2" 11 191 9.11459099819513 -0.0583575400509631 -152.484464098964 "segment_12_pts_191-200" 54.4210268149437 429.434268925898 "amont"
196 "196_fs1" 16 1 0.946745562130161 14.4738303097377 -36.6030311063762 "segment_01_pts_1-27" -2.02985411201247 173.934558589504 "amont"
196 "196_fs1" 16 28 16.6961766590678 2.70545487876234 -45.9599638352195 "segment_02_pts_28-53" 2.40288408701115 157.659288598691 "amont"
196 "196_fs1" 16 54 29.5562921217383 -10.6775650054954 -52.6581644298082 "segment_03_pts_54-76" 2.26987249206568 160.702169954068 "amont"
196 "196_fs1" 16 77 39.8700759179436 -24.2343604694613 -55.0505383112415 "segment_04_pts_77-98" 3.1052533587857 182.85753098645 "amont"
196 "196_fs1" 16 99 49.3134391277394 -37.6888889125244 -43.6205225649684 "segment_05_pts_99-119" 9.20469250509292 190.201503050908 "amont"
196 "196_fs1" 16 120 59.9569674988189 -47.6068457493806 -17.0192299514724 "segment_06_pts_120-139" 5.56859665909978 221.183090013059 "amont"
196 "196_fs1" 16 140 74.4648718274735 -51.8966729349243 2.25832423361248 "segment_07_pts_140-156" -11.9206063105414 155.991531190655 "amont"
196 "196_fs1" 16 157 86.8300777611333 -51.2898830288519 21.2874644304987 "segment_08_pts_157-170" -9.528588563234 212.967729246782 "amont"
196 "196_fs1" 16 171 95.44852086221 -47.8279281226989 34.3596135469706 "segment_09_pts_171-179" -7.70277583379434 267.585698151387 "amont"
196 "196_fs1" 16 180 100.680126697916 -44.1791760037249 41.9667954988441 "segment_10_pts_180-185" -6.25615592081148 295.542383954808 "amont"
196 "196_fs1" 16 186 104.019974715797 -41.1246279849524 47.0104290326805 "segment_11_pts_186-190" -4.61016802500386 359.612749445858 "amont"
196 "196_fs1" 16 191 106.707030278264 -38.1976578525638 53.1664071921889 "segment_12_pts_191-200" -2.43961489769735 321.671358282562 "amont"
196 "196_fs2" 11 1 0 85.4263037168154 -41.9122932802806 "segment_01_pts_1-27" 2.28735500991291 91.7269246371291 "amont"
196 "196_fs2" 11 28 14.3077822788868 72.6651259422969 -34.6356899514779 "segment_02_pts_28-53" -6.51271310540881 110.471019542346 "amont"
196 "196_fs2" 11 54 29.4622683051203 62.1837425230664 -37.785892345298 "segment_03_pts_54-76" -6.41724589218553 108.436910602424 "amont"
196 "196_fs2" 11 77 42.3880767518929 52.1013077900334 -44.959766627611 "segment_04_pts_77-98" -8.70014706085028 127.888238137496 "amont"
196 "196_fs2" 11 99 53.5894694336959 40.7933874492257 -66.7820034098483 "segment_05_pts_99-119" -3.90253821469524 137.007654587957 "amont"
196 "196_fs2" 11 120 59.1868792724541 27.5171264365971 -79.1785277314985 "segment_06_pts_120-139" -12.5546425989874 180.040618092894 "amont"
196 "196_fs2" 11 140 61.8255041429817 13.2823466575767 -96.916797191097 "segment_07_pts_140-156" -7.93196333461191 183.231311006662 "amont"
196 "196_fs2" 11 157 60.219959313244 1.36499618824587 -114.433998864007 "segment_08_pts_157-170" -9.06246427195133 210.29689990398 "amont"
196 "196_fs2" 11 171 56.0228079709862 -7.81524659633726 -118.410888626623 "segment_09_pts_171-179" -8.89037549988088 189.129257994533 "amont"
196 "196_fs2" 11 180 52.9887145108913 -13.3162074117724 -125.282227999733 "segment_10_pts_180-185" -5.10040873798691 201.394169417722 "amont"
196 "196_fs2" 11 186 50.499761491893 -16.778734414134 -129.812379628388 "segment_11_pts_186-190" -5.22792503802705 226.459676224584 "amont"
196 "196_fs2" 11 191 48.178597383816 -19.5261352846061 -135.178533534976 "segment_12_pts_191-200" -4.78868224412571 251.925757299063 "amont"
196 "196_fs3" 12 1 124.835164835165 134.211923955548 -57.5952746504867 "segment_01_pts_1-27" -5.21117112116332 194.126143199823 "amont"
196 "196_fs3" 12 28 135.74842420316 117.003828962076 -58.4217457151457 "segment_02_pts_28-53" -9.87643258781781 238.391310035346 "amont"
196 "196_fs3" 12 54 145.980662146182 100.329841355283 -64.4464952704633 "segment_03_pts_54-76" -9.48479782464244 172.265329278739 "amont"
196 "196_fs3" 12 77 153.347799016595 84.7960088703386 -72.2003775195462 "segment_04_pts_77-98" -3.18477577289262 212.562286815034 "amont"
196 "196_fs3" 12 99 158.36858157597 68.9516208448002 -81.6255753458483 "segment_05_pts_99-119" 8.06296953463273 260.022598319677 "amont"
196 "196_fs3" 12 120 160.685872523696 53.2734321627836 -70.2691368672923 "segment_06_pts_120-139" -0.879811166978698 252.372421091488 "amont"
196 "196_fs3" 12 140 165.823949120692 39.1735353750508 -64.2786116472776 "segment_07_pts_140-156" -9.19079953555672 309.411414242911 "amont"
196 "196_fs3" 12 157 171.374265933597 27.6502055504259 -66.9759558814691 "segment_08_pts_157-170" -26.3820727674629 374.373179787273 "amont"
196 "196_fs3" 12 171 175.514301309106 17.8584004448458 -77.80727590053 "segment_09_pts_171-179" -29.1646876997423 330.002197264451 "amont"
196 "196_fs3" 12 180 176.770761013208 11.3062839108541 -90.3150088195872 "segment_10_pts_180-185" -24.4007604386822 339.521796824401 "amont"
196 "196_fs3" 12 186 176.738808114768 6.84967599710222 -91.680604935328 "segment_11_pts_186-190" -28.1564413769388 359.902445844442 "amont"
196 "196_fs3" 12 191 176.615671042946 3.09285263479359 -95.484078651376 "segment_12_pts_191-200" -30.5733728438101 373.435361016326 "amont"
197 "197_fs1" 11 1 0.202874049027855 -33.754271411872 80.8356751960056 "segment_01_pts_1-27" 6.7985966322461 162.910038488427 "amont"
197 "197_fs1" 11 28 2.43108988915338 -20.2008741610277 73.3743717017514 "segment_02_pts_28-53" 5.53170800848017 160.505004255953 "amont"
197 "197_fs1" 11 54 6.50133172573709 -6.77567910689021 59.4879590666763 "segment_03_pts_54-76" 6.07712071659113 146.351828832214 "amont"
197 "197_fs1" 11 77 12.7189572728271 3.63981620248541 40.1780182541338 "segment_04_pts_77-98" 14.1698717940395 156.083506701412 "amont"
197 "197_fs1" 11 99 21.4128662021499 10.800464712825 12.4115555604566 "segment_05_pts_99-119" 12.1987210921556 143.672085517405 "amont"
197 "197_fs1" 11 120 31.813329309546 12.9533238584386 -14.5555233497536 "segment_06_pts_120-139" -5.88536811690056 164.646065960562 "amont"
197 "197_fs1" 11 140 41.8422293318755 10.2657162897389 -27.5572026872558 "segment_07_pts_140-156" -3.10812871001096 198.462064229702 "amont"
197 "197_fs1" 11 157 50.2439569641653 5.84431216096448 -31.996290428026 "segment_08_pts_157-170" -2.68126016938677 260.125276559957 "amont"
197 "197_fs1" 11 171 56.8504426255058 1.71565481657564 -31.3420684270713 "segment_09_pts_171-179" -3.58520010166846 193.247018363968 "amont"
197 "197_fs1" 11 180 61.0044962584419 -0.801795739474073 -29.0426731255191 "segment_10_pts_180-185" -4.77490595072071 219.216770723251 "amont"
197 "197_fs1" 11 186 63.7356355817496 -2.30428773743694 -26.2503754094521 "segment_11_pts_186-190" -6.02883272900479 268.010639885937 "amont"
197 "197_fs1" 11 191 65.9885190528663 -3.39987710282401 -20.5568078737802 "segment_12_pts_191-200" -8.41710563208641 370.812303656298 "amont"
197 "197_fs2" 11 1 0.653705269089812 -41.0977185690524 88.7261377654244 "segment_01_pts_1-27" 0.827430331757967 169.617063510586 "amont"
197 "197_fs2" 11 28 0.962654662316424 -26.955208711913 89.919182171642 "segment_02_pts_28-53" 3.39492669185543 143.879010208558 "amont"
197 "197_fs2" 11 54 0.973219515734343 -13.1580409680313 90.1063040546114 "segment_03_pts_54-76" 10.9236817862366 154.905330501332 "amont"
197 "197_fs2" 11 77 1.03807532809361 -1.11335387411901 61.0498335806147 "segment_04_pts_77-98" 15.0692598413445 170.024787783632 "amont"
197 "197_fs2" 11 99 6.94977950023613 9.32672853005698 39.3411418865784 "segment_05_pts_99-119" 19.2014200822451 121.971545172677 "amont"
197 "197_fs2" 11 120 15.3742234175042 16.0564788203296 14.424410906619 "segment_06_pts_120-139" 13.9169585534864 176.968393986441 "amont"
197 "197_fs2" 11 140 26.0000993792194 18.7073800896424 -1.38353507780933 "segment_07_pts_140-156" -9.44213066791795 200.921946603394 "amont"
197 "197_fs2" 11 157 34.9042447964519 18.432276366001 -12.5613968486474 "segment_08_pts_157-170" -12.7694470249623 205.377859421817 "amont"
197 "197_fs2" 11 171 42.1864709893085 16.7654445246309 -19.9691131753394 "segment_09_pts_171-179" -20.6375810242392 247.638896928816 "amont"
197 "197_fs2" 11 180 46.6179473940392 15.1311913381899 -23.9353677596215 "segment_10_pts_180-185" -25.4463784071114 269.740939758793 "amont"
197 "197_fs2" 11 186 49.5027647298255 13.8361917847906 -26.4956060212462 "segment_11_pts_186-190" -29.2623394076613 263.266740900847 "amont"
197 "197_fs2" 11 191 51.8641817499314 12.6479491051658 -29.521404342697 "segment_12_pts_191-200" -34.574851963721 247.577940714915 "amont"
198 "198_fs1" 11 1 102.104566934444 148.648877422143 -79.0503195475374 "segment_01_pts_1-27" -12.0382117438193 141.018934184269 "amont"
198 "198_fs1" 11 28 106.872916076699 123.575325221521 -87.2192022355342 "segment_02_pts_28-53" -5.96522880730495 97.3007652708292 "amont"
198 "198_fs1" 11 54 108.032139808782 99.0578770118014 -94.9493514422652 "segment_03_pts_54-76" -4.08408258239035 93.4437981383239 "amont"
198 "198_fs1" 11 77 106.070165233114 77.4385908017654 -101.962613336045 "segment_04_pts_77-98" -7.27942224708879 98.2860468354115 "amont"
198 "198_fs1" 11 99 101.716101837916 57.145345785645 -108.030917868505 "segment_05_pts_99-119" -4.52984322877514 116.336283839531 "amont"
198 "198_fs1" 11 120 95.5387136706393 38.2481881844503 -111.482455584718 "segment_06_pts_120-139" -4.64296043880596 169.496408322865 "amont"
198 "198_fs1" 11 140 88.5774558098672 20.6659115355945 -115.843050819348 "segment_07_pts_140-156" -0.279171621688249 190.9052134677 "amont"
198 "198_fs1" 11 157 81.5532865222768 6.25689285034855 -120.834299380943 "segment_08_pts_157-170" -0.458641433654321 210.683417371665 "amont"
198 "198_fs1" 11 171 74.7329288193678 -5.10158906322971 -123.870629609289 "segment_09_pts_171-179" -6.02978964613307 282.080525710332 "amont"
198 "198_fs1" 11 180 69.9805426683102 -12.1585496897114 -125.159767265577 "segment_10_pts_180-185" -12.149947799721 323.194483993747 "amont"
198 "198_fs1" 11 186 66.7230069380134 -16.758886430035 -126.788752152266 "segment_11_pts_186-190" -15.7157945932111 334.193385217493 "amont"
198 "198_fs1" 11 191 63.8883168642336 -20.5296795107577 -128.751954505112 "segment_12_pts_191-200" -20.7574408250302 342.581213832325 "amont"
198 "198_fs2" 11 1 298.698224852071 109.097578634303 -148.488160884445 "segment_01_pts_1-27" 1.67819402237669 131.125350290141 "amont"
198 "198_fs2" 11 28 276.685084921116 95.6487652658114 -151.075696996457 "segment_02_pts_28-53" 9.3685266435904 123.77322155347 "amont"
198 "198_fs2" 11 54 255.690808834081 84.0356261255367 -146.124579495402 "segment_03_pts_54-76" 13.287918270469 129.469845991111 "amont"
198 "198_fs2" 11 77 237.706123156187 71.8214480799725 -130.835241789371 "segment_04_pts_77-98" 4.75385494086612 122.200033296824 "amont"
198 "198_fs2" 11 99 224.655053994735 56.5912153408246 -125.533232066104 "segment_05_pts_99-119" -16.7940511521254 129.753184519521 "amont"
198 "198_fs2" 11 120 212.892023833151 40.1886320643796 -131.263089834246 "segment_06_pts_120-139" -35.060674098205 175.397149461318 "amont"
198 "198_fs2" 11 140 199.575044940435 25.1199965183043 -141.658926968496 "segment_07_pts_140-156" -31.5484769323253 217.572496787325 "amont"
198 "198_fs2" 11 157 187.04979135126 15.3755517270569 -159.448943498809 "segment_08_pts_157-170" -12.9190541327296 214.295812000786 "amont"
198 "198_fs2" 11 171 175.768320467045 11.325118900543 -178.967498946819 "segment_09_pts_171-179" 3.03417737317019 244.356897940849 "amont"
198 "198_fs2" 11 180 167.892287307383 11.3129831922548 167.265252097641 "segment_10_pts_180-185" 5.63031606109115 290.674355876201 "amont"
198 "198_fs2" 11 186 162.38350775246 12.6511439434715 157.628606698573 "segment_11_pts_186-190" 8.30226827924568 291.64070644872 "amont"
198 "198_fs2" 11 191 157.650740211997 14.681462451513 145.904388357309 "segment_12_pts_191-200" 12.4922745081923 268.556677430406 "amont"
199 "199_fs1" 9 1 0 -107.044838795498 59.8644995089899 "segment_01_pts_1-27" -4.48237599308557 164.923584332947 "amont"
199 "199_fs1" 9 28 7.62290934241628 -93.8967524647989 61.6251042271382 "segment_02_pts_28-53" -1.63001154745879 114.333384517558 "amont"
199 "199_fs1" 9 54 14.6074212390844 -80.9443573138155 62.7547862264651 "segment_03_pts_54-76" 2.5096430089816 114.852660902698 "amont"
199 "199_fs1" 9 77 20.5379508006553 -69.4360958241203 61.1876736431751 "segment_04_pts_77-98" 5.5392008071306 130.889198284129 "amont"
199 "199_fs1" 9 99 26.5424137581394 -58.5396928081551 58.6417856821607 "segment_05_pts_99-119" 6.37402993050646 141.625012128058 "amont"
199 "199_fs1" 9 120 32.7199961071136 -48.4452167045906 53.5170375989719 "segment_06_pts_120-139" 4.43302987330257 165.468049896625 "amont"
199 "199_fs1" 9 140 39.4608757145328 -39.3767996912129 48.2255472833647 "segment_07_pts_140-156" 1.30516075371023 179.530002615672 "amont"
199 "199_fs1" 9 157 45.8711215243427 -32.2377601076614 43.4637953356235 "segment_08_pts_157-170" -5.65297183839595 244.225620169427 "amont"
199 "199_fs1" 9 171 51.6119588438994 -26.828979953543 39.5308450579524 "segment_09_pts_171-179" -34.4205453615808 283.549781743697 "amont"
199 "199_fs1" 9 180 55.5426769607406 -23.6053330571103 36.8921407860709 "segment_10_pts_180-185" -42.5533863913483 309.761302985269 "amont"
199 "199_fs1" 9 186 58.2644642741687 -21.5755777431528 34.9192024025323 "segment_11_pts_186-190" -47.5850594754113 280.831408540084 "amont"
199 "199_fs1" 9 191 60.593069750608 -19.9609060102897 32.1717766232062 "segment_12_pts_191-200" -55.0211836431696 291.51742261554 "amont"
199 "199_fs2" 10 1 0 85.5347417026655 -87.1097873486171 "segment_01_pts_1-27" 9.55771602641829 157.25012299067 "amont"
199 "199_fs2" 10 28 0.827415267209346 69.5703399821382 -82.8582379311576 "segment_02_pts_28-53" 13.488694152984 150.168632489375 "amont"
199 "199_fs2" 10 54 2.7772622091332 54.3310572786542 -76.2005929258925 "segment_03_pts_54-76" 15.7442939021848 191.350816469699 "amont"
199 "199_fs2" 10 77 6.0542200736993 41.0860246328448 -68.0439388001191 "segment_04_pts_77-98" 16.2458560197095 126.950481059193 "amont"
199 "199_fs2" 10 99 11.02202926272 28.9191777136969 -56.6782675716092 "segment_05_pts_99-119" 15.178060361269 197.747105777322 "amont"
199 "199_fs2" 10 120 17.8667571381153 18.6758841620628 -38.8661849043236 "segment_06_pts_120-139" 8.65619110622308 224.461776822436 "amont"
199 "199_fs2" 10 140 27.3051106865486 11.1694779407904 -24.4285889532256 "segment_07_pts_140-156" -1.08811490867641 252.151904838363 "amont"
199 "199_fs2" 10 157 36.3622390407404 7.12329132313187 -18.1098011387846 "segment_08_pts_157-170" -17.2208724428097 312.474867768337 "amont"
199 "199_fs2" 10 171 44.415635641804 4.47027539962568 -23.3114007883459 "segment_09_pts_171-179" -25.2709625741253 272.258200819882 "amont"
199 "199_fs2" 10 180 49.1200630529942 2.39543529149591 -31.0151743894449 "segment_10_pts_180-185" -25.4294104737962 271.579145408826 "amont"
199 "199_fs2" 10 186 51.9881503536599 0.631583022993368 -37.520055890811 "segment_11_pts_186-190" -24.8937523114449 303.211088792052 "amont"
199 "199_fs2" 10 191 54.2727130641811 -1.16363860962144 -47.1611581687767 "segment_12_pts_191-200" -23.1169058537125 321.326855800153 "amont"
199 "199_fs3" 9 1 94.8098055790363 -121.741850921867 137.277314759743 "segment_01_pts_1-27" 15.1597796323645 217.357072328613 "amont"
199 "199_fs3" 9 28 83.0727862220731 -110.863552618185 131.687630838378 "segment_02_pts_28-53" 12.8209435657025 195.602776402291 "amont"
199 "199_fs3" 9 54 72.942586427773 -99.4443378101842 121.297699775108 "segment_03_pts_54-76" 4.50824965119779 173.587434077063 "amont"
199 "199_fs3" 9 77 66.049796764221 -87.9262491515906 107.931477072992 "segment_04_pts_77-98" -14.1588841498382 169.983267196905 "amont"
199 "199_fs3" 9 99 62.0770225843277 -75.616046936553 107.776667399889 "segment_05_pts_99-119" -24.031351032136 184.252564349981 "amont"
199 "199_fs3" 9 120 58.2250710563339 -63.6521769114449 118.717845313268 "segment_06_pts_120-139" -16.8723672371797 213.119902459513 "amont"
199 "199_fs3" 9 140 52.5620926078257 -53.5692640422698 137.747648044482 "segment_07_pts_140-156" -1.36427272597786 302.56637329006 "amont"
199 "199_fs3" 9 157 44.9229074982064 -46.7106428477273 146.814719058551 "segment_08_pts_157-170" 14.1132005023959 336.038601268595 "amont"
199 "199_fs3" 9 171 38.0935889096993 -42.2947241276141 154.261670368677 "segment_09_pts_171-179" 34.6664792812114 350.125648295462 "amont"
199 "199_fs3" 9 180 33.3773594324273 -40.0566380284536 159.432672761648 "segment_10_pts_180-185" 47.6547886907963 348.770037291913 "amont"
199 "199_fs3" 9 186 30.0487742330814 -38.8298401595756 163.063873370275 "segment_11_pts_186-190" 55.225458350972 315.702390255038 "amont"
199 "199_fs3" 9 191 27.1713022648454 -37.971330112858 167.806175772021 "segment_12_pts_191-200" 66.061704764674 277.425542763841 "amont"
200 "200_fs1" 15 1 297.886728655959 -25.9273479303029 162.993324072864 "segment_01_pts_1-27" -4.65059898309494 141.53014662492 "amont"
200 "200_fs1" 15 28 272.71647975764 -18.2290831515108 162.90567907897 "segment_02_pts_28-53" -4.20894207337926 174.248064493994 "amont"
200 "200_fs1" 15 54 248.52366283471 -10.7862262746382 162.508308928956 "segment_03_pts_54-76" -2.7298824157437 132.158025386632 "amont"
200 "200_fs1" 15 77 227.152048199095 -4.04594881458365 161.834551338786 "segment_04_pts_77-98" -0.717910809696008 148.5236631707 "amont"
200 "200_fs1" 15 99 206.781800515957 2.64606193100212 161.098460661146 "segment_05_pts_99-119" 0.126821667130713 185.975828649787 "amont"
200 "200_fs1" 15 120 187.495846239471 9.25087961065265 161.369124565024 "segment_06_pts_120-139" -5.22550754166213 195.492163671944 "amont"
200 "200_fs1" 15 140 168.83013671795 15.5279181207515 164.930166269211 "segment_07_pts_140-156" -14.8777245694358 255.758901289437 "amont"
200 "200_fs1" 15 157 152.540835535043 19.8442141431917 174.007316073896 "segment_08_pts_157-170" 7.96949120646536 238.109484774924 "amont"
200 "200_fs1" 15 171 139.258925410129 21.1353292687867 -174.649729410697 "segment_09_pts_171-179" 15.931125340781 296.041892002033 "amont"
200 "200_fs1" 15 180 130.890898257147 20.2622319923625 -165.314472371768 "segment_10_pts_180-185" 9.91082718895899 304.570603608235 "amont"
200 "200_fs1" 15 186 125.360122279405 18.7431467976637 -157.933487575626 "segment_11_pts_186-190" 4.30595291419772 360.163915414596 "amont"
200 "200_fs1" 15 191 120.779210069512 16.8217850711383 -147.820064468994 "segment_12_pts_191-200" -4.61872178339124 307.393623706085 "amont"
200 "200_fs2" 16 1 170.549450549451 -89.8047492248651 116.942350903724 "segment_01_pts_1-27" -1.10029510227676 96.0311315311323 "amont"
200 "200_fs2" 16 28 159.201654953278 -67.4352721548141 115.52499172753 "segment_02_pts_28-53" 2.11173223541314 98.806615039427 "amont"
200 "200_fs2" 16 54 148.112413748324 -44.1884161422295 115.359353932156 "segment_03_pts_54-76" -2.976136288776 105.419514107765 "amont"
200 "200_fs2" 16 77 138.609845817343 -24.2556566775048 125.799203925875 "segment_04_pts_77-98" -3.54275599807546 116.374238889299 "amont"
200 "200_fs2" 16 99 126.279092863922 -7.40399496620233 141.203758942365 "segment_05_pts_99-119" -4.51538720650126 133.591830299256 "amont"
200 "200_fs2" 16 120 110.272911155545 5.32621954152938 154.150178300212 "segment_06_pts_120-139" -5.25581331246542 169.669635041088 "amont"
200 "200_fs2" 16 140 93.3464979939863 13.3954497840565 165.941353755217 "segment_07_pts_140-156" -4.1273194556436 199.822015612812 "amont"
200 "200_fs2" 16 157 77.3056813265313 17.3436498936966 172.180785030837 "segment_08_pts_157-170" -3.05029457916999 197.472444796916 "amont"
200 "200_fs2" 16 171 63.7955319002622 19.1653207578488 175.140861302621 "segment_09_pts_171-179" -1.78021515233937 265.837105966238 "amont"
200 "200_fs2" 16 180 55.2654253323577 19.8756237786474 176.499161262679 "segment_10_pts_180-185" -0.605573672418387 286.413402098964 "amont"
200 "200_fs2" 16 186 49.5517416551182 20.2185431700561 177.14429689727 "segment_11_pts_186-190" 0.391637496579932 284.820179734766 "amont"
200 "200_fs2" 16 191 44.7670423663801 20.4538720839871 177.516818518152 "segment_12_pts_191-200" 1.93165793021134 298.394945777444 "amont"
200 "200_fs3" 13 1 0 -72.8664268379855 38.7081122410535 "segment_01_pts_1-27" 6.11285189192166 103.954532559203 "amont"
200 "200_fs3" 13 28 20.3989148643503 -56.6847430456276 25.4738558273398 "segment_02_pts_28-53" -1.65744583892205 99.0935818314678 "amont"
200 "200_fs3" 13 54 42.0487749317409 -46.4363272782671 22.8676135063502 "segment_03_pts_54-76" -2.87892504285397 106.60631290542 "amont"
200 "200_fs3" 13 77 62.0850778422148 -37.942290672714 27.8392371562337 "segment_04_pts_77-98" -1.98891618690241 128.813156962908 "amont"
200 "200_fs3" 13 99 80.4950005730568 -28.1692770184997 33.3233084699973 "segment_05_pts_99-119" -4.6689638162997 169.854756156267 "amont"
200 "200_fs3" 13 120 96.9932377661885 -17.2736621755259 39.3031897411829 "segment_06_pts_120-139" -4.95774094622535 188.512471232884 "amont"
200 "200_fs3" 13 140 111.61742512436 -5.20503991756522 48.930262229892 "segment_07_pts_140-156" 0.118408076529569 209.542169310357 "amont"
200 "200_fs3" 13 157 122.006872031133 6.8260992483826 55.3515093284939 "segment_08_pts_157-170" 3.19099692660291 201.42548144372 "amont"
200 "200_fs3" 13 171 129.508012411557 17.7163806796642 56.6837277787268 "segment_09_pts_171-179" 2.18623708057962 217.492684359103 "amont"
200 "200_fs3" 13 180 134.245947980318 24.926566466722 56.9753547016121 "segment_10_pts_180-185" 0.913161499413143 252.689767054756 "amont"
200 "200_fs3" 13 186 137.372060803134 29.7414085839135 57.2515858089018 "segment_11_pts_186-190" 0.056343573789114 245.066180480564 "amont"
200 "200_fs3" 13 191 139.932293002591 33.7237400594958 57.2554041864252 "segment_12_pts_191-200" -1.44817093929626 256.382859180721 "amont"
201 "201_fs1" 13 1 83.6517328825022 -136.2136854373 131.139028829775 "segment_01_pts_1-27" 0.459185738762329 263.505571294293 "amont"
201 "201_fs1" 13 28 73.3183549454432 -124.391014053195 131.748172149613 "segment_02_pts_28-53" 2.35351562018084 189.661994614548 "amont"
201 "201_fs1" 13 54 63.4081075779361 -113.287903131319 131.990806420775 "segment_03_pts_54-76" 2.38770548037408 249.537817659145 "amont"
201 "201_fs1" 13 77 54.5792767150069 -103.481590658917 131.518892203834 "segment_04_pts_77-98" 6.61397921140313 253.611083275862 "amont"
201 "201_fs1" 13 99 46.1456228892812 -93.939207813453 129.198465775559 "segment_05_pts_99-119" 21.9661630719116 338.525922607772 "amont"
201 "201_fs1" 13 120 38.4594435912917 -84.5321327943152 128.084219083338 "segment_06_pts_120-139" 30.1765973241271 330.181802248825 "amont"
201 "201_fs1" 13 140 31.1702991752672 -75.1169310168617 109.282735806051 "segment_07_pts_140-156" 20.9098751098951 356.170763378992 "amont"
201 "201_fs1" 13 157 28.2382301372419 -66.5666856122011 101.57686863163 "segment_08_pts_157-170" 18.8229072864481 484.592977183565 "amont"
201 "201_fs1" 13 171 26.7115062168914 -59.0237504705125 98.4047838101018 "segment_09_pts_171-179" 12.6614528290201 371.00053883236 "amont"
201 "201_fs1" 13 180 25.9671211123731 -53.8891454972784 96.0547649394944 "segment_10_pts_180-185" 5.08464183160943 374.820683842021 "amont"
201 "201_fs1" 13 186 25.5997698128558 -50.3273009206713 94.2203211878946 "segment_11_pts_186-190" -0.315270306901681 427.541552238604 "amont"
201 "201_fs1" 13 191 25.3833042413431 -47.2681323291403 91.5927242442153 "segment_12_pts_191-200" -6.15690876639898 444.86646883776 "amont"
201 "201_fs2" 12 1 11.4961961115807 58.3171114924833 -103.231848652667 "segment_01_pts_1-27" -5.31283263067738 179.937674140858 "amont"
201 "201_fs2" 12 28 7.68919891647681 42.1770650024937 -104.347959492932 "segment_02_pts_28-53" 7.40093067462212 179.363553481216 "amont"
201 "201_fs2" 12 54 3.92327758406594 26.8389343894735 -89.3533488950673 "segment_03_pts_54-76" 4.30170741149816 166.797587694266 "amont"
201 "201_fs2" 12 77 4.08987062580712 12.6207548566015 -72.6478327770635 "segment_04_pts_77-98" 13.9232780287621 165.042197804708 "amont"
201 "201_fs2" 12 99 8.16242686427165 0.497326421601713 -39.5846233046589 "segment_05_pts_99-119" 7.48757846465799 169.905414581095 "amont"
201 "201_fs2" 12 120 18.5378497280877 -7.99406484203195 -23.1095995074935 "segment_06_pts_120-139" 5.68086365242093 172.784378789837 "amont"
201 "201_fs2" 12 140 29.8049465791132 -12.7140469287436 -11.9703461278989 "segment_07_pts_140-156" 5.0528759314996 206.101726511862 "amont"
201 "201_fs2" 12 157 40.3163080841761 -14.9113118670259 -6.99184157325916 "segment_08_pts_157-170" 6.37085922858848 229.943360584536 "amont"
201 "201_fs2" 12 171 48.9061405269254 -15.9255659595389 0.422916686462454 "segment_09_pts_171-179" -5.84359773594391 244.419225829561 "amont"
201 "201_fs2" 12 180 54.5092976900934 -15.8332601959889 9.24817113259462 "segment_10_pts_180-185" -0.921710361953334 227.397320558271 "amont"
201 "201_fs2" 12 186 58.0763048975815 -15.2036566439532 18.3142753155763 "segment_11_pts_186-190" 5.14649697392064 232.564708488933 "amont"
201 "201_fs2" 12 191 60.871265131975 -14.2280395822201 32.6466218930484 "segment_12_pts_191-200" 15.3689527832486 259.813211474872 "amont"
201 "201_fs3" 12 1 69.3829247675402 -79.7512846548285 137.318593133771 "segment_01_pts_1-27" 4.26943735707246 112.404937401002 "amont"
201 "201_fs3" 12 28 56.9284134449803 -68.268854589651 136.791900182472 "segment_02_pts_28-53" 2.98122607101854 130.474888475819 "amont"
201 "201_fs3" 12 54 45.5860473444375 -57.6051292220291 137.140661909162 "segment_03_pts_54-76" 4.10997114000747 131.300148947221 "amont"
201 "201_fs3" 12 77 34.9896654109991 -47.7567334987054 131.57366309845 "segment_04_pts_77-98" 7.56353130239923 138.737123085857 "amont"
201 "201_fs3" 12 99 25.8708496058738 -37.3671815101798 114.858227852315 "segment_05_pts_99-119" -0.839572419720241 166.044616283804 "amont"
201 "201_fs3" 12 120 20.7079462409358 -26.0609447614824 104.118794569931 "segment_06_pts_120-139" 13.4830437422978 176.517542410585 "amont"
201 "201_fs3" 12 140 17.7531616149207 -14.0279440451029 89.6573967082374 "segment_07_pts_140-156" 4.67922472875091 196.103692518688 "amont"
201 "201_fs3" 12 157 17.8985000556248 -3.35285935050973 77.7133280777038 "segment_08_pts_157-170" -3.47366665294292 223.677997139231 "amont"
201 "201_fs3" 12 171 19.7925631921994 5.1459671008019 71.6866503227479 "segment_09_pts_171-179" 5.41369377718787 214.841914269835 "amont"
201 "201_fs3" 12 180 21.487753466914 10.1470793620337 59.5545621405663 "segment_10_pts_180-185" 2.86030165818944 218.582721252785 "amont"
201 "201_fs3" 12 186 23.3561462672221 13.1771002995798 47.6781263741393 "segment_11_pts_186-190" -3.75788545052984 233.099547242537 "amont"
201 "201_fs3" 12 191 25.5100157642938 15.4728961603845 37.0265766077323 "segment_12_pts_191-200" -9.11757108463759 252.072117840288 "amont"
202 "202_fs1" 13 1 16.5002982972522 112.04816015188 -112.576150415885 "segment_01_pts_1-27" -1.19400536093487 199.957397600556 "amont"
202 "202_fs1" 13 28 9.19894313095688 94.3344294894505 -103.783884651253 "segment_02_pts_28-53" 0.0277421842510677 199.73544367912 "amont"
202 "202_fs1" 13 54 4.84435752769969 76.4387692175914 -100.25749934287 "segment_03_pts_54-76" 8.00930352932801 189.224466754865 "amont"
202 "202_fs1" 13 77 1.92959820541262 60.3473153021862 -97.3097051033454 "segment_04_pts_77-98" 7.34174604107866 190.310017347335 "amont"
202 "202_fs1" 13 99 0.0150876366766397 44.8820194964122 -86.4947567991944 "segment_05_pts_99-119" 1.17996149381699 225.844433547631 "amont"
202 "202_fs1" 13 120 0.969876283873077 30.0532443692229 -80.5964718294097 "segment_06_pts_120-139" 7.96968194631096 245.76692414309 "amont"
202 "202_fs1" 13 140 3.35125385662081 16.0229501209506 -68.6383721467085 "segment_07_pts_140-156" 11.1300480377852 255.319404443218 "amont"
202 "202_fs1" 13 157 7.88004917707588 4.65976742246528 -57.2979706361484 "segment_08_pts_157-170" 17.419757441772 271.643462169008 "amont"
202 "202_fs1" 13 171 13.2435680830137 -3.48736682420611 -41.7231156701976 "segment_09_pts_171-179" 9.33091627929634 240.736544563542 "amont"
202 "202_fs1" 13 180 18.1700028065459 -7.78532409961781 -33.056828829736 "segment_10_pts_180-185" 3.05232273724644 255.266120756687 "amont"
202 "202_fs1" 13 186 21.813624537145 -10.1129314113011 -27.3727503710766 "segment_11_pts_186-190" 0.264856607049875 251.122566827044 "amont"
202 "202_fs1" 13 191 24.9158219675217 -11.668750205873 -16.1635629430274 "segment_12_pts_191-200" -7.7885432812371 261.175105569197 "amont"
202 "202_fs2" 12 1 43.6855452240067 94.886184548986 -111.769441147369 "segment_01_pts_1-27" 0.429821630523719 138.43351997792 "amont"
202 "202_fs2" 12 28 36.5361065183486 76.9567110065623 -110.798982206304 "segment_02_pts_28-53" 4.55060549876423 133.075125972463 "amont"
202 "202_fs2" 12 54 29.9589909462084 59.5596567423695 -103.978514929455 "segment_03_pts_54-76" 6.38235867114071 125.108309895347 "amont"
202 "202_fs2" 12 77 26.0520488220443 43.6820659832148 -91.8426850721975 "segment_04_pts_77-98" 3.98445538123929 138.746389795904 "amont"
202 "202_fs2" 12 99 25.6164213871095 27.7427985020957 -82.5263832109002 "segment_05_pts_99-119" 5.64002910893041 145.857516956791 "amont"
202 "202_fs2" 12 120 27.5865725908071 13.1280395552238 -54.3188713954047 "segment_06_pts_120-139" -3.16605164737496 177.298653922102 "amont"
202 "202_fs2" 12 140 35.998854304199 1.69991168988713 -40.2268987100905 "segment_07_pts_140-156" 0.309235476395685 199.436989129942 "amont"
202 "202_fs2" 12 157 45.4704877884209 -6.29528283166132 -36.4857581646235 "segment_08_pts_157-170" 7.02330992226652 207.262650122544 "amont"
202 "202_fs2" 12 171 53.2999346917863 -12.0488568354139 -32.7423826360084 "segment_09_pts_171-179" 4.06958673481611 182.469791163642 "amont"
202 "202_fs2" 12 180 58.6699043499691 -15.4842398582026 -30.8632576942207 "segment_10_pts_180-185" 1.21780902263468 184.068722060154 "amont"
202 "202_fs2" 12 186 62.3963179671932 -17.7018805501175 -29.7714855877363 "segment_11_pts_186-190" -0.448577905778738 207.144277789773 "amont"
202 "202_fs2" 12 191 65.591158070162 -19.5231904030294 -28.6769906654606 "segment_12_pts_191-200" -3.2575073261719 229.608283449119 "amont"
202 "202_fs3" 13 1 0 -70.7740786359097 76.2575414714508 "segment_01_pts_1-27" 4.41619816053469 125.248822452005 "amont"
202 "202_fs3" 13 28 4.4048076405808 -52.8901630131346 71.871555966555 "segment_02_pts_28-53" 2.98029044957475 138.583046295747 "amont"
202 "202_fs3" 13 54 10.0971969362314 -35.569792184215 67.08765994672 "segment_03_pts_54-76" 2.31478082152893 142.229023622981 "amont"
202 "202_fs3" 13 77 16.3796096021275 -20.8137611061967 59.9924517854055 "segment_04_pts_77-98" 3.91096133587789 129.225163704988 "amont"
202 "202_fs3" 13 99 23.9907995166076 -7.72702528067481 50.0800913411209 "segment_05_pts_99-119" 5.79556554932533 188.185702229064 "amont"
202 "202_fs3" 13 120 33.3727734867262 3.37706105293722 39.7968773220817 "segment_06_pts_120-139" 10.8507007192902 194.35284065065 "amont"
202 "202_fs3" 13 140 44.1648518242035 12.2999282432723 31.2054295729662 "segment_07_pts_140-156" 15.8725870275327 189.033018954694 "amont"
202 "202_fs3" 13 157 54.218752769907 18.3091374387322 20.3195426234845 "segment_08_pts_157-170" 14.9522531968171 217.761856825652 "amont"
202 "202_fs3" 13 171 63.4620874047663 21.659803301397 10.6560473644582 "segment_09_pts_171-179" 10.5683844208969 206.9045946138 "amont"
202 "202_fs3" 13 180 69.4997534602715 22.7416149194057 2.77378428666854 "segment_10_pts_180-185" 0.223282143280102 217.290144918145 "amont"
202 "202_fs3" 13 186 73.5697576893577 22.8976589884588 -3.66022968622228 "segment_11_pts_186-190" -0.384255054468016 281.856138027995 "amont"
202 "202_fs3" 13 191 77.012870073282 22.6405958632922 -12.9176564105847 "segment_12_pts_191-200" 7.45532626429786 348.150936536065 "amont"
203 "203_fs1" 13 1 33.1360946745562 -82.3605757050107 107.814014233033 "segment_01_pts_1-27" -0.902763490845047 188.599782894158 "amont"
203 "203_fs1" 13 28 27.7531161843826 -65.6801886274532 112.003930458977 "segment_02_pts_28-53" 2.53404406530662 189.57362004454 "amont"
203 "203_fs1" 13 54 21.5018197462958 -50.3030043893242 116.090642950207 "segment_03_pts_54-76" 4.95578764828386 208.724787944527 "amont"
203 "203_fs1" 13 77 14.9373470828845 -36.8903854425701 113.584041045844 "segment_04_pts_77-98" 8.20628552516173 237.755639892803 "amont"
203 "203_fs1" 13 99 9.27364226898823 -23.92339422472 108.970634655387 "segment_05_pts_99-119" 11.0250804993256 242.176839254584 "amont"
203 "203_fs1" 13 120 5.01748473178077 -11.0247235662491 84.4761948207521 "segment_06_pts_120-139" 9.44666864476085 241.792875749427 "amont"
203 "203_fs1" 13 140 6.33378188750493 1.94661405212412 75.1156383131116 "segment_07_pts_140-156" 15.7463896778036 267.880295180242 "amont"
203 "203_fs1" 13 157 9.20206728426433 12.2774783230976 51.3983576346588 "segment_08_pts_157-170" 11.558242356545 297.574439276778 "amont"
203 "203_fs1" 13 171 15.0525265371911 19.4410017157448 39.7069865272975 "segment_09_pts_171-179" 11.0652510538289 293.605258743569 "amont"
203 "203_fs1" 13 180 19.6404654941351 23.2203094413993 34.6648851171718 "segment_10_pts_180-185" 13.5961577388284 304.56281913304 "amont"
203 "203_fs1" 13 186 22.7629644436672 25.3294676415123 27.9826348969299 "segment_11_pts_186-190" 13.9738024508241 292.546195270858 "amont"
203 "203_fs1" 13 191 25.627862739611 26.8146779711284 19.6036760345938 "segment_12_pts_191-200" 15.0731169774678 283.599087896475 "amont"
203 "203_fs2" 13 1 67.8951817413357 -115.671918464192 128.465446905367 "segment_01_pts_1-27" 3.83807474351488 236.435133532137 "amont"
203 "203_fs2" 13 28 56.0786484621085 -100.810237759113 129.084377089363 "segment_02_pts_28-53" 2.39542877249043 212.365547769163 "amont"
203 "203_fs2" 13 54 45.000851911677 -87.184010162925 130.047816583423 "segment_03_pts_54-76" 3.52741364022418 204.369965530486 "amont"
203 "203_fs2" 13 77 34.6624961258391 -74.8544163104244 123.666083989011 "segment_04_pts_77-98" 9.8530307087251 201.810776616496 "amont"
203 "203_fs2" 13 99 26.2866652861796 -62.1328211613173 113.044647112481 "segment_05_pts_99-119" 10.9166976956586 214.680968428356 "amont"
203 "203_fs2" 13 120 20.615380406524 -48.6864943710561 98.2653182756757 "segment_06_pts_120-139" 14.4507789644917 262.458150675523 "amont"
203 "203_fs2" 13 140 18.787596922416 -35.1230333308366 81.3071842876578 "segment_07_pts_140-156" 4.11384424122146 264.949116980524 "amont"
203 "203_fs2" 13 157 20.6123371994373 -23.496833688697 75.9101189948564 "segment_08_pts_157-170" 3.3378501277968 296.113195641675 "amont"
203 "203_fs2" 13 171 22.9975333089371 -14.0337301625854 74.6788402525944 "segment_09_pts_171-179" 6.33763991925039 309.239235650674 "amont"
203 "203_fs2" 13 180 24.6606794032704 -8.06412123915248 70.5878011476141 "segment_10_pts_180-185" -3.63079190478622 284.00525529637 "amont"
203 "203_fs2" 13 186 26.0606516880684 -4.1529924547886 67.6936976457805 "segment_11_pts_186-190" -10.9844192574205 290.273275498745 "amont"
203 "203_fs2" 13 191 27.3914951060064 -0.943707793534088 64.9820579813197 "segment_12_pts_191-200" -17.2070345556757 295.940251943131 "amont"
203 "203_fs3" 11 1 127.2696534235 46.1894372089963 -139.532811109369 "segment_01_pts_1-27" 0.605573029090692 108.477243095928 "amont"
203 "203_fs3" 11 28 113.975474967156 34.8168424151737 -137.739147879849 "segment_02_pts_28-53" 0.967130944474178 108.022717882751 "amont"
203 "203_fs3" 11 54 100.878074579531 22.9401822731355 -143.8895747233 "segment_03_pts_54-76" -1.69538762654645 131.214558650124 "amont"
203 "203_fs3" 11 77 88.8051777749147 14.2216972091024 -159.223259071772 "segment_04_pts_77-98" -7.02137274355977 119.789108423201 "amont"
203 "203_fs3" 11 99 75.754763692634 9.36984109504186 -172.705066138301 "segment_05_pts_99-119" -6.58305055317675 147.823407104989 "amont"
203 "203_fs3" 11 120 61.9340670709083 7.64653631724678 -178.294927326067 "segment_06_pts_120-139" 2.95196453531986 160.740138974082 "amont"
203 "203_fs3" 11 140 48.5772781007578 7.25727005636168 -179.037824609357 "segment_07_pts_140-156" -0.163538637178334 179.748514070296 "amont"
203 "203_fs3" 11 157 37.439647780014 7.07727172245251 178.941516746016 "segment_08_pts_157-170" 6.82418221814964 208.279029139838 "amont"
203 "203_fs3" 11 171 28.2482788112457 7.26842887264883 175.438220561753 "segment_09_pts_171-179" 13.8815420094627 223.555215321843 "amont"
203 "203_fs3" 11 180 22.3858896538733 7.75723050160377 172.17408942264 "segment_10_pts_180-185" 19.1665348372289 234.200843615541 "amont"
203 "203_fs3" 11 186 18.5158142771184 8.30653953533181 169.2900125005 "segment_11_pts_186-190" 22.8391216520255 257.293747847071 "amont"
203 "203_fs3" 11 191 15.317438118459 8.92796429687968 164.772164675702 "segment_12_pts_191-200" 27.1025570862105 291.911703003388 "amont"
204 "204_fs1" 13 1 152.6287103987 -38.628136944111 -169.679846985 "segment_01_pts_1-27" -0.587890137215567 223.164539996311 "amont"
204 "204_fs1" 13 28 136.034952827374 -41.7288953162833 -156.397500158788 "segment_02_pts_28-53" -3.16297561127314 212.519536770703 "amont"
204 "204_fs1" 13 54 121.204114537522 -48.2754354813446 -146.860423965666 "segment_03_pts_54-76" -6.35943373147597 237.40968220376 "amont"
204 "204_fs1" 13 77 109.107814290821 -56.2027451789797 -147.06985695672 "segment_04_pts_77-98" -7.62127917182633 226.372363768629 "amont"
204 "204_fs1" 13 99 97.5734522370524 -63.6087887376793 -157.801870083652 "segment_05_pts_99-119" -19.1998856210767 288.602777392058 "amont"
204 "204_fs1" 13 120 85.3291097178402 -68.5388836730947 -169.035320295695 "segment_06_pts_120-139" 9.93975683776452 316.9407333875 "amont"
204 "204_fs1" 13 140 72.8702494563782 -70.8789587055761 178.261003744445 "segment_07_pts_140-156" 36.2145739225318 360.624869937632 "amont"
204 "204_fs1" 13 157 61.8317789572411 -70.4574076753551 160.248370907921 "segment_08_pts_157-170" 42.0494150365445 366.494686419217 "amont"
204 "204_fs1" 13 171 54.5235051259829 -67.7234267206191 142.725091909405 "segment_09_pts_171-179" 33.2847632121937 436.091848565955 "amont"
204 "204_fs1" 13 180 50.4653279179131 -64.5498898513932 131.987710321724 "segment_10_pts_180-185" 26.9255034963661 489.235393331601 "amont"
204 "204_fs1" 13 186 47.9899206017326 -61.7310634728635 124.682601062806 "segment_11_pts_186-190" 23.5963520005579 518.566119755538 "amont"
204 "204_fs1" 13 191 46.0875857404234 -58.9154734971505 115.824766098827 "segment_12_pts_191-200" 21.354573086239 528.198279628833 "amont"
204 "204_fs2" 13 1 54.906221785498 -98.3274325252085 131.183708477471 "segment_01_pts_1-27" 19.8899082778503 222.410497628583 "amont"
204 "204_fs2" 13 28 43.5439546204402 -85.3308204268193 129.387115158097 "segment_02_pts_28-53" 16.4660003611281 209.14961058471 "amont"
204 "204_fs2" 13 54 33.2584007306819 -72.7905921469184 123.712645016972 "segment_03_pts_54-76" 8.64127713122039 213.754220623304 "amont"
204 "204_fs2" 13 77 25.2670623470675 -60.652722656632 110.595917724368 "segment_04_pts_77-98" -6.00960423287967 215.965246542581 "amont"
204 "204_fs2" 13 99 20.4266756667513 -47.6914968745713 108.246484330733 "segment_05_pts_99-119" -12.017212316772 225.665777887568 "amont"
204 "204_fs2" 13 120 16.2284679323714 -34.939905784429 108.866598023438 "segment_06_pts_120-139" -5.41447172006299 293.683915937462 "amont"
204 "204_fs2" 13 140 12.1361520264276 -23.049586520288 114.182375370723 "segment_07_pts_140-156" 10.5241224734789 275.889227403377 "amont"
204 "204_fs2" 13 157 7.71612565764451 -13.2508995861076 118.505835063407 "segment_08_pts_157-170" 23.1596672387763 362.901389994545 "amont"
204 "204_fs2" 13 171 3.34117356732364 -5.32457356000299 120.258420082083 "segment_09_pts_171-179" 50.9478831825107 381.055020810609 "amont"
204 "204_fs2" 13 180 0.483949398232369 -0.243029798871248 99.68686973275 "segment_10_pts_180-185" 50.4069145844653 334.69606894334 "amont"
204 "204_fs2" 13 186 0.0378782690301875 3.16094227632959 77.4365133292849 "segment_11_pts_186-190" 38.9085342289858 308.32610219753 "amont"
204 "204_fs2" 13 191 0.759400995900421 6.01706554699081 57.6919695030731 "segment_12_pts_191-200" 30.5423845656706 293.872482371442 "amont"
206 "206_fs1" 11 1 188.1243542782 4.87757902002608 163.657148499694 "segment_01_pts_1-27" 5.57524465697941 118.497124483401 "amont"
206 "206_fs1" 11 28 174.887789602519 8.74781051913075 166.452345485394 "segment_02_pts_28-53" 1.43783411031023 104.059535150526 "amont"
206 "206_fs1" 11 54 161.94204686395 11.8504538642624 170.218202473973 "segment_03_pts_54-76" -1.00037721606486 103.278964802316 "amont"
206 "206_fs1" 11 77 150.34092860375 13.8313420100155 174.621226095708 "segment_04_pts_77-98" -1.81645342881609 129.14016974927 "amont"
206 "206_fs1" 11 99 139.171425222095 14.8642718169223 177.54967586889 "segment_05_pts_99-119" -2.24274645980182 135.472863655832 "amont"
206 "206_fs1" 11 120 128.434323124082 15.3222917165097 176.690162611604 "segment_06_pts_120-139" -1.09490806025065 211.963956816503 "amont"
206 "206_fs1" 11 140 118.198486520039 15.9296564914299 172.160584547718 "segment_07_pts_140-156" 2.68611875504618 208.999457268629 "amont"
206 "206_fs1" 11 157 109.589996285759 17.1478072257107 164.350004701665 "segment_08_pts_157-170" -0.0972631522158736 272.670481486767 "amont"
206 "206_fs1" 11 171 102.937357733407 19.050999792082 156.772610318838 "segment_09_pts_171-179" -9.65724720287565 268.967161994468 "amont"
206 "206_fs1" 11 180 98.7947378102445 20.8607896215339 151.143797852379 "segment_10_pts_180-185" -19.4424862589304 275.326878317386 "amont"
206 "206_fs1" 11 186 96.0969292742907 22.3717353404096 146.798801265012 "segment_11_pts_186-190" -28.3012946643468 305.540535737319 "amont"
206 "206_fs1" 11 191 93.890879454299 23.8377537270885 140.742775549442 "segment_12_pts_191-200" -36.0455934223129 346.833044873013 "amont"
206 "206_fs2" 12 1 44.181459566075 129.843586376676 -132.925645697729 "segment_01_pts_1-27" 20.9245747871544 269.417002834238 "amont"
206 "206_fs2" 12 28 34.9295574791154 119.847417400067 -125.560915897971 "segment_02_pts_28-53" 15.5616632003706 201.026606782342 "amont"
206 "206_fs2" 12 54 27.3656824908438 109.213377356539 -119.052978527091 "segment_03_pts_54-76" 7.59951155070151 185.782778401362 "amont"
206 "206_fs2" 12 77 21.7656852892561 99.0828004689258 -113.450482616562 "segment_04_pts_77-98" 0.493536301113338 167.099548244193 "amont"
206 "206_fs2" 12 99 17.3711823053288 88.9207900689257 -113.526231867257 "segment_05_pts_99-119" 1.67289425406612 209.278749277605 "amont"
206 "206_fs2" 12 120 13.1357819421952 79.2554649892857 -117.969498826594 "segment_06_pts_120-139" 28.3391036334778 222.887208267112 "amont"
206 "206_fs2" 12 140 8.41797853782032 70.3699737307612 -122.146974854507 "segment_07_pts_140-156" 38.9715004794647 304.458612791091 "amont"
206 "206_fs2" 12 157 3.69829116516848 62.883697600149 -117.784905137104 "segment_08_pts_157-170" 72.5942641648574 341.274833659209 "amont"
206 "206_fs2" 12 171 0.461402496867322 56.556866534399 -97.0091135968768 "segment_09_pts_171-179" 63.9657065252098 289.231257741122 "amont"
206 "206_fs2" 12 180 0 52.3256636810987 -90 "segment_10_pts_180-185" 60.4579236967998 371.652938367086 "amont"
206 "206_fs2" 12 186 0 49.4062000716908 -90 "segment_11_pts_186-190" 64.8499210554286 434.440185968327 "amont"
206 "206_fs2" 12 191 0 46.9014821712984 -90 "segment_12_pts_191-200" 69.8607692667541 517.78787225815 "amont"
206 "206_fs3" 12 1 96.6356720202875 -64.6658969270289 161.176080573016 "segment_01_pts_1-27" 2.72342639391181 188.107730582888 "amont"
206 "206_fs3" 12 28 84.1196722086925 -60.4008729771362 161.421397684627 "segment_02_pts_28-53" -0.276000813460229 171.353996624871 "amont"
206 "206_fs3" 12 54 72.0652026455556 -56.3494279319466 161.388978797568 "segment_03_pts_54-76" 0.496877837834148 163.372973434073 "amont"
206 "206_fs3" 12 77 61.381591617535 -52.7503455323326 160.967595252801 "segment_04_pts_77-98" 5.72592851327485 181.977188007776 "amont"
206 "206_fs3" 12 99 51.2207182006659 -49.2430154714464 159.770823606569 "segment_05_pts_99-119" 13.2226593547879 266.882159310329 "amont"
206 "206_fs3" 12 120 41.5160854368212 -45.6523006997753 155.783752882221 "segment_06_pts_120-139" 31.3506492831302 214.920283329536 "amont"
206 "206_fs3" 12 140 32.5811971506015 -41.6215427687362 151.271076282097 "segment_07_pts_140-156" 48.6731887593377 304.014044747438 "amont"
206 "206_fs3" 12 157 24.8217266257669 -37.300247662229 131.534619309655 "segment_08_pts_157-170" 45.3222323487813 352.167913634405 "amont"
206 "206_fs3" 12 171 20.8687620017786 -32.7006778394215 115.921286743551 "segment_09_pts_171-179" 33.6387971018329 275.253986020801 "amont"
206 "206_fs3" 12 180 19.1416938254315 -29.0812326393743 109.546264924679 "segment_10_pts_180-185" 41.1092748034102 221.913918147541 "amont"
206 "206_fs3" 12 186 18.1914890984644 -26.3278231824181 103.925599269282 "segment_11_pts_186-190" 50.8979146996521 302.121770390077 "amont"
206 "206_fs3" 12 191 17.5915210526642 -23.8031940794505 95.3811181607977 "segment_12_pts_191-200" 54.8068838082281 373.202385132438 "amont"
207 "207_fs1" 8 1 93.119188503804 81.2351775548002 -145.296671832713 "segment_01_pts_1-27" 12.4927388930635 127.045631596553 "amont"
207 "207_fs1" 8 28 77.6744124811352 70.444176033814 -133.370019602936 "segment_02_pts_28-53" 12.5835669924175 108.424398301559 "amont"
207 "207_fs1" 8 54 65.3442111395901 57.3080795954183 -124.38262238167 "segment_03_pts_54-76" 9.93711706005907 105.053518511685 "amont"
207 "207_fs1" 8 77 56.3289807051182 44.0322871625392 -116.568040603078 "segment_04_pts_77-98" -3.27556802695928 105.178099531696 "amont"
207 "207_fs1" 8 99 49.5435672822108 30.4280217509153 -116.769807400392 "segment_05_pts_99-119" -8.30988247592471 110.829161626792 "amont"
207 "207_fs1" 8 120 42.8647324291391 17.2168916743917 -118.994075544312 "segment_06_pts_120-139" -10.9590171496721 154.559204873166 "amont"
207 "207_fs1" 8 140 36.0779220383771 5.02842092091851 -124.9783021823 "segment_07_pts_140-156" -9.14678935475526 180.103661644544 "amont"
207 "207_fs1" 8 157 29.3206333518381 -4.53636892763248 -133.591169924217 "segment_08_pts_157-170" -3.94016680120569 181.253197019268 "amont"
207 "207_fs1" 8 171 22.5630640719799 -11.5608689788741 -140.476151686179 "segment_09_pts_171-179" 3.05551709939022 204.258274367749 "amont"
207 "207_fs1" 8 180 17.6672607725446 -15.5565071397001 -145.068112479377 "segment_10_pts_180-185" 8.58965371148125 215.937341320638 "amont"
207 "207_fs1" 8 186 14.1881983493147 -17.958334468811 -148.519788734486 "segment_11_pts_186-190" 12.817612699952 218.877674810547 "amont"
207 "207_fs1" 8 191 11.1678634745153 -19.7847016540146 -153.382598852938 "segment_12_pts_191-200" 19.0988718119784 228.371983817831 "amont"
207 "207_fs2" 12 1 35.7058167902671 123.827002439814 -144.89183578854 "segment_01_pts_1-27" 16.1756726983332 189.646554231021 "amont"
207 "207_fs2" 12 28 20.2667859084746 112.917242230099 -135.349609542869 "segment_02_pts_28-53" 13.9008211621885 172.013200662441 "amont"
207 "207_fs2" 12 54 7.46784590638077 99.9989748159185 -112.034643586744 "segment_03_pts_54-76" 17.0518993277734 149.973447405068 "amont"
207 "207_fs2" 12 77 1.51317043491537 85.0338363338597 -95.3004308687823 "segment_04_pts_77-98" 12.6385136116833 163.011688913886 "amont"
207 "207_fs2" 12 99 0.117039602331147 69.4685284093975 -87.2344248928988 "segment_05_pts_99-119" 19.8593700879217 156.084922683677 "amont"
207 "207_fs2" 12 120 1.00348693096265 55.0653690091895 -63.4481301199229 "segment_06_pts_120-139" 10.4211915993664 141.571690830401 "amont"
207 "207_fs2" 12 140 7.40761438519212 42.3361020332848 -54.8902164185598 "segment_07_pts_140-156" 13.6763037854976 221.754111059666 "amont"
207 "207_fs2" 12 157 14.3765914123688 32.5255905551466 -47.0412787987848 "segment_08_pts_157-170" 8.69656216093327 189.127571910429 "amont"
207 "207_fs2" 12 171 21.1390066606921 25.314212711633 -42.4596686415721 "segment_09_pts_171-179" 0.202733574704652 205.602144110104 "amont"
207 "207_fs2" 12 180 25.7267227593812 21.1579483288394 -37.8033616291256 "segment_10_pts_180-185" -11.8317407770348 226.462359827251 "amont"
207 "207_fs2" 12 186 29.0428086960205 18.6163414478131 -34.2368548325147 "segment_11_pts_186-190" -20.9298333615268 252.982320423891 "amont"
207 "207_fs2" 12 191 31.9696510618057 16.6471506541536 -29.8866481783191 "segment_12_pts_191-200" -32.2890589057383 324.945262985523 "amont"
207 "207_fs3" 13 1 95.4635108481262 -77.0940480109777 154.524809792235 "segment_01_pts_1-27" 0.2970780234497 168.689177165272 "amont"
207 "207_fs3" 13 28 77.6910832271262 -68.6358517771405 153.578409416893 "segment_02_pts_28-53" -0.197803388778993 153.556971151851 "amont"
207 "207_fs3" 13 54 61.6299994852831 -60.6347338350869 149.276882767485 "segment_03_pts_54-76" 3.67594384999501 149.11603774712 "amont"
207 "207_fs3" 13 77 46.6998639352215 -51.6568185702104 125.677571254525 "segment_04_pts_77-98" 12.6290146334202 148.586246176872 "amont"
207 "207_fs3" 13 99 38.3761331889661 -39.7577319034515 105.433576597139 "segment_05_pts_99-119" 7.98313194445163 143.200652954083 "amont"
207 "207_fs3" 13 120 34.4424060035298 -25.2515834675318 93.2879285666206 "segment_06_pts_120-139" 12.3354370217757 190.330767888579 "amont"
207 "207_fs3" 13 140 33.6937457603825 -10.6279351875453 81.6661745706942 "segment_07_pts_140-156" 6.04621443516632 225.693626376702 "amont"
207 "207_fs3" 13 157 35.4929703581647 1.37924840658567 77.4101513460983 "segment_08_pts_157-170" 4.32653631550451 222.815418031168 "amont"
207 "207_fs3" 13 171 37.645979491136 11.0070724600859 75.8493414435379 "segment_09_pts_171-179" -1.41384195985978 214.216762437407 "amont"
207 "207_fs3" 13 180 39.2127810985416 17.1122666543385 72.419321829534 "segment_10_pts_180-185" -8.05652737799085 257.43362330409 "amont"
207 "207_fs3" 13 186 40.5095714592841 21.1584618994285 70.4790764534301 "segment_11_pts_186-190" -11.2890487811695 290.269614674585 "amont"
207 "207_fs3" 13 191 41.7112613559149 24.5209921110649 68.6897492734255 "segment_12_pts_191-200" -15.5090145958881 327.703906967185 "amont"
208 "208_fs1" 9 1 157.272471118625 64.8902864281916 -140.333584441822 "segment_01_pts_1-27" -2.67117400210284 109.813105031535 "amont"
208 "208_fs1" 9 28 143.667989160897 53.6109135308152 -140.992837220105 "segment_02_pts_28-53" -4.29910072136661 81.7350975030441 "amont"
208 "208_fs1" 9 54 130.280187632282 42.7791330617857 -142.877824903469 "segment_03_pts_54-76" -3.62537096548215 81.7020274193476 "amont"
208 "208_fs1" 9 77 118.17396639569 33.632804301209 -145.534738259152 "segment_04_pts_77-98" 0.210800820241104 78.0854254599437 "amont"
208 "208_fs1" 9 99 106.37252301719 25.5515029439257 -146.043561160803 "segment_05_pts_99-119" 4.07383185239595 135.10102970873 "amont"
208 "208_fs1" 9 120 94.9058950708451 17.7993691535761 -139.452902468553 "segment_06_pts_120-139" 1.48157244024748 165.143169380516 "amont"
208 "208_fs1" 9 140 84.8643659388746 9.1261380399435 -131.640465368233 "segment_07_pts_140-156" -2.67046085333129 180.965154144579 "amont"
208 "208_fs1" 9 157 77.423927043298 0.751556308375939 -133.79411150251 "segment_08_pts_157-170" -8.70706887855368 204.445992105918 "amont"
208 "208_fs1" 9 171 71.0467814400542 -5.83519374038536 -141.454303454435 "segment_09_pts_171-179" -18.9102563791489 217.151939137109 "amont"
208 "208_fs1" 9 180 66.3663415137735 -9.50427436860087 -148.345379732331 "segment_10_pts_180-185" -27.6340244657958 268.507355963169 "amont"
208 "208_fs1" 9 186 62.9459001052926 -11.5729858823971 -153.843890977714 "segment_11_pts_186-190" -17.585893480226 304.260456261993 "amont"
208 "208_fs1" 9 191 59.9483578718312 -13.0108599522121 -162.262901834322 "segment_12_pts_191-200" 7.52249704769167 323.045398406815 "amont"
208 "208_fs2" 11 1 167.41617357002 -56.7195063468692 157.47844676208 "segment_01_pts_1-27" -3.63703816307336 112.974083730916 "amont"
208 "208_fs2" 11 28 150.553599478966 -49.7733451756004 161.976848786362 "segment_02_pts_28-53" 1.9403003791333 97.6989991152195 "amont"
208 "208_fs2" 11 54 134.737897917373 -44.6200349406599 158.994518565881 "segment_03_pts_54-76" 6.01286111897991 107.59086721085 "amont"
208 "208_fs2" 11 77 120.341927737333 -39.0371649261152 146.218136314271 "segment_04_pts_77-98" 9.89337038586802 110.652283064845 "amont"
208 "208_fs2" 11 99 108.445770523166 -30.9262431114624 126.461167395402 "segment_05_pts_99-119" 4.68667376275319 143.506891963692 "amont"
208 "208_fs2" 11 120 100.329538102546 -19.8285366116013 118.386113270241 "segment_06_pts_120-139" 4.8723078166218 147.132813265691 "amont"
208 "208_fs2" 11 140 94.0020478058685 -8.07442824545711 112.964002905028 "segment_07_pts_140-156" 11.2851073876812 158.759760428948 "amont"
208 "208_fs2" 11 157 89.7065255920988 2.18267369366401 106.898225108412 "segment_08_pts_157-170" 11.3142622214707 212.200455396001 "amont"
208 "208_fs2" 11 171 87.0618599583784 11.0425535593782 99.0884800653054 "segment_09_pts_171-179" 9.0861949372723 199.006656702167 "amont"
208 "208_fs2" 11 180 86.151766893878 16.885868044126 96.5119942845256 "segment_10_pts_180-185" 6.75247266494921 177.513395084513 "amont"
208 "208_fs2" 11 186 85.7099930378526 20.8179516573884 95.2114054734819 "segment_11_pts_186-190" 5.75872353740304 167.255488911964 "amont"
208 "208_fs2" 11 191 85.4194393877846 24.1053579806669 92.2739551310564 "segment_12_pts_191-200" 3.46795553585831 164.127134224642 "amont"
208 "208_fs3" 15 1 97.2668357283742 -5.78422189510491 100.862134262878 "segment_01_pts_1-27" -3.07379953489431 286.600240831491 "amont"
208 "208_fs3" 15 28 94.2493973659919 9.771197567071 105.402895834096 "segment_02_pts_28-53" -2.58118166418932 242.745320643503 "amont"
208 "208_fs3" 15 54 89.3253715451591 27.5722215358049 109.312022044518 "segment_03_pts_54-76" -6.34323397061397 267.276328275443 "amont"
208 "208_fs3" 15 77 83.7883913546835 43.1943340820969 120.245372284128 "segment_04_pts_77-98" -13.9068716649696 252.604541138236 "amont"
208 "208_fs3" 15 99 76.2101405775948 56.0310751734818 136.720000503768 "segment_05_pts_99-119" -24.2769746732635 283.918971416762 "amont"
208 "208_fs3" 15 120 66.8111536263676 64.6765684744281 161.868744342513 "segment_06_pts_120-139" -17.8479011010862 287.466550915604 "amont"
208 "208_fs3" 15 140 53.8670821158684 68.8127874985768 177.220601280412 "segment_07_pts_140-156" 20.4793621457744 250.104855188977 "amont"
208 "208_fs3" 15 157 42.4819309433316 69.2489474857651 -158.856844857517 "segment_08_pts_157-170" 22.9634955839724 364.369002415356 "amont"
208 "208_fs3" 15 171 34.2008887751358 65.8717431934319 -138.036005779503 "segment_09_pts_171-179" 12.382661924507 290.602584265153 "amont"
208 "208_fs3" 15 180 29.7338554593059 61.771397630885 -130.324977750814 "segment_10_pts_180-185" 10.447126652273 280.611414622971 "amont"
208 "208_fs3" 15 186 27.0729598259134 58.6004518275298 -127.242193857214 "segment_11_pts_186-190" 10.6607402765238 326.009614282082 "amont"
208 "208_fs3" 15 191 25.0151160407503 55.8749457859218 -125.284847047667 "segment_12_pts_191-200" 12.4809870701549 396.41228694342 "amont"
209 "209_fs1" 18 1 10.7523245984785 -13.5728600576626 71.7764517183498 "segment_01_pts_1-27" -0.0996189638714355 213.785713075313 "amont"
209 "209_fs1" 18 28 18.7777420349478 10.738748270137 69.3073196010024 "segment_02_pts_28-53" 2.08668880926601 161.436048625802 "amont"
209 "209_fs1" 18 54 28.0533231187387 35.2186030850233 62.5647031635681 "segment_03_pts_54-76" 7.97141852769366 209.157842191547 "amont"
209 "209_fs1" 18 77 38.3522158277182 54.774147529009 39.4029638007104 "segment_04_pts_77-98" 11.4544696054862 208.763769436762 "amont"
209 "209_fs1" 18 99 55.2663997914271 68.364844158418 8.82527143217481 "segment_05_pts_99-119" 3.9997506181144 211.488992022505 "amont"
209 "209_fs1" 18 120 75.2926572811288 71.1939183191245 -19.8770894414982 "segment_06_pts_120-139" -8.89902024392923 285.576344316136 "amont"
209 "209_fs1" 18 140 93.7888092145051 64.2831716128898 -38.3386466910577 "segment_07_pts_140-156" -23.7955001171841 227.522987650916 "amont"
209 "209_fs1" 18 157 107.840495202106 52.9058068703294 -72.2507254276339 "segment_08_pts_157-170" -11.3539428066859 291.875620302232 "amont"
209 "209_fs1" 18 171 111.370213997754 40.9546724558728 -91.7513506530577 "segment_09_pts_171-179" -4.70567863154936 331.18304393905 "amont"
209 "209_fs1" 18 180 111.075206918809 32.5002986024973 -96.0590880432285 "segment_10_pts_180-185" -7.83678455647954 359.30015270977 "amont"
209 "209_fs1" 18 186 110.414313080591 26.6735462949537 -100.928760041437 "segment_11_pts_186-190" -9.40024438224617 380.562005298529 "amont"
209 "209_fs1" 18 191 109.418723625262 21.7625834751544 -109.814862828605 "segment_12_pts_191-200" -11.3292597587531 444.452401025148 "amont"
209 "209_fs2" 13 1 122.603550295858 -132.981706151702 98.6698054765373 "segment_01_pts_1-27" 2.46371604696267 87.8398311009471 "amont"
209 "209_fs2" 13 28 118.432403670911 -105.727524084461 100.192291399263 "segment_02_pts_28-53" -2.19442619757388 90.8489978566161 "amont"
209 "209_fs2" 13 54 113.764218211716 -79.79370127126 101.067590845696 "segment_03_pts_54-76" -5.78754582825268 94.357537158023 "amont"
209 "209_fs2" 13 77 109.275978943456 -56.9412663728156 103.791405006193 "segment_04_pts_77-98" -2.38376568929425 129.144967853344 "amont"
209 "209_fs2" 13 99 103.857640021862 -35.0249783201374 109.618369703166 "segment_05_pts_99-119" -3.7441293374259 144.60540792681 "amont"
209 "209_fs2" 13 120 96.417648093777 -14.4070565615963 120.931857366881 "segment_06_pts_120-139" -10.8453337191626 171.750624200932 "amont"
209 "209_fs2" 13 140 86.0968168858083 2.47151765247486 142.044842983887 "segment_07_pts_140-156" -3.09550916132031 209.800498114663 "amont"
209 "209_fs2" 13 157 72.1957092262134 13.1374366517006 153.093542304549 "segment_08_pts_157-170" -4.24288006744877 218.90848702725 "amont"
209 "209_fs2" 13 171 59.3087177816593 19.6185598420911 158.64292041131 "segment_09_pts_171-179" -8.45920400228826 259.501566510013 "amont"
209 "209_fs2" 13 180 50.9122614940211 22.8568807843537 162.487315385318 "segment_10_pts_180-185" -11.5417095443759 276.70783327578 "amont"
209 "209_fs2" 13 186 45.0969358176036 24.6658569088482 164.963568575515 "segment_11_pts_186-190" -14.2598511660547 292.093473335876 "amont"
209 "209_fs2" 13 191 40.1250997529996 25.9821066057627 167.863152651407 "segment_12_pts_191-200" -5.84907192075977 319.178650978932 "amont"
210 "210_fs1" 13 1 130.312764158918 -104.140668006227 -160.285324704362 "segment_01_pts_1-27" -11.6306299017825 265.515343189189 "amont"
210 "210_fs1" 13 28 111.842411329118 -110.667237220363 -173.989367311571 "segment_02_pts_28-53" 4.23167164184278 222.308599111266 "amont"
210 "210_fs1" 13 54 93.1997027333132 -112.5472580997 174.059635813134 "segment_03_pts_54-76" 12.2905469047494 224.479702063262 "amont"
210 "210_fs1" 13 77 76.5695874193199 -110.75468894021 165.116879565427 "segment_04_pts_77-98" 14.6970316210356 247.548815630349 "amont"
210 "210_fs1" 13 99 61.264572994553 -106.637147543828 159.16643505336 "segment_05_pts_99-119" 19.4643675910429 279.095388253794 "amont"
210 "210_fs1" 13 120 46.143278885605 -100.823903636386 146.648041524676 "segment_06_pts_120-139" 23.2751138145772 328.410878720813 "amont"
210 "210_fs1" 13 140 33.9373397105609 -92.6066771751466 119.292777529114 "segment_07_pts_140-156" 13.5671956760665 346.45746909925 "amont"
210 "210_fs1" 13 157 28.5017237770541 -82.7355571815435 108.102757225975 "segment_08_pts_157-170" 26.0236312407963 376.766306272154 "amont"
210 "210_fs1" 13 171 25.3504125275584 -72.9077925535585 100.101455624164 "segment_09_pts_171-179" 26.0973563382165 392.229790094019 "amont"
210 "210_fs1" 13 180 24.2110441696667 -66.2169465056329 93.1148244244294 "segment_10_pts_180-185" 21.2372901145667 396.43871630192 "amont"
210 "210_fs1" 13 186 24.0079811802644 -61.7366009727408 88.6871487283814 "segment_11_pts_186-190" 22.9517608006823 407.269553758258 "amont"
210 "210_fs1" 13 191 24.1104500980038 -58.0509026439847 83.6762627984605 "segment_12_pts_191-200" 26.3769785890661 426.116468576158 "amont"
210 "210_fs2" 13 1 264.750633981403 -12.2087502180069 146.087233448765 "segment_01_pts_1-27" -4.2623795349318 211.582964098291 "amont"
210 "210_fs2" 13 28 246.949968289299 -0.263177832349811 149.698378826226 "segment_02_pts_28-53" -12.077989172522 195.64352366082 "amont"
210 "210_fs2" 13 54 228.885275751168 10.2444719419649 156.432335762955 "segment_03_pts_54-76" -10.2899787488109 194.315461054637 "amont"
210 "210_fs2" 13 77 212.065863961059 17.5176675583319 164.747612285377 "segment_04_pts_77-98" -0.680152879639849 196.631069769146 "amont"
210 "210_fs2" 13 99 195.141279583946 22.0899347833359 168.493142564738 "segment_05_pts_99-119" 6.17363846983849 212.956589120048 "amont"
210 "210_fs2" 13 120 178.696176910466 25.4409899883498 165.992401960881 "segment_06_pts_120-139" 5.43511654972781 257.259129649531 "amont"
210 "210_fs2" 13 140 163.278158753259 29.3435751862405 156.862095424772 "segment_07_pts_140-156" -7.82885471967404 254.062669714095 "amont"
210 "210_fs2" 13 157 150.694712475985 34.7790944467476 154.708673061361 "segment_08_pts_157-170" -21.9058589631917 351.056965063639 "amont"
210 "210_fs2" 13 171 140.596106899108 39.4843689500364 164.409191735351 "segment_09_pts_171-179" -4.40578971463026 301.600963448158 "amont"
210 "210_fs2" 13 180 133.788232579829 41.2945788975642 175.965468397996 "segment_10_pts_180-185" 18.3694666783025 291.06529959674 "amont"
210 "210_fs2" 13 186 129.114559843789 41.5462655167591 -173.137103274013 "segment_11_pts_186-190" 23.8440941954158 313.492631671919 "amont"
210 "210_fs2" 13 191 125.150974683034 40.9923460146297 -156.547031916062 "segment_12_pts_191-200" 17.7987141466587 361.844031279469 "amont"
210 "210_fs3" 11 1 0 44.6020857066275 -30.9759925954154 "segment_01_pts_1-27" -8.21267711551675 182.603757458705 "amont"
210 "210_fs3" 11 28 17.1939281550045 34.2109597064791 -37.7575275102715 "segment_02_pts_28-53" 6.19640094424377 162.145894307476 "amont"
210 "210_fs3" 11 54 32.653109486865 22.2289130047079 -34.9756773590129 "segment_03_pts_54-76" 8.74225335916093 150.272857372406 "amont"
210 "210_fs3" 11 77 46.7582074087466 12.4238503935562 -26.9806878370348 "segment_04_pts_77-98" 4.50621646505708 146.176452137803 "amont"
210 "210_fs3" 11 99 61.4287219732836 5.02074332379959 -16.7546929917193 "segment_05_pts_99-119" 3.01847204723249 189.457154739261 "amont"
210 "210_fs3" 11 120 76.5320012633157 0.565236134951505 -3.27490590023219 "segment_06_pts_120-139" 0.0891253247939048 140.00893530173 "amont"
210 "210_fs3" 11 140 91.3914470097117 -0.227805894021401 1.09704600802304 "segment_07_pts_140-156" 0.541582728082299 183.080578255517 "amont"
210 "210_fs3" 11 157 104.134544694155 -0.00145491511909768 -1.87317018424521 "segment_08_pts_157-170" -2.07422243349917 271.605603693612 "amont"
210 "210_fs3" 11 171 114.600627333012 -0.365927377029067 -4.74574145405369 "segment_09_pts_171-179" -4.87007338824779 272.838035046283 "amont"
210 "210_fs3" 11 180 121.297042784372 -0.937686173203161 -6.79484029274875 "segment_10_pts_180-185" -8.16896293163804 261.76236124072 "amont"
210 "210_fs3" 11 186 125.741120631586 -1.47838784328346 -8.37536133030114 "segment_11_pts_186-190" -11.4181688847145 265.896146357209 "amont"
210 "210_fs3" 11 191 129.434338402549 -2.03186125604151 -10.6351521775742 "segment_12_pts_191-200" -16.5679242045822 275.804614468064 "amont"
211 "211_fs1" 12 1 0 -151.995667784605 63.4541291388987 "segment_01_pts_1-27" -0.0925815523643507 98.8132740418267 "amont"
211 "211_fs1" 12 28 12.486810985132 -126.887805545882 68.9848889868613 "segment_02_pts_28-53" 1.86992606813789 73.9172929582967 "amont"
211 "211_fs1" 12 54 22.1239727892249 -101.6401687277 73.6976366378105 "segment_03_pts_54-76" 2.36034266067236 88.8292384252707 "amont"
211 "211_fs1" 12 77 28.8272292725849 -78.7261697461666 74.1860417149508 "segment_04_pts_77-98" 2.72309743819204 103.591054678876 "amont"
211 "211_fs1" 12 99 35.0875919489796 -56.5976611889878 72.9827375921731 "segment_05_pts_99-119" 2.69756167072637 115.083364395878 "amont"
211 "211_fs1" 12 120 41.4974853096675 -35.817199049119 65.5518183714835 "segment_06_pts_120-139" 0.860870789204625 144.093650633996 "amont"
211 "211_fs1" 12 140 50.2088060111215 -16.9170207288165 55.1983917404734 "segment_07_pts_140-156" 6.33131922607859 191.393249634825 "amont"
211 "211_fs1" 12 157 60.4699928742816 -2.28641909132045 47.3491925375488 "segment_08_pts_157-170" 8.59262158095558 226.58002289788 "amont"
211 "211_fs1" 12 171 70.2158404307647 8.14340657621125 38.8960903119838 "segment_09_pts_171-179" 1.64954850610317 234.409764222713 "amont"
211 "211_fs1" 12 180 77.5959866848835 14.0567121987687 36.9203487941303 "segment_10_pts_180-185" 1.06779094711941 260.214678696211 "amont"
211 "211_fs1" 12 186 82.5654315650825 17.7841012039358 36.152360616021 "segment_11_pts_186-190" 0.928418166515968 265.96217111286 "amont"
211 "211_fs1" 12 191 86.7326535691399 20.8199391452578 35.3566765422074 "segment_12_pts_191-200" 0.441455356480766 295.619239034001 "amont"
211 "211_fs2" 18 1 312.358410819949 64.492071439482 -148.317500599585 "segment_01_pts_1-27" 2.48509242571234 146.003215668167 "amont"
211 "211_fs2" 18 28 288.695904373619 49.9167663307769 -150.631893862454 "segment_02_pts_28-53" 1.55309653420719 115.788798890409 "amont"
211 "211_fs2" 18 54 265.574926979519 36.9214114747336 -151.55798714348 "segment_03_pts_54-76" 0.573428524209561 120.474671775142 "amont"
211 "211_fs2" 18 77 244.805772764955 25.6689659374899 -150.746189614798 "segment_04_pts_77-98" -0.379685637522499 133.114124928527 "amont"
211 "211_fs2" 18 99 225.116062858518 14.6214434323722 -149.013362242633 "segment_05_pts_99-119" -1.27396282842841 141.65326496236 "amont"
211 "211_fs2" 18 120 206.70073259174 3.54930146553539 -148.11824220665 "segment_06_pts_120-139" -1.03570576767581 202.987896559837 "amont"
211 "211_fs2" 18 140 189.283509320847 -7.28654610249663 -148.15336506205 "segment_07_pts_140-156" 0.282561565089765 313.342248074979 "amont"
211 "211_fs2" 18 157 174.39497107741 -16.5302977905164 -148.580008702896 "segment_08_pts_157-170" -1.24366163938043 287.915446247112 "amont"
211 "211_fs2" 18 171 162.075002487085 -24.0505490444939 -149.081227844272 "segment_09_pts_171-179" -6.78148230979656 347.570409728644 "amont"
211 "211_fs2" 18 180 154.139976117116 -28.7978970697928 -149.517853897125 "segment_10_pts_180-185" -12.1823236371269 385.859402360584 "amont"
211 "211_fs2" 18 186 148.843645276951 -31.9113407503856 -149.894750478196 "segment_11_pts_186-190" -16.8264119827852 375.602031149468 "amont"
211 "211_fs2" 18 191 144.426274536805 -34.4687066185824 -150.491136640531 "segment_12_pts_191-200" -24.1794636963774 377.258527762033 "amont"
212 "212_fs1" 12 1 196.58495350803 24.8163436188182 -174.422465424592 "segment_01_pts_1-27" 1.99097761252912 74.9516631180686 "amont"
212 "212_fs1" 12 28 171.387045583339 22.3528119364073 -174.222675556401 "segment_02_pts_28-53" -1.26211032860488 95.5420565401188 "amont"
212 "212_fs1" 12 54 147.118084399983 19.8978682055785 -173.816944014319 "segment_03_pts_54-76" 0.656402776084235 80.3655029813725 "amont"
212 "212_fs1" 12 77 125.614659277971 17.5400493334126 -167.659961298174 "segment_04_pts_77-98" 1.35642297808073 104.575088709155 "amont"
212 "212_fs1" 12 99 105.577662825888 13.0614128554421 -157.188038243926 "segment_05_pts_99-119" -0.731941648567897 135.112666431534 "amont"
212 "212_fs1" 12 120 87.3921990643266 5.34223854623707 -150.842321258639 "segment_06_pts_120-139" -0.675980435594482 146.215813732185 "amont"
212 "212_fs1" 12 140 70.9731211967817 -3.85083200185846 -147.101579226558 "segment_07_pts_140-156" 0.194595795372464 167.275798960785 "amont"
212 "212_fs1" 12 157 57.4865105624025 -12.6253729002537 -141.633963628009 "segment_08_pts_157-170" -0.722349180223176 234.028292411094 "amont"
212 "212_fs1" 12 171 47.2597456619696 -20.7904920203917 -135.827908753448 "segment_09_pts_171-179" -2.41632377007861 229.845777661217 "amont"
212 "212_fs1" 12 180 41.3296302637627 -26.603994863417 -131.960529375248 "segment_10_pts_180-185" -3.60253883016631 231.722283908817 "amont"
212 "212_fs1" 12 186 37.6247175550064 -30.7618581555017 -129.138793662593 "segment_11_pts_186-190" -4.44784887347393 217.891996462474 "amont"
212 "212_fs1" 12 191 34.6791121151813 -34.4146896879318 -125.334998015982 "segment_12_pts_191-200" -5.55285478643732 270.354345004995 "amont"
212 "212_fs2" 10 1 86.8300929839392 125.228655530093 -79.3566887325764 "segment_01_pts_1-27" 1.96795886945306 123.181768993516 "amont"
212 "212_fs2" 10 28 91.2504575295679 101.564625185954 -82.221672500998 "segment_02_pts_28-53" 0.0809684015358272 96.7158661048107 "amont"
212 "212_fs2" 10 54 94.3732089354299 78.5956188067231 -84.0807789236984 "segment_03_pts_54-76" -1.07814491720961 109.346432877218 "amont"
212 "212_fs2" 10 77 96.47639661884 58.2039689393912 -84.1289829684659 "segment_04_pts_77-98" -0.318219887349755 123.973743002624 "amont"
212 "212_fs2" 10 99 98.5006280835373 38.6790391108657 -82.3188313287184 "segment_05_pts_99-119" 0.246732502898482 155.385038775297 "amont"
212 "212_fs2" 10 120 101.025473946933 20.0976298955032 -79.1312081543229 "segment_06_pts_120-139" 8.24556006435138 161.884319387978 "amont"
212 "212_fs2" 10 140 104.43023127355 2.62984394906579 -72.410617140594 "segment_07_pts_140-156" 18.3969811213433 172.412697598357 "amont"
212 "212_fs2" 10 157 109.070332555709 -11.8511088627262 -67.4031705731791 "segment_08_pts_157-170" 11.057357204638 192.557799653698 "amont"
212 "212_fs2" 10 171 113.89518749486 -23.3355469076317 -62.3906655751364 "segment_09_pts_171-179" 4.27597200210102 199.281909561822 "amont"
212 "212_fs2" 10 180 117.646885139895 -30.433676584563 -58.7360196966221 "segment_10_pts_180-185" -4.44189870413168 241.231243950827 "amont"
212 "212_fs2" 10 186 120.455887831366 -35.0185308352974 -56.2404765909385 "segment_11_pts_186-190" -10.7437891276227 239.917327255854 "amont"
212 "212_fs2" 10 191 122.963544468719 -38.7393887865387 -53.059125384432 "segment_12_pts_191-200" -18.2316648428116 249.196387538169 "amont"
213 "213_fs1" 13 1 145.866441251056 -0.297224009732588 -140.445491433428 "segment_01_pts_1-27" 2.65303824654322 134.820876445331 "amont"
213 "213_fs1" 13 28 135.237629603111 -9.06925886130256 -141.658210109374 "segment_02_pts_28-53" -1.111336411275 140.106372871433 "amont"
213 "213_fs1" 13 54 124.834709803142 -17.2844927684904 -144.544208321404 "segment_03_pts_54-76" -4.76628275552673 154.818193384887 "amont"
213 "213_fs1" 13 77 115.217095059097 -24.1127310579508 -149.123486224386 "segment_04_pts_77-98" -4.00807753796499 176.445998850207 "amont"
213 "213_fs1" 13 99 105.55057006195 -29.8577438348718 -157.075132164761 "segment_05_pts_99-119" -4.19025674387913 186.887627395652 "amont"
213 "213_fs1" 13 120 95.5969384819308 -34.0100397802537 -170.198937754294 "segment_06_pts_120-139" -8.20692427475237 262.062952002831 "amont"
213 "213_fs1" 13 140 85.3225791532765 -35.7051768584968 170.707258701161 "segment_07_pts_140-156" 12.7324120999885 269.083512513868 "amont"
213 "213_fs1" 13 157 77.0446957952764 -34.2632611852652 154.178172184544 "segment_08_pts_157-170" 11.3989047348546 245.608189280694 "amont"
213 "213_fs1" 13 171 70.462702314881 -31.0111576130635 143.398737865888 "segment_09_pts_171-179" 15.0192624569275 242.495138366214 "amont"
213 "213_fs1" 13 180 66.678580999961 -28.1509356895154 135.992464919087 "segment_10_pts_180-185" 16.1397289679222 264.365698108175 "amont"
213 "213_fs1" 13 186 64.4672370573788 -25.9802180651542 131.150689608811 "segment_11_pts_186-190" 15.7320016249031 280.6054423874 "amont"
213 "213_fs1" 13 191 62.794809847993 -24.0398090345146 125.692847410309 "segment_12_pts_191-200" 17.1761676506265 331.382115890792 "amont"
213 "213_fs2" 14 1 38.0498714679995 -71.2906468360394 113.213909617287 "segment_01_pts_1-27" 2.18138956788341 220.694288025231 "amont"
213 "213_fs2" 14 28 32.8958918793718 -59.2532464800611 111.238510841373 "segment_02_pts_28-53" -2.63256149662685 182.606664207611 "amont"
213 "213_fs2" 14 54 28.2432655826096 -47.2604254156669 112.108776422484 "segment_03_pts_54-76" -5.00869696738658 197.035200524372 "amont"
213 "213_fs2" 14 77 24.022030906976 -36.9429395664888 120.420255479105 "segment_04_pts_77-98" 1.63479818278111 209.794127794874 "amont"
213 "213_fs2" 14 99 18.5673322746883 -27.7058346136453 123.157131935839 "segment_05_pts_99-119" 3.13582106764518 229.284214206857 "amont"
213 "213_fs2" 14 120 12.974448462372 -19.1453947737716 122.301157944955 "segment_06_pts_120-139" 1.94729438888922 258.745800620492 "amont"
213 "213_fs2" 14 140 7.75681541055511 -10.8596067602977 118.528104707577 "segment_07_pts_140-156" 8.31869609243194 333.95541482675 "amont"
213 "213_fs2" 14 157 3.80521594117107 -3.5332093393942 109.935570156927 "segment_08_pts_157-170" 13.3974011858536 341.156708712504 "amont"
213 "213_fs2" 14 171 1.50239137060777 2.87116361656024 105.210697233675 "segment_09_pts_171-179" 17.6200166836419 283.181716326527 "amont"
213 "213_fs2" 14 180 0.368670428061336 7.16475594653343 97.6719994589118 "segment_10_pts_180-185" 27.4513129221386 301.501757647233 "amont"
213 "213_fs2" 14 186 0.0146614856690235 10.0720750748052 90.2293161333383 "segment_11_pts_186-190" 27.9638842295237 294.712489681868 "amont"
213 "213_fs2" 14 191 0.0150134925931695 12.5082542469048 85.4952660073746 "segment_12_pts_191-200" 38.0900598363825 342.393705252141 "amont"
213 "213_fs3" 13 1 34.9844415230889 -110.089173758636 122.634827200586 "segment_01_pts_1-27" -2.2581931626639 154.730461231716 "amont"
213 "213_fs3" 13 28 27.2383190235483 -97.9762964848897 120.903430166246 "segment_02_pts_28-53" 3.8143707784734 132.095949109882 "amont"
213 "213_fs3" 13 54 20.1441173890105 -86.1132214558901 119.04128530413 "segment_03_pts_54-76" 7.70776033742634 143.283954314593 "amont"
213 "213_fs3" 13 77 14.2081190471382 -75.3906825926902 116.253222368557 "segment_04_pts_77-98" 5.88483541407416 121.883002390734 "amont"
213 "213_fs3" 13 99 9.02798833068374 -64.8795145983624 113.623973615928 "segment_05_pts_99-119" 8.59380022345134 150.610028730874 "amont"
213 "213_fs3" 13 120 4.55123721143929 -54.5632770024018 105.799839897765 "segment_06_pts_120-139" 8.57253251068073 176.796123259922 "amont"
213 "213_fs3" 13 140 1.70319457661009 -44.4322209881552 100.448210895143 "segment_07_pts_140-156" 6.98960969386307 235.756701344429 "amont"
213 "213_fs3" 13 157 0.106714845057923 -35.4941118875214 90.1556972592916 "segment_08_pts_157-170" 0.765648052537841 282.198399642119 "amont"
213 "213_fs3" 13 171 0.110209405480987 -27.8456932538443 86.3172638591945 "segment_09_pts_171-179" -1.36409627580656 309.758452741759 "amont"
213 "213_fs3" 13 180 0.437671486820534 -22.9609136246484 83.90945126185 "segment_10_pts_180-185" -2.38092752982763 310.067466959377 "amont"
213 "213_fs3" 13 186 0.781781429259809 -19.8282646478501 81.8343906309933 "segment_11_pts_186-190" -3.2842654505521 300.452958710882 "amont"
213 "213_fs3" 13 191 1.14801890228296 -17.3403625096856 60.879467474106 "segment_12_pts_191-200" -22.4184943482882 335.698728569507 "amont"
