 ,Image,X (cm),Y (cm)
1,208_fs3-00001.jpg,296.833,282.833
2,208_fs3-00001.jpg,297.518,282.833
3,208_fs3-00001.jpg,298.203,282.833
4,208_fs3-00001.jpg,298.887,282.833
5,208_fs3-00001.jpg,299.572,282.833
6,208_fs3-00001.jpg,300.256,282.833
7,208_fs3-00001.jpg,300.941,282.833
8,208_fs3-00001.jpg,301.626,282.833
9,208_fs3-00001.jpg,302.310,282.833
10,208_fs3-00001.jpg,302.995,282.833
11,208_fs3-00001.jpg,303.679,282.833
12,208_fs3-00001.jpg,304.364,282.833
13,208_fs3-00001.jpg,305.049,282.833
14,208_fs3-00001.jpg,305.733,282.833
15,208_fs3-00001.jpg,306.418,282.833
16,208_fs3-00001.jpg,307.102,282.833
17,208_fs3-00001.jpg,307.787,282.833
18,208_fs3-00001.jpg,308.471,282.800
19,208_fs3-00001.jpg,309.151,282.724
20,208_fs3-00001.jpg,309.832,282.648
21,208_fs3-00001.jpg,310.512,282.573
22,208_fs3-00001.jpg,311.193,282.500
23,208_fs3-00001.jpg,311.877,282.500
24,208_fs3-00001.jpg,312.562,282.500
25,208_fs3-00001.jpg,313.246,282.500
26,208_fs3-00001.jpg,313.931,282.500
27,208_fs3-00001.jpg,314.616,282.500
28,208_fs3-00001.jpg,315.300,282.500
29,208_fs3-00001.jpg,315.985,282.500
30,208_fs3-00001.jpg,316.669,282.500
31,208_fs3-00001.jpg,317.354,282.500
32,208_fs3-00001.jpg,318.039,282.500
33,208_fs3-00001.jpg,318.723,282.500
34,208_fs3-00001.jpg,319.408,282.500
35,208_fs3-00001.jpg,320.092,282.500
36,208_fs3-00001.jpg,320.777,282.500
37,208_fs3-00001.jpg,321.462,282.500
38,208_fs3-00001.jpg,322.146,282.500
39,208_fs3-00001.jpg,322.831,282.500
40,208_fs3-00001.jpg,323.515,282.500
41,208_fs3-00001.jpg,324.200,282.500
42,208_fs3-00001.jpg,324.885,282.500
43,208_fs3-00001.jpg,325.569,282.500
44,208_fs3-00001.jpg,326.254,282.500
45,208_fs3-00001.jpg,326.938,282.500
46,208_fs3-00001.jpg,327.623,282.500
47,208_fs3-00001.jpg,328.308,282.500
48,208_fs3-00001.jpg,328.992,282.500
49,208_fs3-00001.jpg,329.677,282.500
50,208_fs3-00001.jpg,330.361,282.478
51,208_fs3-00001.jpg,331.042,282.403
52,208_fs3-00001.jpg,331.722,282.327
53,208_fs3-00001.jpg,332.402,282.252
54,208_fs3-00001.jpg,333.083,282.176
55,208_fs3-00001.jpg,333.767,282.167
56,208_fs3-00001.jpg,334.452,282.167
57,208_fs3-00001.jpg,335.137,282.167
58,208_fs3-00001.jpg,335.821,282.167
59,208_fs3-00001.jpg,336.499,282.072
60,208_fs3-00001.jpg,337.177,281.975
61,208_fs3-00001.jpg,337.855,281.878
62,208_fs3-00001.jpg,338.538,281.833
63,208_fs3-00001.jpg,339.222,281.833
64,208_fs3-00001.jpg,339.907,281.833
65,208_fs3-00001.jpg,340.591,281.833
66,208_fs3-00001.jpg,341.276,281.833
67,208_fs3-00001.jpg,341.961,281.833
68,208_fs3-00001.jpg,342.645,281.833
69,208_fs3-00001.jpg,343.330,281.833
70,208_fs3-00001.jpg,344.014,281.833
71,208_fs3-00001.jpg,344.699,281.833
72,208_fs3-00001.jpg,345.384,281.833
73,208_fs3-00001.jpg,346.068,281.833
74,208_fs3-00001.jpg,346.753,281.833
75,208_fs3-00001.jpg,347.437,281.833
76,208_fs3-00001.jpg,348.122,281.833
77,208_fs3-00001.jpg,348.807,281.833
78,208_fs3-00001.jpg,349.491,281.833
79,208_fs3-00001.jpg,350.176,281.833
80,208_fs3-00001.jpg,350.860,281.833
81,208_fs3-00001.jpg,351.545,281.833
82,208_fs3-00001.jpg,352.230,281.833
83,208_fs3-00001.jpg,352.907,281.935
84,208_fs3-00001.jpg,353.571,282.101
85,208_fs3-00001.jpg,354.252,282.167
86,208_fs3-00001.jpg,354.937,282.167
87,208_fs3-00001.jpg,355.621,282.167
88,208_fs3-00001.jpg,356.306,282.167
89,208_fs3-00001.jpg,356.991,282.167
90,208_fs3-00001.jpg,357.657,282.324
91,208_fs3-00001.jpg,358.319,282.500
92,208_fs3-00001.jpg,359.003,282.500
93,208_fs3-00001.jpg,359.688,282.500
94,208_fs3-00001.jpg,360.372,282.500
95,208_fs3-00001.jpg,361.057,282.500
96,208_fs3-00001.jpg,361.742,282.500
97,208_fs3-00001.jpg,362.426,282.500
98,208_fs3-00001.jpg,363.111,282.500
99,208_fs3-00001.jpg,363.795,282.500
100,208_fs3-00001.jpg,364.480,282.500
101,208_fs3-00001.jpg,365.165,282.500
102,208_fs3-00001.jpg,365.849,282.500
103,208_fs3-00001.jpg,366.534,282.500
104,208_fs3-00001.jpg,367.218,282.500
105,208_fs3-00001.jpg,367.903,282.500
106,208_fs3-00001.jpg,368.588,282.500
107,208_fs3-00001.jpg,369.272,282.500
108,208_fs3-00001.jpg,369.957,282.500
109,208_fs3-00001.jpg,370.641,282.500
110,208_fs3-00001.jpg,371.326,282.500
111,208_fs3-00001.jpg,372.011,282.500
112,208_fs3-00001.jpg,372.695,282.500
113,208_fs3-00001.jpg,373.380,282.500
114,208_fs3-00001.jpg,374.055,282.611
115,208_fs3-00001.jpg,374.703,282.833
116,208_fs3-00001.jpg,375.387,282.833
117,208_fs3-00001.jpg,376.072,282.833
118,208_fs3-00001.jpg,376.757,282.833
119,208_fs3-00001.jpg,377.441,282.833
120,208_fs3-00001.jpg,378.126,282.833
121,208_fs3-00001.jpg,378.810,282.833
122,208_fs3-00001.jpg,379.495,282.833
123,208_fs3-00001.jpg,380.180,282.833
124,208_fs3-00001.jpg,380.864,282.833
125,208_fs3-00001.jpg,381.549,282.833
126,208_fs3-00001.jpg,382.233,282.833
127,208_fs3-00001.jpg,382.918,282.833
128,208_fs3-00001.jpg,383.603,282.833
129,208_fs3-00001.jpg,384.287,282.833
130,208_fs3-00001.jpg,384.972,282.833
131,208_fs3-00001.jpg,385.618,283.059
132,208_fs3-00001.jpg,386.294,283.167
133,208_fs3-00001.jpg,386.979,283.167
134,208_fs3-00001.jpg,387.645,283.326
135,208_fs3-00001.jpg,388.307,283.500
136,208_fs3-00001.jpg,388.991,283.500
137,208_fs3-00001.jpg,389.676,283.500
138,208_fs3-00001.jpg,390.361,283.500
139,208_fs3-00001.jpg,391.045,283.500
140,208_fs3-00001.jpg,391.730,283.500
141,208_fs3-00001.jpg,392.414,283.500
142,208_fs3-00001.jpg,393.099,283.500
143,208_fs3-00001.jpg,393.784,283.500
144,208_fs3-00001.jpg,394.468,283.500
145,208_fs3-00001.jpg,395.153,283.500
146,208_fs3-00001.jpg,395.751,283.833
147,208_fs3-00001.jpg,396.435,283.833
148,208_fs3-00001.jpg,397.120,283.833
149,208_fs3-00001.jpg,397.755,284.088
150,208_fs3-00001.jpg,398.435,284.167
151,208_fs3-00001.jpg,399.120,284.167
152,208_fs3-00001.jpg,399.804,284.167
153,208_fs3-00001.jpg,400.481,284.271
154,208_fs3-00001.jpg,401.130,284.488
155,208_fs3-00001.jpg,401.815,284.500
156,208_fs3-00001.jpg,402.500,284.500
157,208_fs3-00001.jpg,403.184,284.500
158,208_fs3-00001.jpg,403.869,284.500
159,208_fs3-00001.jpg,404.478,284.812
160,208_fs3-00001.jpg,405.163,284.833
161,208_fs3-00001.jpg,405.847,284.840
162,208_fs3-00001.jpg,406.459,285.146
163,208_fs3-00001.jpg,407.144,285.167
164,208_fs3-00001.jpg,407.742,285.500
165,208_fs3-00001.jpg,408.426,285.500
166,208_fs3-00001.jpg,409.111,285.500
167,208_fs3-00001.jpg,409.734,285.784
168,208_fs3-00001.jpg,410.417,285.833
169,208_fs3-00001.jpg,411.089,285.961
170,208_fs3-00001.jpg,411.742,286.167
171,208_fs3-00001.jpg,412.427,286.167
172,208_fs3-00001.jpg,413.112,286.167
173,208_fs3-00001.jpg,413.710,286.500
174,208_fs3-00001.jpg,414.365,286.698
175,208_fs3-00001.jpg,415.036,286.833
176,208_fs3-00001.jpg,415.634,287.167
177,208_fs3-00001.jpg,416.319,287.167
178,208_fs3-00001.jpg,416.721,287.721
179,208_fs3-00001.jpg,417.396,287.833
180,208_fs3-00001.jpg,417.994,288.167
181,208_fs3-00001.jpg,418.592,288.500
182,208_fs3-00001.jpg,419.190,288.833
183,208_fs3-00001.jpg,419.788,289.167
184,208_fs3-00001.jpg,420.423,289.423
185,208_fs3-00001.jpg,421.103,289.500
186,208_fs3-00001.jpg,421.701,289.833
187,208_fs3-00001.jpg,422.358,290.025
188,208_fs3-00001.jpg,423.028,290.167
189,208_fs3-00001.jpg,423.626,290.500
190,208_fs3-00001.jpg,424.311,290.500
191,208_fs3-00001.jpg,424.979,290.646
192,208_fs3-00001.jpg,425.638,290.833
193,208_fs3-00001.jpg,426.236,291.167
194,208_fs3-00001.jpg,426.920,291.167
195,208_fs3-00001.jpg,427.518,291.500
196,208_fs3-00002.jpg,308.833,264.500
197,208_fs3-00002.jpg,309.026,265.174
198,208_fs3-00002.jpg,309.218,265.848
199,208_fs3-00002.jpg,309.411,266.522
200,208_fs3-00002.jpg,309.603,267.195
201,208_fs3-00002.jpg,309.796,267.869
202,208_fs3-00002.jpg,309.988,268.543
203,208_fs3-00002.jpg,310.308,269.167
204,208_fs3-00002.jpg,310.833,269.631
205,208_fs3-00002.jpg,311.285,270.167
206,208_fs3-00002.jpg,311.718,270.718
207,208_fs3-00002.jpg,312.167,271.256
208,208_fs3-00002.jpg,312.564,271.833
209,208_fs3-00002.jpg,312.833,272.480
210,208_fs3-00002.jpg,313.167,273.097
211,208_fs3-00002.jpg,313.776,273.443
212,208_fs3-00002.jpg,314.167,274.025
213,208_fs3-00002.jpg,314.586,274.586
214,208_fs3-00002.jpg,314.886,275.219
215,208_fs3-00002.jpg,315.382,275.715
216,208_fs3-00002.jpg,315.833,276.251
217,208_fs3-00002.jpg,316.188,276.855
218,208_fs3-00002.jpg,316.816,277.167
219,208_fs3-00002.jpg,317.128,277.794
220,208_fs3-00002.jpg,317.500,278.388
221,208_fs3-00002.jpg,318.094,278.760
222,208_fs3-00002.jpg,318.394,279.394
223,208_fs3-00002.jpg,318.939,279.833
224,208_fs3-00002.jpg,319.535,280.202
225,208_fs3-00002.jpg,320.031,280.698
226,208_fs3-00002.jpg,320.552,281.167
227,208_fs3-00002.jpg,321.168,281.501
228,208_fs3-00002.jpg,321.663,281.996
229,208_fs3-00002.jpg,322.159,282.492
230,208_fs3-00002.jpg,322.859,282.525
231,208_fs3-00002.jpg,323.354,283.021
232,208_fs3-00002.jpg,323.728,283.614
233,208_fs3-00002.jpg,324.393,283.833
234,208_fs3-00002.jpg,324.968,284.234
235,208_fs3-00002.jpg,325.578,284.578
236,208_fs3-00002.jpg,326.212,284.878
237,208_fs3-00002.jpg,326.851,285.167
238,208_fs3-00002.jpg,327.478,285.478
239,208_fs3-00002.jpg,328.155,285.661
240,208_fs3-00002.jpg,328.729,286.063
241,208_fs3-00002.jpg,329.277,286.500
242,208_fs3-00002.jpg,329.977,286.500
243,208_fs3-00002.jpg,330.594,286.833
244,208_fs3-00002.jpg,331.285,286.951
245,208_fs3-00002.jpg,331.952,287.167
246,208_fs3-00002.jpg,332.568,287.500
247,208_fs3-00002.jpg,333.185,287.833
248,208_fs3-00002.jpg,333.885,287.833
249,208_fs3-00002.jpg,334.502,288.167
250,208_fs3-00002.jpg,335.203,288.167
251,208_fs3-00002.jpg,335.819,288.500
252,208_fs3-00002.jpg,336.500,288.667
253,208_fs3-00002.jpg,337.072,289.072
254,208_fs3-00002.jpg,337.766,289.167
255,208_fs3-00002.jpg,338.467,289.167
256,208_fs3-00002.jpg,339.100,289.467
257,208_fs3-00002.jpg,339.744,289.744
258,208_fs3-00002.jpg,340.412,289.956
259,208_fs3-00002.jpg,341.080,290.167
260,208_fs3-00002.jpg,341.739,290.406
261,208_fs3-00002.jpg,342.433,290.500
262,208_fs3-00002.jpg,343.134,290.500
263,208_fs3-00002.jpg,343.778,290.778
264,208_fs3-00002.jpg,344.476,290.833
265,208_fs3-00002.jpg,345.177,290.844
266,208_fs3-00002.jpg,345.799,291.167
267,208_fs3-00002.jpg,346.500,291.167
268,208_fs3-00002.jpg,347.200,291.167
269,208_fs3-00002.jpg,347.823,291.489
270,208_fs3-00002.jpg,348.523,291.500
271,208_fs3-00002.jpg,349.224,291.500
272,208_fs3-00002.jpg,349.925,291.500
273,208_fs3-00002.jpg,350.626,291.500
274,208_fs3-00002.jpg,351.326,291.500
275,208_fs3-00002.jpg,352.027,291.500
276,208_fs3-00002.jpg,352.728,291.500
277,208_fs3-00002.jpg,353.344,291.167
278,208_fs3-00002.jpg,354.045,291.167
279,208_fs3-00002.jpg,354.662,290.833
280,208_fs3-00002.jpg,355.363,290.833
281,208_fs3-00002.jpg,355.979,290.500
282,208_fs3-00002.jpg,356.680,290.500
283,208_fs3-00002.jpg,357.381,290.500
284,208_fs3-00002.jpg,357.997,290.167
285,208_fs3-00002.jpg,358.675,289.991
286,208_fs3-00002.jpg,359.358,289.833
287,208_fs3-00002.jpg,359.975,289.500
288,208_fs3-00002.jpg,360.658,289.342
289,208_fs3-00002.jpg,361.336,289.167
290,208_fs3-00002.jpg,362.037,289.167
291,208_fs3-00002.jpg,362.687,288.906
292,208_fs3-00002.jpg,363.384,288.833
293,208_fs3-00002.jpg,364.033,288.567
294,208_fs3-00002.jpg,364.730,288.500
295,208_fs3-00002.jpg,365.393,288.273
296,208_fs3-00002.jpg,366.086,288.167
297,208_fs3-00002.jpg,366.702,287.833
298,208_fs3-00002.jpg,367.403,287.833
299,208_fs3-00002.jpg,367.945,287.389
300,208_fs3-00002.jpg,368.610,287.167
301,208_fs3-00002.jpg,369.226,286.833
302,208_fs3-00002.jpg,369.842,286.500
303,208_fs3-00002.jpg,370.543,286.500
304,208_fs3-00002.jpg,371.162,286.171
305,208_fs3-00002.jpg,371.776,285.833
306,208_fs3-00002.jpg,372.427,285.573
307,208_fs3-00002.jpg,372.998,285.167
308,208_fs3-00002.jpg,373.676,284.991
309,208_fs3-00002.jpg,374.172,284.495
310,208_fs3-00002.jpg,374.791,284.167
311,208_fs3-00002.jpg,375.407,283.833
312,208_fs3-00002.jpg,376.023,283.500
313,208_fs3-00002.jpg,376.640,283.167
314,208_fs3-00002.jpg,377.236,282.799
315,208_fs3-00002.jpg,377.870,282.500
316,208_fs3-00002.jpg,378.491,282.175
317,208_fs3-00002.jpg,379.125,281.875
318,208_fs3-00002.jpg,379.758,281.575
319,208_fs3-00002.jpg,380.455,281.500
320,208_fs3-00002.jpg,381.071,281.167
321,208_fs3-00002.jpg,381.772,281.167
322,208_fs3-00002.jpg,382.424,280.909
323,208_fs3-00002.jpg,383.121,280.833
324,208_fs3-00002.jpg,383.737,280.500
325,208_fs3-00002.jpg,384.398,280.268
326,208_fs3-00002.jpg,385.032,279.968
327,208_fs3-00002.jpg,385.719,279.833
328,208_fs3-00002.jpg,386.420,279.833
329,208_fs3-00002.jpg,387.121,279.833
330,208_fs3-00002.jpg,387.737,279.500
331,208_fs3-00002.jpg,388.438,279.500
332,208_fs3-00002.jpg,389.090,279.243
333,208_fs3-00002.jpg,389.787,279.167
334,208_fs3-00002.jpg,390.435,278.899
335,208_fs3-00002.jpg,391.132,278.833
336,208_fs3-00002.jpg,391.833,278.833
337,208_fs3-00002.jpg,392.534,278.833
338,208_fs3-00002.jpg,393.150,278.500
339,208_fs3-00002.jpg,393.851,278.500
340,208_fs3-00002.jpg,394.552,278.500
341,208_fs3-00002.jpg,395.253,278.500
342,208_fs3-00002.jpg,395.953,278.500
343,208_fs3-00002.jpg,396.654,278.500
344,208_fs3-00002.jpg,397.355,278.500
345,208_fs3-00002.jpg,398.056,278.500
346,208_fs3-00002.jpg,398.757,278.500
347,208_fs3-00002.jpg,399.457,278.500
348,208_fs3-00002.jpg,400.158,278.500
349,208_fs3-00002.jpg,400.859,278.500
350,208_fs3-00002.jpg,401.559,278.530
351,208_fs3-00002.jpg,402.191,278.833
352,208_fs3-00002.jpg,402.892,278.833
353,208_fs3-00002.jpg,403.508,279.167
354,208_fs3-00002.jpg,404.209,279.188
355,208_fs3-00002.jpg,404.836,279.500
356,208_fs3-00002.jpg,405.515,279.674
357,208_fs3-00002.jpg,406.197,279.833
358,208_fs3-00002.jpg,406.898,279.833
359,208_fs3-00002.jpg,407.514,280.167
360,208_fs3-00002.jpg,408.215,280.167
361,208_fs3-00002.jpg,408.832,280.499
362,208_fs3-00002.jpg,409.466,280.799
363,208_fs3-00002.jpg,410.166,280.833
364,208_fs3-00002.jpg,410.782,281.167
365,208_fs3-00002.jpg,411.483,281.167
366,208_fs3-00002.jpg,412.099,281.500
367,208_fs3-00002.jpg,412.753,281.753
368,208_fs3-00002.jpg,413.449,281.833
369,208_fs3-00002.jpg,414.065,282.167
370,208_fs3-00002.jpg,414.682,282.500
371,208_fs3-00002.jpg,415.383,282.500
372,208_fs3-00002.jpg,415.999,282.833
373,208_fs3-00002.jpg,416.616,283.167
374,208_fs3-00002.jpg,417.126,283.647
375,208_fs3-00002.jpg,417.802,283.833
376,208_fs3-00002.jpg,418.445,284.112
377,208_fs3-00002.jpg,419.060,284.447
378,208_fs3-00002.jpg,419.582,284.915
379,208_fs3-00002.jpg,420.236,285.167
380,208_fs3-00002.jpg,420.833,285.533
381,208_fs3-00002.jpg,421.011,284.855
382,208_fs3-00003.jpg,322.167,243.833
383,208_fs3-00003.jpg,321.984,244.563
384,208_fs3-00003.jpg,321.802,245.293
385,208_fs3-00003.jpg,321.619,246.023
386,208_fs3-00003.jpg,321.437,246.753
387,208_fs3-00003.jpg,321.254,247.483
388,208_fs3-00003.jpg,321.167,248.231
389,208_fs3-00003.jpg,321.167,248.983
390,208_fs3-00003.jpg,321.167,249.736
391,208_fs3-00003.jpg,321.167,250.488
392,208_fs3-00003.jpg,321.167,251.241
393,208_fs3-00003.jpg,321.167,251.993
394,208_fs3-00003.jpg,321.167,252.746
395,208_fs3-00003.jpg,321.167,253.498
396,208_fs3-00003.jpg,321.167,254.251
397,208_fs3-00003.jpg,321.167,255.003
398,208_fs3-00003.jpg,321.167,255.756
399,208_fs3-00003.jpg,321.500,256.431
400,208_fs3-00003.jpg,321.500,257.183
401,208_fs3-00003.jpg,321.596,257.929
402,208_fs3-00003.jpg,321.833,258.643
403,208_fs3-00003.jpg,321.833,259.396
404,208_fs3-00003.jpg,321.833,260.148
405,208_fs3-00003.jpg,322.167,260.823
406,208_fs3-00003.jpg,322.167,261.576
407,208_fs3-00003.jpg,322.167,262.328
408,208_fs3-00003.jpg,322.382,263.049
409,208_fs3-00003.jpg,322.500,263.792
410,208_fs3-00003.jpg,322.500,264.545
411,208_fs3-00003.jpg,322.500,265.297
412,208_fs3-00003.jpg,322.500,266.050
413,208_fs3-00003.jpg,322.833,266.724
414,208_fs3-00003.jpg,322.833,267.477
415,208_fs3-00003.jpg,323.156,268.156
416,208_fs3-00003.jpg,323.167,268.909
417,208_fs3-00003.jpg,323.245,269.657
418,208_fs3-00003.jpg,323.500,270.365
419,208_fs3-00003.jpg,323.500,271.118
420,208_fs3-00003.jpg,323.806,271.806
421,208_fs3-00003.jpg,324.144,272.478
422,208_fs3-00003.jpg,324.447,273.167
423,208_fs3-00003.jpg,324.500,273.917
424,208_fs3-00003.jpg,324.833,274.592
425,208_fs3-00003.jpg,324.833,275.344
426,208_fs3-00003.jpg,324.833,276.097
427,208_fs3-00003.jpg,324.833,276.849
428,208_fs3-00003.jpg,325.167,277.524
429,208_fs3-00003.jpg,325.167,278.277
430,208_fs3-00003.jpg,325.411,278.988
431,208_fs3-00003.jpg,325.500,279.736
432,208_fs3-00003.jpg,325.500,280.488
433,208_fs3-00003.jpg,325.571,281.237
434,208_fs3-00003.jpg,325.833,281.942
435,208_fs3-00003.jpg,326.167,282.617
436,208_fs3-00003.jpg,326.347,283.347
437,208_fs3-00003.jpg,326.686,284.019
438,208_fs3-00003.jpg,327.167,284.599
439,208_fs3-00003.jpg,327.500,285.273
440,208_fs3-00003.jpg,327.672,286.006
441,208_fs3-00003.jpg,328.204,286.538
442,208_fs3-00003.jpg,328.737,287.070
443,208_fs3-00003.jpg,329.075,287.742
444,208_fs3-00003.jpg,329.747,288.081
445,208_fs3-00003.jpg,330.086,288.752
446,208_fs3-00003.jpg,330.618,289.285
447,208_fs3-00003.jpg,331.038,289.909
448,208_fs3-00003.jpg,331.502,290.502
449,208_fs3-00003.jpg,331.854,291.167
450,208_fs3-00003.jpg,332.376,291.709
451,208_fs3-00003.jpg,332.973,292.167
452,208_fs3-00003.jpg,333.593,292.593
453,208_fs3-00003.jpg,334.080,293.167
454,208_fs3-00003.jpg,334.500,293.791
455,208_fs3-00003.jpg,335.010,294.344
456,208_fs3-00003.jpg,335.582,294.833
457,208_fs3-00003.jpg,336.167,295.307
458,208_fs3-00003.jpg,336.764,295.764
459,208_fs3-00003.jpg,337.512,295.846
460,208_fs3-00003.jpg,338.167,296.217
461,208_fs3-00003.jpg,338.855,296.522
462,208_fs3-00003.jpg,339.540,296.833
463,208_fs3-00003.jpg,340.214,297.167
464,208_fs3-00003.jpg,340.967,297.167
465,208_fs3-00003.jpg,341.719,297.167
466,208_fs3-00003.jpg,342.426,297.426
467,208_fs3-00003.jpg,343.175,297.500
468,208_fs3-00003.jpg,343.927,297.500
469,208_fs3-00003.jpg,344.680,297.500
470,208_fs3-00003.jpg,345.432,297.500
471,208_fs3-00003.jpg,346.185,297.500
472,208_fs3-00003.jpg,346.937,297.500
473,208_fs3-00003.jpg,347.690,297.500
474,208_fs3-00003.jpg,348.442,297.500
475,208_fs3-00003.jpg,349.195,297.500
476,208_fs3-00003.jpg,349.947,297.500
477,208_fs3-00003.jpg,350.700,297.500
478,208_fs3-00003.jpg,351.452,297.500
479,208_fs3-00003.jpg,352.205,297.500
480,208_fs3-00003.jpg,352.957,297.500
481,208_fs3-00003.jpg,353.710,297.500
482,208_fs3-00003.jpg,354.384,297.167
483,208_fs3-00003.jpg,355.137,297.167
484,208_fs3-00003.jpg,355.889,297.167
485,208_fs3-00003.jpg,356.642,297.167
486,208_fs3-00003.jpg,357.394,297.167
487,208_fs3-00003.jpg,358.147,297.167
488,208_fs3-00003.jpg,358.822,296.833
489,208_fs3-00003.jpg,359.574,296.833
490,208_fs3-00003.jpg,360.322,296.755
491,208_fs3-00003.jpg,361.030,296.500
492,208_fs3-00003.jpg,361.743,296.257
493,208_fs3-00003.jpg,362.490,296.167
494,208_fs3-00003.jpg,363.165,295.834
495,208_fs3-00003.jpg,363.917,295.833
496,208_fs3-00003.jpg,364.654,295.679
497,208_fs3-00003.jpg,365.287,295.273
498,208_fs3-00003.jpg,365.992,295.008
499,208_fs3-00003.jpg,366.546,294.500
500,208_fs3-00003.jpg,367.299,294.500
501,208_fs3-00003.jpg,367.974,294.167
502,208_fs3-00003.jpg,368.648,293.833
503,208_fs3-00003.jpg,369.265,293.402
504,208_fs3-00003.jpg,369.979,293.167
505,208_fs3-00003.jpg,370.433,292.567
506,208_fs3-00003.jpg,371.105,292.228
507,208_fs3-00003.jpg,371.746,291.833
508,208_fs3-00003.jpg,372.445,291.555
509,208_fs3-00003.jpg,372.833,290.910
510,208_fs3-00003.jpg,373.464,290.500
511,208_fs3-00003.jpg,374.148,290.185
512,208_fs3-00003.jpg,374.487,289.513
513,208_fs3-00003.jpg,375.154,289.167
514,208_fs3-00003.jpg,375.501,288.499
515,208_fs3-00003.jpg,376.173,288.160
516,208_fs3-00003.jpg,376.845,287.821
517,208_fs3-00003.jpg,377.184,287.150
518,208_fs3-00003.jpg,377.856,286.811
519,208_fs3-00003.jpg,378.528,286.472
520,208_fs3-00003.jpg,379.060,285.940
521,208_fs3-00003.jpg,379.500,285.330
522,208_fs3-00003.jpg,380.221,285.113
523,208_fs3-00003.jpg,380.833,284.676
524,208_fs3-00003.jpg,381.387,284.167
525,208_fs3-00003.jpg,382.062,283.833
526,208_fs3-00003.jpg,382.737,283.500
527,208_fs3-00003.jpg,383.315,283.018
528,208_fs3-00003.jpg,384.044,282.833
529,208_fs3-00003.jpg,384.719,282.500
530,208_fs3-00003.jpg,385.425,282.241
531,208_fs3-00003.jpg,386.097,281.903
532,208_fs3-00003.jpg,386.436,281.231
533,208_fs3-00003.jpg,387.167,281.050
534,208_fs3-00003.jpg,387.680,280.500
535,208_fs3-00003.jpg,388.283,280.050
536,208_fs3-00003.jpg,388.833,279.537
537,208_fs3-00003.jpg,389.500,279.188
538,208_fs3-00003.jpg,390.164,278.833
539,208_fs3-00003.jpg,390.837,278.497
540,208_fs3-00003.jpg,391.500,278.141
541,208_fs3-00003.jpg,392.045,277.622
542,208_fs3-00003.jpg,392.644,277.167
543,208_fs3-00003.jpg,393.319,276.833
544,208_fs3-00003.jpg,394.042,276.625
545,208_fs3-00003.jpg,394.638,276.167
546,208_fs3-00003.jpg,395.313,275.833
547,208_fs3-00003.jpg,396.037,275.629
548,208_fs3-00003.jpg,396.779,275.500
549,208_fs3-00003.jpg,397.453,275.167
550,208_fs3-00003.jpg,398.128,274.833
551,208_fs3-00003.jpg,398.812,274.521
552,208_fs3-00003.jpg,399.565,274.500
553,208_fs3-00003.jpg,400.317,274.500
554,208_fs3-00003.jpg,401.070,274.500
555,208_fs3-00003.jpg,401.744,274.167
556,208_fs3-00003.jpg,402.497,274.167
557,208_fs3-00003.jpg,403.245,274.088
558,208_fs3-00003.jpg,403.953,273.833
559,208_fs3-00003.jpg,404.706,273.833
560,208_fs3-00003.jpg,405.458,273.833
561,208_fs3-00003.jpg,406.133,273.500
562,208_fs3-00003.jpg,406.885,273.500
563,208_fs3-00003.jpg,407.638,273.500
564,208_fs3-00003.jpg,408.390,273.500
565,208_fs3-00003.jpg,409.143,273.500
566,208_fs3-00003.jpg,409.167,272.748
567,208_fs3-00003.jpg,409.167,271.995
568,208_fs3-00004.jpg,326.833,230.500
569,208_fs3-00004.jpg,326.729,231.228
570,208_fs3-00004.jpg,326.625,231.957
571,208_fs3-00004.jpg,326.521,232.685
572,208_fs3-00004.jpg,326.417,233.413
573,208_fs3-00004.jpg,326.313,234.142
574,208_fs3-00004.jpg,326.209,234.870
575,208_fs3-00004.jpg,326.167,235.604
576,208_fs3-00004.jpg,326.167,236.340
577,208_fs3-00004.jpg,326.167,237.076
578,208_fs3-00004.jpg,326.167,237.811
579,208_fs3-00004.jpg,326.167,238.547
580,208_fs3-00004.jpg,326.167,239.283
581,208_fs3-00004.jpg,326.167,240.019
582,208_fs3-00004.jpg,326.167,240.754
583,208_fs3-00004.jpg,326.500,241.410
584,208_fs3-00004.jpg,326.500,242.146
585,208_fs3-00004.jpg,326.500,242.881
586,208_fs3-00004.jpg,326.500,243.617
587,208_fs3-00004.jpg,326.500,244.353
588,208_fs3-00004.jpg,326.833,245.009
589,208_fs3-00004.jpg,327.046,245.713
590,208_fs3-00004.jpg,327.167,246.439
591,208_fs3-00004.jpg,327.471,247.109
592,208_fs3-00004.jpg,327.500,247.844
593,208_fs3-00004.jpg,327.500,248.579
594,208_fs3-00004.jpg,327.500,249.315
595,208_fs3-00004.jpg,327.500,250.051
596,208_fs3-00004.jpg,327.500,250.786
597,208_fs3-00004.jpg,327.500,251.522
598,208_fs3-00004.jpg,327.500,252.258
599,208_fs3-00004.jpg,327.500,252.994
600,208_fs3-00004.jpg,327.500,253.729
601,208_fs3-00004.jpg,327.500,254.465
602,208_fs3-00004.jpg,327.500,255.201
603,208_fs3-00004.jpg,327.500,255.936
604,208_fs3-00004.jpg,327.500,256.672
605,208_fs3-00004.jpg,327.500,257.408
606,208_fs3-00004.jpg,327.500,258.143
607,208_fs3-00004.jpg,327.500,258.879
608,208_fs3-00004.jpg,327.500,259.615
609,208_fs3-00004.jpg,327.500,260.351
610,208_fs3-00004.jpg,327.500,261.086
611,208_fs3-00004.jpg,327.500,261.822
612,208_fs3-00004.jpg,327.500,262.558
613,208_fs3-00004.jpg,327.383,263.284
614,208_fs3-00004.jpg,327.167,263.987
615,208_fs3-00004.jpg,327.167,264.723
616,208_fs3-00004.jpg,327.167,265.459
617,208_fs3-00004.jpg,327.167,266.194
618,208_fs3-00004.jpg,327.167,266.930
619,208_fs3-00004.jpg,327.167,267.666
620,208_fs3-00004.jpg,327.167,268.401
621,208_fs3-00004.jpg,326.833,269.057
622,208_fs3-00004.jpg,326.833,269.793
623,208_fs3-00004.jpg,326.833,270.529
624,208_fs3-00004.jpg,326.833,271.264
625,208_fs3-00004.jpg,326.833,272.000
626,208_fs3-00004.jpg,326.833,272.736
627,208_fs3-00004.jpg,326.833,273.471
628,208_fs3-00004.jpg,326.833,274.207
629,208_fs3-00004.jpg,326.833,274.943
630,208_fs3-00004.jpg,326.833,275.679
631,208_fs3-00004.jpg,326.833,276.414
632,208_fs3-00004.jpg,326.833,277.150
633,208_fs3-00004.jpg,326.833,277.886
634,208_fs3-00004.jpg,326.833,278.621
635,208_fs3-00004.jpg,326.833,279.357
636,208_fs3-00004.jpg,326.833,280.093
637,208_fs3-00004.jpg,326.833,280.828
638,208_fs3-00004.jpg,327.167,281.484
639,208_fs3-00004.jpg,327.167,282.220
640,208_fs3-00004.jpg,327.500,282.876
641,208_fs3-00004.jpg,327.500,283.612
642,208_fs3-00004.jpg,327.500,284.347
643,208_fs3-00004.jpg,327.500,285.083
644,208_fs3-00004.jpg,327.833,285.739
645,208_fs3-00004.jpg,328.094,286.427
646,208_fs3-00004.jpg,328.167,287.159
647,208_fs3-00004.jpg,328.461,287.833
648,208_fs3-00004.jpg,328.562,288.562
649,208_fs3-00004.jpg,328.833,289.246
650,208_fs3-00004.jpg,329.211,289.877
651,208_fs3-00004.jpg,329.603,290.500
652,208_fs3-00004.jpg,330.069,291.069
653,208_fs3-00004.jpg,330.167,291.798
654,208_fs3-00004.jpg,330.814,292.147
655,208_fs3-00004.jpg,331.011,292.856
656,208_fs3-00004.jpg,331.500,293.406
657,208_fs3-00004.jpg,331.761,294.094
658,208_fs3-00004.jpg,332.375,294.500
659,208_fs3-00004.jpg,332.833,295.075
660,208_fs3-00004.jpg,332.833,295.811
661,208_fs3-00004.jpg,333.485,296.152
662,208_fs3-00004.jpg,333.811,296.811
663,208_fs3-00004.jpg,334.138,297.471
664,208_fs3-00004.jpg,334.464,298.130
665,208_fs3-00004.jpg,335.100,298.500
666,208_fs3-00004.jpg,335.469,299.136
667,208_fs3-00004.jpg,335.704,299.833
668,208_fs3-00004.jpg,336.285,300.285
669,208_fs3-00004.jpg,336.833,300.775
670,208_fs3-00004.jpg,337.456,301.167
671,208_fs3-00004.jpg,337.998,301.665
672,208_fs3-00004.jpg,338.324,302.324
673,208_fs3-00004.jpg,339.038,302.500
674,208_fs3-00004.jpg,339.500,303.073
675,208_fs3-00004.jpg,340.099,303.500
676,208_fs3-00004.jpg,340.755,303.833
677,208_fs3-00004.jpg,341.491,303.833
678,208_fs3-00004.jpg,342.146,304.167
679,208_fs3-00004.jpg,342.802,304.500
680,208_fs3-00004.jpg,343.500,304.733
681,208_fs3-00004.jpg,344.229,304.833
682,208_fs3-00004.jpg,344.965,304.833
683,208_fs3-00004.jpg,345.620,305.167
684,208_fs3-00004.jpg,346.356,305.167
685,208_fs3-00004.jpg,347.092,305.167
686,208_fs3-00004.jpg,347.828,305.167
687,208_fs3-00004.jpg,348.563,305.167
688,208_fs3-00004.jpg,349.296,305.231
689,208_fs3-00004.jpg,349.981,305.500
690,208_fs3-00004.jpg,350.717,305.500
691,208_fs3-00004.jpg,351.452,305.500
692,208_fs3-00004.jpg,352.188,305.500
693,208_fs3-00004.jpg,352.919,305.415
694,208_fs3-00004.jpg,353.611,305.167
695,208_fs3-00004.jpg,354.267,304.833
696,208_fs3-00004.jpg,354.904,304.465
697,208_fs3-00004.jpg,355.500,304.033
698,208_fs3-00004.jpg,356.198,303.802
699,208_fs3-00004.jpg,356.718,303.282
700,208_fs3-00004.jpg,357.239,302.761
701,208_fs3-00004.jpg,357.926,302.500
702,208_fs3-00004.jpg,358.398,301.935
703,208_fs3-00004.jpg,358.946,301.444
704,208_fs3-00004.jpg,359.586,301.081
705,208_fs3-00004.jpg,360.106,300.561
706,208_fs3-00004.jpg,360.626,300.041
707,208_fs3-00004.jpg,361.307,299.763
708,208_fs3-00004.jpg,361.942,299.391
709,208_fs3-00004.jpg,362.602,299.065
710,208_fs3-00004.jpg,363.122,298.545
711,208_fs3-00004.jpg,363.781,298.219
712,208_fs3-00004.jpg,364.408,297.833
713,208_fs3-00004.jpg,364.972,297.361
714,208_fs3-00004.jpg,365.682,297.167
715,208_fs3-00004.jpg,366.167,296.613
716,208_fs3-00004.jpg,366.673,296.080
717,208_fs3-00004.jpg,367.366,295.833
718,208_fs3-00004.jpg,367.949,295.384
719,208_fs3-00004.jpg,368.469,294.864
720,208_fs3-00004.jpg,368.990,294.344
721,208_fs3-00004.jpg,369.510,293.824
722,208_fs3-00004.jpg,370.030,293.303
723,208_fs3-00004.jpg,370.356,292.644
724,208_fs3-00004.jpg,370.876,292.124
725,208_fs3-00004.jpg,371.397,291.603
726,208_fs3-00004.jpg,371.824,291.005
727,208_fs3-00004.jpg,372.423,290.577
728,208_fs3-00004.jpg,372.833,289.967
729,208_fs3-00004.jpg,373.283,289.384
730,208_fs3-00004.jpg,373.942,289.058
731,208_fs3-00004.jpg,374.268,288.398
732,208_fs3-00004.jpg,374.594,287.739
733,208_fs3-00004.jpg,375.115,287.219
734,208_fs3-00004.jpg,375.500,286.592
735,208_fs3-00004.jpg,375.972,286.028
736,208_fs3-00004.jpg,376.492,285.508
737,208_fs3-00004.jpg,376.833,284.856
738,208_fs3-00004.jpg,377.167,284.200
739,208_fs3-00004.jpg,377.805,283.833
740,208_fs3-00004.jpg,378.167,283.193
741,208_fs3-00004.jpg,378.674,282.660
742,208_fs3-00004.jpg,379.194,282.140
743,208_fs3-00004.jpg,379.520,281.480
744,208_fs3-00004.jpg,380.186,281.167
745,208_fs3-00004.jpg,380.833,280.818
746,208_fs3-00004.jpg,381.170,280.164
747,208_fs3-00004.jpg,381.827,279.833
748,208_fs3-00004.jpg,382.489,279.511
749,208_fs3-00004.jpg,383.148,279.185
750,208_fs3-00004.jpg,383.794,278.833
751,208_fs3-00004.jpg,384.530,278.833
752,208_fs3-00004.jpg,385.186,278.500
753,208_fs3-00004.jpg,385.921,278.500
754,208_fs3-00004.jpg,386.657,278.500
755,208_fs3-00004.jpg,387.393,278.500
756,208_fs3-00005.jpg,324.833,214.833
757,208_fs3-00005.jpg,325.062,215.575
758,208_fs3-00005.jpg,325.290,216.317
759,208_fs3-00005.jpg,325.518,217.058
760,208_fs3-00005.jpg,325.746,217.800
761,208_fs3-00005.jpg,325.974,218.542
762,208_fs3-00005.jpg,326.167,219.294
763,208_fs3-00005.jpg,326.500,219.994
764,208_fs3-00005.jpg,326.776,220.719
765,208_fs3-00005.jpg,327.094,221.427
766,208_fs3-00005.jpg,327.450,222.117
767,208_fs3-00005.jpg,327.500,222.891
768,208_fs3-00005.jpg,327.833,223.592
769,208_fs3-00005.jpg,328.167,224.293
770,208_fs3-00005.jpg,328.374,225.041
771,208_fs3-00005.jpg,328.500,225.806
772,208_fs3-00005.jpg,328.500,226.582
773,208_fs3-00005.jpg,328.500,227.358
774,208_fs3-00005.jpg,328.833,228.059
775,208_fs3-00005.jpg,328.833,228.835
776,208_fs3-00005.jpg,328.833,229.611
777,208_fs3-00005.jpg,328.833,230.387
778,208_fs3-00005.jpg,328.833,231.163
779,208_fs3-00005.jpg,328.833,231.939
780,208_fs3-00005.jpg,328.833,232.715
781,208_fs3-00005.jpg,328.833,233.491
782,208_fs3-00005.jpg,328.833,234.267
783,208_fs3-00005.jpg,328.833,235.043
784,208_fs3-00005.jpg,328.833,235.819
785,208_fs3-00005.jpg,329.167,236.520
786,208_fs3-00005.jpg,329.167,237.296
787,208_fs3-00005.jpg,329.167,238.072
788,208_fs3-00005.jpg,329.167,238.848
789,208_fs3-00005.jpg,329.500,239.549
790,208_fs3-00005.jpg,329.500,240.325
791,208_fs3-00005.jpg,329.500,241.101
792,208_fs3-00005.jpg,329.500,241.877
793,208_fs3-00005.jpg,329.500,242.653
794,208_fs3-00005.jpg,329.500,243.429
795,208_fs3-00005.jpg,329.500,244.205
796,208_fs3-00005.jpg,329.500,244.981
797,208_fs3-00005.jpg,329.500,245.757
798,208_fs3-00005.jpg,329.500,246.533
799,208_fs3-00005.jpg,329.500,247.309
800,208_fs3-00005.jpg,329.167,248.009
801,208_fs3-00005.jpg,328.921,248.745
802,208_fs3-00005.jpg,328.833,249.516
803,208_fs3-00005.jpg,328.833,250.292
804,208_fs3-00005.jpg,328.833,251.068
805,208_fs3-00005.jpg,328.833,251.844
806,208_fs3-00005.jpg,328.833,252.620
807,208_fs3-00005.jpg,328.500,253.321
808,208_fs3-00005.jpg,328.500,254.097
809,208_fs3-00005.jpg,328.500,254.873
810,208_fs3-00005.jpg,328.167,255.574
811,208_fs3-00005.jpg,328.167,256.350
812,208_fs3-00005.jpg,328.167,257.126
813,208_fs3-00005.jpg,327.833,257.827
814,208_fs3-00005.jpg,327.833,258.603
815,208_fs3-00005.jpg,327.833,259.379
816,208_fs3-00005.jpg,327.500,260.080
817,208_fs3-00005.jpg,327.500,260.856
818,208_fs3-00005.jpg,327.500,261.632
819,208_fs3-00005.jpg,327.500,262.408
820,208_fs3-00005.jpg,327.500,263.184
821,208_fs3-00005.jpg,327.500,263.960
822,208_fs3-00005.jpg,327.167,264.660
823,208_fs3-00005.jpg,327.167,265.436
824,208_fs3-00005.jpg,327.167,266.212
825,208_fs3-00005.jpg,326.833,266.913
826,208_fs3-00005.jpg,326.833,267.689
827,208_fs3-00005.jpg,326.578,268.422
828,208_fs3-00005.jpg,326.500,269.194
829,208_fs3-00005.jpg,326.500,269.970
830,208_fs3-00005.jpg,326.167,270.671
831,208_fs3-00005.jpg,326.167,271.447
832,208_fs3-00005.jpg,326.167,272.223
833,208_fs3-00005.jpg,326.167,272.999
834,208_fs3-00005.jpg,326.167,273.775
835,208_fs3-00005.jpg,326.167,274.551
836,208_fs3-00005.jpg,326.167,275.327
837,208_fs3-00005.jpg,326.167,276.103
838,208_fs3-00005.jpg,326.167,276.879
839,208_fs3-00005.jpg,326.167,277.655
840,208_fs3-00005.jpg,326.167,278.431
841,208_fs3-00005.jpg,326.167,279.207
842,208_fs3-00005.jpg,326.167,279.983
843,208_fs3-00005.jpg,326.167,280.759
844,208_fs3-00005.jpg,326.167,281.535
845,208_fs3-00005.jpg,326.167,282.311
846,208_fs3-00005.jpg,326.167,283.087
847,208_fs3-00005.jpg,326.167,283.863
848,208_fs3-00005.jpg,326.167,284.639
849,208_fs3-00005.jpg,326.167,285.415
850,208_fs3-00005.jpg,326.167,286.191
851,208_fs3-00005.jpg,326.167,286.967
852,208_fs3-00005.jpg,326.167,287.743
853,208_fs3-00005.jpg,326.500,288.443
854,208_fs3-00005.jpg,326.500,289.219
855,208_fs3-00005.jpg,326.833,289.920
856,208_fs3-00005.jpg,327.009,290.676
857,208_fs3-00005.jpg,327.167,291.436
858,208_fs3-00005.jpg,327.500,292.137
859,208_fs3-00005.jpg,327.500,292.913
860,208_fs3-00005.jpg,327.500,293.689
861,208_fs3-00005.jpg,327.500,294.465
862,208_fs3-00005.jpg,327.833,295.165
863,208_fs3-00005.jpg,328.167,295.866
864,208_fs3-00005.jpg,328.500,296.567
865,208_fs3-00005.jpg,328.833,297.268
866,208_fs3-00005.jpg,328.833,298.044
867,208_fs3-00005.jpg,329.317,298.650
868,208_fs3-00005.jpg,329.673,299.340
869,208_fs3-00005.jpg,330.167,299.939
870,208_fs3-00005.jpg,330.167,300.715
871,208_fs3-00005.jpg,330.597,301.361
872,208_fs3-00005.jpg,330.833,302.100
873,208_fs3-00005.jpg,331.348,302.681
874,208_fs3-00005.jpg,331.500,303.442
875,208_fs3-00005.jpg,332.019,304.019
876,208_fs3-00005.jpg,332.375,304.708
877,208_fs3-00005.jpg,332.833,305.334
878,208_fs3-00005.jpg,333.293,305.960
879,208_fs3-00005.jpg,333.833,306.517
880,208_fs3-00005.jpg,334.167,307.217
881,208_fs3-00005.jpg,334.500,307.918
882,208_fs3-00005.jpg,335.089,308.423
883,208_fs3-00005.jpg,335.446,309.112
884,208_fs3-00005.jpg,335.802,309.802
885,208_fs3-00005.jpg,336.350,310.350
886,208_fs3-00005.jpg,336.833,310.958
887,208_fs3-00005.jpg,337.441,311.441
888,208_fs3-00005.jpg,338.123,311.811
889,208_fs3-00005.jpg,338.682,312.349
890,208_fs3-00005.jpg,339.372,312.705
891,208_fs3-00005.jpg,339.995,313.167
892,208_fs3-00005.jpg,340.735,313.402
893,208_fs3-00005.jpg,341.504,313.504
894,208_fs3-00005.jpg,342.207,313.833
895,208_fs3-00005.jpg,342.971,313.971
896,208_fs3-00005.jpg,343.721,314.167
897,208_fs3-00005.jpg,344.446,314.446
898,208_fs3-00005.jpg,345.220,314.500
899,208_fs3-00005.jpg,345.996,314.500
900,208_fs3-00005.jpg,346.772,314.500
901,208_fs3-00005.jpg,347.548,314.500
902,208_fs3-00005.jpg,348.324,314.500
903,208_fs3-00005.jpg,349.024,314.833
904,208_fs3-00005.jpg,349.800,314.833
905,208_fs3-00005.jpg,350.576,314.833
906,208_fs3-00005.jpg,351.352,314.833
907,208_fs3-00005.jpg,352.128,314.833
908,208_fs3-00005.jpg,352.904,314.833
909,208_fs3-00005.jpg,353.680,314.833
910,208_fs3-00005.jpg,354.456,314.833
911,208_fs3-00005.jpg,355.230,314.770
912,208_fs3-00005.jpg,355.957,314.500
913,208_fs3-00005.jpg,356.706,314.294
914,208_fs3-00005.jpg,357.395,313.938
915,208_fs3-00005.jpg,358.085,313.582
916,208_fs3-00005.jpg,358.761,313.203
917,208_fs3-00005.jpg,359.534,313.132
918,208_fs3-00005.jpg,360.083,312.584
919,208_fs3-00005.jpg,360.632,312.035
920,208_fs3-00005.jpg,361.321,311.679
921,208_fs3-00005.jpg,361.976,311.262
922,208_fs3-00005.jpg,362.392,310.608
923,208_fs3-00005.jpg,363.082,310.251
924,208_fs3-00005.jpg,363.500,309.598
925,208_fs3-00005.jpg,364.145,309.167
926,208_fs3-00005.jpg,364.833,308.808
927,208_fs3-00005.jpg,365.206,308.127
928,208_fs3-00005.jpg,365.896,307.771
929,208_fs3-00005.jpg,366.252,307.082
930,208_fs3-00005.jpg,366.800,306.533
931,208_fs3-00005.jpg,367.349,305.984
932,208_fs3-00005.jpg,367.500,305.223
933,208_fs3-00005.jpg,368.169,304.831
934,208_fs3-00005.jpg,368.718,304.282
935,208_fs3-00005.jpg,369.074,303.592
936,208_fs3-00005.jpg,369.430,302.903
937,208_fs3-00005.jpg,369.979,302.354
938,208_fs3-00005.jpg,370.167,301.601
939,208_fs3-00005.jpg,370.810,301.167
940,208_fs3-00005.jpg,371.370,300.630
941,208_fs3-00005.jpg,371.500,299.865
942,208_fs3-00005.jpg,372.033,299.301
943,208_fs3-00005.jpg,372.500,298.681
944,208_fs3-00005.jpg,372.833,297.980
945,208_fs3-00006.jpg,325.167,203.833
946,208_fs3-00006.jpg,325.325,204.518
947,208_fs3-00006.jpg,325.483,205.203
948,208_fs3-00006.jpg,325.641,205.888
949,208_fs3-00006.jpg,325.799,206.573
950,208_fs3-00006.jpg,325.957,207.257
951,208_fs3-00006.jpg,326.115,207.942
952,208_fs3-00006.jpg,326.500,208.530
953,208_fs3-00006.jpg,326.533,209.232
954,208_fs3-00006.jpg,326.833,209.867
955,208_fs3-00006.jpg,327.139,210.500
956,208_fs3-00006.jpg,327.200,211.200
957,208_fs3-00006.jpg,327.500,211.836
958,208_fs3-00006.jpg,327.500,212.539
959,208_fs3-00006.jpg,327.571,213.238
960,208_fs3-00006.jpg,327.833,213.890
961,208_fs3-00006.jpg,328.167,214.509
962,208_fs3-00006.jpg,328.210,215.210
963,208_fs3-00006.jpg,328.512,215.845
964,208_fs3-00006.jpg,328.833,216.470
965,208_fs3-00006.jpg,328.833,217.172
966,208_fs3-00006.jpg,328.833,217.875
967,208_fs3-00006.jpg,328.833,218.578
968,208_fs3-00006.jpg,328.833,219.281
969,208_fs3-00006.jpg,328.833,219.984
970,208_fs3-00006.jpg,328.833,220.686
971,208_fs3-00006.jpg,328.833,221.389
972,208_fs3-00006.jpg,328.833,222.092
973,208_fs3-00006.jpg,328.833,222.795
974,208_fs3-00006.jpg,328.833,223.498
975,208_fs3-00006.jpg,328.833,224.200
976,208_fs3-00006.jpg,329.157,224.824
977,208_fs3-00006.jpg,329.167,225.527
978,208_fs3-00006.jpg,329.227,226.227
979,208_fs3-00006.jpg,329.500,226.875
980,208_fs3-00006.jpg,329.500,227.577
981,208_fs3-00006.jpg,329.606,228.272
982,208_fs3-00006.jpg,329.833,228.937
983,208_fs3-00006.jpg,329.961,229.628
984,208_fs3-00006.jpg,330.167,230.300
985,208_fs3-00006.jpg,330.167,231.003
986,208_fs3-00006.jpg,330.167,231.706
987,208_fs3-00006.jpg,330.500,232.325
988,208_fs3-00006.jpg,330.833,232.943
989,208_fs3-00006.jpg,330.967,233.633
990,208_fs3-00006.jpg,331.167,234.307
991,208_fs3-00006.jpg,331.167,235.010
992,208_fs3-00006.jpg,331.354,235.687
993,208_fs3-00006.jpg,331.500,236.375
994,208_fs3-00006.jpg,331.500,237.078
995,208_fs3-00006.jpg,331.500,237.780
996,208_fs3-00006.jpg,331.500,238.483
997,208_fs3-00006.jpg,331.500,239.186
998,208_fs3-00006.jpg,331.500,239.889
999,208_fs3-00006.jpg,331.500,240.592
1000,208_fs3-00006.jpg,331.500,241.294
1001,208_fs3-00006.jpg,331.500,241.997
1002,208_fs3-00006.jpg,331.500,242.700
1003,208_fs3-00006.jpg,331.500,243.403
1004,208_fs3-00006.jpg,331.500,244.106
1005,208_fs3-00006.jpg,331.241,244.759
1006,208_fs3-00006.jpg,331.167,245.458
1007,208_fs3-00006.jpg,331.167,246.161
1008,208_fs3-00006.jpg,331.167,246.863
1009,208_fs3-00006.jpg,331.167,247.566
1010,208_fs3-00006.jpg,331.167,248.269
1011,208_fs3-00006.jpg,331.167,248.972
1012,208_fs3-00006.jpg,331.167,249.675
1013,208_fs3-00006.jpg,331.167,250.377
1014,208_fs3-00006.jpg,331.167,251.080
1015,208_fs3-00006.jpg,331.167,251.783
1016,208_fs3-00006.jpg,331.167,252.486
1017,208_fs3-00006.jpg,331.167,253.189
1018,208_fs3-00006.jpg,331.167,253.891
1019,208_fs3-00006.jpg,331.167,254.594
1020,208_fs3-00006.jpg,331.167,255.297
1021,208_fs3-00006.jpg,331.167,256.000
1022,208_fs3-00006.jpg,331.167,256.703
1023,208_fs3-00006.jpg,331.167,257.405
1024,208_fs3-00006.jpg,331.167,258.108
1025,208_fs3-00006.jpg,331.167,258.811
1026,208_fs3-00006.jpg,330.880,259.453
1027,208_fs3-00006.jpg,330.579,260.088
1028,208_fs3-00006.jpg,330.277,260.723
1029,208_fs3-00006.jpg,330.167,261.417
1030,208_fs3-00006.jpg,330.167,262.119
1031,208_fs3-00006.jpg,329.833,262.738
1032,208_fs3-00006.jpg,329.702,263.429
1033,208_fs3-00006.jpg,329.500,264.102
1034,208_fs3-00006.jpg,329.244,264.756
1035,208_fs3-00006.jpg,328.833,265.327
1036,208_fs3-00006.jpg,328.833,266.029
1037,208_fs3-00006.jpg,328.500,266.648
1038,208_fs3-00006.jpg,328.167,267.267
1039,208_fs3-00006.jpg,327.833,267.885
1040,208_fs3-00006.jpg,327.750,268.583
1041,208_fs3-00006.jpg,327.500,269.240
1042,208_fs3-00006.jpg,327.500,269.943
1043,208_fs3-00006.jpg,327.500,270.646
1044,208_fs3-00006.jpg,327.167,271.264
1045,208_fs3-00006.jpg,327.167,271.967
1046,208_fs3-00006.jpg,326.833,272.586
1047,208_fs3-00006.jpg,326.833,273.289
1048,208_fs3-00006.jpg,326.833,273.992
1049,208_fs3-00006.jpg,326.500,274.610
1050,208_fs3-00006.jpg,326.500,275.313
1051,208_fs3-00006.jpg,326.337,275.997
1052,208_fs3-00006.jpg,326.167,276.679
1053,208_fs3-00006.jpg,326.167,277.381
1054,208_fs3-00006.jpg,326.167,278.084
1055,208_fs3-00006.jpg,326.167,278.787
1056,208_fs3-00006.jpg,326.167,279.490
1057,208_fs3-00006.jpg,325.833,280.109
1058,208_fs3-00006.jpg,325.833,280.811
1059,208_fs3-00006.jpg,325.833,281.514
1060,208_fs3-00006.jpg,325.833,282.217
1061,208_fs3-00006.jpg,325.500,282.836
1062,208_fs3-00006.jpg,325.500,283.538
1063,208_fs3-00006.jpg,325.500,284.241
1064,208_fs3-00006.jpg,325.397,284.936
1065,208_fs3-00006.jpg,325.167,285.600
1066,208_fs3-00006.jpg,325.167,286.303
1067,208_fs3-00006.jpg,324.833,286.922
1068,208_fs3-00006.jpg,324.833,287.625
1069,208_fs3-00006.jpg,324.833,288.328
1070,208_fs3-00006.jpg,324.833,289.030
1071,208_fs3-00006.jpg,324.833,289.733
1072,208_fs3-00006.jpg,324.833,290.436
1073,208_fs3-00006.jpg,324.833,291.139
1074,208_fs3-00006.jpg,324.833,291.842
1075,208_fs3-00006.jpg,324.833,292.544
1076,208_fs3-00006.jpg,324.833,293.247
1077,208_fs3-00006.jpg,324.833,293.950
1078,208_fs3-00006.jpg,324.833,294.653
1079,208_fs3-00006.jpg,324.833,295.356
1080,208_fs3-00006.jpg,324.833,296.058
1081,208_fs3-00006.jpg,324.833,296.761
1082,208_fs3-00006.jpg,324.833,297.464
1083,208_fs3-00006.jpg,324.833,298.167
1084,208_fs3-00006.jpg,324.833,298.870
1085,208_fs3-00006.jpg,325.159,299.492
1086,208_fs3-00006.jpg,325.461,300.127
1087,208_fs3-00006.jpg,325.500,300.829
1088,208_fs3-00006.jpg,325.833,301.448
1089,208_fs3-00006.jpg,325.833,302.150
1090,208_fs3-00006.jpg,326.167,302.769
1091,208_fs3-00006.jpg,326.167,303.472
1092,208_fs3-00006.jpg,326.649,303.983
1093,208_fs3-00006.jpg,327.125,304.500
1094,208_fs3-00006.jpg,327.348,305.167
1095,208_fs3-00006.jpg,327.746,305.746
1096,208_fs3-00006.jpg,328.047,306.381
1097,208_fs3-00006.jpg,328.544,306.878
1098,208_fs3-00006.jpg,328.833,307.518
1099,208_fs3-00006.jpg,329.339,308.006
1100,208_fs3-00006.jpg,329.836,308.503
1101,208_fs3-00006.jpg,330.167,309.123
1102,208_fs3-00006.jpg,330.463,309.760
1103,208_fs3-00006.jpg,331.069,310.118
1104,208_fs3-00006.jpg,331.403,310.736
1105,208_fs3-00006.jpg,331.704,311.371
1106,208_fs3-00006.jpg,332.233,311.833
1107,208_fs3-00006.jpg,332.833,312.199
1108,208_fs3-00006.jpg,333.137,312.833
1109,208_fs3-00006.jpg,333.755,313.167
1110,208_fs3-00006.jpg,334.167,313.736
1111,208_fs3-00006.jpg,334.400,314.400
1112,208_fs3-00006.jpg,335.034,314.701
1113,208_fs3-00006.jpg,335.500,315.227
1114,208_fs3-00006.jpg,335.856,315.833
1115,208_fs3-00006.jpg,336.483,316.150
1116,208_fs3-00006.jpg,336.980,316.647
1117,208_fs3-00006.jpg,337.615,316.949
1118,208_fs3-00006.jpg,338.283,317.167
1119,208_fs3-00006.jpg,338.902,317.500
1120,208_fs3-00006.jpg,339.513,317.847
1121,208_fs3-00006.jpg,340.139,318.167
1122,208_fs3-00006.jpg,340.833,318.277
1123,208_fs3-00006.jpg,341.500,318.500
1124,208_fs3-00006.jpg,342.167,318.722
1125,208_fs3-00006.jpg,342.861,318.833
1126,208_fs3-00006.jpg,343.486,319.153
1127,208_fs3-00006.jpg,344.188,319.188
1128,208_fs3-00006.jpg,344.818,319.500
1129,208_fs3-00006.jpg,345.437,319.833
1130,208_fs3-00006.jpg,346.140,319.833
1131,208_fs3-00006.jpg,346.650,320.317
1132,208_fs3-00006.jpg,347.285,320.618
1133,208_fs3-00007.jpg,330.833,192.500
1134,208_fs3-00007.jpg,330.566,193.124
1135,208_fs3-00007.jpg,330.299,193.747
1136,208_fs3-00007.jpg,330.032,194.371
1137,208_fs3-00007.jpg,329.764,194.994
1138,208_fs3-00007.jpg,329.497,195.618
1139,208_fs3-00007.jpg,329.230,196.241
1140,208_fs3-00007.jpg,328.963,196.865
1141,208_fs3-00007.jpg,328.833,197.531
1142,208_fs3-00007.jpg,328.833,198.209
1143,208_fs3-00007.jpg,328.833,198.888
1144,208_fs3-00007.jpg,328.833,199.566
1145,208_fs3-00007.jpg,328.833,200.244
1146,208_fs3-00007.jpg,328.637,200.894
1147,208_fs3-00007.jpg,328.500,201.558
1148,208_fs3-00007.jpg,328.500,202.237
1149,208_fs3-00007.jpg,328.500,202.915
1150,208_fs3-00007.jpg,328.500,203.593
1151,208_fs3-00007.jpg,328.500,204.272
1152,208_fs3-00007.jpg,328.500,204.950
1153,208_fs3-00007.jpg,328.500,205.629
1154,208_fs3-00007.jpg,328.500,206.307
1155,208_fs3-00007.jpg,328.500,206.985
1156,208_fs3-00007.jpg,328.500,207.664
1157,208_fs3-00007.jpg,328.500,208.342
1158,208_fs3-00007.jpg,328.500,209.021
1159,208_fs3-00007.jpg,328.500,209.699
1160,208_fs3-00007.jpg,328.500,210.377
1161,208_fs3-00007.jpg,328.500,211.056
1162,208_fs3-00007.jpg,328.500,211.734
1163,208_fs3-00007.jpg,328.500,212.413
1164,208_fs3-00007.jpg,328.500,213.091
1165,208_fs3-00007.jpg,328.500,213.769
1166,208_fs3-00007.jpg,328.500,214.448
1167,208_fs3-00007.jpg,328.500,215.126
1168,208_fs3-00007.jpg,328.500,215.805
1169,208_fs3-00007.jpg,328.833,216.395
1170,208_fs3-00007.jpg,328.833,217.074
1171,208_fs3-00007.jpg,328.833,217.752
1172,208_fs3-00007.jpg,328.833,218.431
1173,208_fs3-00007.jpg,328.833,219.109
1174,208_fs3-00007.jpg,329.076,219.743
1175,208_fs3-00007.jpg,329.278,220.390
1176,208_fs3-00007.jpg,329.500,221.031
1177,208_fs3-00007.jpg,329.833,221.622
1178,208_fs3-00007.jpg,329.833,222.300
1179,208_fs3-00007.jpg,330.167,222.891
1180,208_fs3-00007.jpg,330.167,223.570
1181,208_fs3-00007.jpg,330.167,224.248
1182,208_fs3-00007.jpg,330.167,224.927
1183,208_fs3-00007.jpg,330.500,225.517
1184,208_fs3-00007.jpg,330.500,226.196
1185,208_fs3-00007.jpg,330.500,226.874
1186,208_fs3-00007.jpg,330.551,227.551
1187,208_fs3-00007.jpg,330.833,228.167
1188,208_fs3-00007.jpg,331.117,228.784
1189,208_fs3-00007.jpg,331.167,229.460
1190,208_fs3-00007.jpg,331.167,230.139
1191,208_fs3-00007.jpg,331.500,230.729
1192,208_fs3-00007.jpg,331.500,231.408
1193,208_fs3-00007.jpg,331.500,232.086
1194,208_fs3-00007.jpg,331.500,232.765
1195,208_fs3-00007.jpg,331.735,233.401
1196,208_fs3-00007.jpg,331.833,234.072
1197,208_fs3-00007.jpg,331.833,234.751
1198,208_fs3-00007.jpg,331.833,235.429
1199,208_fs3-00007.jpg,332.066,236.066
1200,208_fs3-00007.jpg,332.167,236.737
1201,208_fs3-00007.jpg,332.167,237.416
1202,208_fs3-00007.jpg,332.167,238.094
1203,208_fs3-00007.jpg,332.167,238.772
1204,208_fs3-00007.jpg,332.407,239.407
1205,208_fs3-00007.jpg,332.500,240.079
1206,208_fs3-00007.jpg,332.500,240.757
1207,208_fs3-00007.jpg,332.500,241.436
1208,208_fs3-00007.jpg,332.500,242.114
1209,208_fs3-00007.jpg,332.500,242.793
1210,208_fs3-00007.jpg,332.500,243.471
1211,208_fs3-00007.jpg,332.500,244.149
1212,208_fs3-00007.jpg,332.796,244.760
1213,208_fs3-00007.jpg,332.833,245.437
1214,208_fs3-00007.jpg,332.833,246.115
1215,208_fs3-00007.jpg,332.833,246.794
1216,208_fs3-00007.jpg,332.833,247.472
1217,208_fs3-00007.jpg,332.833,248.151
1218,208_fs3-00007.jpg,332.833,248.829
1219,208_fs3-00007.jpg,332.833,249.507
1220,208_fs3-00007.jpg,332.833,250.186
1221,208_fs3-00007.jpg,332.818,250.864
1222,208_fs3-00007.jpg,332.515,251.471
1223,208_fs3-00007.jpg,332.352,252.129
1224,208_fs3-00007.jpg,332.167,252.782
1225,208_fs3-00007.jpg,332.167,253.460
1226,208_fs3-00007.jpg,332.167,254.139
1227,208_fs3-00007.jpg,331.833,254.730
1228,208_fs3-00007.jpg,331.833,255.408
1229,208_fs3-00007.jpg,331.833,256.086
1230,208_fs3-00007.jpg,331.500,256.677
1231,208_fs3-00007.jpg,331.500,257.356
1232,208_fs3-00007.jpg,331.500,258.034
1233,208_fs3-00007.jpg,331.500,258.712
1234,208_fs3-00007.jpg,331.167,259.303
1235,208_fs3-00007.jpg,331.167,259.982
1236,208_fs3-00007.jpg,331.167,260.660
1237,208_fs3-00007.jpg,330.833,261.251
1238,208_fs3-00007.jpg,330.743,261.923
1239,208_fs3-00007.jpg,330.500,262.557
1240,208_fs3-00007.jpg,330.179,263.154
1241,208_fs3-00007.jpg,330.167,263.833
1242,208_fs3-00007.jpg,330.167,264.511
1243,208_fs3-00007.jpg,329.876,265.124
1244,208_fs3-00007.jpg,329.833,265.801
1245,208_fs3-00007.jpg,329.543,266.414
1246,208_fs3-00007.jpg,329.240,267.021
1247,208_fs3-00007.jpg,329.008,267.659
1248,208_fs3-00007.jpg,328.833,268.314
1249,208_fs3-00007.jpg,328.833,268.992
1250,208_fs3-00007.jpg,328.833,269.671
1251,208_fs3-00007.jpg,328.671,270.329
1252,208_fs3-00007.jpg,328.434,270.965
1253,208_fs3-00007.jpg,328.167,271.589
1254,208_fs3-00007.jpg,327.833,272.180
1255,208_fs3-00007.jpg,327.833,272.858
1256,208_fs3-00007.jpg,327.533,273.467
1257,208_fs3-00007.jpg,327.500,274.144
1258,208_fs3-00007.jpg,327.500,274.823
1259,208_fs3-00007.jpg,327.167,275.413
1260,208_fs3-00007.jpg,326.945,276.055
1261,208_fs3-00007.jpg,326.833,276.724
1262,208_fs3-00007.jpg,326.629,277.371
1263,208_fs3-00007.jpg,326.500,278.037
1264,208_fs3-00007.jpg,326.167,278.628
1265,208_fs3-00007.jpg,326.167,279.306
1266,208_fs3-00007.jpg,326.167,279.984
1267,208_fs3-00007.jpg,325.833,280.575
1268,208_fs3-00007.jpg,325.833,281.254
1269,208_fs3-00007.jpg,325.741,281.926
1270,208_fs3-00007.jpg,325.500,282.560
1271,208_fs3-00007.jpg,325.177,283.156
1272,208_fs3-00007.jpg,325.167,283.835
1273,208_fs3-00007.jpg,325.154,284.513
1274,208_fs3-00007.jpg,324.833,285.111
1275,208_fs3-00007.jpg,324.833,285.789
1276,208_fs3-00007.jpg,324.833,286.468
1277,208_fs3-00007.jpg,324.573,287.094
1278,208_fs3-00007.jpg,324.500,287.769
1279,208_fs3-00007.jpg,324.167,288.359
1280,208_fs3-00007.jpg,324.167,289.038
1281,208_fs3-00007.jpg,323.833,289.629
1282,208_fs3-00007.jpg,323.705,290.295
1283,208_fs3-00007.jpg,323.500,290.942
1284,208_fs3-00007.jpg,323.500,291.620
1285,208_fs3-00007.jpg,323.379,292.288
1286,208_fs3-00007.jpg,323.167,292.932
1287,208_fs3-00007.jpg,322.833,293.523
1288,208_fs3-00007.jpg,322.833,294.201
1289,208_fs3-00007.jpg,322.789,294.878
1290,208_fs3-00007.jpg,322.500,295.492
1291,208_fs3-00007.jpg,322.500,296.170
1292,208_fs3-00007.jpg,322.500,296.849
1293,208_fs3-00007.jpg,322.500,297.527
1294,208_fs3-00007.jpg,322.199,298.135
1295,208_fs3-00007.jpg,322.167,298.812
1296,208_fs3-00007.jpg,322.167,299.491
1297,208_fs3-00007.jpg,322.167,300.169
1298,208_fs3-00007.jpg,322.167,300.848
1299,208_fs3-00007.jpg,322.167,301.526
1300,208_fs3-00007.jpg,322.167,302.204
1301,208_fs3-00007.jpg,322.500,302.795
1302,208_fs3-00007.jpg,322.500,303.474
1303,208_fs3-00007.jpg,322.833,304.065
1304,208_fs3-00007.jpg,322.833,304.743
1305,208_fs3-00007.jpg,323.167,305.334
1306,208_fs3-00007.jpg,323.327,305.993
1307,208_fs3-00007.jpg,323.500,306.649
1308,208_fs3-00007.jpg,323.500,307.327
1309,208_fs3-00007.jpg,323.833,307.918
1310,208_fs3-00007.jpg,324.033,308.567
1311,208_fs3-00007.jpg,324.350,309.167
1312,208_fs3-00007.jpg,324.640,309.780
1313,208_fs3-00007.jpg,324.833,310.430
1314,208_fs3-00007.jpg,325.067,311.067
1315,208_fs3-00007.jpg,325.350,311.683
1316,208_fs3-00007.jpg,325.833,312.160
1317,208_fs3-00007.jpg,326.167,312.750
1318,208_fs3-00007.jpg,326.603,313.270
1319,208_fs3-00007.jpg,327.083,313.749
1320,208_fs3-00007.jpg,327.500,314.284
1321,208_fs3-00007.jpg,328.035,314.702
1322,208_fs3-00007.jpg,328.515,315.181
1323,208_fs3-00007.jpg,328.833,315.780
1324,208_fs3-00007.jpg,329.509,315.842
1325,208_fs3-00008.jpg,344.500,181.833
1326,208_fs3-00008.jpg,344.048,182.409
1327,208_fs3-00008.jpg,343.595,182.985
1328,208_fs3-00008.jpg,343.143,183.561
1329,208_fs3-00008.jpg,342.691,184.136
1330,208_fs3-00008.jpg,342.238,184.712
1331,208_fs3-00008.jpg,341.786,185.288
1332,208_fs3-00008.jpg,341.333,185.864
1333,208_fs3-00008.jpg,340.881,186.439
1334,208_fs3-00008.jpg,340.229,186.771
1335,208_fs3-00008.jpg,339.905,187.428
1336,208_fs3-00008.jpg,339.500,188.038
1337,208_fs3-00008.jpg,339.267,188.733
1338,208_fs3-00008.jpg,338.833,189.322
1339,208_fs3-00008.jpg,338.500,189.974
1340,208_fs3-00008.jpg,338.167,190.626
1341,208_fs3-00008.jpg,338.167,191.358
1342,208_fs3-00008.jpg,337.725,191.942
1343,208_fs3-00008.jpg,337.401,192.599
1344,208_fs3-00008.jpg,336.939,193.167
1345,208_fs3-00008.jpg,336.833,193.891
1346,208_fs3-00008.jpg,336.500,194.543
1347,208_fs3-00008.jpg,336.167,195.195
1348,208_fs3-00008.jpg,335.833,195.847
1349,208_fs3-00008.jpg,335.500,196.499
1350,208_fs3-00008.jpg,335.500,197.231
1351,208_fs3-00008.jpg,335.380,197.953
1352,208_fs3-00008.jpg,335.056,198.610
1353,208_fs3-00008.jpg,334.774,199.286
1354,208_fs3-00008.jpg,334.500,199.965
1355,208_fs3-00008.jpg,334.167,200.617
1356,208_fs3-00008.jpg,334.003,201.330
1357,208_fs3-00008.jpg,333.833,202.043
1358,208_fs3-00008.jpg,333.262,202.500
1359,208_fs3-00008.jpg,332.833,203.094
1360,208_fs3-00008.jpg,332.833,203.826
1361,208_fs3-00008.jpg,332.500,204.478
1362,208_fs3-00008.jpg,332.191,205.142
1363,208_fs3-00008.jpg,331.854,205.792
1364,208_fs3-00008.jpg,331.668,206.500
1365,208_fs3-00008.jpg,331.500,207.213
1366,208_fs3-00008.jpg,331.396,207.937
1367,208_fs3-00008.jpg,331.072,208.594
1368,208_fs3-00008.jpg,330.833,209.286
1369,208_fs3-00008.jpg,330.500,209.938
1370,208_fs3-00008.jpg,330.500,210.671
1371,208_fs3-00008.jpg,330.500,211.403
1372,208_fs3-00008.jpg,330.167,212.055
1373,208_fs3-00008.jpg,330.167,212.787
1374,208_fs3-00008.jpg,330.167,213.519
1375,208_fs3-00008.jpg,330.167,214.251
1376,208_fs3-00008.jpg,330.167,214.983
1377,208_fs3-00008.jpg,329.976,215.690
1378,208_fs3-00008.jpg,329.833,216.409
1379,208_fs3-00008.jpg,329.833,217.141
1380,208_fs3-00008.jpg,329.833,217.873
1381,208_fs3-00008.jpg,329.833,218.605
1382,208_fs3-00008.jpg,329.833,219.337
1383,208_fs3-00008.jpg,329.500,219.989
1384,208_fs3-00008.jpg,329.500,220.722
1385,208_fs3-00008.jpg,329.500,221.454
1386,208_fs3-00008.jpg,329.500,222.186
1387,208_fs3-00008.jpg,329.167,222.838
1388,208_fs3-00008.jpg,329.167,223.570
1389,208_fs3-00008.jpg,329.167,224.302
1390,208_fs3-00008.jpg,329.167,225.034
1391,208_fs3-00008.jpg,329.167,225.767
1392,208_fs3-00008.jpg,329.167,226.499
1393,208_fs3-00008.jpg,329.167,227.231
1394,208_fs3-00008.jpg,329.167,227.963
1395,208_fs3-00008.jpg,329.167,228.695
1396,208_fs3-00008.jpg,329.167,229.428
1397,208_fs3-00008.jpg,329.167,230.160
1398,208_fs3-00008.jpg,329.167,230.892
1399,208_fs3-00008.jpg,329.167,231.624
1400,208_fs3-00008.jpg,329.167,232.356
1401,208_fs3-00008.jpg,329.500,233.008
1402,208_fs3-00008.jpg,329.833,233.660
1403,208_fs3-00008.jpg,329.833,234.392
1404,208_fs3-00008.jpg,329.833,235.125
1405,208_fs3-00008.jpg,330.167,235.777
1406,208_fs3-00008.jpg,330.167,236.509
1407,208_fs3-00008.jpg,330.167,237.241
1408,208_fs3-00008.jpg,330.295,237.962
1409,208_fs3-00008.jpg,330.500,238.665
1410,208_fs3-00008.jpg,330.833,239.317
1411,208_fs3-00008.jpg,331.251,239.918
1412,208_fs3-00008.jpg,331.500,240.607
1413,208_fs3-00008.jpg,331.833,241.259
1414,208_fs3-00008.jpg,332.167,241.910
1415,208_fs3-00008.jpg,332.500,242.562
1416,208_fs3-00008.jpg,332.618,243.285
1417,208_fs3-00008.jpg,332.833,243.985
1418,208_fs3-00008.jpg,333.025,244.692
1419,208_fs3-00008.jpg,333.167,245.410
1420,208_fs3-00008.jpg,333.500,246.062
1421,208_fs3-00008.jpg,333.500,246.794
1422,208_fs3-00008.jpg,333.812,247.457
1423,208_fs3-00008.jpg,333.833,248.188
1424,208_fs3-00008.jpg,333.833,248.921
1425,208_fs3-00008.jpg,333.833,249.653
1426,208_fs3-00008.jpg,334.167,250.305
1427,208_fs3-00008.jpg,334.167,251.037
1428,208_fs3-00008.jpg,334.167,251.769
1429,208_fs3-00008.jpg,334.167,252.501
1430,208_fs3-00008.jpg,334.167,253.234
1431,208_fs3-00008.jpg,334.167,253.966
1432,208_fs3-00008.jpg,334.343,254.676
1433,208_fs3-00008.jpg,334.500,255.392
1434,208_fs3-00008.jpg,334.500,256.124
1435,208_fs3-00008.jpg,334.500,256.856
1436,208_fs3-00008.jpg,334.500,257.588
1437,208_fs3-00008.jpg,334.500,258.320
1438,208_fs3-00008.jpg,334.500,259.053
1439,208_fs3-00008.jpg,334.500,259.785
1440,208_fs3-00008.jpg,334.500,260.517
1441,208_fs3-00008.jpg,334.833,261.169
1442,208_fs3-00008.jpg,334.833,261.901
1443,208_fs3-00008.jpg,334.833,262.633
1444,208_fs3-00008.jpg,334.833,263.366
1445,208_fs3-00008.jpg,334.833,264.098
1446,208_fs3-00008.jpg,334.833,264.830
1447,208_fs3-00008.jpg,334.833,265.562
1448,208_fs3-00008.jpg,334.833,266.294
1449,208_fs3-00008.jpg,334.833,267.027
1450,208_fs3-00008.jpg,334.833,267.759
1451,208_fs3-00008.jpg,334.833,268.491
1452,208_fs3-00008.jpg,334.500,269.143
1453,208_fs3-00008.jpg,334.500,269.875
1454,208_fs3-00008.jpg,334.500,270.607
1455,208_fs3-00008.jpg,334.500,271.339
1456,208_fs3-00008.jpg,334.167,271.991
1457,208_fs3-00008.jpg,334.167,272.724
1458,208_fs3-00008.jpg,334.167,273.456
1459,208_fs3-00008.jpg,333.873,274.127
1460,208_fs3-00008.jpg,333.833,274.858
1461,208_fs3-00008.jpg,333.500,275.510
1462,208_fs3-00008.jpg,333.170,276.163
1463,208_fs3-00008.jpg,332.841,276.818
1464,208_fs3-00008.jpg,332.833,277.550
1465,208_fs3-00008.jpg,332.500,278.202
1466,208_fs3-00008.jpg,332.167,278.854
1467,208_fs3-00008.jpg,331.833,279.505
1468,208_fs3-00008.jpg,331.644,280.213
1469,208_fs3-00008.jpg,331.500,280.931
1470,208_fs3-00008.jpg,331.352,281.648
1471,208_fs3-00008.jpg,331.167,282.356
1472,208_fs3-00008.jpg,330.726,282.941
1473,208_fs3-00008.jpg,330.402,283.598
1474,208_fs3-00008.jpg,330.167,284.291
1475,208_fs3-00008.jpg,329.833,284.943
1476,208_fs3-00008.jpg,329.500,285.595
1477,208_fs3-00008.jpg,329.116,286.218
1478,208_fs3-00008.jpg,328.792,286.875
1479,208_fs3-00008.jpg,328.468,287.532
1480,208_fs3-00008.jpg,327.951,288.049
1481,208_fs3-00008.jpg,327.500,288.626
1482,208_fs3-00008.jpg,327.167,289.278
1483,208_fs3-00008.jpg,326.772,289.895
1484,208_fs3-00008.jpg,326.254,290.413
1485,208_fs3-00008.jpg,325.769,290.961
1486,208_fs3-00008.jpg,325.404,291.596
1487,208_fs3-00008.jpg,324.886,292.114
1488,208_fs3-00008.jpg,324.824,292.843
1489,208_fs3-00008.jpg,324.167,293.167
1490,208_fs3-00008.jpg,323.843,293.824
1491,208_fs3-00008.jpg,323.500,294.470
1492,208_fs3-00008.jpg,323.197,295.137
1493,208_fs3-00008.jpg,322.833,295.772
1494,208_fs3-00008.jpg,322.347,296.320
1495,208_fs3-00008.jpg,322.167,297.029
1496,208_fs3-00008.jpg,322.167,297.762
1497,208_fs3-00008.jpg,321.833,298.414
1498,208_fs3-00008.jpg,321.500,299.065
1499,208_fs3-00008.jpg,321.167,299.717
1500,208_fs3-00008.jpg,320.925,300.409
1501,208_fs3-00008.jpg,320.833,301.135
1502,208_fs3-00008.jpg,320.500,301.787
1503,208_fs3-00008.jpg,320.208,302.458
1504,208_fs3-00008.jpg,319.885,303.115
1505,208_fs3-00008.jpg,319.561,303.772
1506,208_fs3-00008.jpg,319.482,304.500
1507,208_fs3-00008.jpg,319.167,305.161
1508,208_fs3-00008.jpg,318.833,305.813
1509,208_fs3-00008.jpg,319.168,305.162
1510,208_fs3-00008.jpg,319.400,304.467
1511,208_fs3-00009.jpg,362.167,181.167
1512,208_fs3-00009.jpg,361.497,181.454
1513,208_fs3-00009.jpg,360.828,181.740
1514,208_fs3-00009.jpg,360.158,182.027
1515,208_fs3-00009.jpg,359.489,182.314
1516,208_fs3-00009.jpg,358.820,182.601
1517,208_fs3-00009.jpg,358.150,182.888
1518,208_fs3-00009.jpg,357.481,183.175
1519,208_fs3-00009.jpg,356.811,183.462
1520,208_fs3-00009.jpg,356.142,183.749
1521,208_fs3-00009.jpg,355.473,184.036
1522,208_fs3-00009.jpg,354.803,184.322
1523,208_fs3-00009.jpg,354.134,184.609
1524,208_fs3-00009.jpg,353.464,184.896
1525,208_fs3-00009.jpg,352.833,185.260
1526,208_fs3-00009.jpg,352.274,185.726
1527,208_fs3-00009.jpg,351.620,186.047
1528,208_fs3-00009.jpg,351.050,186.500
1529,208_fs3-00009.jpg,350.438,186.895
1530,208_fs3-00009.jpg,349.923,187.410
1531,208_fs3-00009.jpg,349.269,187.731
1532,208_fs3-00009.jpg,348.578,187.961
1533,208_fs3-00009.jpg,347.971,188.363
1534,208_fs3-00009.jpg,347.500,188.919
1535,208_fs3-00009.jpg,346.944,189.389
1536,208_fs3-00009.jpg,346.290,189.710
1537,208_fs3-00009.jpg,345.970,190.364
1538,208_fs3-00009.jpg,345.316,190.684
1539,208_fs3-00009.jpg,344.801,191.199
1540,208_fs3-00009.jpg,344.221,191.640
1541,208_fs3-00009.jpg,343.519,191.833
1542,208_fs3-00009.jpg,343.186,192.481
1543,208_fs3-00009.jpg,342.671,192.996
1544,208_fs3-00009.jpg,342.017,193.317
1545,208_fs3-00009.jpg,341.502,193.832
1546,208_fs3-00009.jpg,340.848,194.152
1547,208_fs3-00009.jpg,340.500,194.792
1548,208_fs3-00009.jpg,339.860,195.140
1549,208_fs3-00009.jpg,339.500,195.773
1550,208_fs3-00009.jpg,339.016,196.317
1551,208_fs3-00009.jpg,338.501,196.832
1552,208_fs3-00009.jpg,338.167,197.479
1553,208_fs3-00009.jpg,337.520,197.814
1554,208_fs3-00009.jpg,337.199,198.468
1555,208_fs3-00009.jpg,336.833,199.097
1556,208_fs3-00009.jpg,336.354,199.646
1557,208_fs3-00009.jpg,335.839,200.161
1558,208_fs3-00009.jpg,335.519,200.815
1559,208_fs3-00009.jpg,335.325,201.517
1560,208_fs3-00009.jpg,334.895,202.105
1561,208_fs3-00009.jpg,334.500,202.717
1562,208_fs3-00009.jpg,334.167,203.364
1563,208_fs3-00009.jpg,333.833,204.012
1564,208_fs3-00009.jpg,333.624,204.709
1565,208_fs3-00009.jpg,333.109,205.224
1566,208_fs3-00009.jpg,332.833,205.898
1567,208_fs3-00009.jpg,332.470,206.530
1568,208_fs3-00009.jpg,331.955,207.045
1569,208_fs3-00009.jpg,331.500,207.613
1570,208_fs3-00009.jpg,331.107,208.226
1571,208_fs3-00009.jpg,330.786,208.880
1572,208_fs3-00009.jpg,330.271,209.395
1573,208_fs3-00009.jpg,330.167,210.116
1574,208_fs3-00009.jpg,329.833,210.764
1575,208_fs3-00009.jpg,329.561,211.439
1576,208_fs3-00009.jpg,329.500,212.165
1577,208_fs3-00009.jpg,329.167,212.812
1578,208_fs3-00009.jpg,329.127,213.539
1579,208_fs3-00009.jpg,328.833,214.206
1580,208_fs3-00009.jpg,328.833,214.934
1581,208_fs3-00009.jpg,328.833,215.662
1582,208_fs3-00009.jpg,328.833,216.391
1583,208_fs3-00009.jpg,328.833,217.119
1584,208_fs3-00009.jpg,328.833,217.847
1585,208_fs3-00009.jpg,328.833,218.576
1586,208_fs3-00009.jpg,328.833,219.304
1587,208_fs3-00009.jpg,328.833,220.032
1588,208_fs3-00009.jpg,328.833,220.761
1589,208_fs3-00009.jpg,328.833,221.489
1590,208_fs3-00009.jpg,328.833,222.217
1591,208_fs3-00009.jpg,328.833,222.945
1592,208_fs3-00009.jpg,328.833,223.674
1593,208_fs3-00009.jpg,329.167,224.321
1594,208_fs3-00009.jpg,329.357,225.024
1595,208_fs3-00009.jpg,329.500,225.738
1596,208_fs3-00009.jpg,329.500,226.467
1597,208_fs3-00009.jpg,329.833,227.114
1598,208_fs3-00009.jpg,329.842,227.842
1599,208_fs3-00009.jpg,330.167,228.495
1600,208_fs3-00009.jpg,330.167,229.223
1601,208_fs3-00009.jpg,330.224,229.949
1602,208_fs3-00009.jpg,330.500,230.623
1603,208_fs3-00009.jpg,330.500,231.351
1604,208_fs3-00009.jpg,330.833,231.999
1605,208_fs3-00009.jpg,331.033,232.699
1606,208_fs3-00009.jpg,331.167,233.415
1607,208_fs3-00009.jpg,331.167,234.144
1608,208_fs3-00009.jpg,331.167,234.872
1609,208_fs3-00009.jpg,331.167,235.600
1610,208_fs3-00009.jpg,331.167,236.329
1611,208_fs3-00009.jpg,331.167,237.057
1612,208_fs3-00009.jpg,331.167,237.785
1613,208_fs3-00009.jpg,331.500,238.433
1614,208_fs3-00009.jpg,331.500,239.161
1615,208_fs3-00009.jpg,331.500,239.889
1616,208_fs3-00009.jpg,331.500,240.618
1617,208_fs3-00009.jpg,331.833,241.265
1618,208_fs3-00009.jpg,331.833,241.993
1619,208_fs3-00009.jpg,332.167,242.641
1620,208_fs3-00009.jpg,332.167,243.369
1621,208_fs3-00009.jpg,332.500,244.017
1622,208_fs3-00009.jpg,332.713,244.713
1623,208_fs3-00009.jpg,332.833,245.431
1624,208_fs3-00009.jpg,332.833,246.160
1625,208_fs3-00009.jpg,332.833,246.888
1626,208_fs3-00009.jpg,332.833,247.616
1627,208_fs3-00009.jpg,332.833,248.345
1628,208_fs3-00009.jpg,332.833,249.073
1629,208_fs3-00009.jpg,332.833,249.801
1630,208_fs3-00009.jpg,332.833,250.530
1631,208_fs3-00009.jpg,332.833,251.258
1632,208_fs3-00009.jpg,332.833,251.986
1633,208_fs3-00009.jpg,332.833,252.714
1634,208_fs3-00009.jpg,332.833,253.443
1635,208_fs3-00009.jpg,332.833,254.171
1636,208_fs3-00009.jpg,332.833,254.899
1637,208_fs3-00009.jpg,333.167,255.547
1638,208_fs3-00009.jpg,333.167,256.275
1639,208_fs3-00009.jpg,333.320,256.987
1640,208_fs3-00009.jpg,333.500,257.693
1641,208_fs3-00009.jpg,333.500,258.421
1642,208_fs3-00009.jpg,333.833,259.069
1643,208_fs3-00009.jpg,333.833,259.797
1644,208_fs3-00009.jpg,333.833,260.525
1645,208_fs3-00009.jpg,333.833,261.254
1646,208_fs3-00009.jpg,333.833,261.982
1647,208_fs3-00009.jpg,334.167,262.630
1648,208_fs3-00009.jpg,334.167,263.358
1649,208_fs3-00009.jpg,334.167,264.086
1650,208_fs3-00009.jpg,334.167,264.814
1651,208_fs3-00009.jpg,334.167,265.543
1652,208_fs3-00009.jpg,334.167,266.271
1653,208_fs3-00009.jpg,334.167,266.999
1654,208_fs3-00009.jpg,334.167,267.728
1655,208_fs3-00009.jpg,334.167,268.456
1656,208_fs3-00009.jpg,334.167,269.184
1657,208_fs3-00009.jpg,334.167,269.913
1658,208_fs3-00009.jpg,334.167,270.641
1659,208_fs3-00009.jpg,334.167,271.369
1660,208_fs3-00009.jpg,334.167,272.097
1661,208_fs3-00009.jpg,334.167,272.826
1662,208_fs3-00009.jpg,334.167,273.554
1663,208_fs3-00009.jpg,334.167,274.282
1664,208_fs3-00009.jpg,334.167,275.011
1665,208_fs3-00009.jpg,334.167,275.739
1666,208_fs3-00009.jpg,334.167,276.467
1667,208_fs3-00009.jpg,333.833,277.115
1668,208_fs3-00009.jpg,333.824,277.843
1669,208_fs3-00009.jpg,333.500,278.495
1670,208_fs3-00009.jpg,333.167,279.143
1671,208_fs3-00009.jpg,332.833,279.790
1672,208_fs3-00009.jpg,332.833,280.519
1673,208_fs3-00009.jpg,332.500,281.166
1674,208_fs3-00009.jpg,332.167,281.814
1675,208_fs3-00009.jpg,331.849,282.469
1676,208_fs3-00009.jpg,331.500,283.108
1677,208_fs3-00009.jpg,331.498,283.837
1678,208_fs3-00009.jpg,331.173,284.488
1679,208_fs3-00009.jpg,330.856,285.144
1680,208_fs3-00009.jpg,330.521,285.791
1681,208_fs3-00009.jpg,330.215,286.452
1682,208_fs3-00009.jpg,330.156,287.178
1683,208_fs3-00009.jpg,329.641,287.693
1684,208_fs3-00009.jpg,329.320,288.346
1685,208_fs3-00009.jpg,328.935,288.964
1686,208_fs3-00009.jpg,328.833,289.686
1687,208_fs3-00009.jpg,328.500,290.333
1688,208_fs3-00009.jpg,328.075,290.925
1689,208_fs3-00009.jpg,327.560,291.440
1690,208_fs3-00009.jpg,327.500,292.165
1691,208_fs3-00009.jpg,326.986,292.681
1692,208_fs3-00009.jpg,326.471,293.196
1693,208_fs3-00009.jpg,326.167,293.858
1694,208_fs3-00009.jpg,325.830,294.504
1695,208_fs3-00009.jpg,325.315,295.019
1696,208_fs3-00009.jpg,325.167,295.732
1697,208_fs3-00009.jpg,324.833,296.379
1698,208_fs3-00009.jpg,324.500,297.027
1699,208_fs3-00009.jpg,324.167,297.674
1700,208_fs3-00009.jpg,324.778,297.278
1701,208_fs3-00009.jpg,325.497,297.167
1702,208_fs3-00010.jpg,378.833,194.833
1703,208_fs3-00010.jpg,378.129,194.557
1704,208_fs3-00010.jpg,377.425,194.280
1705,208_fs3-00010.jpg,376.722,194.004
1706,208_fs3-00010.jpg,376.018,193.727
1707,208_fs3-00010.jpg,375.314,193.451
1708,208_fs3-00010.jpg,374.610,193.174
1709,208_fs3-00010.jpg,373.906,192.898
1710,208_fs3-00010.jpg,373.202,192.621
1711,208_fs3-00010.jpg,372.498,192.344
1712,208_fs3-00010.jpg,371.794,192.068
1713,208_fs3-00010.jpg,371.090,191.791
1714,208_fs3-00010.jpg,370.386,191.515
1715,208_fs3-00010.jpg,369.682,191.238
1716,208_fs3-00010.jpg,368.974,190.974
1717,208_fs3-00010.jpg,368.384,190.500
1718,208_fs3-00010.jpg,367.628,190.500
1719,208_fs3-00010.jpg,366.915,190.248
1720,208_fs3-00010.jpg,366.163,190.163
1721,208_fs3-00010.jpg,365.483,189.833
1722,208_fs3-00010.jpg,364.804,189.500
1723,208_fs3-00010.jpg,364.048,189.500
1724,208_fs3-00010.jpg,363.369,189.167
1725,208_fs3-00010.jpg,362.612,189.167
1726,208_fs3-00010.jpg,361.856,189.167
1727,208_fs3-00010.jpg,361.177,188.833
1728,208_fs3-00010.jpg,360.421,188.833
1729,208_fs3-00010.jpg,359.665,188.833
1730,208_fs3-00010.jpg,358.942,188.609
1731,208_fs3-00010.jpg,358.194,188.500
1732,208_fs3-00010.jpg,357.438,188.500
1733,208_fs3-00010.jpg,356.681,188.500
1734,208_fs3-00010.jpg,355.925,188.500
1735,208_fs3-00010.jpg,355.169,188.500
1736,208_fs3-00010.jpg,354.412,188.500
1737,208_fs3-00010.jpg,353.656,188.500
1738,208_fs3-00010.jpg,352.900,188.500
1739,208_fs3-00010.jpg,352.144,188.500
1740,208_fs3-00010.jpg,351.387,188.500
1741,208_fs3-00010.jpg,350.708,188.833
1742,208_fs3-00010.jpg,349.976,189.024
1743,208_fs3-00010.jpg,349.234,189.167
1744,208_fs3-00010.jpg,348.538,189.462
1745,208_fs3-00010.jpg,347.863,189.804
1746,208_fs3-00010.jpg,347.199,190.167
1747,208_fs3-00010.jpg,346.514,190.486
1748,208_fs3-00010.jpg,345.758,190.500
1749,208_fs3-00010.jpg,345.016,190.650
1750,208_fs3-00010.jpg,344.464,191.167
1751,208_fs3-00010.jpg,343.785,191.500
1752,208_fs3-00010.jpg,343.106,191.833
1753,208_fs3-00010.jpg,342.350,191.833
1754,208_fs3-00010.jpg,341.731,192.269
1755,208_fs3-00010.jpg,341.107,192.696
1756,208_fs3-00010.jpg,340.509,193.158
1757,208_fs3-00010.jpg,339.757,193.243
1758,208_fs3-00010.jpg,339.222,193.778
1759,208_fs3-00010.jpg,338.687,194.313
1760,208_fs3-00010.jpg,338.013,194.654
1761,208_fs3-00010.jpg,337.457,195.167
1762,208_fs3-00010.jpg,336.833,195.595
1763,208_fs3-00010.jpg,336.253,196.080
1764,208_fs3-00010.jpg,335.718,196.615
1765,208_fs3-00010.jpg,335.201,197.167
1766,208_fs3-00010.jpg,334.649,197.684
1767,208_fs3-00010.jpg,334.308,198.359
1768,208_fs3-00010.jpg,333.565,198.500
1769,208_fs3-00010.jpg,332.999,199.001
1770,208_fs3-00010.jpg,332.833,199.739
1771,208_fs3-00010.jpg,332.192,200.141
1772,208_fs3-00010.jpg,331.658,200.676
1773,208_fs3-00010.jpg,331.123,201.210
1774,208_fs3-00010.jpg,330.588,201.745
1775,208_fs3-00010.jpg,330.167,202.373
1776,208_fs3-00010.jpg,329.630,202.906
1777,208_fs3-00010.jpg,329.164,203.502
1778,208_fs3-00010.jpg,328.630,204.037
1779,208_fs3-00010.jpg,328.095,204.572
1780,208_fs3-00010.jpg,327.753,205.247
1781,208_fs3-00010.jpg,327.500,205.959
1782,208_fs3-00010.jpg,327.167,206.638
1783,208_fs3-00010.jpg,326.833,207.317
1784,208_fs3-00010.jpg,326.281,207.833
1785,208_fs3-00010.jpg,326.167,208.581
1786,208_fs3-00010.jpg,325.833,209.260
1787,208_fs3-00010.jpg,325.833,210.016
1788,208_fs3-00010.jpg,325.500,210.695
1789,208_fs3-00010.jpg,325.364,211.439
1790,208_fs3-00010.jpg,325.167,212.169
1791,208_fs3-00010.jpg,324.833,212.848
1792,208_fs3-00010.jpg,324.833,213.604
1793,208_fs3-00010.jpg,324.833,214.361
1794,208_fs3-00010.jpg,324.833,215.117
1795,208_fs3-00010.jpg,324.833,215.873
1796,208_fs3-00010.jpg,324.833,216.630
1797,208_fs3-00010.jpg,324.833,217.386
1798,208_fs3-00010.jpg,324.833,218.142
1799,208_fs3-00010.jpg,324.833,218.898
1800,208_fs3-00010.jpg,324.833,219.655
1801,208_fs3-00010.jpg,324.833,220.411
1802,208_fs3-00010.jpg,324.833,221.167
1803,208_fs3-00010.jpg,324.833,221.924
1804,208_fs3-00010.jpg,324.833,222.680
1805,208_fs3-00010.jpg,324.833,223.436
1806,208_fs3-00010.jpg,324.833,224.193
1807,208_fs3-00010.jpg,324.833,224.949
1808,208_fs3-00010.jpg,324.833,225.705
1809,208_fs3-00010.jpg,324.833,226.461
1810,208_fs3-00010.jpg,324.833,227.218
1811,208_fs3-00010.jpg,325.167,227.897
1812,208_fs3-00010.jpg,325.167,228.653
1813,208_fs3-00010.jpg,325.167,229.409
1814,208_fs3-00010.jpg,325.500,230.088
1815,208_fs3-00010.jpg,325.500,230.844
1816,208_fs3-00010.jpg,325.833,231.523
1817,208_fs3-00010.jpg,325.889,232.278
1818,208_fs3-00010.jpg,326.167,232.981
1819,208_fs3-00010.jpg,326.167,233.737
1820,208_fs3-00010.jpg,326.167,234.493
1821,208_fs3-00010.jpg,326.500,235.172
1822,208_fs3-00010.jpg,326.500,235.929
1823,208_fs3-00010.jpg,326.740,236.646
1824,208_fs3-00010.jpg,326.938,237.376
1825,208_fs3-00010.jpg,327.167,238.097
1826,208_fs3-00010.jpg,327.500,238.776
1827,208_fs3-00010.jpg,327.500,239.532
1828,208_fs3-00010.jpg,327.833,240.211
1829,208_fs3-00010.jpg,328.167,240.890
1830,208_fs3-00010.jpg,328.500,241.569
1831,208_fs3-00010.jpg,328.728,242.290
1832,208_fs3-00010.jpg,328.833,243.039
1833,208_fs3-00010.jpg,329.167,243.717
1834,208_fs3-00010.jpg,329.640,244.307
1835,208_fs3-00010.jpg,329.833,245.038
1836,208_fs3-00010.jpg,330.167,245.717
1837,208_fs3-00010.jpg,330.167,246.473
1838,208_fs3-00010.jpg,330.500,247.152
1839,208_fs3-00010.jpg,330.833,247.831
1840,208_fs3-00010.jpg,331.167,248.510
1841,208_fs3-00010.jpg,331.500,249.189
1842,208_fs3-00010.jpg,331.500,249.945
1843,208_fs3-00010.jpg,331.500,250.702
1844,208_fs3-00010.jpg,331.749,251.416
1845,208_fs3-00010.jpg,331.833,252.167
1846,208_fs3-00010.jpg,331.919,252.919
1847,208_fs3-00010.jpg,332.167,253.633
1848,208_fs3-00010.jpg,332.167,254.390
1849,208_fs3-00010.jpg,332.167,255.146
1850,208_fs3-00010.jpg,332.167,255.902
1851,208_fs3-00010.jpg,332.167,256.658
1852,208_fs3-00010.jpg,332.500,257.337
1853,208_fs3-00010.jpg,332.500,258.094
1854,208_fs3-00010.jpg,332.833,258.773
1855,208_fs3-00010.jpg,332.833,259.529
1856,208_fs3-00010.jpg,332.833,260.285
1857,208_fs3-00010.jpg,332.833,261.041
1858,208_fs3-00010.jpg,333.167,261.720
1859,208_fs3-00010.jpg,333.167,262.477
1860,208_fs3-00010.jpg,333.500,263.156
1861,208_fs3-00010.jpg,333.500,263.912
1862,208_fs3-00010.jpg,333.500,264.668
1863,208_fs3-00010.jpg,333.500,265.424
1864,208_fs3-00010.jpg,333.500,266.181
1865,208_fs3-00010.jpg,333.500,266.937
1866,208_fs3-00010.jpg,333.500,267.693
1867,208_fs3-00010.jpg,333.500,268.450
1868,208_fs3-00010.jpg,333.500,269.206
1869,208_fs3-00010.jpg,333.500,269.962
1870,208_fs3-00010.jpg,333.307,270.693
1871,208_fs3-00010.jpg,332.833,271.283
1872,208_fs3-00010.jpg,332.833,272.040
1873,208_fs3-00010.jpg,332.833,272.796
1874,208_fs3-00010.jpg,332.500,273.475
1875,208_fs3-00010.jpg,332.167,274.154
1876,208_fs3-00010.jpg,331.834,274.833
1877,208_fs3-00010.jpg,331.833,275.589
1878,208_fs3-00010.jpg,331.500,276.268
1879,208_fs3-00010.jpg,331.500,277.024
1880,208_fs3-00010.jpg,331.167,277.703
1881,208_fs3-00010.jpg,330.833,278.382
1882,208_fs3-00010.jpg,330.500,279.061
1883,208_fs3-00010.jpg,330.167,279.740
1884,208_fs3-00010.jpg,330.167,280.496
1885,208_fs3-00010.jpg,329.828,281.172
1886,208_fs3-00010.jpg,329.500,281.854
1887,208_fs3-00010.jpg,329.107,282.500
1888,208_fs3-00010.jpg,329.487,281.846
1889,208_fs3-00010.jpg,330.022,281.311
1890,208_fs3-00011.jpg,383.500,203.500
1891,208_fs3-00011.jpg,382.947,202.982
1892,208_fs3-00011.jpg,382.394,202.463
1893,208_fs3-00011.jpg,381.841,201.945
1894,208_fs3-00011.jpg,381.288,201.427
1895,208_fs3-00011.jpg,380.735,200.908
1896,208_fs3-00011.jpg,380.182,200.390
1897,208_fs3-00011.jpg,379.630,199.871
1898,208_fs3-00011.jpg,379.077,199.353
1899,208_fs3-00011.jpg,378.524,198.835
1900,208_fs3-00011.jpg,377.977,198.310
1901,208_fs3-00011.jpg,377.441,197.774
1902,208_fs3-00011.jpg,376.905,197.238
1903,208_fs3-00011.jpg,376.369,196.702
1904,208_fs3-00011.jpg,375.833,196.166
1905,208_fs3-00011.jpg,375.297,195.631
1906,208_fs3-00011.jpg,374.698,195.167
1907,208_fs3-00011.jpg,374.234,194.567
1908,208_fs3-00011.jpg,373.558,194.225
1909,208_fs3-00011.jpg,373.022,193.689
1910,208_fs3-00011.jpg,372.486,193.153
1911,208_fs3-00011.jpg,371.950,192.617
1912,208_fs3-00011.jpg,371.414,192.081
1913,208_fs3-00011.jpg,370.698,191.833
1914,208_fs3-00011.jpg,370.167,191.293
1915,208_fs3-00011.jpg,369.537,190.871
1916,208_fs3-00011.jpg,368.876,190.500
1917,208_fs3-00011.jpg,368.319,189.986
1918,208_fs3-00011.jpg,367.643,189.643
1919,208_fs3-00011.jpg,367.054,189.167
1920,208_fs3-00011.jpg,366.373,188.833
1921,208_fs3-00011.jpg,365.744,188.411
1922,208_fs3-00011.jpg,365.167,187.920
1923,208_fs3-00011.jpg,364.426,187.759
1924,208_fs3-00011.jpg,363.890,187.223
1925,208_fs3-00011.jpg,363.214,186.881
1926,208_fs3-00011.jpg,362.538,186.538
1927,208_fs3-00011.jpg,361.877,186.167
1928,208_fs3-00011.jpg,361.187,185.854
1929,208_fs3-00011.jpg,360.517,185.500
1930,208_fs3-00011.jpg,359.836,185.167
1931,208_fs3-00011.jpg,359.155,184.833
1932,208_fs3-00011.jpg,358.398,184.833
1933,208_fs3-00011.jpg,357.717,184.500
1934,208_fs3-00011.jpg,356.982,184.315
1935,208_fs3-00011.jpg,356.239,184.167
1936,208_fs3-00011.jpg,355.540,183.873
1937,208_fs3-00011.jpg,354.783,183.833
1938,208_fs3-00011.jpg,354.025,183.833
1939,208_fs3-00011.jpg,353.267,183.833
1940,208_fs3-00011.jpg,352.509,183.833
1941,208_fs3-00011.jpg,351.751,183.833
1942,208_fs3-00011.jpg,350.994,183.833
1943,208_fs3-00011.jpg,350.236,183.833
1944,208_fs3-00011.jpg,349.478,183.833
1945,208_fs3-00011.jpg,348.720,183.833
1946,208_fs3-00011.jpg,347.962,183.833
1947,208_fs3-00011.jpg,347.204,183.833
1948,208_fs3-00011.jpg,346.446,183.833
1949,208_fs3-00011.jpg,345.688,183.833
1950,208_fs3-00011.jpg,344.930,183.833
1951,208_fs3-00011.jpg,344.250,184.167
1952,208_fs3-00011.jpg,343.674,184.659
1953,208_fs3-00011.jpg,342.998,185.002
1954,208_fs3-00011.jpg,342.258,185.167
1955,208_fs3-00011.jpg,341.678,185.655
1956,208_fs3-00011.jpg,341.142,186.191
1957,208_fs3-00011.jpg,340.450,186.500
1958,208_fs3-00011.jpg,339.704,186.630
1959,208_fs3-00011.jpg,339.168,187.166
1960,208_fs3-00011.jpg,338.500,187.524
1961,208_fs3-00011.jpg,338.142,188.192
1962,208_fs3-00011.jpg,337.500,188.595
1963,208_fs3-00011.jpg,337.002,189.167
1964,208_fs3-00011.jpg,336.777,189.890
1965,208_fs3-00011.jpg,336.327,190.500
1966,208_fs3-00011.jpg,335.884,191.116
1967,208_fs3-00011.jpg,335.500,191.769
1968,208_fs3-00011.jpg,334.997,192.336
1969,208_fs3-00011.jpg,334.655,193.012
1970,208_fs3-00011.jpg,334.167,193.592
1971,208_fs3-00011.jpg,333.833,194.273
1972,208_fs3-00011.jpg,333.247,194.753
1973,208_fs3-00011.jpg,332.833,195.388
1974,208_fs3-00011.jpg,332.356,195.977
1975,208_fs3-00011.jpg,331.833,196.525
1976,208_fs3-00011.jpg,331.474,197.193
1977,208_fs3-00011.jpg,331.131,197.869
1978,208_fs3-00011.jpg,330.595,198.405
1979,208_fs3-00011.jpg,330.167,199.030
1980,208_fs3-00011.jpg,329.833,199.710
1981,208_fs3-00011.jpg,329.203,200.131
1982,208_fs3-00011.jpg,328.833,200.792
1983,208_fs3-00011.jpg,328.173,201.164
1984,208_fs3-00011.jpg,327.635,201.698
1985,208_fs3-00011.jpg,327.293,202.374
1986,208_fs3-00011.jpg,326.833,202.977
1987,208_fs3-00011.jpg,326.500,203.658
1988,208_fs3-00011.jpg,326.167,204.338
1989,208_fs3-00011.jpg,326.167,205.096
1990,208_fs3-00011.jpg,326.167,205.854
1991,208_fs3-00011.jpg,326.062,206.605
1992,208_fs3-00011.jpg,325.833,207.327
1993,208_fs3-00011.jpg,325.500,208.008
1994,208_fs3-00011.jpg,325.500,208.766
1995,208_fs3-00011.jpg,325.167,209.447
1996,208_fs3-00011.jpg,324.860,210.140
1997,208_fs3-00011.jpg,324.833,210.897
1998,208_fs3-00011.jpg,324.833,211.655
1999,208_fs3-00011.jpg,324.618,212.382
2000,208_fs3-00011.jpg,324.500,213.131
2001,208_fs3-00011.jpg,324.182,213.818
2002,208_fs3-00011.jpg,324.167,214.576
2003,208_fs3-00011.jpg,323.833,215.257
2004,208_fs3-00011.jpg,323.833,216.015
2005,208_fs3-00011.jpg,323.833,216.773
2006,208_fs3-00011.jpg,323.500,217.453
2007,208_fs3-00011.jpg,323.500,218.211
2008,208_fs3-00011.jpg,323.500,218.969
2009,208_fs3-00011.jpg,323.500,219.727
2010,208_fs3-00011.jpg,323.500,220.485
2011,208_fs3-00011.jpg,323.500,221.243
2012,208_fs3-00011.jpg,323.500,222.001
2013,208_fs3-00011.jpg,323.500,222.758
2014,208_fs3-00011.jpg,323.500,223.516
2015,208_fs3-00011.jpg,323.601,224.268
2016,208_fs3-00011.jpg,323.833,224.989
2017,208_fs3-00011.jpg,324.167,225.670
2018,208_fs3-00011.jpg,324.167,226.427
2019,208_fs3-00011.jpg,324.500,227.108
2020,208_fs3-00011.jpg,324.803,227.803
2021,208_fs3-00011.jpg,324.833,228.560
2022,208_fs3-00011.jpg,324.972,229.305
2023,208_fs3-00011.jpg,325.167,230.038
2024,208_fs3-00011.jpg,325.308,230.782
2025,208_fs3-00011.jpg,325.500,231.516
2026,208_fs3-00011.jpg,325.833,232.196
2027,208_fs3-00011.jpg,325.833,232.954
2028,208_fs3-00011.jpg,326.167,233.635
2029,208_fs3-00011.jpg,326.167,234.393
2030,208_fs3-00011.jpg,326.167,235.151
2031,208_fs3-00011.jpg,326.167,235.908
2032,208_fs3-00011.jpg,326.500,236.589
2033,208_fs3-00011.jpg,326.500,237.347
2034,208_fs3-00011.jpg,326.500,238.105
2035,208_fs3-00011.jpg,326.833,238.786
2036,208_fs3-00011.jpg,326.833,239.543
2037,208_fs3-00011.jpg,327.167,240.224
2038,208_fs3-00011.jpg,327.167,240.982
2039,208_fs3-00011.jpg,327.500,241.663
2040,208_fs3-00011.jpg,327.500,242.421
2041,208_fs3-00011.jpg,327.500,243.178
2042,208_fs3-00011.jpg,327.833,243.859
2043,208_fs3-00011.jpg,327.943,244.609
2044,208_fs3-00011.jpg,328.285,245.285
2045,208_fs3-00011.jpg,328.628,245.961
2046,208_fs3-00011.jpg,328.833,246.691
2047,208_fs3-00011.jpg,329.167,247.371
2048,208_fs3-00011.jpg,329.767,247.833
2049,208_fs3-00011.jpg,330.153,248.486
2050,208_fs3-00011.jpg,330.486,249.167
2051,208_fs3-00011.jpg,330.833,249.840
2052,208_fs3-00011.jpg,331.207,250.500
2053,208_fs3-00011.jpg,331.500,251.199
2054,208_fs3-00011.jpg,331.833,251.879
2055,208_fs3-00011.jpg,332.206,252.539
2056,208_fs3-00011.jpg,332.742,253.075
2057,208_fs3-00011.jpg,332.981,253.795
2058,208_fs3-00011.jpg,333.415,254.415
2059,208_fs3-00011.jpg,333.951,254.951
2060,208_fs3-00011.jpg,334.167,255.678
2061,208_fs3-00011.jpg,334.784,256.117
2062,208_fs3-00011.jpg,335.167,256.772
2063,208_fs3-00011.jpg,335.500,257.452
2064,208_fs3-00011.jpg,335.810,258.144
2065,208_fs3-00011.jpg,336.167,258.813
2066,208_fs3-00011.jpg,336.833,259.173
2067,208_fs3-00011.jpg,336.926,259.926
2068,208_fs3-00011.jpg,337.461,260.461
2069,208_fs3-00011.jpg,337.804,261.137
2070,208_fs3-00011.jpg,338.167,261.803
2071,208_fs3-00011.jpg,338.489,262.489
2072,208_fs3-00011.jpg,338.833,261.814
2073,208_fs3-00012.jpg,388.167,217.167
2074,208_fs3-00012.jpg,387.874,216.540
2075,208_fs3-00012.jpg,387.582,215.913
2076,208_fs3-00012.jpg,387.289,215.286
2077,208_fs3-00012.jpg,386.997,214.659
2078,208_fs3-00012.jpg,386.704,214.033
2079,208_fs3-00012.jpg,386.412,213.406
2080,208_fs3-00012.jpg,386.119,212.779
2081,208_fs3-00012.jpg,385.833,212.149
2082,208_fs3-00012.jpg,385.336,211.669
2083,208_fs3-00012.jpg,384.846,211.180
2084,208_fs3-00012.jpg,384.822,210.488
2085,208_fs3-00012.jpg,384.500,209.876
2086,208_fs3-00012.jpg,383.888,209.554
2087,208_fs3-00012.jpg,383.500,208.982
2088,208_fs3-00012.jpg,383.315,208.315
2089,208_fs3-00012.jpg,382.826,207.826
2090,208_fs3-00012.jpg,382.337,207.337
2091,208_fs3-00012.jpg,381.848,206.848
2092,208_fs3-00012.jpg,381.359,206.359
2093,208_fs3-00012.jpg,380.870,205.870
2094,208_fs3-00012.jpg,380.576,205.243
2095,208_fs3-00012.jpg,379.889,205.167
2096,208_fs3-00012.jpg,379.536,204.572
2097,208_fs3-00012.jpg,379.268,203.934
2098,208_fs3-00012.jpg,378.761,203.464
2099,208_fs3-00012.jpg,378.167,203.109
2100,208_fs3-00012.jpg,377.835,202.502
2101,208_fs3-00012.jpg,377.217,202.192
2102,208_fs3-00012.jpg,376.878,201.589
2103,208_fs3-00012.jpg,376.616,200.949
2104,208_fs3-00012.jpg,376.022,200.594
2105,208_fs3-00012.jpg,375.605,200.043
2106,208_fs3-00012.jpg,375.062,199.614
2107,208_fs3-00012.jpg,374.623,199.079
2108,208_fs3-00012.jpg,374.199,198.533
2109,208_fs3-00012.jpg,373.573,198.239
2110,208_fs3-00012.jpg,373.084,197.750
2111,208_fs3-00012.jpg,372.595,197.261
2112,208_fs3-00012.jpg,371.996,196.915
2113,208_fs3-00012.jpg,371.593,196.352
2114,208_fs3-00012.jpg,371.136,195.833
2115,208_fs3-00012.jpg,370.609,195.385
2116,208_fs3-00012.jpg,370.178,194.844
2117,208_fs3-00012.jpg,369.578,194.500
2118,208_fs3-00012.jpg,369.051,194.051
2119,208_fs3-00012.jpg,368.758,193.425
2120,208_fs3-00012.jpg,368.116,193.167
2121,208_fs3-00012.jpg,367.507,192.840
2122,208_fs3-00012.jpg,366.971,192.402
2123,208_fs3-00012.jpg,366.379,192.045
2124,208_fs3-00012.jpg,365.738,191.785
2125,208_fs3-00012.jpg,365.108,191.500
2126,208_fs3-00012.jpg,364.501,191.168
2127,208_fs3-00012.jpg,363.874,190.874
2128,208_fs3-00012.jpg,363.248,190.581
2129,208_fs3-00012.jpg,362.561,190.500
2130,208_fs3-00012.jpg,361.869,190.500
2131,208_fs3-00012.jpg,361.232,190.232
2132,208_fs3-00012.jpg,360.543,190.167
2133,208_fs3-00012.jpg,359.916,189.875
2134,208_fs3-00012.jpg,359.245,189.706
2135,208_fs3-00012.jpg,358.585,189.500
2136,208_fs3-00012.jpg,357.979,189.167
2137,208_fs3-00012.jpg,357.287,189.167
2138,208_fs3-00012.jpg,356.595,189.167
2139,208_fs3-00012.jpg,355.989,188.833
2140,208_fs3-00012.jpg,355.383,188.500
2141,208_fs3-00012.jpg,354.692,188.500
2142,208_fs3-00012.jpg,354.016,188.350
2143,208_fs3-00012.jpg,353.349,188.167
2144,208_fs3-00012.jpg,352.658,188.167
2145,208_fs3-00012.jpg,352.052,187.833
2146,208_fs3-00012.jpg,351.360,187.833
2147,208_fs3-00012.jpg,350.668,187.833
2148,208_fs3-00012.jpg,349.977,187.833
2149,208_fs3-00012.jpg,349.285,187.833
2150,208_fs3-00012.jpg,348.593,187.833
2151,208_fs3-00012.jpg,347.940,187.606
2152,208_fs3-00012.jpg,347.256,187.500
2153,208_fs3-00012.jpg,346.565,187.500
2154,208_fs3-00012.jpg,345.873,187.500
2155,208_fs3-00012.jpg,345.181,187.500
2156,208_fs3-00012.jpg,344.550,187.217
2157,208_fs3-00012.jpg,343.860,187.167
2158,208_fs3-00012.jpg,343.168,187.167
2159,208_fs3-00012.jpg,342.477,187.167
2160,208_fs3-00012.jpg,341.871,186.833
2161,208_fs3-00012.jpg,341.179,186.833
2162,208_fs3-00012.jpg,340.487,186.833
2163,208_fs3-00012.jpg,339.796,186.833
2164,208_fs3-00012.jpg,339.104,186.833
2165,208_fs3-00012.jpg,338.412,186.833
2166,208_fs3-00012.jpg,337.728,186.938
2167,208_fs3-00012.jpg,337.102,187.231
2168,208_fs3-00012.jpg,336.546,187.643
2169,208_fs3-00012.jpg,335.881,187.833
2170,208_fs3-00012.jpg,335.275,188.167
2171,208_fs3-00012.jpg,334.618,188.382
2172,208_fs3-00012.jpg,334.094,188.833
2173,208_fs3-00012.jpg,333.488,189.167
2174,208_fs3-00012.jpg,332.833,189.391
2175,208_fs3-00012.jpg,332.264,189.784
2176,208_fs3-00012.jpg,331.752,190.248
2177,208_fs3-00012.jpg,331.117,190.525
2178,208_fs3-00012.jpg,330.498,190.833
2179,208_fs3-00012.jpg,330.010,191.323
2180,208_fs3-00012.jpg,329.341,191.500
2181,208_fs3-00012.jpg,328.735,191.833
2182,208_fs3-00012.jpg,328.053,191.947
2183,208_fs3-00012.jpg,327.564,192.436
2184,208_fs3-00012.jpg,327.165,193.001
2185,208_fs3-00012.jpg,326.600,193.400
2186,208_fs3-00012.jpg,325.973,193.693
2187,208_fs3-00012.jpg,325.484,194.183
2188,208_fs3-00012.jpg,324.870,194.500
2189,208_fs3-00012.jpg,324.552,195.115
2190,208_fs3-00012.jpg,324.063,195.604
2191,208_fs3-00012.jpg,323.500,196.005
2192,208_fs3-00012.jpg,323.325,196.675
2193,208_fs3-00012.jpg,323.032,197.301
2194,208_fs3-00012.jpg,322.833,197.964
2195,208_fs3-00012.jpg,322.500,198.570
2196,208_fs3-00012.jpg,322.500,199.262
2197,208_fs3-00012.jpg,322.500,199.953
2198,208_fs3-00012.jpg,322.167,200.559
2199,208_fs3-00012.jpg,322.167,201.251
2200,208_fs3-00012.jpg,322.167,201.943
2201,208_fs3-00012.jpg,322.167,202.634
2202,208_fs3-00012.jpg,322.167,203.326
2203,208_fs3-00012.jpg,322.167,204.018
2204,208_fs3-00012.jpg,322.167,204.710
2205,208_fs3-00012.jpg,322.167,205.401
2206,208_fs3-00012.jpg,321.833,206.007
2207,208_fs3-00012.jpg,321.833,206.699
2208,208_fs3-00012.jpg,321.833,207.391
2209,208_fs3-00012.jpg,321.500,207.997
2210,208_fs3-00012.jpg,321.500,208.688
2211,208_fs3-00012.jpg,321.500,209.380
2212,208_fs3-00012.jpg,321.167,209.986
2213,208_fs3-00012.jpg,321.080,210.673
2214,208_fs3-00012.jpg,320.833,211.319
2215,208_fs3-00012.jpg,320.833,212.010
2216,208_fs3-00012.jpg,320.833,212.702
2217,208_fs3-00012.jpg,320.833,213.394
2218,208_fs3-00012.jpg,320.500,214.000
2219,208_fs3-00012.jpg,320.500,214.692
2220,208_fs3-00012.jpg,320.310,215.357
2221,208_fs3-00012.jpg,320.167,216.033
2222,208_fs3-00012.jpg,320.167,216.725
2223,208_fs3-00012.jpg,319.833,217.331
2224,208_fs3-00012.jpg,319.833,218.023
2225,208_fs3-00012.jpg,319.833,218.714
2226,208_fs3-00012.jpg,319.833,219.406
2227,208_fs3-00012.jpg,319.833,220.098
2228,208_fs3-00012.jpg,319.833,220.790
2229,208_fs3-00012.jpg,319.833,221.481
2230,208_fs3-00012.jpg,319.833,222.173
2231,208_fs3-00012.jpg,319.500,222.779
2232,208_fs3-00012.jpg,319.500,223.471
2233,208_fs3-00012.jpg,319.500,224.162
2234,208_fs3-00012.jpg,319.500,224.854
2235,208_fs3-00012.jpg,319.500,225.546
2236,208_fs3-00012.jpg,319.500,226.238
2237,208_fs3-00012.jpg,319.500,226.929
2238,208_fs3-00012.jpg,319.388,227.612
2239,208_fs3-00012.jpg,319.167,228.267
2240,208_fs3-00012.jpg,319.167,228.959
2241,208_fs3-00012.jpg,319.167,229.651
2242,208_fs3-00012.jpg,319.167,230.342
2243,208_fs3-00012.jpg,319.500,230.948
2244,208_fs3-00012.jpg,319.500,231.640
2245,208_fs3-00012.jpg,319.883,232.216
2246,208_fs3-00012.jpg,320.372,232.705
2247,208_fs3-00012.jpg,320.833,233.221
2248,208_fs3-00012.jpg,321.162,233.829
2249,208_fs3-00012.jpg,321.456,234.456
2250,208_fs3-00012.jpg,321.833,235.035
2251,208_fs3-00012.jpg,322.167,235.641
2252,208_fs3-00012.jpg,322.550,236.217
2253,208_fs3-00012.jpg,322.843,236.843
2254,208_fs3-00012.jpg,323.167,237.455
2255,208_fs3-00012.jpg,323.500,238.061
2256,208_fs3-00012.jpg,323.833,238.667
2257,208_fs3-00012.jpg,324.167,239.273
2258,208_fs3-00012.jpg,324.572,239.833
2259,208_fs3-00012.jpg,324.833,239.193
2260,208_fs3-00012.jpg,324.833,238.501
2261,208_fs3-00012.jpg,324.215,238.191
2262,208_fs3-00013.jpg,389.500,230.500
2263,208_fs3-00013.jpg,389.447,229.712
2264,208_fs3-00013.jpg,389.395,228.923
2265,208_fs3-00013.jpg,389.342,228.135
2266,208_fs3-00013.jpg,389.290,227.346
2267,208_fs3-00013.jpg,389.237,226.558
2268,208_fs3-00013.jpg,389.185,225.769
2269,208_fs3-00013.jpg,389.167,224.979
2270,208_fs3-00013.jpg,388.833,224.263
2271,208_fs3-00013.jpg,388.833,223.473
2272,208_fs3-00013.jpg,388.833,222.682
2273,208_fs3-00013.jpg,388.833,221.892
2274,208_fs3-00013.jpg,388.506,221.173
2275,208_fs3-00013.jpg,388.500,220.383
2276,208_fs3-00013.jpg,388.167,219.666
2277,208_fs3-00013.jpg,387.917,218.917
2278,208_fs3-00013.jpg,387.816,218.133
2279,208_fs3-00013.jpg,387.500,217.409
2280,208_fs3-00013.jpg,387.500,216.619
2281,208_fs3-00013.jpg,387.215,215.882
2282,208_fs3-00013.jpg,387.131,215.096
2283,208_fs3-00013.jpg,386.833,214.364
2284,208_fs3-00013.jpg,386.607,213.607
2285,208_fs3-00013.jpg,386.240,212.907
2286,208_fs3-00013.jpg,386.167,212.120
2287,208_fs3-00013.jpg,385.833,211.404
2288,208_fs3-00013.jpg,385.500,210.687
2289,208_fs3-00013.jpg,385.167,209.971
2290,208_fs3-00013.jpg,384.833,209.254
2291,208_fs3-00013.jpg,384.798,208.465
2292,208_fs3-00013.jpg,384.239,207.906
2293,208_fs3-00013.jpg,383.873,207.206
2294,208_fs3-00013.jpg,383.500,206.509
2295,208_fs3-00013.jpg,383.167,205.793
2296,208_fs3-00013.jpg,382.833,205.077
2297,208_fs3-00013.jpg,382.444,204.389
2298,208_fs3-00013.jpg,382.042,203.709
2299,208_fs3-00013.jpg,381.833,202.946
2300,208_fs3-00013.jpg,381.334,202.334
2301,208_fs3-00013.jpg,380.915,201.664
2302,208_fs3-00013.jpg,380.399,201.066
2303,208_fs3-00013.jpg,379.956,200.411
2304,208_fs3-00013.jpg,379.500,199.766
2305,208_fs3-00013.jpg,379.257,199.014
2306,208_fs3-00013.jpg,378.657,198.500
2307,208_fs3-00013.jpg,378.193,197.860
2308,208_fs3-00013.jpg,377.823,197.162
2309,208_fs3-00013.jpg,377.167,196.722
2310,208_fs3-00013.jpg,376.960,195.960
2311,208_fs3-00013.jpg,376.327,195.487
2312,208_fs3-00013.jpg,375.854,194.854
2313,208_fs3-00013.jpg,375.295,194.295
2314,208_fs3-00013.jpg,374.891,193.616
2315,208_fs3-00013.jpg,374.241,193.167
2316,208_fs3-00013.jpg,373.646,192.646
2317,208_fs3-00013.jpg,373.088,192.088
2318,208_fs3-00013.jpg,372.529,191.529
2319,208_fs3-00013.jpg,371.830,191.160
2320,208_fs3-00013.jpg,371.396,190.500
2321,208_fs3-00013.jpg,370.734,190.068
2322,208_fs3-00013.jpg,370.175,189.509
2323,208_fs3-00013.jpg,369.550,189.025
2324,208_fs3-00013.jpg,368.904,188.571
2325,208_fs3-00013.jpg,368.537,187.871
2326,208_fs3-00013.jpg,367.748,187.833
2327,208_fs3-00013.jpg,367.145,187.323
2328,208_fs3-00013.jpg,366.514,186.847
2329,208_fs3-00013.jpg,365.810,186.488
2330,208_fs3-00013.jpg,365.114,186.114
2331,208_fs3-00013.jpg,364.555,185.555
2332,208_fs3-00013.jpg,363.867,185.167
2333,208_fs3-00013.jpg,363.292,184.625
2334,208_fs3-00013.jpg,362.592,184.258
2335,208_fs3-00013.jpg,361.926,183.833
2336,208_fs3-00013.jpg,361.155,183.661
2337,208_fs3-00013.jpg,360.406,183.406
2338,208_fs3-00013.jpg,359.754,182.960
2339,208_fs3-00013.jpg,359.112,182.500
2340,208_fs3-00013.jpg,358.358,182.262
2341,208_fs3-00013.jpg,357.651,181.909
2342,208_fs3-00013.jpg,356.927,181.594
2343,208_fs3-00013.jpg,356.262,181.167
2344,208_fs3-00013.jpg,355.472,181.167
2345,208_fs3-00013.jpg,354.771,180.802
2346,208_fs3-00013.jpg,354.041,180.500
2347,208_fs3-00013.jpg,353.324,180.167
2348,208_fs3-00013.jpg,352.608,179.833
2349,208_fs3-00013.jpg,351.817,179.833
2350,208_fs3-00013.jpg,351.027,179.833
2351,208_fs3-00013.jpg,350.311,179.500
2352,208_fs3-00013.jpg,349.567,179.234
2353,208_fs3-00013.jpg,348.779,179.167
2354,208_fs3-00013.jpg,348.063,178.833
2355,208_fs3-00013.jpg,347.273,178.833
2356,208_fs3-00013.jpg,346.556,178.500
2357,208_fs3-00013.jpg,345.766,178.500
2358,208_fs3-00013.jpg,344.976,178.500
2359,208_fs3-00013.jpg,344.186,178.500
2360,208_fs3-00013.jpg,343.396,178.500
2361,208_fs3-00013.jpg,342.605,178.500
2362,208_fs3-00013.jpg,341.815,178.500
2363,208_fs3-00013.jpg,341.025,178.500
2364,208_fs3-00013.jpg,340.235,178.500
2365,208_fs3-00013.jpg,339.445,178.500
2366,208_fs3-00013.jpg,338.654,178.500
2367,208_fs3-00013.jpg,337.864,178.500
2368,208_fs3-00013.jpg,337.079,178.588
2369,208_fs3-00013.jpg,336.379,178.954
2370,208_fs3-00013.jpg,335.679,179.321
2371,208_fs3-00013.jpg,334.979,179.688
2372,208_fs3-00013.jpg,334.202,179.833
2373,208_fs3-00013.jpg,333.488,180.172
2374,208_fs3-00013.jpg,332.782,180.526
2375,208_fs3-00013.jpg,332.075,180.879
2376,208_fs3-00013.jpg,331.339,181.167
2377,208_fs3-00013.jpg,330.561,181.303
2378,208_fs3-00013.jpg,329.975,181.833
2379,208_fs3-00013.jpg,329.232,182.102
2380,208_fs3-00013.jpg,328.549,182.500
2381,208_fs3-00013.jpg,327.759,182.500
2382,208_fs3-00013.jpg,327.086,182.914
2383,208_fs3-00013.jpg,326.527,183.473
2384,208_fs3-00013.jpg,325.827,183.840
2385,208_fs3-00013.jpg,325.268,184.398
2386,208_fs3-00013.jpg,324.833,185.058
2387,208_fs3-00013.jpg,324.174,185.493
2388,208_fs3-00013.jpg,323.500,185.906
2389,208_fs3-00013.jpg,323.087,186.580
2390,208_fs3-00013.jpg,322.528,187.139
2391,208_fs3-00013.jpg,322.167,187.841
2392,208_fs3-00013.jpg,321.833,188.558
2393,208_fs3-00013.jpg,321.430,189.237
2394,208_fs3-00013.jpg,321.063,189.937
2395,208_fs3-00013.jpg,320.833,190.693
2396,208_fs3-00013.jpg,320.564,191.436
2397,208_fs3-00013.jpg,320.167,192.119
2398,208_fs3-00013.jpg,320.167,192.909
2399,208_fs3-00013.jpg,319.833,193.626
2400,208_fs3-00013.jpg,319.833,194.416
2401,208_fs3-00013.jpg,319.500,195.132
2402,208_fs3-00013.jpg,319.500,195.922
2403,208_fs3-00013.jpg,319.310,196.690
2404,208_fs3-00013.jpg,319.167,197.467
2405,208_fs3-00013.jpg,319.081,198.252
2406,208_fs3-00013.jpg,318.833,199.002
2407,208_fs3-00013.jpg,318.833,199.793
2408,208_fs3-00013.jpg,318.500,200.509
2409,208_fs3-00013.jpg,318.500,201.299
2410,208_fs3-00013.jpg,318.276,202.057
2411,208_fs3-00013.jpg,318.167,202.840
2412,208_fs3-00013.jpg,318.167,203.630
2413,208_fs3-00013.jpg,318.167,204.420
2414,208_fs3-00013.jpg,318.167,205.210
2415,208_fs3-00013.jpg,318.167,206.001
2416,208_fs3-00013.jpg,317.917,206.750
2417,208_fs3-00013.jpg,317.833,207.536
2418,208_fs3-00013.jpg,317.833,208.326
2419,208_fs3-00013.jpg,317.551,209.064
2420,208_fs3-00013.jpg,317.219,209.781
2421,208_fs3-00013.jpg,317.104,210.563
2422,208_fs3-00013.jpg,316.833,211.305
2423,208_fs3-00013.jpg,316.833,212.096
2424,208_fs3-00013.jpg,316.833,212.886
2425,208_fs3-00013.jpg,316.833,213.676
2426,208_fs3-00013.jpg,316.833,214.466
2427,208_fs3-00013.jpg,316.833,215.256
2428,208_fs3-00013.jpg,316.833,216.047
2429,208_fs3-00013.jpg,316.833,216.837
2430,208_fs3-00013.jpg,316.833,217.627
2431,208_fs3-00013.jpg,316.833,218.417
2432,208_fs3-00013.jpg,316.833,219.207
2433,208_fs3-00013.jpg,316.833,219.998
2434,208_fs3-00013.jpg,316.833,220.788
2435,208_fs3-00013.jpg,316.833,221.578
2436,208_fs3-00013.jpg,316.833,222.368
2437,208_fs3-00013.jpg,316.833,223.158
2438,208_fs3-00013.jpg,316.833,223.949
2439,208_fs3-00013.jpg,316.833,224.739
2440,208_fs3-00013.jpg,316.833,225.529
2441,208_fs3-00013.jpg,316.833,226.319
2442,208_fs3-00013.jpg,316.833,227.109
2443,208_fs3-00013.jpg,316.833,227.900
2444,208_fs3-00013.jpg,316.833,228.690
2445,208_fs3-00013.jpg,316.833,229.480
2446,208_fs3-00013.jpg,317.038,230.243
2447,208_fs3-00013.jpg,317.392,230.950
2448,208_fs3-00013.jpg,317.877,230.326
2449,208_fs3-00013.jpg,318.068,229.560
2450,208_fs3-00013.jpg,318.167,228.776
2451,208_fs3-00014.jpg,392.500,238.500
2452,208_fs3-00014.jpg,392.401,237.757
2453,208_fs3-00014.jpg,392.302,237.015
2454,208_fs3-00014.jpg,392.203,236.272
2455,208_fs3-00014.jpg,392.104,235.529
2456,208_fs3-00014.jpg,392.005,234.786
2457,208_fs3-00014.jpg,391.906,234.044
2458,208_fs3-00014.jpg,391.833,233.298
2459,208_fs3-00014.jpg,391.500,232.627
2460,208_fs3-00014.jpg,391.500,231.877
2461,208_fs3-00014.jpg,391.500,231.128
2462,208_fs3-00014.jpg,391.500,230.379
2463,208_fs3-00014.jpg,391.500,229.630
2464,208_fs3-00014.jpg,391.167,228.959
2465,208_fs3-00014.jpg,390.918,228.252
2466,208_fs3-00014.jpg,390.582,227.582
2467,208_fs3-00014.jpg,390.500,226.837
2468,208_fs3-00014.jpg,390.167,226.166
2469,208_fs3-00014.jpg,389.833,225.495
2470,208_fs3-00014.jpg,389.500,224.824
2471,208_fs3-00014.jpg,389.413,224.080
2472,208_fs3-00014.jpg,388.883,223.550
2473,208_fs3-00014.jpg,388.833,222.802
2474,208_fs3-00014.jpg,388.833,222.053
2475,208_fs3-00014.jpg,388.658,221.324
2476,208_fs3-00014.jpg,388.322,220.655
2477,208_fs3-00014.jpg,388.167,219.922
2478,208_fs3-00014.jpg,387.833,219.251
2479,208_fs3-00014.jpg,387.555,218.555
2480,208_fs3-00014.jpg,387.500,217.808
2481,208_fs3-00014.jpg,387.167,217.137
2482,208_fs3-00014.jpg,387.167,216.387
2483,208_fs3-00014.jpg,386.833,215.716
2484,208_fs3-00014.jpg,386.655,214.988
2485,208_fs3-00014.jpg,386.319,214.319
2486,208_fs3-00014.jpg,386.167,213.585
2487,208_fs3-00014.jpg,386.167,212.836
2488,208_fs3-00014.jpg,385.833,212.165
2489,208_fs3-00014.jpg,385.500,211.494
2490,208_fs3-00014.jpg,385.416,210.749
2491,208_fs3-00014.jpg,385.115,210.063
2492,208_fs3-00014.jpg,384.833,209.369
2493,208_fs3-00014.jpg,384.833,208.619
2494,208_fs3-00014.jpg,384.833,207.870
2495,208_fs3-00014.jpg,384.385,207.270
2496,208_fs3-00014.jpg,384.167,206.553
2497,208_fs3-00014.jpg,383.833,205.882
2498,208_fs3-00014.jpg,383.500,205.211
2499,208_fs3-00014.jpg,383.194,204.527
2500,208_fs3-00014.jpg,382.910,203.833
2501,208_fs3-00014.jpg,382.524,203.191
2502,208_fs3-00014.jpg,382.167,202.533
2503,208_fs3-00014.jpg,382.167,201.783
2504,208_fs3-00014.jpg,381.798,201.131
2505,208_fs3-00014.jpg,381.461,200.461
2506,208_fs3-00014.jpg,380.932,199.932
2507,208_fs3-00014.jpg,380.595,199.262
2508,208_fs3-00014.jpg,380.500,198.519
2509,208_fs3-00014.jpg,379.837,198.170
2510,208_fs3-00014.jpg,379.500,197.501
2511,208_fs3-00014.jpg,379.164,196.831
2512,208_fs3-00014.jpg,378.634,196.301
2513,208_fs3-00014.jpg,378.298,195.631
2514,208_fs3-00014.jpg,377.962,194.962
2515,208_fs3-00014.jpg,377.432,194.432
2516,208_fs3-00014.jpg,376.995,193.823
2517,208_fs3-00014.jpg,376.634,193.167
2518,208_fs3-00014.jpg,376.196,192.559
2519,208_fs3-00014.jpg,375.544,192.189
2520,208_fs3-00014.jpg,375.446,191.446
2521,208_fs3-00014.jpg,374.916,190.916
2522,208_fs3-00014.jpg,374.386,190.386
2523,208_fs3-00014.jpg,374.050,189.717
2524,208_fs3-00014.jpg,373.520,189.187
2525,208_fs3-00014.jpg,372.851,188.851
2526,208_fs3-00014.jpg,372.514,188.181
2527,208_fs3-00014.jpg,371.851,187.833
2528,208_fs3-00014.jpg,371.500,187.171
2529,208_fs3-00014.jpg,371.167,186.500
2530,208_fs3-00014.jpg,370.497,186.164
2531,208_fs3-00014.jpg,370.167,185.491
2532,208_fs3-00014.jpg,369.494,185.161
2533,208_fs3-00014.jpg,368.964,184.631
2534,208_fs3-00014.jpg,368.434,184.101
2535,208_fs3-00014.jpg,367.735,183.833
2536,208_fs3-00014.jpg,367.256,183.256
2537,208_fs3-00014.jpg,366.638,182.833
2538,208_fs3-00014.jpg,365.967,182.500
2539,208_fs3-00014.jpg,365.296,182.167
2540,208_fs3-00014.jpg,364.833,181.577
2541,208_fs3-00014.jpg,364.197,181.182
2542,208_fs3-00014.jpg,363.450,181.117
2543,208_fs3-00014.jpg,362.921,180.587
2544,208_fs3-00014.jpg,362.391,180.057
2545,208_fs3-00014.jpg,361.676,179.833
2546,208_fs3-00014.jpg,360.974,179.570
2547,208_fs3-00014.jpg,360.410,179.077
2548,208_fs3-00014.jpg,359.702,178.833
2549,208_fs3-00014.jpg,359.031,178.500
2550,208_fs3-00014.jpg,358.307,178.307
2551,208_fs3-00014.jpg,357.726,177.833
2552,208_fs3-00014.jpg,357.055,177.500
2553,208_fs3-00014.jpg,356.384,177.167
2554,208_fs3-00014.jpg,355.634,177.167
2555,208_fs3-00014.jpg,354.897,177.032
2556,208_fs3-00014.jpg,354.175,176.833
2557,208_fs3-00014.jpg,353.502,176.502
2558,208_fs3-00014.jpg,352.757,176.424
2559,208_fs3-00014.jpg,352.053,176.167
2560,208_fs3-00014.jpg,351.304,176.167
2561,208_fs3-00014.jpg,350.633,175.833
2562,208_fs3-00014.jpg,349.884,175.833
2563,208_fs3-00014.jpg,349.134,175.833
2564,208_fs3-00014.jpg,348.385,175.833
2565,208_fs3-00014.jpg,347.636,175.833
2566,208_fs3-00014.jpg,346.887,175.833
2567,208_fs3-00014.jpg,346.137,175.833
2568,208_fs3-00014.jpg,345.388,175.833
2569,208_fs3-00014.jpg,344.639,175.833
2570,208_fs3-00014.jpg,343.889,175.833
2571,208_fs3-00014.jpg,343.140,175.833
2572,208_fs3-00014.jpg,342.391,175.833
2573,208_fs3-00014.jpg,341.641,175.833
2574,208_fs3-00014.jpg,340.892,175.833
2575,208_fs3-00014.jpg,340.143,175.833
2576,208_fs3-00014.jpg,339.472,176.167
2577,208_fs3-00014.jpg,338.723,176.167
2578,208_fs3-00014.jpg,338.051,176.500
2579,208_fs3-00014.jpg,337.323,176.677
2580,208_fs3-00014.jpg,336.756,177.167
2581,208_fs3-00014.jpg,336.007,177.167
2582,208_fs3-00014.jpg,335.288,177.378
2583,208_fs3-00014.jpg,334.549,177.500
2584,208_fs3-00014.jpg,333.878,177.833
2585,208_fs3-00014.jpg,333.207,178.167
2586,208_fs3-00014.jpg,332.524,178.476
2587,208_fs3-00014.jpg,331.775,178.500
2588,208_fs3-00014.jpg,331.059,178.720
2589,208_fs3-00014.jpg,330.355,178.978
2590,208_fs3-00014.jpg,329.686,179.314
2591,208_fs3-00014.jpg,329.016,179.650
2592,208_fs3-00014.jpg,328.290,179.833
2593,208_fs3-00014.jpg,327.702,180.298
2594,208_fs3-00014.jpg,327.177,180.833
2595,208_fs3-00014.jpg,326.506,181.167
2596,208_fs3-00014.jpg,326.166,181.834
2597,208_fs3-00014.jpg,325.636,182.364
2598,208_fs3-00014.jpg,325.021,182.792
2599,208_fs3-00014.jpg,324.833,183.517
2600,208_fs3-00014.jpg,324.295,184.038
2601,208_fs3-00014.jpg,323.765,184.568
2602,208_fs3-00014.jpg,323.314,185.167
2603,208_fs3-00014.jpg,322.833,185.741
2604,208_fs3-00014.jpg,322.500,186.412
2605,208_fs3-00014.jpg,322.167,187.083
2606,208_fs3-00014.jpg,322.167,187.833
2607,208_fs3-00014.jpg,321.833,188.504
2608,208_fs3-00014.jpg,321.500,189.175
2609,208_fs3-00014.jpg,321.167,189.846
2610,208_fs3-00014.jpg,320.833,190.517
2611,208_fs3-00014.jpg,320.833,191.266
2612,208_fs3-00014.jpg,320.500,191.937
2613,208_fs3-00014.jpg,320.260,192.647
2614,208_fs3-00014.jpg,319.833,193.263
2615,208_fs3-00014.jpg,319.500,193.934
2616,208_fs3-00014.jpg,319.335,194.665
2617,208_fs3-00014.jpg,319.167,195.395
2618,208_fs3-00014.jpg,318.743,196.014
2619,208_fs3-00014.jpg,318.500,196.722
2620,208_fs3-00014.jpg,318.167,197.393
2621,208_fs3-00014.jpg,318.167,198.143
2622,208_fs3-00014.jpg,317.649,198.684
2623,208_fs3-00014.jpg,317.500,199.419
2624,208_fs3-00014.jpg,317.167,200.090
2625,208_fs3-00014.jpg,317.167,200.839
2626,208_fs3-00014.jpg,317.167,201.588
2627,208_fs3-00014.jpg,317.012,202.321
2628,208_fs3-00014.jpg,316.833,203.049
2629,208_fs3-00014.jpg,316.833,203.798
2630,208_fs3-00014.jpg,316.833,204.548
2631,208_fs3-00014.jpg,316.833,205.297
2632,208_fs3-00014.jpg,316.833,206.046
2633,208_fs3-00014.jpg,316.833,206.796
2634,208_fs3-00014.jpg,316.833,207.545
2635,208_fs3-00014.jpg,317.500,207.203
2636,208_fs3-00015.jpg,392.167,246.833
2637,208_fs3-00015.jpg,392.110,246.103
2638,208_fs3-00015.jpg,392.054,245.372
2639,208_fs3-00015.jpg,391.998,244.641
2640,208_fs3-00015.jpg,391.942,243.910
2641,208_fs3-00015.jpg,391.886,243.180
2642,208_fs3-00015.jpg,391.787,242.453
2643,208_fs3-00015.jpg,391.500,241.779
2644,208_fs3-00015.jpg,391.500,241.046
2645,208_fs3-00015.jpg,391.333,240.333
2646,208_fs3-00015.jpg,390.833,239.796
2647,208_fs3-00015.jpg,390.833,239.063
2648,208_fs3-00015.jpg,390.443,238.443
2649,208_fs3-00015.jpg,390.167,237.764
2650,208_fs3-00015.jpg,390.167,237.031
2651,208_fs3-00015.jpg,390.167,236.298
2652,208_fs3-00015.jpg,389.833,235.645
2653,208_fs3-00015.jpg,389.833,234.913
2654,208_fs3-00015.jpg,389.833,234.180
2655,208_fs3-00015.jpg,389.518,233.518
2656,208_fs3-00015.jpg,389.500,232.785
2657,208_fs3-00015.jpg,389.394,232.060
2658,208_fs3-00015.jpg,389.167,231.363
2659,208_fs3-00015.jpg,388.986,230.653
2660,208_fs3-00015.jpg,388.833,229.936
2661,208_fs3-00015.jpg,388.833,229.203
2662,208_fs3-00015.jpg,388.833,228.470
2663,208_fs3-00015.jpg,388.833,227.738
2664,208_fs3-00015.jpg,388.604,227.041
2665,208_fs3-00015.jpg,388.500,226.316
2666,208_fs3-00015.jpg,388.500,225.583
2667,208_fs3-00015.jpg,388.167,224.930
2668,208_fs3-00015.jpg,388.167,224.197
2669,208_fs3-00015.jpg,388.167,223.465
2670,208_fs3-00015.jpg,388.071,222.738
2671,208_fs3-00015.jpg,387.833,222.045
2672,208_fs3-00015.jpg,387.833,221.312
2673,208_fs3-00015.jpg,387.500,220.659
2674,208_fs3-00015.jpg,387.500,219.926
2675,208_fs3-00015.jpg,387.500,219.193
2676,208_fs3-00015.jpg,387.500,218.460
2677,208_fs3-00015.jpg,387.448,217.729
2678,208_fs3-00015.jpg,387.167,217.053
2679,208_fs3-00015.jpg,387.079,216.325
2680,208_fs3-00015.jpg,386.833,215.634
2681,208_fs3-00015.jpg,386.605,214.938
2682,208_fs3-00015.jpg,386.500,214.213
2683,208_fs3-00015.jpg,386.480,213.480
2684,208_fs3-00015.jpg,386.167,212.818
2685,208_fs3-00015.jpg,386.167,212.085
2686,208_fs3-00015.jpg,386.167,211.352
2687,208_fs3-00015.jpg,385.915,210.663
2688,208_fs3-00015.jpg,385.587,210.008
2689,208_fs3-00015.jpg,385.500,209.280
2690,208_fs3-00015.jpg,385.167,208.627
2691,208_fs3-00015.jpg,384.891,207.948
2692,208_fs3-00015.jpg,384.833,207.218
2693,208_fs3-00015.jpg,384.526,206.552
2694,208_fs3-00015.jpg,384.198,205.897
2695,208_fs3-00015.jpg,383.896,205.229
2696,208_fs3-00015.jpg,383.572,204.572
2697,208_fs3-00015.jpg,383.500,203.843
2698,208_fs3-00015.jpg,383.176,203.185
2699,208_fs3-00015.jpg,382.833,202.537
2700,208_fs3-00015.jpg,382.500,201.885
2701,208_fs3-00015.jpg,382.211,201.211
2702,208_fs3-00015.jpg,382.148,200.481
2703,208_fs3-00015.jpg,381.629,199.963
2704,208_fs3-00015.jpg,381.251,199.335
2705,208_fs3-00015.jpg,380.833,198.733
2706,208_fs3-00015.jpg,380.500,198.080
2707,208_fs3-00015.jpg,380.275,197.383
2708,208_fs3-00015.jpg,379.813,196.813
2709,208_fs3-00015.jpg,379.500,196.151
2710,208_fs3-00015.jpg,378.974,195.640
2711,208_fs3-00015.jpg,378.833,194.921
2712,208_fs3-00015.jpg,378.361,194.361
2713,208_fs3-00015.jpg,378.037,193.703
2714,208_fs3-00015.jpg,377.519,193.185
2715,208_fs3-00015.jpg,377.167,192.542
2716,208_fs3-00015.jpg,376.856,191.879
2717,208_fs3-00015.jpg,376.500,191.238
2718,208_fs3-00015.jpg,376.019,190.685
2719,208_fs3-00015.jpg,375.500,190.167
2720,208_fs3-00015.jpg,375.176,189.510
2721,208_fs3-00015.jpg,374.852,188.852
2722,208_fs3-00015.jpg,374.517,188.201
2723,208_fs3-00015.jpg,374.007,187.674
2724,208_fs3-00015.jpg,373.500,187.145
2725,208_fs3-00015.jpg,373.152,186.500
2726,208_fs3-00015.jpg,372.833,185.840
2727,208_fs3-00015.jpg,372.508,185.183
2728,208_fs3-00015.jpg,371.854,184.854
2729,208_fs3-00015.jpg,371.500,184.212
2730,208_fs3-00015.jpg,371.005,183.671
2731,208_fs3-00015.jpg,370.487,183.153
2732,208_fs3-00015.jpg,370.163,182.496
2733,208_fs3-00015.jpg,369.644,181.978
2734,208_fs3-00015.jpg,369.020,181.593
2735,208_fs3-00015.jpg,368.636,180.969
2736,208_fs3-00015.jpg,368.118,180.451
2737,208_fs3-00015.jpg,367.599,179.933
2738,208_fs3-00015.jpg,366.873,179.833
2739,208_fs3-00015.jpg,366.514,179.195
2740,208_fs3-00015.jpg,366.167,178.549
2741,208_fs3-00015.jpg,365.442,178.442
2742,208_fs3-00015.jpg,364.923,177.923
2743,208_fs3-00015.jpg,364.405,177.405
2744,208_fs3-00015.jpg,363.712,177.167
2745,208_fs3-00015.jpg,363.173,176.670
2746,208_fs3-00015.jpg,362.577,176.244
2747,208_fs3-00015.jpg,362.059,175.726
2748,208_fs3-00015.jpg,361.541,175.207
2749,208_fs3-00015.jpg,360.910,174.833
2750,208_fs3-00015.jpg,360.258,174.500
2751,208_fs3-00015.jpg,359.696,174.029
2752,208_fs3-00015.jpg,359.178,173.511
2753,208_fs3-00015.jpg,358.470,173.319
2754,208_fs3-00015.jpg,357.882,172.882
2755,208_fs3-00015.jpg,357.152,172.818
2756,208_fs3-00015.jpg,356.633,172.300
2757,208_fs3-00015.jpg,355.976,171.976
2758,208_fs3-00015.jpg,355.257,171.833
2759,208_fs3-00015.jpg,354.524,171.833
2760,208_fs3-00015.jpg,353.859,171.526
2761,208_fs3-00015.jpg,353.127,171.500
2762,208_fs3-00015.jpg,352.474,171.167
2763,208_fs3-00015.jpg,351.741,171.167
2764,208_fs3-00015.jpg,351.088,170.833
2765,208_fs3-00015.jpg,350.355,170.833
2766,208_fs3-00015.jpg,349.703,170.500
2767,208_fs3-00015.jpg,348.970,170.500
2768,208_fs3-00015.jpg,348.237,170.500
2769,208_fs3-00015.jpg,347.504,170.500
2770,208_fs3-00015.jpg,346.771,170.500
2771,208_fs3-00015.jpg,346.038,170.500
2772,208_fs3-00015.jpg,345.305,170.500
2773,208_fs3-00015.jpg,344.572,170.500
2774,208_fs3-00015.jpg,343.840,170.500
2775,208_fs3-00015.jpg,343.107,170.500
2776,208_fs3-00015.jpg,342.374,170.500
2777,208_fs3-00015.jpg,341.721,170.833
2778,208_fs3-00015.jpg,341.006,170.994
2779,208_fs3-00015.jpg,340.349,171.318
2780,208_fs3-00015.jpg,339.691,171.642
2781,208_fs3-00015.jpg,338.984,171.833
2782,208_fs3-00015.jpg,338.283,172.050
2783,208_fs3-00015.jpg,337.590,172.288
2784,208_fs3-00015.jpg,336.977,172.689
2785,208_fs3-00015.jpg,336.421,173.167
2786,208_fs3-00015.jpg,335.688,173.167
2787,208_fs3-00015.jpg,335.248,173.752
2788,208_fs3-00015.jpg,334.519,173.833
2789,208_fs3-00015.jpg,334.167,174.476
2790,208_fs3-00015.jpg,333.464,174.685
2791,208_fs3-00015.jpg,332.764,174.902
2792,208_fs3-00015.jpg,332.246,175.421
2793,208_fs3-00015.jpg,331.607,175.780
2794,208_fs3-00015.jpg,330.876,175.833
2795,208_fs3-00015.jpg,330.337,176.330
2796,208_fs3-00015.jpg,329.680,176.654
2797,208_fs3-00015.jpg,329.022,176.978
2798,208_fs3-00015.jpg,328.365,177.302
2799,208_fs3-00015.jpg,327.707,177.626
2800,208_fs3-00015.jpg,327.383,178.283
2801,208_fs3-00015.jpg,326.683,178.500
2802,208_fs3-00015.jpg,326.167,179.020
2803,208_fs3-00015.jpg,325.564,179.436
2804,208_fs3-00015.jpg,324.948,179.833
2805,208_fs3-00015.jpg,324.375,180.291
2806,208_fs3-00015.jpg,323.857,180.810
2807,208_fs3-00015.jpg,323.217,181.167
2808,208_fs3-00015.jpg,322.833,181.791
2809,208_fs3-00015.jpg,322.204,182.167
2810,208_fs3-00015.jpg,321.667,182.666
2811,208_fs3-00015.jpg,321.149,183.184
2812,208_fs3-00015.jpg,320.825,183.841
2813,208_fs3-00015.jpg,320.307,184.360
2814,208_fs3-00015.jpg,319.924,184.985
2815,208_fs3-00015.jpg,319.500,185.582
2816,208_fs3-00015.jpg,319.123,186.211
2817,208_fs3-00015.jpg,318.474,186.552
2818,208_fs3-00015.jpg,318.167,187.217
2819,208_fs3-00015.jpg,318.167,187.950
2820,208_fs3-00015.jpg,317.682,188.500
2821,208_fs3-00015.jpg,318.101,187.899
2822,208_fs3-00015.jpg,318.167,187.169
